Drug_ID,Drug,Y,split,d3d_asphericity,d3d_eccentricity,d3d_inertial_shape_factor,d3d_npr1,d3d_npr2,d3d_pmi1,d3d_pmi2,d3d_pmi3,d3d_radius_of_gyration,d3d_spherocity_index
nelfinavir,Cc1c(O)cccc1C(=O)N[C@@H](CSc1ccccc1)[C@H](O)CN1C[C@H]2CCCC[C@H]2C[C@H]1C(=O)NC(C)(C)C,1,train,0.1168133556013322,0.8413173771032587,0.0001395572455301,0.5405414609297728,0.8885212134177726,6366.715035413967,10465.360712609883,11778.402760192952,5.019395286727776,0.6764584459532431
fluphenazine,OCCN1CCN(CCCN2c3ccccc3Sc3ccc(C(F)(F)F)cc32)CC1,0,train,0.3312542294200924,0.9458426967880442,0.0002422099150783,0.3246253116020372,0.7165752144671742,2958.4883601297192,6530.54261448813,9113.54800255555,4.610703193343482,0.1155885353451969
trifluoperazine,CN1CCN(CCCN2c3ccccc3Sc3ccc(C(F)(F)F)cc32)CC1,0,train,0.1608089297042092,0.8630226298847776,0.0001942908420295,0.5051652603918467,0.6707525518167,3452.3117240628176,4583.939316780502,6834.024416851087,4.271476663471721,0.3056573137190842
perphenazine,OCCN1CCN(CCCN2c3ccccc3Sc3ccc(Cl)cc32)CC1,1,train,0.4451726269771583,0.9702467628063208,0.0003664106419199,0.2421181927568747,0.7878012547731879,2150.050147684389,6995.807233171846,8880.167670189832,4.7234094310779335,0.1104568326591652
oxiconazole,Clc1ccc(CO/N=C(\Cn2ccnc2)c2ccc(Cl)cc2Cl)c(Cl)c1,0,train,0.5241524339435605,0.98048935001096,0.0005342421166843,0.1965722119606048,0.9128853661439434,1708.748407575068,7935.462495633234,8692.72615153519,4.622234096639288,0.2590758938051607
timolol,CC(C)(C)NC[C@H](O)COc1nsnc1N1CCOCC1,0,train,0.4676703483209068,0.9738627598094244,0.0008551492047391,0.22713723837445,0.8312045911411726,971.999490305018,3557.014449548279,4279.3488961181065,3.730747298891317,0.1711561057632024
amitriptyline,CN(C)CCC=C1c2ccccc2CCc2ccccc21,1,train,0.2588189827101217,0.9261289486735312,0.000645716508622,0.3772070657196915,0.763461202573742,1182.3473496178497,2393.0525470854063,3134.478266895643,3.47760683243933,0.2755207401756768
nortriptyline,CNCCC=C1c2ccccc2CCc2ccccc21,0,train,0.1787862241191004,0.8715958803085694,0.0004759068589859,0.4902250722159463,0.6479500786206583,1361.5060728507735,1799.5570135946753,2777.308118282094,3.3575615167746857,0.2568422756057516
galanthamine,COc1ccc2c3c1O[C@H]1C[C@@H](O)C=C[C@@]31CCN(C)C2,0,train,0.1738507240962535,0.846377673256681,0.0003983219095147,0.5325831711691676,0.5883711002692803,1477.1246226101778,1631.852988392566,2773.5097587997006,3.1992862687205963,0.2278307220512397
sulfatroxazole,Cc1onc(NS(=O)(=O)c2ccc(N)cc2)c1C,0,train,0.5413278180256644,0.9821843497957408,0.001722790896401,0.187919937782871,0.9248568220275784,536.8363763470361,2642.0655031867327,2856.7292150091844,3.3599958644785684,0.1007488968250169
sulfamethoxazole,Cc1cc(NS(=O)(=O)c2ccc(N)cc2)no1,1,train,0.2668555559865848,0.9296797287965086,0.0009499027612857,0.3683688394325045,0.785352586342814,826.771558469632,1762.6550138146958,2244.412311701842,3.0890722554328387,0.2604235781326831
sulfamoxol,Cc1onc(NS(=O)(=O)c2ccc(N)cc2)c1C,0,train,0.5413278180256644,0.9821843497957408,0.001722790896401,0.187919937782871,0.9248568220275784,536.8363763470361,2642.0655031867327,2856.7292150091844,3.3599958644785684,0.1007488968250169
tamsulosin,CCOc1ccccc1OCCN[C@H](C)Cc1ccc(OC)c(S(N)(=O)=O)c1,0,train,0.7231331868459112,0.9947053292790048,0.0007275756902123,0.1027682241937987,0.924653888497912,1270.8696853629947,11434.610314264042,12366.368061069224,5.539512085073375,0.0729126705585589
dofetilide,CN(CCOc1ccc(NS(C)(=O)=O)cc1)CCc1ccc(NS(C)(=O)=O)cc1,0,train,0.8534084673379342,0.9986679691665716,0.0009179090468478,0.0515973580788339,0.9709008471358356,1057.7309924877704,19903.18797096468,20499.712230841316,6.851737530683142,0.0481274121840775
pranidipine,COC(=O)C1=C(C)NC(C)=C(C(=O)OC/C=C/c2ccccc2)[C@H]1c1cccc([N+](=O)[O-])c1,0,train,0.3441282239796422,0.9515775669000252,0.0003420396489652,0.3074087412105059,0.8880281059045507,2596.272416343912,7499.991272919993,8445.668806034531,4.546669442142061,0.28030134499362
cilnidipine,COCCOC(=O)C1=C(C)NC(C)=C(C(=O)OC/C=C/c2ccccc2)[C@H]1c1cccc([N+](=O)[O-])c1,0,train,0.3892063469562807,0.9604386825081608,0.0003105017140125,0.2784915387260238,0.9274114146344568,2986.815765523018,9946.467483456638,10724.978500913836,4.900732027380167,0.3134364314295464
sulfisoxazole,Cc1noc(NS(=O)(=O)c2ccc(N)cc2)c1C,0,train,0.3826325106623065,0.9601559707682118,0.0011707318238512,0.2794646879270311,0.8586892498047022,733.4636611995146,2253.656322972969,2624.5307292312496,3.2398336728538317,0.1823556479192045
pioglitazone,CCc1ccc(CCOc2ccc(C[C@@H]3SC(=O)NC3=O)cc2)nc1,0,train,0.7524704643696172,0.9958797600322976,0.0009633842968449,0.090683535209062,0.9310499085969032,966.4366667030218,9922.42713215956,10657.245160050235,5.497584914557032,0.0592927551049353
domperidone,O=c1[nH]c2ccccc2n1CCCN1CCC(n2c(=O)[nH]c3cc(Cl)ccc32)CC1,0,train,0.7765808377177751,0.9966265825662948,0.0009395916505893,0.0820698173644128,0.990434932804601,1054.1121051717876,12721.235230956529,12844.0898130824,5.5901108444219565,0.1660571356102902
cifenline,c1ccc(C2(c3ccccc3)C[C@H]2C2=NCCN2)cc1,0,train,0.20419746207712,0.903844005112662,0.0007769406432173,0.4278621441795269,0.7925804230922904,1020.1299546000988,1889.709201959245,2384.2491523906865,3.1763993057621613,0.4122313074497791
abacavir,Nc1nc(NC2CC2)c2ncn([C@H]3C=C[C@@H](CO)C3)c2n1,0,train,0.3821796425819991,0.9592693473092796,0.0007558749856343,0.2824930429458898,0.771385854457462,1020.520415568548,2786.6704416696584,3612.55061337572,3.599474795184103,0.1373683702890858
hydrocodone,COc1ccc2c3c1O[C@H]1C(=O)CC[C@H]4[C@@H](C2)N(C)CC[C@]314,0,train,0.1758579015186342,0.8882185615937064,0.0007083007770167,0.459421143223086,0.7947957001054299,1122.116092337122,1941.253811158589,2442.4563581573,3.0324392900196866,0.438524008642693
oxycodone,COc1ccc2c3c1O[C@H]1C(=O)CC[C@@]4(O)[C@@H](C2)N(C)CC[C@]314,0,train,0.1823235676004923,0.8919640173980997,0.0006707718540778,0.4521063941895121,0.7912310496485218,1179.5829607910734,2064.3872243554374,2609.082676005288,3.046258295603114,0.4376068426798422
iloperidone,COc1cc(C(C)=O)ccc1OCCCN1CCC(c2noc3cc(F)ccc23)CC1,0,train,0.7975156663095587,0.9972904024312812,0.0008540821352994,0.073565299010153,0.9887732104857022,1157.7027192344708,15560.399398737034,15737.076241268209,6.16841513705747,0.1170695500648692
dextromethorphan,COc1ccc2c(c1)[C@@]13CCCC[C@H]1[C@@H](C2)N(C)CC3,1,train,0.1838661525574592,0.8933732616112361,0.0008095668910808,0.449315273987099,0.812516517821506,1003.643462662805,1814.9324953518392,2233.717660556588,3.0508522182353195,0.4418931951032967
gestodene,C#C[C@]1(O)C=C[C@H]2[C@@H]3CCC4=CC(=O)CC[C@@H]4[C@H]3CC[C@@]21CC,0,train,0.4791119592578064,0.9745141987098462,0.0011331637267291,0.2243258266738501,0.955553431211584,843.2615770095351,3592.013925761155,3759.0926979422784,3.632921388595269,0.403483725440116
montelukast,CC(C)(O)c1ccccc1CC[C@@H](SCC1(CC(=O)O)CC1)c1cccc(/C=C\c2ccc3ccc(Cl)cc3n2)c1,1,train,0.402787998406598,0.9639285357216304,0.0002051543552488,0.266161188045052,0.8427989125733899,4108.120987981037,13008.35755513792,15434.710891377865,5.26922371375086,0.2120430667491168
sulpiride,CCN1CCC[C@@H]1CNC(=O)c1cc(S(N)(=O)=O)ccc1OC,0,train,0.5789538184665377,0.9858097284709088,0.0008652879225312,0.1678665519158381,0.8773296426683324,1013.9164315408742,5299.08388792835,6040.014642400071,4.253228730638063,0.1241463208796924
remoxipride,CCN1CCC[C@H]1CNC(=O)c1c(OC)ccc(Br)c1OC,0,train,0.3781744945247516,0.9586707533058804,0.0005282269495827,0.284517814479051,0.779494131725552,1475.6803535700944,4042.9249676922136,5186.600903258199,3.796948160253854,0.2135881086688324
phenylbutazone,CCCCC1C(=O)N(c2ccccc2)N(c2ccccc2)C1=O,1,train,0.1868103782460569,0.8881937590449179,0.0004530731309282,0.4594690918806816,0.7088055289210053,1564.4395585076031,2413.401528694968,3404.885303827724,3.4597887541792764,0.2534895315582406
encainide,COc1ccc(C(=O)Nc2ccccc2CC[C@H]2CCCCN2C)cc1,0,train,0.3258316335199416,0.947218138637998,0.0004182145721853,0.3205897656432076,0.7919430744928295,1893.6285992011,4677.772703660985,5906.7032143146025,4.2072014149839925,0.2401527007880194
tenoxicam,CN1C(C(=O)Nc2ccccn2)=C(O)c2sccc2S1(=O)=O,1,train,0.4631492021870595,0.9733003548066582,0.0008410201489344,0.2295352246023108,0.8409803447530008,999.95267154837,3663.666628564016,4356.42360897275,3.656186575665212,0.0843447554752098
lornoxicam,CN1C(C(=O)Nc2ccccn2)=C(O)c2sc(Cl)cc2S1(=O)=O,1,train,0.5834563281043231,0.9861780933581428,0.0009402621647458,0.1656887690234264,0.8899765196511829,946.5195485045545,5084.111485195412,5712.635527944127,3.973827404125996,0.1306580991858187
miconazole,Clc1ccc(CO[C@@H](Cn2ccnc2)c2ccc(Cl)cc2Cl)c(Cl)c1,0,train,0.3491334533739604,0.953022132728593,0.0003580458867502,0.3029006677599837,0.8087739698382103,2258.8556376918937,6031.362211572013,7457.413859126235,4.349862254250042,0.2039541170068107
econazole,Clc1ccc(CO[C@@H](Cn2ccnc2)c2ccc(Cl)cc2Cl)cc1,0,train,0.3075036543126477,0.9417428313773594,0.00046054770453,0.3363338215959769,0.903135520901942,1961.003196886036,5265.755419142862,5830.526313353354,4.135766887834382,0.3999824485173133
isoconazole,Clc1ccc([C@@H](Cn2ccnc2)OCc2c(Cl)cccc2Cl)c(Cl)c1,0,train,0.210969344756819,0.9071013473479572,0.0003484078993362,0.4209122778436388,0.7903061905354629,2268.336028089522,4259.034719532988,5389.094468116627,3.7839170264020017,0.3868557474134209
azimilide,CN1CCN(CCCCN2C(=O)CN(/N=C\c3ccc(-c4ccc(Cl)cc4)o3)C2=O)CC1,0,train,0.7896467725585075,0.9970973139459698,0.0007424978215462,0.0761376813524812,0.9660989314818972,1301.147159556611,16510.049402855653,17089.398264348478,6.1728638040380535,0.1017941722559749
benzphetamine,C[C@@H](Cc1ccccc1)N(C)Cc1ccccc1,0,train,0.6114386637393409,0.988053001640368,0.0019181739547796,0.1541144573018996,0.9592962616981952,500.10910601087727,3112.964249016939,3245.0499113863016,3.7849490963725287,0.2736843498507985
rebamipide,O=C(N[C@H](Cc1cc(=O)[nH]c2ccccc12)C(=O)O)c1ccc(Cl)cc1,0,train,0.6012606091791634,0.9875874970449722,0.0007351900255862,0.1570698433196108,0.8873205906385722,1206.9268621144172,6818.183767903543,7684.013917671791,4.602521393853598,0.092392369060282
estradiole,C[C@]12CC[C@@H]3c4ccc(O)cc4CC[C@H]3[C@@H]1CC[C@@H]2O,1,train,0.5842693857341531,0.9862454044875768,0.0016506024767609,0.1652876345258043,0.8894480905097885,538.8626898556319,2899.735312409196,3260.151259358158,3.5066133171692786,0.1960289742298673
ethinylestradiol,C#C[C@]1(O)CC[C@H]2[C@@H]3CCc4cc(O)ccc4[C@H]3CC[C@@]21C,0,train,0.5087621776484617,0.9785790696396378,0.0012834600469363,0.2058713298718908,0.9325228924381654,726.569474962734,3291.097739404257,3529.240693276048,3.5679856721157965,0.3336379507122471
mestranol,C#C[C@]1(O)CC[C@H]2[C@@H]3CCc4cc(OC)ccc4[C@H]3CC[C@@]21C,1,train,0.6069128053668499,0.9878319740615448,0.0013667551589873,0.1555248887531232,0.9422425298496214,689.4011144964044,4176.714450092771,4432.738194018221,3.870017885058907,0.227892599562907
loratadine,CCOC(=O)N1CCC(=C2c3ccc(Cl)cc3CCc3cccnc32)CC1,0,train,0.3428105202951602,0.9509494201356804,0.00035870173201,0.3093464083250578,0.774108008251546,2158.082716561564,5400.383092872768,6976.265631291489,4.356632519727662,0.2128927029829351
desloratadine,Clc1ccc2c(c1)CCc1cccnc1C2=C1CCNCC1,0,train,0.2120591867256563,0.9033353222852222,0.0004640602127362,0.4289350714407179,0.7190755351059683,1549.5306759140756,2597.6649477589326,3612.506365379433,3.5330310677973875,0.3657514246822465
azatadine,CN1CCC(=C2c3ccccc3CCc3cccnc32)CC1,0,train,0.1245324975427059,0.8333713652746547,0.0004510117532333,0.5527134588014462,0.6929537099908423,1536.4426869654596,1926.285027380679,2779.81775637818,3.2783859209410213,0.4194636228698013
nalidixic-acid,CCn1cc(C(=O)O)c(=O)c2ccc(C)nc21,0,train,0.3558439965754519,0.9521338186154936,0.0011492456870639,0.3056815196387871,0.724631855901278,630.5282360924269,1494.6956769179824,2062.69661586837,3.0027324799303767,0.0952412270121093
capravirine,CC(C)c1nc(COC(N)=O)n(Cc2ccncc2)c1Sc1cc(Cl)cc(Cl)c1,0,train,0.3973468874352204,0.960447732791978,0.000470282366318,0.2784603249562658,0.9803964386364754,2084.697426170036,7339.7527370289745,7486.5150950946145,4.328112350592125,0.3899063993291866
spironolactone,CC(=O)S[C@@H]1CC2=CC(=O)CC[C@]2(C)[C@H]2CC[C@@]3(C)[C@@H](CC[C@@]34CCC(=O)O4)[C@@H]21,0,train,0.3648329580624714,0.9565389840276202,0.0004361467386956,0.2916044787643154,0.8207481677798492,1881.8165882300889,5296.549365196434,6453.318536822049,4.044911215180307,0.3004160230062604
liarozol,Clc1cccc([C@H](c2ccc3nc[nH]c3c2)n2ccnc2)c1,0,train,0.3547159459775438,0.9543728946434088,0.0006811054220407,0.298617444182286,0.8214986214464199,1206.1255054834423,3318.059474921962,4039.032310340126,3.723784405986849,0.3323466361402691
rofecoxib,CS(=O)(=O)c1ccc(C2=C(c3ccccc3)C(=O)OC2)cc1,0,train,0.426740520853578,0.9678429301604358,0.0007481033927185,0.2515552872401247,0.8205109200806778,1096.7881285753806,3577.450692387618,4360.0281298338605,3.790674032762424,0.20932254033442
itraconazole,CC[C@H](C)n1ncn(-c2ccc(N3CCN(c4ccc(OC[C@H]5CO[C@](Cn6cncn6)(c6ccc(Cl)cc6Cl)O5)cc4)CC3)cc2)c1=O,0,train,0.8911609405750243,0.999285177617636,0.0004553981578059,0.0378038859601722,0.9845182799748716,2161.8846345759466,56301.48562449843,57186.83621185321,9.052415063686237,0.0463043843749199
suprofen,C[C@H](C(=O)O)c1cccc(C(=O)c2cccs2)c1,1,train,0.2674373843608649,0.9294157391131694,0.000845669421803,0.3690343939102708,0.7698498211350407,910.3436890192892,1899.0856617373076,2466.826138814138,3.183458171261079,0.2625178563806785
ticrynafen,O=C(O)COc1ccc(C(=O)c2cccs2)c(Cl)c1Cl,1,train,0.3395933733798,0.9507471090250924,0.000736458910875,0.3099676348918211,0.8719216450940401,1183.9379389924638,3330.3512988245698,3819.5534169419298,3.5471391224978803,0.2325978040658514
ziprasidone,O=C1Cc2cc(CCN3CCN(c4nsc5ccccc45)CC3)c(Cl)cc2N1,0,train,0.6391768817466105,0.9901106886953392,0.0006415564885084,0.1402883606406503,0.9451034890512642,1473.141501925278,9924.352718769824,10500.810581846776,5.14924574198395,0.1459716106324808
valspodar,C/C=C/C[C@@H](C)C(=O)[C@H]1C(=O)N[C@@H](C(C)C)C(=O)N(C)CC(=O)N(C)[C@@H](CC(C)C)C(=O)N[C@H](C(C)C)C(=O)N(C)[C@@H](CC(C)C)C(=O)N[C@@H](C)C(=O)N[C@H](C)C(=O)N(C)[C@@H](CC(C)C)C(=O)N(C)[C@@H](CC(C)C)C(=O)N(C)[C@@H](C(C)C)C(=O)N1C,0,train,0.138796510936569,0.8346985669599155,2.489296598309897e-05,0.5507070930313712,0.6476824652876204,26018.694024945165,30600.390121869725,47245.97586300382,6.538752185491945,0.3267718034106887
quinelorane,CCCN1CCC[C@@H]2Cc3nc(N)ncc3C[C@H]21,0,train,0.4932805661017958,0.9770434783786344,0.0013555526209245,0.2130399994315126,0.8248425667172751,608.4917353888258,2355.942011752212,2856.2323367093395,3.4370670955238976,0.1408422062599431
norlastemizole,Fc1ccc(Cn2c(NC3CCNCC3)nc3ccccc32)cc1,0,train,0.2409469390953267,0.916923416199676,0.0003928830421051,0.3990632140710489,0.7236696318513015,1841.9467228053556,3340.224956302145,4615.676559146383,3.886045894929645,0.2554168684990069
abiraterone,C[C@]12CC[C@H]3[C@@H](CC=C4C[C@@H](O)CC[C@@]43C)[C@@H]1CC=C2c1cccnc1,0,train,0.6014821134955971,0.987407368546306,0.0010284504297665,0.1581982570714969,0.942943003994581,916.8579998635344,5464.945395934782,5795.626430000205,4.173765516878561,0.2550611136368229
ebrotidine,NC(N)=Nc1nc(CSCC/N=C/NS(=O)(=O)c2ccc(Br)cc2)cs1,0,train,0.4863789859073392,0.9763043587621378,0.0003538339353755,0.216401938674428,0.8414688436500056,2378.1462418433425,9247.310723797114,10989.486768975814,4.866599770628947,0.1597720204490791
sufentanil,CCC(=O)N(c1ccccc1)C1(COC)CCN(CCc2cccs2)CC1,0,train,0.2711933779647102,0.9312726272247422,0.0004147412087573,0.3643230623799792,0.8715600148701713,2101.4550675628398,5027.253004433229,5768.108814838293,4.084296393892677,0.3941086360239539
tegafur,O=c1[nH]c(=O)n([C@@H]2CCCO2)cc1F,1,train,0.4022209094401633,0.963451922132508,0.0021140861445049,0.2678813053185599,0.7953002238630351,376.1910203755032,1116.8558491385422,1404.3197972629828,2.690223252347833,0.1743687810281432
astemizole,COc1ccc(CCN2CCC(Nc3nc4ccccc4n3Cc3ccc(F)cc3)CC2)cc1,0,train,0.6210755936515538,0.9889896666932498,0.000392835940031,0.1479845910018155,0.9167679489702394,2333.717095481916,14457.431146162318,15770.000644548758,5.958361293436754,0.1346941579041874
avasimibe,CC(C)c1cc(C(C)C)c(CC(=O)NS(=O)(=O)Oc2c(C(C)C)cccc2C(C)C)c(C(C)C)c1,0,train,0.5215372931642821,0.9803104341092604,0.0004000940370714,0.197462535121256,0.8960399407021002,2239.5733444589305,10162.672962416382,11341.763353152905,4.864359893943905,0.1888895272585346
sulfasalazine,O=C(O)c1cc(/N=N\c2ccc(S(=O)(=O)Nc3ccccn3)cc2)ccc1O,0,train,0.4789855302839995,0.97511408461701,0.0006172092903146,0.2217036805773207,0.9138218828924464,1480.570524832176,6102.639979787508,6678.15040768264,4.230637578149246,0.221916804578562
fluperlapine,CN1CCN(C2=Nc3cc(F)ccc3Cc3ccccc32)CC1,0,train,0.3145725898203618,0.9438838567088446,0.0005960872143302,0.3302775575851883,0.7741438852109962,1298.709092562686,3044.069085487305,3932.174810962476,3.656924863330258,0.2239848711476713
biperiden,O[C@@](CCN1CCCCC1)(c1ccccc1)[C@@H]1C[C@@H]2C=C[C@H]1C2,0,train,0.2978386444532858,0.9391384107125172,0.0005409597573708,0.3435390014603395,0.7720639991754688,1427.2115229564774,3207.4921083168488,4154.438118785894,3.756218283442884,0.2389142687798383
R-(-)-apomorphine,CN1CCc2cccc3c2[C@@H]1Cc1ccc(O)c(O)c1-3,0,train,0.366657887303878,0.95570941685005,0.0009801435013005,0.2943119272882722,0.7560416336298196,771.3581048353124,1981.499176967028,2620.886322693213,3.170306478461363,0.1464778713611355
flurbiprofen,C[C@@H](C(=O)O)c1ccc(-c2ccccc2)c(F)c1,1,train,0.6438852354407922,0.9903605494199952,0.0023593437170407,0.138513472819524,0.95589261329587,405.15190999589805,2795.9859076842326,2925.000014430296,3.5411780429885527,0.166191708784116
abecarnil,COCc1c(C(=O)OC(C)C)ncc2[nH]c3ccc(OCc4ccccc4)cc3c12,0,train,0.5871420873878812,0.9864783202599968,0.000556822017221,0.1638918047280444,0.8904101153181608,1599.0928659071933,8687.73435925945,9757.003216607836,4.977764570347099,0.1304736668585778
tiagabine,Cc1ccsc1C(=CCCN1CCC[C@@H](C(=O)O)C1)c1sccc1C,0,train,0.4826390025627349,0.9755723671248584,0.0006095225808414,0.2196783023022537,0.915303330720758,1501.6725540458797,6256.812238465847,6835.780039758954,4.4079537247447815,0.2141548398539335
milnacipran,CCN(CC)C(=O)[C@]1(c2ccccc2)C[C@@H]1CN,0,train,0.1430079977296232,0.855770240116441,0.0006699224925217,0.5173560632012045,0.708869455706369,1058.136521193713,1449.834481885457,2045.277124320072,3.0399458795080903,0.3684326366248877
tranylcypromine,N[C@@H]1C[C@H]1c1ccccc1,0,train,0.5394510300328891,0.982194144095182,0.0059246245642221,0.1878687395633799,0.8549548604276225,144.30532283692,656.7060461028958,768.1177995460853,2.427012533796252,0.1391588634540693
ciprofibrate,CC(C)(Oc1ccc([C@@H]2CC2(Cl)Cl)cc1)C(=O)O,0,train,0.6539338773492193,0.9909269563366092,0.0017953953229993,0.1344015148927408,0.9682309078014928,539.285635535692,3885.023326379413,4012.496704118768,3.819499160246607,0.2566020314526432
apazone,CCC[C@H]1C(=O)N2C(N(C)C)=Nc3ccc(C)cc3N2C1=O,0,train,0.2304295766550949,0.8944109370476452,0.0003905871514929,0.4472461019277342,0.6062660472507709,1552.1914761748117,2104.0786868364817,3470.553392158159,3.444375661667297,0.1280877389909477
griseofulvin,COC1=CC(=O)C[C@@H](C)[C@]12Oc1c(Cl)c(OC)cc(OC)c1C2=O,0,train,0.2665704530879254,0.9294267382568726,0.0006288177651936,0.3690066912851185,0.8826367659002397,1403.644767619425,3357.414668687245,3803.846382110394,3.4841791336906223,0.4434417618316661
emedastine,CCOCCn1c(N2CCCN(C)CC2)nc2ccccc21,0,train,0.2504266117432741,0.910831973365426,0.0003733956619495,0.4127773204710304,0.6379894308930816,1708.615005225396,2640.838681629152,4139.314154362098,3.7462835016177047,0.1249725192141026
salmeterol,OCc1cc([C@H](O)CNCCCCCCOCCCCc2ccccc2)ccc1O,0,train,0.8057574013329336,0.9975357390902244,0.000740847958902,0.0701601684556104,0.9841076037823476,1328.3529932927331,18632.25687711252,18933.14999853752,6.840703739215339,0.1181044467884238
lansoprazole,Cc1c(OCC(F)(F)F)ccnc1C[S@@H](=O)c1nc2ccccc2[nH]1,1,train,0.4557282054031082,0.9722208032138254,0.0005563635050281,0.2340656100290346,0.8289910705388122,1490.016981787646,5277.198870436067,6365.809063547684,4.210619212267514,0.1888897372564492
omeprazole,COc1ccc2nc([S@H](=O)Cc3ncc(C)c(OC)c3C)[nH]c2c1,1,train,0.2015071280202103,0.9011903045651244,0.0004455004299617,0.4334236206736065,0.761979529466571,1710.390110132891,3006.947912293837,3946.231881582005,3.5360992293818314,0.3143840844818483
pantoprazole,COc1ccnc(C[S@H](=O)c2nc3ccc(OC(F)F)cc3[nH]2)c1OC,0,train,0.7613468104752438,0.9961935072295828,0.00119153287183,0.0871693532935951,0.943453278425212,791.7979442532322,8569.805076332297,9083.444058445371,4.898264528255499,0.070370287676524
rabeprazole,COCCCOc1ccnc(C[S@@H](=O)c2nc3ccccc3[nH]2)c1C,0,train,0.3387358456378829,0.9493642312545524,0.0003732072005955,0.3141775873840347,0.753569049104043,2019.1707124126424,4843.071609279438,6426.845177674979,4.293432563612807,0.1586525359619296
timoprazole,O=[S@H](Cc1ccccn1)c1nc2ccccc2[nH]1,0,train,0.2474492118547805,0.9229531390353276,0.000987740788591,0.3849123317650859,0.7998997394815887,809.8275870763908,1682.930949384996,2103.9273627913617,2.982794659329526,0.2888938557726778
milameline,CO/N=C\C1=CCCN(C)C1,0,train,0.51000233803753,0.9790271747599202,0.0043029083435069,0.2037297010295961,0.8975242455202124,208.585490061524,918.9162583944336,1023.8344679611662,2.6410623457921347,0.2064829551126369
methoxsalen,COc1c2occc2cc2ccc(=O)oc12,0,train,0.3968833959240277,0.960466952976382,0.0015136085979789,0.278394023355862,0.723534662901647,478.0196570419524,1242.3535076257851,1717.061491765272,2.8195669948241395,0.0199333313318768
ambroxol,Nc1c(Br)cc(Br)cc1CNC1CCC(O)CC1,0,train,0.4233734447307515,0.966657590871337,0.0004734092140098,0.2560724546116253,0.7752843552613381,1637.6621584835193,4958.182060625845,6395.307769308085,4.144774438579348,0.1486199399075565
diltiazem,COc1ccc([C@@H]2Sc3ccccc3N(CCN(C)C)C(=O)[C@@H]2OC(C)=O)cc1,1,train,0.3466670322079818,0.9502816793073976,0.0005123401777769,0.311391602283543,0.9547437526736304,1863.4957672385856,5713.580356238212,5984.41240410121,4.044476077263729,0.2759042166810315
doxycycline,C[C@H]1c2cccc(O)c2C(=O)C2=C(O)[C@]3(O)C(=O)C(C(N)=O)=C(O)[C@@H](N(C)C)[C@@H]3[C@@H](O)[C@@H]21,0,train,0.1571819518457632,0.875033705725164,0.0003589353029227,0.484061993803363,0.889422985287724,2477.94791441572,4553.019777715519,5119.07141262224,3.6971516985585655,0.4401081472668847
tetracycline,CN(C)[C@@H]1C(O)=C(C(N)=O)C(=O)[C@@]2(O)C(O)=C3C(=O)c4c(O)cccc4[C@@](C)(O)[C@H]3C[C@@H]12,0,train,0.3863803369065699,0.9600868228223676,0.0004980842724033,0.2797021498717016,0.9184202777309683,1843.9053963687168,6054.583802875243,6592.38907249912,4.037623196847592,0.31313520551563
delapril,CCOC(=O)[C@H](CCc1ccccc1)N[C@@H](C)C(=O)N(CC(=O)O)C1Cc2ccccc2C1,0,train,0.2923787889324888,0.9382167230354234,0.0002362514484811,0.3460482345232694,0.8039802780401096,3403.0702592889334,7906.416216867499,9834.09224432873,4.833263651021452,0.2653615683032909
sertaline,CN[C@H]1CC[C@@H](c2ccc(Cl)c(Cl)c2)c2ccccc21,1,train,0.3961004207952541,0.9604968950630126,0.0009849803033712,0.2782907015592007,0.972016780999722,986.838800403258,3446.8412661985635,3546.071769104107,3.6095376245330018,0.5284148432278591
debrisoquin,N=C(N)N1CCc2ccccc2C1,0,train,0.5195065695330205,0.980116765075472,0.0034222288911857,0.1984215885885197,0.8449758317131782,246.90804109844396,1051.4547780205617,1244.3607717024877,2.693544481237347,0.1397424943244806
halofantrine,CCCCN(CCCC)CC[C@H](O)c1cc2c(Cl)cc(Cl)cc2c2cc(C(F)(F)F)ccc12,0,train,0.161028711314612,0.87920589500307,0.0001678111396862,0.4764420155610235,0.8186910213909104,4878.64526110544,8383.188176876407,10239.746079826107,4.845749857534424,0.5029056556506155
teniposide,COc1cc([C@@H]2c3cc4c(cc3[C@@H](O[C@@H]3O[C@@H]5CO[C@@H](c6cccs6)O[C@H]5[C@H](O)[C@H]3O)[C@H]3COC(=O)[C@H]23)OCO4)cc(OC)c1O,0,train,0.4788437156682824,0.9753932503028784,0.0001913965238899,0.2204722369451225,0.8643603003742746,4516.071048768095,17705.233921114403,20483.62692438316,5.702339580185686,0.2127891291204411
dihydroergotamine,CN1C[C@H](C(=O)N[C@]2(C)O[C@@]3(O)[C@@H]4CCCN4C(=O)[C@H](Cc4ccccc4)N3C2=O)C[C@@H]2c3cccc4[nH]cc(c34)C[C@H]21,0,train,0.2410627476702707,0.9191889083708652,0.0002242060518712,0.3938169000030053,0.901931660170996,4022.780173164223,9213.09573067404,10214.849015198492,4.482005487620798,0.428556921025954
thiotepa,S=P(N1CC1)(N1CC1)N1CC1,0,train,0.0198004849856994,0.6229401315224586,0.0017341974873197,0.7822695140031867,0.904228791749512,521.4105073736595,602.7007120285956,666.535635148803,2.175213374382317,0.4371756973667668
almotriptan,CN(C)CCc1c[nH]c2ccc(CS(=O)(=O)N3CCCC3)cc12,0,train,0.1425838475837926,0.8657184625804566,0.0005048591719558,0.5005312613087525,0.8206286809510722,1625.460577000105,2664.9675501861407,3247.470642992348,3.351825235292158,0.4348281743692936
josamycin,CO[C@@H]1[C@@H](O[C@@H]2O[C@H](C)[C@@H](O[C@H]3C[C@@](C)(O)[C@@H](OC(=O)CC(C)C)[C@H](C)O3)[C@H](N(C)C)[C@H]2O)[C@@H](CC=O)C[C@@H](C)[C@@H](O)C=CC=CC[C@@H](C)OC(=O)C[C@H]1OC(C)=O,0,train,0.6525354613498092,0.9908590924564192,0.0002027200614904,0.1349009225188668,0.965086489552409,4760.685659113627,34058.13188545021,35290.2379777856,6.689657751769419,0.1651980725033584
rokitamycin,CCCC(=O)O[C@H]1[C@H](C)O[C@@H](O[C@@H]2[C@@H](C)O[C@@H](O[C@@H]3[C@@H](OC)[C@H](O)CC(=O)O[C@H](C)CC=CC=C[C@H](O)[C@H](C)C[C@@H]3CC=O)[C@H](O)[C@H]2N(C)C)C[C@@]1(C)OC(=O)CC,0,train,0.5192376588027794,0.9797103199321452,0.0001600297108141,0.2004187840958367,0.9379745480069276,5861.252533889521,27431.0899601136,29245.025910778764,6.1452288569708,0.2444351155787863
ipriflavone,CC(C)Oc1ccc2c(=O)c(-c3ccccc3)coc2c1,0,train,0.7583245956879807,0.99607790112703,0.0023439770756181,0.0884805904499431,0.9498553745142702,405.23236527975945,4350.243800710947,4579.901232790878,4.080576986220483,0.0982711553269092
fluconazole,OC(Cn1cncn1)(Cn1cncn1)c1ccc(F)cc1F,0,train,0.2689808710025561,0.9308575917029352,0.0007080448775778,0.3653821889050035,0.8110457753448046,1145.472273055996,2542.6265320180028,3134.997566490056,3.3374846091596417,0.3686104276147422
isoniazid,NNC(=O)c1ccncc1,0,train,0.5385173644221927,0.982000942931024,0.0059251997808826,0.1888760124594426,0.8328666456898973,140.56347068281178,619.8279220833417,744.2102829918384,2.342127500292277,0.0502838869736319
chlorpyrifos,CCOP(=S)(OCC)Oc1nc(Cl)c(Cl)cc1Cl,1,train,0.2633774304622571,0.9283035594981132,0.000552939617036,0.3718232125932069,0.7792203437733265,1409.232255685089,2953.291794433432,3790.0599208335584,3.409826337565971,0.1894362782039129
pinacidil,C[C@H](N/C(=N\C#N)Nc1ccncc1)C(C)(C)C,0,train,0.493137936775601,0.9771574648341068,0.00141716006201,0.2125165615169341,0.870822439314184,614.484180480693,2517.952526365975,2891.464910285256,3.5038750282296176,0.2081253370919829
vorozole,Cn1nnc2ccc([C@H](c3ccc(Cl)cc3)n3cncn3)cc21,0,train,0.2490538780602633,0.9198925760019468,0.0004045430337256,0.3921704331237922,0.71949335196257,1778.5335353236064,3262.976876443641,4535.103580239043,3.83972125364366,0.3203956197832752
meperidine,CCOC(=O)C1(c2ccccc2)CCN(C)CC1,0,train,0.1291141503361373,0.8285723285541013,0.000581033601404,0.5598820378922995,0.6615696043146241,1138.6081677823274,1345.4058248856595,2033.657254068496,3.022016921213092,0.3494649711905618
pregnenolone,CC(=O)[C@H]1CC[C@H]2[C@@H]3CC=C4C[C@@H](O)CC[C@]4(C)[C@H]3CC[C@]12C,0,train,0.5902992147334967,0.9866698041776252,0.0013044098919521,0.1627350531510865,0.9151448087692924,701.5776363055195,3945.3401057824894,4311.164821104403,3.7619755358128426,0.2247514956314921
ketoconazole,CC(=O)N1CCN(c2ccc(OC[C@H]3CO[C@](Cn4ccnc4)(c4ccc(Cl)cc4Cl)O3)cc2)CC1,0,train,0.7374811042345064,0.995217346381662,0.0005386935848491,0.0976853799759353,0.972920303844561,1806.0736775192704,17988.011630098463,18488.679451973207,6.001496122207254,0.1398587406724108
granisetron,CN1[C@H]2CCC[C@@H]1CC(NC(=O)c1nn(C)c3ccccc13)C2,0,train,0.5675805529931883,0.9847447231266664,0.0011077521889525,0.1740052593290934,0.914029775298318,825.1211637528984,4334.267336555439,4741.932323967056,3.980743913138717,0.1769011006365181
litoxetine,c1ccc2cc(COC3CCNCC3)ccc2c1,0,train,0.5428625949507421,0.982203032721038,0.0017881581499691,0.1878222630935849,0.9397193734710502,525.5236364229024,2629.3195185146565,2797.9837308266983,3.5118614443466245,0.2955239192442042
tirilazad,C[C@@H]1C[C@H]2[C@@H]3CCC4=CC(=O)C=C[C@]4(C)C3=CC[C@]2(C)[C@H]1C(=O)CN1CCN(c2cc(N3CCCC3)nc(N3CCCC3)n2)CC1,0,train,0.7250295420991292,0.994788373693107,0.0002877720924825,0.1019612257920784,0.9214392347553538,3201.975656521083,28936.74507863048,31403.85604083085,7.130519730988139,0.0597765774768376
betaxolol,CC(C)NC[C@H](O)COc1ccc(CCOCC2CC2)cc1,0,train,0.8205389645117439,0.9979401173831676,0.0018403147947838,0.0641523352440859,0.9737518705469728,529.1224486739767,8031.414167299197,8247.906279027547,5.228448033390558,0.091684207412176
buspirone,O=C1CC2(CCCC2)CC(=O)N1CCCCN1CCN(c2ncccn2)CC1,0,train,0.7380874191859031,0.995252188581362,0.0009806744088616,0.0973297545666723,0.9698202192115364,988.931913026352,9853.987292442138,10160.632968091164,5.219301997605064,0.1153770752731186
aprepitant,C[C@@H](O[C@H]1OCCN(Cc2n[nH]c(=O)[nH]2)[C@H]1c1ccc(F)cc1)c1cc(C(F)(F)F)cc(C(F)(F)F)c1,0,train,0.316941659709318,0.944566234187445,0.0002318653933978,0.3283209241473176,0.8951966000816431,3860.846101106908,10526.94497655156,11759.366574439056,4.945964760284572,0.4054896076828103
cilostazol,O=C1CCc2cc(OCCCCc3nnnn3C3CCCCC3)ccc2N1,0,train,0.7192390128562346,0.9944304934134072,0.0009624165995854,0.1053944674523654,0.971197501720936,1009.1238057814758,9298.956034338746,9574.73224329886,5.187222817781967,0.1532073069379277
manidipine,COC(=O)C1=C(C)NC(C)=C(C(=O)OCCN2CCN(C(c3ccccc3)c3ccccc3)CC2)[C@H]1c1cccc([N+](=O)[O-])c1,0,train,0.4911869898324091,0.9758019998902312,0.0002465825317479,0.2186560244087176,0.9714305038783349,3939.575512475251,17502.485172770757,18017.228307011068,5.683838882931638,0.2410445865432295
anastrozole,CC(C)(C#N)c1cc(Cn2cncn2)cc(C(C)(C)C#N)c1,0,train,0.1639658101852987,0.8696065304010723,0.0004076477526301,0.4937453617846032,0.6899217534221853,1692.4458652616577,2364.8935449500805,3427.770661266461,3.5716861246604585,0.2573099236196528
dextropropoxyphene,CCC(=O)O[C@](Cc1ccccc1)(c1ccccc1)[C@H](C)CN(C)C,0,train,0.0791392792083587,0.7710132416980484,0.0003145329271365,0.6368191117784288,0.7156279227998976,2275.208288413025,2556.7740528814898,3572.770110587775,3.5183659443644766,0.4396404852027474
remacemide,C[C@@](Cc1ccccc1)(NC(=O)CN)c1ccccc1,0,train,0.2293859136926373,0.9149636511674768,0.0006803918366054,0.4035362648415629,0.7752141402838681,1139.3642583243284,2188.777963571242,2823.4494829644805,3.385476954930292,0.3782951366298541
bifluranol,CC[C@@H](c1ccc(O)c(F)c1)[C@H](C)c1ccc(O)c(F)c1,0,train,0.2019404828215862,0.8984243709698926,0.0005207988745044,0.4391282838161906,0.7227016807158256,1387.6790371397303,2283.7927079522487,3160.076652499528,3.418311197867404,0.3619651118665326
bosentan,COc1ccccc1Oc1c(NS(=O)(=O)c2ccc(C(C)(C)C)cc2)nc(-c2ncccn2)nc1OCCO,1,train,0.1798745595874406,0.8911460837372719,0.000196314821574,0.4537164945643074,0.8381203081012155,4269.266586094336,7886.332256753473,9409.54679241716,4.42119051502502,0.3088944460984255
testolactone,C[C@]12CC[C@H]3[C@@H](CCC4=CC(=O)C=C[C@@]43C)[C@@H]1CCC(=O)O2,0,train,0.5129092493391241,0.978923338272332,0.0013165065338278,0.2042280533760069,0.9434589740110682,716.6382769615808,3310.6069530732952,3509.009977400943,3.541720475378918,0.3500324732385415
argatroban,C[C@H]1CCN(C(=O)[C@H](CCCN=C(N)N)NS(=O)(=O)c2ccc3c(c2)C[C@@H](C)CN3)[C@@H](C(=O)O)C1,0,train,0.2085315636163915,0.9061770243325632,0.0002075786367546,0.4228985700753563,0.8572601429137076,4129.809099415673,8371.559965645094,9765.483715586415,4.67850428072875,0.323868716515634
etomidate,CCOC(=O)c1cncn1[C@H](C)c1ccccc1,0,train,0.2803609810144826,0.9346884607853772,0.0010624633267753,0.3554679750338455,0.8355932628006555,786.4678636360763,1848.7382673529407,2212.4858464709614,3.14989524140183,0.3891423773866724
dapsone,Nc1ccc(S(=O)(=O)c2ccc(N)cc2)cc1,1,train,0.3618082760445661,0.955706682298582,0.0012972317790221,0.294320806960427,0.8789634902368195,677.56857675764,2023.4996202010464,2302.142970302275,3.1740585769264715,0.3444976230730966
imatinib,Cc1ccc(NC(=O)c2ccc(CN3CCN(C)CC3)cc2)cc1Nc1nccc(-c2cccnc2)n1,0,train,0.6050936287773333,0.9878725669273508,0.000293107704119,0.1552668397062516,0.8787296373019311,2997.975232152419,16966.98208950148,19308.535150353226,6.307257903068008,0.0733102202932832
levobupivacaine,CCCCN1CCCC[C@H]1C(=O)Nc1c(C)cccc1C,0,train,0.2936812543419477,0.9387849359012288,0.0007014443777654,0.3445037650373734,0.8375979912190571,1194.1046471672455,2903.2473815318726,3466.158481715587,3.620951687540476,0.3381538173392574
bupivacaine,CCCCN1CCCC[C@H]1C(=O)Nc1c(C)cccc1C,0,train,0.2936812543419477,0.9387849359012288,0.0007014443777654,0.3445037650373734,0.8375979912190571,1194.1046471672455,2903.2473815318726,3466.158481715587,3.620951687540476,0.3381538173392574
ropivacaine,CCCN1CCCC[C@H]1C(=O)Nc1c(C)cccc1C,0,train,0.2783278624161434,0.9335706936198226,0.0007580984123987,0.358393303528684,0.7882240775205992,1039.738462222197,2286.724897420371,2901.110182542743,3.3685736749312185,0.2433123419994441
zoxazolamin,Nc1nc2cc(Cl)ccc2o1,0,train,0.6461652648489583,0.990626774850696,0.0056329867932614,0.1365964602356451,0.8637833878948838,153.34376230531836,969.6868739360724,1122.6042171281906,2.580760382716221,0.0031440304373491
chlorzoxazone,Oc1nc2cc(Cl)ccc2o1,0,train,0.6437590476074528,0.990472394898788,0.0055655997078008,0.1377114190743056,0.8622885809258266,154.93183595601124,970.1152879316188,1125.0471238874811,2.5758151222501264,2.0124386297661922e-13
bexarotene,C=C(c1ccc(C(=O)O)cc1)c1cc2c(cc1C)C(C)(C)CCC2(C)C,0,train,0.4995446252717447,0.976513366965208,0.000799084901216,0.2154568266225809,0.988534251844622,1237.0828811059066,5675.841510865598,5741.674100087458,4.261048913227364,0.3754104528573502
amodiaquin,CCN(CC)Cc1cc(Nc2ccnc3cc(Cl)ccc23)ccc1O,0,train,0.5637714926349493,0.9840503565461152,0.0007870704944723,0.1778901227765718,0.957150822410828,1216.0928774906697,6543.276712895957,6836.202361938162,4.52845944050949,0.3107482918158332
miolindone,CCc1c(C)[nH]c2c1C(=O)[C@@H](CN1CCOCC1)CC2,0,train,0.5179666314402969,0.9796376898972816,0.0013573422062154,0.2007734955932123,0.9318379099176588,686.5165657198846,3186.2879103345845,3419.3585348079887,3.6321174206241023,0.2502382689727797
gliclazide,Cc1ccc(S(=O)(=O)NC(=O)NN2C[C@H]3CCC[C@H]3C2)cc1,1,train,0.5306116105488466,0.9811917387764252,0.0009261691666048,0.1930356748295385,0.9103920705331388,982.9652112803784,4635.846377877152,5092.142745885663,4.069274551945576,0.2067945364828033
trimetazidine,COc1ccc(CN2CCNCC2)c(OC)c1OC,0,train,0.4110373620131219,0.9653531268881272,0.0011241162405593,0.2609470068947246,0.856040846418995,761.5234221622987,2498.189814986848,2918.3067904263203,3.4055765370983058,0.2012867077138517
torsemide,Cc1cccc(Nc2ccncc2S(=O)(=O)NC(=O)NC(C)C)c1,1,train,0.3787973784062462,0.9582026788150724,0.0006805940840776,0.2860902415525903,0.9330602315071308,1370.9496649116777,4471.241678098166,4792.018271827927,3.906439354043104,0.2137398618962793
ethosuximide,CC[C@]1(C)CC(=O)NC1=O,0,train,0.2733710102363115,0.9322116731487662,0.004079055161881,0.3619135206719665,0.8596124947057774,210.7381392482499,500.5426082797175,582.2886607191999,2.140467622806773,0.5798069991278572
stiripentol,CC(C)(C)[C@@H](O)/C=C\c1ccc2c(c1)OCO2,0,train,0.4440968425151745,0.9687447985044612,0.0017996215358925,0.2480594996579474,0.9817196168944494,545.5144858596989,2158.926680119175,2199.127574682349,3.234890807390177,0.3897299576650876
homochlorcyclizine,CN1CCCN([C@H](c2ccccc2)c2ccc(Cl)cc2)CC1,0,train,0.2203301401359225,0.9085719676340674,0.0004347030527535,0.4177283562670352,0.733377980119512,1687.0780535678534,2961.891087036048,4038.696507568136,3.714307077113412,0.3697052579348399
indoramine,O=C(NC1CCN(CCc2c[nH]c3ccccc23)CC1)c1ccccc1,0,train,0.800109642873938,0.9974143404556368,0.0013966952476802,0.0718653842503249,0.9569574158284774,685.1583532040006,9123.549173988182,9533.913445970373,5.275808283914881,0.0854546815430584
tolcapone,Cc1ccc(C(=O)c2cc(O)c(O)c([N+](=O)[O-])c2)cc1,0,train,0.5340893564214828,0.9816681104937384,0.0013054914184098,0.1905983232865741,0.8830282097295105,676.395261797336,3133.6901961954336,3548.799643847558,3.6695743889549983,0.1539006587342135
ketoprofen,C[C@@H](C(=O)O)c1cccc(C(=O)c2ccccc2)c1,0,train,0.4925432079295835,0.9757525006801466,0.0015454573754305,0.2188768087679468,0.9821732085371142,635.5226770738312,2851.8021180648275,2903.5633361577934,3.5449102056328123,0.2865985180098536
fenobibrate,CC(C)OC(=O)C(C)(C)Oc1ccc(C(=O)c2ccc(Cl)cc2)cc1,0,train,0.7231633198763818,0.9945697183093948,0.0011082460994122,0.1040724527527375,0.980696324558112,884.9084378263822,8338.67588965771,8502.811401291832,4.956095777856198,0.1858867568992508
liothyronine,N[C@@H](Cc1cc(I)c(Oc2ccc(O)c(I)c2)c(I)c1)C(=O)O,0,train,0.4079844779260854,0.9647479959546283,0.0002704347889054,0.263175424957438,0.8212258268740412,3036.6870704684607,9475.831000582524,11538.642222994671,4.298040760866589,0.1836299492474192
lercandipine,COC(=O)C1=C(C)NC(C)=C(C(=O)OC(C)(C)CN(C)CCC(c2ccccc2)c2ccccc2)[C@H]1c1cccc([N+](=O)[O-])c1,0,train,0.339875948066619,0.9502938720973338,0.000206439156852,0.3113543907740117,0.9012077306323713,4365.488332614271,12635.800071928146,14020.962806279627,5.035453304132293,0.354109044429187
efavirenz,O=C1Nc2ccc(Cl)cc2[C@@](C#CC2CC2)(C(F)(F)F)O1,0,train,0.1054714542830572,0.780761766262656,0.0003483729157657,0.6248288280340605,0.6400843600342824,1837.3539706074257,1882.2139563134765,2940.571702474759,3.247913923953518,0.259202826532995
azamulin,CC[C@]1(C)C[C@@H](OC(=O)CSc2n[nH]c(N)n2)[C@]2(C)[C@@H](C)CC[C@]3(CCC(=O)[C@H]32)[C@@H](C)[C@@H]1O,0,train,0.4117768954359237,0.9654232559014736,0.0003715561293645,0.2606874315432141,0.8694197123097431,2339.941784291748,7803.949353742577,8976.043725774542,4.4690487466291415,0.2774394202880462
mirtazepine,CN1CCN2c3ccccc3Cc3cccnc3[C@@H]2C1,1,train,0.1892618929315519,0.8563211807877154,0.0004555055173518,0.5164436419729969,0.5785221896964057,1270.0662618966362,1422.7331990862012,2459.2543283997747,3.115713149569673,0.2119885719114434
albendazole,CCCSc1ccc2nc(NC(=O)OC)[nH]c2c1,1,train,0.6869976620377106,0.9928127849345948,0.0020447397098054,0.1196777927203455,0.9749683394182914,476.81782416748695,3884.4489998233935,3984.179632069925,3.9656105753229194,0.1733533768196211
zafirlukast,COc1cc(C(=O)NS(=O)(=O)c2ccccc2C)ccc1Cc1cn(C)c2ccc(NC(=O)OC3CCCC3)cc12,1,train,0.5000294309250692,0.9779777310837038,0.0002078268073324,0.208709265497176,0.8579384129039982,4128.141234117918,16969.495485530326,19779.38652739772,5.958424242606636,0.0977330201109847
indinavir,CC(C)(C)NC(=O)[C@@H]1CN(Cc2cccnc2)CCN1C[C@@H](O)C[C@@H](Cc1ccccc1)C(=O)N[C@H]1c2ccccc2C[C@H]1O,1,train,0.2727749998797537,0.9265428077862644,0.0001003169568452,0.3761893477220549,0.6926490299512577,6904.605679171629,12712.9288876294,18354.070153716984,5.561602868586675,0.1518487164478504
midazolam,Cc1ncc2n1-c1ccc(Cl)cc1C(c1ccccc1F)=NC2,1,train,0.1385931565985906,0.8482952891862304,0.0003944821907498,0.5295234672273267,0.6930397221531492,1756.8339925201865,2299.3423661102747,3317.76418091395,3.364159728243093,0.4013193212582311
maprotiline,CNCCCC12CCC(c3ccccc31)c1ccccc12,0,train,0.2434242598206762,0.9211076019550438,0.0006756449849672,0.3893080857375407,0.7870327900606398,1164.861439915422,2354.9065192258963,2992.132664567196,3.425918643215082,0.3182466082108485
azacylonol,OC(c1ccccc1)(c1ccccc1)C1CCNCC1,0,train,0.1165674030898393,0.8018501172900545,0.0004577505167048,0.597525220724553,0.6417834729983077,1402.037681176659,1505.8855778655775,2346.407536533039,3.134626100035214,0.4052994114769441
ranitidine,CN/C(=C\[N+](=O)[O-])NCCSCc1ccc(CN(C)C)o1,0,train,0.602618289895804,0.9875160124558524,0.000930101875244,0.1575186501443323,0.9399068169872749,1010.5417933284418,6029.858175712175,6415.378702156824,4.625839430494461,0.1828998159599393
epinastine,NC1=NC[C@@H]2c3ccccc3Cc3ccccc3N12,0,train,0.2107847392065816,0.8971213365649824,0.0007431703943476,0.4417842318144226,0.6740182181155351,906.9497698535384,1383.7086608690045,2052.9247187674973,2.951434338489668,0.2621714182299888
lumefantrine,CCCCN(CCCC)C[C@@H](O)c1cc(Cl)cc2c1-c1ccc(Cl)cc1/C2=C\c1ccc(Cl)cc1,0,train,0.3643902320649219,0.955722840743903,0.0001900808134053,0.2942683327855788,0.7735685240484627,4069.682311380175,10698.324584094633,13829.834399291562,5.1992883846308455,0.138287687739249
ketamine,CN[C@@]1(c2ccccc2Cl)CCCCC1=O,1,train,0.1651516153405421,0.8819937940984307,0.0011254930458868,0.4712610180906704,0.8219032802913346,730.2606473625119,1273.6118594461027,1549.5884856362345,2.7338128667182766,0.4481587284200098
dieldrin,ClC1=C(Cl)[C@]2(Cl)[C@@H]3[C@@H]4C[C@H]([C@@H]3[C@@]1(Cl)C2(Cl)Cl)[C@H]1O[C@@H]41,0,train,0.0287944723619508,0.6439689096413385,0.0005751143535533,0.7650516606186445,0.9991579624432888,1737.320510729647,2268.941708077464,2270.8538523069087,2.870464528353436,0.6917049950213254
fadrozole,N#Cc1ccc([C@H]2CCCc3cncn32)cc1,0,train,0.4558584081557656,0.9717381367408592,0.0019072995350193,0.2360614191336726,0.9274619740703116,486.2697007163592,1910.5055718638712,2059.928735923608,3.1591333529358026,0.4212952310752637
zopiclone,CN1CCN(C(=O)O[C@H]2c3nccnc3C(=O)N2c2ccc(Cl)cn2)CC1,1,train,0.2088826160092713,0.8915926926557225,0.000227371936614,0.4528382386712921,0.6485644774355483,2852.438551097569,4085.3226612174094,6299.023155524875,4.125767435334672,0.2025758787867888
propranolol,CC(C)NC[C@H](O)COc1cccc2ccccc12,0,train,0.6710728763818862,0.9921457679188154,0.0017323799165704,0.1250870704780644,0.9095666460361088,525.0387847007288,3817.8027882015353,4197.386529991529,4.057676768831499,0.0777300079957334
terbinafine,CN(C/C=C/C#CC(C)(C)C)Cc1cccc2ccccc12,1,train,0.6659957413951169,0.991760664556727,0.0012276712893713,0.1281045832045029,0.949012392109387,773.0183155096639,5726.601987183302,6034.27524740186,4.637190621354072,0.1710637401805879
carbaryl,CNC(=O)Oc1cccc2ccccc12,1,train,0.3759569371705022,0.9584489185252312,0.0017618892790221,0.285264211877015,0.7907101615020501,448.7853867530689,1243.966648688018,1573.2270928768037,2.8487263757276957,0.0922972726353576
naproxen,COc1ccc2cc([C@H](C)C(=O)O)ccc2c1,1,train,0.6550755855248056,0.9910953755277708,0.0026522721449449,0.1331538831858348,0.9511713988695516,358.6251134456278,2561.8024999673303,2693.3132167472463,3.4913959371512524,0.1565568974421593
cerivastatin,COCc1c(C(C)C)nc(C(C)C)c(/C=C\[C@@H](O)C[C@@H](O)CC(=O)O)c1-c1ccc(F)cc1,0,train,0.2920068950022711,0.93736360841131,0.0002478489896979,0.348352501966224,0.7706522634658811,3109.362133793441,6878.770649895762,8925.907281397745,4.536354535032393,0.2827077837313786
(-)-cotinine,CN1C(=O)CC[C@H]1c1cccnc1,0,train,0.3655245159241202,0.9543808957393702,0.0031746805913537,0.2985918717040322,0.9630267878487888,303.34604069196433,978.3600655539392,1015.9219638525344,2.5532803336945804,0.5296627410103779
betamethasone,C[C@H]1C[C@H]2[C@@H]3CCC4=CC(=O)C=C[C@]4(C)[C@@]3(F)[C@@H](O)C[C@]2(C)[C@@]1(O)C(=O)CO,0,train,0.501369598228088,0.9778076839087833,0.0008090240209937,0.2095044946747946,0.923586060252096,1141.60523826923,5032.687656715386,5449.07277546144,3.848126850760701,0.2774887808085562
prednisolone,C[C@]12C[C@H](O)[C@H]3[C@@H](CCC4=CC(=O)C=C[C@@]43C)[C@@H]1CC[C@]2(O)C(=O)CO,0,train,0.5238692569198872,0.9800887416593448,0.0009584180643001,0.1985599619072326,0.9489222997530612,990.0922521175236,4731.672024020596,4986.364031335256,3.854067090182374,0.2963966728887934
dexamethasone,C[C@@H]1C[C@H]2[C@@H]3CCC4=CC(=O)C=C[C@]4(C)[C@@]3(F)[C@@H](O)C[C@]2(C)[C@@]1(O)C(=O)CO,0,train,0.501967727192767,0.9777396509660607,0.0008208684897723,0.2098217694348364,0.9354133078005256,1139.5410098638267,5080.22512765111,5430.995139032653,3.8526590888942938,0.3212824501677079
fluticasone-proprionate,CCC(=O)O[C@]1(C(=O)SCF)[C@H](C)C[C@H]2[C@@H]3C[C@H](F)C4=CC(=O)C=C[C@]4(C)[C@@]3(F)[C@@H](O)C[C@@]21C,0,train,0.4210004673131704,0.9663539312178048,0.0004595056738118,0.2572160174248367,0.9216560773316382,2005.755597501132,7187.02067852003,7797.942047241483,4.119595347729269,0.4278842664687218
boldenone,C[C@]12C=CC(=O)C=C1CC[C@@H]1[C@@H]2CC[C@]2(C)[C@@H](O)CC[C@@H]12,0,train,0.4922575626261105,0.9767546307836518,0.0013591876006469,0.2143604236856516,0.9183899614111892,675.6903616351801,2894.87786261351,3152.12271937867,3.4257738966390106,0.3350737724731101
methylprednisolone,C[C@H]1C[C@H]2[C@@H]3CC[C@](O)(C(=O)CO)[C@@]3(C)C[C@H](O)[C@@H]2[C@@]2(C)C=CC(=O)C=C12,0,train,0.4861362221930657,0.9759171009015432,0.0007908408468107,0.2181417249586314,0.9243182860985844,1168.779141626441,4952.394748051068,5357.888968046298,3.9149448158066495,0.2836500660042179
beclomethasone,C[C@H]1C[C@H]2[C@@H]3CCC4=CC(=O)C=C[C@]4(C)[C@@]3(Cl)[C@@H](O)C[C@]2(C)[C@@]1(O)C(=O)CO,0,train,0.5022129184690406,0.977753447154524,0.0007835049802408,0.2097574708501359,0.9366281650771088,1195.4335820420583,5337.958919325343,5699.122787841737,3.8674316555895034,0.2629216611208257
isbogrel,O=C(O)CCCC/C=C(\c1ccccc1)c1cccnc1,0,train,0.3445928300419031,0.9517010302047586,0.0005892155966016,0.3070263003509657,0.789433519797,1339.8041809316228,3444.9372225849474,4363.809157065944,4.032123537863912,0.2346533788924882
rifabutin,CO[C@H]1C=CO[C@@]2(C)Oc3c(C)c(O)c4c(c3C2=O)C2=NC3(CCN(CC(C)C)CC3)NC2=C(NC(=O)C(C)=CC=C[C@H](C)[C@H](O)[C@@H](C)[C@@H](O)[C@@H](C)[C@H](OC(C)=O)[C@@H]1C)C4=O,0,train,0.1673771114815577,0.8834689273074369,7.921166717097661e-05,0.4684897592074417,0.8349441171849656,10540.670926452758,18785.621261205437,22499.255787970116,5.531085570005881,0.3527815199928674
modafinil,NC(=O)C[S@H](=O)C(c1ccccc1)c1ccccc1,0,train,0.180097906779258,0.8799414325763352,0.0005379580216784,0.4750821773498844,0.6827873454876815,1269.220492999426,1824.1216626727144,2671.580946436308,3.2412864008472417,0.3724647021250364
proadifen,CCCC(C(=O)OCCN(CC)CC)(c1ccccc1)c1ccccc1,0,train,0.1625255567300736,0.8802605477011088,0.0004493771267084,0.4744906407516842,0.8386590438589019,1866.2699857507075,3298.619756446058,3933.207160407163,3.5872520011133995,0.4929898872630809
(+)-tolterodine,Cc1ccc(O)c([C@@H](CCN(C(C)C)C(C)C)c2ccccc2)c1,1,train,0.1956442608925489,0.8998381818182734,0.0004771143760641,0.4362238491210492,0.8112734782305101,1700.375253671713,3162.2969471358338,3897.941978866612,3.668423368801855,0.4025767662920128
orphenadrine,Cc1ccccc1[C@H](OCCN(C)C)c1ccccc1,0,train,0.2082940742029483,0.90448172129791,0.0006223088886938,0.4265123865000522,0.7592297185789271,1220.0206880740643,2171.744579959174,2860.457812457728,3.4065370114621984,0.3561535151769418
diphenhydramine,CN(C)CCOC(c1ccccc1)c1ccccc1,0,train,0.1899873489113419,0.8837833410681886,0.0005479144514167,0.4678963625102783,0.6680501029540526,1219.259870271061,1740.8271299489627,2605.8331886353944,3.3012332013386096,0.2811317944662523
tezosentan,COc1ccccc1Oc1c(NS(=O)(=O)c2ccc(C(C)C)cn2)nc(-c2ccnc(-c3nn[nH]n3)c2)nc1OCCO,0,train,0.3576812370887775,0.9545252124901946,0.0002113740085349,0.2981302043076961,0.8964432844966959,4241.028926451413,12752.28690532064,14225.42521748083,5.076758388627492,0.2671893473014498
pimozide,O=c1[nH]c2ccccc2n1C1CCN(CCCC(c2ccc(F)cc2)c2ccc(F)cc2)CC1,0,train,0.5466733884587035,0.9829133273539712,0.0003333238978795,0.184068984106354,0.8643591244440934,2593.150775994871,12177.029960655247,14087.928982628397,5.591222071143626,0.1578891036196228
pipemidic-acid,CCn1cc(C(=O)O)c(=O)c2cnc(N3CCNCC3)nc21,0,train,0.5767059590285717,0.985582693717014,0.0011773652867602,0.1691944261656222,0.8562600415496471,727.2679525874627,3680.561478370953,4298.415551086473,3.7883359772601866,0.100454623594442
mibefradil,COCC(=O)O[C@]1(CCN(C)CCCc2nc3ccccc3[nH]2)CCc2cc(F)ccc2[C@@H]1C(C)C,0,train,0.4683641103453298,0.9735127900110944,0.0003032926548722,0.2286325604213333,0.9275455439679544,3058.252579043192,12407.106611553882,13376.27752323344,5.394015837240112,0.3133866809273179
digitoxin,C[C@H]1O[C@@H](O[C@H]2[C@@H](O)C[C@H](O[C@H]3[C@@H](O)C[C@H](O[C@H]4CC[C@]5(C)[C@H]6CC[C@]7(C)[C@@H](C8=CC(=O)OC8)CC[C@]7(O)[C@@H]6CC[C@@H]5C4)O[C@@H]3C)O[C@@H]2C)C[C@H](O)[C@@H]1O,0,train,0.8768892702695751,0.9990667224177836,0.0004587832956435,0.0431935661573227,0.9946420850013444,2167.999782132505,49923.72743034455,50192.65541159669,8.176607327938806,0.090558104055743
digoxin,C[C@H]1O[C@@H](O[C@H]2[C@@H](O)C[C@H](O[C@H]3[C@@H](O)C[C@H](O[C@H]4CC[C@]5(C)[C@H]6C[C@@H](O)[C@]7(C)[C@@H](C8=CC(=O)OC8)CC[C@]7(O)[C@@H]6CC[C@@H]5C4)O[C@@H]3C)O[C@@H]2C)C[C@H](O)[C@@H]1O,0,train,0.8155365122760165,0.9977950499281032,0.0003034909055762,0.0663704628503833,0.9862382745254312,3249.6468803668563,48288.44028607594,48962.24526401785,8.021533743523179,0.1211801142267624
tinidazole,CCS(=O)(=O)CCn1c([N+](=O)[O-])cnc1C,0,train,0.1077797833017624,0.8334392433523385,0.0010531609517684,0.5526110998163912,0.8495588450125408,806.6752224206386,1240.1453218866102,1459.7521162507628,2.6627809419980237,0.6709668660252766
methimazole,Cn1ccnc1S,0,train,0.2929789628301202,0.9268884565704656,0.0045793842306763,0.375336900765725,0.6335335414247019,138.3447008400799,233.5129002284349,368.58806197270445,1.8007353601334113,0.0782950277658523
metronidazole,Cc1ncc([N+](=O)[O-])n1CCO,1,train,0.1611486009058176,0.8638261696495986,0.001622917423901,0.5037899846448943,0.6729864404011779,414.676945659697,553.9450367848444,823.1147071174703,2.287842015835311,0.3096878226911649
dacarbazine,CN(C)/N=N\c1[nH]cnc1C(N)=O,0,train,0.3252974157676784,0.9474639298097326,0.0023455573780376,0.3198626294356663,0.829013526157288,353.43988338108574,916.0383772350208,1104.9739821268267,2.552748498538373,0.2603022412037335
cimetidine,CN/C(=N\C#N)NCCSCc1nc[nH]c1C,0,train,0.6852481783094,0.9929094469586126,0.0017972577431876,0.1188731682943722,0.9085884429419704,505.54153759296935,3864.027560421568,4252.780882739398,4.133317364582032,0.0664130818266876
delavirdine,CC(C)Nc1cccnc1N1CCN(C(=O)c2cc3cc(NS(C)(=O)=O)ccc3[nH]2)CC1,1,train,0.6907560558648015,0.9931070251404618,0.0005938337514838,0.1172110771926537,0.9539636101374712,1606.4489560481609,13074.650300281735,13705.60696586488,5.575551949940404,0.1480380949701105
methaqualone,Cc1ccccc1-n1c(C)nc2ccccc2c1=O,0,train,0.4445191158332414,0.9705472863478088,0.0016018457160221,0.240910699145771,0.8867932133638616,553.6071323810313,2037.829990972177,2297.9765296602823,3.1252308325063303,0.2772540169371837
roxithromycin,CC[C@H]1OC(=O)[C@H](C)[C@@H](O[C@H]2C[C@@](C)(OC)[C@@H](O)[C@H](C)O2)[C@H](C)[C@@H](O[C@@H]2O[C@H](C)C[C@H](N(C)C)[C@H]2O)[C@](C)(O)C[C@@H](C)/C(=N\OCOCCOC)[C@H](C)[C@@H](O)[C@]1(C)O,0,train,0.1795533756697746,0.8805022381954966,6.0774132225906586e-05,0.4740419902632264,0.6881702390887449,11323.407079359236,16438.273227177284,23886.92839862469,5.554392169813404,0.3084684102299943
perhexiline,C1CCC(C(C[C@H]2CCCCN2)C2CCCCC2)CC1,0,train,0.1926867191735165,0.8902599617944609,0.0004920929394497,0.4554527422529422,0.6976000254146647,1417.6184405221518,2171.313439117101,3112.5478211191826,3.474897444868549,0.3013171402857728
nilutamide,CC1(C)NC(=O)N(c2ccc([N+](=O)[O-])c(C(F)(F)F)c2)C1=O,0,train,0.4964517444214385,0.9775538170429476,0.0010285894001833,0.2106858675487351,0.8545758477243661,830.8231132578654,3369.952501237903,3943.421183984647,3.5828349162646016,0.153699875540022
lacidipine,CCOC(=O)C1=C(C)NC(C)=C(C(=O)OCC)C1c1ccccc1/C=C\C(=O)OC(C)(C)C,0,train,0.2374568639661662,0.9189932300604978,0.0002982805741303,0.3942733101580337,0.7987591571771337,2677.878569551377,5425.120022403278,6791.93468225892,4.043298279709013,0.2653019885986683
aranidipine,COC(=O)C1=C(C)NC(C)=C(C(=O)OCC(C)=O)[C@@H]1c1ccccc1[N+](=O)[O-],0,train,0.1651226141686207,0.8816340524866274,0.0003894641779942,0.4719336791287593,0.8028746774125768,2061.4852989752508,3507.0909697757625,4368.1673721209645,3.576686312287852,0.323102949990482
felodipine,CCOC(=O)C1=C(C)NC(C)=C(C(=O)OC)[C@@H]1c1cccc(Cl)c1Cl,0,train,0.1223398883044242,0.8220993717394679,0.0002926324635263,0.569344028672974,0.6669529971156072,2279.149035887858,2669.8888612243218,4003.113971705465,3.413003225005278,0.2675649618339925
nifedipine,COC(=O)C1=C(C)NC(C)=C(C(=O)OC)C1c1ccccc1[N+](=O)[O-],0,train,0.075998906400311,0.7640865100181464,0.0003608242710543,0.6451137924492771,0.7156429674317465,1983.355957016164,2200.1928329009943,3074.428078007816,3.2369954779495425,0.4306459151783041
niludipine,CCCOCCOC(=O)C1=C(C)NC(C)=C(C(=O)OCCOCCC)C1c1cccc([N+](=O)[O-])c1,0,train,0.4579004529127824,0.9726013644259158,0.0003016140401732,0.2324792160965076,0.8517597870655714,2824.0057610595386,10346.621887754009,12147.34722732043,5.079915830045564,0.1299120121599384
nilvadipine,COC(=O)C1=C(C#N)NC(C)=C(C(=O)OC(C)C)[C@H]1c1cccc([N+](=O)[O-])c1,0,train,0.1561333311273993,0.8359692225997238,0.0002182597024953,0.5487763286312679,0.605648801616195,2774.899785401529,3062.476717655048,5056.522376470854,3.759536795108804,0.2549999598514788
nimodipine,COCCOC(=O)C1=C(C)NC(C)=C(C(=O)OC(C)C)[C@@H]1c1cccc([N+](=O)[O-])c1,0,train,0.2482010243894107,0.9201739781447296,0.0002736610024717,0.3915097060678093,0.7279264133466437,2659.9566864543244,4945.605946466014,6794.101513267773,4.148026031830728,0.1829083561462268
amlodipine,CCOC(=O)C1=C(COCCN)NC(C)=C(C(=O)OC)[C@@H]1c1ccccc1Cl,0,train,0.1470135449171945,0.8686716755940066,0.0003127349740087,0.4953882517992337,0.8010162166263329,2561.3259890913296,4141.526662929657,5170.340596065164,3.8103930314895615,0.3203598016888315
nisoldipine,COC(=O)C1=C(C)NC(C)=C(C(=O)OCC(C)C)[C@H]1c1ccccc1[N+](=O)[O-],0,train,0.1642975050654927,0.8808084604922437,0.0004600385552184,0.4734727615452483,0.8685194464255579,1887.9275151472552,3463.138523525333,3987.404700928782,3.4671456917359715,0.3256447916624805
nitrendipine,CCOC(=O)C1=C(C)NC(C)=C(C(=O)OC)[C@@H]1c1cccc([N+](=O)[O-])c1,0,train,0.1530851495087747,0.8449274419187794,0.0002850266859362,0.5348809380531219,0.634065442181145,2224.5827266955325,2637.0934724367626,4159.024127486475,3.5377995742239783,0.2439823100748399
trazodone,O=c1n(CCCN2CCN(c3cccc(Cl)c3)CC2)nc2ccccn12,0,train,0.7104959975583541,0.9940776772167856,0.0008846295724891,0.1086718531142262,0.9560653202906152,1080.7521588956763,9508.162687382235,9945.09735432307,5.254424671442395,0.1489334483209681
retinoic-acid,CC1=C(/C=C\C(C)=C/C=C\C(C)=C/C(=O)O)C(C)(C)CCC1,0,train,0.6988581943839112,0.9935321750293454,0.0013710056595743,0.1135509453129214,0.9501136724726504,693.0049236759569,5798.573065692184,6103.030862193071,4.578223835644256,0.1820446883546112
chloroquine,CCN(CC)CCC[C@H](C)Nc1ccnc2cc(Cl)ccc12,0,train,0.75503276750894,0.9959071948264162,0.0015235292340202,0.090381742033326,0.973925801753393,639.2563923328531,6888.429902127704,7072.848762940894,4.77722662614292,0.1806330273966325
hydroxychloroquine,CCN(CCO)CCC[C@H](C)Nc1ccnc2cc(Cl)ccc12,0,train,0.708633148756705,0.9939569363864664,0.001082471783642,0.1097707092499186,0.9653912005866316,891.8395982004594,7843.386512855919,8124.568059134774,5.009792180735294,0.1604707390227521
primaquine,COc1cc(N[C@@H](C)CCCN)c2ncccc2c1,0,train,0.4032002111615343,0.9631806717000766,0.0008113004849006,0.2688549677119421,0.7721086677588446,951.6925998798476,2733.1096451841427,3539.799200956237,3.732040181984564,0.1128614793967131
norcodeine,COc1ccc2c3c1O[C@H]1[C@@H](O)C=C[C@H]4[C@@H](C2)NCC[C@]314,0,train,0.1431916564195584,0.8649684407193527,0.0007589717579307,0.5018262613290895,0.7859175860540321,1035.5030708873678,1621.716790324864,2063.4692734988253,2.876100726987144,0.4809762813748304
codeine,COc1ccc2c3c1O[C@H]1[C@@H](O)C=C[C@H]4[C@@H](C2)N(C)CC[C@]314,0,train,0.1813362775654252,0.8916853760240037,0.0007233334917266,0.4526557082208632,0.8012768500693281,1107.7557713477142,1960.9143085820128,2447.236942403054,3.035214106511535,0.4212127856767416
morphine,CN1CC[C@]23c4c5ccc(O)c4O[C@H]2[C@@H](O)C=C[C@H]3[C@H]1C5,1,train,0.1446557173569994,0.8671051689801613,0.0008027950795776,0.4981251107180663,0.8091491392387107,1007.9149210336044,1637.2462926121964,2023.417208541558,2.860182334115449,0.5111730289359094
ethylmorphine,CCOc1ccc2c3c1O[C@H]1[C@@H](O)C=C[C@H]4[C@@H](C2)N(C)CC[C@]314,0,train,0.2283443374824747,0.9154707183301114,0.0007213517437102,0.4023845969717899,0.8217725549483915,1139.2119893155814,2326.563079533925,2831.1520815878757,3.169581469877188,0.3675120312962213
dirithromycin,CC[C@H]1OC(=O)[C@H](C)[C@@H](O[C@H]2C[C@@](C)(OC)[C@@H](O)[C@H](C)O2)[C@H](C)[C@@H](O[C@@H]2O[C@H](C)C[C@H](N(C)C)[C@H]2O)[C@](C)(O)C[C@@H](C)[C@@H]2N[C@@H](COCCOC)O[C@H]([C@H]2C)[C@]1(C)O,0,train,0.2027770058271255,0.9034970782466774,9.953883783435816e-05,0.4285942482111926,0.84765337213379,8515.805393914321,16842.155928862707,19869.154636247247,5.203779045775475,0.4052330066511858
alprazolam,Cc1nnc2n1-c1ccc(Cl)cc1C(c1ccccc1)=NC2,0,train,0.1630003588742512,0.8649980464937599,0.0004035055310088,0.501775228127076,0.6715165516475101,1664.2065598668778,2227.177006091561,3316.6375432256546,3.4164421529255105,0.3932322863642936
adinazolam,CN(C)Cc1nnc2n1-c1ccc(Cl)cc1C(c1ccccc1)=NC2,0,train,0.216150053486875,0.909022102307238,0.0004137613974374,0.4167479064337686,0.7749334381454109,1872.8993157525008,3482.6145102349333,4494.082122162142,3.741286669853476,0.3225845247522961
triazolam,Cc1nnc2n1-c1ccc(Cl)cc1C(c1ccccc1Cl)=NC2,0,train,0.1171426651181882,0.8353801636759073,0.0003996338790566,0.5496726135954149,0.7389093009208725,1848.9656148901624,2485.5120232182826,3363.757933647189,3.348853931004255,0.423896044508538
diethylstilbestrol,CC/C(=C(\CC)c1ccc(O)cc1)c1ccc(O)cc1,0,train,0.1526684137003556,0.8387414441786839,0.0004300173617098,0.5445298796366052,0.6199026687159127,1441.5759081238905,1641.1161003670509,2647.377053185646,3.2674524442684656,0.3792271756991818
pentazocine,CC(C)=CCN1CC[C@]2(C)c3cc(O)ccc3C[C@H]1[C@H]2C,0,train,0.4553923823671018,0.97132203677885,0.0012203357607377,0.237767745642226,0.947076681893342,776.0787746815033,3091.2776197962,3264.020410275853,3.534444159882307,0.3781635656644536
zaltoprofen,C[C@@H](C(=O)O)c1ccc2c(c1)CC(=O)c1ccccc1S2,1,train,0.3740840618300904,0.9559797059219506,0.0010020039623222,0.2934327893494196,0.9708034585571272,968.8618958224037,3205.4170953900075,3301.8187843645637,3.5395659274424003,0.3608523300263215
telmisartan,CCCc1nc2c(C)cc(-c3nc4ccccc4n3C)cc2n1Cc1ccc(-c2ccccc2C(=O)O)cc1,0,train,0.3062219667962432,0.9420881016336652,0.0001689406310644,0.3353654853443883,0.7959931605183801,4711.673891016649,11183.202672126235,14049.370304693728,5.393796680137808,0.2559117832661262
dantrolene,O=C1CN(/N=C\c2ccc(-c3ccc([N+](=O)[O-])cc3)o2)C(=O)N1,0,train,0.3602197040185474,0.954709040929279,0.0006051671603289,0.2975410008182003,0.7686501420983567,1270.1451639915658,3281.219254163167,4268.807191273896,3.74611443189297,0.1289167186558525
buflomedil,COc1cc(OC)c(C(=O)CCCN2CCCC2)c(OC)c1,0,train,0.4029783933719009,0.9639297577110716,0.0007555789894465,0.2661567624522716,0.8304829475178283,1099.1345168638366,3429.604661829145,4129.650912254909,3.752828420514849,0.1729328714564665
glipizide,Cc1cnc(C(=O)NCCc2ccc(S(=O)(=O)NC(=O)NC3CCCCC3)cc2)cn1,1,train,0.5974582515071909,0.9872959902502536,0.0003737336562172,0.1588918740394595,0.8813942806400965,2358.348695595725,13082.072727878403,14842.475172833872,5.82958879592112,0.0824655024036599
prgolide,CCCN1C[C@H](CSC)C[C@@H]2c3cccc4[nH]cc(c34)C[C@H]21,0,train,0.3021633650468632,0.9400725437868604,0.0005414236927187,0.3409745040587367,0.7622307554437654,1407.82674584521,3147.1234102438366,4128.83288658643,3.715613570647368,0.1869152164220465
terguride,CCN(CC)C(=O)N[C@H]1C[C@@H]2c3cccc4[nH]cc(c34)C[C@H]2N(C)C1,0,train,0.4896223047183216,0.9765725358773976,0.0007601605817759,0.2151884805699154,0.902839723174208,1187.6960537270566,4983.069602620488,5519.329150805404,4.143372275003961,0.2382240490765692
trimetrexate,COc1cc(NCc2ccc3nc(N)nc(N)c3c2C)cc(OC)c1OC,0,train,0.641381019904896,0.9902356769234368,0.0008379586432108,0.1394033864293929,0.9489695370904844,1132.4777717599882,7709.187949868506,8123.746494017788,4.791859428626109,0.1959718790972273
triprolidine,Cc1ccc(/C(=C/CN2CCCC2)c2ccccn2)cc1,0,train,0.2624564633485018,0.9235904508395014,0.0004776181591455,0.3833805930378929,0.7017135560441029,1469.1936280217317,2689.111300776166,3832.206571490482,3.788248475497274,0.176871742919673
pilsicaine,Cc1cccc(C)c1NC(=O)CC12CCCN1CCC2,0,train,0.3838039590592259,0.960305128058476,0.0011556198881365,0.2789517180886217,0.8705431718744899,753.3127292212108,2350.9131157289366,2700.512957521512,3.264218104208827,0.2912307641837151
ritonavir,CC(C)c1nc(CN(C)C(=O)N[C@H](C(=O)N[C@@H](Cc2ccccc2)C[C@H](O)[C@H](Cc2ccccc2)NC(=O)OCc2cncs2)C(C)C)cs1,1,train,0.1814008680459202,0.891209467463281,7.913164246136963e-05,0.4535919808636556,0.7855309205718113,9926.887603214993,17191.39113200135,21885.05974976418,5.829638826698053,0.3554686180151755
pentamidine,N=C(N)c1ccc(OCCCCCOc2ccc(C(=N)N)cc2)cc1,0,train,0.853438034305567,0.9986612806514504,0.0015442016465432,0.0517266520045983,0.981703992664134,635.7356209674409,12065.428037505091,12290.291297239311,6.058551078549989,0.0810839669761234
mosapride,CCOc1cc(N)c(Cl)cc1C(=O)NC[C@@H]1CN(Cc2ccc(F)cc2)CCO1,0,train,0.5181183908727045,0.9800050617946212,0.0004258640679309,0.1989725580499,0.8758412195261089,2056.621550114205,9052.876156439435,10336.207014026668,5.041391217665261,0.1627772176403041
opipramol,OCCN1CCN(CCCN2c3ccccc3C=Cc3ccccc32)CC1,0,train,0.4270521213987934,0.9676365353126009,0.0005433531588122,0.2523480444311508,0.9040610679169409,1663.8553641488122,5960.921396330102,6593.494187361413,4.422350911822396,0.3072647874174479
fentanyl,CCC(=O)N(c1ccccc1)C1CCN(CCc2ccccc2)CC1,0,train,0.5427027715673626,0.9824858785903616,0.0007376965035115,0.1863370558169394,0.8975417689766059,1216.681609176819,5860.469132101594,6529.466744242792,4.496567402793689,0.2008321812231292
sertindole,O=C1NCCN1CCN1CCC(c2cn(-c3ccc(F)cc3)c3ccc(Cl)cc23)CC1,0,train,0.5117233957807257,0.9791594492709264,0.0003042530534323,0.2030930153980093,0.825373970243248,2712.7877959876264,11024.822440169866,13357.366282002708,5.542870321873216,0.0918441682912997
medifoxamine,CN(C)CC(Oc1ccccc1)Oc1ccccc1,0,train,0.2070186769091342,0.895439701195173,0.0005425867175922,0.4451828180910614,0.6765493594059563,1246.8962793784892,1894.9223662235609,2800.86344015963,3.398040176420721,0.2431150153484703
troglitazone,Cc1c(C)c2c(c(C)c1O)CC[C@](C)(COc1ccc(C[C@@H]3SC(=O)NC3=O)cc1)O2,1,train,0.7802341030888418,0.9967874721038152,0.000810448234726,0.0800920436553201,0.974303077616538,1202.1780489729026,14624.246298396718,15009.95597198808,5.9091803651338175,0.1084410210226187
flecainide,O=C(NC[C@H]1CCCCN1)c1cc(OCC(F)(F)F)ccc1OCC(F)(F)F,0,train,0.2732348810386285,0.9297590258508251,0.0002539124713239,0.3681686486502136,0.7341910504816589,2891.512365081993,5766.168598503296,7853.771296613404,4.463710945745729,0.2258985522301163
ajmaline,CC[C@@H]1[C@@H]2C[C@H]3[C@@H]4N(C)c5ccccc5[C@]45C[C@@H]([C@H]2[C@H]5O)N3[C@@H]1O,0,train,0.4433122007401938,0.9704907837256792,0.0010266422669921,0.241138214938067,0.8631985799555559,840.7978199500321,3009.7903992405363,3486.7879409573443,3.3523836180089743,0.2337423956999814
reserpine,COC(=O)[C@H]1[C@H]2C[C@@H]3c4[nH]c5cc(OC)ccc5c4CCN3C[C@H]2C[C@@H](OC(=O)c2cc(OC)c(OC)c(OC)c2)[C@@H]1OC,0,train,0.4257452292057205,0.967791179881986,0.0001916076540117,0.2517543090845388,0.8557087996967995,4465.942679119112,15179.666490556288,17739.289926590507,5.541607196365076,0.2131344556427018
vinblastine,CC[C@]1(O)C[C@H]2CN(CCc3c([nH]c4ccccc34)[C@@](C(=O)OC)(c3cc4c(cc3OC)N(C)[C@H]3[C@@](O)(C(=O)OC)[C@H](OC(C)=O)[C@]5(CC)C=CCN6CC[C@]43[C@@H]65)C2)C1,0,train,0.3330578317313303,0.9471392395675208,0.0001386505998795,0.3208227873319764,0.9476958440619688,6835.136991004163,20190.68213276897,21305.023398887806,5.458705988121164,0.3911506022296661
vincristine,CC[C@]1(O)C[C@H]2CN(CCc3c([nH]c4ccccc34)[C@@](C(=O)OC)(c3cc4c(cc3OC)N(C=O)[C@H]3[C@@](O)(C(=O)OC)[C@H](OC(C)=O)[C@]5(CC)C=CCN6CC[C@]43[C@@H]65)C2)C1,0,train,0.3286034611759426,0.94744466487992,0.0001267740846269,0.3199196883447098,0.9028968218061902,7122.09300869936,20100.40449662458,22262.127865745435,5.476467834580203,0.3573458909323597
vindesine,CC[C@]1(O)C[C@H]2CN(CCc3c([nH]c4ccccc34)[C@@](C(=O)OC)(c3cc4c(cc3OC)N(C)[C@H]3[C@@](O)(C(N)=O)[C@H](O)[C@]5(CC)C=CCN6CC[C@]43[C@@H]65)C2)C1,0,train,0.2365144146132354,0.9184799669348908,0.0001324352503803,0.3954675085759664,0.8658464502384259,6537.885100467731,14314.209090629452,16532.041087294157,4.979204819115868,0.41788869609072
clotrimazole,Clc1ccccc1C(c1ccccc1)(c1ccccc1)n1ccnc1,0,train,0.0233775373197126,0.6433543236017361,0.0004321661127876,0.7655685562397092,0.894656837757242,2070.168880170467,2419.2356502385505,2704.093399993653,3.2295580629239584,0.7747111374213538
drospirenone,C[C@]12CC[C@H]3[C@H]([C@@H]1[C@@H]1C[C@@H]1[C@@]21CCC(=O)O1)[C@H]1C[C@H]1C1=CC(=O)CC[C@@]13C,0,train,0.5780951269990521,0.9856317929556568,0.0009781130740021,0.1689081665136923,0.9201279895753128,940.7174017319256,5124.562236864618,5569.401534269022,3.9840489300001702,0.2808331070705738
enalapril,CCOC(=O)[C@H](CCc1ccccc1)N[C@@H](C)C(=O)N1CCC[C@H]1C(=O)O,0,train,0.3701319019444895,0.9575481908359796,0.0004214337855483,0.28827324230102,0.810485837068243,1923.1629377165875,5407.0100677822575,6671.319621501279,4.312377674229975,0.1982600252067197
ergotamine,CN1C[C@H](C(=O)N[C@]2(C)O[C@@]3(O)[C@@H]4CCCN4C(=O)[C@H](Cc4ccccc4)N3C2=O)C=C2c3cccc4[nH]cc(c34)C[C@H]21,0,train,0.3883478372224285,0.9612559240062816,0.0002023943057531,0.2756574841407895,0.8288395816436053,4095.172433627519,12313.255405438871,14856.017591512033,5.184070682547659,0.2088746579711037
tramadol,COc1cccc([C@@]2(O)CCCC[C@@H]2CN(C)C)c1,0,train,0.1720261153723453,0.8857333714894562,0.0007123762883396,0.464194350062472,0.7917734513119872,1111.4539664948777,1895.8002028840128,2394.372026168126,3.202248599739,0.4462815618213475
tazanolast,CCCCOC(=O)C(=O)Nc1cccc(-c2nnn[nH]2)c1,0,train,0.7897438110936575,0.997121173615416,0.0018885406009766,0.0758245681017442,0.926129520109046,490.3942862706392,5989.7291389596185,6467.485388279562,4.730524794631913,0.0188994495335407
prednisone,C[C@]12CC(=O)[C@H]3[C@@H](CCC4=CC(=O)C=C[C@@]43C)[C@@H]1CC[C@]2(O)C(=O)CO,0,train,0.5069255624481994,0.9784934699102252,0.0008929575234191,0.2062777965343024,0.920657632647902,1031.0206348031556,4601.644155584932,4998.214311600448,3.850924396199019,0.2921360419972348
clindamycin,CCC[C@@H]1C[C@H](C(=O)N[C@H]([C@H](C)Cl)[C@H]2O[C@H](SC)[C@H](O)[C@@H](O)[C@H]2O)N(C)C1,0,train,0.322268583871961,0.94664033915126,0.0003649278408518,0.3222918992025511,0.8181104842149806,2241.8417907093312,5690.7240841878165,6955.935896174661,4.185242569914165,0.2891798955433414
danazol,C#C[C@]1(O)CC[C@H]2[C@@H]3CCC4=Cc5oncc5C[C@]4(C)[C@H]3CC[C@@]21C,0,train,0.5353566107016761,0.9813059895322642,0.0010553818098084,0.1924540332341819,0.9506177697196676,900.7335173724458,4449.131426382941,4680.252745217426,3.855004906106683,0.3535356777261866
fluparoxan,Fc1cccc2c1O[C@H]1CNC[C@@H]1O2,0,train,0.4296706971906634,0.9674411255675134,0.0023063048495316,0.2530961646502426,0.7655550292085223,331.9400856153001,1004.0389284044288,1311.5176441887736,2.6041775640873346,0.1123971508915633
dutasteride,C[C@]12CC[C@H]3[C@@H](CC[C@H]4NC(=O)C=C[C@]34C)[C@@H]1CC[C@@H]2C(=O)Nc1cc(C(F)(F)F)ccc1C(F)(F)F,0,train,0.6043181122559961,0.9876823064482592,0.0004150118646043,0.156472558389792,0.9340902223060552,2250.755465019004,13436.2772252935,14384.346291648792,5.333643406261825,0.2183446621329451
bezafibrate,CC(C)(Oc1ccc(CCNC(=O)c2ccc(Cl)cc2)cc1)C(=O)O,0,train,0.8375426653866248,0.9983111576085432,0.0015726013744824,0.058093309376297,0.9963273392203996,633.5536489965733,10865.740446449428,10905.793727342249,5.564280846626488,0.0967073709095489
letrozole,N#Cc1ccc(C(c2ccc(C#N)cc2)n2cncn2)cc1,0,train,0.2772560806219061,0.9308916443037044,0.0005203684406446,0.3652954236854677,0.7303730092146087,1403.5689949025411,2806.300993603372,3842.2846383946594,3.756492779021994,0.2798860267494475
quercetin,O=c1c(O)c(-c2ccc(O)c(O)c2)oc2cc(O)cc(O)c12,0,train,0.49914692829476,0.9777848331807276,0.0009507261604407,0.2096111161215858,0.8323684715299513,875.5081180727079,3476.6541371285484,4176.821030640692,3.7562898821875295,0.1001101945779258
emivirine,CCOCn1c(Cc2ccccc2)c(C(C)C)c(=O)[nH]c1=O,0,train,0.1092880156807886,0.8143041187856207,0.0004016543231709,0.5804384567969061,0.6938214227201243,1727.409323625655,2064.841811398648,2976.0421684638154,3.345433218358303,0.3842991621922696
lopinavir,Cc1cccc(C)c1OCC(=O)N[C@@H](Cc1ccccc1)[C@@H](O)C[C@H](Cc1ccccc1)NC(=O)[C@H](C(C)C)N1CCCNC1=O,0,train,0.4222318545718952,0.9671556927166516,0.0001605368379252,0.2541847085207405,0.825462089277359,5141.885812286777,16698.218512580286,20228.93447135597,5.783692509991758,0.1502363658536452
ebastine,CC(C)(C)c1ccc(C(=O)CCCN2CCC(OC(c3ccccc3)c3ccccc3)CC2)cc1,0,train,0.7041288845693462,0.9938146623352232,0.0004864615349539,0.1110514156934792,0.9408781591534122,1934.1265270697004,16386.800609386348,17416.495908599834,6.168089556700399,0.1200535389500603
budipine,CC(C)(C)N1CCC(c2ccccc2)(c2ccccc2)CC1,0,train,0.216291999000787,0.9070181517579776,0.0005352334485496,0.4210915249462306,0.7381916138121998,1379.195593647128,2417.7893895324805,3275.286990929675,3.4713184949712765,0.3331662150316244
efonidipine,CC1=C(C(=O)OCCN(Cc2ccccc2)c2ccccc2)[C@H](c2cccc([N+](=O)[O-])c2)C(P2(=O)OCC(C)(C)CO2)=C(C)N1,0,train,0.4169211089929189,0.9661540438399796,0.00018741538408,0.2579658186110223,0.8872454450042526,4734.112140044544,16282.465076225357,18351.703204458056,5.582316735450222,0.2341487303443013
linezolid,CC(=O)NC[C@H]1CN(c2ccc(N3CCOCC3)c(F)c2)C(=O)O1,0,train,0.6105686161428672,0.988248103403298,0.0009741418982419,0.1528583858340277,0.9111705665701216,935.3571263227288,5575.552025403884,6119.109012038967,4.326592457101643,0.1503514923434014
tacrolsimus,C=CC[C@@H]1C=C(C)C[C@H](C)C[C@H](OC)[C@@H]2O[C@](O)(C(=O)C(=O)N3CCCC[C@H]3C(=O)O[C@H](/C(C)=C/[C@@H]3CC[C@@H](O)[C@H](OC)C3)[C@H](C)[C@@H](O)CC1=O)[C@H](C)C[C@@H]2OC,0,train,0.4019498944508207,0.9637088124916716,0.0001117455469957,0.2669556605990814,0.8233304727458909,7367.904089969133,22723.698549516885,27599.729758247668,5.989683713402545,0.1585794890394146
rifamycin-SV,CO[C@H]1C=CO[C@@]2(C)Oc3c(C)c(O)c4c(O)c(cc(O)c4c3C2=O)NC(=O)C(C)=CC=C[C@H](C)[C@H](O)[C@@H](C)[C@@H](O)[C@@H](C)[C@H](OC(C)=O)[C@H]1C,0,train,0.1853507170458666,0.8886087299455496,9.431352595048372e-05,0.4586660278073331,0.7196523109064362,7630.425261422911,11972.225627507118,16636.12475922926,5.095808794905156,0.2904629342488964
fluvastatin,CC(C)n1c(/C=C\[C@@H](O)C[C@@H](O)CC(=O)O)c(-c2ccc(F)cc2)c2ccccc21,1,train,0.2392165087799425,0.9178489462437894,0.0002723645958223,0.3969298576312512,0.7485199734339397,2748.2278714453187,5182.536445105917,6923.711629671428,4.248572151820292,0.3256489049004017
oxcarbazepine,NC(=O)N1c2ccccc2CC(=O)c2ccccc21,0,train,0.1297219098535641,0.8451732305485632,0.0007298771582537,0.5344924792399846,0.7196663668092013,986.0102603170048,1327.6116114635308,1844.7598396876435,2.8708585329563405,0.4193857456672281
atorvastatin,CC(C)c1c(C(=O)Nc2ccccc2)c(-c2ccccc2)c(-c2ccc(F)cc2)n1CC[C@@H](O)C[C@@H](O)CC(=O)O,0,train,0.2629148910318538,0.9287944575228242,0.0001741994333827,0.3705952720622359,0.8136532229269539,4670.814405804731,10254.915487260829,12603.545587112449,4.963779618399964,0.3578500706454733
trimipramine,C[C@H](CN(C)C)CN1c2ccccc2CCc2ccccc21,0,train,0.2257782319081014,0.9124441707454116,0.0005438906518465,0.4092012161183275,0.7546478818461266,1387.4992689873282,2558.8227579987374,3390.7505997883177,3.529771007844339,0.312745431759327
clomipramine,CN(C)CCCN1c2ccccc2CCc2ccc(Cl)cc21,1,train,0.1818672878964777,0.8537810067321985,0.0002688148661158,0.5206323007107352,0.587771515822227,2186.5290573956,2468.497434178227,4199.756823406241,3.749861484024191,0.2246183792140142
desipramine,CNCCCN1c2ccccc2CCc2ccccc21,0,train,0.1639140335880058,0.8689953452832712,0.0005437340468996,0.4948202601713155,0.686942249678944,1263.379134699952,1753.9065694031024,2553.208177576536,3.2335123522846745,0.3456058706706045
imipramine,CN(C)CCCN1c2ccccc2CCc2ccccc21,1,train,0.1868427336366598,0.8835338466066792,0.0004761881827753,0.4683673151495575,0.6778098891761342,1423.4076226456043,2059.9212023362584,3039.084019325914,3.410268109377333,0.2785891152660071
buprenorphine,CO[C@]12CC[C@@]3(C[C@@H]1[C@](C)(O)C(C)(C)C)[C@H]1Cc4ccc(O)c5c4[C@@]3(CCN1CC1CC1)[C@@H]2O5,0,train,0.2386267428265232,0.9168320226915176,0.0002701195976499,0.3992731423065928,0.7358829964249147,2724.2858453329363,5021.012982241055,6823.11319412769,3.946668420260587,0.266776525984335
tadalafil,CN1CC(=O)N2[C@H](Cc3c([nH]c4ccccc34)[C@H]2c2ccc3c(c2)OCO3)C1=O,0,train,0.2015945870368002,0.8854358031737289,0.0002398570106181,0.4647617007220941,0.6403205771184404,2669.592918998443,3678.0037509728536,5744.003679414056,3.9402410097216976,0.1961828607937189
dihydrocodeine,COc1ccc2c3c1O[C@H]1[C@@H](O)CC[C@H]4[C@@H](C2)N(C)CC[C@]314,0,train,0.1763967113734198,0.8890626425027864,0.0007522280098054,0.4577855586472364,0.8198842985897693,1089.9411985494546,1952.061742003156,2380.8990431464204,2.9994342224337887,0.4298747844009545
brotizolam,Cc1nnc2n1-c1sc(Br)cc1C(c1ccccc1Cl)=NC2,0,train,0.1464634838389802,0.8348250124974717,0.0002485162527583,0.5505153935255548,0.6267606745876783,2522.0108046502423,2871.3042574832625,4581.181260889068,3.559175774504874,0.3789598680763736
irinotecan,CCc1c2c(nc3ccc(OC(=O)N4CCC(N5CCCCC5)CC4)cc13)-c1cc3c(c(=O)n1C2)COC(=O)[C@]3(O)CC,0,train,0.8075536335012602,0.9976209926343504,0.0005004631666088,0.0689373270097804,0.9547934582776696,1907.8196398495957,26423.6196950836,27674.697041545056,6.908739796313982,0.0524516078419918
acebutolol,CCCC(=O)Nc1ccc(OC[C@@H](O)CNC(C)C)c(C(C)=O)c1,0,train,0.5385490318770644,0.9821274550898792,0.0006452445953186,0.1882170607534749,0.8716628817640096,1350.9030344276473,6256.2449294395765,7177.367604295173,4.687485129121861,0.1158911894851987
acetylsalicylic-acid,CC(=O)Oc1ccccc1C(=O)O,1,train,0.1972922116456339,0.8865230864340856,0.0014201282679323,0.462684360249385,0.6582515890340346,463.51558792108807,659.4341596648047,1001.796532891786,2.4283459606697444,0.0974302637444106
acetaminophen,CC(=O)Nc1ccc(O)cc1,1,train,0.6533915840154584,0.9910842989277514,0.0061480305886229,0.1332363029316244,0.8698360175921537,141.48205755543952,923.668600801118,1061.8881974535632,2.652449289840219,0.0262216887308787
acetanilide,CC(=O)Nc1ccccc1,0,train,0.5651148163431634,0.9844413219945692,0.0060355247683749,0.1757136407612817,0.8284603292475969,137.2640095172136,647.1767702597942,781.180157229202,2.406548294571052,0.0303501720769197
clofibric-acid,CC(C)(Oc1ccc(Cl)cc1)C(=O)O,0,train,0.6783009175039819,0.9922739842248112,0.0038380905518707,0.1240658705310181,0.9846237997872244,256.5400129257761,2035.9781561464083,2067.77264228874,3.1869797712322536,0.2487686398440331
clofibrate,CCOC(=O)C(C)(C)Oc1ccc(Cl)cc1,0,train,0.3451436702971166,0.9522113884908718,0.0012941527321096,0.3054398003343474,0.855370761997127,660.9503969463847,1850.9625924960276,2163.9301630726586,3.103689678234859,0.3991384342932443
flutamide,CC(C)C(=O)Nc1ccc([N+](=O)[O-])c(C(F)(F)F)c1,0,train,0.5251773848569249,0.9807610892702572,0.0013079665689931,0.1952118996716612,0.8633248475901407,660.0511573126304,2919.0769914491325,3381.203494371044,3.549581279007572,0.1064278413487712
fluvoxamine,COCCCC/C(=N/OCCN)c1ccc(C(F)(F)F)cc1,0,train,0.3320144776299776,0.9480262995945792,0.0004515210344059,0.3181919786496968,0.7624508633335982,1688.6275615856014,4046.2853515150273,5306.9457273925855,4.164483730851005,0.2035771725273509
albuterol,CC(C)(C)NC[C@@H](O)c1ccc(O)c(CO)c1,0,train,0.4377094971062901,0.9695853274316308,0.0012575415228631,0.2447535348657858,0.8267407375969282,657.4261943372173,2220.687097001235,2686.074359243581,3.4095803219885044,0.1982185167500534
gemfibrozil,Cc1ccc(C)c(OCCCC(C)(C)C(=O)O)c1,0,train,0.4403013146420929,0.9697386965565364,0.0013607206299008,0.2441451625587328,0.9037262894482784,664.1527067272849,2458.4237303218724,2720.318927341077,3.416140054414977,0.2914139681444559
alprenolol,C=CCc1ccccc1OC[C@@H](O)CNC(C)C,0,train,0.4535564235222158,0.9717693221157506,0.001189274104601,0.235933008700975,0.8988974722768962,755.8370848228083,2879.7159360666965,3203.608892983548,3.703209443720637,0.2233595881063093
amiflamine,Cc1cc(N(C)C)ccc1C[C@H](C)N,0,train,0.5224538943679647,0.9804748482725948,0.0025082388836445,0.1966445318457456,0.8717709412596103,347.5629641754468,1540.8274493179842,1767.468237805292,3.083069272682452,0.1465816145750126
salicylic-acid,O=C(O)c1ccccc1O,0,train,0.3279927122539003,0.9408719632650784,0.0030867218659934,0.3387623779904089,0.6612376220096571,214.22002069397232,418.14069765017473,632.3607183441053,2.1396907683271147,9.399290850253371e-14
guanabenz,N=C(N)N/N=C\c1c(Cl)cccc1Cl,0,train,0.1860318740520505,0.8913597960857166,0.0009721359045423,0.453296496701695,0.7435235982858187,764.8350347020814,1254.5274477843195,1687.273209184768,2.83196666005908,0.3336267430139502
amphetamine,C[C@H](N)Cc1ccccc1,0,train,0.4911657335382137,0.9766601345344554,0.0056371924948997,0.2147905528908086,0.9144198883832442,162.2119324842213,690.5788695094855,755.2098092818993,2.438505281331952,0.2747739958552097
selegiline,C#CCN(C)[C@@H](C)Cc1ccccc1,1,train,0.5546727510354506,0.983535155571968,0.0027982636078098,0.1807168994699286,0.9181644419384408,328.11935207814975,1667.068894351899,1815.653948471759,3.189648509772995,0.2498200709204359
aniline,Nc1ccccc1,0,train,0.3505044571960336,0.9486080102086486,0.0076290346023319,0.3164535399833417,0.6854363448167526,89.84575120517059,194.605322811776,283.91450830317814,1.7468532327148718,0.0049363383634929
dexloxiglumide,CCCCCN(CCCOC)C(=O)[C@@H](CCC(=O)O)NC(=O)c1ccc(Cl)c(Cl)c1,0,train,0.3538420174357861,0.9537497361699908,0.0002853557960616,0.3006017976587516,0.8918664935092079,3125.4542778466744,9273.024875822171,10397.323975403317,4.970273012312877,0.3076263387706887
(-)-ibuprofen,CC(C)Cc1ccc([C@@H](C)C(=O)O)cc1,1,train,0.5478477648596747,0.982361995747602,0.0025209945889833,0.1869890620084196,0.9683382833616688,384.10962387356216,1989.1433745342476,2054.182312847084,3.275874758539348,0.2980726657639609
ibutilide,CCCCCCCN(CC)CCC[C@@H](O)c1ccc(NS(C)(=O)=O)cc1,0,train,0.7515525815794558,0.9958290411140934,0.0008413821931597,0.0912388123212111,0.9489328195515452,1127.8261261840353,11729.999532610162,12361.25391695655,5.726020293261079,0.1212365628329756
styrene,C=Cc1ccccc1,0,train,0.4705249865496574,0.9734556310707186,0.00790358917171,0.2288758054856582,0.7711241945365791,97.566330661104,328.7187039507667,426.2850346023913,2.0230948110072746,8.178424126678775e-11
sulfanilamide,Nc1ccc(S(N)(=O)=O)cc1,0,train,0.5178871567952118,0.9798159433190192,0.0046268029931469,0.1999017689212889,0.9115883945672232,197.02338654086392,898.4624478220725,985.6010159592014,2.458114916812104,0.1834455042180558
oxprenolol,C=CCOc1ccccc1OC[C@@H](O)CNC(C)C,0,train,0.2613350181744217,0.9281112133846284,0.0006772784860037,0.3723030695410827,0.8030100860526272,1185.6423947418125,2557.278946431587,3184.616221948661,3.612954113599912,0.2586203419368923
parathion,CCOP(=S)(OCC)Oc1ccc([N+](=O)[O-])cc1,0,train,0.4369157404556597,0.9692346706259378,0.0010698718857562,0.2461384839000798,0.902045688049966,843.1343042651755,3089.909597063065,3425.4468903263687,3.554145698310061,0.1518070647514047
benzene,c1ccccc1,0,train,0.2499999999967495,0.8660255720981158,0.0056353473142832,0.4999997084720461,0.5000002915326279,88.72572774092063,88.72583120592984,177.45155894602104,1.5072159134800842,1.348835774812205e-11
disulfamide,Cc1cc(Cl)c(S(N)(=O)=O)cc1S(N)(=O)=O,0,train,0.355750702357663,0.9541592461123428,0.0010527105401539,0.2992994037052619,0.7868648179496698,747.4655073127736,1965.103515256295,2497.383884028208,3.024635777627549,0.1545895000049021
pargyline,C#CCN(C)Cc1ccccc1,0,train,0.4173774267228044,0.9658985676919332,0.003176105970482,0.2589207541520607,0.9123269279405516,287.24700511239433,1012.136623008631,1109.4012376609178,2.750228853669606,0.3582467027702377
bisoprolol,CC(C)NC[C@H](O)COc1ccc(COCCOC(C)C)cc1,0,train,0.7985890202476138,0.9973500075912493,0.0015341613561349,0.072752748111226,0.9741137515883824,634.9486953852759,8501.565532374176,8727.487440262072,5.238813123320746,0.101463243547914
lidocaine,CCN(CC)CC(=O)Nc1c(C)cccc1C,1,train,0.4595011347809468,0.9728178725032264,0.0015183811701336,0.2315715590013077,0.8635635874461054,568.739658020203,2120.9118318369315,2455.999607520849,3.313440506771401,0.1918239127767594
phenacetin,CCOc1ccc(NC(C)=O)cc1,1,train,0.7355016680096207,0.995219734548046,0.0051195283231974,0.0976610463087346,0.9076484575784284,177.2914222323404,1647.7223213681398,1815.375002965576,3.186888425559479,0.038522200467316
phenformine,NC(N)=N/C(N)=N/CCc1ccccc1,0,train,0.7020347339746299,0.9936690790476256,0.0033294310036729,0.1123466125196647,0.9563852738445376,287.2518675982405,2445.3203340439973,2556.8360376505434,3.589476332114853,0.1862457133763794
phenol,Oc1ccccc1,0,train,0.348306547554584,0.9477620125050996,0.0075904361612738,0.3189783184673891,0.6810216815329326,89.72102090884924,191.55521548227952,281.27623639103825,1.72878789303141,1.313893441110799e-12
entacapone,CCN(CC)C(=O)/C(C#N)=C\c1cc(O)c(O)c([N+](=O)[O-])c1,0,train,0.2270447770058187,0.9100667098562524,0.0007970704575404,0.4144617999423051,0.955644491005364,1198.946068022973,2764.467569938151,2892.778220308533,3.3509673300437166,0.5165346300697116
bunitrolol,CC(C)(C)NC[C@H](O)COc1ccccc1C#N,0,train,0.5561641436352321,0.9837581396565696,0.0016049734472758,0.1794990881855543,0.9019535854654392,561.9741479189859,2823.828258840184,3130.7911009445024,3.62229837759378,0.1801733326901189
epinephrine,CNC[C@H](O)c1ccc(O)c(O)c1,0,train,0.56850418859688,0.9847543570856336,0.0035555581740927,0.1739507292334817,0.9264990730611524,260.5776723924825,1387.8928418174098,1497.9970106519509,2.930391172529538,0.1679533411475202
bupranolol,Cc1ccc(Cl)c(OC[C@@H](O)CNC(C)(C)C)c1,0,train,0.5290155214970486,0.981157839169704,0.0011140954124551,0.1932079052105197,0.8616732672131645,773.4286108532356,3449.3555392771805,4003.089883980193,3.8901011200758018,0.1621935690269886
bupropion,C[C@@H](NC(C)(C)C)C(=O)c1cccc(Cl)c1,0,train,0.4043059054310959,0.9636227591146986,0.0014518560813606,0.2672661185338976,0.9108723648102196,627.3847501169281,2138.196319532344,2347.415952154655,3.2654804425626733,0.3771047276710139
ethylbenzene,CCc1ccccc1,0,train,0.3994193434469681,0.9632770139308792,0.0074113359829419,0.2685095797777214,0.8264269302352651,111.50849619250644,343.2042323399069,415.28684482995294,2.0241733556512087,0.2089266713036092
tocainide,Cc1cccc(C)c1NC(=O)[C@H](C)N,0,train,0.3849577269031933,0.959898934522286,0.0018937799447605,0.2803462778475577,0.7753652599702057,409.42732660960746,1132.370038842412,1460.434323412845,2.7942185831585142,0.1144176253423851
tolbutamide,CCCCNC(=O)NS(=O)(=O)c1ccc(C)cc1,1,train,0.2620366841355628,0.9284684363664456,0.0007831101222474,0.3714113119861151,0.8117679105616115,1036.5948383247744,2265.613347924393,2790.961946693553,3.356914304668444,0.2955601349488685
cathinone,C[C@H](N)C(=O)c1ccccc1,0,train,0.3257884832336855,0.9475848823012762,0.0033762040533922,0.3195041327339543,0.8426776527071208,249.59322344881244,658.2908016485177,781.1893427264195,2.379222377307713,0.3209510631017675
probenecid,CCCN(CCC)S(=O)(=O)c1ccc(C(=O)O)cc1,0,train,0.3152060808206589,0.9427107174819068,0.0009581488213504,0.3336113054810172,0.9381692056792142,979.1476906029444,2753.522425779636,2934.9955307754367,3.417996047333011,0.2858139922328399
procainamide,CCN(CC)CCNC(=O)c1ccc(N)cc1,0,train,0.4309791790000086,0.9682004148343044,0.0014405079503458,0.2501758515818043,0.9092658597538956,631.2119690388192,2294.1442592726034,2523.0731305512154,3.402366504985549,0.3171728583468867
toluene,Cc1ccccc1,0,train,0.3450687320148031,0.947772494064998,0.0075397400637496,0.31894717351595,0.6922701302169991,91.81617991651552,199.28566265740872,287.8726872051241,1.772508272879165,0.0601946504647935
methamphetamine,CN[C@@H](C)Cc1ccccc1,0,train,0.4291684183481727,0.9682787690615482,0.0036722585796936,0.249872418215082,0.8721732527173414,237.50322418474417,828.9988989091283,950.4979616450069,2.599559159342636,0.2728709895564854
chlorguanide,CC(C)/N=C(N)\N=C(/N)Nc1ccc(Cl)cc1,1,train,0.4592862655055414,0.9725578183418098,0.0013527119469279,0.2326613203397149,0.9020374348311704,666.8363038263207,2585.35156629177,2866.124471625345,3.472233507927001,0.3983885001933052
methiocarb,CNC(=O)Oc1cc(C)c(SC)c(C)c1,0,train,0.5769145947876202,0.985597067530746,0.0023421016897188,0.1691106752242274,0.9048752909907144,386.3518373104191,2067.2865905568656,2284.6093943989454,3.242655136268533,0.117262293853252
felbamate,NC(=O)OCC(COC(N)=O)c1ccccc1,0,train,0.2241343604202245,0.9103121059393876,0.0008072160290043,0.4139225407974268,0.733099785187584,908.1828889000566,1608.4861662305727,2194.0889886074606,3.144273581772874,0.3099142368661779
propofol,CC(C)c1cccc(C(C)C)c1O,1,train,0.3127437773618631,0.9441333647738442,0.0022600982424931,0.3295636350097188,0.8500902192012177,376.1297642811588,970.2048399740564,1141.2963213312862,2.641391361737812,0.3417496721665145
fenfluramine,CCN[C@H](C)Cc1cccc(C(F)(F)F)c1,0,train,0.6255923694723206,0.989262091745278,0.0022641564442513,0.1461523651391152,0.9292672798305656,410.425384778488,2609.5703653066976,2808.2021415652384,3.5497759873410195,0.1729753573281262
metoclopramide,CCN(CC)CCNC(=O)c1cc(Cl)c(N)cc1OC,0,train,0.6329283680836888,0.9898325548166288,0.001168961079714,0.1422375246732922,0.8913575422984483,762.5211461415963,4778.478649263163,5360.900000847484,4.264016065112335,0.1023679940356199
metoprolol,COCCc1ccc(OC[C@@H](O)CNC(C)C)cc1,0,train,0.6711427958750453,0.992059367164293,0.0015412312262906,0.1257704735682531,0.9486025676995258,615.4836156431638,4642.18128159667,4893.7051613243175,4.357042600582957,0.13165793949492
chloramphenicol,O=C(N[C@H](CO)[C@H](O)c1ccc([N+](=O)[O-])cc1)C(Cl)Cl,0,train,0.4004560804336862,0.9635056039651412,0.000704186550057,0.2676881602308331,0.8374418879542128,1189.2330063479917,3720.424292186585,4442.605923707985,3.804112734065472,0.1961721708252704
mexiletine,Cc1cccc(C)c1OC[C@@H](C)N,0,train,0.3716942651893433,0.9575734140319884,0.0021124345772875,0.2881894459190382,0.789673935397716,373.8217239426661,1024.3167335346975,1297.1388412595952,2.741835522954392,0.164118176338724
zatosetron,CN1[C@H]2CC[C@@H]1CC(NC(=O)c1cc(Cl)cc3c1OC(C)(C)C3)C2,0,train,0.4406016618754557,0.9699893320958046,0.0006142334222609,0.2431474771004928,0.8223110874431803,1338.75992031868,4527.610728395946,5505.958508322793,4.037154876562288,0.1991696574304599
quinacrine,CCN(CC)CCC[C@@H](C)Nc1c2ccc(Cl)cc2nc2ccc(OC)cc12,0,train,0.2903605405749592,0.9377135222367646,0.0003550938970486,0.3474094849227933,0.8131143624653488,2289.8573285083444,5359.427311607376,6591.234344155088,4.219260825559523,0.3176951060934787
ecabapide,CNC(=O)c1cccc(NCC(=O)NCCc2ccc(OC)c(OC)c2)c1,0,train,0.6234429611499771,0.989053696720899,0.0006303920948443,0.1475560402109105,0.94132719170838,1493.2407931620078,9526.06318495969,10119.821533755114,5.334404313772832,0.1859196212120425
eletriptan,CN1CCC[C@@H]1Cc1c[nH]c2ccc(CCS(=O)(=O)c3ccccc3)cc12,1,train,0.3688271748257227,0.9574309727484,0.0004356414736064,0.2886623155558279,0.8454636271231457,1940.732639902261,5684.2156685696855,6723.193625622114,4.330625727793072,0.2462150466042702
dorzolamide,CCN[C@H]1C[C@H](C)S(=O)(=O)c2sc(S(N)(=O)=O)cc21,1,train,0.272342659674428,0.930892301183006,0.0006401505816445,0.3652937497387651,0.7645072678854938,1194.2616156365902,2499.417757801168,3269.3185046025296,3.2757436937059565,0.2144978161474849
cyclobenzaprine,CN(C)CCC=C1c2ccccc2C=Cc2ccccc21,0,train,0.2616605220681477,0.9280033700853138,0.0006673687866147,0.3725717985976665,0.7910491904344752,1185.325424713297,2516.6980462560614,3181.468455676937,3.5351787688867486,0.2818767333862105
acenocoumarol,CC(=O)C[C@@H](c1ccc([N+](=O)[O-])cc1)c1c(O)c2ccccc2oc1=O,1,train,0.2554705619777755,0.9260085333439804,0.000470322169119,0.377502577705279,0.8561311579482808,1820.3078956535887,4128.242821549645,4821.974744433999,3.904030404955966,0.3714261708710524
S-(-)-warfarin,CC(=O)C[C@@H](c1ccccc1)c1c(O)c2ccccc2oc1=O,1,train,0.1630879770222379,0.8806647876416306,0.0005754367550231,0.4737399411155045,0.831890401951879,1445.6678248131748,2538.602054622856,3051.606375871737,3.3778012666971096,0.3897445157038286
phenprocoumon,CC[C@H](c1ccccc1)c1c(O)c2ccccc2oc1=O,1,train,0.3115821408120922,0.9401824999144478,0.0010581305657278,0.3406712005066166,0.9702727418870084,916.9688253165572,2611.6380106146507,2691.6534886216405,3.330887129229975,0.4096445918382173
daunorubicine,COc1cccc2c1C(=O)c1c(O)c3c(c(O)c1C2=O)C[C@@](O)(C(C)=O)C[C@@H]3O[C@H]1C[C@H](N)[C@H](O)[C@H](C)O1,0,train,0.3047256005483243,0.94121605124856,0.0002057825616189,0.3378051877518582,0.7755815890912484,3768.9373822026528,8653.266882986356,11157.132924113655,4.727470897079733,0.1778339894022371
doxorubicine,COc1cccc2c1C(=O)c1c(O)c3c(c(O)c1C2=O)C[C@@](O)(C(=O)CO)C[C@@H]3O[C@H]1C[C@H](N)[C@H](O)[C@H](C)O1,0,train,0.2984757430340946,0.9364050067712978,0.0001659599340607,0.3509211639295153,0.7109862124198899,4284.083483423851,8679.796497488891,12208.108041851632,4.812092844544287,0.1266230019094366
atovaquone,O=C1C(=O)c2ccccc2C(O)=C1C1CCC(c2ccc(Cl)cc2)CC1,0,train,0.7676653936022678,0.996414880873024,0.0012591494161104,0.0846013308098459,0.9418373111469638,747.994875823657,8327.16785721616,8841.407914786669,4.941647185561573,0.1066730467726255
meloxicam,Cc1cnc(NC(=O)C2=C(O)c3ccccc3S(=O)(=O)N2C)s1,1,train,0.5582472412800609,0.9839734455391737,0.0009341318692345,0.1783150539740461,0.8563443899220391,916.7275179507252,4402.513694657106,5141.05510174231,3.857896353828431,0.055209666332715
risperidone,Cc1nc2n(c(=O)c1CCN1CCC(c3noc4cc(F)ccc34)CC1)CCCC2,0,train,0.7769647475800292,0.996718470887636,0.0009369137719315,0.0809462154236532,0.9495868354366984,1013.5263925932576,11889.76303261453,12520.985536985288,5.564887803483576,0.095771736971183
cortsione,C[C@]12CC(=O)[C@H]3[C@@H](CCC4=CC(=O)CC[C@@]43C)[C@@H]1CC[C@]2(O)C(=O)CO,0,train,0.5483137005325701,0.9829520351072776,0.0009477177932005,0.1838621676105809,0.91395011755815,964.369482260796,4793.730070389013,5245.0675133088025,3.9068014549612697,0.2617944081406201
pravastatin,CC[C@H](C)C(=O)O[C@H]1C[C@H](O)C=C2C=C[C@H](C)[C@H](CC[C@@H](O)C[C@@H](O)CC(=O)O)[C@H]21,0,train,0.4318712034270812,0.9686422926176468,0.0003767498160657,0.2484594714484209,0.881911320060388,2340.8407448470184,8308.855924487221,9421.41883825494,4.861995118486332,0.2648556145128518
oxamniquine,CC(C)NC[C@@H]1CCc2cc(CO)c([N+](=O)[O-])cc2N1,0,train,0.4821434720778279,0.9752907935001368,0.0011291085050437,0.2209250282649598,0.9327171202226509,826.0650912256807,3487.5408144360167,3739.119545273811,3.7965566454668775,0.2845124190475684
tacrine,Nc1c2c(nc3ccccc13)CCCC2,0,train,0.4416578297525902,0.9693795957399348,0.002073749704579,0.2455670974765972,0.769930464864046,371.2745386600626,1164.0630242411385,1511.906694647663,2.7721149036366426,0.0814461981006696
tropisetron,CN1[C@H]2CC[C@@H]1CC(OC(=O)c1c[nH]c3ccccc13)C2,1,train,0.7047029668430216,0.9938343743004988,0.0019731893891135,0.1108748684722379,0.9442900416742508,478.5602673945394,4075.76307479257,4316.219482274892,3.949358983719751,0.1378271151542154
piroxicam,CN1C(C(=O)Nc2ccccn2)=C(O)c2ccccc2S1(=O)=O,1,train,0.498207885690962,0.9777136800708168,0.0008961968631898,0.2099427536315094,0.8395333285963398,936.7733397416736,3746.0327944160185,4462.041787762267,3.714734613187988,0.0612336066863534
colchicine,COc1cc2c(c(OC)c1OC)-c1ccc(OC)c(=O)cc1[C@@H](NC(C)=O)CC2,0,train,0.191684723844086,0.894664550577425,0.0002980990255494,0.4467385610623893,0.7440561467950064,2496.003284222729,4157.166512847952,5587.1677571038,3.914301660580462,0.3316265258285626
penbutolol,CC(C)(C)NC[C@H](O)COc1ccccc1C1CCCC1,0,train,0.4384288421800399,0.969766053460942,0.0008346441004236,0.2440364758694676,0.8448019578632027,1012.1702860349692,3503.916520211816,4147.618844390982,3.855369371621995,0.1847234369907227
reboxetine,CCOc1ccccc1O[C@H](c1ccccc1)[C@H]1CNCCO1,0,train,0.2178548125231757,0.893774012247809,0.0003938906110333,0.4485175749404403,0.6341075057518261,1609.856868860836,2275.991802252892,3589.283806938028,3.453401168839847,0.1819843475014373
sulfadimethoxine,COc1cc(OC)nc(NS(=O)(=O)c2ccc(N)cc2)n1,0,train,0.3158162167551864,0.944837095045334,0.0007508703579231,0.3275406292756587,0.8056584208507557,1072.9660751014262,2639.1967176845437,3275.8258951698363,3.3554109655308544,0.223159536369881
sulfamerazine,Cc1ccnc(NS(=O)(=O)c2ccc(N)cc2)n1,0,train,0.3668839951577148,0.9570306686780208,0.0011512025296229,0.2899867224713927,0.8432139356610516,732.4635882594871,2129.8337376313048,2525.852156323277,3.1926258278324497,0.2088007945476011
sulfadiazine,Nc1ccc(S(=O)(=O)Nc2ncccn2)cc1,1,train,0.3013579731332726,0.9409148082687568,0.0011461397322521,0.3386433575025042,0.8104140767413566,707.0813915061967,1692.13037959633,2087.9824624966045,2.9940342259979063,0.2397420734232538
pilocarpine,CC[C@@H]1C(=O)OC[C@@H]1Cc1cncn1C,0,train,0.2735072672431544,0.9309352175662096,0.0017638005043129,0.365184365348455,0.90994876135625,515.9023138564696,1285.5004650228625,1412.717418403718,2.777871067161482,0.4957464416861853
olanzapine,Cc1cc2c(s1)Nc1ccccc1N=C2N1CCN(C)CC1,0,train,0.2530810620481704,0.9176578177295732,0.0004459078765312,0.3973715258543284,0.6789340057214048,1522.5880533954748,2601.436537086709,3831.648606733934,3.5681143578678856,0.1744218458118246
valproic-acid,CCCC(CCC)C(=O)O,1,train,0.1514133215196734,0.8447013897555826,0.0014796281760282,0.5352378556725854,0.6380568409329451,431.2278255241749,514.0665241821969,805.6751235995623,2.463885819470787,0.3464861413862846
acetone,CC(C)=O,0,train,0.2115286688857213,0.8728576944132899,0.0115004641142204,0.487974840850956,0.575224293103734,50.01748515457429,58.960565447787545,102.5001310873962,1.3492874538081627,0.3260434917466445
nitroglycerin,O=[N+]([O-])OCC(CO[N+](=O)[O-])O[N+](=O)[O-],0,train,0.4164444948182578,0.9658848136383392,0.0013991874136962,0.2589720579190555,0.795129976074954,568.2798231971333,1744.8072423467715,2194.3673296783054,3.1503329009694307,0.1494300490964001
nitrosamine,NN=O,0,train,0.5858585012806188,0.9863305374397724,0.1234124227901392,0.1647788545711184,0.8551920775594449,6.929546136645293,35.963916441620945,42.05361273253969,0.9606019142264294,0.0650317970590834
halothane,FC(F)(F)[C@H](Cl)Br,1,train,0.2031652398324483,0.8979451316204905,0.00256205384767,0.4401074193865178,0.7117077330375078,277.7879683070397,449.217251243992,631.1821979603496,1.8548644645225292,0.5889208385002253
sevoflurane,FCOC(C(F)(F)F)C(F)(F)F,0,train,0.160744981800231,0.8711365146693216,0.0015938049017573,0.4910409074708406,0.7134985505280832,447.66994363072354,650.4791169857422,911.6754568096904,2.241256374799396,0.3537567593740484
isoflurane,FC(F)O[C@@H](Cl)C(F)(F)F,0,train,0.2151328838643765,0.9050119320043,0.0021614031194291,0.4253861809342711,0.7206593671134675,333.42200750769064,564.8601287057836,783.8101528719138,2.13512015260147,0.3836239619219204
disulfiram,CCN(CC)C(=S)SSC(=S)N(CC)CC,0,train,0.2064266240377544,0.9045729920271052,0.000871913933071,0.4263187798996553,0.8782213598644644,1007.2340016075236,2074.913084527245,2362.631085228292,3.0298747008331395,0.3385613399661437
dimethyl-suldoxide,CS(C)=O,0,train,0.1298522058042684,0.8006091194816704,0.0083109043876294,0.5991869806686262,0.6061958034341531,72.9398119820097,73.79300511074274,121.73130314116132,1.31069770930079,0.3093879123930875
tauromustine,CN(C)S(=O)(=O)CCNC(=O)N(CCCl)N=O,1,train,0.5419316490302696,0.9823892019329374,0.0011667442112456,0.1868460754888001,0.9022991869050908,773.3479011151817,3734.577676012328,4138.957155466385,3.883022338746705,0.2128946664288784
enflurane,FC(F)OC(F)(F)[C@@H](F)Cl,0,train,0.314974403156136,0.9411187857754127,0.0038236359870252,0.3380760728898345,0.9712460846374984,254.01112656467137,729.7390496212051,751.3431056904267,2.1684969909442207,0.4040940840318359
malthion,CCOC(=O)C[C@@H](SP(=S)(OC)OC)C(=O)OCC,0,train,0.2751374446262863,0.932390947898018,0.0005812992086287,0.3614514079068378,0.7824673872684275,1346.0664932165455,2913.9549853633303,3724.05934455092,3.4761707954378465,0.1641367442740136
busufan,CS(=O)(=O)OCCCCOS(C)(=O)=O,0,train,0.5505060844878635,0.9831292552943164,0.0019194264273339,0.1829121848987723,0.9193822508813028,478.98801318388,2407.5655645897564,2618.677445950157,3.342991565014896,0.2257009015044588
methoxyflurane,COC(F)(F)C(Cl)Cl,0,train,0.151041515289034,0.8707407723928802,0.0027690222792075,0.4917423179803122,0.7803391091305005,281.81033969644125,447.200945254602,573.085393288694,1.986595263387948,0.4307742221659854
carisoprodol,CCC[C@@](C)(COC(N)=O)COC(=O)NC(C)C,0,train,0.4327281231069858,0.9688910319574424,0.00109584481976,0.2474877132151053,0.8577996215169463,782.7747196038149,2713.1199746695293,3162.883156641647,3.5761589990321525,0.2195841460105786
ethanol,CCO,0,train,0.4291888679560864,0.9682817954694262,0.0574536747566304,0.2498606903106294,0.8722137446457461,15.181165492727494,52.99441535215887,60.7585189725287,1.1829448714364277,0.4814783012301125
n-propanol,CCCO,0,train,0.3396209552130593,0.9509202805061412,0.023998047499421,0.3094359709570327,0.8547170895407101,35.616109583970605,98.37801801200864,115.10009477507108,1.4396073199481794,0.5459471687261286
chloroform,ClC(Cl)Cl,1,train,0.2220145168243306,0.8544180446383903,0.0033244961290269,0.519586186302436,0.5195874756388231,156.29059426545317,156.29098209552924,300.7982090087379,1.6028304427407627,0.5860056338377861
methomyl,CNC(=O)O/N=C(\C)SC,0,train,0.5990074579872179,0.9873367030531556,0.0045350346410183,0.1586386926450327,0.8498571544583167,187.39816158658567,1003.927009869255,1181.2891197099348,2.704297124484558,0.0689817510986333
trichloroethylene,ClC=C(Cl)Cl,0,train,0.3887197177795555,0.9585378220105716,0.0052960459690237,0.2849653378487112,0.7150346621512935,135.01292593257187,338.7742614910831,473.7871874236527,1.898943977327186,5.915008639739579e-14
chloral-hydrate,OC(O)C(Cl)(Cl)Cl,0,train,0.0246047582690019,0.6484214110536872,0.0025950550184018,0.7612815994670732,0.8754863686627251,337.3671704278107,387.9777984265304,443.156869500039,1.87943803236618,0.7230951381365981
sulconazole,Clc1ccc(CS[C@@H](Cn2ccnc2)c2ccc(Cl)cc2Cl)cc1,0,train,0.3077122843731396,0.9428139984417738,0.0004226518435642,0.3333193128851595,0.8317192394845989,1967.8590124454388,4910.32513860947,5903.825360168785,4.008437429019939,0.3496365100870226
nateglinide,CC(C)C1CCC(C(=O)N[C@H](Cc2ccccc2)C(=O)O)CC1,1,train,0.4242843705577775,0.967449281276594,0.0007412130992976,0.2530649880117775,0.8788802177416632,1185.7321714558236,4117.979959297609,4685.484866048085,3.9666783940830177,0.2110329041425448
nimorazole,O=[N+]([O-])c1cncn1CCN1CCOCC1,0,train,0.4971009046985951,0.977629037036598,0.0018640163936098,0.2103365539864487,0.8537716905577918,458.0279945416054,1859.169639376024,2177.595790464052,3.151802631611629,0.1886117067777747
clomethiazole,Cc1ncsc1CCCl,0,train,0.2883271674276506,0.9369560768673992,0.0029666055015284,0.3494471491102084,0.8014082117177345,270.14316912202383,619.5356139693805,773.0587295099846,2.267773061768962,0.2848970688508206
famotidine,NC(N)=Nc1nc(CSCC/C(N)=N\S(N)(=O)=O)cs1,0,train,0.7056312701525453,0.9938127818296372,0.0012865678763324,0.1110682433103078,0.965185959412513,750.2021285996104,6519.276254534265,6754.425083537686,4.558383730218741,0.146771375208592
labetalol,C[C@@H](CCc1ccccc1)NC[C@H](O)c1ccc(O)c(C(N)=O)c1,0,train,0.7629850599627642,0.9961870810224644,0.001363480224539,0.0872427624731241,0.9785793577583806,717.7070412511306,8050.333065766445,8226.551073187607,5.086638267610381,0.1475756941152019
aminopyrine,Cc1c(N(C)C)c(=O)n(-c2ccccc2)n1C,1,train,0.4096351273998619,0.9649395228198407,0.0014799562335391,0.2624723172073926,0.8108554083046118,547.891478091579,1692.600472694923,2087.425767109231,3.058705206189676,0.1716933173882135
antipyrine,Cc1cc(=O)n(-c2ccccc2)n1C,1,train,0.3955570870056032,0.962216345695992,0.0022169800045627,0.2722860702927191,0.7927560664645961,357.5837692866096,1041.0988048947445,1313.2650116922684,2.683992060761019,0.1647194914703252
medazepam,CN1CCN=C(c2ccccc2)c2cc(Cl)ccc21,0,train,0.1580109790609574,0.86119661950774,0.000515866898794,0.5082719572713421,0.6729355124829122,1304.4750769162338,1727.0825034661157,2566.490356696655,3.2152048628680614,0.3733996262524691
lomustine,O=NN(CCCl)C(=O)NC1CCCCC1,0,train,0.2553797690483297,0.9217781163725988,0.0008451660793576,0.3877178151395467,0.7120676183476164,842.5179804764668,1547.336099469651,2173.018488132224,3.124465582938302,0.3277649949592369
eprosartan,CCCCc1ncc(/C=C(/Cc2cccs2)C(=O)O)n1Cc1ccc(C(=O)O)cc1,0,train,0.2841459289646248,0.9353908084260296,0.0003387304575033,0.3536156607279981,0.7869518485688807,2323.2391157535058,5170.23853820792,6569.955388770368,4.069870366248674,0.2575427286831151
ropinirole,CCCN(CCC)CCc1cccc2c1CC(=O)N2,0,train,0.3804893085491165,0.959196341739864,0.0008037136214588,0.2827408318458124,0.7829123765318158,974.118586059002,2697.344745916156,3445.2702840961438,3.696755366297522,0.167002467083513
losigamone,COC1=CC(=O)O[C@H]1[C@H](O)c1ccccc1Cl,0,train,0.2993834325841563,0.9393568662444493,0.001004890775165,0.3429412163030396,0.7647756984401453,761.0535566062329,1697.18668283247,2219.1953618480456,3.030406362256912,0.1528699193259032
ganaxolone,CC(=O)[C@H]1CC[C@H]2[C@@H]3CC[C@H]4C[C@](C)(O)CC[C@]4(C)[C@H]3CC[C@]12C,0,train,0.605922165332109,0.9878137030422872,0.0012289178195144,0.1556408946321115,0.932515668470389,758.8104376570925,4546.379819948174,4875.392418237463,3.9125257568742704,0.2125427178406631
chenodiol,C[C@H](CCC(=O)O)[C@H]1CC[C@H]2[C@H]3[C@H](CC[C@@]21C)[C@@]1(C)CC[C@@H](O)C[C@@H]1C[C@H]3O,0,train,0.5885021559707314,0.986558905609711,0.0007290583176727,0.1634060150734034,0.905252315097964,1241.673393134879,6878.741356161034,7598.700651118063,4.474401665464679,0.2080191400314167
oltipraz,Cc1c(-c2cnccn2)ssc1=S,0,train,0.4633083383678973,0.973251687339258,0.0020124601568708,0.2297414918800846,0.827045753470695,410.9625478283505,1479.4229254606746,1788.8042097456891,2.850820563505887,0.1738485406312573
clemastine,CN1CCC[C@@H]1CCO[C@](C)(c1ccccc1)c1ccc(Cl)cc1,0,train,0.2014176290388572,0.9012664506387756,0.0003697736885883,0.4332652593423382,0.7641983780772442,2066.6651026322456,3645.2083000093694,4769.976493774915,3.903814251498855,0.4436963580618386
dolasetron,O=C(OC1C[C@@H]2CC3C[C@H](C1)N2CC3=O)c1c[nH]c2ccccc12,1,train,0.7431042641784049,0.9954982873481047,0.0017150030943296,0.09477953305957,0.9519046740552598,555.0454557210858,5574.5195883372735,5856.174195036742,4.298237213734445,0.1389072282505315
pyrimethamine,CCc1nc(N)nc(N)c1-c1ccc(Cl)cc1,0,train,0.5170235163099949,0.9798671615153148,0.0016726650049327,0.1996505591875971,0.8840868944761126,528.549884088514,2340.509475660675,2647.3749246646184,3.330132328691414,0.3048701063799086
rogletimide,CC[C@@]1(c2ccncc2)CCC(=O)NC1=O,0,train,0.348437238822,0.951206925645898,0.0019630086442067,0.3085536980871875,0.9411777401147404,479.45674762683234,1462.481315283654,1553.884301497994,2.82993580892406,0.5862060530538357
aprindine,CCN(CC)CCCN(c1ccccc1)C1Cc2ccccc2C1,0,train,0.3409108995269044,0.951278101901729,0.0005502633675761,0.3083341901934386,0.8314748117955633,1511.048819146524,4074.7963491351416,4900.685253875161,4.032169187354071,0.2870946118910232
methylphenidate,COC(=O)[C@H](c1ccccc1)[C@H]1CCCCN1,0,train,0.178678329831387,0.8797094118299639,0.0007328144361082,0.4755116725568143,0.6869891063951508,937.4666662457756,1354.3923829598052,1971.4903342015573,3.022684764260322,0.3034549424130662
gatifloxacin,COc1c(N2CCN[C@@H](C)C2)c(F)cc2c(=O)c(C(=O)O)cn(C3CC3)c12,0,train,0.4117883265229375,0.9654025133169808,0.0005781850654834,0.260764236967527,0.8218839146443209,1421.489352993054,4480.289351214378,5451.243504568734,3.888603043403094,0.2191528561385219
grepafloxacin,Cc1c(F)c(N2CCN[C@H](C)C2)cc2c1c(=O)c(C(=O)O)cn2C1CC1,0,train,0.4116715092497117,0.9644791139625088,0.0005292580621335,0.2641591163107838,0.7650079395649602,1445.4346457777249,4185.995908773732,5471.83328731751,3.930254662040885,0.0983805228367142
ciprofloxacin,O=C(O)c1cn(C2CC2)c2cc(N3CCNCC3)c(F)cc2c1=O,0,train,0.4699616586025636,0.9738980807103366,0.0007252057262178,0.2269857449020157,0.8021571615332416,1106.109801030827,3908.941060250287,4873.036416927009,3.8627769061921966,0.0909822280991056
artemisinin,C[C@@H]1CC[C@H]2[C@@H](C)C(=O)O[C@@H]3O[C@@]4(C)CC[C@@H]1[C@]32OO4,0,train,0.1369621111568674,0.8517632281700968,0.0006947659407259,0.5239269062925245,0.7172402500069714,1032.3480296940522,1413.2535474300591,1970.4046829724384,2.796512169543791,0.3008666067540365
nefazodone,CCc1nn(CCCN2CCN(c3cccc(Cl)c3)CC2)c(=O)n1CCOc1ccccc1,0,train,0.5039813625373893,0.978333996220786,0.0003098668826598,0.2070328279251078,0.8977879971544583,2897.3344600366936,12564.152883541225,13994.56544681299,5.5977757168161295,0.2155478807576958
fravatriptan,CN[C@@H]1CCc2[nH]c3ccc(C(N)=O)cc3c2C1,0,train,0.4711112811630599,0.9739070022149932,0.001213775352887,0.2269474631640657,0.791994678418559,652.5051580053628,2277.0935862249103,2875.1374829585607,3.4537927035750844,0.0701625822505579
nicardipine,COC(=O)C1=C(C)NC(C)=C(C(=O)OCCN(C)Cc2ccccc2)[C@H]1c1cccc([N+](=O)[O-])c1,0,train,0.2943092604771517,0.938212574520971,0.0002402139271789,0.3460594818968722,0.7760266772700691,3230.564881826493,7244.43242302573,9335.287864729626,4.544866345694277,0.2061393114917264
brinzolamide,CCN[C@H]1CN(CCCOC)S(=O)(=O)c2sc(S(N)(=O)=O)cc21,0,train,0.3420718100622589,0.9515335853816232,0.0005029716972778,0.3075448518359448,0.8481709430142639,1686.3194243426997,4650.661937046449,5483.165835083598,3.925582734323007,0.1690999011511059
pyrantel,CN1CCCN=C1/C=C\c1cccs1,1,train,0.3399340504933156,0.9489665886291108,0.002207584784456,0.3153766219389571,0.9456626208469804,428.3697856161719,1284.4747073099677,1358.2800874158809,2.7281570632378096,0.5259669377637449
tasosartan,Cc1nc(C)c2c(n1)N(Cc1ccc(-c3ccccc3-c3nnn[nH]3)cc1)C(=O)CC2,0,train,0.3364438326196408,0.946900879359028,0.0004830106935016,0.3215256205485023,0.9733923880465828,2015.2605338605904,6101.035619631676,6267.806995979615,4.180785017183142,0.3986544738033081
estrone,C[C@]12CC[C@@H]3c4ccc(O)cc4CC[C@H]3[C@@H]1CCC2=O,1,train,0.575584557144084,0.9855231465179206,0.0016449388766764,0.1695409321592202,0.8869421736400991,539.1946085146452,2820.76093365984,3180.321127456547,3.4777808004729622,0.2068880486347267
paroxetine,Fc1ccc([C@@H]2CCNC[C@H]2COc2ccc3c(c2)OCO3)cc1,0,train,0.3182898874011222,0.9424846604418872,0.0004157815937183,0.3342494051329646,0.7174170543967265,1725.4661226842684,3703.458567727472,5162.21149891913,4.009715868529873,0.1617046142785412
fluracil,O=c1[nH]cc(F)c(=O)[nH]1,0,train,0.3639250957184736,0.9523112950383908,0.0044303995883906,0.3051281654359411,0.6948718345662508,156.84179738258288,357.17760544391285,514.0194028253691,1.987869319571664,2.702179899541817e-12
repaglinide,CCOc1cc(CC(=O)N[C@@H](CC(C)C)c2ccccc2N2CCCCC2)ccc1C(=O)O,1,train,0.4152482735680666,0.9649396157763912,0.0004038851167336,0.2624719754665442,0.9417567586514604,2331.7441510786207,8366.362960544739,8883.783295088715,4.651118816811055,0.3757206828930654
voriconazole,C[C@@H](c1ncncc1F)[C@](O)(Cn1cncn1)c1ccc(F)cc1F,1,train,0.172929846211478,0.883709439301523,0.0004511961757803,0.4680359247850402,0.7487870241550976,1659.559775434758,2655.045819882357,3545.7957125768958,3.354270807996412,0.47055903287017
losartan,CCCCc1nc(Cl)c(CO)n1Cc1ccc(-c2ccccc2-c2nnn[nH]2)cc1,1,train,0.4205197545699612,0.966849337480212,0.000396794591839,0.2553475251771108,0.876435576968011,2208.789119090236,7581.281097781501,8650.129338665824,4.669159380281791,0.172323493145676
furafylline,Cc1nc2c([nH]1)c(=O)n(C)c(=O)n2Cc1ccco1,0,train,0.2066066484022353,0.8937527496918463,0.0006585932233449,0.448559942948837,0.6675223405211281,1013.5578637308688,1508.321302618844,2259.581756381835,3.030870881608648,0.2106741816144952
gepirone,CC1(C)CC(=O)N(CCCCN2CCN(c3ncccn3)CC2)C(=O)C1,0,train,0.7382351328958596,0.9952269530172362,0.0010723043590846,0.0975874581492329,0.979196751983787,913.1705412628278,9162.792483481302,9357.458003121536,5.199072695538766,0.1407332067929477
mephobarbital,CC[C@]1(c2ccccc2)C(=O)NC(=O)N(C)C1=O,0,train,0.0907651689129914,0.8070147569587143,0.0010512801220958,0.5905312710186202,0.931644784396929,886.2003236012587,1398.1036228443022,1500.6831426092515,2.772138823860885,0.5511445439387345
phenobarbital,CCC1(c2ccccc2)C(=O)NC(=O)NC1=O,1,train,0.1130967886792203,0.8315968347857713,0.0012457631878519,0.555379783908531,0.9476022246790116,760.6599985611856,1297.8562197352628,1369.6213304848409,2.716730417324308,0.5781187804743092
leflunomide,Cc1oncc1C(=O)Nc1ccc(C(F)(F)F)cc1,0,train,0.7671229915411183,0.9963993858987308,0.0025159887337131,0.0847836292018232,0.9365009532256404,372.21985165391897,4111.4570013700895,4390.232585678399,4.052208559478175,0.0275839289091822
seratrodast,CC1=C(C)C(=O)C([C@@H](CCCCCC(=O)O)c2ccccc2)=C(C)C1=O,1,train,0.1695229693670621,0.8807594506966291,0.0003110730546649,0.4735639238883936,0.7411194731001136,2382.461167838659,3728.511139303327,5030.917786719205,3.964508902757697,0.3820776248979071
celecoxib,Cc1ccc(-c2cc(C(F)(F)F)nn2-c2ccc(S(N)(=O)=O)cc2)cc1,1,train,0.276561580442894,0.9266450395056772,0.0002677792158116,0.3759374559145739,0.679687124373099,2538.2370409631203,4589.079933927984,6751.753519180851,4.2656655854302725,0.1408758360100439
etoperidone,CCc1nn(CCCN2CCN(c3cccc(Cl)c3)CC2)c(=O)n1CC,1,train,0.6650394639820147,0.9917950515085122,0.0007878071412878,0.1278380843224251,0.9179929155594574,1165.2508176796046,8367.553387156775,9115.052246407906,4.967061335519447,0.1133785569616914
mefloquine,O[C@@H](c1cc(C(F)(F)F)nc2c(C(F)(F)F)cccc12)[C@H]1CCCCN1,0,train,0.2509345610542906,0.9235413797587791,0.0004029815444922,0.3834987873165322,0.7722186682798389,1916.2631113860052,3858.61493409862,4996.790536926419,3.773107153089755,0.3071734567047298
citalopram,CN(C)CCC[C@@]1(c2ccc(F)cc2)OCc2cc(C#N)ccc21,0,train,0.1861429769108142,0.8919224280536578,0.0003801517338014,0.4521884367549303,0.749766760812914,1972.2828916639728,3270.212227675902,4361.639377198136,3.847462232778796,0.3965485067069501
mianserin,CN1CCN2c3ccccc3Cc3ccccc3[C@@H]2C1,1,train,0.1784016913927783,0.8594370599782817,0.0004944870459132,0.5112415671049131,0.6093390423674163,1232.2649246393469,1468.7129870420115,2410.337898808746,3.109164007619907,0.2599720100687818
budesonide,CCC[C@H]1O[C@@H]2C[C@H]3[C@@H]4CCC5=CC(=O)C=C[C@]5(C)[C@H]4[C@@H](O)C[C@]3(C)[C@]2(C(=O)CO)O1,0,train,0.3978981559552372,0.962859166600988,0.0004572905757806,0.2700041208804984,0.8820034910956388,1928.7593880322972,6300.542777570787,7143.444262044985,4.225260370507968,0.3009556701746148
thioridazine,CSc1ccc2c(c1)N(CC[C@@H]1CCCCN1C)c1ccccc1S2,0,train,0.2394500967077401,0.8937545934653554,0.000222372260533,0.4485562692233577,0.584834318958329,2629.9787462537106,3429.005309865091,5863.20808938269,4.010679612942411,0.1103637558659502
alfentanil,CCC(=O)N(c1ccccc1)C1(COC)CCN(CCn2nnn(CC)c2=O)CC1,0,train,0.6026181788501389,0.9875004791325772,0.0006248246488583,0.1576160008150525,0.9422878780569446,1508.08371561316,9015.893037311762,9568.0876802778,4.911071142416516,0.1880786320806451
tamoxifen,CC/C(=C(/c1ccccc1)c1ccc(OCCN(C)C)cc1)c1ccccc1,1,train,0.5241808714449175,0.9805958009438748,0.0006326151614478,0.1960404937028075,0.8956150108944145,1415.7343444704518,6467.811350591094,7221.642415452542,4.508734208595663,0.2095331665210117
toremifene,CN(C)CCOc1ccc(/C(=C(\CCCl)c2ccccc2)c2ccccc2)cc1,1,train,0.4282645683620774,0.9680898214246988,0.0003840161195888,0.2506034669630386,0.8212975630805457,2138.705958385137,7009.136836988066,8534.22334616214,4.666648298963375,0.1700720438320665
hydroxyzine,OCCOCCN1CCN([C@H](c2ccccc2)c2ccc(Cl)cc2)CC1,0,train,0.3356243329137384,0.9489686916867688,0.000305155606062,0.3153702937790789,0.7643655765343358,2504.8387162148683,6070.998211348069,7942.53220935749,4.693576654308025,0.2035855787457612
cetirizine,O=C(O)COCCN1CCN([C@H](c2ccccc2)c2ccc(Cl)cc2)CC1,0,train,0.4755807896293623,0.974972284865248,0.0004262968004906,0.2223264351008168,0.8518840018697387,1998.3354341137824,7656.984136497298,8988.294321400022,4.89591503675484,0.200693433125955
fluoxetine,CNCC[C@@H](Oc1ccc(C(F)(F)F)cc1)c1ccccc1,1,train,0.4907928242463427,0.9768390226425196,0.0008310508943906,0.2139755215972308,0.8825404538006965,1061.9571674341894,4380.034470617692,4962.984361515549,4.101038258067369,0.2427938566476932
tomoxetine,CNCC[C@@H](Oc1ccccc1C)c1ccccc1,1,train,0.1999381275393683,0.8855465612867902,0.0005135073246348,0.4645506299566723,0.645532934712516,1257.1056024789723,1746.8560292071584,2706.068018024688,3.343696869993805,0.2225149570074256
fluoxetine,NCC[C@@H](Oc1ccc(C(F)(F)F)cc1)c1ccccc1,0,train,0.4714355361599671,0.974434445796391,0.0008848917155121,0.2246720072583145,0.8618537246293777,973.9651863850164,3736.182062860026,4335.053566620824,3.9134468866458425,0.2395524961497271
roxatidine,O=C(CO)NCCCOc1cccc(CN2CCCCC2)c1,0,train,0.6013171741294904,0.9875651393726382,0.0010792928570673,0.1572103542897275,0.9065477200504602,839.9460017864974,4843.517695289642,5342.816035122831,4.241806688609999,0.1476719029073966
perospirone,O=C1[C@H]2CCCC[C@H]2C(=O)N1CCCCN1CCN(c2nsc3ccccc23)CC1,0,train,0.6776285183527831,0.9924887477371276,0.000621807802342,0.1223359538941363,0.9247014940756176,1487.117869207782,11240.68658272747,12156.016460170513,5.4005779203691056,0.1294240372107882
thiabendazole,c1ccc2[nH]c(-c3cscn3)nc2c1,0,train,0.7344983092525458,0.9951735970830335,0.0046186883202012,0.0981300752512511,0.9018699247539176,195.2653788759288,1794.597345441593,1989.8627243072367,3.14441093440123,6.74237376914602e-12
mequitazine,c1ccc2c(c1)Sc1ccccc1N2C[C@H]1CN2CCC1CC2,0,train,0.1408527665318406,0.8547511301604875,0.0004375595249599,0.5190380578429383,0.7139039400763508,1631.5584494285852,2244.105201750719,3143.4273937621297,3.298952539183809,0.3963375192490926
oxodipine,CCOC(=O)C1=C(C)NC(C)=C(C(=O)OC)[C@@H]1c1cccc2c1OCO2,0,train,0.0807534645000404,0.7966923247753068,0.000400175900584,0.6043850921756071,0.8071782442633322,2017.0586061909723,2693.855036133838,3337.3731951762074,3.3462700122064386,0.4924002080644048
ofloxacin,C[C@H]1COc2c(N3CCN(C)CC3)c(F)cc3c(=O)c(C(=O)O)cn1c23,0,train,0.513487039605493,0.9794808324938205,0.0007758921494833,0.2015373384194918,0.8493566265541248,1094.683877288458,4613.42306318257,5431.667828270699,3.925955355467184,0.1609604636727104
levofloxacin,C[C@H]1COc2c(N3CCN(C)CC3)c(F)cc3c(=O)c(C(=O)O)cn1c23,0,train,0.513487039605493,0.9794808324938205,0.0007758921494833,0.2015373384194918,0.8493566265541248,1094.683877288458,4613.42306318257,5431.667828270699,3.925955355467184,0.1609604636727104
caffeine,Cn1c(=O)c2c(ncn2C)n(C)c1=O,1,train,0.2744051114737161,0.9152675402814412,0.0012791599868558,0.4028465336913802,0.605382884474271,473.2659641443904,711.2066023552295,1174.8046081164953,2.464657529565873,0.0665002644286896
pentoxifylline,CC(=O)CCCCn1c(=O)c2c(ncn2C)n(C)c1=O,0,train,0.3167808617815,0.943664527341244,0.0009609039901384,0.3309037017590258,0.9243788049314764,961.9887256356512,2687.3135109507184,2907.1561318954377,3.432050661748404,0.297718487561201
lisofylline,C[C@@H](O)CCCCn1c(=O)c2c(ncn2C)n(C)c1=O,0,train,0.3800050113399313,0.9596833876586705,0.0009199792277032,0.2810832535957595,0.8426021187768197,915.89254779194,2745.567341593596,3258.438687027341,3.513189915516841,0.2005408051253541
theobromine,Cn1cnc2c1c(=O)[nH]c(=O)n2C,0,train,0.3008527386465507,0.9303757202758944,0.0017230947373686,0.3666074455341991,0.6397965173394047,371.3066400031196,647.9974644072827,1012.8180551872674,2.374773994736691,0.0579179231796736
theophyline,Cn1c(=O)c2[nH]cnc2n(C)c1=O,1,train,0.2613295267541428,0.9030195263819276,0.0013639339942101,0.4295995053220605,0.57690573588995,422.9718874512283,568.0055609186044,984.5725663350948,2.3414850713830755,0.0579380182339289
paraxanthine,Cn1c(=O)[nH]c2ncn(C)c2c1=O,0,train,0.3268915047833036,0.9412447914961398,0.0019390143723406,0.3377250989804995,0.6685808411737565,344.80447938438164,682.5956067914277,1020.9619611490316,2.384244222246713,0.0566183822463298
rosiglitazone,CN(CCOc1ccc(C[C@@H]2SC(=O)NC2=O)cc1)c1ccccn1,1,train,0.7463151773756018,0.9956107194746348,0.0011713557424403,0.0935911067740938,0.9587502077005464,818.4961860545858,8384.700378382046,8745.448304508634,5.0107449374812205,0.1529241581257031
candesartan,CCOc1nc2cccc(C(=O)O)c2n1Cc1ccc(-c2ccccc2-c2nnn[nH]2)cc1,1,train,0.3644314436737281,0.9564139629505748,0.0003500426791827,0.2920142658727084,0.8153784923341161,2329.3687907938483,6504.193235393371,7976.900662138339,4.368377076838359,0.2098120595959789
nevirapine,Cc1ccnc2c1NC(=O)c1cccnc1N2C1CC1,1,train,0.1797892957771895,0.8813819658685952,0.0006595455827795,0.4724043080260916,0.692564519911409,1050.0631616584474,1539.436616209843,2222.806066367309,3.005887813882826,0.2313704541024026
tenofovir,C[C@H](Cn1cnc2c(N)ncnc21)OCP(=O)(O)O,0,train,0.7137024358509921,0.9942510083432892,0.0020481061985159,0.1070744246230293,0.9473170676271234,462.5331773877498,4092.159027011755,4319.735352453803,3.930527703509777,0.1508187613162117
brofaromine,COc1cc(Br)c2oc(C3CCNCC3)cc2c1,0,train,0.3713404496065225,0.95666337192266,0.0007387193150545,0.2911961414949837,0.7554848391967344,1022.6953916061796,2653.300485055176,3512.049941169282,3.4038924069286365,0.14927638553854
imiquimod,CC(C)Cn1cnc2c(N)nc3ccccc3c21,0,train,0.2459976615785686,0.9110908162339912,0.0007483691741348,0.4122056823651023,0.6520223837078363,871.257671003947,1378.145735915807,2113.6478905505464,3.0129660633533,0.1563950712137905
resiquimod,CCOCc1nc2c(N)nc3ccccc3c2n1CC(C)(C)O,0,train,0.2910343242515022,0.9356727649258516,0.0005711820945022,0.3528689232222246,0.7368649014273652,1290.0700293651882,2693.9389174373905,3655.9468529699534,3.485754157390595,0.1991214696395335
acetazolamide,CC(=O)Nc1nnc(S(N)(=O)=O)s1,0,train,0.614038681569584,0.9885031152956828,0.0034238106518578,0.1512004995055565,0.9106702326681118,265.9814824087767,1601.9882160621328,1759.1309769383531,2.856557335334867,0.0778084011664079
hexobarbital,CN1C(=O)[C@@](C)(C2=CCCCC2)C(=O)N=C1O,1,train,0.1454666147696328,0.8627835072139609,0.0012689493979281,0.5055735551624283,0.935371219003308,737.1225523495937,1363.7644083748708,1457.9926992280566,2.7443306999927217,0.4656999218383928
sulindac,CC1=C(CC(=O)O)c2cc(F)ccc2/C1=C\c1ccc([S@@H](C)=O)cc1,0,train,0.5305962038105451,0.9813232064760308,0.000700442769272,0.192366224768283,0.8749300324349084,1249.1099499023207,5681.2666064391,6493.395352572681,4.333404338667306,0.1524455191328239
guanoxan,N=C(N)NC[C@@H]1COc2ccccc2O1,0,train,0.6021166213514887,0.9875589659467524,0.0031799265146389,0.1572491296579452,0.925163499393856,290.9386412342611,1711.715746972229,1850.176480258573,3.0489164081053537,0.1907051533808278
coumarin,O=c1ccc2ccccc2o1,0,train,0.4619982602576114,0.9721958905785784,0.0043129781209645,0.2341690635889477,0.7658309364227226,177.5642989469768,580.7096430829545,758.273942021082,2.277828828224393,2.0524156188734723e-11
cyclophosphamide,O=[P@]1(N(CCCl)CCCl)NCCCO1,1,val,0.1953771979706366,0.888408448990878,0.0006963059058149,0.4590538397199424,0.6749818340632099,969.375425982138,1425.3465417572982,2111.6813369288675,2.937688499609767,0.3710167986143454
ifosfamide,O=[P@]1(NCCCl)OCCCN1CCCl,1,val,0.2154088944754147,0.9050367731324964,0.0007361731977384,0.4253333272598308,0.7194591044721527,977.2959769282506,1653.1140244637045,2297.717846904653,3.0720741768280706,0.2660634946922984
trofosfamide,O=[P@@]1(N(CCCl)CCCl)OCCCN1CCCl,0,val,0.1339960820441828,0.8462071553822412,0.0004394721406606,0.5328540608646005,0.703829900012181,1601.534738821318,2115.416054560329,3005.578556017183,3.2229617530057557,0.6643391073122009
vesnarinone,COc1ccc(C(=O)N2CCN(c3ccc4c(c3)CCC(=O)N4)CC2)cc1OC,0,val,0.6546078854334106,0.9909254650918108,0.000743223554061,0.1344125092116742,0.9746978238210176,1311.446358898623,9510.007063877232,9756.877292078105,5.100812286804389,0.2094548243063568
minoxidil,Nc1cc(N2CCCCC2)nc(N)[n+]1[O-],0,val,0.4961939591735194,0.977476365709486,0.0021842835221002,0.2110449110482772,0.8393079063125026,384.2486095877648,1528.1244850430123,1820.695925237764,2.986635104453148,0.1531425315336645
lobeline,CN1[C@H](C[C@H](O)c2ccccc2)CCC[C@@H]1CC(=O)c1ccccc1,0,val,0.5226046558725357,0.980340035792361,0.0006896166257135,0.1973155194672545,0.91044369221272,1320.217144229469,6091.681863444534,6690.893589080133,4.571139553230557,0.2558548440907818
onapristone,CN(C)c1ccc([C@H]2C[C@@]3(C)[C@@H](CC[C@]3(O)CCCO)[C@@H]3CCC4=CC(=O)CCC4=C32)cc1,0,val,0.198635196832601,0.8879993534634872,0.0001643409287818,0.4598447001417202,0.6616085142724617,4025.8292269394633,5792.222662845079,8754.75834710879,4.544580053772834,0.2636396875473623
lilopristone,CN(C)c1ccc([C@H]2C[C@@]3(C)[C@@H](CC[C@@]3(O)/C=C/CO)[C@@H]3CCC4=CC(=O)CCC4=C32)cc1,0,val,0.1644543117109449,0.8728927732985453,0.0001819009118132,0.4879120887241619,0.7068856251505907,3886.10270341298,5630.174374413792,7964.760032026925,4.418901726218189,0.3787268931479368
mifepristone,CC#C[C@]1(O)CC[C@H]2[C@@H]3CCC4=CC(=O)CCC4=C3[C@@H](c3ccc(N(C)C)cc3)C[C@@]21C,0,val,0.137188129282139,0.8556401891845826,0.0002100366752597,0.5175711223128387,0.740557197683614,3525.8470777432185,5044.893964884383,6812.294824308356,4.231281023836703,0.4824589154021848
vanoxerine,Fc1ccc(C(OCCN2CCN(CCCc3ccccc3)CC2)c2ccc(F)cc2)cc1,0,val,0.5609883236155778,0.984212856058592,0.0003373732193832,0.1769888526687171,0.8990719484474622,2664.917950781687,13537.310052778228,15056.981898005784,5.889676196170004,0.1809203920150151
floxacillin,Cc1onc(-c2c(F)cccc2Cl)c1C(=O)N[C@@H]1C(=O)N2[C@@H](C(=O)O)C(C)(C)S[C@H]12,0,val,0.2393323803058472,0.91741881415733,0.0004293835302967,0.3979230069123405,0.924376033605084,2152.798066023444,5000.954714492867,5410.086948045428,3.72028448736854,0.3393428967086392
bromocriptine,CC(C)C[C@H]1C(=O)N2CCC[C@H]2[C@]2(O)O[C@](NC(=O)[C@@H]3C=C4c5cccc6[nH]c(Br)c(c56)C[C@H]4N(C)C3)(C(C)C)C(=O)N12,0,val,0.5663732396823528,0.984326339303448,0.0002538216272785,0.1763566209516204,0.9539454022652916,3758.3298653203306,20329.49755939242,21310.96550296995,5.888669282361413,0.3136378547074784
exemestane,C=C1C[C@@H]2[C@H](CC[C@]3(C)C(=O)CC[C@@H]23)[C@@]2(C)C=CC(=O)C=C12,0,val,0.4254049159938188,0.9675148803547442,0.0010849557388823,0.2528140745531092,0.8918009641955199,821.9699036885646,2899.496612065285,3251.282212596481,3.429577205963364,0.3467895706179817
phenytoin,O=C1NC(=O)C(c2ccccc2)(c2ccccc2)N1,1,val,0.0997025294219758,0.8107600371785177,0.0006521431866235,0.5853786484953893,0.7268724022476467,1114.5901960748868,1384.0013731710435,1904.049966529768,2.953971354562693,0.4489958978966114
fosphenytoin,O=C1NC(c2ccccc2)(c2ccccc2)C(=O)N1COP(=O)(O)O,0,val,0.3180358657187414,0.9455224324559712,0.0005451015763472,0.3255569531165678,0.8535514524364582,1565.8576116329398,4105.3954643672505,4809.780889773452,3.8033481853661417,0.2749136753621301
zonisamide,NS(=O)(=O)Cc1noc2ccccc12,0,val,0.4254267900441609,0.9677402273908656,0.0023402835031652,0.2519500988082276,0.8556095719893672,365.60082179451496,1241.5615795914532,1451.0842564614063,2.684218529531492,0.2236390060592134
azithromycin,CC[C@H]1OC(=O)[C@H](C)[C@@H](O[C@H]2C[C@@](C)(OC)[C@@H](O)[C@H](C)O2)[C@H](C)[C@@H](O[C@@H]2O[C@H](C)C[C@H](N(C)C)[C@H]2O)[C@](C)(O)C[C@@H](C)CN(C)[C@H](C)[C@@H](O)[C@]1(C)O,0,val,0.2154006421207044,0.9060335139408732,9.116739157487274e-05,0.4232059446840905,0.7309873272353594,8018.078773648184,13849.31862591577,18946.0447670068,5.2197158925264615,0.2837288359799338
tolperisone,Cc1ccc(C(=O)[C@H](C)CN2CCCCC2)cc1,0,val,0.3603929848020578,0.9556572348536468,0.0010950341738122,0.2944813227895475,0.8435913866319534,770.3790500848519,2206.880643353164,2616.0540260660505,3.37607744177865,0.2696977782471644
aripiprazole,O=C1CCc2ccc(OCCCCN3CCN(c4cccc(Cl)c4Cl)CC3)cc2N1,0,val,0.8298605688017566,0.9981689897973608,0.0009334873435629,0.0604869226107286,0.968717919783348,1037.7408183017778,16619.759832206437,17156.44925400308,6.230627044943746,0.0847002463989645
flosequinan,Cn1cc([S@H](C)=O)c(=O)c2ccc(F)cc21,0,val,0.4855014683979713,0.976055388872452,0.0016990663817183,0.2175221318694872,0.819124755666621,482.1028562981722,1815.4584132540635,2216.33933133495,3.064806711030414,0.1226821693176574
cholecalciferol,C=C1CC[C@H](O)C/C1=C/C=C1\CCC[C@@]2(C)[C@H]1CC[C@@H]2[C@H](C)CCCC(C)C,0,val,0.5300441228064334,0.980947508465704,0.0005291812873101,0.1942729668145503,0.9325307840236996,1762.2142097349304,8458.814551334377,9070.815351356168,5.007721117792991,0.2396246037122477
chlorpheniramine,CN(C)CC[C@H](c1ccc(Cl)cc1)c1ccccn1,0,val,0.3003578740999493,0.9393889566291708,0.000612400583209,0.34285330414502,0.7577374276043951,1237.323164575902,2734.5983267657293,3608.899636132832,3.713972756757679,0.2803501480601708
disopyramide,CC(C)N(CC[C@@](C(N)=O)(c1ccccc1)c1ccccn1)C(C)C,1,val,0.1302664501960953,0.8554290836228186,0.0004219090432998,0.5179199579975895,0.8207428564506061,1945.3075715832724,3082.7105005744493,3756.000404202084,3.596852319318574,0.4354620704090164
quinine,C=C[C@H]1CN2CC[C@H]1C[C@@H]2[C@H](O)c1ccnc2ccc(OC)cc12,0,val,0.4200388880475329,0.9666541545464914,0.0007976837709366,0.2560854261726114,0.8894936246660724,1115.0955517393022,3873.201216445043,4354.388956861938,3.794585867136864,0.2645461521271798
hydroquinidine,CC[C@H]1CN2CC[C@H]1C[C@@H]2[C@@H](O)c1ccnc2ccc(OC)cc12,0,val,0.2590548019735529,0.927072690054498,0.0005531230900768,0.3748816177876917,0.7909310659901267,1429.9368082432975,3016.9029111555537,3814.368964479661,3.5571740384566923,0.2868620826800435
olopatadine,CN(C)CC/C=C1\c2ccccc2COc2ccc(CC(=O)O)cc21,0,val,0.2574067572115537,0.9268928423740024,0.0004434217343022,0.3753260699123395,0.8368096226506412,1887.164200391349,4207.53389919895,5028.065865054648,4.059818289825568,0.3364294330601427
doxepin,CN(C)CC/C=C1/c2ccccc2COc2ccccc21,1,val,0.2048185499786176,0.8944330387365516,0.0004833771614434,0.44720189983552,0.6780125332058103,1402.65736010588,2126.5993509753544,3136.519233531375,3.453904854525129,0.2247423045987829
dazoxiben,O=C(O)c1ccc(OCCn2ccnc2)cc1,0,val,0.7902909176096591,0.9971312308714646,0.0033335115405379,0.0756921952433537,0.9535933034981166,286.0626975193298,3603.904892149268,3779.289219973414,4.063442008424632,0.1044679443138758
prasterone,C[C@]12CC[C@H]3[C@@H](CC=C4C[C@@H](O)CC[C@@]43C)[C@@H]1CCC2=O,0,val,0.5256597141356509,0.9806822584601672,0.001436147283634,0.1956075354925408,0.9083769444551064,632.5096003778534,2937.295522296812,3233.5645903681097,3.4342038478008154,0.2797663585936749
sildenafil,CCCc1nn(C)c2c(=O)nc(-c3cc(S(=O)(=O)N4CCN(C)CC4)ccc3OCC)[nH]c12,1,val,0.3196933950327692,0.9439572695023992,0.0003175815678948,0.3300676799590878,0.9381017340504384,2953.8922559922453,8395.403778667334,8949.353224642844,4.624456014606244,0.3337016380754787
chlorpromazine,CN(C)CCCN1c2ccccc2Sc2ccc(Cl)cc21,0,val,0.1871316702973654,0.8763570311094193,0.0003463179210758,0.4816620745139523,0.6427204047235553,1855.86816508609,2476.434000707568,3853.0502260508174,3.582571105910144,0.2916971960413553
promazine,CN(C)CCCN1c2ccccc2Sc2ccccc21,1,val,0.2661014734427613,0.921438741095235,0.0005600994629765,0.3885236754804377,0.66727210407305,1191.3457308582233,2046.083218803067,3066.3401126972194,3.328886405881325,0.1407041212425659
promethazine,C[C@H](CN1c2ccccc2Sc2ccccc21)N(C)C,0,val,0.2284116747357387,0.8946912219616192,0.0004559294577715,0.4466851434118049,0.6120053739654473,1342.3247029415295,1839.1252628911093,3005.0802511334537,3.2977854509398243,0.1593123058782356
anthraquinone,O=C1c2ccccc2C(=O)c2ccccc21,0,val,0.3921143763941107,0.9593114170395234,0.0015955066712477,0.2823501463389414,0.7176498536691256,449.7943296645084,1143.243023070526,1593.0373527221834,2.766023910484666,1.5266094567070942e-11
mitoxandrone,O=C1c2c(O)ccc(O)c2C(=O)c2c(NCCNCCO)ccc(NCCNCCO)c21,0,val,0.3805898138110999,0.9586380270437784,0.0002536064340908,0.2846280609947159,0.7593741424523301,2994.301564841883,7988.654298873532,10520.050462970592,4.918181741597267,0.0713092115280818
everolismus,CO[C@H]1C[C@@H]2CC[C@@H](C)[C@@](O)(O2)C(=O)C(=O)N2CCCC[C@H]2C(=O)O[C@H]([C@H](C)C[C@@H]2CC[C@@H](OCCO)[C@H](OC)C2)CC(=O)[C@H](C)C=C(C)[C@@H](O)[C@@H](OC)C(=O)[C@H](C)C[C@H](C)C=CC=CC=C1C,0,val,0.2399405360358092,0.912779418140278,3.768468761438507e-05,0.4084528538515748,0.6847520507371339,18170.56460024228,30462.09925023271,44486.32058486037,6.97054876380112,0.1725915527746292
tripelennamine,CN(C)CCN(Cc1ccccc1)c1ccccn1,0,val,0.2753339885455951,0.9299151401115738,0.0007340752269908,0.3677741592217595,0.7250101360466115,987.6510054952398,1947.0019083883224,2685.482328571401,3.317246150985345,0.2199515948225235
pyrilamine,COc1ccc(CN(CCN(C)C)c2ccccn2)cc1,0,val,0.3432689968952873,0.9512007172526018,0.0006290010035996,0.308572836617444,0.7801027739507239,1240.2250067748662,3135.411978299305,4019.229366946664,3.8350564312500177,0.1977834487782324
praziquantel,O=C(C1CCCCC1)N1CC(=O)N2CCc3ccccc3[C@H]2C1,1,val,0.5264424644979523,0.98089094636798,0.0010163122990682,0.1945583494310344,0.8763999494790891,862.3333106197784,3884.432984096638,4432.26062074222,3.8328230991132015,0.1742813229443206
raloxifene,O=C(c1ccc(OCCN2CCCCC2)cc1)c1c(-c2ccc(O)cc2)sc2cc(O)ccc12,0,val,0.3655795599839175,0.956649607584983,0.0002269923623235,0.29124135748121,0.814841349088329,3589.730247958051,10043.42468187416,12325.619819258156,5.235088179820428,0.1926391479348237
papaverine,COc1ccc(Cc2nccc3cc(OC)c(OC)cc23)cc1OC,0,val,0.2688337534844127,0.9308929590354252,0.0005057861477363,0.3652920733033641,0.837097076165563,1655.041522809666,3792.664886341549,4530.734838681275,3.8341243475375513,0.3457816185885241
carteolol,CC(C)(C)NC[C@H](O)COc1cccc2c1CCC(=O)N2,0,val,0.7009716052947917,0.9936847684866894,0.0014595641723002,0.1122077576531786,0.9280481939617424,635.8392536445655,5258.900840160451,5666.624723130749,4.446481264400604,0.1034222107774325
trimethoprim,COc1cc(Cc2cnc(N)nc2N)cc(OC)c1OC,1,val,0.33283944271846,0.9491088370217072,0.0008134549094065,0.3149482743043723,0.8716621779749457,1071.5556177672604,2965.6758896911088,3402.3225564071126,3.579461806640867,0.3559760952930596
haloperidol,O=C(CCCN1CCC(O)(c2ccc(Cl)cc2)CC1)c1ccc(F)cc1,0,val,0.8770083464621659,0.999069506809827,0.0018731953243557,0.0431291150241794,0.9935408221055828,530.3989440862442,12218.49793708829,12297.932470649748,5.772207980222921,0.1177422952518638
bromperidol,O=C(CCCN1CCC(O)(c2ccc(Br)cc2)CC1)c1ccc(F)cc1,0,val,0.6922643910795416,0.9932434117909164,0.0006658236684425,0.116049665807102,0.9330878270621,1401.403811980391,11267.872498063683,12075.89700697464,5.425492796467379,0.2384269468906043
trifluperidol,O=C(CCCN1CCC(O)(c2cccc(C(F)(F)F)c2)CC1)c1ccc(F)cc1,0,val,0.613762997466391,0.9884888913435146,0.0005342760785867,0.1512934621537535,0.9082668371099138,1699.995327345429,10205.658308622144,11236.4097109351,5.316183009265895,0.1551948505465044
chlordiazepoxide,CNC1=Nc2ccc(Cl)cc2C(c2ccccc2)=[N+]([O-])C1,0,val,0.1618342081678024,0.8422138407733057,0.0003537741832542,0.5391436231746387,0.6057433952782147,1712.2317680340389,1923.741726861155,3175.836074906917,3.3707666383621597,0.3321068872424102
dalfopristin,CCN(CC)CCS(=O)(=O)[C@@H]1CCN2C(=O)c3coc(n3)CC(=O)C[C@H](O)C=C(C)C=CCNC(=O)C=C[C@@H](C)[C@@H](C(C)C)OC(=O)[C@@H]12,0,val,0.4044623645917998,0.964199316842171,0.0001555168813996,0.2651785764368808,0.8325723025398499,5353.581521482573,16808.460751490893,20188.589868069,5.536303965322598,0.1611695558195261
amiodarone,CCCCc1oc2ccccc2c1C(=O)c1cc(I)c(OCCN(CC)CC)c(I)c1,1,val,0.3377690331621061,0.9505382585504712,0.0002047622768238,0.3106074999607026,0.834020008376402,4073.113570103692,10936.81966560919,13113.378043411743,4.668001672798232,0.1179000482158087
benzbromarone,CCc1oc2ccccc2c1C(=O)c1cc(Br)c(O)c(Br)c1,0,val,0.2467030402852076,0.9227646994464404,0.0003720052880343,0.3853638663075723,0.8060574232427195,2166.7902289827525,4532.22915115594,5622.712502197499,3.811473349615552,0.1991569179460076
sulfadoxine,COc1ncnc(NS(=O)(=O)c2ccc(N)cc2)c1OC,0,val,0.5236468680241354,0.9805923101619624,0.0011987149592998,0.1960579538076066,0.8790759667194538,733.3486246245625,3288.1560712749174,3740.4686235999575,3.5363536978240218,0.0917657698520612
sulfapyridine,Nc1ccc(S(=O)(=O)Nc2ccccn2)cc1,0,val,0.1545809670468533,0.8680511634921244,0.0008058433310422,0.4964747501736309,0.7249124665301562,899.5699767008005,1313.4796692049126,1811.9148584821205,2.8412486701927766,0.4103294608582169
nefiracetam,Cc1cccc(C)c1NC(=O)CN1CCCC1=O,0,val,0.376057089364088,0.9588909524507844,0.0012886098174326,0.283774807387879,0.8333110691978133,646.6744688148157,1898.9740420982112,2278.829733926681,3.12945820834265,0.2058082529417774
artesunate,C[C@@H]1CC[C@H]2[C@@H](C)[C@@H](OC(=O)CCC(=O)O)O[C@@H]3O[C@@]4(C)CC[C@@H]1[C@@]23OO4,0,val,0.5118820751217417,0.9792987780126652,0.0006909834849537,0.2024201160529773,0.8841362353133492,1279.5330924191212,5588.780370989466,6321.17556974546,4.141838647588132,0.1515616578574606
bropirimine,Nc1nc(=O)c(Br)c(-c2ccccc2)[nH]1,0,val,0.2235694650046491,0.9015132887765464,0.0007825114869538,0.4327514184370689,0.6591934198691843,842.4073395207126,1283.2063660637389,1946.6310302648176,2.7661844285335504,0.3176850425925168
captopril,C[C@H](CS)C(=O)N1CCC[C@H]1C(=O)O,0,val,0.3289400042985886,0.9455317689065168,0.0019557465692052,0.3255298357885389,0.960161808727611,490.9438798697627,1448.056404838142,1508.1378905885458,2.8164009246526494,0.5280234883899073
phencyclidine,c1ccc(C2(N3CCCCC3)CCCCC2)cc1,0,val,0.1465304434777439,0.8606845799871944,0.0007408998150196,0.5091385408435184,0.7194599135431538,971.0623473756352,1372.201034575795,1907.265448352863,2.954959624769842,0.4302055346140854
gallopamil,COc1ccc(CCN(C)CCC[C@@](C#N)(c2cc(OC)c(OC)c(OC)c2)C(C)C)cc1OC,0,val,0.4424362441477847,0.9703713813546836,0.0002714797844106,0.2416182572733344,0.8571204570066964,3157.2165082838537,11199.960164384463,13066.96167712278,5.3191619581703815,0.1635916500432771
verapamil,COc1ccc(CCN(C)CCC[C@@](C#N)(c2ccc(OC)c(OC)c2)C(C)C)cc1OC,1,val,0.4174576665874585,0.9664436356364,0.00026487900197,0.2568787635011837,0.8513568856325429,3214.1350552542626,10652.40260949419,12512.264585232837,5.386325173310834,0.1948152839839389
donepezil,COc1cc2c(cc1OC)C(=O)[C@H](CC1CCN(Cc3ccccc3)CC1)C2,0,val,0.72462397110907,0.9947635786075926,0.0008696132432181,0.1022028506247064,0.93226339031948,1072.0436902151123,9778.857234427724,10489.371711868447,5.302480667939793,0.0997941111865869
clarithromycin,CC[C@H]1OC(=O)[C@H](C)[C@@H](O[C@H]2C[C@@](C)(OC)[C@@H](O)[C@H](C)O2)[C@H](C)[C@@H](O[C@@H]2O[C@H](C)C[C@H](N(C)C)[C@H]2O)[C@](C)(OC)C[C@@H](C)C(=O)[C@H](C)[C@@H](O)[C@]1(C)O,0,val,0.2681694394250883,0.9303793800355632,0.0001203432257582,0.3665981576667309,0.7968489693785668,6621.469254776037,14392.628116360502,18061.9272527701,5.110928927747462,0.2689359572692109
flurithromycin,CC[C@H]1OC(=O)[C@H](C)[C@@H](O[C@H]2C[C@@](C)(OC)[C@@H](O)[C@H](C)O2)[C@H](C)[C@@H](O[C@@H]2O[C@H](C)C[C@H](N(C)C)[C@H]2O)[C@](C)(O)C[C@](C)(F)C(=O)[C@H](C)[C@@H](O)[C@]1(C)O,0,val,0.1557319098959145,0.8647940567360585,7.477823951884521e-05,0.5021267165108734,0.6989647088359174,9347.167215133062,13011.337170753066,18615.156110560496,5.219748097248919,0.2958283576127564
erythromycin-A,CC[C@H]1OC(=O)[C@H](C)[C@@H](O[C@H]2C[C@@](C)(OC)[C@@H](O)[C@H](C)O2)[C@H](C)[C@@H](O[C@@H]2O[C@H](C)C[C@H](N(C)C)[C@H]2O)[C@](C)(O)C[C@@H](C)C(=O)[C@H](C)[C@@H](O)[C@]1(C)O,0,val,0.1569213075773984,0.876174435722385,0.0001283960640303,0.4819941474609003,0.8553081773509281,6661.482840694884,11820.93346349484,13820.67163219086,4.691131756245644,0.540657699854459
bortezomib,CC(C)C[C@@H](NC(=O)[C@@H](Cc1ccccc1)NC(=O)c1cnccn1)B(O)O,1,val,0.2297645492126822,0.9137158010916768,0.0003243068082124,0.4063538296059174,0.746262026544397,2301.098859619451,4225.929653287573,5662.7960461233015,3.9827185537112233,0.2536235397806248
mebendazole,COC(=O)Nc1nc2cc(C(=O)c3ccccc3)ccc2[nH]1,0,val,0.758872189749452,0.9960673377904546,0.0019827246674041,0.08859942769023,0.966812186512778,487.61797460185824,5320.9711676246,5503.624428666916,4.376516269873487,0.1068198715890462
dihydralazine,NNc1nnc(NN)c2ccccc12,0,val,0.2542636837341532,0.893325568566146,0.000915843763184,0.4494100895017509,0.5563077249283602,607.4264490203648,751.9101902907215,1351.6083933358111,2.6694923788258054,0.048335860588197
hydralazine,NNc1nncc2ccccc12,0,val,0.3502133703787585,0.9487227970913756,0.0023724611629432,0.316109244216484,0.6880779767694569,290.02707716228014,631.3046774599022,917.4900211512264,2.395800639869198,0.035245783634546
topiramate,CC1(C)O[C@@H]2CO[C@@]3(COS(N)(=O)=O)OC(C)(C)O[C@H]3[C@@H]2O1,0,test,0.3392115813946992,0.9508773027832488,0.0007228588552846,0.3095680136119585,0.8421347196535917,1165.0057455850372,3169.228550152701,3763.327263666731,3.4540448026098343,0.3123717285445527
moricizine,CCOC(=O)Nc1ccc2c(c1)N(C(=O)CCN1CCOCC1)c1ccccc1S2,0,test,0.4538146371049396,0.9717545816076224,0.0003614231299489,0.2359937141633122,0.8066026737843247,2231.7406024853867,7627.863918070415,9456.779857030338,4.752987321795862,0.0910993420005922
zotepine,CN(C)CCOC1=Cc2ccccc2Sc2ccc(Cl)cc21,0,test,0.1863990618343769,0.8890632681655118,0.0003581692448033,0.4577843435492952,0.718053294111089,2004.787693330013,3144.5907390102225,4379.327780820301,3.788953554589386,0.2323610812972578
dicumarol,O=c1oc2ccccc2c(O)c1Cc1c(O)c2ccccc2oc1=O,1,test,0.4579114320440617,0.972108220723064,0.0008764670278236,0.2345327422826891,0.9226610483873576,1052.704801318539,4141.382163417697,4488.519560521248,3.794183718218832,0.2029982156590789
rupatadine,Cc1cncc(CN2CCC(=C3c4ccc(Cl)cc4CCc4cccnc43)CC2)c1,0,test,0.2371324450734388,0.9187005099440916,0.0002907146339468,0.3949548999929814,0.7913873143799258,2722.213545412761,5454.610809768773,6892.466824594748,4.255998375200078,0.3845670358650503
isradipine,COC(=O)C1=C(C)NC(C)=C(C(=O)OC(C)C)[C@H]1c1cccc2nonc12,0,test,0.139218327568449,0.846540589694519,0.0003124259781212,0.5323241775456532,0.683460321009232,2187.591201984113,2808.6866015339083,4109.509382178119,3.5012804049206,0.26547543483572
trimethadione,CN1C(=O)OC(C)(C)C1=O,1,test,0.1587606449665571,0.8715024183481181,0.0028391758552918,0.4903912058891163,0.7267995982617533,255.98963759398404,379.3974352071649,522.0110689584155,2.0106795092637366,0.5046930172736225
zileuton,C[C@@H](c1cc2ccccc2s1)N(O)C(N)=O,1,test,0.3871763291395982,0.9601479282310048,0.0017243322758434,0.2794923181658295,0.9227440650926793,535.1312377664251,1766.7361197444116,1914.6545467804908,2.986991574367435,0.3820986705812526
metyrapone,CC(C)(C(=O)c1cccnc1)c1cccnc1,0,test,0.2465542790665574,0.9227994599947668,0.0012660246223869,0.3852806206304269,0.8441788571906997,666.7949755977945,1460.9980111628615,1730.6735399946442,2.9199152429475297,0.4174722332377781
cevimeline,C[C@H]1O[C@]2(CS1)CN1CCC2CC1,0,test,0.3094998444199299,0.9423012941332732,0.0025928789011602,0.3347659945017692,0.903359317328146,348.40011885010074,940.150728241929,1040.727327662486,2.417248676138617,0.4555079771216218
rosuvastatin,CC(C)c1nc(N(C)S(C)(=O)=O)nc(-c2ccc(F)cc2)c1CC[C@@H](O)C[C@@H](O)CC(=O)O,1,test,0.1687780564102317,0.883589133264271,0.0002357794314564,0.4682630068426229,0.8723350789717865,3699.7929530290216,6892.406896760344,7901.100234194826,4.372865585034278,0.5199115601158248
valdecoxib,Cc1onc(-c2ccccc2)c1-c1ccc(S(N)(=O)=O)cc1,1,test,0.3557835585551372,0.9539243757699531,0.0006098992511343,0.3000471384831142,0.7757134694568233,1271.8714902733502,3288.176155956522,4238.905582313785,3.7409570509172014,0.1921346736553098
parecoxib,CCC(=O)NS(=O)(=O)c1ccc(-c2c(-c3ccccc3)noc2C)cc1,0,test,0.29243257719969,0.937895049109126,0.000412089662886,0.3469191214917246,0.785509746832832,1906.16222045361,4316.017510861075,5494.5435473757225,3.976811562843886,0.2314924105640111
atazanavir,COC(=O)N[C@H](C(=O)N[C@@H](Cc1ccccc1)[C@H](O)CN(Cc1ccc(-c2ccccn2)cc1)NC(=O)[C@H](NC(=O)OC)C(C)(C)C)C(C)(C)C,0,test,0.2556330226351675,0.9246107025454132,9.576539126778927e-05,0.3809134399551652,0.755414075572081,7888.17406342248,15643.5480952663,20708.573749329888,5.601957482922224,0.2550982183748916
plomestane,C#CC[C@]12CCC(=O)C=C1CC[C@H]1[C@@H]3CCC(=O)[C@@]3(C)CC[C@@H]12,0,test,0.3826753100625084,0.960064663076758,0.0008841938146374,0.2797782027094158,0.8728617875505911,987.1837747569526,3079.8503454904585,3528.451341801866,3.497647446714013,0.3287985005400378
ranolazine,COc1ccccc1OC[C@@H](O)CN1CCN(CC(=O)Nc2c(C)cccc2C)CC1,0,test,0.6893951959899832,0.9930073071863432,0.0006473992762695,0.1180529028636191,0.9611739581262408,1484.6694974153822,12088.018360621038,12576.306565968567,5.529954811738135,0.1595121951071097
trapidil,CCN(CC)c1cc(C)nc2ncnn12,0,test,0.1615853293437306,0.8778513941541957,0.0012115196300495,0.4789331161879861,0.7721316166616699,637.3248914093898,1027.4893969735465,1330.7179434199604,2.70124856297946,0.4934566577962564
dexmedetomidine,Cc1cccc([C@H](C)c2c[nH]cn2)c1C,0,test,0.3197993523514281,0.9424884751908376,0.0020923346408365,0.3342386484720908,0.9713814254210146,464.2572017221199,1349.2479832369256,1388.9991592665433,2.8275197918700488,0.5168294671383431
quetiapine,OCCOCCN1CCN(C2=Nc3ccccc3Sc3ccccc32)CC1,1,test,0.4077077084266329,0.9636110919954404,0.0005601564196932,0.2673081805395324,0.9408169697611436,1679.561166640349,5911.377811699157,6283.238931372538,4.253009198458411,0.3183673142970645
clofazimine,CC(C)/N=c1/cc2n(-c3ccc(Cl)cc3)c3ccccc3nc-2cc1Nc1ccc(Cl)cc1,0,test,0.2977157308371888,0.9399052469833854,0.0002432256978064,0.3414353916820885,0.8504287541593378,3496.459304378714,8708.79118752938,10240.471226937942,4.868940323739688,0.3405880696780344
mephenytoin,CC[C@]1(c2ccccc2)NC(=O)N(C)C1=O,1,test,0.198284972954858,0.8932316947943009,0.0016232509043544,0.4495966407958373,0.9810360945436928,604.3650380307924,1318.7463223456728,1344.2383309648342,2.7358968239507555,0.4914885772191728
ethotoin,CCN1C(=O)N[C@H](c2ccccc2)C1=O,0,test,0.359675375588783,0.9530025167323546,0.0022688636011389,0.3029623790205614,0.9641815806231822,424.9623380353005,1352.4479841914326,1402.690127431496,2.7902731232799143,0.3305328974607529
ezlopitant,COc1ccc(C(C)C)cc1CN[C@H]1C2CCN(CC2)[C@H]1C(c1ccccc1)c1ccccc1,0,test,0.2095114316266963,0.9062540428469664,0.0002486203414066,0.4227334973994001,0.7856604725393403,3160.081223017652,5873.087707059639,7475.350882903882,4.260853980931705,0.3455105538121782
carvedilol,COc1ccccc1OCCNC[C@H](O)COc1cccc2[nH]c3ccccc3c12,1,test,0.6129238913613583,0.9880293772122208,0.0005647274422644,0.1542658412145436,0.974765991808689,1726.082210384553,10906.667506573129,11189.011104435114,5.413165094675704,0.2273494709108884
etroicoxib,Cc1ccc(-c2ncc(Cl)cc2-c2ccc(S(C)(=O)=O)cc2)cn1,1,test,0.2599002830227023,0.919284787398443,0.0002976141761091,0.3935930381216105,0.6694545221586262,2249.404013312624,3825.966272321669,5715.0503069051065,4.053154659015301,0.1856414744869623
pimobendan,COc1ccc(-c2nc3cc(C4=NNC(=O)C[C@H]4C)ccc3[nH]2)cc1,0,test,0.7923994894489655,0.9972015167937552,0.0015210532801331,0.074760517014224,0.9363334034972328,615.5822519348451,7709.82128142559,8234.055575320906,4.976094030512676,0.0405513682995626
irbesartan,CCCCC1=NC2(CCCC2)C(=O)N1Cc1ccc(-c2ccccc2-c2nnn[nH]2)cc1,1,test,0.3011206881228942,0.939335574456002,0.0003632936890352,0.3429995314303103,0.9202092682207093,2532.9624378128296,6795.506400870591,7384.740227633429,4.415900126073665,0.2882991874332375
thalidomide,O=C1CC[C@H](N2C(=O)c3ccccc3C2=O)C(=O)N1,0,test,0.5347369080596186,0.9813210614347444,0.0019881400357189,0.1923771670042643,0.9438826268072856,474.7566116317211,2329.353969908197,2467.842826800737,3.194956235524462,0.225716281673619
tazofelone,CC(C)(C)c1cc(C[C@H]2SCNC2=O)cc(C(C)(C)C)c1O,0,test,0.2920568976847655,0.9354764645488702,0.0004847162880247,0.3533889985202515,0.7275084915411856,1500.8954918881811,3089.8364686979994,4247.1483214613145,3.7074732547638902,0.2143187905493632
benzydamine,CN(C)CCCOc1nn(Cc2ccccc2)c2ccccc12,0,test,0.3286144054348636,0.9479879920101252,0.000532783103876,0.3183060901154903,0.7960894679202425,1494.209298546761,3737.045323292361,4694.252937493657,4.004903777153267,0.2293897678842696
troleandomycin,CO[C@H]1C[C@H](O[C@@H]2[C@@H](C)C(=O)O[C@H](C)[C@H](C)[C@H](OC(C)=O)[C@@H](C)C(=O)[C@@]3(CO3)C[C@H](C)[C@H](O[C@@H]3O[C@H](C)C[C@H](N(C)C)[C@H]3OC(C)=O)[C@H]2C)O[C@@H](C)[C@@H]1OC(C)=O,0,test,0.1574152008781678,0.8606668266192845,6.0724165727204085e-05,0.5091685512255157,0.6728369233808954,11080.21683498351,14641.868567294006,21761.39278106352,5.40069515151369,0.3039821640855255
tiaramide,O=C(Cn1c(=O)sc2ccc(Cl)cc21)N1CCN(CCO)CC1,1,test,0.4323014293744519,0.968581303061252,0.0005225311533263,0.2486971237472742,0.806859947209851,1544.137497015136,5009.718972835685,6208.907741869532,4.234729952169937,0.1597216384333988
diosmin,COc1ccc(-c2cc(=O)c3c(O)cc(O[C@@H]4O[C@H](CO[C@@H]5O[C@@H](C)[C@H](O)[C@@H](O)[C@H]5O)[C@@H](O)[C@H](O)[C@H]4O)cc3o2)cc1O,0,test,0.7235795671182138,0.9946025989353452,0.0003617869645159,0.10375774761943,0.977290559594564,2701.287374746114,25443.33036000674,26034.560663884942,6.671959986434634,0.1318779027826687
cocaine,COC(=O)[C@H]1[C@@H](OC(=O)c2ccccc2)C[C@@H]2CC[C@H]1N2C,0,test,0.3931467681279517,0.9618164664013336,0.0009656830387556,0.2736952410241219,0.8948241809580058,926.6230689016444,3029.518253894776,3385.6016839546623,3.478619002801698,0.2809027752303498
primidone,CCC1(c2ccccc2)C(=O)NCNC1=O,0,test,0.1742143782435087,0.8810060417329545,0.001623301308223,0.4731050141670787,0.9586938804420893,590.582829931646,1196.7494065697829,1248.3123455611476,2.6371046682696133,0.4439067429193385
amprenavir,CC(C)CN(C[C@@H](O)[C@H](Cc1ccccc1)NC(=O)O[C@H]1CCOC1)S(=O)(=O)c1ccc(N)cc1,1,test,0.4193541845849223,0.9666683046253388,0.0002980464201861,0.2560320074380796,0.8746936724088618,2934.7565116281016,10026.14078008441,11462.459483070146,4.9143745814443305,0.2264337564914761
atamestane,CC1=CC(=O)C=C2CC[C@H]3[C@@H]4CCC(=O)[C@@]4(C)CC[C@@H]3[C@@]12C,0,test,0.4242681941607861,0.9673540526406244,0.0010718676908901,0.2534287608772138,0.889392544809283,829.7596357911528,2911.9900657758,3274.1336575968635,3.428529205787044,0.3288091194621159
riluzole,Nc1nc2ccc(OC(F)(F)F)cc2s1,0,test,0.6949051064374749,0.9933895900535632,0.0034653508647401,0.1147916476631175,0.9251278572518644,266.9651337949689,2151.523104829955,2325.6494634386595,3.182499510744715,0.0360773078993038
cinnarizine,C(=C/c1ccccc1)\CN1CCN(C(c2ccccc2)c2ccccc2)CC1,1,test,0.4274985037234085,0.9677928034660191,0.0004866239899667,0.2517480676378333,0.8973934874760741,1844.1209352159808,6573.643773750283,7325.263516496766,4.621641465096694,0.2940284618545161
flunarizine,Fc1ccc(C(c2ccc(F)cc2)N2CCN(C/C=C/c3ccccc3)CC2)cc1,1,test,0.4660464594514454,0.9736760551294742,0.0003671607996941,0.2279362622916875,0.8371129418380104,2279.9627371310467,8373.333382638415,10002.63281589396,5.05296112824722,0.1848919429953046
nicotine,CN1CCC[C@H]1c1cccnc1,1,test,0.3976363278856518,0.9613984125473783,0.0037796922565655,0.2751601212955482,0.9530087723473412,252.13925040905508,873.2766810885981,916.3364561038026,2.508493171767684,0.433819728629151
etoposide,COc1cc([C@@H]2c3cc4c(cc3[C@@H](O[C@@H]3O[C@@H]5CO[C@@H](C)O[C@H]5[C@H](O)[C@H]3O)[C@H]3COC(=O)[C@H]23)OCO4)cc(OC)c1O,0,test,0.166654213612892,0.8829972175382095,0.0001689973876526,0.4693782204361212,0.8358701621598889,4946.053745385835,8807.94754892089,10537.458983056831,4.542717231562243,0.4973821567264763
pentobarbital,CCC[C@@H](C)C1(CC)C(=O)NC(=O)NC1=O,0,test,0.196886208032332,0.8998925948516571,0.0013571442147349,0.4361115886228565,0.8725596341966659,642.9380346782544,1286.3720914216017,1474.2512041665984,2.742411024445924,0.5017706268095823
secobarbital,C=CCC1([C@@H](C)CCC)C(=O)NC(=O)NC1=O,0,test,0.0946481802983831,0.8176683455660849,0.0010241613772109,0.5756895662240384,0.8642528914246693,843.8639755955888,1266.8492251148102,1465.8316306312668,2.7394707263538702,0.5522203155942017
phensuximide,CN1C(=O)C[C@@H](c2ccccc2)C1=O,0,test,0.3848055605470246,0.9593836196277812,0.0026729405076228,0.2821047152918521,0.9346746838193936,349.6803169220742,1158.5674465557042,1239.5408441163827,2.6946355064127365,0.3542253395602841
diprafenone,CCC(C)(C)NC[C@H](O)COc1ccccc1C(=O)CCc1ccccc1,0,test,0.4486088508194669,0.9712813514730788,0.0004698274506705,0.2379338905675887,0.8530616271571069,1815.691326548755,6509.777122316836,7631.074842753349,4.646695884586478,0.1570573854748265
propafenone,CCCNC[C@H](O)COc1ccccc1C(=O)CCc1ccccc1,0,test,0.2582677481584675,0.9237570871527168,0.0003776398755333,0.3829789079507224,0.7237940755495458,1916.625130032549,3622.241030426229,5004.518761328652,3.929260648310561,0.165061978847264
mizolastine,CN(c1nccc(=O)[nH]1)C1CCN(c2nc3ccccc3n2Cc2ccc(F)cc2)CC1,0,test,0.3432932655746368,0.9513846914593082,0.0002848920659585,0.3080051442052176,0.7886112077315673,2768.105194780636,7087.410135362938,8987.20442453488,4.667262575381771,0.2523560844592565
avitriptan,CNS(=O)(=O)Cc1ccc2[nH]cc(CCCN3CCN(c4ncncc4OC)CC3)c2c1,0,test,0.5966620583624476,0.9871444716767912,0.0004392483907388,0.1598305103475203,0.9227921565540652,2100.843568264196,12129.361050815984,13144.196084316569,5.463185777639645,0.1911916242710337
terfenadine,CC(C)(C)c1ccc([C@H](O)CCCN2CCC(C(O)(c3ccccc3)c3ccccc3)CC2)cc1,0,test,0.7054707198355464,0.993861482673254,0.0004881138361308,0.1106316105754658,0.9481166979711276,1942.408978787924,16646.511584694257,17557.450069507355,6.190009536489509,0.1127622501597946
fexofenadine,CC(C)(C(=O)O)c1ccc([C@@H](O)CCCN2CCC(C(O)(c3ccccc3)c3ccccc3)CC2)cc1,0,test,0.6733829128464349,0.9921033492361082,0.0004654424883954,0.1254230618127962,0.966462064969917,2076.43713039947,16000.229047361194,16555.465162369546,5.875121402189153,0.1834827869301552
bromazepam,O=C1CN=C(c2ccccn2)c2cc(Br)ccc2N1,0,test,0.2286136370988559,0.9020130067082182,0.0004354838588202,0.4317088552823535,0.6469878137856515,1485.6757619864625,2226.5332329430303,3441.3835709132627,3.363527749165365,0.1974104860776381
mexazolam,C[C@@H]1CO[C@]2(c3ccccc3Cl)c3cc(Cl)ccc3NC(=O)CN12,0,test,0.0631338063393101,0.7504707093115373,0.0003477198356963,0.6609037104340072,0.7541716668899594,2168.9060831968136,2474.986129247409,3281.7278053599066,3.3029530535212697,0.5775218981796938
isosorbide-dinitrate,O=[N+]([O-])O[C@H]1CO[C@H]2[C@@H]1OC[C@H]2O[N+](=O)[O-],0,test,0.664707221995893,0.9916316212550944,0.0032667799166894,0.1290996813589909,0.9602098904691884,293.93161307366927,2186.1869760164523,2276.780314091759,3.173699926744553,0.3260662309850437
saquinavir,CC(C)(C)NC(=O)[C@@H]1C[C@@H]2CCCC[C@@H]2CN1C[C@@H](O)[C@H](Cc1ccccc1)NC(=O)[C@H](CC(N)=O)NC(=O)c1ccc2ccccc2n1,0,test,0.081157725660108,0.7882386024033426,9.629093674521995e-05,0.6153697308782949,0.7536776584799855,7827.0882385760915,9586.27186284689,12719.32603413036,4.739031502390493,0.5706102179114471
amoxapine,Clc1ccc2c(c1)C(N1CCNCC1)=Nc1ccccc1O2,1,test,0.1706005112292326,0.8434867242829766,0.0003065477553436,0.5371500218359616,0.5892207385753093,1922.1172828841363,2108.4451624489066,3578.3621050863985,3.4819976642604185,0.1997771048929437
desogestrel,C#C[C@]1(O)CC[C@H]2[C@@H]3CCC4=CCCC[C@@H]4[C@H]3C(=C)C[C@@]21CC,1,test,0.3647922905929291,0.9557675432336926,0.0009212065563877,0.2941231090904477,0.911765086933249,989.750974535507,3068.1723246102542,3365.0908206302897,3.4574637167239946,0.3544694691968915
paclitaxel,CC(=O)O[C@H]1C(=O)[C@]2(C)[C@@H](O)C[C@H]3OC[C@@]3(OC(C)=O)[C@H]2[C@H](OC(=O)c2ccccc2)[C@]2(O)C[C@H](OC(=O)[C@H](O)[C@@H](NC(=O)c3ccccc3)c3ccccc3)C(C)=C1C2(C)C,0,test,0.2126572090883376,0.9074457978685933,8.087817707076987e-05,0.4201691610894741,0.7767707563786641,9604.207024831629,17755.389604871772,22857.953210865067,5.422563889793439,0.3193694558525961
lisuride,CCN(CC)C(=O)N[C@H]1C=C2c3cccc4[nH]cc(c34)C[C@H]2N(C)C1,0,test,0.5232191501449482,0.9799640724412974,0.0009387016976394,0.1991743375143184,0.9528384499418175,1015.0598985150604,4855.987535189662,5096.338771264089,4.025187390150784,0.280135139133824
ergonovine,C[C@H](CO)NC(=O)[C@@H]1C=C2c3cccc4[nH]cc(c34)C[C@H]2N(C)C1,0,test,0.5248088244900458,0.9806899438734455,0.0008561418542506,0.1955690005739619,0.8484644517425106,991.0325578991656,4299.535680139099,5067.4317248165735,3.989387041921519,0.1406144704759305
etonogestrel,C#C[C@]1(O)CC[C@H]2[C@@H]3CCC4=CC(=O)CC[C@@H]4[C@H]3C(=C)C[C@@]21CC,0,test,0.4311639394154183,0.9676707951949138,0.0009447724377011,0.2522166372919183,0.9407088293125404,995.698849557318,3713.722889861561,3947.792105422789,3.6525049727725407,0.3829728696775258
benidipine,COC(=O)C1=C(C)NC(C)=C(C(=O)O[C@@H]2CCCN(Cc3ccccc3)C2)[C@@H]1c1cccc([N+](=O)[O-])c1,0,test,0.3403418260120136,0.94880090381789,0.000300776678156,0.3158747297812147,0.9526061272126268,3167.1542256953176,9551.414648821168,10026.614752908514,4.742841907387689,0.3277240736361401
finasteride,CC(C)(C)NC(=O)[C@H]1CC[C@H]2[C@@H]3CC[C@H]4NC(=O)C=C[C@]4(C)[C@H]3CC[C@]12C,0,test,0.7045857009243162,0.9938136226139692,0.0011664318915622,0.111060719909874,0.9499821374487292,814.434296867848,6966.441733656399,7333.234446244924,4.5038328671078895,0.1785253499082424
valsartan,CCCCC(=O)N(Cc1ccc(-c2ccccc2-c2nnn[nH]2)cc1)[C@H](C(=O)O)C(C)C,0,test,0.3541230986237175,0.9512975994114952,0.0004705543812833,0.3082740296455837,0.9738340372840428,2069.5462119129693,6537.672165281524,6713.332985890132,4.193862226729601,0.310353321974975
yohimbine,COC(=O)[C@H]1[C@@H](O)CC[C@H]2CN3CCc4c([nH]c5ccccc45)[C@@H]3C[C@@H]21,0,test,0.4534894880902723,0.9716011977062456,0.0005848184389747,0.2366244125524434,0.798169004343002,1364.815045404925,4603.722220173554,5767.853919563091,4.068879234756177,0.0921882956008878
enoxacin,CCn1cc(C(=O)O)c(=O)c2cc(F)c(N3CCNCC3)nc21,0,test,0.5260238822140916,0.9807249785251264,0.0009343498374879,0.195393235545375,0.8306331643563863,888.9958889376837,3779.196686451542,4549.778227768983,3.7932190831185215,0.0974668236563279
sulfaphenazole,Nc1ccc(S(=O)(=O)Nc2ccnn2-c2ccccc2)cc1,0,test,0.3265093327354296,0.9474837532432354,0.0008486579989048,0.319803904510423,0.8742279472177105,1030.129861906566,2816.0016242481165,3221.12972161349,3.3526639623221817,0.3006076987012368
nordazepam,O=C1CN=C(c2ccccc2)c2cc(Cl)ccc2N1,0,test,0.1785265848393933,0.8450548466663791,0.0003992634182468,0.5346796294283732,0.5762989351603909,1443.405302922357,1555.7595488878628,2699.570403431123,3.2442541911992824,0.2529981126324718
flurazepam,CCN(CC)CCN1C(=O)CN=C(c2ccccc2F)c2cc(Cl)ccc21,0,test,0.3223984909604313,0.9467268410837164,0.0004250392683447,0.3220377126543522,0.839620584242322,1975.3953264414451,5150.274371363766,6134.049674367381,4.134282185995418,0.2511614387855843
temazepam,CN1C(=O)[C@H](O)N=C(c2ccccc2)c2cc(Cl)ccc21,1,test,0.1377222466665771,0.8200853835899582,0.0003519568170952,0.5722411760980776,0.61867628271953,1757.8187228351717,1900.4587550897656,3071.814466098286,3.3450013163057104,0.3464924728020066
clonazepam,O=C1CN=C(c2ccccc2Cl)c2cc([N+](=O)[O-])ccc2N1,0,test,0.1137315558873219,0.7976773164006299,0.0003550570858227,0.6030844873646556,0.6426655660829291,1810.0344754245912,1928.8289703180576,3001.295031371205,3.2671702077029274,0.3014717561234339
diazepam,CN1C(=O)CN=C(c2ccccc2)c2cc(Cl)ccc21,1,test,0.1606044400359139,0.8402236996410982,0.0003873789049464,0.5422399234300492,0.6042713661115152,1559.8974502624803,1738.3474040446176,2876.766137755093,3.2928735502706283,0.3435759205858804
flunitrazepam,CN1C(=O)CN=C(c2ccccc2F)c2cc([N+](=O)[O-])ccc21,1,test,0.1409361856130714,0.80929842873094,0.0003179640216212,0.5873976959893796,0.5938175652790011,1867.56212936062,1887.9733513361296,3179.382796548092,3.3268544114467065,0.3401390098886393
carbamazepine,NC(=O)N1c2ccccc2C=Cc2ccccc21,1,test,0.1825323340621231,0.8896133241628357,0.0009518818818407,0.4567144988632936,0.747651477146592,785.4456434245687,1285.791445172644,1719.7738310902032,2.832399786535455,0.3457291714593472
tipranavir,CCC[C@@]1(CCc2ccccc2)CC(=O)C([C@H](CC)c2cccc(NS(=O)(=O)c3ccc(C(F)(F)F)cn3)c2)=C(O)O1,0,test,0.2887772002615683,0.9364908836637276,0.0002056432075638,0.3506919229391104,0.8917582606153716,4336.434308623573,11026.918110692852,12365.36693597159,4.79632187128849,0.4407342627865983
eplerenone,COC(=O)[C@@H]1CC2=CC(=O)CC[C@]2(C)[C@@]23O[C@@H]2C[C@@]2(C)[C@@H](CC[C@@]24CCC(=O)O4)[C@H]13,0,test,0.3610931554430159,0.9556124708547228,0.0004407804322148,0.2946265526848046,0.8060397081542425,1828.6649071601607,5002.863844577378,6206.721323982264,3.965823992032111,0.2588187452368551
venlafaxine,COc1ccc([C@H](CN(C)C)C2(O)CCCCC2)cc1,1,test,0.2553166733175678,0.9248097509579348,0.0006463835028436,0.3804299206596696,0.7625962782651972,1179.7892039481794,2364.963445851596,3101.1998265078946,3.4610201458739103,0.2781079582851489
rifampin,CO[C@H]1C=CO[C@@]2(C)Oc3c(C)c(O)c4c(O)c(c(/C=N\N5CCN(C)CC5)c(O)c4c3C2=O)NC(=O)C(C)=CC=C[C@H](C)[C@H](O)[C@@H](C)[C@@H](O)[C@@H](C)[C@H](OC(C)=O)[C@H]1C,1,test,0.3253104798591171,0.9474441077435302,0.0001075369866342,0.3199213383037554,0.8476219079563899,7882.143014096265,20883.499474642507,24637.75331738708,5.696156628245904,0.2384783063425027
carbimazole,CCOC(=O)n1ccn(C)c1=S,0,test,0.4529585174796545,0.9715907859549944,0.0026246593233715,0.236667160052586,0.8030559517396486,305.9657855740536,1038.1991531032277,1292.8104833221043,2.6607632010545834,0.1236933980978123
sulfinpyrazone,O=C1C(CC[S@@H](=O)c2ccccc2)C(=O)N(c2ccccc2)N1c1ccccc1,1,test,0.5002640747346507,0.9780078984265752,0.0005043603374022,0.2085678561409537,0.8634867782385954,1712.0433828839302,7087.989742254782,8208.567775309068,4.5795668581512645,0.1541122496547471
flufenamic-acid,O=C(O)c1ccccc1Nc1cccc(C(F)(F)F)c1,0,test,0.5338517334338218,0.9816534598383274,0.0012156716804204,0.1906737653360877,0.8769902168476922,721.4038386946651,3318.044870076582,3783.44570593178,3.729371062565148,0.1219265333594857
mefenamic-acid,Cc1cccc(Nc2ccccc2C(=O)O)c1C,1,test,0.409926289530718,0.9651238215736986,0.0012765255376966,0.2617938292454189,0.8279837859929741,648.6229703535402,2051.420784910386,2477.6098513211628,3.2755319238426988,0.1720873483604879
aceclofenac,O=C(O)COC(=O)Cc1ccccc1Nc1c(Cl)cccc1Cl,1,test,0.0877912966018284,0.7976581092260484,0.0003717574016205,0.6031098911358738,0.7465269452473536,2008.1024399060937,2485.620949415209,3329.579682608275,3.323246415904394,0.3462472200079248
diclofenac,O=C(O)Cc1ccccc1Nc1c(Cl)cccc1Cl,1,test,0.1466898268869161,0.8678343248746666,0.0006158546499229,0.49685368527297,0.7878033074432308,1279.2033112712986,2028.2844414411477,2574.607674628614,3.151323346717993,0.2604905466441328
tioconazole,Clc1ccc([C@@H](Cn2ccnc2)OCc2ccsc2Cl)c(Cl)c1,0,test,0.2430308786613552,0.9176976614325452,0.0003421650070855,0.3972795013604873,0.7225505969503226,2111.702196272898,3840.650416830302,5315.406883670954,3.811932875597874,0.2306943191333756
difloxacin,CN1CCN(c2cc3c(cc2F)c(=O)c(C(=O)O)cn3-c2ccc(F)cc2)CC1,0,test,0.2838464879906915,0.9280193939778288,0.0002477255277304,0.3725318837375175,0.6684695299203799,2698.428119397209,4842.047232038639,7243.482335859595,4.302074812170432,0.1317362872145968
omapatrilat,O=C(N[C@H]1CCS[C@H]2CCC[C@@H](C(=O)O)N2C1=O)[C@@H](S)Cc1ccccc1,0,test,0.4609626743570921,0.9729882405015928,0.0004938255522724,0.2308546812295883,0.8744800027676384,1770.827772567564,6707.914551300933,7670.746649518664,4.445743932534603,0.2158933573931808
indomethacin,COc1ccc2c(c1)c(CC(=O)O)c(C)n2C(=O)c1ccc(Cl)cc1,1,test,0.4097166784569845,0.9645962943935332,0.000503578000906,0.2637309023270964,0.7858301667639375,1560.4934396460994,4649.750215430606,5916.991243258527,4.116707183264136,0.1410265592181032
clopidogrel,COC(=O)[C@H](c1ccccc1Cl)N1CCc2sccc2C1,0,test,0.306374060063573,0.9421018013465492,0.0007511917999759,0.3353269984650615,0.8732546062444697,1162.4921974286533,3027.348441296468,3466.74202420291,3.448973854233817,0.277104144023114
ticlopidine,Clc1ccccc1CN1CCc2sccc2C1,0,test,0.4610977960934969,0.9730142446488212,0.0013106353087235,0.2307450534908257,0.8392119367221579,640.3092692043294,2328.783104039453,2774.9642279104705,3.2996108580031938,0.2086484291589819
glimepiride,CCC1=C(C)CN(C(=O)NCCc2ccc(S(=O)(=O)NC(=O)NC3CCC(C)CC3)cc2)C1=O,1,test,0.7022143504723561,0.9937172738562317,0.0004948097223089,0.1119195230499974,0.9428814532225458,1905.5435063457455,16053.514002551883,17026.01525110582,5.971055573805333,0.07642489477732
vinorelbine,CCC1=C[C@@H]2CN(C1)Cc1c([nH]c3ccccc13)[C@@](C(=O)OC)(c1cc3c(cc1OC)N(C)[C@H]1[C@@](O)(C(=O)OC)[C@H](OC(C)=O)[C@]4(CC)C=CCN5CC[C@]31[C@@H]54)C2,0,test,0.2239085252381632,0.9065512017019196,0.0001423465158912,0.4220958643398502,0.9806548770440618,6889.208849995969,16005.69166506716,16321.431769464403,5.017236054757949,0.5473530642853296
rifapentine,CO[C@H]1C=CO[C@@]2(C)Oc3c(C)c(O)c4c(O)c(c(/C=N\N5CCN(C6CCCC6)CC5)c(O)c4c3C2=O)NC(=O)C(C)=CC=C[C@H](C)[C@H](O)[C@@H](C)[C@@H](O)[C@@H](C)[C@H](OC(C)=O)[C@H]1C,0,test,0.1891893105923701,0.894717141518273,6.858963007862093e-05,0.4466332238799201,0.7654157980232611,11159.351597987956,19124.29159343629,24985.49369222073,5.613263181549541,0.2779893079509455
pramipexole,CCCN[C@H]1CCc2nc(N)sc2C1,0,test,0.6242469401952029,0.98911283435774,0.0031575850140386,0.1471591006659047,0.940902627487377,297.98172442043966,1905.229008479327,2024.894981499972,3.1628109539906903,0.2128596918865527
roquinimex,CN(C(=O)c1c(O)n(C)c2ccccc2c1=O)c1ccccc1,0,test,0.2282099492258209,0.910573822025886,0.0008131381229782,0.4133464825557008,0.9559816701462112,1175.6694750022984,2719.071083666866,2844.271149310845,3.3057521291622978,0.5252165508594927
cisapride,COc1cc(N)c(Cl)cc1C(=O)N[C@H]1CCN(CCCOc2ccc(F)cc2)C[C@H]1OC,1,test,0.8296158854623662,0.9981431381552024,0.0009512652822208,0.0609120329137374,0.9868978472200196,1037.4580736468604,16808.91427336033,17032.071070687965,6.1177608139817625,0.1532461349928124
nafcillin,CCOc1ccc2ccccc2c1C(=O)N[C@@H]1C(=O)N2[C@@H](C(=O)O)C(C)(C)S[C@H]12,0,test,0.342195562439592,0.9515650442972504,0.0004283626113481,0.3074475019764701,0.8268449282385072,1930.2453256513325,5191.174257428306,6278.292434456208,4.02049358216547,0.2448067836414858
zolpidem,Cc1ccc(-c2nc3ccc(C)cn3c2CC(=O)N(C)C)cc1,1,test,0.2678699150043452,0.926851870475629,0.0004809140280221,0.3754272368859615,0.718021932897767,1493.0359504187838,2855.5002239520163,3976.898327364307,3.6799222593125256,0.189150202185077
alpidem,CCCN(CCC)C(=O)Cc1c(-c2ccc(Cl)cc2)nc2ccc(Cl)cn12,0,test,0.2823877033039496,0.9340526652436204,0.0003217851634766,0.3571352944631622,0.7611376856407889,2365.3597866891505,5041.1272749019045,6623.147651213545,4.165184978962946,0.3589456366059523
oxomemazine,C[C@H](CN(C)C)CN1c2ccccc2S(=O)(=O)c2ccccc21,0,test,0.2802743565303559,0.931359089034698,0.0005030562418762,0.3641019737277696,0.7217398009254153,1434.7099605275953,2843.948552915855,3940.406984995621,3.5264795798070856,0.1837358802609169
mevastatin,CC[C@H](C)C(=O)O[C@H]1CCC=C2C=C[C@H](C)[C@H](CC[C@@H]3C[C@@H](O)CC(=O)O3)[C@H]21,0,test,0.2802904626579376,0.9346603465781944,0.000369600245793,0.3555418913916182,0.8243531559803419,2230.391254777357,5171.345808928817,6273.216486663317,4.184333503528523,0.2837052014615154
lovastatin,CC[C@H](C)C(=O)O[C@H]1C[C@@H](C)C=C2C=C[C@H](C)[C@H](CC[C@@H]3C[C@@H](O)CC(=O)O3)[C@H]21,0,test,0.1681142203592976,0.8817630479339875,0.0002880398853036,0.4716926195078362,0.764395585355617,2653.783813827947,4300.556226414679,5626.087210346652,3.9431945513024673,0.3931648660600767
simvastatin,CCC(C)(C)C(=O)O[C@H]1C[C@@H](C)C=C2C=C[C@H](C)[C@H](CC[C@@H]3C[C@@H](O)CC(=O)O3)[C@H]21,0,test,0.3809758393068371,0.9596521932875004,0.0004155101049891,0.2811897365098698,0.8804282205693068,2118.9092876390414,6634.479468628607,7535.514325447891,4.411078612065712,0.2853413685880271
medroxyprogesterone,CC(=O)[C@@]1(O)CC[C@H]2[C@@H]3C[C@H](C)C4=CC(=O)CC[C@]4(C)[C@H]3CC[C@@]21C,0,test,0.5053529199005441,0.9784371190674056,0.0009234779769736,0.2065449201289529,0.9060820089689752,981.1625523960396,4304.214967112673,4750.359155691008,3.816525508590285,0.2551760464245256
norethindrone,C#C[C@]1(O)CC[C@H]2[C@@H]3CCC4=CC(=O)CC[C@@H]4[C@H]3CC[C@@]21C,0,test,0.5188592245501246,0.979647786451998,0.0012799630970352,0.2007242249946437,0.9396671299073048,734.1361107080393,3436.772876461439,3657.4365188239217,3.62160987611767,0.3258058120733696
(-)-norgestrel,C#C[C@]1(O)CC[C@H]2[C@@H]3CCC4=CC(=O)CC[C@@H]4[C@H]3CC[C@@]21CC,0,test,0.4703487845621564,0.9733557863565082,0.0010832989436553,0.2293000505152661,0.9532241540942548,879.9271518513896,3657.948670762569,3837.448573927839,3.660947251149237,0.3771244906004982
hydrocortsione,C[C@]12C[C@H](O)[C@H]3[C@@H](CCC4=CC(=O)CC[C@@]43C)[C@@H]1CC[C@]2(O)C(=O)CO,0,test,0.494365003627451,0.9768478187296936,0.0008908222471549,0.2139353618339884,0.9326096659836014,1046.9088181869631,4563.795694525123,4893.575373478244,3.806576017370867,0.2920090612507037
progesterone,CC(=O)[C@H]1CC[C@H]2[C@@H]3CCC4=CC(=O)CC[C@]4(C)[C@H]3CC[C@]12C,1,test,0.5691355670042451,0.9848851182705946,0.00124216080177,0.1732088444887183,0.9135994746766049,735.4921145271303,3879.393176741257,4246.273431926481,3.7535425230799575,0.2560247258319243
testosterone,C[C@]12CC[C@H]3[C@@H](CCC4=CC(=O)CC[C@@]43C)[C@@H]1CC[C@@H]2O,1,test,0.5301423313602156,0.9811493467248208,0.0014208290162292,0.1932510269609386,0.9093667868999624,640.0254897055479,3011.7196905000205,3311.886615924245,3.4744169425237685,0.2914335849172604
corticosterone,C[C@]12C[C@H](O)[C@H]3[C@@H](CCC4=CC(=O)CC[C@@]43C)[C@@H]1CC[C@@H]2C(=O)CO,0,test,0.5925309318643863,0.9868866669275244,0.0010717117535549,0.1614147039172129,0.9036488530685306,843.182740201412,4720.394720055827,5223.704654774617,3.945572997868628,0.2281202024970846
thiothixene,CN1CCN(CC/C=C2\c3ccccc3Sc3ccc(S(=O)(=O)N(C)C)cc32)CC1,0,test,0.1661186095623788,0.8478067664355989,0.0001541666120973,0.530305276973569,0.6085468554900239,3947.33235173889,4529.72428246168,7443.509471122289,4.23594083946466,0.2711821184551292
clopentixol,OCCN1CCN(CC/C=C2/c3ccccc3Sc3ccc(Cl)cc32)CC1,0,test,0.4010392582712066,0.9632328612054164,0.0003455577843829,0.2686679271778217,0.7946713959981931,2299.6773098808253,6802.031777238582,8559.552805715997,4.692855906128992,0.1313519091836074
barnidipine,COC(=O)C1=C(C)NC(C)=C(C(=O)O[C@H]2CCN(Cc3ccccc3)C2)[C@H]1c1cccc([N+](=O)[O-])c1,0,test,0.3469420694936152,0.9512237215065344,0.0003126533250163,0.3085019151371008,0.9297390074245416,2973.7058045869253,8961.922592605491,9639.181018585852,4.684651479304209,0.2766985331582158
aminoglutethimide,CC[C@]1(c2ccc(N)cc2)CCC(=O)NC1=O,0,test,0.3593554436860547,0.9530110504498776,0.0016778724048104,0.3029355339348964,0.962060303946503,573.3810873748828,1820.939181455041,1892.7495230655493,3.0377817299454444,0.4297402651893635
amifloxacin,CNn1cc(C(=O)O)c(=O)c2cc(F)c(N3CCN(C)CC3)cc21,0,test,0.5492688590620567,0.983166652181612,0.0009291763824032,0.182711067092283,0.8750055252180451,941.7001355059424,4509.813416228926,5154.039930325141,3.982450240506469,0.1518980465202042
pefloxacin,CCn1cc(C(=O)O)c(=O)c2cc(F)c(N3CCN(C)CC3)cc21,0,test,0.5769279615074041,0.9856163055440303,0.0009606752310481,0.1689985155134103,0.8613257157415922,896.583661058706,4569.570100882498,5305.275364904375,4.019416105910072,0.0892299461117086
lomefloxacin,CCn1cc(C(=O)O)c(=O)c2cc(F)c(N3CCN[C@H](C)C3)c(F)c21,0,test,0.5274350735649282,0.980914992134718,0.0008141597836768,0.1944370803250915,0.8378562831781682,1029.105465507418,4434.5578471284725,5292.742844043904,3.9124316672741215,0.112275790171733
norfloxacin,CCn1cc(C(=O)O)c(=O)c2cc(F)c(N3CCNCC3)cc21,0,test,0.539029719521287,0.9820773397288096,0.0009379525830476,0.1884783775163194,0.8371247716805723,892.5022296549175,3964.039456778451,4735.303016801703,3.875360702114147,0.0957384037331065
glyburide,COc1ccc(Cl)cc1C(=O)NCCc1ccc(S(=O)(=O)NC(=O)NC2CCCCC2)cc1,1,test,0.5784512316277524,0.985766575100067,0.0002908099034694,0.1681197769909416,0.8752118272262019,3009.5667884230334,15667.451475366504,17901.325128364824,6.084541109704925,0.0889801709342434
ondansetron,Cc1nccn1C[C@H]1CCc2c(c3ccccc3n2C)C1=O,1,test,0.3708093691036022,0.957839951196407,0.0008942031774173,0.2873023283791215,0.8374540990125029,936.5367068268308,2729.8995745444727,3259.760239711617,3.4357737454097217,0.2249924925339282
azelastine,CN1CCC[C@H](n2nc(Cc3ccc(Cl)cc3)c3ccccc3c2=O)CC1,0,test,0.4093977157445024,0.965067339026558,0.000454132083532,0.2620019678250502,0.8361509601876792,1841.2065355183336,5876.011639750325,7027.453079084449,4.393632619065411,0.191326397179505
minaprine,Cc1cc(-c2ccccc2)nnc1NCCN1CCOCC1,0,test,0.5702148344859765,0.9850564416731804,0.0009416021491091,0.1722318400243462,0.8665572573211018,920.3008490803952,4630.348137583951,5343.383946605367,4.272550571158349,0.0949699863927038
zolmitriptan,CN(C)CCc1c[nH]c2ccc(C[C@H]3COC(=O)N3)cc12,0,test,0.3984338612784679,0.9628608359180636,0.0006711701111145,0.2699981678737244,0.8011152509293499,1193.6098429636618,3541.5760647116326,4420.807194224746,3.991372916619514,0.1482292370258214
quinuprostin,CC[C@@H]1NC(=O)[C@@H](NC(=O)c2ncccc2O)[C@@H](C)OC(=O)[C@H](c2ccccc2)NC(=O)[C@@H]2CC(=O)[C@H](CS[C@@H]3CN4CCC3CC4)CN2C(=O)[C@H](Cc2ccc(N(C)C)cc2)N(C)C(=O)[C@@H]2CCCN2C1=O,0,test,0.1436436301480645,0.860150751131036,3.756931746466121e-05,0.5100398860174707,0.7322935670116892,19491.79853215342,27985.494989493644,38216.22399838305,6.474150101453511,0.3085063659966687
bepridil,CC(C)COC[C@@H](CN(Cc1ccccc1)c1ccccc1)N1CCCC1,0,test,0.1325817860493821,0.8510365321809108,0.0003015697638062,0.5251064852898788,0.7379314313260597,2446.9675673459164,3438.720202404673,4659.945431820552,3.7927595753741024,0.3721433424700631
sibutramine,CC(C)C[C@H](N(C)C)C1(c2ccc(Cl)cc2)CCC1,0,test,0.2669636589146872,0.9286263432096912,0.0008549738525335,0.3710163267256534,0.9109861586371124,1065.5134726490471,2616.240729865244,2871.877585691632,3.4218383195494244,0.6329542402377484
(R)(+)-bufuralol,CCc1cccc2cc([C@H](O)CNC(C)(C)C)oc12,1,test,0.4962266659168758,0.9775032620882164,0.0011828647214429,0.2109202991816956,0.8450218039778298,714.3858369086968,2862.0839766625327,3386.994232799256,3.649841089331116,0.1485645600388736
clozapine,CN1CCN(C2=Nc3cc(Cl)ccc3Nc3ccccc32)CC1,1,test,0.289156873179284,0.9346897766842792,0.0004561779566842,0.3554645149123782,0.7295131008363451,1599.1853401659707,3281.97782724972,4498.860710639904,3.788134170866761,0.2091623761471628
cyproterone,CC(=O)[C@@]1(O)CC[C@H]2[C@@H]3C=C(Cl)C4=CC(=O)[C@@H]5C[C@@H]5[C@]4(C)[C@H]3CC[C@@]21C,0,test,0.4400725347295834,0.9700062823022968,0.0006692844672451,0.2430798475688114,0.8627055027406187,1288.9967494562954,4574.729661437373,5302.770930409623,3.859056452481051,0.2877576528896068
diethylcarbamazine,CCN(CC)C(=O)N1CCN(C)CC1,0,test,0.3815488337924951,0.9593498513695946,0.0021839012939574,0.2822195292270481,0.907491808314462,415.5370074761837,1336.1812039334973,1472.389273039572,2.844056945174989,0.3523030114147281
sparteine,C1CCN2C[C@H]3C[C@H](CN4CCCC[C@H]34)[C@@H]2C1,0,test,0.3557728182879635,0.9533377331866716,0.0018262935361406,0.3019058901089849,0.9280744184667764,508.1737410230354,1562.1525270997154,1683.2190350429728,2.829691387266255,0.4011389613400756
alosetron,Cc1[nH]cnc1CN1CCc2c(c3ccccc3n2C)C1=O,1,test,0.4711714123133568,0.9743159186105352,0.0011066266005137,0.2251854585494121,0.8862072335474239,800.818661991295,3151.5857888342666,3556.2627673650272,3.571317886664392,0.2261904861485023
bifonazol,c1ccc(-c2ccc([C@@H](c3ccccc3)n3ccnc3)cc2)cc1,0,test,0.4596788727272931,0.9728205233154468,0.000717587867755,0.2315604228193149,0.8395328322201143,1169.9373274614495,4241.660928431396,5052.406249812145,4.105566630928536,0.1646866251524534
pindolol,CC(C)NC[C@H](O)COc1cccc2[nH]ccc12,0,test,0.5694365314194416,0.984991287413188,0.0016425316886539,0.1726040663487114,0.8885744293467613,540.9785610132892,2784.9848865672693,3134.2167798083733,3.606585420615849,0.1498924164421402
tegaserod,CCCCC/N=C(\N)N/N=C\c1c[nH]c2ccc(CO)cc12,0,test,0.3559790829173444,0.951452617255004,0.0008026759097716,0.3077952519429159,0.9803910414850252,1221.4033454224082,3890.420304839692,3968.233225536991,3.881163919830475,0.3740269709770112
