Drug_ID,Drug,Y,split,d3d_asphericity,d3d_eccentricity,d3d_inertial_shape_factor,d3d_npr1,d3d_npr2,d3d_pmi1,d3d_pmi2,d3d_pmi3,d3d_radius_of_gyration,d3d_spherocity_index
Fluconazole,OC(Cn1cncn1)(Cn1cncn1)c1ccc(F)cc1F,1,train,0.2689808710025561,0.9308575917029352,0.0007080448775778,0.3653821889050035,0.8110457753448046,1145.472273055996,2542.6265320180028,3134.997566490056,3.3374846091596417,0.3686104276147422
Coumarin,O=c1ccc2ccccc2o1,0,train,0.4619982602576114,0.9721958905785784,0.0043129781209645,0.2341690635889477,0.7658309364227226,177.5642989469768,580.7096430829545,758.273942021082,2.277828828224393,2.0524156188734723e-11
Paromomycin,NC[C@@H]1O[C@H](O[C@@H]2[C@@H](CO)O[C@@H](O[C@@H]3[C@@H](O)[C@H](N)C[C@H](N)[C@H]3O[C@H]3O[C@H](CO)[C@@H](O)[C@H](O)[C@H]3N)[C@@H]2O)[C@H](N)[C@@H](O)[C@@H]1O,0,train,0.3954293220551776,0.9624767039005068,0.0002202934411018,0.2713643205154584,0.8744109324140477,3969.30080187722,12790.185565325895,14627.202258342237,5.048896328604053,0.2555038261490793
Citalopram,CN(C)CCCC1(c2ccc(F)cc2)OCc2cc(C#N)ccc21,1,train,0.2403948643152531,0.9174836800224144,0.0004054138860622,0.3977734240651678,0.734671568408171,1812.151960417683,3346.972025803026,4555.739148930159,3.869577882365919,0.3507421329119922
Azlocillin,CC1(C)S[C@@H]2[C@H](NC(=O)[C@H](NC(=O)N3CCNC3=O)c3ccccc3)C(=O)N2[C@H]1C(=O)O,0,train,0.4613562834931928,0.9730075235651388,0.0004101331562082,0.230773393365951,0.8817155535287159,2149.8275381592057,8213.842809831445,9315.751295254808,4.617483103311445,0.2176874460859026
Papaverine,COc1ccc(Cc2nccc3cc(OC)c(OC)cc23)cc1OC,1,train,0.2688337534844127,0.9308929590354252,0.0005057861477363,0.3652920733033641,0.837097076165563,1655.041522809666,3792.664886341549,4530.734838681275,3.8341243475375513,0.3457816185885241
Ritonavir,CC(C)c1nc(CN(C)C(=O)N[C@H](C(=O)N[C@@H](Cc2ccccc2)C[C@H](O)[C@H](Cc2ccccc2)NC(=O)OCc2cncs2)C(C)C)cs1,1,train,0.1814008680459202,0.891209467463281,7.913164246136963e-05,0.4535919808636556,0.7855309205718113,9926.887603214993,17191.39113200135,21885.05974976418,5.829638826698053,0.3554686180151755
Sildenafil,CCCc1nn(C)c2c(=O)[nH]c(-c3cc(S(=O)(=O)N4CCN(C)CC4)ccc3OCC)nc12,1,train,0.2254366039672541,0.9127666385807504,0.0002704752197092,0.4084814114424271,0.8968872372787534,3315.968236361241,7280.746460193103,8117.794698789141,4.44034082724174,0.44380011408637
Cerivastatin,COCc1c(C(C)C)nc(C(C)C)c(/C=C/[C@@H](O)C[C@@H](O)CC(=O)O)c1-c1ccc(F)cc1,1,train,0.3325700358035089,0.9484592549727908,0.0002432520895621,0.3168991032749363,0.7725976204713144,3176.119152201721,7743.35450610439,10022.49334055759,4.773353216063754,0.1998377945648053
Pergolide,CCCN1C[C@H](CSC)C[C@@H]2c3cccc4[nH]cc(c34)C[C@H]21,1,train,0.3021633650468632,0.9400725437868604,0.0005414236927187,0.3409745040587367,0.7622307554437654,1407.82674584521,3147.1234102438366,4128.83288658643,3.715613570647368,0.1869152164220465
Terguride,CCN(CC)C(=O)N[C@H]1C[C@@H]2c3cccc4[nH]cc(c34)C[C@H]2N(C)C1,0,train,0.4896223047183216,0.9765725358773976,0.0007601605817759,0.2151884805699154,0.902839723174208,1187.6960537270566,4983.069602620488,5519.329150805404,4.143372275003961,0.2382240490765692
Cabergoline,C=CCN1C[C@H](C(=O)N(CCCN(C)C)C(=O)NCC)C[C@@H]2c3cccc4[nH]cc(c34)C[C@H]21,1,train,0.4759078940457391,0.9750029420902712,0.0004058334517959,0.2221919506087372,0.8711300276672219,2146.521002180128,8415.691454593667,9660.660506824504,4.731755002246016,0.1685712961525813
Amantadine,NC12CC3CC(CC(C3)C1)C2,1,train,0.0482382350286634,0.711736391707299,0.0032996959083765,0.7024466589852033,0.9979841896602992,302.4473216234381,429.69475521649946,430.5626879347276,1.9605039859030613,0.8493093634447221
Meptazinol,CCC1(c2cccc(O)c2)CCCCN(C)C1,0,train,0.2747165332970956,0.9316471390240406,0.0013154418987818,0.363364291515168,0.9014885537538384,685.3123308514415,1700.2254663847425,1886.020026882125,3.025307971202888,0.5105008184507123
Tizanidine,Clc1ccc2nsnc2c1NC1=NCCN1,1,train,0.2378881519025656,0.8960353940783224,0.000604965412535,0.4439826264156126,0.5964971744659581,986.0021120321924,1324.708308054613,2220.8123772599934,2.988349902157601,0.1045031949632432
Amoxapine,Clc1ccc2c(c1)C(N1CCNCC1)=Nc1ccccc1O2,1,train,0.1706005112292326,0.8434867242829766,0.0003065477553436,0.5371500218359616,0.5892207385753093,1922.1172828841363,2108.4451624489066,3578.3621050863985,3.4819976642604185,0.1997771048929437
Hypericin,Cc1cc(O)c2c(=O)c3c(O)cc(O)c4c5c(O)cc(O)c6c(=O)c7c(O)cc(C)c8c1c2c(c34)c(c78)c65,0,train,0.22281326673086,0.8678969099898088,0.000131226901572,0.4967443544018812,0.5435813739013055,4142.301368006053,4532.870577754592,8338.899740478591,4.106577923802892,0.0918592104931634
Troglitazone,Cc1c(C)c2c(c(C)c1O)CCC(C)(COc1ccc(CC3SC(=O)NC3=O)cc1)O2,1,train,0.583293611782369,0.9858258212430115,0.0004765235483688,0.1677720184373482,0.954393060913582,2002.824549133964,11393.329291288464,11937.774652701612,5.356077095068356,0.2763390151021123
Didanosine,O=c1nc[nH]c2c1ncn2[C@H]1CC[C@@H](CO)O1,1,train,0.3874303287982095,0.9610304876434772,0.0015055771736197,0.2764424023548858,0.8199836373072925,544.6307580075011,1615.4841158090724,1970.1418934578844,2.9566851747918146,0.228523910715482
Spiramycin,CO[C@@H]1[C@@H](O[C@@H]2O[C@H](C)[C@@H](O[C@H]3C[C@@](C)(O)[C@@H](O)[C@H](C)O3)[C@H](N(C)C)[C@H]2O)[C@@H](CC=O)C[C@@H](C)[C@@H](O[C@H]2CC[C@H](N(C)C)[C@H](C)O2)/C=C/C=C/C[C@@H](C)OC(=O)C[C@H]1O,1,train,0.3368323637888567,0.9503023814746956,8.748744291506503e-05,0.3113284178540766,0.8282381901554513,9466.937911987272,25185.23550334386,30408.203585271607,6.211732712501613,0.2340021360350384
Terfenadine,CC(C)(C)c1ccc(C(O)CCCN2CCC(C(O)(c3ccccc3)c3ccccc3)CC2)cc1,0,train,0.6227093368823349,0.9889521796392692,0.0003982100137007,0.1482349027278624,0.9496731281943426,2384.854964767253,15278.67346355148,16088.349780520302,5.981470181265401,0.1843481727448906
Fexofenadine,CC(C)(C(=O)O)c1ccc(C(O)CCCN2CCC(C(O)(c3ccccc3)c3ccccc3)CC2)cc1,1,train,0.7108493425509799,0.9940809722705324,0.000482867237676,0.1086417073212341,0.9602006531417692,1988.539661052856,17575.175578707705,18303.648847979704,6.143413856643911,0.1500429624744043
Haloperidol,O=C(CCCN1CCC(O)(c2ccc(Cl)cc2)CC1)c1ccc(F)cc1,1,train,0.8770083464621659,0.999069506809827,0.0018731953243557,0.0431291150241794,0.9935408221055828,530.3989440862442,12218.49793708829,12297.932470649748,5.772207980222921,0.1177422952518638
Delavirdine,CC(C)Nc1cccnc1N1CCN(C(=O)c2cc3cc(NS(C)(=O)=O)ccc3[nH]2)CC1,1,train,0.6907560558648015,0.9931070251404618,0.0005938337514838,0.1172110771926537,0.9539636101374712,1606.4489560481609,13074.650300281735,13705.60696586488,5.575551949940404,0.1480380949701105
Dipyridamole,OCCN(CCO)c1nc(N2CCCCC2)c2nc(N(CCO)CCO)nc(N3CCCCC3)c2n1,1,train,0.191165021537419,0.8804079052969488,0.0001457396289374,0.4742171657486039,0.6480879383944925,4446.888901252806,6077.331797411355,9377.325880291372,4.440575937494934,0.242174549884108
Perindopril,CCC[C@H](N[C@@H](C)C(=O)N1[C@H](C(=O)O)C[C@@H]2CCCC[C@@H]21)C(=O)OCC,1,train,0.4955301837030837,0.9766590899310752,0.0008009900011453,0.2147953026837506,0.9550207128580172,1192.3004175987064,5301.194116114016,5550.868211276318,4.042718400212204,0.2362523188143187
Exemestane,C=C1C[C@@H]2[C@H](CC[C@]3(C)C(=O)CC[C@@H]23)[C@@]2(C)C=CC(=O)C=C12,1,train,0.4254049159938188,0.9675148803547442,0.0010849557388823,0.2528140745531092,0.8918009641955199,821.9699036885646,2899.496612065285,3251.282212596481,3.429577205963364,0.3467895706179817
Labetalol,CC(CCc1ccccc1)NCC(O)c1ccc(O)c(C(N)=O)c1,1,train,0.7873527821770653,0.9970445941877014,0.0014494793804947,0.0768249777161174,0.9508394883868844,655.986902043645,8118.951269110744,8538.719066963327,5.134165937674751,0.0719580670571886
Mifepristone,CC#C[C@]1(O)CC[C@H]2[C@@H]3CCC4=CC(=O)CCC4=C3[C@@H](c3ccc(N(C)C)cc3)C[C@@]21C,1,train,0.137188129282139,0.8556401891845826,0.0002100366752597,0.5175711223128387,0.740557197683614,3525.8470777432185,5044.893964884383,6812.294824308356,4.231281023836703,0.4824589154021848
Cytarabine,Nc1ccn([C@@H]2O[C@H](CO)[C@@H](O)[C@@H]2O)c(=O)n1,0,train,0.3441577682521001,0.9518209024370052,0.0014333919817818,0.3066544793150836,0.8724054404005942,608.630054785221,1731.499804509202,1984.74209848362,2.981761342950529,0.2745443148473547
Zalcitabine,Nc1ccn([C@H]2CC[C@@H](CO)O2)c(=O)n1,1,train,0.4874231630451824,0.9764700251788864,0.0022599237800065,0.2156531704546562,0.8632385845787428,381.9768578992709,1529.016065284946,1771.255470503673,2.952385037339195,0.174411046615251
Benazepril,CCOC(=O)[C@H](CCc1ccccc1)N[C@H]1CCc2ccccc2N(CC(=O)O)C1=O,1,train,0.3783758114485329,0.9579499426598284,0.0004534464928642,0.2869353713957751,0.939045807019914,2070.9076413586063,6777.404709233186,7217.331315009491,4.350075098457047,0.3371721176441999
Xipamide,Cc1cccc(C)c1NC(=O)c1cc(S(N)(=O)=O)c(Cl)cc1O,1,train,0.5709175528986705,0.9851054128087406,0.0008710393071203,0.1719515212346802,0.8610467635210866,988.5280221942504,4950.051317071983,5748.876282665174,4.0582986519664415,0.0653983883838551
Hexobarbital,CN1C(=O)NC(=O)C(C)(C2=CCCCC2)C1=O,1,train,0.1390960298087675,0.8560348129784318,0.0012704602245663,0.5169181743457871,0.949572269639282,747.4238478921142,1373.0083306195995,1445.922942906884,2.7472114347456005,0.6185620026912096
Phenytoin,O=C1NC(=O)C(c2ccccc2)(c2ccccc2)N1,1,train,0.0997025294219758,0.8107600371785177,0.0006521431866235,0.5853786484953893,0.7268724022476467,1114.5901960748868,1384.0013731710435,1904.049966529768,2.953971354562693,0.4489958978966114
Caffeine,Cn1c(=O)c2c(ncn2C)n(C)c1=O,1,train,0.2744051114737161,0.9152675402814412,0.0012791599868558,0.4028465336913802,0.605382884474271,473.2659641443904,711.2066023552295,1174.8046081164953,2.464657529565873,0.0665002644286896
Pentoxifylline,CC(=O)CCCCn1c(=O)c2c(ncn2C)n(C)c1=O,1,train,0.3167808617815,0.943664527341244,0.0009609039901384,0.3309037017590258,0.9243788049314764,961.9887256356512,2687.3135109507184,2907.1561318954377,3.432050661748404,0.297718487561201
Theophylline,Cn1c(=O)c2[nH]cnc2n(C)c1=O,1,train,0.2613295267541428,0.9030195263819276,0.0013639339942101,0.4295995053220605,0.57690573588995,422.9718874512283,568.0055609186044,984.5725663350948,2.3414850713830755,0.0579380182339289
Proxyphylline,CC(O)Cn1cnc2c1c(=O)n(C)c(=O)n2C,1,train,0.3462544197349456,0.9510334776679138,0.0012655667792162,0.3090878909871329,0.7506998344792972,593.1728351341437,1440.6735499429656,1919.1073232915392,2.8802630038542323,0.1151116696502541
Alosetron,Cc1[nH]cnc1CN1CCc2c(c3ccccc3n2C)C1=O,1,train,0.4711714123133568,0.9743159186105352,0.0011066266005137,0.2251854585494121,0.8862072335474239,800.818661991295,3151.5857888342666,3556.2627673650272,3.571317886664392,0.2261904861485023
Sulfinpyrazone,O=C1C(CCS(=O)c2ccccc2)C(=O)N(c2ccccc2)N1c1ccccc1,1,train,0.3432340146694368,0.9517666288609408,0.000442646991116,0.3068228873253754,0.8554706105942609,1932.6249308444692,5388.463175127924,6298.829098739904,4.103153879121848,0.2174451796231029
Dirithromycin,CC[C@H]1OC(=O)[C@H](C)[C@@H](O[C@H]2C[C@@](C)(OC)[C@@H](O)[C@H](C)O2)[C@H](C)[C@@H](O[C@@H]2O[C@H](C)C[C@H](N(C)C)[C@H]2O)[C@](C)(O)C[C@@H](C)[C@@H]2N[C@@H](COCCOC)O[C@H]([C@H]2C)[C@]1(C)O,0,train,0.2027770058271255,0.9034970782466774,9.953883783435816e-05,0.4285942482111926,0.84765337213379,8515.805393914321,16842.155928862707,19869.154636247247,5.203779045775475,0.4052330066511858
Lynestrenol,C#C[C@]1(O)CC[C@H]2[C@@H]3CCC4=CCCC[C@@H]4[C@H]3CC[C@@]21C,1,train,0.4629212938542447,0.9727570303969886,0.0012872967916018,0.2318270040638758,0.9271874214781344,720.2592498691782,2880.6623256795992,3106.8824478736024,3.433820268551011,0.3216529775424941
Procyclidine,OC(CCN1CCCC1)(c1ccccc1)C1CCCCC1,1,train,0.2600084706305561,0.9278258108342968,0.0006550057687701,0.373013759464285,0.822461930897289,1255.6560111547522,2768.609042627035,3366.245826851268,3.585447290380067,0.3236900712874587
Verapamil,COc1ccc(CCN(C)CCCC(C#N)(c2ccc(OC)c(OC)c2)C(C)C)cc1OC,1,train,0.3932902916583357,0.9617379062419188,0.0002964441686123,0.2739711658138686,0.9017216691995148,3041.7925689697013,10011.456003050644,11102.601107432756,5.154377130067167,0.3061628955021253
Gallopamil,COc1ccc(CCN(C)CCCC(C#N)(c2cc(OC)c(OC)c(OC)c2)C(C)C)cc1OC,0,train,0.4455055313051232,0.9699958137606138,0.0003098197692312,0.2431216183042645,0.9384578028117674,3029.0442896542568,11692.21506715597,12458.96728880537,5.29545467627434,0.2809512939658442
Cyclobenzaprine,CN(C)CCC=C1c2ccccc2C=Cc2ccccc21,1,train,0.2616605220681477,0.9280033700853138,0.0006673687866147,0.3725717985976665,0.7910491904344752,1185.325424713297,2516.6980462560614,3181.468455676937,3.5351787688867486,0.2818767333862105
Fluoxetine,CNCCC(Oc1ccc(C(F)(F)F)cc1)c1ccccc1,1,train,0.4978378677092076,0.977719985779432,0.0008209635505806,0.2099133854890335,0.8692291773189611,1058.7914368477916,4384.343606575997,5043.944360104211,4.11718666551052,0.1960703066981781
Atomoxetine,CNCC[C@@H](Oc1ccccc1C)c1ccccc1,1,train,0.1999381275393683,0.8855465612867902,0.0005135073246348,0.4645506299566723,0.645532934712516,1257.1056024789723,1746.8560292071584,2706.068018024688,3.343696869993805,0.2225149570074256
Bevantolol,COc1ccc(CCNCC(O)COc2cccc(C)c2)cc1OC,1,train,0.6030325444629637,0.9874250073116656,0.0007082257737506,0.1580881239548275,0.956736045890039,1350.8913136884105,8175.480748033651,8545.178979253476,5.11442757087935,0.2549264549950596
Tamoxifen,CC/C(=C(\c1ccccc1)c1ccc(OCCN(C)C)cc1)c1ccccc1,1,train,0.27813007446703,0.9333347414942552,0.0003376961604227,0.3590073262760128,0.7812321147136728,2313.4172261117537,5034.203202808233,6443.927621502484,4.308221995280232,0.2437242614577577
Toremifene,CN(C)CCOc1ccc(/C(=C(/CCCl)c2ccccc2)c2ccccc2)cc1,1,train,0.4066326925503881,0.9644923672061724,0.0003691917877936,0.264110722237917,0.8183557867240361,2216.614274154642,6868.252461766684,8392.746251921817,4.639590232045547,0.1947200961418389
Piretanide,NS(=O)(=O)c1cc(C(=O)O)cc(N2CCCC2)c1Oc1ccccc1,1,train,0.1279096559263206,0.8193495082911597,0.0002786278411995,0.5732943251620715,0.6432822334768122,2308.750736133571,2590.603578120846,4027.164817096145,3.5093588829767546,0.3425352769411757
Tenoxicam,CN1C(C(=O)Nc2ccccn2)=C(O)c2sccc2S1(=O)=O,1,train,0.4631492021870595,0.9733003548066582,0.0008410201489344,0.2295352246023108,0.8409803447530008,999.95267154837,3663.666628564016,4356.42360897275,3.656186575665212,0.0843447554752098
Biperiden,OC(CCN1CCCCC1)(c1ccccc1)C1CC2C=CC1C2,1,train,0.2523448636215573,0.9242891985176434,0.0005708793471968,0.381692909946743,0.7787397490100466,1364.1056605634335,2783.083657169767,3573.830231097992,3.520585645793353,0.3226662501403414
Rosiglitazone,CN(CCOc1ccc(CC2SC(=O)NC2=O)cc1)c1ccccn1,1,train,0.6479057684228743,0.9905618561164028,0.000827234560059,0.1370664408497824,0.9654091529429496,1167.031939374097,8219.833454953998,8514.352106458375,5.004120380496554,0.1857390441145411
Almotriptan,CN(C)CCc1c[nH]c2ccc(CS(=O)(=O)N3CCCC3)cc12,1,train,0.1425838475837926,0.8657184625804566,0.0005048591719558,0.5005312613087525,0.8206286809510722,1625.460577000105,2664.9675501861407,3247.470642992348,3.351825235292158,0.4348281743692936
Lamivudine,Nc1ccn([C@@H]2CS[C@H](CO)O2)c(=O)n1,1,train,0.4429886906876827,0.9701946931967248,0.0020559794592772,0.2423267572780877,0.8997565949810368,437.6291751948304,1624.912333085001,1805.9465661590923,2.9046281511844905,0.2548867670377129
Adefovir,Nc1ncnc2c1ncn2CCOCP(=O)(O)O,0,train,0.6168118506781034,0.9884070097951748,0.0018470310717205,0.151827477709936,0.9653303712084984,522.6389452719283,3322.97720186885,3442.3212000559047,3.65220976380652,0.2673856297842523
Tenofovir,C[C@H](Cn1cnc2c(N)ncnc21)OCP(=O)(O)O,1,train,0.7137024358509921,0.9942510083432892,0.0020481061985159,0.1070744246230293,0.9473170676271234,462.5331773877498,4092.159027011755,4319.735352453803,3.930527703509777,0.1508187613162117
Famciclovir,CC(=O)OCC(CCn1cnc2cnc(N)nc21)COC(C)=O,1,train,0.5039711917417349,0.978369879762923,0.0007681587003986,0.2068631875725682,0.8377263245454805,1090.5641296657548,4416.417878630734,5271.910108622789,4.095356352700011,0.0949126913838569
Isoniazid,NNC(=O)c1ccncc1,1,train,0.5385173644221927,0.982000942931024,0.0059251997808826,0.1888760124594426,0.8328666456898973,140.56347068281178,619.8279220833417,744.2102829918384,2.342127500292277,0.0502838869736319
Nicorandil,O=C(NCCO[N+](=O)[O-])c1cccnc1,1,train,0.5075755773738378,0.9781957179273604,0.0021975391489042,0.2076851882744068,0.9508310687338772,432.6799225433617,1980.909262667402,2083.345115452709,3.2630217265989723,0.2908630292189862
Penclomedine,COc1nc(C(Cl)(Cl)Cl)c(Cl)c(OC)c1Cl,1,train,0.2289973632560507,0.9111187525051504,0.0006176509266026,0.4121439297544714,0.7159891266801589,1159.2132316847917,2013.8209238809588,2812.6417690426147,3.032695618276894,0.1406913246115351
Pioglitazone,CCc1ccc(CCOc2ccc(CC3SC(=O)NC3=O)cc2)nc1,1,train,0.4197307208511691,0.9667243010519608,0.0005321977907056,0.2558204951828493,0.8756354205272574,1645.3195331122831,5631.683498418433,6431.539161615181,4.385136905890832,0.1999048052314246
Sulfasalazine,O=C(O)c1cc(/N=N/c2ccc(S(=O)(=O)Nc3ccccn3)cc2)ccc1O,1,train,0.7087919779611896,0.9940592106671496,0.0008041588137568,0.1088406435473589,0.9262980346789138,1151.884452215877,9803.215687533992,10583.219785122525,5.19913685164171,0.0731486433240669
Ampicillin,CC1(C)S[C@@H]2[C@H](NC(=O)[C@H](N)c3ccccc3)C(=O)N2[C@H]1C(=O)O,1,train,0.3025813762834251,0.940958889571178,0.0006825316847584,0.3385208533266086,0.8768242192299552,1284.6644907631394,3327.490546052271,3794.934575341156,3.468477906353804,0.3061668446600025
Amoxicillin,CC1(C)S[C@@H]2[C@H](NC(=O)[C@H](N)c3ccc(O)cc3)C(=O)N2[C@H]1C(=O)O,1,train,0.4483157780540884,0.9700090868160928,0.0007924478924012,0.2430686559271058,0.9583962344527404,1209.4123079167869,4768.595923597197,4975.599602934732,3.871442272183385,0.3442989109247305
Azidocillin,CC1(C)S[C@@H]2[C@H](NC(=O)[C@H](N=[N+]=[N-])c3ccccc3)C(=O)N2[C@H]1C(=O)O,1,train,0.5348103847500111,0.9809408534033316,0.0008626276345469,0.1943065673731685,0.9724934601048624,1127.3618200460746,5642.382612118111,5801.974865218838,4.091941548810156,0.2316345090958737
Dextromoramide,C[C@H](CN1CCOCC1)C(C(=O)N1CCCC1)(c1ccccc1)c1ccccc1,1,train,0.1354279044963249,0.8573475979682177,0.000311479170075,0.5147378908319526,0.7702685423415317,2472.9375712538326,3700.574704598868,4804.265656948066,3.739371418194685,0.4326965747174381
Clarithromycin,CC[C@H]1OC(=O)[C@H](C)[C@@H](O[C@H]2C[C@@](C)(OC)[C@@H](O)[C@H](C)O2)[C@H](C)[C@@H](O[C@@H]2O[C@H](C)C[C@H](N(C)C)[C@H]2O)[C@](C)(OC)C[C@@H](C)C(=O)[C@H](C)[C@@H](O)[C@]1(C)O,1,train,0.2681694394250883,0.9303793800355632,0.0001203432257582,0.3665981576667309,0.7968489693785668,6621.469254776037,14392.628116360502,18061.9272527701,5.110928927747462,0.2689359572692109
Erythromycin,CC[C@H]1OC(=O)[C@H](C)[C@@H](O[C@H]2C[C@@](C)(OC)[C@@H](O)[C@H](C)O2)[C@H](C)[C@@H](O[C@@H]2O[C@H](C)C[C@H](N(C)C)[C@H]2O)[C@](C)(O)C[C@@H](C)C(=O)[C@H](C)[C@@H](O)[C@]1(C)O,1,train,0.1569213075773984,0.876174435722385,0.0001283960640303,0.4819941474609003,0.8553081773509281,6661.482840694884,11820.93346349484,13820.67163219086,4.691131756245644,0.540657699854459
Enoximone,CSc1ccc(C(=O)c2[nH]c(=O)[nH]c2C)cc1,1,train,0.6528892066893782,0.9910489537794086,0.0022867781141944,0.1334989558488735,0.9287683220020246,406.1471098734975,2825.614382708771,3042.324243593884,3.5543954580328365,0.1905950067998857
Carbimazole,CCOC(=O)n1ccn(C)c1=S,0,train,0.4529585174796545,0.9715907859549944,0.0026246593233715,0.236667160052586,0.8030559517396486,305.9657855740536,1038.1991531032277,1292.8104833221043,2.6607632010545834,0.1236933980978123
Methimazole,Cn1cc[nH]c1=S,1,train,0.2859948095882412,0.922932600417968,0.0042945377050432,0.3849615761160159,0.6236003371630953,145.20779184934793,235.2225093983727,377.2007412126415,1.821512585085639,0.080156587481393
Bucindolol,CC(C)(Cc1c[nH]c2ccccc12)NCC(O)COc1ccccc1C#N,1,train,0.7364912504685079,0.9952047656143252,0.0009906261641074,0.0978134678791032,0.9634612369328764,972.5780237199572,9579.879397642246,9943.191309013368,5.309907164728987,0.1442194653226707
Valsartan,CCCCC(=O)N(Cc1ccc(-c2ccccc2-c2nn[nH]n2)cc1)[C@H](C(=O)O)C(C)C,1,train,0.3849293526566368,0.9594015047965496,0.0004613467810452,0.282043884163646,0.9349404174845892,2026.5458780622853,6717.74768279639,7185.214755043061,4.276398289698563,0.3036697739125442
Griseofulvin,COC1=CC(=O)C[C@@H](C)[C@]12Oc1c(Cl)c(OC)cc(OC)c1C2=O,1,train,0.2665704530879254,0.9294267382568726,0.0006288177651936,0.3690066912851185,0.8826367659002397,1403.644767619425,3357.414668687245,3803.846382110394,3.4841791336906223,0.4434417618316661
Ramipril,CCOC(=O)[C@H](CCc1ccccc1)N[C@@H](C)C(=O)N1[C@H](C(=O)O)C[C@@H]2CCC[C@@H]21,1,train,0.4311253657897448,0.9686366582953156,0.0004288585617056,0.2484814363417996,0.8597199595252674,2004.6701553675664,6935.95050884771,8067.685799312725,4.518545411077851,0.2198429220907354
Pentazocine,CC(C)=CCN1CC[C@@]2(C)c3cc(O)ccc3C[C@@H]1[C@@H]2C,0,train,0.4482419610181864,0.970473028613828,0.0012179069538214,0.2412096613593747,0.9352801036927696,767.9405235006656,2977.6564023258084,3183.7054916159527,3.484008376743855,0.3514130121393825
Moclobemide,O=C(NCCN1CCOCC1)c1ccc(Cl)cc1,1,train,0.5331879511772188,0.9815136786656976,0.0011978829636217,0.1913920024246818,0.900855923749034,752.0400165182764,3539.749285205467,3929.317876352881,3.910936537614736,0.3153994209663823
Temozolomide,Cn1nnc2c(C(N)=O)ncn2c1=O,1,train,0.4721511798849758,0.9737426220745152,0.0025532365096852,0.2276517207390437,0.7747641924465328,303.4439580930348,1032.7069454230966,1332.9306587621686,2.6217589158472623,0.0247181795536671
Glucosamine,N[C@H]1C(O)O[C@H](CO)[C@@H](O)[C@@H]1O,1,train,0.2210092456265366,0.9003028182765025,0.0015429271955955,0.435264098454475,0.6598602360841658,427.6677719906602,648.3442075589933,982.5477761874052,2.3967993073146423,0.255803039254609
Streptozocin,CN(N=O)C(=O)N[C@H]1[C@@H](O)O[C@H](CO)[C@@H](O)[C@@H]1O,1,train,0.4911416326834621,0.9769206161396108,0.0014716811137502,0.2136026913720957,0.8677691483951826,589.6448220252645,2395.454765938104,2760.474684273072,3.291144501156707,0.207399652264118
Auranofin,CCP(CC)(CC)=[Au]S[C@@H]1O[C@H](COC(C)=O)[C@@H](OC(C)=O)[C@H](OC(C)=O)[C@H]1OC(C)=O,0,train,0.1308052535387041,0.8560309542917697,0.0002092294900298,0.5169245644137278,0.8385423059704085,4007.763465135304,6501.295255043725,7753.091536055606,3.6685032859028777,0.5255159906611799
Imipenem,C[C@@H](O)[C@H]1C(=O)N2C(C(=O)O)=C(SCC/N=C/N)C[C@H]12,0,train,0.5556020210233994,0.9836317791156526,0.0011780640947139,0.1801902414499077,0.916722861443048,778.1604290941541,3958.912810598869,4318.549233480439,3.889135499286248,0.1278111587245287
Calcitriol,C=C1/C(=C\C=C2/CCC[C@@]3(C)[C@H]2CC[C@@H]3[C@H](C)CCCC(C)(C)O)C[C@@H](O)C[C@@H]1O,1,train,0.6855964980001653,0.9928832041586598,0.0006625670955989,0.1190921613693909,0.9393438537351118,1417.7339321174136,11182.429137678644,11904.510891527065,5.422828352818119,0.1356416133242238
Rolipram,COc1ccc(C2CNC(=O)C2)cc1OC1CCCC1,1,train,0.4625977806131192,0.9732506823896848,0.0009925310117181,0.2297457490967191,0.8579034296496548,864.3593192766424,3227.641109237228,3762.24292582128,3.776558492999493,0.1828742595828786
Viloxazine,CCOc1ccccc1OCC1CNCCO1,1,train,0.3784590627883506,0.959251397562329,0.0011659698460918,0.2825539882477657,0.8139408699928132,698.0805487560315,2010.9299914793808,2470.6094332099788,3.3035888875934702,0.1723433124229034
Alprostadil,CCCCC[C@H](O)/C=C/[C@H]1[C@H](O)CC(=O)[C@@H]1CCCCCCC(=O)O,0,train,0.6847261635708877,0.9927602842336896,0.0009272685595565,0.1201125224455968,0.9608309605535016,1036.194908854719,8288.962127545636,8626.868271158384,5.032010881128904,0.1564943881453711
Misoprostol,CCCCC(C)(O)C/C=C/[C@H]1[C@H](O)CC(=O)[C@@H]1CCCCCCC(=O)OC,1,train,0.7094485985956714,0.9940120513121934,0.0008644411602548,0.1092704985168687,0.9609503944047492,1111.6434970790565,9776.053659997566,10173.317703931263,5.246693024128102,0.1220123143680361
Streptomycin,CN[C@@H]1[C@H](O[C@H]2[C@H](O[C@@H]3[C@@H](NC(=N)N)[C@H](O)[C@@H](NC(=N)N)[C@H](O)[C@H]3O)O[C@@H](C)[C@]2(O)C=O)O[C@@H](CO)[C@H](O)[C@H]1O,0,train,0.2619321349641862,0.9284629356264478,0.0002064162375077,0.3714250626545262,0.815233046895268,3949.461809488485,8668.590540268864,10633.266859436462,4.470993822848337,0.3151275405680641
Tramadol,COc1cccc([C@@]2(O)CCCC[C@@H]2CN(C)C)c1,1,train,0.1720261153723453,0.8857333714894562,0.0007123762883396,0.464194350062472,0.7917734513119872,1111.4539664948777,1895.8002028840128,2394.372026168126,3.202248599739,0.4462815618213475
Imatinib,Cc1ccc(NC(=O)c2ccc(CN3CCN(C)CC3)cc2)cc1Nc1nccc(-c2cccnc2)n1,1,train,0.6050936287773333,0.9878725669273508,0.000293107704119,0.1552668397062516,0.8787296373019311,2997.975232152419,16966.98208950148,19308.535150353226,6.307257903068008,0.0733102202932832
Sulfisoxazole,Cc1noc(NS(=O)(=O)c2ccc(N)cc2)c1C,1,train,0.3826325106623065,0.9601559707682118,0.0011707318238512,0.2794646879270311,0.8586892498047022,733.4636611995146,2253.656322972969,2624.5307292312496,3.2398336728538317,0.1823556479192045
Tertatolol,CC(C)(C)NCC(O)COc1cccc2c1SCCC2,1,train,0.454089910165933,0.9715519694151764,0.0009535223572903,0.2368264569795607,0.9227205541285188,967.6968212372282,3770.329373282327,4086.100993862965,3.8643847055617218,0.2394652826884276
Azosemide,NS(=O)(=O)c1cc(-c2nn[nH]n2)c(NCc2cccs2)cc1Cl,0,train,0.2007438878129317,0.9022145920355968,0.0004414034441419,0.4312874098765714,0.7971268458175158,1805.8917672630428,3337.739000399249,4187.211882164296,3.546892696289722,0.4442382659057215
Metolazone,Cc1ccccc1N1C(=O)c2cc(S(N)(=O)=O)c(Cl)cc2NC1C,1,train,0.5348291852374427,0.9817074242529636,0.0008451576002307,0.1903957278055671,0.8950175174362959,1058.9948161052127,4978.152200223265,5562.07236533512,3.9815539257008568,0.2485405817699986
Fludarabine,Nc1nc(F)nc2c1ncn2[C@@H]1O[C@H](CO)[C@@H](O)[C@@H]1O,1,train,0.4229206165118314,0.9673232349476768,0.0011412889453013,0.2535463648533761,0.8374095513834541,733.7401758170166,2423.387264172653,2893.909270761317,3.25685548757164,0.1483340084356962
Vidarabine,Nc1ncnc2c1ncn2[C@@H]1O[C@H](CO)[C@@H](O)[C@@H]1O,0,train,0.4542514001359191,0.9720529455067092,0.001498724029919,0.2347617326817354,0.8726186661906511,582.2410589078302,2164.213095642702,2480.1361459415093,3.1270832044585246,0.1620373181253255
Cladribine,Nc1nc(Cl)nc2c1ncn2[C@H]1C[C@H](O)[C@@H](CO)O1,1,train,0.4298217317989869,0.9678268145612996,0.0009447960330546,0.2516172828247842,0.7824882216303327,828.2086230828211,2575.5921268185207,3291.541080902424,3.4231276933336545,0.1414806305261363
Pentobarbital,CCCC(C)C1(CC)C(=O)NC(=O)NC1=O,1,train,0.1968862000808976,0.8998925806799225,0.0013571446526796,0.43611161786546,0.8725599437729509,642.9380553134705,1286.3725028460046,1474.2511526299586,2.742411177748638,0.5017706662620166
Amobarbital,CCC1(CCC(C)C)C(=O)NC(=O)NC1=O,1,train,0.1809072005940076,0.8916008243692798,0.001155861828275,0.452822227793668,0.8502665218118998,735.6125974683354,1381.2633882792022,1624.506378700833,2.875290987892816,0.3666989444445058
Urapidil,COc1ccccc1N1CCN(CCCNc2cc(=O)n(C)c(=O)n2C)CC1,1,train,0.7222611885913324,0.9945322023961416,0.0008419396950948,0.1044303518957966,0.9799563168971472,1163.9269684115588,10922.088879294131,11145.485457838502,5.475159220702758,0.1667700522910188
Repaglinide,CCOc1cc(CC(=O)N[C@@H](CC(C)C)c2ccccc2N2CCCCC2)ccc1C(=O)O,1,train,0.4152482735680666,0.9649396157763912,0.0004038851167336,0.2624719754665442,0.9417567586514604,2331.7441510786207,8366.362960544739,8883.783295088715,4.651118816811055,0.3757206828930654
Cocaine,COC(=O)[C@H]1[C@@H](OC(=O)c2ccccc2)C[C@@H]2CC[C@H]1N2C,1,train,0.3931467681279517,0.9618164664013336,0.0009656830387556,0.2736952410241219,0.8948241809580058,926.6230689016444,3029.518253894776,3385.6016839546623,3.478619002801698,0.2809027752303498
Pyrimethamine,CCc1nc(N)nc(N)c1-c1ccc(Cl)cc1,1,train,0.5170235163099949,0.9798671615153148,0.0016726650049327,0.1996505591875971,0.8840868944761126,528.549884088514,2340.509475660675,2647.3749246646184,3.330132328691414,0.3048701063799086
Fluorescein,O=C1OC2(c3ccc(O)cc3Oc3cc(O)ccc32)c2ccccc21,1,train,0.1148969856658998,0.7991359625220116,0.0003097111150532,0.6011503251300943,0.6418306004748734,2072.3524900438665,2212.5900751906083,3447.311601462398,3.410874216535124,0.3375810639482524
Glimepiride,CCC1=C(C)CN(C(=O)NCCc2ccc(S(=O)(=O)NC(=O)N[C@H]3CC[C@H](C)CC3)cc2)C1=O,1,train,0.6972640485907832,0.9934786996236902,0.0004163588148703,0.1140178643635358,0.9406345750085954,2259.19217130443,18638.0816706238,19814.370177125893,6.441233496624653,0.1028017730452528
Saquinavir,CC(C)(C)NC(=O)[C@@H]1C[C@@H]2CCCC[C@@H]2CN1C[C@@H](O)[C@H](Cc1ccccc1)NC(=O)[C@H](CC(N)=O)NC(=O)c1ccc2ccccc2n1,0,train,0.081157725660108,0.7882386024033426,9.629093674521995e-05,0.6153697308782949,0.7536776584799855,7827.0882385760915,9586.27186284689,12719.32603413036,4.739031502390493,0.5706102179114471
Cibenzoline,c1ccc(C2(c3ccccc3)CC2C2=NCCN2)cc1,1,train,0.2042006567718555,0.9038457199741422,0.00077695230964,0.4278585215750934,0.792584420010155,1020.1197810678286,1889.715885620444,2384.245561622611,3.176397181605604,0.4122320321424294
Piroxicam,CN1C(C(=O)Nc2ccccn2)=C(O)c2ccccc2S1(=O)=O,1,train,0.498207885690962,0.9777136800708168,0.0008961968631898,0.2099427536315094,0.8395333285963398,936.7733397416736,3746.0327944160185,4462.041787762267,3.714734613187988,0.0612336066863534
Isradipine,COC(=O)C1=C(C)NC(C)=C(C(=O)OC(C)C)C1c1cccc2nonc12,0,train,0.1402323251017868,0.8478659837904639,0.000316291864808,0.5302105935673379,0.6847083103573777,2164.798992768898,2795.598350137257,4082.9040744052286,3.489246474526517,0.2619481264777287
Cimetropium,C[N+]1(CC2CC2)[C@H]2C[C@H](OC(=O)[C@H](CO)c3ccccc3)C[C@@H]1[C@H]1O[C@@H]21,0,train,0.2969236333825215,0.9369871815031487,0.0006693609118262,0.3493637383856336,0.9459544443319232,1413.2203234740296,3826.504868501343,4045.125948114549,3.598763741033591,0.4052262291089756
Aprepitant,C[C@@H](O[C@H]1OCCN(Cc2n[nH]c(=O)[nH]2)[C@H]1c1ccc(F)cc1)c1cc(C(F)(F)F)cc(C(F)(F)F)c1,1,train,0.316941659709318,0.944566234187445,0.0002318653933978,0.3283209241473176,0.8951966000816431,3860.846101106908,10526.94497655156,11759.366574439056,4.945964760284572,0.4054896076828103
Azithromycin,CC[C@H]1OC(=O)[C@H](C)[C@@H](O[C@H]2C[C@@](C)(OC)[C@@H](O)[C@H](C)O2)[C@H](C)[C@@H](O[C@@H]2O[C@H](C)C[C@H](N(C)C)[C@H]2O)[C@](C)(O)C[C@@H](C)CN(C)[C@H](C)[C@@H](O)[C@]1(C)O,1,train,0.2154006421207044,0.9060335139408732,9.116739157487274e-05,0.4232059446840905,0.7309873272353594,8018.078773648184,13849.31862591577,18946.0447670068,5.2197158925264615,0.2837288359799338
Acarbose,C[C@H]1O[C@H](O[C@@H]2[C@@H](CO)O[C@H](O[C@H]([C@H](O)CO)[C@H](O)[C@@H](O)C=O)[C@H](O)[C@H]2O)[C@H](O)[C@@H](O)[C@@H]1N[C@H]1C=C(CO)[C@@H](O)[C@H](O)[C@H]1O,0,train,0.654346028850422,0.9910165376353908,0.0003170626940021,0.133739381384698,0.957626777790088,3020.3073269279903,21626.59303097968,22583.529964447414,6.047996090844941,0.1518533580532936
Nefopam,CN1CCOC(c2ccccc2)c2ccccc2C1,1,train,0.2605386611435427,0.9280180902513347,0.0009728816948269,0.3725351314524109,0.823531060596812,846.4863353639925,1871.2538246398076,2272.2322377054143,3.138180396008273,0.3615731797076427
Antipyrine,Cc1cc(=O)n(-c2ccccc2)n1C,1,train,0.3955570870056032,0.962216345695992,0.0022169800045627,0.2722860702927191,0.7927560664645961,357.5837692866096,1041.0988048947445,1313.2650116922684,2.683992060761019,0.1647194914703252
Zaleplon,CCN(C(C)=O)c1cccc(-c2ccnc3c(C#N)cnn23)c1,1,train,0.5879066307730174,0.9862007444363868,0.0012456892982467,0.1655538935607275,0.956162073211096,767.5766939291074,4433.164978669373,4636.415836680696,4.013536833476866,0.265401640887936
Acetazolamide,CC(=O)Nc1nnc(S(N)(=O)=O)s1,1,train,0.614038681569584,0.9885031152956828,0.0034238106518578,0.1512004995055565,0.9106702326681118,265.9814824087767,1601.9882160621328,1759.1309769383531,2.856557335334867,0.0778084011664079
Ergotamine,CN1C[C@H](C(=O)N[C@]2(C)O[C@@]3(O)[C@@H]4CCCN4C(=O)[C@H](Cc4ccccc4)N3C2=O)C=C2c3cccc4[nH]cc(c34)C[C@H]21,0,train,0.3883478372224285,0.9612559240062816,0.0002023943057531,0.2756574841407895,0.8288395816436053,4095.172433627519,12313.255405438871,14856.017591512033,5.184070682547659,0.2088746579711037
Cisapride,COc1cc(N)c(Cl)cc1C(=O)N[C@@H]1CCN(CCCOc2ccc(F)cc2)C[C@@H]1OC,1,train,0.7055810282173374,0.9938998255555204,0.0005192212047893,0.1102866118833383,0.9325840386294346,1796.1208633762856,15188.005325668191,16285.937456091502,5.975039241342751,0.117720199359158
Timolol,CC(C)(C)NC[C@H](O)COc1nsnc1N1CCOCC1,1,train,0.4676703483209068,0.9738627598094244,0.0008551492047391,0.22713723837445,0.8312045911411726,971.999490305018,3557.014449548279,4279.3488961181065,3.730747298891317,0.1711561057632024
Nefazodone,CCc1nn(CCCN2CCN(c3cccc(Cl)c3)CC2)c(=O)n1CCOc1ccccc1,0,train,0.5039813625373893,0.978333996220786,0.0003098668826598,0.2070328279251078,0.8977879971544583,2897.3344600366936,12564.152883541225,13994.56544681299,5.5977757168161295,0.2155478807576958
Bendamustine,Cn1c(CCCC(=O)O)nc2cc(N(CCCl)CCCl)ccc21,1,train,0.6268040611911563,0.9893980404923252,0.0007854050333987,0.1452291894556565,0.9129043710991224,1162.3357787110235,7306.392172588597,8003.45841678008,4.794640064263165,0.1396021943294741
Chlordiazepoxide,CNC1=Nc2ccc(Cl)cc2C(c2ccccc2)=[N+]([O-])C1,1,train,0.1618342081678024,0.8422138407733057,0.0003537741832542,0.5391436231746387,0.6057433952782147,1712.2317680340389,1923.741726861155,3175.836074906917,3.3707666383621597,0.3321068872424102
Barnidipine,COC(=O)C1=C(C)NC(C)=C(C(=O)O[C@H]2CCN(Cc3ccccc3)C2)[C@H]1c1cccc([N+](=O)[O-])c1,0,train,0.3469420694936152,0.9512237215065344,0.0003126533250163,0.3085019151371008,0.9297390074245416,2973.7058045869253,8961.922592605491,9639.181018585852,4.684651479304209,0.2766985331582158
Desogestrel,C#C[C@]1(O)CC[C@H]2[C@@H]3CCC4=CCCC[C@@H]4[C@H]3C(=C)C[C@@]21CC,0,train,0.3647922905929291,0.9557675432336926,0.0009212065563877,0.2941231090904477,0.911765086933249,989.750974535507,3068.1723246102542,3365.0908206302897,3.4574637167239946,0.3544694691968915
Gefitinib,COc1cc2ncnc(Nc3ccc(F)c(Cl)c3)c2cc1OCCCN1CCOCC1,1,train,0.5875671238916389,0.9864971830960236,0.0004219802414193,0.1637782273185624,0.8997963889400407,2132.318769034143,11714.943798445527,13019.549691953887,5.4825554932088165,0.1229048966644731
Trimethoprim,COc1cc(Cc2cnc(N)nc2N)cc(OC)c1OC,1,train,0.33283944271846,0.9491088370217072,0.0008134549094065,0.3149482743043723,0.8716621779749457,1071.5556177672604,2965.6758896911088,3402.3225564071126,3.579461806640867,0.3559760952930596
Fructose,OC[C@@H]1O[C@@](O)(CO)[C@H](O)[C@H]1O,1,train,0.2816529592939379,0.9347039574017114,0.0022982076835852,0.3554272246432169,0.7914650905796701,344.3836239138203,766.8732083444486,968.9286583477608,2.402767053187683,0.3388657293579347
Azathioprine,Cn1cnc([N+](=O)[O-])c1Sc1ncnc2nc[nH]c12,1,train,0.2150027709225554,0.9060693922049332,0.0007845238490213,0.4231291251017623,0.7338680421912317,935.4311447723652,1622.3960538138313,2210.746292984191,2.93243628193024,0.1564060041944704
Phenylbutazone,CCCCC1C(=O)N(c2ccccc2)N(c2ccccc2)C1=O,1,train,0.1868103782460569,0.8881937590449179,0.0004530731309282,0.4594690918806816,0.7088055289210053,1564.4395585076031,2413.401528694968,3404.885303827724,3.4597887541792764,0.2534895315582406
Molsidomine,CCOC(=O)[N-]c1c[n+](N2CCOCC2)no1,1,train,0.8118671517140262,0.997699709133344,0.0042939708034748,0.0677885712730449,0.985434241252337,229.4925341492493,3336.105143026764,3385.4163001146394,3.787831368382738,0.0968341889765839
Dofetilide,CN(CCOc1ccc(NS(C)(=O)=O)cc1)CCc1ccc(NS(C)(=O)=O)cc1,1,train,0.8534084673379342,0.9986679691665716,0.0009179090468478,0.0515973580788339,0.9709008471358356,1057.7309924877704,19903.18797096468,20499.712230841316,6.851737530683142,0.0481274121840775
Tamsulosin,CCOc1ccccc1OCCN[C@H](C)Cc1ccc(OC)c(S(N)(=O)=O)c1,1,train,0.7231331868459112,0.9947053292790048,0.0007275756902123,0.1027682241937987,0.924653888497912,1270.8696853629947,11434.610314264042,12366.368061069224,5.539512085073375,0.0729126705585589
Ganciclovir,Nc1nc2c(ncn2COC(CO)CO)c(=O)[nH]1,0,train,0.517810180351674,0.9798800198757932,0.0014891998035852,0.1995874411084405,0.9007383863533708,604.8472368750164,2729.6763819778107,3030.487457106025,3.531143123574539,0.2280446512712168
Letrozole,N#Cc1ccc(C(c2ccc(C#N)cc2)n2cncn2)cc1,1,train,0.2772560806219061,0.9308916443037044,0.0005203684406446,0.3652954236854677,0.7303730092146087,1403.5689949025411,2806.300993603372,3842.2846383946594,3.756492779021994,0.2798860267494475
Trimipramine,CC(CN(C)C)CN1c2ccccc2CCc2ccccc21,1,train,0.2602318504607914,0.9193568259486308,0.0004692456911053,0.3934247406832201,0.6689625004916878,1425.6124524358663,2424.0500718318444,3623.5963451616,3.5623791130457225,0.1560487670087021
Clomipramine,CN(C)CCCN1c2ccccc2CCc2ccc(Cl)cc21,1,train,0.1818672878964777,0.8537810067321985,0.0002688148661158,0.5206323007107352,0.587771515822227,2186.5290573956,2468.497434178227,4199.756823406241,3.749861484024191,0.2246183792140142
Desipramine,CNCCCN1c2ccccc2CCc2ccccc21,1,train,0.1639140335880058,0.8689953452832712,0.0005437340468996,0.4948202601713155,0.686942249678944,1263.379134699952,1753.9065694031024,2553.208177576536,3.2335123522846745,0.3456058706706045
Imipramine,CN(C)CCCN1c2ccccc2CCc2ccccc21,1,train,0.1868427336366598,0.8835338466066792,0.0004761881827753,0.4683673151495575,0.6778098891761342,1423.4076226456043,2059.9212023362584,3039.084019325914,3.410268109377333,0.2785891152660071
Cefuroxime,CO/N=C(\C(=O)N[C@@H]1C(=O)N2C(C(=O)O)=C(COC(N)=O)CS[C@H]12)c1ccco1,1,train,0.4787616362174991,0.975278214263109,0.0005264275198758,0.2209805529537861,0.8916307237506448,1693.73881510028,6834.038314078477,7664.650995123961,4.367751368875059,0.1794916221884016
Anastrozole,CC(C)(C#N)c1cc(Cn2cncn2)cc(C(C)(C)C#N)c1,1,train,0.1639658101852987,0.8696065304010723,0.0004076477526301,0.4937453617846032,0.6899217534221853,1692.4458652616577,2364.8935449500805,3427.770661266461,3.5716861246604585,0.2573099236196528
Alfuzosin,COc1cc2nc(N(C)CCCNC(=O)C3CCCO3)nc(N)c2cc1OC,1,train,0.3761663017651466,0.957027827866448,0.0005060598132911,0.2899960977137942,0.9539322554592246,1885.0187871178189,6200.704896908614,6500.152250249243,4.327350373677609,0.4025773567397857
Linezolid,CC(=O)NC[C@H]1CN(c2ccc(N3CCOCC3)c(F)c2)C(=O)O1,1,train,0.6105686161428672,0.988248103403298,0.0009741418982419,0.1528583858340277,0.9111705665701216,935.3571263227288,5575.552025403884,6119.109012038967,4.326592457101643,0.1503514923434014
Gestodene,C#C[C@]1(O)C=C[C@H]2[C@@H]3CCC4=CC(=O)CC[C@@H]4[C@H]3CC[C@@]21CC,1,train,0.4791119592578064,0.9745141987098462,0.0011331637267291,0.2243258266738501,0.955553431211584,843.2615770095351,3592.013925761155,3759.0926979422784,3.632921388595269,0.403483725440116
Pantoprazole,COc1ccnc(CS(=O)c2nc3ccc(OC(F)F)cc3[nH]2)c1OC,1,train,0.3933300336047078,0.9621096686584572,0.0004665913659618,0.2726627687710842,0.817367289616104,1751.7840003986005,5251.362138117141,6424.727542722645,4.184814047115515,0.2541337218148188
Omeprazole,COc1ccc2nc(S(=O)Cc3ncc(C)c(OC)c3C)[nH]c2c1,1,train,0.753184699239673,0.9958254707055508,0.0015226610616197,0.0912777732751426,0.9779903117241476,642.290222279527,6881.780658814442,7036.655247312429,4.590925701958513,0.1086722689188807
Lansoprazole,Cc1c(OCC(F)(F)F)ccnc1CS(=O)c1nc2ccccc2[nH]1,1,train,0.76747899001838,0.9963837524280144,0.0014031004319239,0.08496715775798,0.9618256330714512,685.5002045381675,7759.841397526425,8067.825529609241,4.727924758762564,0.0828735655438751
Rabeprazole,COCCCOc1ccnc(CS(=O)c2nc3ccccc3[nH]2)c1C,1,train,0.7863313042104908,0.9969783476948572,0.0014248802552996,0.0776799473972027,0.975901049913771,684.9003951623415,8604.473060564338,8816.95235528706,5.018573852687563,0.0835950043254369
Chlorothiazide,NS(=O)(=O)c1cc2c(cc1Cl)NC=NS2(=O)=O,0,train,0.3691003443704771,0.9570221875893392,0.0010256982559497,0.2900147107677744,0.7885050291061274,768.7495075011125,2090.110709152485,2650.72590788913,3.052091384333825,0.1015711793065168
Diazoxide,CC1=NS(=O)(=O)c2cc(Cl)ccc2N1,1,train,0.4024762750091786,0.9634602204739608,0.001719143351842,0.2678514580215438,0.7929546011352159,461.2498430020721,1365.496338840056,1722.0359613087226,2.773469956500176,0.0772945642120289
Flunisolide,CC1(C)O[C@@H]2C[C@H]3[C@@H]4C[C@H](F)C5=CC(=O)C=C[C@]5(C)[C@H]4[C@@H](O)C[C@]3(C)[C@]2(C(=O)CO)O1,0,train,0.372489508897977,0.95668532040974,0.0005291835898935,0.2911240246226907,0.939899762365762,1776.1317250123006,5734.276957846225,6100.945215065105,3.957662680570306,0.4098045035173193
Budesonide,CCCC1O[C@@H]2C[C@H]3[C@@H]4CCC5=CC(=O)C=C[C@]5(C)[C@H]4[C@@H](O)C[C@]3(C)[C@]2(C(=O)CO)O1,0,train,0.3201935845731222,0.9456557008860128,0.0004383221124133,0.3251696409288289,0.8850974209771455,2019.28535182456,5496.405666936265,6209.944280334978,3.9924912421303382,0.3921734374758748
Aztreonam,C[C@H]1[C@H](NC(=O)/C(=N\OC(C)(C)C(=O)O)c2csc([NH3+])n2)C(=O)N1S(=O)(=O)[O-],0,train,0.3480006871577407,0.9528706967951156,0.0003919447466097,0.3033767215677413,0.8209902776325284,2094.658200509127,5668.510123962323,6904.478991284136,4.103940644302162,0.2497121961393519
Dapsone,Nc1ccc(S(=O)(=O)c2ccc(N)cc2)cc1,1,train,0.3618082760445661,0.955706682298582,0.0012972317790221,0.294320806960427,0.8789634902368195,677.56857675764,2023.4996202010464,2302.142970302275,3.1740585769264715,0.3444976230730966
Oxybutynin,CCN(CC)CC#CCOC(=O)C(O)(c1ccccc1)C1CCCCC1,0,train,0.4395254906589573,0.9698852735656706,0.0005591291050422,0.2435622222768635,0.8727566243743693,1560.9214696637812,5593.250628287806,6408.717472980851,4.355386858873249,0.1867743977763325
Venlafaxine,COc1ccc(C(CN(C)C)C2(O)CCCCC2)cc1,1,train,0.2254343633250252,0.9106937925486992,0.0005788200769949,0.4130820937940385,0.7303139186244696,1261.728726508709,2230.689890317717,3054.426094629517,3.435116981821423,0.2618829022880472
Terazosin,COc1cc2nc(N3CCN(C(=O)C4CCCO4)CC3)nc(N)c2cc1OC,1,train,0.7359646112981529,0.9952432173154246,0.0009545551147151,0.0974214472672338,0.9192944203530438,963.060598787266,9087.693313551954,9885.509051672409,5.072296718105596,0.0454939055463369
Rosuvastatin,CC(C)c1nc(N(C)S(C)(=O)=O)nc(-c2ccc(F)cc2)c1/C=C/[C@@H](O)C[C@@H](O)CC(=O)O,0,train,0.3380430102056572,0.9505829924094864,0.0002525172492805,0.3104705695260443,0.825940701581091,3270.82884014552,8701.342195189409,10535.068896026683,4.834229148092756,0.2562630453893503
Phenindione,O=C1c2ccccc2C(=O)C1c1ccccc1,1,train,0.4216787248025446,0.9670580042575364,0.0018418639379946,0.2545561164093897,0.8738582330843144,474.44233803487657,1628.6992002532584,1863.8025466724796,2.987438655993165,0.2058861820855586
Acyclovir,Nc1nc(=O)c2ncn(COCCO)c2[nH]1,0,train,0.3186714078707205,0.940544713492394,0.0011618248323736,0.339669901406513,0.6873278268930717,591.5933346757867,1197.0991820099412,1741.6713468756084,2.799644125223589,0.1039902278766892
Penciclovir,Nc1nc(=O)c2ncn(CCC(CO)CO)c2[nH]1,1,train,0.4225139029228105,0.9664099807795826,0.001168205067663,0.2570053482898881,0.7703534021094206,659.4333678507917,1976.599871436674,2565.835194631773,3.204643090125672,0.1290647130980503
Indoramin,O=C(NC1CCN(CCc2c[nH]c3ccccc23)CC1)c1ccccc1,0,train,0.800109642873938,0.9974143404556368,0.0013966952476802,0.0718653842503249,0.9569574158284774,685.1583532040006,9123.549173988182,9533.913445970373,5.275808283914881,0.0854546815430584
Biotin,O=C(O)CCCC[C@@H]1SC[C@@H]2NC(=O)N[C@H]12,1,train,0.4683404658587637,0.973774275774552,0.0014238070296693,0.227516284779236,0.906060674462184,636.3647991487788,2534.258678143447,2797.007694487704,3.4947010814178823,0.339170485179383
Guanethidine,NC(N)=NCCN1CCCCCCC1,0,train,0.6830157541421504,0.9927465179106906,0.0033883183478252,0.1202262499465035,0.9391924488413064,277.1854213297593,2165.3378921628505,2305.5316243590496,3.459920999698076,0.1894208440370235
Doxazosin,COc1cc2nc(N3CCN(C(=O)C4COc5ccccc5O4)CC3)nc(N)c2cc1OC,1,train,0.5941174952098748,0.987014225483413,0.0004176308922669,0.1606328692807862,0.865111430303953,2071.4737494824994,11156.219933539156,12895.702845608535,5.378722298728055,0.0690616693976845
Cinacalcet,C[C@@H](NCCCc1cccc(C(F)(F)F)c1)c1cccc2ccccc12,0,train,0.5896071865844208,0.9862862331827732,0.0007234455454474,0.1650438312513871,0.9621874819492732,1330.006782133442,7753.794049577222,8058.506470972778,4.897008102456065,0.29626651977317
Phenoperidine,CCOC(=O)C1(c2ccccc2)CCN(CCC(O)c2ccccc2)CC1,0,train,0.5822877103519825,0.9860628869722008,0.0006998365299884,0.1663730234624854,0.9001854704206873,1286.279626522976,6959.603225310246,7731.299219990506,4.6624364181570535,0.158379702280541
Amiloride,N=C(N)NC(=O)c1nc(Cl)c(N)nc1N,1,train,0.3941259681023366,0.9598812732972049,0.0012233434310069,0.2804067423820919,0.721898018923427,590.1025015756982,1519.199657006753,2104.451899275675,3.029035306454948,0.0240212044141435
Moxonidine,COc1nc(C)nc(Cl)c1NC1=NCCN1,1,train,0.278628527426562,0.930514235738622,0.0009860914839938,0.3662557263549174,0.717280789609603,727.397813744948,1424.546950830958,1986.038064125907,2.9258845868355667,0.1769809524734212
Vecuronium,CC(=O)O[C@H]1C[C@@H]2CC[C@@H]3[C@H](CC[C@@]4(C)[C@H]3C[C@H]([N+]3(C)CCCCC3)[C@@H]4OC(C)=O)[C@@]2(C)C[C@@H]1N1CCCCC1,0,train,0.6061949450099029,0.9879516497640116,0.0003547869917259,0.1547628435011705,0.8972253696632292,2528.912814132346,14661.172431151474,16340.568297410606,5.482153419531312,0.1298936840772684
Sitafloxacin,N[C@@H]1CN(c2c(F)cc3c(=O)c(C(=O)O)cn([C@@H]4C[C@@H]4F)c3c2Cl)CC12CC2.N[C@@H]1CN(c2c(F)cc3c(=O)c(C(=O)O)cn([C@@H]4C[C@@H]4F)c3c2Cl)CC12CC2.O.O.O,1,train,0.4539294251603502,0.9720125611519874,0.0002761135402542,0.2349288849051002,0.837956832245245,3034.82701889123,10824.78230035291,12918.06675929676,3.9146596035814047,0.0951750628811402
Trimetrexate,COc1cc(NCc2ccc3nc(N)nc(N)c3c2C)cc(OC)c1OC,1,train,0.641381019904896,0.9902356769234368,0.0008379586432108,0.1394033864293929,0.9489695370904844,1132.4777717599882,7709.187949868506,8123.746494017788,4.791859428626109,0.1959718790972273
Clinafloxacin,NC1CCN(c2c(F)cc3c(=O)c(C(=O)O)cn(C4CC4)c3c2Cl)C1,1,train,0.4376461073437064,0.9694980426170792,0.0006473376243942,0.2450990521435202,0.816555695990277,1261.4062047673533,4202.416992037684,5146.516046209448,3.808312125475575,0.1178994868134953
Betaxolol,CC(C)NCC(O)COc1ccc(CCOCC2CC2)cc1,1,train,0.5805826042973937,0.9859375131949448,0.0007420958729744,0.1671143921838208,0.8919903381491325,1201.9880053690788,6415.735194016207,7192.606152358968,4.907851489024655,0.1248798163678754
Chlortetracycline,CN(C)[C@@H]1C(O)=C(C(N)=O)C(=O)[C@@]2(O)C(O)=C3C(=O)c4c(O)ccc(Cl)c4[C@@](C)(O)[C@H]3C[C@@H]12,1,train,0.3555521633588607,0.9543944309082636,0.000401047468326,0.2985486061787792,0.8743380465954179,2180.136057820675,6384.8092493377535,7302.449292009585,4.070260415172519,0.3088251040228575
Demeclocycline,CN(C)[C@@H]1C(O)=C(C(N)=O)C(=O)[C@@]2(O)C(O)=C3C(=O)c4c(O)ccc(Cl)c4[C@@H](O)[C@H]3C[C@@H]12,1,train,0.3584190588080942,0.953764855139822,0.0004286612735772,0.300553823965216,0.9339985908651108,2178.8732699615543,6771.048649353641,7249.527692629596,4.174216564416025,0.3782454689133677
Minocycline,CN(C)c1ccc(O)c2c1C[C@H]1C[C@H]3[C@H](N(C)C)C(O)=C(C(N)=O)C(=O)[C@@]3(O)C(O)=C1C2=O,1,train,0.2996096973574998,0.9404728706411656,0.0003625528681451,0.3398687681855531,0.8481180467761708,2339.2948209602987,5837.541839982443,6882.9355325851775,4.057016025351846,0.2846200913792595
Tetracycline,CN(C)[C@@H]1C(O)=C(C(N)=O)C(=O)[C@@]2(O)C(O)=C3C(=O)c4c(O)cccc4[C@@](C)(O)[C@H]3C[C@@H]12,1,train,0.3863803369065699,0.9600868228223676,0.0004980842724033,0.2797021498717016,0.9184202777309683,1843.9053963687168,6054.583802875243,6592.38907249912,4.037623196847592,0.31313520551563
Oxytetracycline,CN(C)[C@@H]1C(O)=C(C(N)=O)C(=O)[C@@]2(O)C(O)=C3C(=O)c4c(O)cccc4[C@@](C)(O)[C@H]3[C@H](O)[C@@H]12,1,train,0.3028314023673329,0.9379622864390978,0.0004598185063664,0.3467372913575053,0.9627485074269264,2093.75763284236,5813.513822066385,6038.45529462702,3.891522330503796,0.4398658881460211
Doxycycline,C[C@H]1c2cccc(O)c2C(=O)C2=C(O)[C@]3(O)C(=O)C(C(N)=O)=C(O)[C@@H](N(C)C)[C@@H]3[C@@H](O)[C@@H]21,1,train,0.1571819518457632,0.875033705725164,0.0003589353029227,0.484061993803363,0.889422985287724,2477.94791441572,4553.019777715519,5119.07141262224,3.6971516985585655,0.4401081472668847
Hydralazine,NNc1nncc2ccccc12,1,train,0.3502133703787585,0.9487227970913756,0.0023724611629432,0.316109244216484,0.6880779767694569,290.02707716228014,631.3046774599022,917.4900211512264,2.395800639869198,0.035245783634546
Paroxetine,Fc1ccc([C@@H]2CCNC[C@H]2COc2ccc3c(c2)OCO3)cc1,1,train,0.3182898874011222,0.9424846604418872,0.0004157815937183,0.3342494051329646,0.7174170543967265,1725.4661226842684,3703.458567727472,5162.21149891913,4.009715868529873,0.1617046142785412
Irinotecan,CCc1c2c(nc3ccc(OC(=O)N4CCC(N5CCCCC5)CC4)cc13)-c1cc3c(c(=O)n1C2)COC(=O)[C@]3(O)CC,0,train,0.8075536335012602,0.9976209926343504,0.0005004631666088,0.0689373270097804,0.9547934582776696,1907.8196398495957,26423.6196950836,27674.697041545056,6.908739796313982,0.0524516078419918
Fenbufen,O=C(O)CCC(=O)c1ccc(-c2ccccc2)cc1,1,train,0.7733334394217398,0.9965401983157328,0.0028501583316198,0.0831121720377973,0.9820389076818324,344.5559135389143,4071.212491152201,4145.673312234203,4.102967559984843,0.1156822273090054
Diflunisal,O=C(O)c1cc(-c2ccc(F)cc2F)ccc1O,1,train,0.5366516093968903,0.9819374637329076,0.0015937861668866,0.1892057539235648,0.8673503590559719,544.2074834607798,2494.736795221037,2876.273433421207,3.4381650107714457,0.1098607714721415
Flurbiprofen,CC(C(=O)O)c1ccc(-c2ccccc2)c(F)c1,1,train,0.6431714458716179,0.990215149980132,0.0023957748162185,0.1395491194878154,0.9707969176196796,405.2120888189112,2818.9260401745373,2903.7237232750285,3.5416762878072965,0.1681300155733821
Trapidil,CCN(CC)c1cc(C)nc2ncnn12,1,train,0.1615853293437306,0.8778513941541957,0.0012115196300495,0.4789331161879861,0.7721316166616699,637.3248914093898,1027.4893969735465,1330.7179434199604,2.70124856297946,0.4934566577962564
Zonisamide,NS(=O)(=O)Cc1noc2ccccc12,1,train,0.4254267900441609,0.9677402273908656,0.0023402835031652,0.2519500988082276,0.8556095719893672,365.60082179451496,1241.5615795914532,1451.0842564614063,2.684218529531492,0.2236390060592134
Miconazole,Clc1ccc(COC(Cn2ccnc2)c2ccc(Cl)cc2Cl)c(Cl)c1,1,train,0.3491348848809671,0.9530224800963616,0.0003580481736962,0.3028995748279955,0.8087762266832553,2258.847512986607,6031.379110530571,7457.413944107765,4.349863477813254,0.2039549624208146
Mizolastine,CN(c1nccc(=O)[nH]1)C1CCN(c2nc3ccccc3n2Cc2ccc(F)cc2)CC1,1,train,0.3432932655746368,0.9513846914593082,0.0002848920659585,0.3080051442052176,0.7886112077315673,2768.105194780636,7087.410135362938,8987.20442453488,4.667262575381771,0.2523560844592565
Meropenem,C[C@@H](O)[C@H]1C(=O)N2C(C(=O)O)=C(S[C@@H]3CN[C@H](C(=O)N(C)C)C3)[C@H](C)[C@H]12,0,train,0.4402906592875721,0.9699258209412512,0.0007166571247483,0.243400702282142,0.8846614253178491,1234.4277266879835,4486.636981341963,5071.586544795897,3.751313649800689,0.1878766446869155
Bumetanide,CCCCNc1cc(C(=O)O)cc(S(N)(=O)=O)c1Oc1ccccc1,1,train,0.16138992621277,0.8698461748110287,0.0003065829246538,0.4933230505121581,0.7023133316856508,2290.7777152904323,3261.237697501865,4643.565130216788,3.74014201240748,0.2381700764904735
Fenoprofen,CC(C(=O)O)c1cccc(Oc2ccccc2)c1,1,train,0.4879954553291574,0.9758299715775468,0.0016282339607952,0.2185311569798789,0.9472175613527888,581.7453659363324,2521.5600121553143,2662.0705897324106,3.449414733757744,0.3084167147562022
Nateglinide,CC(C)[C@H]1CC[C@H](C(=O)N[C@H](Cc2ccccc2)C(=O)O)CC1,1,train,0.4592627020192384,0.9724293135913312,0.0008180152649398,0.2331978346132149,0.9131716961490166,1116.3259847188642,4371.384042273516,4787.034093049866,4.022973846807075,0.2326428793687424
Nebivolol,OC(CNCC(O)C1CCc2cc(F)ccc2O1)C1CCc2cc(F)ccc2O1,1,train,0.705443436280162,0.9938410945053842,0.0008136182325513,0.1108146148860336,0.9546231107203422,1173.3059468527326,10107.556426227296,10588.007259325945,5.193191502426293,0.1705393116491564
Rofecoxib,CS(=O)(=O)c1ccc(C2=C(c3ccccc3)C(=O)OC2)cc1,1,train,0.426740520853578,0.9678429301604358,0.0007481033927185,0.2515552872401247,0.8205109200806778,1096.7881285753806,3577.450692387618,4360.0281298338605,3.790674032762424,0.20932254033442
Digoxin,C[C@H]1O[C@@H](O[C@H]2[C@@H](O)C[C@H](O[C@H]3[C@@H](O)C[C@H](O[C@H]4CC[C@]5(C)[C@H]6C[C@@H](O)[C@]7(C)[C@@H](C8=CC(=O)OC8)CC[C@]7(O)[C@@H]6CC[C@@H]5C4)O[C@@H]3C)O[C@@H]2C)C[C@H](O)[C@@H]1O,1,train,0.8155365122760165,0.9977950499281032,0.0003034909055762,0.0663704628503833,0.9862382745254312,3249.6468803668563,48288.44028607594,48962.24526401785,8.021533743523179,0.1211801142267624
Digitoxin,C[C@H]1O[C@@H](O[C@H]2[C@@H](O)C[C@H](O[C@H]3[C@@H](O)C[C@H](O[C@H]4CC[C@]5(C)[C@H]6CC[C@]7(C)[C@@H](C8=CC(=O)OC8)CC[C@]7(O)[C@@H]6CC[C@@H]5C4)O[C@@H]3C)O[C@@H]2C)C[C@H](O)[C@@H]1O,1,train,0.8768892702695751,0.9990667224177836,0.0004587832956435,0.0431935661573227,0.9946420850013444,2167.999782132505,49923.72743034455,50192.65541159669,8.176607327938806,0.090558104055743
Bezafibrate,CC(C)(Oc1ccc(CCNC(=O)c2ccc(Cl)cc2)cc1)C(=O)O,1,train,0.8375426653866248,0.9983111576085432,0.0015726013744824,0.058093309376297,0.9963273392203996,633.5536489965733,10865.740446449428,10905.793727342249,5.564280846626488,0.0967073709095489
Benzydamine,CN(C)CCCOc1nn(Cc2ccccc2)c2ccccc12,1,train,0.3286144054348636,0.9479879920101252,0.000532783103876,0.3183060901154903,0.7960894679202425,1494.209298546761,3737.045323292361,4694.252937493657,4.004903777153267,0.2293897678842696
Ouabain,C[C@@H]1O[C@@H](O[C@H]2C[C@@H](O)[C@]3(CO)[C@H]4[C@H](O)C[C@]5(C)[C@@H](C6=CC(=O)OC6)CC[C@]5(O)[C@@H]4CC[C@]3(O)C2)[C@H](O)[C@H](O)[C@H]1O,0,train,0.7078947226112012,0.9938886772325418,0.0005528033138345,0.1103870339711523,0.9733437321734276,1760.7414930670502,15525.434777986413,15950.618743204826,5.331424357130339,0.1956151877874671
Clemastine,CN1CCC[C@@H]1CCO[C@](C)(c1ccccc1)c1ccc(Cl)cc1,1,train,0.2014176290388572,0.9012664506387756,0.0003697736885883,0.4332652593423382,0.7641983780772442,2066.6651026322456,3645.2083000093694,4769.976493774915,3.903814251498855,0.4436963580618386
Chlorpromazine,CN(C)CCCN1c2ccccc2Sc2ccc(Cl)cc21,1,train,0.1871316702973654,0.8763570311094193,0.0003463179210758,0.4816620745139523,0.6427204047235553,1855.86816508609,2476.434000707568,3853.0502260508174,3.582571105910144,0.2916971960413553
Propiomazine,CCC(=O)c1ccc2c(c1)N(CC(C)N(C)C)c1ccccc1S2,1,train,0.2964816909074223,0.9393365193277108,0.0006087977542968,0.3429969438016926,0.8677790366329764,1425.3978936489564,3606.2432430433255,4155.7160184875165,3.6730500467595344,0.3111715027346093
Methotrimeprazine,COc1ccc2c(c1)N(C[C@H](C)CN(C)C)c1ccccc1S2,1,train,0.2363451329657009,0.8960495373401458,0.0002952406398214,0.4439540816711911,0.5998374893455574,2031.6901145734405,2745.0674467647373,4576.351921184015,3.773183130499072,0.1200270579702411
Promethazine,CC(CN1c2ccccc2Sc2ccccc21)N(C)C,1,train,0.2284100054778399,0.894690452615694,0.0004559272847873,0.4466866843754408,0.6120060270544537,1342.3325330045152,1839.131608900949,3005.087413522009,3.297791138264085,0.1593119125863344
Bendroflumethiazide,NS(=O)(=O)c1cc2c(cc1C(F)(F)F)NC(Cc1ccccc1)NS2(=O)=O,1,train,0.5301868317306564,0.9812235017697628,0.0006658454458608,0.1928741547607771,0.8965804293991254,1346.529340964269,6259.375996839241,6981.388162837973,4.160195700446724,0.1533967744220672
Zotepine,CN(C)CCOC1=Cc2ccccc2Sc2ccc(Cl)cc21,0,train,0.1863990618343769,0.8890632681655118,0.0003581692448033,0.4577843435492952,0.718053294111089,2004.787693330013,3144.5907390102225,4379.327780820301,3.788953554589386,0.2323610812972578
Ceftizoxime,CO/N=C(\C(=O)N[C@@H]1C(=O)N2C(C(=O)O)=CCS[C@H]12)c1csc(N)n1,0,train,0.5911267524739472,0.9864356318005992,0.0008995689664017,0.1641485434420685,0.9598312356128614,1066.9901602454297,6239.047038858268,6500.150034057369,4.24316184602641,0.2083103474272325
Cefdinir,C=CC1=C(C(=O)O)N2C(=O)[C@@H](NC(=O)/C(=N\O)c3csc(N)n3)[C@H]2SC1,1,train,0.632264289845213,0.989555379051588,0.0009088100246939,0.1441532233079366,0.9599231722614888,1056.2418395249558,7033.564661306351,7327.216244541668,4.415245377693124,0.1952702610876965
Cefixime,C=CC1=C(C(=O)O)N2C(=O)[C@@H](NC(=O)/C(=N\OCC(=O)O)c3csc(N)n3)[C@H]2SC1,1,train,0.4569489107140634,0.9714677033932612,0.0005290476165151,0.2371718812671994,0.951300767953552,1798.1382738661805,7212.365612972611,7581.582876767698,4.277273027572861,0.2598738581810133
Cilazaprilat,O=C(O)[C@H](CCc1ccccc1)N[C@H]1CCCN2CCC[C@@H](C(=O)O)N2C1=O,1,train,0.0973158984755973,0.8186445328826218,0.0003409081130021,0.5743005561388512,0.789328907076212,2315.371435795856,3182.287715651033,4031.6371123904296,3.497747441397997,0.5150806768217944
Cilazapril,CCOC(=O)[C@H](CCc1ccccc1)N[C@H]1CCCN2CCC[C@@H](C(=O)O)N2C1=O,1,train,0.3535661499712739,0.954024155902915,0.0003746312415503,0.2997297281781214,0.8678046068597991,2316.423486916002,6706.718701554142,7728.374162269994,4.478996307296154,0.2587249176377192
Colchicine,COc1cc2c(c(OC)c1OC)-c1ccc(OC)c(=O)cc1C(NC(C)=O)CC2,1,train,0.2081442149123709,0.9060321368708314,0.0003973934846745,0.4232088928145,0.8550224491547429,2151.576415136737,4346.898581878676,5083.958422584024,3.807654207061728,0.5313744270158046
Ticarcillin,CC1(C)S[C@@H]2[C@H](NC(=O)[C@H](C(=O)O)c3ccsc3)C(=O)N2[C@H]1C(=O)O,0,train,0.5066559828584718,0.9783377900760752,0.0007917833033777,0.2070148992441403,0.9320879405078798,1177.2008029615365,5300.365703159403,5686.551099750651,3.977533510869568,0.2392541800447982
Ketorolac,O=C(c1ccccc1)c1ccc2n1CCC2C(=O)O,1,train,0.4827688249500664,0.9758043188640042,0.0014997164014253,0.2186456752061581,0.8895884749393275,593.1711316178355,2413.394190653003,2712.933292911201,3.3470449172126604,0.2454550574129297
Ifosfamide,O=P1(NCCCl)OCCCN1CCCl,1,train,0.2150523618041019,0.9094421031753952,0.0009091276187137,0.4158305676257021,0.8100594439607445,891.0294080679348,1735.7713526771754,2142.770343112364,3.022249946174829,0.3281190791696802
Cyclophosphamide,O=P1(N(CCCl)CCCl)NCCCO1,1,train,0.1488472190042059,0.8625300043699612,0.000792999252066,0.5060059204807338,0.7188124000304614,906.4477654395168,1287.6645655821656,1791.3777858139308,2.762686356899414,0.4383319127674118
Dihydrocodeine,COc1ccc2c3c1O[C@H]1[C@@H](O)CC[C@H]4[C@@H](C2)N(C)CC[C@]314,0,train,0.1763967113734198,0.8890626425027864,0.0007522280098054,0.4577855586472364,0.8198842985897693,1089.9411985494546,1952.061742003156,2380.8990431464204,2.9994342224337887,0.4298747844009545
Nicardipine,COC(=O)C1=C(C)NC(C)=C(C(=O)OCCN(C)Cc2ccccc2)C1c1cccc([N+](=O)[O-])c1,1,train,0.3111799887419136,0.9429573997289136,0.0002846401788314,0.3329134156150601,0.8964111115661992,3149.278205369058,8479.826418200897,9459.751567988757,4.689237885915903,0.4245544360345424
Oxitropium,CC[N+]1(C)[C@H]2C[C@H](OC(=O)[C@H](CO)c3ccccc3)C[C@@H]1[C@H]1O[C@@H]21,0,train,0.5864115843307582,0.9860756472397806,0.0011893165622054,0.1662973779728583,0.9560625569127869,803.8755931724804,4621.572296670256,4833.964329273322,3.9282821138095554,0.2236825313812935
Gabapentin,NCC1(CC(=O)O)CCCCC1,1,train,0.2275321431098366,0.9133288742908728,0.0024526962683414,0.4072227491024623,0.905156967869687,369.04568231832144,820.298648709829,906.250161936471,2.473637276156618,0.5659736193095334
Prazosin,COc1cc2nc(N3CCN(C(=O)c4ccco4)CC3)nc(N)c2cc1OC,1,train,0.7105936341393166,0.9941465891119612,0.0009120476830464,0.1080396193859152,0.9216877249134438,1010.5696687203643,8621.186043819336,9353.695195006483,4.975822447910179,0.0708597971829406
Bromocriptine,CC(C)C[C@H]1C(=O)N2CCC[C@H]2[C@]2(O)O[C@](NC(=O)[C@@H]3C=C4c5cccc6[nH]c(Br)c(c56)C[C@H]4N(C)C3)(C(C)C)C(=O)N12,0,train,0.5663732396823528,0.984326339303448,0.0002538216272785,0.1763566209516204,0.9539454022652916,3758.3298653203306,20329.49755939242,21310.96550296995,5.888669282361413,0.3136378547074784
Protriptyline,CNCCCC1c2ccccc2C=Cc2ccccc21,1,train,0.2334779482260563,0.9155195435756182,0.0006183062544182,0.4022734956855743,0.7497494227116899,1212.5858623525664,2259.993661123012,3014.3319790085043,3.509209482538099,0.2774658555357056
Cloxacillin,Cc1onc(-c2ccccc2Cl)c1C(=O)N[C@@H]1C(=O)N2[C@@H](C(=O)O)C(C)(C)S[C@H]12,1,train,0.2796727797589453,0.9344687740700732,0.0003895413829716,0.3560450958628336,0.826316362591671,2121.2543742801577,4923.048285327675,5957.825002868094,3.861928779667223,0.271274920545174
Oxacillin,Cc1onc(-c2ccccc2)c1C(=O)N[C@@H]1C(=O)N2[C@@H](C(=O)O)C(C)(C)S[C@H]12,1,train,0.553282681175876,0.9834469589263212,0.0007132119515365,0.1811962443831847,0.9107078656387256,1276.9105504705624,6417.861948459534,7047.1137788607575,4.284982423390709,0.1156899119803164
Dicloxacillin,Cc1onc(-c2c(Cl)cccc2Cl)c1C(=O)N[C@@H]1C(=O)N2[C@@H](C(=O)O)C(C)(C)S[C@H]12,1,train,0.2165012417405109,0.9056090282878754,0.0004049171831473,0.4241135318325626,0.948722032931992,2343.0026494743997,5241.186781213021,5524.470392044464,3.733025542982933,0.3475860724397058
Loperamide,CN(C)C(=O)C(CCN1CCC(O)(c2ccc(Cl)cc2)CC1)(c1ccccc1)c1ccccc1,1,train,0.4838125498634812,0.9749622686970776,0.0003877483578044,0.2223703546272475,0.9649732809767037,2488.658588886636,10799.501794087308,11191.503440547624,5.065317669325297,0.4013066160960553
Lumiracoxib,Cc1ccc(Nc2c(F)cccc2Cl)c(CC(=O)O)c1,1,train,0.1915823266766047,0.8965881082350511,0.0007330487631396,0.4428654018677599,0.8849099718184137,1207.1638563692654,2412.0902866079145,2725.8030346875594,3.286490005938937,0.2538906508283743
Diclofenac,O=C(O)Cc1ccccc1Nc1c(Cl)cccc1Cl,1,train,0.1466898268869161,0.8678343248746666,0.0006158546499229,0.49685368527297,0.7878033074432308,1279.2033112712986,2028.2844414411477,2574.607674628614,3.151323346717993,0.2604905466441328
Finasteride,CC(C)(C)NC(=O)[C@H]1CC[C@H]2[C@@H]3CC[C@H]4NC(=O)C=C[C@]4(C)[C@H]3CC[C@]12C,1,train,0.7045857009243162,0.9938136226139692,0.0011664318915622,0.111060719909874,0.9499821374487292,814.434296867848,6966.441733656399,7333.234446244924,4.5038328671078895,0.1785253499082424
Warfarin,CC(=O)CC(c1ccccc1)c1c(O)c2ccccc2oc1=O,1,train,0.1630839445618059,0.8806621049194837,0.0005754282052373,0.4737449281615415,0.8318850155052026,1445.6799439682309,2538.5801749279854,3051.5998336456505,3.377797353358302,0.3897441107331955
Methapyrilene,CN(C)CCN(Cc1cccs1)c1ccccn1,0,train,0.2808054332245531,0.9319566050822876,0.0006997004266283,0.3625698363674191,0.7285331738501554,1041.2072740339795,2092.159810059721,2871.742681260574,3.389203684905461,0.2117939122567627
Alcuronium,C=CC[N@@+]12CC[C@@]34c5ccccc5N5/C=C6/[C@H]7C[C@H]8[C@@]9(CC[N@@+]8(CC=C)C/C7=C/CO)c7ccccc7N(/C=C(/[C@@H](C[C@@H]31)/C(=C\CO)C2)[C@H]54)[C@@H]69,0,train,0.2448875412494631,0.9220755376488204,0.0001431854374604,0.3870099518999982,0.8069083625052061,5635.408019255567,11749.71815205726,14561.403373708932,4.893991723245547,0.3317961760305327
Atovaquone,O=C1C(O)=C([C@H]2CC[C@H](c3ccc(Cl)cc3)CC2)C(=O)c2ccccc21,0,train,0.7436982170600093,0.9955338909659156,0.0011939365463999,0.0944048300579186,0.944244707245872,790.8667425359009,7910.312801984321,8377.397025668,4.824697928698604,0.12788612635377
Carteolol,CC(C)(C)NCC(O)COc1cccc2c1CCC(=O)N2,1,train,0.664376585521935,0.991738351568495,0.0013692433646864,0.1282772077502641,0.927349337568764,677.2713759187277,4896.171134588985,5279.748349662166,4.308148196044496,0.1278418276286223
Isotretinoin,CC1=C(/C=C/C(C)=C/C=C/C(C)=C\C(=O)O)C(C)(C)CCC1,1,train,0.6393422206147205,0.990033633289654,0.0010346753750341,0.1408311221118652,0.9602638122361156,928.082213423139,6328.17342477988,6590.03634641172,4.800333633053162,0.2460014124132874
Sobrerol,CC1=CC[C@@H](C(C)(C)O)C[C@@H]1O,1,train,0.3825322548234434,0.960050738494041,0.0030259870287105,0.2798259807756355,0.8712819719615607,287.93314832312694,896.5249065461969,1028.972175939559,2.5495985857770704,0.2528444827689522
Levetiracetam,CC[C@@H](C(N)=O)N1CCCC1=O,1,train,0.0997444866852946,0.8222761179821595,0.0020946462405058,0.5690887327967316,0.8944010811717207,426.9938588559568,671.0794767234694,750.3115669810169,2.330162029713638,0.4922639972186035
Hydrochlorothiazide,NS(=O)(=O)c1cc2c(cc1Cl)NCNS2(=O)=O,1,train,0.3673947802895123,0.9567232882462698,0.001013970147325,0.2909992263344437,0.791477772442112,780.5730519089984,2123.0510752053824,2682.388753198575,3.062765384071871,0.1404630461636116
Hydroflumethiazide,NS(=O)(=O)c1cc2c(cc1C(F)(F)F)NCNS2(=O)=O,1,train,0.343402858072055,0.9513860943011584,0.0007962723481987,0.3080008109898207,0.7873729746687103,988.8237064238944,2527.82796463368,3210.4581258929693,3.186328210203419,0.1541989834237732
Almitrine,C=CCNc1nc(NCC=C)nc(N2CCN(C(c3ccc(F)cc3)c3ccc(F)cc3)CC2)n1,1,train,0.3133095423062907,0.9429405739161408,0.0002466659015088,0.3329610698906092,0.9173557073499166,3719.0211607629935,10246.43898670169,11169.537513754503,5.129902263560536,0.363123017981485
Clindamycin,CCC[C@@H]1C[C@@H](C(=O)NC(C(C)Cl)[C@H]2O[C@H](SC)[C@H](O)[C@@H](O)[C@H]2O)N(C)C1,1,train,0.3932050340905739,0.961717276335405,0.0004649148953624,0.2740435739038777,0.9019974392879077,1940.134524157904,6385.832543835943,7079.657065187804,4.257305192508616,0.2711588334498214
Lincomycin,CCC[C@@H]1C[C@@H](C(=O)N[C@H]([C@@H](C)O)[C@H]2O[C@H](SC)[C@H](O)[C@@H](O)[C@H]2O)N(C)C1,1,train,0.5345066167518739,0.981053917922898,0.0006524016408291,0.1937348965161711,0.9627719393791052,1475.7350060547983,7333.71364342933,7617.290599639688,4.494758597404207,0.2403311378263532
Pentamidine,N=C(N)c1ccc(OCCCCCOc2ccc(C(=N)N)cc2)cc1,0,train,0.853438034305567,0.9986612806514504,0.0015442016465432,0.0517266520045983,0.981703992664134,635.7356209674409,12065.428037505091,12290.291297239311,6.058551078549989,0.0810839669761234
Amikacin,NCC[C@H](O)C(=O)N[C@@H]1C[C@H](N)[C@@H](O[C@H]2O[C@H](CN)[C@@H](O)[C@H](O)[C@H]2O)[C@H](O)[C@H]1O[C@H]1O[C@H](CO)[C@@H](O)[C@H](N)[C@H]1O,0,train,0.210297427280362,0.9061421329565452,0.0001600981658368,0.42297332644147,0.7727638006604848,4826.812328682243,8818.489505161553,11411.6234451256,4.625358405837117,0.3001414046579915
Arbekacin,NCC[C@H](O)C(=O)N[C@@H]1C[C@H](N)[C@@H](O[C@H]2O[C@H](CN)CC[C@H]2N)[C@H](O)[C@H]1O[C@H]1O[C@H](CO)[C@@H](O)[C@H](N)[C@H]1O,0,train,0.3328931165490719,0.9482606457026208,0.0001838625792683,0.3174929098604382,0.7630209262501234,4149.952259378892,9973.452377997944,13071.007668181015,4.960314170184188,0.1479140865836407
Tobramycin,NC[C@H]1O[C@H](O[C@@H]2[C@@H](N)C[C@@H](N)[C@H](O[C@H]3O[C@H](CO)[C@@H](O)[C@H](N)[C@H]3O)[C@H]2O)[C@H](N)C[C@@H]1O,0,train,0.546906051124927,0.9822395106251126,0.0005371412602979,0.1876314039998083,0.970253884543941,1806.3290911701051,9340.642238515213,9627.008340096154,4.713513509662668,0.2549531815336986
Kanamycin,NC[C@H]1O[C@H](O[C@@H]2[C@@H](N)C[C@@H](N)[C@H](O[C@H]3O[C@H](CO)[C@@H](O)[C@H](N)[C@H]3O)[C@H]2O)[C@H](O)[C@@H](O)[C@@H]1O,0,train,0.446777133016589,0.9708327529990616,0.0004168762883487,0.2397577229293423,0.8928193802493823,2141.6890458939747,7975.307169585798,8932.721831551344,4.433850473751008,0.2415853011278927
Zolpidem,Cc1ccc(-c2nc3ccc(C)cn3c2CC(=O)N(C)C)cc1,1,train,0.2678699150043452,0.926851870475629,0.0004809140280221,0.3754272368859615,0.718021932897767,1493.0359504187838,2855.5002239520163,3976.898327364307,3.6799222593125256,0.189150202185077
Disopyramide,CC(C)N(CCC(C(N)=O)(c1ccccc1)c1ccccn1)C(C)C,1,train,0.1479917141079774,0.8696033207035905,0.000439538900544,0.4937510148053251,0.8066839557525741,1835.295931154576,2998.482509051868,3717.047410784952,3.548787683929352,0.4191243829287224
Chlorpheniramine,CN(C)CCC(c1ccc(Cl)cc1)c1ccccn1,1,train,0.3059438001574363,0.9419860293818444,0.0007278470558409,0.3356520824446452,0.7945862531210878,1091.6939853565827,2584.357668993075,3252.4570603151906,3.550589568467643,0.3866961332793312
Pheniramine,CN(C)CCC(c1ccccc1)c1ccccn1,1,train,0.205857666420744,0.8957681084635047,0.0006174046243109,0.4445216483589014,0.683042639553369,1106.3128014559672,1699.9370421394106,2488.771481749621,3.318920087907628,0.2553715989731865
Trovafloxacin,N[C@H]1[C@@H]2CN(c3nc4c(cc3F)c(=O)c(C(=O)O)cn4-c3ccc(F)cc3F)C[C@H]12,1,train,0.2725364132116989,0.9233055330716528,0.0002465748553514,0.3840662606885315,0.662582357378611,2687.144868986205,4635.801069114541,6996.565811766044,4.146819469029955,0.1046482405373002
Mefloquine,OC(c1cc(C(F)(F)F)nc2c(C(F)(F)F)cccc12)C1CCCCN1,1,train,0.2495168627190117,0.9228633422091176,0.0003988601525075,0.3851275783511444,0.7684623977603796,1926.646201505162,3844.323914644906,5002.61811879003,3.773443346686891,0.3019832224925005
Alprazolam,Cc1nnc2n1-c1ccc(Cl)cc1C(c1ccccc1)=NC2,1,train,0.1630003588742512,0.8649980464937599,0.0004035055310088,0.501775228127076,0.6715165516475101,1664.2065598668778,2227.177006091561,3316.6375432256546,3.4164421529255105,0.3932322863642936
Adinazolam,CN(C)Cc1nnc2n1-c1ccc(Cl)cc1C(c1ccccc1)=NC2,1,train,0.216150053486875,0.909022102307238,0.0004137613974374,0.4167479064337686,0.7749334381454109,1872.8993157525008,3482.6145102349333,4494.082122162142,3.741286669853476,0.3225845247522961
Triazolam,Cc1nnc2n1-c1ccc(Cl)cc1C(c1ccccc1Cl)=NC2,1,train,0.1171426651181882,0.8353801636759073,0.0003996338790566,0.5496726135954149,0.7389093009208725,1848.9656148901624,2485.5120232182826,3363.757933647189,3.348853931004255,0.423896044508538
Clozapine,CN1CCN(C2=Nc3cc(Cl)ccc3Nc3ccccc32)CC1,1,train,0.289156873179284,0.9346897766842792,0.0004561779566842,0.3554645149123782,0.7295131008363451,1599.1853401659707,3281.97782724972,4498.860710639904,3.788134170866761,0.2091623761471628
Clonidine,Clc1cccc(Cl)c1NC1=NCCN1,1,train,0.2152754492010887,0.9021489281798122,0.0009860665705398,0.431424745910589,0.6932920810023795,703.0885152336266,1129.8510446505895,1629.6898170494344,2.743036489515341,0.2330988399274974
Yohimbine,COC(=O)[C@H]1[C@@H](O)CC[C@H]2CN3CCc4c([nH]c5ccccc45)[C@@H]3C[C@@H]21,1,train,0.4534894880902723,0.9716011977062456,0.0005848184389747,0.2366244125524434,0.798169004343002,1364.815045404925,4603.722220173554,5767.853919563091,4.068879234756177,0.0921882956008878
Cefadroxil,CC1=C(C(=O)O)N2C(=O)[C@@H](NC(=O)[C@H](N)c3ccc(O)cc3)[C@H]2SC1,1,train,0.268274776996071,0.9300156032389008,0.0005323179335893,0.3675200371846186,0.8827144020779614,1658.2465973406654,3982.79823022025,4511.989632031051,3.737605485714143,0.3720534553462988
Cephalexin,CC1=C(C(=O)O)N2C(=O)[C@@H](NC(=O)[C@H](N)c3ccccc3)[C@H]2SC1,1,train,0.4769322497603371,0.9749240173990964,0.0008022052558584,0.2225379974260721,0.906053701577816,1129.4537089615587,4598.52126648786,5075.329705601251,3.943219089628385,0.1965035452853279
Cefprozil,CC=CC1=C(C(=O)O)N2C(=O)[C@@H](NC(=O)[C@H](N)c3ccc(O)cc3)[C@H]2SC1,1,train,0.6182430675237766,0.9886696832354716,0.0008370565102118,0.1501074863258742,0.9432649160089494,1126.883196655668,7081.254971772068,7507.175186514499,4.49190072671365,0.1759458086391863
Cefaclor,N[C@@H](C(=O)N[C@@H]1C(=O)N2C(C(=O)O)=C(Cl)CS[C@H]12)c1ccccc1,1,train,0.5968212963962363,0.9871634815617546,0.0009553962463805,0.1597130572961248,0.9213905693011502,964.4067294504528,5563.698300751102,6038.371225104916,4.133116356592657,0.1810733790203225
Mirtazapine,CN1CCN2c3ncccc3Cc3ccccc3C2C1,1,train,0.1815099062992191,0.856464966174781,0.0004784970925707,0.5162051546771217,0.5947869388633072,1243.0314584939738,1432.2578327813635,2408.018298987097,3.0948561503306,0.2389784677339672
Proscillaridin,C[C@@H]1O[C@@H](O[C@@H]2C=C3CC[C@@H]4[C@H](CC[C@]5(C)[C@@H](c6ccc(=O)oc6)CC[C@]45O)[C@@]3(C)CC2)[C@H](O)[C@H](O)[C@H]1O,0,train,0.7964068357161801,0.9972934390960356,0.0007058270086797,0.0735241207768009,0.969688170796368,1373.832623109913,18119.077511011503,18685.46823267009,5.997722706427417,0.1355625001725563
Telmisartan,CCCc1nc2c(C)cc(-c3nc4ccccc4n3C)cc2n1Cc1ccc(-c2ccccc2C(=O)O)cc1,1,train,0.3062219667962432,0.9420881016336652,0.0001689406310644,0.3353654853443883,0.7959931605183801,4711.673891016649,11183.202672126235,14049.370304693728,5.393796680137808,0.2559117832661262
Bufuralol,CCc1cccc2cc(C(O)CNC(C)(C)C)oc12,1,train,0.5358387988666102,0.981849832394008,0.0013201919189944,0.1896599763467724,0.8613891520587952,652.4726743630359,2963.371052432773,3440.223324556686,3.674029481079764,0.1341496475432825
Fosfomycin,C[C@@H]1O[C@@H]1P(=O)(O)O,1,train,0.2005405720340198,0.900817010874568,0.0051304872022036,0.4341989324249986,0.8969723716270334,174.83181153668184,361.1692542726282,402.6537111923494,1.8437650904084424,0.438370588447262
Primidone,CCC1(c2ccccc2)C(=O)NCNC1=O,1,train,0.1742143782435087,0.8810060417329545,0.001623301308223,0.4731050141670787,0.9586938804420893,590.582829931646,1196.7494065697829,1248.3123455611476,2.6371046682696133,0.4439067429193385
Temafloxacin,CC1CN(c2cc3c(cc2F)c(=O)c(C(=O)O)cn3-c2ccc(F)cc2F)CCN1,1,train,0.2543175946251161,0.914886293746335,0.000227160170593,0.4037116167700588,0.6533118158616427,2875.996325218655,4654.12017784513,7123.887958014174,4.18980395814326,0.1224703100291945
Losartan,CCCCc1nc(Cl)c(CO)n1Cc1ccc(-c2ccccc2-c2nn[nH]n2)cc1,1,train,0.4037085500810724,0.963735500830518,0.000397707818828,0.2668592970817222,0.8967674018035475,2254.839757604389,7577.276913425268,8449.545443094956,4.649044780113236,0.2231525577489164
Cyclopenthiazide,NS(=O)(=O)c1cc2c(cc1Cl)NC(CC1CCCC1)NS2(=O)=O,1,train,0.6045376417711011,0.987806699043234,0.000936158063561,0.1556853407527815,0.907904149580449,969.8192911214808,5655.657459429947,6229.355226588049,4.113284054548301,0.1384572138714215
Octreotide,C[C@@H](O)[C@@H]1NC(=O)[C@H](CCCCN)NC(=O)[C@@H](Cc2c[nH]c3ccccc23)NC(=O)[C@H](Cc2ccccc2)NC(=O)[C@@H](NC(=O)[C@H](N)Cc2ccccc2)CSSC[C@@H](C(=O)N[C@H](CO)[C@@H](C)O)NC1=O,0,train,0.0652195770049896,0.7682170905067028,4.118338438140001e-05,0.6401894265398455,0.8035577985064304,19511.69896734732,24490.84164364273,30478.008786877257,6.0445466594947375,0.5763354319781194
Ropinirole,CCCN(CCC)CCc1cccc2c1CC(=O)N2,1,train,0.3804893085491165,0.959196341739864,0.0008037136214588,0.2827408318458124,0.7829123765318158,974.118586059002,2697.344745916156,3445.2702840961438,3.696755366297522,0.167002467083513
Edrophonium,CC[N+](C)(C)c1cccc(O)c1,0,train,0.4302324844805493,0.9684999787607258,0.0032297708190807,0.2490136364548606,0.8580377262142557,265.6652048328557,915.4148003069274,1066.87010645304,2.600191573941316,0.2738845707942895
Phenylpropanolamine,C[C@H](N)[C@H](O)c1ccccc1,1,train,0.3882471139655766,0.9601372957989838,0.0040359053079561,0.2795288414740323,0.9320315785534408,230.93494704052856,770.0052062546624,826.1578512712507,2.457972972784793,0.3445765014713518
Tocainide,Cc1cccc(C)c1NC(=O)C(C)N,1,train,0.3849549539232736,0.959898525414832,0.0018937943858972,0.2803476786178742,0.7753706385692534,409.42704463763744,1132.371456090833,1460.426020490449,2.794215247642884,0.114423511677729
Tulobuterol,CC(C)(C)NCC(O)c1ccccc1Cl,1,train,0.2740622228790492,0.9324997539637008,0.0013235101228831,0.3611706090722743,0.8552293949188506,646.1827379573278,1530.120275871239,1789.1343363103488,2.9506361433393877,0.3540896296097691
Metoclopramide,CCN(CC)CCNC(=O)c1cc(Cl)c(N)cc1OC,1,train,0.6329283680836888,0.9898325548166288,0.001168961079714,0.1422375246732922,0.8913575422984483,762.5211461415963,4778.478649263163,5360.900000847484,4.264016065112335,0.1023679940356199
Bretylium,CC[N+](C)(C)Cc1ccccc1Br,1,train,0.1538340343598334,0.8650195447898229,0.0009818448786779,0.5017381659108738,0.708964385631814,722.073721651834,1020.3021959120916,1439.1444994840188,2.557697317899959,0.4836270859949642
Phenacetin,CCOc1ccc(NC(C)=O)cc1,1,train,0.7355016680096207,0.995219734548046,0.0051195283231974,0.0976610463087346,0.9076484575784284,177.2914222323404,1647.7223213681398,1815.375002965576,3.186888425559479,0.038522200467316
Methyldopa,C[C@](N)(Cc1ccc(O)c(O)c1)C(=O)O,1,train,0.5623223924454167,0.9842852847808736,0.0026466228863084,0.1765856114292286,0.9110648592780776,344.2367494028753,1776.0337499455084,1949.4042952691943,3.103847823895954,0.2348103847900205
Chlorambucil,O=C(O)CCCc1ccc(N(CCCl)CCCl)cc1,1,train,0.3101829322173519,0.9430189851503188,0.0006108537744814,0.3327389271577087,0.7875058510306592,1289.188810692303,3051.172101129751,3874.475468514281,3.6744532092249713,0.2716783055846588
Fenfluramine,CCNC(C)Cc1cccc(C(F)(F)F)c1,1,train,0.586353180074,0.9862406154168069,0.0022424024281965,0.1653162076212678,0.9347914042169658,416.8704923178104,2357.221705588236,2521.65530722095,3.383743524649745,0.2253268059359321
Procainamide,CCN(CC)CCNC(=O)c1ccc(N)cc1,1,train,0.4309791790000086,0.9682004148343044,0.0014405079503458,0.2501758515818043,0.9092658597538956,631.2119690388192,2294.1442592726034,2523.0731305512154,3.402366504985549,0.3171728583468867
Neostigmine,CN(C)C(=O)Oc1cccc([N+](C)(C)C)c1,0,train,0.4606568050654869,0.9729787740386452,0.0017388570471347,0.2308945760953585,0.8630451052467641,496.3289573854729,1855.194195150143,2149.591236740403,3.174713622118469,0.1911312557226207
Gemfibrozil,Cc1ccc(C)c(OCCCC(C)(C)C(=O)O)c1,1,train,0.4403013146420929,0.9697386965565364,0.0013607206299008,0.2441451625587328,0.9037262894482784,664.1527067272849,2458.4237303218724,2720.318927341077,3.416140054414977,0.2914139681444559
Acetaminophen,CC(=O)Nc1ccc(O)cc1,1,train,0.6533915840154584,0.9910842989277514,0.0061480305886229,0.1332363029316244,0.8698360175921537,141.48205755543952,923.668600801118,1061.8881974535632,2.652449289840219,0.0262216887308787
Atenolol,CC(C)NCC(O)COc1ccc(CC(N)=O)cc1,1,train,0.7874707028580591,0.9969615948041896,0.0025966382114738,0.0778946627535351,0.9973158045766276,384.07961500749695,4917.521390068527,4930.7565041106245,4.382822090742598,0.1616097024774694
Ibuprofen,CC(C)Cc1ccc(C(C)C(=O)O)cc1,1,train,0.6313773146233538,0.9893816540700578,0.0030867884243522,0.1453407808895919,0.9745756432251504,315.7247952391314,2117.0774886371905,2172.306996746988,3.340959013153895,0.2564787773201055
Fluvoxamine,COCCCC/C(=N\OCCN)c1ccc(C(F)(F)F)cc1,1,train,0.4826415746307863,0.975867382703813,0.0007026631196477,0.2183640340688221,0.8694030042211606,1237.2970487721018,4926.222287033806,5666.21263455016,4.310498821820238,0.215898259075018
Norepinephrine,NC[C@H](O)c1ccc(O)c(O)c1,0,train,0.5264559764319973,0.9807475268725304,0.0039146796504372,0.1952800259458577,0.9112649102423188,232.78147680373849,1086.2636387832408,1192.0393582305142,2.7242135782612804,0.2084905193827184
Norfenefrine,NCC(O)c1cccc(O)c1,0,train,0.3044582521564802,0.9405339328454444,0.0032596465264964,0.3396997514957598,0.9139424310239432,280.38083994532354,754.3483483394974,825.3784075812705,2.464061738318814,0.3703500138938639
Pseudoephedrine,CN[C@@H](C)[C@@H](O)c1ccccc1,1,train,0.4082051097634395,0.964868821861448,0.0029434632952095,0.2627321004363597,0.8387119799964213,284.9405261351231,909.6072861256584,1084.528786782728,2.62610524188333,0.1907190236954817
Clofibrate,CCOC(=O)C(C)(C)Oc1ccc(Cl)cc1,0,train,0.3451436702971166,0.9522113884908718,0.0012941527321096,0.3054398003343474,0.855370761997127,660.9503969463847,1850.9625924960276,2163.9301630726586,3.103689678234859,0.3991384342932443
Mexiletine,Cc1cccc(C)c1OCC(C)N,1,train,0.3716931765344319,0.9575731721557926,0.002112435418705,0.2881902496051746,0.789672773477555,373.8210250051764,1024.310454654465,1297.1327986193753,2.741828900259717,0.1641167700645515
Acitretin,COc1cc(C)c(/C=C/C(C)=C/C=C/C(C)=C/C(=O)O)c(C)c1C,1,train,0.7620065873506638,0.996223776698876,0.0011347014268856,0.0868227316998733,0.9225830724187206,813.0624061616543,8639.64537925119,9364.625948101102,5.368649138096062,0.0410176255428499
Probenecid,CCCN(CCC)S(=O)(=O)c1ccc(C(=O)O)cc1,1,train,0.3152060808206589,0.9427107174819068,0.0009581488213504,0.3336113054810172,0.9381692056792142,979.1476906029444,2753.522425779636,2934.9955307754367,3.417996047333011,0.2858139922328399
Prenalterol,CC(C)NC[C@H](O)COc1ccc(O)cc1,1,train,0.6942092973040148,0.993310619586619,0.0024837409355269,0.1154729969146339,0.94601154698233,380.8817310415838,3120.370348284372,3298.448479025442,3.884730240319661,0.1695283536939341
Lidocaine,CCN(CC)CC(=O)Nc1c(C)cccc1C,1,train,0.4595011347809468,0.9728178725032264,0.0015183811701336,0.2315715590013077,0.8635635874461054,568.739658020203,2120.9118318369315,2455.999607520849,3.313440506771401,0.1918239127767594
Tolbutamide,CCCCNC(=O)NS(=O)(=O)c1ccc(C)cc1,1,train,0.2620366841355628,0.9284684363664456,0.0007831101222474,0.3714113119861151,0.8117679105616115,1036.5948383247744,2265.613347924393,2790.961946693553,3.356914304668444,0.2955601349488685
Alprenolol,C=CCc1ccccc1OCC(O)CNC(C)C,0,train,0.4552676719357333,0.971900149057541,0.0012133791671338,0.235393500891443,0.9095631496349696,749.6116418279099,2896.5078617802224,3184.5044106532496,3.7008971812445135,0.2452711095766795
Felbamate,NC(=O)OCC(COC(N)=O)c1ccccc1,1,train,0.2241343604202245,0.9103121059393876,0.0008072160290043,0.4139225407974268,0.733099785187584,908.1828889000566,1608.4861662305727,2194.0889886074606,3.144273581772874,0.3099142368661779
Ibutilide,CCCCCCCN(CC)CCCC(O)c1ccc(NS(C)(=O)=O)cc1,0,train,0.6110860216780268,0.9880237474540216,0.0006147974675734,0.1543018939187455,0.95960534794485,1560.847919124316,9706.932121708214,10115.54608620844,5.272613006790311,0.248574785009654
Levodopa,N[C@@H](Cc1ccc(O)c(O)c1)C(=O)O,1,train,0.4391573298769013,0.9692279666888192,0.0025092510605767,0.2461648808994837,0.9264598350151184,369.2176719862222,1389.5781649401754,1499.8795548621918,2.874505269806406,0.2618967558581923
Phenylephrine,CNC[C@H](O)c1cccc(O)c1,1,train,0.5310602249634426,0.9811408923858674,0.0038837886542927,0.1932939452964416,0.9233029063333068,237.7325309174007,1135.5717137925765,1229.9015913447606,2.790041933620403,0.2249224780996928
Selegiline,C#CCN(C)[C@H](C)Cc1ccccc1,0,train,0.554672734153502,0.9835351642727176,0.0027982571921428,0.1807168521168919,0.9181628113424936,328.1195216510366,1667.0672321173645,1815.6553625602176,3.189648476890388,0.2498166351203251
Acebutolol,CCCC(=O)Nc1ccc(OCC(O)CNC(C)C)c(C(C)=O)c1,1,train,0.5338717686377898,0.9816589406661144,0.0006388085886801,0.1906455460016891,0.871575890843483,1364.3772270567842,6237.535164383235,7156.617375392004,4.683363870383361,0.1188994657050061
Bisoprolol,CC(C)NCC(O)COc1ccc(COCCOC(C)C)cc1,1,train,0.7937582419085818,0.9972153309340896,0.0013799988612955,0.0745760266440502,0.9697829570765134,702.741853110004,9138.420254316668,9423.16029337652,5.440269325426404,0.0827770951918841
Rivastigmine,CCN(C)C(=O)Oc1cccc([C@H](C)N(C)C)c1,1,train,0.4365107264836927,0.9692363466881856,0.001253653972661,0.2461318838723245,0.896337066624764,714.9796404522879,2603.737246621268,2904.863966438284,3.52564281399904,0.2474717128014483
Entacapone,CCN(CC)C(=O)/C(C#N)=C/c1cc(O)c(O)c([N+](=O)[O-])c1,1,train,0.439507419610206,0.96975253220515,0.0009004712420867,0.2440902011177409,0.8909896938436979,989.4704596883298,3611.8122641057175,4053.708240467393,3.7649743529425,0.1948912522125612
Terbutaline,CC(C)(C)NCC(O)c1cc(O)cc(O)c1,0,train,0.4544816389379532,0.9721011395465928,0.0015645266412954,0.234562090910308,0.8409840196561463,537.5325657348839,1927.2351131993523,2291.6429660427343,3.24904437994806,0.2123751864868099
Bromopride,CCN(CC)CCNC(=O)c1cc(Br)c(N)cc1OC,1,train,0.647645160406363,0.9907736126968584,0.0010005277461136,0.1355272975588883,0.8955911894119098,895.1187939471686,5915.122043865499,6604.712187655246,4.414085219304173,0.0999561781784111
Celiprolol,CCN(CC)C(=O)Nc1ccc(OCC(O)CNC(C)(C)C)c(C(C)=O)c1,1,train,0.5923752988505883,0.9868787516927576,0.0005985353807268,0.1614630900774047,0.9018138501325604,1506.7009890668123,8415.321540653616,9331.5505626983,5.036562282858875,0.1141351179907545
Baclofen,NCC(CC(=O)O)c1ccc(Cl)cc1,1,train,0.3177430746640908,0.9454413430638756,0.0014808828740193,0.325792367660102,0.8540284432027588,576.7022214827878,1511.7607080297296,1770.152645455645,3.0049349944108017,0.5066072880472796
Bupropion,CC(NC(C)(C)C)C(=O)c1cccc(Cl)c1,1,train,0.4592616933237552,0.9726875793885558,0.0014519241454804,0.232118230441368,0.8862026374909319,610.3642812536116,2330.305701748135,2629.540472081906,3.4083573267638885,0.3186182691490278
Guanfacine,N=C(N)NC(=O)Cc1c(Cl)cccc1Cl,1,train,0.266303370971425,0.9266242372054774,0.0009492135211583,0.3759887272557083,0.722767189521957,761.4379414233146,1463.7203751686632,2025.161623809705,2.9386147467312447,0.2306397353909424
Chloramphenicol,O=C(N[C@H](CO)[C@H](O)c1ccc([N+](=O)[O-])cc1)C(Cl)Cl,1,train,0.4004560804336862,0.9635056039651412,0.000704186550057,0.2676881602308331,0.8374418879542128,1189.2330063479917,3720.424292186585,4442.605923707985,3.804112734065472,0.1961721708252704
Melphalan,N[C@@H](Cc1ccc(N(CCCl)CCCl)cc1)C(=O)O,1,train,0.4497492017100934,0.9711876932222456,0.0006047251922817,0.2383158923228857,0.8075463208134658,1335.393879931568,4525.054557060263,5603.461300525818,4.333667220418458,0.1607318496784069
Oxprenolol,C=CCOc1ccccc1OCC(O)CNC(C)C,1,train,0.321902680667696,0.9456205730384604,0.0007089682048243,0.3252717815095767,0.7673531923774213,1082.3520535276832,2553.3918119062905,3327.531360096837,3.622261348512936,0.188472161580034
Metoprolol,COCCc1ccc(OCC(O)CNC(C)C)cc1,1,train,0.7743302155909692,0.996623376978818,0.0021873895456165,0.082108735584814,0.9571252460854534,437.5650638010464,5100.609166443325,5329.092704747166,4.508059544095691,0.0786399036911958
Sotalol,CC(C)NCC(O)c1ccc(NS(C)(=O)=O)cc1,1,train,0.5944876103538598,0.986928605141946,0.0015279426051713,0.1611580849742655,0.931000587060698,609.3164651013074,3519.9846585770206,3780.8619108287735,3.810641423385112,0.2319844035882823
Practolol,CC(=O)Nc1ccc(OCC(O)CNC(C)C)cc1,1,train,0.7080843302872413,0.99400429034864,0.0016965811091402,0.1093410753948247,0.9404213914106926,554.3038209869392,4767.459700889987,5069.493042622617,4.416721579035943,0.1106687839422249
Levamisole,c1ccc([C@H]2CN3CCSC3=N2)cc1,1,train,0.5982494097363251,0.9872383710406016,0.0033526536538579,0.1592494858550556,0.9290035004242616,277.0949809728306,1616.471198582407,1740.0054981969274,2.982083573634676,0.1837360372218588
Astemizole,COc1ccc(CCN2CCC(Nc3nc4ccccc4n3Cc3ccc(F)cc3)CC2)cc1,0,train,0.6210755936515538,0.9889896666932498,0.000392835940031,0.1479845910018155,0.9167679489702394,2333.717095481916,14457.431146162318,15770.000644548758,5.958361293436754,0.1346941579041874
Nadolol,CC(C)(C)NCC(O)COc1cccc2c1C[C@H](O)[C@H](O)C2,1,train,0.6896693835902818,0.9931034921681896,0.0013859024441463,0.1172410075159124,0.936296921542071,675.5864566778808,5395.292423917145,5762.373345232361,4.372931731162855,0.1216968166476962
Reserpine,COC(=O)[C@H]1[C@H]2C[C@@H]3c4[nH]c5cc(OC)ccc5c4CCN3C[C@H]2C[C@@H](OC(=O)c2cc(OC)c(OC)c(OC)c2)[C@@H]1OC,1,train,0.4257452292057205,0.967791179881986,0.0001916076540117,0.2517543090845388,0.8557087996967995,4465.942679119112,15179.666490556288,17739.289926590507,5.541607196365076,0.2131344556427018
Indapamide,CC1Cc2ccccc2N1NC(=O)c1ccc(Cl)c(S(N)(=O)=O)c1,1,train,0.4899779413036338,0.9763887333051836,0.0007533827718405,0.2160209283257035,0.9255581729516036,1228.5364193959222,5263.758157849273,5687.1175812355,4.079917531081476,0.2628435727187467
Ketanserin,O=C(c1ccc(F)cc1)C1CCN(CCn2c(=O)[nH]c3ccccc3c2=O)CC1,1,train,0.6964342573983188,0.993292892809818,0.0008700869962906,0.115625382565867,0.978162769515218,1124.2126059639304,9510.56672653313,9722.887665461456,5.073550660739837,0.1941070298731008
Furosemide,NS(=O)(=O)c1cc(C(=O)O)c(NCc2ccco2)cc1Cl,1,train,0.5148893525773305,0.9796258905498658,0.0008636844344231,0.2008310597601442,0.846871112317582,980.5330263746216,4134.744375206421,4882.37739493925,3.8876288902446254,0.116596041381159
Hydromorphone,CN1CC[C@]23c4c5ccc(O)c4O[C@H]2C(=O)CC[C@H]3[C@H]1C5,1,train,0.1247924234778914,0.846676755985835,0.0006934962125114,0.5321075745310369,0.7621024852644197,1098.9281145523832,1573.9220550758473,2065.236743756003,2.881395689706416,0.5562259389017418
Oxycodone,COc1ccc2c3c1O[C@H]1C(=O)CC[C@@]4(O)[C@@H](C2)N(C)CC[C@]314,1,train,0.1823235676004923,0.8919640173980997,0.0006707718540778,0.4521063941895121,0.7912310496485218,1179.5829607910734,2064.3872243554374,2609.082676005288,3.046258295603114,0.4376068426798422
Naloxone,C=CCN1CC[C@]23c4c5ccc(O)c4O[C@H]2C(=O)CC[C@@]3(O)[C@H]1C5,0,train,0.2372389123000824,0.919189235450412,0.0007054192449231,0.3938161365816375,0.8273598627126195,1172.862618459966,2464.041883638363,2978.198477697049,3.1785367325179785,0.462397557933551
Topiramate,CC1(C)O[C@@H]2CO[C@@]3(COS(N)(=O)=O)OC(C)(C)O[C@H]3[C@@H]2O1,1,train,0.3392115813946992,0.9508773027832488,0.0007228588552846,0.3095680136119585,0.8421347196535917,1165.0057455850372,3169.228550152701,3763.327263666731,3.4540448026098343,0.3123717285445527
Pramipexole,CCCN[C@H]1CCc2nc(N)sc2C1,1,train,0.6242469401952029,0.98911283435774,0.0031575850140386,0.1471591006659047,0.940902627487377,297.98172442043966,1905.229008479327,2024.894981499972,3.1628109539906903,0.2128596918865527
Amdinocillin,CC1(C)S[C@@H]2[C@H](N=CN3CCCCCC3)C(=O)N2[C@H]1C(=O)O,0,train,0.5204715205169115,0.9802049758863572,0.0010766171809035,0.1979853662461601,0.8939633510260478,830.344682290655,3749.255456407298,4193.969978863322,3.671484640311159,0.2206310143831708
Quetiapine,OCCOCCN1CCN(C2=Nc3ccccc3Sc3ccccc32)CC1,1,train,0.4077077084266329,0.9636110919954404,0.0005601564196932,0.2673081805395324,0.9408169697611436,1679.561166640349,5911.377811699157,6283.238931372538,4.253009198458411,0.3183673142970645
Buprenorphine,CO[C@]12CC[C@@]3(C[C@@H]1[C@](C)(O)C(C)(C)C)[C@H]1Cc4ccc(O)c5c4[C@@]3(CCN1CC1CC1)[C@H]2O5,1,train,0.2169885927778683,0.9061540143470316,0.0002541113395807,0.4229478718267296,0.7232940261050468,2846.366585995051,4867.6446552700845,6729.828367977061,3.9297584948034903,0.2912528670543056
Flucytosine,Nc1[nH]c(=O)ncc1F,1,train,0.3546768770812402,0.9498049726485532,0.0042680225766193,0.3128426344539387,0.6885506940505669,161.32780033135637,355.07426627351805,515.6835500153334,1.999354645732489,0.010871272753882
Droperidol,O=C(CCCN1CC=C(n2c(=O)[nH]c3ccccc32)CC1)c1ccc(F)cc1,1,train,0.4455427179383234,0.970766005374239,0.0004643228611711,0.2400278375725262,0.8769761748948798,1888.720647273244,6900.712123401889,7868.756667453427,4.6852223472302486,0.2241916917981805
Montelukast,CC(C)(O)c1ccccc1CC[C@@H](SCC1(CC(=O)O)CC1)c1cccc(/C=C/c2ccc3ccc(Cl)cc3n2)c1,1,train,0.4891999496735399,0.975870606766715,0.0002427971428866,0.2183496252544608,0.9540557872516684,3929.435807641188,17169.25764605781,17996.073055137567,5.774608133934645,0.3212711599903979
Buflomedil,COc1cc(OC)c(C(=O)CCCN2CCCC2)c(OC)c1,1,train,0.4029783933719009,0.9639297577110716,0.0007555789894465,0.2661567624522716,0.8304829475178283,1099.1345168638366,3429.604661829145,4129.650912254909,3.752828420514849,0.1729328714564665
Vinorelbine,CCC1=C[C@@H]2CN(C1)Cc1c([nH]c3ccccc13)[C@@](C(=O)OC)(c1cc3c(cc1OC)N(C)[C@H]1[C@@](O)(C(=O)OC)[C@H](OC(C)=O)[C@]4(CC)C=CCN5CC[C@]31[C@@H]54)C2,1,train,0.2239085252381632,0.9065512017019196,0.0001423465158912,0.4220958643398502,0.9806548770440618,6889.208849995969,16005.69166506716,16321.431769464403,5.017236054757949,0.5473530642853296
Zopiclone,CN1CCN(C(=O)OC2c3nccnc3C(=O)N2c2ccc(Cl)cn2)CC1,1,train,0.1873751252944516,0.871306752722963,0.0002065203847396,0.4907387723212477,0.6234330850470436,3018.748419595175,3835.009064613137,6151.4365480358665,4.089516027917926,0.2389575205555368
Cefazolin,Cc1nnc(SCC2=C(C(=O)O)N3C(=O)[C@@H](NC(=O)Cn4cnnn4)[C@H]3SC2)s1,1,train,0.7246754296663676,0.9947535771175032,0.0007559213628899,0.1023001505958399,0.941301411157205,1245.2372129800265,11457.886806387847,12172.388855023491,5.231123854857134,0.0859922765554617
Spironolactone,CC(=O)S[C@@H]1CC2=CC(=O)CC[C@]2(C)[C@H]2CC[C@@]3(C)[C@@H](CC[C@@]34CCC(=O)O4)[C@@H]21,1,train,0.3648329580624714,0.9565389840276202,0.0004361467386956,0.2916044787643154,0.8207481677798492,1881.8165882300889,5296.549365196434,6453.318536822049,4.044911215180307,0.3004160230062604
Frovatriptan,CN[C@@H]1CCc2[nH]c3ccc(C(N)=O)cc3c2C1,1,train,0.4711112811630599,0.9739070022149932,0.001213775352887,0.2269474631640657,0.791994678418559,652.5051580053628,2277.0935862249103,2875.1374829585607,3.4537927035750844,0.0701625822505579
Etoposide,COc1cc([C@@H]2c3cc4c(cc3[C@@H](O[C@@H]3O[C@@H]5CO[C@@H](C)O[C@H]5[C@H](O)[C@H]3O)[C@H]3COC(=O)[C@H]23)OCO4)cc(OC)c1O,1,train,0.166654213612892,0.8829972175382095,0.0001689973876526,0.4693782204361212,0.8358701621598889,4946.053745385835,8807.94754892089,10537.458983056831,4.542717231562243,0.4973821567264763
Piritrexim,COc1ccc(OC)c(Cc2cnc3nc(N)nc(N)c3c2C)c1,1,train,0.4628557347587392,0.9732504454728468,0.0007970734316334,0.2297467527233088,0.8742163619301087,1096.7827144087794,4173.401290998945,4773.876894485073,3.928706472851755,0.2415375925301089
Cefoxitin,CO[C@@]1(NC(=O)Cc2cccs2)C(=O)N2C(C(=O)O)=C(COC(N)=O)CS[C@@H]21,0,train,0.3031968888652878,0.9405082651223462,0.0004491932734271,0.3397708098653478,0.9030183793504408,2010.3114466983836,5342.86092824349,5916.669084948986,3.939763284169011,0.2851865613423511
Triamterene,Nc1nc(N)c2nc(-c3ccccc3)c(N)nc2n1,1,train,0.5415477778806312,0.9823427774870434,0.0015853960442969,0.1870899984473814,0.8407118792601612,530.2850869878167,2382.9011477091344,2834.3850092925086,3.3684970084669734,0.080310250088343
Flupirtine,CCOC(=O)Nc1ccc(NCc2ccc(F)cc2)nc1N,1,train,0.8554723881899261,0.998706745566264,0.0026129310447818,0.05084128598336,0.9725028837663644,372.18849908362034,7119.300420173492,7320.595690782388,4.933149521302062,0.0782936595108428
Domperidone,O=c1[nH]c2ccccc2n1CCCN1CCC(n2c(=O)[nH]c3cc(Cl)ccc32)CC1,0,train,0.7765808377177751,0.9966265825662948,0.0009395916505893,0.0820698173644128,0.990434932804601,1054.1121051717876,12721.235230956529,12844.0898130824,5.5901108444219565,0.1660571356102902
Zanamivir,CC(=O)N[C@@H]1[C@@H](N=C(N)N)C=C(C(=O)O)O[C@H]1[C@H](O)[C@H](O)CO,0,train,0.2079226039175805,0.8816147140266113,0.000333007275605,0.4719698041313411,0.6092940951002146,1829.6720214088264,2362.03322512607,3876.6717815270654,3.48421084911,0.1974357049088225
Bepridil,CC(C)COCC(CN(Cc1ccccc1)c1ccccc1)N1CCCC1,1,train,0.0784782193328624,0.7951531446188745,0.0003012521299378,0.606408671279291,0.8545949143600008,2836.809534048321,3997.8369631345504,4678.049091982367,3.962848717749264,0.5382857082051606
Oxaprozin,O=C(O)CCc1nc(-c2ccccc2)c(-c2ccccc2)o1,1,train,0.3235703093347278,0.9443771905727034,0.0005075529725327,0.3288642910472462,0.7261993837755042,1430.7854018697851,3159.465790110828,4350.686410231848,3.903949717814098,0.1308041331855828
Chlorprothixene,CN(C)CC/C=C1/c2ccccc2Sc2ccc(Cl)cc21,1,train,0.1769212107115216,0.8451836210583153,0.0002731144479345,0.534476048756868,0.5797123704164957,2122.598693699903,2302.2485722788265,3971.3635412416174,3.645634843921403,0.1923141246495346
Amitriptyline,CN(C)CCC=C1c2ccccc2CCc2ccccc21,1,train,0.2588189827101217,0.9261289486735312,0.000645716508622,0.3772070657196915,0.763461202573742,1182.3473496178497,2393.0525470854063,3134.478266895643,3.47760683243933,0.2755207401756768
Nortriptyline,CNCCC=C1c2ccccc2CCc2ccccc21,1,train,0.1787862241191004,0.8715958803085694,0.0004759068589859,0.4902250722159463,0.6479500786206583,1361.5060728507735,1799.5570135946753,2777.308118282094,3.3575615167746857,0.2568422756057516
Iloprost,CC#CCC(C)[C@H](O)/C=C/[C@@H]1[C@H]2C/C(=C/CCCC(=O)O)C[C@H]2C[C@H]1O,0,train,0.6405097445224082,0.9902335412004094,0.0006974457183311,0.139418556446755,0.9375551463090462,1344.2696996583395,9039.879676442646,9641.971154476316,5.2702885621434685,0.1451874731441741
Ketamine,CNC1(c2ccccc2Cl)CCCCC1=O,0,train,0.1805131598319307,0.8913617309137762,0.0012146407100052,0.4532926920460958,0.8507558882896026,700.4177295242417,1314.568970802174,1545.177634262446,2.7363902199904757,0.4898430085195887
Roxithromycin,CC[C@H]1OC(=O)[C@H](C)[C@@H](O[C@H]2C[C@@](C)(OC)[C@@H](O)[C@H](C)O2)[C@H](C)[C@@H](O[C@@H]2O[C@H](C)C[C@H](N(C)C)[C@H]2O)[C@](C)(O)C[C@@H](C)C(=NOCOCCOC)[C@H](C)[C@@H](O)[C@]1(C)O,1,train,0.1687573733854522,0.8733834859914401,6.034135517707279e-05,0.4870331471239303,0.6908969576559048,11449.80843781939,16242.503948954803,23509.30014811882,5.53030451931371,0.3188496384885383
Stavudine,Cc1cn([C@H]2C=C[C@@H](CO)O2)c(=O)[nH]c1=O,1,train,0.5500013012074224,0.9831683035469596,0.0024993803620041,0.1827021808862542,0.9038070823466414,361.6124604667618,1788.856056612312,1979.245451327658,3.0346715154247184,0.1956111805167581
Topotecan,CC[C@@]1(O)C(=O)OCc2c1cc1n(c2=O)Cc2cc3c(CN(C)C)c(O)ccc3nc2-1,1,train,0.6514078090468521,0.9909925394885872,0.0007127203215051,0.133917088819764,0.913352029429295,1281.5013152710835,8740.197665097488,9569.363600756184,4.821025441344856,0.1123680064207171
Trazodone,O=c1n(CCCN2CCN(c3cccc(Cl)c3)CC2)nc2ccccn12,1,train,0.7104959975583541,0.9940776772167856,0.0008846295724891,0.1086718531142262,0.9560653202906152,1080.7521588956763,9508.162687382235,9945.09735432307,5.254424671442395,0.1489334483209681
Granisetron,CN1[C@H]2CCC[C@@H]1C[C@H](NC(=O)c1nn(C)c3ccccc13)C2,1,train,0.5950537243275528,0.9869989048454278,0.0011776807568439,0.1607269791725271,0.9264361078949,786.6614976180904,4534.3452594961,4894.396085013669,4.043388039541697,0.1977230726631252
Allopurinol,Oc1ncnc2[nH]ncc12,1,train,0.2964526157728842,0.9267962782307309,0.003047275042967,0.3755644534000333,0.624435546599999,204.91604393937885,340.7054654560236,545.6215093953848,2.00213954169792,1.1471478743968984e-13
Lisinopril,NCCCC[C@H](N[C@@H](CCc1ccccc1)C(=O)O)C(=O)N1CCC[C@H]1C(=O)O,1,train,0.2769650551852458,0.932936444090243,0.0002767255678899,0.360041096665718,0.7804895401640685,2820.446069061694,6114.103850603896,7833.678141693784,4.547113937304606,0.2208961970240058
Enalapril,CCOC(=O)[C@H](CCc1ccccc1)N[C@@H](C)C(=O)N1CCC[C@H]1C(=O)O,1,train,0.3701319019444895,0.9575481908359796,0.0004214337855483,0.28827324230102,0.810485837068243,1923.1629377165875,5407.0100677822575,6671.319621501279,4.312377674229975,0.1982600252067197
Chlorthalidone,NS(=O)(=O)c1cc(C2(O)NC(=O)c3ccccc32)ccc1Cl,1,train,0.4337559061364361,0.9678042272521942,0.0009295655522188,0.2517041471902743,0.9535986297310046,1025.8540965236853,3886.519438272978,4075.6344620265495,3.642193149708201,0.3296963295817171
Apomorphine,CN1CCc2cccc3c2[C@H]1Cc1ccc(O)c(O)c1-3,0,train,0.3372182247279131,0.9478925259442053,0.0008648624811394,0.3185902686196084,0.7272678443149168,840.9057626789045,1919.5932253212509,2639.458406317276,3.1780296459783086,0.1246423294774868
Hesperidin,COc1ccc([C@@H]2CC(=O)c3c(O)cc(O[C@@H]4O[C@H](CO[C@@H]5O[C@@H](C)[C@H](O)[C@@H](O)[C@H]5O)[C@@H](O)[C@H](O)[C@H]4O)cc3O2)cc1O,0,train,0.3129039748323136,0.9431754667693728,0.0001743323890389,0.3322951081258584,0.9060611772123288,5197.319799304103,14171.40842748377,15640.6750271376,5.354407294377379,0.3194804140770688
Clofazimine,CC(C)N=c1cc2n(-c3ccc(Cl)cc3)c3ccccc3nc-2cc1Nc1ccc(Cl)cc1,1,train,0.4523142615526151,0.9715435301804036,0.0002818745542996,0.2368610752415829,0.806688591479575,2861.8709251140936,9746.804633146136,12082.48726471908,5.106677550726936,0.156088367744313
Glipizide,Cc1cnc(C(=O)NCCc2ccc(S(=O)(=O)NC(=O)NC3CCCCC3)cc2)cn1,1,train,0.5974582515071909,0.9872959902502536,0.0003737336562172,0.1588918740394595,0.8813942806400965,2358.348695595725,13082.072727878403,14842.475172833872,5.82958879592112,0.0824655024036599
Carbamazepine,NC(=O)N1c2ccccc2C=Cc2ccccc21,1,train,0.1825323340621231,0.8896133241628357,0.0009518818818407,0.4567144988632936,0.747651477146592,785.4456434245687,1285.791445172644,1719.7738310902032,2.832399786535455,0.3457291714593472
Drotaverine,CCOc1ccc(/C=C2\NCCc3cc(OCC)c(OCC)cc32)cc1OCC,1,train,0.5507821584108933,0.9828423441859192,0.0005579997979399,0.1844476252900185,0.9536254214613998,1709.0067505078796,8835.853973022924,9265.539460433289,4.991773439905726,0.2641868409445345
Atorvastatin,CC(C)c1c(C(=O)Nc2ccccc2)c(-c2ccccc2)c(-c2ccc(F)cc2)n1CC[C@@H](O)C[C@@H](O)CC(=O)O,0,train,0.2629148910318538,0.9287944575228242,0.0001741994333827,0.3705952720622359,0.8136532229269539,4670.814405804731,10254.915487260829,12603.545587112449,4.963779618399964,0.3578500706454733
Lactulose,OC[C@H]1O[C@](O)(CO)[C@@H](O)[C@@H]1O[C@@H]1O[C@H](CO)[C@H](O)[C@H](O)[C@H]1O,0,train,0.3628754610493158,0.955685592403836,0.0006100710198152,0.2943892804973183,0.7864906261073731,1289.1788014213816,3444.1710682583484,4379.163532189567,3.6484008292175583,0.1854426194223165
Noscapine,COc1ccc2c(c1OC)C(=O)O[C@@H]2[C@H]1c2c(cc3c(c2OC)OCO3)CCN1C,1,train,0.1150909991734487,0.8396720893748175,0.0003342382226567,0.5430937141276158,0.7931121432710742,2372.894808280544,3465.2798185580955,4369.217957332061,3.5135288067783605,0.3966588808524974
Ofloxacin,CC1COc2c(N3CCN(C)CC3)c(F)cc3c(=O)c(C(=O)O)cn1c23,1,train,0.5162199602820144,0.9797774833542447,0.0007778359677116,0.2000901874456176,0.8489364905664321,1091.4081192001922,4630.592785772386,5454.580922399433,3.9324359040121326,0.1617470358547061
Metronidazole,Cc1ncc([N+](=O)[O-])n1CCO,1,train,0.1611486009058176,0.8638261696495986,0.001622917423901,0.5037899846448943,0.6729864404011779,414.676945659697,553.9450367848444,823.1147071174703,2.287842015835311,0.3096878226911649
Tinidazole,CCS(=O)(=O)CCn1c([N+](=O)[O-])cnc1C,1,train,0.1077797833017624,0.8334392433523385,0.0010531609517684,0.5526110998163912,0.8495588450125408,806.6752224206386,1240.1453218866102,1459.7521162507628,2.6627809419980237,0.6709668660252766
Cimetidine,CN/C(=N/C#N)NCCSCc1nc[nH]c1C,1,train,0.2928478255048533,0.9364836349451336,0.0011117157749232,0.3507112793737177,0.9288344681252992,835.4963463475246,2212.7540518974533,2382.291062436062,3.2802541682819,0.4141230343292578
Simvastatin,CCC(C)(C)C(=O)O[C@H]1C[C@@H](C)C=C2C=C[C@H](C)[C@H](CC[C@@H]3C[C@@H](O)CC(=O)O3)[C@H]21,0,train,0.3809758393068371,0.9596521932875004,0.0004155101049891,0.2811897365098698,0.8804282205693068,2118.9092876390414,6634.479468628607,7535.514325447891,4.411078612065712,0.2853413685880271
Lovastatin,CC[C@H](C)C(=O)O[C@H]1C[C@@H](C)C=C2C=C[C@H](C)[C@H](CC[C@@H]3C[C@@H](O)CC(=O)O3)[C@H]21,0,train,0.1681142203592976,0.8817630479339875,0.0002880398853036,0.4716926195078362,0.764395585355617,2653.783813827947,4300.556226414679,5626.087210346652,3.9431945513024673,0.3931648660600767
Doxapram,CCN1CC(CCN2CCOCC2)C(c2ccccc2)(c2ccccc2)C1=O,1,train,0.1449672974360413,0.8661856054786824,0.0003772327454552,0.499722419810767,0.8863465334244761,2349.6012583815327,4167.435455637301,4701.812776923779,3.8496127318753808,0.52577664374194
Galantamine,COc1ccc2c3c1O[C@H]1C[C@@H](O)C=C[C@@]31CCN(C)C2,1,train,0.1738507240962535,0.846377673256681,0.0003983219095147,0.5325831711691676,0.5883711002692803,1477.1246226101778,1631.852988392566,2773.5097587997006,3.1992862687205963,0.2278307220512397
Ambroxol,Nc1c(Br)cc(Br)cc1CN[C@H]1CC[C@H](O)CC1,1,train,0.4257852747303252,0.9671599077185128,0.0004848107743198,0.2541686701816686,0.7809767109523922,1610.8897580671492,4949.734300702621,6337.876957517052,4.129968033319841,0.2024695812340813
Penbutolol,CC(C)(C)NC[C@H](O)COc1ccccc1C1CCCC1,1,train,0.4384288421800399,0.969766053460942,0.0008346441004236,0.2440364758694676,0.8448019578632027,1012.1702860349692,3503.916520211816,4147.618844390982,3.855369371621995,0.1847234369907227
Ribavirin,NC(=O)c1ncn([C@@H]2O[C@H](CO)[C@@H](O)[C@H]2O)n1,1,train,0.4444443522751659,0.9706655544525064,0.0016323650668314,0.2404337359843838,0.8600542272426308,526.8761533301299,1884.6858617808373,2191.357012247028,3.0698885953044277,0.1865797156370131
Oxcarbazepine,NC(=O)N1c2ccccc2CC(=O)c2ccccc21,1,train,0.1297219098535641,0.8451732305485632,0.0007298771582537,0.5344924792399846,0.7196663668092013,986.0102603170048,1327.6116114635308,1844.7598396876435,2.8708585329563405,0.4193857456672281
Fluorouracil,O=c1[nH]cc(F)c(=O)[nH]1,1,train,0.3639250957184736,0.9523112950383908,0.0044303995883906,0.3051281654359411,0.6948718345662508,156.84179738258288,357.17760544391285,514.0194028253691,1.987869319571664,2.702179899541817e-12
Xamoterol,O=C(NCCNCC(O)COc1ccc(O)cc1)N1CCOCC1,0,train,0.8329617842257798,0.998246709269192,0.0014863861094842,0.059190433629341,0.9559901581354816,643.1640823575565,10387.80247244672,10866.01403167853,5.679712048325567,0.0483405452628147
Propylthiouracil,CCCc1cc(=O)[nH]c(=S)[nH]1,1,train,0.4150558915277603,0.9644177937796112,0.0021966685133463,0.2643829023240103,0.7430105444824187,338.2442730744792,950.5874218640984,1279.3727207818804,2.746457087372063,0.0800274310826353
Pravastatin,CC[C@H](C)C(=O)O[C@H]1C[C@H](O)C=C2C=C[C@H](C)[C@H](CC[C@@H](O)C[C@@H](O)CC(=O)O)[C@H]21,0,train,0.4318712034270812,0.9686422926176468,0.0003767498160657,0.2484594714484209,0.881911320060388,2340.8407448470184,8308.855924487221,9421.41883825494,4.861995118486332,0.2648556145128518
Methotrexate,CN(Cc1cnc2nc(N)nc(N)c2n1)c1ccc(C(=O)N[C@@H](CCC(=O)O)C(=O)O)cc1,1,train,0.6038182637188706,0.9877758481583632,0.0004193180563219,0.1558809603352063,0.8951634784658583,2134.807850436405,12259.36777104437,13695.116105557188,5.559218911349872,0.1282789853657533
Milrinone,Cc1[nH]c(=O)c(C#N)cc1-c1ccncc1,1,train,0.4343558999494976,0.9691426143846829,0.0017913369584218,0.2465006957061623,0.8437267331218911,471.0039220455754,1612.1601575876464,1910.761025222537,3.074774913732751,0.3061103012375391
Amrinone,Nc1cc(-c2ccncc2)c[nH]c1=O,1,train,0.5903015405864483,0.9866028581679496,0.0036485358615377,0.1631404310857143,0.9288337827467268,254.57712846907327,1449.4251097846634,1560.4784588028822,2.952818903662692,0.2646829294213465
Vinpocetine,CCOC(=O)C1=C[C@]2(CC)CCCN3CCc4c(n1c1ccccc41)[C@@H]32,0,train,0.1861378781267178,0.873847327763493,0.0003218286163669,0.4862004193340462,0.63571857904967,1975.332666889973,2582.7943091157977,4062.795070386009,3.50704544566738,0.2227025597400212
Ceftazidime,CC(C)(O/N=C(\C(=O)N[C@@H]1C(=O)N2C(C(=O)[O-])=C(C[n+]3ccccc3)CS[C@H]12)c1csc(N)n1)C(=O)O,0,train,0.40251900383765,0.9635431123986202,0.0002903346692563,0.2675531172481085,0.8951396998296133,3083.1305889931696,10315.082920179862,11523.433629570114,4.774673996879916,0.2246974872643086
Acipimox,Cc1cnc(C(=O)O)c[n+]1[O-],1,train,0.4860826221538323,0.9756860295070574,0.0040419756764641,0.2191729267604766,0.784451357105987,194.0762191305957,694.6266390162962,885.4935780580788,2.3991052915990028,0.0375334619364184
Phencyclidine,c1ccc(C2(N3CCCCC3)CCCCC2)cc1,1,train,0.1465304434777439,0.8606845799871944,0.0007408998150196,0.5091385408435184,0.7194599135431538,971.0623473756352,1372.201034575795,1907.265448352863,2.954959624769842,0.4302055346140854
Ziprasidone,O=C1Cc2cc(CCN3CCN(c4nsc5ccccc45)CC3)c(Cl)cc2N1,1,train,0.6391768817466105,0.9901106886953392,0.0006415564885084,0.1402883606406503,0.9451034890512642,1473.141501925278,9924.352718769824,10500.810581846776,5.14924574198395,0.1459716106324808
Bromfenac,Nc1c(CC(=O)O)cccc1C(=O)c1ccc(Br)cc1,1,train,0.7556854701544282,0.9959659159057992,0.0017478986268796,0.0897323484253169,0.959243392018279,548.798069445667,5866.679418362558,6115.94457379464,4.330141628769852,0.1772368577485173
Ketoprofen,CC(C(=O)O)c1cccc(C(=O)c2ccccc2)c1,1,train,0.4925492745129453,0.9757533480444194,0.0015454710639825,0.2188730311849913,0.9821705818211046,635.5153484984136,2851.8108248035755,2903.5799662374866,3.5449152000528525,0.2865899839504371
Tolcapone,Cc1ccc(C(=O)c2cc(O)c(O)c([N+](=O)[O-])c2)cc1,1,train,0.5340893564214828,0.9816681104937384,0.0013054914184098,0.1905983232865741,0.8830282097295105,676.395261797336,3133.6901961954336,3548.799643847558,3.6695743889549983,0.1539006587342135
Nevirapine,Cc1ccnc2c1NC(=O)c1cccnc1N2C1CC1,1,train,0.1797892957771895,0.8813819658685952,0.0006595455827795,0.4724043080260916,0.692564519911409,1050.0631616584474,1539.436616209843,2222.806066367309,3.005887813882826,0.2313704541024026
Sparfloxacin,C[C@H]1CN(c2c(F)c(N)c3c(=O)c(C(=O)O)cn(C4CC4)c3c2F)C[C@@H](C)N1,1,train,0.4478321138180748,0.9711087867153364,0.0005581403231426,0.2386372233417644,0.8310786852986576,1489.0138748965037,5185.644034116913,6239.65471121834,4.0565126084079735,0.1847466468343567
Gatifloxacin,COc1c(N2CCNC(C)C2)c(F)cc2c(=O)c(C(=O)O)cn(C3CC3)c12,1,train,0.4255988317656227,0.967591798341152,0.000566284284972,0.252519527527943,0.812647292483219,1435.0518176985456,4618.220957572472,5682.934035823219,3.95368208626892,0.1618453530006935
Ciprofloxacin,O=C(O)c1cn(C2CC2)c2cc(N3CCNCC3)c(F)cc2c1=O,1,train,0.4699616586025636,0.9738980807103366,0.0007252057262178,0.2269857449020157,0.8021571615332416,1106.109801030827,3908.941060250287,4873.036416927009,3.8627769061921966,0.0909822280991056
Etodolac,CCc1cccc2c3c([nH]c12)C(CC)(CC(=O)O)OCC3,1,train,0.1699263043762841,0.8821346477366881,0.00061941552354,0.4709973070649864,0.7534451325293918,1216.3807717045952,1945.8204070298875,2582.564174908889,3.161613283514756,0.4102828092556456
Chloroxine,Oc1c(Cl)cc(Cl)c2cccnc12,1,train,0.2728144519974161,0.9108242346680672,0.0009262939197223,0.41279439620873,0.587205603792022,633.9301071608381,901.7741392717304,1535.7042464314136,2.6785216560394147,9.428330580779592e-13
Hydroxychloroquine,CCN(CCO)CCCC(C)Nc1ccnc2cc(Cl)ccc12,1,train,0.6990243536249694,0.9935855399437196,0.0010451686229145,0.1130830438869912,0.9308154502450424,890.5887814057911,7330.663988633386,7875.528910380191,4.895117302205872,0.135301350108489
Chloroquine,CCN(CC)CCCC(C)Nc1ccnc2cc(Cl)ccc12,1,train,0.7321781205698604,0.9950643493354144,0.0013457295385268,0.0992317523864635,0.9462793160656996,703.1719888541508,6705.485821695836,7086.1591370029255,4.759899969899342,0.1457759383920508
Primaquine,COc1cc(NC(C)CCCN)c2ncccc2c1,1,train,0.4029753704518463,0.9631512026904268,0.0008118622992774,0.2689605189539617,0.772554542515081,951.5832219363712,2733.30057343441,3538.0033680677675,3.731597378939082,0.1165069268818988
Dixyrazine,CC(CN1CCN(CCOCCO)CC1)CN1c2ccccc2Sc2ccccc21,0,train,0.5818546032017322,0.98597050158958,0.0005628100043166,0.1669196513152115,0.9160308783638448,1627.6023370906753,8932.045967773642,9750.81318626233,4.873252790749315,0.1672571685407548
Perphenazine,OCCN1CCN(CCCN2c3ccccc3Sc3ccc(Cl)cc32)CC1,1,train,0.4451726269771583,0.9702467628063208,0.0003664106419199,0.2421181927568747,0.7878012547731879,2150.050147684389,6995.807233171846,8880.167670189832,4.7234094310779335,0.1104568326591652
Fluphenazine,OCCN1CCN(CCCN2c3ccccc3Sc3ccc(C(F)(F)F)cc32)CC1,0,train,0.3312542294200924,0.9458426967880442,0.0002422099150783,0.3246253116020372,0.7165752144671742,2958.4883601297192,6530.54261448813,9113.54800255555,4.610703193343482,0.1155885353451969
Prochlorperazine,CN1CCN(CCCN2c3ccccc3Sc3ccc(Cl)cc32)CC1,0,train,0.3464722208999846,0.9501003557442116,0.0003289155139759,0.3119444085325504,0.7270642957502375,2210.489517388648,5152.097490010809,7086.164896454588,4.39533173057563,0.1323656853845904
Scopolamine,CN1[C@H]2C[C@H](OC(=O)[C@H](CO)c3ccccc3)C[C@@H]1[C@H]1O[C@@H]21,1,train,0.3317126884875978,0.948279521421961,0.0008527661696399,0.3174365279102842,0.9010653435028708,1056.638238690132,2999.3400689308214,3328.6598919352014,3.488766369239865,0.3393789095109147
Distigmine,CN(CCCCCCN(C)C(=O)Oc1ccc[n+](C)c1)C(=O)Oc1ccc[n+](C)c1,0,train,0.7917604100005875,0.9971132823965932,0.0008220779011478,0.0759282692301862,0.9906033882563964,1204.999412918467,15721.10774269355,15870.234171483047,6.2744942908609085,0.1483483928172853
Phenobarbital,CCC1(c2ccccc2)C(=O)NC(=O)NC1=O,1,train,0.1130967886792203,0.8315968347857713,0.0012457631878519,0.555379783908531,0.9476022246790116,760.6599985611856,1297.8562197352628,1369.6213304848409,2.716730417324308,0.5781187804743092
Saccharin,O=C1NS(=O)(=O)c2ccccc21,1,train,0.2017550993817427,0.8909647194020309,0.0017154552632323,0.4540725369154804,0.6676312613762273,389.1860520560802,572.2274608574254,857.1010585661604,2.2278958486760434,0.0906530899451622
Indobufen,CCC(C(=O)O)c1ccc(N2Cc3ccccc3C2=O)cc1,1,train,0.7157966153416974,0.9942755895255052,0.0017949595671911,0.1068459267998046,0.9703311040251646,540.586608055787,4909.386964267033,5059.496643879317,4.218089100218964,0.1327385457000869
Telithromycin,CC[C@H]1OC(=O)[C@H](C)C(=O)[C@H](C)[C@@H](O[C@@H]2O[C@H](C)C[C@H](N(C)C)[C@H]2O)[C@](C)(OC)C[C@@H](C)C(=O)[C@H](C)[C@H]2N(CCCCn3cnc(-c4cccnc4)c3)C(=O)O[C@]12C,1,train,0.5627582062498265,0.9843938340140772,0.000138923613995,0.1759794861768423,0.8914061935862665,6416.520330503164,32502.23130061277,36461.75170698692,6.812894919125202,0.1471948543135035
Medifoxamine,CN(C)CC(Oc1ccccc1)Oc1ccccc1,1,train,0.2070186769091342,0.895439701195173,0.0005425867175922,0.4451828180910614,0.6765493594059563,1246.8962793784892,1894.9223662235609,2800.86344015963,3.398040176420721,0.2431150153484703
Pyridostigmine,CN(C)C(=O)Oc1ccc[n+](C)c1,0,train,0.526573772724316,0.980894898995358,0.0031239797442779,0.1945384206908417,0.8558084547167526,273.94814460122103,1205.145685212862,1408.195582283339,2.822494404416471,0.1070954138295876
Itraconazole,CCC(C)n1ncn(-c2ccc(N3CCN(c4ccc(OC[C@H]5CO[C@](Cn6cncn6)(c6ccc(Cl)cc6Cl)O5)cc4)CC3)cc2)c1=O,1,train,0.7944531333843365,0.9972175901702924,0.0002952738235263,0.0745458104453548,0.980312906078956,3320.0129099543333,43659.75075638593,44536.5459188084,8.052681121901983,0.1061164075584312
Pindolol,CC(C)NCC(O)COc1cccc2[nH]ccc12,1,train,0.5563041840083852,0.9836656377599496,0.0016222867248531,0.1800053140613123,0.9217669967438632,568.1899399301946,2909.573738090524,3156.517588901075,3.654860839178802,0.1698239896264689
Melatonin,COc1ccc2[nH]cc(CCNC(C)=O)c2c1,0,train,0.52812004466423,0.9808915443515464,0.0014092818717691,0.194555334595683,0.8239234209750662,584.6406155361713,2475.897651403793,3005.0094321553693,3.6133605618295017,0.0645721191511141
Mepindolol,Cc1cc2c(OCC(O)CNC(C)C)cccc2[nH]1,1,train,0.3216301584341804,0.9454023844793632,0.0007870768073753,0.3259054025645088,0.7626455217378412,968.9594644276308,2267.44506374042,2973.131027601906,3.440103775866195,0.1565327648479675
Sumatriptan,CNS(=O)(=O)Cc1ccc2[nH]cc(CCN(C)C)c2c1,0,train,0.3842258922729191,0.9603189184262192,0.0007534443642495,0.2789042396821827,0.8088003932533288,1073.4706258755537,3112.9805174112944,3848.886008684544,3.6878727553319104,0.2112668442790988
Pimozide,O=c1[nH]c2ccccc2n1C1CCN(CCCC(c2ccc(F)cc2)c2ccc(F)cc2)CC1,1,train,0.5466733884587035,0.9829133273539712,0.0003333238978795,0.184068984106354,0.8643591244440934,2593.150775994871,12177.029960655247,14087.928982628397,5.591222071143626,0.1578891036196228
Metopimazine,CS(=O)(=O)c1ccc2c(c1)N(CCCN1CCC(C(N)=O)CC1)c1ccccc1S2,0,train,0.4327424354982261,0.9687708310989012,0.0004414000033793,0.2479578125648473,0.8830228156728755,2000.5047777808463,7124.160934356931,8067.923962902614,4.392160350746181,0.2684361811897556
Pipotiazine,CN(C)S(=O)(=O)c1ccc2c(c1)N(CCCN1CCC(CCO)CC1)c1ccccc1S2,1,train,0.2523020971675228,0.9177569045680208,0.0001668095126311,0.3971426244030285,0.6826354288273584,4092.3051573019393,7034.129086864937,10304.371542725628,4.746208431824069,0.1725938724805358
Fenoterol,CC(Cc1ccc(O)cc1)NCC(O)c1cc(O)cc(O)c1,0,train,0.5870135605519932,0.9863183686109508,0.0009700885329179,0.1648516780036912,0.9312385868174428,959.9521643826952,5422.720034139234,5823.1264370945655,4.485288435150602,0.1977806919483104
Ritodrine,C[C@H](NCCc1ccc(O)cc1)[C@H](O)c1ccc(O)cc1,1,train,0.6098245962063903,0.9882061916275928,0.0011133721596607,0.153129105100531,0.9058561366169096,813.6148625208192,4813.049848187556,5313.2607415596885,4.362945436057714,0.1359507427751436
Benperidol,O=C(CCCN1CCC(n2c(O)nc3ccccc32)CC1)c1ccc(F)cc1,1,train,0.8370598000809215,0.9983223947863408,0.0015143087922157,0.0578998796895582,0.9794712854844811,646.8108027368204,10941.863986914906,11171.19424435467,5.461984993816653,0.1071873394285806
Trimazosin,COc1cc2c(N)nc(N3CCN(C(=O)OCC(C)(C)O)CC3)nc2c(OC)c1OC,1,train,0.6538219301974354,0.9910425020638096,0.0006471774107921,0.1335468423554213,0.9459630208856412,1461.6749674988853,10353.5991074074,10945.03577710049,5.111983948330994,0.1678717256893238
Fluvastatin,CC(C)n1c(/C=C/[C@H](O)C[C@H](O)CC(=O)O)c(-c2ccc(F)cc2)c2ccccc21,1,train,0.2367432603493142,0.914444380931756,0.0002401055707787,0.40471159383237,0.7150165481231031,2977.9256924530805,5261.193851705758,7358.142780773722,4.353499700385357,0.2469778889401902
Indinavir,CC(C)(C)NC(=O)[C@@H]1CN(Cc2cccnc2)CCN1C[C@@H](O)C[C@@H](Cc1ccccc1)C(=O)N[C@H]1c2ccccc2C[C@H]1O,0,train,0.2727749998797537,0.9265428077862644,0.0001003169568452,0.3761893477220549,0.6926490299512577,6904.605679171629,12712.9288876294,18354.070153716984,5.561602868586675,0.1518487164478504
Minoxidil,Nc1cc(N2CCCCC2)nc(N)[n+]1[O-],1,val,0.4961939591735194,0.977476365709486,0.0021842835221002,0.2110449110482772,0.8393079063125026,384.2486095877648,1528.1244850430123,1820.695925237764,2.986635104453148,0.1531425315336645
Nalbuphine,Oc1ccc2c3c1O[C@H]1[C@@H](O)CC[C@@]4(O)[C@@H](C2)N(CC2CCC2)CC[C@]314,0,val,0.3552582980875032,0.954393129654908,0.0007200421016843,0.2985527659686146,0.8685659578407031,1206.2710719400557,3509.349463288136,4040.394896448104,3.499698332757464,0.3263344063393564
Mercaptopurine,S=c1nc[nH]c2nc[nH]c12,0,val,0.2919891975678013,0.9242889046681204,0.0023724816618294,0.381693621517843,0.6183063784841911,260.6158725827242,422.1722535245163,682.7881261058516,2.1181725535151283,6.073272875049333e-12
Dimercaprol,OCC(S)CS,0,val,0.2609206903678784,0.918126268978914,0.0032936426725921,0.3962879687939805,0.6570975173594281,199.50479838855333,330.80516706416574,503.43390185602766,2.0397560625650257,0.3690882174010578
Ethambutol,CC[C@@H](CO)NCCN[C@@H](CC)CO,1,val,0.7112787851322486,0.9941480214042496,0.00294103851669,0.1080264390694025,0.9432554870729416,320.72190884957564,2800.4505466713736,2968.9204940239224,3.8605386032490814,0.1422890610477681
Metformin,CN(C)C(=N)NC(=N)N,1,val,0.4342608716402745,0.9690883931427456,0.0057568143368439,0.2467137739892351,0.87032539516902,151.18177246031357,533.3197807780947,612.7820511023033,2.2409216910105085,0.2625809805861419
Homocysteine,N[C@@H](CCS)C(=O)O,1,val,0.3195477966720665,0.9459916649997576,0.0044600622805823,0.3241909464358721,0.8373463937875959,187.74320650927567,484.9182207491372,579.1130461023316,2.1516864064070287,0.4818725183606591
Busulfan,CS(=O)(=O)OCCCCOS(C)(=O)=O,1,val,0.5505060844878635,0.9831292552943164,0.0019194264273339,0.1829121848987723,0.9193822508813028,478.98801318388,2407.5655645897564,2618.677445950157,3.342991565014896,0.2257009015044588
Penicillamine,CC(C)(S)[C@@H](N)C(=O)O,1,val,0.2286679858422917,0.913132524329314,0.0038381611745918,0.4076628423243585,0.9191248634872816,239.47010604238645,539.9141292116283,587.4219604539065,2.140090947327996,0.7194019664072789
Ethanol,CCO,1,val,0.4291888679560864,0.9682817954694262,0.0574536747566304,0.2498606903106294,0.8722137446457461,15.181165492727494,52.99441535215887,60.7585189725287,1.1829448714364277,0.4814783012301125
Mannitol,OC[C@@H](O)[C@@H](O)[C@H](O)[C@H](O)CO,0,val,0.3400873284042102,0.9507576380292442,0.0025967769907457,0.3099353379804447,0.8795814994637878,338.7204610170242,961.2722864767928,1092.8746080525857,2.56273382719833,0.3502258934132114
Eflornithine,NCCCC(N)(C(=O)O)C(F)F,1,val,0.2604140409392169,0.9254568305719344,0.0024602817550923,0.3788530780497233,0.9289458363258216,377.57701304050886,925.8169313600944,996.6317681361244,2.5125396184744884,0.4495186890165367
Tiopronin,CC(S)C(=O)NCC(=O)O,1,val,0.6210893412960129,0.9889065688856024,0.0052661569025283,0.1485388771160771,0.9375080081624008,178.02508081601,1123.611152576186,1198.508325042006,2.767643489246149,0.2143245930238379
Hydroxyurea,NC(=O)NO,1,val,0.3873710459688195,0.9586492646630774,0.0157560771648948,0.2845902095310747,0.7232411992357162,45.90236463471528,116.65363085001567,161.29284528216755,1.4591243001894831,0.049462014203293
Vigabatrin,C=CC(N)CCC(=O)O,1,val,0.6255824068792915,0.9893368653292024,0.0072506257810622,0.1456453463059766,0.8982114031636566,123.880535320092,763.985340257718,850.5629493979134,2.5941860668436023,0.1837455637649158
Acetylcysteine,CC(=O)N[C@@H](CS)C(=O)O,0,val,0.1465546976659148,0.8429652155377333,0.0013923618562351,0.5379680709795173,0.6471710007969979,464.8008690405262,559.1514809430478,863.9934117172229,2.405040215726189,0.3202980302216447
Ibandronate,CCCCCN(C)CCC(O)(P(=O)(O)O)P(=O)(O)O,0,val,0.4638786116759426,0.9734051748223512,0.0009329756729485,0.2290903001636434,0.8699863209199027,932.485536488275,3541.1785685424707,4070.384192705597,3.658173676556537,0.1723874074997844
Acamprosate,CC(=O)NCCCS(=O)(=O)O,0,val,0.6718556243409417,0.9919470993627604,0.0054831825426846,0.1266528802112543,0.9780104136748842,178.3654667816391,1377.333730282777,1408.3017021336525,2.859759376302141,0.227490965178484
Foscarnet,O=C(O)P(=O)(O)O,0,val,0.1669003927448264,0.8826118810164811,0.0057887830402221,0.4701024010665644,0.8655232057392604,149.51729918453552,275.28192115179456,318.0526175686657,1.716895796145998,0.3081502576496384
Treosulfan,CS(=O)(=O)OC[C@H](O)[C@@H](O)COS(C)(=O)=O,1,val,0.3967732022200294,0.9626782018038073,0.0012250573493047,0.270648627877158,0.8794610522137828,717.893780820078,2332.764901894562,2652.4937017080147,3.200978564419814,0.2603032776163451
Mibefradil,COCC(=O)O[C@]1(CCN(C)CCCc2nc3ccccc3[nH]2)CCc2cc(F)ccc2[C@@H]1C(C)C,1,val,0.4683641103453298,0.9735127900110944,0.0003032926548722,0.2286325604213333,0.9275455439679544,3058.252579043192,12407.106611553882,13376.27752323344,5.394015837240112,0.3133866809273179
Diphenhydramine,CN(C)CCOC(c1ccccc1)c1ccccc1,1,val,0.1899873489113419,0.8837833410681886,0.0005479144514167,0.4678963625102783,0.6680501029540526,1219.259870271061,1740.8271299489627,2605.8331886353944,3.3012332013386096,0.2811317944662523
Mitotane,Clc1ccc(C(c2ccccc2Cl)C(Cl)Cl)cc1,1,val,0.136333162236409,0.8599958671973938,0.000509004490154,0.5103009978467637,0.7992131726204081,1570.1495528625342,2459.105921655684,3076.9086470295874,3.331934206770063,0.4595174129023444
Orphenadrine,Cc1ccccc1C(OCCN(C)C)c1ccccc1,1,val,0.2303821506955679,0.914501563093984,0.0005888119924083,0.4045823662725054,0.755391670813397,1282.9080938445572,2395.3048113237264,3170.944165620055,3.565450752296112,0.3125287162829775
Methadone,CCC(=O)C(CC(C)N(C)C)(c1ccccc1)c1ccccc1,1,val,0.0254829920362813,0.6104778578714599,0.0003934635636766,0.7920333231933324,0.7950178776976122,2020.5628960116408,2028.176818198852,2551.108440570535,3.2655371238184303,0.7163338745990433
Emepronium,CC[N+](C)(C)C(C)CC(c1ccccc1)c1ccccc1,0,val,0.2007683010066649,0.9019299036095172,0.000592954812803,0.4318824480977743,0.7869984800433835,1327.2486588363838,2418.5809859709284,3073.171101725131,3.474351971524748,0.4332923545375756
Terodiline,CC(CC(c1ccccc1)c1ccccc1)NC(C)(C)C,1,val,0.3045511658338884,0.9418130590951626,0.0007546430782243,0.3361371174354477,0.8099205115600749,1073.249771886622,2585.989345389916,3192.8927696975643,3.48901336611339,0.3112741772446657
Bifemelane,CNCCCCOc1ccccc1Cc1ccccc1,0,val,0.2822176877646077,0.932970988662812,0.0005827642509254,0.3599515721781682,0.7384176588901827,1267.094983464724,2599.3644245520672,3520.181828342006,3.7027072995626353,0.2041154550509542
Dihydroergotamine,CN1C[C@H](C(=O)N[C@]2(C)O[C@@]3(O)[C@@H]4CCCN4C(=O)[C@H](Cc4ccccc4)N3C2=O)C[C@@H]2c3cccc4[nH]cc(c34)C[C@H]21,0,val,0.2410627476702707,0.9191889083708652,0.0002242060518712,0.3938169000030053,0.901931660170996,4022.780173164223,9213.09573067404,10214.849015198492,4.482005487620798,0.428556921025954
Uridine,O=c1ccn([C@@H]2O[C@H](CO)[C@@H](O)[C@H]2O)c(=O)[nH]1,0,val,0.4024541097687495,0.9638129210189388,0.0014552270583119,0.2665795439956724,0.8257470785302535,567.4352148785129,1757.6666383251263,2128.5774833785613,3.01973600434402,0.1972178208091029
Zidovudine,Cc1cn([C@H]2C[C@H](N=[N+]=[N-])[C@@H](CO)O2)c(=O)[nH]c1=O,1,val,0.5432923562177939,0.9816252868003956,0.0018242566254477,0.1908187525219699,0.9857963445761444,540.3824937920588,2791.691487406718,2831.915032721125,3.3959488159192466,0.3128372164294145
Nitrofurantoin,O=C1CN(/N=C/c2ccc([N+](=O)[O-])o2)C(=O)N1,1,val,0.6775683471353684,0.992477932184455,0.0022855835529287,0.1224236665308969,0.8804830047435641,385.233348225356,2770.6359855451733,3146.722844868659,3.6375678787210193,0.0198770858026264
Probucol,CC(C)(Sc1cc(C(C)(C)C)c(O)c(C(C)(C)C)c1)Sc1cc(C(C)(C)C)c(O)c(C(C)(C)C)c1,0,val,0.2353852687177086,0.918084298800272,0.0002341732072181,0.3963851918228185,0.862610548300888,3683.6432252356526,8016.317379701007,9293.089906552856,4.5064813314563805,0.3271996248914307
Nedocromil,CCCc1c2oc(C(=O)O)cc(=O)c2cc2c(=O)cc(C(=O)O)n(CC)c12,0,val,0.3877537764130743,0.9604752912924612,0.0005039873119413,0.2783652543272265,0.7773439501552108,1542.3879366346537,4307.168055988435,5540.878082512163,3.916213401140301,0.1749835461619976
Bosentan,COc1ccccc1Oc1c(NS(=O)(=O)c2ccc(C(C)(C)C)cc2)nc(-c2ncccn2)nc1OCCO,1,val,0.1798745595874406,0.8911460837372719,0.000196314821574,0.4537164945643074,0.8381203081012155,4269.266586094336,7886.332256753473,9409.54679241716,4.42119051502502,0.3088944460984255
Riluzole,Nc1nc2ccc(OC(F)(F)F)cc2s1,1,val,0.6949051064374749,0.9933895900535632,0.0034653508647401,0.1147916476631175,0.9251278572518644,266.9651337949689,2151.523104829955,2325.6494634386595,3.182499510744715,0.0360773078993038
Mebendazole,COC(=O)Nc1nc2ccc(C(=O)c3ccccc3)cc2[nH]1,1,val,0.7670157419553213,0.9963711592356326,0.0020461625790435,0.085114705212682,0.9598020945010276,469.07420961128827,5289.549058959158,5511.083054792703,4.368285840421075,0.0917681065743234
Eletriptan,CN1CCC[C@@H]1Cc1c[nH]c2ccc(CCS(=O)(=O)c3ccccc3)cc12,1,val,0.3688271748257227,0.9574309727484,0.0004356414736064,0.2886623155558279,0.8454636271231457,1940.732639902261,5684.2156685696855,6723.193625622114,4.330625727793072,0.2462150466042702
Methysergide,CCC(CO)NC(=O)[C@@H]1C=C2c3cccc4c3c(cn4C)C[C@H]2N(C)C1,0,val,0.4832797759083506,0.975826383561008,0.0006283116871565,0.2185471783076698,0.8247587112857844,1312.658554893726,4953.74310698394,6006.29376713238,4.1665937473903245,0.09690951131515
Lisuride,CCN(CC)C(=O)N[C@H]1C=C2c3cccc4[nH]cc(c34)C[C@H]2N(C)C1,0,val,0.5232191501449482,0.9799640724412974,0.0009387016976394,0.1991743375143184,0.9528384499418175,1015.0598985150604,4855.987535189662,5096.338771264089,4.025187390150784,0.280135139133824
Quinapril,CCOC(=O)[C@H](CCc1ccccc1)N[C@@H](C)C(=O)N1Cc2ccccc2C[C@H]1C(=O)O,1,val,0.2876742974997621,0.9358307375151438,0.0002758693310868,0.3524497563084163,0.7643602482577561,2770.7329598635206,6008.907922762138,7861.355867810417,4.355900859421666,0.2200920002171578
Propafenone,CCCNCC(O)COc1ccccc1C(=O)CCc1ccccc1,0,val,0.2125255483010583,0.905435613839518,0.0002978606847664,0.4244836265288162,0.7415306165807194,2489.521627072668,4348.946323819891,5864.823685734474,4.312994873722301,0.2332553775180263
Nystatin,C[C@@H]1OC(=O)CC(O)CC(O)CC(O)CCC(O)C(O)C[C@]2(O)CC(O)C(C(=O)O)C(CC(O[C@H]3O[C@H](C)[C@@H](O)[C@H](N)[C@@H]3O)/C=C/C=C/C=C/C=C/CC/C=C/C=C/[C@H](C)[C@@H](O)[C@H]1C)O2,0,val,0.3045396201269646,0.9418591082027312,5.691975991631787e-05,0.3360080658191937,0.8152426436474475,14322.66483284537,34750.49658090141,42625.95541546438,7.036180877032836,0.2203468783304872
Moricizine,CCOC(=O)Nc1ccc2c(c1)N(C(=O)CCN1CCOCC1)c1ccccc1S2,1,val,0.4538146371049396,0.9717545816076224,0.0003614231299489,0.2359937141633122,0.8066026737843247,2231.7406024853867,7627.863918070415,9456.779857030338,4.752987321795862,0.0910993420005922
Atropine,CN1[C@H]2CC[C@@H]1C[C@H](OC(=O)C(CO)c1ccccc1)C2,1,val,0.2339752805226795,0.917834748653362,0.0007702782906937,0.3969626861109492,0.8363854215171777,1085.822399023996,2287.786879411254,2735.326107503499,3.2489068800488807,0.3999205258806821
Nicotine,CN1CCC[C@H]1c1cccnc1,1,val,0.3976363278856518,0.9613984125473783,0.0037796922565655,0.2751601212955482,0.9530087723473412,252.13925040905508,873.2766810885981,916.3364561038026,2.508493171767684,0.433819728629151
Cefatrizine,N[C@@H](C(=O)N[C@@H]1C(=O)N2C(C(=O)O)=C(CSc3c[nH]nn3)CS[C@H]12)c1ccc(O)cc1,1,val,0.4310149712830943,0.9686029452018716,0.0003680298312233,0.2486128205589173,0.8651630718239378,2350.796045385945,8180.679995847946,9455.650919775651,4.648343520877188,0.2066104352515755
Tropisetron,CN1[C@H]2CC[C@@H]1C[C@H](OC(=O)c1c[nH]c3ccccc13)C2,1,val,0.5593880828623353,0.9841008583512986,0.0013031027324514,0.1776105306344126,0.8839896777339148,678.3729752994499,3376.3465807818984,3819.4411833372055,3.720948430213326,0.1550194595546307
Physostigmine,CNC(=O)Oc1ccc2c(c1)[C@]1(C)CCN(C)[C@@H]1N2C,0,val,0.5298256507784826,0.9812089624547786,0.0014101034568087,0.192948107009156,0.890778984511581,631.7117940605087,2916.4089720274173,3273.998402226003,3.519658562688824,0.1651782918545558
Fentanyl,CCC(=O)N(c1ccccc1)C1CCN(CCc2ccccc2)CC1,0,val,0.5427027715673626,0.9824858785903616,0.0007376965035115,0.1863370558169394,0.8975417689766059,1216.681609176819,5860.469132101594,6529.466744242792,4.496567402793689,0.2008321812231292
Ranitidine,CNC(=C[N+](=O)[O-])NCCSCc1ccc(CN(C)C)o1,1,val,0.593321593127102,0.9867446732010166,0.0009151505704359,0.1622804668141526,0.9445706512736612,1032.147803638123,6007.725650738119,6360.271349355697,4.616266595401696,0.2257905357707439
Valdecoxib,Cc1onc(-c2ccccc2)c1-c1ccc(S(N)(=O)=O)cc1,1,val,0.3557835585551372,0.9539243757699531,0.0006098992511343,0.3000471384831142,0.7757134694568233,1271.8714902733502,3288.176155956522,4238.905582313785,3.7409570509172014,0.1921346736553098
Captopril,C[C@H](CS)C(=O)N1CCC[C@H]1C(=O)O,1,val,0.3289400042985886,0.9455317689065168,0.0019557465692052,0.3255298357885389,0.960161808727611,490.9438798697627,1448.056404838142,1508.1378905885458,2.8164009246526494,0.5280234883899073
Irbesartan,CCCCC1=NC2(CCCC2)C(=O)N1Cc1ccc(-c2ccccc2-c2nn[nH]n2)cc1,1,val,0.3781294505863455,0.9590299700920576,0.0003498424777234,0.2833046354460641,0.8848809663960591,2529.369709917279,7900.298241715959,8928.091508050256,4.752442423458692,0.2883722808583707
Tacrine,Nc1c2c(nc3ccccc13)CCCC2,1,val,0.4416578297525902,0.9693795957399348,0.002073749704579,0.2455670974765972,0.769930464864046,371.2745386600626,1164.0630242411385,1511.906694647663,2.7721149036366426,0.0814461981006696
Famotidine,NC(N)=Nc1nc(CSCCC(N)=NS(N)(=O)=O)cs1,1,val,0.5229637867616008,0.9805081816248318,0.0009182668224243,0.1964782577456491,0.8841126106842071,962.8057870478672,4332.432238231218,4900.317206060873,3.8867075665776896,0.1451965986307232
Clomethiazole,Cc1ncsc1CCCl,1,val,0.2883271674276506,0.9369560768673992,0.0029666055015284,0.3494471491102084,0.8014082117177345,270.14316912202383,619.5356139693805,773.0587295099846,2.267773061768962,0.2848970688508206
Nizatidine,CNC(=C[N+](=O)[O-])NCCSCc1csc(CN(C)C)n1,1,val,0.6839273947139314,0.9928142136658126,0.0012075698170591,0.1196659397787623,0.9312934921103646,771.212959246031,6001.921777448583,6444.715686617635,4.46524476339438,0.1375101907237602
Olanzapine,Cc1cc2c(s1)Nc1ccccc1N=C2N1CCN(C)CC1,1,val,0.2530810620481704,0.9176578177295732,0.0004459078765312,0.3973715258543284,0.6789340057214048,1522.5880533954748,2601.436537086709,3831.648606733934,3.5681143578678856,0.1744218458118246
Meperidine,CCOC(=O)C1(c2ccccc2)CCN(C)CC1,1,val,0.1291141503361373,0.8285723285541013,0.000581033601404,0.5598820378922995,0.6615696043146241,1138.6081677823274,1345.4058248856595,2033.657254068496,3.022016921213092,0.3494649711905618
Ketobemidone,CCC(=O)C1(c2cccc(O)c2)CCN(C)CC1,1,val,0.1725959000709604,0.8830872098835203,0.0007479079063435,0.4692088871069465,0.7442112380542355,995.0573215525812,1578.258344111007,2120.712861360996,3.080437786819086,0.3495237871583275
Fosinopril,CCC(=O)O[C@@H](O[P@](=O)(CCCCc1ccccc1)CC(=O)N1C[C@H](C2CCCCC2)C[C@H]1C(=O)O)C(C)C,1,val,0.2730548848544173,0.9286074743995169,0.0001236783886846,0.3710635504726254,0.7171377250735598,5798.407730730523,11206.320113545611,15626.45461497111,5.380073104982179,0.1604820874058423
Praziquantel,O=C(C1CCCCC1)N1CC(=O)N2CCc3ccccc3C2C1,0,val,0.5471197600740981,0.9829596281981116,0.0010143371770049,0.1838215692801855,0.8789848017639385,866.5607666667161,4143.658150061578,4714.140838096545,3.94503592287668,0.1458306552633393
Bencyclane,CN(C)CCCOC1(Cc2ccccc2)CCCCCC1,1,val,0.2838127518322575,0.9349596588669138,0.000620172215898,0.3547540504229154,0.774569888458187,1248.959351293276,2726.977477119039,3520.634506651426,3.5984859531005315,0.2739682220406874
Dienogest,C[C@]12CCC3=C4CCC(=O)C=C4CC[C@H]3[C@@H]1CC[C@@]2(O)CC#N,1,test,0.4079189672044833,0.9646261280068696,0.0008862061680039,0.2636217615571114,0.8850405122017001,998.684667468658,3352.820284652264,3788.324080568369,3.615063308002041,0.3489086911681455
Flecainide,O=C(NCC1CCCCN1)c1cc(OCC(F)(F)F)ccc1OCC(F)(F)F,1,test,0.3389673761754735,0.950101837262426,0.0002966377382598,0.3119398961828425,0.7764034332672689,2617.345445734084,6514.44722198431,8390.54406878412,4.598322616542759,0.1907716417611984
Raloxifene,O=C(c1ccc(OCCN2CCCCC2)cc1)c1c(-c2ccc(O)cc2)sc2cc(O)ccc12,0,test,0.3655795599839175,0.956649607584983,0.0002269923623235,0.29124135748121,0.814841349088329,3589.730247958051,10043.42468187416,12325.619819258156,5.235088179820428,0.1926391479348237
Dolasetron,O=C(O[C@@H]1C[C@@H]2C[C@H]3C[C@H](C1)N2CC3=O)c1c[nH]c2ccccc12,1,test,0.0,0.0,0.0,0.0,0.0,0.0,0.0,0.0,0.0,0.0
Tiagabine,Cc1ccsc1C(=CCCN1CCC[C@@H](C(=O)O)C1)c1sccc1C,1,test,0.4826390025627349,0.9755723671248584,0.0006095225808414,0.2196783023022537,0.915303330720758,1501.6725540458797,6256.812238465847,6835.780039758954,4.4079537247447815,0.2141548398539335
Encainide,COc1ccc(C(=O)Nc2ccccc2CCC2CCCCN2C)cc1,1,test,0.2948639802046667,0.9369009294092632,0.0003519582412739,0.3495949777557726,0.7380351776968689,2096.939611431003,4426.880525220958,5998.197184903289,4.214597881142197,0.2041714868777119
Moxifloxacin,COc1c(N2C[C@@H]3CCCN[C@@H]3C2)c(F)cc2c(=O)c(C(=O)O)cn(C3CC3)c12,1,test,0.5037631471596834,0.9783690051692936,0.000591878747008,0.2068673239640479,0.8427052290125272,1423.7801801000066,5799.983195718212,6882.57648823963,4.191629938024774,0.1620997005094603
Rifabutin,CO[C@H]1/C=C/O[C@@]2(C)Oc3c(C)c(O)c4c(c3C2=O)C2=NC3(CCN(CC(C)C)CC3)NC2=C(NC(=O)/C(C)=C\C=C\[C@H](C)[C@H](O)[C@@H](C)[C@@H](O)[C@@H](C)[C@H](OC(C)=O)[C@@H]1C)C4=O,0,test,0.0787323771105714,0.7955486781091712,7.128915565054939e-05,0.6058896770524732,0.8478431680219738,11893.017392126172,16642.32602894703,19629.01472423696,5.33213718674596,0.5635285211696552
Teniposide,COc1cc([C@@H]2c3cc4c(cc3[C@@H](O[C@@H]3O[C@@H]5CO[C@@H](c6cccs6)O[C@H]5[C@H](O)[C@H]3O)[C@H]3COC(=O)[C@H]23)OCO4)cc(OC)c1O,1,test,0.4788437156682824,0.9753932503028784,0.0001913965238899,0.2204722369451225,0.8643603003742746,4516.071048768095,17705.233921114403,20483.62692438316,5.702339580185686,0.2127891291204411
Zolmitriptan,CN(C)CCc1c[nH]c2ccc(C[C@H]3COC(=O)N3)cc12,1,test,0.3984338612784679,0.9628608359180636,0.0006711701111145,0.2699981678737244,0.8011152509293499,1193.6098429636618,3541.5760647116326,4420.807194224746,3.991372916619514,0.1482292370258214
Methylphenidate,COC(=O)C(c1ccccc1)C1CCCCN1,0,test,0.1419810561480037,0.8533980129467506,0.0007254971824341,0.5212598502652375,0.7015737981160718,967.0248418638284,1301.5375936469752,1855.1684757070168,2.9727785159528928,0.3863333605422689
Diltiazem,COc1ccc([C@@H]2Sc3ccccc3N(CCN(C)C)C(=O)[C@@H]2OC(C)=O)cc1,1,test,0.3466670322079818,0.9502816793073976,0.0005123401777769,0.311391602283543,0.9547437526736304,1863.4957672385856,5713.580356238212,5984.41240410121,4.044476077263729,0.2759042166810315
Sulfamethazine,Cc1cc(C)nc(NS(=O)(=O)c2ccc(N)cc2)n1,1,test,0.30458367472232,0.9417679126158848,0.000891427323234,0.3362635852528778,0.805242603101758,903.31828755304,2163.155337654591,2686.339904672474,3.2146942969300194,0.2084714711502817
Sulfadiazine,Nc1ccc(S(=O)(=O)Nc2ncccn2)cc1,1,test,0.3013579731332726,0.9409148082687568,0.0011461397322521,0.3386433575025042,0.8104140767413566,707.0813915061967,1692.13037959633,2087.9824624966045,2.9940342259979063,0.2397420734232538
Erlotinib,C#Cc1cccc(Nc2ncnc3cc(OCCOC)c(OCCOC)cc23)c1,1,test,0.4049961131360142,0.963809165574343,0.0003250449495463,0.2665931213570385,0.787435498523986,2422.543403990859,7155.460963536117,9087.043925437349,4.870332925701485,0.1033684027036544
Trihexyphenidyl,OC(CCN1CCCCC1)(c1ccccc1)C1CCCCC1,1,test,0.2842446021550384,0.9335019955985352,0.0005230171732961,0.3585722022320641,0.7361459741678746,1407.4986668764902,2889.5839410251047,3925.286617632373,3.6928235604507855,0.210373829899719
Sulfamethoxazole,Cc1cc(NS(=O)(=O)c2ccc(N)cc2)no1,1,test,0.2668555559865848,0.9296797287965086,0.0009499027612857,0.3683688394325045,0.785352586342814,826.771558469632,1762.6550138146958,2244.412311701842,3.0890722554328387,0.2604235781326831
Amlodipine,CCOC(=O)C1=C(COCCN)NC(C)=C(C(=O)OC)C1c1ccccc1Cl,1,test,0.1655574114372123,0.8819674192230976,0.0003448028320547,0.4713103769586969,0.8046134246303586,2333.546449823298,3983.7926180243694,4951.188354649357,3.712099332115311,0.346737951248227
Nilvadipine,COC(=O)C1=C(C#N)NC(C)=C(C(=O)OC(C)C)C1c1cccc([N+](=O)[O-])c1,0,test,0.1561336821060298,0.8359737043198424,0.000218265782925,0.5487695014172715,0.6056571273301347,2774.860627320786,3062.513700094829,5056.513928260103,3.759534961937247,0.2550017439038444
Nifedipine,COC(=O)C1=C(C)NC(C)=C(C(=O)OC)C1c1ccccc1[N+](=O)[O-],1,test,0.075998906400311,0.7640865100181464,0.0003608242710543,0.6451137924492771,0.7156429674317465,1983.355957016164,2200.1928329009943,3074.428078007816,3.2369954779495425,0.4306459151783041
Nitrendipine,CCOC(=O)C1=C(C)NC(C)=C(C(=O)OC)C1c1cccc([N+](=O)[O-])c1,0,test,0.0769220139245056,0.7691272274168449,0.0003109774922809,0.6390956955308625,0.7219959112988416,2321.698287561662,2622.857081671729,3632.786613643441,3.4497645937855075,0.3540957986817657
Felodipine,CCOC(=O)C1=C(C)NC(C)=C(C(=O)OC)C1c1cccc(Cl)c1Cl,0,test,0.12234871158112,0.8221252940438285,0.0002926695382371,0.5693065965658122,0.6669902518011513,2278.9876111422386,2670.0244293265378,4003.093631603101,3.412994418751317,0.2675991421570096
Lacidipine,CCOC(=O)C1=C(C)NC(C)=C(C(=O)OCC)C1c1ccccc1/C=C/C(=O)OC(C)(C)C,0,test,0.1831919589439927,0.8928385221306555,0.0002706462827732,0.4503769236978589,0.8547984233925717,3158.360109858756,5994.448428322281,7012.704123308018,4.212221893028497,0.4119771261121265
Nimodipine,COCCOC(=O)C1=C(C)NC(C)=C(C(=O)OC(C)C)C1c1cccc([N+](=O)[O-])c1,0,test,0.2481112370482362,0.9201454954994652,0.0002737085248186,0.3915766427049036,0.7280270711761962,2659.862609901009,4945.269391557238,6792.699869755791,4.147762117130963,0.183014303780676
Nisoldipine,COC(=O)C1=C(C)NC(C)=C(C(=O)OCC(C)C)C1c1ccccc1[N+](=O)[O-],0,test,0.1251043812624942,0.8504614440517108,0.0003825235541241,0.5260373866765354,0.8102271748093589,2118.110547896703,3262.4120806294013,4026.5399409702895,3.479855629619895,0.4468297267618912
Talinolol,CC(C)(C)NCC(O)COc1ccc(NC(=O)NC2CCCCC2)cc1,1,test,0.7883654093531536,0.9970488584369144,0.0011311560476058,0.0767696156669143,0.971908885377961,859.2173356055315,10877.753596800816,11192.153668366367,5.615977213316027,0.1065884040776271
Meloxicam,Cc1cnc(NC(=O)C2=C(O)c3ccccc3S(=O)(=O)N2C)s1,1,test,0.5582472412800609,0.9839734455391737,0.0009341318692345,0.1783150539740461,0.8563443899220391,916.7275179507252,4402.513694657106,5141.05510174231,3.857896353828431,0.055209666332715
Lormetazepam,CN1C(=O)C(O)N=C(c2ccccc2Cl)c2cc(Cl)ccc21,1,test,0.0990124222949629,0.7965753392816496,0.0003436426886922,0.6045392698976015,0.6887431545317226,2004.2421305478852,2283.405092398296,3315.3216512921804,3.3676820468334965,0.4297431842079201
Oxazepam,O=C1Nc2ccc(Cl)cc2C(c2ccccc2)=NC1O,1,test,0.1493907019368573,0.8233590974529628,0.0003773458248087,0.5675207455604089,0.5973340981818621,1582.9884920141246,1666.1470275871577,2789.30506840058,3.24503900775026,0.3028579393772032
Temazepam,CN1C(=O)C(O)N=C(c2ccccc2)c2cc(Cl)ccc21,1,test,0.1305843552530714,0.8206153214619877,0.0003805652322699,0.571480965721378,0.6384023993729161,1677.511094655344,1873.950616099404,2935.375271051817,3.2839934805477182,0.4084242381592601
Nitrazepam,O=C1CN=C(c2ccccc2)c2cc([N+](=O)[O-])ccc2N1,1,test,0.1800363766433023,0.850207127370909,0.0003752381958481,0.5264483265883815,0.5837075660997632,1555.5654316598325,1724.756763702338,2954.830233273959,3.3292473371211635,0.2649198584276676
Diazepam,CN1C(=O)CN=C(c2ccccc2)c2cc(Cl)ccc21,1,test,0.1606044400359139,0.8402236996410982,0.0003873789049464,0.5422399234300492,0.6042713661115152,1559.8974502624803,1738.3474040446176,2876.766137755093,3.2928735502706283,0.3435759205858804
Flunitrazepam,CN1C(=O)CN=C(c2ccccc2F)c2cc([N+](=O)[O-])ccc21,1,test,0.1409361856130714,0.80929842873094,0.0003179640216212,0.5873976959893796,0.5938175652790011,1867.56212936062,1887.9733513361296,3179.382796548092,3.3268544114467065,0.3401390098886393
Clonazepam,O=C1CN=C(c2ccccc2Cl)c2cc([N+](=O)[O-])ccc2N1,1,test,0.1137315558873219,0.7976773164006299,0.0003550570858227,0.6030844873646556,0.6426655660829291,1810.0344754245912,1928.8289703180576,3001.295031371205,3.2671702077029274,0.3014717561234339
Lorazepam,O=C1Nc2ccc(Cl)cc2C(c2ccccc2Cl)=NC1O,1,test,0.0891092299482546,0.77842051887783,0.0003857980127125,0.6277431766176115,0.6888734070497011,1785.580496400537,1959.462031502431,2844.444293320005,3.202934415868197,0.3577127530166016
Flurazepam,CCN(CC)CCN1C(=O)CN=C(c2ccccc2F)c2cc(Cl)ccc21,1,test,0.3223984909604313,0.9467268410837164,0.0004250392683447,0.3220377126543522,0.839620584242322,1975.3953264414451,5150.274371363766,6134.049674367381,4.134282185995418,0.2511614387855843
Metergoline,CN1C[C@H](CNC(=O)OCc2ccccc2)C[C@@H]2c3cccc4c3c(cn4C)C[C@H]21,1,test,0.68533809712156,0.9929043655566382,0.000710236651606,0.1189156039322415,0.9218758141602208,1297.984005860006,10062.431023357982,10915.169775361028,5.2536821976303205,0.098891266815609
Cetirizine,O=C(O)COCCN1CCN(C(c2ccccc2)c2ccc(Cl)cc2)CC1,1,test,0.3203746315811048,0.9446468579306888,0.0002844393162588,0.328088880947948,0.7506612648609231,2639.091088862623,6038.191386202775,8043.82971235566,4.636618917162771,0.2322485809672073
Benzthiazide,NS(=O)(=O)c1cc2c(cc1Cl)N=C(CSCc1ccccc1)NS2(=O)=O,0,test,0.5720652370521754,0.9852239453462708,0.0006783658112506,0.1712710644455976,0.8846078439458102,1304.0277520986392,6735.248490242742,7613.824064909981,4.256664804603249,0.1387776836332827
Buspirone,O=C1CC2(CCCC2)CC(=O)N1CCCCN1CCN(c2ncccn2)CC1,0,test,0.7380874191859031,0.995252188581362,0.0009806744088616,0.0973297545666723,0.9698202192115364,988.931913026352,9853.987292442138,10160.632968091164,5.219301997605064,0.1153770752731186
Loracarbef,N[C@@H](C(=O)N[C@@H]1C(=O)N2C(C(=O)O)=C(Cl)CC[C@H]12)c1ccccc1,1,test,0.6381964914282062,0.9900955060539308,0.0010985632198356,0.1403954731884565,0.9342494302237946,850.4284627001707,5659.102025727265,6057.37808624797,4.238434422922312,0.1659320425107719
Vincamine,CC[C@]12CCCN3CCc4c(n(c5ccccc45)[C@@](O)(C(=O)OC)C1)[C@@H]32,0,test,0.172811512001086,0.8679126895464784,0.0003583714179367,0.4967167838156852,0.6514416860607785,1817.783599516357,2384.0144958781493,3659.597699825007,3.330100519066832,0.2457051258279061
Abacavir,Nc1nc(NC2CC2)c2ncn([C@H]3C=C[C@@H](CO)C3)c2n1,1,test,0.3821796425819991,0.9592693473092796,0.0007558749856343,0.2824930429458898,0.771385854457462,1020.520415568548,2786.6704416696584,3612.55061337572,3.599474795184103,0.1373683702890858
Midazolam,Cc1ncc2n1-c1ccc(Cl)cc1C(c1ccccc1F)=NC2,1,test,0.1385931565985906,0.8482952891862304,0.0003944821907498,0.5295234672273267,0.6930397221531492,1756.8339925201865,2299.3423661102747,3317.76418091395,3.364159728243093,0.4013193212582311
Enoxacin,CCn1cc(C(=O)O)c(=O)c2cc(F)c(N3CCNCC3)nc21,1,test,0.5260238822140916,0.9807249785251264,0.0009343498374879,0.195393235545375,0.8306331643563863,888.9958889376837,3779.196686451542,4549.778227768983,3.7932190831185215,0.0974668236563279
Sulindac,CC1=C(CC(=O)O)c2cc(F)ccc2/C1=C\c1ccc(S(C)=O)cc1,1,test,0.5293396319356577,0.98119466662983,0.0007020782493993,0.1930207920851457,0.8738391711862884,1244.6464079094806,5634.733821980371,6448.250442161899,4.323959946663467,0.1605958579264159
Nafcillin,CCOc1ccc2ccccc2c1C(=O)N[C@@H]1C(=O)N2[C@@H](C(=O)O)C(C)(C)S[C@H]12,1,test,0.342195562439592,0.9515650442972504,0.0004283626113481,0.3074475019764701,0.8268449282385072,1930.2453256513325,5191.174257428306,6278.292434456208,4.02049358216547,0.2448067836414858
Quinine,C=C[C@H]1CN2CC[C@H]1C[C@H]2[C@H](O)c1ccnc2ccc(OC)cc12,1,test,0.3680214969334978,0.957229517242002,0.0006996957465103,0.2893296585568852,0.8559047157307359,1223.252706622009,3618.6672508802462,4227.885633029581,3.738759279239377,0.2375936433415726
Quinidine,C=C[C@H]1CN2CC[C@H]1C[C@@H]2[C@@H](O)c1ccnc2ccc(OC)cc12,1,test,0.387932505558846,0.9611103587864296,0.0007474653269717,0.276164585407725,0.8693042252822142,1163.0027426209776,3660.872000233449,4211.266773775279,3.731607819669352,0.251026026125964
Ipratropium,CC(C)[N+]1(C)[C@H]2CC[C@@H]1C[C@H](OC(=O)C(CO)c1ccccc1)C2,0,test,0.2915002239110049,0.9379782390103188,0.000669009548026,0.3466941348553525,0.8583916790283345,1283.0783679561234,3176.816922658096,3700.89435891798,3.503311713442301,0.3635146581210179
Amiodarone,CCCCc1oc2ccccc2c1C(=O)c1cc(I)c(OCCN(CC)CC)c(I)c1,1,test,0.3377690331621061,0.9505382585504712,0.0002047622768238,0.3106074999607026,0.834020008376402,4073.113570103692,10936.81966560919,13113.378043411743,4.668001672798232,0.1179000482158087
Epanolol,N#Cc1ccccc1OCC(O)CNCCNC(=O)Cc1ccc(O)cc1,0,test,0.7410751000293435,0.99538349964021,0.0008917757551803,0.0959775423940844,0.9665650053383256,1083.8655342707914,10915.329459228216,11292.907770241003,5.614725918574731,0.1344601759613084
Fluocortolone,C[C@@H]1C[C@H]2[C@@H]3C[C@H](F)C4=CC(=O)C=C[C@]4(C)[C@H]3[C@@H](O)C[C@]2(C)[C@H]1C(=O)CO,1,test,0.4466085390762427,0.970586247653133,0.0007063946722148,0.240753682976214,0.9124817657618368,1291.7449715481005,4895.849226400566,5365.4214364634345,3.917135991912963,0.3120472035130858
Dexamethasone,C[C@@H]1C[C@H]2[C@@H]3CCC4=CC(=O)C=C[C@]4(C)[C@@]3(F)[C@@H](O)C[C@]2(C)[C@@]1(O)C(=O)CO,1,test,0.501967727192767,0.9777396509660607,0.0008208684897723,0.2098217694348364,0.9354133078005256,1139.5410098638267,5080.22512765111,5430.995139032653,3.8526590888942938,0.3212824501677079
Prednisolone,C[C@]12C[C@H](O)[C@H]3[C@@H](CCC4=CC(=O)C=C[C@@]43C)[C@@H]1CC[C@]2(O)C(=O)CO,1,test,0.5238692569198872,0.9800887416593448,0.0009584180643001,0.1985599619072326,0.9489222997530612,990.0922521175236,4731.672024020596,4986.364031335256,3.854067090182374,0.2963966728887934
Methylprednisolone,C[C@H]1C[C@H]2[C@@H]3CC[C@](O)(C(=O)CO)[C@@]3(C)C[C@H](O)[C@@H]2[C@@]2(C)C=CC(=O)C=C12,1,test,0.4861362221930657,0.9759171009015432,0.0007908408468107,0.2181417249586314,0.9243182860985844,1168.779141626441,4952.394748051068,5357.888968046298,3.9149448158066495,0.2836500660042179
Betamethasone,C[C@H]1C[C@H]2[C@@H]3CCC4=CC(=O)C=C[C@]4(C)[C@@]3(F)[C@@H](O)C[C@]2(C)[C@@]1(O)C(=O)CO,1,test,0.501369598228088,0.9778076839087833,0.0008090240209937,0.2095044946747946,0.923586060252096,1141.60523826923,5032.687656715386,5449.07277546144,3.848126850760701,0.2774887808085562
Ondansetron,Cc1nccn1CC1CCc2c(c3ccccc3n2C)C1=O,1,test,0.3708009204756,0.9578382240285418,0.000894193038148,0.2873080865375166,0.8374533962029539,936.5465402609532,2729.871234380471,3259.729134490125,3.435761440261816,0.2249980303545553
Voriconazole,C[C@@H](c1ncncc1F)[C@](O)(Cn1cncn1)c1ccc(F)cc1F,1,test,0.172929846211478,0.883709439301523,0.0004511961757803,0.4680359247850402,0.7487870241550976,1659.559775434758,2655.045819882357,3545.7957125768958,3.354270807996412,0.47055903287017
Alfentanil,CCC(=O)N(c1ccccc1)C1(COC)CCN(CCn2nnn(CC)c2=O)CC1,0,test,0.6026181788501389,0.9875004791325772,0.0006248246488583,0.1576160008150525,0.9422878780569446,1508.08371561316,9015.893037311762,9568.0876802778,4.911071142416516,0.1880786320806451
Sulpiride,CCN1CCCC1CNC(=O)c1cc(S(N)(=O)=O)ccc1OC,1,test,0.5296235791026437,0.981200511657266,0.0007829994488548,0.1929910773158167,0.886852215522834,1132.6345335490237,5204.797337919729,5868.844038294811,4.227891625515413,0.1902009000758848
Amisulpride,CCN1CCCC1CNC(=O)c1cc(S(=O)(=O)CC)c(N)cc1OC,1,test,0.5379537377676494,0.9820062619541248,0.0007097169188275,0.1888483557854995,0.8991740882689973,1266.9475172642256,6032.387065178792,6708.808832327184,4.353872535686635,0.1739047063654629
Aprindine,CCN(CC)CCCN(c1ccccc1)C1Cc2ccccc2C1,1,test,0.3409108995269044,0.951278101901729,0.0005502633675761,0.3083341901934386,0.8314748117955633,1511.048819146524,4074.7963491351416,4900.685253875161,4.032169187354071,0.2870946118910232
Flupentixol,OCCN1CCN(CC/C=C2/c3ccccc3Sc3ccc(C(F)(F)F)cc32)CC1,1,test,0.3272365282404597,0.9467020366656284,0.0002623400513531,0.3221106235024721,0.7584938289241814,2891.262028088781,6808.2337125752165,8975.990908497904,4.635670748688537,0.154717296066367
Candesartan,CCOc1nc2cccc(C(=O)O)c2n1Cc1ccc(-c2ccccc2-c2nnn[nH]2)cc1,1,test,0.3644314436737281,0.9564139629505748,0.0003500426791827,0.2920142658727084,0.8153784923341161,2329.3687907938483,6504.193235393371,7976.900662138339,4.368377076838359,0.2098120595959789
Tetrabenazine,COc1cc2c(cc1OC)C1CC(=O)C(CC(C)C)CN1CC2,0,test,0.2271395907052313,0.9123862812856688,0.0006826437928445,0.4093302746214949,0.9203915307673696,1348.2749574739469,3031.6371129700733,3293.8559424188406,3.4766905298004342,0.4579796243053407
Rizatriptan,CN(C)CCc1c[nH]c2ccc(Cn3cncn3)cc12,1,test,0.5303202312525939,0.9810422286721222,0.001355949320156,0.1937940803069984,0.925658910048856,682.6648284630023,3260.7537858881237,3522.6299347305167,3.72280513847696,0.2399332408674938
Delapril,CCOC(=O)[C@H](CCc1ccccc1)N[C@@H](C)C(=O)N(CC(=O)O)C1Cc2ccccc2C1,1,test,0.2923787889324888,0.9382167230354234,0.0002362514484811,0.3460482345232694,0.8039802780401096,3403.0702592889334,7906.416216867499,9834.09224432873,4.833263651021452,0.2653615683032909
Cycloserine,N[C@@H]1CONC1=O,1,test,0.2177707768716409,0.8835288685330482,0.0045894566219454,0.4683767057281047,0.5941066488649089,129.45032447284905,164.19966562488395,276.3807911232795,1.670845037928046,0.3639205666499376
Nalmefene,C=C1CC[C@@]2(O)[C@H]3Cc4ccc(O)c5c4[C@@]2(CCN3CC2CC2)[C@H]1O5,1,test,0.2488579865986618,0.9236440529257672,0.0006213145434267,0.3832514363898231,0.8106453889667162,1304.7262413909434,2759.7295431181024,3404.360995176662,3.316901649349013,0.3748160933755709
Tianeptine,CN1c2ccccc2C(NCCCCCCC(=O)O)c2ccc(Cl)cc2S1(=O)=O,1,test,0.2671094764990193,0.9292300007241396,0.0002584763249342,0.3695018345748984,0.7678011038872261,2970.4890925018717,6172.4857386211215,8039.172784945266,4.434068384494486,0.2079660869711024
Flumazenil,CCOC(=O)c1ncn2c1CN(C)C(=O)c1cc(F)ccc1-2,1,test,0.5252470670778081,0.9807357451725174,0.0011061327043555,0.1953391874174432,0.848480743665733,767.0695752188565,3331.864805161644,3926.859660676358,3.637456547603723,0.1052928860799521
Eprosartan,CCCCc1ncc(/C=C(\Cc2cccs2)C(=O)O)n1Cc1ccc(C(=O)O)cc1,0,test,0.171113876910781,0.8857072067779713,0.0003038522830722,0.4642442717595598,0.8122461311265226,2673.1611917273653,4676.987887494394,5758.091923451545,3.929226913716151,0.3135864111602996
Olsalazine,O=C(O)c1cc(/N=N/c2ccc(O)c(C(=O)O)c2)ccc1O,0,test,0.6458370563472241,0.9906610264773136,0.001186083716287,0.1363478295350362,0.8991179113465139,758.056028423642,4998.845638278076,5559.722006640745,4.326792138425549,0.0700490311953356
Thioridazine,CSc1ccc2c(c1)N(CCC1CCCCN1C)c1ccccc1S2,1,test,0.2245858768778276,0.8938937250385596,0.000234461787598,0.4482789403225273,0.6176510553940995,2634.3356916345974,3629.660182184311,5876.554650859235,4.047241338405426,0.1783344282097534
Naratriptan,CNS(=O)(=O)CCc1ccc2[nH]cc(C3CCN(C)CC3)c2c1,1,test,0.5100619691493418,0.9790817925867557,0.000731321152353,0.2034670573461594,0.8876295900696646,1213.7343316458066,5294.943178046513,5965.262128801886,4.311794309661306,0.1979138343271994
Donepezil,COc1cc2c(cc1OC)C(=O)C(CC1CCN(Cc3ccccc3)CC1)C2,1,test,0.6329790469029009,0.989745403419697,0.0007263819912049,0.1428426981318309,0.9347448343536684,1286.8502326208638,8420.98772468595,9008.862542159606,4.9658518355388885,0.1854220997271198
Pirenzepine,CN1CCN(CC(=O)N2c3ccccc3C(=O)Nc3cccnc32)CC1,0,test,0.3429419979571825,0.951695783225506,0.00055311802395,0.3070425641353178,0.8558555633611113,1547.329008100445,4313.050679674377,5039.460937469621,3.9381115899955015,0.2230665535060342
Azelastine,CN1CCCC(n2nc(Cc3ccc(Cl)cc3)c3ccccc3c2=O)CC1,1,test,0.4093939392550038,0.9650666855312268,0.0004541282809993,0.262004374921054,0.8361490835543695,1841.2178200273509,5875.980480492849,7027.431586141028,4.393626455666961,0.1913282389940797
Cefacetrile,CC(=O)OCC1=C(C(=O)O)N2C(=O)[C@@H](NC(=O)CC#N)[C@H]2SC1,0,test,0.4809509102164378,0.975474761651654,0.000841384471373,0.220111311341895,0.9029683161366674,1073.1934648890656,4402.589262550581,4875.685208299417,3.905489586499976,0.2529554555536256
Propranolol,CC(C)NCC(O)COc1cccc2ccccc12,1,test,0.5966221239953458,0.9872226585146596,0.0014866805109578,0.1593468622698532,0.896716312503092,603.1667906410808,3394.290245966904,3785.244227900895,3.873538648831471,0.1258560566041413
Naproxen,COc1ccc2cc([C@H](C)C(=O)O)ccc2c1,1,test,0.6550755855248056,0.9910953755277708,0.0026522721449449,0.1331538831858348,0.9511713988695516,358.6251134456278,2561.8024999673303,2693.3132167472463,3.4913959371512524,0.1565568974421593
Nabumetone,COc1ccc2cc(CCC(C)=O)ccc2c1,1,test,0.5784955724789239,0.9854572652226592,0.00219611938577,0.1699234487052258,0.9493763400816454,432.29723585758165,2415.2803555549585,2544.0705161740675,3.436381535323316,0.2549123248053493
Milnacipran,CCN(CC)C(=O)C1(c2ccccc2)CC1CN,1,test,0.1430077442855489,0.8557698518259813,0.0006699205901507,0.5173567054805978,0.708868600941832,1058.1382500608593,1449.8333025893482,2045.2779269148607,3.039946330890324,0.3684322489721193
Ciprofibrate,CC(C)(Oc1ccc(C2CC2(Cl)Cl)cc1)C(=O)O,1,test,0.6559511017990289,0.9910470604955316,0.0018074247875645,0.1335130101644252,0.9691595068308364,536.2101446759302,3892.303519573283,4016.163997917293,3.8212806444673184,0.2577032674001294
Artemether,CO[C@H]1O[C@@H]2O[C@@]3(C)CC[C@H]4[C@H](C)CC[C@@H]([C@H]1C)[C@]42OO3,1,test,0.1037268151273291,0.8198857208434123,0.0006230473913506,0.5725272087482639,0.7424416877548282,1191.6295582995008,1545.2810747225549,2081.350091473909,2.841489290116744,0.4406042720472921
Mianserin,CN1CCN2c3ccccc3Cc3ccccc3C2C1,1,test,0.1532546888144741,0.8340886921745049,0.0004745344014925,0.5516303595584854,0.6084860528729671,1282.2801696969989,1414.4428159478068,2324.527915257079,3.081649455561708,0.3322604238512284
Nelfinavir,Cc1c(O)cccc1C(=O)N[C@@H](CSc1ccccc1)[C@H](O)CN1C[C@H]2CCCC[C@H]2C[C@H]1C(=O)NC(C)(C)C,1,test,0.1168133556013322,0.8413173771032587,0.0001395572455301,0.5405414609297728,0.8885212134177726,6366.715035413967,10465.360712609883,11778.402760192952,5.019395286727776,0.6764584459532431
Brotizolam,Cc1nnc2n1-c1sc(Br)cc1C(c1ccccc1Cl)=NC2,1,test,0.1464634838389802,0.8348250124974717,0.0002485162527583,0.5505153935255548,0.6267606745876783,2522.0108046502423,2871.3042574832625,4581.181260889068,3.559175774504874,0.3789598680763736
Reboxetine,CCOc1ccccc1O[C@H](c1ccccc1)[C@H]1CNCCO1,1,test,0.2178548125231757,0.893774012247809,0.0003938906110333,0.4485175749404403,0.6341075057518261,1609.856868860836,2275.991802252892,3589.283806938028,3.453401168839847,0.1819843475014373
Pefloxacin,CCn1cc(C(=O)O)c(=O)c2cc(F)c(N3CCN(C)CC3)cc21,1,test,0.5769279615074041,0.9856163055440303,0.0009606752310481,0.1689985155134103,0.8613257157415922,896.583661058706,4569.570100882498,5305.275364904375,4.019416105910072,0.0892299461117086
Lomefloxacin,CCn1cc(C(=O)O)c(=O)c2cc(F)c(N3CCNC(C)C3)c(F)c21,1,test,0.5109978586378147,0.9792146097399612,0.0008081561759274,0.2028268918852124,0.8523850667050789,1054.7281479682351,4432.521321040736,5200.139577966548,3.899859658479052,0.1623214783446857
Norfloxacin,CCn1cc(C(=O)O)c(=O)c2cc(F)c(N3CCNCC3)cc21,1,test,0.539029719521287,0.9820773397288096,0.0009379525830476,0.1884783775163194,0.8371247716805723,892.5022296549175,3964.039456778451,4735.303016801703,3.875360702114147,0.0957384037331065
Tolmetin,Cc1ccc(C(=O)c2ccc(CC(=O)O)n2C)cc1,1,test,0.4946309119305966,0.9771458765728934,0.0013933718257901,0.2125698376924435,0.9079926319688536,651.6513504598311,2783.5304916879727,3065.587091441789,3.554321899673789,0.2413663100054118
Lorcainide,CC(C)N1CCC(N(C(=O)Cc2ccccc2)c2ccc(Cl)cc2)CC1,0,test,0.2145900158418212,0.8957473105566397,0.0002232143377367,0.4445635563454867,0.6534001849767751,2927.23214647342,4302.318529432721,6584.507669806744,4.315222344310816,0.2502890263725489
Glyburide,COc1ccc(Cl)cc1C(=O)NCCc1ccc(S(=O)(=O)NC(=O)NC2CCCCC2)cc1,1,test,0.5784512316277524,0.985766575100067,0.0002908099034694,0.1681197769909416,0.8752118272262019,3009.5667884230334,15667.451475366504,17901.325128364824,6.084541109704925,0.0889801709342434
Doxorubicin,COc1cccc2c1C(=O)c1c(O)c3c(c(O)c1C2=O)C[C@@](O)(C(=O)CO)C[C@@H]3O[C@H]1C[C@H](N)[C@H](O)[C@H](C)O1,0,test,0.2984757430340946,0.9364050067712978,0.0001659599340607,0.3509211639295153,0.7109862124198899,4284.083483423851,8679.796497488891,12208.108041851632,4.812092844544287,0.1266230019094366
Idarubicin,CC(=O)[C@]1(O)Cc2c(O)c3c(c(O)c2[C@@H](O[C@H]2C[C@H](N)[C@H](O)[C@H](C)O2)C1)C(=O)c1ccccc1C3=O,1,test,0.2971420913565669,0.9381234094663,0.0002242219433089,0.3463011241843209,0.7496923193074928,3343.5278824359534,7238.2588383355,9654.97264934185,4.509817249984148,0.1812171864551528
Epirubicin,COc1cccc2c1C(=O)c1c(O)c3c(c(O)c1C2=O)C[C@@](O)(C(=O)CO)C[C@@H]3O[C@H]1C[C@H](N)[C@@H](O)[C@H](C)O1,0,test,0.3120708829775587,0.940853809493116,0.0001706948606081,0.3388127936815423,0.7188315055998006,4211.207666351985,8934.576272354416,12429.305341728605,4.850469957740426,0.1265298524370349
Oxyfedrine,COc1cccc(C(=O)CCN[C@@H](C)[C@H](O)c2ccccc2)c1,1,test,0.5444837212246982,0.9823769042718102,0.00093671084804,0.1869107218790152,0.9386547854236288,1002.0752801012356,5032.363834272639,5361.2509225119,4.263908717746236,0.2422618122942662
Risperidone,Cc1nc2n(c(=O)c1CCN1CCC(c3noc4cc(F)ccc34)CC1)CCCC2,1,test,0.7769647475800292,0.996718470887636,0.0009369137719315,0.0809462154236532,0.9495868354366984,1013.5263925932576,11889.76303261453,12520.985536985288,5.564887803483576,0.095771736971183
Morphine,CN1CC[C@]23c4c5ccc(O)c4O[C@H]2[C@@H](O)C=C[C@H]3[C@H]1C5,1,test,0.1446557173569994,0.8671051689801613,0.0008027950795776,0.4981251107180663,0.8091491392387107,1007.9149210336044,1637.2462926121964,2023.417208541558,2.860182334115449,0.5111730289359094
Codeine,COc1ccc2c3c1O[C@H]1[C@@H](O)C=C[C@H]4[C@@H](C2)N(C)CC[C@]314,1,test,0.1813362775654252,0.8916853760240037,0.0007233334917266,0.4526557082208632,0.8012768500693281,1107.7557713477142,1960.9143085820128,2447.236942403054,3.035214106511535,0.4212127856767416
Tacrolimus,C=CC[C@@H]1/C=C(\C)C[C@H](C)C[C@H](OC)[C@H]2O[C@@](O)(C(=O)C(=O)N3CCCC[C@H]3C(=O)O[C@H](/C(C)=C/[C@@H]3CC[C@@H](O)[C@H](OC)C3)[C@H](C)[C@@H](O)CC1=O)[C@H](C)C[C@@H]2OC,1,test,0.3571792710285519,0.9545103314192463,9.778566232218864e-05,0.2981778449414379,0.7889444371932453,8068.09933539945,21347.267066860903,27058.010755239124,5.92612059775696,0.1648645731059105
Moxestrol,C#C[C@]1(O)CC[C@H]2[C@@H]3CCc4cc(O)ccc4[C@H]3[C@@H](OC)C[C@@]21C,1,test,0.4355579852620677,0.9690591923980044,0.0009161202145029,0.2468284457450714,0.8989081227882939,981.2119725750229,3573.4107131062883,3975.279144237836,3.61458127839609,0.3147869660968028
Estradiol,C[C@]12CC[C@@H]3c4ccc(O)cc4CC[C@H]3[C@@H]1CC[C@@H]2O,0,test,0.5842693857341531,0.9862454044875768,0.0016506024767609,0.1652876345258043,0.8894480905097885,538.8626898556319,2899.735312409196,3260.151259358158,3.5066133171692786,0.1960289742298673
Pancuronium,CC(=O)O[C@H]1C[C@@H]2CC[C@@H]3[C@H](CC[C@@]4(C)[C@H]3C[C@H]([N+]3(C)CCCCC3)[C@@H]4OC(C)=O)[C@@]2(C)C[C@@H]1[N+]1(C)CCCCC1,0,test,0.5432533226651005,0.9825026289944924,0.0003056018912796,0.1862487154825799,0.9058072306890224,2964.010552736477,14415.252118924718,15914.260375200844,5.390573151117117,0.1946160896006937
Cefodizime,CO/N=C(\C(=O)N[C@@H]1C(=O)N2C(C(=O)O)=C(CSc3nc(C)c(CC(=O)O)s3)CS[C@H]12)c1csc(N)n1,0,test,0.2403081808565698,0.9191398301421484,0.0001431032380642,0.393931431401789,0.7658141764995319,5351.480419721067,10403.433805976432,13584.801803395176,5.009019494296466,0.3185857394072687
Maprotiline,CNCCCC12CCC(c3ccccc31)c1ccccc12,1,test,0.2434242598206762,0.9211076019550438,0.0006756449849672,0.3893080857375407,0.7870327900606398,1164.861439915422,2354.9065192258963,2992.132664567196,3.425918643215082,0.3182466082108485
Alizapride,C=CCN1CCCC1CNC(=O)c1cc2n[nH]nc2cc1OC,1,test,0.5660698645180438,0.984622369432852,0.0010725968489421,0.1746962781871329,0.911419027800927,849.7312188636877,4433.186610645726,4864.048780440897,4.010865595461628,0.2142353144979996
Levonorgestrel,C#C[C@]1(O)CC[C@H]2[C@@H]3CCC4=CC(=O)CC[C@@H]4[C@H]3CC[C@@]21CC,1,test,0.4703487845621564,0.9733557863565082,0.0010832989436553,0.2293000505152661,0.9532241540942548,879.9271518513896,3657.948670762569,3837.448573927839,3.660947251149237,0.3771244906004982
Testosterone,C[C@]12CC[C@H]3[C@@H](CCC4=CC(=O)CC[C@@]43C)[C@@H]1CC[C@@H]2O,0,test,0.5301423313602156,0.9811493467248208,0.0014208290162292,0.1932510269609386,0.9093667868999624,640.0254897055479,3011.7196905000205,3311.886615924245,3.4744169425237685,0.2914335849172604
Norgestrel,C#CC1(O)CCC2C3CCC4=CC(=O)CCC4C3CCC21CC,1,test,0.4889963103654347,0.976196681564516,0.0011171412009343,0.2168871570711985,0.9309525335175126,833.3347053522851,3576.952483918197,3842.250120318201,3.634012367156029,0.3534412469513946
Progesterone,CC(=O)[C@H]1CC[C@H]2[C@@H]3CCC4=CC(=O)CC[C@]4(C)[C@H]3CC[C@]12C,1,test,0.5691355670042451,0.9848851182705946,0.00124216080177,0.1732088444887183,0.9135994746766049,735.4921145271303,3879.393176741257,4246.273431926481,3.7535425230799575,0.2560247258319243
Endralazine,N/N=c1/cc2c(n[nH]1)CCN(C(=O)c1ccccc1)C2,1,test,0.6247623697383228,0.9889626192564652,0.0018243241809442,0.1481652378710736,0.9684559427995684,530.8573733306,3469.85558399565,3582.873965298978,3.752301347653151,0.2336955338142822
Indomethacin,COc1ccc2c(c1)c(CC(=O)O)c(C)n2C(=O)c1ccc(Cl)cc1,1,test,0.4097166784569845,0.9645962943935332,0.000503578000906,0.2637309023270964,0.7858301667639375,1560.4934396460994,4649.750215430606,5916.991243258527,4.116707183264136,0.1410265592181032
Suprofen,CC(C(=O)O)c1ccc(C(=O)c2cccs2)cc1,1,test,0.6590662451013061,0.9914134596280672,0.0020772499695341,0.1307644908540034,0.9319049746334716,448.6243775670642,3197.16221480468,3430.7813584342744,3.686783031472002,0.1745608661130131
ximelagatran,CCOC(=O)CN[C@@H](C(=O)N1CC[C@H]1C(=O)NCc1ccc(/C(N)=N/O)cc1)C1CCCCC1,1,test,0.3881202599720703,0.961229915665884,0.000286492231535,0.2757481626937113,0.8332425471635094,2908.4298122118685,8788.55344420024,10547.413204135912,4.84620063495897,0.2084751522191925
Melagatran,N=C(N)c1ccc(CNC(=O)[C@@H]2CCN2C(=O)[C@H](NCC(=O)O)C2CCCCC2)cc1,0,test,0.2469080911261189,0.9208599741874752,0.0003125641028405,0.3898934571641882,0.9171009442616204,2934.121148036562,6901.591257811644,7525.443410559651,4.495542612028183,0.3592186229086548
Gliclazide,Cc1ccc(S(=O)(=O)NC(=O)NN2CC3CCCC3C2)cc1,1,test,0.4312301527429771,0.9686624272834872,0.0007337243789062,0.2483809613663317,0.8538601460819465,1163.734190425545,4000.573314360334,4685.279354842252,3.902221485597825,0.1889634462059
Trandolapril,CCOC(=O)[C@H](CCc1ccccc1)N[C@@H](C)C(=O)N1[C@H](C(=O)O)C[C@H]2CCCC[C@@H]21,0,test,0.1880591632660418,0.8915632609917842,0.0003329516896766,0.4528961819773886,0.9354908998202884,2809.689600100606,5803.623781365969,6203.827084240872,4.148183179485168,0.5883742283729899
Naltrexone,O=C1CC[C@@]2(O)[C@H]3Cc4ccc(O)c5c4[C@@]2(CCN3CC2CC2)[C@H]1O5,1,test,0.3030639077883335,0.9414799447299534,0.0007057139838817,0.3370690043170445,0.8452587672334763,1197.735607539077,3003.5289811099515,3553.3840020855064,3.3699996249884467,0.3858625439202889
Carvedilol,COc1ccccc1OCCNCC(O)COc1cccc2[nH]c3ccccc3c12,1,test,0.5733193398449605,0.9849544078481948,0.000485478673004,0.172814393093898,0.954222810542092,1965.529823663558,10852.99296524143,11373.646537621406,5.455087857676882,0.2182943583657888
Doxepin,CN(C)CCC=C1c2ccccc2COc2ccccc21,1,test,0.284420356940216,0.9336243403157344,0.0006277176180443,0.3582535291801182,0.7373885323376357,1174.713774379893,2417.897928288897,3279.0012622298136,3.506827141260465,0.1609853324764782
Lamotrigine,Nc1nnc(-c2cccc(Cl)c2Cl)c(N)n1,1,test,0.4623704361418911,0.9731025749544164,0.0016972579831691,0.2303722609540571,0.8888718795946023,523.7105309912162,2020.692778365734,2273.3228767314968,3.0669356321725334,0.1906489078373733
Ceftriaxone,CO/N=C(\C(=O)N[C@@H]1C(=O)N2C(C(=O)O)=C(CSc3nc(=O)c(=O)[nH]n3C)CS[C@H]12)c1csc(N)n1,0,test,0.7271100301788191,0.9947519384507734,0.0005378018561046,0.1023160835276101,0.9791179212584162,1820.592305780056,17422.232091334932,17793.80370133857,5.778484094306562,0.1308153056987111
Proquazone,Cc1ccc2c(-c3ccccc3)nc(=O)n(C(C)C)c2c1,0,test,0.2829018940693496,0.9320208859558508,0.0006407353756283,0.3624045641849325,0.7186556837509602,1121.6107477228695,2224.177117139954,3094.913416020113,3.4013558272236653,0.1905877784655003
Fenspiride,O=C1NCC2(CCN(CCc3ccccc3)CC2)O1,1,test,0.6662480118956059,0.9917605464035908,0.0020310517529115,0.1281054979196867,0.9524065312500436,468.9228277343328,3486.229483034428,3660.4426457037366,3.824449872839725,0.2247867602865298
