sample_key,split
000797dc3b44263654a4bf46173686da7c64af15865a0fa3b2154f9dc6499d9c,train
000d5d5f821c42f60afadd374ed52838b1d218dab1b8e9512df6d8f24a6dc3ad,test
001841753e8e1bd6442a4f36972e245a4bd958b8da5a46a22ad16c53986402d0,train
0029276df417573d208cb7deb5cd3e9ce95823e433ee4121c00a3f6422497636,train
002e0a82fd622b4294afb218935fac3acc11dabc7691ab7e511086cb76170ec1,train
003c459446720e62ecbd9cb78bca2484521eb95dc83228d49295e3fcb7bf75bd,val
00458d62be5e225cd8789a1c89c62ced32ea5763b339d539bb93c50133a1837c,test
004960bcfddac08de4eee243700fe53947164c53024250a5e23b0741520f653d,train
0049ab48dddf0fcece0f00e620291be6bb004a3c7e8a49f096f15b4f60c6dde5,val
004e4556c969000f53a965d8c447f33dce1f50aff6f062809bb84661f723d57d,train
005379017b726db0560a0875ecfce2bd54bb133cfa97c157dde4078c9ce8a6a0,train
006301a7b118481cb6bccb724e14773ccf1c10b94be662201bded81fe35e067b,train
006a19b72c0fc3d38bdd46664f4258d8d8c8f70718ed28ba3ffdd846538a85f1,train
006edb95b2939b4516a1ec8b24f5890082f700e0f26c2fb6af5a3205b1cb98af,test
00752be78ae1b2a6822a7d8998fc7c891b6539245febf0105456b08bb2c41e16,train
00781be5a85d99a6ac6b5f12d1cbbf5fd3f6e8b8db079e7f50dff1cd95160963,train
009705c5c2f7d857b2e44fd057c45aec5190676e9a0868145182ee5ce85d0523,train
009e8a495818ff8949c5e852808cf0ea06d563b2d90e5ef1f276a6d2a5bfc63e,train
00a5135a9c1e520ec84675056d4f1a6dbbfa443dc9c5ef66375f25be7f20199b,train
00b64a070bd45be0ff2bfcfc81cf26d65f84a539ec6f7234f04a54109d223243,train
00c093296db11790392afff550443abd86b790a9f336be41ba1805d75268a1ce,val
00c127b3bfc4851b151fd430ea9e394187f4e7445cd9e59e3ab530b3f0522a5a,train
00ee64ab5675cecf7a3f91a7447d27f8ae94c79a4f059f1055ddf1728257ef8e,train
00fdda246aad036d951e9e3e56d94a2f4ec9964ceb59d4b67f9b33d0d68244a7,train
010ca4e0ec99a02e4d69adca2d491b18d6a911f038f9b07a71b2140f0ace7428,train
011044c36a6266dfdee4745e88789f707c5a4e2be87b2390f46ac44fbb4bf82c,train
01119924da1f6e39aa10a2f4172447efa6cb114f980186f317ad2814d33f57e7,test
0114dfff4fdc9c7b5b77d058697898b44a225642faf5c0c536ab5f8035e703f1,train
0120026a229cc30fc3adf9f1634ba0c33e44ce253bac464213fcc8236b60d546,train
012d4d4d13dab7dc65769e73f2bf8fd7b6b14d82c7306e6d1c9d93ba6f96814d,train
012ee1c254e772d968df63cc33c85cc68fd6b0e551697c6e1d87dea4f7c6f2f7,train
013031db9aa817dd672ed7762f32e2fc745d165b7c95473b777d0772e4e67c92,val
01309038dd2c458ff335367ea8067892461588498a9be6ff9e1c211c1190a9f3,train
0131e132299d018520ec4ab6de5a60e04d33d3a8bdaa2ea1ef75b1535b8192bb,test
013f480182ceffa31e54ffbf0d8133782f2e326ac91c0b931f4a100a9f367506,test
014279bd813fb78836e0ac3df9110088bec4be1260af6248faccc27550e62080,train
01582ba63a16aa90c365da48cb94f28a344927dc30c4c81a8a1de63233199a17,train
01583367ba7177461dac9172ffa2db47b9061b700927b32e1b37ef6fd22c32eb,train
015860a47b32526f6e21cf393726e30e11466589cfaa54b48c4b9361e5e38ee2,val
0161f1a4d1e9793006fdc55d525182f29b00799a6e1ca6b1bf9eedc5a08ad8dc,train
016b7522e947a75b0b48e4000339fa9249a2f548773e5525a1d08229d278ae04,test
017c5df06dffb552aeb85c5bdabae2eb4f476f00c88d5224a71181d8a710b562,train
01823de4b7f781489c67dac5afa1c2fc45d8cb0640ab696fc6cb4368d896f0ce,train
01837722355fa860b3963a4c28f69f9e791abcfb40c088d6101c669d6b1e9d9f,train
018a52d1bef9c0a06b752292d93b6deebae69b1351a661b28a06cbf02bfc324f,train
01997e0aed2211c44bdb72990a2c603f234f434a527260750c93b05b67f35b8c,train
01a3c2e83972cf7494508e877d8ffe2f8dde41c84e74e8f5c9658d67a6320394,test
01ac0e0b3bd115e55da6362c2cb35c5ebca3e88be35e5756d1b539412c849aa1,train
01b5bd999f00c5953a34f1e4cc024d0c0318b1b881c772e3488942f3566b53df,test
01b808392652a02869c8190325f7ae02e4a17a78acd1cd6b6262158f1143941c,train
01b9f55b2e9dd207842a4208f12e0e81e7d1cca87ecbf2cb19fe7d3f7a146c4a,test
01c4b1d19dd6cf62dd1905507b408ebcfa0755e053b347a29b9e20957d294378,train
01d238be01817a67f9787a1384d32587061a6e8fd5197d6f4b5749f5968e2ea7,train
01d5e98f75e483c0bfd181acd2edd783ca2dbd594edac35e8e9f8a9e89093bb2,test
01e0e47dad123cfb1b7ca5f7fe43e469401b869a51e305fa2384ce1293fab156,train
01e2c25973fc4b1c4f183cc301555603375f432b02e1f0c1521128c4d27d59e7,train
01e3bc1fee6cfadd6b21eaa67bf56973d57b688ade0db898ca742c0d6ca06dce,train
01ee9fde979477e9cf7a1ee84ecfd679434b7c083be5a3ab595b00e655980565,train
01f8ede93e15d74e5cdf0b02a8893cd34b83de41d8b9959412e967eee6bfd32d,train
020b086ffac621fedc273a055d4819c4697559504d2b2df2bf685c8bf334d743,train
02125f1b6e48c2bd9b8b3a12736147a9a3a27bd7d310f900bdfc3ec744e632d5,train
0214f376304e4575673285929867c03abb0092c841173b89fc84a7ebeabc29c9,train
0228dec3927fc3bccfe36437104e1e4dab6e94db5dd067b8bdf4cdd86be44c37,val
0232c353196522af6c4d73291b4b80efd8ba6d4f77da799aa1dd3b5052778e2b,train
0234f8170abb5257753005826d43bda11c480e630f499fb07f93e70651a989a3,train
0239f3f32040af9e571a3e87faa8baa0b462ec46a7ca0a5756d3d4cbaccb4ab2,val
02498a908e4297194b57bd3ca041e14c96d4c5f6889e7a367434d27e5b87bc61,test
024c9b6546623f5819dc3eebee64ba0637a5b1dbacb46f4c6efc6664322a3784,test
025f4316f86866429be460491994fd496a175142d69fe333640590a3b4fdc40d,val
0265830362383eed4d8520594b3b84fd8bc1d8bfd06517731176854079f4da6e,train
0266dff0f07dee01314b27fc1ca3aba848583abb4f598f54dda089abdce9ee03,train
026fa2acf0c46005706d7fbe1ac006ac75c16767ebf6774ec14e73a4721c51b2,train
0270ba6fc6b46ad433ebdd5271a51d9f641f7806abb2ae516ab0e9c0a77c56cf,train
027298a27e3621e4f12cf43600cab2a93e67cd22e5bc625f356e0ccacc336f33,test
027fea87d3d9b447bd3a1037d1a0db2fe97eea572bffee9b7f3f60475df53f0b,train
02863d758027d58e660989d65e818cfa88d3c54de0b4a23ce68cf86815b5f0a8,test
0287d142aa817779c9ea6b3a96e7a35f72f92536351a4758a53c7941fb15938f,train
028cb7cd584e0bfb048694fa1216f8c2c198bcb3c796020c33e7d0a25437cff2,train
02b391dccf744715aaf50f96cdfcc58f3d4878feb771b7d810d6af4087b1f3db,test
02c0e9241a0409e61c7cd7e4cf69698a33971b407aa9b66b4ad73360ef277fda,train
02c3c083be332a467fae41f56f110a8b5a5ee4123e28b1e36d242a54c8819a9d,train
02d9c797d95de7e6de2850c5fee03ef194af1306a0b76912b70b0eab620735a3,val
02f3408c2b21b997173ea24b1f41c21041c4d02ec6a2785bff32a992a07af718,train
030baf96539b50e91717a9ac700f0f5868e3f455d828152847baae448346c5f7,train
0319b2220d3ee3e607bb1c00d1648ad5afb62378fe3b6943ad4e72ecf924a3c6,val
031e07c261658b1670da087276b85947f4e9c596135711e450901ca2dc40445e,train
0330ca1aa1a8abb499be1e57ffe62b63e40bd5065a3dae28beb803253a3a89ac,test
03328a28082208c0efee8f173e05933b5fec6e3ec8ae9502f8b96a8847db3620,test
033b126eb2e49bf3ffa373f89d31df2257da1552854183edd41e104554d871d8,train
033bd5e2c388e041d7b6b90c9362c0539aab419413105a9f7d4929973595774f,train
033f133286dd96ed3f6dc9a238229f27e327044a7b7b256f712123d9ab80ec82,train
034520d9bbcee495f783f89df381e421fc2e8e9926718ec3540b1978b2425527,train
03578d0138e5f6effe9b287907910b3603d9e37e002e21530c720d9271ee47bf,test
036d1234ed1899eb208c6f1a23e3c288218654a8cf891c0985e91c4d349a2df1,train
036fb2afb83d814e9686362f37d86b572aae368815bb6fa1be160f5d61d32f7c,train
03805562dc4770c4fc36ac41349b2a7b7e031e9402f3b8447f2fe502d44a5f11,train
038c2f2b9bd10e81bacb90a2253ba3341816cc39794c100e96b42e71dd0ea564,train
0392d716a22ddcb3ef07f235375779685d30fff410ada5e9e0ce07a7643845be,train
0398fb8d8a1091307a4e3889ee1e8db2d638463e4a1db6e8a7423b3036cf0e10,train
03a6e67b8f580ead430bce1dd6a16bd0e7e4d0cdfa1f25298c76fe943db4ea1f,train
03afb8142618613bc3c5f469d824cc353c9d794db2a9dd588686459ec9a90f5a,train
03c67dc42b72cc9bb2a7e0633d0716f44a053f293db20cfe29ab891f0bf6aebc,train
03cf93d07cfac99594cd95a270c1da0a9018290774f2ab1b4ad34891b8b30b42,train
03ef790d2b583f62216b77ec4d57ed6a61078f8e35b2bd2c581f03b8ab5663ce,val
03f173847880ca402c8247e1748f3383be3f38ef7909f9cd0b318cf8dd0dac81,train
03f7ea3143dccbb532743ef8dda853b400681779e680f050ee768745b52aaf7c,train
03f7f11c58e5dcd0ec56302ffdac7c28306c965dcf71f9606a869fe0773d6b0d,test
04031008cf8fc6f898788f0311f088928567c24596cabafbb02dd76d02dc59ce,train
040c94e9656b5777d0cb0f1a99c991b482f9a06b12dc0b90b28626c7e5caa413,test
0425eba3631214b33997ca082b58db4063c5079c24e1da327ae43d041a78bfcc,train
04384a9dd1e1038bf63b89db6817bcf05f15650c82dbc91ef0f5ddfb4d7b4fbe,test
0444e5a062f8c8ef5634fb789a051dc7ec9a77e3930358dc7e81ccb4e1ad3bd0,train
045dcff78b34611e33d96abb6bc468cc9547ea460668e0ce3b247ccf1f823f02,train
04605a1461f158c9aa0ac559bb417773337fd25c46a0932ba812543903ddf9c6,val
0464eda5c2607df5f0dee8e91d096782a154215629028a83c077a46a691f2931,train
04666054fb483d4a0643b8bbf0c54b1b65715fbd4c8402ef93c264088374c30b,train
0468f829447bfb609eb79d24faf2b91895be9f11561f8865d77e804e639c61c7,train
04836afe8c121cdd27a6fd918f0197dca0214ebd7cc4d793bc4a3e10e04129ec,val
0483b15d3c891635afc2fcfea96d54b18ea458138b67ef28c1e7a526d507011c,val
048418e0b4cc1bbffef0eb414527eb992a360f700539294e2ebc73ae95020dfa,test
0492cd4a5f4241f6e214e5715f76d01f92f582c00642acb9fc88b8c5e72206e1,train
04982dd30fcee95249f5debfefe9d2c29f6448f6c77a17fb8f9ecfca7e10caff,train
049a1f32a9590aec1147047215a2661063667690f2bf3fedc9b4e724767b43c9,test
049b3de740be8993bef1e7dd743dd7967c5c75ed8ebcaa7f1baf5d01d298a17d,val
04ac5e6bfe911325dc0aee793f0c5f983c57b8da089115208d5693eaa6a26730,train
04b5083ed7769c8209a1b3ab889448a767d9f879368b1e37163c271c2c019326,train
04b889affc65196d00548e1cd5876e5bb51bb9d9551ec17f176f118c444a3532,test
04ca24396d0edb38bf84449c02a92fe17f6684e2538d70a03c9a553ba71ab5d4,test
04d3616fc7a23cbb3b171e755afbb25cab5d500f49ea96da9bbf69238aa0c83c,train
04db0b9c974ddf5f0d29388d43f1459dffebf80b1f8770f64751d0fee354781b,train
04e8b329efc3c6a1a5fa511db6fa3b0de6846dca0e1814b7912e2165bdb452c4,train
04ed8f9e375fea2714efc2722adffb970628afdee2fecf23d5fd0f9403bb59f1,train
04ef3bb8a1679ea20f9cce132963cc2e69217ea9eb3fb108292a466526659515,train
04fd8b5f016db9b7fabf5dd3915964f7a7f43c68d496339f3f98f23256ec31c8,train
04fd9714f9e94953433c3057e52242595dbf8e50ebb2e987d1c0a304bb4903dc,train
05005705733b377bbc973b77d17b31a712381176cd9986806bbff038238ce70c,train
050a848a2c37ee630f365a45487fb0e62f3c4f144f76a8d4f5c0234800f0ac31,train
0510e23b4f30b9d5207de3345e3ce08acee25bfd3fa3ad94d562ee715c0510cf,test
0515347bc025bd089b05db941460f7056aa4d6d3980c133d8293a95257e49c27,train
0522eeacb4e2dff1eada9f03f0d6321bf910edb32a6c14dbb1479e7f94f40417,test
0524e9850bf45cf7f6c1b9d3cba085341bb2637eda584f4cd377c2ec0ccf6fad,train
05270584d95a21212d65c23ea6394e519ddaefbac30bee76a3eeec9e7fe7ab5c,test
0529f3612a59e52d4d46c84069cf24cf1510ecc0e88f4bef600d89f4a98d86a3,train
052ad8e88bef99599eb8078d0e22f15ebc20bf3e05bb64bed3ca51dfa61d2d58,test
052f3f47a90c5c96c90be9feb7e70d6453ca96af7543fa4e779709a2ea36e27d,train
053fcd5df3c2bfb26f0c7698c5dcd45873ff7d179ab5a7603f47c96d772cce5c,train
053fe4dbafe656625b132665e6f27e2e13c2d5ab33a11af335f6acb580ca2ea2,test
0555d9e18b988cc69ec0242014ba85debcbfd85f0d703c5f5731059fb1fa089e,train
05627e102622c626b71bffa3fa6561177e1a55cbc9081d9a406af85a72d00f2e,test
05651d084e6b60f7164d38234f499adffc1f38289be7ede7ff384c5e464ba797,val
056e96201b6182a9161ce0334a0f00eb3c680c9de7fa18874847cdd080f95fe0,train
056edb74ce7d27fa5a65f7196707d2c406a1ff19ec1789b2a8f56a08426f3303,train
0578d4be8823469750e2aecc18bb8824f7b613f1c9ed0ded49278cd60ab80e42,train
05c038e38129cbe883241586bbf657f36574c5df401184e4de7ccc04252b4b39,test
05cb3dfd079d4219380bd8668a06efcdb20254fe24e007fceecb15288124d21a,train
05cebd28636838b503cce742cc6ff94f6244f3bc44dfc659afadc740e1020994,test
05dcc669d14ff1ccd114a3f86156cf40aabb5f6e12a96c040d99c2d5856349af,val
05dfab3223376a259b88880fe331934c59a6cb470a9fcdff77d0019cccbaf415,train
05e8733dbcd7c0d71ff24ac4957177a628771e7b99d918a5c3189e2f294f09b8,train
05f62306ad7d750658674f623566299d2806b63c9e645f131abd11485a3c6665,train
05fab1f159fd3b58579fff22b1c375119128b2aa375947ce8e290cc4c4abd082,train
0614d21a2ca6e5b5cbb7e25d699d115857b5f43d86c6c07fec4ac464c3824854,test
061f3512239c8e9249f85638434ee2fbeb0fb1abc64ee202120823408b02ed5c,train
06254061767d0ff8037675ff1b0c35f15735c8b9c5a972de9d18b23c91ded39d,train
062c2adee6b3ecaa6f2d83afed47e70838512433281e3734ae8702ae9a243632,train
063d385bb43dd76a4c0e9544f86685ad6640427f2458dd625f045cbb54b20202,test
065d784db03535fcf22c8bac538d66247a32abfd1fdc4a57d842a3f491eb9ae9,train
066550cc5cfdca651da2405256911100fee8076ac26f2f3ae8538e7156380f12,train
066553cdbc5b1056b7556fe3a72774922f6ce35db7e4b41383cce2fe550e19ed,train
067e5f63610c4272714c01b39d976dfc0c66be3e81fe899fffe65f1712d2b238,train
0682f246865825a5e204b279ab3c430d72a3d7134ee1902cb79f1c98948d4c6e,train
0688edb4b7de49d3450d5961fb1a20a9d648cc23e5ef5cb9a5e125561f0e79b8,train
06898c81f819d25e0aad8f9e5002512fe72c160574564d52aef12dd31b2ac5dd,train
06a47bc0b6b70d5214656cd2f8ecc1995cf74c96f7bf5f86c77f89f204686d4d,train
06a8bcb81713aace78d17d23249e74484a520f50ed62665561133ce72292fbf4,test
06c810ab335141645d4344035867a9e802f87ec4c96037178f298cebccf01467,train
06ce9cc8ccd14bf435a13ffbab70310a90ae56a071d883620134f6371dd61f19,train
06d99138b63b598c76ea9b8bc725f60d59ffbb0093fe061d64c56e972e06f060,test
06da13a78800a6b7bc8f0cbee733bcd177ff7fe6c481827668f0af83bdf84476,val
06de47a396a3a50809ccf9c609c627868776414e7b6e8d0cfd853fe3cff99650,train
06fbbacfb1188ed53fb1df6f15b32a4b25108ecdb35087456e249718e0f3357c,test
07105fc8cefdf538b1b26b44a64fd62a7b435fadb2d13f87ef5ce21098de10cf,train
071b371e51b0667be921c21f3cbb7e2d866a74bc788296dcb47d3ba61e67409d,train
071fae8209cbf8852b604b8d4cb9e131d37cc0f2f3c036230b2e33e00f8d5951,test
072925ed11a5d9066f2fd5230d32b89ca3201e41c2db607fb4002b2c8e7af883,train
072b6f0c35c79a527c141e697e0905b984985fb1e27cc233c24b7ba1a87b73f2,train
0737016e190258aa2285f11305dae1690b677a8bbb77d853d6f43d164afa1179,train
074a9ff4c19efe31f236ef0d5bc474e06494de7523620ff168106a07a22c25d3,train
074c150a43bb3725c592ed8ddb4f9244eb905a465ced572c441d706c95b266c9,train
0755ea03d1fc8a1eaee77c68290751c4b0ae2007bed78ae1eabea7b9bfc60dea,val
075cf4e1b073679fca8e3d4eb28c6efd4f661ffb7f099354a257792a053325ac,train
075dad3197b0b21d8d09f3c164d0527a47f03d1c1d4e32dd7c57cc8584b92613,test
07645541d6dc9b918068b163d4d89317e92d5f5a0446d55fef466f7a42236c90,test
076a8ecc55417163d7bee194a7d8943477a76dcc7416156dbf5ab14eabe70568,val
076b165534f6e656b904137818541fb0cddde0d33548b2b187c98849d3098022,test
0772839538eeac4ec74c0a35047215a44577a44bf9cc401084954d1201d69b8c,train
078538f035c07b3aa7daf3fb49f4515499dcf90d3f8604129260460ed24b8b71,train
0794b799f872243b13e7cabaa208c1e484393776a79b78b0a619a4a92aa3a006,test
07a4a46a40bf61ed688250c81497596238b4c4c3654f0adb652396906aaab7b9,train
07c4a2b08c731fafd891ec67146b914a0d6f46da1ea57a6ae83f5721711e5fb1,train
07c7e3d893e4354f5421e5a1365e6a4b81c058492b76df8f7fed3916fcf55ccc,train
07c8208a463c095cf55c5b7915e453dbf1f0cc222a6d8cfb6966cf3ee8fa717f,val
07cbd00fd7db9eb432a0ce6a69b0e8c801a86421ea69fa415d9464f0ad502697,train
07d8699919bb6f432969e6bc2dd57c2626b1fc33a26386b0f42ce4766a7ccd21,train
07dc69b69a72fd7fee886b4d7919422fe05bab1bcee84b75e7f2ddb04deff838,train
07f0cb4905a2321dee7764b4c42cec9323d487c9d136095468a4172eb4cffd25,train
07f6e215d62e96c1ef8f8d4b678b644e09e239295b1faee4a4979eb9abdb0209,train
07fc38290015fe3e8819880df738baa86b01c615c283ea29f0b50e103ffccb68,train
08070e35a5db8a39b873bec7a24fba1798e8dbaabba73c0669a5866aab462145,test
082054054ff6669198bdf4debcfbd44588375c97e4dcac5996303d7d78cc7bd3,test
08301ee8d85dbc6263689d29ecbc9231237fc81c7988ca0e15e853ced35fdaaa,val
083b2235f1fb5f98542e6973a8bf2fee834df26175cd461d7a985479ac43829d,test
083e9efd7d599f05002decab2cc9e7dbb3855045af9c53592a5dfe25ba5f4ae1,train
08668096b9e2d3cee4fc7247e3ed938fa0e93018e24c7704a923b104ff4cb789,train
086f366b6b5646815b71b4fa6bff1dc2477362a92680e045c4e947fa6f6548a9,train
088716f238a6e3692a408aa568d5301991f61bc504737bdc0f4a2121fa8531c5,train
08a07e8c328f402f330893e5572da51171b8fe7676a5dca3c093a06ce0ecd360,train
08a33477892d5ec7d6da797c86dd101fde16629bcbd5371a1d3923c27ea68e92,train
08a794148c4fee2508accc214fbcd3202af172b5773051ba8f76fa663eaa6096,train
08bb313c0d638759894d26cd42c90c49e69f5f86f336016e581779a33b229d94,train
08bc40b8899d47e19ded310bd5e01126b07215980539428310518fd341e8f760,train
08bd13e64a8701c3e39897532968ad0d3aad4c354bb9772f9ec12dd272a8f924,train
08c20d5dfed47a084035f9989a5a9da23ca75e45c27be4a4fba5fcf4f9dfee7f,train
08c61ac7b1ff7398403978dd9fe1d9b70ce8b28aba456d4fd205f8e15feb065f,train
08c8257cc1c8818637d3dd26f1245f54a27f827c7fc535239e0e6243a94a4a50,val
08cf8019541b6eb9cf1e7f785b55f891d79e18437ce63226927f9de6dad562e8,train
08d016d6ffba4c3be61b2bae9d13be7e2c52a5e483aa91019c99ce2d9e35e58b,train
08e1b516936b291ed8ad4dcc57712e1f0ceaaa57bf219c9b9ce98e97a7ebb72e,val
08e56d437334e17b38e9c18fad6b1a464047e25ead3ec894420095edfb59b938,train
08f0d6bdc718c7fd649f33d164227107a3e2f86f86249f8c73291542414b05b9,train
08f3b4ba7d7e0edfa758dd23c8534680210794179f5c002138ca09e2ef99d961,train
08f3c6a5f49eadeca97c01735211cd1d07178264ef0004c16889e42ab24b101b,val
0907b0066b15e8c0291645e16fa9906426f82fd3cf96d7f3f49c1c60c58c906c,test
090d7018098f2347ff28de69c4828bdb6cfebf8524992667b1e03b49c01353f2,train
090e6599b2dcb4d42c56fd5e0b1d2ce1854ca3df9a234b29fa72331010eedc37,train
092630f0015c3962abffbb796b972520492311a724e299da71db90649a078870,train
0927d3438b5eb1579a3cd97d84cde64f3aa93f50aa7f0a8ded88f5816c307e37,test
092da7c1157fe385f4ae2668a4bc62aef12db82d9d09036004257ea8773a67f9,train
0939a66cce19289a817ae80c6ea17fa954f95f0102946594fbe586174841b871,train
093c5a351fbead000d3d135b7d3740c07b12288b80b762a7a9924fdf0241490f,train
0940eb53d08a80aced3ca00c70cc7d998aee6761681af22a53a9066742d4e325,train
09486213343e98abd8059f21431b14ab6f67c66909b057ad56c25d0467bb623a,train
09509c56921ee0883b96a79e58e8d517d6f092414a59c8b7b3ee590609937535,train
096004d0f4411a9e25b0fcf9f97ae9b0af13e504bcdf89b9866698cbb5f23519,test
09640b7be90466bbfba2caa0a6f91caeead4fccabbcbd2622a8fd1564700f63e,test
09651f0f24dafe3fb94b5aeeaf1a517058bb7b03043b42190add1540834951ca,train
0972b763a2a1b87432134e767ed7d34e3dcbb4c6b0f1a745fd741e6c44a6229d,train
09740bcb888d094b878ca9ddac9216ad98969c56e78b26bb9ee8bb0520a29a34,test
0999d82e21e5fee684ab1abd4f1aa0f699916db7dd9c6f9469f1c80b52099cd4,test
0999d8a4a2ea0d36a79948ed76eab11ac493230f9427d5ac988c27cc6ec7a240,test
099a4fd6c9ea5e052f86c2347d40144db46ec8abf5213085c2b86b3e1256c749,train
099ae46d69adb6f3b74fe31b48b9d8a7d11203f339e8fd5d623146de6ad1f1b3,train
09a9f0a2593c8bdb8dba8f1c6c766185ab9c7548f866ab5191409136b37133a3,train
09bc8ed4155464ea327b09ff26b35446f92cd2891d0ffe387fa516027307c8e1,train
09cac614f69920dfa9efc2482e6431586d69b2b9e429e60c6369016144e01dea,train
09cc6c072fcbdefd8a6cbcd8d8134dd3284fcafa98e5aa9a0c6728469f55e97f,test
09d9fa57ead19826702373307e0283b96470180bf8e82d96a55ee194babbda56,train
09e1c93133f5368664bd6ec9aa190f7ccb15e51d582b74e827cdc9a932c116db,val
09eed2a86ae5e163478b07f410d70736d0c111fa00338b7c00f06a8759078a6e,train
09f0cca8441407225dc48544f64f0be1bf7cf8cbd1242758ef9e336aa6d3e6b1,train
0a01fba181204ec9a8994d76f23e0eee322b4839cd1137f71d7d28c5cf47e757,train
0a076de344775192f9b273228113ad6726c1d9b3c15beaa40c0742f00e852924,train
0a0ded56025e53cb0559e18295add9aee6964fce4bc1dd4e39f8bc345038b97a,val
0a132f187454c5afe6da45e6d1a84047e3c549253cda256a0e3a5bb2b17f21f2,train
0a16cf651553f9d5acf7d0e65112dde55036024fabc773edb83ed3052b28f4ae,train
0a4aaab32356414bb26e2267bbec6128868477603f1895674e6ea95bcb0f03f8,test
0a4c5a2c01ee72748e18774ee7f559baba81ba200ce9496c356b1b279cd5740c,test
0a50e899223d11e5e5c6d29463996f02e31ed45a9ca33048c26949cce35f7660,train
0a75c2a2047f723918b8649ce4cc8dc8fe3eb25d15c1146286ff6c6f7252bacd,train
0a885444b5a4d7d6cce53dddc84b65b9d9eae7f085e20b225844963141b425f7,train
0a89cd37926b445f314067e352df7ec30ecbffe3ec61cc861ced93fc5c085f39,train
0a905e306698a9e07917a295c053188e9815dfcbda9a951be8b8ee34bbc6b21c,train
0a93ab21ff5a0e9214606dc577f69ae7e13a77a0e0bf3e497ae924806d358167,train
0a93ddc655e02ae80f587072cb1e3f89e199a995aa38bdf17227936b661519b6,train
0a96b3f2c46bbf2a59cf891dbb2e5617ffd1324e3999f76924ffd266a2f70c71,train
0aa6836aa947fef8f9526796d734c132e7d6f091429af6c61b121878c9844b0b,train
0ac54c7bd6d2ddb81f7d102fafc9a9fff344876946c95b7b07900fbb22d6d284,train
0ad2fc1f3528bc1cfb3d40c2c7da15bbbd6ee1482b4c57c31041b5f31981570c,train
0adba8b4a14c4ad16eb54df23918279a974795103cc9338d84e2fcea6a6c7940,train
0addd82584b82057b340cc274e20dcae68ad79a13ea5c789e99c380d70260da4,test
0aded24ff36da48d0463a9312e468d31e74e59952272ebc6b3a1383dd98b4b2b,train
0ae88d273f8d36a681d4a3d4927d47738f648b349cbf3d644b7b19d80d602eae,train
0af8c8ac10b5d2f7f8e8745a456df2ef6468607c2e8e2c93994f813262045543,train
0b105c7e9ace6a84f82635663db47c8ea8e43b49474e13299acc366d365a7435,train
0b1c75f5115b44e3e5255428560632c1986e2224b54cd489fdf35fd8d98332b8,train
0b2b11639d4ec898c3314aef982b956c9541535ed8543861672b5d714bb4888e,train
0b41ca5493c85cbceba34543ef8b7fa8768ffe2b809158862966977f94bad912,train
0b53a230b0bb91ce91857287a3ef368428132c92699500ae0fadbe37a36f9cb3,train
0b54262fe53db9bd14402b5d3e5df632edffa814aa9b4c909cd3804a2827fa78,train
0b57ba94ee0263529ba1f0e1e89f42472c41e01b1101fe9d273c10f37791006b,train
0b5ec77659015882d6409d503e0d222f82116a33a4c6fb9c031f3f76a9595ee1,train
0b6b146b65d1a74e8e2ef7bcbee81e59abc49b9c70f88a7b4f3d88560b5290f5,train
0b724a6d9a0b9ee43b3917d11f5b1b49c8d1a442fbcb95494533b1f49eb0b3bd,train
0b7af97d5cfaf64875d9c79a57d93ec1c79c3a897e47df3435cbdf44875a1ebb,train
0b9299c47c4fd957d59792e305879d49b662aaa0eabe89a18d5ef3cd3955b898,train
0b96b5af490bf0425445662e03bb2ba110d9914b736b42085e3d6c805c6e2764,test
0ba5c9fe57b137bebef9770e3c65227ed5acec11e6c84566a3919c2e23641ec6,train
0bb25b5f524eede11173029d45a9c23bd70ae47c4ebaf0bfb338d8415c7d96ee,train
0be4f2551114a6e8fd56b6fd1ad7cf76a6cfddcf36990151fe8861a55a9b0d1f,train
0be725384c967736face94de5dc902cd978991563aff5fa96576ad5bf186ea15,train
0bef498326ae8b3b8abd07cd2c95972580c910bd75bad0ac6aa28bfa76222957,train
0bf2d3c439c9de322626dfd355e74a83fc764167b06d894c32d2ebe5023a0514,train
0bf4784579e918d2916426903c13f44375b2c3aa0c9db6b24d5ec8942f19557d,train
0c038e743ff3f84f7d5f7744265c4c2ace6ba1d665d000e2c7f431df0e37b324,train
0c040fece11330ee02c63f251656de3a25ad3e06a248dbbd9d27572981163def,train
0c05c071eedf8528cc9a49a2e022beeb79a9c142e563233cab4dabeb23c6431d,test
0c0abde44095164614a8eccaf6d52a3dc284f4d8c3099ccbf4cb9175601eb315,train
0c20ff9f546382c54f4c02b8e8c3585b119474f84b52430ded5c2bd31f36d976,train
0c22e01131087fdff359492f86658566abb55d80f9a395cf7ca9045233fadbfa,train
0c22eb578e6d92adee204cab366fb7272eb7a15dbeb0c19d0ccb0408f9dbf34d,train
0c282b65f0da682c8150a88a86191586abf62458d3703649ee13e43f4f2d85b0,train
0c35d7282cd573d8669a7aafa28e5c6973ddd5108278a560e74334b5ca9bc018,train
0c5e542c8f89a9d1d07bfb53734542aed2f1b57ba540b018992465cc5c4bcfee,train
0c617ee855280ae4b267054846aecfe529161ef51fb616706d4a70c3df3766fb,train
0c62abefc95491393393c41dfb584c25c6fc5d7711472f48f22cbaf8d4e6c7be,val
0c666f1829a1c7f489d9e8b77d1ee06aef8b2aed45df2fe37aa6d1d9d9c42bba,train
0c7ff197e6b3a97df4359d0e955c88d91e89b4e30746cecfb4006e432713a84b,val
0c883d7311811e8e735bad888ad2283e56b15967deb6b2397aec27d4b27f9566,train
0c956548ec856b8a2007ad953dbb6733648feb9323a83b0554eb196eb2a7c7a1,train
0c9676284d1b7409179bb89924e6d4476439322666cf134827c53ddcdc8102b2,test
0c96ca8fa74e45ae0e87c3b9f59db4c7804fe84323b4ac54283a6e8ed3f256d2,train
0ca46ff0df588253a012264ac8303a45747ab0bdd9ea5539a256c222779dd071,train
0ca78c872c96133561ad6b66a95742a58dd9f65bce09cbec7e0ab537fec01d6b,train
0ca9b77ea2a478f8a5e141a19a4174e69e6cccdcf718823715ce42a668a5ec69,train
0caabe089cecc22f415d3ff27f69bb627582526ca209407c81a15864e5fba644,test
0cad977c6329f44755c0ea919af0a9b597440eb363ef005862e007252d802787,val
0caf241a6bed1dedc30f275de49c6f82c9937ad83f32d1252ad20fb604bf9f61,test
0cb086892a511ea6b618b812c2974c534ca3bf37d6bde0288bc8e48e0eb4db26,train
0cb7ef009358dec4e098c22eb670aca2a4271b5e18fbd2079ac9256950093e01,test
0cbe1220169fc99983ef4147800e54064b18e27cdc63ebd40d9e7e7ccc78646a,train
0cc376376283b07c6dec0e3a779cb705adb09aa7fe1bf4228cce8aa2fb5ccb30,val
0cc4e97b29e76f48064328ccdce88216247c49a2706e10cbfa79697a682bc37f,train
0cc60c2deb14dd928597f8c3b4b5e2e785fce4bc8f3a9b64ff3b44d5194b668e,train
0cc8ae773eb8dffcbe41ed7e5cb9f534880865d7ec62cb10fa4a2dd792d12e32,train
0cd55e74e7c0f190a8b7d6789a6376205f4b4c01f6f60a452d30609cea4e51b3,train
0ce37d625df392b1f969b53775e75da4528cfd373884fc5da02e3708b5750ebb,val
0d01d5522695ebc5a8a84e3fba90d0d41265fa0be58d39a2db590019d100af8d,train
0d0524f02969a46611c3765367d043b76ae2f98fe26936e89c6122caa7df3589,train
0d0fa80d5e041f5d05ce51251718f4e5bbd466ff2af25aefdc86976f82c682eb,train
0d2785a438a4d17e20f1ffc738a3190de5954d3b97a08a6f6bd336ec0ed67cfd,train
0d2cff20576126d3a6162b9d7f78b1c7f27eed6a296bad783c9f96d039da5919,train
0d3227c12b4d5f8fef1518e6da95cb876f4a6ea8cbc58639d9ecc4329a9a7d99,train
0d3e1bc3a2fd524f0a3873d4505e856493456e3d99bb378514e81b59198dd05d,test
0d3edf7c31f62968743f791b478c22fb784c8e0b0817537cfb29bdef1ab32902,test
0d45eb1c393360041e5968f0e622ca15f3b76bfbc23acfbfd3cf2ea41be2f87d,val
0d65db984095a8146076e0dc86b732666b7903102a989de6154d2bebace527a6,test
0d6abcbd3606507856418b4b8c9f08a07043f13098dcf8a2120378b4c42b4ad1,train
0d6d9a973c2deac6512f3b3d3e18296063d17dc4c1a73ab3e7d0f3bca6658ca4,train
0d9c7e5ae7826e4d3dcb7ada6d28e2708ce89992ef90f5378272801c693cee79,train
0da4a10e918acb4c7dbebea4c53bd30efdf4211df30e3a45d772b9a4d1fbc6b6,train
0da95541d6a8a4b86d76083a7e79e8710f385b404f722cbe9912fe56cac50239,train
0dac84678b76f4e4327be738eeacbf3b0c44c821e92657cb5dc05e2f2d42d347,val
0db735210a3f1ac05ce4a6107923bdc43267a9416c43c10c04fafa5784ff7426,train
0dbcefef16fb064c5062ab93c6b143b3479096c0adc1407357fd6cb9e5e08c52,val
0dbe9d132f4c4e3e61185cb1115a087954aa66d129d8c198dad866a933b6ebfc,train
0dc4439ef28758a593ac34f9d6b60a1e3cd5cc89f6ed747399da164e4543a594,train
0dcfdc902dc582f2051cc907d32c230754e628e97441bca131dee6f71f9758a8,train
0dd5baa6ffbf7554083506761878135862967f57e45862e4a9c9e061caecd88c,train
0dde373206b4637560088063485e608026daa7b14a818b4bb58c4455c73fc25f,train
0de20131bcb2f9d43f38a5cb6bc79ea9b5906a3df8106921ca8cd1c9fd9d667c,val
0de963bbb9390e19d12bbda3ad22a0181eb37e9226c29d0d7c7ee7399eda7297,train
0df0eb8deca61e9daba98f8904fa3f28534edf46c3e9a8cf8a6d5b68aed8277e,train
0df2c29dbf7bb5750cd733d4f619b5bf08207e62e6458a1b92f8cc05b9e77231,train
0dfa396759f90892ec4238b60f366dc9c8165a333af2f96ad96b842dbb5de233,train
0e06047e22c115bf48e0ef43a77b3c72a0e36529e32de37eaf099cf8a77ec14b,val
0e06759d81f27eca3038fbf2997e322d654166ae6aac90ac6622961844c50d4c,train
0e0eff6d0f494fae85c8955a0ed30edb32d702f737536e5163017ec07db8c2b6,train
0e137eff8504e3de82e346fe9f3b1cc5439905d7f964ecb7b92c80c7dabea535,test
0e162b470bcf8fd42106de637d267fc5c2ecee97c256f565e331ba9b76ebe045,test
0e1e1e8217c27040b0f165b91ff6689177c10c9bcf4c60c935dc469e8f327511,train
0e206b25ab5a3bbd1c38649485842b9cd2c71f1df6fb7efa75e38aafa8e110b6,train
0e2b914271f9a6206018d1ef110d1c851d8b464029b55c8ca33d5b5a971aded2,train
0e33f02c3575fb55572900cc645d441ddc65a81677edfd5c59e65e14e94db5bc,train
0e37fc9d6c759a2243e1f9a4a91819f15454fb979d5b8b30c033664c1ab1e1cc,train
0e399bb08111d4b73b9e899b5a27de17b692f81f42616dc7b184b6298de7e766,val
0e3c80b8984e5f641729ae86bc6c608414604908163bc67ddb2892137d1972ce,train
0e472ad1c3ba097c139240c4a331adf048602a974091aa22525fb4aee867ad48,test
0e6198bc721893a532ccde0201e07e0de111ebfa5beb05a8a07c54ef27da3879,train
0e619d09e1d4defc27361b960b12a17b5d9fe36226182ba18b24f2e980221c54,train
0e6f560aa21ce8c0fcbe3077ff237e0dd7e80407b787cc381103fb1cba51984c,train
0e7332d4775bcaa92c061e20e85d3974f437ae8abcdedf8a38e038855f4c252e,test
0e798c3a1b87efb9e937bf33f4ed49baa6a883720a9c1da107672b24865f801b,train
0e811073d10d8ed577578dd7a8a3d0f9638e48a90e7ff9d31a275e8d56c04fd9,test
0e8b06821c1faaef3f7c5beaf37d9ce6751066edc4e8898eacec43444bbb604a,train
0e8d2d590bb2135743dfa24ae09a89593f938abd4e89d0208b5a6ecd196743e0,train
0e8d64b2809bbcc69e0ff992c0eebd2148d023ab83f3f1e7eda0531a3158c529,test
0e918495bfd7ac7a98754f8c9ce38830d5df6888dd832aaccdb802d9d1b446f8,val
0e93566cf3ed4992a4b0d02f147ac7550b408395ba522604ede3ac4b1284b4f1,train
0e9d4a45707b074a05e52e7af120bb02d4dc28ce319e1b685845927445c9a9ef,train
0ea08b8402761152a2840229e2ef17d3f851359470ceb1feb72a064c8cae26a4,train
0ea220c810de5c52f2de5d82bf611086109d5fba86c93dad017617ce453c3a7f,val
0eade080f7574b79fa62142a5755e9981219fe4c63c35c0c6f5cb17bac297564,train
0eaffeddaef41724d4896befc8cd06fc480caa8fff37d053ab2612904c46b2f1,test
0eb5183168b120ba265d8ac49ec5398bb7f2017f11c086e9490ed244d0aabae1,test
0eb63388789412dc306064d1adc9ceb3ea03e125141417ffa0e3011c1762cbae,test
0ec210ee10782f816b4f23142840852ca86ded0572b6a6875458fcfdbde0a630,train
0ec22917486c38aa4c09331aace056063a2cf5e4aa9739749e1c77cd47da6e90,train
0ec2d96dc67612c0c796df14ad69b3180fe0136a2837d12520a3f641326a33a8,train
0ec49362b4345b66c5ca6880eca5976f298b5abb7af5ccf73f9081b33b7e1435,train
0ec968b61f1b47c4ebca0ad1fc9dc3515c374391e3cd2525cab4888f3d6fb7d2,train
0ed00102ccf1452f95dab97f0fb321b1598fb0ea5daf71cffd3e5f0f9596e59f,test
0ed2b600eb645bebdf40c07de4e27c02a03cace379491e8c85cc79737fca43c2,train
0edb8ff4671fe137bf23907e158fb4692853bac1e8687b87ac5d144a525c89a8,train
0ee1eb48a97499b7bf3690219730028dda3b145a7f81d5a06690983985965c53,test
0f0472c71029336e190ada30c55178a5929113c54a0e3303953c5d0ee67bd2a8,test
0f0ae18bbbfa8640f0872b21bb77b8fd3876cb8ccd1ad014f750c3d5cfaae543,val
0f1192ac27f70d25e0c3dc7e35322775ccf2943e02b0b1fe2c4dae3dd440516b,test
0f228451c8b04fc966486b5a6a8ff8727ede318a20105a67c46281e033b9a09b,test
0f2492b9f60bb52fbc166ae70d1e8d1936e620a41f4520a8f12b5cb59cd0de72,test
0f2517b84c2e5c7fefe61ecc3ccc613f36042280a79ab191a856e8ff93019c84,test
0f2ee784c11cf452df6500f7a3421db17da922b853e881f72464252f33cddff2,train
0f499d402951f2c048e59bd69967b6f86fe547aa83b4805ffa5b3e4216d083cb,train
0f4a40e5d71911560486002da088d47055d73f18dc5e367b76e6ab37fbb9c908,val
0f4b1f8c0b1dc437cb5934ad93ee7959875d40027b1c83330cf0aa29c1eaab77,train
0f4cdf671690e103a025a28902beb76b899d538725e82af5e43bf7f34998c385,train
0f4dafa616764df0ff3e3b500cff410a628a873c7da23f0330c95123f3f21934,test
0f53798c40a52ef01d7e2cb25f10b7f3d323b5817cfc59f18779fade221c0c41,test
0f54eb0d65862c852ad0f36e0d979a5e8d0a63dd3a985d22c0f2f3987bbe51d8,train
0f5cc9fcf4627f709a9df85801da4ead0cc9149d2aa9ec271311c77cffa668b2,train
0f61f63dbb48d60392a399007c4d68adee2a619fe51112bef28a6c3a4411c951,train
0f624f2f36d0dba3f749978185d12cbdd17a1a39b8dec5639aa084afdd3262d7,train
0f62850c09dac41a3c641c1e224aafd4bc55239419d24b27674a8df47426af72,train
0f72a409b867b0df555e044f7948fafca4c790477950e0b4a4a4271c10391094,train
0f7f8ae1ab36a66d1765c846aeb445a9e09c6560b8775a3177f54f325d5ef7c2,test
0f8f58544372113284afcda89c32e80e368a0980c86f23d490710e07df9ffd44,train
0f94a65ed9719a8d7381fdc8e2c070451a976f89fef28409351f8b82dfe3d652,train
0fad085e6f6e78e7da1c33ea3effa7c7168be4d9da35de9da54ed5d874c47ece,train
0fb43297e2af3fc49d2683f42193a50c41cea9505db0059de772f428f94e72b4,val
0fbca7ca234c6988a34f4d2ee0b6423a42a2634555ddee596731ced87245fac2,train
0fbd108467577d9ac4cb580650caad201e4ff1e92b64e4e5b357f202c468aea0,train
0fdc51c1ccc0b50ee65fb693382a8fb71ca1a35aa7b8ab1bce767aeafdbf93b3,train
0fdd1aba0f8dd69037befabfe138bd6e8674a7afd51c962695f619d95efdae5e,train
0fde7a435fb34f1fcc7cbdd3b9db79c8faa4b620c6b72a5048fd44ce7ec31452,train
0fe58f96f6455c6dd82b2686e92b08b3731f372044b05438920ed559dde62bc5,train
0fe603dbc63b38d104595ae976a37cccaaf0b806695be0a488039581d8d94126,train
0feab0c88a5cf9b3739cdf741271190b23dad4cb20881abb192c8e0fe53bed13,train
0feeb9ae79b00e3a7262619783c1b09ee947ddaef0bedb55b2423ecef491c8a0,train
0ffa8956873be7de6aaebc5edfab192420fb82959442a20a6a3fe9ab4cea823e,val
0ffab59f6c2844a6efbe9e3b1a1c8b324e69aeb6174ebed5fe4939530c5cbafd,train
0ffbf129d8b5b3d5e88b811aaef1aade8ae08e99f22ffde82fc6d2873d25a7b8,train
10145de2c386e60ef48dab6fae6ab60bf20804c13ee16352057358e459d6fe04,train
1015d27b68e50d0de4e0a7e78f7346bd802c0186ee3231271899d646b638e646,train
1017d1683aaab42fb26f0ff2f1b88a74b965a3f8f40484d8ac6cb366fbfda6aa,train
101dc2e38be1163d92df3331bdfc1fd49416a2796a502bd78d8044c6f15ff18a,test
101e26da1f6ed0fce81afc0d417248c27e0817e094e1ef429ef528d1902ecc9c,train
102100c6ed8295be9cc32dc75d8dd791df7c37773e96bd19448d8634dabbaded,test
10242c1a4fd0691046f9a866bf51b76a135902571c80fbf5b1b41ff597641475,train
102934d489df4d64302b7c86c27ca8bd1c99074e56f7b2ffe86f207f08c12c82,train
103451add809344736dbc7279ac98dd8392a26179846889ee1b9e3a7970d799c,train
103f472e31e7fa5a5bc65a9f7e9322b3abee0a6f07e0a0938771922def3d7600,test
103ff74966cdf8f0d6dc12657eaf4444ceed803a97adbe4bae62f8403e4160ea,train
104177970878a3c340f9955ebab7bea82d87f3fe102900bd665b398b965baa84,train
104706e2e83d222221b40a505ad9bb8217b64e9aa7762f3913b9f6fd5b005186,train
104ac22958ce5be1a3609c0b30a41f18ae777df941bed51dce6555b8e0477303,train
10588dafc0803772d34392c29f1616f79cd936b4c6526e24f0e24c772e019c14,train
105905d099f4ce755959223874004e3ddb41ceb4d2d56e76ce905c729fa9530d,train
105b0c806589ad5d46732d953cd1a4d1a3dbbdaaef4f54f9c7820e43d2f1e46f,train
1066c2e19bab5d850241c4f13a12be2f46c519fd6115ea2bfbdf8a985f4fc653,train
1068234ffc487a6a5ed444a6caeaa06e51cba6137320b0b1a05803b261ff2719,val
10706936cb96b965d58bf5b2a85e5c9c3c90afcdbaf9cf608ef78c6d1d6a5b17,train
108c80daea3686f7c40e6efa09a04d655215e8b087b54e07f762428a76687b7a,train
108dbcb474cc7a3a248ac6963ec1819da237956afdc74a394a1947af4757e230,train
10905285bb5ccdd12f5242c50a0d94d872ac218e4ebe76fd7828a9ad152c9607,train
109c6ca47aad1ee49a299c6f300a47fcc6caec54b2e9590eec464096621d9630,test
10bf079fce2b29503cba3f260fa864e294e2c61ccf26346b1f8332888582e5bb,test
10c3aec15046bc8bb28092015e5dedcd4bbcc27f0909ea7ac7456e387d000483,train
10c6d37e54ab5b9293ab114ba43cd0329bd0504f9d1f89e10972efe87f13ee0b,train
10d44dab54f69cb300bbe05b5385bf18d2edca73c98d95dd2015c08d8ff1523f,val
10de0b1c83bbd79372a3182c5ff27500196ab6f6fcc396f17d5e0c1824e44ec5,train
10df41649b7fb8410cd64b6482407473312dada995619c02b591775c0614340f,test
10e5e8d0ced1dcc63bf3af8edb2549b6476ab6ba37a42c69c7ac169afbec7703,test
10eed3e7b673b653bd9fda4232a4ee68fc03e4905f2796960741fb65aef5aedf,train
10f15e00f349255c2ed6defa3316a92d3143983995e2b61ae659ae0351087079,val
10f84e66e35e13696c91762cffdfb58cad809a55414c7900488f3c4950978489,test
10fbbe8f965a4185664325ac836cf60f3dc7cab7a8221095107e6d5943602a25,train
110280ba7847cec3d4af99278de0fc69f289f7781222f802050fe563e7f27677,train
11178dc8acf2f4b6d3cd44ecbc91f65e5bdf200208d7f2b7c5f5568847531f3c,train
1118a3b68438c87d938ae9e5c91001e4e87716d6f2915497cc01bf1cafd0521f,test
11224ee2117357566b15cce490c689ba8555faeaa00892277efc82e15db974fc,test
1128a61aa122d2631338214458eae658f5e5e749043992d78235046828caa531,train
1131c4dd3e17430affff616f47c9c976f2eee18821928043853cf9f0d0f3711f,train
113331488155c8aad16df2141069cff3bd2697d70c6d8b872c94f7664db3e4cb,test
11393c27e9785ea97b107244cb43a9e3be9b80d5e75719f834dc011c121a4dd4,train
1145318d69e4d6daaf013f6ee89f9d313835710ef09cbab91c62d0ebac983365,test
11597ec2eb82ffae7951ad300c5a8140588c94e81dd349c7c35cea9592775674,test
116089628ed2513a5b6bd8e9bfe517d523b1f5a58103374a1403c18145efbb4c,train
1170b224330825b6b30d4c05fdc2041f9eb297460fba9065db459ef76f6cdc00,test
11791e3e653fe8a20f75fbe5db6773c83f13cd4d9dcb3a531c039dc79a56f117,train
118af682ab1f781809c941e08dc85bb28285549952cf29bc85b436bb4bb834c3,val
119349dc68baff48583c7e936047ea24cbb0de590113fd5e2191642647da4d2d,train
1199266a256d2d6b7bf108a4041cc51f2249cb6bc8652f0c44e952178271b986,train
11a4570077c20d3d212909b3d3feaea40c792bb580f35ed0b2236108205d59b3,train
11ba0907d6f468f504aba3557f6712666be2683f7a1225c1f33af3b24c015466,test
11c15ac525b1942bf3bd3bb984f1019980e717e735f78ca22d34f67efd8c0dfc,train
11c8f5e98496559619974da4686bef07956753639c7bb9aa97c00e03e0fd7582,train
11d0f2f439b0684413c7f7ccd43dbe27efda9b5d6823184de8ce1642191107e5,train
11d2a690c50ae3204c093369ab2064a4a8f5bb05875fe8f41465d44f482cf39f,train
11e5f5a4ac3afa5a84f367bfd7b7f4594d662fdc0203d3c4fcf3108351025041,train
11e6634baeba725590b89e88dda988bb8d11eaffcf043910c5d0e0cee1b44caa,val
11fdfcd47f86dcf0df1a075b04ef232245152020dd49c9651afacbe07ffcaa28,train
11fe4ed9d3e04cbf7e5945323fca659df28b55175d267818395cb792bc139fba,train
1200af9a0c09c9240707749fe40c0c454d938d62ce8c821ee08b696f0af027e0,train
1202c117f530b66a5aaccca1cc63074aeded673382d0cd18335394bb732f8f33,train
12077d259499b21c686a4f5bdae6959287c04dce2d1b8e5760413f9be5230a97,train
120996ec0061730beb5aa0533cfc93fa466430b7616d0cf8f75029c6f17fea81,train
1215cb5365e05cbd4ab0a33a6466b3e4b053e5af8e35eee4cf315ce52d7e74a0,train
121eb8f354807879d2b2cbf980011d30429cde946761172b0eace732a86c176d,train
122e2440380f2946e7a7fcf91cf49fa4f216add45b6f4331575dd7a8c9365076,val
12340583eba3edf0d74c1fec2cad90ad2aa78ef13987b202d4310f5faab07a75,train
123b17d0c632a8ff274b2b3d67a6660b351c6c856b4b485faa81936099e1889e,train
123f9b48d4c85373ba6804b654495acc8768f29f179f721d65103eb086b89a8b,train
1242cbb935e7c444842ca1b1e34583cf28d5924c4b1a012706d804cc3c97cd4f,train
124326b7add67b8456f21fd2f62c00763fe9ac7cbff0ff3e17eda35c49f7c40f,train
1245a3f89307959f99cbafdd7ab1d8d5510373449bee442bae10c8035b4f283d,test
124a3159615bef5f628c3c04e5a90704aea1de1d9ad601ff2f68e839dc1be9ae,train
12540bc1e68adef63f9e9cc92be9690c0c6370e89621bccf7a99152e7053bcfd,val
125a46664fee5eaf080894fc7602dcd45c8c349ce14d5e91412a8524a435c1df,test
125fedb87a2ba29188b30e3396dc03810ca2a65edefc920c845af666de04d240,train
126900e2344dee066b9bfab536ce463e70cd9899075cf032ecb02a088d51b32d,train
126a66f9dd0f8a8499663559ec47b95bc05e7f8550f46c0ee4ed20fe2205e02b,train
126b4ecfbe8ee81e378049aefeb4ab7e8c4e8271fff3823bd668ca8266896c94,train
127539ac1dd1d43f3e9362421d635d312488fb91249a7efae51d5d93bedc09f2,val
127d14db8cfeebce7da53ff0b74863ff2372b88f8ce8038cbe71107f86206600,train
1289700891675fc0c633b158e16ca1da86802a659e12c4201e2b2f346990702a,train
1292a2bf6de80b665dee22557fe77554fca166fa4f7dfd17156cc106d74c00d2,train
1293d6fd2e3da79b8e5d9d8ac8456d5ae921bcc89e94ad38b702443c467f867a,test
12ac537dde68c12164e24ee45456e11f8fa744661313882559ee3902813b9efa,train
12b67bf9e2d415d78262cbb00fc3614e5db4d8462578f5489d81067cc3f03537,train
12c47ed041cebdead48c75046f45e09a662a48b532db2372db033938831329d2,train
12dad4b1d22205abd7fd1c3526e398b63b24412480eea617d232b620b26087eb,train
12dbb416bcf46773a59f425c1e734ce1805ba4b4691c9ed2b63f35b7cf231710,train
12ee8a9d58ae7d925ab6b5412248a1bfa68653883ce1ca96ff270aa3bf8e5a98,train
12f23ccd8d9341ba1b88ece9f43da88552e004fb1c55dde51f57efa7a281ae0a,train
12f42836c8e4d8dc678609a4b1205dd2b9c06083b98f39d01019623457f83f90,train
131bfad79e2d2dd1dd05496ea0b9a0fab20f782361c078651dc48756e417caca,train
132a6cd357dcd6bc6d3cef279fbaec5529946186a2ed689d4b6249b83a03431c,test
132b0c3413b066d6f6ea573c1b4beefdc7a6127577f7521f445c87e96d4d70dd,train
132bd3c9c71a1c8d82186e6398ff77a452819a95adbdf2601c0315aa612f99af,train
132dbf2894a99c65a605e68433511eb5163ed56bfe2a8da174b262cdde42d7c1,val
1333937bfddc2601d5e0402cbf4795e3f7b8cfcae4114ebb10399b96a9dd5b81,train
1334d823d6ae0ad6510a817f6700c18acaa3d227b27711e0d487083482080863,val
13370a595803ce080154393ccd38f7c6d12cbb13fd0f692bafba92e2ad99a1fa,train
1342b309fd89ee6da8ef3f7eef1c47bfefffdc5f6002b41bc283d81ceb5914f4,val
134886a4144fffc67dc905328bd8976d55c9a1edaadb248a095271509c23f0ef,train
135c3b9470b10bba637f863c3d3f568d46aa9ff82f7628730c86443786cb86b2,test
1363fe26f61ad18097c0539cc0c5341d1fc35affde261239c3027209757e96f4,train
136c000895e23c096532e1b1544252d710bcf9073e1a332d2011e187ec0e5376,train
137e575e8041c17532ad84e6be697341f61f7b589de9584f446674572f0d8285,train
138151318fecaefb21d8bf616f1c75913c71644fc7ae0a508cf2b0f4c01d2dc9,test
13930e981cc292701a73997fe6768cfa6e87694a60bd72343df4b394d8f29e6d,train
139ee150ef9c0205cf00a334a500fc0c2823b1633d969ae0536396c5f5dd09fe,test
13a2ab23dc04042b4e026309696b6512878b647452622fd0e18bb709edd9e4f3,train
13b2142c32e96b88be5f011205aa77b8c2d4712021007bbae7834b19bac4cacd,train
13be6a469f40fab62488b3b7464273ec918aab1155b849fff1bb87f664034d72,train
13bf820d33500f56755b4970dd2ae115900259febadde6f3fd4f2babdad13784,train
13ce5acfd69421d4cd5dbefcee3a5232afee8f63cc0827f7a938b8b4b240045b,train
13d164dc1da620bb8f701dcf6e9339fad52d2409b9811f43b361c11bbf7837d6,train
13d8f9ad019e5a25afa870787aaaa9b2a4c8b9b2e836cdfb808ad003df59dfc4,val
13f73ccd594b07424a5aae0070641e99e21ab22434c607a48cdaf058e6b60526,train
140c6e2641676bf7fa945772b0b6074933c72ee52399786880ffc844016d0d63,train
1422647bc689c3560aa86b8a6a1f39615c6782b16896605408d58965f2361462,train
142b640de85d7d583020330046ac9ed8cfab616253efd41742e1a5f816b9972a,val
143cc9802ecfa304ee7dc911e2f0a39c0b3a6ce545641d949846a985b6557bdd,train
14511201e58102f70574447120a63d13b64fe027fd66fef92f583d7e9922cbc5,train
1452cd9b301cb0adcf1abd825ee1147b446da929c7b6ad6cd92930fbe8c8a312,test
14559b9a54778d3951add9e07fa9edb8404146312a84bc26953ecaf5d20c0afa,train
145fdc617108ef3cc5a025cef296f51bd9fada0a8efc31594163a12b9c76bd95,train
146a2dd803110680d1289fe0b87d0a598466c7390e75fbe27c35eb2fdd3e22b8,train
146cddb11932f356d0c0d41ce1d8fded467feb6dd612004820f99274b870f8c2,train
1472dd5a7f40ec23cb1fac750d9366842d3728a2ebf3ca052e5a10f000058b92,train
14898c7b8e514fb37153011a6f9f4d9072e4e604d582cf3d48b89881f03eaa37,train
1493fd99d5d3df497351403d902ebeca6c283ed41f3c64c84a69679fa03926a5,test
14a3859132064895a79dc776ca21d44e0d86a65273231a4108b257790064ec11,train
14a4e247d2dcc6921175c2f41f84e5ed8fa629ed551a9a520d0ecce699167884,train
14b00889de42f350767ffd3c99f80d96310cc7da9a70ce3e0b089b77b043e198,train
14b1f6df3fb723e318682c91027f2ae5f240d53962df30afb2c5d8b0719f5ee3,train
14bc887e9ae4837b1a52a82684f9d20639c84382f813de763e0d8594ef05fd23,train
14ceaed980fee3bca972beb8c8364eecd5ca1bf8b7b4d6e36a6616acb2d822ef,train
14d5613caac52903f2789762a40fb904781ddd4a426a77c8dc07320ecc9c9e50,train
14e6e881f9ffaf3364e498004a611f3a1eae855d44e22b035abd73f6670ac6e0,train
14e71ee1e835dbdd083244173505ffc1c6dc51609a1600ea4d672ed4b0f0bacc,train
14fa035d6bb1e57bf05f8653b240cb7fbed6c44913bedf36106f61e3ddd98571,train
1501c41e906a3ff14cbad84ba1cd676bf18648f12428fc926cbfef15075a8992,train
150bbff0ab517e08f7179b184fb62bd7c4236bd75f5f147bc1001399b4b51a3a,train
150d61f97b8302bd18b610b80061bf6af249a95b533799aed25da48e49530112,train
1521f0e32d4a559789149f2b3bd1fa5cc18519072b26c4c1929d9fac12a9db8e,test
1526b7abd086a13e6b5ebfc38f5d62f7f5179ed6f45e510e065138f187f8c18c,train
15270be23f3784db0985b4d552f356a623a983a0de387412ced1370961667577,train
152b36d5b610fc4619947ae39241e6a13d5f8803aa32c5611eda9008afa9e1fa,train
152f3ee31ec9a6059e63a1bb6ccbfd491bd140409f538735072adb6ebe252bc2,train
15322a263588c6723b1ae0fa65ed23ad10bb52b58cb4d52d5de4f91b7ec00714,train
1538caa0018651bc53986f4060edb6d4cc5679f4784b163f8ce610107f8c7280,test
154329c206c98071c91e98b2d1a903d5f38b07b2d84a92fd4a90717fa7e533fc,train
1545c9ddd65ddca3305e4277021c4015677b13b2bb20ec324cf3c8558674a0c0,train
155603987571a57ea68b261d1c44fcf094007941d11264825ea2dd8b5df23a9c,test
15576c19558f457bbe353f56d4606f39dd7c69a0bcd3b7e0ac721c59a7194ac3,train
1565ff36c9e04f5027e8ff3e3597fb232cd0ac7bedaaf671b4c83479e837d568,train
1566eee256bcc995db8d3fb804a85eaf73eec8f9aa87f60c720443c11ffcaf09,train
156f93a6d64533331ccb12d240fba70828c546c8afeaaa41cbe160589bdfa7a3,train
1570d3f5e65a1e3c72023d654c1f03df9dda5f5636fce235ac400bd6c4938cb6,train
15887cf40efc1256bab0f24272d636d76fdd1a818ba380c845a8095569d888c3,train
158c930458a3c8ed2af441934c77eea228be4c1849ae6e729e6a771a465736c7,train
1591071325c9bfac7516f2ddb5157b5aecc5a7c9c535f49203be065661076134,train
15948bcaa9396d1088283806c4d9a64699b24a19b991ec4b48434873d85f3b8c,train
15adca674ce81d6456449eab888a844e34c88a84808f7797166a986b9a13432a,test
15b110961b0b799cc5b737a5e9d3bf18dc2ffa39d19b2a717e7048dc748089c6,val
15b696c351628cd3e222e231f66b5025dcc4e287c7187f34cb1f56a894628e40,train
15ba47cb23d034be8fa55a9f890f732829f5a5644c34f17239a8f9f374883c85,train
15ba78c8ef030bfcc0eb9791f7b5df5d7804fe418193f8d27efe233661b6b502,train
15c71e07e96160135272dc19fa74181293f2a5bf97f3276cb0083b6784b24e71,train
15ca8b0d17138c49166adb820b711249331ef24deb644a3316a09307ba922557,test
15d990487e094aad9e0d37ed54770192540a34628e782a4e947343202e4753ff,train
15e68d7d8227d47c666a3b58baffb0cb2f1deeff721a4a53ea57e32924d696d3,train
15e7a8c2d807abe48e1d6d765ffdaae2611b0a921e95fa33dee2e019f6870e30,val
15e9da9de5fb3d662a20138b41f3f1e33bb1724b2f723fa213ed4d087b4a4cc8,train
15eafc63583200a10d0b196389099c4b53c8e27a97b2148f56eecc1bdb166114,test
15f1fd47f36ef25e118a7b7d72ca1e64ed16bfb784be9c54d997bc304a2a53c3,train
15f38a77e6605e3dd429ab076bcd67e811c68edc1d27b31a8c6a22dba6e0ea87,train
1606b3d7f0f626161ff3038621bb588e44c797371aa4b02f5cf641bc46db53a1,train
160b82b09b162ccba3073e6b90100e8abb2f2a3e9fb555cb6f1bd2b79ec86fc9,train
161ff6a576d289d217129eb6e56ac3a97ddda51eaac8a3ebb0b8331e5cf4c7bf,train
16264832be66cc951f1bd925ef81f30e818363bf1abf774684db6d630c58df25,test
1637ca0e21f49733b4b3a0d4db8498bc2f48210a8881349d29181873a3783339,train
16568ffb0375ca9033d45763bada5ff205b07d64242cb2645a3baf72c0a28e16,train
1656bb6d681497cb67583dde3bbd018a266d483714f5b744b2ebd0fef6eeb1cb,train
166cf4d823c384d9a776db2c8318a25a1619bf20a90d65307c9f903ecbe889d2,val
16a91b3ee8704c4ed793f6e420741c265af5b6905a513f591b3c0c4734e6305b,test
16b4fcd023ff4489e56fe724827ebea890570cbd93c499931f0d90c314f95b17,test
16c304e0d4d835750e58fc5693e1d6868a858ced9e010ab16109aa73df2a7957,train
16c9a7a4bd8554cfc7bc3a5f2a7c59e68b1e09103cc0268c2a54716b19e68aab,train
16cf9b508c15107aec2377dc25458a2f811cc7b3fa03b3170f5ff50a7e2916a2,test
16dcab7c7c49959bbaa282fcb76af0d179db289f243909d26ce7a216a16accd2,test
16e3d22bbb4ceabc90581cace10de7880963159f0a75e239b023160daa2bf7ef,train
16ed19b6e0543bd5339283ffdbd1f4a9b5232cf1413a95b9f14800556da343c5,train
16f3f8699003c7523a1f05b3cbba3d5fa4b689b9414b815c40b9f92bf019d1b4,train
16fb0cf94ec6da4c480f49fb6de6e32206538883c3c3efb418b9c7ef8d5654dd,train
16ffe8b0940e1d578ce59f53d0a30b87ca43aa51606404fb479d58d65b0440f2,train
1708f95adcb03563974573db348ee529c7ee770694f84ab70a5f7de90aed4323,train
17090bcb28a5083cf1e0bf4906c70d826955cbaf1245ee455c4caa064c91967a,train
171b9e1debabb1510233e2aceb5cdba97e2e9878c968e019d5efc9112337f875,train
1724224ad04a5fb00658c7fd42f599279f3909af4efe8279bac9b31ae72afa36,test
173cfeda1e8cbf12f0105e0e610e231e62a0c0a38458e712a09ad4ed48d54d67,val
17439af04b60e11f71bc09a2f7269a22066297fa64f77d318512a37d6b66c454,train
1746938ea33bf0d425a206f482b45343e33cc07dcf6ac5a9c348900360358a64,train
17482b635f680c4e4f9e77091316fa5cb89c5dca5bbdcafb18c8ba20f01a1eba,train
175cf4fb1c40f147c83bf2d1661ad5fd9e9cb8a65d105e50b676079c83561207,train
175db8cdbfa0dc575d27ec994a98a03316bda50c85ca7bebd476dd35328318c2,test
175f9e843b2123c00f62bb9e7f8fb4cb350afabac3ff2c428b8e9eea5d17503d,val
1761200316a7cbb9ae3485233b3f7b0c3e0d179dc337a3d148ac52f1210e6fab,test
176d4de51e7be9e6a3b4e79217be6d2957fa5739c49b5b9d5ccf53d79f4b61c5,test
1774d036c6df340b4595a02981a032f016cf3b3c4ef91380a747b494641558a3,train
17788d60da54dad075ff2e1a839d98e3bdc6548731b080fb30fd906a829514b0,train
1778abaf3de48f0a619d3faada6b41c3ce5dc7b3d97f401dd34caf2d522a8260,train
17af02d149e8e29a60fec8134d7983e2e61df292688b6f878ca9c367d1ecd288,train
17ba81b2188c49a1f253c708cff5d56be34073ce3d2f841e90b20380aee00cb3,train
17bf7f8d2c4c3f711e31866e16a7e3c95075ae2b11404d8c1110685418276b82,train
17c0147d0b2089c498a49d0b17364dc95fbdd3cd9e378775feb4f972a3b51676,train
17c1f0beb6655d2308fc5aa2ec46d1827027a4f245bd7199a3c128d8e3d15f42,test
17c89bf648969690682dfdc78f0c7a3848fde5f281ba57e983295df1661ec9a5,val
17e4537e911f899a2ee6eb9e36ac7c7caf8500f050845c232b1a2d78d58e7f80,train
17e6a22ae2f35dd6d9b9625720fd3fa1aa528e331b18cf246a9976d322237547,val
17f2746e790965bec26c1bc6795b397ba56cfd1f3b00ee614c44eac411c7a001,train
17f88332564d18b03212bfc1ebe27e96b7dbcce2f60518eca3fd23da055e1667,val
17fab6a902817b53ebce1ce2f9ac661b74ace6982183ecda6803dd4b05a5c68a,train
1804c46424706a00714a9429811f475734bbede67fa89ec5ca071b9befae4924,train
1805623cc2ac4ce66403cbd506b970dac07e997270919ff5c144999c7737acba,test
180d9428ec3793f22b1338d51189c17fd3569b10e150028fe9291fa9cc17b76f,train
181b76bcd3e3815193b0912c94e9e9caae700ceac7667a4cba3e205bdc14fddf,train
1821eb7404c012731d1233ff90bfc9644330918c217d3b83bd2ffdc0234c3a52,train
182c5c4d19b4c1f190a84ee13002b2cff4b93008d0e85a06388a04161f44a38a,train
1836c0ad297f57d4cf44896f706d5600aa2e19b2b5791f38f3dd9eff9145fda9,test
1837a434b1970368e758cb1a7756202728081cd1e4205edcfd494d4f919a8acd,val
183a351b37cfd06c0a2b6baaa6015b6c123cbee5e74ff2ae383904d4cd279c12,train
183b0fd15b6e801a86667ced8efb3e6c6d6875d9bbff0ca1e163fe4f456b3057,test
183b7f5be89af097fccd3ded2514301b91c3c7b2ccf2f327dec7206f7b915c4f,val
183bb54aeb639c3167cfc2df76aa9e9664ec904408ad4006ca7cfcb82d92a9be,train
183fb245a5d44647865b22bb9ed0a8a8084f94a08c0f3fa96157b5678e5fcae3,train
1865656df918b6b5ffdf5b1bda54011e9e3cc0c8d9a562668291d1a84a4a8918,test
187a0b203dbb4d69f9f7ecb3a6b074b864026ace2ec69bfc30fe7c9649305baa,val
187dd51bc03e48ef04453563040d1c5de9d34802f9f5653e91259de6073a60f6,train
1882406ac33f63863f0b11013a6dbf8d08053729f5268dec62a6d9ca3497fba9,train
18841fd52db89193cfcfe6c6305483793422b9ae792adfe97f77e720012a18c3,train
1886421c8cc85fe17be052853c06f4d61cdbd2fc6290aab083feb38e705e0f5d,test
188f2a701e6d22447da946106c8a039d40da029f1c39c7513cec7cf09e03addd,train
1890086c0d57db3ca7cfd6e1f649cf3fcc8d6af2b970fa4d6bee76bb44ef991e,train
18a614ae6dc753bc694e8c47fdaccc8e15a71c93f4becd093014892cc4233e07,train
18b442f77f628bbe00d8292eaaa5268b451c1bd334776488460e91fa6869dba2,train
18bbfdfe6501b76fb3afa4d2a38e8a29b2f231c1081dfca9ee2c7c3274de24f6,train
18cb2eb7fc0734174aa85a22e0c82518c3f85fc80dd579f1f90d25d81c9f9175,test
18dbe115af0bd0d77a486a21b0f9f26d8e5bc1d2196a42ac1fb2e661476eb950,val
18e37e7225b7e3fd262a0f132f6376ad67e2f8b9821ab682e71ef51294e78ddd,train
18ee3e1d22107a47f70a32d8976b68605da9bdf5ab2393abc3be23292bfc9943,test
1901ba02366c095288ee8170a618c7f099ba29f7b37f1210727c899d9e11a7a4,val
190b1aa41ca446f34f4c6317a9b4b31082e80cb55419098e954acac35b4e00e0,train
190cb5a9a6449fd918ff3dd03a9369fe7f75f101162f13ad58fad8f1282dd4e9,train
190cdebaec29514667d9d777e00caaa20c6d90f12bc31c3dda8e0b375e025ead,train
1917d6ca34d01920ac8713e27b37303b96834a99c5bb1a618a41a1d4e88f633b,test
192b375e24f24fadc2647d7560930c62f3c83fe0641d48fad19e70811b11efd6,train
192c895f24cd5f654410f4fca2ce27ea50900e310b221d6783c7bd1badf81b22,val
1931d31b83a81a71d41bf95905973fdde96f9b6e697f599aa657f7a27bdf0bb9,train
193b3cad5e275473d0b043f29a99f9695962fb42c7a58cca2f92cdee38ce16eb,test
193dd2f55950f776bb60dfd60a6825b87b32b06a4a8d4c0deab3d4473ddfbe93,train
194912845f4121cffecc72824e523fb942e15ba6663b22b51c8117d956787d8f,train
1953a91c7d24c3a98d12477d82f59ee5bd782edc271b8d05c5bc93b237123e14,test
195c0de3aedb5117c818f3901ab64034d18961eb407f4c7bf8daae91028f4d17,train
1962b471a7f647a2baee51aa3c03a2eaf225643f2bc99fd99bf9d74653645161,train
196dc26e127696411b39144c14c3d27269493d0110fc4849f4ba0b209ba5aede,train
197256effa47e20d52cfb932d9e4b00daf68c0dfafd35a897cd0a9eafa424803,train
19757c14fb5e449eb33679785b5eb31e1d0e747f809c59504d4f0a9088cab57c,test
1987cdb9379ab634869b557ff49aeb8740d8ae2f3b8a93d6af575490f0e8867c,train
198edb66a30944614bb518ecb57d7fb39569f461a5cc6db583ff613ec2054fb9,test
1997b4c6c35c3f97215cc4e0f966a0bb95a6ee589b3edf0bb40285344e2f00ed,train
199e6fb6afef57d2cda4ca958bb68cbd70a58d047bcd666e3fb52bbb42dc7d04,train
19b4512f1a4f6dada8e61421bd6304841e78e2b556f03cf1f57f24f7451b72dd,train
19bdee25801c9cf23a58c60559fa91c79f4a427b9ff89b20365c8caaca9be613,train
19c3d2a2ecee386930fdb22c6c6f6c20a9e97edc17d014e3ddfe411ac9c259ee,train
19d77c0db4faaa5ada3e3adaf4d006497a2468fff13b26788d2a2b0bf84dd1f7,val
19dd26710c4a72acd19c0c15c9882a256fe651719c4474f1e66c6ca6bf40063b,train
19eb85ee5ade27538b3ff37853a670392b42ef62d788256351e9cadd1154f45c,train
19ef8cecbd9578f024b38998630bde71b540f9dea4551a1e94199db1befed11d,train
19f0f86006889e3ccd5d172fcd703fd59d12decf9853b1aa0e99ccb2321a81a2,train
19f53fc9bb13ae84634bbe8929069a4fc4c7a98da0631b1306b1c7f3778e4349,train
19f897bff012b8e7de91fc5e8918d7fec9ca1a903b853ab5f10e7f635f5aa8f9,val
19ff52256dcaf435685d3d55dc8faee77e73fb5d72a25fdb83886955b67611f0,train
1a014db2407fa287bca4e8faedf58cdb44bc786adc3545edfe3b336ad51264cc,train
1a12d2398ad6433d07c7a3f130fa7ac25ec43660656fd7c69bd1c7628bce930c,train
1a1b72f358f81dfe8ddd0fcc980730bfb02b25826e688df633210fe51f3a7a91,train
1a283b26ce829ac4012020f7be5626285370e328cc73a8762d0662515b805c53,val
1a3588ce4be5280c04f3400651398a7ac4501ff8e79e0da7b6769b7090d80c83,train
1a3e63c89ffcc72bd09f222f7075c8a84b35184198892a7db9cfca266a7ceffa,test
1a4a906d01b59e087b1ce34a02058f1f38cdebf24c02f03a710914e97b5576f3,train
1a4f4ccaf03911ec6f09089aee41fe4b2c9fb124799b4da22862164339b7f4f7,train
1a4fcb402e00d001fba8b647ff0cbf55d890ba68ef2da1e8421e0c9d4b901861,val
1a56daee3ba7c073834b220ebf292cd11b1d83adee409a857b6aad8149e96d75,test
1a6616699a2b7f680e450bac80be4be22a9272bf46cda76e3755d74e269b3509,train
1a66eb1c2ea157514566a2bc87a9e3908c985c35821bebc92f67dcf767bc387b,train
1a6a29f2341ec3ec30c390027194e84720646584b3cc03a0ec2b48b29b48c915,train
1a6ca547d0ec015fc07587a9902486213f5192cab0c8e6d60754bd85dd5214de,train
1a81a8dda80399ef0425e499b633ad308e33f8d0be2654459fc6a19e4ad5f6fb,train
1a81e8dc8d4f997d27b818059271cf798aaa1fbec0f725dbb6b8e2b8111f8ae5,val
1a83c4be7dc17040d6402c5af869fb7e58b36d45cda594f121ffeda533c8fb2b,train
1a946a53b30b73a3eeabd1e50fdc61e5dd4a611d31a3e5e70b478e80af602b6b,train
1a963488a1213b910236b9d6e469c5ea7e0d5c4309cbba2ffc1f49dfc4fbb0a4,train
1a979d3289ff53a1a548a0d02258ad69ded4173d081c3bcf8449b4c9c5a400e5,train
1a9b0db6687528627527ef1cc9a57faae92ee90af4492babd368ca6b6878ebd1,test
1a9c0f295bd69b648c385dffd52dd7f675c1e3fc6fb548f1160d8530ee7ae1fc,test
1aac06467760a974d3ae0a0dba3cc091010f938c6137a83faf718b7de689aeeb,val
1aac51abac3aa5d498a43ff7be22e411a179e10faa2a0023739329efc4675633,train
1aadcb8fb86e8f5d0f077c21866159816831a116c7c684050dd340b92d623554,test
1ab2c070a4eb4685e774740848443af8e4c6292543e1ed0efb3bd1844432333f,train
1ab39c67d1bdc8615f90da1637f3d7515b594311676e6b5fb3190165d4eb5c79,train
1ac37b13d6bbed14314c58e6203eb6dfffe9699b3db77e3bf2da277070253f2a,train
1ac46134019f95a073f84cf931b93aa905fafda1fa50ede83bfaecadbbf3c1d0,train
1ac92f14ed0a533b60b89d57650e00448342fb8e3c2551495e159d9a243ad46e,train
1ad495920268fda6405342dae94200001f3d3a8cae6ca95c43ec97ba496bc079,val
1ae60850907246a400162152f851096b8189a8ef4619cde30f37417a1aa08ddc,test
1ae99f5f6d97d1d50cc29be38282065c8596d613c18791d054eac1d651212798,train
1af38ae834010f2ae6f51f4a69a87f4dc9757722910d6974ff486c8b411b2706,test
1afce253ccd38a5a7f1ae0b899613afa100d0d778e9ccf3ec175c0fd71c2922f,train
1afde5556a0473896c01a467c58e2d4c8c9882b6da803a21cfb5672ded4b7a11,test
1afe1a88159095eccee8ca0dbc1f1c53734ab4697720f745b414fe1c826a6e8b,train
1b064aeb0c63f65e0892929995d91a1f47846305982ca4529e728733a9aa27e4,val
1b114ef6ba730159df171997de021d76d7342426788ef9e930c55f4424810f6b,test
1b308d8d757dddadcf9f60ee257b0a0a74ed8c5195d880a4cd590c5e0c635f69,val
1b3f9a47dfd5e1f5fa03f51dca171809b9decf9c35c736fd575d0381309e17a4,train
1b46b01a8f42942c9ed25480c1007a60cae36f86f7df684283b1dbb642014452,train
1b4bdce82a41fa698da4a6f55eaca0c9cf1cad03441029ff41c956251ec32359,train
1b4f4c028e8884ee8aa1eed21731967dee09602c9051bd3f60cac925b76119f7,train
1b5b37f65f188fec41dd514899a621ca1ac4737a8faf5a9aeb25b0632f5d46bc,train
1b87de0a108572ac5d66df4c16bfd4d4e422f47e3a30e9b0cc1a2f46991be2a7,train
1b89d5ab346f390322274b61658a8843237e3152f726aaf130c56a0fb5d2d633,train
1b92ad11fffd5af47e28db627fceff3ebb2ea3eab3413162a9605eaeaee82928,test
1b93b10d93fc793524d2d1df06160fcba2dbac1ed9c02720ef163d99c31a848d,train
1b93c676077dd10e4230c75c469be79c57f8a2f4653c6c384034c3b0d44581dc,train
1b9ed480bad55928da8daf40b71bef040bb3c6171346dbbeb60eae60f0251d61,train
1ba05eed2a0dbe83b1947bf6a60752c0991693e1fd2671eb6618ac10044c75ec,test
1ba46ea4baf551475245eab27a7d3cbf902bfaded5bf32ab2b43c9d1616d88c8,train
1bac0e549ff76c476620492d40f22f05d09c73961d4888b1609817a68bf9afee,test
1bc60bcf61852063a0cdb70417dd80a1671ddfe83a29d14d02ee0905510eb489,test
1bc7fcf9205006d9b9e190a70d0cb02f8a98e407c6e74ac688eed4728de92866,test
1bcc4db4c7acbe14f06d08fa9884401c2debf9d8fc1206b710e086f44207717e,train
1bce36332e7b8992e2c8c20af0911583eed426344f987e6aba2291fec38ba209,test
1bed16dfc06fc8f016bb6490a5d5db3c804801b6c368efe75ccedb9fe699781c,test
1bed8f01bf46a870f0c3e1de38d34475f842193fdf79a3602456ffee10e8a20f,train
1c13b347f1062b620d999653cc27d04920476b41f6694c69764ce02393dcffa2,train
1c1b229bcf0714335ad542e14167ec505426e2ff8fd054fb58e1afc02d59d9d6,train
1c20427c680cb5796213219a1ad382ccb5c9380f2a1d5c7c1edf436c0d456f1f,val
1c2980bcce871f7e9eace79a0d18ba9b04530c6f4fc2389ca5acec6357a92a19,val
1c3327d1ec5f0dfbfbf0b9da4824632d6d0df6eca56ab2c33074bac21d73be02,train
1c4122c10d5909c890b72c6a90ebb59e8ff7f89251b072b8e5052ed09f75afd7,train
1c51234d9533430cfeb40bfd45f136e3cff0ed385c61b3e2aa1bae618e1129e0,test
1c6a5d4bf857290d401f65ea32aa84d443aed438f85a9ed0040f4a37db5cc29e,train
1c8616de959619b0f3dbfd36c0425a448e8e58339573ad70b627b80ebef3cd71,test
1c8f3791a6e66d1b96b09117536081c8db4f06939fd3d5ac90c2fadb4ce48f08,train
1c95b17c4a839d216e1e8a03db97a9272e6d1cb03c7ab65a3dcc3ed95c3b9274,test
1ca6f034d397ac5aeec29e855b5a31a3648d21a53ae019b6d7d94cf080e8603f,val
1ca92043924ac77ddb36805b041d5e45dc530e6f8311abab4ab41613d5be2f81,train
1cad4b8d32365c1a408497b2580440d88fe68475c4d9e6709c4c64cf361453c4,train
1cb1ab64a61ed05c445cc74f18e1aa24af17c35a77ba120780527b3e8e4358b4,train
1cc4e384857a361e75d1db74fb288f74f40354a059a7c211abe2c96a06aabf7e,val
1cca20424a6da89e062a8139e2ef79421541ea2f6c6b03888a2e73ed412cd632,train
1cd36a2bb25dd1ecb7fe444a5f0743733ce4e87932f2748e7e6ef1eaa92b0e61,test
1cd7a34e1d4d766d8119fb2230a9d0155529166ddc6611b845ee450cc3dc31aa,train
1cdfdc6074a2d0ec4c69130f8fa84a0f0c762d5e59fb383821102e1c904f3a30,train
1d0a5fc903c47bb31f3177abad41df99fa410303031fae55ca07524ebdd7efab,train
1d0c934ffc2076ced85a62489f45f35f9133e0b6c8519919331744c73eb897b4,val
1d260b242aebf67ed436eb028a9d4e0b6a9b954d1967d234ebbb7f9b9126bcab,train
1d29622c3a5778a40a55b939834318799ef347028cb2c106ce2d885c47a092df,train
1d31ef69c4f8e9f0ba9c28e572e6d1f93f47c47b6636f161334f0d85d743b261,train
1d3976d8a9876fe1316acbf7c67476b002f8f4f33d868d03b703c37e07853cf9,train
1d3e483951a5addf3d63821318772fed7681a5e1b4eb41f18ab7658f078b4bc8,test
1d5dfa2037e5eb9219e3d4a8b922d60ef7a34286bf3abdb646b40c8245767be1,train
1d63519f7187727036c43e7ee8f6c575bf5f9619e479e75ce88b9cb067e38a95,train
1d7dd79e3970c8cd65c9d40f9b9a7ea546dbade0ea2a8740ee944b36e6135522,train
1d7f7cf21ec55bcbaa5e70e88697a93edc5ab55c4c610a338caeb07642f5eb9b,train
1d8935e6c666f2bf367b32b2a8a939919b5f1ff03fe8ef3979aa8f1a90d43e2c,test
1d8b933567875fa27e7538af3a127dc55ace09fa88566337bb33841336b9c24e,train
1d8d7a844f8bda29824f5b1a4898b5780e292eaf0a7d7c5a151f5ad30524d6c3,train
1d90c6fafaeb34ba5f00d430482fe00363f1858544b73d8de1e72bd5ca69e853,test
1d90d3dc700db26eeb8e3beb9a798c4e3f31c05aa6cd94a308a671cc7b66ca2f,val
1d989b162197614a1d241f3cb62c2104b4235330b810583277e241fa2bfc86ef,test
1d9b950ad9a9ac8b0cd7ee7cfb8df1fe90dc700c08bebf14704915d51a51341d,train
1d9e33f3684b4423cea77aa2b801efab44fcb16fc925ba6f50d7e9d25efcdd5d,train
1db96dcac011034b68fa1fc6ee291e15704f011e3c8fac481455cf0f32794829,test
1dbabb5d80c171bf813dab0dc3984dafedb8007f308ff22a474f41555b487616,train
1dbe33fd0af0737cd525866a76c7f9da8e3bb228f2ba6c35988cb54b71930e8b,train
1dc2ca4b9e3ba419d3b583c64fb310ad4629945732ed815e2b5f9792dc84b8ee,test
1dc60b975bdc482d60557335943bd78b47ecad6abc3af0b8b96afebb8008e31b,train
1dc965caef93391d84675d4f92a784c1bc29882743bcc0263323b9b9a689a2a4,train
1dcb885f90a2dab54518d2cb030680a8a7f6e0f59dc93b4e6cfa12ebc9c86a49,test
1dd5c4088ec1822f700bbe923d99d9c35ec0e2ff2aec8bfeba1512687d3bedc8,train
1dd8640275aaac6b5c6193b6bcad53b4d8edf17fa6b64acd731d3a5d9b4bcfc3,test
1dda7ef56d35d14ae83c59b871d55d0c3f1e90fdd50a38073efb99f0505f4339,train
1ddc809dec1cc95d220c9f1a780ca1aa61aa7b758ffa1a3e656292ca2f8c7683,train
1dee3a0d63484d0725ffb9e8683e8a7086cb1e579e4498ad393efc27cff5c382,train
1def1e8a9f9ba039c7a45c9114f35ba0f20c2dc6ada340cd8bf1c25b12779f50,test
1df06937275e434a5c802827d5c75ddc2ae8e9dca24ff06695eeb7ad7aee85ff,test
1dffbdc5379ba407fff3f6c021971036565866565ca5301704460642d201ea1d,test
1e057dff976ed48fc3c7437105d8ead16c941dc8603b6a7588539d0e967c9292,train
1e0dad4cc01d1b9d4c3bd376c92338f452dcf76498eef71df5085767fce19d1c,train
1e11298d92add45a9358e22e91c2c16f874adf6728daab2dde1588f5ae060649,train
1e288a7c219ed5b5592bb7a7c00b7ec0558d82e68a47896e7f8592cd05c78b5e,val
1e28f7b86237c22aa6961c1f833790fddb28feec38fc99b8db6f3296122488c2,val
1e2911be7c7db5d62a8d92d323f4474bf48a950ae4685ca466ce98d8e09404d0,test
1e57d5e48a66f1cda4e44a88006bfccf842e285e8a5ebdd4b63836cfa800d1d3,test
1e5d72accf2705f726e5dd68b02de23124840a1b0ee5026a70f88c3c5de91da3,train
1e78813c2728d203484ec3a59326cdc070348778e3e551ffb1c8cd780e492661,train
1e83cf6971aa2a9901eac123b9d76b4c2f88854cab0760508cf7e417ca58d848,train
1e87391af8ee0f0e7a95530fdb50f664ddd592bf96e4bf8893373de1a99b8866,train
1e97e8dd2d0958cdc9784ca5e91dc646c4423352b0c2728676b29e3fc312a387,train
1e9d04413f464b979a0d37af41c10c2f7aaf8bfa2b652a32974a4d0b9b6486be,train
1ea48565a812d1435d9f0eafd477e221dfab175a8ab2e816728fc886bb8a94a7,train
1ea4e7ce8ba379af68e82204071f024568e7fd4dbfab05af2947fcc275b62ad5,train
1ea6f4c42feef6f6cb59c83e1b1e3b3e5d517a7be2facef30b44518b5bca0228,train
1eb41c75a530233d9083defe807c0f6843d0ce986050cb4b6f3c6f99e4070546,train
1eb5fed58c54d67bdbed636df4bfb5682a0d28c2afe7ec1f5df52901a6536d55,train
1eb709ab5d8ad9995696addda386cad3935c0a6b2a1a202bf8690662c1d78ccd,train
1ec489aea391f8b94ac551764cd218e32001da9ac096b9320279746cc252dca1,train
1ec4cf197d6a997ff8cdb9b3df8ab4cd92e56f6b76246b6ec20a8652219a478c,train
1ecee896e93aa1aa51b869bc15c5276e5a8cbfeec06de6c6286fe974de5e1e92,train
1ecf0feb4cbd50bfe59673624bf69522db9571b0db488d05f2ba55966b06b198,val
1ed3d39681b20cf148ef5c83852612ed495ddc095c3152ca595761e2b3ec4e0d,train
1ed4a1fc9a5f4526c1a329b2d4be73e9d3b38ae9b44d0d462f857b008db528d7,train
1ede4831d1430ae52a0382a766f6247ea09368d8500d1f3fbe5d10a51f7e9f33,train
1edf350c0330b4c625fbc1fb566a7c78db1a81e2be46c3ade6a8e6b2200a0227,train
1ef3f7427ca5a3847b24f74dadd9229e936a7f196e45d0b63536a6f300326820,train
1effa232efaff1c7949a86eb01919245d24870973c090acf63a1441a97d14b6c,train
1f05ca72db38ef266f28aebe1da72319fbbee96b3d5cbc70733ce6493b9849df,train
1f08edb8fba0f729b414dc15a8a31f0941085e5646a69685867845141626a594,test
1f0a9bc956b64f55f34ec86c65e916fccd14b0d098835eeb838c7870a9910fae,train
1f20fcac638085906664c1e08f044b16d176dc1cfaf15d2bdd6a5013cef23a78,train
1f257ab9d5fa99378757630562689c54668b0278207f2dccfb32be7b7fe8c9ad,train
1f371a83b80aca294b42e0f34f2033c80c5a65fbd51f5d43f8eb9b2bb4a30f69,train
1f599b859eb849c9da24dee6ed1c56384756e67c4349fd7e948e8ffd6aa48d3e,train
1f5c6f17eee9c7f8d95768d12d0375f3b924e8ce0486d2b990d471536f406cb4,train
1f5d1cf54420c9139bceb739690affdc4bd443a85391325e0c7876a6761b1aab,train
1f626a6b2ab7a4a77e60bb39dbc717d89cff99f2d52ae95249afbe386f11160b,val
1f674bc5b9cece667075bbe4a419a18c80b56a977674d7706e8d5f2ee25dfac7,train
1f6d04e4b8a96fd6be72f07785809b890c2d0eb45199037bd749e3d4e4d7791b,train
1f8d0009a120ad00be015d41ac9c3888e0af61afdedb866b11c2730dce547f34,train
1f9bcd55028c617e84324c151eeb68da2a0f9464ccbb417d1075029b1ae8fa09,train
1fa77b4c777e9dcfc5c77c16a786d9b4311b46e02043bdd64d8bdf55b5979577,train
1fa91266b09873b55cba9e13e560c6b8927c43caf8e6dc08e236116682e589e8,train
1fb8799698085cfd5a07d83e815c5f348af40a7b2d22a963e73da6be21168ad2,train
1fc87b4d1690d432aed43ee35e2d2d078e3df67d11a41247997cb7a14fb4ea74,train
1fce771796f08ca33c8dfc1d24d1928c4083d6180cddbb6e742f630e90f8d307,test
1fcfe1ff975ef182ce9a65d793cd625813ff8731099ab48c5ec8adda19d97588,train
1fd7e6cbf420aeb1d856e38b17d37ac5f0d4589641a39c29a61d38b677e3ba12,test
1fea1271326c67cff0b410a2953b810bf502ab7dd3866de49c1b9d7a44fbf56a,train
2000d8f3c7c662e5d35c939b8437dc44de4fa6737c3b982b71df291d14770b78,test
2002d0133e81646cf62b2237f64311c68d9afe63b8637baa78cc05ca3dc2ba52,train
2003aedb4b8e99355481b53f1e0497b3ca03953d1f5593b2cebf7c8414cb906e,train
200af73c68a57e012cdb54301e4593f86a980c064f6de64bea8f3d683912d353,train
20207a01e969e100e1727c25e0f1ac3c0fca70cf6c50973e62bfcffe885b7870,train
203cf6a776ee2afe6f5130802f0e83de2a825149fec65d70d6cd10f7afd00899,test
203fb3c6e68232e87bc0e6d6dcbb96007abd5f479a9ff8ffa4e2a53e99077231,train
2040065a8f2434c76492656ea5f44ae21b85da07fe32ae8f3eccec6e364fbcab,train
2052f14d2e63aaa88a2f2c63153d02daa3eb46da44ab2b803b62c79b2c07174a,test
2053d8fc40e48757b9fb40ad37a3962b11ccb1ea12b8dbb0dcd180d482a4f751,train
2054b08e6917d33a7dfc97e3b94c2feb8072f53fa65b706177481b70f5025327,train
20563a0c2a0ee0552015cbe30b496efe18c2b64300dec9a89cb4b52e4c3f5e2d,train
205c7318cbf04a79033472c0fdfcce3d84971dd8bc5757095afceab0f6000bd1,test
20740254c3125f87dd5e498b000c7af7f1406979eac5ab26a604e84ac2a98998,train
207cc09172589263426d2fc684c5a4191751266cb6c7bd37e368710a7b9e01a3,test
208bfd4e895ad9f3d8cdb5d216462c11ee18084aa6edeb84c002206059031948,train
208eb66bd92b5386533f910cbceab1c3ffe4de1b68c8f4c786dfc07704f66850,train
209bcd3d90f399f3f0562715d94e2dfeb649777f34de2cd1e5c5f2b20ab57c0b,train
20ac53748bbf2ae59e2a1619e6c2f7f9d476da3f12757b2ef3650aac34ac31b2,val
20b547680d18f4bff266ae773feaaa8cc9ccb3dd40ae191da54e4bb8b04b4e38,train
20bca0bbaea024304ebb7ded7a226958c51d6572f68bad51950362d926c9fd6b,train
20c041346ff10e1d840247eb5f0d4fca15e69f1c98ba2cebf4fad100da61b544,test
20c1b00548279733641400bd96d6118c5e36aa8f051e0aae2628e25abf4ee32b,train
20cb99574f5c94fee9b97ce5d03d3d9ed6b23c55e19daf18fb97b6d095fece2a,train
20ccd4efd21e418854fc56235a2735a9d41cc3f1e1fa815070a201b280878c4a,train
20d05a0e9d996d2fa90f9c8de7dc51296c1253844328fd0e8a892f3cd7493a72,test
20d30caf2dc4d32142613238673c45c9bd3cb1754d563c8655a9137bd46513bb,train
20d9864f0cb8b3fd5177820e0502ad7551a8ad1767f828b74f05a698ec1272b7,train
20e77ff848c737e0cc2ba81e5f150079f574360cc79202cf2c5c7822a60ff8b4,train
20e9bd22d5a895477d53919363266aef2faa40b613d6741e004854fd76d77657,test
20f3398942a2c3657e69da59e6f7c74e3110b3c0904f526999c0ea5076820051,train
20fc9e26b17a5a0cfc36d920af7df234ce665d7094d7a5d47dfb03b9be48a028,train
20ff35817bfc091a36fcfba33a00ec2a71098ca7e1b55c8738f8bdd5beb2de4e,train
2119d61beb66c6d1f0ef68dffdbe64f1f1306794f9cf0a0f7a19a44e72508d5a,train
21273190dd03083ba530d1f4875335e142b6cd71fe3612aa0d22f6143931c105,train
215544f0823a8e8481aa65bf4cc8cb35e7f1ea772145820c7f5b3f67c8f26bac,test
2158d4e7e1b9f1ee76a68ff29f5c3a6f5db52da12d6c2e0c29b29c68de36c06f,train
216877f6aa190e74db37958fdd78b952142a099581b4cb3e54ae605b57c10ecd,train
216c7fa485fe3df1a9585bbd2a3ef65a7120aa8deccb97a40273c14f8271bf32,train
2191955a56030e6bef456b2b62090ca02cba41965298b74cb717ea60c60e2c93,test
21924d88299060585453c70d6a0d6855d7fa79d3c903c64bf8d852418fb284d0,train
219316f2d48bad8fa2ba68e8ff4ba14ef598b58904e5cef0eb2ba11ee19bad75,train
21a259332d607e54ad73760decbecbb8961dd1ba89a14998ca476b87aefc804d,test
21a600311edccabb0fd65dcd9555b575705bf09c498325b23999cb450e335ee3,train
21ac5e4eb148d19d6a2eb67a7ca5844ca725f1a75211088bb5031a80fb42bd26,train
21acf985f271778f9e083cabaadd019b3379c72a21075c5e2bee48c15721fc8a,train
21b045dff97b3e6e7c759c1229805b5a88678ca7cafd9ecd217f8faab770a5aa,train
21b2b521c3de21559003b00fcd76d1a61644ed7f24b8eb8d653bbe42f7108694,val
21bfc5c161b2d0397feafeb27a4cc38010a894c5de0e0124b7b3e44b12e08fc7,train
21c178d69a4575e84e083a81aad21327d59f6720fa85717d9825b28caf5d3af3,train
21c7defcc29d10c5d104ee2120c0482e6050fa507f7bc9030e02d0b2de7bc306,val
21db54536d46cdac9f85998facc9596426f3398e23cdbb0e26430ac1dfc0291f,val
21ed06a31c5e4a9618d7f091e6568dc025fa72a593d885ca17deb63ba699b738,train
21fbf5044b7f24c7d880a1d3680580b00bd8f19bc082d7cfa2c72d4d2e5eca65,val
220541f511e9094df1972d5b7e84b15a396f9985279c4f2b3639e6a945c841ad,train
221336416e73404a72153ad02f40fd85b9fd0320fe02f9119a795941350b8b6f,train
2215edc23f6b5529f8f463f8f35ba7533668660777b86ac370d64df168a19dba,train
22175b30dced0897abde3b540cf9346860d73332b0f7d2e6b55663dc254f609f,train
222011641eaab08e5036935900274113337615714f9f7ae4af4ec3496a4d73e8,train
222d4652cf7303c636c56d5b0ccca8c302f7a8e6dd43a548ed7d3f593bb39757,val
222eca353515f2e97c726c397726b3ec4cb3f22a57b4bf7ffcc6b2f6b161c350,train
2236ae788b2716b4a6620b5a88d365b46a821cdb5e070760ad8615bfed1c737c,val
224088859d646768a4bb2d9071cde5df6874116aedf7de9ddf172507a77a995a,train
225942a53605f6fc0d7c243f473afdc9baa38d4ea644050228615b948a881ca2,test
225bf87316631b221f6e91ab27022bfeee650e871cac1f41006273db6750ca01,train
226111cb36948a0577fc71cc4f23a5f07d62929f06fffd377bde2f18035d3ad0,val
22743dd1422a5453982edbb32d637fb7f21d536f03b450053aa23912683cfb8a,test
227a0bc2563a860eaa932913ef7a0a12ee68613b868bc9fe6cc9d039282b78bc,train
228de31216dc56dd0d8ed8a7db655c9ed9b34a3cde3f717a35a28f1dae833e83,test
2292282f960cdaedf7412c7c5831312fa9e18eef93fd2170ef0a03d822444f9d,train
2298726088dcc7539b1245be0c63761ba7afd92354697a5bbd8643ef9499a24c,train
22a1889445606431ffb9f988f5a4c351d6a374762e3100ddcb0319301015fcde,val
22a68ba2e90ae550d4f3db17974e2fffed6687c6fc56fe583298ecd0571acac6,train
22a71cf0c6d28d1c28cc2963750f8df514981864be1c92a0c437979a852b1f3a,train
22a96833cccb398d15181d99b3e2caa5012651931d3a9073da042e0f821902e0,train
22b273220d74a1f4de8d27e39e83ab28629c4206e412777b8f9604d030157e63,train
22bc0e21cbcf35e3db99ee635a7372a8bfad0d26022b3e75811b6f25746d6e72,train
22cf08efdd8711ab0cb6c5867a66dc539da6eb07e5e6a8e6e0b4b297683fe932,train
22e29233183af49fa53f2f0cbfd45e534922be685f8a0234f4d5e06aaa70f5ac,train
22e5523d7362fbe8bc906b10b800fd568439cd2a72c8c0094f241fba41f677fb,train
22eb6d6c8401a9a32e968667bcdff49a10b854276e837686f0ecce3a3ba1d203,train
22f9a5a1c2f85e5c2d7d03911db0c302a18e9e5f48279d0a05b7c31c8adc4b56,train
23011bc7310d61a4e53fca8209d55975e3c9de203fe41ba99045270719e29a65,test
23167c5e73f47d847e88945a109c6cb270527dd9bdc5b02f3f4877f77a56031b,train
231bb6d65e6856d5ab30ce7c8dda85b852ca7f05c8c725a12e3614031da86060,test
23284881c1222cef00664dd188a813b7cfe2f91f456796069011390a98736c96,train
23348ab971facd86fc9df5be25dcc6f375a4e09bfc38a99eb6e022a577c41a9e,train
2335f8c7f43c609c47f47fdb3f1dfe7d67dec2d1d7604b6172cc26ea1bab673a,train
233e32ae4449dad77ac2d93e9fd5e4727642e1b3b09f532b81fd8ac2f3330734,test
2345f36cfe6579ce4c4f362ea89758ff7694f334518b865630b70609bb7a07c0,train
2346d854c25b12a44fe015d93008e4d7070bd9189c136c027b00251cb877ad08,train
234fb0d05fded6aa72075220a65b04eac55afed730eff382bc925f8d482d3427,train
2354405948a8f94e56c2f65f69468d8b0ef46427c26ff178196b8e8ae5cadce2,train
235729ccdf3608ae81e35a4967919e0546459c6ea84b37703d9e039c4686f569,train
235e96d6f3a41bb785bab4d886ff76aa8c533208caf8f6a043bc382ed64b0837,test
23627c53711fd5eb5a99b802403ef4e90e537fe626008659debd61cc3978674c,train
2367ad2f1ca7f2f560d95d954b1134be35c5d5cf3dc20c1a8714978e9cdf3843,train
2375fa29d7088675d6b1da2f795cccc005f50378a2e24e4ba18b4775ea55ff1e,train
2379e20e821f05aa05d7754e1c171867f5a606664ab97e66bd90f18eb404f679,train
238b11de63fd6f689b211c6c106c36b67e136355d48165907109e60e1bb15fef,test
2397de8cab1ca2b344573736f45ad49692520771712e02bcab8b034f182007e7,val
2399440443fbb1f413c912f567e0efc2cfbb509ed308d0278dcdb5ad4fc9c741,val
2399a44a29c79cbd23fa6470c4402aa2749ef883b2611b57ee5f939fa292e9e9,train
23a1f97be04b7c33ef6ba40a3780fba2d4de72dc3654af00f5e70581e6617592,train
23ad272d04927c168e3c778dc12b35b74c3b0ff6a1d4dc0110020dcb61888562,test
23bbb59087325eb6b54fca4ada32ed463fac098bb8fac36acd0e74a7a768b178,train
23c2a183e8dfe4d0b5a57d2a428a84de02077cd5d05c16005c0375d2d7c6b8f5,train
23c5256a71140388b9ca73812b2638b24c9f315545979d469c1c38d1417aef67,train
23cec5672df1cd80237f8d70ab4b5ea3cf04c72c9c05c961904216636bec6e7d,train
23f127fce0014dc774dcced24ebd88819b2ae7dad594ad19fa4ffcaa4bc2bbad,train
23f18e49b70fa18021e539be268d00b0ffcc6fb8bafdd0088f613be97dba4a84,train
23fdc5b8f504d8af2b735c11f914978187ce218ff9d347efe0aa8324c33126c3,train
2408741ce5f92a5cfbc74d50dedc910f1d4dfa45f3065edd1560bcf803574307,train
240b42c6737155b2ccf7295e3b2c737297001175bd5a1d091be11ef735c1e99e,train
241705b4edba555df128d23f67015284a163221c7746ca599be6a0c9502516b8,train
241d722b1f24132482e20ef18f7ed589a44f605705e309b8df70b5c80f14bbfd,train
24257e39449998c04b831c7845515d23c5757a2107c278d1e75be1497cd0312f,train
242840059b7875b74e73b4c549bce6ee00be0c64853d4e375a316503e146db66,train
242913f9acc0e43fec1819150a08452be95876d71bbe3c648e54cd1a5c180778,test
2430254811c7199888aa7fb0e9c41c958c0f37633ca61a2c332bd2b13cbe39cd,train
2442870ca6e46dc16e2913419f6850425c093b33c2f33ef07ec73c02f7d886cd,train
244429d8b99cd0866b08e80e34b1111e2bad31d87d6d4fdc6f772e904e5cb547,train
245414dc42b13a329701f182cb0c58a0e25d3fa531a1eba0899c40a8b8b950e2,train
246a65ec2be620150de5e3ebc5bc1a681168dfb6ce422efb84b7b0e2b05937df,train
246d647322ff388880be8a2c7256f5dd56715112d0e25d52d76ff33209551af0,train
247ac268c80084bb17f428662265c679458a628113bbb450ceb4851df3595a5b,train
24821413e4a6735330694191fb126dc44fde5423fdc3137eb93cc4b3e681aa3e,test
248604b68fb9c5da5ca0cb9d7c2837f98126948802a9754dc26f844f3d1d9c50,train
249077cefaab7ef202631680f912166a68dc24a12bf6b8df18c0b723ffe7d4f1,train
24994de468aca836a7aaefdcf8d7c6ef11a55a0bc418a45dcec0b130c277597b,test
24bfa0f7735e96abc31328b875443abe8346c3e19e5b8da5022012733a73f7c3,train
24c1973cabdb243a62bfeb9edbc8810a5bc71f65dd969575fb35894473f883be,train
24d4ef33762be1c46a0dce28902d471b1df4c240b91ec3147685ae398454c931,test
24deb58641246d7516a7975c4a5c9f6c5499140288b2987f53f1e958ba6ec78e,train
24e9b5284a3fbebac2ce555ae17b007862bf8d2fa853697ceb7cc5308a2c253f,test
24fa57853a0077ec3babe3e7e5a7ad2b6e845200a5a2a089371185399a8a2551,test
25072206a988ae1023d9c62f08b2f4ab85e3cbfedf23930aa45b4062bcd7583b,test
2512c65610eac14da5c16c8401718656113745eee635d1f3d2294bb3895f4b34,train
2519029096e4c178ad25d804dccfb010f058fd9417da846b382a40926fe5ab35,train
251a9d4867364681547966ca4d88bdc9f1107db42f91bdc5e610f7d52ed92598,test
251f8db8580e02bbeb29b8600bec0ce224647b96c2fc30323017e5562038ea3f,test
251fe2ecbefe63e43aab7e49cf71bd5ad8b2758ecfe647329ab25658e384d2d1,val
253cd216696bd9e56ee5387d5118eb04203a651984abd4ecb88172c361c1eb5e,train
2547fbe6a64b29282d9069d5d4be762e79e68b2097bc1f406a81d319efc7c7eb,train
255d397f3ee514ff239b74b255719265a38202547b43f2a91081200d368e116b,train
2569ae0c70aa6352c44313fed905d7c1b7ab5783cb62739d5d0dbb910b290d03,train
2569cc25baba962373e3264b7e08a8b8b72ccf9325c243f26832c713ec2a2b9b,train
258642ef0183faf69c380421c84432352c3a8a835bac828412abdbce7fdc8477,val
2588b1a1e81a8017aa6e08176aee0988d455fc6e5be3d22405041eab313dbdea,train
258a71480f60bd56a83e6543ca7e3247f57ab4d5a9bad26cabeda6312dca8e5d,train
259654fe2bc2dbf99a2b3cb41591ef27c16c9c9c1d517258763c26813e412888,train
259ed30c1193e7c65a3a6de19bb1aa2819886d3d4d301d5e23f89808428af54e,train
25a1fad8b05d04bb917c5c5e8d0d56fa3d36a915d0c008344a4ccf635b31f622,test
25b019a79887c572a452b344a13cf182afb828c1a3dac2c1d868c3876fd378a7,train
25be4630609a449f1ee33d0d4ebb662dd8457a6426525c928e0a81dbe29d7171,test
25c1823fabcf0e7dfe6032e10343930778ab6133202686b3a61004f22110b5a4,train
25c82cd271ef7b21b246055262c48486cd3b84055958aa009d587ab976246804,test
25ce9079a3db09a595e9871f69c11db2e1d4e60adb51fe47315296c92c44c734,train
25db08b61bcc7fa0b7e000de4d7d78798cc93d7f2f57b1fe9475479edd889032,train
25e5a05b2c3ceba2e5d0db372c95285df0c1fe67b95243af7e79ec44f5c65100,test
25e62fe0cb7efc848c627dac870a0024f22c7287d1f16e652dd27764d05003ce,test
25f0d99a4aa88e6afca02f8f3302c14f2388e5f49b1715f213c6e7aa2a77174b,train
2605fdc805b6f9ce6a99f71216fd0c4cf341b5e8c593d17a9374e14d3af6a4e3,test
26094f59a685071bbcdaf46a34ae8ac2433bd17700a519d03fca75185191f265,train
26095f616388db10a619498d8165b596342491aeca125e94113b05c712229cc5,train
260a90c84d661667b0a56418a76f6a8694b18bbf1fb63c64a04282bde37b338b,train
26148e4fc0d762e7f1287cfd43dada7596a7562f4ab9c38c7f9515bb7a8b7a22,train
261b0d3df176e9439a86f7fa1e85f0cdb142db0d791b86aa7c187aa1c173efed,train
262508e4c47dcb88ff904710d808e75ad06ef9ac6c01e0b04f61604f3220f444,test
2628a6a534606af8e500cd1ad77447db07a23df2c66ee214609dce6a396f4de2,train
2628f49a46d2b55560838e5462abf3974fce9b5d8b5eea42c06ee7cbcf143a28,train
2629cb4af4a3e33e4687431f7d6eadf5ed22da49b221ca7d3c83111000012f09,val
262f87dc8cb0081c828df3c4e7f9bc9ec32e48c61a0d7ac2ac482f88b6a4b229,test
2639162b9a58b276d0ac6300915bacf805d7a8ee61d66ee865e5157948a1586f,train
2639e303f2b08d0f78657f275303490fb44c061b33ca8b1706fddd1408812686,train
2647be647833bf5f1c2fb3954fa572f197aebd0aa19573cbafe2c458f6c8d9eb,train
2647d9f1848fe33a384855d8478bbc36946d5a7add0a64ee9b62a9eb1c631854,train
265bf09b2ec37f3f884b6ebdc3f083312e89fabf376d5e7d8144c82cce1d7425,train
266f42470e4acee86d6a7b46f1d2e21b4b0da8eed6cee7cdd78c7e24275ffbfd,train
268a016e731345bd80549c1fb17af9344e234a34d282c9ba08f696a228bad66b,test
268b4197fb25998e84b39f21f52c440bdf0a450f8a3768f0d794ba7ce8927515,val
268dce22717b6ed99e56701d3d0ef122817aaf63283a38e979412455ba42b364,train
269b43734c0d3c2e379b828d8b5b9264fa5c0c83fc61095e38e1a75c280bf3c5,train
26abfb507af730230b4e13a413c66b91004381b946f213e4cde362b1a5bde85e,train
26b222b3a21c9b7e408aa558cf0681611ccc5433bd04bb26f3226913f362f492,val
26bacf10dda5b1be7f7e772aa6e95f05d45a5c17251bee483f50d90124350e1a,train
26c60ca04e5a4f6684d372ec2b67ea66f1fe1b95775ffb71dad918663d103f53,train
26cc5f6041c7ceed18e9346b8c731df14a2b6c2744a4365216931bcd0743ae92,val
26cd7942cd19fd4b5e16ad0c54bff23ae3f217e32e9356970f08abf776a68bc9,train
26d06ecd094a6877e085c0469b2ef6053a528cbc5f3a7818ef87fe35b87aeba2,train
26de21bb2ade5a572e2c704bbf30dd34ffc4d1ab6675986e0c923e881d1241fe,train
26e470191b35a2ddc3091acf0bffff38ce227b246e35a7a14dfd43222cb5aff0,train
26f5390e788f669e10dfdfecac1805a67958ddfd86b1a755cbfc35c8ef3f5f8f,train
26fc5cc652630c44dd36d03a942f7e14d282d814da704c576a3390aa5649e981,train
27046707c1146b47b86a081799109967e2ae38a54f0d3803148d8f1281ae5c4c,train
27122d1d93785e0d97a704af1e183ffe0eb273f464cdbb26be4e175e02c969fd,train
272b8d359c7704b04cadc74291de325c576172118033ccb7f6564c14c00e5bd5,train
27383ad53f4c53fe295f8e029629b747f6ed20940650b834559d433184438899,test
273a91384b7bd0e9c1bfe963223ecc440c09eae1c7f998b287a83504b7564d92,train
274f4202eea4b2028122c93478f5c379419dd4f736e051f3c1c454c41968b781,train
2752a0407a5506318efdeab86943baa28c8a70975910527bea1671646ad86dc7,train
2754ddabc5ffeeef7719a3d00ea4276b35e5532f207af482d457977197f3a59f,test
275ce5376394a589d57bef5bd4ab3b02b87c531b2ac4e4db151956c39734198b,train
2761b45e61ea3d89be77b931bdf94aafd49c9b0547e243aeb18e722d1efa5e85,train
2769c0fd3dfbabd9b12c797dd49e6fa06d0e58c688b81f18ffe37d33b0ce3aa9,val
27709145608653124489dba1b76db3f1f70d404d08cb1e355e7c48580928caed,train
277f8bcc8cbcf507e2cbfa095ab186c5a62ffc4fe18d29f089ba7810cdf87a2a,train
2782341090eaccaf644b7aaa7c8184f9900354693037b76b246329f18f25107b,val
27c95499d434c3aef73ba10a03f80560f5afd98b9dd1232f602be6dbc9f6c4c3,train
27ce81ae36faa66406dcd74a9b8c6308ba2cc1360497b9e0812999926efa7db1,train
27d53337cf3eb9e98f9fff5bb15d453a41c07063c3d6241aaf8d9d02c31f8962,test
27dc464cdb9cb36f4bd529be5ed0d6d36f02a707b7647e4e099069c951d929df,test
27e2dcd4e425b36609540e95631179b615e4e786b3c18200977e866edee21d4e,train
27e4055ee641ba57191691e241dbc69132afa0ecdf474fb244caa00959f7b24d,test
27e727044ca934be6afeeecc301611bfb664af8661c6a9f73c601fca29dafb5d,train
27e8518f3e9783988d74c9c8d49e7e0e67c7f7a8464ab1f0fd5f859cc49be1a3,val
27f0e86ede3680b731b4cc7b08f56a1a06f39a619cafee0055e40cd5dd7b1bbd,train
27f4e0f720f9842060df47915dbbfc564b7e28bd92eb0db80f212a5d661ca2ba,train
27f7a921b13305b95b5d6e9c9a60e350ab5986404d11be20f93901763685b165,train
27f7bbd69aaa6143ae646459d0c0c51601155208a00f9caf3c12ad225262c90a,train
280dde028d1ea57f1648875d571f60f3002657000139959d25faaa9ab2bf1111,train
2814aa514e98f649da850cb20b1df588ab007bead43e7fb2a5a1b8810a17c673,train
281efd31e5b48dabad5f255accbe2b4336e0ffb553c9a4dd13bb22bf71f8c114,test
28255e1e2cfde2925fa661de78d5738b51b765d498137051b1fc99d26524a623,train
28361c4df3f8420056ccd904bdf256e1dc73e6c989c362829d0494c9702c7eb6,train
2845da17e84c41c41e3041507fce5ccedf133a23f280939380f6d54bf7d5c1a4,train
284a91ed02323a10de740e31db56ef52c362eef9cf57c7c6d46ec6215ba9bc8d,train
284bf6d95f9ed4bb2aa98db894b415a1f871f1a51312cd1635a9f3158cc5e68e,train
284d2f374ae5857ac40f722f2f528faf048a58f18e1d233ac1e4716408989496,train
2857bd20c65657930c8a0fced0c15dc018ce1e8bfd651a8b567c6c4ea2b377ce,train
285bcec46693631483ae84183d1dfe83565c51e9766cd1b29713373fca10529b,train
286a6f6ea6d6a476be9be3f1100e5749212158be4dc514b520913543a758a081,train
28726ed983e40a98c484b3488392eba13f98ee4c4121d74e42b3b666c92f8a84,val
2873f2125a065db43d067ff37c2e9481a8b2c8f664e66bdeda48b211cdb2a09e,train
28785727dad5ec16c0fbb7b8cd8c7f15fc715c900d4bc2b4415a00f082fb7abf,train
288cba6eacc1803a2143aeb27c6e9662b02bcb97ec31fd8ce938ae9779f151af,val
2894345a97776c0a1cfed38643af98ac2cf7d6c161a63fb42e1d0e08e622d084,train
289e245e973c4de1a5f8f20e5873a6e42e5d080272e96f090cb746116f06dbb4,train
28b1d4ba8074faf6fabe9cc29b708f90ed17f1cfc7223a691038af841d06af5b,test
28b3180a7c17b5f15e2a18d0dfb8a3fe2bdefe4fa40e5da7d4321bec4a671365,test
28b8dc000745a81e630ecc5e4bcb6cacab71eae65925cbadab5d27128c2b1f86,train
28b99d450128d5d5464b9273b20bd42b20542c4875edeff3d2b2634be054e14b,train
28e3a098b592af3aab1fe8d9ba3e43cbf51eb1786ddfcffab803cbf8dd371d8d,train
28edf1f61601f8152a26e11c6c877f881408dc5508445c4f9cb854f99747a33d,train
28ee02e1a4dedde87c1dffb1388f623264754a69bd692814cdfbec0b2195521e,train
28fbe8493f964d1bbff327166e3c7cf26e48e1c4dfe796aefb5b0f23888823db,train
290104a9ab6be7a4e7fe130c633268f79f46ea01095f3e6c3f174b27272a5c2c,train
2921e386f95681541b3863cd3309fc2a4af3f79eb1fa9a11ccb1b7ce94a21680,test
29254a905094141b4192055939fb06a39e08c8fe353244d05d2c0dd929536ae9,train
2929e68205aead41354a6b4b1fee74c1fc40ca7a309673d9766a10b3f0dbfc8f,train
293e57fb6bd727113cc5542132f8c0f163b27c4af7a110ce879859867ccfd295,train
29436b64276bb6ed3b26bc5e0382501b7cfe4e2cacba19f421332eb4ca0a7e61,train
29461b490ea75578aca4d1e3155a8c815894f8e1b35f066429674addfe7204c1,train
295b1c2affcffb9945d33c3a54f3365577a0d00431f5c4fee794ab7d5d4ec68e,train
29634087ea59c5944f537908cab0f42dc876337b620567ea1a3858d14b66fde6,train
296aadfb33feb39baa1ebbaa306fc1bd303bda5a272730d9dda2366a55ce42f5,train
296d4fed8c8111f50a873bd7d3a97d16d82c2331945f09ace76fb61afea4ecc5,train
2972a7aa9e3788ab6f7ac7a498b682cf9bd28ddbedc9759be7cb54ec15602376,test
2974c1318e1884e817ce3f03d112759c693a52e6c8aeeee287523bd3a7c5c4b8,train
298f6a0ffdb7acf46117c0e4ed2de2cf2cf3ac4373efba7f86cd28acde15b5ea,test
2996998a26b6247904a04c0724906146b7d913f886d49730838f2a6864a8b84f,train
2998a0b9ac0a7437c468daeefe60e3adfaecfc6c3fb87e0620669ef671deef8c,test
299ea0f81a4e1f8f9399b8780e3102de2e5710f588d0650d73a63cc22a116c11,test
29a82278146949de15ee657b890246d3d420bc5591100d0915c6862994dde0bf,train
29b115b057a1487b7f33bda5a1e13003046e320f79fb0eb1fb634ecab7435f42,train
29d18f941dc5e9efed600c82e22af06b6d070e71f82cb6fcdc9909da65e27d1d,train
29d8abc066a845f96a9004a91129add3de29a72b2b98e580560de21a10a5655a,val
29db000dd463e623e9b05871bd277cbc79511853ee90b389983bb3e08990eebd,train
29ec4c9e66b52840052063d3adb725e4e6b7339b53bd45d9ec431e3bfed009c2,train
29f918aa9ed8fb519582b406ce5916e4f33f13f1333ff9d3a138a47e0e243307,test
29fa2a736373cf9a7346e7db75332cd6f239ea91eb4140372b16d76b3f3e36f8,val
2a1541b32fbf1dba21a12a3be30b1896db5b7bcc23eaa8c461ded764dcd932e1,train
2a18be2ea96d30bd82d15bc4fa7ca4d2e40646aff9961538c56f9335d37e9353,test
2a1f40e7b9c455da814854e53e7a58b833f1e808120048d634139f74a6a14c26,train
2a3d1a107bd9d7f9c41f91bacd17ca082736a00f16b461f6b8900e2c54156979,train
2a41e2c0d3d997c67f27c49e350de0c64239d37108a12c148314995c7f2b4b24,val
2a50ee77107463e611fc93a41c5f930cf4aa1cc65b99464929761459f1f1b4a5,train
2a6a05c17dfda33aad3ccfacda1cbc84c9f4f168441a8b1610f9449e2d6e0bc2,val
2a723d8ae835ad1a86466e24559d12805c794b7411d2c6b090c5ab2f3a4ee684,train
2a7fab1bdf1e154c3dc0b14ad77007dca6ccc4fc34c744372d9bcbddb00806aa,train
2a85a11b5eaf3443500f66bd09db334d011b274575ee36042624628fc9b3a369,train
2a8b5bf7cc5891af1646272a61ccd4179e71c4e74787cc3dcdfe5cc57bcebf14,train
2a905b3a687e16c2ce06f1bee62a610f77f9a2907b3abd61eecf79798b11475f,train
2aa21bc5cb9aa0b23ac8959611b5c08c75de0ace7a14a87c1dc8ecc121b9d49c,test
2aa26775a59b95f050a2a83ad0770e63041d1bd6926c0042df35a5ee6a37918f,test
2aad20c225ca84e9df4bff86197fafdfd01437028b104d8db757d2036a5a2e24,train
2ab0793bd931a933c853554c96606fb8b0a29d67e2de44051c0cdb5329f48a0e,train
2ab5fc69c9750ed08180f1e4a6321df2a4a0a129e094eef0218df029681ca406,test
2ab6f733c6cea08f58f66ee25736037631841c8c51714096004d242bcedd7b62,train
2abf2691404f70af0e09cbb7ca7b0a8169def48491d5f2133cbf76862345feaa,test
2ac181abe6cabe62776055a40a63fbfa94104bf9e7ed153c5b6d878374c82396,test
2ac7a3b3ebae558a68862d426e214b65fb7badfc803ad8ec0be22b079107365b,test
2ad34aeb0d4d0db360bd1040504e079dfe4b7e4bd46ad8e2c23646cb04b07de9,train
2ad532711f6ceff1c72e968ac9e9727a97cc81372943f093c88c93dca4008d53,test
2adeaf0e3b2747e2ab78047134cf927b67335dfd82858435593cc14610351b78,train
2ae27591844d118d350c4e8f1883562d22d7e0dcecc7160b35260f8c7eff4227,train
2ae35ddd4fb1228e202a96a00d421c4269c07f18d65d21e082367b5dcff6d2c2,train
2ae9c6e6ff1fa9284db2fa55072db593700afdcce72c2f3816e8fa63da8d4ac6,test
2aebf5d7bef20f5db0be501343f0f5707ddacd4270b651a0589beaf78f71ac30,train
2af1893d64b9f02a7310dd81ed184eb3cbe5878b80766bcb973d918f4cbd42a5,train
2af2c4342821889e0e3c1939aee13079907ba7813c39db58fc9e0fc7992e4d33,val
2b0db12697c6a7846fab519cfa54ff006f64348a2a8758064bd3522cec25726f,train
2b15ea9a5c04e7e24b093646ae0c47e1e2d10e3b635e40ead3f76a5db959b0d3,train
2b1a7e88a550da02d30f85cb971b319fc9e6279ca81ad24c58af9c4dbadc02fc,test
2b298a5d6fbcfb785a066df6f76f0bd224b8c6704df1562300bea37d710a0da4,train
2b4a94c6c2adae2d48b0e1d8a8f3986af2e092b1195acf7b4ac88ac25ae566f9,train
2b4f0dca49b4d92d6e614277448e837cf9180f9e32fae441d5a9677cfdc7fbd0,train
2b5f3faeb38aca103772031f6db10a4a1fde1d75fbd91bf7d0473cfefc8d63d7,train
2b697f27d962c6f135dcab127a63e3d258ac25b9e2aedbb3fad9c97ae235f9e8,train
2b787ec4cce1df307c952628d5932dfbf2c9a40b188b3de03b2ccb83f4d4909e,train
2b88af202367e48d0ed10b3415a3b5592e95d31def6836001eb36688a6bff023,train
2ba7374bec2a11e9ca1e9c84f9c2b89dffa3cdd897b34355d8b0f99ec7b6cb5a,train
2bb65a5cbc560d45a53c5f393a3fd2a5ac34434c00ae263d792f562143e6b87b,train
2bc0da7c3bd0498a84d7171c35028678d08a9478a09d002831998753a1f607c3,val
2bc512a28bff7dbe77413961c929825a6f801867499c9749238a5370886682d7,test
2bd9a02ce2d8b321c8339410a7acdd321db719a72a99fbc297d5b8720a722435,train
2be03f7b0a4ad9c62d7ee505f8678fa49f459b565769d46e890e3534ede05ae6,test
2be0525281c522b35cae635a585ff7323f9ec141dd971ce0d0e9048d0d5f3923,train
2be0d8dfe27f22a09435cdc2f9e0675d4f2f0221ecbed040f7428918fcee788d,train
2be82ed32d0edb2f5d9ec4e9174ac13a55d9103143dadbc0633eed0b920a360e,train
2beb6eddd81fa5684fbe05984027410e0f3f3fd551ee69375c2298eea9706bbb,train
2c0c4178a2d37fc9e6654c8ed9c11b37919f423c1bf5098e0311396afcca3977,val
2c0d60dd0a0b10211633d1bdfae832e01f0bb410c6b7f2efc750e3e0114dc521,train
2c0d7d1c4070e1248115274c9ddcf494375316389d22d1357755618ac7114bcb,train
2c0e4d580f3d26afe019b9d4ba19c526836c486310023fbb0985e83bcf7e0e87,train
2c1541db1df2b2eec3432cffc74d03722f6fcc3f234de04edaa90e0c8f32eb16,train
2c170b0968c655257df31097d9e6d2dd7b241eb786923a02796cb5bbd154f9cb,test
2c29a16819e5d5f870ec37911cc5c3fa80b3032cfe517e92789cf8dc42ccf80a,val
2c3db36eabec0a6a6025aab43d3315d1121c9133de785c4a26dc69d9d868a9df,train
2c41f203351a7f36cf0eae844c71e3aab58d1dfc98e8b5e41ef3482a598feb19,train
2c4d795cad6ee71d3a88181ca4b5322d190ca14adf283a29db8e7364863b8aad,val
2c4e67311c13317c5fca437b0f6b24bf954932c5a86ce197d833c84797e96c82,train
2c55c866c0deef2297bc59c5dd6232ba5cfc9210a00fffefc494f9ffe13e435d,train
2c55d22e09b0fc797d892703c463047c039041fe293c909486e0d9e0b935a120,train
2c57766c36dbcc2d5d04e9a800845b9445756ce204d3b6e551c144a7b31c0a3f,val
2c5f168c062ef2512a94b019a628b351b3a4b085d5b3e543d1ca3517bd7ce150,train
2c605a5885290395155555608a8f3aa0537e9980106618286175f0e0d49a03cd,train
2c67881ae225a22a3e57bb348cd40402efbb2ecd4c8a196f381d9445b7481bcc,train
2c974521357d9902b4c696d97f5ff79dc2ff2388650c09d9b9019c13e2e0fd40,val
2ca0f6e99fb88c86e6f79e7c7f1fbe63017afa8505d789c805d7fa6a2caf6524,train
2ca12b5843236debd034015600ba0ecc75e163d2b3791def3dc4c0b40c6d5aa1,test
2ca63f477c3d19107b35a3a6a57f0fc61dfc6f105a639bae3a31af1e9e7765d6,val
2ccf9ef61310923330f76720e496a0510cb5a8c17f6f2770b1c7f63695848bcf,train
2cd3bdde0d15d15c62c192b276a4abdf05c88f944fc18496542c1642d19730b4,test
2cd6a139a3ecb5ef489b44207cd7723e7de36873ed921a7ff2cdc8d79434f215,val
2cda20d2605b70919081cc92e0cd06b7b0ddf5e87d22f7c3d6f48a70b32d50ce,train
2cda263f9595b804f99c2a2c283d00cb8bdf7e59074737c0333485e54a415399,train
2cdbffa8ad51d9b6cc514197dea180de89e423b99516ce3ca100f15bde28c695,train
2cf47800d770bab33dc31f9cc45a98b00ee518b35d2d8df452e1b87c0d874236,train
2cfc61d6e98ef6efb788542da16cb57af8da0416b6351651e9aff80bfa428dd3,test
2d00a5ba93a145445adbe134f14060757ec68be46089dfa7ca50cbc7b7f91b72,train
2d18f70141fe20c21be91411526a4762df17064467f77a65b9d632542e1e25f8,train
2d1eb6ad6c86bd1eec39f9dae8c602e42ca8c48f02edfcee0519525de43e2658,test
2d1fbca8b0152d1faf46bc401407a05e9e7c52578fcb25ad1e4b61de2eef3551,train
2d475f2668622409f360a66fed4196d01d0648392f1e04db193223b03ba87c4a,test
2d4fc02a5d494352c6c341ad633f74eea22a6f29cde812c4a78807d8af3a8a77,train
2d53c533c9154879e4f80208f7e4c90e826d2df08b75656955e16d23e5e4db69,train
2d54fb97450a6b2282c861c7e8233f7f6ed44a6d4ab1bbac721095bd875a08e9,test
2d591eb1f377c68cb7c3e0668768a244a1e7c75c344888c4376fc2dd1d27227d,train
2d6ba77cd3fe055da481aea51ac9b7c928a0b21a6326b261be4614cec12f4b96,test
2d6c198f5c7cf1ce8d49a1734829ddacb9d34e5531eb3ab3bd703b8ed8f20a65,test
2d6f5c5999e163125ab0db11544b8a352beccf7539756e1206aba660cbe30a36,train
2d71af49924450635628a16365eb5e72dbbcf6258a690f349b4c4bf48ac47a24,val
2d7a660f69417fdb948806b8f93c04766fe68d4a078ffa15a5de562c122f4e3b,train
2d805e1e78376758009996811c71690f3d6e685554024cf88445947799d9e805,train
2d8a9366cd364917e2b74c7d20e34530ca854eb4b548e88d5c3c2e0629617705,train
2d8f4c049bbe958925928d949de84547c2ec6e35f665f182ecca472fff406fad,train
2da7e728d4ab990e3db390f66267f1e252a3be7032390ddb0f1777d0a348e40b,test
2dae3767755c2bd68bc936ee8d241081ba8400efe7566e51c2e977d5d8c5e614,train
2db2577914f29821d5d81ed56ca4da9a656ed12cda6d4954389f0f9c9db6255b,train
2de2d419bf60f1b885df1c7deb0519e3ceb5b9430098670bd4797e983c59bbe6,val
2df0852b5e622251397f209ab9ea3045b1d0f0533aed6841b82d62e6253419d8,train
2dfe41aa7c09a2ccb61f956c8ab14da0cf393da5596d581d2f36d54c5737ff04,train
2e02ca4dcf5c78f545e292bcb9666243153bb5641ae93870ced24c7417b76466,test
2e07ee36e7f7408329be7f839c7f46d4a92e3e23a0af19b947065721423d43b6,test
2e09a559685caaa24fb87ab6b90c797054b4c198dcd666378b5763675fc3d142,val
2e1f81db885de09ca2aa224da3fa5d47efbd1433a644cf4bb124bccef50b39b1,train
2e2259ba55881bf7c05143596f7acf4b16a7c7226b354665db4682b32c942d66,train
2e2afa806e314c7aa76809ed4960aa5d6dbf54f5990b80a4d06cb3fa1dd6df5d,test
2e30a0ca7cb6babe6d04bbe6cf47b73a62fe58b7cdd2278fb503e3e27bbc381a,train
2e34ced526fda93667ebd317f68c293b6cb4553be2c89d90f0a37bac5b22e336,train
2e3d5f7ad4ba977028473fad17cc91c758ab534f528ee9353c51cefec4b0501b,train
2e4b71fecc735a78f47babea00f37878d947faa6aefc01c1acb82412599939c7,train
2e56d3ad9028562c576d3806e9b9c029d3edb9833d46620a3e1ace9329030367,train
2e6714033d01bf918610c6ef1733f8fa74f11ae2bab69755f5e14abb09e06568,train
2e69b5f755a4318a85b67379e9827cf30d888b0471e9b447d9f2d4a22eea3c67,test
2e6f71cf52d1b7e910b0023fd657420520d2d268e7e7cd20f0278d592d28157a,train
2e77ccb59c52761d6b9b501fdd46be9fddf731696534549f38816ae39629a916,test
2e7c65f2183538260f7d20233a9b5b1a262244fee1a6eb5a5a8f7a07c52a0d5e,val
2e8cbc4a9cf25744804a68022a0aff69729c4ddd227488139c337fe0b4e4017a,test
2e8d6b3b21d1329c3fa69c4c186eb611ca922e0677c5df3434ec7e1bd9fb28f9,train
2e92a472b1cba3c5a09df997738ee9d13ca1f52eb4b5d42b04011df2fad0848a,train
2e9d2ab162b7a29d75da320dcfea40ad14fa7a6d40acdf4b775fa961381e0f55,train
2e9d7267f2550bfda0b3182f6011a2969943c78c2fd6045a5c8346fc3f5f770f,train
2ea694ddd689c0bb3437bb139dcb0296d4b07be632f925b4494fd841a4cf9484,val
2ea8e282e736a779230cbc28f7d9bd8a506bebb420542dee4cda49b7816675b3,test
2eaa1face4ec79eb231dd2bfa587ffc2b1cca2fc4a80d305b38a11488b90dd46,train
2eaf0c2bbfcf7fb92a91e164bbd8961e4bb3104438bfea71906823a24b7e5c59,train
2ec5b67bfece7da1d1ffe5595fe50277e276e20c2740d4133612e14a92fb08f5,train
2ede5ac67a3f5fe36ae9a91bc487690b1093a4228bd1b1789ea68ba58ce817b2,train
2ee024e2eaeb6ee79875543050c83460df08f4474e05bc7a4e3db541c227dd6b,test
2eef977dcc4bbb8c847f0402d4aa537024a98262b9e89574ec8c739e4b869fdc,train
2f1b33b84c16244014239983564a778acdb92bfd0a56428ed3f9eccd6371f94c,train
2f2b92575f694e1f9fb94b25e9b95782dd42f9f454640bd4956111308e1752cc,train
2f3b204aca0f9a7b56013c1a27d078f7260ef2948329df975bae914223ea1c2b,train
2f4b8e9d04ac87ce5793fbaf48a8db65c077b138a96c4ec2bb7828f114d8c35e,val
2f587084286c3a4bcf6c73f8e248e26791584f24f8fe9cbd0f447a8c020aa6e3,test
2f597ef22d1056edc09f9fcbaa640b5c87ad6b89f93b9fd628b84bcbdd15426f,train
2f5db0fbd3512584a66bf909873fe2e3c3d332e853b0481d0857648af728bfec,train
2f5de94a557fc94a5877f2c17a03f7f4dafd91246082a2ced13a11582d10c081,train
2f639779b2667c2905b231eb9a2ba7c6a8b16d92c41e970b194b01e38a48cdfc,train
2f65078f6e8af5922c57736d305dfeea032f7a0eecda85da8acbe8906d953901,test
2f774646ca2164094ed7afe3e8625da5e2034fd26c608ab617ce87e70b3f736a,val
2f77e5c4811259868e3a062cfb585ea078677bf2f94cf2e9b829dc55ceca4552,train
2fa256fca20f24a51df807cd53fa0f3902aeaaea69d2e4304af6b916b4b652e5,test
2faccfd71d471074255ddae5196757af7c1f17556fa33ddbfab337d76da294af,train
2faeccf6f7e0c1fcc3bbb392a26b51a9682b8f170e05b8fc21a51bf8988a7599,train
2fc88b74e5524fd71d81a63cd2ea9581270149bdd33fcd189e10f49d6ccc96ac,test
2fd9877a5ad246db4d0c51b08b184152451017b54c26c6395f66e6eb2bb30036,train
2fdaa5695fb14d751ac1991ec24972cdcb9ffe6566323d990dc1e60cf41cbe5a,test
2feecbb5bf6c82ca5b0923811d8403c30367fdecbb5ea3dfec772e1bbb6e09bf,test
2ff0503b6fb5ca9e93114e9f2c5e5f401eb64a579650cb10c28f2c6a1795e3a8,train
2ff07243a77ffee0e06aff283405a73638b4dba2e3cc826bdffaefa07f66b4e4,test
2ff217c18dc832307ad408108ecf7724b783afa386030cdb9fae5fcd6a4e92a0,train
300f1a0dc6a625c07131c4221a4ae2749d6cf6b9ba2f310ce9e3cd2b89b2e6c3,test
3015d216fb6e379d46a56358bd1cecf23311955640a2895aae3fd7f70ceae596,train
301be9036035650b428277b11a001f300ec5c3eb3c11befa3a18673264594254,train
301c869791650a0cf85cceca95fed738bb59d4b80eb9d381e26ed2edff388c16,train
30388a7b135518fad3d612b42bef5825d6a4188d1e7aaab5dd99dd204d7b097a,train
3038d53e9194af3762ee7434104db171e053ac964a5e5c3a65cbab49a79cbd86,train
30497c3cae6872df64a22fe0682c1c09642ec6364a02263356869dc182f3a1db,test
3063b65cd8e92c94811ca49db6c70f2ae5442c489b26455376ead4ff5b064913,train
307a538a1109bfacdec1b8b2491aeb938162c3cf0864255e3e3b72c3c6d52467,train
307dfde9ab5d844e6b02fc5009f2eb8c60f30251c5c894b7bf7410cd0f736ffd,train
307e5e8fa164958e52994ab00b114a8427cf0ae6ad3f15e5ba92a1138a172253,train
308b18a08438370e2f1f152a6fe8ed480acd2ab87caaaebbefe6708a460feb96,val
309453bb594a63ab5ac2f32a61b94190b6dd97a60ffab36e3a710288cefa2246,test
3098e79ae8b48dd47dd6b9784c7d36c46efc11b3bf37a91a71c0a916c84c0b0d,test
30b0cf05c84013025ff9f829914e1e485465e846966af123663ff6b60577fbf3,train
30b31337cd0b7bf58c3e5d306a35a6e8d12370927bac77a27b603169e0bbdc97,train
30b56dc5f12a3db172e19ca5b128339dc01b130493b2bea69f0831ec23c4bf28,train
30b6557f037da12a1b6f539549debac577735fb971ae4af1a9b537880dc03fdf,train
30be4948dd6ad400621d6354ee6315455e4371c2366cfcaa49445de5360fc5b6,train
30bf15939f4c5886dcbc2d632576aea99ad7d86c160ed6579a4276eff29b48cf,train
30c7713d09d3cc5e1abe007f5b4fe10b5dd099908dcc001f2ecfe0e9730954f9,train
30c8f9f02ff7c094eb32f2ba8890cde578c98c964f1f162dbc243bad4bd04834,train
30dc0056362a9b8bfde9d2dcc8a0f5f4c914b060526309aa5833526cbf56ea15,train
30e27be3e2df907e2e49cb8afe42c8e4b25b009820c54cdc6ba6978e4ed234ea,train
30e888c2df741ff3497b00bacdf869a86947a8cd61397429e8162bac2b440c2a,test
30edb753995040d22f001abb2b63b9b01e12e9df85660f02a2e100ba7dc949a5,train
30f983d5a85943473b0488831db7146cccdfaa3795d927bb9a64aa31c631fb21,train
30fad2cb46b337d3ad55dd4d3d47b475625e7cf8c5266f765672da775a84a891,train
310404e8ec049f912376c2eaa59878483c6165cda2bdfda77c30e7823fd1dd40,train
3115756390eafda428dc6f9821f89b22bc6918ed676a9e9e43dcb3fed05057c7,test
311907ea15166336854737e07d8c93c245b2c898afb682ff84268349da2b7063,train
311e9935791c805e6f3af352047a0b5c30afa7154d9ba5ce544db70dbc10babd,train
3127e53a00f85aeac3dc094e331f2090b5eeda6580e740fdd672519204692c2d,train
312ab402aef86cadc1e863fa01bbd8cb8335a3cf0814e9ecc45ec51128ea2abe,train
312f2a9478f9936c4add09bc8192c8d10352d791cb58d2ef1f78c0ce6a47ece6,train
312f714ea05416af6221b6d442903e48fb96060a6a2cff4f048bc1df3599be0a,train
3138f7aeb00a4537eec77052619d333ca7224ce0ef8b59c460e5f57e20d4cf4d,test
3139885b1e909ff375b612887d3c0faac046399758ccad2b39bf6cf79e712fd6,train
314387a8f52e4704ee5102fca5fe1be331e57bcf165221977797a2f0617dca65,train
3149dbbf5ee2c950f12dc7709791b417454f34590d7425f57195318a623d53a8,train
314e38655394fd46e3ed449d0c4d2e3db6f2c9bf8a6861a5f02ab0ea2e47f8ed,train
31564bfe4f90a29e552947241aadbbce2545f184a0ec1cdcedfc1b86139f6a7f,train
316a95554d0031bb5dd045b2098c705071f3e8e7e077670bc35706c8f62795f9,train
317ac35d39508dca4333bd21f1eddbac706e88c5915198dde9d06a0e989f5754,train
317e8c3204f979ab9b5392c78664469fbffb1f66e02b85387f194988f29e8846,train
317ead9327147fe430f3f1a443d95847afdf5953e2b6364c8e700e949ea44f2a,train
318fcf51f3653178ac9a012c6fe9da5946afd7a92ee995f57f5798ab4a016342,test
3195168ffb10f2f17152369923016a179cb1c36569f1cdcab772b1d77bfbe378,test
319528813cbbc5ff953f831a3fae15a7c301cf8fcf040f8c5c9bf133e853a7f7,train
319a73f3e268a4715a32b9046c4659797f59bdaccbd5c03ed53114b62c98b88b,train
31a2124538d25e2c00ced4aa49fd7a42de21f764a4d981c2ce95357dd35ec594,test
31a28ccd82fe5748196b84e259813f0eb9004c33e5e4c16c925c13fa3ed6282f,train
31ab4c2991608ccaf6b3d10f172fbb36b1b90aab2754ca8c5cff83347fd3879f,test
31ba1be08a4f74e70f928c973b59e4bb12a69a1e69f07ca5f43c0f94970e8396,train
31bb7df05f540b4f376fedf0b71b5ead9685dfb6c03d46a19e59f9fa9001184c,train
31bfca37358ef4d9be4da42089f792d116a3ab20aeff266b8daa06503bc1530f,val
31c0b47aef413f0d5a73b3669958fae7b389f085187ccd5b80b811573498807f,val
31c8847b5c513feae1da861817903616ab6e486d210714ff4ad8d83745f3f257,train
31d70f32860007fccc2deb109cfee1a755a67636bd1da0f80d302e766e63d0ac,train
31f58b819a7736559a18cd6f7040fa8d995fc216cc7e352616c600572c30c026,val
31f5a80fb0fdd0d083b7926e14728840e1a809d09a74401212803ca0ac506ebb,test
32160c6e8add33417a229d928c9ec0d2aef8c4d7b5caa39a1599b795d0277dbe,train
321d3f84e6ef66e9f85d7807383917c3e668c378faa9f4b49061924387386d38,train
321f671b7121db854d9b2e9dfe5362b5b704e77b7bd811b9f4c63699a36009dc,train
3220e817c37a07e62025b6a2a5a220cc80d959a54231a5cada0805401c8e653a,train
3221b83a2daf389b4c041811eb10a3e8da808706e62fbd13492499ca8d274f78,train
322e0512eb8541f20abf7e3861dad770bd5ca324db60bc3a18709a1ae93f3246,train
322eabc4b0e4ddaa56f4534e5d82b0a7c56a8a0894df92f6a941861f37e65478,train
32323a5bafc19a720e8fe264aa371fb011046b2a2842b61b1887f3e42491416a,train
3234542d15f889acac14820995dc1277366f9e62558a8a0b8f32e54ada2bb986,train
323a9d9122c4d4fa581d9d390d1f4782802dd1aaed30af1aeb6b81faee75a76f,train
323b3a81d2dc2ccc1d936596c64f829201073214d3fae3b40f866c4a153dfbf9,train
32414d9621132fc820ee3b735edd35e5f105ff0f6d4db92b1af3b5e96f9b70db,test
325033cd5b85e484ed52cce8fbad114353c1f17b5501e9980a0a1267aacfc759,train
3265a9c7461b5c48863069a7d4c0ee891c4c8de0842a4eba2000d75a60127a67,train
326cf873f5eff221cad0b78539d2ec78db447f99898d71c6cb75d805d6c230b9,train
329409415343cd775ee392b24cdeecd74fc94e149546d43123cf0a277e952f41,train
3295397dfffa51ad4bce148d338569fad215f20f3f7dbd9077869bc872437004,test
32996cda22d14cec62011bc7bd594289dbf0b512d37606d7627056302cda4779,train
329b221edb00a1c8755a319047661fe4fae2674fb2a18f75e51cddaf436decd4,train
32a45462bcf51f36160d2da92a5a3707ce2a80dd290990ebac7d23df3eb84682,train
32a4b281674a4a004612710eceafd1f1ca09272951fbdac96db631cdb2292668,test
32ac6f659830271ad591d2e7feecf60f5575f2cf3fe0fbd0863cfb3480cd1e4d,train
32b6eaa37e7d7b4bed814b64929f539da0f27e3d0eaae05b15a9d73e34810c57,train
32bfa85167b055d39897a330078581738f0342f92da6bd1a5a961cbb191382a8,test
32c08560df47599fb9e84030aa8da1a02e25f9c46f086a4a499ee6649f10c2c1,train
32c8c4f11bfdb1365b21a9e17619930610aa29c641b91a13bd7f3f52226a92ca,val
32cd6120111e63e2cd857e127e5393f60915bc14acd2bf394877ce8a59aceeb3,test
32cda78f88db913af3d27b35ded8bb15bd08276909fd1e83f21ab99a7a925c6e,test
32d9ca0725c768b3e1d27939b39d0a54f481aa7a8c9172073d0310634a78f70d,val
32e131d6b63507c317e0b46d13fff4bf98aca8001675a0cea1a8ab07331a06ff,train
32ea3d2ef5d3bb582c33ebe80eec83bbaad6086286b3ba060299565438472625,train
32f762f1dda23ef1cf7a86af2e3d9f90d4d8ebcfaa6919371a94ae766ef38d3e,test
3305a4a5950f88031333d71c2887932dddfd1fe74c70858bce356999a17871b2,train
33076d208cb319c8dec6134d2a1bc38fecf63c30a1e7c4aa566d3bb0c1319336,test
330a58c1186fb8fe5c700c911040dd958ed66fdbf1fd2827718d91c532bc0e7a,test
330ad79ad80606ae25ed7d60365bc57ea6fb373a973722f5f39925731e5670b0,train
331fbe201b77546baffbd1f5e91ef4c75407004982a28119439e4b780264ed81,train
3326b066a2d88adf8e38336084c20bd72a28e3ba9b5732fdf8bedd9ec5d1c720,train
332bd7be2f27665da85d59dd5e6c1fe74bcc023b1e9d76254482e9e1ebb7e8dd,train
332edb872038873418c64ae2efb3944ae6cf5c1daad30d1738aa6f811cc4b98b,train
333072ff362d7a57b4e97c8972920b32087c747df3afb1bae9f769b4286f3571,test
333cf1cb645edca193627a3288957693737b3ae97d299081cc4a2873ef125883,val
333d04c7c77d1d908310c4af53bfb4869666db67f43f97da7a2d8d7451ed2a39,train
33476d1a7ddc2ef0b3f85fb53efc99431cda4d89fa9bf392ef2f8e782fa2cee3,train
335b71f31c2fd7c754af37d3473da98b7d15ab2989e9262d407b5bc5600b32f1,train
335bc7d17ff147f98039604d76f115d1ea0819147f40316a81b20244316b3e8d,train
3361e4f3624fc4717888266f8680b2ee194bc2406fecebc7078748950c39aa56,test
33650a6a7640861c7779cefe25611cf6501a229449addd7c8bc696363b0159aa,train
336dd83cac49133e1609a6464cabce5bf7de262d3b30591b31ad242161ceb060,train
337759b6f31b89bc5624df713b72ab03dca3bf15a03a7ae55bb23b4e00ea4e1e,val
33798ba691a71557526ab1907cfbd5ae059c486c2cb79949769311b166e1e2c3,train
337e1b939b35663b99afbdd0e00866b793d94aad14b9355340d84e821f1cb25d,val
3380cab3c39914201a98dc102c0c318bad92ea0216d35866fb94d781aa57fff2,train
3382221654d8c9a48529509afe61f3b7e63a9c060fd4c98cb327f98ca490edaa,train
3384e6a4b40e2b35a9adc738051b40c661955826dd2106cc102eb5cb615c7138,train
338a80b229323cbea35cd122388de194ec409a937405555bb5b9105e1a809026,train
339736ee1164293ce66700a417ea9fe8a3d24931a41ddf3389eb97ecfac5b6ae,train
339782b864c6dd98724b5e9302df719145a3da2f195c009b49ab8141bd1edc96,train
339c6d5893f476ac3e9894a6f04c5dee9cacb7d6b7ac382a0ed16c7402258c49,train
33a2dbbcd0efbbc079e95755a2e2490438773f9b4f53c838876583b45543ebce,train
33a4372b24c87317a827957a952e643943fe62f481d1ca900e416991260772b3,test
33b7051f8900b330337fc11971127387af5353a1f66d47066f1c0ef69590de5d,train
33d1dc1bec83e053c9a83f686c5591146f5da5b7ca22b34fc88f7862ffe1ed53,train
33ddbbfa359e348d2d3344a7f6e8ed6918efabdb1de0a39bcef44406485398ed,train
33e669499a3d348cc7cd3db3bf0d880e5b6ed6891eb3fd8a54ac06f4497e929f,train
33e96e2cc3efe4c93a40115f5368eb33376952d048de791812d6f5a53c0c1f52,test
33ed02d82cd1788a6316f5e18fc83408056d2c3a03d50316e66b17934f708a9b,train
33ee1430e209f43ece6695bdc9df3be999e33b1f471fcc2294022a1165c73e02,train
33f63144d1271e2377778d32cc18089e6878adbfa03b3f3e4b59e9031f2bb042,val
34047852bc4990bd948f70b55ef79d8b8171f0e2d64e69792ab54f5658eef7e3,train
340e2683ebce93d4a354ff3eba1119ca9d7959dde5964ae61cb5454e87d3ed48,train
341149db9df16b008402f760d1e928d5943df2fda337cccf74f1b3f2908051a6,train
3419d947eb1ea58bc03c12b504bdd545cd6451dad15e54e72fc990cf93dae6d4,train
34268e67c300fdc67cdc0158b4940b9b83fafb31f1eff1cc5710a5debc4dcf9c,train
342afab97fd642fac7bc7d5a941ed33a8cbb29773023e2a6e5ad9f43cdf3e936,train
34388b183fcbe75b193cabc27a46748cb497ef1d226b2286b2a2af26f4359a8f,val
343c2b3111caccbea270ca9a8825cccc73a60e429ddc77db6437b20d37092008,train
343e6f839a5466943b199bda3500e73ce2d4862a452224627c7401c78b8e98ab,train
3447fd8aca45cf1e2424a255167ba56e6a067ea3aa8dfcfd81d10c610a2d1374,train
344d505612c57c115ad6d992a55a87eadbccac4cbba9d56f56cd5e9dd519da0f,test
3459bbe4ca134fcf6be1c4b30c3c71df1c2551a36b7c036f13d26af52c6e6a9b,train
345a8be17fefc1fbeaa1fe27cbef6bb12e7d8b520d2935b96089b13a54b8d871,train
345c14ca8fe1bdf862d2e79ce2f87ae3bc1e1fe80554341ab646ea6429ad527d,test
346351f37ffaaf03d01b319f3bca8bffb3298d4725e818caaf9184d65a10fc5b,train
34635b22fe9ce4022ddccd82221246d4e6fd7000327aafcf019a67bd66b12849,train
346b5e10b8a6b21e17afc91f23bd474061891c83b757b15add52c4bd2282b801,train
3471acb99607b36584457bf897f6d26392c09a223d4065281748bb7694ad4217,train
347e84d61c3ef4e9202020f5a7e83e06be0cca993c1ef7de7c25eaa12f4e7b32,train
34804248f873deb4585696d80ebf512d6a317aaf49f8f2509f21cc2803e613b9,train
3482910ef3bc4d8eb5506020689366951669521f01a7c01e5435b46401e43926,train
3486411e77453ef6499d9fa792730bf8569bc7a9e430857ba1079d91a33a080d,train
34927518d45719ac4d16295c2a8afa74e1f1daa387632c04d38fa073d631ec3a,train
349436ea641cf2af47545117397eacd0395981daa71bb400a0ea5cf18bc8a46c,train
3498437786c0e07da9c067cd6915dac95d1861671d38bd3f83bd49c33f8ed581,test
34a4795d400b31a27d3b41e126008d610ba55dd82298af48b9fc68d2da8eecdf,train
34ad7d36b0202d9989ff76121e175a41aa75248a899fac334b8b857823346277,train
34b397ecca109fe3006268d0533e05e8009d2e3be5708f6cb6af940d2fadaed1,train
34c232e2ed6bc07956401bd9b2aa5b88680fce45abc489c4c740750e504770fb,train
34c37395fb9e6ba7cded3509bf9fd1160107b4119c6a993155cc15b21a7c46ef,test
34cc781ec6e62760c81498dffe30aa2f2440c5be0f0908a0de8e51abfddb0dcd,train
34d2cfda9b8c1d3aacd8213951b053e090d14782ebea8656b2eb613ec9660c1c,train
34ef33922a7f5e35bee5c2bf0cf87d166dfa3cc24653e38d52e5c2529c1f70b7,train
34f98b692b674697eb13a45b227ca725383b7fff091e158384da3d46b9535838,train
35038f817652c42294ecc0256546d443e5f6531881de6038ee5b52bbf1076bb7,train
350488e6494ef15298c7d5273a8fe24eab21f27be4cea9eab6acefd38895ac05,train
3505d936508a00fb60ed57fa880d521380955cdd91b2b15845833e4270225270,train
350c7474227466c689fa156e0e979a7aff093b064ac7d460fa18617bdbbd4d46,train
350e67c1babcafa5542f6ff979c57419d5b3f557cf94cd3491ff5bd3eced45e8,test
350f832bb04f90ede333985cb4883cf104f96149cd4b6f0b057a75e57aff88ba,train
351570a6eb00deb90bcd7c86d261a5f0fd30f7fee89a2c32c48e624f35054476,train
35188f02eac5e17d80d6eec21dfa269de0df896276e03b7855ac367d3f5185f0,train
3521e6c8cb4fb8d8a65a38b4076730c13eb6927c5be4a6012757c80f5f8dce66,train
3527d4d6f01ef764b6d5b5a96a508924ec81a39bb1ebf93b10c56d06fdd269ad,train
352fda39630d961118ba9da516b2bc4bf801b647192fc3c79d4facee5f3c1663,test
353c986ddb141eff49aac3b6453a3f3c709b5df4e53aeae8ba8ad20d31facad0,train
353d121bcba4588316daf8566a26391cee459e807ab12b54bed35184cb5b194c,train
35427e1b2c3c22aad6f40b420aad864763eeda00af36fa4b74a90067998fbac1,val
354ac613d8762b37ae42d07baa2ab90bc22fcb2093e861af3748496bb43edf25,train
35568016b9cc1adec2a6dc9b9b9cba36a7017f4675f75a6a47c84b1fcd8e7760,train
3568777a54d8804291b80d6ebcbf59992fc224f9dd7c72b032ebec647610f220,train
3574ea3fb5d3bbc22284665f65d22ecb3f079136a8a1dc23f44761ca766e5e75,train
3578c6f8e5e0643e6ea6188c7f981601a1053b0c93663e8c3691442a3b46cee9,train
3579a702a144da1f546ca1d1700d87cece816ad92c7949984465ba486477a3f1,train
357f4e0cffc24258718845930df2ec93002f6fdb615881b20c00aa2c497082c4,train
35824f86b5dca489891b7adce1699fd2a2a840ac282a7497574b87de364c9422,val
3584b0b3f171cfdf7719ff49956014aac2aa4a440473da281fa77afb1c0d557f,train
3588cfaed400e95843b1aefca928f3f9da176a8ad121fc7a27cb89575a3cf2f8,test
359932d141286eb43ae712fdf340b16f2a7eae76db244201be2250b018570a93,train
359dfbdf9b74c0fed6bac824b74d13cd943175caffd04ff7f2fe848b687edd6c,test
35b9eff7ad581f623ca587815019a77ad828e97dcdf9f930f8e88efa9d2a43f4,train
35ba2658eb59005c1c2edd84cb4dc880b908762e51abde94c9b50645a30db1ec,train
35dfd717f4eaba5e4d6c34fb53912660f8c5268a60ebf1e4387fb7151474022c,test
35fc06e7264f95c55c9dca5a44d3dd96aeb3bb0b77a463d3c748b7157db58af2,train
36005f10292bd440a6d5973d439d157e6c1533a4edd519aadc534d98030c2ecb,val
36026c1c7fb6975ae01e8bb8daf6997fe758d2774e48b185a82182b0e0d34531,train
36123363d767268cb923e85bd045772398e4bb43c841bf9fcd9152bfbf129f67,test
361546cab26c9be6cbf7252095ea203dcb22dbd2a377bd999b515f8a6374250a,test
3625f2ba27afb253da3b43b98821961e58d0e14ef12c46ce0f7c94784509dae2,train
362c1638cc3b8db530dd9f801797fcb435854116515794446ab675026849d041,train
3636d2fd09a60fa778210e7c5ba82523c1f7503b1a67a6e0cdac8f88ec0f50e8,train
364364a4e2670b259c5a0ee637ba3587c1cd74fe1dea6ff43b2835ee3ecb298e,test
364f45009a705599e3c0ce97b7e22714ca26f2879c2a2e4ed4b0d0a698a9a1e8,val
36511a1b900baa348aba35db73c355f6c4e7b08e8835ce42c8a26167ba0965b1,train
3660c42272e4e5aa38cda1d9ad3c79e07aaf6b988f06483491dcfa0a549a9eff,train
36625de84596cb44343aea47df28ee4ba924d68e4a54f7b5ea4968554215e01c,train
3672ba53891414700c4943ace14d1da8cffbd7726b8a7ac6a2ae7ba6182c7e81,val
367ce0a4d390793be985256bb9398feba7440d93e98b79323691a5e50f24e000,val
3684e3e8b599f37f939eea9f69a53f7c7dbb55ca71a6694aafc1fc104a69f14a,test
36967e88b9927883d8fa75b636380cf21f2b6ada73dbd29a3cc1dac1d811955c,train
36a72b96990045c1f81e4183b91977683eb7cc27f78b73794999633b4b3b35b4,train
36b5eb3f9eed7e9c17589f5b55c12b3b23ed25841b2c76c1ff5d64d0336837ea,train
36b7499efd6c8f8ce938e126d6ff9d712ab7f22a899ad295c926fff5ebe1fabf,train
36d05ee355885d628b6358fbab630fb40274083226f5d797aed37160139a2e56,train
36e1d6dc107edbc0fb8a7f780d13e2b48c0c0afafb6157e1ad789d97f1398979,train
36edd2e30cc0bf7b8c5f1b25743d1e1542ee6c25546e699da206b33845d98f3d,test
36f206a9ce82a65e9e841aef502e429af4be4cfba6e3f550109a6aaefdb428de,test
36f8a637edafe53d4d0b5e7342f02ac4783c60697e0ef62e65b2e368cf6c1fb2,train
36fa7db3559265756ef5eb15e14131969b825d2e3b817493a21eec8c934a2af2,val
37004de0527f0b5cb5214a47da229273069cee501024fcdf20c1795f92b66956,train
370152305ec9f755c553e42dd3652573aaadde7e8a16b61c40a413538a8f3901,test
371bcc3fbde2766dbcc3aa2ff0447f621f990ecb975abc1816e0aa0de628db95,train
372156ec613dde3863cef94517b237c35686549a4ad0c898a29c8801444a621d,train
3731636ae80d060ab6970baed1532d498b5e14c1146f51a460d36f54ae3c10a5,train
373ea0ae500d0f745fdde9db1f8a773044decf29fd4dd27ce562900d9998332f,train
373f688cf420e73c08493e2d877e2247fab5489a49d1865b9a702b73d37c7490,train
373feaa3f3fb5039a0b7c3d895ea4c961d935ee6df2d9356ca21499e432703cd,train
3740d5337b2f6313da21bb7e1ca474363b9a2aa6c495d2b458cb21de273edf18,train
374313d7ac9736e9a04f92689d3c8e9d4e02b1f4d6342ed1575300daec977fe8,train
374977ae5a7f282f4f1d40b62abcf236ad58963456f6bc615364f254296fcdd6,test
374a3cc890985bf66b8f1c95b2ea3bbef0784f79749ade18335afdb846f35f7b,train
374ba9b276753c276fbfaf8e22b7bc5a286f57cad4312e3eccf22213ef0f72b7,train
375743911e94783aa9b49c2f3f753062dfed0fa135e6e616c0559238e5a00a49,test
3764267e887f4ef616975206baf3dbe51950d98c5bca0e18e8b4b1a88fcec359,test
3767cf4c13761578c1268795fa6f2c32d851361587a8bff4279eac81f1721899,train
37769de4afc678ba42074f43f71dbae6431066c10f863becd3969c53c2c16a40,train
37812e3ef5dc5941fe787f7e7c7779e94d26b59f4ed4930331cb0668f842ca27,test
3782f8979a26918c0f6f2367f6deb0e05600dde1f92ded959e0f907c266bd21c,train
378d7abead7c57cb96dbb34daab683fbc42feb066ddbb170f04bf424dfaa1396,train
378df2cdf219d27151159ee467bd2b51195f2faddceb986a224607e55c64a6fa,train
37a74db6fe4511fa832dbb15b5af1393a60155f589a2e510875dfa90bd2d77fc,train
37b07cb707e713dda01e6e075a36028c561beb59a55ad66fdd79cef3ad013124,val
37b1ad4c2084a0b4b12771601bf408775ebabbaedf4a467f76088dbf693c7d4b,test
37b2e1b99ffa0a7eef0c8b25973f2105a7f664fd479ba35d74470b4c9e7bbe48,train
37bd4d7ef3fe79b987db639755153d87ea384362db37734a06865cc640f9cb93,train
37bee04354d6dfdbd7f69f1b79ffeff4327543f80ab7de798f3d58cec12710a5,test
37c0e62f86a9b6b633caf92a0bbb631603b7918d1d902e82a55515f4cff12290,val
37d05efa4525243ec49d50b951f31b22b8246918a20aab6c0b3beab48ac2a6ca,test
37dbfe190174ceeecaa96242f5d34c5cfd32a2ac391b23e836642c77c4c11ced,train
37e272f38e5c33da8b184eeb7c9f911f0b21b83d361a678986533c68e7e0cb61,train
37eb313240ca3f5ab866fcbece85602f4c7175c3420996553786a44d2ea28bb8,train
37ecaeb3b0e866bf5356d58b4e2dced99f6efe1a15662e2282970b92c8e1b53a,train
37ee11c8c097aa8f516ea20bac896a2570ce50a4e8bcf117406b14291efbf8f9,train
37ef5284764e680e42e973224e65c6220dc64e8712fe5730a42704d42283f722,train
37f46825780c60defaf32ade6523f8a8e2309259ae230c420d3d8c177c0c87b6,test
380ffff17616912f91f3a57aba2dcce5b4aa846e35cb9a5b2b87a0cbe23c36a3,test
382c92226a9d84e84d7d34279ddca57b0bf0e4fb1e146ca9a74fb41a623c7cb7,train
382ea0673d74b3acdb3f8e65e7293c09191387c72b0238ae9c57af216097bae1,train
3856ecfe263cd666f0095dc292cd0cc9d9c3ab7bab8e9000a1a230848960f8a2,val
386a7f1635f16045f23e77526cf7557fcd5fc866aac2f72aac21680a01f0f9e3,val
386dbb6ff4b3d9dd0c0e60966c213240200bbb41893c5600e73bbc6d4bc5cef2,train
386ee5ffc3f38100c4304afdfb9c5b82d41ccd37523bfcea3637af833879dcef,train
387108888ce475eb63b74cdd58cd800dc4bd3564fec5c3bc989975ed9969544d,val
3871bef4139cb3d7e4fe0cb1aaf07b241643860b674815e419c5e0b76a8923e2,train
387a5102cf4ba5f6a0c6bb949766180bcc7b397ab49699b343bfc3f5e18e93c2,train
388202cf939d0c4295e967a71575ce08d4f2e37338bcd12b9221c1a52755c8ae,train
388b5f8863fb7b5481871fae0e11529b3763b9179e1ad18574514d50e0ce79cb,val
388c664303524f3d3f15b91ca0aaf27391046537ab81b2105cd2701cf2846af6,train
388de8ab6cf243dabffd9f155811afcbce4203b4bd7acb464c73d0d79187bb88,test
3897eb8782fff64632470b68f81b533a2fa4efca0890f900fe25b3aa451f3da4,train
3899f28abcc5932a36379c4aace14fb274dd2cf7f8ad4ef215d5dde5e20af564,train
38aa5af766af8dbd81ef815eab2e046996f9983079aeab89a01805f77f99c07c,train
38b893f9f3ec44a5c4fd0105eece0372b4c12266ae3da17857cf81ce23ca0645,train
38cc1c1d0e6e6630d98d11e85502f9106c9c063d5ca121d373c9d38975e8be43,train
38cc77c31c2dcca58c2cb9a02fb5d76e88ae34ffdc7e65e4c74cf00cb0558846,train
38cdc67ce7ec79cdead67820588bf72e0ccf13b0c1de9f2d97931edb3b283afe,train
38e2d42d8eb4a4d09f10624384998678f5d8554d53a7a3b3fef817b6239edd58,val
38ebb84ca7ac74395a7f3fe6c4710289a232e54787f2858f6ba3ef6ec8c223b0,train
38ed2ad34720f85b3fd4fc0963ad913a6b0f4276095f4656538ba161f0ebe9c2,train
38ed49aab06414e71611714e3800cec96d7da7b4d262a401870ca018e489c7a8,val
38ed8dadeb2d33f75c76d04f2a454cb5c72eba901a3fe2000e2cefb0486675e9,train
390b3a61a9c6372003a2dd959ebe157d4906689ed20d02341c1647561dbb0d5a,train
3917f7a9fca682f3c24ae7b5f93d7f9b6ce6a1fe875e3c2c3e8c70f868467817,train
3935a1e8a1a4cdd103ca56ad446e87dc61d24f80d29e758d518c631660463734,train
394867b53d37ed5f80da6304032fc5fc9587befba9baab4ad6a844bac6409b71,train
39495b3189c7f35c83adc14186f428132bd2941f23006d0cbf4467f019acb61c,val
394bea9ab6a5389ff222a3b5160eb7de88722f489b3bcc5e4ccd80b1d9ad8ec9,val
394e0eaa3008fa745b4e7f58f5c9558c2634548aede0582b55e956ada520a15b,train
396d07240f23c3231e67a1caf3f0df1d8b892c4a163122ffbdb60c9597d4ab2e,train
3970399d8e3b1acffc5433c001c347b5bb55f75a660b1600bc4bd996dc3c4578,test
3972afdb8c25deb487d69c3e66e9e840a65723118cfee150a9157793b0a750ab,train
3978804109e985c31e3dd2008d7f89cade3b8f58d0add79d0a64992f960faa42,train
3979641d7f467afc9816791d3282d2e06a35d0e67d4825db98a6b69f4d914621,train
39799e6463193111943fc4b67614487e6a76aa958471a6b8c1bd64dcb3247b36,train
397cb586176baed6cd65ed5818a46f790be8e5409a4963c7e5ab8801bdcda5ef,train
3982956db8f016db8e86ea38e5edaa599dad0ad47da44f216bf84b17a5f858e8,test
398700c63dfbcc55a411be203fa1f9371f523b47fce87ab81b8faa2dcef0ce6d,val
398b4d5087d13d748766ac0f682854f7913ccafc910705df1e294c5acafa412a,val
398da1fdcfb35cef7c3e080f34923aeabc03d8df272babacaeafaf3d99726416,test
398de2555561b25f703ff13244b5759f70951700388669465e871cd61f9b7653,train
399388d23bf1ddc56fb6eccbfb6763c337a6af3e57dead4a1f1ae1ecfc4b2a89,val
399460abd089542758e2933df8c3b987d0d5b80432924cf65dd18e968255f7b1,train
399799a779ab630a22d18b630a46448dac5b086e70e83ec38a8eac125e975f13,test
39bdc5956b22bc34c0def598ee0f6ef7f8dad6f527f44f99cf8f654c38990b45,test
39cca2d0a210c1d9e0d8859c269a53aa3cd783ca0b91a8e54976d9728c97733b,val
39d32a773255f2436bfa8e88d5a6093e2721cfd8991e7de927305d723e4466bc,train
39d4a6b225c00a303c8141d346c81b4a61658e8df037d46b3389f827a4820a7f,train
39e49fad3b6dfd0ecd99e6ecd4f4ff4c2b60a1d826fe45a3bcd5514ef46abb81,train
39f2348ef0c6ef186e156f52fc38d5e04a1d464105bb739fe9291a67eec37642,val
39f3c7fa5d24328f5f5106974eab3af10282a8128eb1cdd0facfeacfac262d56,train
3a0053021ecfea944129defc4ca58747f998e96113612a22fa1f4b8a0154f5c4,train
3a18f5f96011bdf565ff4f75ee864028e9cec75abd0858cb4f37f300cc5ee040,test
3a21c47d7e270237bec6e07484ae747c6acefb6d70b1106323645db87c6c5a21,test
3a37a41913a683c662c75e9127a1bca589591d4bdf5f4c474e983d9fcc42e92e,train
3a3923aaab490d1530c4995591037c6c24420ab0ca3eb4b45cc327fec33c7bdb,train
3a3f31a984310b25f0b9ed367277f46f95a9047373f034c03a472c909558e468,test
3a594a9a1689ba2dcffbb89100db3288ea7ff7c6450c8da3913ba3cce1fdc5a8,train
3a5ecbb15aa7f022ce55655b24a756fd60035a34cee2332c2e92442eb0f36d88,train
3a6224e02335c83529d6fc0c8f1e66c1723c55338a9a111f3fa1882b8f8108e6,train
3a646aa2e587d4d9befae4099ca93e6baa2798a3e0485b1c2b82ceb59e956669,test
3a7398264061ffa732fcbbe0536f09f6016f5efd461b83bba34948f83bec761f,train
3a92192be52058605cc1c59874ed1e0f3dbab1120f080bf5c5c6112903af2af3,train
3a9fc860fb520d74247a69e163e100a251d43c3118db148d605539b3a6037d68,test
3aa712275c08128c1a174dbe343fba846ac78604d40de1514af6f5ffafa1c6d4,test
3aa746249c045c994b8233b11e34e77846482f39ab3bfe140e9647ff675a9c60,test
3abbb904f12b2f873fd2c9b737be6409cef83c0a4253ad4e2eff500903386821,test
3ad24353ec67272a6a5a4178c980b09e40a82596f414741a49f59dfc5593cd55,train
3ae86e8259aa64e539d949d5a91ef5d11fea92cf73f12192c7f12798e2ee1f07,train
3af5dae43df0ccca896858a28f34e777b75cbc56204b1faa208ae5a1dffe919e,train
3b0e5fddc7abfa4754733f3f696c0397d416d679042c64eab6e1342d0adaf83d,train
3b10bd80d6dc99d7ce6cf1ab7eeaa9e209cd991dc0cdcb162260617390d0c3ae,test
3b1380c1b80c8d4ceaf6f3b5a3f32483edef7d7d4bfa8bb31b0043f90c3c2c39,train
3b180a7456ccbdb61c71498b4b9753dd494795dd500782f1cd28f197441d61a6,train
3b23d525ae4389537b5bbc33d8ea538ef2993108060531b7efdb79977d404ea1,train
3b2df8216760da65adf445185fbb4b945a677b91ef6d515a0ff73ba06a3a8c8e,train
3b3bf61c37b5d69ebe6a46cec36e3c1ee837a15f389fcf21d6c77ab47b38952c,train
3b3c71d1c4ce785c4fd228baa676de55da23b0ae45e6f345c58ecd768005a697,train
3b3fa9c4dcc8c5f4b2cf6a51903cd28e920d4e141c590cab26e8e19f184e527c,test
3b55192973a155b8cbffa4660e17c67d770f30217b4d902bb23639301340e66e,test
3b5c595f1d68db806d9affbd9e98894a808dfd36f878158a780eb709287ff468,test
3b5d1c8fe14b4f02c200234e78b4e6acc94ce091b7418f338efeed06c98e2198,val
3b632ab6dcc65e7838d0324eaf7541a4e8a8b7b1e4b554a78f840b88d37f1abd,train
3b66fcccb8a18dec83f2eab02a92a01d5fa8df74bbe0025b4b4e5b7901cf44bf,test
3b7468fddc2fb3689502ddbdab864bb00d1efb9a26e4f409091d335057243bfd,val
3b750e4a56c8d213ef5ce49080287bac4027c3443fd6f240cd1d95b497f8bf8c,train
3b83742e9cf10d1e5498aa4a23e15586415c9f8c1418d12c9817316df640f00a,train
3b9710669e45e06e6d2e66b3013897d58fad7b6fd8f801bb67d760981167c112,test
3b9723531ba45af9b3fecc0d9277c43b7b9b894666b91f34eb0025045d95cff7,train
3b9e0ee724202880376e19566517ea30546e7a0765a1eb51aed38a6d98d3fb41,test
3ba12413c8e90e5c110ab8b8810a0e25526f48f21151f65af4940134b3334561,test
3ba412cd4485c543f9773c8c714e9d114e332f38dccb06a0e6af2bb5a9a6fdda,train
3ba793b89d1ea34deee143db1fca8143fffbcb1be94e4dbaa8624b0299d07bc4,train
3baac563f86900e784c72a1c611e1a3878875d5ad2b350e3d76df411a875cb7d,train
3bb5c7068ccfaf7aae01a92e3957fa163665bc0f0f24b0a917d38210003a4b1b,train
3bbe17f40d49b42288c6b3833edfd14d8cdb3680678d54f3ee407534b6b3ea57,test
3bc4ff86c7b35402036b35854ba9b73820385020bda2111c81cac747231b76db,train
3bcc854d1570c2549555b6f03c537c65b825926afe4fd5dda8cebd045638a855,train
3bd187c29259862a5406b804640b91e3fa5e90a614f3139f58d3cd723f29558c,train
3bd887306ca87f8f887d8b725a66f30c1eff834d38607ac97f599ff1200614d4,train
3bdf5931ed9da21445f9ac364a1b25cd724d17ccbcac0a6d9e273e72aa297079,train
3bdf77528c177ce0a78041185a5e6bfe152474888cca45309751cda0bd9bc30b,train
3bdf9d2a588d7f2643e83c1420475da47c67a1125e1f5f1e8935098882da3051,train
3becca738a60652a16d544086e5cedba733475808e59d6b13904b9cc92d85855,train
3bf1078fde59847f0fa2b952b33321ecc11d7f49e9558a03717e27b1c9423a04,train
3bf45c76fbd1301421bfc4e9ddd3c1af8df3c4b38390682e3ab75bd9b24d1f5c,train
3bf4d1973a5d7b718517032c754a3d12d143d11b11208e27b71bd9a9cc4976a1,test
3bf80357765ffdcbb8f8118b77978cacd115713dc9281b6f44ccc7348125d5ca,train
3c159a3855aa00924426e7d61e025207cc8243182ac764e6a36b5a285d4497cb,train
3c1dc8f5c1a1afa4ba584354597556b666ad8dddf3cd395f2e02a1718b0db83c,train
3c2ea7e0e66d39bd91f235ddc824660b994a57f95225d746cc8e2934ed6f5d14,train
3c30d19fab45e833ae4c6e93981c132583ea095cfa22ad88c1799cacb8989938,train
3c46f52327bcc2c21921665af34cc6f0b1f8e642ff08fd399dedc6e50ffe2b2f,train
3c487b5b48d346d91168e0245ac1d14b31022b7a4a70b152f58a33149ef8890b,train
3c56b911ba22d7915b477ee29cc88b2773d5aabe22cbf835ab50ebe2cb5c6f44,train
3c59132e8e8b6981593086397ca5d5a46708aff47b21a45479855c546bc5f572,train
3c5a522967a02363780d0c809e3fa28f367bf181a94e6328c8e7824394442cf6,train
3c5b345bfec44ac219907b37a0bd7f429f94eef895776995f727b49c7af6b9f1,train
3c69028c9f2cf5ee04ee07171dddcd68939a09c0d4738b6b869d847e147d4ef3,train
3c7c417427e2639a041b166063874af3acec1908898f2f3b1fa32adb9d436547,val
3c8a0b7ff9b965b23c0f4f4216be4e112f366ae5ae5eac7a3388d483cb0a013d,train
3c8eee3a4fcfab4549dd648e159b3ee6b7c3d7db44f4e40f8daf50e9b2b7e69f,train
3c9337623b86e79d5bd1af9ddcb93b493da3750056ccb31ac8d14f69107386b6,test
3c9702776a246e67b84e059ca922c41d0093f58609b13c7f7a925cb48ad3848e,val
3c9b42438d8e6236ef55cb815cb38d75b596e0375187bf2968f862042068392a,train
3c9f80ccb79e6e9c8931a6767860b2092bc15d8882362e9afc9962c8179fb5a4,train
3cb0cd55107fc655d2fa594588035591b94fda6a9932681d2fbbfe88ef179e61,test
3cbba04964845e47bdd8b816465b3719ac3a0e530c8852192bc9a7b0ac2dc20a,train
3cbd7344d04d335bd1ee4590fa042fb8a1d1a6bd8d7f2c65417d2e0cd5f05a43,train
3cbfad7ca33262207a5cb773b1fea77d37e175529373617aa06afd4d8dca6dc7,train
3cc2cf8afda0c9864a6d4ec004bb1021b7f20f3ab82abe3ed4859fb0eac7c69d,train
3cc470fb6d7ca12544988149bf52b00d6879d8c5f8e3734d3d1be2a94750cf87,train
3cc66d5403018a69a722c0cad44df8a629c7f78c21ea0a3a5c866997dd74fc50,train
3ccdb30566596f6ed7e14bc80ac3505487f02fa0f7a66de98c54b556f89da11d,train
3cce1dfca188f4878a7d5e8de12e19749b940a6cc07025024bc75da3cae047b1,train
3cd41c866f7cecad2677b2ebdebf9ab2875d0601863972dffe4c250e0228a8b6,train
3cd9b3b1e49f978ae12f20acb6df9a298a943be022d202bc53299d71df934889,val
3ce3c6beca5a06efd5249bdf6ee606e72479791a2f77e3e8b6305723f52daee0,train
3cee531ad0ec8c00890748e87d79403a8a0ad51869bf7faf3b8f91c0e4d16cd9,train
3cfaa216056093f7a6831ec4eed09186d570ff927d526825b3bd5474f58911f6,train
3d0208eecebfad81a2551687e948f4c6c53797211f99ba4d2ce3e47510dfdbe1,train
3d17fc505efeb373fe4059c2fdcb0ec5ee3561f10ed1de292767c241fd114f9b,train
3d18e9c1a3c21566951e184ea898e249f2c1a2b1036a45eec8d76266fd31b570,train
3d1c89fef8e5699abef9c20a67129487cae9beee17dcc72f9677421207350d92,train
3d21f38bfba8c63973edd8714d3836c74a3723689ba94c22fce3f93860696f3d,train
3d34e5fca4f21f85f494d75713c4e1b1e7a0c8ed7b4e06ee16754821c68e2a75,train
3d39aa54cb608e2dc7be40395a986bda77cc506073d471bdf7e6b0e276c270dc,train
3d3c5c5523995f7d8283f01f7cff6436f955bcc5da5f4175e9280be2a137f089,train
3d419a5568eddf4179b91bab4d02e15845f0732b241fd7c572eeed22a5c38fa1,train
3d4597fd6fa58b764a608224e0d3679b932020e542e8d2530cd5940249ab3c45,train
3d45dbd6efd3f33b27e018cbf2e770a0ea157b0e4aeb4435f241c1e59ed7effc,val
3d5a5e3cf0babd390baf617d689d5679398c5330fd08f11f01a20af511e1645f,train
3d5aedf2ed95d2f899017bd3c28b3fbbe937c8cfe56626bba952365779f7d7c5,train
3d61593296013c164a289e1a6869a14cea050574e779625ff62d41542802b75a,train
3d6d4678d81b61525d6b0fa3b890eaba9955c4f5727dbc8a1fdf86392d30cf1e,train
3d72614bed44d3943ba7cc8419b2fb33edcba39ab5330311652948b852b5f6dc,train
3d72795e408c8cd39aec213e57a7fbdff422b4829300f6e4cf6be7a096c0e84f,train
3d79eae2e4e119aaf92f8820a7186c7c57064388048566175b9370afde54e6ad,train
3d7a9d7251f3110c41cbb03fc2aba543daffa8e602e1d660562df87e974e9e8d,test
3d8fdcbb8c1f2e95144df852dd7bcd8033f5ac376a1e263680b5d6d2b9636dfb,val
3d93394a478e3b2286846fdc5775cab6be0886fd211ffb81740dd55f5031e52e,train
3db7002eea1aff8eb4a9625e78cdedc0005111527272c24d5069cc414ccbb5a6,train
3dbc55c8bd3e0341cc7da3650e89fbc86683ae75e3174c2e86493b706b3a8569,train
3dc90a164e18b130ad3993897b1a637391f956125d6de2426012ada5e63f00db,train
3dcc7fdc684a5011d2bc8ef49824717eb7bf6b41720fdb8a5496048e5d0bf301,train
3de15da7edbe35a9fb7274027f78dd42b0cb9834a115551f82bd7b030ab60e71,train
3deca7b8a576254f0b5e0b69e352ac5275c4084bae2155a57167ac91fdd81c7c,train
3e15ec84ffcfb15edb3fb7d32ecf97b80109f281cd084e160fe59281c44e7b5c,test
3e1cde078121f6ca10ebd2c05c279eee260c8d2eda03f25facd50112a3efa580,train
3e3c8308666357ba850b7ff0e886e7495e43e6e7356869002f13946d3722f4fd,train
3e3ffc0c8efe3ddbfaf4791b5d3e6155b57ca55be6500688cdf93afdaff13493,train
3e472535e5e5ed1575669d033107553bab84df6ab37976a9b206cc88dc64cd81,train
3e4a924fa84c8242b0728d73dd2bd9b4d20c32fee109c89c273d9cd5bbab3602,test
3e5102f74db9aabfd34aa548f786eec458c6a98649afd83ccdea33d33b3c7728,test
3e5430df5e383bbf34ffdf3581cfd4e47794ecc42021b039d08f9d9f419e066f,val
3e5d604557746d4ff77634dde9455585ad5656e09e1f8407e095ce652acf519b,test
3e5ef33b5d7be2d5283d5fcd7739e256611d852811301826b34050917dbfbf32,train
3e660e9389bd0748772365076a5840b9d42ca6fac2ab9e5c132c6f3289ddd781,val
3e6f6850bbcce7ac37a550b02dafaaf89f4b7877b4885cf6354b283583f8f84c,val
3e70b1d5894b3be0d82383d933392efa0db675b170fd7c9d519acacbc780da31,train
3e755e8d0d2ca62f7ae530fe0ff918c49c32aafe72387b4ba89ad0f1f6afc1ef,val
3e79a53901758560f338e6563ae0e8cd13766bbc3a79bed81a2ba8fbfebaf6de,train
3e850c34d32e43a8d348a47cd0fc3a8cd5f8e904089578a7ac62c246bc393934,train
3e8cf67fd3f73e01a3ae87ab52a084c952c0de75a276ad7e15b4e8da541e41bb,train
3e94bdcf769afc8f61d46a8bc001a09a71b9a30508ee557d6a48b0843265e201,train
3e951d035850626e897970ebf03f0634e5437cccf55e8647ba646f0d3022866b,train
3e99f838c9c4e8de5430d80cab53138f1751e8427d13e8d642490c4645f73a15,test
3eb98d58df889e1ea45bad97c0603c26d002f4ff75f4190d9441d90523601558,test
3ed222d324d644093516f8df6a8212d546f2e520cb26ceeeea37b8d4fff46860,train
3ed3af33c5c6fdc882a2309bbe9e2bbf8a9627e58ec3b1f7c73c2d22f06c1404,test
3ed5c50243c58e669af01950c3ac3900ddb008207b82e2dc6b14873e4f6f1926,train
3edf928b0228d4bea4736d2921f1b2834d8ffd79b873264494b74fd3f94537d6,test
3ef4994c9efd4bba90ed303bac334cce04a715193c6a5022f863e4911734e43f,train
3ef552d9528192bcf22743d7c3dded04bb2903adf7223380065bbc2084c2906e,train
3f02805668de780c9dc76d87c68317465d6701864122e86ccd4dd6282a21da10,val
3f0b953bbf14bfd568ef4e1fa47673df9977ddc19269342d9d3bb7106463a4e5,train
3f14ece943f33adf04d105070be2fd0e352f3c1ef57a0b5b5c144c8352894d4b,test
3f29ecb3c40c2ec32dd61eabe2785223a28f8808a16c5bd4c0554558a88bcd4a,test
3f2b9123c4edd4dba0ba84a517fbc7283160dd4179367896b52bff91214e3243,train
3f386d79f5a365bdcb9cd9aaf3a2463d6c8a85958d5b6e78a357374fc1ef5691,train
3f4f55295e906ff81fafe65f1f8f8f0ed91f1720bca8235a0b8e98d6d66da5b4,train
3f66b9b6566c89d41c0f4e761769bce420b3f41789f3bd10ce3150ece5d25f3f,test
3f683cd187bc55cd2bf41b0d766eabdd0bd524ccdd798a4c1ea73d1f89f1eb48,train
3f6d5add341c31f000530498e7e51ae4f6e14994a4dadf645cbdf5691f119906,test
3f72037626f018f04873b117b205149b341eddff6cdd493c84a6aa2407ea332a,train
3f7484af2cbef60ee3659584153e8c9cec3b2603fa481c16b1d164cd0bd8b4e6,train
3f75c62c5c568e4edd3d040e816d67e9740a93aff4058bda1b181568cb4952ca,train
3f78e6d4c65e6121ce67cbab59de4a57d5669a593fb0e2bc8f1ba8c3683bc597,train
3f93bef09ac5e042c840e7c8df7560033045333f9d736a13147119366a18fd0b,test
3f9ae1a72ece4db654be386f1d3322c7b561386d4e5c085bf4849631dad38612,test
3f9ed4b223585e6e90dfd1c2b4d42ed7989b538a00ba92eb45cd131d19b32c7a,val
3fc3f2882082c4244ad5a443dcefd4772b6b82514f1b3145617678e3837b2653,train
3fd461a12493304f00150ecd15589fb7a0c4acecd478e00426282a6fac67eab5,train
3fd66dd995e3a49e4201e619097a7abf6691169eba3d59414627d87b241b6fbb,train
3fdb632d34c5e8e2987c68e5fd57c4f3158deab26b18efc0f83ad551f830997a,test
3fdb99fa67b4d431fbee8ead799f6222afedc9eec476bcbe6aa2103ed8b4f36d,train
3fe0861f347713fb3432185af6f43ed11d60e5910583e9bd7685f39bf499fde1,train
3fe7c67c8c174a09513264a0832c8eb2e2b7e0fb4c683a402d47a0a7379e8c2a,test
3ffbba51d1827f13cdb322b8538cbac8015eda9599b71d694f6eb1582bff2053,train
4001c86c7b5e1716ae054f630be9f796c165fcdb656ce9cea5fde2c05917bcb7,train
401f343351f8914a50c46e78bb8665260505572b3e8112127d8aa930460ac7bf,test
402960163ae3a716548bf614dd5f5c49460af56a120490b54b2c3e0656e8202d,test
40314c90f68edef41ce5c4adbaff60aea7ae953febf8edc878e6c9c8e9af033a,test
4042d8f2983d690cbd91adb0dd18f70786c82dd803173311b364c805102fcbce,train
4074ccb7f03eef41d4cbc8ac0b4f18a3456a5535057e6697fee40253ba97585c,train
40770b97de67762034c8973d744ccdd1169d69ef62067d798440a54f25edc528,train
407b63e37959f2031b15c0a0d3b5a9235dfb034cde0e58ea0d6ae5f4f2ca081a,train
407f6467d37f10ee930437bea484f48176bf1566b8af30b64836d720df0edb96,test
40839e58506d191b1d4dc0655898091eeb1609e15097b24f3acdff79fa967a5f,train
4097ca1eb20ce9ce3cb85c6c2f8e0a91637ffb7af09a90d7f82f16d11bc62396,train
40a2c7a9629e2e222a44171af4a956041a6029d72c8becdc436508147189b0c1,train
40a9197c5bfddf04ff33c2a1db8fe5c50dfd97196c98f87c170fc8cc330cc071,train
40ae46e57c268273bc735e364e62de12ec55d168a0716c767f97df7cb35b6599,test
40b5aec5035d099ee9f7ce8229be5e60da173f914cbd023f80161168b8448d2b,train
40c7606cae673dd7746b3d9be2ac6617f20577137d48fdf5494b968815ef9112,train
40ce6a45ee7e4adbea9a146f8e3116e4fe10e6bf836fca3787356fd5e6c2bbe4,test
40cf94b8cb521b5eb4be4480df35fa774b8fe6202c36f3ebf3bd71d5e141eecb,train
40d991e3764cb875a1684b5823df5e4a60b666f3f2f44f443057e64b3a3da549,train
40db2696df2dae74898982029dff91e7055fa765738ef5f62bdc8f9a7cefb6dd,test
40e38905c7c5c7ea7a30985f42f819f6ca7177e83e459da1b3488baa9781913a,train
40eecf9dec79d7271b5669a20747a40e6b060c10ac220b904206aafd1b1456ff,train
40f738ab9f16a535db832bd6534cc893ac7c8d6a2b829df52b005738ab7bcd84,train
4106c39be31886d07dbcd67f5b78fa122c2add653d39a90ea417337360e16f98,train
4106c9f4dcf67c9edc7766a9b009748be6520a3c053f9b59304de23379fd3779,train
4110204197facb522bad203f12f8e37838fab4db458618d92a19bbbb76dae1fa,test
4115ad49da5e2b3c13f069e2b457ceed9d4f83df5b8baf4306a68000bae38a81,train
4118dd9aac31bb224f52f40299f1ca72dc9596622b579180f432a50fcb680d03,train
411d8857cf416fe0de8a9f6e1f365c2a74c379c5040d752195abe54da870483e,train
411e85771ede400798f1877a7aa02e8b5e6e16468c83b8fa4ef589e69ae9eb98,test
4121db58c6d19e16ba65fe750520e6112a7ce8260ebbbef83c005aef36fc3b4a,train
4130051af3aca571878f4c607b8ab07ecd9394f93a4e88505f9d16a3e2a9eda0,train
41362957ce8193ba0a65f8420b1272cb0a9d3831d42175b5f3adbccbe6d16ed9,train
413dcd60b518621234c46c1dd1a586d38fcd7f2e8125ffceab03b49a38592f1b,train
414aa0384f6d8aa4aa0fe9413fa93d681b1a836e3e3b779688c50bd1fb021a4d,train
4154bf99dd830ae8774372a0582eb0272a4e6190ff1daccb7294164c79672e35,val
415ca7afb3f72ba1aebe88c59fea678840d3e62d88ff660b63745fd376e85d11,train
4168df9d079a7dee6d324be77d18e851914ec2864eb83af58ea74317d4a5a07d,train
416a686bdadb7926a17302bb7836e41b5a1a3c1b1f2d64586cb85b00395ebf54,test
416b7a128540745e383c6f0bfbfc39564a177a052e0d8b2d24c10b33ad0a26be,test
416c9c7343d47040b0eab4affa381e827abdecca771742279b0cf7dd33ab3617,train
417e69637129d344c0c3b099c8574b9dd1ca25905455c0bee6ac0bdc1b8dcc4f,test
4180e3b213437a846c00dddbf78055828e179f40e6ab60b0abe5b072321a0ea8,train
4196a56a173f87bc741b24ed59adb5559a959f72f6e863d97a9a83428fd74c5d,train
419c424409d6504eaa37fa1c112a3c6732ab78d4e32f623124085ee1cad5ed8d,val
419c4e3eed6ee5844fb80c7aa3790c91a195978e15682bf045e6563f0d24dbcc,train
41a4550fd636693df13cc6a0c1386813ea978d7c20fd51604ea7432fd410a62b,test
41a6f2fae26c9555f48312796f04ad8bcc33ad55672fa07273ac587dcec821b1,test
41aeece6c53607a4bb0b92d5dfd69b5b274a97f3c2276cd7b7d0c62b5d2c7635,train
41b08a91b961eb1d92f7447eca68319f41e877cf6b155839a51728fa27fb78ab,test
41c6366be96b03b4e532b99225f4cc762d655452d7151d6ef7fd57b586f4f052,train
41ce91156c40f91291b4443f7aacfa2f65ea02829ca08d6cce6f6f11946f7e24,train
41db7bbc6bc862f655d3a926ac917bbcada67b03970af1e1bdae9c5a2d316b2b,train
41fa8c6e89131e0067ccb81ebc7c02ad9c90d17b5fd485839541156bb6f6f529,train
41fc19e00f2b9ee14c799023bb1929930047688f548aa9962f1ab33f16207121,train
42060b17922cba26a6df47c44a38d7b90e9ed0468263539af119be49aee4dd89,train
42087e4f1c21143bb6414c3a07ec1e6e6795df136a8757da504b44c1efe69bf4,train
420aed2a6eb5a3f775c13530055f9cd5f5aaea6f074eb447123a2e61e564139d,train
4213e215eacc617adb71c02dbb5ff29f575fbd0a933f89c68658cff3e5ae9fec,test
4248caef123641151f3e0bfbf602bef807a28b591ae4a21e63dc840a4715aea9,test
42551e08ddb1805e6ef83e8f6c37a9241f5e2118e2c2640a2c3d819e9334b480,test
429dce194479aee0c05243157fca7bb724eef5aa7efa2b1dda99e45c73cf525d,train
429e638781aaa32f05bcd30234cf0cc1b96670c61bfe0b0ce2801f4df3af0afe,val
42a168f1614b05d287a1c409bde0cad99999a8579040dfa765e335f877d5970c,train
42b03ba8b410b8813ebe04265abc396a7f525ce78a890d971b17f9952cb9426e,train
42b84c2331f98458298cd5cd1c52e00265fa0ab66417cae66162b643cc1c001e,train
42bbcab04623d02646ff86e75e2065527556bbce274201af83b3575af86b7d85,train
42bec3c9836de4e2b251d3bca1495769d81e7346e8560aac3e55b9e88dff511b,train
42cabef907a22075df00935bc6c4884f3700a2bb784d6ec89a1ec59944af729e,train
42f55b65a10526689a15b8140a56b040c3642d59ac50600a6832126d1ba37f0f,train
430595fb3cd1ea5caf43aae74462607508f519f0f7313a81b18264703ff2935a,val
431415211a793b1bf1501a3659a54e90552bf04b3066d03b14d1fce808632a8f,train
4315c7cda47f6ccfeb272b0f103730fb0eb4a18cb20045137aa2ca1024610c73,train
431987b7d0b7bf6af276741e57a90f23e338b8b31f15b8840efd9cb7471190a8,val
43263bf1cabf6932df642800ca341bc990f6fdb287c8291ec86d604657ff3cf0,train
43289eccaeef344b36282e382b7963dee757720d247a2028beebfb90c94af77f,train
432d1a6ced88ee807c487cd4f4f3773dd8812a6ef133ae46c3f425d5636a47c4,test
432da14a1935978c8bb14415422305219996a86d9bf7ba2c5ea1f4e315f0ec5f,train
433b38507ac8fc57a56d5c5ba8d95c5f78fbb39e460b18d1651e78a546b997e3,train
433f6f726d231a7cb1bfc8541851384dd5e26b9f0b413f26229645ffd6cb6fcf,train
4341963da6c107f930922b20c3d95bdfc489dd2476cd29a309e08699fa30325d,test
434361f8722a13d2de5633a1f7bb505edb9afaf23cd3dc7ca994995d8f0e4063,train
43438d296e51177341a7db4a148c6c482e1f2b1a5b17aaf8d416e313ed2973b1,train
434524ad3dd0a8188dd7a44e80e41e332046076fc375672183de306893d4f673,train
434b2e83827ffff4394109767af015a759a06cce5bbda035d848e801af859f5e,test
434d0c9ca8dd757fb83821a259f7551c0f0459fb2c287df92a4adf0345fc3de2,val
434e7574a04b292991de06075f7260675ae884aac193dcdec7a06e7d4ef75c5e,train
4354f7bc3b2961b09bf9486c302bbf8358bc60b181e390d0ed73a8c4d178b27d,train
4373e322ef64ebf79fe2013dd562c9fbcefcf2f849c5129c3d57f62ba911340c,train
4389b8e58665b0bb3b72897124479eacbd91936d0ba3dafd5e45d0fc0eec6381,train
4390064c7b678896d8d94c80b54a1d7698c0e31a9c1f887de03601a545b3438b,train
4391bfd715c6a7096cd83ee8bb8ec7f7db7b6ea515a594dcf4d13acb9d17900a,val
4391c81f4bdd033902e311a13bd4488accce4aeb4e8511edc80496ddeb871021,val
43925b0627f19f16053f82050e94c4e66fa32c5e0bcfa4e65eb571918931e4d9,train
43941c2c562de45b65d2f72bdd7357f58270f044dbf8d7d327fe4575ec4d4b50,train
43965de6cf69387274bdde55dc533eed709dc015f54beb8292f76b95e41fa678,train
439a899779ede0c3c22cf3268e5c63cb844dafc7cd1b3bdfd23ae038c885dcd4,test
43aabe0adb8cbb52b1a8fc9858249678e4e0c051844478869e92a862f670054d,train
43aac464d1175231a161d6007a92a812b7849c30ce974b8b8ce0434840a9a2ba,train
43ca8c116e0e0b60fcc2422a0aaf899768e47c385fc43a900d7c3eca38a5cf83,val
43d18059b75e8f3ffa01718ef79ff3b0ecf666e2cea8d02a8ab8b0c53ecbf363,train
43d246b89dcb8590910c19dba1c2051388132b0e124ddb61bfbc4e32976e0703,test
43e0037ce3ca316ca7872d15aedaca6dd07751934b4f00e7c3cdf112387133ce,train
43e45be7afa965b57ba4cb6dfeb901ad8ecbded5d397fee1f5bf6ea8f97d94ae,train
43f898d8ab1782549e660f549acaaab2566f705f4906d60f0769c3bd8fdf4eea,train
4414ad8c894c5751ae0540732f6f7d6120676fa5498dbcc76e0b6d3c1112ff14,train
441a6fcc3bbf6aa1fc4c1a5d78e2f324525c723d03c85f8eb3f98b0a9657b8e2,train
441aa3b445abf2c3a08d7844469b2652859b7d3e7f1c200691557d738a2d58f8,val
441bf0d86d59fadc303502980d7872f6d86f436077b885d25f9d343fce53902a,train
4433d85b592082b9fc3b71a552d1c4a50aad28c8730b5823e7d799bc24755129,train
443e7b34858e1e2bc638d3d94da5606ed5014ae1d4b2047e365b2c748044a2a6,train
4446ef221f0473a581c08b7f0d0e84cd24f04799760054bb0a0e729dec857cf8,train
4448664073c794254e8c88f542df5e4c48a718948d2e1afa8a8b1fa01d368cbb,test
4448a9450dd570d215945da770dcbe3c9e1bce0e7db38ad0c7b9213f4a973820,test
446be518f70f5fd2d7a534fa13232b40a4ae925515d79b310681c91db9f309e0,test
446fce0e4068db1cae2dd25090bf488466edcf30b14fab28d52463096d833dde,train
447107162fda2c57e03d0b7af8c31852de48d5b1364cc210655ce4038a99a52a,val
447301782682961fe87786127c63559b4f4ba04075e91394ec3b12c2fd454e5e,train
447a2487a7f2182dbc4c17668dcc74578cb1541760e558829d7860c20b64086d,train
448021de95d7ffc83a43c211e3bb188afdc27094eb4933a7470df78951717233,train
44882b0d6fec4ebcbc504b3ffb4f006e852c761efeec48a83394eced1b8ad802,train
448b795fdebe4c5276092b6dc00da59d8b1927bca375f487b852cb1c5c362e24,test
448daf409ff811aea302951d96c26d316dd522385770df4a89b5e8f1f4e49b9f,train
4490520f89a9bc664bfecf4359beeacaf9cc5aef75e91d442b8582284a3593c2,train
44a3c1a0e7d54b4139242885fcc7e1b321a4ab12d1afed05ffb4c4e9d6ff6f9d,train
44a5d38e99b7910d431c8a70f7446d95cce899066d41d0abd2307e14ba9a0c69,train
44a5df0348605d105a356622ea19df9abd65f1be81ee0785efe12af61d1dbe7e,train
44a778b198d413ab5dca45f30deafac00f8ba57e573f151bd6188e1ea04d9320,train
44b09a19ab0c8013d31fa3a43b99f9fb5d57c08bea3d4386a97129dcf560e8d6,train
44b782bda33e3e3e9034fd9c04e80e3026fc188fef51750750d8342d284b74af,train
44bf82c57876c3af8947e2e0fe34b81d0e1dfd640dad25eea535595425711c69,val
44d37fd82f3ebe5171c3ff3cc408d3446602b7b33718cc78ac66fc1128d06be9,train
44e5a9cfff29e99c72ad83213e965983e09906e550f5c30f27cf0c1dfe8ed66e,train
44ee7c83eeab96e39baea215d75e5b2c6ec5123491cd6b12fd9d6e9ca4d19e33,val
44f2a944e97f1cc4ca38c8462ccc54c21b617e8d39b5022f18faa4d95657d4ca,train
44fba2c9464f699051e8747c3b57e8e0918c104406de25a4a4144aef4cf475d6,train
44fd7fd25a15b443b7ec53fc2d71adc74235287bab67b1ca15a63d9e0f277998,val
451f433e0386d375a28fdc26b54e65c643599c90ef95907177fb47b661e6ba66,test
452022cef66b6d521673350721ed691bf6c345388aa10fa0fde7ea2c5d6d5d1d,test
453385ae6ef7c6868a5876c1a577f123fe781a35a60cc0d7951564b1c8691137,train
45411c5020172916e4cf0360a906e1df4b4926f74adfdd49535f1b2ba045aee8,train
454505b4165502846c1cd327b7a2640ef840b300e274f42d6faaf70aacaf99b2,train
45534a3950d917f7f29b394a368559798dee32098e58a74e25bc7ffba942b2a5,train
45535a70da621354408cfc9bc42ecfec783899af37e840261878dfb15af86311,train
4558411071063336b34ad8cc179daaf613c6319acd00ccb1fd2c03b922e9078c,train
4558bce98f9aa7aa56cd3e7de48f43c7babe2429556bbad912d24c9ca7c29f7a,train
455af468ce08a89a31c2e7bb3e5c1f6fed6f042885b2fc2f49a205438e0b54a3,train
455d2a5463a094bff13b58d03f7879e83d741003beafed2089e2e0449a5de765,train
455e3a5f237f37f640f234cf17aa9e7491145048cb7ad6add1ca393a11d5d5b0,train
4568e0a6fbf15e0bf6d74e5d52364ee44186b72af0120077ae6c328ab2176c31,train
45748185f88512ee686cc12c5b7b751fd05f44c41e0be237dda1ba4de397597a,test
458f01b0dcfab1c39364ff8a314e859722db075d2c9cae4cf8ce4b41e8413e8b,train
45a5a6e93e29b963d0927971d2ce51b6ef4e085bc53cf8080b0603cca43a685b,train
45a654434f32eda1df1ba24b792ec0bc836ad86da5bbe44781b76411b8296d4b,train
45b3319d0f02ca60b4664b975ce91560826f96c05ec8082123499e34e5d07001,test
45c7c62479f272093e48503c481f79acb7805dba06394ed6b10446a3d22decfd,train
45c839d487f29814a9862e838c40274d8d8918d26d67e8e485819843d5ebc304,test
45d89429c48233f520024ab4b8e2e5e9c35b9b65fef2d972c313e9e7bbc50aff,train
45e032f740e70a5a23427aa43f002fc41e35b59fde24881e9d260649f4fb18e8,train
46053354e0f4eaf7cae73c627d7f6125ee4905cf840e5f7fdfa54a108b6eeb8c,train
460f4a6619e36c20d8a2e2eb4fb5f7a047746f49e45f63d1e9be504f259175b8,train
460fe996adba957cc61edc10262adb6da39fdfb35eb0c109160bed7af1d253f4,train
4612013b874a660b0780b7ae806dafc1ebc2f62e997c5dfde17e11b8548a6f78,train
4629e0684531f9c081ee5a6ea7bf4d9addab158bb412de9ecf7f265a7feca0db,train
462c02b902a7cf88611c88fa3f1d2c07aff2cba99123ca9f126f6800ff06f6e2,train
46328aef7d42b5e67ef8257aed7e11c5436aa353006bce81f2d26f96415cb3d2,train
463337fe29095857e8f0bdc0d336c4a2693b8d63bf3a02dcfcbabcca778b7bf8,test
463accdd6773c7a9142879b761c40a3fd4d78b9795ee983c21a604c27a95cda8,train
463c4896bc80d9d49ae784307c831e1ed8637aab16f6403f6c17f3c17b2512c3,train
464197cbe35da67a2db6e296a8941054133814a7b1e8fbd75f7abe4579cfc923,train
46466b677ebff50475f487e1d5548a3314b706f41f0875b276f3f999fcb4d981,val
465929649c1bd5724e51b94a1c255a076f6af1bbf14695ac14ec4dcb5d32206f,train
46749c46b2af70d04cdde2b34e3013e255406eedcfcb052989c4a760a248210c,train
4674fb505bf3e16d2b52ff331d9f4be46ad13656c8ebf9f4ac633150a4a2cbc3,train
46759512ac11343f09890f29e53591384ebd6fc8016197657eddd09a00310618,test
4677c5e9797b5a85ddde12e5d81adfb71cf1afc9c4d2e33618c9cb621156b681,train
4679d5188fd4a2e24f548e03251e41266f3faee9066960c8931a13da95920726,val
467b6daba8ea2159f343bfac6743b5d1c65332924844dfecaf9a64d06aee28cc,train
467ee0d8dd8863a3ee106850daf187cb67e7daa68d99153995aeba01bc9ce18d,test
468633ec5e769d919c6eb8b6618be38bf7390add5e616376ed82b78491aa8cc3,train
46929b4a96f79eb2743386181235af8949eb62986779de46bbb7b5b5906aad7f,val
4692de35bcbb975d97108ca54f376dd59d6a4c604b59fe0580494899380c6971,train
46934f85877afe465b613d3edc0fd515dc3819ec75cd95109284804f9704ef0b,val
46a56c2be41b77b3b050d8e039ce79b2c08edc0a3a1758d2617206e34998b61f,train
46a84edfc9b54f240d11d0bc68e1fdaa2875e43e527a3be964797eea47a5bf01,train
46afb7bd2f30fdc2d847488b6de1aba660adf43c3a790d671ede901b6e9e4bb1,test
46be98f6bf78e3bf2f08941e2cd163379b662be968d2b919e38124a14915013d,train
46ca13b7e2661c675e844395028d038540178a2d392913f445b976728ed9c51c,train
46f25f7f9901c876eb76b0775266c356b5f334eeb4ed164d33f6a8a8766f3467,train
46f3e7a04e453c45faee1f90872deaf3c106c1bc9bb64625c4a48e4678b3634d,train
46f6eb59a93bd4d90b5189c4e4ad40187d8607902564999c60748782120bae9d,train
46f8dd0140818e4cf5f08bb9e9a77969977a9114e66216c34ebbfaf3eebf6f96,val
46f92f406c08ee8bbaff7fa65154bb5f8a240d1837be49a7f9aa3d8176c632b9,test
47014b0448e48c321f9dd753c3fea56cb34856fbd306c7a9285417bc4fa254f4,train
4703044bed148dc16e1fd65f06f6cd32fce7204b07eaacb2042c0c9b558d9a3a,train
4708b68ddc7999642b9d08975ce4a42f8e885655b723c74efff440cda43d06d8,train
470e757d05abf3343a7a1d0ecf63b181e2f25d25e40d7608a3f2cc76784483b2,train
470eaa7e237179b18b86f469647de86fd453b4ade7a8c480b07cb00cb7868b26,val
4717b7ae59d18b3079d5e39720d49a6ef91210bb1c0962b30099c4ab9092b6eb,train
47285d59ec1f7c10cce3ab1a8cf07c5d01d95dc97087a7c5004b0b89687b0c6e,train
472b01a325ce880c10883d60a4592634f708ff9da3c3b46e33917e0a0f3acb3c,train
47318abae907ffd4bfd74fdd1a3e464ea72f7f1e8ef299fabaa5977d6ce1e93a,val
4751cb0cae617ce2a7220112ea8120de9ad772547e421fde4724e335a47e4cff,train
4758a25fa1e0d562100411c8ef0e81a78ca2a142683a139429ef5c3e9ae319e3,train
475e7a8858685f1a8ada35bda720ec5250f60d4f4f02a507c77d90e0140ecee7,train
4762bf7e581a5f9c8c20fce228dd9189dff18d2b1749b5342dc874387c222494,train
476ed6ce7d8479aebb6897fa590fc8680dae27e5fb46ac91c8a5a5a27345c9c9,train
477b842ad96da770845e2b219da94a897c11c8b5cc9c65ee7955e369d71bdfc2,train
47871ab912a812e987c4c371940447ac0314fb1569eba49c68defb4ef7c0f3cb,train
478cd3f87af9b616ec7a523c40c08d65946f1c9d8eb0b02293966eab88bed99a,train
47924fb534b99806f26f06028d2f0f76544e68a7c5ccc998e339f27e4a8fa2c1,test
47a34fc2733827aa0a947e80e32b0056daddf52a541ccb22af56687fb47885bf,test
47a4e5ee54dcd0b9172a063f153359c26cdda399a19565785cda61e3585add70,val
47beb76161fd2292429c063b7f27a24caa377850d068a84394f78dc0dea73cfb,train
47c815434f106a31e7009253c4fc9a78a37744a63629bf1796c5053bf6e4a602,train
47c92436b28752a594d024e2ec7d3438556aa5849ad8273ce5d2129a25e9bf02,test
47cd657f04321548ab0a5e677d390571d6590855f62be73b3ff1110b98cdbd9a,train
47dbb15df4b4983ad08850aeecb7d23cbec4abf84b6509aa08ac0f50825fee44,train
47dfc2a7246074526a0fa38360482d72ef096d9340b7ef88fae4c73abddc98ee,train
47e0117eb5f5460ec10594387cbfc2582b40360237b3d9e273752aaeb0ec8403,train
47e5dae1e3963017bb1d4eeb85050d951cfa43cfa9b7212ed61b6c71e496b1d3,train
47ec7153e2f611c5687fc14265211efb6d5a14303926cc85ef1fe50598ec5b7b,test
47fc5d83d518c22cd239417a18039bfc3243d8a6b395cf03409406871d636b76,train
4806fb1ee10e39c48a53c1a05ab343b172a9b4842d04d1c16df913f9917261ce,train
4819d0868cef86ed235423e1d60976e9a5cce8cd05db8c8797a030d6f14d2b8b,train
481bc9105966e06417fd81343433bb5d0fe7e3ae1407221acb54f926faac5d25,train
481c53d8eb31f98b44ad7c607a8c90f6dde6741d76fed4f6814eca50866f2942,val
482bf5f0615641b8063e33226c8a7fe22ac24f405b061f86273fd82972c21891,train
482d3ce5bc9885b804e7002e2cb9f41c9f85f487dcd8d2427333b0bf969b6921,test
483b80cf63f74a3140ad0879252afc3790fb9acb8ec1a397b3d4c4f0ac1f4f23,train
483d39a04796697dbd43206ae3ecdc93027c04ff37716b12bf03651cdb0908a5,test
484c99255e01b2df12b63ec21e803372206918964cd271af2b4b7648e9fe5ef7,train
4852766ed46201c5a3ffd90ebe3a8aa4577bc1ebb573e7a58ae9d7260358fd3e,train
48604ca9e44deaf9121143986cc1a23f1c0c2d89e529c239b56fa4d379884f0b,train
4860739257224bf7a2629344d9fa3029e5952e24648b0f8c4427c08794a18ce2,train
487e109b871026c1feb4fd2346313d12d211dd3ebc1209e8cbaca8abf7285b8d,val
4888d5fd35dbd9ccdc99a71031b252821d5dc88e8ceed898ba78fa2cb007144c,train
48aeb70384f93b51d994226f38a01b3e18ff5c4ec3dc201f6403eac7817f9f78,val
48b5420cb6bc7f0cc6f1aa6419edb380f5fd77c57653197c19aeeb4dc59bb90e,train
48b815720adc2d72a884f8328421460ec0773d533e430ca0e598200a624d46a1,train
48b887feedcf9f48cd98454342d6e16a19bac41499463a2dec7a714dc9a59652,train
48cf6efc0c6a1bb575f13078d5e0e1b75f81f5744f050119bfa08b0b7828ac42,train
48e15f2b1bbaadb74f697fbd30e947785880c0455ad93dc3eff5481017635936,val
48efdc9ff23719e158bfdb6e834afbc0c32ece1007402315c55be5401f5c0663,train
48f1ebd075a4fa2d2ed80fb5f1c401d3314b4ecdb75d4607a5c9b4900a3192df,train
48fcd8b05f4a7a7ea02365fd05867bcbd5c9902eb95a4514c69432ba3e13e733,val
4908117790e1642001b77d354ec6f5abbe5b80047a88159c9bedca26bc987572,train
4908224f1ca60d29bd69dd477b626800b9293cd62777dd85bcd2585e6896bf39,test
491698af267268e13a563b56812eb43f6b5dab886266941ab10dee6dfeb587fe,train
4933022533a9543ecc1216d9cb289286ec8f7d6fa69cd00c3151a31b7a82c751,train
4934b73949c6d4435eed0705c02e4d00ea91fde4ea35bc71826cf33941134207,test
4939e15c9e644dae7ee5cbbeb991e2ad52d033f96670c4b0536edc8e7be37e72,train
4941f9c37abb1490f4a98799afdb0e180733690cbcd0c227d6e01eff8ae75338,train
495f469ac2f9b298f41aa284a53f9574206b5e82968777b7b3765db04f0f8fa6,train
497e2705d9f4398232d893fa0b6390f0d0785aac8f57a2cec476d60689556f21,val
497f70f6e7ef382cdcd94180ffda5a1b23ec7430bade86b4fe2589908aa38728,train
49833a8c023cd353e9be4553c20206b529545c28073a6acc7794d32614b5a16d,train
498a9bc3ba60aae5dc53b0a861dde8a57f498aa7edef188bd8b4be471988d446,train
49976a91a25612b77df6758a797ddee669d709171c87af7bf5523d16d739696a,train
499ae279a84e0716cd8824d584cc92c5b0bfa6604d76fcc83a82351083632d33,train
499bbd6d4a48ff5672b2bb1a0a9747dfc2dc6cd2d415c7187444dc7f9ffa2354,train
499dc21ccf4416f2b1de7b333696772ed969f13d347529165072ee3502589d21,val
49a56bbda1fe390cc1b79fc2325be1abafacf95d0ed9c0ade345cba83ee4e463,train
49a570999096dc78dcce10b9a4bbfe3117f71f22c2e713eb5d1dfba5f845e09a,train
49acdd83b9f93bcf1f4db35244efc86c77f315d83573ead70738f72ce7ec57e6,train
49b29996d39fbd4b680e3ebe806daa09ccf902f84d1cb52179273d693295df7d,train
49b5bca8f24aa253e930fdbd74e150dc6313da651594288e69efad16ec6194ae,train
49b5bf2e3aa8d9305004adac8608bc0c47c4322a527f6cb8f442c4df6aaa3780,train
49bf8bd2307d2829ab555762e94847e8166384a92ebe507be20cad81064f8d90,train
49c3dc071a4d6ff9895940a16429d2523627cb8b84e3199b3993c465fe246f20,val
49c5210c714331dd59028903f8832c49acba424abb6a28b2f4b542def80edcd8,test
49c8a544722c82ffce23870dd21cd36bdc8c51599bbf1d3879a2131fc4ab92e9,test
49cf321be206874b97c6745d23909515d3a5e01bd52fba8bd665bbb6461d9c1f,test
49f4046f97ae7f5dd2068ca31f074c9387063bdc96f895cb45e161c0536c36ca,train
49f47e4a57eb98c5d99ab190dc5aa65e10b34769c24c4bdd1f491653a4358a07,test
49f8fa138b4dccc5703bbd3be988dfa77e9f9bca735288e6bd60f7fca7e830db,train
49f9a4c4adbd345865c227f3c173a8066bdab4422eaff55d70b783c46c8aa92b,test
4a1264ce46beb802075df15a92a1fedefef280a6cffa13230c0dcf924b85d624,train
4a143e93a3478478c6af08c75940dc1ea8de801b8c373d305c412e5cb5ea3201,train
4a14c4031081bf26e5523f945c82d2914f09fd9b0115ad7d37e3c20a4248bc8f,train
4a2680d858dde9613647524482f9c9e9e5de7499ca894d200a1fbd4a77e96551,train
4a27c8d4343bd0458bb1293cc121a590bf3e7b75df9998fb76efa3e7795aebf4,train
4a2a765fab831f8089fe13ef81109b9704f8a49f68c28b1953334064746a0ec4,train
4a2e2214d27c4640a7500ac2ad5ec1b2b96ca81a0f62b75f0edf4aaf2f86e417,test
4a30aaea31e1271119ce4f4705d86b1a96f05e741ca14787286137383ec43019,train
4a3abe314189d51b62acd042017f4e2c80af84e5c0362e365a7ea6b083db50b3,train
4a41a32e29f4f93e3d2ef39745056a22a4d5c59b761ace66490d26fccd27f0a9,train
4a4dba8ec793b5cefcd55759299d12ddbb2e535def7329c874c8d5d7bd0fde2d,train
4a66cd527a609f8bba428e017d118b31595c35af367b9d027a1cb5fa970e605f,train
4a87d3881ec9ba3d20f9f7153ce9ed9c366372cbcd50b142d9d230d85a1e2091,train
4a8e31a28b265ce28555bcf84132cf033b3cfdc3b71ac4d018a376f324280856,train
4a91c031373a2c92d2f5c730ff1f88a2e0900e7f5f4c4181f19875dc92e6e72f,val
4a94568ab02da34dc99ca3b1fe3236d9bd0f148ae25299c7051da8c5e1afb6f6,train
4a9b6c1aeec5c0412a5edc10aa5dc85f33af510e037e9b790ba13a2790fd6c46,train
4a9ca810b47c18ee40afdebad585218be9ee00c1d977babc6c86e54bbe09cd72,test
4aae9c9c7e5abee6d04c0b0042182b70cc98456c53db8bebd95b9a047efb60e7,test
4ab132a4e277c0d5843316048e251a22f54d3f616477ba51435eb340f1274ddf,train
4ab7582f3835a4c8a07589207d72977e84be0518c3b3ab1532ea3d6cab330242,train
4ac1edadf7d0828e3ad96c55f2a930fc1728627928a3f2f06961cb8c1d4436bf,train
4ac48240b323f8202c3b98a53354205f09658ef118fdd13c723e04e3bfe98b22,test
4ac89919264fbcc79bddb8f14a4be5416ce6544e21ea80ab858c0adcc1a8f332,test
4accb75c2f42d7003dd979ca9ebbb9d37f20d159e1b4e5dbdbd299ef4b778a8f,val
4ad2e1c29e4835b93352b4a75698d7b3b012590a7bb4698cf7d39c685b927bf6,val
4ad6f9e8455ce1e8766b91b2756783b8bb1449dcc221cd6d31f20f273371b180,train
4aeae6622439581dddb23be456b11200271836ae440df092f94829719c1950af,train
4b031d56882006b6ceaf68d63688a971e2914d5312e79020c2febc674b849e41,train
4b0f557345aed6ca710fe77e55e36b2185b4a7c7c827869c22411146ff491c6d,train
4b1c352784f5d885b297d52a7fa6d3f35cb7558063130bf07815b41abc2dd136,train
4b2e8d9a71e89619fde4562657c0f8a7e56bb616f5a64500fccb6be7a2dab669,train
4b2f9946fe23b9417dd7968c916c3a7a6f8bd739393ecb22e030898debc106ef,train
4b320e4f4fcba86519f8d0cc55e89b31d32c18e2753b990db3ae76c40bd0fa53,train
4b3f92e5d1522066d68d73120f3f84c8579fe6127300b34b6029086890751701,train
4b41c5f0cdb5a58859b408bab3a211fda4146e7e3c30d39680778df7ce604225,train
4b5334a6be2915417b63d5a488b50fd18da514cad11a90c5cef6f40d0b504448,train
4b61e3598a8e600b39ad9ce3d9abe5b290d7c0b99a04747f91925fd34ad4477a,train
4b65a3f13a8b6b43ca92080b144bbe3abc3a8dec78dc4e8bc966154ddb5f9e09,train
4b7ff38b37e33daf8fe35d92e3e18047bfd5e9db1e8b8529acf8848c074b28cf,test
4b84cac8d5b461b3ce94253dc649e7b286d7ea1a693966ceb550710aaba2a051,train
4b8ca395061e12bc43e3483ae81d4e2249a83271f610ca6004f1e3478d9a9bdd,train
4b8d4216d8533915bb5183e4545e5eccc8a61d250666310ea44ef9521cb5e9c4,test
4b939df20bfe28b7257bf918f150970d9221669dd29eefe8a3fa6e1bf9dc6eca,val
4b976171444915fb51bef8fc0656c0452379a741d0bd86d3e90f405f00bbf216,train
4b9b8353118af66882910f1a59fb21b170a8d2616f0aac9a2927f4971c2375dc,train
4b9c34c1d9983f7871416934c364efa0bf29b40c3e1bd8cf8bf1fac9086b5911,train
4ba10c348926516df594a6069f4f13565acdb57259534905708a2676f9a1963e,train
4ba534bf0f28cc4ffb03e39a482539e17b27aa441d32662ddc82d65dc06a2d02,train
4bad6dddc23683b06e9a216cd8a2fe9b335cd924fdd789269ec16c8af00d9a33,train
4bbbad437186b11661e12b65798af63443a4b75045b9026f85caf281ae2906f1,train
4bbf4df86e26f5f175b1f742c13b9a25e57ed165b9b16cef8a42e23984a37319,test
4bd20f03880925683a4060179a09634faff8ad0999b31028168921470862300b,train
4bdb6d4c009a75a276fca2cc4ad5b57e6581f7ee45349fa539390e1ec950e36e,test
4be30800937abd211a113220c29cf41df078a8b9c4b1850581a08f0a2a85665d,train
4be4d39c8e9458a70ca762ba7ef851838425d700dcfe6f57b806c45fd375dc6c,val
4be936befded36b8fea37346961676b707df4f4c5b3e068edf9a0dfce9a70c7f,train
4bfcb66089ddd2deaa6a885438eeeb11f648d2d47832992404df12e6905e9132,test
4c048b5a04bba225bee625da69d7ba72471588a92a10422ff097b081f25c57ea,test
4c0ffbfe5fc3a504a6e990eb275146c2977a2bb481081c1c258d3f94a9f279dc,train
4c1856fc8479b233b1732110f82e2efae5ac570eb9e3194c0c6c8be485cfca3d,train
4c18b771a4cd6ae0ca6e5bc8637ccdd9544d20925e93b2e45ad33abf6124606d,train
4c21c0d6481aef96b2e3d1e46e8f581c0ee5205543dc774650be6a42c9aace9b,train
4c30baedd3dd4dc39e6ce1a7f54e11ece92355280152b36332dd6640f70cad24,test
4c34dac15815f6003c07bea075269269d5ec957318d3ba601e796003cf141e6f,train
4c36ccdb4283169b290d828f6f3ecd9914eb54ae7135f889bf97bc6656d9465c,val
4c45852e385dee61e9c01b01c269c393f3674a01bb9d199f1d886ef03972cf81,train
4c4a120c1fe40ff8d6f0869bc7378f6823fcce7db399740e49d92378ecf49b5a,test
4c4a2a1feb8e1fdef67be99c734ad1a36de13ae081a060e79c21423a7a92ac6c,val
4c540abfc45bde8dfdece13a2feaa587c80129fa167ae19edc35d03ef842079a,val
4c5513e93bcac06e185d680fdaba14c79d8d8bfdf0b8d7087986b28483fc9a16,train
4c7b5555e6f33280b1bfc6ec50386d3ce0f99ed7608b74b0364b71352553d728,train
4c85a5dfc31c61a6a2b315730bd09c8940ee32b57d6c984cbac95785c24ab167,val
4c87065cbc0b25591762e0d76f62c84fd009e4243f142bc35f073bd0a5c10be9,train
4c8a8027d2715707ede014611ce89421f70fd941aa42327102045032006b8f4d,train
4c965e8c9534d5b46537eab196342664221e22f78159ecac04154c9fc387bdaf,train
4c9cb72c45fe314569002af0fa5a305a61ef4e40dabe05fb1dccb6bb2b6237cc,train
4c9d37ca06ab9f9a221bac69bb9ba98564399597f3e9760628c3818921eb7dfe,train
4ca2040908cebd7e1427443a0a1005063a8d001eb5be356c357275540934255a,val
4cad59c036014bc5897c1c217945458f2ca16e7f13961bf232e5b46cfc84ae1b,val
4cbae2371592e9659dda5b9c4843a4cf33adb5498fff0f5e2be34caac72a8233,test
4cc06b28fbf93e825d6a1ed9c336abd2dbb0798fb130cfc6badec0d213cb430c,train
4cc5e8d3a4dd544415ac2b798e6acbb419b997b684f84ed704cafa60f5c428f0,train
4ccd0e940b54153adbec73d4603a798050006aa26c8e513e1c24fb2a19bba1de,test
4cd2729cb617313044f824568f3f0d656414a76a491f973d69adf544d701bdd1,test
4cd8f86567e3249830e0c729aad7ec22835ec52442f602322c1193c61f7d7b48,test
4ce159a81eec80b1b01538fb2a1816e975b2ffd4c08d50ce58c318e9f94f44fa,test
4ce483a230402ad0010e14f5a589cab2589f60cc42253bc3165b2d12e1a14e0b,train
4cf0d1c67f21e4f014807b2f96ee33f2eccdcc6ebf729f6438e7bc7b6a5b21bf,train
4cfe65407a144f48584366a94674ae360167a11dd3e943d3cb357ff2711cea3e,train
4cffc99349e89e3f1057bee98a18205796b4cc816cfadd2262f66aa8fcb59401,train
4d0d9aa2715f6a861b2123baec3c0d692a6d393d405ba87e43fe5a627f8fb5ea,train
4d0deee2b475b36f7c0d6a4ab7fc4d57d40cb16734e520508b5ac5e6ec40ca02,train
4d2dae416ea5b78b11a52671ed3768ab29e9ce956f24be8e6bdb92a6e12b4c93,val
4d3fedd113b9565c348d57b96078da8585c326ba42eb845c4dd4900335a2ee09,train
4d4d314392b084ce299eda5a43b7e6e4de2667018fd01a7700456d5773ca5ef0,train
4d59b26d8a7b74749938763408affa334805d2c29c8c91dfb5c7c43d06c1f235,test
4d5d2b52c7e4fb695c45006df107c4069a561443c9eace5701be0bf1cc626032,test
4d5e034cc54298942f4bf7e8cceb1a72a1cfd1c7666c131fb06cc1259bd6f138,train
4d6315a31ccf18195b5ffa83d2e6670db8b4e5f34b8e8e7db18dd3d94957582f,train
4d6a39670b37106ed1dda97d0ca576fa229b967c325977408b9381196dab6d25,train
4d6ad7cfaa88e2fb06d9bbf1caf0b33e518ce9871e4de9c6aab4bb487ecb7928,train
4d756c6f6ea7213b4fe5bb5c0f9f0f42213eea4c4c43be4bcb2a644bc8a05b71,train
4d7801544f1bf2cd655317016b37e3871cb5762381a97629f0c98097b82f451f,test
4d7cc0c1c46fb9b4557973807a33396474e74d85162e70a332fca10bc5dd35ee,test
4d85ea86aaf7ac4f61359bb4b10a1a32acbdd729858dc9d4781b9dddd914e9d4,train
4d8d2e0e926d9266f9c36badef5998605d2bed774a39e020e28ba3e7af9df95a,train
4d901851adfd6829e704ca809c2788a995d4e2147a74d77aa57b9613f5980391,train
4d9207908fb3b3c23c889275b4331e0560da3298e909554f1dd769338eb32fcc,train
4da1a3bac555ddc759f48cb028ec9fb7568a29517b4fa0e400bc59a205988b4c,train
4da223464c127593dfd5041d8039ccf3c5e524d9223082ae1c5458bd2bc9230f,test
4db5eb7d4217caa7834f139ac3050de6766ba5fb87c954afc900525d28a3b8e5,train
4dc3b2c2c002aa2c155be4b9587e77d212c969b79185c1fd6801a92a54382209,val
4dc6bae1f3ab908d218125a8ce900fc093e8b5361d0ff46af03b409d52959226,train
4dcd9aab7be55576173873f65878664834e895c335e838b184fe99f2b46dc89e,train
4ddf3230aad9324c6524ef42de9447e73feb61cea0938e8d9509698ea741d408,train
4de50673be2720a378459028ac665ac047020f44d941379eb565a1897e6358ec,train
4de84d9b42d22d80152f02d2f96bb3e83fa072dd0b1b1853b457fc5fb4eb5515,train
4ded47afc5312bb6b74a290f9cdd04e6975067cb723a5b23ff17ec2cd861f30f,train
4defce8728a2f8684760ff70c05f341a32c669fbb470b4c3c5affd6aff2218b3,train
4df7ec1417398e0d09d1136c249b81537e6732800e0cb6849f3aa1a92daa64f2,train
4dfabb7986963662470db20263bd06f08bc621e0401f198c6d4c1eaacb4489e1,train
4e18d5e055ad65ad889d6cd55301cdf31aa56dc637f5f93b707939504ce3e8dc,train
4e199d765280215a6fd8eec6e6b39b55efc67f57d7ea5fa649eb024fa5982cf5,train
4e1a3e90dbc841898d1233c79b704cae9ef52249243188bcfbbda78e2d77b623,train
4e1b9733d5eb33ee995446948a1a2c314d71fd05c4c1f37e48a90ee10e1c8de8,train
4e2d5f1dc93034d69780adbe91b7a33129f645fab6a8047cb5c62b38211a4b13,train
4e3938e7b0c7653c803f2e4f87ffe79d8e9bf41d5ce9fe101227fcb7d996e12f,test
4e3b39b41484afbbbee6c3918b2fc26573a20457600c5058bff9e40bedc76c91,train
4e4cf3508e04c40ffaf1f75715f2e70fdafad649623b122b4be6a7d2f7fcecd2,train
4e4e4296475e3070c9114cdec422660fceb58682b9acea80b8fa1e432527f738,test
4e4edaf2013135de3d183e644545b1709e1e7f396f039361f1e66feea8a4207a,val
4e516a8335fdc8c488c74ee4879f4c48d1d84caa9e7b7a9690e7f032c7a628ce,test
4e59263512a2ebdd46a91f7516427d61c4c69706125eb0e85514faaee7615bb7,train
4e5d89be5263026e70464c34acbb80faa8f9a1810be38bc408387f9c263e305a,test
4e5e827976373ea0f20039abc3fb57271d01b9d126b07f0761f6a6f5adc0f316,val
4e64507656da5a62a0261dfc3885abfe75ecc06e067d27e029a18e4a8a73586a,train
4e7dee6e563eae84deb73200ae63fdac70acadad994fa6321c7935e0d4694786,val
4e7ea0f391df1426f56d87478503d1f0351cbc2d364e763979ac69a38d7d085c,test
4e84c05749d34651d8b813d522c2e706575dd993b37a72ecf892dc51c54b5599,test
4e8e9ea2d4b3baffb0fac73d6abf1eb646d192e4c7b2b9b44feaf4d3e9d66243,train
4e913762d47a03c9d551c0c08835d31194a91ec7d407164d32bd403ebd7a6193,train
4e96ce403fd200c26fabd3c3cd0d5edbccb209173d1a684c69f8f522ea2e0c04,train
4ea001489d480473a877ee81f99861bba3244c8aa36a59b51da4d8a5b6a61eab,test
4eb58a9780a5ad8e7f59a82b6f4b70da863b4c26be3b4ae2f924f55051c8078f,train
4eb7ebc737c9d897b658b5b0209b3a1cdbca3fdd59d4619b9b9b913b63e8d777,train
4ebcef2259e44d4942ce22c0cf4df0f45076b8dc8441b07c5f9bcb3296119db0,train
4ebe02df76e8ebcb806c4aa634df14f99da9158d6fdd2bd1f8a44d7febe5a16a,test
4ebfc1265a64e4e9349458a41adc076b68ff612f5a64ad179c7e30cdb734e580,train
4ec478631caae2b10a3a013216b539133683812da478a5ba61c2788a72bb786e,train
4ecc5ef3ca09d465d39949889fef963ed79bb6ba2bdfa91e18b22addb92ac176,test
4ed030181d17508afa6b758d5985a3a91bc3b8e800884fa516e5bb59533fc8ad,train
4ed736dc7c101a871677c221f43a32c16d75d37a8e03ae7bddad24ae4e0354ee,train
4ed8ae36fe2dee051b9c9fbb65f1efcac9f09699e0bf21eda1a4f71f374019f6,train
4f18c9fe29e9c8c633451caacbb5245fb4a84f98e7e2b4f6f5e2b5979d7f7d68,test
4f199d9bea44f9aa48999a7bde387a762f2b2aea108b5314964c3fe39347b924,train
4f1ba5fac9728b72e154b37171e5cd1645176260fb4d01eb25ed31390210618a,train
4f20c3026f06ea43f184e70391f1404c561edc1969d5bb11c34b89d5d72328cc,train
4f22d2604f8ada1b67e32f87ec7f95655ad12423fae448418b81c1d5f97cef57,val
4f27dfbe5d3095afcc65862675c757ff405b4b5675f46a480fe34b6b727b1f8b,train
4f2aae97da0e9ad2e05344a077129ba1a9eadba496fcc46e9244ea7b2d2b77f5,train
4f2c6d146a443b0d15a69cf73000fa642b0837a27b6a6f307bd594dec2c49de9,val
4f324006daea27bf4c2a2fb946e284e780d64836342226ce097bba4c94676c42,train
4f32955044d10be8e81ea7a14f128c67b0c7bc251379ea0b9ac6d5bc2114d084,test
4f49f8d3ca03d49c098f7df436fefd63b5a4ad9c084712be42481e290628e6e5,train
4f5c2c8c59044b1d9205f5223e00ec85f685353b218d1e3f538e293541caa8a7,train
4f70e5ea0a3d1280a087f8da5073ef38ae3ec5a935f24bc252cc1d309c2059bb,train
4f7ba305d9cca8fa3e058df6ece673a5fc8dbe927cab8118c3f69abecb35d4ea,test
4f9169b851c70db65f852108ab0d3a72e98f8bd48c7900e48f43bcf56d61ed9c,train
4f9f8790dbbf2dc8a3eeffc33764ae8f3ff211fa3181ae0b0a64805e58b542de,train
4fa14fbde4d8824f81a37d51fb23501940e6626ee22e67618d76139ab6fbce63,test
4fa7a55c2f0af99455f44a3723195e7d065d95237bed327eb91346899136c02b,train
4fbb5d72239bc84d64f1471c0e07fe9557ad5803cbb43918827959c909d89107,train
4fbdc90c30bf9109b24f90dcfa6dedc7867cf721050dc1fbe38aa8a13a37ee50,train
4fc2b9e9e07a63781ed890c75faf0139603d11e0fdaca3ce712fb567b7da3265,val
4fe090537c961e4ee4a57596a5c10259f11926b1dbca9cd1420baf8e68af8f82,test
4fec4b8795392bc0db25324896a8187424f7e0995a7bc420f5d258062edbd9c4,train
4ff31b38fa7835efc7f9d4977a9a4301e55564cdcffd7b907cade31da2f4443c,train
50051f643612c2fe93d6d0848ef89c1254331c2cde6c672c7cae369ef55622f8,train
5018016a3e2ccd6d7f0a3997e99fc263d94417e217aa1cc22fcc29c9f6904a18,train
50293361416e3d71477bf1d6136c8d290ab52f17d0837c845c7a5817b4222eb9,test
502942df7a0067fde6f9a1d17234ec3fd21bd08fc91a7748e01efdb679691c77,test
5036fe3c7f983f9b90cddaab80c510ad8160ee62471ad5c612bf5e750168cb40,test
50417481ddc093b6119bfa31727f3ebfc1339c4ca47d833eea240cfc0fc49824,test
5048c6ec2da86a4ac2bae6fe3c17fd8a1f163636657091c897d2141c9ef7b171,train
504cbf1a8805137ec596ed5f9ff31a394e5e64fa3f517d325996eb2deb145ad8,train
505c588fa4fb23b710364a138e4d93344b209c3e2075c0398f8dd4c1ad7e4ba2,train
5079f668ee10cb4893bd3015bb4a843ed3af60c824fb5f6d405697e769a028c7,train
507d488c9aff21555e1441342c0173816f2fc7d7f73457d37a9fac71f9dc9fe9,train
5083da9396aacf26fe3f300a54ed63c4e3d522c903c18650d03276ec3e4a4cf3,test
5092f0a9b06f4322e28a63bfffa706db4ae50e9591dde268c14e4f10d4661a9a,test
50a635248de52b430e8d92b56855170eab54ce3cd0a6004a668196979d71da91,train
50d0adedf4f5cb3960d214ac4ebdc45784e3afc8f1d6beacaa5a6e3fe0096a93,test
50ddc4fb8ed0070c38c36cf8bbc3d8bc17928c0f3b16d1dc95ba8452fd138e7a,test
50e62af61b1e615456ebf1473423a7a870de4e29134e371e9a7fe465a3adcfb3,test
50f361fa73f52081d0794adee2002197afba2caf0b3c3384793e7a7b7ffebd54,val
510e9c40dae6d8c3f340a4bab999309ff0418a1fae0daf1248423551d7a9d5b6,train
5118ebd012c0e30faeafaca1c59fd0851a4a57f65e8c2f039aeebe45f771cd2e,train
51283cd041d5223edfa97a2a4720fce529ba69e1e4acdf68a6a9e4776bd3c5b7,val
5128b3fbe6637ca024bb2954c23c140805c352c5c43e1c680f5c47d162ef60b8,train
512f85995e058cf747371968360c5b91098699d27c5af140558e11b2c38fb0c8,train
513ce6d3bee7d724d647fbf81147f9553a00badf333adfc57bbbb021818fb2db,train
513d1cc4a3b9d76ac52d2a3c30d7d88a5dad8c3568c5874df517efa144cd19a1,train
513f4de37d4917711bf1372eba6daed7cc7b59ecd9ea35618e660116149e1c84,train
5142701b741a0293fc71bf02d8cae772f635e94557661da5bc31c480a2189c54,train
51428a509884884d46f64058eb070d221155ec1d06b3e11f40edfd7cf36d79c5,test
514e7ea6e8131da3a7311c2161178a5a128cec0e02055d922e7d05a6fc39f77d,train
5158f9b5251cea77eecfe64141f5c70a62fe8a0438a5f6f5ba7ec7d9c10a5b2d,train
5167ab0ca36331dd670aa2777c05bdc8d8f9782f5d27788e328d58bd30cd7eba,train
516bf5bc413d41584069b8597f9a0d59edc58a4df82f349e3efb90bcd3ac9b1f,train
5175a2bbb53ccd8486601e929aa3800f9a1838e7eea055a446bc75dfb2d120aa,train
5178e0066e46fa437af35778bf1d4c4e389dfd43603f4cac1c47b1fc821d248b,train
51909a30937e8f39a67e498fc503d9d9174d2d2d8166c9e43ca2e6de7278d54e,train
5192170a74185e9f565b22b0c97a23ef018d210c7a066e46907cb982c3340bc4,train
51a0737af7c1a8eacb9e373b7f40c478f01f336e1afcc33b61d01e9f6f14725f,train
51a1a30b925fafc4be3c773a0e9ac0267fe07c1051d784a98da83ed8dcc64440,test
51aba24ee7c9e9acdd46cca6ba054c63ff90e6d32dfad89e148f365327cc3508,train
51b0af0b20dadf185937ee914fb23f6ff4b5e6abde81e55e409c98e16810c272,train
51c3c915d9349616f154ac6f366ce02950ad24eea8752e66aadf06d5d1d18274,train
51c5518e76b30411a679c08bb4299c8c2e334061b0be77a0d530e4ecb4fe6385,test
51d921e7e71c48c607609457e632382cc1e6e7252206cb9765d7f00bf4a5602d,test
51de5e2b39aa647536b67fa6fb4838474afe4d398a7ac038ab73c9a0f318f9fa,train
51df83b2e058d2db68020c0cccdec66fece745d23e72ed767ed669b7e394cd76,train
51eddb0e2d8c2287a0d841087a919c6d374b33e2849f42035650da3889390faa,train
51f28b07fd166d54c07465667ab6c3c912aac6470af68bd7df902187a7e5635e,test
51f80d0943e77b0b65ab6f6a5c72fb945f851320e8836c20b5dea5a258f3e4d1,train
51fa093b63acdd4d665d8f665c7b597e96e36e26f359a9cdbc288efb30fcb50c,test
51ff8f8822b305777d5b330b6f384e9a4cd9491f8eb3e0638d6fc60c61664735,test
52008fa31ad854eb0617324818c4a641fb35e4f1846dbf4da23a5965c5827d61,val
5205486e781d25b49b505689b3a77e58b7808bda237436eefbb941cb80ff0268,train
5211e4ceaaf60f61c52a9d23d1b363cc1b2d681bac554f473af92dc95d2f1d2e,val
5212155c75c605f5a483f4fe7b45bc17e96022a9733a29be52c7f598eee956e4,train
522050133e031ec44c16eabfd55df00adce236f02fc2e5f6f46b1376ef392171,train
523787507f68f55fcc5ba86350570d1b2289d762f9490af85edfcbb576cc2659,train
52399d0f8593d421156d3ea3c7b64d0c0d93caa8cec634eb284ee30d5a8f4ad6,val
5239ba2359dd3276cd3f36ad77120c1ccef1ae5d10f2162cfdc5728b9d10615d,train
523edaf0a7a6c3390daaca8f576556bc1c4c7062a768e3c748febdaf32461b11,train
523fdf47f53414a4b568f4593a862364d5bde0091041b307a7743e2b1b9dc7f9,train
524a1697cf23c2e63cf39b3b998a0cce943d66da7ae3b50f09aabf32d9bf33e2,train
52574c27015bc01e34fd2732708a5d326e8743c78b7d3c147b9833e98b52d749,train
5275fc1f2da75d4f930e4328e7d7b9454a60d0f4ce825cb30f45218941907346,train
528b8557d2e3dcac97b565b7b8aac3c8c00435b46d7975008ca35f3119014c55,train
529043261959f68604d015f26f4dda49d973bcbdfdaca059fbf876cfa7bb3012,train
529d6f55957202ef57a79481ec1bf7c4d7e802b10f5933ee78207d79a0719413,train
52a037d1ffa42c0cffa241b9ebf26178c9284bcfa6e54f66a381e742acfb595b,train
52a0f2749614981f178b767e00e21d43e20fead0a17d1988b59b75c3afb19608,train
52a3b5b166d9a5d3d606051f9d58fb114aa4c3683329c25d4443ad517405541a,train
52a7567531f47ddb06b39d22baee971e0715e281ff0744c5dcd4809a513c2ea7,train
52b1abeae74de0dd5d2da3d5a7a6421f2eb0c3cb195cd31f06c7ec57174c9a06,train
52b8369f68f3a86d88041bbc4b363b1fde966ba8323ca4384e92e14a3a0a0791,val
52be1b644a8824ae79c700b095bfa21efe811296ae282d00646097cee2a22176,train
52c1472b70ab4ec3af511c8c186d9112149e0176b9618d972914c6e87a95fd2e,test
52cd07aaa8b2556a8831f6097b23b27a1bcbec49ac8e6710035db9f0e5199e5a,val
52cd584370d0302e3a7f5750e130055c49de235c1605a8f06a90ab3c3b99df5a,train
52cee8450d845f9f14fb7b6fd09d8fddb113936f86f3f907280e97978cf44b2e,train
52d6be7967ca005691c25f24dfb478b01f12d1bbbfa4e564c43b63730b37ff2f,train
52dcad9619c25bc7d64cf80fcc0169a9101c96b658b73e526d80ad731131c2e4,test
52dfcf898d46a19a804790b40f99a86b90f92e89547ba5560660971aa28b6dfd,test
52e14d4a4d6183d7dbf23eee337f86dbe27a2b3e931bd48fd7d3f4fe9a42d08c,val
52f411eb49704541628abcc45c9aa216722361684fabd983be842550d5888b29,train
531420ede901e96bcfb7b0e6fb73f03165dc9e58e3d9b4479f9ffc5132f64d57,val
53236cbd1fc587b9e336bd5a55779df0ca4196848a8bfd38ca2496b1ddfccf98,val
5326d773a210c794b3429e1f4e83eedcc05d7a28b9ca6252d48426ad89dfaacd,test
532976969c9700768b0145b24b661e072a126e9f79629976dd99238740d1a31f,train
532cd6a280c4c96b343abde217cbe0645b1046dc1b40162c1f0e71b94b43b2d2,train
5344ff04734e5b8068f42fb39f34ac075fa7be58bef70f39dcf9858d176bc11f,val
5349adba77bad8e40d337d1986ff1c19e2d90084f76cc1faef31d0502dba4fce,train
535355cb426a1d13c10713a0d4bb9ec377344344df4a20c527e0297b575246ca,train
536cf152c9b1c457ff677005c9df8fd6d7b62bd4e686fa4d16271f3877f2b957,train
537931a99a25e793de511fadc723a638a510f62877b63ee76314640b444fe1cb,train
537c325b3e33ab05c9596fbc75341821a7dd3a05a587ca2f2759ae623cd53fb2,test
5385ccb3a1c5c0a7a08dbc5e065a9aeb3400e3f335a277f552a72e6d95953f01,train
538c4623b0555f87fe261ad48e40fc7707a2176bcce63a32362c7774204a93a6,train
539299f66deadaad477300a89bb619749ae08ca9a01f843396d7307da28893a3,val
539aea735decb3222d17825721f946c907262a1a351d8ebfede1118190c03949,train
53a6b729fbf63ea8136e7b85bc94d28267581d5d0ba82af3869df27f2768ffd4,test
53a7acb9829ac2d19762e075926b41d0d6d0267498684e0a3cdabd82edf43209,train
53acdd334e53da68c462e48318a9bfd45aa96d4c41039812f4a8a78f83fc5b98,val
53be775e0dd9181859effd79d930b3feea817cb8c2fc7ab3431f7465804c7a74,train
53c4d7bcd20ff8cc1147002513b365106a6723524f6c9044f4fa7103f02cf521,train
53d068acfce4de02a554b750bb9dc344bf7e1e4305d6a4f444d0a45b8cdf9a1d,train
53d2a2eeb1cf47d5851ad99cef343c945d5f0bb8861c41d62e6b7483b6ef9529,train
53e31a5e373812b1cd5a5453794774c3c904e25a1041b1702d1d3a13a3444d75,train
53e91afb1c58026e2a01e74931b15465baab8020164e0e4f01ac621afb582fbb,train
53efc9be69799d882cfd875ee096cee432c13c80f8ec2a2ffa2e4ecde759ab36,test
53fb248f5ef221e12f1cb25e82d7d23d5317a4d586b1ad73f76d42b002a6541d,train
53fd27012f227e8592f3df7af05d40ee0e39cfbdac41000992dbfc8b2cbe39e0,train
53fd4c6a1b126c11ef95ff5b7547ca24222f37568b01e2035f7b78904815d162,train
5402ce9d3f7288acacde97b11cfbb47f794d33b5cd07537cd8be75aa987dc674,train
5404c174ba05331a12bd1afd1cd53a627a39b7f5a0ed58f69ab26b9d2a6dfcdf,train
54146aa47032d618e135767f7b26c8636e5c63d6f0759ffd8c516c6231247c7d,train
54146ea3f059e0b51181100f09e5e561b7c0aacee30393927f51d0f47c6691af,val
5415d032c5e95502259980b855dcedbc14ff0c7361cc1bf0aa3e406a06b4f91d,val
5416f531498abc9e1a8c20445e69953817e2629ab96ffc3853a59658ab1439f5,val
54271a2a66ef7e2b47c818ca29fe609d4940f9b034cbaefd7bb32dd961007704,train
542bf1551f5190c2d1926fd6e1fc99766a6b751957ce0b121c71ebb2da2d6988,train
542cb23178a37082440637dbfbe7c6fc3dfd24b45be57fba5ee7dd96b4eccb7d,train
54355893ec44f8423afdff56cf948524b25dddbc402dd641bf51d56daab02419,train
5447f0180693204b2d9cf997b45de505e475816f5f36e350c86545eff5c73439,train
5448740e68c565400b3ec8d8417c747b7803ea6816659d1b00e0874bd4c01f35,val
5449295d617071ae32a7a2ccf43def919fae14c3d198cf0ef9588d6bcdd7a96a,train
5457abb009ce7c9809cf27bedb9b6d9cc65bd025e3cfc99de701454f31185fdb,train
54596bdf33443fd114eab76ecbf3a98852435e75d3640c16dcaaf70817b020e1,test
545bd0db129490f898d4edec4346d19fc3672b2992dad24de18a55f18cf46abc,val
5472262cb9e19860055b28bba70c9308bed4d2ac0b85945b8d8e57d7a7775517,train
5476cc5971ac8c0b864186ab535bbdfc83382c7697ff0f976000dcc19a25f2f5,train
547f8040a8262f51409acd1fd47392ea1e04c6661f1fde861f9933c816d4fb26,val
548234dc227d7d32e9c3a3e406d0d542814685c006a9f6895cc14c9143e5d8bb,test
549657ecf901451747d58789fabcdf1dcb0f1509faec7fe9da3529152e0b66ef,train
54965b875a3068cb248e18df22ab0fe757f0550bbd31fc2d6bce78f6f9227f5a,val
549f0cd53572e2da69c66c02133b78cf78d84f0c8be5c87095a65838320e6733,train
54a16c3016bc25717b445f31f295f23b8409f19c8382bb818170ea09fc89e70e,train
54a97b16c0e5e760ba396ea3dfed388a75f841f4af995481d79cce4bc88f7252,train
54b1935d47563d032afa63ced9b36942f343d5ddd08354b67003c037ebbd784c,val
54d15e404b6de7321e46c0751e5fa8fa03358c7a3784dbc8717dfe0e6cc53d03,train
54d3e0d2de6a6408dc27bfb86dc5bda34d61c8f0863d03c5a0c3039da6fbf9cd,test
54ea4087d2b62c23be683c541f1264160fd038b5117a4734513d5bd1810ed5b9,train
54f0d656c6a3c59cd18c554bf0733ab7e7fce72a9f4fb3bc745452f049de4477,test
54fbafe72e4a4900275ee4cf057a6e8de184812e978f67e8cfb7ed1f75699651,train
54fd312c32618ade49b54432c63fe84a93000378cfa7e5552bd7c38be17baa7f,train
55017d7ef437caf23c1b7fc4aafe88969b094882124bd6ef8c739cbf95c5a18a,val
55097e522e6a1a0a5038af950af6e2bef8f54ad6a382b9e858dd1041ddd09b40,train
551bc4ee6ebc6ed1ace267dc94c2f578f61956d7ddf9a1a50e1b5d807f8d4d2f,train
551e3efa8d5697cce24ffd38fa595896eb7f8eada06e5545180c51e3851eccf1,test
552f90b5efa61571bf6d32ba02bdb4693bc3effa66b6313629da26f98fe8532c,val
55381d7e5a2a09fa40494dd8a1a49be3b11751110c6b03adb8ca6012921a19fd,train
553fce05380165b20f69d95450711df7ff04cbb0082b7370d00dde67d7231683,train
554deeba1e11109b7564ec87d89ef3b32b536b3aa48d315ceec2c8bbed931ae1,train
55511d44fa7ef11ad62027cdafb4df33fb15d4921fa9d359e58d5c4d0a5e99e4,test
5554c04180bfbe80b1cf9cb1b9bd80aae74de18bf48a996a2d3abf756be5d412,train
55586790085e6b5dd29c4247942db955f133f7a79572af8dbad74e774eb81f23,test
5562fc1f2e99a12c429daf32e2c83320b7a415533456b4e30c15926e09ccf75d,train
55664b28062451193e08b0efcadd53a409c340683d376ff0c00409aa3769e3e4,train
556c58a427a489e8c356c8d4d66d907d45c64be6bf1efed3a305e7f5afafd363,test
55725c1aafe190176c6b208af08d8c41a1c40fa1e541bd98cb3a9555c2cb452f,train
5572f4d64bd79c891ec2152b05c9205e99dfff920ae4c1d79bdc86e86b7670b1,train
557a55f0e2bf528d5e70d69f7d897b6af6a162a79e6b88ca90923dfcce9e8d4e,val
557a704f3f4404c197750239fdec3ed066f073558d926f61e69655341c96438f,test
55878b9930340ae77ce946882f598f7c262156688018f8da69bd898744fe60ee,test
559297b2254552c52690f9c27a53f966204d3345655242457eee28f44cfe8e88,val
5596d201ebf39d474a844a615c9d84bec956c8fa31e6bf533b265a745a6a664c,train
55a261d8a48b65871834a19052166d63af65a92bc321237ddcbc21e5074fc5e9,train
55a61ff863f84b7c0d55dd9ff3b9e13a3ab65f00a23ce884e530c5018c5aae4d,train
55b48f215bf31a8e746c448594fa2a69ac833c86c4d3cc247b63767117cb4817,train
55cb879af9510dd0b6a2f107df6e461267c6c7ab8a4b4a92db42d41a47f028cc,train
55cded3fd393513424afdabc2b1b7a4235bc3a747ce6d4bf9ce5956c203bd342,train
55e0364a1a5c491b93e4ab1b29055341603e314de8f4b606a1bcb9087e36682b,train
55e1fba9e146802e798bcedc76a2b4a7a6c280fb59e93238afbdfdb05dd55edb,train
55e247b20e9e40933362ba212335d2e00608f46bc7220a6ea10e67ba4100fcde,train
55eec3b6bacfc479a61a0883b8a3c31e8e0b8c841e6b97f572cb3266a8466c9b,train
55f03a022e1fe9ffbc62c6156245e8eee5268d1ac426ce7877c1fecc4aee4f13,train
55f1e50262f92977aee94bc497848b4763bf3fcc46df45c7a7ce0ae6aee10585,val
5607eae626835c1149a1574c3e4fa95066226ecddfda83d97639b5e0333f0c7d,train
561009037c87f242eba1758b54399acf1b455e7cfefe5d3e1f0b724a9efdc38d,train
56117279d8cbbddddb06b5c300b476c97de013feb44bb909c069db5aca4c036d,train
56123eac30323c41405dc10e31436d54785cdf644dd21f5cde34e9b3649a6fad,train
5613f88971859c644e9e661d949bd0ae771ee24197d51a28c716dea446eb7c52,train
561c575e206b652bda50205a163aaa335c269aa82a3a62565492bf65c7e3e769,train
562027e78f273de18cef3301a6deee29f41a34f2f22325d73dbc6354b36df76e,train
562a84798e17c48416b24b6e11c835001391edabf50bc68c979538f6275f4066,val
563ac9649f5dc3b15d045d98022509014ffbc3f77658e60e549b371402a1c294,train
564015f1d7a2f1f28c445ca0b13cd1cf80285ad5c57727b2da9d6a92e40f3d37,train
56410e977a26838465c067e8863573e4c4d4ea19a41e00dbb88e4cbfd0e65a01,train
5653ebbebd5d9499ef01047dfaad3c7aa96255591ebbbcbcd71cf639be3a57b6,train
565561387abd911333d1d0fd273a59e9cccec70989b3e672953734b89683ddb1,train
565ad4c499f0bbbb11e39981ce013435bff96d3799c7a26f4d7af40d13b2d524,val
5667c1685c3f24eff1a5f5545a8ba1c4f08cbaafda9a05ae818dd9dea3decdce,train
566993bcef7d4679f651eab802758e555b790cdf711a1b8d7c84289f5f667d17,train
566f40b4d02d993301a761643684492b55fc454535e591417bb85689bd103fcb,train
567479c31731d340eae2a1dc19362cc79e998c75f60931116fc736548925d866,train
567ec4d85d3ca951e193f96d471e558283be6bc98647cd9e3623bee709d8d977,val
568d465f810088124a13a080a31a81d9aaa410a048b9540585c0ece8009272e2,test
568ea87fd15fba6647137cd06fdf128f5ad2b34293f81a1dfcfdb737cb825504,train
5692aa1940891ee59220205b63c12ff7946e6e45e7c03ea9c6b1abb2eabbdcfc,val
5693b5631c54fc5141784d79cb138c1a5bb788c7215e5af73b4fe27cc2395d08,train
56a6634620efb5a58605a90713fd706adfa7af9fbc44abf54b055ab205a8c234,train
56bc5389774143aeb5d977f048bafc085c4ddf9b0ea54dbc3df7801699893e08,train
56bddd22ecebcd8e978e4c22e2a97c8282facec1a30767faaed72ca620251276,train
56c9d06dfe16c575497b3eb006d150ad3c8ffbd2e24934f98052fafba72815d8,train
56cd2a2caad76bf0437987bb6c96bbdbe91ae764cc8aba165e6e1783e2540b37,test
56d11dc1959eda89829790c44b961f42f78e738a323849c1400a64e2a3c582da,test
56de08542cd73560a35f22591e21da17575e9b7c0363faddb248d53f3cb1e9ef,val
56de69b0e52fbbae49be857498986790a8b96e768f3c6e0c067f9bbe959039fc,train
56f199ada9b65844c7bb731b87f37cf037aca81e152cd6464e5d906739be7055,train
56f2332b8a144478e3330561a6bf25c45cec114cb16cffe2390d5fa7989370e9,test
56f2f5ea382a574b71c240c29838150d45117074263157013e6f5424eccebe09,train
56f660b861fce28a7427c820dd702e60d8466057ca63eed84091cccc568cc9fd,val
56fa47d3a53ae28a144c1a4eeb622c126e417c9dc559a5b729af064d04773c26,train
56fbed322382736199b8b810f573c32718d53ebcadb7c478ab8a826ffdeb7bda,train
570a6c11a7b5882ff435635ec234d65d9d4608033f61a46cee6936146357b6da,train
5718794229df976a2fcb74a028867eaac2637535e9cd4b85ed48cdf7354914d6,train
5726e6c19fa0f076542f7c2ead95e4414a4450242a2232e774758f374741cd61,train
5730837c30bf98ee28ffec92957d3deea6b313ad2f803f34072ac7ac27c203be,test
57418f9d3217ddff87096dc8d99d99239cec5ae6bd26bdbcd607e98e6ac13be0,train
574d0a2c56ab55cac7c6435fbe45c2ac5eb17b0c4e3af2f09c29612fe7257438,train
5757ffab6a138d377fba4daa659728b752d966a7764a3f9664c258719b99b743,train
5763588c72a605fed354ec624bcad12d00f1c76169e900c0b7ca840233cdc54e,train
57646e38d45fdc7528fdcb38064622e9ee834e160e27df405e0560a47ba1a8ec,train
5770fd1c41242f6593861928c23658578f10a07d3c3f375d575bbf31bd28cb65,train
577448236afdf91b8fd7fbfc8259794b69b5c57137346bf695662cab530596ba,train
57748fe7784662192759b8ea48ff122036903daf4097cba4be2f80ebecdb94a1,test
577ad8ae56573bcb86107bd86754b995ae46f90d8ee153ec236782227d8522a2,test
578088651bcea6f71833d0b3ebc1444975cf5317405880a7d10345035e3349dd,val
57844a3aa7d844bfe6cd5e844cbc78b40634cb758da8d073aca2af62e0a89cc2,test
5786d03893cbf7f349851a42a76da7549ffcc11b06e95315db3ea94891252a56,test
57b4b51d5aefdcef4a849817a5999abe6b5c3961a1da9670348ac1f5977f00a8,train
57c621f3f824971ad4c0402a92423f092b2b83fba3c295c6c60468900f42c7cd,test
57cfff2255698c7fba5eb446300a1d9a1df10c3245ba1e0d653b43ecb2b43857,train
57ed956e933cfb0433952ddc793961e7bd977f7d415a41903703a76caa1b4823,val
57f107f99d766c6c2fb34cd82a4e94c8f6be4deaf2799b19793d3b217fd801dd,test
57fbfada3a5023a256e0428b8be1fc141670f8330525d2c9f95dbd79e83850cc,train
5808151c0bddc5dd607837e4c151478a9687de44ca8261a4258b515583886f47,train
580c206a12b21d421ec2a35f7dce36f24a0faf349f9809e8ba59bc0b2b0c1d54,train
581399c8c992dd38b8107941362049695941ee4da7b07762aea6fa1291e47013,val
5816b88be1072078918bd6ebbc363fd99531919ae6a8a15295d8f3e6aba90f13,train
58189c14f0ded8e54f364f57f2d205363a6ce77cbf7f256266655b58e2d7407d,test
581910923d5765267b4036289b9ddd35437716be3b1283aa836edccd635b2fca,train
582e79d705356b510ccc0ecab003c63ba0c2bb93659e6bb9ccea2ca9325dac3f,val
58395e669e5dec12015039a9f749e4ecfb7bb4a83febeab349eecb8601400ffb,test
583ef36faa5b34a5461b29b4949647964197dadf308824bf77c48ed0556fb1e2,test
584134fdcb00c2eb54d9174f42d3e0e613f3306b2e53ecb6adf0f1e774c40c2e,train
584e7cbd4ff764bc4d887de2be998db2918705546fa8bc9069e65f945796096f,test
5887740a7b5556d6956c8a02184ceca3ebb7d65291914df3be7df6edc4055558,val
588ac4af737c36354be4bd3e021ee505b5704166372ab73b20ee500700f3cdb5,test
588d9a8bdf69bbfdebb458a4104a92c487ac42640b715880e7ad2bda176017e7,train
58984060cf9a52eb6567108086ab969ea19c31a46265dcf9707a29b65f30a9bb,train
58a4b58d0dd12375ab4e4a7d66d693f3180478286014bcf588ddb6ca31a49fc6,train
58a8c17e6cd4131b400092170842491da51bc2c48f8efab136c51cae4a01bf9b,train
58b1d3eb6ef63dca4bdab3d69bb5596c4b9885c84bacdd9a807b16ec96b7b12e,test
58b4a06c816579b7dfcfb434e1045461d3987efec4438e83781f3cafa97f83b2,train
58c8644f825e074e421b649a68a2ca97d04bb5fb7e8ced8730f5b72e1ad6ade1,train
58d6ca7dc02294d4099f6bf694ef835bb530b5b5e4844c604d3818c96d02b9e8,train
58df07589a45e98789dc4bce04204dd8d59a469ac81060ad801624abbd08df5b,test
58e3073ddf7726a78c3d3d4fdea00f48da18b30eaad8d1bf71051c97b6afacb0,train
58e556c11b62e0c3e093ed7845b198ea900b101182bffe8ee17dd9e718864f28,train
58ec8c0b8125304e340a604c8a3652808a4363341075732a69464c8645b7e5fd,train
58ef13bd3a21139739b2d8f101e1d6cb50cbeafaad88e30d420760fab63cfd13,train
58f4b7dc73e5fa2d0bcb2e7fed62779975c0262a708f9761b3073b3c16070e59,train
591025d8ac178f7eaadc48083ea6f1265f8753ece7b09d4c5eb7d91c3d2f3e04,test
5924e3caae94b61b0ce1baccadbeec119d24a4b4bcfd214d8df90a1bcd6574e0,train
5929ac93d34dc19ad45a68c593c8828752f5fcb62d1e3edc2c634412edab7ac2,train
592c504bb7275a1ab276807e42e809f6c18c0e3d4409895f0fcb89e724b82a7e,train
593cf9d6052c63a0d7d3b413c48d37c04df9a047cba380aec66158ee79b9ea20,val
59429aa55d60686bad4e93aa44322302d6b2ad72929afcfae380e3d10f97d385,test
595db3cd325d899aa61d39268cd47b04c083052615e026780b11cf5ab4d64a0f,val
59681e95206090063857837cdd709984e4457512eba218796dae4c3c6639b505,val
5975fcabac44c25194f9ba7af699a6235ab3dc2937f4e37346b183fbd612bf96,test
5993e181be789638e95fb8ba064f320075e238500f2e374183e096ba2de15aa1,test
5993e951b6af0e6ead57b601f5149da72acadd952f0d78b584498ad336cbb09e,train
59a28085c5aae027cd683f1512a544b2ca2e2fef4d2444b07c7d520c2ffda121,train
59ad5f8e4bbebbe21ca3277b6687306bed20e7fbff14ac5512e8c53713adfd16,train
59afcb23f31dc73d10021d3f5eeaf5033ee0652efa3e18d3dfd622ce7ce3cfa0,train
59b591090a4c8e78721cd9a66c87a41c73c9d9d399a1662eeb27beda22473f95,train
59c49fe75d918f2ad9ca7df90a9eeb8233fa6ce8e5a13e2faf1447b766a9c3b7,train
59cc69cf1ce055aa046d3cd6f094b77cb64ef32d3eec65359027eeb3cb7215cf,train
59d303ef6ef12772a76a494d0151d81ce168691398aa90d215c5b6b355ef6661,train
59d9cfe0963e609bf3c61b269a9d51241c2875e030b1c862b034e681fcc527e4,train
59e59d45ddaf4eb4bacfa2c7604fe6877512a73de7805bdceac9adc79ed26522,train
59f7bb2322977b1f5f9eb97a04e47ea288188c3aa88825de3fa85422ae6e56f3,train
59fb99c2045f9c66d208b52625353ecf835ea5ead16016cc5f6717701b964427,train
5a0302d5957a926abf13d38fa5b7e6df7ac60b28df768b63ccfcd114aa3244c0,train
5a05fd9b7b293118aca3b5d28ae408f19c384853838a79c162a2068622fd8dcf,train
5a185ddf32612e503b1dc471205b2202628b465b3dc06a7c02dfad67fe51340d,test
5a1d4a3cf5700f8125b988904013281f37db9567b8966dce39d6982dbe586774,val
5a2398ea9e63f06815ab37f934849117528ea8626c6e36b2d08b161dfce4d369,train
5a259276d1ac71b96a5c0e4b558e622ddd132baadb450ff422a0d7364753ae56,train
5a32b4760ff65b2e46a2ab49f3ece1ff02d551f477b72f1f6c124c17d6276ee7,test
5a3a1f446cb9ea8bac6c67087d3030fda26d031f9de0f5ff1fc3c6ad6874c962,test
5a3c1a3ea10bc00827bd314dd4ac43f55b87cca0458ca6e3487268d7a2faad00,train
5a3ee0778c77e86ab2d82532f893d2e6277d04599ac2da1b21068ad8c1d13f5c,train
5a4c5ba9c8d8f7dae4860ce6aee1fd59c116bd63e127f6435954c94eac4fb825,test
5a539c771a093d0adf8071fe8d5dce08b5f6e9a6fc650f33fe87e9d2c6c38fa8,test
5a5b5aaf2b34bff35ebf5a9c90920523c9169aa8eee0ab0423344bfc0af3147d,val
5a5c497b7107ec3b39f3d5bfac4c3048c3cc35eae8081eec0e8c046df7b2c127,val
5a62c0c9e46297c0a96b4828a2814e80d666049c0f9a4d5c750693aa225badc1,train
5a6308d73299e5ceb1bb8b48ee137c5b86574b1b3e036dbea06b3e9399c5ab1f,train
5a6e60515f52bbcfd1dda979ad6eb5a3d1ab5c610bac1fa36f9cfd5e7bab3188,test
5a7399f034e4c9de8545882bc45b96e11d501dd24790886037ffc9f62688a264,train
5a73e3ee3b0bc39642c8b18d0943a7cdc9cc5a8a12e60173fe2ff1d92b1b82f1,train
5a77a73d016264a069de35b2b4a769aecb246ca5ae6f8158922fe3a102b11886,train
5a7827508ddf5649f705cc3e175e6a910db9d45738cb2254c5ed7f0ff89f62f8,train
5a79c65f71cda7b9916c4566537d09567e919a75e108ebd4b640d6c00c17b45f,train
5a84f625eaa9e5a7c55e59a2c6aec3e173d4ae411c4c24f3e5b9b4a2a3556541,test
5a8c44d373575648d58f5d2bf34c1a83df1cfa44004809fafd33e3efbbc45709,train
5a9c446a5ef400db781cbc5951999005ba398a6232e42c57b8d56df937b375ed,test
5aba2ae36923d2843f11124d3239ba80ac812b1ad25aeeeba0518d1b53137c58,test
5aba6ecc910ee5f8e3a6b292ec4b000a7e4faaee6bafae68d2f332732e6cdfd3,train
5abf1660baf014d8349d2a559af991a39cc3e74f96582975da7bd75cea4b6527,train
5ac5e0067dbe3ad32ca9cf01c53e76a4004013a57d150ac0dcff88c0d9908b09,train
5acf04cb8c65ee9825173b155e0bfba556ce45593d9c8986ae6bf5438af94492,train
5aecf92b18a2ed75a13b0c01d110e48323ff29333088c875b64ec50f4c4eec6c,train
5af49c29374d9784bdfea269f70cbdeaa7fa3e5a0bcca50ad804da75596efc55,val
5af4f059bd7796d5e4e636d736967961465c91400c4ebf5827c7ac9e08244cb2,train
5b00ef517c4e398510c8ea05d2c2d967b582bfed9aea21f0429002fdd65e4363,train
5b109fe749f505c84ac08ba693530e7193f46550568b2bea906ded02cacf69ca,train
5b11e29c641ece9ec47d586042a82eb4ea049d9a1a461647c11244c205fdc439,train
5b23b2ac0288308c0caf7c09c9b7d9a79858b5b85b46e68bed2f4cd52cc5fff3,train
5b2df25168ec9821434b869cdcb42d02c8b047620ac9447d3d14766a0e23e000,train
5b2eb7f708d8a39a26208267af1d8a8bd255915ee79ef5ef65f7eedb0806cd13,test
5b2f4d0dffac86d7db936af30cd5a97d38f7d06e57d72fa1e003fc92ddcc0bd4,train
5b323d75e6665d7a6ef4ccd103aef889ac3a890fee7f21372d3591280dcd7056,train
5b4352414b07d588d329f0b10f69ee0879a4561c7dd17e84517a369defd3aaf6,train
5b509ec24d7b786fff127d802ffb176d0ba31b917063d9d767f98ab13ed5d2f5,train
5b5a6619fc4a18f4ef60f05de10cb36ca0109edd0b150315b855d768521c5680,test
5b5cbee6d580c6178bafa4a53c513e74f50779b077c2a1837a2484bc1b031966,test
5b62ffc4eb7fa67cbc4494d6044ffbfe613015dfc2a92024d0ed5bfe6a61addf,test
5b6687c5d73ff5073077ad10be08fb1da3e811e6238b7203a2df312181eb06a1,train
5b7ccb40fedf85cda67652944071204cf223b5168b7068bd48345c0a76df2e1b,train
5b7d94202e72f1ebc4b9a914d674a35d2f3ba6c165fc8528eb626e194e6b65b0,train
5ba8940244cb3cb909eb5fb23289512201d66ba6bd1d6bcb8e66d60f1da8cd25,train
5bbc6762e6a36e4c47b9611a962f72745a7cd3ba03b75c659d079cc6f867e0af,test
5bd0affc320236a01240aaa83c892470ce8ea80760501a0e181a58af6cdb7254,val
5bd4b8509398b8bf935092b242267c9f10473fbe9e516d6c16663699355db45e,train
5bdcfd20407737a2c1ef91c3ac2c04e893dedad5d76841ccca429cbd2a31c643,train
5bf1413e9d125fc3b3f9712c17fb34abce80af235b1c0cfcd7948c4034668937,train
5bf698e8aca1b823d66f2301ea69437690e900b592c7dc68dbebbe1dffc7396b,train
5bf6a82c389680914e18b9c8d6cbc7a651f5219b85ff6a6636a222c16c151eb2,train
5bf7f0936eb422db9f9f2f5f19a965ffd0696de381d46c8ac3ae3b32d10e51ca,train
5c090146fba3a7a14f1cb98ffdcac5e1a466d57273e425a3c33d88ef7ef77871,val
5c17e1de4b09404fd7158f698f667a1f9e466161d889ea2ab60d7680467c64da,test
5c1dce0c0a0ee89f5e583407a7ef124a038cde4c6ab0b2a33d4295a6e3d27b76,val
5c1dda196db3831024b5c0b0cd20650ec77b74742ba14d40ecdbb7fff99587fa,train
5c1de715df5e699828767aa6d0161080ac215d2d2ac0cffa24bb307310dffcab,train
5c265de8216e916fa87525e85d64e0af521e13d8f4b45835becddba01596662a,test
5c268c6107f50b5134095b8c3a273ec961cd197edd59f3c436551191969e85d5,train
5c4d8f0af6a6efcf1f610d836036a0a9c75bae5138b1d341c6e63aff4d0d7db2,train
5c4f79846ed787e1b58428a8a53e80ff72ea31b3f6d8e299f06f7069ddadcaf2,train
5c520593696906a088a67ce09e16f72ff51be69ef222eb25accb6d0f5d847344,val
5c626b97e743e95f85299a54584218301defc2c85bb4f08a62222968273368dd,test
5c62adfb625f12dfe6cf835846b46e130f9e74487aa67cf0934011a8f92578c4,train
5c6a2acc42d9d1e261436cd5833338beba6e0d00f90acb6bc0b4d50fd4282a62,val
5c8d1fa72155d809b045e77db1f2a4dffffeea758e2e80d229052e92d1712ef2,train
5c9454e114fd3035e77407942ef15aa86f7789da6ea2a5ed701a3b2a5006e063,train
5c94e94abc998af0abecf649ae24efdfacc16bc04fc97eac9612c88bb689ba87,train
5c9724b87989315d0cb9cf1b6a3fa3a21f25878130bd4080e6fc94b62fa4d922,train
5c981a8153eac2b8104c3e7bcbcb2e7ed264e89139f99ecbf3369d73cad67bec,train
5c9d4b1ae9c789e2bc4a0a454b5f9c118bfad051e12550dacb155f0e7fa43805,val
5cb1aeedb05098cb15f61a5dccbfc0edb179738a840de18be711475a689f7fe5,train
5cc31bf55b9c46cdb61ee1d16b35cd9941fc7f648d0b626f24faee3b889730f3,train
5cc5aefac167d0b573d191300b87136b65f6531a95a3d1c334ae552e17a00197,train
5cc78f69deaffee0ca31ef7a8685505403f615a6976c5d14877c03429239b686,test
5cd9b828caa27e0b0b8c91ea7deda96661d8f942c0a8ef4e61b46b4bd56d9e7a,train
5cdd86b8ce1834b03f01d916bd15c9ad9e77eb12e62a1a79969fdbfcab497769,train
5ce7d48f7113d1f5a894f45cd8c7abe9a6dce0e2eb6777b5f78bd32ec279c5cd,train
5ce84cac9c1384b3b14a7da8460447b315a67ea618d12a498912d0ef77c81b82,train
5ceb0a023ba1511673530f7b0bf5e096c318bbd26fce619351b1f5338381e0cc,train
5cff0096a6af40c44e33dfdbd0de3b5c5e78d93aa198537b6d6ce6fed0555ec3,train
5d02009726ab1ab5c05bb7bb838ac178e88502ff3a8445ca9c033fef6978f60b,train
5d040350e8736a9e415bfaf5f78bd19a4680e565e7e40fb94a8e99ba10ba9a7f,train
5d04bf7130b11ca3563d4598f4d929071c5159439f93fa8c40390ca701641ac7,train
5d05517753eb157b77b9a94ab924365fcc3b3d595c068ffbc20ce64a1ce4c061,train
5d0ee962a628f87c75afc14ae2e433d0a3011eb204ac2593a1c828c80a8734a4,train
5d0ef9ae35a271a914774bfb6446e69b730c7bc06fdc17b92832bf5bfec91fde,train
5d1ded032a57e29cdaaa0794f0a2232a21ff7589ed95758dd70160248f1eeda3,test
5d1e64c4a8546371d534e3d4cb8a16017989d95a5e03995830bad3eddd1953a4,train
5d21da4daf5a4985f98e9ddd5ea2bcc166777ab1bc81486addcaf20faa9bf336,train
5d27ba26a0a3c0532ea48b6803fe8f04b7892aa1fc3d35fbac4f9180a55f16cc,train
5d3863d8000d323f9c6b17b230774b9ab3e841392b9de5190486fc508a7f4798,val
5d39c15985dba9f55e0186b401fde130e510e1082f2c0a07b3dd94e705ea4920,train
5d3ee1fd38cb8eaa72698deff8ca344f0ea943977422f7622d5ac0c0b4a31a6e,train
5d43ccd7b4dd05056fdb8c5567de5071fa637fa6a2b7f6ebeaa9e3768afb640b,train
5d4459773f43e4ea9a9c1825c8afedb72af2913ca1c1e6b89659322d4c270d4b,train
5d460aab045a7702ec3ccd56bd4218a184f99a820cfc5ddbacd59b15872abbec,train
5d489cc3271ee83ab57c6bd7a88cf98b418aa8e18d26f7b26a88a85110af97cb,test
5d667f0df52d3c1cf5830feec69d23c18fda64d5414953fc1d04024cc1bb8b7c,train
5d67cf544a49b3bc0a4502f445aff0e49adcc9dfcb537124d739b422ae5727f4,train
5d9c101496a84391b155d5799d877eaf2b63f4166a157b82cbc06441f7ce933b,train
5dad5b6c4258f952d2c358deceff3327d1c63e6f77577b9559211daff82c9ddb,val
5db0e5306c9ba4c231bf87432a7e57a51fc3718ad3df11e2525f67a5feb74235,train
5dc508b2b09091f6b469e894c858f85f5d2295467dc4e301d0a5140e2e8fb2d4,train
5dd0e2aff83b9efde5b830dcca3504b80e135bf1b14812efa33617810aab443a,train
5dd4207675e4d95e6b4673d9bcad558b145f118e527dcfd57a3e809aa45d7eff,train
5dd66d026d64cf393dc1050f2653989ec4d4fb65b09e1176bae305b7d3b47e06,val
5df57fab975062a9db9dd9d8415f47384c4e54e153aaece9a2de06df5b97ccb0,train
5df5c3a158e297a23864770d8220afd079a0f4346b963b418d8a29b766b5fac3,train
5dfefe13ee493a29033036d17017f46a9dc25ef8078259ff599b8153608a065a,train
5e00ec90a4fa788e144d7bc87aada379af1355ad8bd4991679150746d299e2d7,train
5e0327fb9713334b419a69f3622678a5666340a73432716d87683dc3b344bde9,train
5e0faf03bcfabecec541c3ad59705c92d620e8f517695f05647e58c0c3090250,test
5e12e3fe55eaa8a969fc46eb3a0c6885ed92d378eed07e44c1cc1c3009a50997,test
5e1499e80221b4d977ef55dd2c2ba7426b292c97da93874c9c670a03b9555710,train
5e179732c1a9e14cb0f89a539528e5cc5612837b244776da8757210b83ca4ea6,test
5e1a19fb1762880b01c54daff72bce5c3283000e81a57bd9bb48b873549bd443,train
5e1b6edae51a0b2d4d5f57a6663ee1fe413ddedeea05b8d61e8c2aca7da87212,train
5e28c634328390270c84193c56cc83676d9d51705ef1c90126d28b7352399a32,train
5e33ae0813f616e5f02b4dcc5d82c09f62d15ce907cf39374615bcfef1a03abf,test
5e474ee960ed724cb6567e2389d8f774bf506f032352e1d4179338c1aecc9def,train
5e4db855b7ab2591adeea7e14d61a763a6200bf3b92821dda68cc6210be2796e,train
5e4f6d73bcbd679e89146d29075c1c0757fc3ff79e292d8692bdc201404636da,train
5e51ba642eaaa5024b730544deeebf8366332d491926419cac92407c88e5db83,train
5e54dda00942ee5428fa84936e4eb0a11fb71f2564cbb32029b2310454d50eab,test
5e5fe4415d76d9c054075b8c1854ef9d9e5ed4ff6b2af27aca19cf71522f9c1e,train
5e61d26e7c5a67bf72e4527f0922f711b7f9f6c4600b5519020c627beb32491c,val
5e62d631dc8a3f1cbc38403a0b1b3757f132ad0dd80cea3b1c99cef19ca9b4af,train
5e64310f161e6ce411358a207319965d72b0f04a03d1b8688d745791bdc41fec,train
5e705e353c412e8d3615f1c4f1d385969d758dc110a72c2e5ddb33a0f5611567,train
5e7c4949ded9c38b98ed0461def29246fbac7eeff29feee16cc5c185de674912,train
5e7ea8dbc11049c66da4d1debef91ca08c48416f8238d4a3c24f7a23d3b891ba,train
5e80160217d21e77384424720014436c93969b4e6ba1b182128fd7202a843790,test
5e8063c22feb34b91fd8701994956cf354abc9e7d81caee636e131718be7e1b9,train
5e8fff522f8db8922d8e88b1e76cc10b06f87aa93b8673a3d636c0bc95946eed,test
5e900d6ec7db9a9ddfe064a277ef53af7d733ef528e03644f5e0de83a399271f,train
5e98f366cb053a804b55ea39202f70689d2ab605ed1bee9ebe9f4a80b8d98539,train
5e9a249dc6071cf30d551d620526e070581ae911569e910d82577a9926938600,train
5eaf21420111f95b420f522d4f2ae1dfe74dc4dd582a4daead958133cb99485b,train
5eb35c39ecec19326946c2487c56e443d8dce94e401c12e23353c8272df7025c,train
5eb5ac053e89aeddc9d46ec655c4b09c8c82ca7fcbc3fa7252da87fa24a20b51,val
5ec2154a17653013b07016742779ed2498c329731ee696c2412a289b91a66077,train
5ec483b78847a2c29466faa38c59e7d8db4c83c4f42e486a4d45a4cc82492e23,train
5ecef499098ca459877cbc582303be9e6ff249929fa4942bc8c950b583d26d7f,train
5eeef1513697c3d65838fe2ab8f61278dd744f580e9faeef55176727797ea1a1,train
5f074c53be7cb02125d1238041244c5e62915e7fcd4388d672da5ba907af1c67,train
5f123e3af7e2fbd4b445d68600c67aa3c63170d9695ffce7da0299eaa29db245,train
5f1296ee9e7eed50cbcc3c63ea3ade89bd734889ad312ec70c6dc4feec1e0b33,train
5f1a4523305446cd6cdbc790939d4bf847ab4facfaf522dd0629532776007e7a,train
5f1b1f83cd3ed756f6308f3d0ebe0b4c6b2b7f6a92185c53744e3ef1d1ccd99b,train
5f2b0e957fa8b8eac5edde6c45f32cbd581f3a412bc038a0f62e812e9bd82419,train
5f3050f47fda5e9dfa7dfac2c30cf11b1cc9f12d3a2124c6766a09f189480d59,test
5f37bc6293e8bc9290e33aff18b5ee6fe233facf853066f970bb620ee8dc0fd8,train
5f3d3d7e5132268a35406c3f052e66e50df693b769582bb74766a6cc74a45caa,train
5f3ebe66a57db78ce8f9cd807a14a12e4e4c832e9d659c7d3d41d0972572edd9,train
5f3f8c5631016c8b79f23983bc23220bc4cf347fcb1211345f352ca846c85be2,train
5f42bb7d003fe2eebf7020c8c550a9fd2f4ad31ce016fffe992e02ca577117a6,test
5f438621d3e8e8e3ec63e52c81fc40f43a0e12e3cac571bc22196506b2dcf70f,train
5f49b941383171921a4f4d3eaac89f26a2877264d76216bee1807d8e601d62ab,test
5f4e94bf36213b8483881c2e9ca98ef1028cbef17f161b17cf79029756256c4b,train
5f5a86d6e3680b4b18904defb2a28dc3bfb310e796a00b49e94986c7a2ca756e,val
5f5e960b4daa47c24a25a3302e594361ba745125d8a341cf55d5f4d8db100a6c,test
5f72cca27ad2c6b69acedd92783b57895d6ef812cb08c718875219610dc54ff8,test
5f8619ef427a67dbe76229a7a938df693bfc8441e9bb2ad0e4f17cb975ac2810,train
5f86a3f0664aadee8faf8ecc1ca12d557226fff31a4483444e3f94d362a8a74e,train
5f8972ec48ca1159946fa5a20b10c9a9be9afd4e1350d20bcbc801fb7892ebd9,train
5f937bb5d87861ce0bd7f8958d7d289e9c907492fada9494230923d601858c20,train
5f94be624425d6ef8274cdb352718753ffe6b7c6920c9bd026c6b4dad73c00f1,train
5f97e0f5bb867fc272fe04f397d501f2b5b7d7fc6aaa5c969ba4203b5feade57,train
5fa48ff2e19c42cbc82f0e3939c7b9a80d088e5e5f9c25a38a54e25b13b223ae,test
5fb252cc3ed4e6b07f0efda60e461ea817c73dbd538451b8d4eaaf005476e423,test
5fb6adb5006289a058b8d4609f4d2ff2b82fcc3b04b3bc8abc68484896473b44,test
5fb6c06efa82683306a76dd0f6c101cf951387c4c6d83b575a09c6153d49f6c4,train
5fca2fefa960721711109316dc0bc6e7c6feb31bfedc2f608600e3e3654adee8,val
5fcc5db5b1b0d37df13f587f2d05a79368dde4ad2bda32b22e013dee3fe5b1c5,val
5fdd70e6f9832d0d8fc1fc16f6af25cd7ed980a641377dd5694064ecdc8c4806,train
5fdde31bd916b2d1524997468b0ab6a0c40eb7fad345c26ed2b54e4ef280dd99,val
5fde6f23436ec9f25e7178758702b633ad996365b12c24d4f69c52d7f6846cb2,train
5fe2f21f081b211c167273250cfd6c75e567e609217b435f9033ee133c575bae,train
5fef55e6f4ec4f3f9cc6ca245819c62e908aa60d20ff78d94b2ecbb1101b8495,test
5ff042b503a0eba2b059d50f3fbc49c1ff4890746bda1c28bd337a168b2bd5d7,train
5ff04b75fad1526bdca5475d9ab8e7749910bf5ac04b7de8e7d959cc73f3953a,val
600bb41f92d37d0a3fb52995c318e878432832990960230e4399b05c216f03ad,test
6021aa5746f232e5407b5770bfb281c3ce30b5190b97519c7998ee72f56f8844,train
6021f2b797dbab9115d757a87ed683bc639b32d4a7a3173278bf8eca7bc49497,val
6032abdb59600cb70ff19fbcc28d50b72f01acb757aa755db3ea5378e68863e1,val
603435c635ea2c0f679a49c9d3b42d6b3b8673bdad4ddce5d3b99a71ce673b89,test
60371808e376882f7dc47e7553fc7ec6b15a308a627abb22886bc35e7d930c68,train
603faeff1814cea7bfd8b2ff97d65c5cf3183c0fabe48b04da33118a08f30db7,train
605d96f452a30dee9f2b6138ade0c645f033aa4091f8019418aee272233670b6,test
60622b010046ebce906e2945f12d1d7a611ed62629814a6165a39a9ec4f2a8b6,train
606bc93a57cf7968c99838d5962b4b4cf5be7e742d70c62891f98d17d48a3067,test
606e61ed5e6ac0af92d71cb62076f5903021fbb39ae54e1014e545e3a30a11c5,train
6071527c56317d8f69ece33f59ec00e712a76a79cc56faa6c315cef20222e628,train
60742a21a4ea2f0e90b2dfe5bcfd66ffc4aa8c15d37219ad1a52be4bbd1e7f87,train
6077f301915d5b8d7a363a4a645ff43937be40c5496089ee777721f2fd8dc593,train
607e69b32a66303f1de8882848ab2ffd7b38340996dfa0423a82756b694a718b,test
6081011c2abb8c880de5db6e9039bf23d80b892fad86d180ce5f599e62322239,train
60823e3113eca380cbee7e67034476f68b6c2bff0f95fa8be20f89f2b6884e13,test
608ea662cea08e99f12ac5e27b45c53333e7fe2a794ab9aeca2e36f8f847da17,val
60b527eed479d929a44106578aad5942b344f271a9043e1f3048b1a6bc9dcf5b,train
60be0a289ad5d98979986753186f7ed13f709682596a6285219d533f76e3c69d,train
60c36e2902ed50e970ba079dac785beb3ba4877d46f6353fd1d05bbaa18f0699,train
60ca814eed5372f34b345a6cfae41b38bea6d1744de68c19b3d8ab257ca16b21,train
60dd0db9e0454c6cc388617032a3c78a18665ef1a515aaf0e49ade4df7655e71,train
60e6ee5c26683d994606214558ab18aa6499a684e700b7fa5584fdf9a1885187,train
60f408259beb992043123f347d0216a3e3f249eda51b7c7bded8cfd7a3085211,train
6115c5d8c9ee237ce52ca01a656383e6ddbba865becb926ef6bfd70e2a0055a7,test
61255d0e357f1bbbf62082a82728d3bada25691b00a908ea087320d4910119f6,test
61257e7db802e7aebe0e7d3a9139096a3b40adeccc4356b9613cdf8c96432130,train
6125b8e2e910152dd7492251145727dff40a17aa2f2846918fa5e5eacfabb77a,train
61444c6d18cf612561973dfe4d6811f6554e3a4b6f03193990cc1d194212b12b,test
614b53298faed297a7de77e718957339a727c7e42587ccad65c1d5f2f67bed6d,train
6152fbe2561eceed99ae92adc8986f9240a78bcd4940527d4ef0fc776041c03e,test
6164fe7a9afaa77d544a763409329119c5d4ebe71fd9f721da03e7964bcd3dfe,train
6167c0b50abcc4557d96fe8dbea7453cd50a84dfe129265ad65969600f86a2cd,test
616b9fa25eb2e6a4b3c4a49071939c3b1b48ade95efe72d3eee90d99b271c527,train
617c9fdbf975e62767ca1b59cd31691664cab9eea0cf6068134028ab922c3868,val
61944a7a1adc6ec55f0dc67f186a6feb9ea586bc0203b42805b688076106daf9,train
61a0b34cd541705dc73524ea9145936c21b554ce17be7c042bcfecd0019c127b,test
61aa8c627b0b1c70b479af97cecded0870112f5891f39ed30ac09986d420df86,train
61ad9cae0e011e3e65c19bf1fae9b02370cf0cdd1dee61e32ff6c62780be9986,val
61b0cdac7d2437035e32135cd2f0c121fdb1cf5481dd1c825fb3985658ff0713,train
61c9e398f9c97430f9f17e4e74b1d29d178b3341ef65970d84daa32cecebf5ac,train
61dfb943b29c4ce89f75064d34247d76401d1c2294aba4486fa07701a30393b8,train
61e1417c48b5738f8e8c2dd8c4dc54d0bc28558855c0ce26d95f7a7f2cc5ce96,train
61e2d18b1c04fac01b9bf358cec7c5916054a4554141439aa1f4f0346012a7d3,train
61e821fa65cf8cbd39487775caa19039dd44c3b3bd3ca5ce4604572010132d93,test
6207fb22f387d0904fce5287b35ea2742605efa2976995e530203abe4074be28,train
62095ff96aeb81b99a730806f22d163dc4312ffa0709f4b26276a6d460a81710,test
62136e22e6298b8f1ac33cd27b67cdc57d664fc7e05b89f50ffba0b47c3d5840,test
62168758b663d3ac8afe67c099b5a4bda2a165f48504e518db6b0b75784c44c0,test
621d5508aeffc06be3fd6b070283a424a3d4a43fb038139f53446da03203fc85,train
62287244947d737aa27fb4f12f8123c2ae9b6938b6e27ec9cefc8027b29a2ba9,train
62334702aecbbe9ba313d016f8f8072544114779c4b5aa6667644f80c6d23c29,train
624582690fc3ed107e3f258b9d63e4852faf770185dd24ea56891aaf7ebeea8c,train
6246e17e3c9bc201ee70a66b519ef6eec21cdede00961e036b71959e98775590,test
62590149c566779ebdd6eb17db42e2303bc06818760411a54f17970813a33cfb,val
625d93b89eb043fda0a6db7dadfe67066703a695dd8625f5b96197b04168ae96,train
6266a59cafa92d193325d703bcc1159b81f05851f7c41107e41a5eb62cf2f68f,test
626a3278e6164159c8b9da0c8c6ac66c74858760427638d810d23a237ab0c664,train
626c65895427b0d2e0bd8e2dc7e52d0507ad568ea7ca6c23cd90e797d9a49086,train
626ec8239083ed1e141dd388a83d34a0cb461b846a2e5a1c70d2bf1e4b5b67f1,train
62717512637b5662335485060b2219a98b9963e747365c89268ae12e14abd810,train
62783939c17674fdcc07f03e821f197ceeedf1088aa6ccd062f28d3ecb112d85,test
628022551c660e5127445ce4678d36accfd0fb1f16ea0e14f88566bc42f9b8aa,train
628fb0884d8d94db2f58974ff23164eb1de92ac07fa52d7cd025a150093ef750,test
6290332f33476243d118d9819e1ab08d50269293e021933f3e2255574f7343e8,train
62917e5d4a6243cec1f14f5d2b4dc718422523ee305ddc1ffdfe7a2d3e881340,train
62961da97bd8578e26e9565f74a8b49f1c007ed8254a9e9b3cea1ec1e1677b09,train
62a2de3c1c7bb55fe61573f288267dc35e86276bc530ce729cabacc6e6c53e68,train
62aa2df92a2c9078fdb520cdfca0c47b51cac0b0da4baabf33971d392008a306,test
62c02a5a8c22d73681566f894b937fcf9672034307b11106549a8b11270284a5,train
62c71b5f0bf181e8c88dee7c8ea8fd1ef0f67a439f31852a11dd941fc4ca253b,train
62cbf41ec797bf704b5fbf0690b500c248431a04dbfb65ccd064edbb302aff1d,train
62d2c0390c5af1a8228ef10c053161e042c3d4504438b0b1ad5916478e13a574,train
62da9f7ecbfe874e267f99efcf29500fb9c7f919ce3662ab479d207106564cbc,train
62e0c7b7b37f4dfc2ebe1a5e6488b71a22e1e1acf1f1929d65ebd6947625a69b,train
62e8c466ce55dcb914316aafb730af0d8b4faf0459e4dce8ed002b334b262d1a,train
62fc870cc6d47c80802a1a80c4e3b2c2d996e5bf0a4c3a592e4e7ebfec34115e,train
62fe8d780041062abc4ac31041c810cfb6f75981e6b97f18398beb963396f75a,test
63020b8d3e3c2eb220d348a6036c447d4afc688b2b2dfa8d13ea0c05b994a18f,test
63143737254b57e04e35ebdd3b1972779d7913db54b4fc97eefcef90ee6da3d9,train
63176359d5e752e5bcc811be20bbafe9af303f6a4f2f48aac993597df9c1e7c0,train
6317fe566180028eafd4a041262df93fff38a4ea5f4109a36b7ad06ca5a6e3e6,val
631c8b8efdfae5ae27dfca201a7b808a3c0b500990046280ae823540dbaf45f4,train
63261adb6908665a022406e09dbbfe1d24a6e0da9c1de0bf36bb9e49e95eaaf6,train
632d71d1e2271fc7666cd0e780703c02d6f52a469bc0f5fce389ff7f1f76f08c,train
6332170f92e6e9f17ace414a44d1679fd94881b768bcf6f9091da9ee2aeb76a6,train
6334d346667ed719564c49e8f63d414513c7e00dadf8b8b03eb15da847cb99c7,test
633bddfd6eececbe86e9a2836becd521ca863442a16eb36ee9a2e7e76bdf2b9a,test
634a9ab959505b67ce6a79b661cc3ab04d65bfb847c37ccdb20d64d463c32e82,train
6350fb570ae18bf49380af981603abf2a50cc2958bf174264683db496c34b09a,train
635142be71a3f3bb5d9a5a22160b2a3ec2c550c24a0c29a34b2a6602441f7fa4,test
6356f01fbbfe78ac47015bdd73df58a6c0d960a494e3b696b9808f9c2560940e,train
636690c1b992572f24ef66f96e7c71a9029970f55efd1c494a199a7641b30091,train
636f20aea23274ff4aa2f3b544e645ab0a072f8bab6fb61cdd9ad98cda6e17f7,train
63748fb43145801f144997b1243ff95b62af01608a46ab8b619d1baa7ccab4d4,train
637957369d804e9467478e50e48df7ae6080f1ddb605357e3504ec5c8c50aceb,test
637c1a3fb464f8860abc99a54087b9baf5d3a61c104998b14218ed322f0d4fc9,train
637c5a8f49fa5a82a364779af65de11f72d4cc20dba30caf604387c74f42df6d,val
638ef7ee635a0cb55d694bc748eb6aa50753e483bf504d7a5d9d605451324f27,train
638ffc1a9a8f370800540feeb3507b9e74a03484def3628e1b1a26ac2001df75,train
6390bc8e86bfcaca7218caa0058ceee4915be2731cf612e33825d40f93ecf5f5,train
63966859d81c4a4673ea77b908bed27897089977b2112cb988bcf35c72987441,val
639d1ab794b67636071f9d92c97f29cb612fbfb87b6c8ba9b73d85f51502cd06,test
639f723728dc58400b5a0fab57ce4d00308dea0526f51bd9c5740293cf306e70,train
63a241fdb22ce4574404ec6a6dd0852814a40455eaea2a6b7f54f510597243be,train
63a817b3a5676f3a249e90423fa0a4ad1df50dab59017b380e3e9cae8c532cf1,train
63b81058c8fbbefdf24c0c20c3c650cde05967f9f0e8f7c5351fb5eda3fb7235,test
63b83a6f1c35a25c38d0be8daa40ffa43373fec61038e1600fea1238e60edadf,val
63bb951e4eb1e724afe786b920ee890009d956930b22495c8fc0903a11c6205f,train
63c5f53a759f3c45f3fde9ca74029b0fe657787e3879162b146eccca6ceb84aa,train
63cf291443e1e8b23363fc0024998034b59a87660aae38828c583ccd2b86618f,train
63d0dc4f4ef3e35bb0e20b59145f7b30b740c5abb7b060acdbbe8a27dc61fe81,val
63db48b351f251d4ddb71d7cbe5e87e4196c4a59687bfac182ec8123fd148b01,train
63e214d17f9b80f66810544f6f69e1d0d1b12e8b0872b0827f40b137b1d95935,train
63e2f8c933447e81031f5f2c26b970ee833d71cb3ede1f482a36af2fcf2aa969,val
63f206bb938dcfc4903dccdbfecad87db56c2c7a759dfc6dc0264316502e15b3,train
63fb66aa115a6c2c63d89f30b4aef2f90c55a4a79f4fbfac0025db328c2f7ddd,train
6424377977839c3482d44adf5b065be6df1f173171a28e7d19faa172bb07d9c3,train
6425bb699918969988cf6b2a63fab74a1f8f631914d89cbfc2201b7f4bd959c3,train
642e4e8f7c216351847ab5b7663c385f163e6f2f2dc9a12b1290c08ef22c631c,train
64341f438bd35b0d65350fa55d24587b0139aeeeb8d1d2c28f91c3b51ce19759,train
6436c23278ac1c2db8879bd90b40c7d8b3435669e1bf379a4a7bcd0052039699,train
6442e697c110b25455576259772006ec62021e2b9c684a967401aeaab88c89d8,train
645c726ffab4ac512ea4ccdf9cc0b017bfb9a3ba5b4f6f4c997b140060eeba2d,train
6462f0f0882206ee6551255774ea2583faf94f7aba54c20f49b2553142dca204,train
6463d827dbb0c3ef3b2cf92dda5b46d821f4b1aaade3a4147f1395bd573001e5,train
6464a9475a3ab0d249008a43cdc21f39cb4551f2ee0ace1b76e27b7fa79048c7,test
646b248523e3ca09f334f49c5605c6a529a9efe1990adceccc6109b3e513cfc0,train
64747dc5c8e6e173b7949fbfcaa2161c8f5ab4416e97161e39d6923ea3d31963,test
647aa54a2bd9ca00ba6c3e549ee26a0c57c97a9721fb055f13c2611562f8c186,train
647e92e9397555f7510722bdf4cf010b11e4f7e47efc2c094ac261d8728b4278,train
6489389de7e58f0fc97c2cbcf5972dee70f7de9457fc9b601ac398882db74919,val
649318e1ba1f06f089a6810e7f651694ac301ef87e1c446808d8556717103185,train
64978cd268b881cfec673ada057e2d7fb14563aef6a616ed3a104622b2c336d9,train
64acefee61fd16909ad342fde2aa3f2d5527161a135cea03b97c3b33317a2f23,train
64b053de2cded5c8461bbf414241e4134983499e095404d851ef781a3d81a8f1,train
64e7c75fd79dade2c279c03cf23b116a9128065ebcc7767a672df0a0cb23f87f,train
64e99121c87d81fc239bcd9516e8bc3816de6779020cc31500a8601ea665663f,train
64ec9a797e47314548659cee2778c69fb5d8a3dc6d5250033cefeabd05fb9624,val
6501083c8d8a31912cab6dddb803fa7a5b5512c6ccd6d09a8d80ffa364fdd56c,train
6502156e246f11dbbd65fced2b9bf253c1afca376841a0936d1e811d60f01640,train
65048cd8691e6aebc7a3bde30218e997db906ca4897be9f894ff98bbadf5828a,train
650dde0e2f477431803006db6ef9062a449aa45fcec7b8c07f1491bf368b8cbd,test
651104afc1dd5ca57ff5a6d5ed18f7dd5baf21796a2d815c50019f81e1a3a620,test
65115789b7bba36e2e3294205c0319a7ca7e9c3ca66f4f967389e0c8bb172fa1,train
6519b7a08bf90a1653a79f0bd6e87c4a4ebfabee94fffc7540287420847e63c1,train
65547c035eece6158de6ed510b96e4af1d4b9dc19f2f1f6ed24dfa3b847ef9a1,test
655b328826c81b582d8765072f8ebe20af08154f6200ab39d304197791f50192,train
655e3f687015b3da8a02ee827cf4087932df42742a30740ec5cfa83d5f4228e1,train
65a1581e337d27efa0f44e6334d0727100c4ca5be606c57e033e666c8e0ef8e8,val
65a47b1feec2cebde887d4bb0a0a39b3c020d639e2bde7961a3764278f5f9135,train
65adfffea00d23fdf84e9767e5331797a968e763f28b56f90f397746b2af6a30,train
65bcdf2902d8ef22b63f927b136657a89e7e0d975d7b6dd04aa7f1743bf674f8,train
65c9a9cd56c9a68aac2f2d061b1a0e151151c312f4c6eb475ad20886739dfff9,train
65d762ad5cb097c39d0a01ac3d6e4ef9e642791be2e3bacb807d949fac30abbb,train
65e7ff885acfc731a63015bfa75d5ce34ce8ff173395d0d80266af86d652d624,val
65f06334fc30e4eeb6e85fd270aacfab1073b9296ea16987351efe3089406a83,train
65f112ac5bfee6e05d32102abb3c39ee98a13606c8cca871744d0ef084cdedab,train
65f11b2c8903b3446de7e5b0ef3b12e5472f94c87f7e53ce4be10d3c613b2187,test
65fa2927887916fc6d705cfa29710d2b8412a5ba479e56b66c762a4c8450ca21,val
65fcdb1feda1103abb9f09c40cb9e1b9374419ecb0991716d153effb070bf108,val
6601101410686cffbbb90f277416f8885353d89de5d9ef857c178a60859b51cb,train
6607eafdfbc25a3d92982320b6d986c4cc540672daa2f62fdf2c90f0421380ed,train
661653c94989800708fa24962cad9b9c15a52839831c2489263cce87a88befc5,train
661d43acba5457eb4033c154e19fd9999f76590f589d3795c287e8caef89397e,test
661e5ebf84fb11645bce6d1f173278866535086daaf8450a8ae5684e5cfb0a0c,test
661f19aee0c62f9ea74f2d8b69c208b6e891f75a0e8c3605509a84075427bc62,train
6623ca0d968782e3e6328e9d78f3214c476d7d06a38ed7add7cd9174a2ecc0d1,train
66346d4d8c86b436efe872f0dc159fb1efc186d585f22070eff21f4788dd4770,test
663a3988d559c052d68f64122fd3d885e520cf2c8e261dd4d7a121b69565d4ce,test
663ce56d22794709cb1a0ea5eedece74e4b5064802456cb80584b6b6bea32397,test
6641e56ba0375b7da6ea0fb7db658dd01ae9c9206521211979bccb492633fe77,test
66426ad9aaf764069f273b9e6c780887dcec3ddc1249457b5e4fbaea9beb8ba3,train
6652e7853fa36ada72b2da401194cba8e2633a1b09aeacc07c1134a95fd66848,test
665e717f5b119e8640b1a5b8cf61bae5e863079cad88446ab7b85a478de1b387,train
6661e4069aabcd058a99de2f9868d1827ad12c714f8990c94c30d55df856634b,train
66709d6957a0ce4de2a9215a33fb510eacb1a6bb067286195c2ec1c165bba30a,train
6674bbd32ef8f84c74303a04b2d762afa7b1305a7c6a0ae18c56c80b7029ebf6,train
669305f43420ecd25dad9d7e836782a6c769b83860b6ce0e9d1d3231f6cbc05f,train
6698157deb5dedcec44dbc52e4e364dd1750555bc0db4dfd2aab1792f1a518fd,train
669df1e26787d8bf37d378c51a46f705fa0cfd1ba0edadf01136eea5cb451317,test
66b1bc9fbd8a9a9d4a9f0b7f88c376097f4727a6aaa19c198b99b366cb0d743c,train
66bf8b82847aabc7bf90d01765e580960ba595897462f35fd49e57986b513f21,train
66c6f083951d5eb04e339b151b15e23a0fc2a2d63d514b3c5dfd31a756893cf5,train
66c713996fe89538bbf23a559836bef72a09c3518055b954ff92be03def095d6,train
66d60c5fc55167add59932ca223022f3ccebc98f52910cc5e2dfc99a3f128a52,train
66da0e0713885ea9260cb15a4eaac8945ad715800d85c8e2abdd4bdb6e58d42d,test
66da1cb5300a3477ffba7e4d9a06f401e189aa8c2c4a02e024a62b0e1b0dcd4e,test
66ea186c5348a293001a9fee9a153e80800e26948f77a0cac97da71b5fa0185b,train
66f263c8689dbb7b4392706a1376b1e3d3d9b27208acdbf874048de05adb8f73,val
6710d62a31d7ac12a0a2acec4e53996390209412a134cf525d750f0434f3edf8,val
6715ccb6e71417fb6d42561def9119bf31c7efe3035c4474c748e8c44335da4f,test
67173957b70a998ae5def316d07ee554c40b862b8b6aaec1be8809b5704ab862,train
6717549f02b7853be012bef450906f2ec287a8e86f0f5b2adfa591ec3697dec3,test
6721faabfdf1f3071cf9531fe3b35c413f96e0a101b2f55f5ccf2f7f5a9547d3,train
6726d16d02775060f871f4ff75fedc23b481e1af8f4a1dd84d4efe330e3bef92,test
674e6f71ba060b5c14ce025f10865a3fc779e1c82ddd8eb9c5046cb20e909a8b,train
675576e81eacd04f1b16dc3d79c091d3b81bdd389b3553cd551be4aad3605771,train
67578eb8e40878eaa150df09f13522bd9ee187ee3ad299a333c5f30b04d994fb,train
675d79c4bc26da3b09a23825fb492a01731a832b01eda594a11b0aa6027b98d7,test
675e3c93beda0da88b49ce36495ab2077f8fcb39c82dce9cc21d13b39fe26674,train
677824ebdfe63d2f073e75ef7ba39748a739595a7011b201d6ebc35437765ccc,train
67a1900a25989aca0d27f3f189bf95c929a31953d3d58d15a523280c95992bf9,train
67aa185d764ebf7072d9490942dc0ecebe1c06e588c00f42e51af034c33ad226,train
67ab198a66386c553ecbcb4e0c2ca0cbeba3c03b60ef6dbd8e879b2e47f69872,test
67b3ac59514a5bbe56540ef639f2aaa5a07a5ec5e78bfe881cd9a6f569566b34,train
67c131a5c537ea2407dc50c0e1313674f5c01bf561506abf2612bdbc20856726,train
67d27f4b50743bb924aef984765ee66df7994186b59fd1ed663eb68f1e505a96,test
67faaa9690127571efe799add3d6edadb055be97c04473a01c4f02d59aaaeadf,train
6807102daf980aeaf6ed9186b58b46e27ad6f96bbd230e3539607422435b739c,train
680ce20bd6bb4748e517f380cca56e82446b028029534d9799b3abd70cf3aeff,train
68123180b81a50cf4988d6cb2dda0325ebffb6a0c37d0f6e7cdd49441320a268,test
6830aee5f74c977423a058c0e631e7e5cd46f48afc77b10750693b5463f8cd8f,train
6830f06debc837ffa4fb4f25bbc158dcb1868757d798c39e46ab719fb1fd8099,test
6840608e05a236054fab5d5d4505fd06b76a0d2267480588a810b327582d7024,train
68448242d2bc3d6bf4de793e89da3f1599f17c0f10d977fcd0bb014befccae0e,train
684f84f81371ccddf21304a1d26b36d963a829145714da84afe11cf0fa4f3946,train
68537cf06979aafd9854455770789e7d289fe4abe86cdb999da9f4888408de90,train
6857cada41a7357fa1d3f3b45d88eb96fa5d0119b3441d356744a0d4605e9c72,train
685a0f4910c9ae25644252c295f857fd5dfd0c0f7d09fc6947ca654a418445ca,test
686b43fbeaf7a31761d810ad12aeba71bf53b12c5a96415d2f3f143b6d7eeb8f,train
686fa9197a6cd89029f9b4c9b138e47e8ec199084a331e03540f0b46b788655f,train
6876eaeb69a9c376a5b09a3383583110fadc199878f4b895f1cf36b19faf0f2e,train
6879fc3b4ccdba5c313e6f2cad2e907c9e59cdcabf77c11198446d50d77020ce,test
6885b4fc63af552238a66b1aa258e743d2cca9dada9adb86eecab368dbe5763d,train
68957678e0a85a8e1d92fdc027131626ca11155b8429ecdb205a629864a4dfe5,train
689a3d773c1d1537eb7a72a0b454f2cae31de8c7c8ec89e5c7bdfb8e77e5d061,train
68a14542dfd4808b524a8f25c091e233238e472f9b3e72cebabe76ff6a283cb1,test
68a7fa65cd1746d18c37d51be150120cea2aa0574acfc90464370f7768e76444,val
68cb0917cbb3df63676b5028177a180a8e465f19b817a7456f585c064e1b15ba,test
68cb98631a36cc12aa48c89bcb3909649ac60a61362c99735a029b09756619d7,train
68d63aecd5b9268da4473cd7b142e04e98b625bbeb6b54095da9a4041d9d281c,train
68dfc2713304d12ce9880118d3818f2575f12b5c80a26110fe045670477cf6d3,train
68e024b8045eaec1c23dfe3e0c38fd66c9a97fc35baf895b6fed5ae5b61bbae8,test
68ed415dfee28bf5f8e86d1702ca48b7b43c564eb634e2e9daa8871b5790e3dd,test
68f395f1b631a155eba815b9e41a19d2127eb9a4387e03da216f5ad9cababacf,test
68f75b59cac3c0f5b7ae20fced4085dc6efe70954d5ef664b7d05eba761b615d,train
690dd1cdb97857c37574578b2cfbbafda55a4afe0a1121034247fbb7477f5596,test
691dfb2f1da6bb490ec02fea523bb2693707b5a133c0b257dfa339c807f9d2b6,train
6920b20970295a7349c6148ef7326d60f9f99ae33b6398ecdeb197dd02d8ca39,train
69230a4308751778293847f82f11f71bec20cdbe51b64a9ca8c265cd8c3c4985,train
692624528cde483b2f823cace9086422764eeeebe5d41e89a40b4441f52e41cb,train
692f5ff330f08a9f075997e1fc52ff8e62a7740de2fc1c560d25372cf9c203ea,test
6935f866be590dfdf206f191a6fec62554b626f3c1d67ca1571de101237f78fd,train
6939ab22a6d8d64eaf69a7108bf8e2b79255e99b195f1d07ddc4c29b791eff60,train
6948aa36701d57aa204f540d123600912b7abfe10fb8cebcd4d801489617edf4,test
694ac7b8c59f148c749cda3bdd41c1ba75d7becda8204366e1a3440827080e02,train
694d68d052f36e0688683eedd3ae410f1f3a1b56b65370b06ed78e4b614b14b6,train
694f493531408900ebd22f5a2b5e7feb1867d803964394d91712b75f3959bd42,train
695896775bbed87d308a94dd0eb6b90588df4c14af16a00f0b60a49f023260d3,train
696697f9bd21ab5c96c540301e5e98f8f65c04b1ee1745c184e56341346f6381,test
6969d18caa52d033c78c8095581c4d0da1fe383dd73bbd2118e385857765b5e0,train
69708acf54f794804e4c55871744d988deba766b7018fca3777c2f35d982b24e,train
697208a1dc16244b9e73da48a020cfb6f571a47c14df2931bd2b483652adec0d,train
697921d9e6cd852aa8bddcdc936fef0fb27573bb1eb054885b11b764a4938b6a,train
697ec864122883b659cd2271633298f8150d2b3f9d925689861f4e1ed89cad0d,val
6988b081d36fb4766de76fe88ff1eccf1796839b1ae1be84aee7f5ad6b642f74,test
698c10a870bd33f40e6176fbf628e4b4192b5677c11c5e5e8057f79231dfd590,test
6992b6857a6bdb4b2366da5b377638654fb55c28045892198e999e17e27e1c2b,train
6995647dde60eb1c001100ffebd4e2a7fccf9408629b20d01cd84efc11af3f42,train
69a12152512e27e295bfbf91e6f2303f2c839a89799ed8468786e08008b850d3,train
69a3f399ef84a48c2effc8c679a86b975ee7ba4606424f436b503a2bdc87ac04,test
69a4b9d0ba06c35a54fa00f7dfecc817c1db847feccf9536a74dfa9e8d4d7e85,train
69a883778dd3a89529b9e1edc4279049aa6f3ac9c17185cb3430d0e6ac7b3c04,train
69adac366d927607cbc6ecdc641551d0cf4e0aa9a1ae4b9eeeefe5fd1615de8f,train
69af53addaa9ed43ea0d620c55c1fe37b6cfeecc967287f918e65fecb6b68075,train
69b1b293912f78686fcc2621fb23baa6f96cfd3f9d2fd026cc9c26df211b9cef,test
69c6d490baa18b60a8ecaecd5ac3664ada1c24511506eb62123fdf7fca91c8e2,test
69cee4c583f71d9e2062c478fa9c02755b83ed383bae3e4804153cfa08380136,test
69fd0f94e46d26b5558253f378e6b76bb9a3a1a341bf684f1308cf288fe0323e,train
6a069f946044628ce9c3754b451d88436bead907a00255a18083a067c016fdf0,train
6a0bd19261c567d5b0a1f511068420d5a4907fa96782ff51f7010a892b13a4c2,train
6a0ca16958d1450c59cba4ba7df1dd1d04a57ccc1856ccf78dc10c6d0a303c29,train
6a0d3dd95c5574209f92d412e8a60a61f71d6c21ebed8dba98bcd68fa055ddd2,val
6a113089807c9b05f5897048c0cb378965a697c463b52b68a8da0a1e23b824e4,train
6a19f89e5e826729a85e0003db1133c2d8a56a54d7c5359279fe6ff79fd34dfe,test
6a206ae993aa3f4b8abf213b85539f67b35efbf30cb694c77cdc08c5325a95e0,train
6a31aade81d5a849b94bf453833217ae355aec6a8d7f6c9685c4bd9a056e12df,train
6a332782f84869c7be39b437c53c8e3b7448c8cc6332a6507af284cf6a6f71bc,train
6a4f2ae9a528162fe9df972a5d1f82a68e699a737d1c662ed34c395fdbb5f7e1,train
6a57868456e754950796b8d7812f276d81db89c42f6b28d157f65daaade4e891,val
6a659b1426f991132bd470019bf4f669bd5c0e62a1d5f57fd47766d55886e2c2,test
6a65eca03c21accf587894614c7708dfad0dc2a5eacd65e165e23045fc71cf04,test
6a6a5a61714c2fb5ca23a06b2a46629e958663ffa198c7331e9cb85e7adb28ee,test
6a6b90108015be39d5b4668512e3debefb33af8bd0c50843afbeb473299e931b,train
6a6f4bc01da2427284eb028c27c7bad61db69b8e948d3ab7d80d41a85b0d997a,test
6a7193691089922d413f56848423a294130607d7fbe728dfe5e940671fbb58b1,val
6a85644b5bf423ef7cdfacceda5d92484fc5cd9ca099bb08aee7fb89c4be2e9d,train
6a880ac212416ed9931cd3196eeda7929153bbb075fc57dc77de5d785d7ad969,val
6a8ab48f9b7f88cf3a3bd7412f278f7d71dc26692c6d5994087292f09e460099,train
6a8e6a8cbe84b3cea226d5c28b716823a696bed5f8a21c5c5472dfc9b505dfbd,train
6a99d50db839bd6bac4cfdd7a5fcb8043349c2ec17a65a98b261eaf59b7027c4,val
6a9ba5afadce30f43b90e60c39e2f2efcd29180ac38a24122aff31e3ffa5afe8,train
6a9edb2ce7d249b68522406c1703c89b50d9bf0466facfe17b99096896139f13,train
6aa31550dfbe43328b2aac1a0f6c48f7324ef8c22c614e3e87ab2fa78ee93786,test
6aae8f545c8104398faf6a86c31a96500dd9f5d995f9656f91b8350553224ef0,train
6ab7d5067cabfb5025e9b013ff143abf9469e4f05f117133c23e53cfa2d45594,train
6ae5d04834e9f0ca34ee5b0d902140fd2a7a5d8746113b5f8161350b7dc98cf0,test
6aebb9847f4bbd6399ef1e5f2a0a831d3d8ece713a4f3f531b031dc39dc5ecaf,train
6af5080129759d239676fd3c037d521c65830cbda214dd3bbb9593affbfb876e,train
6b0c90bf9c1c26e30da137642f3781ba60e2abfd358ff59d525adb1ca84575a8,test
6b0db0e713628303c8cbb6b6414efb3d73cc1e49525f8116831caccb4482a7cd,train
6b14b6101705d41e056bb536a53ed3ffaddb797507f07a71720fe90837479a92,train
6b18edc7d4bebc7bfaf9958cf2717f64d31bb144bc1049c7a6a3a4fdce732f3c,val
6b24491ea4b778c28be62372bc4965d8c2d1cf4260748a443c7b18ebf40820b2,train
6b35c30612f593820d135c34b7c9c62ef012ee91d81ed7860540ac8009f8be2b,train
6b46242dd87742f459cfdc74b8099c71f67429b4aa80130213c553e233771437,val
6b46a5ec2a736dab520ea79f3e4c29194c873e6d1879aac561ecdca987600dbb,test
6b60490c93f2235720bda9f82a40d918a5cdab78f7f94eb7738aec5dd8cbfcdc,train
6b60ed031e5abf9d369b118f442b3fbcb70351c44ba268f940d15b8b01f0c3be,train
6b663d51ec07cebd82916b70729864ce4dbad78023a8687c178cb81f8e4dce94,train
6b787ba445b8778bd9399014f145947a9352e3739fa6b4e03da877740ce477c7,train
6b8ea022408aae484f2dc94bd0e8dc5392a9beb06ff71513a65fae256ee25406,train
6b9ecc47492faf6d4f95d740668204d6afc333914a2f0f48be8a9695ac779d7a,train
6ba1ecd214349839987806fcf3c8f57971a053bb9131b3ab8d41f533813678db,train
6bc0c26e3363c228b67bb3afbb87ea8d7f54a1456cea1b8ae111ff30e2ffd9d7,train
6bc7d2102b07abbcf5fd6ed29624d1254f83b7bad8886ffbc3c30f738d08d366,train
6bd7aaa966b0ad7d1404311f32f526abe90aac949ac376e18474d35be993ec64,train
6bdf3abc25a50a439e4ab02b0294692d12eb1cdce1aee74faf51260ffceca51e,train
6bdf958a23cc5a1b32a52e1fe4cd4cf62f0645dfefdbbeaceae141ddad74574f,train
6bee2e7697de0703f0608231ee0d21983e6a129afe40116fc88ee8f2efd6cf34,test
6bf0cdba6605709ab1c593ccf69e3f94831d8e6b3bda049959a05a128ff44f96,train
6bface1a528372975d92233cd28119111292c2817c77368c2f51f026e64f299e,train
6bfbcc02e4c8bcf96afa1db7180a3bc6b13cb4836b2dd5170818eef56b469942,train
6c1111b83451e0362d2118dc7c7110d293ccc6d3fce7fc419de67b6a2c9c461b,train
6c1ab0572c19d592945fcb8d6bd48844362afaec32200ea5721d64c928b046e7,train
6c1bde34772a9dde8e3721e51713827d59ccd660125e602cdad7a153e7f11f79,train
6c2011a7738610f35cfbdc45ce44de0015dffd7a28f0767dfd73504354ba091b,train
6c283b03d06ce2440d895c9e2302c59470a8000b4413d1ee33aaeb4511787236,train
6c455be67812478f99f67c9bd1b06294f0d99fc826fc87dff2057aa80b2c3dd9,train
6c46906403f4ad9135685c016c6576756e397b91fec3066062fb6151ee3be72c,train
6c48645246a0efb02ff569d75a87d3e2448e5b064e1de7c99b2028f0fe968b52,train
6c4f3eb02bbc11d3a18d16508f6d1d29e2346a2c54e88c5e9dd9d9cf150652f4,train
6c5245f8059c627dd1eb1f93e469a15f2376d36ee7c710501cf0e8fd1e44f913,test
6c54bdd159406982fd83bee7b14e8ab2e8ef3e5ea37c2839827f4256e6c57ce1,train
6c58e69456522c1db7fd3c87eec7651a9444b1e91f3e4bab3f150f677447625a,train
6c5953b4fb650ae92e354f1c9ba7ddc1172a142fb006e94b58870e7ad23b99e1,train
6c6897329d5a32f8e8df162d8ac6d151cdbe5b980a96a8b37633e78d0bcca89a,train
6c6c0984cb27126f3b446f369b827950939e510799553b4a6ab9f223e5c0fe83,train
6c71a3b41da1ff7b18df838df5f7504f6f11335bf58393aca58b52ff01469afd,train
6c79a27d72af1f8499fda77dc7c12513023f103b3adfe41ca8289a8f8ba75737,train
6c7b186b061ae4da42c7092b648cffbbd07711f8a3b6ae8266bd09d39d0b4a35,train
6c9491026aae9f6375221817a4da25a63368affecd72db08d13278088de1939f,train
6ca16f1e6e4f0c50905226c1256ec92eb43f6bd3d008972b63981d91c9fe12e0,train
6ca83e68c9cc64cff08ac6c7873c844502c8afba4e3a43bddcb4896a40ff6676,train
6ca971e09f490437d0498a23f4429ab659856cb4d81daaf5dc600c37e325d2aa,train
6cb33382ba9441f8e1bfbeba3ec16e5a80430c7baa71eeeacd1f636c727f0724,train
6ccbef1b534ee9028ddc0f5625a5bc8f8a27be222dfecac3fde2d8434599d8a7,train
6cd0719ab051fd709b82c835ac9dadc9f1a51380d18024c6ed6967db3bf6cdb0,test
6cd4ec653f6be4ae1929d2da65b73b8177fd41ad16b1d14ddaf7c807597e32ff,train
6cdeb1c45045eebeebed25d47f8a6e284dd5778a2cb83dd04256cf5aa70abe07,train
6ce7a7e8942debf7ffbb1ff9311d808990b7991b8a36ba7081692a946ec22d94,test
6cf551a374ab3de79216af2ed0d6306d7150ada821d4df5d0730d9ab3af849c0,train
6cfe2de0b4166d0320d2884966f76baf0b6b490f985869f382a8faaf5319e235,test
6d01f81c1475a1f482579e628325d2037ec3f336f2a80e3be5e9d7d3181bd3fd,test
6d0959c208d4938eb34d64e54f25b76d242fccc66d9862844216ffb81ef14991,train
6d0faf2b28555de1267c0e2501bf36196b7bdc958460a9a1e952c95648614e85,train
6d18d2d5957ced087071a3d58cf67e35f62a795f098e887e452327c7ac92fca0,val
6d1cb94d12b37a4e6718b0db8ac9e1f8d82b557a22c93f701e22f09b385df060,train
6d1d7ac9d643f22c4d5f1c0da64087dfb6d2461d4ac06ac8fbc262ab811e3cf1,train
6d1dec6b8cd32ff7fa7029b92a71042f82976cb48797795abb481a9248e762de,train
6d26836867a046aad7fcd157a74d42cc802974d3487596a96f843f1944e55edb,train
6d2c65c8d77dd5423caf85c6844113e0c244ba6ce978222b85fb1f35c621b773,train
6d2d1c681513f79e982239e4c267cd5b51f152193c73ca0803da19fb3dec445a,train
6d31378649ea067ec00e91b777d063eca640597aca5c7bdb50c80d3728e11571,train
6d47654e09ff42c24b55467da5a32c15e1770164c16c6931f77de191638bbc36,val
6d61df5a7a1c42b081fa3c4a4440cb3ba4ab5824b8803efff61df0e0d4482566,train
6d6cb69efe5540f382ec03ceda0a86502b1fe02d9002131fb9193ec553385f5c,train
6d6d9458ce1c588f230471a470c406a901ddedbfcab9f76b980dd771bf8561d7,train
6d712abcce0955dd9e2a251bff89801c0fd398ab68ea154ec7a3c99798664e5c,train
6d76c1fc662f26fe88b6d4432a77480274886bd48c79f0f1f766653293ccc536,train
6d77791de45b2b6a4d44c0bd3c05bc49cc8e7c04d66c6df406e29be7cc890e0b,train
6d835e9d13119d2fea8df2ac159f8895275a92cc3849819d8535a0ec3d583df4,train
6d8cc3495abe9c608d408482ca087d0a76bc736cadb821000465932063383928,train
6d9c51272e844eaee6f8d5911f759e350847a883e82ecb026681e9f71a2970b0,train
6dabe54afc2742dd8988e7208b2268c1c3dc5add40914c09aef95005be1862e7,val
6db386cd5257f6c23d08d021c72e2d69957c309b155cae9f4d6aafdca86bf748,train
6db641dfe12218a8f65b7ffed8e3e209d25ca1d6665147a2a3a71d92c238530f,train
6dc29505c4c91b12ca302d7cf1aadcbdd156fbd80d1ac45c88d59aa4d64dd00d,train
6dc7265ce33dae0d68076f205690c32926b42ffb6ad97d1e143a8f611eca231a,val
6dc9b7ad14be29a87ec2610c1de937327838af174c3d9bc411cdbc58093d8be4,train
6dcc6aa16b1a4a626e8ca6803605253da9ff365fc54bd1cb143deb0366afaf6c,val
6dcf08f03fa73a226820d13520401e8cb6cd31fa0b06aab80ea23ee24cc00ce9,train
6dcfa307889514d5b825b11f05155f3546d2048f21c27a6d70d2606a5942f81c,train
6de644ba21fccc4f95dc7e0a433c3928c5d9f5a9df04e6339aedaf6ddea98d58,test
6deb1f647c27f0e309c650b807b13236f5285a81db0de5cfc0b1c72029be432f,test
6deb920f24e504bdab07bb81a2b81aebc5e5cf2da991ebb70c2f4457a91ed72e,train
6dec643d57ac5046544a50d17ff70235d42d3d7b71dedeee98e1710e84f369f9,val
6dedf516b887edbbb6c25557dec88d4869239ed4f72af1c2e499cbb53afe4ff8,train
6df6d13b79e6a68a5a072df62905d98d74ecacc20e8a3b55d351c9db4c8876e5,train
6df866a83d9510be24e20c0a42336cca06234ba0a8bd7eb887f1c70650367764,train
6dfe98c92469a10dd4704958ab4b4dbc5d5e677da34c2c3fdd07cbaaa3a70e34,train
6e0e8c95ce9de883a74c8fe18bf71a9a558c8f754926d83ba486757a12f9fb9e,train
6e12b1b28baba1aacf09132677bfd2a66590b4ca3d6383d5c21e1c7a0cae7298,train
6e294397fd9a5b38083b34cbcf0ad52c4b99b0c5af71a53228c30872e25a0bc7,train
6e2a122fcce9894cfbb8e35063796b6e97059ee88310b89f052999019cbdcf7c,train
6e38293ea7508d912e4f379eafc7d37bdfded539328946d14e8973ee0ec1dbad,train
6e465118eca4e29aa4824fc2239a8558d0a6282b67fa84bb1606ff147045a78c,train
6e4e2116ec51cff66cd518b7b14a7cfbdbeb38f03f7c69b00a6940152d5cc64b,train
6e56faa3a61a778091564c0847dba7af7cf185b4ce3a99a3a4ba3d1e5923a0c6,val
6e6a9b0679a8827f9b084eff4bbed51c469a399196a2e1e36e6d1ee0b222602b,train
6e7166830efe45128a9bdfab836d8de22e7e0bfcfa400b1f8d937408b7c99b13,train
6e784e99c83124e9ee543537e6b6ac22b24ebae289ee9f7f59deca337cb8ecce,train
6e7b9e2328625dd978a1c1cdc8d509c70a0b2cddf1250a60a3f2272874f1f6cc,train
6e834a988a89c60d4588de6dfcec1fce6087719ddfb26aa7f11518dfa7afeef8,test
6e8ac84898c8cae1294a87fb4ef8da99adeb5177cfa59f823bd8a78e4e7f394b,train
6e8c5688d963c4a6542aa62f3a6ab6d0ffb93844d8b402f526d8dd35689b5087,train
6e9de6655c0e802442da1ffa358c2bdc4f56a774c7eefd9cd8b3043aed657457,train
6ea27bc947e9dc3947c6efeb071bd0195c4903f784b55c3545b086ed8a049e13,val
6eac18e6e37a9af5f08e1e1879cf8a974a61e9e4e5474fa7915f459cd21445c7,train
6eb6ae7f9279f994faff908f218c3e16d43ddad8350b7eda07adc40380cd6e81,test
6eb758189a6b0cef57ef69e07bf601e21fca0fff598c028f5dd30e0f3f9f7308,train
6eb9d514620444991103b343fe09e7b42f0a8e5d77fbe371294076d85f16d7b2,train
6ec2170bfdafdcb8d91ef3c6851ce9ec5b48909b4ace2be3e207be7585d05cda,train
6ec733d0823fbb991d12a9205cb3b1d4228b401a87ef26ff5de8ee8aace487f7,train
6ed7100866a40d3ef856c14b39728eeb4817f8bd980717d68d295d94069cb852,train
6eec366b1c04ecd0ab9ee18b70b5a89b502300c126957d86dbf940f1aabf6366,train
6ef07f6e3f419cd5985d8690f1fa7e266804cbea4be20355a1c896a434c4214c,train
6ef1c68b0a0fd5f4984f67adcab11380a3f17660259b41ef4230236c3d793d92,train
6ef503f12fe320f3e94b5edaa1984f2c7f35cc44a584faccf945ddda0e2e7c6a,train
6f0310f0fac70fb514605fe896bf762432587b84636829ffdaf6b4374aa3a51d,train
6f04c0ab43337df1d83afd01d47263bdd3ef0d5e0008178a705e1192d377167b,train
6f04dbec9fe2ca0bfecdf002b9a46fecdee6ba5d95377694258bae31ca833c3e,val
6f0dcd7ee8bf87bb4dfb1921a70bd38fd691d7066e07c05f713a16046c7ad647,train
6f0f1d3adc46bbe150664185843ce4a89214966675185ea290de616183b0d164,train
6f1742cbd9f5e1ee0456449821af32db3503c5b629d56911d83acc726386f529,test
6f2a759aff0fdc8f9d3c32f17dd2f4a205d7725f099a2d1eb44cc122b295711b,train
6f3715e66aa6496ecc506117f89a8b83a9f0a78f3cdd374b8cf93d426cdc9f95,train
6f3723cc598cb5df74c463b50ca131a2f3287eebaf4940e082fdead402f7b45c,test
6f37def26324398b3d1b421adb284203f50a5d517c1527c7ddb5ba63544a9b66,train
6f452e57b0c30641c2c9aa28ca7c3f94aeddcc6263a64b15ded87e4fc06cbe1a,train
6f640c7652d5f6c0a4cba30cd1b218cf564efdc4e5ec11fe98b7fe0d5e34fc05,train
6f752c110c1a4f7f3d84975162c9207c9bfd1c6fa4b7356ba50289e022dc3b64,test
6f77ee83d8828a9d8f1783134808d7e8d1b061a69d366864862c013240b87091,train
6f79561202fe171f6cb31a65a4e9be53a79fe5cd70d2c0185022573e11af3ac2,train
6f9acb36c982a776f593b7f9a9e3c494bb0433b9052f24bdf76d590d394150a4,train
6fa9442a3c8e741469e80db1b4b9517e079b103fe47960bb4b7fb6ba76d42abd,train
6fb17c35f0b843354cf7aa1a8f324ea2cb551ed3d316c18331be79fb3a9aa695,train
6fb3ce6a32b7eda35659b65e0b8cc43c42b8df84b014d1953cc4b23f09900f20,train
6fb81d2822bb4f6c263e6cd556f1c85d65172a3ff70d225bff754d164349857d,train
6fbe1a135306cdc405331905b589dc5264f8736f0233c31f6e5732957c702ef0,train
6fc13bbd8f97ac4ef8df8624f510ae0ddebd53d8d26e15b7a6ce2d263ddcb128,train
6fc493c58c2cb5a69e7a4272bb0bb54216d8dd81ba9fa4d3ccae38e95cc9cc3e,train
6fc7084581d62cd14710c949855baba2ce7050417b0269e4a7210e59e4840346,val
6fd2b10e4ff99decf21284b7fe556f0ff413e506042b9aa762a72224d5a0ca2a,train
6fd986fc1ba25969b8df08fdb97782d525c13fc1af7685d695a44115c8fcade5,test
6fe7cae32c9aedfc04d8b527d039a51d5282f8e81bfe5f867f5e5896504dd6b2,test
6fea57ce9d953d4ccf5cbce116d1651a373be0ec7787fc837f22122d127a015c,train
6fee417f2b20c1bbb4aac0b565641d8fbe1363ae3f1cb839dd5390de44d32055,test
6ff081cb9052f1b4c48c2d58e25fd5a9e4e9d68887710c5cb9dc3ce360bb1107,train
6ff98fdc506dafcb21f76a724542e913224d3840414a639fcaa7d816b37b8fc8,train
6ffa14ae1a39ca621056211f609e336f11646437fca6116eab1090693eb394cb,train
6ffbd1383a892da74ac4f7b78dbb63f7d0c504a4cca474dd5f5c7bb475575f4c,train
6ffe762fa2c52943f2c3bea7a54742c7e0acda484475987384fd35941211be23,train
7002ddb2acf421a68950fb0b7360149189571b54842b7c50e366c590257aa5c6,train
700663c39e825ca24ab2ee96b85a95c6c254b0309ab7bb069384646b13530f49,train
7009027858d98397cbe60d1b7faad373b0d9571c8648d92132537978489cecf6,test
7015837505297b552080e4533b08c21bb8a3dbf86c11ef4a4d532728d6414541,train
7022dbeae47d146b341c6512f56bbbf9a7431b5442383012bfdc7c83859be1b2,train
702482ce4dbb3004f88343242885bf21fdaa51cb5d8966cf2f7ee5b828886244,train
7024c920be9cbc88e3f4e550d3eabfa82fea2b9daa1037ea8ced5cab48fd6f7f,train
702cb135895e6c28469a77d95a3aa19cf46a63ceebd818e45426f6a0557da02c,train
702daa01e61903dab5ec2b88816bc2779607cee0d84b146d857273728060d7e6,train
703d4ebd0d23bb3b270eb1c9401c77027b7dd3d5ba585cb289d48e11eb4941f4,train
7044289c103a4f969997bb47e3c16204a3685e1c8ffdbd2a02f4745ac3bb4491,test
7049390ffaf4aa2d73ebd84d28eeab0b05ddb52bb8c10ecb19c940eaf2ef1f4b,train
70620a8b96794d6e3bf7744d51d9d0059ecb94ceae32c67d4c28ffbf5d9bfa29,train
7062f837c7d224ff51f73ad1b627fd242b94cb706c8316e64ad040583010e93f,train
706b7a5bfcfc4b8d834be09c8190b7155856f5f8a627fddc61ddba56b3f93fa8,train
70821be608240d85fa9572f9bf1a570a859ef3b27cb5c6776d71f02a01952169,train
7089d87390711fd6558115fe2560e47eedb1e741193284147940e208dd32890d,train
708ea3d0a7570eac8b696d1c67aed8b71c484f66e4a629d8d92bd9048c2b163d,train
708fa713d50e58806db555e3b4809bc0e355a50b79667708511f8e46151dc996,test
7098d84cb0c7356e1c21a7c24ed640771725769012f276841f3a8b095c38cd7a,val
709fdd8ec00a36150c3ce5f3771223a04dbbf6623d242fc8646413ee7ae07c03,val
70a8862c63c2a7066748442b46984e51cb78570eeeb97e5fee4e98db4994580d,train
70ba8549a37a6c6f97cce6dd5e2dca86c45b85d59bdce6d93a45c6459900b5a0,train
70c094cccfa89af3a1300e560fc9998f620ca563adb864b00b0e7afc5b15bff5,test
70c7bb27c836a173c3e14e5ea72ff2f0817b685683db789ef283712c74fe09f3,train
70cdb7a51696abd42a987c2f9e314732fd796c4b6e2f85236a1de7d9a1cf5aa2,train
70d09bb2fe33954f3f861a1d3948df00f1545a7ec6a0aea2498167263f89c863,val
70d465f3a14dca37e381c87c469331ac8d236970b3f563bb967da9f40641df2f,train
70db4574ca13988b9b43709d5df14cace1ecb76a3eaa42971c1b0eeda754547e,train
70facf89f1f815c92ba04fe2814e0c152903653e1569c7a2a0d7100f2cd769c8,train
70fed8282be9bc6a75bf562b1886692a882ad8cc2e392d69d7283adf09524a92,train
710a27ff57dd95a3fe21efb3f7ce28c620c209675d3048f985239bcc8275e54b,test
710c97c8e2c5637e6244d899fa7cb25d68fcbe7f36a6500e5bf9aedaa4ef6bb2,train
710eff1a7dc604a1cfbae4f789239931ab718412a1ea2463d969ab97d4f014b4,train
711166249f1841fe0eb7ee5d5f83839d0587e9d7e029c82b32e7e7307866d486,train
7111ad3e40fcd9c378a72583df8836a337e9bf2d788cd538f5990e06ed1cde83,train
712358ae4e423d631c3a970f444d0ec3d9b1a1bfb687a2f4b60b19eed52d5cac,test
71245df251bd8df0df23f0843f8d5e8841302b081e04a6414bd00ce9a8fa6ea0,train
712757ba01de252fcc2e05e14e6b8b6bb92084219a1839cbaa5898acf850bfa0,val
712a39ae4d335fb6f17f49a9e1d2bb1c3fc7736079b6233638d9eb496d77944c,train
712c7f59cc9d60933f33029550816adabc133632885845b891d3ebd9061f1322,train
712d8b851d190697f11de80a27daed5ac3c9dfa499cd6f687d0c44e6e109b2f1,train
712ea1b7646206434a6a6ff1de522d0f7ce696084479b3bcf2d5610971773617,train
712f5f1db97c8b8600b59d0514ba4cca36b01427d885776e53024197deaa5429,train
713acdcf2f79f921cde70ed0064cc4c8443b71e56c70516a5dab40fb9d0654e7,train
714181df360271b20d1bf35b543d2bfe035df5a92746bad92bba5a4b3752cb75,train
715459b895aa75ef55e6d743aceb55b4ceb94aad8ec825c589c2334a539c7d0c,val
715745e69cacda109b6324d274844357f1e27f947fd286ec91ca354845692530,train
71577ed32529ae062d3bcf22f08b84293d04e1a1ac4951e8aebc9fc59d0adad0,val
71694434fa80b74ed80ffaa0c6b2695c42ae09ecc319a33359b055aec65c6d26,train
71711e9cbfc1e47cc9146fbcb82882c5b8f9125a7b4f258e24728e9c8c6a27bf,test
71773b697943453f6ab7911a42191585b13be5148fd7916735893a0dd47b31e5,train
71805e07cc412266a7a7144258e9359d01114a6faa111b00b3cfaa3f0ef825fe,train
718960b4eb9bd09c62b16c0a62b0d66c55ad03044f5072b4fd23823937aaa76d,train
7192238b98b50a8ad6cd10d40cdb104b7546ea11336684faa32813c965b02f31,train
7195c4bf2bf491238c26773ee1c3b101375a382731614f4bc6eb6e3ea9d59cad,train
71ade376751335f75257312963003796f24812374d227676f90c6c6705f1a802,train
71c6167f28fa0cd8eeba003a03a85a3cb416d1b273734eea13f153c5dc059b07,test
71c686a6ca8909c6daae0e5fe7d0105090a4e20583712e8ed42fbe7cd510003f,train
71c6d3244dfbf6a859649955cebbb58758a9cabd0662b99dca6e19ce12037d11,train
71d08155846486a54a4e8fce604b07a8d78d4416783b71758a200efbe3d92729,train
71d5d4c6b59dd5b30d8a29891d3198c69bb66cfb9341616732043bad1070f5ef,train
71d6e2bd70a3e36c4e5e2f77e2a9f0e4a59ca4e92b17cf8ae2e9683882dc8b71,train
71d97b15d6f732609fc04550a1fbe56b5bb9566e576f45464dd992a118d66d59,train
71dab082f1ba675eaed59254fb2e16376cb5eeb98380c9a3350e6ef9da81f213,train
71e0784d52f12564f7ad0063371d1c81117fcc779463c44dbc97e07a547a4b18,train
71e1340a0ef4d7efee64c529c23b8bd64ce6bb8a700a2096d773d9ca2ab25b51,train
71ef687f8264de2742c32974d3a04fadbb6f232c4a11fdf540112e95cb77ff34,test
71f303bdf9a02da946d4cfb34a831bdb3a5c3a29d42e30496dc29325dd719cab,test
71f40d812a8a5023179b6247a1624b7994c5efe704a8218977bb31b4f56b9708,train
71fa5017b2a0cef60539ce1cc0d06e4f74a0941053b3d67f359843c27489cc4e,train
71fb889f0c8d364c830da71e9079bcfdf7b86bcbfb673195e8cf2aee52eec65d,train
720a7066bec7a834c9809f92d5b6855467966308f0db2d2c5e37e38cd3d76879,train
720e611cc470820428f8ad999612c15eb3009ba16568180a21f4d139f3387fa1,train
7216b893185b1fc58917171715483d70078a004b6e8e4c123423beace88a589c,train
722cd85bbecb60329ec65236b95bd60922245b509ac5562376a67477c7298013,train
722e029447798b1f90f6d942634c9432fdbcc68056c88a3b4256539084ce259a,train
723512e81e50d996dacd76d3bd580498bbb50cf4053b6bfa21e52f3f06f8cc9b,test
725248f6e9961a023cd48cbca4848ace803b894b67caffdd1fe47725b3ce5d32,train
72573edffb9a461d30735ba59946bbcae4adc29efff329cefd663e3ca5931e20,val
7258a9656c202fb52c7a30cfabc096a972665f0410c50a6b1a3528b5791d1f0c,train
725ad37cb2b5f100dec6724bb6a113716f1009eaf2c427ee346f92fc94c6afa1,test
725b32c8916b87f8d2f3355ef4c9bb445e0555c61d8056d17572415a497b95fa,train
725bb84272b9779e53d1a4e680b5696fc3a150f3eed8b434a2d33dc7c10942b5,train
7262a2ffc35a7a7bf05cb1321c19a141a5165f859daed8af8bfe74e091549640,test
72690828c2471c0a3ff99570ef6ca0e227166c563b8fc97e5ba7131677c78832,train
72795a85961f98359f1f74fb2b9f9a6420b1e7b8ea9a7c547fc90c252f3df197,train
728150d53d933c126823a2375bc385b25c0fbe3e57cf012387416fe6c4731156,train
72851d00b1deb1ade4971160c8844fd866dd7f2c6495bfe60c56ee4555b107e4,train
728b0b711ae5a4c943776d3d93dbb1a92d46150c666245278c94074d9da80277,train
728b4fe4cc17ad3f4d4a357231222868a493140f0da8d047035bbe8ae60b41f3,train
729803489f1f7a3b9ec58716b0ec12098f3abb6767b31a9703e2001ff5de2a7b,train
72a3d342ecc8db3b8209c70a3ede0f8e8532d5d3d5e7bf68d10c95f8ae98a0b7,val
72a74682b5620857d78b5605ef5346f32c98cc8edc659560c64ee9bd906b914c,train
72a7614c0cce47e1b2d022cd7546e61846e52db5f8316105a65bac6d610ecace,train
72b4ecc0053913f2c06c6c40d5645c46169c20d08adfeb49a8e34e185ce8f8e4,train
72bb79ebbdbdf72444231bc9078b0c59ece849ee7f5f44b769ee72bc6b4bd8df,test
72c1de84906027e527ce7c5906024fee6b1225849e8158f81e2384f6e9f11b27,train
72d15c2aa1dd35cbb0d17297f8e2eb34689d0f299a21dae4330eea86c6c9396a,train
72d6d30a82aa922852de7d67daefac9f755879c32a19d9930c5639ecd794adc1,train
72d80369002b4705622d7a30b2d863f677161e409141d3eec6402142785fddf6,train
72d85b6ac5fbe27aabb2fc80736699fe736c985f3c80b440b0ed91e386ce49c4,val
72ed0873b678a196992d85af1a791e7f59966d707168b42a81fa0594ad4aa8ad,train
72f561fdbb48f58e292410e353dafd094e505c5469c60a2e2496c7edbbb26c21,test
72fc7f4a24483dcf166d6feaa350b035b40d4fd87e763d3b9bf61882b524cea3,train
7300c31f27ce6d1bf7b519c80b0dfeee5fbd8bece514e664b9c94728a5115bf8,train
7308bc719bc3a4fafea16afd7b02eaec4fe2b3b744358fa5e412ea55e79643fb,train
730bf93876e22442c1a00be28e3afbb5ac237d89f41fdf84be13e811d49e6537,train
730fb8e392edd03ec40298f274e703cff3db4eec6a71374f6a691cb63df994ff,train
7310fe1b9d29f26d3e7e01f76f713cce8597f2890935d991c2b346a97c1183e3,train
7315e1b003e730c872f9feced01e64307e1f90d0432f891fb37db13eee531c8b,val
731922698bb2ded6ecde415911e61a5431cb107d65e8c30d4ab35735a2d9b36e,train
73224f3bf0f93db7796838c1d690169013f879d7f30f69ff29ea82eb182fc0a6,test
7325867d9c31fddf6767e440e94ca402d1bd560363f630c1e85900ca15553c83,test
7328154dfe9ed0fb5145b01c81ac21d0a0d5d65169085fa958455b491fe45a3a,train
732bd2eaf652a989955ebf1201f9f82b1fe2bbccad4931d4598fd98202041bfc,test
7334ee6c3e1f4c130a7c053f001734c53b2d42612c052a247403f1d7811684f3,train
734984a70cfc9057106a7bce9f2926f8232dc3b2429e1619e51ea678e9445e5b,train
734b6e1e0067472fe05f953b8538af6ec0ef8bf3a145774dab4cdc60eeffce77,train
73528071906005b8be86184c424f3498cea498756cf817a760a6864a07dea469,train
735639eda03618ea18ef1a626795beda7c724b474dd4a6e740934a5b7db61fab,train
73581523b5e060ffc1b77d4ca6a4da90e624c7fe0cf7cc7fe018f13dbeb12371,val
735fe5051e26ff3ed48a762cd5caa072969b4804515ef6e9dff18fa1d7c065f0,val
7364ba3f6fb9a964ded09c65ace48d2f1a8e0a79ed8964f23784e4a4f8a50f62,val
7364baebbc5af8e0cfe23811a53be986d23eef6636343ea78991e0bf638a371c,test
736e90e7eb6ef318bd2eb8e928a0dcaf8835de974e9ec1cb6b5ffd001e050f7c,test
7377fb508e0fce9a43fdadf38bad6541c54e3ec22044f8dcf132dfc4c55ded80,train
737e87586f33456d22723f711bae4d75e78965031f0560ef03c2072149400962,train
737f6cff9fb8dac46e4bb8ceec0c2ea0553e1dfe32e90c341f8324ecb43d5010,train
7384fecf4b22d7dca0aa64acd1fba20a4ca78f5928726b7322109a4288940541,test
73875af9dfc36dd8e0539b5f9c251e3fa3e240cbd667c9ec00d9bfcad37de3b8,train
73888971727987b0e6262a7680f0f7e5373b73d9fa6a9ef0210df5a269a72dea,train
7398282fdfd6781d5ec19318f05bd28befa9226d361152e6e8c1b5b20853427d,train
739ce9642cb1677c90de82373dbc7fa98daa28ac67e16ca1ea4b0d4f15857a22,val
73a37a35887de610b8fa6f60cb2cbc085e9c55acae2bf9c7cb21bae22dc8641d,val
73aa3525797f46d087bd611de403f1ce96bd14c873a0194d0aac88557682f5a3,train
73ae39d514ea9788fa1f9e906eb7f3870afcfc042a8884b63b11167954e48e5d,train
73b08457f1bd626fd9f9d1cf70dc4916c5ecbb9543b0bc9df77f7b8324da04fb,train
73bebf49e0a6966628c0d3d5bd2bcb1b2388b73454f00c1809f495b116596346,train
73c5dec6a3d9710e1088ef2c4f36425baead23f78cb387723a66d01aaf84c865,test
73cdd1b1e94f329d857ba79cf83e05fb2fcfe1afa31100191830ce8ea5578c6e,test
73d7e5fc4b856040d570995416f9e00600ff6603aebba8d5cba1b450d3066adc,val
73db138c8129c4d8fea9a174e42e9b861734b2a2228401317cf70845475c4e46,train
73e21d339e80cb6a3a87e206ee9ca3c9ac24863e1acad20ce09c053fd2c9067d,train
73f22251aa0256b8623d22f5065dccd76c1983e7f4c74f37936776a3a996dfee,train
73fe38473ca7516b06c920eae6b6613e66a7161d9f6c11deb60f56c751b4b29b,train
7402cce793c159f5526dac522edf2463f9d709868ff9019f73bfab043c5c288d,train
7407522a175d1c9d11802718ed5d1bc520b4a5951ffff5c03bfa57c279d30977,train
742c7198320949dd582ff26eafb63e1e9ad40c191b480dff542716c1d8f20894,test
742e174305d58795c3b7ef3bc8ad8427c837ceae847c8aa4388a3d0c88db0628,val
742f3f1cd5feb90abd4b20f8df02dd16df668db6fc821191d9471f6567ecde4c,train
743abd6c6ef7fe8c73f47b3763e1367279c999496d3442959c425fca9dbe7f66,train
74588f3340524e9dd384552cb360a49a770fcc5d347e540eccf10d192cdae7bf,val
746975023423981994424cc9bbfaebda93caad18ba26ed25e48b3b08e5712009,train
746e2933cf0722d5dc584ec95497b042d053cfefdb13cf15357f6fe9ac63dbae,train
7474b53d0e3e78c4d3bb8bbebd325d6578db2d2eed7177b99209466801dfb6dd,train
748f5c22f7b364203e2e8406579efa9a0dbc7217bae6b911b3fb0873d353c71b,val
74949eb470d8edf88aea8c4f32261facdcf100cab5a74da5e04888cd7c209645,train
749c918fce51610f97f4c5e53f8ccf484d48300a402f9c2116dbb9f562c2a78a,val
749e2c8f06354fd42aa58bea42b9c3523dab23dc98de998959315d4883ca9eb8,train
74a4c3ac7e0048be1d56eb4961feb0881457c783f620a29408e80f31ed2d2a1a,test
74a9df532687842b862d3518de50e81091dbbb94f38e493ed4dbda6a0d31cc37,train
74ab8f36fed7f0ff8882f8067f77a24d76c4368b66e20e78d4ef565b93cce08f,train
74b0f3408a58b71b77ac1595178833b87254c91762e55412c173b4bb1e21dd83,train
74c4f6a5f31931a87f85d1cf69ac015a52d735dda02fe7b164de364e62a26fc9,train
74cbb95bfac38f6db4ed7cdd6af0d065f778c570f8f070ba4c75a0ab76e7753a,train
74cecbbf0af08a22d2dfbb173f6f10c0a286bd3fa41acd57d36b3509daf86486,train
74d7c0df70ff7316622342a32657adabd1eeb946965abf31a3c7e0a2e9d6787b,train
74de3cecd38803c886dd94e60a4d4dd5ee3c35e9e311c28db8c5e7bcdfdbbc83,train
74e6d3d9084c268b1a54d83317e107d8583efc84cf0a0d9ccd7027a8d14e2777,train
74eb511f437dd14cf02e92a3d91bb77b78f94738c7354b478f1c4e0f8017600d,train
74f881301019af0783ebd6c69351183091e628bcbbd54f9e8385d9348c339042,train
7503e39be759bb7fd70203db6f5a2542320b91b612942229d221b9c635b26e9c,train
750728ccb16896a912764e1ea5df5550b4fc0c41c9ad691541e9e92ebd0df957,train
750b14296015baa745f0740d49fa740b619cb4280258f121d216c6f04c89d3ab,train
75175872f8cb02416d9d59c3219d5dc090493f11df86867e96047f63dd3726a2,val
751831fee562b745b5cabeeaaf8db9db27b2a0d776c8db7503acab4e77d74e1d,train
751922b59c4a07f774be471bbc4f505b2ed78b03c71766fc121e0569e5d5027f,test
75303bb4fb1f7d609c52105199057f5357cdce7d1b0c84c530fd8624a04d58f9,train
7531c5f2699dd19972ee0861562c2b6a81347efc1a7cc13b1af22ec58ea85de6,val
7534fd41ad0b50c8549ee70303168008b3bbbdf3c1f9f29cb75b5260a202ccaf,train
753c3484b142460a46e963f8a5558396c01078f1a37045921fc72a7abd479bdd,test
753c59136a06365b4ae994fee7395f746291a5d9ceb554cb69aa2e5c17749096,test
753dcd47d6d6675be8015debb1a6fd9a44f55f05f01f82288cb48b54ed73455e,train
753ed5b9eb3e1fc00ffd40ba84dd7dd9fce2d73e2b4a4d96d41cbfbfc4c04743,test
754423ccdaff51f9670c5ae5ce16c3b8aad7d2a3b1ab0b8aa3d2b896087f25c5,train
754706cf6573e0f9bddb37d6d377faac1fad710f784657f8cc55e049955120af,train
754d833b6043b5edc8575bce367be7efebeab9992115593ccf238e4e70d50021,train
754e0248c07fa3e526341e9b49aa7d89b9ceef79ac2c0c24d18882f13bfc1629,train
754e3cf84ea2fcc52774a174a786ccffbe0a8429d020707d85ee7f1ca6f3473f,test
75752a8e68e2565434baa72e65db3015ccfd73dedb9ca2f2f59e361ea2790c89,train
7577130489a15540e852a08f6dc31492d5fe84d8e779b27b41d5705878817af6,train
757e40acce121de52cd070547bd1dbaa988d6b06b58f14b53d10631b9dd88afe,train
75843d42006e88a090a8c3e5c922ca4c1f35e999d5cc21f9470aba461dc0bf62,train
758968bceb6f4866bf9ae5af7a3dcc5add71149e324f639f9718a47a2b471306,train
759cddd1a1656470fe90ae9f5262d7198b56c3300987272e1432878c597e73bb,train
759e88b436f8727fdb883a5e1f989657abd9d62274dfea13d392a017f29ed008,val
759f2d34798917626076b2acf566c14b82959d673d1b23c19717fe9c956db3cc,train
759f858952cb861c939c38b83645d7a8ecc68de6c5cc1f602146f8556308f79e,test
75ad5c052f3c7cbd51a075e8e8dc84ca29849c10b3541f197f09461674b189bc,train
75cb3f0df6d8d3b9534d52832e39e4b505f6f842b1e4be462fd9aca1f48d5e4a,train
75d0c0d35a1575bc9d4b06da5ddc5468e0c32fb0e481aa18a68dd4d6b1c7eb92,test
75d511448c6f0ecf24dfcb31b3d416ae4e5bdb124fd268e5cf94cdcf3195f648,train
75d77050df2736408865cc32f854cb13afee0f74b562aca6da07dc41cf03638a,train
75e5902074484dfe68c73d3b0180af963dabbbfdd8f969b857adae1f4fff2f65,train
75e7c7f65fb21622ea1b8d4b1f9a5c50a78fc9047cf9d55f88551b068d8613d3,train
75f1df8e072b46c9e700d672a891cdc9936f188118f8af96360f2164705c6301,train
7600fbf073794cab3e71c40e338b4a3d514cc764a42db5011083454e235a127d,test
760a17b94f8ebece523790fc2c9a9824b651548383100dc74bd93b6f3e350d50,train
761e65dd16c60a5988f65bd63987a3e3a79eb09baef05409f3bad16b3216eac5,train
762283fbf8608d0182940b611d76678591c38069f6a7d01fb1695ad697017e21,train
7625dc3c57d9443da34318001ad7f6085804af0cb972250fee7135bccfd000c9,val
7629c7f4a8ccdf7b46395394d05a336f5fc3936732d60ec9f603152e5a99b5d6,train
762ca6bc74f53615a5392ea1f0df4c4b148c3eac228e5597270a1308fa308ed5,train
7630d5d8cd8d57b1ca01c7f94bec6697c834c31f28b53334b69338f6fb344b42,val
763c183b1e8ce85c8755ff4860e35839379670283e96d589eb0ca9012a98926e,train
763c772d46f6a26effb60e6692048629a3c596c64bdfc63f0089f081ff9f3392,train
7641027d83f6dd0662807542e5309c2b5c4cb3a99c060f3a3d42bf5d753a0588,train
7644ddb48a87d92f1e950a36b2abf2f9d72d274301e304963af26597f9143fe9,train
7660240cd89c7933bdc754f603b240f5770fe8f762397d520944d0c20cf9babe,train
76633f8b54fc8ec9183d5b6abda83ff2030bc1b15e2312a393abe1b85f8a840c,test
76681868b7c8900fbc2dbed16a57341bdb9cbbe87385d75963429287abfaa817,train
766d2fc1f6fca1ade9b446524b370332583f2b4738691752f112ca993bb8f8fb,train
767121b15fe07c59b8b7de288c2415a9183d9a67a505b4aa43896f4067aa5ade,train
76779611530fc744e9b0514b8f54edd1338a8f31bbcf6606d4e98a0500bfe378,train
7680a436ea658c48252e876b5bf38a3854c96c511f22f4e54e782c5441431154,test
7682dcac09e41a79dfa1ddb8ba33148ec64456e7f5248283a05189d8d1159115,train
7688d66f9d456aec70d31ea2a3688a26e3b5b29824fbe5749bd023315744e6ba,train
768b153b8bf757a83731f5d11b911131690b20ed053037d5cb1de325124e8686,train
76a41cc91d217e8486701a470d063b912d384e1798c1ec1de52e5ad473a53230,test
76b04f0757ecfc7b056970e3e4a4f7cc26b5ef618208f0f2742aeef03cc96950,test
76b2791602983bc61271d4070355358bb9dee319d7175e1bba98ce3b0abfed2a,train
76b54f1b6f170e3501f47e9e0f77ce51d3313843d7e9716a551a6d291c0fce7a,train
76b89c9975f562cb8f4aeb3ae70601b2c949dd929a787101d63819112f09eb76,val
76c3536b2127c607103f7a26d00261fc021d20f6cf55f6e6253295f34f2e3e1b,test
76c65e3f2b8d9ef23af8dcf08e4a10b74c3d639ff3e51d3db4e18f3f7a56a8bb,test
76c81b67bc379db7ccb6ea4c9830ef229096d99298b37d1c80f84df3a5b765c8,train
76cd2ceb7e643a3b3bdd751c8288afcb363f225cb2f83689860823902b26106e,test
76ce680fb0f271fcfc0b5579e88f4304c270e8abf133de7e66ae152a4e88e5c6,train
76e5fabbbf7084e39822c9010bd403e375b53661e08c5448de8d443f19d8ea82,train
76efdca56d4910a9b38c044028b98ef68f96178c31009678a0524a7c027b8a66,train
770af9a93858e0310636cc1d12e2ce2bdacb59a00be39ca47f7f209f825b8a9b,train
770e37c1fdf802458820475b417940fc6e916b95dc45a2f50fe3ad8ef21a18f0,train
771502d4f9ba8aa8914dc6015b87081c579700fb2f4cf7fa7cb7d54a154ea474,train
773d1a7f43c06a93a58f48553e7405126278001a1f0517d1ac40864b514e7785,train
7744b70c8626e90cb54f993e3cd50ffdc0444a5f85d7720932d0661b294b7129,train
7769375b6b53bfb0540dbee2caadaf81b06e83d6f43f5a4f4c8ff9ba1f1f026f,train
77725fb0dbfd01255f8f7b662051c7f34d6d5afb41f08d5df3a8507c4b59658b,train
777b0c34a501aee4539ea444c83a2777d4dddcc9af48c3f551e66d53e2664948,train
777df0da5af2a313f8996db527eadcc16fef47bef4d993a651a116ec1051ee9e,val
778176d7741dfd3b376b17d6ea3a523158101fa0a7d80166d8d2a2ba499c207e,train
7781b29af18864f450ea9b45cff393e2616168e9f5958c33a458262698a3c19f,train
7794159e87962c91bd05ef13877ef4307ea91385952f96f18b139d0c8f6f70f2,test
7794d6e2c6787eb32bb221805cb7e79a7ad0c34ef0193b00cd75bd38be6fa00a,train
7798dafd6b5cfed3368c2e658e1769f0d8461d143d40b5f7fa919f966770ea6f,train
779e919b6059132aee08c7de6d0901d9a602164b78279f141cb694b72aae1227,train
77a2cd196e21bb03691283ce4912f446fc96a19a44685b709ef04dc7e5be36e0,test
77a7229ff32b093681acf5a883f61cd556d04a70c996bcd40a8d8c48a274eb78,train
77bb22929dc579613ac0a473e69cda8534eaa822db19e22dc1a7818b44bde233,train
77c296b6f15ad9fb6233ef5a11bf1bb87e6253449b371dbcb6e2155d57f60d02,train
77c46eb0bc1f44098e5a363f5d5c2343d90df0bcb65b32eefde4312aad182d7e,train
77d279146f37b3e61dc50ce7219a041f8fbb3d02b5ece41509fdc5657ad12030,train
77d2d8034c19708206568d6095f4785ce8faf1749f0315bf49f244c2c0b3682f,test
77d43654bdbeab13c62ef485208b383fd05a9e5ea7e80571b0a7a2a0fa29626b,val
77d5535ddfb21d318d8555ab20dd64e363b5e918643fa773e7401d6b16a4f2c0,test
77e5cdb02fe8f5869c53e47ff85831d5c8c9cabafa44cd055e99d52eccf842f0,train
77f0e32c5eea8db9cde0d09d7f41a6cb82a7bd5d2aa8dc75e0ffbe5114e2711a,test
77f9dd1473db5114b1240f1650215bd987dcb785351f0057c58ed70be8fbade0,train
77fe7634b179a6e07c109d925c93c6c4b74254bf537fc80d1827da7f14294a67,train
7802711feb43d8d1ac2740affcbe5a6a94d59fa3f80f1d02c7e52c4fc71636a2,train
78032882045ce5eea2d04165b30159b14dee6cfbc6309088a98053712cb184c9,train
78064e4bc7a032e331c8cb3eb322a191ad0f3f85e3ef4ddbfc10fe9f926a1a69,train
780bae5b431cfe80e4d1d6f861614dd3f441ecc7d80b17d0e78b36cfa1918075,train
780f9f0dcaf642f814f1d05555f5749fc155e167f1c66df0ab2b2b239361f881,train
781c6c5c5f534610304c561df1a6afd453ab948dca06b0b33c09eb06575c9fd2,train
78364a0cb7e0e04cb1f77254f1870420094b51b099f537047b3602d98485176b,train
78369d0e6f80b35951e1ee05504c998aa1f27dc1af7e81b8a1a7bcc8eb6d6297,train
783a96ea91aa517879e0ae330882dd54eb13ba65439bd40827eac99eb2f5b0e4,train
783b8207c75f4c2c20fba505248b258cad68f87964118189c085c95bb251bfaa,train
783ec84b98fbf198256940aae2eff0cfb5e6f3409623babbf3e09ede3bb36737,train
784842d39d3e25909cc9fe059cef9008589217ab42b74c14b74bf399380d15c9,train
784fd7ca15582d4fad8a1a9024e541da151856563205bd3139577e577e8cf4ff,train
78626eddc26803d0140d3b8b4a50d8a3e6fb463e7acdee9e141335db70377fbe,train
7867c0c489370aeae9879c279c9a324153bcde75281eb61d6a69053fd89eaf8d,train
7875d83485c9d942cd89d2f4bf643ef2f20ead9fea0dcde2d26f772d8d1e8567,test
78761cebf13e2de01e5e308860d50486191203b2310e61d048feaa9bdc188ee3,train
787bab177bfe7c53e1e229615bcdb30d70482b8d20e22b2e38cda99aa1c0d65b,train
78803eac4a48b26738b3ee57a36b0577cb64739bb3417dcd4ced4c4eb56d1a7f,val
788422a86512125832efdaf4b8c8f5399496befc729c5fd3501f4052a686f46f,train
7884a35a1d9ea5e3cbe8d286f80769551254ca9c5ccce2e88a675ce437d24682,train
788664c53fa4c0aa8667b9653910e80dbba77717d3a7615e2c1226c9b061d7b0,train
78869b15a71f961ba882f63e3166b7a6340f1dc15cd58623241902f7c5a8ad74,val
7887f1333c8b2dbe6b243d633309d3e28e26b7248fff3ecedae8c88cdffffc95,train
788e9773309e88346e51cc4f4db19d3613c80c8be34650cd4e697ca96b20e2e4,train
7893bc043658a2cbe57b15a192f28ca8e7c6738c5fc301ae0b27857f1a37d29f,train
78995df39398b82270a90b1f4afa08a23fd2b0bdd705e5179f7c9dc5f767913b,train
78a90aa5cd64fcf79f94acbc9a5b65714e852edfbf75a8c5865a00b3372c3516,train
78a9f411a6924b7c46be591db8536447ffb628931b17c36c0177cdd3d155d612,val
78b110990d6e0322427bb5a9b1610b7e00897c623f91fe2ecebe67e9d0ba5439,train
78b244ac9eefbc0f65e1ef22334a803dd30b77aeefefed3013213b9d4ddffd0f,val
78b6c8d7c81fe089712bd781ab9693b8e2bab37821c1cc9cd87461e6949b9a60,train
78b7934cd1b2763ee4254d89afa27cdd94b3d35e82d5ddd8806418995600c904,train
78bdfb6fabf45174b44eb17fe701474b8fb6ab286cae31cf98f29212b071f55f,train
78d9b4fed9082660c2c5dd3c49278c991fa630305e99b2cf13b361653dde0953,train
78dd07bb741cf75948866d198d0162f0b3b9a6d349a5114dd45e9172d4ff8ab6,train
78dedbeab0889a80bead13386b5e2eb464de02047cac40ecc403e46826c3d5b2,train
78e8159d0842cf2c9c364490532ecbd800e7edc411a2e57c4c6e32c75fe2ee23,val
78f100fcfcaa7f5b7934cac6e770c249054b26175613903c876aa1ffd9b8aa79,train
78f317f839b1065d6c8c0e9152d4d1979e85618664da5c6c15a3556d7370a7ad,train
78f3ce77b11ad51558965ebb2cf0ff75e5aa8230b1c8695ce4e8927c5c0c56ef,test
78fdeffe6d376657fd7d4db7766c3686cb025439969be8135e2a7e378e1ec485,train
790ed47b268bac589afc641de6f1793a3db154a8ee9c87ff0f90cd2eb8540a45,test
793301cfd2bdbfe643adff60439eba9d5d82f01709370cc6f4364d04bad4e7f4,train
793770e51bd0392bd785fa6bba42fd5ee102b8fcf4fbb33818d077e2dec53eba,test
793afd5860ad73162d90585352db8dc00a2715fbbb923b23d1754e52a5fffbf6,train
79487d73dc40f5d6f2cc8467f0888c0395a6c310e8dd201a5b8f15a95f25d850,train
794c348753b6e0e538cb0ef2d19c77309a29137eeed2936ed0d816e5feb56b15,train
794dcec81db7a2811fe36836d129c6be666f2988c2d2fccddaf56d00c3f74417,test
795382216ea3bf5746ac151c6e766b4270ca6ae5a0fa7574c95d0f55ee028cfb,train
796119a784853c51e80b89ab3d1aa6ec53aec1c9d175b740d40e65f06987790d,train
796cc29ee47011a4af695f79c31ea152f298a76ddaa528bd234098570ca50c76,train
7974992ee42033c684c9a9f938cbc211feefe141fa587c69d745ef7c83061749,val
7989260e4bbdf09485847fb4f54cc592eb12d8111002430284dcf669ce4be5b2,train
799334a703d6f2ebf1fa6f787274f07b75f28a2cf319e9e5fda168eb8a4229f1,train
79983968c25ff941c599bbc49a77b3ac95d845842b27ed4233a8063197c34467,val
799a76dd33fbe111836a45f7486d90c0d9b16b36739b82c2aa385032e3866a3b,val
799c096954d1567359c70484445cbb91e15a69509598736b1b154ee2299171f8,test
799e75a66ee5cd1f8590d92e20afbc9df8ce7dcda464b1eb40349bade682e623,train
799ed8920b1c45fe90568564ddad6705f35d822cff42c10a881f4e06944892c0,train
79a939a6af03624992fb768944f77394c14fbc314fd5e49382b69452d0e67a15,train
79b24b2a3797f74f81e81452c943ce3db7eb859e27641c27f943fbd5c9345677,train
79b266fc10bc9001addfc1dd18eb537fa7ae46d15ffba9a3582262345ee487d2,train
79b27713357b7c424bce0be411392da0433190b7b3d02fa2f53136f1ccf7f5b4,val
79b584ab4a66f20391e2fd66b2a5721c0496b3e7ea20b533bafbfca402752cc2,train
79bcc5d9c7877321b7c43b813bd012a0d1e8530d70a8a84dbace9d4cc948478c,test
79c7b1c0b758f4d11666af9452a5e3adeee25309ede75b8a846bb937f3941601,train
79e1d9d41d7a55f8b25a4a858fb382b337b3054020d1207b4b052ca83ce0cee1,train
79e2d524cfdf78129791c3f595fd15f27c8694435d8db11db7551d5c7637b041,test
79e8435876421558c6081b5744a84dd730f69943298d0a91ac16433a6c81bb39,test
79f680a440b8c823f99f5547475917ea3c9a84fd0d3cb179548fc520c0a9d819,val
79f95bb1e8132097c7ebb948fe5fb549dd579288d35f46566dc67c5360816d1b,train
7a0cb487d096492325b153d45c3cea1481f0f0e13ddf38211b50e8fdc71891ec,train
7a0cf4b3b2295a8e5873b99ed734add11b36010c5e743f3021105b5ff721cc71,train
7a0db1653becdf5f13434764da306f9dda3372f78f751e5c14904150d100b87c,val
7a140915c18dca0d3bc1a6ff68c1878857a547b64e8185e213b8ee0f2541e89b,train
7a18a07894db78ec554c665dc824c70f775789af49fc99b96b223e9e145b5d98,test
7a1fad14d0794da9109f246addd98850b3366cf806336c99a1f043ce4e91bf79,val
7a215fda6554c4fc9f4ac742cbbd18ae928c420fca866ea7217c9ed4f71f204b,train
7a251a52d628a5584d3a289ccc5f9d02bf2368a269ab8c423c626eac3f58a6bc,test
7a2d53fc8045605699287c8f64da8b98a77fe3b8ed01ca8687e2278b8e489d65,train
7a2d66ce0c4394702b8eddafbcbfb54cbd0819aa2d67eeb701899747f0998601,val
7a2ed8091f73f0d2f85286c0113debdf65abc0854363f71e2a20f911a33fa77c,val
7a3271c1c250b07a5e851681b31373d7d03994a01f54037b3e552077d33fe062,val
7a3ec9f649ae62902579e3e9ee4adfd59ae0814593f38bcdde324a454bccc9cb,train
7a4118345234b567365252df6c44ae175e65f14a4f3c7d16ed34cb0b90772b4b,train
7a4b5d6c585a3395b2bb8f63afd663a52035766a0d5b49e09497dbe7bf226f41,train
7a4fd0f2dcc378ccab90f520a763eb3e6af0ddd604085f025730fb280f89e0db,train
7a515e69c4df9289a79552a810720d8be44b55b5023945c6f808064b5b9f93ba,train
7a563cab60e13a7fc2e0f8026a4c3285018a2b6d5b298550fb30726729b43657,train
7a6939008485754b62ed069a5ca6a434dded85b6439c6552dfbe5fa36e6773de,val
7a6e1f76dd678de4662935c9663b6c5b826d7ede83dd2dea316c6859f4eb6c9d,train
7a6eae69f10f62f61fc421db46125592e987d01517acdc04f5ba40e82e3b96e7,val
7a802248f56ce51d5f93e01157316908b71734891f59c3ecc6fd0846c954b96d,train
7a8b9188edb5f89d56fa3946c63fc7f8b21d76ff5dbf804288d9dc53ecf25ae0,train
7aa27ecd1ec938fcd4e4c069dbbd1f36816c76b4b00c0130e6e5faefae4d9efb,train
7ab2267d1af8bccad0a0edf585595ab18498b784df9fc3213cc8095d752625b3,train
7ab350c9e065d13198de464f9127efbcd583f8ed294e3a74c652e100e6079b04,train
7ab9f9cd44a9742aaa8bebf74a4878174f41db4d3d56d6f534fff8ad2fd0cf56,train
7abcf9e7275ab1027142574de4cedbd8ba05a4182115b63281d5d290d5b6f8ea,test
7ac0f4bee76a4eef20ecc6c9aec85c786082392512d777b9314ca1a0d41ee7dd,train
7ac8f57936b93512fabeef52ff707b9f7c8c5f43286e8af829622d7296ce1bd0,train
7ae06b76aad66e357d7d5b00f2aefb1214ba6138ba20cffa5d9c9f09eeb27677,train
7ae72b7947d214c6b5e017b30b1d9a7c110c46169fe0b2539deee63b45a3263b,train
7af0754de8adc0945d1fa17eb2c66408cfce12da97d2b3be526f7454a2d71e96,train
7af680e883765dbab330e82f47a734189b1a10af2c81356e2e1f8c0962eaf880,train
7b0fdffd5be0286652d49cd1a6c9d25d9a75bf964d8c20e06d5b3a35f3c3cbd8,train
7b16039073ab2590708261d123be0d2e8a4bcc507a5986f88a4f298e3121eda3,train
7b2219d731717fe12338d30e92d35f6bd49f42afbd43b015b8bce06bf620f01e,train
7b3df90002380da915182ca19cb26000901fa883dfc4c839031efa8b3e3abbdb,train
7b493abd46ae262e2851de366703d18275417b9f36b3d522f326bf1cf1456375,train
7b51270abbcf0a81e1ecf7cbf08d1a1d9aa6ebb96a8b59a8ffac822f80d28f26,test
7b55acad730fb41e5858a026b73a85084f80533bc5b068092bf398052f882e91,test
7b614b3cc1baab9950684e9753e45f8706693fa9e3332b4c54558b6d881bd1e7,train
7b69ee3efd1b113f78990da40061042333e17cfa5cb730bd5a2506eaafd37e85,train
7b79c4e719b07796cf9886a999f9fedeb54d9684bf9db2c0fd1ccb5b6969d14b,train
7b8dfe18094ebda53d9987de17d34c72360ba1931914b165d8cca32f628cf63f,train
7b913233c548938a7bd995445d54a48e57835d4b841d7be7a8d6f38b4265cdd5,train
7b948f47df06ca0f47d1cf0810fddc9f1b188a1c91b52aafc927b311721ee5cd,test
7b9bb568dd734931b935c847925620b5ebc65d3126a4880e310b7cb1b06670a1,train
7bba89b42c4a476ecad2fd7230f4f699a0cc120dc81d223a69af0c8b9f69f97e,train
7bc3bb21408c74942d49874d5ac37427fd885067696bf011c50f393a58350a8f,test
7bc7dceb5ce5888611d2cf7a7b0e584790f51a45adefc20d5da1595e5e3c7c8c,train
7bca08f054368146aeb1167d852f3ce5bbcfb46f6ebf99dab6ea65f64775bd88,train
7bd34ca5654c9701b73595e9d144447f52be3869464ff96b93fb5588207107c9,train
7be993d70b694370a51ca4d38de4e504944b5f73c870510c52e9cfb1dd95d478,train
7bef7636d77b19b8aa99a825ad0cfaf3ce736b528479040003785db9f2e1fb55,train
7bf2cac79789be342d191516156c1feabd4df4abb2db3fe26ca5d2b3f11b3020,train
7bf9ada94406505a19febd0cfe6d4f143cb7fc92ea23ee0c0fc3c0fb231fbc3f,test
7bfc8316ce05cbb2b56cda76ff677cd9fa6b6b5891ff597e2ce8f210223baddd,test
7c049536bbc3a1f2b7e2c5f9f1e070314754f84d6b7447c6c118fedce86f030c,train
7c0a54efd29e76f53bff7582f74fcc7eb25235e42d9f56dafe32ceeb546d884a,train
7c0dd15d22330fb1021daf7243f7261253662fc1cb35e7f30d60d2e39bd4becd,test
7c11abd278f79c68f30fb5419e7329199d07785b935fd3eea4145d5197f93d8c,train
7c1b21aa16efd0e6aef343c37372f54af098fe32d9852f14a54c3a82dd1f9716,train
7c1ed1a743d88f4abc055a2f803b41ccc454ff86df3167f21ca793be468aa080,train
7c2086604903a25fb117de7216166b1d8252c369ac879294dd75af677149fef4,train
7c26be16e904d355c52dcf63b2fb2cc74fd216dd631da8482b5cebcf2fe087c7,train
7c2f3c4ba694be8ee5cb02c85068084e7b700eec2f464f9662d5ee87a66091a5,test
7c4416a313e0fc01d608190c53da878b2783efd75cc17d6234be992225371fc3,train
7c49457e86b0e54fb1de53c0662e9c953a4998b3509c8857bc985628568276c5,test
7c4f3ea8df8c15f36ff33b9ab52e881e1e81b7897bb8632a32a98408c229b295,test
7c51729dd6e9772d627cab0a8502e5b15bf0ed2fa161f1d3f8325550440e0715,train
7c52c7b95117ec0c2cd43d78d1cbacbc82acf2e9f9aa2d1e69ce10bbbacfa51e,train
7c5b7716639f8c6802b80d525af35ed7e5d71cb4f1dd446e3ed1f668321f64f2,train
7c5f39b991c23857883034146765aaaa72f6f2ccb57424e915a3978cd071457c,train
7c667a0ae26ba87744b0347be363a60bc923a277d3e6c1031fdc35a2743deb2f,train
7c69e547a1a5e02e5346ef5892c049a979378ddb15b6f979b6e349e15b6c7e45,val
7c7f615fc30023ac3c3374b8fe94c8bcafb89a44bae212282a4a86aa94d1a6a1,train
7c81cd7e101d2646220f6a0773bca9280f083d2ecc4572f41fc7928dba6cb08b,test
7c981647bcf691986f0b33da9058cdda1cb1ae931ac4537b34daedcb5dd629eb,val
7c9a97f3bfe5aade5ebc8aeba713aef07393404b01ccfaed5a03dd729219c63f,test
7ca1e450bc933802678282c039f355e9dea73508b2442033d7d19946d820e0e0,train
7ca3ce6220c2bc6484d20c2586c2e94eb77b8445115a9cd849ac4cce8a600d71,train
7caed59f6c46f8a908a8d2afe7fd16d319eebda6efe75ca043f22d77b51b8b07,train
7cb2a3fc73d1a35fdb2f3280d55fb159fcdfac884cb3e6f1ebe7c20a4ae8838d,train
7cb45fe1bedb3efd49ca8bb8ad49b444039ca4f7017988b21c8218e7aedfd829,train
7cc15f2f4b47eb68a2e0d5275c9b863da9a9d337d7ac68810ab3abc5f28e9c2b,test
7ccdff576adaae8ea7f2dbaaf48db85f49f6e434844695b11c0c3f44e4173294,val
7cdffe19d624e0d92f784aa9e4a26c1325d9abd92e3800d7d5be9e5808f8075e,test
7ce272bb5af17b6a49bd06410f346dc2a88af610faf0672881d36335e7f811e4,train
7ce343745c2a64273cd217116f240c8a0c8bfc2147c3fdd2e0527a60d6fdc191,train
7cef814995fe97fa36e98d112c2096874cb372942386b7099812e9987c986849,train
7d009b7f6583af95d0b0b60b02d88b5cfa943ebf147881fdb5d8fd6154ec5556,test
7d0bc9c2a8f55f8986afe597bdce2ff36dcb4c0f42a7139c33932e66121482c0,test
7d16267a1f4e6d658b8cfc983119ea5986c00104a01341ce1d50c6a956eac170,train
7d198b036532a470839441e12f644cce4a7b3cd7aab6a132b1d14e00b0208e3a,test
7d1bb7a5ba7bca9995c6ae1f3d949aea56946a9857fafb5110458ed8ad5b7667,train
7d20662d5d436fbc380e12f3329e56d059c6a451f5f16fae9f04c069a3bb6c86,train
7d31dc2491b1f0a2cc5daa67ee1adda8b26b661299effeb05f716fa1e848530a,train
7d3209d249eb84592c116063a0bddbc85d5c248bce2dcba18980b6c542ce8892,train
7d3fffa63868ad33f9ef60509486df337acca52f4a15b4de0addc787da1d2c6c,train
7d489efaa0c0a8f27e4016264d44dafd49d43a022d98f0d0afe4db66b3c1a69e,test
7d4afa467a5e1d873634a2192971e883a456d907d19f5c84341be89751533683,train
7d5192b5222546987993659d410739b4762c7b9a55d59ff0132fafcf3e80c892,train
7d53bc0bd0bfad83e56c4c9790f0da3d2555973724c846c2c88d0ea1d48b0a4f,train
7d57edef60d93a065602be7c55102813103f889ef32f808373d9448c91c175cc,test
7d6524d1c696c6bd065bed3614a2c21992310703ebb161c6005cac2ed3a5a45d,train
7d6e07792f7b531b268ae82bd1841b97a2ba9091f9468c41a29274e9c374ad9b,train
7d8a6f9b2f68113b60bda671cbbf0151dbe0164773c8e022bf76713ca5d2b6a8,test
7d90af06e6c864295eb517552604aab98809625e0a62bfe82c7fcd836f3222b6,train
7d9b344be51ff507992e738d300486c958da8621e435edadf30beb736e1f948e,test
7da65816866b6bb48bf0d77541a15ff00d37c3df794eec90027e834c55db42be,test
7db0f589d0b6b1136cfb9d4370fbec41125a164c872d166f95f5fc531a81e354,val
7dbad36a564c9502742ffd2366cb94782259f6650078eaba16e18e417bd3f3cf,test
7dbf739aba257e112644a0edac2e0d60a08136f8cf21db1ed7ad2d148bdccd3f,train
7dbf9fb3f4159a3ef525a6de2b9fa3ea7fd23a9d16f8b5614f20186b1e36b5dd,test
7dc313053b6714c601b9a09cc7ba569a2ecfd419baa604f5244938ebd4f54e47,test
7decc2ec3602395c403cdf19162e6d71eb8d09f149f4978f79cc9292220f032a,train
7deda68a1e4965a55fb64ff894a86e707d20b5500c22e452a1da5fbe14489d2c,test
7dee0c4bbe1de4f28ae8acc5a29ef2210708f1c83cb73a2fc70c9b151c491ca0,train
7df09578c19989dd30ebc3a24067f71bfb2a7126269d3b4f848a8a4d2df06d41,train
7e20fc423df1ea68b71d9d90a13e0adb203128f2f21f5e87bdc0d0d3b7994618,test
7e306d5d6b46baae23a209e532a914c58eaf2d956ae57fbba50969c9384def73,train
7e487e115c9a9baf0db4414ce8abf2563e5b55e07ef902e30b051c5dfeec42c2,train
7e5a3332ba198af25aebe6a837cebf4058f7b526f4b190c12818affc800437f1,train
7e5b6a9ac66151a9ea504b930bc55acbd04453471270cf271d29742a387ae1fb,train
7e5fc379d47fcbacc412cc2904401765fb621c865027355c87bad82c24cf2d25,val
7e7f153c85fd55eca975087e9eb832cccb15a9f8634f41a525ab390f38de4313,train
7e81c7e8733bb607526865f09c4e981e434c1e9443e601f70143d13aa1d9110a,train
7e83675212018fda76494c790b54cd398fa83d4925b39c1370bd5a51ae40658b,train
7e8fcc04555f2074200f278eb991798a53b82b45e8a868c8cf73d58d7523ec5f,train
7e92221348a27ed352fa4ada72b5e8036434efc4b2d5c808d36f249d490051e8,train
7ea60ea009fec026b104084adbf99a30c871627b6544c0c2402b82dc3e44cb98,train
7ebcf44aac8ffcd78d63c832acfc42369f44df0529d6a24125c7710ea1f9a73c,test
7ebe72f78823976e5c25955e056628deba2b04b7dca099c01b67974c700cda16,train
7ec828882291f4290abc073811c5bd565e2e6ece72a723e79e8fbb1a20e31cfa,train
7ecc7b62b0517056a1dffba4734e6ac5ef49562feaee58c317a06e85cc508c85,test
7eef0851d038b6b6d6e3378370d5f222b999f97af8de8ba44dde1c08cd04df91,test
7eefa6a2b3d8bc8fc0ef5b1a2196d0a0f254d0954ba99c858a0d8db339369ea0,train
7f0bf1b3ce18ee1f81d060908d9fbcf6ab6967b4d66a7e6dfcb0b2816359b744,train
7f10d1402fa1237b6c4dc7872ed68c2e687e8f5e23293b78e5517dfc09493fda,test
7f1df3536c007dfe47fcd0792a7a43a7d585eb228c954f5ddb2ac367ebd39662,train
7f1ea3b1e9400f4c19312cfc505741f34f0c1df96591891e3f79885fb4f3d105,train
7f2938991d4030db31edab2cf633926ebe5d50aa7e6b1bfb2c400c9d8d1ad9c5,train
7f2e8f68c956698776e471b4f78b821d95bb0cd4e0a7eb87c00790b2c87553ca,train
7f399e0b0b234f034eeef0fc7a9f541b158f9650843051ff8acf8493bfcbd7bd,train
7f3ae0f21833d267a755853f804c179718114e24ac122cdd017085a31fdf8a8d,train
7f42d36d0ade18623f2d8a25156c743dcb13b2d34f44bc79d9821324e1e86c47,train
7f5e672b8745db0252d2cc71dfa116e9e8fd0c1ecfb6f2b4d7b56ce78e7ebc35,train
7f66050dddf7cf2a5b764402ed69183f11fe751cbb7dc15ee60551b86f8e1357,val
7f6c0ef4adc14c22d017e4fff65d6c6d1d74909a0a2d47fb3724f57366190864,train
7f75eea31d6995fe322ed29e4732e2b75923af043eab4a541e92f51e7c237572,test
7f9454e978ad136729d91220b585552161efda859f3a3b3a5160a535ddd5e356,val
7feb432a333f5040b1757bdf2c2bfa74e07a8aef9c6b83561c4ce3c42fce6b3a,train
7ff79e0814a3e14cfea9b5bbc75244d9d8d5e2186fad40708121c05bb16c39ed,train
800ff6c3276cc8155b32b6ccf95528927546f86c2fa3afa39efdac9119f5a690,train
801c4506c78003701214b1d6e3796ab614d7727461df27a7dcbd9af820dd536c,train
8021593c02db056d6cce9e38b3912211cf364721ddb906cbd203aa9875307f60,test
802fa48031e7d823e31431bcefc4400678eda2d5598d5101d6b937b53d1fe3a8,train
803b2bd6183f0ac5e7f533719bf80d9f7af87e4e116d5d50bb3e700459611b8a,train
803d14ac2f3b70e5370bc954bb3c2c852ee2148aeacadf799199203c176306df,train
80403722151c90cf87425caddf0a76520309c0813cde894f7a6eb583e0b84f08,train
8048cea810d28476a194ea040cc6671d247904f6ddb208f040f082a366cc6003,test
805e26f3ac8d69ee26a9e2538e430c222e09b9816400eb170889d118cc4ab146,test
805f859242831d0c0f87324fb16cc3fdce65a7af3488d08f1494ccc51b808875,train
807119fb0f95584e19d59318b0f92a37b9ba8ca01ee641fa0b843c69e63fb8bb,train
807a9be138fb07eb9ec07772ad6acbe6daf3e5ed43449b2b3da3ed0c85a97530,train
80821e25ce16b98f79f5b2aab21032baf9f4587bca37b4b2587e854f3e7e4b11,train
80998c0a1c986a4220f88e92ebc231776d15e69a403ccc2a1a18b49428f8b5c9,test
80a239f4b6c7fbb23e9e453ea6a13a2c783fc969eb0739b447df17af29d78879,train
80a9b6cf3410eab340a0add1a235cd09c0324f0942f7987b97817b57fadb9360,train
80af8feec5474619005823a08fd9a9501de9308b16c8d5bd1ef1e9b465ff4028,train
80ba0a42db130379048ac160993ed741b819d9a3f9f6f9352f508bb3ccb139ff,train
80ba768e662ac475f186d32a04aa4e47f6515beb8e8fc6882747952b0dd48e35,test
80cde2dc842bc3146c67b85ad430fecf671343b9d41733f27974db91928ee89b,train
80dae5f05155adc263e92c92aa4cccb7cf5686d300b71dfce4bf6cec1c7c58c9,test
80db595af452c553a827af72ac588749c95520cf57358b4e7b19b5409711f771,train
80e1ca62276eba8149e20c9c69562153c089a2ece8552e9f5cc0ea5c5a231c32,train
80ec0aafc8c7720846012f8cc14b2d8f7b70542690e931955266de22ff097fc4,train
80f855e47aaae66eb597ff355e5483c90d68fa1e2e3da2566b72f6bdd6a1ad13,train
80fa8c3b0030c0bb171f76c9ed16273abfc676cba785989c15d388ec00d25a33,train
80fa92f33ca0d4ff85493df50bb06207901ed52fbdbe9a8ba1a792571453b4c2,train
80ff17092aa2d0e49d6118dcd417c7ee39e3d5dcea4989f3b1880aeaceb4cc2d,train
81156945ba93be3c39e319e79615c5d0758f6d274904cc1df126ebb6c2bfb3f7,train
811fe747529490250af8686da05f984fdbb76031a7362b52519bc9e2c0e75dac,train
8125a3d3a855d133d8d225227fe41deaf64fe096fa85fe1a7fe7d03baad2182f,val
8130dbc622314fbfd9a5a67077b9c87d4ccbf184117774ae84f1a532739f5fe5,test
8159cabc496f84622facf4f819bfc96d390e2d287dd4cabfe80b3f4346c28dbe,train
815a683d926b49dce21abb707b942b22b37d1e7dc4025b162eca7e06be23f34b,train
8165d4c86a8457ec2597ae13fd39e942428d1a46558269cbc513b08006f91947,train
816b4522191facb25ea20453a086523bd815f15502776e5958a533b681e46922,train
816d5258078fbbe88ff5c9b7bc41cadffec0c5fa47353f066e6ce75b7ab5359c,train
816f6867a5c61a95d89c8c9bc2e88b4a7297547f516be817645f6b1f72ef00af,test
81710faa3fef94a136cc9afba1154c341fc2dd05482ec4d8411822c82c07a8cc,train
8171d78b14f2c23088984a4857569c9581728718626d34349a4613df73cf84d8,test
817bca4c1d2eb8b6b2284aeb620cb5be432477d5baa3580ce133b3b4168c0fce,train
8185cae92c2eb24da0bc1106cd2778214391a5e2367ebe4ff836f9559580994c,train
8194895b3ea73633b89d8694451b840f424869e4b9d9c52f034818c16a137305,train
8197e1db51e3b0af3c71fbcc1a6dcd9ce0bb498917a19a394fd853b0cdaf7636,train
819871b8da6f0cef3a81128ca81cd0b44a121661397d8c0d6c16befa5e380b70,train
8199fc25d015aa6b4f8c306c1ca24a329ad0d5e772699a008b02aa9ec79b40ca,test
81a9033c888dc3b85ec76dc5d350777a524ab8cca3da41285f277e5d48a7797c,val
81b361c56d6a7bf56fe0465ad1786a29763d9c19eaa92b1999798e85e3b377c1,test
81b48fc12e775ff836e1976f8abe2f338b609d13ac4fdbfaa27443cd6abddf1b,train
81c0568cb55de3dc82eef359878f3c208855cec2d989d45d3cfbbe8e6b6f3b7a,train
81c301ffb5f61cda13d6da4eb9356ba245c4def5defece594b43406da96bd064,train
81d1a80178870213b8d9983f270a7a4e8ff06150900044233b4989eb8ee2a2c7,train
81e02b840901eabf381917140299bab3b0bfe80ca15f7524203dae8ec35f33e4,train
81e2231cd32f8039d0e2d356389d37603af681e8c1d62dce245eb037cfa89fbd,train
81e2a82c1398024fbed17763498a3db27b0c340ab7ae3e2d682cedf1d790fa2f,train
8206a9b9bb2ed55a236b27aa9899c5db5a56805a45d3dbe819ef314be711df6a,val
820e0c46679895455d2b0d30336fcab9dca4455e5ccc3d3155ce7f567554e4e9,train
82144b3f70dd50cfa1e5e83b19381b73bbb850935d47a1de0ae3c4c15746ddc3,train
8219e1ffcca40cac48ed8c1bf78e8887c1b8c0596c0df61af04c8a2aca748751,train
821a50bb36ebbb30638009cfeaf697d4552edbee07249aeff7765df08df0f0bb,val
821c830a942bafb3bc83a5b3f1eea2ee597ce0c6fb903f46deccc1a2822377da,val
822af620c46aa32c530732423948ad32ca3b034d824be9e0ff142b8794f50958,train
8233ddfd3133ed242cb2967606978e5979cc7e1367c8bc44c3bbfd77ad286a99,test
8234c81743ede0926873cb4a7f5502565ce01bd12aaeaf55c03bc265cb1b8326,train
823c13297a1b3f07bf3e75f4b729d4145a7af53493d0f817aca9f41f25ec712e,train
823fc4c5feb7c9704073c9660edcb23fdeb59e979a8ff46058b700cd80a6cd43,train
82574a1ef2ac143ab2fc0a2d7e6228bd637c4375cdde9f5d5ceb01798fe8ce13,train
826010baa66495315f4df8f8ddd558c1fe20236be93607587b29b81a279b54fd,train
826b459e92cb2dbd11fa110be7d13861246827385e20473f709f19d255ad64e0,train
826f69f04f4a67e448f1a4c3b72eb5a662fe68ed3b8f4f23f842252343a25f14,train
827080276f64cacbac8166b0fe1eaca45d0acd0cb1197c25958383d6567848ff,val
827e6a51eddf61e5638d9664ff016cc39a6572c823c9f014bbb5b7ee85990323,train
827f892346fab37279bc1b00c05995270e3dfea5fc84501f871b151bcb8f37cb,train
827ff527b170007cfb6c9d64333f1969503c7dad683adad09ecb467c21f19917,test
8288679b74d32b3428b6566c36a1dcc71be038409d09f296be7d127ca70cfad8,test
828a7df59bf88c610de89e2b51cef5fc573b7292505b9fb8f4ede2ec4dbfb7c4,train
82905706d9f3712b8df17157d2f7e338629679259d98d0f518e2cd2fd8cd87a8,train
82998955dc46d27ab4e9a80e28c32b6322e310b05d5da4fadad1aa2b710bc43b,train
82a56e2d7e413bba862548af1918caac89bc50bc282e7f5c73e1e2c74fdfe5dc,train
82b04494d80ed4c0707f3170902968a0484816fdcc6597d0dcae1c0928449dee,train
82b33500a732c2674060d3ac6e9c9f980bfd6c1b34fd5e727ecd8bde041b7862,val
82bdecca04429908ef500ab8e86dc86988ce4cf06e03caa2bd25dda7d32b5ebe,test
82c6cece15c5875952ec05ed21cf0b6a189035d127edf95325754b5f77404394,train
82c7359ab36b617aa9e1d12244d0710692fb230cd103ccb6b560735532dba5c3,train
82d3211b37a99151ef10810d9d717ef9a976cb8576f74c93439dc81e3655ad4e,train
82e474a0ee2186e2d2184256edf78613eed3a46c35d7fc6eb443e0b13230d08c,train
82e9de018c1b4698f93acf78cb6481d9bba21a09321b82c5b3363592eb32fce4,train
82ec31c5bfdbbfd1e50513a3e06e935bdaf3316c4fea937747291a59f63c91cc,train
830f4edeba7b4150de51e3bb7081de43428b74f0bc290701c2f633c97b1e4761,train
8310f59cc558160297f8e935bf9676ee285511ece3efbb2c9c5d32e105db7576,train
831c981542988a7b0ebf790150eac41fb149ed80a4e5ff342c8f24e7fdb7dc12,train
832ad6da6420f578f3b00dd90504e10192421997ac7ec1873d6ef85d0fc74781,train
832bda2606286d0b9a3e435a8e364cc754c584f0ab47aa528ca21567270ec6cc,test
833a5c252b3db0344a8e611d4fdea600ce70a9c3f91fca992c535f8dbd7504bf,test
8340bb18850ef3e933a1f2a1dacdb0270617e8a25fd78e4e9c0c555c5afd35d9,train
83410a774347f3f2378ddfac03a6862f3748f49f78088da44856d001bc6b3b67,test
834c6985b455d6224c7a27c84d48e26e7633ebb19f0f2c052f9a4650600c3091,train
834da3bcc16ea7ebe1103c0062833c98bad72a72d052c81b6dc34420a2cc82fa,test
834de88bfb56893cbcd00246d6de7982b77a1e48b079f4f159939fa9528bee25,train
834efc6112726792d2f39dfd70461e2c362363c2bbada4d6e65862e2015f9c60,test
835b5af209e815f534441ddce9e1c45c2359a9efe711d737d40bd2b492b43806,train
836b5fc26f3b5c6591ade664f1b41e9f1bb98dc55cfb59a206ce7882414137bf,train
837678bcf97a761ef5c7920fbadbe565cc383da0634e7ce10266080335f21a54,train
837b5c2b234524ab51adbfd46f17ef1dc7d050ae3fa96ddf1370bb95556eee7d,train
837bd309e8e7364af3883c5ddcc0a885995898dd525b8c01c3bb84e92c9fb03e,train
838206f830119215c7b5670b83343c58abb0dab481e27ed1905979dfd929d0a0,train
839334f49bacf158957c9ee827982d37a96883773563c64a9d3dd87638fcc598,val
83967a0b796c7278a4ca02d50e473013f38a7e429a400b3180326b0af1e27fad,train
839e2184a8367530a1623762fb59c4a05b387627c8fd13b214e1db41494f766a,test
83b0c96bea753f004f63e479caab601656ee38c189fbd0a9ca1823ee95470423,train
83b5589b0bf31342a90e091d3c61e491fa783fd85a27a4b690f763fb03e8096d,test
83bd892af45285fa8b415cd7ea981a92eeeae28e5e66df49dcfdc1ee872c1fc4,test
83bee3ca91330bd6f62d8d516fe4c7dea935631facd03ed8566ed93afd745e06,train
83bff81c25e1e670ef517cc82da19eaaca92c53da7c9ea2a0eb176dd533b9082,train
83c9943051e0391956cc5799c03f291b5ce1021ee0640cdbc726848e7115ba77,train
83dd9dedeedebc677e91d7d106f351924da1616014b1630be66a4d2307bdc554,val
83de846ceb8d0cc6f819e4371e49f9e15861cbf23150726a1755d0cd4b4edefc,train
83ec8ec8ad62157490825d7810f9a0a8ba3dd4c735352f2bb91c1d81c2026f3e,train
83f21c7efab2829ae2fdab3abe088386092a6f60c6130229b712ba8a2b7ee4ef,test
83f7a41341d5fa3251244ff01fb3ab62ed039e553cd067f043014aa235f24a73,train
83fa42a735e14430cc530f1081ac932ca7b3cca9b119f3dada16670909241e3d,train
8401b618aa96040d8d024c17950c1a03565f21bd11e02714f9bdeeb798ac7564,train
840385106ade7bb0a96b08f2dd437f2cd29418ce6bfc21e09aff9288c2312c19,train
840451a6ed4241601528398f49cb322a2e72d1f1e475f5403cd9b79d8ba0ac4f,train
840cbeb045807895b18826a8f9d9d8612395b135ee2f2ab4ca642636e514c94a,train
84144f829d4013fa6bb5eaffd912c4ea5163a50cc3a86158b7953a33870eafb5,test
84172dc0e666c4f73f5ddd39112a13c2a9cc21b6331914d7b862523791804971,train
841866c1cd2db84859b65dd0a26e29a02e874bc94a5af22979ce0481be5c5998,test
8418f23ea15ef13f0abf156738fba9cbdd71c3bf00a12f7f667d939aa51fa698,train
841e3c391774a067e6e250fe4c09865d11b678f437e2159b5884ac3483b321d2,train
8429c9664816f9f399290bc1548d7046e34541713ff4278f4e1251bcae03895f,train
8433ce5f6f81e15cc6f220a0366f8d012ae057ab402bfe0c88b74a28cd9c7de4,train
8436c2dc0ccd5fd3d2122f85a20d13b576f1178287102503e96024a2c4b2daa8,test
84424ce766a15255c063802e7ff50d75466f59890246b95d47151dc628bebcf1,train
844de545c5e823f02d8a9e42bc7a9306572618c37df2cda19f027dff4da3fcac,train
84598c04c50b3a0f358cb0ffb67c25b3104ff9b668e2088591525af3f46b0e09,train
846afb64f6029fb117caa8960385c968e13a1550ac4506b9cb0a3bd4c41029c0,train
8470ff049d96020130e0fc08f92e83b1e1a43e6f8675c33b689b7755a44e3c94,train
84789c80bcd3c5b4a32820b363c842eff94346f7c333b634cb904a8424887363,train
8478a6fca79f1accd85e8eeb1be86d6f5aa88092e8a401d57448cd52f75d3432,train
84797f735531d8370a2654ee2f7bd043b6be343c84b137928e3428ffca3d4eec,val
84901b80e75593f4c473e171793ef0fc371d067b2e407a4df54c3e600ab6bcd1,test
849407d1bd039d3f0e9a5a8d0aff5d315e4b8ad691941a57e057958a2e599d81,val
84946993872731644efd596bbbb3ca811af3db145027a89f2f05ed4106018964,train
8497af029c3bfe05f21eb540a7df5d215e3a884a95505249be21aed221c40b9e,test
849d9c80af06d5f0787b45af8c990b0494e181761576a713101635003cc0160f,train
84a9c05932db917e4b264eb461a295a007dac41c7cde4d64146ac6fb7fad6ddc,train
84be2d0927e9038b2ae42c1b22727ec151335d1e8d077ba909620de76b7bf1e7,val
84c7a67204687f2109f26f3234f6ef905ba34c964141b5fa4aa01fa069977fbb,train
84ca7bb3869dca6a9ee3d4bd87b2031da9d07e7589c99d5b429d9ddbf70d1506,train
84cded788cb0621cd622a779251a2040f76ad118e1e5653f71d224c636fc51ee,val
84dbf760bce3d7205d2043c3cc2c2863e7d97b4c137e1a96e481a6318894c062,test
84e06a769598f5449aecf7bb2171b9e8f7df6660070f3eb1f1440209a09b1736,train
84e09015dce14728e1abae1aa5b8f1bbb60dd05b46c5a9bf5dd0474f073d1142,test
84e209ea7ff94322125f548397c5f0b1a295108524d86646d127cbbf96cad2f2,train
84ee73386f95b75e03515544f2c962454dd8ff474ba8fd5214055313fd5232a3,test
84f28da3c57430bd171836eac5f279ca9c2a8bf74a61ba16beb2d98dd00bf9cd,test
84f8a1d8b379f4b8fe4495e1bbd67b3d0d6f8c63f8534e08384fb3c1d71b7ec5,train
84fdb8b5dc3830d2d519fa434852e40e0d9ad43fa221237e61c1d15943a377a0,test
8501ce9567d30dc907180daf86c1f78af3fbcb25999dece59f54a2015e1871d7,test
85280ef8c916d69aba2d54be08d2d53e164aaf0ad3d3ba073786980f4fc6b737,test
85352e14df226e0c142e85b11ec5762afca0af7c6f74b2f06628502f3cec4031,train
85363eba8683a46bb3b8a12d523b7ba98861a3a661f046e8421273eac36b4c62,test
8542887792e320e1c7ea276168d714e7ffd16bda75b9078dffa965f77bb649e2,train
854bf9ddc3f16fd3dd1c4e29bd91c009c1bf222b995344f907a28d45afa4387f,train
8552b93d1993fb1546d44e90a09baebbc07d628e4ad686280af38d8c6582334b,train
855ec1fcbf1b8e970e492b90b5abf9eecbabec5fa30f409eef99ad4c07487575,test
8568a497a2b95d18c009a1bf6b608589b78e3fde6f9fed7eaf90a1e77345f0ca,test
856d0353266b576bf80e747e3bdf7a8e4bc25862001b85e47f71272242383687,test
8578c844edb45a3bd61231ae77353fed6c149b231b552885420cfe5d9546488a,val
857d39c44b2c9ae76180ef5d533335f781769ecde6928534d4ee0543e2dce9b1,train
8584030c54aabdbe7cb86a856edef1bcac50532a73d75d4bd12706c4017dbd36,test
858600d9892ab14e330e5610a49c8ec1b9b9a0fbb7ca8339972000a4e354c7d1,test
8586060839dbfb092e5dc81a637cd9374de06334728cde23ab5d76c2be714eec,train
858bee630c5d0f7ec83034fb4927fdce6d90b7ef353a17881447638ee82578d4,train
8594f815f72d815e8d806ad635df473b49aaca0594fcfdc1c94d6bc2ba73317f,test
859fb999512d322298bf5d7fe50eadc78e2aa9ca6614394aef8ce810cf31262a,train
85a61c1658e641125738bc60b8453ce6e96adeb6c84199196ddb3b21c773f63e,train
85ab728ccde222131d4dbf1baf92b7a0b2a41fb1babab8184f158ee0eb98a8ce,train
85b89c316e1adf65b2112079f559a8567210f105b3aacec2b6104d62bb3440ce,train
85c39da4f5dcda1a36126f42799f4b0bab04d6978172fe43aa0cb6f8e37cb49d,train
85d0b573966936a72d0d9e69f337a9a2b118c216bc49b9410879e845ccf65370,train
85d30ed524b77f5aad1b87a6a01eaefc172b46a3e64ffa3cca7833795838a485,train
85e7a1dec238164cbd0e4f329380e714afe1d5012680a8cb5de600842f94d021,train
85e7c395e5ff6df662d09c201eded3426096fa494810bcbda15b4eef2faf18ea,train
85ea464296805e87fa2da51421e769ca581cb65948903d3c88092f38eccf30ee,train
85ea479604a4a7805b4729bddae0c10d1137dfd9e35e32b627c71fa974831ff6,test
8601a202c4924ecf13b1ec3df2ff08028c9159219c9354822ff3ba53c97e80ea,test
8613792d09ce30ba5d946ef68f8f3797a5440d80ecb1f4338bb74b95cf7378d3,test
861eb1337aabdf6e85f07c37eac0de45d05d38a52c9a317a0b0569f3426a8524,train
862653c2a26810c96fe7e7a2c06c11a295ab9faa49bdd4b64be6c93e75b53d9e,train
86341f776f80dc7e6be74b0c0233bf0cdd47fad54d8de84f1ce712f4d97d507b,test
863e0e3d27fd68cf26ca832d46a5fc26b434363b61f7b5faafe8bb5d52520e96,train
86435044b6493ed8cd4437aae33b39bf1deb6a43cf91f128587d36d7880f79f0,test
864dce72bb35233d22995c5ccf7285c17acd231f5b090b54ffaff3b78d1ce366,train
864f9eebd94ac06682af4ca879a1c296c4fd1a0d2bb268f79970fd66482f1dbc,train
8652a7d6377a32ad8f1253893bc8bae3d07365465c7a5ceda51a16d39a32f848,train
8652e958f68c61de92449a4e2543fe4e113614f5ee8bfd3bea695a54c5bac73d,train
865494a399f59d38a29181e84227b814564af7cc20d32429a3a0b37aecfb1ea6,test
86614346f75c0787fb245194178ae9a40913fd662fa7bed1aeed217d419c2954,train
8676193bd0e3e37f61a2711cea4bea576ca3ad2fa0bef071ef3de739d982e601,train
8683612cc018eaaa7a97cc388244e694d6e12c1accd16b2eb5fca18683dc64fb,train
869525608dff12e488a58416492c11983687b929d7f8f6bdc27eae5a38d35566,val
869a37a86d506d12a80f3afdf3b0a27455766338214363351623bf899352178f,train
869c5350a01357e6927eee7d4f2405a3426420670223d34268e1d158a107622d,train
869c709f87d1ce77e0a1a7a5a447946075198fde3d8cab7405f5a24260b5d8ba,train
869ef906a009dda0bb7e087843aa44f37c948302bb5947ee2ef9d6049789d385,train
86b4eae0527c513604f606bc71726a84f62ca2982a407996773a6bc23dabf069,train
86b8f343e9108781073995347e6a361adb93d49dbcb25815583441b4aea42e9c,train
86bb31e01339265c711b83b053bcc68a0237346dc763d292e211e49dc2f9fdd2,train
86bd2f9e4c17ec769176b383152c208dfbae2ad6c8838ecea9df281bc0cf07d4,train
86c098809c172721207c7d673dca2c87233be20d3f689870337720f0d98c7214,train
86c200523412ad89ab1566a2181d0ed7bb8484c49a00c5eee0a28fffda9a242a,train
86d7a39329d2795c6c9476509eededca33e8a7a683365de0723581ed49f3b6f8,train
870e9f00bb20d66cac9d59e8b8a017d38091d149896c510e21e71ecf139460a7,train
870faead62d6a0080ce3461762b1b5267689ed97e88929f896c5057263c2989c,train
871b3e3ca38c327c374162d5c833bb38212401538b31e1803e7120e1bfea2138,train
871d39a42670a48afa101bd7524dd2c194a7c3160a9676ca8dea65193aa2680c,train
872615fecdb6301a009ed248b5d37121e631150ce3fdaeb904a04fb3384838ba,train
873cbbbdf150f23fc8a922897ba51c4839e049bedf1855dc52364e9e88a14089,val
8741d7f0e1aeb4eb81a6c2fa8bf874ed08a7c2bbe38892f2867bdeb14d473ebd,test
8743e93ff0f6e672767880b8295390522ce59396d4d548ed17d0078a9b087480,test
8744d867f97e91701cabfbf0e20ce7c5dab251cd85974497999544fdb76ea868,val
8758e4236a57b8f9cdde0a49847ed77675eb1e4c0f84aded392c036db53af501,train
8762c917902d7162cc1312f38ecb8b8d252432c55b1ba75b9ae3fd617a372ddb,train
877d58b219fd3565823eeeeacd81b8aafbca0bf2bde0d75229f5b11a27136956,test
8786c04fa3a0969181b72ff644ec208aa41ef88ff0cc743fbf3dac936dc36a1a,train
8799d80021bb857433181039c723669f276b5016411666770b36798df8a0c748,train
879a395fbcc2aeb59730eec8088e8bce18c6514359eac164f07f51880b3f82eb,test
87a7a77b36a42ddeaddabb590c102364d60eb0ee5651f5fbee38a441437f8bc5,train
87b0b6c49572c161d9617bde16071b95280a003517e16be6a0e9a67d0b10ebb1,train
87b668964a82088cd4ab4bb2d8aa30983086eb6d2c3f6790c94cc7955460a102,train
87b6ef808bc4874c419a4346a5521a51a084fa3a12b4f71cd77d5aa9c7e58fa9,train
87b94f731ef7aa756fc650560e10a32f76538b25a192d58e78506bcfe81219a1,train
87c15429cd5afe9b9ab7e466f99ad092ee6a6d049a100e9a253d3fa6f1d5fedb,test
87c264d3d35d710d12f5680c91f89062db1b18672e4ef85493f7280b7b51a788,test
87c88d22151d8c64d66b7659842e863716a3cf906394b8c83feadd2e0b022731,train
87eb776820e9d703c14b10adb87707bf54387205e798c50533be1d1191f08a7f,train
87feac147f3054c929a6d1711bfcb07fef95f06e832dce728501231043e6f66f,train
88029a8153df0c46619abdfd3359f753d253b7da849c19a0cabaf82f19e2f630,train
880632543d6da448eae6f9cc914cf2e8ea94e0449e9f5e2a0192c9d4826dfd14,test
880e56cea992146346c4977e9f09e042e501a74d68c9a24e66558d277d7173fd,train
881c27d98d5f00bfae80f9ff825c959f48dc6c63023b519bbb31f704cf336eac,train
881cda53fc3e35d5ca7de78ddac431165b40d62cd89b0a841a4178e9fc02f901,train
8824e7f52ccd5e778e419763805cafb08b798b0ffa398d5f1e015fe241d3c46e,train
883059bd2bc36188021419166e886b7b8456fedd70aed9e3723277eb0803f854,train
883bcacc3c9a49e8cfa448250da07639e7849e7f5bd3b793e4f7341fc6aa4773,test
88473a7bb65459d4e6e5137a3b5060d5db464aba0b3783fac8fd47720fdcfc56,train
8854e0c0b6d2352101b3fbcdd1a945efcd42554cd0833cbc045f1798374fda44,train
8863b80afd5d36fd6fad384242ec88096621eeda2d75c322f1f380b7a4af204e,train
886c3ad501492d2fec990001c81de6ca509a3c744f2e6c4e4592fe2b5c4569ac,train
886c4697cf4c0093b2a690a4af8748e7cc7e72db05852d4df857c01b3a49e68d,train
886fe8ecb92c5265a8ab73db40f3de082eaa5f3c1a3fdd1a39719894c37999fd,test
887143526f3e4fcd62cf41540c4109a6cdf60be66579bcf853b6afb0175e1e4c,train
8871d1aac523617b32ae99e9ce1f51fd669895da8232b3e21c14fd644079b270,train
88732772d52fef35da6b2d0c0d1acbbc44f13d3092df32ff02b106bf959960a0,val
8878a24b6376629b24dc0438f582e6eabc47b8ec9fd5f523dfb3c1c36c87afa6,train
887a640ab257a5f9c3d721a41df4449c040f576b40ea7e5a339c19b2c7e755c6,train
88882e59dd1c79f6c753eae9e1d6bfa37d3710776822b80fcee998b7e5538bc2,train
888e33fe5adb08767b1c9bee81ec57867da3036ccec915401507ecf4ea6b693d,test
88951f00fe72e8db30a58628476854d4590c5cc7a4a4832c70e2927e3d9f705c,train
8898425fe23a4fdd825d7b845a7cdf562c495267295febd8bda149ae959401c0,test
88984c37f348a7f9f3f522ce6ee82f9b448e2af4de96a7aa1f774e17c2beff25,train
889b958504191c8f4ade65f4780b418f1a78538ae502dc85690bd0eba65cc624,test
889d40b5831056f61591b2a0ca8e9f1926503aecf2fb89108e2107c58251c301,train
88b9c9194544a0c5bdeb5a2e9cdbd090ce3fe2cf1dccb50e71b99b348a10a5b6,train
88c8dd61d6cf4d112b2029101b87eb2e103cafcfaea429d81d06ed14b78f5646,train
88cb34a88ff61871674737034481f30bb220a1af3beb38276b153fc0d2adc694,val
88cf67bbe9357ef49f0aa130543af8a4ad4dcccbf034b20fa8464e31abb25d05,train
88d4aa6b9a09637441343cffe5b1d18ab31e8e96b9f751cbb1857950ac49029f,test
88eb1f4c6720dd262b25bdd7d41b3137ff46df11553d457f59969defb2fab340,train
88f15c90b4d88b03419417d01dc3f44ef3ca7693aa16549fba53c529f7956f48,train
88f8938126518496a0dab5bb9114773d607af7c3e02ecf0f19b5cf4ece43c671,test
88fc611213c6094701d0472731f60fc852c65cb74227f17e4f0c71f04f7e3222,train
8903426b745abee0a629d1abe5c3c9fe565f8e0c7b9f4423060840a097b461b1,train
890849fb445651b0514c87fe9b5fc4063ce54febead06748f60e344e97c76885,train
890a8de2940f27751bc42dedbfe6c3e9ce22e552ee6bbead53ab43b26ab99ac7,train
890fca8160946cbdf3d9c9ab288af2c852b7b97dce9e2afa5afde77aadd2c5ae,train
891381424e70bb2cd6a76f79b3e1a407c1b307b6e4e8e20ad550c687a85e231e,train
8923df8f7652f17d6644de27c47b4998d164921328fc4f5c398d4c8e28d03b63,train
892ab2b6f278a8543614e5f98af80a0dbc30bf7a0c46d01273bac0118b828f09,val
89306d7c53579dd133028ed474176e8a2ba3a1ffa547d62e8b9800ec99803a5d,train
89389b4d98c98d457cf8b93e9743489474b43915e9816a88f2dae35ae70ee4e2,train
8951b70ca6e599acd35e74c41767b802f926caeb7fe23be14941a52b47d75e66,train
8955244252d1f526bc65d85143f800da439ce9ce9ba490583b0ee8cc202e6ba0,val
896353abc6a411b8810aafe690c7c3ecb5b070784716858b0c8d4acc9a06044c,train
8964508e2698d096cfa4f095ec32122f9884de0c323e5de9bcc33e21fabc0dbc,train
8969b543201f4e5a11baf809128659dd89669d326be8a39f8c766d5c969d799c,train
89738b31e2ee4523bc207678920ff70a3b3d8feec9fb812c679d2bce38117112,val
897e5d8f69b7a6b9911aa5ad963a8b7bfd168d9a20beaa0baee18f7f953d2279,test
898b293c3aad393fd5a75e05f1f6b7edccc1529872036874d8e922aab9154b35,train
898e61b282e3703eef7f5588c97b3ff6360a6edfa2ec46f09c43729c218453dd,train
89942b0899c129d41c7d58e7ee3720330d3918f87ff06911e99df00c4a6abd9b,train
8998e2de00ced4bb4feba1dd12f4b6be9e65af6c591bbcdca67cc3463a5caaa6,test
899f114ece8b14d9e7e871137c29dfe62e693a4528571d12f5e45650e74b4cf6,train
899f9dd6af3ed5b7e6ef89da86dafc260afa31e080c4ffeaae9acb5446e90e6f,train
89a0ac52bd689a0a6ca76af481c01af7bd76efa30c2867cabeb06bc40b82f1be,val
89ac416ac21d9fa665ba7d6b6afcd4d4a32d265c2da3facf941a94f369976aee,train
89b228564e86a814a325eee4c106045fa80df09f94fffdef067e55aa0f8c0fb2,test
89b2d0fce2127abd4a75b423d422935135008b6367560065f5d66666f838a5a0,train
89b3fe13e524fd8618b62bf3df1092b67b0ad95f617ebd19267e1a6aabf64647,test
89bc3481a8cbab3213a730040e24d37b0c8a523b768f153b68514fb3505b5826,train
89c1ffb2e63557cf9db54c7447a6af24097076d386d4b7147ff346492054654d,train
89ce8449bd8b9b6094d54bbd96e771b57841f5d5b34578d8e15ff9dd70ba96ec,val
89d1c641c38ddfd013aa9d4e1b303e6063689ee61851d7205c5b9f72577815c2,train
89ddf85941d41c8603e83a58cd8aecf58fce5a9d836adaab5666ea013d2123ca,train
89e58910450fce144a92f9a35360d667de00aba3ac1d2ee7e57915b88c261b01,val
8a0753d34c51e04e2f3932d9c2b2e94d940153625cc68b0aba5c030fbb93a450,train
8a12874fc1500b46403212729352493490a48ceb1a578f12cc481bcac7c95c1d,train
8a1bac417d147fd108f2c8ade3b84b7bfb4e8d1844b9d9c5fa65b51b0c86e4dc,test
8a1dd02ff0a7bdc899a762be8de59a14932141257c46a80c8434babf09be05c1,train
8a20a7ff2e39dcc2fde77c6688b22a5c2d22abc4a608421021d91671b9d4337c,val
8a2d5ab84011965d02e91e29ce5a2ca8b91af08c5569908a792c7cd5a5a5eb37,train
8a4576333651dfc0aa4fae2aa76ce216ff88ce1fc0bd6898b064b7588f8d4951,test
8a517ed03800d7c923208b52630cdb0ba0fc1f848e68d0c37d04ba3a55a5b32c,val
8a54e27104f058495bbb0664bd6ecf87ea7c52ad3039831adc091a43e08e85c5,train
8a64cc37a2347cc954411567609aa9fb607e0415e497182c8d76406cca3c1846,train
8a771902920f34accdc83d4efce53cc61806f87db9b71620f0d4d6c24cf72003,train
8a895a226d2213e18c34f95ffb52ade10c848d080c249925a626f20359210cf7,train
8a9b38030111843f7970e20a4dffbfeb337ac935e6984f41126b3972d399a1cf,test
8a9bebf81ef1436dcd63209a4213aee6e41f7330b72dd2ca55d272cc754dee09,test
8aa1bc6b0a1b13c2daf00cffa7cf75b1f0c710a85ea893fd6b53283f83bf4e18,train
8acf3171b1c3d2fe62f9ade3dc0b4eb4646cc338bad6d3ce7a717a7a87cb08b3,train
8aea723b0f30aa5e79545b3fd7b8c22fece248f1e399e6155be21286e260090d,test
8b04739b8dc41225e8bb765113b0ffdc5c32fde17d9c20c37be74eaed5a4e7d5,train
8b0ba4e600668749fbf44697378158a750a682cd449435d32ed641cf6cdc0927,test
8b295d4fde1f027e2b549479393af0cf833835f113d6f314bb8199c0ab5465a6,train
8b2f91cefa63aff7a03926add4b61f2a2d96ed174ede95a9ff2124caf5d33250,train
8b3274695adde02729c17832697578cd886e5eb8667011c33d765e3bbd4f86d9,train
8b34afb943e1f12ef3cc0e2ceede13a4793e3fb67d649a0b3b16ae1414b423ec,train
8b3755aec8f5c0582457aca268d357158634701828b5930d8845bd0cd9c89a5a,train
8b49095854bd0b8cec98dba77d390b961a4587e0dba501b51167029827292f84,val
8b558c2e970016182648be7c570577df91160aefb8db2526e58773334174d654,test
8b61eb5bf7d6fe53d355ef96f20c70d899c1fd2b2929c7aa9d3632636ba7d7d0,train
8b78076ab362b0e98835efbcce9896fc5a8761aae98fe59d47fc7c73ccf32b9c,train
8b7ed08f7c6f95bcb1b3ea90a347c7a02861b36cde778ef031fc83932ad0b70b,test
8b7f6f24f68b8f32a2d49271a5f2197eb3dc77cb6aa14140e8f83f9e2b2075b3,train
8b820b9a6a58e4a6f7423eee2a89ae5b08938c3a3dbab6bff45deb326af5ac9b,val
8b8868e47e545c4cfb056db6bc2f6957e87820b2a253f2fc82caf287904cccc3,train
8b8c54157a874e4d69fae8b716251d60724fe28b9ff617a9c8174bf11b5feddb,test
8b903e64fe5844b3a3e6316c72c38be6f4d640e745f6f11d10cc17735b169456,test
8b94c2c0b3e6cfc8f8fcb0ed51931aeb6506a9fa39e8feac630d9bdd2bf109aa,val
8b9a2adc9de5dca3b31a278cf4533867edf4538d23024cd54ba5ecef1a3aa5a4,train
8b9a698087af314f79eee78946fc4c7d496b56ab5e8b0ec5848d87eb907ce791,train
8ba46353b226d5c1d5e1aa6bec3ff059723dabe14ca96a5df2078890c089d02c,train
8ba877a8010e2cb6b176d4af353e0b395f08a6d32b476ce7582b75ef2d668534,train
8bab7d1a7f82e37ee60fdc11e56bc95fe083f918c599b7f71313184865cd73e9,train
8bafa9804800dd357e78acfa8856b01fafd01da114793ebab5cfc3529172ab3b,test
8bb5e5c51fa110c0d9aee7be3ce3fd3eb6eef924531c9a70fa099fb0da72c75f,train
8bd661bce8911803102122ebd8aa55bcbb160a1800e5cbaa8a22e31e03f22a70,train
8bdbddd9aa1e05c03c1e0ca4bc7007f2fcaa0edbd78f35c92a694a2e6b4b66df,train
8bfff169450647fcb23d398e07844336860cc6e28bde8b3135543c4d94306279,train
8c02c481b67fa793c29ad10febd4de9c44a4f42f83bee83f37effc3ee3010649,test
8c044c4fe275f541da0e4cac7756b7182eff73b17753a9f2b6efac6fb0cc30dd,train
8c04a724fbf9cec34b570a37e51243664e8d49e1c052ca79d437e2bd590f3ad5,train
8c0c93451cb2bb9c93dcc892be42982e84912d5bbddd99963772c119b1d59bfe,test
8c155f465b394d14f515cff26262f3a94c9b00cd4423676bc25f93412e4245cf,train
8c1cf52e541775453d3ed784a60b40ee57b5a6062c10aadd4155a6afee00d835,train
8c1ee15d7e18f59b47422bbed9a1faf8ea01b1d9647ab8cb458c1c5acf28a565,train
8c244387e779340a5ec680a3144cc7f1075c81ff8193dd7b60a8cbc6a99c5605,train
8c3735271aceb769322de29fc840c90c9abf8c7a079440e684153870cc72b1c3,train
8c374708fede2dae260f49c7bd76f97e7f0d17a37950cd49abcbf5c13d7a9da3,train
8c4edd1ca32cc821d0462f55fce50fb33e83695ac4c20b6ff69d87200387eb69,train
8c545cd93e419d54d95dd17dac82164b0c7fbcb913c64a062bfb62fa3416aed9,train
8c5ba84a2a1d3654fdcf7d09a1be5fcdc5437138884276a2c1540e9894d57958,train
8c5fc28958ad119ce92ad568d095f0443e8c9a559c9c128b3787018165ddef6e,train
8c64a9405a4b9b2b23d19a8d55e90fd6042f4d7bc4baf57e8ec41702e398c4ba,train
8c65d655d36f05e08e3b4afe16c1f12ad461cd0daaee7ce9af79d06bc3b684d7,train
8c73e3422764324f10717b8fca46d5ca282dadcf77dd3f21774d4ca1b3f8ea48,train
8c80c29229d571aeb0707f7900a3c696b3c2ba9ac07101dc1e590d5a6426a443,train
8c80f9cc7a0dd2cd76d8faf8ce4423e9c093c7481eab20dbe8c825acfc1638fe,train
8c8ac464dda552be9b9fb7410ba91e497560431ba23a47adba8260329652ede8,test
8cb9fd025038e00033a766287824d74ffe441ff0b36a1b9eb9c086e5ff182d1b,train
8cba9e8d2d35b0b06315ca74d20b67c085e016ce5351e70f0e0e35a0cb3fddce,test
8ccafe47431c4713b3fbe76b64da4da2f5cbd304649b43d4747adc4c6dbf0a0c,train
8ccbb10801a38f63dbff8110243de0d1e25bbbbad0510afba7b08986b514910a,train
8ccc03854fdd411eadc5671f7271d8248aa0ecc2a8246cad781a0f30e44dab54,train
8ccdcba644819004e25432f2ebf08e0bcbfc266df993b3743b52a5ca17c0022d,train
8cd045fa84eed4d398bee0cfd44d199dabd99200baa73fa3a9c1a6a5338c6ea5,train
8cd39f9b51e9634a582c22ae329e092f7511aace60a1065aebedb2acde06330c,train
8d100c11e3b13929b7f63731955aeecc2ac04ceed579ca50d3232f6b275c1113,test
8d1170020b1b56752c81d3f744de4320b3333e34409376d8ce1266e5dd8985eb,test
8d121efae156699857e7e2eb97016751ee3714380928fbaf5135da17d7e29114,train
8d1a8f1feea4a7e1b29374e26892bb79a171c7f4ef10aac2a9b142352cf275a8,train
8d1bdc97e75b70af820ff53f2c2dc05e494100e5a6b2cc06fc90399ab188ad08,val
8d223057e2c8635d1c76f277673316cfe8342a414935c27cf50c1b596df961d8,test
8d245482285d7c63328b8706526ca81abb32a3f60188aafe1a9a5581ae0e2493,test
8d2bf15da1cc71f2f4c8a5c1699aabc4a5755b2aaab319db01d83bdc642ab047,test
8d3163b174c9abfcc1b218a5bb64c62c8aeff3675e8fa6a4eed9a0b3256f4cfc,train
8d358a30cb801a7dabf78a8cfae32288e589c5a403e96a2a5ad62690b8780ae7,train
8d40b8d4b5958b7c823867a4bcd12b07a96a34f307e334ff3db315a52349f3ea,test
8d5b89e10bf36665d4756b2f868fc50e478021ddc3137ddf39c391f59f6f838f,test
8d5d5f9f3ec853ed2da832b1bc6ae2bc303fdef2c57a2909728b6993b405e0e4,train
8d6002e3f1d102b7cacd7007390c4d847ef93e2787759a6af36d2d0ce14ca896,test
8d6a54583f76097a827d293dd274528cae8355c6177feba9b323a33dfaa54bda,train
8d716b21534f671312898534fb756cf06c360a530cd1f2fe2fab51c074a51bf1,val
8d73f7f03a2b4f507251804eb045c35b30c13d6f080a4718e918fbe35d7afd6c,train
8d82bff883ec4ef29c0dba21c038423a490fc25fc52c4f564a229490cb4f5db5,train
8d86e799d13c8b5ecb37e23ba3e32f8a8938802a84a5d9a6d980b9901687a180,train
8da384a303e0c4f59c8cf8fa80cd0195e1dc28e66d4f782fb4bbb6433e98b9fb,train
8dacf84c07d5a73df03ef7b79c367ae659ea54ee453d8b395db2b510d9313e67,val
8db413cd710aece814691a1cbc587d088ee25fc929ca8cd4a7a8dbcfc641a2ce,test
8db773809048434c8b996d06e7c853d54ebc350b80b0c3ffd5ef9d4359a686ec,train
8db830b367aac625d2427eb50b243e7b6662dca491851d1b7bee87c020d81803,val
8dc1c91ea844e5c5900a991fc643e42c30bb650468c8da63708ce1458e8fa7a6,val
8dc28b6252229b9e510e540aa387bec2f0bf130a77c522baf03c773b3fb33050,train
8dc8e1c56dc5a72791ee3425ac8823d15a5c15cfc0f668ff9552b9c0fda1ddc6,train
8dca8861ad26a3386e50e26ad17125e169917d0b27b70b7972b24b9387331b25,train
8dd7ae4d719881478c395e312232b9fc21db5c548676945592731e1ec2aac77d,test
8dd8c8cea9a1aaa73257de12022ae5f848cb1351cd59583360d8aa0efeda034d,test
8de47173cd3a4dade6c0b25793de1db78980bdea4a5568c1564535da91ab059b,test
8de5449c6bc7002ba1ab568c23ff5368090c251e5c0641223968cb1225e3aad6,train
8ded2ee58bdc096c9cf5078506e2db26e1255d174a59e32acf98f375823346b6,train
8df23ee9d7c508c7a3f91a1d56e09f59f40464f0478286d121b9d794af597f60,train
8df459b5e95aeda2d7739a7e70fe1efc2164f522224fca176d46f6e10f8ddc97,train
8dfed370f4028d32409391ba0baf04a62622131e2d317fce45d0176350f5d7f6,train
8e066bbe9f833af17dab48a5d32dc5e171b42e5e88ae71c31a15bdfaa45e8177,train
8e19839b5e224a778adf5ce4bc5c37678c9b32ab379dae1bb99a176b16255bd4,val
8e295fb1bae668cd9be161e9e222367dc63eabd52af8c21c95f6ef37021ce0cd,test
8e2b8bdd7c6cacc800fd4d48e9007245cf37deea35e38612dae6be576f9578b3,val
8e31e9e9cdec3357517a4e1d0857faa1950d6925042d8408e3521c019b361ce0,train
8e3656be89c14bdbd67503149c54f7d9069552977eb063271dc5fafd2496d47e,train
8e3859f487329f1365247c8ef87533078e0875ce0c20abf07fc1a3f26986f9cb,train
8e45feda824d7747ea6bacf9559147b651a2058a1b35fa34b70733d47d7e546c,train
8e466e396d1ed9ff1cb5d420ec8aeae4cd752f742466dd861febc6abef7d0d2f,test
8e4ca7da85a9d048174acc60be8960cbe6c264aaa84c0306ab242ea624f7275d,train
8e62aad576ea6f533fc98e83a2c5002d21c8b3ba70b785463526b31018b780db,val
8e68aa7efab8ed37a81042bcbbd67a24bcc68903b7310f27926668c2c3e164d0,train
8e728c764bbfcdfc4bce3d1846787808410ab175986abf072c751dee5a3ee491,test
8e73ae1de37ff219707e48d1b781118563d919e06e6933a27d8e94e229d27e45,train
8e89422ceee4d5a394a71bc8e2d6ae43279a541527816bf7656bf1a2c4924958,train
8e8fa7dc5b3faa9c469f90794ceb96d9372cf2e7c150edc2d916041f45e2009e,train
8e9fbb52dbdff1cd5ed27b22c77ff2f3f129198c90fa11939c3fb5508f82f758,val
8ea3759ab1735a4cc66c7704d6797830283d2c5ade4aa6eb38306673ffa11fad,train
8ea71903e29e36425c1009a5333ddfeba67a3dd132ac2e558f9f82a59078ae57,val
8eabf8d52704a9ac62bb367b9d008d7e07ccfaca23fd089cc2d852f097883b64,train
8eadbdbc6b185d55ca6891e615be6b7c0635a93cc1ab2a6dc44715a413bb0373,train
8eb65499410b77d33073299838452d9ebf8277b2f592c165b17aaf4cfc07b912,train
8eb674cdeb7c79d41e0edeea5b96f14709eab3ac182974003e4f141ef066ce35,train
8eb929f718670393689099d8683d5231a017c7960ae601e4d6c33b2e0ddaa882,train
8ec2b922d74c987f93af32c26f434a3d687db202747ca6b6f9d55ddbb09bec26,train
8ec3ad5bb6667a9c774c523cde556ed04c646bee5599f96790203f0773957fd1,train
8ec3bfa10027c04ba862af09260455282a1860dae0cea909720a5b3102c0bec6,train
8ecb1eec3f44354a95069e68214d410e7509ee5789aa0ca5083924fd85395031,train
8ecb21bc059c941c7bf50ccd5d800a0d9831eafc971736c7af2595b561387ec9,train
8ece46dfcd687aa20d40086b8be96b3bc94be2fbd63892d39178e7bf2e5c565a,train
8ed6fc32f074f46cbb5df430bbd1b55cc9976de6110f533b18cfab37b84cb2c1,train
8edaedca1f3c50d5c641fbf7d80c158b9017494c595c17af9fe32e01eb85fb6f,train
8edaf00c07287115832909bd0b54eb180675e16727f1c3499e6efb727b87c799,train
8ee70dc058fab013ad33bd9dc8a5c8377cf4691a6286f69a106f98d391fb220d,train
8ef4828589246bba54bdc3aedd2e43aae4a9a37f1e8ab8d311080674dfe05116,train
8efd19c516bb39ffa0d6417df729e08bb4c147cd3c7dacd7aa9301621386a89a,train
8efe2798828c3fe4f2205e37dd02182c3bbeb3544abe604d382788fe6ab40a42,train
8f015c9f81d3e8439ae5c63296069ad7401c5286c784a69c303de02e4ee105de,test
8f01db54ea208bc23654c5e181153a120a02d144a0971e9e6e5b7cb86ff6ddcc,train
8f02bb889c44ce9616430c3de57a5e260e947ec0dd68b3568823e4db6ff697e8,test
8f03e04746dccf073a18d8de3df23064555ad17e92ca919c4cc312c061eeb98b,val
8f2464d99ee56a676a6ed6af785150ebb7ed5da1ab87b643f089fc5e813db224,train
8f2b21b05df6fab85690625634a9eb4c11c0e9c92a78dd43ebcb1390b7a6d205,test
8f2c2b16bc3a7760d6bb53edbdff51b2593d40902d3d663fa362cb7cc614c33b,train
8f426e3968d8fc99433f255b03756ca3819a165ef5160ca7c161763ff9f53040,train
8f6a30de3e1744c8ec42f3e48ccadad975faa42b17f192647773b32f8dca2b5f,train
8f7c95ee865154ca50efd13df9cb78cbfbd40f5fc4a02437f0e8f2667ce50895,train
8f7c982aacd133e43370e978d5e12522067e358f0aab318a49f46f64bdf45a67,train
8f8e591e66a107622a91ad899604ed9d42838426831b7e4ce405b9c988a43a96,train
8f8f3c32b46f26bf01d290537272973589971ee39aaf2fcf1666407d74bafa98,test
8f97bb08a20b9ff748c9bd2287d5b10bc53dae1d59554d73d3d84b63e20e586b,test
8f9fd76ba5da805d58a75bf1f43b2f6f8859e01aaf27d2df84276102453e9de6,train
8fb4a8f26e79b5415c01dd692455df7e757058f23db2ead30df942e8f5694128,train
8fb69d13b2cf16c8b496617b77bfb22b4e29c056a79e466461df27787c27f633,train
8fb889d1c28f76b8a019398967b01acb98f98f6d25dd2e19ba12ba8cd516c743,val
8fbaa1cafaeb25a9f958921badfc7ef6d301f7eea6049241865da60f7d4f6187,train
8fbe654c9f4081dff7d61d2b126033de8e7f99b024de09339fbc0d5c6413a2cc,train
8fc02433ab57de18788c7a6e00199e866cbcb2c48a5a0d1d5c0a473c24d671d2,train
8fc8622d1ca668c43fad2c43f16a552a135f76072a14a99edca98d1eb4c7b785,train
8fcf155e2d4e9b845bed0cf9e934e9298caf7c61bf54775988af75b4ebc10897,train
8fd7c9efae8a8bdc5d3529903d71ba5c6fcea174ec7ef9892316c6bb60dceefe,train
8fdba6e4678c4841197aec5b526e527edead601f8e67149dca5fe71342471a3a,train
8fdf2e9c8d0b660eebee896b14b099bee86c4e192f701832b27e93ad513abe99,train
8fe0af65626c6a38b940aaa1f39b9d527685bd848f5e77b7a6b0b376fffacf2f,train
8fe966fdb2888161c256ab343906051a5e6981168994b8b5a5e6f04e21dd97cf,train
8fff8fa7e507db91e2797781f77330c14abc16641515f2e6592e80d00c257f8b,train
902e2ac313f264830a826061a7047bfa4caa60fb89f3cd3062941c0ca9f012d9,train
9046c2fd7d1084349def6a1893a75e1d952ff424927a07d695fdb92dca39e166,train
90553e058653fdb5434624b929ac8752a2124d902ebcd80b01c12f1e6924a253,train
905c31aa329db422ddea74f76eb5e62e7aa0085ecbadf144cf579e7764c289ed,val
906a9eb1ebcac739c2e30e404c2bd708dcb52fe128d6024ef4eb8464d2061951,test
90716a1f3379d0cb7a33388cbe37b29d3c7ef3d077b16bf6a0fe6e4cbc6f61f7,train
907cb99e6bf3d41180ab6b04ce8451b98d6fd59a57a5ab64f659e9dc0b29f060,train
907dc3574f2051c7961866f9900d179ee0ef06a87d4686577fcd6912685c4149,train
90c534894e48f6eced5aace1279a8b17ddc2cfc9812cb5eb8ac8de500d10b45b,train
90e2046537aa6039ddf2b4ddf3e997b791ddae0a7948f4799a962bf36da97da8,train
90e583e12a7c5edbd494fc38613ea3bb04649010c18942aa8d0cdf5a4d1035c1,val
90e7a6dabfc06aa4a6a4f626ad09e9e351bb936b0c9ea92bcbd22f8a0d68bef7,train
90e9c474b38f0b243e8761854205682eedbf6d829b32200705ff68e34c5551d8,val
90edc871c786ebc71518bc2a575d329e892247ce553ae714516c3e65acd213e4,train
90f87400b5520870068025b1f5ab4ee75f72011da8e51c46c13a4473eb754745,val
90f9891d1bc5eb0056b2b5afce31882a6f15eb0857a175fd38d45add34feeef2,test
90fa61d1be77d63dbed70e778296f731a7905c6dd774c43032ca01c04f45578c,val
9101ad102866ecfb6613f2d0b17b66b358d5d4c0a9bf47a94c0284e1f45692bc,train
910ff695b1869630e63e0cfc6914861fc96c14d7b9b2143c3835a62e622d7d7e,train
91290ddedd09a0e9144f156d5405771d68be3cdfdc6d1c3960f3463c3794ddda,train
912a0be16d3abd4b410d58a52e1c8a035c6d9249b27e45c0ab487d4137efe3f1,test
912cbe13066cdd9062d4ed30db3810d421fb91263e713739a247f1c151c52ccc,train
9138721e7d5251c8b0ce58b22a3f7ed5b3311be025f49d7e374c89cf315492cf,train
913a597a4f8c5d73d74490d57b1b9fd1c935381c11dd78acd08031722dd9f374,train
913ef283189d39f4ceece8614c76c502cdd7d4b2b11d83f3bdf9facead789ca7,train
9144f07e1323dbb32c19207deab75f913cf8508d8b88e9b2a3037823e421d58d,train
914b4ab5b3e6d65e6c8c2d99a007a01a28d038aedb718f7c2dd1f3676fa78d27,train
9159f21166c6de009caa2628248c2aacff8f76b7314dac8f54732bb0e11fb0b6,train
9160e52d667b41c5c6c8c04edf3554a3f43bb01f111278b2e30122bbb762f7f5,test
91654978ed7737e45defb5696ebb6b6142cc5e1ab0abf0c916b3709d5fdb7449,val
9181688fbe7e69e49b2738d9c1dbe6924f9396eee014cd25a64820af11e996ba,train
91843b62ecd44bc8512c8a22d39f4485b4c021db469c37e369a4ef229274db17,train
918f90405d3a51cbb592b03d450182cb2efbdece15759601953b7c6846983b72,train
919176edba3b5eefe295bc3163c61052239186b76e17131d16473833b093668e,train
91a3352461d28fe26eb8f6a4369b8018670241796980e1084b20ac75a3547b7d,val
91a7eb3c2903eae5dc6b79b1c43a401bfd276eecbf839d553e7154acdc90924f,train
91a8e468f76f119e35af2eb65b3be18833ecb6477c5ce2aa158419c485f59c29,train
91aaef87d7e81771ca485902bb39b1ea6faca9437a66dce2e158e6a0bf877a3a,train
91b0c3096c4f6f133a8b6331a445b5c22d4fda67a242a2902b290049361c5f18,train
91be94d72ecedea71048b2a946aa9ed5d02e87d5785720fad18cc2f557dcae59,train
91c52112e01392b941281fbed393ae5751fc8021cf5b1f16af0e28a60bff8cec,train
91cd173759497aca6d458c69e100466dd0de9aa82eccbf8a3179beeeac6b776a,test
91ded3ffead75f063c8f408a8daa879dc7657a479cb6d0f9f3619758bdfeacf1,val
91e65312801873f2980bab3ebe09d01b5ebc4b2919a940735d5d0143a4a1829f,train
91eef1ed89185b5922dc2315e31180307ae871d03b1e4e6178e4a7c7a8559969,train
91f5d8a5a51884d949e1f20b83843299aa560be70ea6b81ae7b80d8dc082b658,train
91f60c21935ec98f72c7b060ad3f1ea8ae8d03eb8baed6f86e640e0680c2ec99,train
9203cbf508bfd7a797b46cb7192711ef14d84e32fd1636d17c2efcce47cbc153,train
9207a25fbfedfecbc877756beba6277d2e5e1ab722d0f6d15bad01b5da40f92b,train
9209a1d54efcd92cf8c4502989e910ba5ae3dfbaca27e154fcc8454b6e3e5f31,val
921acdd7e8803bd5dc34327cb581c1e9acd4b2ca0745383bdf0f3345579d1a83,train
921daeb6b817d74c6e6081fb167581db465321a168c03b171f27eb21a4069918,train
9229aa16a6f386f865eca0607cd2e13a9723516ca58835f4b6bf75bbec67b626,train
922cc02ab0519888153f881383f248df8bacd00842090f09cab66777798bae6c,train
9238c8e1d5c0a485b8af95b713b7f2c56f6b496f4d9d597dcdb76c22f626694b,train
923d7533000fda81c4f3dbb41fb9a3671afb80d7d542a584241223f71e884fea,train
9243316846cbea8fcfaecbe42c7132c240d4ee272d178886c4f2c944cb71a4d5,train
924f35f05883ce267423918ee374ee5c9c25fad5e6ea4ca894778fc4cb2166c3,train
926b1f045121ee77101993bbb483b2d799a817f0a36b73c7c61049c7b0a29e2a,val
92782bc1cafdef3b6ea4dc1ae7c0fd166bb497ce11f72dbba711acef38397861,train
92828861bc8b7f328c50e718ad7ebbb071ee5408b7d7b9bd2fd21c0b13bb9417,train
928af5e90942246dd78612293dea913a17ca5747b5b3de4de2d4afb364fb2907,train
92912dee830c556e8c38bb4df1db356087bc8cdbd742e387ffe134e43a623d48,val
9298de891e3308e67bc4f4301584dd8a16657338669e51917a91cffa3b1bb981,test
929f19f107385d791a48b9d0519f062377962c7fe1757b01223ed78a30af242c,train
92bb8d44e41a6dcb84031697e52938d67ab60ed2f2669b88f3a6a40dee4b46e6,train
92bc5f9409b5380e4d9f922eee5fcceea213e709e40089253fa115547d3e55ec,test
92d5f6d77e20c9ddb126401349c8f8d84b075344fffe0f9167c9fbd78e54a5de,train
92f3a841cb385b9dd10655182cc70a27bdd8e8e4b65d870808932bd960243b9c,train
92fdce0cfb32251f82c1dc9a5a24b6cde2f6333eaaf9f23541520d19da0709d2,train
92fe20c95527be797a75c363ad44a94c2e15bf4bfdacf7adffed0b47c47067a1,train
9316ae7a8fe459b9e5f94e3ab93404b27ea6a12931f96dade90c0a88b85925d9,train
93182a663431b3a8ed0e09cdd94ca69b20058319e10ab4cf8610911faff9ed83,train
932c86c1f914af7950486addc8563a7341e0765f9d0139bb0e86edb3cd26fe14,train
932fbf9ca4c5c77cdb0e9035bccf67cc19495ae5559e370065040d6a4a2f67fc,test
933826b45e936df21e4c51091ced4c8ba61102f27c6d76d9806a6d4161c49c41,val
9348a03bc8bda225c99cd48cf7c721ffc57130f21778d1e5121a6497b1fe9f17,train
935491830ac121784d0b50af2c89b8424627c83b415382b56b21967bad63698b,train
935540e698127aef63f4e3d91dd65859c36215dcc090c48b3ab32b789c0fb91f,train
9359894e8e31d488f105b1c61b1f23f167fc9c20a2f4de6c906e7c28b17f9bca,train
935f6f0c49eb6c0357aef2b7798e36a5a0fad2f0f96e7aa92a87ed617900af57,test
9361c842c6e7265d7543545f917225039301a4f4a7285503284b64a9266b294a,train
9362a1c8c3c6979ec6e7451c7c7d2751e6b4d0c84e12a4a40e755802153db778,train
936644d715531aaa285b4a61197dd968d340916a51468763859a871edf67a5da,train
937adeb98b1cc46f9fad2d389c44fd330231db7d45c76c022d835e54a2c68511,train
939561e21599348f57bd0d69ed73674f7387664246d19ba124c34cde1e50db6e,train
939643edfd12817f37930b1e603c8cecb5d9cc7254a09fc7bdb6b9fff0c2d447,train
93a84709a874167e3da3081662b35a87c7f5ea0b40369c869e6db16c6d1bd1ab,train
93b8df7840a3ddc0f1bd1877d714786d27579d1d91c759df310cc2d8ebe4ba2f,train
93b9319fcc12b0723aac02ac7cc1926fbf0baa624a4ae103c5d031bd1ea916e5,val
93c111d6f5b3864f1137a051edc85e6bb23519167234ed485084d3282d6f5e5d,val
93c5081fd83eac83b74b17b2f908cc36bad236e8085e4a654b3b26918ff07058,val
93c7864ed7c2fb9eb40f5cdc3dc2cd40fa7e789ed37ad245a32200a6b276b256,val
93d66d66f32868d6afe62c408fb770191303f74d6869f3a220bfd2fae6d71284,train
93dccbc4533696efeb554fe803457a27aa6886558de06fefe77e04e424c4d85f,train
93e1fa59f61f92afc32225d1ef6c1ce8892e989fba7c29108145fcfff0c033fc,train
93f2bc071855ac1a3334aec96ab5ccb17832ea1d588e7067f06840ac67c52ee8,train
93f89e665c55c197dc631e2eeba3dc256ff8b425207915ffbdac605af8a565ad,train
93feae0557679cd7a9f6772cd8fa4f6868683aaea813efc5759a531d534f31c8,test
94084f2ff259de8056b72bea9efd3dab805c8e72d1d213f03f876d5f508d6e86,train
9409e5e1eaa926b1968ef5b07f5a9f0e75e5d181a0c860ec136040e91876656a,train
9411dc76ebc5d4a52be6210e36a126f24f2f12d2e551d6169ea93a1ead98a892,val
941360bc62857ca9f1c121aba9610cdeac8001fc50da65e7d79a6cba3fabe004,train
94142d872d29cdc3c6d4d742e5af94074e6c59a9fb792be091a40e75bf18d1d5,train
9416a4f8aa549f79f248756880b1bc9a09b7ae67d1f18a21fad890778b075f7b,train
9421e2a5c2cf35ef449e48004cbd15185c1293cae0f4de77ed8d5adb603b8645,train
9427b64a9f9cd47a18a6b7cbf9f954ba2c5430a67f639b2bde890798378905d0,train
942980c04a75d95320c3b304b738d63ede0361e81ae87c70e337aa1f7e178f88,train
942f628befd7813c50d689720271021f4f0ed4ec9c9fa0730fdce16115741bf7,train
9434346b1d57482dbf3983cb11305dfb0527182009bef32302c33d90291f251e,train
9449958355dba32e441e8c8f1ade54c81580a26bf6aec6adccda518c07d384af,train
946066c8fe2dc538be3b339d723c12f21f916e130718c9cba5f8ed69ad830994,train
94606a13fa3a0390bfc3964fea26e676b1fc05440ec2be83b55a1661d93efe70,train
946f7a9df58944a0d03499d7178e31aa7e91195232bc7e0f8062cad6d1365490,val
94745d6b463d38e42512b1e3a03b63a3069cdd93bec7afc1af01ee6cd81be6ea,test
947cb0edd0d9f226538e17c1244ae28e915873efb0f0fa0ee4c837dba09d70df,train
948c77ce33ac30847a43a0dc31be3d48e17cbb4a980fd925a609f2f7af3e1d36,val
948f5df4fe5b6bc4b15a245b11189ca41acea9382116de5216ffd536b414e7ce,train
9499ef313897501754ce9a0a76b1d5fd82edc910dde62e73d5d3cc1502868a26,train
949a09813ab89e447226637e74fdfe7244363874e1da3da8b662d883a4c9dd63,train
94a09f4818df4082a240382943057110220fc32d260483ab3038f13d57d090b4,val
94b0daa216e38e0b67415dfe6b775e5f1b06f218cb4913b0788440ca44fb8453,train
94b19848f3fb378653d361d0f951b9ffb9c83f2c8cee24c412d2b49de01dc5ea,train
94b6ceb9b037f3f814895e397a64eea248a81c3af652f9c244e285499cfa484e,train
94bee2b9b632f4e50027538d95ed5431ac15b592c6ad45c1f4d9be2b1bd63387,test
94c2f34b9c1495182290069c3d7ab6abef8dcb9394f0fb224bedf91f6f4c16dc,val
94c382bbdb2c3f4bf8e7cf0452dae63be76d45aeec076e02462c7bab0a87238a,train
94c684730f1832030370824a92c0113a0c33ba7a9209a57a024b0bd9b1f5d49e,train
94c9dc54cd2b9c53b09cb745e263ac03f6cb6983f771b8f94d61683b91f9afb3,train
94ca22b676cf0a28f55f19bd1ca9ff2d09f31321efad34cead844b716a890ee4,test
94da91642fe834b256c18bc356c5ed4b560a0219e898d1258fe127cd4358dc82,train
94e1c34923eab6a062d3232ae9d4ad3d9003c526ba4093b9a7faa8f9c759199b,test
94e5dc3c8b6d8031fa1e5cf6f7ff15ba82cedb097ed8cd0c7943b70f5ec66e67,train
94e63056b297248ab354cc82a94b74ba2ed9ae2624efd23d953e30396f41775e,train
94f1445335033c0cd7331209f218e3af716f267b1cff307081fc26863e818253,train
94f5f92ffda428d5f22eb47d9dba197d81616b56e904db918c97aa6a92367bd1,train
950cad7986ba2acdde3d96227d149f65b515b06460c309440867c1ec9232443e,val
9515f2f0b487610a81dba23854dc6861d5fc917dc3e8239f529d61060c5b6468,train
952941c92209b4a06d8cca917b227a4560323d8691dcae40702f5235cf0d5139,train
952c0065eb0a576708cdc4a92a3a0f8da78a9d2d4f0425f29fa1d20e36e594f5,train
95316a09193fdf106fb504382ed2d9fb4e740a8c755d1adb49045ae2874c2d43,train
9536dc98bf6157f01c7ad308237913ff151601a23d9cfa298dc79767d44892ac,train
9539a8ef4733e1a361ecc59c4ce6a1685b1dc4abe53e54c759103bbfbdc7778c,train
953ce52edec913a0ea86b0ca9317dcf97a3f398df23b72455c709422138a50db,train
95448369c41b3035e31959662bb81b8b78bd812f6fb5e6d2a128321debbc473e,train
95552568f790002e96461ba4432a3e039f76599fb79103dc2385d0882cd293bb,train
955aaa85fd49542fb68387e64cb3d6287d27f1e6d248df0b55951408d38957a6,train
95670c90f76d8ffc36f514d9f79cd04cc2ed4e40482a93bf71ad5378784c5dda,train
95687a3cce4254415da45c4044b654c8b9ddd819540bdbad57a472bc4996cbaf,train
9568820fc63a9cae3d6b22df4482eeef5dc794b8732e8299f94b7beb880afeed,train
956a33b33770278207af2016348c322a434032666745738014796011e875dfdc,test
9572a9e5310c88496acd716320528eb230ae05e966ec8bf1ce85076aaad977b1,train
957df60b337be7767116c60576cf346f0fd63813fe91cf70c538ed7a05804b75,test
957e2f285a94bc01564cd8142d3b368d2d721512ef02171afa2a1c03a554db7a,train
958007b1466171799dabdcce2cadbdd816e0be96c395f58f640302663f82183c,train
958633efe369221fdce30c2352f764e58621ba031e05766a68e3788eb75a7aac,train
959746149150da76466e8b5cfac0357c87cf623aba177338c8e225d87d897d30,val
959b62f889acf6d3094e3075bfe0b1e8012d90a5046e0bb4f0f040267c418def,train
95a3582dde8ef464d2d56236821077343ebd5bed98cebe0b0c27b42eb7b4eb0e,test
95aaa8afeffa4da74924fa664ddb2e13e5068fff59e9e3ded0840ecbdbf0c591,test
95af3e413681727d4e95642526a267e194aa099bdff8e61ee9e24ceeafc0519e,train
95be2e7a55fa5fe0f551209cb6445fee4104499572c9593458ed0080785b6b99,train
95c19fb829b5013a087eb06767e410bbb52e48fb755c38958eebd33639c99001,val
95c6484bbd55840ab34eca024bbb65663d48b0da8abb6f115e75e2052f253a32,val
95c979c90582a8d9cc89ea24d44d1082c776822ac6080886a822adf062c68768,train
95d35fe39e5cfcf24249b2013ce44135342608dc0b57c5106c81f9ced73b644d,train
95d4f1e54c335e1ea0e615a7a4e3b79957d77693ce60701973e0653719abd9f5,val
95d99f771352845277de739775856110e5c6af583c567b415cd71ec8355f079b,train
95eb0f58c89fd36208a2980360d91f9d1ed77e759a6ca3fff5c0d2e39fc178ce,train
95ef93e69a701d0613878c6965bf7a39c34913bc82b1c367e9b4f210907cfe06,train
95f1a425f4e86dde6c2f93a05431833e9a9838caa70158b6c767e44a3312ade6,train
95f8317b612716eba7461ff6f096b02c58ae5a049c57488874f0279b79f81923,train
95ff4d22bae8f4cc9a592b9bc4670c54c273b0ad484c025d6d2fe147998bf92d,train
960463237cbdc7665f0d7fc2f348814b4496f40689656598c0f353386864b9b2,val
9610a276569a3c15f9b621f0b247b27ff10861ba61c0a8114aef0ff646ba134d,train
96237241157df15bbd839d0d14425ecdc82ca1e195a0eaced563ea3d84123a94,train
962bbd7d8d5d29a3a0561c22cd2f0f267eaaa33e400c9eaf7462343c65e8e6bc,test
96327ae189565bbbabedc71f5c2068b352dd2aa40ae4133c21b23cdcaf51ff16,train
96436f5ade688608aa8b62b10946ade511b441424b96b913b60db30d17e249e4,train
9647bb3829b31a7f4eb18166eb4230a4fd4d7fed80a0787e1ea5c5eeadd8804b,train
96530dd31f341dee017c26a6f1b14b74adbfc374dcbd2deff1fa92ad9463ebcc,train
965b6f13aa0e68c9c276809ace95afe685c2322f0e8a5631c9eb8b9e0437c1df,test
9668ceb98f836fb78120e269406ac4b657709ec0d0eaaed8a579c602fb591373,train
967731557b376974849b3d3397fb0079e96eba69a52072b3e0f6e63b1897de77,train
96831e6ab982afcb73a8964a0930cf97d6fd1455d89badc01cb56f3b934741f2,train
968d7983363553d3915c49be27d1bd2961b4269dca4fe4410654edb398a0ddd0,train
9699c4a041ac52494065b9e121397ed0091a8fcf442f4bccf77ef49590c03652,test
96a0009e281b5b0852e9404c5b97ba897fbec2a0e4c4c5663b6e6ea1cb6c5ec4,train
96a9e7e724539484daa2b2b63415aec26ab244d0037866edaa46b0846979795f,train
96beca04c0a513127488eeaf5e2ce7b0e13e6ff0a0d1f02d596a29b1d209e6b9,test
96c29d6c8628c3f35db9b532a27c075110b10dbb93fae9c88141153918eb1e36,train
96c9b1c573201d1cce2e78e8f7af44dd6985f94ee8b8b8cddd82d7ef96007028,train
96cc61863e6a15a3f8c58f8fcb0a00c5abfb2462cd266721c9b3bef74f96eb77,train
96cd00a79e5ec920f8f6bf2f66c2a491675b6d6a5e0844e2ca414b16aba71bf5,test
96d356428f1d3e3a2c1f96dbdb1dda10f10628302c4c26c109ccc18898d2e302,test
96da2b2b5281d7e8f279549ea9f19b86c67178d663470a516918d6697548ff6f,train
96e5af4f7b792de2b948c734b6c66374e815180418647f968ffbbbe9a21f5ec9,train
96e884db4de191130ad1ff037bd66375e76fb7ba07c61f51c5196669c0999c22,val
9708e9654a6eeceabef95bfc7ffbb68dae0c406027c1210283d781bf7dc00221,train
971ace68a026665708a1e867e192dc70fd318f8dfdaefd601a1daf39135677d2,train
971d71841005d461c9b5d305a3e8b15cea58f4be8015533c0f2e5bd3026135f8,train
9735232663634103f68a27c4494b67796e5ebf9017c9bfca67166e908aad4cbf,test
973ed1f51c87f03685edb8bccde59e36f790de1cf61adcc61e2135cc8e1d3aff,test
97525451d644167f77c04e7e9a9150e7336c78a6d94d1330ead6dd06a99cb783,train
975bb0b26761e0917063a8c4884301c29183bf68dff7682691a3a793826ff5d6,test
97617dd4a2adc233eb014a671d85f8bb5c908b6778cfe029a7240f40ddeaadbd,train
97697a33681698f5d285473dcf9d2d903b8e10dd901f59c11004e11618700122,val
97722f7df09577bcdfe0484efb331dd1d568dbdc60b9d851c86ad0aed875aaa0,train
9776134a3e569f7f4902053514a7437f0b9621599a209ca9464f1deed41d9613,train
9796f9ee468689be9a67ddebf9edbdd146b7f6eb31dc9151374bdde0344963e9,train
979a969518aced1f01b3d1f1859bc3eba681c4e5e72f0a0fcb57bad2d4aead61,train
97adb54e1b2625e685e22380436e87f1ef9251e2ce9dc356fe07cc7f8e7b944e,val
97b95d3bdca8fff8362a17fb5874365ee09e6a69bffb4cd2f4e5f7e84b07c872,train
97bcaa9188c0665feaa54bb933c23593248b29743fd4b9676de14edc82b608d9,train
97d53fde2d9567d17ed3cb1d47cdb805257182a950d06abedd1035932e5fa2b6,test
97dee9448e043ca63c0d035c8391df874aaa9f6cbd9b8b50d486868d3d11d906,train
97e028e43c70f54abdbbee621ee90a6a40e0be6eb685f8c13169ff80e498a44d,train
97e4cff3b4bd884ce252bbbf582b2ca20931607e80142f735fb4d81120686485,train
97f708706f0671b9c0a9e3aaed24e00dc62024b3a43769507f7abfbfc996f865,train
980adb80dbbd68fa5910a99326256d73bfbd38d9a58fa52cf1f9f6344c3e9823,train
980cdbe9797d5465b06319e766bb24cf4de26125e62bc1e928583feb64710de5,train
980e2e28b336393a507f1674df31be5988fe70fb29efa5bb3041deb84f10a9dc,val
9817dfdb2243305611493df172f8b460535cb83102d9fc56b879940f619e8d52,train
9831d97c52c25805a6403cb19184995f395c0a79892d0c993562e98e9f39713d,val
9846decacabdc1761704f8a6f300a1fe998ec78ea3295893329308acc8490ff9,train
9874b0463895dbf081f4cb7020dad7c4ab711cc5138466b21bae9b13a192434f,train
98753ee297d55ee17d9109e04aa47082629e4ddc52046ad956b881cb79a2d61d,val
9878da89cb5e6519018d445a2c8d50e7c86bfa593ec93a9f4c3e7805be4f1db7,test
9879d750ee976b57da195994928e75ec1776ac5e2462557ee3430fe43e5e941a,test
987f3492cc60b345b7c076eb26be68fd6ef3e7860d0775e41961f6f0ec98217c,val
988312d2f755eabea97dfcf8974e21cc5d44a0240dee1277a91c6fa07fd4a400,test
988367ee4f8ff56d997ded544c34e9e806ac025ac1ede4ec6ed25842a132b504,train
988d677ee2ecf3b868e2c87d1b69b54803f22433c604c690a02fec51fe385bfd,test
98987cca8cce4888b4e521070df39049a406f50f20ab24b42b177e4e7802bd76,train
9898e4b5047abaf0327ad5806da981be44c85c1dee64ad3172d61340795b818e,train
98a1a1074e2ea49fbf0c42e5b4f7da90a466e9eebea2a36452a1644ba449d8ac,val
98a1f97acb3723c451dea85ead81252b47ab787255a5c61afe0ce6bcaa803cbb,train
98be2fde6d151c30eb248966995e59c62cb95a5a0715a37b77bca9930e2f610c,train
98c0112c8a3cd16739e7b2b9d32ec3066d38e106ff618c24cf3c028762d382e8,test
98c25b03d01b8110b3d6caccf301aedd032f8c49bc37012081bf20c69b220748,val
98d3e8977d4e149868ff3669e8f19aa0706c0747f57af20c66ccd3c3d0613471,train
98d46edf4c1ed21eab87c6ea468207d0742773aebf1127f14d1fe88c4c875fc4,test
98d695e7b24f6cb0773ced865340e46004f32488bae8ed618802c01b543afa08,train
98d781eb4f8ef5963d1872702c3b0d3e3ef4ae86ab5facba7a70b9bff7257205,test
98dbcee1a71a7d6ef5e1aaf4706fcfc272f64385d01b1acb92e7c0ebbe3143ab,train
98ec7c7e1fc154d604b4551a872805ca66ae715b0c8a37a01f2084329270323d,train
98f63287d32ec9b042a7550509f10a47037c5c7571c1c158824c04a74643c5ed,train
9902d7b136801bff7a1cb4d5ab23662f2fddf125824c21df8c3f4480bf0d0b80,val
9907ac49f6d83f136e37118e836b83b8b8da2ee923a325ed2cff16025c685b08,train
990fca39e7f96d1ecb2d74c986b54c7516d150f244f389768692af5d3b039c7e,train
991352e27a677482624701e60b4c0452be6aa4ce8894bbcc6023ff91a7afe96b,train
9916170650843e17a7ab53c65ffaa3d42108675e00fa7d490db5c9c0d2321b92,test
992050ce67588e95fb5d1a0e5acf1a84a235fa2a47eecb21dcd7603a066cf0af,train
993331c19f0d8b1005130c3ae514e3d645114033bfd8cb234cded8a0d1aad048,test
9936ce2cddbad56591935cb599aef1b9048458272f73cd98cde1f5af0fb9332d,test
9944f308728356de87c76b9412e8c80c6e5b4ddad9e005833058fd78f1288686,val
99461638ef97fb5dab1062c402e9f12e5a5d6394d10c1627de4f7218687db24f,train
994e0bf02ee37de0c5580ee22d8e079e3259f6447e15d4b619c75e625df8c490,test
994edff0ca46341028ae269f3144ca60eeb3c2d55daacd4dba87b46e8a941ae7,test
99582af6e993569367e5b48f07f9d5573524fd81a79dc2c05aa19c1221e9e283,train
995ffa4b9efe6de452a041e0ade561bcd2fe8c4a10b482b4fe78311c305cb435,train
996014c8a6ed7632d9e95ec695f363324ea2ca37cd983c1d181a35d3ed4f54dd,test
9975e9ea91d27f93974fc2610d9201b505ed444cfea5b3dcdddf75b788990923,train
997f5ab07382807b8140d71034a44bc0238f84e3c9f80aa9d2d1c245dc492efc,train
9983bb23f7f75505c2d5cbfb10d6943a0d64dd57e4f52a9daa6ca163cc572974,test
9984319883f72201adf1b85e752b4005f1a92c87d6409085f25dc7fd46d83509,train
9984d2fb9d30855deb41f3b11629766f43a6c7b2c2af89a94ca17fcf418b1691,train
998fbabd43eace372f097a133458fa452fa9c8dbbecc437f6a2362f3c722b91a,train
998ff35f66e50bc648ceae1f302d504c6af7cf121004b0894bbdfc7004a15412,train
99a4aa5b86a0eecbca5c04bc2561bd5a6fed1d24d09738d4db4ac5e4d3800686,train
99a67685c2f64084493717e075c21cd4bd4ec4ee36fae1afc4bac127c694ca89,train
99a695c77f7e42e42e249e564fb949d11d26226dcfed9a5428c0aa4656868acd,test
99a98940f2f0272ce2031731cf5f26990037d457858848abe4afca30b1ecb709,train
99aec3826f00d1f27e43f50226988a8eced636b45a589eb8cf043723f486ad2e,train
99af9a3ad2c6cd53947414474ae3f1514c992e6cc283799ad0098b5c32fe6d6d,test
99d430843b22fe63961698017bdea1eaeaccd96c924090d777dd9017ff86ebe1,train
99e0ab1f7bcf45eb7f8222db0f3cfa01baa838a3f36cd21c8c5113d7913cf653,train
99fb9f007be20734b92e0116276a4a352d429202a3c86977413fd40da0eff057,train
99fe8b346cc4d43ed16d0b180cc74907a95dc5231421d9cc75d94e8f58731804,train
9a00dc8483db5263803d55bdfb01180f679c983f42f7995daf900b041378d94f,train
9a0a21bdf9e0bad76902579aec32db17a252bb6aed9fb0280735f6c468bd608f,val
9a12baf4791f1a8d2d469f11df9ac893b64c550a3d2892e3c389f7051ffadc62,train
9a1e2c837ee3aad62397a35dc4142765f56303ae485d561db639b0022b75d2fd,train
9a2ec4b98dce123e7ec2343f1b3d8d6472e9e94d85543b065417edbff077786d,train
9a34466371c2ae0617f250695089f9b09cd564f89d79f9d9937b6ea52e79e457,val
9a3e0c6aa318fdd76a30e1e5401adba7dfb36b1cbf9913b4eba979f0dc3b99a6,train
9a466882533419ee6efbf8f2378cc424fdafabc34d574abb597d418f18725dbd,train
9a4c7f39d4b9109231a0ac84c40e34e0f3b900249c268c88641478bf2a9fc696,train
9a5db6a4d05bfbcbfb198f9c052f8dcdb862046434a77a6e6907de367d1046fe,train
9a6952bd82ca61131deddac05e93a7b7b82159ef159b6f8e54c4e723cbbba2a9,train
9a97d56762604efdffcd3e97b94dc2db53fe3878cf7ccd561f2fa9e5d6402d56,train
9a9e057998e8ac86f9811af2b88b90e0e5f7868d7817ebd08f377ea691fa8555,train
9aaff5632f5974f28ec455197e7681004888dd512d68fe6354885de34014b788,test
9ad9831c9bf5e020434bde9b257d008855bdde59128d2307e9a1c30efaa76a46,test
9addf37b5fe91516c2bf644295d3278a53d98c379f67055bbfdd0afbc7b78a3f,val
9af058d8b12249050210bf71d0ae6a45289b3f53f040b37169e6534c4bb0ba5c,train
9b1a6ca789aa4730f91883ff72eeb1847c27005ab8ea56849ccb82e72a837317,test
9b3cf4dbb8bc531eb3d4f28047d1a70a5c00b0bb5c92dd22941c16a5cd7139b1,train
9b4d5abc6fff142addf6132f8214a403196b36d833c5d9894d580611bb6c564c,train
9b587505379c76a71648304e4875c45d9ac150aae871bc03cd745bfa2ca69454,val
9b6404abe79120b64990b84ace77b55a0af1a802e2874f64fa5d3df30bf9a652,train
9b745994a03336f3d7d8529892a823a81631830e23407038841478ffbe13b57d,train
9b77ac8a277261ca71d736cd96678ca4e54b344bed9e1d65e6bed1b78d6bed2f,train
9b7d79e0d24f2569cfa1bd1ee0885dbcbba0551abe689235bf801830dd14e5fc,train
9b7d9734be624443b84e86147d72bf26ddc2bf73bf756b43cae2e5e6e3158b49,train
9b7f1107ac66c6c7c7a631de1aacfcf5e1d330a1060f90394417cde9ad6e4333,train
9b85861f62b93ca2035b0da962b3aa6ea64418e5ef5dcdab9b643353ef6bfd6e,train
9b881c03e4377a7420a93d01abc08a584177fe549551d2118e1c4c72322f59b5,train
9b8c67c2da3126711536bc3b1e3b471951c9eb03a480f2db71d59886e1521af8,train
9b8c6fcc0ee067bf87c82581fdf9b700e56bf4af13cbefa316b020c4c7049f96,train
9b97a1031694d158245a3feb75c301a386677e850af310ce56834a22a2359dea,test
9b9eaa21fa7985bcf6f4dfd083214dd86fa7815f25b8cd6bf3a19095e61d4de6,train
9ba8485109b55ed9c1dc6ecbe9353b6ae864893c1fdfe8aa71d15cd7cc620c98,train
9bab4e3a453a5082643a42e3729b1d98151d885be6a822dd0ecf645843ded3b2,train
9bac804735e92a6d04bd43629fbceb282689c815b30670cbc39c7ed2fb55dd93,train
9bb9b4022eee4a35d3fd988a44edc06e2db65850b5ec3446e95d2d18396a1429,test
9bc256d8616bd5a14a5d373a7b4853dfc805dc265dc1d7d128cbc4d54ab2b021,train
9bd200fc32bcfee97781c5c1b91d733a50e839123d2cf2b83cbe1f2f96f9e46e,train
9be7080b3817a341084660d639f5e6161680d5724235c8d5bbe1856a3f8ba8d0,train
9bfc9db4ffc16f2f9bc5a6714781072a146bc4066fdde450b24876a3a1e71733,train
9c18ce14608f371fc6e3b74a8594ec72fdc18b8555bfce63bc2c356158cb1672,train
9c1c53ffa8635759df886d9245754163a8f050e6ad134f5dc6d3ac2e6e6eb2be,train
9c208bb2a2248feb1c078ed362f1dae481bcb43286a4ea7cc92eee1f8ceb90bf,train
9c23a6df4c575bc123a26c1de50a1e6972779a18713589db3d3cd9fcd33c2d36,train
9c272f269a9ecf78dc57eb9c121a1a2eba94df75b2493b262620022e5ba5b72c,train
9c2a7169215c1d686e6af01fb5081de93636c426d619abf9605f557583768ca9,train
9c349fb004ec968616f688173cf87b3738749e52775206344620c0f9a22e6891,test
9c470495c12581a394286553ab88750818db8c09830b444c6c172df8a91d90a8,train
9c49ca7119418b13959492a72b6788c36e4f785d369862ab74a3471c3517af9b,train
9c4dee815e169fd044ea1e703394656e061aa7e1d02544b740406057c4f60e74,train
9c4e2e277620ab56c670b02a413bbc1acb0698f6dd29f80eeb08e6f72569e6c2,train
9c4f536285795fd7f12c35dc91d57c5dd9c10a40980bc757fda5adcd8b6ab452,val
9c531519a255689f31d728a188535c160327f63e29ba78a305535796df84e4e5,train
9c672ed552a8c3933844a05e9643ef89654539326b655dabdc16280aa1f5719c,train
9c820deae8d6daabb72d84aeac1ca0cdc466ddbfaa3cc386879e799b8588f522,train
9c8673e15b3f52e2b49caf94abb7f0252d28a04526c2f1d965e2066fd3987b3e,train
9c8733be73e70bd417cd37bfc9c7988b5eecb2119bd6fd8abeb151a0ce8518dc,val
9c8896fe7b5b0d20a69ca0e68a6e6ea173e76643c62b44a1491c64cf0a928e77,train
9ca28e0fa1dbd59ab58a1f2af07d7a37d178019440c43d6e4a643af59e3a9390,train
9caa3f0bba2def43d7e1a7a5df5bfa0547d3bb8d3e3633e4464bdd9bbdb556c2,train
9cab460efddd160c02adc9990d935cb6b3abdbd6c299e3971ef28f612d52f4ac,train
9cc11a68ebdb5bf370540e204fd762d4df88271f701d5f581092e19e5e16c0be,train
9cc756230c001f191f36daac665bd877ca29d0f5dded744ba996835d7697aad5,val
9cc8b69c1ea0a948d43c40baa5ab66f1b30793e7e160298b2af36dbfecc19d2a,test
9ccdfd22454a2f4c5b4b42fffc3168c4b40ab626961014fdd3d03c542fdc99c4,test
9cd21f6c289e7ec1831bdc9fb21ed03038fb126a237b3e1c39cd0fc2d6c15472,train
9cd2dda9d8f65ec2dee7b134315cca5f1fabb785f81ba1dc1b2b02986cc9fba2,train
9ce5d01e418131137c760f4745f47e90da145a63bbf06ffe56926421c20f14eb,train
9ce729c671a10f4e3dec448f90c7f6d0e9c55e3a7b82eace02f373fa78b48b9e,train
9ceb1bf087605733a103bb9cedd56ca6e305f2bc5e3b96983fdfa3fd28afffd8,val
9cecc2554bbd7b062fa780ca9df20ef5d93e1ad8db2702a981f9fbce3d0151c6,train
9cf2a1073b1c9e48be95785497f83788bfcce018a4fc8c696880473ad4a6fb98,train
9d0c365ee9c5d2dedb6aa12f9f64aba195c594200cd6e1decbcc046d4491c6bd,test
9d34895c57bcbecf3117c6dd39c869cc19b5d5864e6f79eb6a7f2402f678099e,test
9d36c0685a37b28d75d81ffb797cec18e61ac1d543a24a528eb1088d85494407,train
9d69eb30a66c8ed5391888b95151c4b045dcb210a455190b920371a5d6f0c98f,train
9d720941be183942cb8eb8a73204dd732bdd7d7350400d5801686eae4bbf37ab,train
9d86dbf9ed01d34fd1cd754cd613eac3f8d98c24b4557e689c67f67227dcc9c6,test
9d8a1e5ca7967f753e3733f4cf2685271b0b485c60e26652011d3bada343276f,train
9d8b698077612e794e9713a90ab031da37b8c4dacda23ffcda52fbd4368a46cc,train
9d8fb3120b9d00dbf501fbcfc3bc6e37e79cf34008fb8a3f41a9275da92509f5,test
9d90190215ce1678a21642b3f34dff2934b0ffd732343e6708adb55cdb7a9a89,train
9d9a592d1a8a714168c105d14d46c6174f66daff300f66cccf603800d0460585,train
9d9e227ab0ac618d05190d98d938175dc8cb8dd25944cc1467498ff9faa5e005,train
9da4c0764742ae765c121ed50ba18bee3eff571205539758e884f1500f59e8cd,test
9da5c678f4fdb6ff3a40ebbab3931a03bb0c528b0de801a70f3a294576ddf414,train
9dad4fb9e764a44a93605857fd3784b6d55f28e9d9ad1b30c11e571665a5a4b1,train
9db26f3e458a4cb249a101a042c7de44fc078159283d14ce4dcf38c3a5a95e95,test
9db89d83c46e02394f6f403d4dec5113b2bceedc01ba9b1ca0ab93f4a6f81972,test
9dc52474e057decfc49fa09bb0a1e75175b212378415d426f2df9bb3d7fec7c5,train
9dc6439b9f9bd2ed47adba25221fa1e07995caf8d54388099619029ab283d57f,train
9dc7b8cf6693bcbcce6353670b34f7ba17842ef7d3aaa113168b04edd549990c,train
9dcd99d4d6263d45a65d5b08d1f6825fd1c88819b0051e793dcc39b7aea6cd75,train
9dd761e531ffda963a7318e5f6fbb5e6b9c35f5aa41242dde1cf0f1faf6358cc,train
9de7a84fce77d6387cf55a71d06e94692f8097fde752e1785401f893e7af704f,train
9defaac681a02672e9a5f151decb957cd7d13c42e5d43f7525296ff44c19a6c2,test
9df099a83437fe09689f418f6b8283790e623b66203e8efd9916ab7a152b5a06,test
9df279b2cd7632d1d434c893ce6ac6b25c683844513ea4dddd9e4928cfaab5b5,val
9df8e6f3054a1d8eb1e7e2b7182f4290a9cadb6d458d2dd3e0cad459992cfe95,train
9df95f68cb3055440acb1e02873ef655e6f22ca7f4399d88ba6ddc8aa88fdca3,train
9dfde5a3b38d78d31652bfaa55d231f9cd74a8db89bf35531d49ca141edd443a,train
9e0e7e8aaca498802fcb51b064725575898825cbeb664b8fb351681aaff1fbac,train
9e19ed8cd642a2609ad586c8b8c5ef8f40319914248c09fbccd213caea7c8671,train
9e23bd32838f888cb695b060b1e0630e5da2a287b7bb1e0f2e6d113e7c00f9a1,train
9e28c72e247542e80560db083de17d5e3c3556d79347d6cd58eaf64e07102f77,val
9e32bdeb133a602ece74358f577145f8b286dad9739df2aba0cd6798cbe6fa3f,train
9e3c7d80bfbc9bcdeee094bfe530b0f85c1cfeaf1ac4754656d4f587627ccb9b,train
9e42ab9ead622e538c7116f58d2de3567ecb32c42adab69082b779b96ecfb0b3,train
9e435804a4136f76b53a6dd138251cab81bc9c2c9e3612356b0d61f6b81f1fd7,train
9e5db6be402042546724cb3672557e90db6aeaf9ff477957d42a19bf0774d785,train
9e7e6d78a58bc56c2be035df82bb26086ca79b7b22c6abdf063f37f36d165c69,test
9e943f015b3ff62459e25ac446fbc3e22343619032c05b6392f81bd12def389e,test
9e9566e3e5b8246df958ba9edcc78616503d7e2543c6e782aa49c4395ff645fe,train
9ea2402839b2fb7a45d72f3c2de7adfd52d9db4c6e667a789d8109fd2c2ebaba,train
9eaf76cd87583e688e1e92f2184499a8215f79e1e5e56f5fa278716c62d2795b,train
9eb6cd889ed362e622bfdda473a971c2016d9e7152d0d33d4a6786f4ad7432c8,train
9ec1facea0c3aeb7c40a59bca4a16bfdacd936c13bae85c6804f0baa89cd5a69,train
9edca53bf4a93181415828fa52e3fb8221abe9a7bb15945e8ab0d27a8ab9d182,test
9edcf24c41586152595195c5f9d30620c1a8984823950dce5615b2974ba437c1,test
9ef3e33b0b88f3538c0e56a81a2742c62bc7b19d57d06dadd275bcb874318a7f,train
9ef47ca33271148c8f3c74b16479135018a04fa67c7a1c7685a8488e4e813a97,test
9f0544a95420da31c8d17a5233be5f7461d03f607a067a543882a4c0599c7bc9,train
9f05c9608a645cea9172fa26998644fbbc9a78f872d68e1497fc72c211711e55,train
9f112ced0eba355c58c60faa1704bb452ffe5cbc090647e62d877fe129336170,train
9f19d24d75373e68147e577a4d5a03fc963de7c1270da3fa08c5aaa132a4587f,test
9f1c72b30e5887964bfe9a4d20eac23c11760bc14db95185921698323856e9b0,train
9f2791741cd8804c9c293e51792b84332d7dd4bb35cc24df9c8992ab439a9df3,train
9f2c8ddbc8d6e646e6d79350d4e192c5a045a9c59c5332f0123ea97d14a53f0c,train
9f3318b0f5c160df14db3c61bf838e156aa5e25e3096005f420168a53c94d0e5,train
9f3dea6a8ef5abb26189c50833a17973f5f911b5989dd23f47200e472d9d2b2f,train
9f415d38c2eace2970988fcc09f61e4ab6558b768ef69f2b8e94403faf11b299,train
9f4ab11e160087c59af515ad0c17aed3cc4d827bfbbf01601b7300e327494111,train
9f4c46d91ab6cb59cda317e10dcbcbab65b7f86ae2ab0453d9932f34c4eb7602,train
9f5b5b0e299e27a26c36f9e52549ff5e16360dafb35f0ef09309290838de4b09,val
9f5c8a1810ba7b749af388ec5cc5b238967a504edd6d0825afed7b8b6b8b95cf,train
9f5e849d7daa603ceabdbfaa8bf507601f7eb3674b5adf1f83a207cb7b1cc46f,train
9f7cc2a48d308585cccdc166421b3a64917c42e7e383ade260b0a4591f556078,train
9f815bd4ef06bda5716ae5fc4a8a474ace51b75772810d57714f02b49f87dccf,train
9f871350fca29552d342d59ef6aacff954c6fff49a1f5361b8296afd8210637e,train
9f8b288695fac42c5912e1fc2d24a778660f09e01bf8b60afe803112a5e49fdb,test
9f8c52cc0c78a4d5aa1dade0dd7a1e7f53a8c81aaa500864b95d3f859624bdf5,train
9f96c36b5c35bc50c89b77eca6ec18e65712d41b63a788c52db24eead41266bc,train
9f97b140066821fe1e13f4eb4bdffe0f5ac2e6d9ce901c779ecbb9ce83570fec,train
9f9edff32987a66623fa81c36121c85ea12e9798fe753ffd29aac1daa2723f5e,train
9fa256f64ed8c99cfa4e20a69cdf8a70036cba105b25b289a311453f4065b61b,test
9fa7b544b17f7496a75a9d4eeed4d43b900aadb3254e6dc8f9210349bfdf3b6b,train
9fa89424bbd8b38fb8a17e32894b7e6538fefeacbf32ea7941f93c8cb1b7b5e7,test
9fb9638e12abafb2221858b874237fbf647c3804cf2b235bf7ae92393eb6a184,test
9fbba082df6f4137238304a48350198f8ae93889cf5630a4669c948350dde738,train
9fbbab51de901a11da0c9216267abb87619b6983e6626552b0eca10665b9202c,test
9fbe990c69705465875d66d41b690f23c2d186c93b713ba4f71c69a0ce383b1c,test
9fc1a2cbb2fa30dede1ee7e23f41b373cc237f88d5f4805c7fba760b9523eb1f,train
9fc43fdb28efafc78450fd7f423a12c1016efeef0489242d63cb1329ef754b55,train
9fcb6a0818b5da3a72662751c2e8816bfa3dfbe9232d0cf212a3c75069f3c149,train
9fe15566b50708593f85c95c94be6911c7836749986b666906eb3f7d8f54a115,train
9fe3b15e387a07adf30bb0004aa5337ffdbcd0454d3475abc0761168459d0043,train
9ffb194991a1109994b738c9aa5ab9f1486246d59aab938afb966a8e16eba6be,train
9fffefa3c1f83b6740a6e3eb6769cd3f7add8b6892d330512e71d573a23463eb,train
a00b399d0fac80d3177f21f770eea3b23d9a4d98ed0f15716f16cf02c4c1fdbf,train
a0100cab98f6a9e54c8c52e48df23796d44cf80afcf8cd026df05bfc4fdec4a3,train
a01107ab05e89761b631b24e8c8cbcf86d2313fd13d0d160c91cbc9600ef4118,test
a0186c2a662f13a10cb52c422827c29f677661615aec776c933718af2721c6f1,train
a01e5c2ae861fcb305fc09ffe03da7ab9b31de9b49acbbf7f58b9482e0cadc26,train
a022c94876b5ae5a06f07e42a68809bf5c6095c2bd88228d661f2b947089030e,train
a023cf9e34cb0ade3ff3e773058a81d14fda5d7015be7bca3a01f1fe3e414278,train
a025eef9f82c10af401ac857acbb13df15245398a3914c2d0d664479660b9565,train
a026705d424078c708073570fd3b47c42d6e5d77c307cb7f68dd0a98001cfb50,train
a0290859f07b01fd98f1f15c5833b9e751737e4f28f44559d94caee1b7299f6e,train
a03427409df3c34d0c3b75553dcc043bd6aa6e4f138c1099bf6ee4d8621789ce,train
a034b22d46a1ddf09335abdf19fcdb9c893026b3c1f7323c56c41412886f84ce,test
a03b3a949c4c208b3ec1c54b518d31afb38760eec17964a2772a67354eb992f6,train
a03f86f9b3394ab2ad1dfea8aa5ac4b8b8a532b53e603e74f9de760f5469c227,train
a044b70ef382225e08f515ea94e093a5730f755e12e33f8820de0b036ef3ebee,train
a05301f972c50e7d35942796c9898a3dfb38a639083829d2fbf5551a050c87ef,train
a055fd9877a52e3c232f5f8111418b56ec0a9d2e8541cf91b91185d9658e3271,val
a05f4b10b3a95b0dc71ea9b1edf852f7751ac0b45dbafced6be822e18bbc17db,train
a06351b8cbe5f931390015eb9ef91bd33b8404b969a7da70bda7cba8002fadd7,val
a073670aa70a8edefd7ca6a8685897089d790600770b3db78c63db824e494782,test
a079ed61c4dcb8dafea0224dd3dfd21b878a9c482292cb56587b7d6484023945,train
a07c211b341a0d2f7f3b4d7f770644f9a93efad53c804e906876022738231b4a,test
a08246d019917660da2cc6ac6387b1ca6eeaab843035ba11495da4191868a97a,test
a0951af86e8191cacd9e01276b176c576e5536b6168f44cf4c44f52abf8013d9,train
a0a3dbad2458864db7ba15f3ec4359f007e29e3ae4341db25da291669716e030,train
a0afd55f765ad9375a3ed747404b2ab68235eec4146278a79d8ad97643017a84,train
a0bf2f02527faf2edc62b2f2eee79698f58c60c57bda4a302586023cc259bfd5,val
a0c9d9c3cc4aa8d781ec6b44a143c77b13889fec7bcfafb38564c14dbd801e3b,val
a0db6a0c0ddb10e0e2f978ab678441c91b5e39d8f31dad81dde29d1b74385097,train
a0e9c4253f7340730f135bf8bbd02989db39b3f1a0522a7a0745808bf47b4fce,train
a0ff0c32098c30de7f68b6864f51c4f23705ac4aeb6bd22c758bdf5a679c05fc,train
a107363280c15bf265bf7e32bb63177e80cc8b2e7025df1eceedbab4df79105d,train
a10d811d3965eab1eb47b491a59ee4a66c7b2b119cad8d7c4fc5ce9a7bf18864,train
a10e9ee27927fedcfadd28e890cb16e71230e186c3c2e425e08bedeadd5ef0e4,train
a10eb1ca7092b861382e357148970615f19662379834bc62a089024841de8bb8,train
a10f9af944b9c29fdba9e4244fc7d22a655c6ad9ab8e5e8040b5d8f69960c7c0,train
a11c962fdba07c5cf508cfde33655d04ca620b298e8c9f1684c2edbac9cb1783,train
a11ff018e7bbb9f1a91fbbe5cfbe088daafb655dff77b4cbccc25247c7b291e6,train
a12adb320e358fb6c401765946bb71938c00f2dc4ebd917fc866a57072f94fb7,test
a13172327d45e160bb63769fdb7b8d2f182eb71417e35d6c9a2c74aa36018741,train
a132ef558f3401d0d9c009435745a6aafd4e381e543e396b01a29f460529ac04,train
a136ad99a7f7a8dc5fcf3ad41ec4997a311688c0f6d6e515ea42c7dc208e7a09,train
a1392e71b7551a9ba5c42428bcc66d3c36f4379f75aaaad949e4849a65964e4a,test
a1499b8abfde97c3be2777245c0b00d6ac3e7bdd1f94c6fb04ed21157858df9e,test
a14bf86ffa1a50353b75afca9f74f668c730e3e5afbc7f03da64dd9040ffbd26,test
a14cdb8364af9b0efcefe4726081c532c9805345a4e0f0cd9ae64e60fc450eb5,train
a151641551a58bbd8ca1974a2c5dbd37e25cd6aa5bb74a5536e8476a1be10070,test
a15bf7f71f5253ebad1101a15a69cd9f013ec7681cd67e3a74d4607a53deef5d,train
a15e5b7a33cb5825ac2404f1cc16aa50d8972d512b18ef5178b0f9374dfe34b8,test
a160b17afb68ae25e5d5761243056bf8cbfae8deca318a7d215dabcbb9631f3a,train
a16169e108473ffd7c9cd760c2e501f7c3fa6f6d94a6aaabab6154e12fcc7c5e,train
a165446a08cde1e35eddcd1b243369322523ade15083eb6b056ea6e54c0d4be5,val
a16744fc865d9fd4b639d7eba964a1abbf8c703179ddfb521f780c78b7e4e356,train
a168e466b7f8ccce15ed1d26d03e9e1606a927e04921639bf74adcbcdba4c471,train
a16e3e64c5552a251a902405dd7ec47e6cc2b9a343309596162cefe2edbc81bb,train
a172fa639c9b37bd86940bef137a72f3d9c4c1f10df27f37a7b166ffb371ed6b,train
a173bee264b4ecb73714109edcc2b538127772b6d4a17f0c4a19d5863245a091,test
a185b53d66e1afa69ee9709d00eb07d74a866159000f160401af3fcc07117f98,train
a18859baeec99790339ed133ca29c9da306658c483936386f0f5a33708548420,train
a1892188fed8ad908c777ba20de559ae5d1bb7624a0a533be9232a435f14c014,train
a18c192422090536ddd0cc5412717ee8c1d3f1bb7ee2e9b09e78f962bc70e0de,val
a1910da2bd85093f3cf50fec9f8cfa8df0bb74222c10272678c757cb50b5f1ab,train
a1a2147a61f30e5f72a7ab002d06d290a0d7dbedebc6b2075b1612af650b1618,train
a1ccb97ea57b0ed64cd74940739131d7f525fe4361883ce85318eeb8493ff06e,test
a1ed2234c1d5055f484334802c0b916907dbcd5bd4097a6f911bb190dc099429,train
a1f27a91e7a96205050947baaab53c98a34341de3cb55d6d4463cbcab104e3c7,train
a1f2935288e0d54adadcd786d9cddb1394ce4ad52a99e1f3b2135329d5cc279a,val
a1f7a0aaf245768ba0811bbbacbb514e106ba330b979669515cf5df3d881c227,train
a1fc0b0db4916ef5f972e7927985601d1bb780e5a659120fe33107fc633c48e5,test
a206c1ece4e0aa90cd7e8e51ecdebb8dec620bb04454fa5d11c6b01b9eca95c2,test
a20d135650f19cc373474e026e5769d2090d2503326d125ec68f6e24610b7daf,train
a21fe2166e692313ea78519c20e3854eae5fc1cb7b0926601f67e47c5068b16f,train
a22899491254fe479972f46d973132f2a236036624a63c58a0bab2c40aa8d23a,train
a231084ac3e313b9aab0650ca35f3f15029819e19a09637abd27c7ef69bd2f12,train
a232549e2783627b65d6430e510e4c7e0d354d8fa5d0ab7dce6b2bd6184a344d,test
a23b67865f2f0b3cdb3c96ea864c065718a0da8277a2211d3c8c035de567e4cc,train
a24b8478ed161f1529cde8e7c590f8766c3efc1a3f4564a995c37702b641fde5,test
a2528f323f21047763780e0b8ceecb6174e780207144f8ee4ed5186599ac70d7,test
a25ca6ebb74e922f849629cff1cad6025f31de6818fe6659c8c44c4369aef8c4,test
a266bf8cf856c2a0ed03ed21e46dddc39b8f814b17c5c366dff158af0cfa1794,test
a267c18ce22c540ccd244b3fa52d9665e46b68fa549547b2c8d809650d12a65d,train
a27da49a38b695f581929095578c95e688dc1fa48a8ab3f932bcae5e802bd107,train
a28c7226635724ce4f21c820b627e86cb056378a07ff606e2b6dffda5e98d511,test
a290a75ecd2b37c183fc404ec367ef77c1b00eb845ec782fbb5034ef3d73906b,train
a29a2bf08b6e75f26510a352ffd7d0a5e98cbda7d668d7736eaadf0b2156809a,train
a2a8a78f8967e28a5d07e855c40b9f8383f2c632cea1806a029d10570f3031a0,test
a2ab260aa0d3f573ff78ca2df8983a85a3f371c0826409d2cab5c89353dc3bb8,train
a2adcb3332458bbe062bd0232d34dc42186279f57850e3d82d939bdb7be290ae,train
a2b51f622005b47d48ae8812ff4c78be5e4a23d3462554406a3fd905129db15a,train
a2b58e547c576bfc214adf3771523175e95d7aa64433f54e9a8571a70ec176e0,train
a2b5a31903e980efa72e385246932c55c9561f4e212f446871499cf0f971a176,val
a2b72bc45e3311341a3f24b07e61a799611ef9b108f05a4971a78cbf66459234,test
a2c4f54e253e33ae9cb8d886ef577c1fd4e80e0de19d94dd45b1cf307d370b14,train
a2c6b8622dfd48c5ff75c32330e7d183a2c2f4c3c9230e1bb0c99b35dd9434d6,train
a2cd3e3030406e2f46412f6bbb8eb17b4e4de6ad78357312f7c1577b4558cf6d,train
a2d42fae4b933f650927c4bef7e9ec78f53c4dbb98dcb67b5511a221c5142898,train
a2d9f5d30c3cc054f6dbe299124e6e603be22933796eb5945f49eaa6dae4138c,train
a2df89af05789c520a9dc1abba8640bfbe8b2ef1451d6beb71747d85a341e14b,train
a2e0043881cb79bbf47f3580a4dce078aa36185ea2a0417f9002b176f936330e,val
a2e2b4a80707e90dc313e84f95f93f98d8fdb7e98e0ab3d51fa2ee2158fed1ea,train
a2e7e8c2fefcc6dd96fb13954d2de85f7006dc702d036bf51c48c17925ae98c7,train
a2f7057e40092c2018b69cb67ec0d9b7cf70c202c7bce197f29c1d4ce62b8a18,val
a2fa0d018ce3cf6e6e804622a08d26162d365a25b472924e036f9a0be125edc3,test
a303336d09e0f11cf469b78d696dee6c28c661e24cc3b49a600b4f68b9551e6d,train
a31337072a0bc270ae018452590801a4a5abafa168e105be979ad287c03001d2,val
a315159a8ef937046f6b40ca2de1a7a8de312e7227b65b894cc3ddef7491b88e,val
a31acb30159aaa9823cb54534b7cfb93ccf9435c6b2c48471b7d6deaf61fe9be,train
a32219c867c670250d086722376491251827b648ab8b6bf59372b670a0a99ef0,test
a331569b430cf132efb715785cd76f77962226d52ba38abc27b5e0d899b0e489,train
a339ac014a7bc60ab2a1cb9439caffe150b5b9476d6ac928cd66f72874f8f3c5,train
a3488fc62c29993738a63b51cb7123cf6578b15752dba786c5dcc80014e1f20e,test
a35482984318131f9d8851d64d6d9c000d3666764094c1912439f2371ba06d15,test
a3616ab872aa44e341b1f1b55450b079348fd276be7c0db6da989330cb6febcb,train
a36234fe2d4ad4ea0904c7d51795bbb9b4cfdd7b90398816bc27ff8aa8a6475c,train
a36c36c61d35e8a463b050a656b56dc3553f54601f73d769e6eefdfcac076c01,train
a36d8bc2cfde60a260deacc0ec19905814f4559f0cdb4bc58633f43751787981,train
a3707bfec147501926bc7bc9e49fc6ad590d4d58d8743caa92789a7998e3ad90,train
a37864225e55127fd919ed85e84fc780aafd908e00d24fe9030212ebce06226d,train
a387a7c985a8a09a5278307f8fa586fce79d5a993970357bc7118d916b29aa0d,train
a38a637d5087a182a7751b79dba09bb1dd527306feb111441912c982a043ad77,test
a38ab9044cb42e2191f8e66ce7709d9b58a8a41ec1f960c983865080a63a7ba8,train
a38befb3c9919a7b9fea17a4fb97705881534bce10cbb5e8d6627302a48bceed,train
a397df2ef28fed7ccb90cf68fd98f98c188ddfddca0c9aa84576a9c4a7f8c190,train
a399317e5596d60865752dd61839a3fff55047a9edc722836e9a11d4fdb39ef0,train
a399c0c89c4d32e55ee7f7371f117b86f70957fb0f95da85327e7dbb75aa0b37,train
a3a2bdaceb07f7344bc504b33fa6d758647791a9a59537aa1f090ec7a22b2aa9,val
a3a86d748b1b76d6d22f406306254ee1ee4bfc5912c6f1ea59421b9097f09f4f,train
a3b9244a89530dc324bbd83da009d5b5af1fc01b19915894d3556263dc019c2d,train
a3bdcff612797b433ed9ac2f3d98920d8a33fbcf51c4afbd520b7b42d451974b,train
a3c2000b0d539af75a5ce184bd7f1a74430e82e42dcabcf36f8d7d4d4085bf48,test
a3c2f78f637c80e02f86908fdf387f37a4ae589d70ff3639b6cd3a29b86a8b2d,train
a3d5e541f38290e16618bddf88ce33e824ef7a47e27f13f97efb48ca65880cf4,train
a3df1518506ff2a60546d01de3dc7428b61087b24fc6cb2861ed6e8dd11ef103,test
a3e0752cfa6e85e38e2e49678eff1938ecb68d3d2d619bd3c1713389b0062e35,test
a3e475293c998482ef6c1a1791f9cfffe755b654d9df17034847248d4c0a6199,train
a3e8ea34c14bbce50219820f8c77be48d2e967a6757d145c55614e89a84785c3,train
a3ec7cbe89d5999a53900d706c674933e4dff258e07254048cd0659f59328a92,train
a3f8074d3b7013908981e2298c8fc338229832b8d4e1394ce48f7502d53ba915,train
a405c73cb73c1222c62664a994544327b8083dbfdfd07761f59df31b93d39e4d,test
a4097b4d9ef765548344a8787114a26b6cea8f00b70ca5c3bd5877fda9ca1885,test
a40be510db50562d0d7c619ec59350343d3153cb5a395fee616bb469e526615c,train
a41798c88ca3b5a48c6d33eefeaf8ef55396e0f1433fd6b5c0cbe6b308c0ef73,train
a41998194ee6b028fd68b4ac3df740a623d811e130f49edb7ab3b2ef891b2b95,train
a41faa15c85fa27c43b11ef84698fd49457698834ef13af0af97d213eed27d2e,val
a4217113cd4e4113fe7ebd01ae94de9cd3a9dbfe5f58f179c67bff5094112279,train
a43017dbcd616930b3bcdaea76c4231618acbd92ee48ebba47300f1aa5a482ad,train
a4346a44989bd7a00b2979ae80aa922b02a3d6b4a567708a1ccce5dcc9a858b6,test
a44ab34d511fdc7b7d6537174ee7596dc150fef69d0f4e70a333605a8b30aae7,train
a4516f730df44b0a31fef3420d7f9ffd6ccc5aa4327aa1f4cc7daf7ccd66bc3b,train
a45366419fc4c03091160ce6456dcc0a7883a1db2fb43d9e4c4fe214047ee610,val
a459d80fd053c51a92432e2f82497ae9fbc0a1fccac5cabec336cf0e6bbffebf,train
a460d07c1210c1873462e1ce5e97f367c00f738cbcb7b2dd05bb6deb4a112308,train
a4622cf7e6f5510a6cf1fd83038a1c482c81b43e2df184c8a0e83b94db413474,train
a4633ea71ee9d61ffe0806fa973b7692d2f9d475d63320340fbc6f83df912b7d,test
a481baa84bd936ea8163a558a0bce9260c31479b4332b0d32ebbf110b988d48b,train
a496bcc3d5053f5440734c3b721d4b6b60fb96ddcb92cade9327bd290844c3a8,train
a4994bf3f187674aa40eed385affbb7d7aa0e4bc2949db7d5c2084544c0686c1,train
a4aa3017931e5cf745e0e38331de6978788819a24f18f5685b98a1b0dd884e4b,train
a4ae021f7516fa399cf32ed32dadbf10cca3a0d9babb3085b8712a7b9d42ae42,train
a4afe530031a68af35f5c388050f5afa115b64c89b61ecda3e307b1256ed288c,train
a4c0c358fd8a185a18d63c15fb00b73de56a6b19b0631acfcaeba3917ce6583b,train
a4c76727ee634de46368f972852a35c6ee58d751da00a641490d425e034a88e5,train
a4ca339b1e569850aa1eeb7bc5d9a5400f041d6f577716f33fdf5a3da76e84ab,train
a4ccce7656cbf24b3fabf94e380f7461cd95c2c7eda79a3475dad621ddce181c,test
a4d06fd17bd6394f11474b9d58a035e4922d305f5fd5a569f50e2a8053704d29,train
a4dae66af620c082ee5fb9a62dd4bdc978d17ef3973be436ad09bd0b1bfef251,test
a4e22a0bb545efff3e693ee4c232f05d74f902f5a2613b2359f4a644f5c32a25,train
a4eae3c65c7cd2d0d8ec50051337ca50e639ad9b836344ec679dc66a3624f271,train
a4ec17529572efed93c06f0682a69c984aab262e6abd099c8bc429058a1119fb,train
a4faaf930c745249aca21fd238b9bea060b62769718676c60698bc08c7157667,train
a504cff342cd2ecb1d00a0f9543888095f04173ce30a816d2d1d280fc7d108a6,train
a51362a8d773e0ad50c6054b40d2a4ca4325caca23c3414c35134cc41c6d472f,train
a520d90cdcf80835c6f93e1f0e59c35890feab9a172d940975b5c2ef6f878b62,train
a523788cb5ec781a0dd5301b3d14b6d12fdc9840858c2067576237feb18c98af,train
a525f7ba0d7b29db2fb87ce58702eb032e420196be62f2b4cbe9b03f9dbf0f25,train
a52a34a1eb2b4df28fe47f638faf794ceb3a749474658a81b76eb176f96686d8,train
a52d2f91ff51fd521529ef0d9077109b9bbf6a32f5b90a7f72008870cd5909f6,test
a531e2aba9806c0ea57f4199007527249de8bf5dc9b3911df452476d7216f3f5,train
a534a58d8452503156027ea77dd58e8293ed0819b09b7b07f552ff6485db5ee3,test
a5377c7e37b5eabf471ce56a529503998904fbe1fd3d6d88afc53eae83b9ed18,train
a537bc59b5ef4459c022c4348fb73ef905f32f373f2047ea485a63a8c89ba97c,train
a53a9b0dc26822a072da318c2282443881e19f0dcb722e0895c32405c1cfb9f8,test
a53c54b6ba311bae097c1abfb2a11b79dbdb9e5889ee4774553b5160448e36a3,train
a5427e767cf5c826698ad00c00fdf70cb4cde895482cc8484fdc53fecbdb1fc5,train
a543f1cf3bf247251256daeaa6c3e4a62ac1ff29858a08dc3e25b44a825d867e,train
a54a15242e86856695275d65fe1ad4cf8561b732d15da0fbabacded9d0d9536f,train
a54d9a5dbe5bd250852ec1424dead8b6f8f76ff24d77cf605e2dfc05b18ee254,train
a5605c87e491b7e5946643157c023b7a1738f3553420ed35b13a86578e04037d,test
a56c205ecc39a0c0ce97570d5cb0d29cc6320e7a53404912b7038cfb2c8e6c0c,test
a5717536176d931e21367609f4428528de83b0f463aae7c1d24d6594bae459c0,train
a5799d122d3558cd760d4f564bf5e4aeb2c9c92b00f48d575a3fb747daedda2a,train
a58ed7f3864b2482729839df32493dff9dfb3674840958b8ee3b8771bb7a41a3,train
a59489fea2e0f324ec05ebc476deee138002c51a86b2725959888a8441c7e122,train
a59dc3fdfa922feb09139e2053339608672e1e0174f651fd9be3419648ad311d,train
a59f51cc3c3f9c39cfa86fba8f8afc19a87620eb93f67bb07f70dced7e010231,train
a59f785f098a7b56e613920009b63514a15c3fe8d4ab1d1dccbb87b7cfbfac94,train
a5a3e475c46aade258ff98428e2c0bd4641c3a848004f0d60ce837e6460ea752,train
a5a80fba703cb255818e85f4f2c436a2db832c02c7b0d368015f569e4cbf48ab,test
a5bf085bbb40cb1468f7014bb3284c6d7cd4323ce789b74db6db82d8dbdb2b22,train
a5cb65096fceeb792ca4465091a7ee2835b8f7509c75ef83ef68004b27da076d,train
a5cdd2bc9c88658e4b22383c697a3c686d572ad6cabe327d61d0491464921638,test
a5d0df16dc577683d0676103c13ba3db336a6533c8a537cd8d5b2f33433c8982,test
a5d12730aee27c0244b33344e94aedc2fc10b19646ddb4dd1c3ba50abbcab115,train
a5d4e976b309c2eff8a8399bcb2bdad00a5b9c8abe56ceb5ce551e1dd3f727a5,train
a5d6e2214ce068207e1e40cc92b67d85589866950969deb438a897cc964d6284,train
a5ee682bd0286b4c088273ceea50c5554bf0401f46f1d298dd9636dbea2349f2,train
a5f04904813c69355023f6cc3e53fd3dae3c7bf5b8c6eb1613d8bb0bfb02a430,train
a5fb340e4838ab6f2abbaaa0fa289613c3a371ca181b0d3af9f25fe599f5b1d9,train
a60f41602f430110ff9db76b17c42a296160ea67bd0aaf136f0e89bbdda72792,train
a62e366a8a3edbd3e786305222796f6913361ae886194762264c64ad5d858888,val
a6338c501a055aec375aa059788afd51aeac620b8a1430a197c5dd96c9b2198a,test
a639a8f1b7354802df85ed3e69b34c0e820767acbb1cc35d9862bb75212922d2,train
a63eb6899682c5e610b4ffc98df7036db6be04894bcf749d1e86195b6d40cd5e,test
a64a65aeea59975d2c89d22aa63839b02461650e7259704f9647a326fd2caa7a,val
a6573b755d5b5511b4fe5fa90510ac739b5c71cecea663a46cc609e730a7533d,test
a659cdebc3cb4f4e7bafe1986113ad725613d58e77285d245ef015c3980d88dc,test
a660c7b6cf3af50596e6dc9daf3253f848edf27c73c17692ffff9a37d9f0a1cf,test
a66b3b4a827e294a24de3c5b4c7f01dd4acb7b2321106a0c9deb14d3461fe507,train
a66df77a6070e05d1d3855e4e0054eeb906762ac7e711bfddfe46d3007b44fd6,train
a684a6893d0a54c93587586820c4c31e453a39f02884be20b4613dcbb8fb0a8f,train
a68f27a95f1fc4d10f3fcfeabf22f0d0323740bdb38708a27296136c890af7e2,test
a68f4a76f86631e87c79ab91f9bae59119957e33ef3f1309004445727ca92e8c,test
a69591ce362fd6bbe4a69151bb3c1dd4897e840a2f4a30e1aa3e5ef826c4b162,train
a6a49c971554e23651b6a87cb693a9e546764cf62c8254a7596440756f8b53f1,train
a6b3aa213150a682ea58b19f6a78626b3bc6935cbf8d9368d37fda0965c38aee,val
a6bd818276aa241ffc9c8326c4f799099ebee6ac20aa92556b762aae20fe04f4,test
a6c9a4dbb074511770e577ac80573b5a2b8890f4fb6eceb4a98d4a287f376732,train
a6ce9830224d33d3a4d456fa76d9826209b778601cd7b11b8d6c382744e70511,test
a6d80a8ec7d26f41a8d649054841a7b83a81b9649d60edf80508ab27e7c455b0,train
a6db185acc7401cf58f07e76b4db771b4dec76b4ac63eb99a911c95feccd9acf,train
a705f3712becd7615c5be0fc1ae97ee9f34d22600ad9e64e587fa656290d86dc,train
a739c3112b9e7c80701d9f2078209110224b08990a58687474a622e48e0677bf,val
a74af7ff23456b5350753daed1f8a7b1dd2c1400e06b1c5f885232efa1b67698,train
a74cbb57b4607f2e64a6da0a210d0be9fedde6060bb5cef37b7f1101a1ce06f5,train
a75f69d59a3aafac2cf7e22174383e4e4c8db40d31dcaca27a82868ff846894f,test
a766dda9290ad1c2181401b85e1d200043092e27680fbf6050dfad7e818d1cd3,train
a76bf5509d2ddc059a3e66cbbcdcb1a6f0cb66f91171a1da7134577f30599a2b,train
a775a51f95b7fd08bfb033a54fae247f721c139632592ce882e2576337921b49,test
a77b772f7d0a6e62ec6a5e42ddac579e4caca776ce24da897ed6da631601f814,train
a77bfbc6496e98cc39ba93b21977a2b8640d6e57b9e74e4e0dbdf56028586a7e,test
a791f4274310b2794fdc9b1a6475953d5e45c70408f645a6d7e1f0c90381ad4f,test
a79ed9d915ffcfe1516e182348a266bc3f86cf3fb599556885c47e1d0983d864,train
a7af9e3d7a5ec6fbcbf4584ca29b70c989c3c857148cc64805675625746d4f39,test
a7b356308912d8c122227dbd61f7ceb6f724164667f9c29ce25f13ae8f93ae12,train
a7ce141480d4151ba2988393b9d9b5ad57f9372aeb048c51ebbc4dbf1b7a2e97,test
a7d6d5dace09dd59a20dcd50e1b9bc70b067fa172683f917cb8b903ab2f6524d,train
a7f5a0c3145a7c12f34f9424799a0a52a82de47c6aad2c4686b9158b6d763c4c,train
a7f9bd5c9dce18b8b73d4e744fea9c612e71b2803c43dc542c2ab8193aad7ab4,train
a7fcbf22c0484c55a02ac649ea5b43febac3ac45f27761b2daa148fd6f32070a,train
a80746fcf715f11f511ecaa21ec250405b8347d50edf2616fbf35bf653f9ef40,train
a80fe96a00bb43e682ad0d92996687002a7cf8f6de0e4abdde15d65db62f957b,train
a82162b423d4476497d3efcd1e2692638d288f98381325e1d5d3cf0bd1dc1a83,train
a829e0b762e9f68e4039154825c958675f82c4f665e1e1d54cdfdde7daa6a181,train
a82bffa6faaefd8a20c7592a654abe1819c80aa52db2f5cea8efb507c6db3cdc,train
a82db2df3ab83f2a436115e257d325c4a2b55394ab51084fb6fa650949428105,test
a85029c98807b3cba44617c481e2e360ccf6301e9a0efbadf34cd203512d78a8,train
a85ac3a9acf700c0a431afb696c9f34a43296de7d45103bfdf1bd2fab277a42c,train
a85cabd966507045f4f3dfadfe8cc49f6abb6993e9566141044aea629baf5ede,test
a85fb7e86d00254e9cf3ecfe242fe724f7586162af19bbabdd4f7b244c1902e4,train
a877e5ede15f1eb0fe8ee673ad9feb9770d95fc85becc2ee747e4119a1ba67de,val
a8794abbbc4c8c572a715e34476a39cf6b329eef2af75ebbf19451d17ee784cb,test
a884a6deeaa18a478323d3e3b3bd635e2fd9d39af4c72dba75476370b3e0574f,test
a8865ba987f39945d097d75fc4a64a9cea92b453bab83b65da9a3b076bc46d97,train
a89c0419e0551c0cb6ee20410373c98ab11b5f4f88e1a425408ada79225b867f,train
a8b2b903db9677b6ce9c0437bf8b351cadaa53d0ed5fd019509382df0f696011,train
a8c8b1006c8e0a35a6c1b5bdffe6dff4ab2d73acd86569d35f28084fb51f9409,train
a8cc0e2f0094c96f661408b98e9cc5ec5e269db6ef394bdfa00c8fc8befb25f0,train
a8cc158babf4fa7714892e3086bc6e05a435695c98462b61aa233a9cffcada5a,train
a8cd53b988ad576d12810762352757b80044e10914bd42458a60f4fc7caf4219,train
a8d92e474527d2f60e3056d6fd0f8b6c4e508e8410d3ea128383ee656dffa206,train
a8daf4f3048be1b22009d4e30b476c4862d2c09a875ce5e2c765c99a5dd17f50,train
a8dc08dfb6d0477f2662aeae6880dea89e3e8e52016c40904f952c0f49ea14c6,test
a8e200ff53b0b3a8dacc2ead95e60fe46b19b64deda3486c7771f7e62684e9cc,train
a8e22460f14aa286ba74055c1c7fd251cab94a7d0ebb288ee773a54b4cd67346,test
a8e82b91594298ce9951fae1b2bac221a39871ca38b70557c02389a4bd07f043,train
a8e8e04f1bad2be0eceb220cf18cbae149f2a384964444e082bf32baf54d3243,train
a8f2e42722946c5597b42eeae27f29349b162b11f607d90825e5a1310185e59c,test
a8f9d4af83f181f95f3de8274b09ce50189f6d5e0fad51c62b12c5718ab7272a,train
a9007d17167b3fbac0590352833260e2fd01a9db5ff2009d4a304369e0aa5d93,train
a9011c249a9c2051b997cd43e21f51ee76b740017c59e5f3a81766d48f682cae,train
a9045d62d0deb85f06f05e24827f9d263dba9a05fa3d187416b55a3f96e22160,train
a909e9d90cf0e2429567f59b881e1e9926c0228ba0fe31ccc5805482f21eb27a,train
a91554234ac720c5ab5d185f349bf600ff166f475b5c97ad8040d53591acec07,train
a918eace3b9be8ae33f6d0518ce9682bfe52c6646bd97b77c9def74fdf89f6a8,train
a91f88f8fcd5223283e756fdefd5c12214649992e5365a9c98439a550b46eab2,val
a92c72745d7119a5606f78b1250c2d280bcab9009bc1e36ec9374c7c4b0c5516,test
a93934655eca7bd1de5902ad74123e69b20c52f63b9ed242d055e6fcecfe9cde,train
a94a3c41f431b8831cb9507486704716a5597acb8a821a8fd418faf681622fbc,train
a953881b6d0a4c4ddc7b9074bb8d49b9b8c44469cb8da141b517d769430bc328,train
a97ef665e5f4dda93fcea7e164033548eff5a9c8315d6b5071e0eab3d799d03e,train
a98666744c247b2efaa5889adb8515a6fbdc57fb328d98bbe44601ef05befd5b,train
a9868d714909d9678ad43c57d616351d66a5f6f69ae779995e796452e6dfb6f8,train
a98e329b55d4b17383ca485c33b064ea1865bc4ab9943b2ecb07de0d27afe2e2,train
a98faf007db3447a982aa1e8be6e22826fce41f0fabf4870413eeed97b5e02e6,val
a991c9d7460fdf7687a81190c92c3261fe4250475c7575b642b57184b696b551,test
a9b58da5ae0c2ed13e7fd8e1746eb34e491742a7cf004abd396a0047d3aa977f,test
a9b831deef1adcd77154ffefdb014a9be7a2f64379291f66e0835b92783a6ac0,train
a9ba0b01e1214edb37d1246bb6c3ac7db47b47badf4f1d403112fea6b7ad0b5f,test
a9c5352fa86fdeb09a05b854f1864e3f7f83f6b777bff1383ec5d03f7ddbd1d1,train
a9daa4d5a08e67313d8d238123fd5ce90916a7c1248443f365c8e4bb2dd4799d,train
a9e0a2acd3820cb5bb0ed99d14f0caaaedf6afb18d53ae9dc5d9870f0bb2c628,val
a9e54be03df8f5f463932ce7cf3f8a1ea83d9b96632826bdac73da6edd2e2082,train
a9e6b0b02d621ecd1c7ffcd394ddb276bb6b75d1f71579a892ebf30ce40081e0,train
a9e6c8a3091e57d04fdbc1ba6103d94577956c13a1b02a1ccc48e72979740759,train
a9ea1261b91625a9f1e8308e2820feab93123143db8d5fef76bdf132dc587e55,train
a9fb21861d645d2a1fb6e5292265372469a2a0c0476c8f537934b540a16d7137,train
aa0612ec7542eee6877e575e21c6ff05ce8311c16df33b86ba4b01dc34cd33b2,test
aa20c15e8dea8cfae8b73eed9f8ea3352c62ab7a0d68e6a8b7f1a4543554354b,train
aa3b3e1325f081da956afaff0dc7a5ceaf334882042d69d70b6dfe2ca76ab933,test
aa4e4cec6f34a51bbea6ad1d1985a42459ae9e8d51204859800c05617bb876ff,train
aa503e3e1bd660fad1027d5f84f43259e58ba7fc3061327eeb69aa2855ff3b83,val
aa55f1cc05279d8a1af975793d7223b4b6a246e75685cd58fee455cbf1caa157,test
aa5d68b8b13c9139e9fb30cf8b09e6e112c910e2db51b0b1d30e1085be10d53d,train
aa63cdc36bcfd0300fb5d04971e38dba79f5616aa86e261bb1c622e027b47c8a,train
aa699aa48af0fd096a8f9958ebaa7ac69faf1bf97728374bffaa707284607bac,train
aa6f796a064493e46bc4805d1cce514945d3f954da60a12749761a9a6bdaf0b5,train
aa7ad95ccc88880403c7c51003f957e013f4b21db0ae28dafbc7bb8df09c6108,train
aa81525140cb684dd133c828f794a61203e3aee20f29b4ba876613e3ba63ed8b,train
aa87a3cfc51fb2134e2e38edb8e0fd324c17230069984b25f403592d3a5a36a5,train
aa916769d6a2db22342e3018b984db296718cbcaacc93c365a1c6636f199a3d9,train
aaadf6007761ce19a5cd81c5210030c37db430e6c001c32ff4bdacb9138b9366,test
aac7e7359e912034664880dee9fb074233a0fc4cde68494e2b5ce42737790e5b,train
aada75a305b823c632d1861ae376bf94c1737a362c2b4d25fcb6b7c25b597570,train
aae6e2ddcc9ae961b41c9dd203b43a3ab6052c8c808e6a71e6bdd08122c432ec,train
aae88b50f92f382605c6f78bdd5e457a044f7b7b0a58a64dbbfd8a5777755b74,val
aaeb87a6726d1f8dc61581ce41d4eae390d8d9c838f89dc599763c8255a65976,test
aaf53ebae8c9c344af71bc39ae9d2d79835937670fd23551e517a3a42830e0a5,train
ab044ce18b22530798ebf79c633e9817db8856fdf9bfb42b352a58de83cc6608,train
ab05129d39d54cf85b5ab9cf2fcf4cb4610f3c4421a522e195e192fbfb38535f,train
ab0758ca02d2526d3cc03681aff4eadca20388b1bf805d693a11979b8e66ca1b,test
ab095d3ec9095ff32ae587790a7bf1c33789e246b158e1d1a9dfb169bc2c8d35,val
ab102c718422ee10ae60b197ec5a80cabc513764b4c97eeeefdbb25f4f8921c3,train
ab3098c84df221f12afcf8cee28edc10356c9286fcefa167e0822a344abe85ff,val
ab34a0eb5dbf679f7d9206464d1eedca90671ab44ecd635fc7fdf0b9ff3ab45b,train
ab43a91fade7e824e81f7c5f9a0a8693d1a1bfe4839e8b9318d4cb56858a57aa,train
ab5ab9963af20564c36f2727d154abde64bca28dd7415eace1ff05b8bae93e51,train
ab6660e0c06bd9249b021f57bf02bed6943413f4619ad631798ba8ab1d6eb7af,train
ab689b79b82415ff2b5b9c79273a7bf05a65c58c30b9ce825addaf52adcc512b,test
ab6e5d1b982e34a87015925921342be7d36d668ab09a6f8fbd43c0f59c3b505f,train
ab75599dadcdb75040c59224c9472d78c5320dfaf99cefddbda1d2e80c450921,train
ab7783b7b00372938d35f1cdd02b07f99fcdb35110a1f2f098a73c58f2f6c949,train
ab7b0f3a8bee5843e49c2abadaa6769825869f5156dead9da31c4a09aefcc340,train
ab7d0e155b33d379fe5bf4e53e83b6cf5e27a4519a8cdfa3a9e641a37fd97bc6,train
ab83112e1e814af20cd37c1dc3f94fe1096b665e92c38a96bdaa0a484b3033f6,val
ab84ae0ab298c5022260864d4b9afdd22612ae770700a3a642acdd49a96c76b1,val
aba52c5f6b4073bc5ac2009a51bdaeb80aa465f06a2f9eef4b15b8a366aaf3f2,train
abb1c0f957da1a412b25ce8b864f76c1e431e402c996f7e55dee7df7c0303a13,train
abbf1ecb2c46c934d1232966ce0af8aaac49389aadd1b37a6322102e83586e8d,train
abe1ac21139abdb76b11ef80804a7f82b3f7646c3ce1afe66cb7faf6f0fd50b1,test
abf2561eca16eb8f3a3caef8c2428e91afe91f9e4e85be8da5566c8fab17ddb7,train
abf71be9400f09414471a651b2d65bb6ef53a6020b1134144abc3e651946227c,train
abfdcf9d678044e3bace565fcbc3c3b007a4ac38605bd13e318a2fe5141ab0e3,train
ac1099fb680d2bcdbb85e60d14ef0776f1905f47493f8ac79054cc4f990e9cab,test
ac14b0ba61f468f86be87c026bdea15154dffa9ec96291b6ced04dd0f5ee9991,train
ac35e111b47e69c8af5b49c4ca6adfb0b3847cf1fe0595a303266f69278c7b15,train
ac3e0adf8af718608e762314ae3aa5de86cc812df1fe25accf5c2a0d12aef51e,train
ac4ea4a2afad60a3b056df931b002cf9c7673fd68fc5aeec8ca17608215cd3f7,train
ac50587edf0a8b4169a10c7e90248e59f14ef3977889cf3fc60493f5b6a69bbd,train
ac517a983b3149b5b3575c06bb818a93bbdbbdc22f337091475db4dc4d9e0067,train
ac6fc1cb0f0c1cc006a2a71a472300ed8927ed9c100e84e324ea723bfab08786,train
ac81c7953c6d8ac312d66e8c092278befbf9cc53977cefbc3462b13ca958dbfb,train
ac941829460b292c3b548fbdb308d0eb35b5a1bc9198ba737298222c6ed9beac,train
ac977a8967175ee3581eb1fa0ce930cb7b7f5ba8f88e89d49a6c50c7a396aaaa,train
ac9ccba58e02375814e64c30db47f458faceffb6b6d7674a62f0e9763cd6a9b9,train
ac9eef4baa9d0e76453a85124bea910f5857dbfc8bdd16648dfc3dbf7c4dfa56,train
acb46ec4eb1ed0d7b9a46536e630edbc749c52ad80c4a87bf186001a922a3e8c,train
acbb1a85afcce39132401528a3e99d2b6b1e75b188c4dbfa938f238f1aa10707,train
acc44fe5a4e027cdc71211207ebaffa1f43f7ddcfc3cc1f4bd980914b1e2eaf2,test
acd30ab97b9674892845fffe852eb6c6356f826c38f474408155bd16bac37713,train
acd4b84e235e498e6ac89a1329d697b2ba0c5c7c744949474ce4314d30b7e483,val
acd504cab36ec2ab52639afda44e97a9b3be20ee664ab7de3ac44778507711d9,test
acd7514fc61c36b88206a488428b05806d1c2bd5deecf22ce259e302a70c671d,test
ace340c6572c04a9688ee4f7ab09a9b87c272b696e652b023e00ead95c87edb2,train
ace8a99ef37c46810a17326bfe0038560c3d5079572656d7aece170c6bea562d,train
ad0c4feb2e9a75155feaad5391256302f352cd857db49736c9af003baa451ef6,train
ad171be8cfab4f505999707e6f3d56125bf090365ec5046a7394ee9d29a05517,train
ad1817ed2470726406e4b6f3ea8fb9d86342bc03474c7d5ea0cb0efedc8a6cd9,train
ad1c1feeb29f7cb793a9511e748f8affd536ef3e9e9a1ffeae5064350225f0c1,test
ad2fb05bcb8bc7e0140487a35021de41c28d330aff313ce23b9a913ce46eb087,val
ad4296240eb99e78008b69e8dd70dae2b9d0fe358ab83f4c7d7c9daaf78f0d86,train
ad4c85c20bc3e10c0bd453651af14c67adfd21d7762b945df5023845856c4ca5,test
ad587d1dea91e4f9ffa060ecfdc01608b1f396f0b836772573105b7f5e4d19e7,train
ad58b74fda287e74a38e855c2df773ea1861f95c6ca84ca1b102dcfbcc77ce6e,test
ad5c793221088063ba4ef5a577b64c61dfe39f49c179fb1acc45a43e98322121,test
ad685d7b5d41be0e68fa78cb7f9ae37cfdba5f3e0a9e0d0fa6b19e508e80a0db,train
ad6eb74042cf2a99630f572770c2c28b78d3955c248cbcc906f2b51877af2e40,train
ad72ed8a2270ec051e1323556010089496811c6efb182aa9aa6cf223d748273c,train
ad78e4c9d2843e37293f9441a1e8e1aee9556e3f9a508f04caa10f68c75994a7,train
ad7c1cd898bcd67761599ac939ca1635ddb0e71702bd5143de0a0d4c9ec1a4e6,train
ad92ea5e0642a222bce5f170ea88a0db19c42563fea2d0f5927c628b1920b914,train
ad9e1e9f3e2e65393c95428010443dd6cbb6bd7de2d7fc7a03f289decb78ae03,train
ada983e3a0add03ad3550c54c34c0e8ad7985c8b40fbd66a8fb6f9bc23505d6b,train
adaabd6ad1c2fb2039c67bed7c573088f8833ae3f44d249258e82de090683a2c,train
adbc0a3a693b3591d24e14c868d060dd93342da86fa05b9032e120309b3ceecd,train
adc33140e81990c31e762f891b91d5a056900284862b73dcb69ab5c718e6e58f,train
add58a23121c816efbecbda456afaa45b018f4a9e6dfc3c5bceb236c34430631,train
ade6f24634559467e9259cfb7dcd86ab803943d52c15b958cb72f751f36f0a0d,val
adeb331535cb664f1c044dbbc1c7ef03bfd03202282d489cf0c1bdeaab5a67ec,train
adef6e440427ac36332105a903dbee991d425050a31836c3e557b6c3d0fc7210,train
adf19e5f538de607917e99e24efda006090995e1197bb6b941ba51d2d1d45615,test
adf3de2f152411e929d9f98e5a16295a12bcb5a074f64fa7ebfcaa83ced5fdcf,train
adf72abb78993efca6e81c0864879ac3f6e2b783c1d91bfbc7c19225b36eb25e,train
adfc7b9cd0243bbe2a020a98c1d835f70452476f5e46fcea8fbbc77d8c8593ba,train
adfd45c229ec9caad8ac5f98b76ef3ad20079fed3009952bd95f41487e4afe87,test
ae00dfd16e90d202c894a9c4055f7e5304525a7f2cc82859e7877c25b3a333f9,train
ae1230a35169229c8f66b4717bb994d55a59cae871cdcea21178147ccae5594c,train
ae20e69f5dace8fd5fde7dc2e7de9dd52edd7c0a4a3ff0878cd0d31ca9c3c6bd,train
ae24dcec7fdfd257bb61112a58d9b8c7726f3d1f36e1aad0824595d1d2bf8898,test
ae25e83b986ccc650b2618c1f614125598097aaf274ccae90b8d20f7ace623df,train
ae26c7bd3e4763ffc4815472811fb8f42d73594aa0aa9439813c95231f8fcc98,train
ae288230783b8a35976a268471b244946c5d702c0228982b576a4c015f01a997,train
ae2f890e1e49271a5ea77d9239827cd7b0f951ffc2dfc92f07151de3e96fb078,train
ae37a835399a359068fac16444ecaa0ff9fa240e9eac069e89fd4a84e71632ec,test
ae427b1b41027b0dea87f1342d6ccbd74802bc436e26ca370abe67a625a26db9,train
ae513f7c548f26b8b362f5b08b151a569920d8a30aa1adf3e5ec9f43e02987aa,test
ae617ab52e660428b9c654f5fd24400f7c232964537bc94f152b195a754d1f0e,train
ae64cc5f73c366bd8438eb704180c25353ad05c4c4d9ee67ec8b6992646b03be,train
ae6893fd18ba173de247f538da2c07ba9b1b2c3ab1256a5f6a11c5cab3bd03fe,train
ae774853f270428937f2d8cc41dbf4ea1c7c885d1638485e63faa6c2d93063ee,train
ae7ef6e3a8def5513c6769218739ae4d4e8dea5f579c813e7081defe605f7291,test
ae810df5a764739dce531bb9ed6a4eff4e62642f191c4221da57bd86df95215b,train
ae828808077079fe380822f7831c444f5961de5f3115b9f0c96d28ec31f7f0ff,train
ae97c6f1904368b2cc9a86d9692b5ce605276d9c5bba74068bfcecccc3141960,train
ae980ec652430c8ba7689950f2990d69d565d61ef0ab0bb3c51b0e94c6247233,train
ae9a971347b5ef9d6c1c30842e095e8912c3a15a715d63e1a05878dcd3cd9475,train
aeaaa04e3ada51aa6a6d27a8e3e8aa40c1a99e7adee6f15f3ba37c2a3015fee8,train
aeb7f1e43e679a3c34ce6c8c6f82e233c2df13eea3f940504a8ca04b1f545315,val
aeb8ba96c65b66189b1edda4ae4fc673704170b98084714d9eaf5869c9511f94,train
aebece85c78b893656106757efe124623ffcf3eb3ca5d053210261ea1db43ddb,train
aec161cfdfd061a2ae80955705a054ab9d531713d488e88ca95e1aded42c1a4d,train
aecef7ce3e25ef2f4fb4a48d7e110673b496029b9cd7eb05b197dcffe9598217,train
aedef50ec7bd0f316f5dfdd6e91256b1b24451d180363d1eb84abc81ad938bf1,train
aeebc69e2ec5ff0af2379e75b64fc72b6914f71351f85d42f89d9353cd115edb,train
aeef3ae8fd17d3057bc959508d11c5ed69e1766e53e0c41cec3489878adb8666,train
aef2c081af9f6ca16e7d27edd8fbfb8de2cfc0f8c3bf8f5da11e277aa041d4bb,train
aef953fc54d1fb55f7f7463f947746fe914b917fd425ba24040d30a784229cf2,test
aefb390d9d9d1d5126a4db4db2d2dd092520f409addd80e884f554b370a925b9,train
aefda48badd382b482230cd5a76e6abbca95ca7b69883dfe89548f510c4eeeb5,val
af084773d95fc2b146e1a1e627bfe8977edf42250b3e213042e345a04644f5c4,train
af08e3d3f83fd8ee035ed84306048c38a177b39b3955d20102172cd51d5450bc,train
af0e10b0d88cb08932c414eb28f3cfa2f8569c9e1e927ee1204c0657981275b6,test
af1e54a68ee2c105146b0f830b4c6229bfdd6a1b3cc0621e944a436ad6c12d9d,train
af1eb720119bf6828eddfaf2efecf5b5326b249b632b4ec6a231ef9cfa679aca,train
af2359dc8b1b7d2ef04eccc60cc20c842d3cdf46f21718ae8c1c181408685380,test
af2bf70c78a9c5832aee1578a5a594240bc58f3aa209840709307a36450a9b20,train
af2c2c368e624029b6ba4beb37b01d24dab32b92c4d63a37cfdefec6a23c6a91,train
af37da48c978a9a90fc62dbe72ac886c5998d3e83d6cebf63474898319ccba40,train
af3a32ebfac6c2e4e250d7124ef7329327cdddfaf8edc67542370f8553d7f600,train
af4f2c2e53eb1c2851288cc68772f46e04ec558fbf9e2f8ced36c3b88ba04892,train
af5037f50daca6f0d7b57a6b330ed46eaee1e3738e39b87b9e60b115c32d21ce,test
af52a253216c625fe5a3ab794d2d1ad0a59c9e0977ef0383cf85a9ce202b2e89,val
af716408256ab1c4cb9934a264e805df974241229430ec193e416057e52ad041,test
afb689727da5b955ece8e90d6886c5bac4c6c025d26881c3c0b060dddedd1cf8,train
afc40a010171f978701af8d3d3a6c272ea599e1512a951091961951521807641,train
afc56c87553e37db805d2af49ee48304c3618e8a0c28ecb205cb61f746c2b4b7,train
afc9c0f7a43cc387de3165779bcdb01db2615675099af7917646d20374897aeb,test
afcb18dcb71396d1288aec45e712bb54fc63bb6cf5092dd24354cb2f9a2fdfaa,train
afcc1a42bf26cc0ed1f24fed5e9e0b5d15dcffca5f24beaf889c630d46ba60d8,train
afd3009f76137931111c830b81784e0d5701419f4416ce49b7bb2ed277ec09e0,test
afe51c5071f2ee16fb74f815842061fc0e398cd36da991bc597a8796e3089b37,test
afebc3e000ca9051910d517790e10f88268d9b7e2418e5bc8a0b01908b6773d0,train
afec3d9ea8e17c6d98b59592f77548cdaf45aa28d5a8e6328716a4c9ed64f186,train
aff46af2a5c7eca0792629f7655d35d9c6fefedd10697f3630382f9e60dfe583,train
affba1d4cb5b5e9e129fef1ca696a7830798a1cf143e88b4503f7c7a0a7ea16d,train
affeec44aa1cae2fca890c50c36efcaff8e61064fb56d648ad0135037cff83a4,train
b019f6825073b64b1d717b23599d61b93d0e84f9ac9edfa3b5200a2d7a782475,test
b024feaf9a7da473488b5827ebbf71acfafc25b09d647418f0f059c7825b531a,train
b029b22e9ee477cadab7eecffde4676143be640d83a0a3d57ebe59cb9a3f71a0,train
b037b6ca4d0af0db026a7467f18fe8ff26e3bef0bb75c29fe7f468faceec2023,val
b03903a4aa61fc549921c014811f694ea44c1ac6d5deb9620d01f83c4434e1aa,train
b03a575a10537cd364db8e476391aa8173cd772ff51ec49d20556edaafc7d0f7,test
b042635eb8617fb43af9c5e739e189de38d0beec7a1e65eb36c688f1798ae24c,train
b05fd35e9c746d86e6f7139e9ee48d876b7b177d32f5cccf545fedabb45ea2bf,train
b061d880032c7f60033385f6f7103995414a0615a2db42d933142237d6b9728c,test
b0623b92248a579a69d39991295a41088bbf001dc0be3414622971e5720e90f9,train
b062bca01779b88a4bd9501549bb4c2d7325cdf4fc56dfbad1d28d03f3eabf63,train
b065808816d818dfe855a3ac1d23d073c0a194fee869fbf889783239d91dfff4,train
b07af35860860807e206962bec075862c122abd5ad4bf7cd687a3b026bb44b8a,val
b087e140106ba99d87058c8d74fee8e8f4e7a7fce8bdebe0ae6fd908d6fb7f56,val
b090fcf5ce98c79d194793a18c7ced511b3cb0734e3aee0f9770cccdcd884398,train
b0c30cf2989624e5333adbc3b3b04e288cb58b6bb30e8c2941b1fbedd0b198f1,train
b0c435222c04ef59a2b0d49da582c1e1791fa897a97b929734f017d5b41ff361,test
b0c9e7e994e762dd3105ebae4f697e59944bb4a81f0d05129c63576c9d3fe3b0,test
b0d168bcb045d46d9764e7dcbfb860a8c9b7c16694a39b7c3a0315412880d11f,train
b0d4c6d8c8cd44ede20c0fcce29a798e5627eb737c3b5a3dd207bb968bdc770b,train
b0e5124ca4e4b8671fb6206d8dbc3e957877c12a063d202c098dfc8079803bae,train
b0e5dc4c6a82e8ca664f4c05e304dd0d0c15ba029268c9172259ef2d189804eb,test
b0ec11aaaed3f6242bd1e42aa4d175d1076db8782aef4626d73cb2eccb51bc1d,train
b0f9bfdd3a35a455113a5f008426ebfcc3321abdbeb57e33dca5153f3a5b03af,train
b0f9dcbb6441e904c39d374096c8d98b6c5c993b85436815797ba2efa7d4311c,train
b104e32fffd8a023687c8c169735dc1520b982c957f4d1444d96e9553b293c8e,val
b107d9b35ee1bed0ef028fa84ea9fa1db4340cccfbf7cad6a9e1b176f3b36226,train
b129d5ceb7430b293d6fbd507eb6444fa320ad0f99212de292c12916bb22ad84,val
b12b6451a8341b3af8542c17e010b0e959ef2c945703d6bd70350a6999255886,val
b130a3fa6e8038f8d029823425a8abccc0df271907b0b1fa5ed52310fba9c481,train
b132b75d063a31318638e42b0e7b3a3e31fb3246b5c01eecd41b5314df63da5a,train
b138b511563f08017435be37f23be7b9bb4192f0811afa6863a4acae1da75112,train
b13bb14d381414c14b83553c0548e9f7cc1149bfe8b6ca22c6c95aced6c7969e,train
b152168a2413dda68268bdc12c42028869b8d8eb8718c211bcd6f2fa2e333020,train
b16084c24becf46b3a56720e4e5f0b6de4a924a7c5ee88ca66ac2761b90c8228,test
b1661854442dbe38fb5663c3d5986f736f62220d5b4d899319df293cd181496e,test
b166969b4bd11b8cfaeb115e9236c8d8ee05627636cfc4cece90c0e3240dca66,train
b171b9745db1facc7d8404ef573890c9b9dc7386d11ca42012591e6188a938cb,train
b173afe1e5df69efb3abed108c1011d1dc94c981301a2680dd277e1fdf2a96f8,train
b17ac1b8113dddb65fd6b29fd5b8be509c3b02f3d70de29d036da3e1be55c37b,train
b181b7b514a9fc802c1457704faa2cd9dbe160a4304226aca62f8f98dc5fde91,train
b1994ddc37c153ed63e4f364086560f826ae1afc2a6fa7af236f45dda73fca6a,val
b1a05ddeb9e0e600c98bf565bbff0da66c7abb0176c54b517b35f84ffccd61fc,val
b1ad200a683ff16f0d08a108fcb3ca098e3e404764ea7ffd9cd197e9fd79e121,test
b1bb74b4c0468303a60f8b37807297cae8375dc6d2c8bb1093d35608195950da,train
b1d6d7b44af5bedbbd68d3bc24fd3bc5e9b0cea2cd60298a75fda2602f19e2e4,val
b1e6fca3d8a7aa11fea6fc1edbdc39edbb93a01ff2587477641ceef4104e3d07,train
b2057d0c7e0851c8cc7f43bc7f0c7346a98496f74ad17b444d4720d479a0c682,train
b20c797277001ee166b224df8c2bc684caca8adcd255a04027004553b42059f9,train
b20e29cb070093725697b23758eca92078c033f691a28b380afd9ea15801e1ab,train
b20f240442e7c9c6a896fbd57225e03b44242566681d56e0ba61d51527a1c3b4,train
b21c394e65d97a8169690baad9c37d622f699bbca5f827ce6ec4740523c3c6e0,test
b2270b5e914d127614926e563cdd67daa1d9d95c972f0e2daa66b0da7d0ed34c,train
b22d93eb94063224dd6ae27f5a381fd45fd928d85d3f758155262cab8e69a9f3,train
b237f757d0a18c749090ef342b20307a5eaf4663b2e313e468897b03758391b6,train
b24082f05a60102582497b53aa5891043cbb2c21f004eab918a98b610c2baffe,test
b24ba82e805ffc2d9d75e26cdccdb0843243240182b80a17f67e53aed20a2132,train
b24f44c34979d9aa0eaa58c6acf46d4df06de11d3f11c30e664524d574a17f2e,train
b257ed151fe479176b137055faf8457dc4c41072fdd3e84ddcc336b4bb4f4c84,test
b25b58660c9ee8288540cba3ebb7a0d26d499d4a8cc109958385d4b8ed4d7bf3,val
b268e68537c86c2598f3c8b2aa29952fcd6bbd74286416a993f235eea0fa8ae6,train
b2754d50fc41c800d049d7fa02dfda36b58768ba5fbee8b1515a1a448d6e5bdf,val
b277628e1d4580ae9c2c01651349a37ca1a01c83203f5c3f5e9885912bf66b30,val
b27eec198d873ed6e6b5719eaf563689324e3f462e0e6b0e8afab3d5e6bddd5c,train
b284eda8e6bb1b1525b4f4545b72518bcb642d90589f792d9f39455364102fe0,train
b28ddc49d0516211cebe4c74d71fbf86472387b88da0e9f2460acb119ce92569,train
b291d507a58ca06305b662bc2b3713c64b16c368a87e4aec079d6713616d2a44,val
b2967b17468122d7dfdce2d22df598a220f88bba95b910a6d4abffb534f34692,train
b29b857f283c7535fb151dc346819cc363bb3eaa812384fd7c17bccc1ce8ee6c,val
b29f853ee58116384504823e2557d85e4ebf8f75b637de9794c75bdfc79bdd7c,test
b2a890ba9082b683fc529d78066392caab4d269d11fcde0bc1dca4445790646f,train
b2b086ebae4fac7fb73d024bbbd8f035060c8dccc30b23d5170caf55797046a5,train
b2b0d938acdaf1484325cc40435331bab693665b30f36da40d6c23d87a02ffc7,train
b2c8db52a362946c991c8bb0b66a2fc500cf6d7b77a958cc200fe8d3671b564f,train
b2e3826fc4c55cb85fbb2bea3bcd44788a376b548ebaf69486617905c81ef2b0,val
b301651f3a3a802d543d07a144d829d20fbb85f525927ed0f4f503d6caa5bfa9,test
b30b7e55d712576914aca55141d91af5569c300f99cf1f3b60b03836ec31b523,train
b30c61cdcd432899333835840fda195c0dd449ef535490e7ab81ce44fc840ff7,train
b312afe549ef089baafc655ed6e66916a2c2c78fe21429dbb73ca4e995973d93,val
b31604aad74738549921344195a564d44e087f2a77737cd1d4deea35a791c582,test
b31ec0504a9cf0e0992557cd9d1c4e98b644a0cd945f0ff0bf8e0624a8d30988,train
b3656a84782dc52de2730e428a0667e9b930515bd42a6b39d14a9485b1fbe0cb,test
b36963cf74941c6bc5f589eaa44544fb26a401594286d1d2a5fefc3125eabd47,train
b36ba7518d2a5ffb98d28a51a8d5ac4a65a980d55e9cef79910a267bbdca441b,train
b36d88e75cf8312278718181f70387947ce49c45504dc054768a65bdc4c5f7ea,test
b3760ee3cef27031c8e2b518ae2154050f355587093feba6ffb5aea028d01ab6,train
b37a0121ac6d0d769068edc30fed3bbe6fc57c9c6b043c5588670c1d39a07376,train
b37b3ce7f78fb8303e464075a3227873090b298eba0ca6fea731034d4290e7d1,test
b382d25ee4dd22cee75d5e42ca4771e04a5b4183fbbc05faf89832a58c4ed310,train
b385064903c14acffb93133cd695eade115504419bd3244a4ad40c17556afe7d,train
b386fc13ef077f5fb43baec71c99840c7df6814e35c4b2465b41ce407751837f,train
b38f5f3a7362765583ab7ffb784f8760c6106945a9d454aa0c4631eefae873ed,val
b3b2698e0ec62e551222881449d3c2fa710920af5c13205401b5c1ecdebfcbf6,train
b3b6b264bb11bea375907ce879d00c5fb11bb18814e60517bd363993ef32b867,train
b3bb1f529c0c5554b38c922f3f8ecae46196e363e25bbd7cc6565d3818349557,train
b3d2211f07895b54d6ca3ff89116b060506675a28fcaacc12741187b3312db34,train
b3e22dd249ef949f025d2e1f8475bcbf64b8100b5f7d5e8ab4ba4519afd3e350,train
b3ec5501f8eb55f8c40092551d3964ee3e966443632ee341477514aa17136ea3,val
b3fb4a4aea98c6151f7df571487b274aa89d55dcd58897301aff75f572c4719d,test
b403b42fa26048a2bf9c9aa72ea03f6074093aab56ec11953aab28c7f7f8fe14,train
b424da1d62034a33f7c16909fb8810b44c9dd29a66f75d7a98fab4243f0411af,train
b446c20e89e8e2e2d05676abaa5c50b77f4ca5cb763c7686d543b532ec4aef0f,val
b451655e8be21166334c7c5b9a0ad7133dd42d2efffa18e70daefb8c4c23cf5e,train
b4554f18406be7a9dbc32532322a051c574cc4d244f43648555fef32159bdf0c,train
b467f9802cf2e25077c50f864101c291c20b2c890dd8e925f1ff16258cb73a9c,train
b47bdc22c6867982fba0b13b3c74527c5bc9eec8cb056153ee151781a81f5c5a,test
b47c5046c2526d1a772c071d83d8e732e9ebf6661e9c7787f35505702b09c987,train
b4860d250a61eaf85799ab43a75e723162ad5011d9bcc73fb57dbd73f7455fc1,train
b494ed364922d67773233ef7b30de735e161ed379292241fb9c7acdde5861af0,train
b4a1f35a6978a7b045b19208cf5e568c204e5867da2e8bfd8ad56857058e88bc,train
b4a5486ef3b9925f0c436b402541e0295274f269e50fbb7a2f0112570390d65f,val
b4aec91d0a03e57ffee2f7e5b9f0c01f524336847b643a1ede4e67a5c22da379,train
b4b35fb2dde597ce3266c56a7afb4049ce9670cee161bba88dd9844b5def1ff7,train
b4b7533fed4eb6ee174421f762b9faa0c7313b48edb2e08ea0a7237a40ede7bc,train
b4cde06a8fe1c0ada6b0484d4aba11c3d8196a08361fafd4b79547a91b4d66db,test
b4d4060e61b19d342f14b0aff8be73e33704c42cd65b357a04706b7faa4aad92,train
b4e888ab670465866e4e3239ae51f7f5c1cfb942edead2eb7c04786ced0ad646,train
b4e8d722dd715e4203ef7002d016aa9654f96eff9d7286d1431b33ba6049abae,test
b4eb132dce13237ca130f1a9899116ea4362a740a8cd2a7b09a9b292b92e28b2,test
b4f22a2ea720bf20b30f4210d0e8e7d2accf8c199bb1e0da6c9407c852a46467,train
b504a280f594dc14f18bc4b3915f9a87623f549cd15c099a1aa6956cd72d1a01,test
b50af71c270984573652f8b17ece4f142ea1e915b7c1113a15c2840f93106d14,train
b522285febc6e6a82522d8b362b6ef4e4c56baea563bc35adf8325b7502fa8b2,train
b524c098e1cb2987563ba872d0535ca0e1f805beac095a275afb7f10884cbf57,test
b52df6515f89fcd908b135a63bbfaf3d6666666902a09d3151870d22d9f85bea,train
b52f423dd6e4691f2672872d57532f8273fd7d1964b4c5c10dcc05d94a602895,train
b530be423c364715939b13e047098692f99813a94ff31551b54707e29b0aa495,train
b5420c41bf87a04647f061a85c31c66e4dd11fb53bae7e3bbca977795963e03f,train
b546df93f8871be35349afa469472c173ba4b1a7052abac7826a709a3596d1b5,test
b547fe4554cc2ebddcb39f872f7bc5f7929d551f4f62e37bff34c74e218a550a,train
b54ea73446cc0c455ad362438b6a4d7f0025daf6e3a2296458e4759479ec1822,train
b54f9f80000dea9f219bbe842577e5501d5b602b9a964905500aa80077fc3590,train
b54fa97fc44b74e445744887d27de22063800ef06689f680b6e2e800e2235699,train
b552c25a6beae76c2a040b5cb2070d13d5f435709381e6a1c1ab65b313411449,train
b566bddb0ca8f202f966fe240c28cd46c5bc3f328ccb97ce7f7d38d0dcf91aaf,train
b568171d5edec1429f58cd4e3ee68ed0a7715e02b030c93fc7c25d33cc2c08be,test
b568c0aef954cab9a7ce4e9b65512768d57fed278550e8b4be25cc0a3ff8c72b,train
b56b9cd655a4468d16c55591cfffc60ab3902c0c1c23d90acb1f45f6e8163a9e,train
b56f641f618c07aaf77b1d29923a1712b59025f81f72b9476b05bfba9cf6502d,test
b5708eed2bcabccdb29288ef90c5ae6e14343837a4192f0828c760e278349229,train
b57fb07b997e17c3056d3b35a37b538da750d048319a77f2ac95429cec19c40e,train
b5829e94a015bf74a47ff46fc4b3767ef45e18469cfa3e6a4e2b0202d4478321,train
b58396042b5cdcfba39fdb694c336347312a40bf494be182879c66d13d20a0af,train
b59543555004fe6d65a689491518f262408232b798d34b288983d4cb5bf0b7ac,train
b5991ec5ce33cf38ba9989f2f56eb0f5bf9745a44ce45a4f7644e665435e2441,train
b5aa774c52a319b3f0ba8ddd4a0c2e2eea0d4f661e6110be892cc69fff1a4577,train
b5c0197ce63d6d0e338511f2b185935a5b63252ea6cce7aa19584f1997c13bed,train
b5ca287e082c709d8836507bb7c674bc89d4b582bb8adcf99ba79915e2bcf80b,test
b5cb09c5068be65612da853db52e6dc222e7cafe988fe5d489cec753372b8244,val
b5d487e7076a16f5c344d8b56ae308708cbb5918f2f62d17c8002197902647d4,train
b5e11c1df89109ce3657792c5b8afdac88f03c3464e0d41676fa448efa3c4cc5,train
b5e9e645db585383f6ee0b7f1f82610e1ebdd65ae007e40b710674d307e532a1,test
b5fa46592386904b04062aa0b40a75a34970d644b7154cea2eece3cb58a1ddad,train
b60429f35d64847136f36c2a0b4fe85ba8e9f8084eb39a050fd221618d983f51,train
b60830a2b3ff635e1eb9e5092b0153ad08dad13ae4c7c60c3ecad90a9d33d949,test
b60fb6f2fa108c44c25680d572b45d3eaf30f9355fc65a16e8f14b7919b496f8,test
b62e008fe1b70b19d089a07433292366046e325564a550ffdb0352cf01dcec0d,train
b6372272afabdcfb16a4100a9dc790fce4562a1ebbc54f4e0ff73570fedd4731,train
b669a4c20a793fac76109cbd9b17ef403a8d92947278e58da5481dfb7ddaa587,train
b670f90d8ac4a8abd0668c598069c1df97f3ee5c784f8a99da3c9315403f6548,train
b67202bf1bbce42f21ab295c0cc3f34485d87151accda2ee3d62fb8f0b275c9a,train
b675c3523201b8d9771bdafba1873e560134bcd66fa7b4941fbeddc8af37aac8,train
b67732d191442ff378dae4dc870628a16cd9309a586cfecfcaf5c7f7236c3dae,train
b680262e08d6ce7cb2d51f596e2b21c4d048aa72eb9714ebc0ded750e0378845,train
b68d4ccbd4662f6a02aeae49e8e48be705c8b085a0e2a6b2d9322ae39e8a65c1,val
b69224ea5fef5c109fe4624f7aae0d057b5c3f9a58c8dcd241f4f221cd13bda8,train
b69a5ef4406390fe31e9f9e8dfa6950319a9141ae25dd210d59af509ac1a89be,train
b69d4879e64be786b52bd785d5afd236e2dad96256def7f02441425520ac356a,train
b6a0c5f747de745d473c13b8721d142b02e8828e84ddc8d50c7476365c279df1,val
b6a2b07116c52bef373eafe333e404f298d3440fb95d2e76249df38626b4f1ac,train
b6aaa887bb0159c2ac5eecb5bd333dd656ff607c58cd96973617f63afc5732c7,train
b6ad645c46a759c3c295ce1d126e2a0206608f1ec0bf379f312a235eab00ceeb,train
b6adcb7be2fcdabaf7da7964f3015895786b4f3a84bee9f99872970548d56260,train
b6ae7164a5d66b89f8f9deb91c149376da076eeced4f974c6d41f406b8b9a2b4,test
b6aed8dd3e694b78b9375f1bce48321793d1caf284cda0c7876e5fdd452fffa9,val
b6b39c1a40a5ae0557fd44b711ae1c01b4d2bcd0d110058477dfa5cae4a2ce38,train
b6b57684ccbc012e9eb0bb56c33aff14d51dac4951e9f3c814c3d0929c0ecf55,train
b6b9de0816555d79d2cfb88aa4d51f033234228763c47ac94e00347ad17f9645,test
b6bf9fdc0c7319f53f8217d041fbd7a517ffde9d0634fd462118d59342ffb470,test
b6cf21e0d273a6b1c5a72e62f211216715809bf415fe8da2706fe69b54e15c3c,val
b6cff4b2776cdfca325798bdb5212053dba316ce760377a2ffecb8175693b55a,train
b6d7bf597ad13e4caa7b4b762711a7573f3046c4c05806e741e3dadbdcb51016,train
b6f166e3723d36ca3a3101ca4a807c6cf63cb9e0fd106fdff1e889dda61e43bd,train
b6f531d5e83df845f6de475ca18bbca76fb29c9792c4e61b691d42292c3c21d0,train
b71758d6d8750b8da5b3a586dc663745d0bdca6de4c98955d1c71f2ff528babd,test
b7177f9cd645853df1d3dd16903134c090d459025e091388cf46b58ab29e1a4f,train
b71be209760eb09f7d4aa68e59239ecbf71c5a15198cf554aba68b629db02461,train
b71eecfbcb5997b5847c4417b745713a3f3c09021addb48d015d6a3c0ed8ed79,test
b7271856844ebb2f7223d808587d1bce18daf4c9debd603118de751fe29c73c6,val
b73ae76338301ec8600cc4485b138584d4c0aea6d98f4efcf9adcf30286bfab4,train
b754e83b9c0dba7842e29234ae6ac0c7de353986ff369e55eaac19cd296091df,train
b758dfd10f4aa6ead0b38c4f83deb12e3eee2657e0ff55d0e0b0efe78f09a022,train
b75a49434dcb2384151c7fc07720c6d54291590e98036e142e319de61f240f91,test
b75b339237d16923b46171ef0d91e6be7eb7d38978a1aa41817af4ffd9c04da5,test
b76f9725a4f48b87627df5e179e94fd1cba4547dd64f7b5c6ae423722f7a19c7,test
b77ab378073260276a1f3a2689c3e73534e8f5f2e6b64ecc00df81af3cb87188,train
b77bc38df1005d46ae5c5b03615e4c6a1486231958b3c04a4fae982d6cc1acb0,test
b77ddeb307cc82ed406a57486c53e5ec39e57f1decae29e1986ef309aae87596,train
b780f94cbbac7130842074bc0b3ff8feb8a1d809bd79961c3731725a7f1ae9b3,test
b78144873e2c7625caf9952967cca2b4505bc06f0ae999b1aa0f80c05e7cb9ef,val
b79b89ef52597bcd68a5c28ed29758126c8dac156652a307de930cdd9456242a,train
b7a94b63e979317439f018565a4b57aef1f8dd3b06e5b86fae5369a92ece55fb,train
b7a9f582fb5715b0f295e74a5d582aed0a203b3fac4fa95fb6d4fd4493e8f93e,train
b7ad1811da42e710d8d84509122bbd35b767b27a96ce89d1a033c77c48f6e6c9,test
b7ba8a253ab1da084563daecb80418ff3c2a66ba70783cad4bf7ae56b046f8d7,train
b7c03782af05d613712732fd97f8631ef9674cea84055ff6b6591f8e6bef00a4,test
b7c3e1cfad5ccf075c523966dc62ccbd2afb2ea670131c918a6afaa215fb55d6,train
b7e32d5ab29bdd259fac3c86d809cd945abcee7e3c015f083d9f98b4ffabd42f,train
b7e335f7f1fffecb2f74a9c69d7b0e5ea6b173f31873e551c6d8f49087801532,val
b7e726899ad50c302b6b2bc55b11c6962530722049795a736b223a0269c2ccae,train
b7f8808f80d220a78e46f71748abd8e73eebf2e9a3f7606b299d3def86d3aa4c,test
b7f937c1fc73c7e139aefe9fd96cafa34d71644a47a6a3d64fc5146843a94211,train
b801295ee508e7db43284a8c2e673efcca5f77b7568171fdec7e7d85a2751654,val
b817830ee608d2719b15da80820696275aa8e77d0956aa5cc6a48074a3701632,test
b822c65a561561a791ce74364900beeedd5c689062ed19f58495092d875e3d02,train
b825874ffab7bfa9630057df09bb8580cda95e31a2dc535a7a92330e2c6a465a,train
b8388fa7a42ad27bfe88e17fe16a520f4b33c9de3378f6954c60c5d646c8eaec,train
b83cdbdf0c3a34c762f4e0910baab124090153e1407d8b16942280920e63decc,test
b84e05ababf233f9b2a7fe864582f907b346aa64ee665eb804c2b3e4361438e0,train
b8569cb36f05521233d0b8771201cc5944c379d4391dd19409c85962ecb2a87d,train
b8598b3da8b2c6d5baa1badb623cd84cbacfa97832ac613c0dc9332e3e0e2336,train
b85ac9793d4f62679922823c0387c646820531900fbca61e010e7f755b02dfb5,train
b88d370392e5adc10b8080601d3611adb4cef88d734921666154c35e2e616890,train
b8a972bb04bb81b6e9ac6340d46384778977a9b1f867fe106fd5e916a53b6d9b,train
b8a9a6162c20a588ca722c7ba0461916ebc600f1dea7f467d66c1ac5d2463799,train
b8ab699fcd5b678224239297af319ce7d96bb75e3fd815545a29e9a607ee0e49,train
b8bfb33bfe674fa53f40ef1dfdf698ec221000adaffef223b6599e7d3ae6bff8,train
b8c587fb6c90889ad60511aea25a1818099c78948076ddc05cc6a5984b960bef,val
b8cce89dbca13fab6c054cdc7e29c411978bd2bee25ddd9340e93dfd2d69ef4d,train
b8d0ae1a3b1213435c773f2f371a628cf6dce6ee2d653df7e7a33faa8754339f,test
b8d1950b801f9ada3c9b762c1cb0464f87132c4997eb36981799d991bbf66587,test
b8d298c16d8225f187e35ac15a4f5da1fc30197f85c28c347061a8d8b7c30b3d,test
b8d71403abdcdcf755e26bbeb2875629335efa9554961e4396ade37180297ca1,test
b8e993c283d01d9d987fb8fd08376a7541e6aeec8ecd73f57596f4e7b84b510c,train
b8f77af4c9c001dbad26dcf6957820b1a77a5d9abdb703a2511872f05c4a26b4,train
b8fb4ff33514eb30ea7cc213d0a9c5bc449236414b496a9dd7ae240b6bef3738,train
b8fda41dec494ff6adacdfd9df6d1b6461746c1945ed6bc0b2a8e4fb113edb16,test
b90805d4bad99beea228f16d5730316d578dd2941af90070555859ab6d77f04e,test
b9123ce257ddcf8ce6b8148c6f04e0df1193eddd4b796a02d8a3b484e2e5d607,train
b9175e1610d8ee2f00ce55c7c7450503303f4baf174a6a8d813193fb378e66d1,test
b921873cc55512751ba08fb93b1d32474cdb33d888cc61fd5bbb4c2be8083f17,test
b92524a4cbc84fd090cf880a276494d607683f04e29d0b709d26e834ed73cd20,train
b92e7e684cffe376c3fe345af88309bc3d48f3a231b46d9bb3ce777891424960,train
b93821cdc9459b6a5e391cfa0b36015ce04fa26aaec805315b24454d2aaa4d7a,train
b94c870fab638c8f4bc902d5727291e152d36fdbfe4db7af8c7d742c4e9644aa,train
b965644419e61091e55464b441d4bcaf43f63b676aa0d6ecde74e95dda09f32f,train
b96c305857e51b71a6bad3050db13efbe9fd9c55dd4ead586b0237aca011dbec,train
b9920b8f1af974c71d0fc3ce2400d1035ddd13cfe5374546a936e4f3fe18f99a,train
b994b75fbea2836d88ed024cb7d54d78a2bb4ba12cc8659e135db1afdb152169,train
b9995f3daf6502c1b6774d238d71681eaa8d3b2faabd273dd614d3d228038cd1,train
b99b08106a85f0d935df5e2f231df24c5238ab653653320baaed713dab8c8649,train
b99fb8eb027d35048543aac1fdf3b95eb329f9a468b19c45530fdf68c5b71a78,train
b99fdb328cb12c0ef3cac45563fafde7f1048c691bd7c7060cb21429af93f86c,train
b9a1ccf648d39a7f2f3b621996f04729c68c599bbc2f7a794cad62e984bb7b32,train
b9b0d06fa0ec6433bd9b6766db48a18c8c8b437798a97476a9a1f593004947bc,train
b9b28d80846b442ff4ae116a2d7e69e52b8d3c79e3afb11cda6f8cb0c121c8ea,train
b9b2de1f6f6a06233bf7c9de6c31da9ef3b0946b5686f914133c2744d85bd210,test
b9bfc9f590144366fd07f39550c52a0da4db342b7307e8c6b3a70e48f20b845d,test
b9d02198dba3e43dd4077b03bfafa359e65129f520695025b4ec6dc81b94b96f,train
b9e2896a7d7d9e39fb76b3f751b0336f5bc6e20b8e0d5e2683cccfe7b0e4db8f,train
b9eac1a3147ff32b79f600fea1d2a1e1022daff1cf6d7c4ce4521c68c509e288,train
b9ebe9c6951aaba1701b9133939d5c816f5649e1244da11f1f00c11daae24fe6,test
b9f734674b013f7550d95693acb7e42be3a514ce7a1e8759dbdc8c0aad227d86,train
b9f930699be84ae1d88eae494fb3f48bdb2de169b58847040c08e9b0439b1017,test
ba06f3786693bafba881bb009e8fbe045e15b1bca1bacd9dfc61406c8d48ffee,train
ba072b139edc2893236b134ca213257361620409f15175d7957df4e69d159577,test
ba0d9b5dc7b51c8ec3e4b9c1d3820623df7b0a51f8f43338996005a4259e7fba,val
ba16bc468c5fca6187bdf27ce67360e3649676925c25b2508e8c1dc870d68808,test
ba1858837f166d0620c68d16b7302a17682ef99247ddfd401101573571893a3d,train
ba1bfa52f34b5d64335b9973e60ba78290eba6b70f074cdf80ecbe9b55b91218,train
ba25364ce22fee3fd73c71ba4738e7c57525d6a8e156bcad4a6e963643cda6f6,train
ba2d1b33cf3e04cb00d5557641c2422c0609761d0a4c3f7f61de04ee8a4e0097,train
ba300e4ece11547700ce88586b0caf89c2eb7c24f2b36839e660d0a956d01b82,test
ba3883e2b6382a30a63ae4de1951da588658ee44f98a271cbd7e36398d5cd17a,val
ba479cfbdfd62ca902850125dea41d4052a593afa86e6ab240eea0989b7bef5b,train
ba4f79dd6a26965ac0a4a11beed84f32aa35d39475dd0b9c91eaf44024f6286a,train
ba5691bacb0dd3d6040218c18e4b0f1e12c78f286ca0887fe82448e7bb1e0781,train
ba57a756ae50e9627ffe893d2034dbda5c0a8bff55c5c621b81aa3b87e9b0e77,test
ba5bb9b5a4a5630333c3c3e76e66c1d61a176f9335b8961ad6473fd47d7fbc66,train
ba5eb0d9221c69ba34006f30a81903e8158f24ed3b5e2fef57c344e046378308,train
ba6b5ae64e49a09f207083002f934b1cfb7b0f310ebe130b665800c6f164cddb,train
ba7892aac92a8b5c34d38d005c237d56a00fafe318b43d052535eb2b420b9a4f,test
ba8f3a31bc528c86fbd2fb59ac911703f91005d790e29e0b18936a402bcbc7ad,test
baa6ef23bf126c0e00697b2f5f9d1ca6fe4b87954786ad9b6dc54feb59ceff4a,train
bab0622a01e5fb27f39bc8bedeffef008a53675c09e71dbac2d535549d874c3c,test
baba05bf95c241b195aeeba478f6b23575edc5abb14fefd7d60ce898e0f1bbae,train
bacb3f92406ad51e09c8806cf63ebd693958239649351d56a4fc62e57b45042b,test
bad3e8be699ce72d9eaee51769b1b9900cffe0bb1ccb1c98b90fbae9e7938063,val
bae2630ba76c6dbde1e24ca1470e4d28d7542c392a14b126130d2cb2c9a7be88,train
baebe75a30cc0663148abacb2414e9d5e1362c72e02c1fe6e63dec28729dbd5e,train
bb0b3e47564109f254e11f712d0ccafe3c8b98adccbbd1ab04c7e8e9d1589f4a,train
bb0e6e4274ca1575e661824b55128b0e0e317bb95b90afc2aa3f9eb70ff9eb15,test
bb1248cb2f59a297cb13b8d8a8c60d7707a933c6c0482365f3c9b3de1b1c9b81,train
bb138ef0d5c8c3db0dc90b6e55987ca325c085fe0d6eb160fc6c1b2e84d97214,train
bb1eb1de0bf1f82b1a1a72f2c9db3e2f99b712edf4f6664b0d5d0e73706fa799,train
bb20c63015d04867a6f91bfdba6386d38961628ba1d3bb93becfdef0ed217fa7,test
bb22035a5027f85fd8e024bf3e13e818faa1f321d1bdd48e775dd90d7555cdb2,train
bb25cb0e63f7dc1e6c5660d767f7f8f7a42f3d976f1f802fae93417546de4dae,train
bb34fcc3274a7ab3708a54d8e81660e33bdc6aa63d0ff345590b8a35944472e2,val
bb3c617e94703586e4830aafbaf065445d396b4c41af33fecc7bae6b0b8a84e3,train
bb3d3fead34ecf0357fe1860575f99b677d15cbca04af017ad8f81216513265b,test
bb3e747fe1408cfeed0040ff3aa6852ca3ed4c133b6ab69d6c42a9cb9eeff879,train
bb4040c4b1f40148192ee84f1a1f4bc1d0376dfce1867d354f62e7ee4e5352e1,train
bb41cfc0bcde48dded3e0c3036802e554e7adc99c3f4ac44b0621fe035118007,train
bb4686fb2c5d09ef10824825a4aa01de15440638e385eb1e06699fc2a1078b65,train
bb46ce009d48f2533bc533fa92ddbdb43b28b79149b8900306c95edddcdc4b74,train
bb47d90f1b2a239d1e2a99fd5ad88e89786f3c63343129de0701b3ab394f0dc7,train
bb54f2589ebe2232fa5c876cd63d1841acfe592aae9fca7791d48c8b42b99643,train
bb55ea642acf0d00415c94e448975123f098806c843b89c2b68e68fd4a4d8fba,train
bb60ff6b34da980a2a2c9a497b9eeb6c6bf49fef3d1e5bb37de9848822c2bc9c,train
bb893f6cf37e565b51550792f937fb5d90505a991660281f8013f8b396fa42e0,train
bb8cdfa0e9c14db38f50e37f59ba968d2dd63c0ba29daf6c7285aa47f7f52e04,test
bb9456749451ae69376838e535ded35ca62e069a9e7b0feb2b43e2cb4408df6c,train
bba426861d6b371732482a57e03860132d23520438662662ca95bc46ef99ec4b,train
bba4ee8d08cb5c2e71d43a76c25f51913eecf8d766301bfb045ec537d4dc46b2,train
bba87d6592d5a0d7d6f882213e8ab8c9d3093033252ae9f802750a899b1ddf52,test
bba9ee891b74fedcc5d15db87567426efee53aa0dcbad2ae914469cf1bc941c8,train
bbaa198c254776b991225130801f64f7e62b7c1e0283d8db830bc3f37c87d398,train
bbaf758fd4019530e852715844b0286e296e3601e3692c9726ae62844deffdf8,val
bbb2d6cdb076e58f8ed5b03e5306675d3ecae273e287388440d9218de2cfea0a,train
bbb4ed58c3bad208b5890cc6a9c82796c855e45ce4bf7ca8f9a0acae0ed781db,train
bbb5132f659713c178819894e231fea6ba1ba73beb03caef97b7d38a71893d84,test
bbbd0983b2fad4fdc70865f2cabc2dfa83cbdd7f802b81a25c480022419e4e94,test
bbe7205312f723f896cb194efd441acf483b680d685b31e9dd88c507e02ab199,train
bbea59ff90e3948e8d5205494defe6d9ef53c51b5ce4410d06d7dca1ad8ef6f8,val
bbeae09db4d0a94a746fb8cb9339da0f811d6770866afc1a71defbbe5aaff605,train
bbf0c3d18725830e798c5f43ccb536ec58c7a3a4ca149ab39421678879f7f135,test
bbf70291246834d5c641083c33a45e1260c514470963e37364594f4a65d93b40,train
bbfa69186dcad83969c146fe23d73b98d1b8cede9b842af767a41ad6903d7b9e,train
bc05c6e3256ca9f2e2ea0f175764adbb2f1c10739488802cf72ba730c7da3baf,train
bc13355a7e539e941d7868f350037142fe273412701fe696b1857f79e3d6898b,test
bc5c3054bc1156904f24fafbf6d2b743ae90a1ac4d3791e6f9d3261e639be1ba,test
bc5e0d758b47ebc7f327a9717743fdb267da54328345b665e7829dc0f79744e5,train
bc5e790498a68d4a2c8063736806edb202590e9522a14dfcae091b63c7c6ee24,train
bc664c36c16dd4fe8af84e2ed4defc65e6f4074d944c52664b84af040f99ca61,test
bc666b565d477cd46a2bc7102c59a722a8caaa70d3670bd71d311b3427cf6d83,train
bc67d91ebe47071324526cf466b6c22dbeecb7b97d4a8eb7c52b55ca4dced1b2,val
bc68e51ba0237095f51a6ad529a92e1f183f2b13ca8b22f6f8b6ee9bed31f32d,test
bc6e5a8081d6939ecc0f8d9d7719bd0fac1a5fdfc8cec7e360efba31fcca3f71,train
bc6f930d35f3068dc2ee8e9cecd4aa692209e77d887c90372c4e64109deca687,train
bc7a1641f9dae6bbbebe74b3587172e26b0186f3ad0d0e4ca79ba8b09f51347a,train
bc7adee5f6e07d82251e3beb7d5fd1def63601cc9fb933e31db4f94b7d6a963d,train
bc7b73239ee2d8a3ea5ba5e4dfde79ec346336ca84d4890290493767b441883a,train
bc7c4bc2d1dd0c8b33075c30d327d90c2fee57f63d5911b7fdd18ecb10521550,val
bc7d5f1578e47433012273644d78c04759de99fa4ca6dfb9e028f418261888fa,train
bc8d87427332477f2f557595a30a1ba3ef02f3e45ea44009ec1a29cd0b753117,train
bc9e696d2c5ab5e7024db90e821380852abbc019a33a08de8753770bda559746,train
bcc60e7d932d67382a78bee747c879aab1282b1a52016917a251f8e8efb17c08,test
bce8696918dd24886521bb4d73e577b0ed6120ae2849342f889d8022037d7f17,train
bcfd642aff7f2e591468a4b5d4b6b70a38cfe31847ac2780dc09050f3164d4f0,train
bcfe5f1ad4eafec9583832119199187b073bc42a7f5b58515f568232b4df583f,train
bd00bf692ce3c6f2bd3211318f6ac4f363bf0be48617e0bcff6ae16eef9e04d6,train
bd11c793df6080b83a30b9d9b9662e532d78bd62571e25608a97e26616294b77,train
bd1a7668adc83872e9f067a0bb25696d1166f0ec930954e012a1011586b2580f,train
bd254469a742b4256c5f286756f7c0bcc30a8382f20870018efb954367172b2d,train
bd2fb4487ad111967ea70773a89d8bc407b516c3779e4461744aa29951202da3,val
bd360891a311e85f4a43789fa6ff4052df7d1a108bb8ab723a39843e8e6d6441,train
bd3961ae7545d2197eea4f7849907aa0f7a75aff2c6a90479be650c4514466ec,train
bd3d6129bc56147ad24f563e259ec7a37a4ce8514d7029696384e8a49b811136,train
bd412809ff5b92913bdc9c001cd5f1fbdb61dee3a4d4c3fd35babdfa7cd67721,train
bd42c3db98511ec76d0a7a0a9c88d465e7a84d2c27cd262bc54899d981d75e11,train
bd453be01461d310c15a5fefe331799eb778629fff11d00da7c3beebad1245f1,val
bd4d46dab77d21d9eb56637f2114b904c4cc729eacb3776b8bfff519a502ad4a,train
bd5305a7e569bf63f87a3e39bc1ba38664e6f33f91f300624026238070c4b262,train
bd5f9f6433c46099343d5fb224b396a76021d444f99dbfca5281e7dbce1a1d89,val
bd5fdd2b725bf4e2da2fc6a0897aeeb66303d3ae0d6ff414f691291a284edd34,test
bd67b6a1cec51a1e84a2fd5b53b4fcc409788a6af9a18e646d5820a46bb3e615,train
bd8197fa68d06fbcf3e323a93e637946d05bd20141039e07c9e6b4db791a859f,test
bd8c10f733a822bb8870781ea7f6f03ce5d230e78cec02ffbf5eb1c048c54897,test
bda583c62008da40a672a4b9800d16c857b048a7a129a607a72b0220173a3264,test
bda5cbad9623ef657611020a4bc32b8b2aef080bb52fb5ba781350e421a38f6d,train
bdac357fa4b0e718f8ba5973658dedbc84552516c801cda6642cbb789ff1d221,train
bdaf9ebad67a27f81926a04dcf4bca79bd68ce5c48a35ab3d694dfb077fb0e39,train
bdc42db61775aef49d7f6aa3b6610dae2a4dbf63ffc6c693325908c9669d1e36,train
bdc84970bfa34cf453c71ee629d88707bb7391a697ae3df02cbfe856c6667663,train
bdca32740a09899ed92d39795b4ba87aa49c81142ee61eec5de995e3856b44d0,val
bdd3b4d0eaeadfc2c5451d5b934aeddcdda483a182a6ba071d22fdf76db18b62,train
bdd59109290a703bae6bd0aac395998e6377c33c13fd89a0be9adcc3992fd6f0,test
bdd6dc8c6025ab7384aa9223e28e1d434d75db9ae3f0a38b747b155ee7997b36,train
bddf4e0d323bc846aa267ff770a79ec5d9b19976d071465b7a71dd076b0b45eb,train
bde78661dbc232b09e283eab07a2dfb8acbbc2b814e19dc489106c1aaa6123aa,train
bdf107ccd8476f6c763087cf6211acc601817c0e2af7803e43a6759a1c5f9d53,train
bdf5dd66b72c1c54a04be1b87ce85e9dd6d4e7c7805960c8f017b839c2ba98bc,train
bdfb54d7ec98975e24d5b0db85093d8582733531662c12af350f0a6264db9533,train
bdfb84d7992a75e8fee1d446b23d0d1f2f9f384ca0600ff33766a1e5c66a6734,train
be2ce9386e6699362e5ddf1b240d41ea7de999486cd5a833771f13b90911185e,train
be3f1dfc75ea2d26cd037ef75d45c90b0482190bae76d9a9113bca4265cf4101,val
be418d2a6c26e9c9f551eda10e30865021741a31f0e1f3a3e3472b88a15d6abf,train
be442efcd9e48ee5f72ef712a5a7d3d149c2b50b65bf2e7b9860b6184169852a,train
be487e7d41dc23fea2de1498d3e8ed4ac99681e40fe767513f5c3bb8b76f5666,train
be4c18a36e6421d01f5befea954b7b46ad1a64734b51d4adfc11fc51a7dca463,train
be66f47c79af92ce0832d728039e4963daa31ea753bdecc23331725414e21685,test
be6eb95eace4617bd9550e153d9bdc05d882817ee12b2d996e84a549f2fef7e7,val
be7b9c60ce23314a7968945c4df7b0571726f840f4d02dbf8a1d8050caded244,test
be80e00187c2ed37712943deef22451dd0131a66f77efe22d826c73d26bc13e0,train
be8c74336f7b5eb0f752e8aa4eaeff4be1cdcfd56a27401b42263856bdd07e48,train
bebb15053ef2ceb26d0f47763eb6eef5c0007bbd62f3ef17bf4fd0b19925064d,test
bebc009519782e6a6ce925646e48da3a75cd1070c9e29b19da4b2259d8fcd8a8,train
bec9aaf9468b00bf8c1e1dc5c8f77dca43d8a140a2d00038cd50d4e78751bd25,test
becd3ed8172c56e2f5021825f63d70ed316d97a33881f3843d496cb8dca7061c,test
bede6795df6d24131b0b6680c754fb57ff24d2a922848a4453d320b5d3940462,train
bedfb7898b4a3739d988c386031a5f9abbd9b93562356c28e6200a136ab9595f,train
bee23bbc1870009b0d74ce495241516a2cb700ca1e40cd1a5eb3e59707508c54,train
bee6f3bd10f9c27449a69221c164a1d0f9cb8c189f736df98fd3dc7e262d7079,train
bee9d365e541c7563dc73b603e49ff95b959cd6ea63f9d7629c7145951571aab,train
beebe15a7f64fc16d9196af3b626977487a1a0e326039c54e584c29f9392b324,train
beefbc35fbbbcb22184ae95504681f91343181e06a5f0f3ed4ed78d57b458452,train
bef0a177ef63c52f236536d08a58879290f17d950a2825201808760e580a5637,train
bef6a23ca46e1298dc1d830683aa8cccc2da0a51ee025d8c7a8063a217fb4942,train
befd9d97baed2f269cf78f18279c61616d77cceef7954fe577b9ba4519d30b2d,train
beffa8ab9141e235fe36caa15969184107b35b52c85b58336bd79aa1275f483f,val
bf0682300f8e27d82d148dc9d06d601a2cea05c00c4968dc787dfd9586caa2f8,train
bf0a096ab33de3b02b160821f2fe9c4bd3edeeeb07025d57f8037d2b6186e612,val
bf13a0144c76ed7a4db722754b0630b9375288d153aad6e024ce440cab5949f9,train
bf277f176b589b844c8109fce150d782e78f5f4672e01133da60802042ad7a2e,train
bf27af84e9ef3a6e4034507d68c642ad1694e6528e48dab998a6289b3607c6ed,train
bf2e3de7206c12d05a053506cab6d8033482c44bb77c666e3cd24ea8e2a2b06f,train
bf2e631aa8b01bac0b6ff85ffcce510fec587f661e4947daea0f42edb5cbe89b,val
bf3fedadad58b0ae0a98e8140d2540d39fffc1960accd6f0a5b07c12b35ba366,train
bf408bafaae8db4138e78b7507308c7a07f1ece1b75a40a093f438fa170bceb2,train
bf4c18206b93151194d3bf87a963c50f5795a87b2cd829e7083c1a5ada0b1f84,train
bf4f7f9438aa3deae066432e53c6ad880046a3701b2f9c39a10ce698c0fb6d2b,train
bf50c9056135fb9169a86dc2c9ae207f3d3db8e086c4e75508e4c6ae6bcd6cdd,train
bf552d87d007abe6e1fcb7c973d6e9fd6e162c4ef77828e1dbf9ebcc07216a01,train
bf55b45711de6c598f7d18844464fe0edd6a9d3c31edf69f3e1100739f092c43,train
bf5cb56385015c7856f2614a0b3e3c37c3ac9536402bc6e0de062ce6d73f7c2b,train
bf5e89011d7e80f6446a6ef131a65da7b2014c174424245aa4783535abf85720,train
bf5fa8d0da3ec73a64b6a891d1ffe9fff0a1b92eea7c612df0ac4e30d02eb7ed,test
bf657b5829f615ea50787b1e5fad05bcf335f82566186feeaca0436aeead3f87,test
bf67ddcea266a2c5adb844f55bb598d7b00275912dea0b6dc4b04669f6d2c04a,train
bf6c437a798a591edb155ff01d4bffa270973e94f24cd6d3a64b435fc1158236,test
bf6d4c13a3aa91b76d42df761c36da848acba778175f9220765631c4022de787,train
bf74debbbca6fb5063f4fd9c17efa3c751d57a421843bd2f92c2dff6fa41a98d,train
bf75290ea9141e71469f1096819d84128e3a1bdb605ab4d39c787a35b163d2e8,test
bf798a864cbf695b9ebc8b670dafa9f386eec9581636c0d8ac6a152383a0f418,train
bf7f19713ec6b298cd0fc70c2648992afb2ec65046b02092a79e0504c7594a0d,train
bf8c52a0b1f391e9314fe4c7783e53cc6216df4fce56a58c00b8eb5f39f12317,train
bf939223d686e9c17ae5f01301e8c6381829ec2cbfa4f5f8155caa4ae692d0be,train
bfa55078eb29f299b6a5f07e89bc725cc755596b74d72ff11d85062fb7feb2b2,val
bfa670f051e9fcb06448caf1f8ffddaa3b19d1aae472e5cb451acca52af7a283,train
bfb6ea63c4d6f4cad4057602adc9c93bc39f2ac358b8c646f1ef42fb8eac2375,train
bfc523caca765522f580ad007a81f4fd45e84e5e141d31378a5a1b656221755a,train
bfcf71508ff2496024c67d02576841853ba6dce5fa08fca7616d0d70fe87205e,train
bfdfd52b9d54d7b361c062c10b30e26d2e99b3313250968f81c1ff31843656f3,train
c01560064fd49b8f05565965be43dc4fc5eb4cf25ee4c87b435f8a7321800c08,train
c019f048a6683ec22752dce2724a3dc3cd000dadbfeaa3347d1a7390974c87fe,train
c0215c44c83a284b95a38b1258458bf020e0995885e4a2f8fb1a140dd6b730d3,train
c02d60166f340e577f7365019153ec741df884c2f8195d2ee8d5593f922d0a79,train
c0348837c204831693342463291d1ee0477561990b8d156951cbb758a523f2c7,val
c0350d7664f90869063f27152be7983a101e861251ac6d077668a6ecf55fd0a7,train
c04a8650d25292b28eba047ee6da13d32cfdd69ed6e9632bda556e302e26937e,train
c04dd1995e5999a6c6aa9b9f733e426d6514ed955fc437d14c4a2f565f682ee6,train
c05040f51e6466f97eaf3903edb958652d783b7d1ac06f16f1e335ed654c3889,train
c06c9c7cf37b748c7284bea5b21c9913d6499de4e5a12149de76b4b0c8de4198,train
c07665e6b656b2e0c9725701f9f201d9b243308f647409801a662818aa3663ee,train
c08068213ae914e20661281d16661e8147df027548f92667bdc6e1706334c077,train
c085a766b35acea8aa1ae3105c378ece5e804bb35ef2d57132dd5a20b63a9400,val
c092be0f147357e9ffcea72041014558b26f22c743b80e166f577e9509ff640c,train
c09793d8fa052f61cfd5c6e8fffbac5a2db1c813512f4f10ad637e82b95d1c19,val
c09a6a7ac7362e328700dc0debd447877acfbe808799c6502bfa197cae904826,test
c09f00f8f8c880423d240f276d9c81e3280269e01aa1d2433d2a3ae226db40be,test
c0bdd451897d769c76723431179a62f629a1a5b6c3090a07be256a281b8c0f64,train
c0be3204932576724288dca4a5c0df8f5170a48247506ebaf04340397d7b446a,test
c0cab3f4003304f404661fb1dbb1a22c1fcb1303634ff63f2a5f6f53de8b7cf8,test
c0d0a403134964a5ba4bf9b413762338bf5671d0794489164cec79ca2d262208,test
c0d78b0c0e3ecbb756c02670703cd985a2cbdd8739980b722edbd5af29ba1199,train
c0e05b614201b4acbbf2f6549805c17786923a6ed7f553bd0989758da860135a,train
c116d16ef5a0b9eca1867bd3295cc8b4b50d08020b1d448d2594d3e64438fa36,train
c12513de8b3139bdd68b7c55873226944823bd9dfed948e96bb1532b0aaf64fa,train
c12a3f8528e37a5697423c40b41bf5bf760b0c114d2d744a2f8d4dfc524534ff,train
c12b3e668aa4329b78ca80994668f77e71aaf2e9397501fdf508eba8236f9cd8,test
c145db0e4d3d9d0b03a5aca711b5d14a96f42f1d012587be0d12ab37683ef879,test
c14e00a428659cc563892864958be6dabeedbb5a2d94838cb3557e6d4c7e95ce,train
c15122c3da4a059a5cd19b14650745ff1d6fbc31dd63d6864b70ac060fa88ade,train
c155420e128f9cf2c13c0f9c80a0e0391589a780a6f60c830696db5625bf73eb,train
c15a0d261dedfb44b830576ef229f8dcc7721233cd0111f0d7c36493be188d05,train
c15a5d1f54f884c27936d7ac1a949948de845498c37574eafd4f51301f80fd6c,train
c162799b2482a7ab77f64934f88dc5343fdff0d4c6ac30a12d522417d4336876,test
c1763e09327f2c6b53e2bc9c5118be16d00c333a6999369e4ed2e89695f174fd,test
c182e8f36127b0578512fe90ea9f51f32866f53f0e3be001ee4e9d0054484d0b,train
c1867e5a11d2c56d1738ee34998450d1a9e0081988e8236f9d51af96f9d4d9fd,train
c18bfb810541610b844ca8e40ceaaeb08fbb2b8c710b22d1c39537d2f8a76b12,test
c190e4344feeed65b41e79562b03b8629b228097db7818dabc97d9e92fe52f5f,train
c19a84e88a1445004ae6f696db5399364a507a1fd968709b260417986afebfb8,test
c1a55a5e5f944dbc28456fa84411aab6efacd5d33b9c8f5137321e168fb9fea8,train
c1c3c125e0dbf33fec49acea87cd2b1847c45742d096fbda196ca2e9874261ae,test
c1c655caf68dbffd3438ea020123ca0a144519827462bb54754a5b16131f2189,train
c1c9abe97739f19b6d321258e72c32196e643602d5d569ea16492d7f263aed33,train
c1cac6d148c4cbf284d7b243e885274181869e4d1e2d3a7672b3f5dfc56c65b8,train
c1d2c99297ac477814f9c8c1fedf0aff6997a329182fbbd08852460478c78bc2,train
c1eb55df1ce2b3eed6d4c65b93ce837d12c3e44dce5653c08e303a9784fd8a4e,train
c1eca4e2a5cd6c967bb02b2184f5f5424c6cda0e752ad19f621cefa32628dc1a,train
c1f1041a53f837632d7967e36a3a1354e379bba59bebfa6d781d6058ecd978df,train
c1f8243205373ef53d7a0cc8a008b328b6d6238a4af31b07ae6855d8966c28e7,train
c1fcb4327b7e517365503bff960b778b4cb368a696e8be819a5857d681953ff4,train
c1ffeed42a20a73516a986b5be90904cd0cfa1df7515d163ef2ffc98304a93c3,train
c21020db1205a69fa278d3e72e1ab2015b8b64d23953b34d34bf51b14e96f38d,train
c21ba5380b7eccf6fcc2f3ee1eda0165926efd432bdab021eff87e753a92943f,test
c22959c1f2fbe842d9e2f113c151836fbfa86e2deb389f55478324fe876fd2d9,train
c229ec8b01b0da064f87535f98c3ff781cee31e584237acdb15870fe65ee31cb,val
c2441ddb6b84a586572a0fba0e7c86d40972e14876aff5cf70e42d5e96e5146c,val
c245faf3fd4ea34fa4789a425eb4be8da5b01bb6f43acafbf13865cb1970ef62,train
c24777ecafc8dc343d497e577de77ea139697374fd340a7123e5157661f111a5,val
c24ee99db12e976910cf5ff670b54eb4b5b2265a066b5c275e8f2e542c0036bb,train
c2519207ffa7f9cd8ca36dc8550df54748d18b705dff36627b10e7dac24d4d82,train
c25b3af65af53d11db0f903cac1f5bc60991e587da63d154736d6518f6636a98,val
c279bcc24550c86c6e69a79cad076e8a7b6f59d3fb7197c19f90eb0d4be77872,test
c2859a83f302a10626fe788f80a2fc9a526a5a4d0f7021e07547ac6052be7565,train
c288d34e2bd607310fd5427142e0fd509a0d07dbcc709f97d866f63f70a5ac78,val
c288d4c3c3a5ab7e544834f3fb8c43847072af0ce0d91032abe09306a5f7dd72,val
c29201aeb5779130199aee13be97d1a0ff3a71ec7eca71f18ef869645d7e12e1,train
c293baa1820fc4e2e80cdbcbe57d4e6f34375c9e82d043953c9a4a83626ed239,train
c2967018578faf131b2a8516473f54201cf242b04d44b0f370b544692b120d4a,train
c299191970a23e837a6ff265aaec0eb892cfe6addd40ce6b54b0784f3d699405,train
c2a0f9658ff08ff22841d773bd2662720b100ce8493dd48ecfb5f92600aeb5c6,train
c2ae8d11b889a810776643d04da3c1afa2333e868aac9ecc8f68fb53da5781e5,test
c2ae91dbb6f996f50e8ef5669423d8d54d5722edf08f8dc0f87af13edff0b065,train
c2b98d5f41d83f0e3b619e71fd13c70eb01cacd1b778e65516a53354183de5e2,train
c2c158e3db2b51649e69a6170d3ba5dba087df76acc3136006656edc31c1e3dd,train
c2c38faa01a5decd01b5422129e325bcc586c39320613e2f27451ca3b51e8b62,test
c2cbf9ae60eccd714958298b9edaab23ef23528a7928c1b78b0c071219546aaa,train
c2d0e5637e9312048456affde7d2aff166f42ebc61d0481d80b40767f2c463b9,test
c2d1cab29ec79bcb4e662551116859d20ad1a1bc78d3f3aa91b54841f6df3ed6,train
c2d3c621f5d981e257497452de2b3bb42ba5e7a0c89966ada0c79b332a8e8d1d,train
c2d463d765452261ea700f679fe0b8341de9cec10dfeb68bf23e24c604a5c89a,val
c2d8ac241a248e9c9d265911f2b267944063eee65d8919ffb689794bd569e87c,train
c2ed78372e9a41e802088ef6f46b96fbf348f2bdeed1b2dad3f5c64299fedd38,train
c2f05053a1a6b906847c552070d7202b33b83bdae970c2a4cd2f92a704ff1af5,train
c30a5912558b59542df9186ba52d75b7f315ef742433f0b62f8dd98cb777f243,val
c30ae4dea2653e80b14cff40efb52e4a1400576746e347731140271d6009ecbc,test
c318ac1fefb008934ec60986d0a46e9fb76a67685a3f0c3397185beeefa74071,train
c321981affb58faca132679b0748fb7d341d214fa87b191166b1aa9161fbbfee,train
c3283134e44cb7da868e6222bdfab69d3b6f5a5f0433ba33708c63e58f3eb073,train
c335061e7c9d97c1a83875791484b6bc296ec642d853bafccf42a3f39ef5f88f,train
c336c28e1f96a9346f19aaaf464ba99918a14bc7d30848478e82ed5f3a8cc50d,train
c3449a049a826078b8ecffbae16e2882ce26195d98c050bc6fa5f56cea6ac849,train
c345bc922c55857ea943d8a5d94feb21f69fa9322a67ac4855473bbf27dd74bf,train
c34864f557a435e6874b52e37f0d712222be800c43a13964e7b456cb84dff6af,train
c348fd3a99649a2a39b2b9dcbedbeb5bfe1ae05650efcfcfd651b6ef48270179,train
c355fe0cfa242e54f096226d0c99167e67de4cce0f7c3c96173fc0f21698f9d6,test
c3591b3ef8b414f609914f76b740ce043857f15d7d4570a2c0dd25c6ff5a10cb,train
c35c0f5f466016f3b90f34212807888a9275c6c4685ae7656fd65850ab55c35e,test
c35ea1c19961725b573a332839e03fda278874e41c8be7f98fc99ea7a1606965,val
c3686db6ed4c694297771ee6631d31d41831e62f65eb684127cd2ee974d5b2d2,train
c37dc8742c8515b6092b66f4c6a802265e2a5ef5dd7a091ad2b2ffe71fd07261,train
c3902d6031ee6d0a93fe2f99d99522d8b2807e17e750cbac36f68ba72271196e,train
c3958fda8de8a6bec87ca39c2f29f1bddcca8c1bbc3c95a4116174e3239d2b75,test
c398fb285d0d89065673992358b69aaf217d507c9035cce1c10d9a0303c9b1b5,train
c39e7d3181cfb4b7e7b3b22b4954f62e5e291ebd50a139f9292cf98ed815abe5,train
c3a0f7d9c032f30ee53546ce43b1505a44352cfe70dfd157be8e01b4fa5b0cd3,train
c3a46671b3dd64a2f601e4fc482a32622eefa3dc22bc5899e8d16fa99ce6ae54,train
c3b6b91ee7f978a838495951e21bff5759d3dc4b1168320443bac3e7758b76e9,train
c3c81df4c15a08bfa2414966d83d509776afe8f70a11d77e956e2210b19a3713,test
c3d0a9dea28649ab35d9913c3da1376c0885d21da0f2be9e039fb7e3ea5dce11,train
c3d27cc728251b33ace981fae2d93011f41eb7590c4211b730a99495a73b0d86,train
c3d5d939d97d93b91052d5f2ebf36e8d30402475052e48342516d91127f41136,train
c3d75a42210ecf15bd57d9ae2eff2472b2ca1ed89f6f9cc2d552c67b67e1cd98,test
c3dcdb319e3edc88f5060281b82222e8d5f1d338a08bc35051a3dd07802a50c5,train
c3fdb39d914bd129c3f04a0df974c3b4db62a677739b682b1b13a7a642c72139,train
c402dc0b3dc070186d2a5cc61fc95c0fb7939d177001a8ae9499bbb613a11a24,train
c403af84f0282169b2943e7afe34f789a4b8d7da683fb3cfb20851e2c6ae7e35,train
c406e238def4579e823f1706c440448343b4ebb850c44b9186c59aa758c19688,test
c40d14d4d4773b0cb09e1507a7f59b45b5a00ddfeef186f34165f5b45a51b505,val
c410972d27ff743e137ad96c3b08bf0ec9ef728139fcd3c12e38e098225af3f5,train
c410fc327bf8cb0d2231f976096bf1163df11b3db8b7605ee99b7f544eae62fe,train
c416989ef14384a333d42c0a1e078ba657026a63b08b366c7cde876fcd3f240a,train
c422716099a71f548e962887802fb43751d57754be01c2a7e8f6a645e91192ca,test
c4312b8e637598db39084f32954e7a47ccc35940830f2404c4ac539e459606fa,train
c4375a31ef9bb8878b62b0b4e4d4ae22fa0491ba3671c492cc99f6f787df56ce,test
c43ca82b5218860a5bcc46795fb38875256ab77bc0bf1e64dca732da997056e3,train
c43d68f536ddbb4cd7d9e9b80e4a4f491a737fabf072af9357f57dc6f91861fe,train
c43e1a0272efef04f6565baddfb1264f86682412a963e78e712995dfad2a48ff,train
c4401ed5242baa3d2c7892e89bdc613fa12b39f56472db294207da1cc23299e6,val
c4529bf8183731f1f799cda02bc3396702f72c05fb6a355486b5e896ba7ff754,train
c45da4f02401d819eba28be8a37502df8f0e7b51ecf77eae361e72da71703ee3,train
c46816746397e7cf911e5554086a8e3c945ca36ea142c19ee47af88abadbc4d6,train
c48c38fd82264091171ac462f9f220ab886d570bc18c0e27baa6fcf53031d5fa,train
c49d271b8498efacf4446e3c3ccf521dc9b7f8257b6458cd865894c8e83827e3,train
c49ddc6b41fce65d626fc51375c3f67e3f083dc86a1bb7faf4f65d9e675427f6,train
c4a2f3fe1ed40f0f0b56034183419345a039436346f20c5cf7cea44975100803,train
c4a4484841d79c573277a008d8e87742a1d8a88ee07c44a4e461f65e411dca72,train
c4b55aae279ca9d7f3732e8f8410491029861e4d4c2c402ea71760b0cf209625,test
c4b91bd0a4830992b6e4118b49e892d9a9eca668e3bb921a378b06f774a54857,val
c4be7afc2bd90d38e61adbf638e8499dfcc828a9e664cab7febf229d0319c20f,train
c4c196ccd38857ff00ac300f44cec84f671f5d68ed24ec4b519584386e089c31,test
c4c829d9f0b0e174fb8fdf9a963e96bc9b488c2451667b33f2fb776be035b8bd,train
c4f0b2ef90df88aecbe2c4f97897e48aec5a91234f6b7c87dd8a2e8d3cf27115,train
c4f67c78b59ec4cf2c6767568d84d9f0aa91244b576b707793e5ac5cfa6f31ca,train
c4fb1872ee33afb3d9b4038d2ca7cffff75695970adfa22d4b7d0cd049f66a50,train
c504eab106123b1b220435439dc01481e6b490d77f07a2f0390908cc482ece2a,train
c5082599c9732fbea8adb632991da05d13465df48b92fd6a33498121036e70af,test
c518492adfe822e6242c1cf7908d8b29f5d5df1b54c527cf61f33e4ea5d29d31,train
c529d1a907f368b634f467bd7e25972f5c158a8109ec16009e555f932bd5c540,train
c52a81e395f11352ce2e67de5747bb2f8a2c20d280dcc5c1edcfc39c4bb87738,test
c52dd97c1c287b31435a27def6f3813e384cb7cfb5220df69173d330c0ac1270,test
c52eafa53d398853719d50f3b190a15fbe9fff87ccb1983a4f3ae3bba0e86716,train
c5440977b4ae345e9d75a8bd5841c22e439074e0ba04f764cc8f9abdb8a6cd60,train
c544cb1955b6ae26ff92d7b4fc505789761c24c684a075494241559be981a9fe,test
c546fda0b611d786d923396ad282e5c869919c73770b472acd48d4be3fa25962,train
c5572bd71f5283a06a612a3f5807e97266f3c660127d6b043429947d688b1432,train
c55a44dec58d24372933177ed66a817793c10172d0d1996f2a86a55f5137ed83,train
c55da24d17e53608631cb5a7a653a0e4970594be1d725dcccfe6cccc1f5a9091,train
c55db7284149a78dd67c4bf370f892f30f88ade5526fa3cf739fa7bcfbf61faf,test
c571f12f02458255933748f06a20fba36bc3524a1f8317e80f98f2293675bccc,train
c574d1c9884551ecf3241ddcc518ed7f8a27b3bb03727b424ba4d167c39f735b,train
c59eefaf443e50fcc59276c0a9d6adcec36da9c237faed5a3573f882ec1fef56,train
c5a76ad6c017d530ec4500ce1694f8de56e9dc10383b473c9761f97033722f4f,train
c5ae7d402a81c02e3ac419999a106eaed36ddb6e09f4a1105101f233511c4023,train
c5c4233c4ae83c5e04d3b8519244558e2e7402099365e443dbe2102f2018b61a,train
c5c7bd0f4d07a11e0c4b941a56280d0ac795a0ee2c9a3c8029de4b040db4cf9b,train
c5d3da5c166bf8375c421748bc3343c57dcabeef0a55d36dd7eb676decdcc441,train
c5d4c2c6acccf00d7329c795fd8c5801823d36c9dd859383c8c80d43a21596b4,train
c5ee93f63f4dd042f40c8d585c41da672a9467cfd5fbc302b1b3d4e661f242d3,train
c5f8e86572c977303745bece1604f0179c9220ba6afea7fea3e6282aee5f63a3,train
c5fb15b2e56eed0c85ecd7049595e376a1c973de5da7dec9c088dbaba45b3d5d,train
c616db0857d9240d80ce7b42f0bb6e4a5fe55ed4dc7909e995d5299bec2fb125,test
c616f6e94f17e799cce35f883adcfda2a780ae2c9e20df74972d0448aaa5e22f,train
c61f04c5d5b8f40cf0daeed3dc42ec1c48af5bb471868011d2c7e370687703dc,train
c6291723e6e5a4e6c5db420a7036cf67a29d7b2c2a1444579e9192fd5ea19a78,train
c62926efb6f367df2604bc6a12657cf559815f8acd3420e6701cee242118b803,test
c62b49ff2a42a959e921db7fce3ee75131d92e9760b172e39d4008a5aa8ed58a,test
c630c51758df83f57f66eeaff84d20d950ebaea1c70a6d9a2865f566c183f5fd,val
c6367a58de13fb5cfcaf262f5e73198b408d4946c93897c3f23bdb655ea1b71f,test
c63b30d9136275f8fd27087f538f0063de0a97bc60bd02d6b2d4088e2db5b948,test
c63cfb94f86f202b2ce059815f109d902fde860e8a3a389f20b225507d326699,val
c6444f262390531753b214d96af230b11ad1b6692e9fc7acd560410ae1cb9b19,train
c647db0c4204e6379c0ea4083a59c6d7530cb8335b5a6611c8ce66000d3d470e,train
c64801603353bea3a9fcdaba32e53454c789f40133b5fb3ca1cac0a049816500,train
c64d2e0d025358f9306fe67e4389ff771da04a38d6699e893968c641600360d7,train
c65514cbbffdee314e4626d2cca0a9df17fac945f98299943d2aa0b476a58aea,test
c65967311b9a227e2009fba034d13cc24e9d97aee2bc6eee66047ddce1b76cf8,train
c65a55cc945d2d6c0d26999c3b047a83a0c0f34e54817cd37f50fa3727a93d32,train
c65e2fbe225c4bad9820898f91b8f43410008b8760787e3424131b516f44de97,test
c6631841ea37bd57b0c8e76986adf854a67948d4b8d2c36c130bda174beba955,val
c663f1359df7241c09117518dafa1b8981e20b87fc6e0dac0a77e390b32c8fc0,test
c6659202d51002ca4d30a4df26066abe6c87b6290d8d08baaf8ac075f9f83cf7,train
c669e38cdc49d19fc93fc42455af0d5a4457e8090a335ea8e6bb7c534515b24f,train
c66d906c55d49fde3d0c91810f6231b70fa9364e33ab009c7426800c7a79f09a,val
c670053610d4de55cc8590bfdff5648f55a6fc4f6d165352debb48ff7798a7ea,train
c6a0e29514a527fb3f818ad457ebe863592a3e4af1f1dcdbadc72a55565a5b65,train
c6d6444dee0e954bea4256ebc80b70eb302971e0a39f7590826ce2c22f9e0f85,val
c6dcfdd91f51e22b855dfbdefa9787439b6d6e270e8e6e09ea76d6b310b574ba,train
c6e3eb684bbb31c35ebe2bce6b2578f673930969ab11fb065f12eb56fc585fe1,train
c6e53ed77a3d0f7f7e636ad5303825abc59f78ddbccee05d181c069478bc9b4a,train
c6e66a4e12782211dcc9b22f2373046cb536a3615e95f271d6fff56a83683a45,train
c6e8c6c330ad1e1f748d9b0e18eaf3cbd54d2916c2a1eef0352bcfcbb61e515b,train
c6ea944860f8f822af77c7bb9c6baa657c2650ed93fee0a7018cfa7a2064fef0,train
c6f10859fd809b3e568fa7bce0792a2be8b55b88c85d2b31565c2437c187aca3,val
c6fc56716375bb81368bfe0e69e49104659f2a8cfe252be3216d547dc73b3f03,val
c701da24b063c67e95c4853012cec7977f13a452f46bdccb0e8447dbb8613380,val
c712728c9174fef8ff35e7920de1f45d2fe22f524017acf7ea5b3176d61f48f6,test
c715d5a0a24966fd8e5ef3be2d349ae2f25990f0f0474e03483361655e2b14af,train
c719a47f7580c0a93c0647f66f3da2358c8ed3000c8ab6742236414b7a651a4b,train
c71b94901994291a8fb302c214fd28125cae30f6c6e4684034f9a829766c11cd,val
c71f53c23ff02d63af8a1bf3d62706f2d14bdba821d078e8137f2b03361b70dc,train
c72867f436675fcff64de2970fddde92c17bf1d08c8cfdcf0675c99a511b813a,test
c72a2681b6befefef35e9d9858eb1165ac78052aca74c586a7ec81eaa10ee764,test
c72cbaa106b7fd03d14b7de2838425e1293b899c13cccbfef397fc0b72c36e1f,test
c732e8aa655857dfa49610007d9ef7a3928e48c74b73b7bb63b3d2f7e9c15747,val
c73dce350dc34c47dd23b0b0be4ef15ef7cbdb1b3ceb6c2127654b4e297c7e4b,test
c749eb469b5061d324fd7e03984baf6f60fa335844864c1748b34b751ffc1949,train
c75f1b5e275163ad93be984b1dafe8d944cf89e17a7c4196b7e2afb3988df504,train
c76397a164131545205993ca2c7f8b5391b3c475576bcb993706b2a9bf049863,val
c76faa664d0f5600e9ef6a59c317dc8168edab869e6f2916b3eab1a0a724f0a7,val
c776d1164969f35b28e51f46f24ccef948b02462a6b4aae8eab44a35f1b018fb,val
c778132712f6d61c4f90f319415a90c62129232b664aacc9dceebd8823912607,train
c77bc53d20c014cbe20041648ac024baf6897db7c259274b290a7c290251591e,train
c77cbfa13f422416c0a7262ecd22cb50c3be604bbca9e55acf13bf0377f4b581,train
c77fb4f1f368d0296afe12f4e6de3c61da32fd4032b91fe2c4f8d07450d5684b,val
c789bf0bd8f2025f7f79e731b3b7ab4191dfc538dd6c17cef81c8c96e9e2ec84,train
c78a879624729ecdf2db2d8e2beadeb3d7d02487bb5a761df99a43530f7732a8,test
c790aab1cfeebc9fd907c0b2097e906bd4f7214f416d7a72a0d2110ae9e8a755,val
c7a73fde361842afc77d3724d28ff14fc430470ae79d5f5534651b00942748c6,train
c7a9b6c8669eb1c6ebb655c5bc8b6ac98ef5b6393dd052aff0bae57fb6c33f03,train
c7ae61fb0dbe5b512d26942636b3b2d69733c0b4b625545dcdf8027cbde06723,train
c7b0590963676bdbf8c2a161070c28fb470a6f644b2b92824a05a17930297109,test
c7b16cfed12052f4712685add744d4fbdc2176152243fec1e74b672b92eedc17,val
c7cd742cc77f5411d44008b6e747c536402fc0190d2a8736d3d4f3c70f8a8c8a,test
c7d441be519d68cb5b943c0cebfcae9725cdad7f36071068d8fc454729ef369a,test
c7da2313da5fc6286311c08290163c2f034f605d007d08c03128fabe3786ce59,test
c7de0e5d22e0acf9de72db3bd37404fef4fdc57a054ee52cf08b7a3a4a9c3487,train
c7ebe1b5d9ea76ea5ffc5f61d2f9b93bdd55ed04666312c2d35393f24adbf81e,train
c81c956cc88166ccb5ffb7a219016577f212dd3f33411ff42a38f5c4b62a1e46,train
c81dc9990668a8574e630fd7abdd45ea0098031b66c14356fe94cfaf4d001072,train
c82e04fcda519c8bacaae6b2e5384c985165ea162da3ec75cdcdf64972389d2e,train
c838f57249c36de2ebcaab3cc4bf5908b40beb2fc1e8bfe4fcf2842c61f8c5d2,test
c83f96eeb403ff22dc994db4309b62cb435f68183fb7dc3419dfbc0019cffed8,test
c84a64f8749b32ecc2a2dd95187d813f815860dfe500da198f03c047af0ffe52,val
c85587972c30cd8c3b69ed5e51599c9a9f3f7c72630d3da5b8d78b05cf8d8b0e,train
c87ccdf55723fd20286402607e899b72a46ed9afe0c4a85dd3ba197da0bd4d0b,test
c883b4633bf932896881bc20b56de3f24fbd1c0d774ba27c89dc4d7aa2071ee3,train
c8850b91f21b96b58cc7a93774bb8d6098e58dbcd562207e8d9e04e53dd19e64,test
c889150440f91a9dae29df7aefa7eb4fa4a2b1e29a5a83fe129d26c9175f8e58,train
c89c51d1c2eae6ae63549d45ba392f36baebe0fb9184daf6c783aa59a4efe352,test
c8abd4e7e5eb11a1f2af483100a7444f5bfa4a1b40e3f24732dee8c8e0415d20,train
c8aeb9b3d47be3d9e5f1b644ec1e9dbb9f6051a56a0f901a1b6495578f13b071,test
c8af6cdb3a4f258aa1d46feee9ffcf7c87ee19d8c965f9acc49ba88df85c9173,train
c8b24c384911ab1751252063fbdb4f41bce328636696d97c0cf255080fdab581,train
c8c42ec96a5f3eb8d6dc404772122f4bfaeaab8fd58f015fa24411199f246357,train
c8c7e7bb9f400da59b7083e1177b7e3c5fe93ce04708577de9928c94552bcd7b,test
c8cdd094a80d323517b50935667e1e84dfb38edba4f415789d453ed0aa8b8db9,test
c8e19788aaff5c330aeec7ede31c16ea53c495f759be9413dfae1a1bc4dbad8f,train
c9080235eab8ec453c0d602b6c9fc9b52d7005c39d6a23b148466bd025d5f374,test
c908e4010ea43d418321bc8246e8972c261d8cc6a254a12c319d86a94ac82685,train
c915c3b8f2796c49358204be0fb9dec66a137864e44cce5825af49974b641695,train
c91c4b5a48621bc45e5bddc57cdbfdb322c95b1da3017ccad62b821557618fcd,train
c930b72222257a719b0c29a162594f78782eb4b68aaaa5f4d0ce13bf064182d0,test
c94370b5db4a3c2781cc983cb7db888c04000a2e3b9e523fabf99c98690ddc4d,test
c968474b7e8da03385827ea588b0fb8d05cccf43971c7dffcd9b08ac966249a0,train
c96a68cf1bcfd8bb0f68d44945c16b01457496a9c9528be4521f2308cef94d70,train
c96e7bb4a809b7853ade24618ecbba811c7e7ed015f896ddfc30c88d626b6e48,train
c97ea1a637d8dbc7f40e4c8e32a9b3945dc3554183a7efd8bfbb134be9a056dc,train
c98061e5ffe15c4ad56693d2a95deada4621181bb2c9df66f7d94db8e1930ac1,train
c98512efa3568eabb879e1e87b085ac5be92386742967100aad867f400d4b39d,train
c9856f25fb7ea38e5ad59f976913cb956e38faf48ae2eb95bec434f6b87af7ce,train
c996a4a42f69f1bc8691d8a51eb366726790fc6cff49e374806d658ff44da928,train
c998959226fe10a7afa9762fc06186633caefe33341d550372b40afefd87fbf4,train
c9a32ff9ba5def05f29ca9ba443e317cc9a7b5ef8832e1c8ee2e874728c66e0a,test
c9a4d14ee31d3593e2798360048db38df065daa0e89d5330a3f612e09a3d2bb0,train
c9b3310ac21d098380bc26e64ae3001baed1a7524595e753b3c1899591021ad2,test
c9bbbfe61b254e08374bfce054343c0afddad42b3972f18375eab4c3b9605b2f,train
c9c6388ee3f17232c0af6ef911fcd7f6f0af6aa0fdc9e3f82e4544cdeb9d5e88,val
c9cc7907a1e7d645e03e82340e40b3fc956a79f96948c7453b743da8f1f1c919,train
c9cc90ec7bfbe02494ae73681f96f56d33972ad61068f9e3d712953000b345ce,train
c9dbb2af99c7f264f09ccc66461f9aaf20b75344449ec64fb26bee3e403604f7,train
c9dcb0056107f883b63e9458e74801926d9f342f23864d6843cd51e1a068cae8,train
c9ea0c28e96ccd7ec5b3bd1d290ed8ae18dadd8be2c4cd1ad973fd7388738e12,train
c9f0abd86fbadf834f762b84a7ea57490975e59ce57a2ad0f975cca458363e0c,test
c9fc81b84e285cd864d5fc11961329d7dcdbf806f73dcc80e24e5242062cfe8b,train
ca0879eb449958a6e9593c17eae69600cb00382d2c2dc9d514b659df6927e89d,train
ca08e0b3680c64335e5e9df06ac12d0995783da1933b8eb4076c3dd0308d2df6,test
ca0e4a19a84c0ae7964863d6a8ccc7e0283bfcad8d4e9519b09ef1f8bd6b5df8,test
ca10ee2cb0bd5faa7e85345e22c1e8dd6b40b34b75cd55158b7623a962464b09,train
ca1ddc5270d5821f0666089b844f939135ef723211e106ea38a15f64e3ea2a3c,train
ca21ec7945d2e41269ca7578016340fba8729397fc13144cae29134eb0cd5a41,train
ca2b5ecfd409b2ba077fc3a9499d7f3038f968bc947836c46c76d2170cc2732e,train
ca2c27e8b701b2364fed826b919f0325366ecaf0fdd48c4b0a747ff4015a0a32,test
ca2c2e8508399b4f3c473cfb298bd4ddbe9f081b6191f77f2de85b1a1f1f479f,train
ca3a739f1d0fce31739a7c0ac2147087561c43da51f93eda3e539d36ccec41cf,train
ca3ed21d8303043f0fd21a16eb098b0d9a139cd41e1c35229f9af23b4d4361d6,train
ca4068c728e60e22111c33585e2b26014967f12e7902efe48dc4e00d48ee388a,test
ca4adab2366fbb74e15643de3bf8d419bbef1c23b2260e99d36a459b686ceb60,test
ca4cac4dab310860a0ad24ec8903d3edf195790bc68bd71f7d53f8b856054abb,val
ca4d593cb6fbf0bf9d2eabd0570234c75ced44b9c02e9cb7d689bab53e6e6334,test
ca516e810deec8fe1ca70abccc04ee4311a09f5776aaaa114144ead2d0a57928,train
ca5b02ebc954a1477faa6cb32425bbf5783ef6c98fdfcd42b965c313408c6430,train
ca8e4140b3ce83bcb351370ab09b2c3d9c568c910f83bc443245c5ab23d29c3c,val
caaa147deb43c4b1ffca33ba0a27f35eb374baf7709c6ca3f8ec136fa934bc92,test
cac7028b2bf577658b87d651f211c2e7f197c186b010ebe4508270ae9f9894ef,train
cacabcb47c21fcfe5da0e4b3d3bf812e6b3c528bc46154abf6a3ec7fc543f531,train
caf5dd3aab0a8ec76c40cbbacebd59528a8d29cad7630f05d1831286b9f76068,test
caf643a4f23be99ff5c51850cd61097d5774c19e6fbbec0515cfaae7b8bc49a7,train
caf7c5b237ec0cd9780c3ec14cd415aee0bcad28e071b552fac381ff2452a795,train
cb0047c9eb453fd325f3cf8cb41ab64beb52c1ed0910da1cb1c5e2d13c84d11e,train
cb03d5f111d1d53e5348317ee7bd3eeb5cb7be2aa3c63d4944635763e31b819e,train
cb09c29e6ee49b5f8d31c98cb941d62218153ad7638fb514b0b90fe03143245b,test
cb18cf7df789127ff3a013e3439ab90a0d386f3a77c31b546be0882be9dd1b04,test
cb1b0b126ff59e9a7d02af64ce35ed6af205c680f8223fe7e6daf25bae2ea464,train
cb2146984720f19983e1da1b8a1f0bc7d5daa610cdc53ab1737616ebb7a9ca9a,train
cb2ca6970b0997250bace8b45d339095b80d26d09a06b48b3f668417f70571d5,train
cb4e2ab9cdc8d95f330544fa4258e88be9c1e1b0f5edfcd3df5a83aa04e7343b,test
cb571bd03f6b13888f1fb16a1fecdaf9189a8a7d9072557ad5b53aeeb1ccfda5,train
cb6500bc65d96f9005b8dd411b22b0e0a633d2c669a29ea981e999a5f73a791b,train
cb6bc19fa08d644fef8f2331793834d872f65071c029a0c5f0a87c32f3d80189,train
cb7c4fefa391c22f6ca8035b442ba984eb544a83bd0e8423e61428762fad2f3e,train
cb7c64648908a3122d192aef6da67fe2133ffa1d8ce7275ccb5b99f5d9c3d963,train
cb7d304da260cc10b025437be32035cad820b7ad5c4051f11c7a3aeed62b1c1b,train
cb7eedc87fcee36d02d7a1ebbfbb48078a4a9ac1120feff5f6a70442737db939,test
cb8819010044349ddbe5a7460166b2fca626e79d419e49e81f25099ee1b9bb79,train
cb8eb27ea9a865d51b8d87cd0de15954aec565d9142c4b33310ab6c0c38db674,train
cb93868c50cdea922c9b0211ec829943fbb7b0ba317970f7baca3da85bf3145f,train
cb94f9fcc0f9144459484026e334ae8d28a0210d1c151325d37092624804ad5d,train
cbac16a034d5e53f99b87e31382578321c00584acefd1f7920d25547af4e3a92,train
cbaf7ef107662d4e631857070f7ca1e3860649b3d9505b63663dc2489695091f,train
cbc08d36a6d33856746c131e9e3ffef7edca19e79f32b05e19868d0ff366fdd6,train
cbc98d075bc42c9fb37debc4ee0be73483f855daa9b033b547db7590deb0b420,train
cbcc6a53f0be66ea2e050d0a20368003d53ab23ee7f2b26a8eb13a9bd33d6909,train
cbdcc017b6089058e0ed83118d59f080219cb9f7244e4c1726d4d785b21b6d2f,train
cbdeeda8e9d579f2b035df46f9893fd2b1b9175b051b4a70c98574c269bd6f46,val
cbdf6687934813915b9c1db1a4f34fa0b27e0a158137519a0285bcfc63f05227,train
cbe06e5128d22e5eb964cc78e26767a394316687af18eae4ee14d0a63bf4125b,val
cbe60840cff3b64631112fb197506bc615eb8518dda7559f610b3c0ceef92295,train
cbe7e14bc2a0e893ed1a2c8bc926daa686dc0b42f2c632de0cef27712bb3ccb7,train
cbedcd7d5b4b916f23daf3d581b7d38d8b9c488fd833599d935c3c58f1e9e1f7,train
cbf98c3106937c84a161135353d0234a057fcf7ee85a9b58e8103ff76d8db757,test
cbffa2b78c961fd6af6daf972b3e8db74dc751e3b4fd52beb20812e6f5add833,val
cc01884deb6762d9ee96b7af257f5762140588900329617a95deb9fe73d71235,train
cc14fe8e31d5c0544b2ee6c3f782a8ae17a6a0fea3ff3f3fd4ccf076dd999c17,train
cc164d853958aff78c3e90d17d7949da4e9227f37135e1082611bb13bfa5e5d4,train
cc16af5103ce4d04850d3f00ac263f7379cd6635a561a18beee0564a3e594c92,train
cc1f047fddd1da60c73c0a435b6751c2456e08af876c0260cf163d54a6f2f6bb,train
cc27667f4b321175c4107904f6ded9e7d05f95a872acb41b87b78baca1973971,train
cc28285fb688e644e8252b541495fa49d88126219283498ef3f46b53bcb7afdb,train
cc2edf4e14938ab953e00c42e6a29605abc6b9fd95cd54e1953fbe5b7d00f84f,train
cc3063293374de6088520e78d1d903375437ce3bfc64f292453fa2b9ea8c9ed9,test
cc31e320b645afca762ece3602c6bbd44470fea8f9d05d94a76a8cfd8037acb9,test
cc34c918eadd6bdacfb3c01aa91c0c949263e16cd37da42a16bf9366d5007c04,train
cc437b5883d4635df5fe27baba1e1274450cee096fb7aa3c1b2c8c648ccb401e,val
cc4fdf624237b383c26dd3e24f6f486b5be394179054457b402c901abb440e50,train
cc515685a582c5694e7c0fb2e06f021a39f25c9305abdd58014e7dd6c2a6eda9,test
cc5a0dee4f65ec4583a118d68bd6ed48d1f8fb27059d03344bafe2e6325fb8a6,train
cc6402cb802fdf2fb8e27299cb28c71c9108edf9d9d4a0a0bf5d997462b4bc3e,train
cc6837c7adb82dc1fc181d14493ccee757da97f8a03a2c382cde777f7255f3fb,train
cc6affaf2380329b87bd96acf17846f5b1e9dc8b4a280d00be1cd7f34a57a39b,train
cc73c228103ad1fb65f5f33196b451c9bc71932985028e318c9e209b122d75f9,train
cc753142dbc962911f1e588f897cddd56a618f8fb4dc4cfc710fc85d171ad126,train
cc7a24e8a4b4a8de9b0371ac4b155f5daaba9313281e1b21e14662c7c2ccc553,train
cc8785467b506ca99ce837200b8f4b0be04c279ccb81a6b85ebfa70a7819afcf,test
cc8c7bc40b3e034b83d211da93b63f8dd23aa34897ddb6d7a4a88bdc936ee25f,test
cc903258201631c0eb2b06c43dec549ae96225545b911bf279e06834eaf63536,train
cc95bbcb482fb450cd0df7215f419882770feef4586d93c260139f7fe7ffeb91,test
cc986788833e4cfecf72c33d47ec9757d668b246518f22e0ff372b914b006f15,train
cc9fa3b26d72461fff070f70f264bf18bbca20790396105402a85c9afea7457c,train
cca05da226065beaac15c248e0dacdacdeb7d28678d24cd887e6cbcc06f50ddb,train
ccac81267cb779b55950f2c7c2ae0e4f245c46812f1c84741f1a775d94c9f077,train
ccb759e6ee1f76eaa614d3e767808ad47fa3434db8fdc8bfd0139292218c793e,test
ccbb1627791683f9544166bc4a2ee39f3da0dea4a0d82191d035f851affb0dd9,train
ccd56a0ae118c02069bcff0dfa9e95c4f377ce825a31f8b466e30cd7df70c065,test
cce3decaf3154d9015c3d47d743e24379e58a5e777d1fecb6e89582ed11bf8d2,train
ccf0f0c28549bdbc2606f3ae7b239191b9f54e2aebcb2ed97244a6d624d1ac7c,val
ccf1ae21d2c9df82336f5e9d0432e6e42a7b96d4afa627c16f85a6e89973d877,train
cd0177abd21fd8fde9573341047ae12f3e5d60f8cde55273657f0de9ae0ef692,train
cd01f2866c1fdae2e6b9df4f7af0d3ab33a4a2c4c37dda86578166de0baa3615,train
cd068d003f0d6f9336e3a464391ea8b67b8c99f63a838fe3e72f7c9a6d359726,train
cd1488962fb9198cde1064f3fd2a484915bc616d35ae06ca222b2a5b21c3123b,train
cd1882fd61f001909617f5e54dee5beeab90839293ebc04a3c15134eee8a1523,test
cd19d804fe7502100f2ba465688418da9490dc2b997ba1e3100ba291a8ea5c85,val
cd2900f2d29dc1b766d77e90e5c624207d202276fac36cbab71b7a5cf8840109,train
cd4147de1b7189af9e7bdef9483d9891b0c3369461f6d314bcf6caa479feb95b,train
cd43a55bdbd2c650bc052849366f5ff698f34ae36d1e0752e3e0431d2cb76b6a,train
cd51610a92e529487d81be5bbc23d074b41c6e64de1141c48b0dea2b4d6b6a9d,val
cd530b0030c9bad738f76fe1673d82a6efa78e3ba88189776508fbd9dc3695cf,train
cd58e50870eeac033ed7caa94707c16fcc27638ae4420078f75710352b389551,train
cd591ec294dc6eb46626d275371e4f16c1498e58189770eea8b54a8a4c41d0d2,train
cd5bfe01d34edf358d7f81ec3387a47055e6e94a53fd4bd9127a135919f85b33,train
cd610f3a1247ba51c58d0b991863124ce7e2966d9952707f8ed26962d6c8a247,train
cd6cf9460072008faab96e22f9aac129cce1810fa22e0c8eb135b0a453aa9520,train
cd6d83085452635eb915e99b4bd901bcf90f3558bdde70c48b383b045093de96,train
cd8364d575d7585ed9b1454c933c38ba0d14a28515ebfb55995559fbfb6a2b06,test
cd99d912e3a3115d69e2719dfbb7fc4b9d7417f1aca3e45f424fa0e3929d5860,train
cda545d3f09e7e6be7b60953f894c59b8e1f95dd51b567c09f14a9aec36ed571,train
cdac97ddaa89b76764d8cdba67d1e9a17895aa001046a5b0c51503a586a9e8fb,test
cdb3196fe8a0ba9f10f4d880d6debc25e3f4170b00226d4dc97a04aa38866a34,val
cdb8b1072a8e8bbc4b0d358f9350af9141cfda18c9dba7b44ca24fe7c9d6c7c6,test
cdc02b6c7524fcd4c5086ebbfb22ca636971f39566385778d2b6c08dfd16ccfb,train
cdc0c6012e4ba1bb3f194caceaf208150047c215dc15b40ad85e3903a2f0c869,train
cdc3e048867a52536b7096a977d8e0af9c43cdd1bd13dbedb070bc54446e2103,train
cdc3f9badbe66fe245b25b700a5c164d9ee002cc0e29438cfad75305971e4368,test
cdc9d022f71600701c1846dc80fe82e488ca885607380023d8f177ce2d29cb3e,train
cdd314484e884cab9d87a1204ce4dfe278db882908cacff30b59a31a0fc77d20,train
cdd662c75a19ef4853f77fa07da0c6da4398f8d945690da2277622f2e638838b,test
cdd77603b03a14aee278590e922fecdafa5980bc8d2c2355d142ad0b9c2eb242,train
cdd94c481313cef9c5bc65a005d77067ae89b7e59bd5347f3bf2de12c1990085,test
cdde91b097ce606944009dda377cdc8cf0411dded492fdfbf10adca125e3f40f,train
cde5ec2debdd98c74e232b833c2aa631913d1b1ba8bd63a7c4cc15fb649ce25c,train
cde65e2c994976b3cd1a81ee7dd9f166533074b35afa824be09d34c65ef95119,train
cdf561b1c03c7c793db44bbead7508bb0d087d2f695cd0a53062be053154a919,train
cdf8f0d0f9f97499738710b9f029756ccd41859d10825d5101e089ca1bcd74ce,train
ce0f54f22f2593b9503564e48007dd08e62ffe7404e9d461479a5595f3c94635,train
ce36084d3acf5a09f209be6a6a242523857d7213a64a880941b3e532c67f662d,test
ce3919b15abac5c0ccf124f2c9cc8e03c878213a2c537abae8fb5c7fcb7b51ba,train
ce3940e03732af732fd025a4d0b127b29ac850891cd82e3910ec1ce01ac0cad3,val
ce3d711d6ed182d3a5bf2aea9d8c83d25ec978173c06d6059a35ecc7338d9c6a,train
ce465f2127dee3fa8fe5fdd344c4a6dea159c5522c9faf095e6dbeafad7d565c,train
ce4b59180163f5d1da06e01da8d541374b4bb81d3eb84f63a71023f786d6d970,test
ce4e2f9fc263c5e83dd1d8f16412a46108c721e42e0b92257229b66f233093fb,test
ce508aa55004c91f3237a071b355874a30fe98eb27c6e4538bae9b8243e24a7c,test
ce52c633903bbdc7e6b31e8544920f1d6ef860c471cc7250958f5fd6d116ca3d,train
ce61094bd7e29e5a1a8f203e002351574732ea6a00243aadd028d3f5bd872fcf,train
ce7ea21dfab465283308db92c2d1d8688992381fc86a19b21a803ed8b1d930aa,val
ce7ec2196968e67a6dfb7840da99acca055f97c9aabdd46a3613b375b676dc04,test
ce881cc65b0e9b40f4cb9b0569624883806bd43ed34acd651648381f3aa85f7b,val
ce9492f50f2512dfc78c73bc5a79745291c88d87ab6821d6b3514bb4333527f2,train
ce9a43a2425a44b77cba3cffa4bbef728ae0720a4935ee808998051b3455aec9,train
ce9bc168cf5bb58a8a632849a5870d433c2867d0fedb3c6fbbf20ff63fc8e80a,train
ce9c337bd1233265fb616728fcf2d0d340ae25d3b5ed4cb58800c2d72a0d5521,train
ceaeea3718e128280d41049498bb7049cb9f8564624f2e32e2f370617a397879,train
cebfc9349102ec84ef84e9ae3b2ab78ab28664e747ec166bb596f7006e472749,train
cec0477b937403347ef5c7db823861ae42046e58713117e347db42ca9b3c0c22,train
cec3e97b23b83284f599502d97cfa56fd4c7fda04fc11ac362733ade0ff11714,train
cec79ad6d91a2423ef30fdc8ce8823f19b81aa6789d435ccc354351728972bae,train
ced6779e08bda9f9233cc5a12d8934ae78b3267c6d7db1896fdb8ee0737152ac,train
ceda63adc1ad5fd684c87ad2b557985585dc50d91798328d6fd7f8dbcef418fa,train
cee0ef777bcab552f5e97f1a8e5a00724f826f3a126a9a7e37eb9da548da0ee1,test
cee288fd460021a9a936ae6a9e236d1bbc970852e00681c90a390826ea4dbc3c,test
cee78a47170c351d24eb4f79bfa78de6418a08d34a6ef92b4bdf8a106d8d0b1d,train
ceeea8e3b8f70200c844cd8ee7c96f3a0253fbce841ded8d581498ed9a7ca6d7,train
cef2134717839a2ee3bf3bb79594b007d0a2f067a8df7a5d3b90f5ecbabe1eaa,train
cef6efaa5882e2e10f31e8dc0e69119f8f7e4ecd6b6f84f641708907ca7bdcee,train
cefa0dfcf6c402ee00e9487696174385b1d39d5a22ee4e2dddce4e7ae1e56fd8,train
cf09607352793591fbbc57e8e439225000b658d806947c3a093e340174d5a5de,train
cf0b6dfa3665b564c67e53feda8234ba4b11ede31c2b0661ee8c8eec0366e609,train
cf12d5a15efcf9fb64f9b4400f354da10af6d6c19ed6d7a74d00f322ba8cd3a3,train
cf1a9ba7c8cdf7e6cfce33ebab34a87b7953216021737bd999a4e353d345d4f9,train
cf28664ebe99c1de26dde5a0b6d50a7a5a1ddb0105f475bc0e3415af2f2a398d,train
cf4333a13abee252c2a8964fed1a1dc784e73ff648f94fb74fc26356b9a1e9bd,train
cf5d561737684d930a76ce0f9085931e2f4c574f364e1cd472a0ffdd1c67c8de,test
cf6dc0955ef0f4aca00610987cecd43d9126ff3b59be9a975ad60de2acfc32c4,train
cf72263b35297018fd052d7aa0d0a1b98dac05218a10e26e02ae18d375976eba,train
cf77ee86ba5beec86851f9d6765c37821a2df0e8cc90740e226514d1a2618d05,test
cf7dc98b899d549e429b0caba0f800579143f9a80a5f74f1b20f2083b708c842,train
cfa2fd5e58d67fa109ad81544a4cad7a900b746b4fef54ca08413256cafdfcfb,train
cfa730f3d0ed04e142b1b4ec94d7d420244aa0fa5de7ee9ca207e745b7559b37,test
cfaab0fcf22206b227676598344e282ace56d5c25bdd5e7f19652db9f5b2901a,train
cfada20fec31ea4970137c81f1305c0fca9e1ff42b136a49b5f89857643077d7,train
cfb58f1992ef07ab2ee9aa0e6d4df68af0e8294c3b250dabbc816c2db9f15bb6,test
cfc440ec3d7d4f58a95f6d37fb8fe76513e99e09361141287de45616e24afbfb,train
cfcad907c333f431713cef9af2582a9b2ffb4d47c5b50dc5619452e14475525b,train
cfd2086fddd3f105f227eac0ac2928bd5941afb2b022d4cbca35322ea07ac342,test
cfe353f3baeb03ae6032b1c01dc8e3e7872a24db2dcef32216f6e38b6522c82b,train
cfe83791b07d71dc4bea366dbfca980774a31389bd29945b2787ea5e314b9d6f,train
d00b9bed23fc0c756e7fa4f35d3805e4af15bd4035ce1645bc3e8893b3510aa5,train
d012ba3284c02ab1e6fb37d948444d5117b513c951990b76a038f8c69011a6f7,train
d0192500f6f4ede7ee00366fedd881107131f11d25bcb9e3eb51839a1eaaadfc,train
d019a9e0210e93350317b92e8733c7599eaf42634a684dffa3839e77fcfdf052,train
d0207197e1562b82f69a7bc61d2a3749ebc3b193a056e9e330779e57696ad85c,train
d031a0ca8b77621c8a5d302db3d6485ce487ed75dd9a1f77209d83b311e02210,val
d05430fe1c63bdb1c2cfeb1742a7491530426c00d3fe3e1115bdd666e6a43906,train
d05a4dca29e9118cddea54ebe3e7d12893a7e89ca06772e03d612c9bf269c7ee,train
d05b2dcdd8f1a4f402deb0d8491f4815d038bd279dabc9fb0f5321be4de89781,train
d06080c5b87b2f18b276b02569afdb3bf55672395b3f37f89d520f668da1e62b,train
d0618b39470f42038241bca7b41fe31919eb66da515c8c5a70cffc5aef341a65,train
d06a3084aa0f56d45bff295a239e22f6e8069ff8e16f944db86b859afaf30438,test
d0a0063ba98157021479d3fe78925c94d8531d17a75dd7ec61854352ace81a37,val
d0a045e79a5563a29073f4f0466e573675495c762b124fb2c08bff67d600449b,train
d0a7f474884c4800a3162c9ca2f82111de3e8c33bc7590072956353be4bdb2cd,train
d0aaea7ff1378a091dfc5d344cd2e11b3b666e5590190be0a3f8b8c93ee92bfb,val
d0aea90c7b00e7da3b82c6686b9d89cc555abe2feea9aa2e4f2f4072e42c36a9,train
d0af7cf487e8323c2396864ca09ddfd67fb510031f007076c178cbda5d742557,train
d0b0468e34e18d7336187864b66052003ff1f373180d6d85e4f0023787292b5c,train
d0b2d79d1f30a18a9418d67296b5229998f664fd7a331fb30e10b1b669591727,train
d0b81e4a0bf9ca97ceb520ec8c4bcd931dbab2709b5fc096c65722303fb9df4e,train
d0c564ad86eeb619c45023206123154729487c6094b399d00392c28de7267ec1,train
d0d1a372b14eeadac782fea85ad24d888d295ff627cf5500f7458b9bb2d22782,train
d0e179574a6628e2b2eeff4065b55b192340fdfdd89bd81ba61ce042d7032cc8,train
d0f08dd7d2b720d81d4ae98a17c0ca4ca35feefeacd59f84c963ea2113605232,train
d101acad03ce6760e01c3b287afa450d3acffaf9368975ee2465d3be79f89f87,train
d104df16065d9132a1181ee3de94f24300f0660f932bd74673f28fbf1b678620,test
d119e795777445a335fc9db738d9ff302ff553d9e33696cbd303ccbf6ebc13e3,val
d123f99ba0ea3bd3ac8ddc981bf6286909310bf293995d5a6b1402d993c073d7,val
d129fe9e03de9507361afff81b5fc360a35fc34ca2c9b4c878f816d004bd1f5a,train
d12b05be24adf60d3ef0f64197b2e2770579fcc8c69c998264a63d7172ae3b58,test
d135b059e7de80f056fe68fb81f134ff7c67e73bbf3e8b6de6de14f1dc6869b4,train
d1376d3c3318929b75690a90a55523091c74e707dc7e6a9782600d77d8b6a084,train
d13a87ddd91cffd7bc291f356160f41b6e6994be6115f6e243d05f803a9d4dcc,train
d1407acda267d2cd3433c7a2a4c3301c74944640a94cace45eeb38bde0efdb3f,train
d142b3f11c9e42e2fac756b6e5ace4bfeb8436d98dd210b26d30d6ee749ea01d,train
d145401c66772db093fda6b05c75f766081bc07cf629bfbfb6833d905bd51372,test
d1455b7470cd119c83de50dc772226411515acb370971cbe2735e3975c723264,train
d1510598066b3a9891a45a8a24232a0ddb3705e767349a660a8cf20b33354e61,train
d155c51358bc5f9c0f2cfa492014269eab81e7aceb1564d5bc631b5a46fd73db,val
d16030c65b23e3a1a49f191541da17607802c3e8c7d1cc2b846765dd8e4a7dcd,val
d166054a3df5817dd7e4f62b4708381067e8b66cbdc8445155fe32aac4ee0c23,test
d16e978bab1fd5a3371f814d5124cfc3487d2f25dd132a64a217a55d85ea57ec,train
d16eae68f22f20aed05d85085713e23052a3613bbc5f53b3667a297602ccc8ed,train
d170d4453586d3c1d2e88e64148676bb0acbcdea7080b3416b679f9110c54ef2,train
d1789592f346f210ae632c0a3613eb24d169da4d106255961b10f17ee6d47e4e,train
d18089fb97d8ff90acb7131e14f36427d3affb5c3cc24d5d15023bfd23741776,train
d190780e2702d80013423b761d8ae9de1b0a9f43770d754b9f7887d835bc6a0f,train
d1a10a11514aa014db118fff127af97f2f377f3643861da7552d62be3c808ca6,train
d1acf06e5f8a498e0c6d59e4002bd7fa5730f05851db46edba5bd69c8f8f44fb,test
d1b0989ab09c3aa12c0630044ef8af89b3ebba1c6f67a4a2d79b7db938e505ed,test
d1b35bc045753211f560d99f5405985b7b3abc9d4d8384aab7200af43cef4b3d,train
d1c671e447f967ccd8785ec1335e34fba374bc332d1751d9c17819b8b3fb092b,train
d1cab4ba4ee67fab38dad6a0ce3fb00ec0fa68431caf955c687cfbd990f0f015,train
d1d08cb768394beeb00a991b42286e9b8bf08e21042af7e117155ce6158beae1,train
d1d3ab9fbea54d824a6ec47391fefe0c22b964a19b76af03557a4c75491415a3,train
d1e864ff478094133d10e53247e1df9f7354953c6b300ecd170afd5ef82ed585,train
d1f99c4049549770393a7afa5561504024bd0ad46e34858b78b82b0a666b54ea,train
d1fc6ce95cf05f2e0c4a5be74cbbb826eb3b8c3113a3cc760a095c3f6e761887,train
d1fc8cf84d2e9d05432d10d37f8b90020b87b98011e2ef2c11700f70fc398c5c,test
d1fe4463a520d9372dd0bc5fa6464315eace09fa5bb642e90b42c1bf00058040,val
d1feb38a92380210762687c3bbb8e0c175249ddbcc12fef103891d92f95a25d7,train
d21483545d589a7e18130c0f9a529adfc8f097a2acc58a471ef1a5175cd0f66a,train
d217367c2f4c9d3711ec62aa6aa86844f69ca0cac92ec19ea9e2eb6c58cbdbbd,train
d2177fd6e017bb1f44b3f1734e6e87a5abd4659400a235ceb902c222154409b2,test
d2187c674aba5ad97923d559a82c812bd94cd2dddde5698d94efbf8fdfc04a64,test
d219e8de979618b7ea14ebd82b0aeb8679bed7c6ae3af7ff8fec4af941c42ad5,train
d21dc1c0830e55602da0a6f17a71d3a8aeb7486a098448400c5ebaff6b95c150,test
d2231dd13fa05a97f68858a0b3e1001690f70add9eb108e10aeb4275f5058ecd,train
d223fafeb5ff25c11d8ea3ce575864ac6ac1f0177bfd762edb0066a2d6cd493a,train
d24a018a782768560ec6ee4176e51e354d84e6e2c6c3fad9176c62525a5b12c8,train
d2573adb973a3bd9fee8c08d8651924337e7ba0df0bd4be2dd9cde31397df08a,train
d257bcdd87d76994c151adf4e155c060546cdbf7ccb6ac1235ffb20176d60dd8,train
d25b536ae6b80702b520e8ebfa3d190ffa0fd24068315f69ae9b585494c41394,train
d25ee43881d1eb129485a54a19bf74ff68e08a02c53d70063ea3eeba055125ff,train
d26acd5294958d7c9e8c923d2985f347c3fc8a037d7776e11178c2322af0f304,train
d27392b440c4427cf2fee8067eab2ced3fb4dadc1ce9134fb89c3bfbade3564d,train
d286074c6a21d2fd049c2352c1cf0d7f8f77a48eda3892275a069d66d886bc26,train
d2889781079307877f68c355853f01079133757de8241abb68bdef5d8e96405e,train
d29c61af56e76232f17a4226d141386c976d08188b2c49b280d8c49b1c3f98e9,train
d2a27b1d85eaf60c6f56aa25fc63800be28a47a89cfce5f5b3a3780429d337c3,train
d2b7695149a38bb9299b93093e07bf6c01830e246737a5509c1f3a6376e45fd2,train
d2b85624b581c5f49667c3106a67fa965d28745c45b6b79680a63fcd8bfa2a92,val
d2b86c31f39f12f5076082b5735c0a03ce02e949abb75663ce26553316944e0a,train
d2c266906f399328688b6c84c1c248c96214877b4f8c32e70e127655cfa2bdb1,test
d2c6b66ae15e807743e24269760ca1d71340267815f364c6a308db0a111502b2,train
d2c74ddd12084131c834e6c3ca4df1dc99642181c0a3ea8d39e0328e8b13e946,train
d2c919b18260ca02f28939d030b44f42946727650a9c752a37fb40edd7346eec,train
d2e1b4903306072567c37e323859ca479a59da56179a017b1f3fabc0be327eb5,val
d2f0f16a25e801e067cda56dcb4e34c86af25d8d7b06601d1fec4497912576d0,test
d2f39615f80c2430d23edebbd63170bbbb129a9226b49b10153fde7cce31dbc3,train
d30109066d8f49cb401c868842589fe123540993357cedbfe00aae7f4899b95f,train
d3140487a6abe4f25889d550c228331e669562e559d2d58c08782c88db22909e,val
d3360b85252c41fd079de6244d4a58528f15aa12bf7e2ef8cca646d5a797188e,train
d336b2860e5b003d8f9703b6895248f3ef155e9cfa9ab7057c1ace456784e145,val
d352345e0c9a82c5ad97d64d6817ca6102407d7cf0740673ae9c2ca77767c161,train
d352add7e30313a620d3a7357ba3b98afcf8b463d9b2e7134d1e213c3b076e5b,train
d360125f4ad6df355424f07e51cae4e136fe60932494d7a0e42a2117378703d0,train
d370f93bd935cf481ea9f91e372cc01f6840793ed0ef9251f5b76e115f3f05fd,train
d383725bce303163e7f89569c8d0fdf36079a8bc14dfff796a1becd581670abb,val
d38f127911c7c060f653d9d6e2d267a0ab7be25325ee7afbe545b7c3af44e89c,train
d396f4ca0e69b0b748ce9196a9b147f0328b9706e4c66520475b6e057f2ff63b,train
d398936af5a53ea624f355cd4d2166419dd8f1f8b6b4b477afc493244e119d93,test
d3a2c4fb0defec16e1e8b62a384970ab5fe281019b87c0c6eadf0fb71e201cf1,train
d3a2c63a562e1b42202a547211ad4ea9fa398deda1877f5145f308e91186e336,train
d3af2980aa91cef4f02cc93b89b34d452ac2639089cba94cd4364eb82e108292,train
d3b2d30c7e7d3408c070c86bd8c9d749bab986bedc64bc67d8cebf3151ffff4f,val
d3bdf442dd8515fc57d381b923c36f257e49aff2b75cc50ae09b8fc7dec6ff3e,val
d3c35533e4be11b65e59251faaffb00d64f62759ee4c0b2cb904fa11a11252ab,train
d3c453a8c740f8da71069f6d754797514a461d2a0acb7ca65a17e5ab5d4a5551,train
d3dfaf53515a8ab352402b8dfbdff409a4b8aae54ec052f37b05715c4ba3ae00,test
d3ea04210dd973288b38bebf8fed4352a8c260288e2c11993851c77505bb4d67,test
d3f79b1ec45cb1c79da3776d80838f0cfe52578d00c9abee50558c30c5ddd1a8,train
d406cccccebd1fd296e7266d4ed33bf44f350bc5ef6da3887d20f3130fc2a81a,test
d40a79ad818f738c3247eb62406aed4ac66108e749c3fcea7d5fbb5972a5b79f,train
d41534f2a52b88ef693af912a83e63d88310642a0f58fdc92865110d64c4f835,test
d4154be8c4543ea5ae35d14fad4ecd25e6a9973df9bd722d1d4aa20bdac2322d,test
d424afe028177da1a8358aae9dbef83d248c988df42c58003ff05bc6ed71f26c,train
d42604ec605dfd7392b5d6ae6b681e0641eb9a629eec72b122130a81dce3b047,train
d435c3e602733715b978a6758790df697b33f1afdfa762f81123f5bf3a88b9ed,train
d44006150a250861e12d89b040eab455f158f91070a5f07657374106f6502481,val
d4429167d59b90b03ea3bdc8981edd83503259f187d12a03704ecf16236a88d8,train
d4429df53b08a261b7d0e6929833c45c886c79168b0bd28f526729a6a886a325,val
d44ef315683372593a4d895326994bcd47c09e38552e383c6824af0e072dcabf,test
d451955e15d4ffce25adf801cff312bff6318f1fb86c054b1c792d4f2c62cbcd,test
d45b52134b09fc8240f3c3338c2cb855c93a35e464def5ee5bfd154c33c8a2a0,train
d45ceb8f5fe565573e23d0e8abbc4c3e57e0b6196c009896bda6e2393c750880,train
d46ab60d7181d44da89cd8b369cadf242fe49f08a3fdc02193c9bd681a08372f,train
d47d973a420c04fc1cb022caf138cd9666481285fee6ddb0c3db892591119695,train
d49e924707471a9ef4bec2487fcc4eaf874b8f7e0a6d827b3cad64905d4df0aa,train
d4b7558594dbf1fb450608002737b0fcd755f618c1f5f1939030bed00f15e894,train
d4c2acb82b70e819a163078c90dabd166142695e4805e6df3a203cd4ec847d48,train
d4c77d9b9b886d2e309c72b2dff369a9bc3650419e6c2710ace9d794aa729c97,train
d4ca59e0068ad36aaa23d59db4fe314c3002e7f3ee7c0110e61f3ba9d5b10b43,train
d4ca73af195f8aa5a9fa289dbf2cb326b5f9cceec27717280972950ae23b1f22,train
d4cb8be9f4d7135f4480ebfbd7a1bfe4b37ce964e3f49546689c40045b45cf15,test
d4cf0e0ebcccadb90c43226ca111725270ec144463410be3f8699103e28608f0,train
d4d2363050e4cca5f3ea74c37968b36dd5dc7436248f8538456a282553fab76d,train
d4e4521db9db86e5f4f438a0f434cb706799140349dc893f33dd1aec44cfaff3,train
d4ef28971c43996f13699d23c87939eae2c6c83c59748aae1be0b5497378b169,train
d4f5803da7d275c1f2786942f7e2402642105448d9a16e985efae33bcc4ad7f9,train
d4f6eba86e1b10d10906f21d6adad86659c2a86c7f656e7ae7ad9accda33547b,test
d4fc0caad0544ce82c2eb2afce2e5ebf98ebb5dc7579f6259ad03b453b4d5821,train
d5081c6ba18f5b21c6ac36f1384ce9c7803ad7c1e417c089e561778a732c2c60,train
d5166c81f280cda5e6dc2e0277863e55c482f2c4e24ef1607e785fb56d151850,val
d51b789292a0cfe7557b41e1e54a3d51fb342b2ffd893585e5e81c2f3f2c8f2c,test
d528c072131684b3b92f2f748475e8d7a0514030556f92964da89899a8c30cb8,test
d529d9b41e8f90a2c799dee44fbaeaa495dbb1152cd6589dfe662d93b91e0dec,train
d52a2653f2b709d6cc4a12366768b142a4ce911d45a70da2e7d409c4ffefee1a,train
d52a85f2c889054283fbacf17bae37340bf23fdf8322486332d92d165fa9b0ee,train
d54b67bbb7345b0a0e8ce45d294bfe6229020b149696d748184cc07115829ef2,train
d54d9331ed6b503a22da43663dc12c5c69eb06ae12ddebf1d95cd008c7caf587,train
d554c040ca08bea57a571d89e5df447023d881ff9a15a10c522e1cd0746bc34d,train
d562d040181d0a267e71d99ddd43d77e9d0807d0c5be8a7c9a9009f728695918,train
d563aa98b0faea744ee552484dbe3236e8d4823f1fec4dd7a6ac5ef683be8418,train
d572beeaa4e7900355c74952b267384ef7d3a0b19556cc71ff261876c2eb293c,train
d57a2dde3b54b7a79c9d401f40191e20ad9c951de52799b2dadfb61e8a448318,train
d5904e4cc07ecae91bf762caf71b5de60de0a2d2579d450da01185ab577cfa3c,train
d5b6f06c7b5530161ae56d391abcd39135e84aa69d1d94c5eb2ef03b0b11a2b3,val
d5baec07d86c371218d16853c46c36e772be818669d589dbe4989fb41e9431ea,train
d5c6687d9a5aa60a99e01d107cb9a8e853e912a5739e1e3fd9bf0c5863fdc6a6,test
d5cb9e61500ae0571d6380bb60946a218ac6731302fd06b8f3e4c049e6b3f115,train
d5ce4bea7fa6b6f6131aadd3878c835e50ce11f6f9343e73435d1c4dcfed5704,train
d5e09dd4510ab2e2285853e6fe113160e44baeacf0a9aa84623a9cecef754af7,train
d5e7775c0c99938c579e137b5e6257a89f37838eba6ca1c31355b2a79bc6e91c,train
d5e853c49401a1e485dfb22fb24d10763da7e612ea3d86b6f9dbfe5e8bfd2f40,train
d5ec571800db554ded6f3d942bd501d2aaf5191d22dd14f583c5668128695b0e,val
d6009ed4eeb04c8ef8d490180069c9d2250f60b6aa152dae2e401831d464b008,val
d60b22ef6ee8151501261b38cdb2162d1e5ae480d0e3b0dbbd0c57790f827fa1,train
d60ffd95d0bbe72ecdd6ebaa9e2d526a27b8067753e41ed68ffbecb94edbe76d,train
d61223fbf0f6db0584cac3c8c570f5a2c0fb50fb17442ab0718b897a45013ca8,train
d627241ee440d7021ddbc4478b5daf0c08a03565b7a64be3d3b195b97efbb557,train
d62d6ae8310fdb1dca1c2ddc9788aa3077f593dfe2d33e68eaeb50b931650140,train
d62d815b371388aa277b70d38850b9bbda2575d76c0d0b29fdbcb500db17a7b2,train
d63311a4f75e450558787cdca213c2e11699af07be4a1f0d55bb5501b6f59a59,train
d64ac0a487cf08826acb291c78e6e75b16680fa56b106bb0feefe1d70c47c9e5,train
d659d8abe1559e7e4c8d96292c3721425e19583df78336b61be5ed9d5b7fbc6d,val
d66afbc06c9bf01070ee30d333010c8a4551ed86bc54d89bc96f9994e38ff24c,train
d676fae47fabeb1e22339259e8829f449f34a3a670d061a585f8d3be7eab9a3f,train
d69be2b5d93eb72a7b6baf69bfc0a2123e85adb44f4988343e677e9c53ac4f59,train
d6add2590562b5129e83c49fee679dbef9c66e5961cbd7b109125a93447b6cae,val
d6b0c8c429a9c6ce508625be9e3570e69f3ac7b27f92894200c39d69495bd4e3,val
d6bc906fc07e6cef2995daeb5ef35d63f4d7dbf8c71fcaccc3b54fc17704f713,train
d6c3205316ad582f8453f37e08f8c8060bea72ea0a1de8888ae139c40cc846b8,test
d6d2b0e1942cfe365caee72327e3ca8d2a42f9e09dc62a637546476cbefb5b6a,train
d6d83f2785df698605042a52799b98e7afff4ef84ae351b80285b28ac61157fc,train
d6dbe33aa683f5c1f88f2006bea4638094e4012bcfe5c03c113c10eb20b8d53b,test
d6dffb847317f8a48323269eb4581e341ee714b4018c08dac91ccb9722660a32,test
d6e34e4761ce8f027c85a11591cafe65c12a870481fbfc3f70407e0e369afe9b,train
d6e51bd5f14c4c7bf14fbe89c6c9734c15d304f65aeb77e4a3658d29d7847863,test
d6f37525ba30e4c8be7e1e8059f77aec9141c05fdec36a349cfc34e1907d9f67,train
d6f7291b642b8690ca947c277ee3151e141999050b6b1fab4ead57316109738b,train
d6ff68262421f3e49f7736ec08030276284676b3f624ec5f214503643bd1d8f3,train
d70b3b4ff0b0c94e579ba042c111596d4265eac0b7b4707079ca0eb2772947f7,test
d70bb9b283ba3bcfa9aff7e8bf7080ed6260fc93005eab5128a9990b94214f5a,train
d70f4af6185551725d5b7d0a989c8b87702882813857402771903b2505c50cdf,test
d710c0d5c0f8b1bd670745e9f45888b37bf9cb81c26bd317997da65d9d2036e3,train
d7178996bb08413196cfaf8e10a81ad02fe28489abaa5d543c725b8d2db3b2e4,val
d717af857db4fa90a73cc1d3888eaa324973fcbf7888fdee89f25c1f58a9833a,train
d71ee96a469308fad005178a0512f56aaf5e49740c75fd2da024ed6a55b151b5,train
d71efd0f20418bbab3a85ab60e1646be33dbd8c4d30e000a06d35511483f5adb,test
d72589a86d05f8eb414102da4a5ea4a7022ab7dee31f504c1c30522c462a4ebd,test
d728a226fcbe1caacf74d5631741578f4823cdea62c2302af7e0995f8e78e2c9,train
d728b9ca5e5be9f77bd2162cd0d1cc5d21e8e349230227b486f85c07b4d0b907,test
d7303c3abab7a2190915f1891beafec0602cd2782dedef5241ae752070efa293,train
d7416d152a150f92498398cebd6718d051e886d725c4aa953659289832ad2743,test
d75499410adaf57209a94b822db6e1633a0606d62065b8321e56efa5a1599ebb,val
d75520c5a778642b73d909e2628c2d5f5dd3a52bda5e2dce16414fa37f604178,train
d75e8cb9515ef796388df92be4bca624eb5d48b36f5b8902e5d997706f842153,train
d762de99ee223547c139b97f92a5cd30d7e363d02bdc6e928f68d4ecfe95fdbb,train
d77632f5da9f45e0e050eaabfad8e2aca9cae43671e7096e8749cf2e8f0c9f80,train
d779ad849cd4d04ce4d98cca3177dea504858306403bc327ccca5fbc4b529081,train
d7828f7a2b6712717e116327d65f77f8e32db53d7db1d4229229777c25d63385,test
d7921f3fa6799c8f2c51faa4986260d3ea26e6c546c94ea2b307e3a540262c62,train
d79864d987cce85bf5666ccb273e58c24645f58532d4f3a693b3321ede719496,train
d799607ab12ccd352dc46216ff24c71543544fe2d62631babcb9b364a1780d50,train
d799693233449ef24c444b88670b7b4d621595b8af9d5b1d7aef715076ef8c38,test
d7adda4ed97632caace2e1c1be9af21304d68e67a568113071abe8d5bd16e5b7,test
d7b4072c7780361f4a3a86c9a0c813ad3f8ccb50cbe57e1b117ef29e76718205,train
d7b8493731b85061bc4084a96c5f4d687acc80423eed036ce66d7b74745ba674,test
d7c5ca9580b3c05cd9c19501ea42a660dca025fb002dc3099cf1e17e26890fdd,test
d7c694aad8b39584da083c51d331c80f5a7e2ab61d122ac15e54e0d652634582,test
d7dc17efec0387392de388b8ad2e2d8e536004e838ec40321190590b2f358803,train
d7e034be13913ef381fa3e6b09ce677cf77bdc6053b803387f0ab983dfe2ac41,train
d7e568b9bfb61fda9167f583487a2bcd4053d3e0d894f6bf8cd5242fe5b1647d,val
d7f2ec0a9016afffb94116f395731bcc390979ad7b75ed45c3773be5a861a0db,val
d7fb4f31dd58ad0428134d847ed33a30f0445271bf9220f187a324e6848f56fd,train
d807b8ca90bb9ba2721b2a84c46fdb6c7250aa2bcca97015a77108409dfb3527,val
d807bc6184c37b8a50b76bcbc4c866aaa23c48de76fc57582b73a7fda8546f3c,train
d80fa1d978ea73db553f783189c65898f51ace35862b2756713b67870ac0ce21,train
d8101a1926d07654cbb5eb001ef63c0e86f9e8e13bd042472adcb4602ad23893,train
d814f783377c2a745d767834ff32a36f20c3c1d8b28f93307c6baf0b1c514ca2,train
d822fe6341c71cf2489b804148737ccd081874ea789e3555c0c3c982fd2e0124,train
d828fe0b29a09028a83fda730c94b1297edb8b5c2e5c8b9048312037b9b78e4a,train
d834f4336da7ba8fedccf0a342818a38cfe4283496a55be290c1b83c180971a2,test
d83fa0ed6d85a40cd6d90c54af2576cbf9f3e2fab5217204cd6c25e253e93bfe,train
d8402b4a5486fe586815760a4275ad0970d5ed6e8b9a5da157ab2d48e14d7b9a,train
d841ba30bf825145528623804ccfc41da1f8a022b58e24318198010330f693a4,val
d849a3e063adc76c1f93691d646489bc0080a705c2aa7b413b35f8a7cc1e74d4,train
d84d7c1f2acba02871c33e7f2fe7972b2ad560d641cdfa41cbcdc26b781289a7,train
d861659846e35325765d22e94afae4b80f04961244226cc6d84ec32caaf7a794,train
d869a4e425ec67de9b67c981c982a6ef8b862cbbd8f443bd737f24538a0b977e,train
d86fd072bf0710d6ab6bac8868187b7de86d8b096425339feff3bc2cbb54ff46,train
d87e76d7b42b130b0782dc44c5c73837b5f1c963627b7bdab2d0445919ad05e7,test
d88195765d2cc7ecbf0d9d8d207f1dfc2d5dbb9351e1120a4d1df8514b82cde5,val
d8892baefd5b222c2efc25f88f9db44de4c6f13631f1d208a911ea724f1f02a9,train
d88fc6ae84f3aab1ead8b4c3fa638ad5e2e637168c341dce89312d8d4f8cf573,train
d899a28ba2d8967998ec8771308050ec3e66d9ee0c8af4e0663c345fb52fab9e,train
d89ffafecb2fa823f84e28a2cd83f1d59f1f73cefa1d3a5988ea94eaf1bba703,train
d8a89c481f17ae45240527ccf604c465e3b2d25c7441931815ec74aaffcbd081,test
d8a91102f1847c1a88852e7aea82578653f863e6e1278f3423769d1b02954e5e,train
d8a9312cb90dbd0bf236b6d8a04c3b9ed8f0c92ad9d18460d3c7a1950c037415,test
d8ab39212983052ac52cb23cfb2f47e4ee0d757d60ca181ddb9a619aea03b409,train
d8ac33c8e7fd9dfabb192f5f8653a971dd989639442909c140ba1f5519a7dde2,train
d8b204f9352f373c58cda8104f897d80ca511ded79113dc23f3a77cea15d8115,test
d8b8f8910b391767548d3f0f17a6d7bd08300a8ebfbf648cc26c4ca02f2baa44,train
d8e10610e68a181fd706455c5e2ad5dbde6cb437b206c548b04141986cf01855,train
d8e9767ea79805ef829cd38369b312fd6df36958a216453f886ff792a6e74c48,train
d8fae06c43fc063c1489b288c1ecb306f8a8bca1f4d21a1e7c9a01c25b212ab2,train
d90e0c2e668c69de75be4aa460308c2d69ffb162e747064229e2d2990470287e,train
d91fe8edb14d93fa7020b691a26a214bc6f2b08d3928c825c73f7f2277230bea,train
d922448ea2c18b5e04df2ee9a95e7a02689194d44c9e1dc2eae37763047dc8f8,test
d92f7769af8e478ff99dd81ef13644f60a4826e9b50e676ad5d69e61717fd270,train
d93431c9cae45bdb637c868d3593511864d7f0d6b4038ebd8453410d9b38440b,train
d938fc6f28b67c8f32a60e01a2177c08e31e9ab2e7713ae00c6f95bfca88bbed,test
d93c6c4d8ba28a48f661c1a1ad066cea9b751e5c8c441b87d57071cdb2e3fc5f,train
d94833cdc4562e2eadfd4dd38efc1370fc79aefe08d25995f6783dcb9e7677bd,train
d94f9aa620fa2a3d24a1f47511293bd1769791f62a394bb211ba6c5bf8f116dc,train
d952242452fe7ccd8a7274ce7f0cdf246dc31da1f30275e392e23ae7a287a792,train
d9549a5090485776ad26b76f4935c0c505fa261541054de15a9d042765c2aa2b,test
d972b2668387d048ac8db0ab59bcd2c6803d342ad378cfb16bc3489f0ed989e3,train
d97768ad52e51387c9a6e62e725537fe5d30326fc12c6ebbae645ca4c82fabd6,train
d977f745e7c0df47cc5b8ae861f29cde22b66aa5876480914c5af79fd6f0bc66,val
d97db8d06e71409cacc48e0a3162b00a16f60ff55298c18adfba411b964d7c21,train
d97f6c08615fcbd83bd47941a3ae1cbdeb149702b7eaf0839a71a31031ff7d29,train
d98b386b9dd1b5976d2711c833e9414e95bf7e40dc45cb11d96428ee7ffd3036,test
d9960041ec8386901ee60c4009d514e89eb703e198f1d82221a91ae9a9d51d8a,train
d99b073144f478be2801f61f403d2c317633face9a196aee7a3c139b541bbc93,train
d99ee012a40aa2a4b8a9aa7cdde5b4584cccf687fc0f6a83af72b108b132f08d,train
d99f97ad559cdcf7cfa1b04b30f2dd247f8e0be229c96bcaf9837429353746ae,train
d9a0def78a90ff8d7874787977e3e04d1e5ce42afcd8f4013865d9436b460113,val
d9a15b8a8ce0b18ff6d8301280b18d94b82eb5f52414e0ca780fcea0bc4b7536,train
d9a3a50c3444a6cf970ca9ebf49790af030f82ea24291e706940be73f21cc5d2,train
d9a663aa055139558e888dcbd8c18cc612464dea17019c78157c53e0aadc28a7,train
d9a7656cbf28814b451fcf5c1ce941209d654c28b605cf27c00739900b9d612b,train
d9a9c610698a2946d8313480efd8a43d5cdeea7643b42ea0644fdefc1a9c0add,test
d9b4d767d329646cd7c7e7ab29d853c5b333ac93bf544f0fefd07b3e449d543a,test
d9be0835bd77cd2b043b8703d4c6b8ed18f23facb48e583a1e157cda039d7527,test
d9c7d7ac122b58d02f052e6573466671291125066cf54c962586b96650721e88,train
d9c83be2555da7e45578e8ae039cd84d077da57066cd43843c16a7ccc92bce68,train
d9cd54a1b4a5f8365b2ef660e20ca2ee698feb3ee4a03e61f28ea76388a0f4d3,train
d9e892f8a9c785652eabfbaa1405ee78a699634ecf116c82c6848839222ef387,train
d9eb6555e46a6f6149851020bd5ee21fc015a66f4c03ef59df38937a0bebb14c,train
d9ec7010a5632392ef40d2786c4f3da5c92bf51cd4bc7472a39e7d89c5930acb,val
d9f6ec0ab23f5480bc2a02fdd95abfa117fd2dbba793f6ebd2e9e78c01f5f856,train
d9fd3652ea042c81204bef5d5e46e7a3c35cd870061d4e7a87f160002d7c5496,train
d9feec22c64ab5d2f866531365bd687679d3038b1b2ff0f0fa6b85dff58d4673,train
da099e9ffe93614d7372c23e89dace32da589eb56a8453ea15f8d5ad56cadd2f,train
da21529edefbe601d9574d9032cfa30058922fb9dbcc47d68e06bb87322ead58,train
da2a6964a69a6fb5a7779ec6f9e511f50e4e80c9f420a2f97b903aeba5e8c07b,train
da2c80150cc0daebe8e09b8e3798521615c15dcb97d24f409c94a6c5b15baf69,train
da2e6b7e13a902cf18f58b83ef5e37c5eac3c0367098d3cc1914737340614fec,train
da422119b5bd803363c02cf0d6f740e1697e1ebc992290d63a3aee90bc8fe792,train
da4d11500a3e2b4b121e2f53c86eab61fcf2c9b0fd90e395b2c01bba9e5fefdc,train
da57cf37d4cec4ee40c7f7ae3bfe1550036cd2f830a0cd520db65f145ce2a7c7,train
da59b19ecef9e5ce853fd0218601381eaf8450c6bf2d47a725f326c0163f9a6a,train
da7127992c6c807eb58a8bcae69af6deec26aca4f350d872d21d6c2368d94ed3,test
da89c2c88f3d8b8d9c758ef63413e9dedb4be9bbbab11a6ac1fb430bcd529c2b,train
da8e0432d94e2e940da7390af9f712cf2ec5fba88ca020b9dee86be2478d10e2,test
daa1d8af7d2528654c068d4f1e594be967e973f558cc33e3ce57744420b00d27,val
daae0aa81c793e3c92adf32bfe5c0b4162f4fcf8f70f342640ba46b49f7589ba,test
dab60efe3c55f7d4798503da4f2f773dff0969b983c8aa03a642dd15899f64c4,train
dac27821c8e0b4cf7cfc2cf450542c98f1c42c02cd8ba6e0c3fa9878d9cbb98c,train
dac3cbb75621811a857b327eaf71ae9ffd9c5dd660587623bc62a26ffb9e253f,train
dac5d8c96194f5c0ee3300689ada2262537a6b62246de424b0e9c6608a36af27,val
dac6ba844ba692f90508c719794b7c2232025549279e2d8042e2d3f7f0fcf305,train
dac9e599f7fe6cb7169fe03ef9c4b51ebfba64f90e5a5c02e805f7f17d2b0cd1,test
dacee62082e37c421f8bd956a59722b62d14be6a29e5fe0b5ff43d50a4c09f50,val
dade9fc006a2d111a7e500ec23aa3b2ee2fdfb388698eff6aa323feaedbfcee6,test
dae0d71dcc83463420c70ac31b002abfafd15c802ceffc8852dc4e45750b7386,test
dae961f72b9174ca95fcbf3c34ea038158c83a7e4e8858e56c8a3cec2ee31137,train
dafaf0a6a9485486166cc859052561aa856b16ef459136d48b37d5bae28014f8,val
db019c517d026d095300ac0c4968af6cc675e85e2b327821b4028c6aa39b6ef2,train
db0ab75d64e596cf7ca8f75288b3c26d560b35825b3a72b16672aa326c945db7,test
db1d86e5beaaadc21d80a0d4690c7e8bb30cf4a1a6f89b760755e34cd3c4f43c,train
db20ddce9c2a0decc15361202ff5e3a5ba5c8b6054e3b260a7d72d0f263a9861,train
db2da03f2cdde20ad13cde8975acd132667a9f7d0e6ff8ee2a1973ac2495e43c,test
db2e746374514b04e7730820fe2c87053eaf635a11d325834ab58955446343ea,test
db465807843adbf8c82f059b7e86acba68bec803e4474d45f40a4c5b525f8733,train
db57834be53e9d256b5742dbd18d207810101b193929558152b6be382ff6dd7f,test
db672b2a657bfbb752840dd7372fe8069c2d1e188e7427e109ab81ceed5a83a0,train
db71f5a120f4038a05e5978c163ca1ecfa30688bc00783da1dfa99ea07c52490,train
db748185f11d5e33c5fc3906e04f1c42ee3859daf632d7175cc8ab2b07e4c7ed,train
db77ccf8bc9a34af6af618ff2697ef84c54944bd6e045aa38bed1143e7ec5a13,val
db7b8acc8d47892ad8da03ae0d9306d4e40a474d2a32480f9da544d57da9fc34,test
db85b1e028e072b723093c206f6d7be802e66270007a70bffc1ad693b580a26a,train
db86136008b87494f7b1e1cf8426fc72917fda227c5ea14997df01172a555e16,train
db8ebbd4f09986810cc71a35cbfe7c330a68242855abc7ffdebb46515ae267fc,test
db94af0bd3a0be9cb386adecbdcda6b0c826ba394693183747df69d3bc070187,train
dba8bcbbc97436875782a2755f09b533d1565a343dfe73e884b547a672b8223d,train
dbaf7b3ab26df3a2710a0b2cc45dcc00a77e8e1002ca52fdba8f7ecf21704bb9,train
dbb7d66f1d953750fa233b5cd63456e3336ceceaae2b1153c188ee832c56f0c6,train
dbb9176857767c9b994c241724f73797ebdf8d4fb074b5c3e8f9ce8fac0da4ee,train
dbbe7855b3ecdd14b34e5f117681bbe126ee5397288829316294bd87e624bb07,train
dbc278d7df7ea11e94868405f3e5952d3c72d09df9abd21a4b7f9c04ee2e67a3,train
dbc55a05d12015ab3ac0cc1173f63ddbb9f3c3b0a336dc0b92d1166df9f89e42,train
dbc67651f305fa008e82260569ac4a1e4bb3dabd229210b2b38e9f42479a4354,test
dbc8138882bd73a7ab3cc67ca8f7568f925caba12de5a07e87bb7c5f007ea37a,train
dbc94c9300e43d9b748dd1ed9bea1bc9811f40340d4ae98edf029976bb764fa3,train
dbd02c474976beddf65abdc687fc6669e4dc140a24ef59a6af00c4657e6ad859,train
dbd4a76386b5a5893167bd84424ab660c424d5ed6c049ca7c90e58cefd470f07,train
dbde783770ef0d777431429d39abed8038968d26a73ba50804fd0947cf2de573,train
dbe66d3a4aef63b4c7f29aed42bdafac4e0017856d7b58303b18a58ed0f16154,train
dbea54ce94ea210b6db04b4a5559dc92c72598ca54ede7b5572d181a57ced459,train
dbeba32299b51a2d5cbf5ad6bcc481f4ba617c0b2a0ab6f24f3a1a87d272275a,train
dbf2619966714a41a8e4d615c3c89093583f0326ab4ec994e010e62ddb8c7e9b,test
dbf6140316a8d2ebcd1fa5a8e0da7e93a475310b34cb970e622898090b649bbf,val
dbf86d4792478ca6d46dad346dba27b530e210795c95a767ace7a65e3bb0258f,train
dc064ae1c13915abc9c31c352478bd554b1e93a5a4f5aa8b30d530933e8d9ee9,train
dc123492063949a8630cede36623a2f3bfdd92d53a8e6fdba8a48bf4fd8a8644,train
dc1c79ba01774dbe92869443f89bf58c14453ad84800b62740da5633fa393171,train
dc253166b15737ecca3e3bf10700d7cc58ac7a74e00fc015b6391f920ef14a34,train
dc28fb05ea4e883df28a866f1c03bf17918469ffc380b94049c2c1e2eb93e1d7,train
dc3323faa41000e43d65193b3060155d90354a2d7d8a5bc0695e4df267320342,test
dc3b8935e8cf30ae7c4d83f1f515f0719b2319c60a0b65aa36450220a262b12a,train
dc3d3f3f08818e73479673e7a509684a91dff90977cb8908a43515dd3dc75acf,val
dc6030748a52ebbb0a8a68e49a550f94458c87c5d1b30025e7f2cf422c836936,train
dc6595770cdf89b5ac1cccd364433acba4332f402ea654729e5d8617912b2f23,train
dc6dcb21f48680e5c61e0d915191c5720bbb0faf5c4de5df0f21cbdbf487db66,train
dc6faeb1d54a89218a2f37818b2ba58ac13ae5c2d1cea472f5b7860db603a3cd,train
dc728b182049893a1ee7aba4d1152f5953647d8f80797f7dce785e6de712eff2,val
dc784348a8ddcf84d07a01be4548a1e187c86410a2c6808c608ca641a24bcdb0,test
dc7c107aca3f653b699c49a9eb8f8c07343c4789791f1cc264ffded220a9b593,train
dc841221c3cda61aa352ad4852c8bfcc4bc7a387ef8ae15db448daf2674675cb,test
dc939103cd6b84af952c18adce381e049bbcd4bb5f2056c40befab13961ec6ee,train
dc96640eb2980ff0a732dda869e6951fb82e34e965bb7c270cece440b7b6a149,train
dc987b3ef5e2bbb93a1c9dd57d4408ca8c182703347bb0293ebf3855ea7b482b,train
dc9d334ada00e328120e00fbf63920ab600ca930e88d68bf7fd506d554306040,train
dc9d3df7582bfebd1505430e179397509a27215830fac6a1ef3d482e38b371df,train
dc9dd956f6ab55f17da2f666b4c22347fb70162c67788ce6d13c3338610fe3f7,test
dca2a6bbbf4076e6edf46c3868ebae1ef91593a33231c4239ad1f01a63cd4e5a,test
dca62ec9f4d4431a0f06375c8d9e49e2e6e59d781296fcae7370d5c92c89530e,test
dca9983cc9be009cd8f0977917166f3f7192621e992ac79652faa2198329b6d2,test
dcacb910379b8bee59e394240c59e57c0f2be3c6c77027265e6e9ca3d774f339,test
dcb31f7cec470bb17d0aa91965630637166b48ee1336505b5e6151aa9fdd5fa4,train
dcb4222e649af5b561d36927d2a3e75310430d8d685a9a56fd6d81ea1bd7fbb3,train
dcbae5f8b67821047e7025a4406c0e6512edc238189c2be58658f0aef18a266a,train
dcc51f807ccdcf0dc9e309ab221f7c116c04b435085870e48d420d5920ec8a5f,val
dcc6c3c3a7c1b7bccd71b30d28d84798a851a797bb96fcc0a1fd8caae2f4a5b6,train
dcd0f5c49a65f017fbeb6b5b2c54f2b5abf8759a7d2f66f452b6220f94335de7,train
dcd1ae4717b58790d09553ebc4815acb12837a985a6329871ae2bbeb5c7d95cd,train
dcdbbb7484211336cb14e8ef04cf28afb987fcb993619e909b83aaebbdb002c1,train
dce43927c8ee3bbbe8cf16c5ecb8a2a90690899aa3aa1e6195067ae6f861f768,test
dce5bf25226ee51fd99cfb5f176e3bad166dab3946ded1819d59fdf6ccdb6b86,train
dcf2b7db34c703ac59c2e573a9189a294ea0d1cdd62d8e6786d4fc941efd4a55,train
dd07d4eda589fb63e85565cb15eca6604d50b20fd0bc3d8d3e2ffe4af2d65c3c,train
dd158380f86dddbb5c88392b25b4f900a4724937c4c9f279dd1a14f2202941db,train
dd1e87abc3b4ab062c4e2660371d1fd2690b4994b678a3555b9ada2ac55a689d,test
dd2b7609daf51c72490cb13489783c9360b2888693562c51f8e71c84a2f39c52,test
dd2b99f0528ca268d27e9f1e7d077f5d1d11e7e5fefeb17194c727f8706ec6aa,test
dd3c8d27a6df78c0b8e553cad9889aff888a1931899e6ae5d0693c8169daef9a,train
dd3e21a54f8aa940227ec1853be41d4ffbfda8a111ff8248ec6c5e4298c9eafb,test
dd42dbd6dbe9bd1edc6a5ddc43498c5395bf1e3cff847c7869eac85dfa4a9830,train
dd4bfce62ffd1354c73cd33783e399a68df2cb8932b834bf927ff4bf8890979e,train
dd6425104120e36a48ee4a0235bba83ef7b7f0c83956e0c18b68990e2ecbcab9,train
dd6792c2b6b7330c8ea567262d02168144139ed5426c986ceee963d9712f699b,train
dd728969048cd9cf1bfe62eac2fe12a2aa18c186c1b4a6ec09cba7e60d93fa4a,train
dd785014115ccd791e5f3c403f708854d672dc6a63355ff29ada2c4dae5921e0,train
dd7ed03c909ca98987459e60f520191e1faf23570802d1ed4142e2d1eee5bd48,train
dd88dec3eb2cde8f0c302e9d0dd43600493b19f203c27426a8a62b823dc0510b,val
dd8951c2cf38bcbd52328c06b264739eb8b5d81a32d5a2a07dc8a619a9c2c0f7,train
dd8a26f6bb3eaca60384ea6318bc6af695e6594e1fc2acf702de6db3bcfb32fa,train
dd8d65815fcadf868bbfb28f746343380ae8dafd2fcafa27edc126a8c56f9897,train
dd945ee41579a290d9efa66a45785357cbf24aa1557c3a468a92ffdba5b8fed3,test
dd97190f0f91ca5cd3b155588547b72422e04a0a743d519b5d9c7449a96db5fa,val
dda7d5e5a4c4067f5f6a59246e1406325c3716c144ea24476c258a4ef9fa0c2d,train
dda95f7f71c6b73d1117913c6931099495da40efd4503367d3391890581bcf13,train
ddbd05311964db65c9dbf90e4cef34203039d218a43592deed04d93c8f3fffdf,val
ddca3b47876958a2b6fee1a0fadeeadc922056f6e42f9540ea1428f7417edd2b,test
ddce48003e10679f4c5f429bb618fc001f34832b006ac28f3d68f8e908f1f5d5,train
ddd150193f6b7fd7f6e16940627e2a274a48673291e77e66a42a47c576c54851,train
ddd7e5aab47745f7a4b56988750de4efefb3d11af1ab5ea8656ad0d81f9242c0,test
dddf6e608ab76423d451d77c90fadaf49e3dcee0e979e12d6d9f58b1948aaa04,train
ddec2039319c22c06bad499886450e56b01735e8c3e7c89ea108fab601b86539,train
ddede4dca867ddb0f10abfde35ea6701d5bd5227e4316505486a1a06fb291ab3,train
ddf9042e3c421e89ed21134caaa5f94f8bbcb334709d7cda068d5beaedd239af,train
ddfe553e5482cb2c4e3b484cfdd23febbd8e0ea2e7b2758e7b5f8a09415dbd40,train
de0b1a2f4b8e6817f475ea562daad9c12acda92542055c933328c8063b5cbcaf,train
de0c2e8978f246a7f40d00371dcf919745254a87d02a1271c6ed0856e466892f,test
de13c80fdf7070bcf3f975e1217b9a974e2d14ed4a04dee73b4dc14d6bac29cf,train
de26f2267dc60a1975a5b66180f29310f603dc61851513bc4111c2bf30f6d714,val
de29667d98a3b8f08010dd39d9c0ad2bcb267b5e51907923bd6739a2c019183e,train
de2f3fcb51b3d922cf755b96ed245f8d52bb1bf0a44f89ce1e3699b5e3c1196a,train
de372662ce63d5fdb350b61d0507a110255e464d59b0737e9d28bad2640bb09f,test
de37c37ac80be1e9be770066a041b6ffc9453d3f90998b0e2026a231276f3f40,train
de3a1873ec89937334fce0375a180e0d56e7c054e2a17c9803b5dc857ca4ca32,train
de42f8f9ffb931010ee0c69b2a6b81ab93d7d574a2f5142e9a9967b31321e346,test
de4dbe7016e4f23978cbb204385ad8a0176f162b4c8dec7eba5117d188be0d2f,train
de5f029719219668c239dbcbe397010dde269229009a11950bfa007ab028292d,train
de6fa3f0811e03cb3954abe9f19b9ed17264737736260faf557765e7c135b3b5,train
de7a0ab860c029cd66b54a5d2f50669aeaa1a8b01036e8f276f73e91f1e7e46b,train
de7ff7b0512d5020ac5e964326083d421953e47282b2531dd54c046bc0e924f6,val
de8452cb5833ddf373eeff3e6a3bd43fb5d6feb8bfbb87fc4311df9ad321c8df,train
de939ba1a2215fbe52ea58f2fa482316fd452ee4d88975d7d3721e653e04d3ba,train
dea05053e5a7acfb874520e2095d51cc0ffc2ee49f97ee3af3ad304939913018,val
deb55285fad4e9cc41c162d75b3558e4ab859b804677410d651e3ad359aa7437,train
deb985db9ae28fd6b4284a4fdeb6292a0c06d89d52adc1087405a3c93f99dccc,train
debaa1f8cd7fb8099e2d68dedc20280b0e80b0f8f74fbd62e72f36f81462cc29,train
debd8bc9731cccaff18d2b8e308a1ffe0c537b1f088984c7641b8ff4dc384ab9,train
dec79dd390842003513302ba2d7cba4f10a7d07363f4a69e2d6d05c07e6e2f5c,train
ded28ed27e0e2a87297a0cde2373f2b59e0cfe6fd47a9a5f976404ac62c10076,train
dedb7efd5e3bab5cb45a997810111bc3b2b8761d63cbb78ae3dcdf43493168cb,train
dee16407156ca5860bd2df999d254e9e75d95bdc19444fa70390e39e50f1bf54,val
def82223720a33ed462eb1273c8a465c84c0f59b1c53a9a977343c1db757dd01,train
def9fdacd18811f7a1a678667d73354077fa413f94392124d3805980fc89a936,test
defbd4a65b101e15cacb1373e8d12bf1f90cac761a96d395dd4c975a512d6a62,test
df05f3f1ad268ecc16606d49dbf46fa9ab48614f7af7beaed9a794ea4161ec9a,train
df062969790e8bef7b1e181803cf7b829f26bc6e787cfa0d7957a104e44d85cc,train
df0be5ef2ae454aa748653077b48dba2b44cadaa8c04f574056c43fa71724796,train
df0e6d9291f36cb13821edb9cedc456c85aa0260a97403fb09305089045d9008,train
df19b2e3a4554da0104941d636ecda767e19b61decad65f663ada7c4f267fc01,train
df3728b24d5a0d7ea05edd05a09bdfefd8692a68c8da07bbc151e57ef3f088bc,train
df438fc389b018c9e2082e6066eb97f0b296e318f0f6cb87c07800ba9c32a7b3,test
df4823b27eec3cb295ae636a0d2800b993f43f2cd757e72617fa3b9d120e3e0d,test
df48619990904fe3455cc792515565007a76cb014baf29f90641beae7a4e5257,train
df514dc136ecb45805b378189ea64c37eb127986f9a609cd0e9ce2f63d16e9db,train
df58aa2c7b79f1b7043ae965db181e60f161f2df8b702c2345eeedb81a9081f8,train
df63fce838614719759649e956f4a14742e260aa9c3d34986f565cf03019f66c,train
df7a2548d951dea1bdc168d0f5f1089110f3d50f72e869bfdf55e8574e0693d7,train
df86a4f80734c7b1aca7e1aefd44468a8dc72e61c6ec34f33ff8add9b4e8aeb3,train
df90e9887ca2d7116fb8ec94380acd841f6a7cbd049d65a6dbaf7f64f0c0c004,train
dfb1db363bc75128166141eb90a1615d9c354c914b52102f1411229872be4573,train
dfb21590d61aa2c4bdc08cee7ae752ba0a9e3281be678453f0efce4a09d95a5e,train
dfb6f082ca1b38da1ad78be378b9f25942215a38ad03409e96ec0059e4330968,train
dfbced72c512665b3722381c9fdb975a01cf0d9877d012efe7ed369dbcb10e79,train
dfbd468e31a6e62797b98a82c3ac79808659c81df14acbaa8919be6ab8dd1237,test
dfbdadd6034a39d76ed7c5e373958b6fe9c82b3fc1ee5c102be70ef9564c2f8c,val
dfcd260e253f27f26ad985e0627d5585611695c54199e6d845fb04fbf4665e17,train
dfda6331230effa66740a5451a7a5bd5e5c784dab1c2b1c28be2df332431af25,train
dfde29f3082e45f70201e1e5ad97ba5d42b25112e0998024b35e65e21b1d747d,train
dff6760c2e819efe1f3ae2cb0c5c048b6229d801a2acbbcaa5da18cb35498f10,train
e004aa107d9c83e51c63af3ea2e3e64028d51497d6b2f3563b759ddeac1f5df3,test
e007155cc19ad976cfbca83d7997a23af393359750ba74afa5e1f3141dc69942,train
e008e312ecfcedd556fab13f36633be831ae093a461b2e11d4173585d257e75e,test
e00eaed061c7a95578c0772eac7c2374584c45f5a30e2e62d2a9992c975b73cb,test
e01225decb263e20d94ff9b52bc57ba0a09b77bbc28204f396d7fc8450864203,train
e0158f09e8cd5d521e5afade27d743d764b75592cd3cd7d0da86b7596aba9f53,test
e017835ffa4f60e60c9848ebdb6e32679947f152427a7c97ac5b335366000d9b,train
e01ea7d626fe75ce118311a7ae76524573b0acd5aec60a81afe3c9bbdf9b0018,train
e02dbbb9bd417c31cc14c701e92370ac674bb601b5899d0fd7937cd3c5610cb3,val
e02ec714104b9f55f692c968570abac376a81e0695bdb4fd378e1f5719d68ee0,train
e0354ab39db86d723b3949c2c7fb66e583faba16b05e8240bd6b9edd4419aec9,train
e048a205843faeaaf3a41d6637aa09b696e90ef9f1cf59f48c4dd01dc09f0a9d,val
e051c04aa9c15bad27c00197bbdaa19feb052644a10db84e6c00c818d594b04a,train
e05a4b3ac3eb9ca07368714e80edc1bff45a20dc495bb24ddd8f9d390e7c3a08,val
e067358f27aa530931dd709bfbd37cd062dce7969f4ea7400b9ab84f8f064fdc,train
e068f6c6a70774e259a9836107d78fef7c14a4a93b34f9901177ffa938f3486c,val
e0868ad2be7d3dea4997b9c75ad4b8b42cb6a32c94d86ced647c3a694197576d,test
e08e8e4e70e9434a945d7d4042f2ec8b43324d141607da58e382e308c4922950,train
e08eebf394224cb1e90eede9a1b5da5b69dc485fedfafe5f6d31070daf4c73c8,train
e098c2a3041f571af7153f8602c9ef18a0881845452f5dacf47778b70da6fa57,train
e099151934965478b101fc9b868d1b5b3375afa3b9d19d564c197077b0a82ff4,train
e0a304d34a4841da19ea8e431e0f51e058b792acc07ef0a54985bc2f40df4707,train
e0a91c27ee2a139e94f407950bb1c4c1290ac35cd3cb60520e5063e980a7a81a,train
e0ab0cea0cf630a7c15dbbc00dc7518f8e93a00da3cecea2e375f23590c9e64f,train
e0b2b69e4a89df892383f8906c125452f5fbdb7e16efb83fb932161e3fccbd5a,train
e0c2b66302f330af0a5ac1dadf72654f5b46af58d32d8eaff8140905a5f31114,train
e0c6fbad9f3ef3541cfbb0255d5422c6016a13cd0e1003dc658d1f400bcce080,train
e0cc4826dc63d24fca3e3f97dbfdef962a247cd9222484f519fd4baf562ad6f1,test
e0cd65a5674d63f6b4c2ae134b38903753486a9a765415f652011f83cdd508eb,test
e0e1867765753196a816bbedde1c00727b3a9cfb76df349d83cba947cde46cd5,val
e0ee99ffeb8cd3563bf0bb1ff78b02e85624313fc2ee22099098e1c849526f1a,test
e0fa4141346d8edc79a0b3abc3fbdd7cfda532499f0948d63b97adc19f95e9f8,val
e1081ff0ddcaaf5ae17ecdef08d7457d89aa408c9ca2270a270dff4c9ba0ea1d,test
e10dcf62f3415a16d57e7524936893ca63ee34f386f6d7cfd182dd3898ee3e26,train
e110683e3c7e41d1c01d5b4670c33840345f5b9a77d51e05a11f12bd4d73f745,train
e1214ddc746b5153366a812a3dd946f9bf73c4120ea75d6a6997e131958c336c,train
e12953aa099e5ff6ad91486447c2d9c4b5ad4d8fe0efddd1cfa700c82a22f0fd,train
e129cbf89999e1eb29c97219dc69aeab268e936030aac42688a9961602a30847,test
e12a50140874e4474b89399a24254d6ec1d49f8efafba66d8fbe52b2e3f491ae,train
e13164201ece946411d9cb9b05e16687a3360192c899d3355b8de88359033a91,train
e133c78d77f0e507f2ff1a0069a627387f5a6e07e685549fc76109f7fe5def3c,train
e13e8eb3bf2db5321a366266b9313e07e6f0f8bc0a2f9725f06101c58e1312e9,train
e142f5f73b397001092302d1feb8f2cb17215ca0fa5625a46cb947aea3540181,train
e152700dab91e7af77dac474e9efaf3d36f7936a00b51c7023bb35657ede02d7,train
e15840b7ffde0b3d5826b421378dfd529b0bf40eb62fa1e2254bcc96ed8539fb,train
e16d2770e6d8bc5f09f97bfe7e407c4d761ddb53c19c1b0cd50b3393315b69a5,train
e172f201a37a1e379bcbeabec8c771a524d63f42ae24b8253fdcbd431730c5cf,train
e17452375180029328d1086669c5f951bcbbc6441ba45bde14cb5989f9260b05,train
e1752ae369abd7f32ff2faf6bde27df3caab110a8247a695ea9055f7c2cb26be,train
e17c857e8609dd3b6f4d1b16dc9e21c9b5c7c586468e4e63c15737efb48a9a19,train
e19d8521dd1d83a81c101197c7bddd9935e98288be5d390ebde4c7f4bdb203e3,test
e1a52c6d431c0ccee06523d668c964d93491a1ff12bd9ccbb004476eee3f1556,test
e1b4ef327d9c9df187e8c39a3d4c5d12fec2db212603df05e258685647072be5,train
e1c781c0d23cd3cebba6685a4b13338741cfe8138deadafdc95c79a1078c15e8,test
e1d709841839696072b9260ca45097e29b0176e0c260375f409c8b0985283354,train
e1dfc9fa290ca2408af5fbbd4fbf602021dfd2eb562497c469f914c4619ed337,train
e1e1b339d28316b919a15de20c0a65d789735e41a1203fa085dbdb64ac97618b,train
e1e943a624aaab1a34ddabeeae74a21999d3db78f30a5d69bfc0e6923f3f023e,test
e1f67ac5f3fec6fbd0461f2d0eb742fdf2eec50830c4a79950394fe3cb48d873,train
e1f6b68a9adcda49168aaa7764afab377a31469d2ec3ef0c0ee36068a85cda89,train
e20a29b81c7f077550127aed923a90cd7fd12527fb84790022de0c07bb4f2c27,test
e21228b4d3a028e6da80dd79863c1ed6b385c34b2caff8d3d2e89b4c8d1e2b05,train
e21250b35d90a7f26a3ba1a5ccca4e79ee26d4314eee98a2c05b717f6244c291,train
e21e17425a8cd6da1c5cf2663031a205c64e4d97e5af9b4e15260240f97ec722,train
e2248f315fac57012670913f743aa08a0e35522a4d133e6042ffda3e31172fba,train
e22dfea556a3b7e5e9b0789f1ab401db5f25362715fd15a574c9050d18a19a8b,train
e2328cc2fa16fc2065f948f600f1bbe8fde5149a8bd9a409fc1cf8d939492dbc,val
e24bc053e57c46c2e048cbc06649ca8c2281f1b427b0d34e516fda818bd904e8,train
e253e01f14a2df07d3b77c9b72afc889b453298b46bd0e7b36f1b46f5a51bd1e,train
e25db655a03b21cece01bde1465fce9ef4e24cc539104ee47ccd57ac3f4a4333,test
e2661b6b1c84657d0ab8bbee8886b9b628b6370d5f43a7bb7c1ddfe283878ffa,train
e26ca371896323fc8ca03eae15d84bee2dfac24f17068f4a941cafb614b0ec2d,train
e26fb8079d3d3447176cda580fc95d75da030c90a09e6408255a45f7fecfbd2b,train
e2751c5bc203ed4fff707de715d721d63edb0b0eae3deb1e9b66f03b2ced87c8,test
e27a123e0354c4dbbb7b770e7eafa51b0c7e9460a8298dff61ef5179aa2c18c9,train
e281a3d0c42f0beddb36b1f6489c3c84ed4ec2453d3f0f413e4c70a2f257fded,test
e28375e7230b8623ad88e3dc37d37a931e0b0f2fa27008f1868cdc86b440ea9c,train
e285d5279feb5af227c14f8eb061e97a8a806572350b39a6ef46aa22f2026b1f,train
e2872e4cd88865fd58225ab730b361f15ad4598b04297f68c0306f27fedfbfee,test
e2a0a8e5cd966a392b7f236e1c3ab1c6887c13c335a54b939036f113f19d7195,train
e2b377564b3f642b683d881dc9690908535383e8735ff644633ed5fdade9a4f8,val
e2cdb99aa9180f64d053bee2d91bd546a7c62f249073c727226d2222c18e52b1,test
e2d543ddf8ede33521387519695ff937daa5fd3119da666e98ced23782e5beb6,train
e306cf511bed36f3b6d06b8c0e4f038c642b779cdbcf61d3d90b9861dad58b1c,train
e30dfc99bde69cf01248f044c32dfb82838d0a2da084c01eee496e83d9bbe789,test
e3135ea45175371322b8a2a474f6c1c84e7877972a1b471065161169d007a8bf,train
e31457eceb7a5ff863d57e0d18866b18fc20d306b6fc9a7ecea157b89414614b,train
e317f827e513cd924745bc9c0b9c501b081d3841c49e3502f0b5773905307dc9,train
e31836bbdfec62f8f4f0265d65705cf2c8cc24923f337083a11aa864b71c28b4,train
e31ddd291d1d760868f2df84b962f67aa364c163ecf7327d737de2547a88d633,test
e31eca7ee6d62dd8e2b6ebcce081c59880c58a5f0b2c4fba5add8a26f91fbd8a,train
e321df1debd1012cd8c0d64b90315417a8845bd4bb608de7297369f8ef07c48d,train
e327c1db6fa0c45e75fe266dfb88282de2f0563ad37d6e9347261950dd4bfd00,test
e32af6b17f56c15ffbad1b0f077c04b8091450b0c0cac9262c4e35628b214fe8,train
e330068d3da4c5bc2b70f2d137e93fbdd58d49ddd63295bdb2e67eea4f7ed5ab,test
e339d16a07e733603eaef73e28f437c1a498f5e697338ce2ebde5212c11ea61a,test
e34c46dd3d50ea340028c328dd28ad29e0278497f31948d791db7d57c18a1f80,val
e34ce524761fe935440b319e1e5a3c7ab92339b4d04adc47f026a0a9b4dd166f,train
e360ee1ed9d45a23bdd06262cc1b24884780229171932a6d25770d06d1f7b1ac,train
e3660886424ecc5de67497599bef7fb4450e7354293c37583ca73a7c03cae3ef,test
e369802ea1da482474961e0242fb142c9d847ac157124a6f7e83367183e64347,train
e369cb1ae58b607016dc42e2cd86dc9d5fee12632ab1d9dccd925b657ca2c56b,train
e370a9a8de8138a807162108d699e2cd8c8ffaee359e581699f579121b575701,train
e37df3b010f25a7be29c3c904b67dbd69d0a041a62cc183959591429e9b396d7,train
e384110e128c148e80f61379da438c3063469d33de27febbb47e4365eff1c1a0,train
e386b6dfd4260d429f227e1daad7529cabb3f657ee0e3391d1a281c823fbf8d6,train
e38d67ccb99e4aa03ee03fed2f915f0af56dce9c12277c2bbfaecbff3d658a28,test
e3aea43c47819ddb2d0fd1155bb9f088383a9831d114dbff5fc4128196f08e24,train
e3c0ceaec3f80d30d6948a3083c5ebb48553c01c767113b5d744cdf0f56bbc5b,test
e3cb5811778f24caca923e7c87e4e34f58c141e5d6c013102949229c78c7dc9a,train
e3cf1586bdbb3b4cb0b92b178ec77c97e05c940acc970218a13596eea6c8eb80,train
e3cfea60b357d54703c30ab9788e8addb4d361492729332cfc6bccb8d8924c57,train
e3d52230932ce9ea89754c099534cd79fa1783509d3fd9ccf05420d5f62834d3,train
e3d729649e051911cc5cb59919a3a462f6811e3053b4a8d66c6f0e975f2a9f86,train
e3d80f23c481f1c3b580e96076872893caa4c1e257cdd3a6348116b6b40d732a,train
e3e05762459a33549163a2d8da7b59ad780808eab331c364e72cfffa1c3b2cd6,train
e3e994344f4f7f3df8f2a03ce868788201ab8fc27ed8cbbe88006603363e96db,train
e4196e218090ad08a2b545c1fbaaf4c06be561e21b9b048941490eb446a71041,train
e423dca7ac3b051013c709ee2d940807f75d3c42217eb693c5131227703309d6,train
e4320f14824da56a6d4367c39090383f31edbf4bd66082d3176839e94bf16e93,train
e4362d3e4f06d62bc434bc2683322f17e4b2c75f509e07a41a57b87270dab0c4,test
e43c2e5fcd3b1dfcdaeac0e47c986341c71cba91d630cbd53f5bd79031c03b67,train
e4436bd644ae5262ef922d5034ba75a956662a20849b345ec9c71b6184850b1f,train
e444f9ddb720d38edc0893a5ce8d41c972f6ccf62adbce2f2783c51f2b5839b8,test
e44986cea636f46c7460c077c61cb389e58c9160e2fe2b69e319d2f6eb183851,train
e45c4ae6ab8787348891137679a67bf447357963e85880f3a0fe88cb838c0ddb,train
e4678a559c51543fa299652210bd67fa98f9734edcd7a7510ba58c11acc29735,train
e469b10f9c9c30e0f675262945e662ea5c573641534bc05f286ca5e740797eec,val
e4706b2263226172705efa52168b87fdd7e9264239c5a6570ec7146b63195c87,train
e47e6e2541998d2c3395cef7e662435053eb553a7fafeff3ab7b5e05218205e2,train
e481e6b3493a9e9f49efd2df7e7c65d868c80ac05a8f677eed0604fa08b52147,train
e48da0651ed6f508fbb031c08ecb0f3b1f7cedb112e862a5c8881a21878138ba,train
e48f40f663a8ff46cc68ba93689a4b67da08544141bd0c8f503a1d3505ab1470,val
e49640a2dda239569e5179b3294734580922080a371f9cb545bc3bdf437e5786,train
e49affac3b073152434e5ab48d033339ebe2a083d4e6e5d259d285aa096b36c9,train
e49d773b94d8393d1246a3509074a5791f3766e90dfa9ffed1d92f4ebc55d58b,train
e49ff71bf710bf7bf985af307a2c8c3649bfcef3d6c1654e105d2b939ea1f8c2,train
e4ac602fb5f0f09c9ffd4392c3c20cdbc2f8ce54ce1f3322b9171be80342fc6f,val
e4b4215cb1144f55726a97ef496c45572b0c4375153c6bb6776da4d5387c73c2,test
e4c2667a4bdbf9203b94cfc31a5980014b71d847be5e43cd4b26b8771a4d8b35,val
e4c55df1da5626f99c4d62f9f4aa4bba244d8d6c69da475f1fc5dd1f1de31f43,val
e4cd07043c5bc767d2d0019f42a4b0169ae6f16597f5f4d113c0b08595922abe,train
e4cd781b09f0f6ba2da82767560f073f42606815efb4abfe53ed58cc35470546,train
e4d510b568a3ceaca9397dcbc209ff45068990a844708b45b101194524ae0eae,train
e4d6fee77794a4c6b97109f74c54dac5f7591e5728937f3832266f9d704452c2,val
e4d826364076263b58ff00e0d419acb6508c77131c98bccd40fe04581d92aac5,train
e4ef4aec7d8a19e935cd94f7e8af7cfec39464b1d3bf92ee53ed07c07459a56f,val
e5042ff3a3372c44d9ef682e2db293e8ec49a2fdfae64cbfb0603b5b8866db0a,test
e505d95452ae7c518e94c47f5caacb73f6873c88e793bf807a5d4c71283bb7f9,test
e50c06471c1371ca1ed5376f117d3524252cd254c802c68f4ded5b032493ff2f,train
e516e1959d94230474147b2f890709b37b817d278359d2a71e2ceaa342fa9972,train
e5199271823a25a29df0424a701751ecf9b154508530689c5fbcd786bce55de1,test
e525fe4ddb8ab8e3ffa879a6528c3112d180ec9c0b5f8d6b431cd027111c5d9d,test
e528e194854c6e0cbd89cf84e85d47bdfc21daf109520f12db696a625085ee2f,test
e53f015aa89ac3e374095f72181de88a4c9c4c12af86b1a6d271f18bb17eab2a,train
e545c8fda89973ec58776fd37e2cb3bf629d7bf706b7e68af27cb1c9422be0a6,train
e54caf0fc10edd0143299608c2844b38e4ee78b6b85461c0a1281351a8bb64c4,test
e5557a969112a0769d7e4063cef7cc1c2429fef021108ae5cf280f3235d89cf0,train
e561038b4139b978d03df7574d4d6b334b34c8341514f0ed28312ae51a05b13d,train
e56c7a1e7437c60cd48997409e974a223194e16c250e14820d55d685a1965047,test
e56e8bbd3e0f0e4b1f9c8df2e4428aaeb8fc39684ae945af683a37ade8901f15,train
e57ed1498d5bdd35c52ff5b791944998cd55483ff213aa519afc3d11266a2987,train
e5840d2cf29d4aad8e6e8e67b7ff23f825b7274b6ceb24d9772fdcb358320c23,test
e58e28911e76c75d8e5b2ed6e1c43db8ff06af448c559add36cbdfd12bf180f0,train
e5909ba16d772bccd66c15e3825dff3e615cee9994b9939bf2fe71e977310452,train
e59b475e07de58128443201f2199bc2fdc04209e6d406bd8911b8a2aa12d35c3,train
e5a500c53d3439702b2dcc1ea9f99f14d920677b916f3100ca3ee9014d435f5d,train
e5a83069f6e9ad9cc3247c252d7bfd03c0f32090f85f1ca0967f48df84a05c1a,test
e5aa950eed0fd060a53a6ea8bc61b2d89253a25a67eac821ab2b8782e9548018,train
e5b40e4f0155bd724dd5ba87353e6abfca6a5e34253ba30bbc3540160673ff47,val
e5bb708e795f7130575754ea141bf66339c695bca892c5d8fdaaacb533765396,test
e5bcf860a46199985bf6c0507248820bced193b637e401bc3106b68d1d1dc71c,train
e5bfb3680549e5bd1425c913ed74cbd2b0956bff5831c076254c4e560ed7e747,train
e5da58ffcc4a7fdab48065538fd948f20e53f8c0c36c8f8cdd06af834efca515,train
e5e02343e6187a9df2f88be5b7199c722bc7acf2765f88756eccd1464e13e5d8,train
e5ece9719c8e4a69a8395a66cc9559777b544415bb8a0178c6f376cf980a0ab5,test
e5fd85967ed36c22c9bffbf7e35eb378e8814165e38ce921cd867d297064e4b2,test
e604df7df71d621fb09d5731ce1fe394c0331b55a1096877a6569c6cc4e00b6f,train
e610a8d68eb0a0485a4c29b33e628d16f55f87c974e467477f53c17134b6b5f5,train
e614c12319afcd656466b9c031999b45d35aee421c52b85d9aacde4df1d354ad,train
e648d1a925e41066daae183ce97ecd82d4d6d0d22b14c8324eed8e6b6a063aa4,train
e654c4c1be5ac0566c4dac7676559770223addc1512f7b64c7a1664e9504d0c0,train
e663422320dfd66291dee2ee64c8539d597b2783184e7c4a68ca81e35dc9c8ac,val
e67087aa3d5f6c0eb2476a4b7b5078289dd9f741daf10db3d141d7a50c7284b4,train
e68de0095f140efd09dd7f0aac3d6053e29914ad21a625a360429e6d8eb42b09,train
e693143af90632c746214c3c6c33c619b2bb3509c646560f27f6e047506fda18,test
e69753d798f2b6c3c2facf75381c4b665246dd2f590cca711d4c580f53314726,train
e6a057482c3fb013d04d11c117771a305be957fdd23d5b36fc25235ae926a6c8,train
e6a08e6847a41f883aef47497df2d17f6da43be35fdf8ac6a52a6b67a1cabbff,train
e6a3ee9edc2179147eef8d663cc09514a7e2f97535115ebc14afcb6b25710972,test
e6b164e0c94507cd563e7e6754f0cd9eb069c42e1a209e7d870ce5585baaf45f,train
e6b37ba382ad73f495add519de1c5a24a978b1463827c23c9128dde6ef94ab89,train
e6c1976f79ad8cdc6d5979dfcd3f94d334fcd50f4df2635742b03fe0f3eeaafa,test
e6c5feb5c2feb9081d04f5907fe037515f24a2d5262ef265a60ee0e592851816,train
e6ce101a70b56c36f141c5e6fa7c30f5850c12d396e45adb02f74fab7421a719,train
e6d8cdb213edacf98697cdc138f66e4df3f0adc72e910aec4b190a4d82452fe2,train
e6e2d5958224801193ad6cdcab9cbdeb698439bd2281aa90cb9581909efed6a8,test
e6e378d2c81df64ef18129449c1ca0aa4f2012a50b89a5e78d2c20067d37357f,train
e6e93f55da55deeb3f7a68a43a1b1f98cb7c63e1de66bc39a6e09827cccb1965,train
e6ebe3ff498dc34f8d129def1fa01a0a85deda2bdd148ef0de7ef982db476156,train
e6fd8dc144f090d52598dfa9dca3354670218208d31d01c0359946c0e84df959,val
e6fe26666c25da1620f9b6aa69a67273add3076b433f90136cd39d112648592e,val
e6ff5773e0244de478c5b5c7a0b06fdd795b0c064d1ffc9ac0c1eef0dfef5e60,train
e7091748b63fb3ba91131df519d0ad724b0713402dadd1fa42294179e76a5cd2,train
e714b26ae664226d1ae03caf591bda4f9d65eba3a05b4c152e0ffee44c3b8a86,train
e7245ea2677bebe3396bc0b05e5db18a47e292126bd87993580709c97348ea3c,train
e735b88d7c54b992ccd9dea231b3712fd9086a9e5927c5586a2bfb3eeb76c8e3,train
e7477bda2eac4a66b5728be782b06cff63a022f3fe9abff65dbde2d26e3a8f6f,train
e7485181873085384f10b135fc8e2746f670e0e91efdddaa7f6572f057fc15e5,train
e7519d71becafc91cb6011281acdc22ba3207ef275739ffbcc16060605598010,train
e754335153f8b25cc2cab32ca4f1a250d419ee86ee60135e3e39d5cd64e489a7,train
e75bfbd98d45a15a2c3dd14c5968d559aa26d55895f30f96bb27b8b6fdbc68e7,test
e7616bffe9106017b886b61b3bff7eb8cca10d75fe349fcff6bfd45f1813b918,test
e76bc5fa6e0da24e0d667ddc820e8c27fb5204da3b617b6ef164125c492b09fa,train
e76fefa7e241186a6810cea8db80d97bfc2e31cd48f4837af25bc6dc6687efc0,val
e78d46cf33f34755d274e90d534f76f8116c06f2a9da213bc591dc98c5c219d7,train
e78f4c00b44e5ff9f1e6a3ee990e43388d7d879ab2ad4e671212879943cda7f7,val
e79479d50d85d5c590a8f78444890ae08fcd9dabc720e0db3aad9e91069ea4b0,train
e7b0b8433a084841076e1b2c2b503382ed86d470c52c8695620126947f394937,train
e7c449ac0f2818d3c1e2d3b8dd2343be28967c5f84e4a1f0c51b57a93a6fe17e,train
e7c78d9c7c790c99d17e96824b7732aa4bb0e2b621e8705f470aac0c69406cf2,train
e7cb0286824146e64b3dae59ad0a60f1ffd277302f8bdde211f99e9e5858708e,train
e7e1a6493ed35e1d5e9b582330c235f78085706d58a5fd3a58bf178ae270b37c,train
e7e5909226f683b013b9214076a62e94dfdeb8badfb6b998790f45e322144259,train
e7ec0c744f7aebf9e93af0b4877b881ed63132f9b730483b29884b12d9c371c7,train
e7f0a8e5b836ead954deb9cd578c3443118a32a443598b83468398a51d6fc429,val
e7f0def7d70594799c7c0f5ee2301bbe9faec5cae751f296de829c215f6f2821,train
e808a3c09f8eba7eeb3cb77114f38da6441c75938fc04542dd654c83ae421d71,train
e80ec022ab1e31cb8962b925db61c4c6c8442cd9ac068f1e3c9b3f491aa1fe16,train
e8128f7f4e46d4116ac6b0f48f0908118710f97ba2a85f426d0cdfee903acb4e,test
e814bacee470b5f386235e982adff190cf1da0de0d34c9c11618d4ca57cdc04d,train
e820d82d3386c221b561ae19ddb5f27d6a90b4f2cea1799556d06112c8610da1,test
e82509c856ee318eed8c73490b9bc77d3b13c6d8b3b3adfbfb58df5de5bb0c3c,test
e82a17389f9563cc56f60da3f192c5ff2ab5c18faa900396cf7e5fe6ac695465,test
e82a360256232cfe3094a26b8ce769eb38b896220fc5362c8f96ac42deacc697,train
e82f834c650b5644514407a3dcfdca3dd0b2c3e4774dcda57fda60d520e4dc78,val
e8340d492b435b14473e700fd1664cfffa303ed88600efcb2f65e589b32352b0,train
e834dc63bad82984d86bc3cbe232711b2034d8ffc9d0f539dcb1d826264109fa,train
e8366354fdbd7f05134c6e878540a5bd7080726b0213fd4c502463d4c1a92fcf,train
e8444394c98836c345f5511d77ff096a63366b0fa0cfc8a5afde9f7f2887bce0,test
e844744f7e0513736a5a8f4ee00a500b5690179fd659ad9cec3141fe4005915f,train
e84812f2859b4c657749387cf960065ca7ed2b4d90f8994e11b3fc5ad3070540,test
e858847adfc5e59ac28b193bcf606b96ffd9358009d677eb719f29921e23d464,train
e86794d1ae97c74107fe0b1f015950f599352eacbc9c433a4765dc84fe39ce7f,train
e869c33c65232964b4a01e47e14a621f9eaa3dde96d6046ee872dc29fcb606c9,train
e875f37cdeeb33afa4927787f0901d963e58e8603236ba349fcd30476ffe40e3,train
e87b10c9165d369f3dba1a62a1def5157468c4881941f17b565144a9de319283,train
e887b707cb267ad45b6558b14061e9692786c1bf189ed9ce184e6ad98a932d88,val
e88b9e416e6a9bef83c6665f7e81868f0bbfcba7d7d4a252df6952263cdc04a1,train
e88c798275952d8e98989d6cc3e39407149416e5a32085762e0f2b9dabce08d6,train
e88cdf5740d718591e09de2345d0f2df4f0ee56d19f925d47c6e9d7a8b003390,train
e897ec8e3e6fbd7e12353e9bb6733cf4a90bdebc9c1515e258abf5646bdfb834,train
e89fa3c666724ef6cf113b7bf6425e729b3b1221370393ff0be1dd86be802d51,train
e8a429c7c483b7c344f0b4cb876bb8a0309d31b200a3b895945e884257629dbe,train
e8a6aff4f135ed355b69587349c7468a9c4a5b438e7bd6a430dff1636337c1c0,train
e8b38476aabe128801532cc08ec147e4ead4333e28d8d3212c6a41ac8ddc4bbd,test
e8b424ed0a8b2c2e7f732813f65e3ae120a5ac7b9ab9737b47ae3a55174d9b6c,train
e8b704cfe69b9186d8d2fcaab901c61e8c71fbc3e2e9dd52357acab3c228f741,train
e8b8ffb9535a40c8e5f3a6890d5fea0cc65fa541b48f8f4186f07d9cb0849665,train
e8bb6c5bd79067ffe02fdd2172b980c3b6078aa0f4c7b973a22e17d419d839c3,train
e8d22a687f1d26185d1e1c4fc26075f268607133eea4b97757ee887a98ee8eb7,train
e8d98b116ec1c240aaa7c5ad9a72b526be7f9795cdb6dfb498dabd696350ff9f,train
e8e1eaa68683543f775bda0beead2ac2d1910c7f1620a8e1c1cd774453b834df,train
e8e31298762ce5c538576e9c51d744be1d71e82e9ea927375647165f7d0e7df2,test
e8e365bae3dfd3a0950b0b9b63994e512ac2ab7075c51f311a47280f6f6dd171,train
e8f7b9297d21c3b046f593ced9be7bd7430fd737edf4724867d17b8de5d0091a,train
e8f929fa05e030f4096c1e0460d0a6c46db1f71b71a0844565e4c9e4d56c1b6e,train
e9020d06ebc368d52e02afe62cba8e644bffa902a3e28f945dd683b4ef030df0,test
e90a8699795f332b5c12ab8f1ebabcc49b1d4ca8df7986ab5ebbb7dac71b9528,train
e919984d1013262371f55f0d38aa05345df57fa7ba5692f4fc0e520e02f78b86,train
e91b04eab834c1664e25a5647a944f4970069e1ce490e8150cd7e1745e89fc6c,train
e91b10402718b7ad88f4a20fce5ddba723368f1ff121a18f77def619a4af2f5e,train
e921656a2bd660a1518ab23ea0d612a236bd313d5f728461e23b47e42c6af569,train
e92599b11d0cb2095142b574ec26f8e62bd3990e44977bf61133ec6076a97591,train
e9293a9de29598050b1030324bb3f6e9cd7e86a50ed235b6895647d138b12639,train
e92efde1b5547b67ea72dcf243d8fd997c4a70c530b521f94c878b5d569facdb,train
e9319d914e8bdfeb8e0a9e46ceb7c6e3328a474783f74fda56a634d3b519af21,train
e93bd89312d3f4a58a024f14a7362bf5f4e7a3928c2f3054cc55d0d7969a41c1,train
e940f36438c4a15955eb34df176b2d3b583f499405327234d27ebcc7693e8a98,train
e9448a5a6ead9d807f47c813fe94a4c00a500dd53cd86ba7b48c2b71c5a2d8bf,test
e9464bff3e28da1b4dc822f2435372cf058c37c2a9d96bef2f74781e1c3c90d2,test
e94a62b6b5922fa2fe4817055f3d2d9dc75caea06c8b2a8c501c76981ac57bef,test
e951d42ba588ec13e8dd520f4319c35457001e4ade80828b2fe85f19be5223dc,test
e952e617b24ea640bb1409255257aa691db5902eca6640eda084102252a9f3cb,train
e95dbb38256b179f4607cceb3e67be463bc02517bc6673b8292502a4fc6d6c71,train
e975ee61c02ec13f04c46e798b49322f7ba3ba3489aa3d90f6370aee614cb59e,train
e986788ed000191959c53d0ff1a6f5dbc8e16b7620d1c707340c2378e5560b52,test
e9884e1133bb6814012b903c58f5dd5d5bda40c34b3c241734ed074de59b329b,train
e98e5a573a158dca9c867fbad69ceea046953dbe5e637e8192f62df9731a4c09,train
e9972bf81c9eaa2c7062ebafa5064fe6fde1439ee14180025c498d33c16b5267,train
e9988158717e40b679b17398b9bf81a460753ba5dcb1e1e00b632ae2bc54bcee,train
e998e94a851391f3c54fb72f08dcbee20a7354e1db26a5725a1153f760905935,train
e99992128ccec4af536e75f976838fd5949f62be1b4103e037695bd608fb4e1e,train
e99d7b47eee48c4c5b3d9513dc327e1d2db4310de9485368dcff9ebb8f253498,train
e99fa706e095874c79913bfac506382d1be13b0731bfeb29c3d68c93af57c686,train
e9a73cba8c9e73536c56a99ae04ff770bec3ee11aeb9dd9025e754f661233534,train
e9aca79c45060496359b26bd67879b5c78132239dccea16ba831105df40ae4e7,train
e9aec0abaaa4124102fd06483d408063fd49a9238ea0d183afbf2c53ad9467f7,test
e9b2e40481d4dba4e4b3c8a20cf1b53ed6d6c847c6407fa0a946cb7af2304699,train
e9b63d1dec81c1d01680f7cc855f778cb3d15ed1079250c2b4aa37490f7354fe,train
e9bd478934bde48bed7eb6bef829282b2e888b1b040148133168c47762aa7f64,train
e9cc1e3f83ce795d52fd342a18eca6bb2dd19fc2fc658d047f32148dcc96a856,train
e9cce2e3842cb1374092e1319357c7b6e8bf1703235bed778a756eb113b2e16c,test
e9e53f38bdd02d4db0025fddcd982d0f24e0f47b20160dbda591a23ac97fe3aa,test
e9e71a98f095051c45fc5e7aa7da96a949d294e44e9325f50f80faafc3666b9b,val
e9f62a2c5cf426161266e620c2336a4b5b1cf25b6e0c65f599ab80e918aabf5b,train
e9fda61b9ffa0a8324065599b04e428223b21066f835924b4c2784d0dad895ec,train
ea14e3ce708765fe20f35e3e406671c3271daf35e91c1a3aa625471bf3b0849c,test
ea174adc126eeae559a40caca3b285c0662c38639ae1194681051cc22e8550bc,val
ea1a98c1fe306fb5e13572096c1a6e184ba10109283e871b664f63d37426556d,train
ea2d5052c365b4cab2f23cbeacd9bacf1fa89f80b1786c863c0e627d35f06d79,train
ea370c894dd3a1df8bdb6eadeab586eb0b7dd62b8faeb432bea1b5ee5f71f96a,train
ea515dc520932585f3fd2cc5c8d8ce8250154d123b7f3e65005311f66e2ffd13,train
ea57ff08ece55222b99f38cb7982ede00563cd99b80883e8f31b1dd3645d493d,train
ea6b89f5a8f0bc81e8ccd74c1fde5584ee76456a41fba0f651b3951e2b33f105,train
ea6f9388fbc3f04ffc82893a9a09e1bb292a9138c2fcafd4b01c491bc36dd546,test
ea76fae154bbc0a10ebfc34a5b4da053adb30311b0d1814a63a9d0178476bb93,train
ea82b2348105599625c3a12f1207280c547b9d02350321e2e631a0ccb466f476,train
ea8d0195c765fa785722c79d0ec2eb066c1bd4e1588466a16f781c2eecd97c01,train
ea9632de5dc97d03c7768c1dab1bf8a6e0bf907946011343d3e920619bc9181e,train
eaa5fff0a4a37f989567f8bdb16b6b20acdbad627293d0155b8583551719e835,train
eaa86420c6c38155c1b9d204ad9932ad9cad1bb2bc33fbce791cfc99999bd974,train
eabcb2cb9901ecd342f89f02e712ea59508c50aeb86bd0197b2e96e0663fbd90,train
eac0cf9cf4312bf5ff7b3486a513bfae77e12489870692be34a7b650c4d6f536,train
eac534b1aa6f50f1954a7226aed4fdd1ad2a34a8fd046c83ab8311aa08e3c9e3,test
eac965311a99521aeb7c64eddea2fe2ecc75b03c51d4aaabb048a368ba557f5c,train
eadb1d94b8f93870e9f7ef058f2cea9a5df6f9a0eaf1f2ec3ee535dbae474383,train
eadc297da0d5354539aa194b06ada500839897d4d0547c3c24c2c8a564fc4850,train
eae07f614173574af8a4b0d34bfb18567f0076b1b272efe956a1a1cf491729f1,train
eae739a6bc2b30b9971e51be9fa130860b1c7c205c2c32267121d900da728bc7,train
eaeec399f536585104732d05fea37309c15860b9cf00bf58b22c1a80f2a6a7e1,test
eaf07779bc9bd6284d652a337111e402617b4585df9762ec3dad741adcd32838,test
eb13f26f873fac34eb014d6215d45294df8e5fdb6c81ca86c2790bcaa358d218,train
eb19f00c5beca9fbf30d03e9b473f3ec6bbcbd0ea685321d05deb9b871fa424d,train
eb22a4682b527427da30ed4c579acd6c02be6ab0584952055ec378110aa07e30,train
eb2bdeb22252041713dcae4a9ad73e7e65b77dde480a0d983ba1f82df401dd4d,train
eb2be65748a7a54e816870cb64e62d5e80b74c24fbcc3ca35462c68446054974,train
eb2f7f30ef9d5fff5640986215e4c5ba7e3b247757e9d1c4404bcda53c49dafb,train
eb313fbf514138711f4147b62be2c459c1d3f9ce40b3c4be05272547f64b6874,test
eb37d45f3d6c8a058cde4564d98c2ec1c8e56b679475223c8e3124460e768576,train
eb3fbc959dbb45770943019d4114e62f81c648f2b2b6094b82f86a61846d9363,train
eb47233b9be4792e5b8755fa76c4c276fac24e78d47c034a40053116ca02e212,train
eb4e8803c4e96e0900e7bc10ccee3792eddfaf74a3e7b9187084d266ca2a5bb5,train
eb5020deb373bf5e8561e67eafb5583c079b9086d16ec318b549ff251fa81097,val
eb5d804a6c5c929dde83d7a57d40aebbfb59bacfbd81fd33617b67a039386a90,train
eb5dd762235119877bb074fc0952dda8dcc25a0689d9f36f408fa4768c13bdf2,train
eb6333272ae94cfb4c7e4f4b5a7e43a544324cc122559714067eade22fee865a,train
eb6b09e7d6b7c02fe62dcf8323ead071cb34de41e440e9e08183469134b339eb,train
eb6cb03ce020c6db444f7a2b59488a829778d096563d12f2b264ec73c07b0c00,train
eb76222dbd4b0c666e58b355d576b5bb547843504a50cfe0aac5a1248a8458d2,train
eb7af2be56a1f9d5bfc899c252a8bc68fe43122c814b73eef5cdcc7d21dca5e8,train
eb806ccee6f620c793b27105eeca2628317b2939219fe3cb8763adc42afcd1a6,train
eb83582dbe23ffe5dfcf1bdc17360f5be6695571a7e4e31c07b5294585b6374b,val
eb8652608afeb4df3ea87806ca043405fe27c946d0befdd477296f831481e3ae,train
eba612eb803807b7e91c06a2ea809ae94d821a58b32807baaf751a7591f973bc,test
ebae67acf0a0b42d0a05829dea641c2f574a0194ac79eb88baf2292b8e9f9d7d,test
ebbcd47551639b249163d6455984c1358dea2027470145374e0de763380d496b,train
ebd3293d86564c5b593a1e635ee5f18501045d706e37de025397202a8ee62cd8,train
ebd6703478b5997d3e30df865ce640f96d4050616ca143b9c2a942cf0c4a532c,train
ebd7fa2b2272e2827d72b6c59a42b7cbf40390b9db02dda50c220adea2cf38e2,train
ec013aa785b09f31b0b0ef175da8a8fc62cce20cd101a7d7a70fea688c9d03c0,train
ec06e34f2ec0d68dde5224a42caeaea4605dd5449ee98fcd1ac4728c2c6736ca,train
ec1c5dbc9ea508ab767cd6e143895637add1eafd68fa359f5f6884ea1669f363,val
ec1d1bf19b3b756777f2235ab09fabc84d6b03c97756536a000ade2fd93a0e62,train
ec22633b3b99e4a1289042632d7eee7cfe2ac404a9ab72b14fee8a9bc2c5e421,train
ec23025794978138bbddc17f6f940216bc02cc7b23d0fa921104a0c52e696abc,train
ec285363d2ed91fdc5574f84a7aed6398221a11119481306353912ec4ff7fa9e,train
ec440fecb2d510898fbbc3e427365d2f2aa3ed3bcacc1f7c3f7cc0da8192e5e0,train
ec445f278752eaab3989cba5fd0c8b9622bc87efbcd227e909015049fc92f6bc,train
ec46a3d5a5e5cc8b79490c410421bd4acd5dbd5a3e471666d69f0315f37b63d3,train
ec48a540b19c2ae8cf2f64a788c71c806338c7b84adaf432e30633f73d0ee971,test
ec501a63f8a4f499e73486f64e6faa65df472b773ee480ba59fe845924d76b6b,test
ec5679ebbc6b9ec726fe870fa8684fd8bab72efd5da0d5fe1dbab914fe63069b,train
ec6c903575a71bfddaa50c7295afbe076f981cc0fcb3559c07af01832df522ad,train
ec6f41eb335b4842a4b75babb4c34bc8032db1dd46877992953881bacc74e5c5,test
ec72ec5d03da5aaa873ce6b945fa23f0f564dc8be8a98aa9c56af755a3d57677,train
ec8e8131bf9a1b1f0251a6a5761db36022e9b635bde7832528c3f02ca7eab13b,train
ec99264440b91f72ef77e94af09798292f3bf9f61147f5fcf291a622baef7ce3,val
ec99fc81645aed20176f2bd120b23a02b707d88a53c800a008f2a19619d68468,train
eca132dec8fbdb25ea14c4ea62304df695a456b23f2d8b249aad460749a294b5,test
ecab79e728616246b458c45f828dbcf6a9ad355c9673bae1dab209ed3a86aa01,train
ecb0f0ed4483a336f1034d411615909db0dd06661bd5db8800af27bb1b462c98,train
ecbb2153afafe11c7ed3ea4cae78252abf1151205f7ce00ab7e1b485f30dca09,train
ecbd383c3dd5a7064ed6f25407573b64ee71b457413218b61ea1eda1842ee5b7,train
eccc836b2e008011a1f36342cc31878fd4802fc089002ad6781f6eaa3ec167d8,train
ecd29113170748da5fb2a080cad12fc772f696912f0fee8c8771eff3a07368eb,train
ecdae9c2cc757245ddf93c159a8ddeb50a3e83f4cfe2f38822955ff0c34ff9aa,test
ecdbad9ea27c95d6a3a4e97e550a20982959c988efc41fe278161fef8b27828f,val
eceaf6639873f8616cbd856125f1be32812a2941172261cf81bdd0d5782cfd66,train
eced795faa0e58186c00ac958ed4896f051f267a5d3daab7647e87fa93eea123,train
ecedefb74e8c34a05cbbc9e8c130e6157f64b72e2ab287de42cfa0b47b7ae962,train
ecf9f8e3d9153bd57cc1932f7171e3451c07deeb37ca07ff0a6dbf83cf7e96b8,val
ed02700ba04de70e421b566e023ac45097bf26dfa79116bf81790cd54ca6f6a7,train
ed02a33bdaaef014b51244e05acc158cfc2e978b8587e28dff6374440828db08,train
ed03c1249d7000fdf268256274eb52dbe2d71ef868917ace36db3c9794608c67,val
ed06e5e892c006646be4c44caa7a804515dbcfd58a722eccdfebf3ed791f6e70,val
ed0c8d4b13161dcc7ef421446f72c9c21ff574a7f93646263fb27272799e9777,train
ed14ccfa38feb5b582f50bf69c30e2142f101313ddd97afc9b705c87c05ea496,train
ed2a73ae99c9f4326e500d7661054f287a09ad5606d705496edcd737cc48f425,train
ed2b0ad8e6a7ea68d02aef48febcaf8708116a87a73f8e8a88f1001eb51d6ab8,train
ed39fa436dcd1d729cc65f5c64ee95286e2ad53f88c11cb2489ec9f209b9fabb,train
ed3d1c454c51bdba734f3a94388e7b8f0b9ed80f5fb93f1484146e1fcfcf7ea5,train
ed5557cd1a58b09bee26f898739e19584390173c50e2f10c5850e115794819aa,train
ed5e70fb127d1f1654059c9da0cd82d115e350b0460cacd4be20bfe61d7f5f2e,train
ed61616b55fa8f6ef1e3ccc18e82f1f26bf54e304cdcb50044887da5e8ed630e,train
ed64e206f9279a18c59fa48d0c660d8bac2f0eac3b45eea8bf1389aa0abd0480,test
ed6d8241e959dfebdc5d55cf73c78c2cb9da17ad771cde78330bc1ab667a674b,train
ed7a2dd4962b2dc53d6fd81ad6f929ea25ea66691843bb2999a088fd6df77544,train
ed866f898e8c4cf2442e053b0b44226bbf39e8991e66ea92e9d3dc0a285da60a,val
ed9752bf5588d65884ff99d9a92ecfffdfec49a120af7eec6c6fe21a1ebd5462,val
eda7c65b5cdfec4f011ae410002ea4688f7f56b9ef8b88301152795406139ef3,val
edb46c15fa948f1b1e2a76ee45eb99255014302c1059a46cea4565cfe3439aea,train
edc6f07ce9b43f85148c0f57a5c5e9059bfa47b86856a24e75cf663cdc1b50c9,val
edc95f33b0840232d271887aa7a94a629f270180c334f0b20cdbf3dbf5cdbb46,train
edc9829b040a3d86a7dcfbf38867067083d40e019160a21073124ce90c489153,train
eddde891120b351584eb40b31ba69e598b88b1c84cac3b1915756d88c653ef4b,train
ede90a70a424849efa29e38dc698a30fc0b99b0bbf7427ca9b5c7ae38604112d,test
edf0157e17fbffeb46a8c9141f54768e7b2d5e016d93e8ac3e80eaf0fc0e52c7,test
edf60d51625a5a096acb022b6a613748157b7733779a4f09a6fa7e0eb385ee51,test
edfeab56ac929f8f313c827944a4dd2ef1a2689b1e68b72f6b255565233ac1d9,train
ee1c4d0970e7da09d8595e991574133ccc02b1909404923f98537ae031aca11d,val
ee1f7749c54f8456a1b4f8a052f40edc91125d623589376e14aa10a0406367db,train
ee2e3c93c37ebb9d607ebd6c634c2c372c1f1279e5efcb6be933d326be853021,train
ee2f4138d054720f7cacb2f334eb0b59f4ff781b09da9fd68c1968b6fbb0f358,test
ee32d69992f66eec7fcce37b4e8d4e5e58077089006ac6fad54a5e21cb93d1b9,train
ee33a642c359cf2c27daa2a4a3360266ed5748c76dcc71a15694685c4c7fc0f6,val
ee35aebfd1a86a53a77778770de36f0d4504ff5194b007f531a6dd79669f37f6,train
ee40e8d44bd3e1d0ea7c35ef052edb6f6bab0d0c873714fee84a953c1ad47a44,val
ee413bd980511bab403e5ff2fbf430a1ba9e49898f01853ac14d9e02409cf97f,train
ee45e856e42da63676f8205342921928a898497564ae7506079796f7322bc95d,test
ee577baee36b94ebd5853a0a598648a900a492438adaa90fbbd132124d386724,train
ee7c3a590440bc08e47d83dc486dbef25beb466a19d25e6295b17b09d6699e50,train
ee860a10287752ce57a8a8710cbd3609d75bbebfe4bb8147ac1967749bb56361,train
eea2bd9e9aca7b42727bfa0c7192ac51b8163f855fe4678cf1d7f2ff5edf2c3a,train
eeafb87cd4774c5d7ca6092802b0960ed79539601b8df8c66730da09e10d5e4a,train
eeb57f052e78d66edb404f9b17482ca101eaeef5f6b17ce624126f6de9af35e8,train
eeb6a3aa7491daeba0d2e15657067f2d1e5305a6bc26f2d44fa0c2c6290eb7b2,test
eec37533f3486c1a6de5276ffc43398d5e7699544c8d5559ad096a3e7e750e09,train
eecbfa6b247e51b8b0539e8f0d2ba83645328423b775725c64475ccb62848436,test
eecc9aecb0364c2d5408375d5b7d352b2ecce05eedffba3f877a9894052de4de,train
eed8298bea9187e56b3e3d8b480273d93d6307eb95fa7f07451670826136fd83,test
eedcb690ad52dbfa144623efc3036083f8abbc3b71a2b0fbc4f402e0866a86dd,train
eee3e8836d58d872d7d15dd29e1294c50cb20007a98ab4ff1161b261250d2b22,test
ef03a8a6959942ae0ecf8c6c78a84377a0cf1d2842944435cfd1a0acd03b9a25,test
ef09203aef88fd99b6b81c3283fafcfdb6e75d6cc758b704d4dba3509508befa,test
ef0c79a96accde0417a444347c8d8ed45330d45929a0e352e8f97ccfbc72678a,train
ef104c450aac153d7d1ccd68b8ec59a32788b941be4993cb83c10e41fc19b4c9,train
ef11eaf824b46a503ade993b5905b460c98851ad0af56e9c877b326733e6f086,train
ef13c862650a48528c590a5394efafc1a514e037fc60ec132e550a22e9c393ce,val
ef13fe6ac5e34a144fb3552f8266a9cf767b1684255c1b8829ce4b9870960699,test
ef1b349ad1ad1ee500fb767b142b63bd3a0ef26946640554c17f141dadd0937d,train
ef26cc309c71ae83f2edbcf79006998997fd3e449ee1d58b44cba905fb8d64b1,test
ef2c4532dcf95478fe9dedcfd5b99c6f60e048bf67358aa4ae46af1df971412a,train
ef2cf6bf15b649ad5f62b73097d851c448a1ea5aa7c6cf3bb22e805e3d718c76,train
ef322136c8e974cbd9be7c216b38809bc2214ead917940fc5534b8ef3dddb92f,train
ef37521e896c313641fd3b936547ccdfbcc3c902a2186accc438126d0e7d5a42,test
ef4569a8d3829efdcca6aa3e1953a569755778543aaea0b172ebad5f2a431ebb,train
ef463285df59401436a4fce6b79a80323bba518466ef03f521ce2369e13cce34,train
ef4a2b339f983827d8cfdf84e688b85bc7a75bb38a90ff5948d499059d6759b2,test
ef5f4190992541f608ff01bd5be4d503dbf3adb118189321c055ea6d0f504894,train
ef69b67b39d493634f60751899b02a83065434637d42df2443f0cc20c7bf5e47,train
ef6cc15f359d26fc2fab6469af70972eab8ad5f7657c8e38384e7124c8496975,val
ef717384b872fa2a4803ce2236b7fc5e0018dc7ee7dfc65235cc3e90f58c8a63,train
ef88447ef4c3c2dce0f8c2a93a3bebdc170bc616cacb0433880f6531fa44df61,test
efa2cbb51ad63a5a8efc8927c62b6753f8b875030ac3850f3b24737f7f9b1f59,val
efb7db99ae58d75b79fc9e87d3713280dac84b18944415562b314c0cf963ace2,test
efca0428e732066073500edfc414b45deb756afb0604b52e3f4101e439c52b7d,train
efe64873cf91b30f72aae566581098f8b93072d08712584c7f911079c9dbb203,train
efe6d1d90d479a7511ca07aeaa508b4364eebcf2ecdd4c3728e5647eca81a502,train
efe7ac729b6fd2fe3e069584cf4acdf0bbeff944236134678c5ecd38e8111197,train
efee549136500a3cb985bd8580c8ba04ecb8943c95691ff3d024b7cf880e3f6a,train
f00029ee8689a7dd06e0028eb90d608fc6e49f24ee3f5a9061e649d142afded2,train
f016de077420242442d2dd442c8172f3e0f52315a2578828b4ba00b5f79f6471,test
f029a7ec0887144451b2c247c6cdd2cbf94d622b3cd3be02c10cd434d0de9d2d,test
f02ad55709715e24457a187b7af9f2d3592493c5802812d2c3181aa5f86b928b,train
f02b265f34ed5f90f7594db4f553401f5dae5b31af6d9b16d6ec7fac06fa3590,train
f039e3c53886a81221fbcb600ff2839ea3079fafccdfae9dd843b672bcd1bb6f,train
f040afd55bc4ecdb547baa604659b98ce176ec434de3206e64d6287ae7f166ad,train
f043677bfd06edb97286d2e4faf1bf71627d9ed2c9283b0639fbcd5d3c8c245a,test
f045aabebb9a505e830bd9619024303de3e5e2ac7e95e71d7bf2eb4b4c35c74a,test
f0486a464800a4af5e5204876cd0dac019a26fb5996badc2563595ca7ec7c07b,train
f04d9bacec4c324a785e356ae6f72fdc0c7f2e677cb25c27d927a952ef477d4a,train
f056a321af9763f7bc002cc0d71a95fd1574d9f04a8db94eebe824308d75c0f5,train
f069eab43be44fbf2de5be1ae5d438c380c9da5e1c51c768d996b5bdf128111b,test
f06d20eeb7a8a617891b3d373d70e6abd6fec1b28164a525657f16c15ab4861c,val
f09ed9b3cd2f5a0eb93f2ac690a4d9ccdb9a8e3cb5269a18e9b74ba53a69a082,train
f0bd3d882811565f52bbf67d69ee1fa1f8b452b1e527c489ed28fd6b113a29c4,train
f0c1884e99d12d768f2839ba2bda38ce75f88cb1231c0a81bb1f1ac210aa30d9,test
f0c49e0b1ee9938683dd71d36c68f8aeb703d522484f310e561cd56eb4e6c7de,train
f0c7ae4a1471a88f142c9b7ba8617be0375f7cdff6c44ccd2a6ace78952e61cc,train
f0d68e40b1b67c03c36d9d96ff3d40ce53331d6f1262d2546703c99acec6b420,train
f0e269c157a2fa589ed2facf91bbe417f2f447a86c6002fff0dc0f8c939e1f05,train
f0e7f5dd37d080176682a8938c72a3d284e28fd71801b797df5d8a5eeb8a59be,train
f0ec427fe118903a934d5c281bbeed788dd3a2d686b567d907433836ffe5ab9f,train
f0f2ff3f61f09e7667e28b061dc2bd9f03bd214bf2f4ce88a50c36e638200132,val
f103345bf568298a4437f870af2f65f5ee59c55dec1c032cdff6c7068f45c374,train
f1063e104a17dcd794f20280e89d7414fdcfe534518d5681ca0ac26ba935d552,test
f10f14f86a47a891bab6a1d23cb1d7e338f3a4346ed7c57ef70d858ca304ddf7,train
f112a539b82f9d71d3f75ec5075242ac83840bfc2fdfe97e109784962684ad62,test
f122e7acde59c1b48ce7fdc41d702d3adb47db905a1994f91f7376507dc25c3b,train
f13220a6e653488877fd755688442d924f637627089728dceb1c823b5a3dbae5,train
f147099983b63d662cb2047dac7db6e9d9428c72655c3b72b9724e9b756a1821,val
f14c4a0848f6062a5921cde30e68b26e353aae778bc050b80adcf5d65dfdbdfb,train
f15c80cc60fc171b1acfc807710780001f4fbd7c40891041a2e79157c10b49e4,train
f1746ac50f02853b167b5e3e6b378fa03818f2a9a8b3a77a0d4ab60b02d8867b,test
f1757d497687fcfea0b80bd3bf7bad842eabaae313c4d30c120fefcb16e3d8f0,test
f17b62dad05a01e79b221ab766833645216bae881ea11486c3f46cf767ca692d,train
f181422d1455bf52b747532843103cde3ce9a67c2ce802b29b69120ada25e72a,train
f184561a86394e95ef2bfbf1f2ea738a1050dab4228f6e0ec46eacac5d4f29b2,train
f1871143c6057107d0995f0abfc946151d1e543515a456adf022ce62a59d29a5,test
f1931d1b3d86a8eaa98179ccc4c1127b789bcc4f9f1a417bf8926ac265f2500e,train
f19d20d10936f5041c95eb89fa99a0adbe07fbdbdd49f1ef88da9dc38312d7a8,train
f1a1341cc11f84d51bd666b163d5a10b1522caf72f8085dbd3380309ab9d7efc,train
f1a9906c82e0e96c8125a6b13eeddd924674a490e06466da2ddedf89c0161c54,train
f1ac80217d2f87eec16dfbd8507568c0a11dd3bcb4739c799373d00ab74ca372,train
f1affeb147b69175686c77df6d415b596e945a19a2fe7758d0a11835e55c4c2d,train
f1b985a1f5e48ea23ccc125e824c21efacf4d4e881931a86710d57e308f67bff,train
f1bde814cb05946060f7724cd66988f56b6efa3b8a7df14905fac1f62291e3a2,test
f1d6285993fbc5bc73ecc91a5976254d7587d400d352ad5df1ac78b62489b388,train
f1d86261061da3af976e781714d7c7f823c4f6c0903a0cf443a3cf7f5ecb94c7,train
f1dfdc299829cb44c96d79e64f3a25db1f7757005550beb178d9d06472993e94,train
f1e45dba1af77b6046533d14039e158e5d2d8283c529499d9b5052618920971f,train
f1ed55414eceb01a85551f22d573022b4e563c8341353383910fc16f7f488c75,train
f1f5a771c4f1bdba14e59d507dfb797808276ff2a71802dbac03325269b3306e,test
f210456d9e1f4d753a5601f1a823192753e555fac6793bf1881b095fa0d81f44,train
f214be7e6183e8bdfa5a4b367b2e4d84f714d7b415ff923b94471bf3abd27dcf,test
f215bb845e3d450c742741d1268730a25265c9e7ad02dec060ce6ed75409865c,train
f23591be9d5bbbbcb761fbe31293c27d41182121b2cb1d540dcfbf7e90a3c292,train
f239e8ee6fc530068d8476a8bf09803d0cb04f7840186d9f4a8ab535c2edbea4,test
f239f70ed8a8089e52f3894cd6e5221e5073985ef298bbac45cb4ec82c0e74a7,train
f2420914878289db2c5bfdfe28394de6f80261784e7846e2d8f8beac23f0bf6b,train
f244b4ea08dba57612cd75cc8ab4e56ebefea6729e87b30988297224d274d8c1,train
f245e140746f2cec8cfffc206f5c0b55cdc785223706621b9b97dbc143d8d38f,train
f27b6c1ec09c79ebec45fbec55816d77414c2c5c44a134ece1eea544382bc8f0,test
f27cbc8b12742b53320007837cefbcea43590bbcc18708b1f56ebda5c23b15fe,train
f27f9f1be7593b99ed4c80ad6d389ca3bd690412c5d80f03b45bf42b2561cf05,train
f28006a23ae7c06f6dd9ba804a14ed0e3e9a91e4de71ce3abb520d4f46d2ffe8,test
f2889e9bad3cb08253b8393ed1e98587d96fa78e17561befe3e377192f8232e0,test
f28e77b617cf304e3ec4efa9fddb283f5117875f8b2ee5c64f967d512509c0f5,train
f290e2782b60a4eb89807ebe48db1ed3e97f51679c60296afb5a996b5c1bb556,train
f29c611c8885d979ea960c1c6f431548cc2bc06b660a9dc8901f69a65b90541a,train
f2aba7c3218bd16f9ec404f103ba9ccedfbfaaf12a33e0fd45f42b6bf121810b,test
f2bca0edada939279efb6c5c4f400d0ad02932f5418997cc11c0ba56349a4600,train
f2c1c48992d1cc218f0dab9778a31667a96e2c6db3a430518d7914c6ebbb0c2b,train
f2c90cbb618192eac48777b793f4149087142509e00cf228efc19675c9b92b7e,val
f2d809d10a3727f6d2af0fa22d001f9ef55a10e00877f9b2c1435554db16b946,train
f2d83d14c59d13c9ce7c84e677f2408ba48fda9bf424756cc4a1a9221160594e,train
f2e22f288d3eff0068c12564e4632e4fc4f319d0b39ab0c2caf5747089f36b69,val
f2ff37fe6c80b30afa1ff59ca313e244eb1e707bc0c0abd6fba91bd89ddf89ea,val
f302b5ea1866d09600ce45f392e462d70763dba599b4315a2bbe93762945d36a,train
f309d8508dfba5ae9debea85d6c2c107e404e62514b7cc2efadd7c17bd4aedd2,test
f32a94d63bee0c82498338c77a3f04085db9b6a6a5cb515cf1dc6c5ba174e396,train
f32fcbabcea7658decc45a311eb6a299105287c8ca758022dbed291accdb8568,train
f33ae0afd856341425b4a8ccda537bcc9226330fd0aa1f21cb4ec4865931dc9a,train
f33baac2fdb87644ff2871bd6940cd2ea02900ecc6d591a0b5947b6d703388e1,train
f348934acda07a886d9914e51dbaf54bc0e47655491d070d0faf246ff6ce2385,train
f34c52a1a418ef247b37814fa0550f8bfa9878821d69c079b86299a1c8f3b73b,train
f353c1f6e13e9f1a59f71b5274bd36fa5c85cf6bc48b3d83ee33d665f586bffd,test
f3586afb44e32637db24be0c7c23ae1320bbbf7b4202d7edfe00b0361a26fb21,train
f36c1f839bce0b75da77c99198d566b269797d2d97c57495960b37f26a8c28c2,train
f373753de515c4c97847a463223525648c52d75efdccffc1cbf08be7188f3566,train
f377f66dd23eae422c28b4f248ba2eb7b6a6ddafdec118bfdcae080c0c619b3e,test
f37f04994225ef484d1e665bed93c1bffad737d99c225ae671f4a960499f8b6e,train
f382086a3d8c2be0a58118cde1705746a7ffad362659435db02c61f21a3d00fd,test
f3892f5695777766786040594706f2a56efb3632654583b185c6470321d03059,train
f3905b9399eb57a14574d3fb1116d731a9b037fbad7bc03bcd56c8a2e80e334a,train
f3a9a5df64351d6fd16dc1c3aad3daec566a7703a1f4ac2eff1403e0428b586f,train
f3b1f1145ea8b86ef917e7661d28f92435350f6df030bba7ca3b5764539a7a5b,train
f3dd3ad3bc2190ddca8710c222f799ce2d19dc2814550ef66c97136fa35f7531,train
f3e6573cb2df7e1262413719f2bc7a0151b1563d13b3a0155f2ed06b2bad7cbb,train
f3eadd74c804bf1d4b8b005758e7727cefd787aca4855cd4579f2891dcb5988a,test
f3edcd5104d0c14cd042fd3080f70939d6e79b9fc456d483f62171fa862fecca,train
f3f57d3fce0ec7941d54e1fd35bf520cf4b4831da0ed4a26770d95b456f46747,test
f3fc6b24ba38ece6833b5217a17cc9cad84e57ff7b0ef62208c630eb65b83926,val
f40103ecb4171d1beac92e3c0cd0dfcafdc7d2ecd30d966b535b5e66e6ef8b63,train
f40475c33d9e046742e614e25a9d5c6a2cb9c655718f541c173b9b27558cedfa,test
f40739e3c3d42ef8f2e4ce7784af720b9eb0ae458d834005726544d81e8bd0f1,train
f409e636159e77f735d95633d51165d3421cb3ef774e73decd3359badfc082c1,train
f41434b781b37319caeb4f70b5a18a12c2eaaf1e422b5b0396f50d7d908c0014,test
f421d1519733b496adbba63c7fdaa7d4ae011203fb3960a494ba8a7b65292ecf,train
f4222ed31c5f1af3266a46bf754752ce9bf50dffb491ac42241e104fb256e6d7,test
f4224e5bf2872235e16d51a1a1135c448bd652988659319480fe484125e0f2bf,train
f442ae483540e27863d88542afef3241b2c37fc8631203a0f4921dd4b3733255,train
f452e0bc6d72cd666a322f0c7c8bada0cba22dc5720ee6a672ade59957bfc0ad,train
f463c4932aa06741477fb9f36cce539baf6857ff46697b618c477675413288a5,train
f468c59dec797beb199b21e8cb9233747c2c618d82750dc370c8ff7ae1409c34,train
f46f355b0fc724e86bc3ddb9e9786ab875555ec5ee30b7cd31543d40794d88a9,train
f49ea232ebae6ef5c19562068b43a671435b645a5be5fada18d28b75ddf27862,train
f49ee061080fd7688bcb4efd87d86ea8f4e84a1e09e8c7aaeb41540432b7645e,train
f4ab824368467db4c70de6acb95e3267524c9e4b3d7dee08be809b895c63e0d1,train
f4b1ef4c400c0eedb18a442f225599b1c52aadc0122d637cb1dbd82c46d368dc,test
f4b9108b30f5e8b95da3fa4ba0c319ccff9c169df64ccbd8bc9e3d1b508d7ade,train
f4bbe89e47abb92c5edb9d062ef0fbdac8b0462fb196c8c742ccf88082d64e33,val
f4cc2d1daad9d8089e63c80fb1ed896728261f139110010ffb67d04b462eeb35,train
f4ce7b85d730cef045b13f7b64ac6d9f6f06f5a854dbe057b878d88df6556797,train
f4d890f3f6f2f498337ab25cc313cecf770b55e8fba8978ac8b1fb52d5590ca6,test
f4e8af0970b50946c13e6ab1678a352be99710b0ca388042c9728e79d069e300,train
f4f78fbf2668f6d65e09ad7bbef8837bc544ef0db37259db6522c7ccc9cb9555,test
f5084987210377676403c13ed6a6cbd345ac595c4e128a3911f1b44a3bb3d8c8,train
f50acbb9f7fb4a961dc5b16bd94dc6cfa9457492112f60603b96a6aafdf064e2,val
f512ce4f817109f66d4d82a27eedfad9d8900532d80bd8e2d4566c4dafda3909,train
f51641bcda0929dec6f60d50fdb324449a74f0423d9420b99017cf46e0204446,train
f51e1aeb392fe1ddfd4542a98f3f8412577967bc65304d1e483c7ebe8f06a5a7,test
f51f8e33b246d8c9e47f5c4c7fe80ae9e2010a12484d363be4bedd05225a0d67,train
f51fd092f663034acae8361e7368d1dd34b3ead7868f49ed3fbbcbf9d0baf208,train
f52379f2ba14b6e5ccca9e0482e71f46361829b024c33b22a6933968970b3b10,train
f538774e5c2c3e58ff6a26162c01d639a0aa7f8f4b066c03ef318c6bcc284f78,train
f54243b106b2673586b12f16081c7771da6e4db58f0eafb893aa5664549f1c21,train
f5475bb7e5eb30db0fb85a99842da64072564b132017f32e94c40a29ee68ff00,test
f54c52f9de62852c87aacd81a6fa1c9afc0a97b6d1bb307aaa8a791186811cff,val
f558332ab6df2b44834b6c5648de9e72f48d58435a07d49a7264c25435cfe277,train
f55926390f7098f7054e86d165dfbed1ae0dcea44f1bd1e7aad056c4526ab4d1,train
f55d9d99bb61caad0042944a5028e69f410091d75b4251c683420a158dd44715,train
f5757cef363a01289a7553891228a431cd9e764829f0cd1a7b9d75d1bd0d8ba2,train
f5849d02aeadabaef429ef4ca574ba54fe5dd90c5ce57d1b55bb499f8445931a,test
f598a6301852ba77328d4a48a960f716071043787a160507802d0bc3e1fb7e48,train
f59f182c549f664d7d5a81f18b02f879bbd17d75bb922b5e060f6ebae2f7edbc,train
f5a1e87afa8ed9a91977e656d67a93e38d1c0179849c14c6e14c297941ff5588,train
f5aaace825e2160ffcdc1c87a64aaee5469f258ba604c783c96f1b849206402f,val
f5b0e5a343b16e95b150803553c21a72cba545caa5ab0b3302c43613a176a32f,test
f5b218a2c10cd3ae0db5c2e1fd07f4b14e87dc1d55be02ab048788feef39c772,train
f5c1053c34c250a5561b2d73f8506f07fb32d024536c6257be8bc96e4b9d9eaa,train
f5c6b2ad9cdfbd1ceed815800b2da629e262f55cf24ff2b7b6c69e29ead14788,train
f5caf0be68aed22446591c6298fbdd17c7dd98d478e3f1e49d4262884f690174,test
f5d5777f2b0fcf734c1221154829b880f3249df3a46c04bf14f1bab52d040f37,train
f5d8ef3d80a20c26b02a1820b1d17a62a929274c27db786437bd0a0dd87214b9,test
f5ef3cc3f982a56a0bf09f583cdf30068761c6aa9ca4b19f572ac6254a619177,train
f5fab4b41fedda2992dbdbbc84cf50de6bd2177d6d49a26f8529e37252e0b4ba,train
f5fd2f083ab4cadfb5a2b87341e367db60da78bb157801f478a81c16662cdf3a,test
f60a8bc29a9403ea8fff38d253d41363e9bbe16fab4dcbcbbdd105053c9f5723,train
f6132428ac71ed8957daf16a2a7508ae31b881e2d2997946da384d1e5a335589,train
f6171c6d445fd65713d8f6c723302b58d05e4e987affb2847094989e86c78e59,train
f61e40ecc181bd158ec4826d2acb605be20f7dc73efed1746b65913ec604b0c4,val
f620d029c8fc196629ae9a62d20d83e7a058d0a9a4718c37de64316ccec2abd3,train
f62c7c03644fe6e9f29008d139bf0043fabd1ebefbfd8bb9d8306e11338a33a9,train
f63065348e77c00c5dd2fc6bb2d33992849bff1dabc748b37a843d6e55ccffe4,val
f636150b1aff0704db290dfff880291f537529ca8d040b0c874d303fb1425604,val
f63b4363606863f2a25a044fdcddd23f35e2bc1bfcd18c18bb0e1a0f65cd14fb,val
f647cf99dd21eb5ea5669f21123a52969390abc1d364e71880ac303395c641d8,test
f652dbe489ee38ca4932e73415be7f5c14bdd65f4eb72d5567d9744cd8356fc9,test
f65fab12dd1bd310daa9c50712bc45e0382f5465b0741aaf5a06ab9b32f2bf6b,val
f66b5dd7a2ea8c730b674cc2f5912e5e0727038cd03b0f2ee1d8c11a998182b8,train
f66dd8430cb4f6c394e87cc654f650f386a8b713f83ab201330285559b300776,train
f6732b73a3e3f679281fe210107a4e01a6e55b0a24a4fe97989547ba833d686c,train
f673b84bd97d6b86720af1f60824425b0b9443d8a1c63605afa1023b61294913,test
f67536c9d0f86e8dfd193383c911300b39c24155f817adb91fccb60912fb2a02,train
f676f607ccfda804207de61df4dcd778c9218cf83f69167023d9c60481b688f1,train
f67d7cd18c3ecea12e982f45f14c881f3b5fad1180c64b6cc8980b35603267ae,train
f686120631eb9a1755a7394bf11bb49076613776b326c7f9d20812636368fe38,train
f688cc468c67fd79557006fce6cdf0ed999472f7ddf9e005208cd99a9111e1f8,train
f68b7a94a15cf5a38ea0ddcc318898a30131e56e800d605c9e6592760120f687,train
f690d010e27d13ad29d48510292159e2c653d9ad1b690149c42c3dd3ac3a35cf,test
f698e5e413a07efbf92eb757645f82ea4e37b0843af887178d364b56b0cd6f36,train
f6b1891f25c60bc2daaa61c2391d6e5cc113d1ed5f9080925dd00a9c8b4f0f41,train
f6b9930929b7ce7c7258db850b73ac5f514a36bd997053968cfe6cadf2b5b155,train
f6bee70227debe706cfe3a78b8003f84569bca432d8aee3fb1a67b71209c71cf,train
f6bf5d90efcfbb5b7ea58e2bd7e2d4fa22666217bd91210ac9e8f5504ea82cbc,train
f6c2ad7c04eeb1ffe5e6ad13a01ed5ec2ac3aed7c4488f5f3d790a8710e5c57e,train
f6c4e27e08f3d75abcee04f595b8398b1bf358433c015eb4d81c12d53b0e3e6e,train
f6d351ebd2be735ef0c3e3311ba68a3c1f8c897f9fd0fa628e8c1edea3d94098,train
f6da3bea0afdae7dc1058516a58864822e663195051121a471ade10f4c90af62,train
f6f4be9af40bb9f0e40801f9ad7d7f295654187af6250e197e61c53d712f9ff1,train
f6f8b782f3d3bdb5f40a82c85c10eb943c49a8fa989c2d07d09b41d02b6dd3eb,train
f70c3ca55d556661747dabce1494a4fefe1b991f5e71ca41d05fab938f0f6cd7,val
f70c4fc1b9e6d121b6e07c4b44a1e3576c59779cfa1818e3b93a16c0f6523740,test
f713584c1873e55fdfc0b9b306baeeb878f35024bd25f4f0c108cd77684dcb3a,train
f71b0b7405edbeda849d2f805fb29def7413aad12dad10723820b2aa6a3ae9e9,train
f71b59c669c59bd76c95ea7150da18b3541d71ec9489db7f628879733417ddd6,train
f720b2fa32cca0e3bee844629ba33b61e11d8813558a1956fa0ad482c6695190,train
f73ca0fbc3cf24d23879e8d8ba404b5d35205dc715407483615556fead26eee6,train
f73e1fe997057f4afb3decf1b49ef3651898aad909e4631244004ae5618a2adb,train
f7459af4bea5b03db4c1d1237ee1f02850e7e5bfd9c0a0cd489809f383f860de,train
f754a67d0161ecba7237ea4dba25138092218cd7cf0b056f8002db7edad02b78,train
f75616ef840708f70b7ec25b46dd499894e5f545387580b8f3191f259a178a6a,train
f756e71e7152bbb9dee046521eb71496ee5d635fb974d191784ccc1643757ed9,test
f770f8a339e4f1599fb3dbf2ad61760a0153d9edd52a23ffce3e42e4e11efb4a,train
f77436222cb38a93a7110badf14d9a40476278508f70388417363439632ae2e8,train
f77734e6c2daccbb9171aa451b8a6a8cff604c1a9f85a4a6f97f91bd43199f71,test
f777ff754b9bc94cf632bd9eb2cca8dbd73da029fc356eb145cb75848f5c4b6b,train
f77a5f7b6974594b3942ecc37fe98082894a9fb7ec949b305793a7f1c6a736e6,test
f78760d5d8e657ce8b4e69db0e826085eeeecd4d211f9827872778769a8e8584,train
f7a034c7a5ef98fe9dc61c31ec4bc8033465d3c8724717ba61436cfea535123e,train
f7a133318bc714bdfa1a2bdd72dccf3693c2a7501c572862e82884fc515b9644,train
f7a9220502071ff4e18ac43f901c4b8b31a3d0902dd20c7231b5d3345cead3ec,test
f7a948d232620ddd97fdfb8a9182bfcace396b9a758ddfe3c63d3847707e49ae,val
f7b5ffe961f0b8cb9cbae56c31af96dd24ff9f9f4cfc5afda61ea67913090f31,train
f7d40a19b6b7bfad8a038122dd6124badeb77aef8114db86e0028f821298d571,test
f7d6abf641c63d2e4905b55ffb7da91bb692547b1fabea5cfd1b240ff1b43198,train
f7d91ab2b9acc382caff38c3d0d01166a7c497aae6ce888fd8325bfe3497b840,train
f7d92b3128aa8361a17b397a54cea8e64214b1205f2f69c924da29720a200bcd,train
f7f260ca712861eed82616494c88489ec12e1afb59310dcfe406cf2552eeaaef,val
f7f700d3dc5ed73d1cd3cd02d51b1bf785fd6c18cef0e120b7dedc842d77f029,train
f7f787c738251addf4fc768da77a9ee68b138ece07a7afa72990974cdf0c5896,test
f8009a1eb501aa59cd01f153cc49d9450d81cea711ccfd88f20a7b59715d2b0a,train
f80f6ed1789aa64349f2192a7c77b9e3301ebe31f80096a84a132fb2fe4fc7a7,train
f81e407b1f14f68dd470122d500d4e103a390d9c5111da032d4d94fd07d017fe,val
f820bc687ae8ef5fbae235abd473c20a88e001881b9a3b79d6c444d50cee7f9d,train
f82b78c8a0d41d748ba5f86f8e46f1c5c756ccb8cfea919a46e137ab9d1bf4c3,val
f83648557a2a201e5194d0bb0a54bf5ebb6fc2067093ff130ac20759c19394ed,train
f83a1d89b16ea37ae52e9faf09a2bf37269050b532fca855ab53265f574a1835,test
f846a4d9edc23bf4bec304621744dab494240ac873673f09fcacf7e7544c74aa,test
f850b4b749ffe1ec0dd30a871f43610fe4bfe66f858ed4db1ccab5c8f8192e44,val
f853b5cd8de0036b0f56dc2a264d13fb644bafb685eaa5da6b837e9f21c474a0,train
f854cadbefdf3518395eaebc36597120470e052b513f4bedc8624cef6914f8f9,train
f85d1eab4facf636de5051a991f3729b6b9c0911cb2706bbc8dccc082c8d0e0b,train
f85e9d83230abb486d6eb374e99103eea5f0ab0797edd2bb00402b2ec7380bf2,val
f85fb022ad5bf2378b794dacc6fc349731c7e74758aa49e88a35c625d5265728,test
f87cbb24320e07173f5615338394096e25485bc4b00e01dc0b2f3c83359dc6a9,train
f89f759c21583f2eb7bb095db5998ba7eec27a45efc5c4e352c4791d23380e81,train
f8b07373945196874ed7461ebbd3daaa36f03183a3bc2148e95d12cd30388ba4,train
f8c58f02a07ba685a2465be6d16eec3328e603b87fe24141ebb1168cebf35500,test
f8d90613d15da0ba3a514b3d6154b3825e9026bebcb4280210ce7a6db5c568f4,train
f8eaa4791d33ac9295a4277480a7e512a91985d6914475380564efe3595f85d4,train
f8ed58f7c59f16914edb70a7819a79ef424080497636a814666bef7352a3dec7,val
f8f0da21693a39ed2851774ecf1d4e890c4ce8804683a325e415a72d6f961fe9,train
f8fbe91e91483c2d321fd0c1347e93d6ca3ac7a9f899e39a730652a3e5aadcb6,train
f8fc1c7d4497b2f6889ae11ac4fd0d87e55152433ce24292ba12cff17552fdce,val
f8fc4de982a9d6984c93c5dd1af1e383c1c9199fce6def5435c7b7b847adf696,train
f8fe128c62b10104598a0e2e001c7a31cd1d64989d429d1c909ba97b11633ad1,train
f90303a7b82703da5d0b65802aff1c0f6a0a41331cf5989d5f5a4c530d7c40be,train
f910a25bc963658c8573513243f91f7081a6b6104af2be2c90d40a0a5784d239,test
f9169c93c2fc71972d2ab48d77a3ae9a9df6bd4c4b5db0b31672b0160bbb6df4,train
f9229a239e727367b6c9c22d1d62bb849d5e985b9a7486ba7dabb1eba080d32e,train
f930d60001d1db5ca71d321eda6315e7e40a73b9af8bb9c46b2a9dc49232f372,train
f94813ca2658c1015a1a12161c9540f642e87ffb9cad2dd161288b929e0bd560,train
f9544e9644650318e9311f4bce901e2845798d75caafbbd4834c9ccc3df1f998,test
f9570a88bfee73aa5a23af30de9399a7ffb31aede1091eccbcbd35f66987a7f3,train
f95d6e25d04fe2438fbcd30afc55adb7cfc67fdacb16fb37b9cba6773230d1d5,test
f96030f316d95fa6280a3ca0518d5c250fd7cfdc66ffb9bdd1c8e5dfa1980757,test
f9603cf0ca141cd3b6fd3f8b0f32289e923ec0edf791d6097a68bc9692197801,train
f965823b322bedd5b658fc82c82e4db1e14b75344301d15b5abded7d7d59b32c,train
f9799f6b8f0ef8f41ad6f485bff9c8f5d374150658396f40d752a9850afa5fd9,test
f97ef23b91e304da8ffd9488097f0baa62e744d55fc52b0c1497f669a2068846,train
f9912abd4b6dc2f9d06b66693ce8b482f4e8fbfcede04750e46d54f74c9f635c,train
f99f67bf4a6efa4463bf202b53175d8453d6316d292f73a905742462c9cca98b,train
f9a586ef2cab3cd497a7c6e6ba7aa7e95003e5f186dfddafc4aa641d3715c0bc,train
f9ac30660118634b0c6a4a86a9e67b81a30e5fe4d113c361ffb49c9910df229e,test
f9bf037ed2cb6201ced31e56f4e1ce6f94cb8af55d23b533c067dd01574f4d1d,train
f9ce5c8296efe26788d4f96916b0ffc43add1464ba4ca895ed9b4e9119134a5a,train
f9cfd882e835acee7774da068e0e551c957f1214178071c2ce78b00e81977911,train
f9d3808cde59951ff5cd51eb1dc55787a8ef1b85eff140ccd78aa281eebb5f9b,train
f9e06ed39059ca97fe89e7cb695f6027e905b6f2bae91ee8325aa750086af113,train
f9e07d11b03e4d09206fdc8324dddf0220aad9a8e5cd71b9f9492484d2f536c3,train
f9e30dc070d27bc1864b51b406296625a511f59a14f3e0b9dbef397b3f27df54,train
f9f603344a79cc613d4dc28a3663d868e55d0388bc0ec05c2e6118266ca7fc21,train
fa059b0159d7771b046a9c8b7f50a2cc1be9b4b91eee0c6ada0855d6841b7f83,train
fa1498941bd10887d402ba0a29292c8cee5a513042af0fc6541341857b771519,test
fa33d8d3ba711363d216d993e584a1ab3f1b837fcce0f143307af651ce743753,train
fa348b82e85a927a0c8f6c9f28b194cf10e5b526de1667ebfdc566ce25328684,test
fa3bfa49c3618da0b3dcd8b82d1d28bbbfd4cb194ddc860c2792a16dd1b38ef0,train
fa411b50d28c0e3e6ea42aeb6005dd142596925ba4f0014f2bee4eacf46d7503,train
fa43e88005e8797bd12fd555ba4b0d1f8afe9ca5aa799b660ce902eb7087b5c4,train
fa44fc4154c15ed059c16c3f2a409d8431f5fe52534c428c4aea4ca5801cc949,test
fa496a17221c21e8568af3e7a52f50c6328f729c4871890c06030465a80342dd,train
fa4e8da37f2bd2be192aece228f466abf47423a427a8c167c3eb7c18ac4d405c,train
fa596667d35154bf91a02608bb57c7bad7a937c937dd6e1a182cfb264337731f,train
fa6515d4ae90bcc9c3a53cab22cb91b4e0b7479eb4ccffab9c1001e9e28c3724,val
fa7f6bcdb95fa9396b74efa78cf1b76205a4eca9e242239e18d285d872e1997f,test
fa85cde37da72631acdcd5d74ef70e3543e0e4d566b9e9106cbed178a1dfc75e,test
fa8fb20fc008a3fcc25402c00ad56f801c1c1d1f49cbfa06976e523b70da2532,test
fa9ba7f086a3096f02996817ca5fcf917760113cb02047975cfdff67c2c6d203,train
faabca90f7c6fdb249ab85da351552d9d05b0f06324c4c370c043287ea59554b,train
fab44ca751395a518783456275126852f099d653dfd75720617046cd6d54196e,test
fabbd0c107e09913b993333afc77f147e6921f2f7223d52cdfa3ad30c6419fe5,train
fabe71fa7c7e981ede2c6396c8b43837dceb3084b4005630805b672cfb6d91dd,val
fac354d441aec08fd2c489a7ac18344c7c38c3cdb67bb0b7184325056d185d99,train
fac560411f3062853ce64412a52ee448f5d27747e799768048d64f56b99fefda,train
fadf7487bd0cf515ac4b1c85a8f82095697c37f651bb0b1bc463efd1f424516d,train
faeb2e0caaebed707151485df40ee8c468d4f4a66b39ba9693ff0566ead23fe0,train
faef856879576aee32cfd99fb94a46a35539b8abbb0dbf312084915128338b9a,train
faefe65cd4caf167825693143c0dc3ff149fdcb3b696cfeca86c941a7c403314,train
faf99affc84f0411d3434d34b4f62b1f2766fdbe49987276c7139bf28d806703,train
faf9dd24f304b2d4d3314ca4b0f9b1e8eb9eee616bb3e66ec6e849db33a7034b,train
fb09f07bd52dc73b8be040d6f8051bb7aff2b836643a3f7e0353b6513054dfe3,test
fb1f1a102beb6ee813a4e6d79c2c7326260949484f7e82ab119d48266e95b4ed,train
fb25d5e6b0e2fd67282ad342f3d79a8ec22de8829fba2df9d92329fdb5f534f6,train
fb266c4f5ab2abaa348887020e0d9d2c50adcb08c8e81615799c5817bc7609e7,test
fb37dc7c7208f1083ca4248c2644eb01dbb483202328f76158555e18605f1c21,train
fb3bed3270cbde9ea891dfbc66c0b91d26aed8b543569d3eabe56b64776ba0e3,train
fb3e859d143c8b1ddefffdee2522076a1c7a6b3dd5bb1f91871174675c983c57,train
fb4233d9665136534a969559b5fd6627d1884de1f7f2cf3456dbd6dfeeeb235f,train
fb45508522c08a8d8b8cc4d32e81867e88b8d5770514164ba155120d6de2e630,train
fb45b1d4aa7d839615d222a7f0a07fd930d408885bc04613ad1abe205c55b4d1,test
fb494d28740242c3f193a3309e3be49019e7fd0a918cc998e5c7cec3ff85067a,train
fb4c4df9ab7b3ade8e899c280ce91cb1dd27880e089698999456585851ed125a,test
fb4c8ca80a526aa2df98bccc296def9d5e5b973683328d813efc7c63a3c96a46,train
fb56f927e3c07a2961d87beb159e3406f386821b3426c1e5d75a06b72ed3727f,train
fb580279da7416c8ee3650fe67c578bf085e6308ca97afb6f3df3516a16b3afb,train
fb5d532dd88f62f7a38e6d200b9a9b7adab1eda962080d9fd6fc4cbfaa7ccd1a,train
fb70998a5270910a1abe6e93b85a25fb72de32a21acbbcbc4ac639fc653fab78,train
fb7cc219723abfd52434f6510378037f2871b25f449668b3fe8590e5b75aa5b2,val
fb839fe49eceeedbd6439ba3e4c9b194088ee0a2a7127c6f9afeeff88346f60a,train
fb8d5beb5f72aa1207bac29059ab685a6b47df2606d643d8a0ca74534739f3d1,train
fb9c36ef53e66a211da22a4c50fad817ee54e7d90de0f8b6af45af32b1f7b0ef,train
fba59973c38c623522271f4423ad1fb3aea52a6efca01d8895a0c83fd948c355,val
fbb3c80c7b634f637f1615cdd7c6b14f64f78d91a95d947bf7fa7d778768f8b5,train
fbba4b4542ad153a13b34ecbec6b6520121ea9a2fa856d45169677fa736b5637,train
fbbf5b64ba3a9c4be2ad3ce67b4dd3157c111c7392c8ab54a4fcc4b1316d4eac,train
fbc0a501e6d0b5ad30617904e5006e906f155b0169cc1df7ba5d96ecd08d9dd6,train
fbc961969ad52893bfd31809f526939071dd4140e207aa86d3cffee3af4c9779,train
fbd49a45324cc0b2d3ffdd487d9c7d50ce9cc9b78ac85b832e51600e930aceab,train
fbdb110fe314b28750e66ccf2364436fc19eb1cc417a95c728c38a3c2c430e1f,train
fbe11fd08ea315939e17022701aa0f9dc2f2415a976fb9007b7cbf3883a97061,train
fbe24cfb2ba23c18a5f95312c2016e3cea3af538b27bcf69eab71efb02dbd936,val
fbe5b0a31685e6f81b865fa8a6b48a07f8bf0861ef13b62ca5c53dfa3320eabf,test
fbea69b4085783a462cd16492ddc7e0d364b9b1b50044a23a8aa4ee25ee3e517,train
fbf0f0249a4c34132002fde1d54989f69c886c428a4929fb9d0529020b3f9033,test
fbf46551d3940ba6c66a2251f5e76cad0d928a7a93bd80e9ccec33e3b2df9e54,train
fbf537aa949c4f362f49e5919a816d9570c6a39449976ad6c3fe5c4639f69b7a,train
fbff0640683344e2c73ade77c326e4eef60fbe5c190a54f735d23e0a6a2a2577,train
fc171e8ffa2d2e4032de0901b97ee07c42ce220f588cab31e399db0d2ca2acbd,test
fc17d0c1daef0d6e18da481ccb30fca1672f06da100dcc0e69e0db5f0a0c5d6c,train
fc2c2af8e536e4122ff2b233ce757c1a595b16fa74240e3e3b1425485ed3c192,test
fc2f7d65a9249447781387a89a16edb33d5ad9a87009364e2a8f5cba62677a1c,train
fc364c9bd21b70dd0629a68c8da3d0d24a20e3259eaab0e9546441347a38beae,train
fc3dcd1bdd5d80447849801e50657ec0429d1568ecf378855be9cd43d828fd27,val
fc41ddaf6232ccd78a81c748b90494e75225753817015bafa5f9ddeaa2554346,train
fc435f33b6ca3348b49789a531bc461d5e338b2283994258e2b2e6b265440baf,train
fc51a10801a2a2aa8422fa128474eb27ad8ead620c74372ae02741c00def5e79,train
fc590fb7daaa750afe3ca6fa52d857b6164689355376c063855b91bf2e47e035,train
fc6c9b272d5c9439060671f0fd339f675dd1517aee86527862d79b419aa30423,train
fc6d52dc0a52fb8db3113367b1088f0d99dd7cb873574faf376c0b5a83bc75aa,train
fc6f41aad78ef9d33f652e353c8804bae2aa69a711ee271ffcb562ed53b5ca9b,train
fc73c6722c9905e6491de2725db43d08cbecf085696b244fa2f6da393e344a38,test
fc7567808f9e5af5daf957da9070f78d61b79d312c057ffaa318e6c3508fc154,val
fc7b757aeff6502e0d83d511d12b6d6b91847f0c4d0f868e1d2456287a686eec,test
fc7b75d12458a9f399b52cf98fb17e95c518f8659a88f85fb4bbffcf0c25fba5,train
fc7d6d20bc4d82fed4f23a3859b69f4a365ee5adfb29661a75fd993e6f4a5731,train
fc952f3ecf7a58089116c9b6470faec4f204c5177e7a766739bf3e09433c7345,train
fc96aecd72b085baa2f8eb56d3887530516b6fabe5b54a46f7dfc9e8ecd2fffc,train
fc97688788bf92034ad79568e895c5eedba261643448c7b2312245626ae161a8,test
fc977cad13d3751a6df4b65ecf7075056c9bca3b53353652564af5743dcbf3cc,train
fcaa49dc41dc156bbea92aa4d47bcfb4c67661b10cadb587206134c93df46690,train
fcb195c94c407e1fa93d0a4ee4cd940f889e6848f316ecd02d4c7d2d9df25e11,train
fcba768d3f10f9cd4b53a176950ab1b93c270230e3b820254efa9b5ba575171e,train
fcc633c3d830a890105040febcf639a985a224ecf33d7931ccab1ba4640f97ed,train
fcc7cb03ca62b9548958a263ed34aee50c558415d5129b6ed39912956ca1a41b,train
fccb9cbbd3e6597ed45d7afb4b0087d1e45fdebde855a6565e36391b5de0cc39,train
fcde431825b1dec854bcc55bc036c441aa487d26f6ed340b3db5988660b27d09,val
fcee25bc86495e89cda52b9c9cd4af62520b4ff6249f310efa9c890004080bdc,train
fcf09639c40b52fea314ca0cb99cd42b54ce8499ed09533a3aaa3338e7d5b10b,train
fcf8da02f878076aea0bb5caaf3ca9f6965f1c40c37d18a267edd4711f981283,train
fcfb1813b5de39b13bc5980cce231735c27339d80f9ca6e5eafee12341556dd5,test
fcfb4c8a4eead5cefba8897384ddc8e90ba7768b69b206ce0a0ae9c7113c8672,test
fcfdca0ed1875ffb7956d3fa479c2827100d8417c05b782dc7cf4736063be470,val
fd0c26f155d924dba4f379a37d196a5b2b0232f60a2b89abc2f05bd5f7bd3ad8,train
fd13b1608221d3d86905b89b1cc788dc965c67ac1ba3243b1bdc4c86d2435122,val
fd29d728cf5c786a8ed645e93f687b404ea863fb483d16668d26231cc54c845c,val
fd3b6baa01f87a25868aa2a145a85b65e9666a557177bbae6caad60a388da1f2,train
fd3d1d977d0d9a3bae6c593919254eca53b66804100c1704ca9e93c048b2a421,train
fd4f26e06cf6fb17e84c6e6f6f25bacfdede36e599cdf261a60d49aa833a6f06,train
fd520e361da8f004032af8f24932a48e40e17b0039472ff9490a136073f9e68f,val
fd54c621b0e640a73addcf2a429e629564bf79229f6975fc862760665443ef2a,train
fd57106b192a998b3421f5634c87e60cc494629556561384d1072b666e4ad79c,train
fd5c09d92a7ce5b73c74b74f4d559df20a807ea4e3cf0b47b438f866aee4fccc,train
fd5f3c794c37d32b62342a87ce8b50a353bff6d719517181b38ddd66e4b3c3dc,test
fd5f4e4de0ce00cb625027f7014433cadcf2e35742fb83e51e609fb93e5c1f6a,train
fd614f7454761eb41edc355016f72475e25c8b460d60f3837bcceb9e776e3d28,train
fd621e28e460b3b7a78f078f97128881423c439238767dc76c87b61e95ae23fd,train
fd62386a57ac2def888f67afbc6c38a9ea3bb24a3742cd1e8c2897a8ebe191f9,train
fd660bc834822a4d570067d175f2d2e0c9e6ce13a0b2b3030c7e45005a3d1288,train
fd728205499581d35449cc9ddaf21a8b7ec8b8ae3b3539899a4c2f63a75f6f49,train
fd757fd7cf2d3747d1cc02d4ba8d1d4666f9cacf358d3ecbf1bdeb104fbf8a57,val
fd7e58353c642b9193ee0505794124d6fe77ccc81fa74f101d6263f196fc7973,train
fd7ee67f9e7129c716a612368ea25e148db56d2cf902dd854e19f63761053c4d,train
fd85f819ccf329ad285f1aac604f76e6ba2f71a09053a62f88234d07cd92850f,train
fd86831ad557a16d0418c723965ebcf64fa38cc978e3300a3f492dff50000d3f,train
fd87a8b29684923612658ecda35ee287183925f0ba1d819839c313b52b842a1a,train
fd91bda45777ab8e3488f32f6cda0f4bdda67ffd59f2bcc452ef712c176559f4,train
fd983a7af2a4029f2533e6a0e8a3def60ff1cc9efcd3f0487e12d942c7059f49,train
fd9f73df364c84e90a48132420a80d435a2c87be1884c105a190e07b2ae4988e,train
fda9608dc6dac3fd39e45ad425b7a9c7e03ed115ee462455ec189c7a0d8151b3,train
fdba8f61787a5dc9a99ae16dff6a4d3a1b655b50a50682b4eb5796f28ef1b778,train
fdbcc8f18c72fcbd61f6e1dbe7bd44dd7bfeeb0e4dc6bb359b5c0b1812d3a8d6,train
fdcf8273958405288bf424562f590d78186e81ef2a47e5e67439324ed110d7a3,train
fde581dbf0fb54f89cea0ecabc4ebf531ece5d2db2c917492f2f337fd6a47c25,train
fde80763755b9ae818a619b1a9626515ff7bfcdb1ded24929ea8b54abe7c492a,val
fdea5a322f715e0a0d30e74f5c99e186f2a18f1a6b8cc8164d60dc00780abe13,train
fdeafeaa576a9c3f0c0a67bcbf099488d8146c8dbba78d2ee0c1370fd69dd242,test
fe02e24888c325acd950f1827deb190b72662de57883ac15ce7ed2652fb29c69,train
fe0d796b3c7d7f89d6bdef27c46d7212125299f128ef31a792dff405fb9bf229,train
fe0f8885c4985e3f0629264741591fb9590d77d77ed6d14687f6b59cb72393f2,train
fe105a0fa8eac14336467633e15e5079f610ca6582056eda1e8e043454d748fe,train
fe26dc51b9a9e56197bc767ceaa7d82c1a8205b7fd9c31b48fd18fa4e0fd02bc,train
fe2dfde6d78b9af3971902c6586705c6ff7766118fb1500e70e49fa9c8c5ef69,train
fe35cd4a95e6e2cb68a646a0a9226d736b91b1bd25c567e5423ab7ba86af8ea1,train
fe429e2d47814e32f8451434c04659ce477c06e152e220ada6a7b501a253d9bf,train
fe43d98bcbac358d81d5b34c0bbc018a18461af7462935e69a84164d2fb4f984,test
fe463047ef9731d5d9d51731fd3660fbc1fe64cd0536ed5b9ea0873923899b35,test
fe4f2f4ca085eaee2e68f01a343f473db97e5dfca4771fcf6a635b30ec527fa1,test
fe5af3ba465f05a3578868aa208858312345dc34c218309775921f61e1e68127,train
fe65d6eb695abed6aa2113148d570a5a561f422dd21d14ea718cd19c00e07c72,test
fe68342f5615012a0b14f99b19aff4833e39c7ac642537343f1c3f4795a62097,train
fe7b1227c88b98d7a7a7c2ad8907ec1bc7c971c88653deb3a55326d0cb26d8b4,train
fe8cb552c354a24f23c19f6dcceb2fe13b9be3cd483aa0c0188c334b18347df8,test
fe8eaf9cdf658a7f083090caccf8e0d5ffcdd881cce22cfee373226337c867ff,train
fe997e75c385f62f9b810bc02e492264223d485047fd22cffc57223f3e3113a3,val
fe9a6438fea4b2763e7bbcc11bfc9864d27f85a78a40d8ed40a3ebb9acbdf8d3,train
fe9dcd16da4729036c579a730f82357bcf9d14b406c1b1b9f708e1cfff664dda,train
fea70606e594df448d01e8338946dab582c1c848acaa09019ae445b868a02ea4,train
feb5b21dad08e1936d9697dc1eb831b336400521b49487807728ca8fe83da202,train
fecb5db6c7d83433b018a1b0cbccd5ef7559ba1adc0d0b75685137520bd4a60c,val
fed0c59dda0a4e847e65a3e168c3e653272747a5500152b6c88aa4bad23c16fb,test
fed646592188c5394b04ef2fc22036c34a17ae9013f64893387a70d46e16c009,train
fedc1c13493013a42199b66ecf613886cc66205127d395ecac0a07befc11ede9,train
fee09782e7873dcec5a2dc0fc4c239a6127105aa9ec86fb492a550a9c4732b51,test
feeccbc93096f890f3853f101f05ef8734705af48a7260da1ab1be8b0ce60699,test
feeeddbe4b138af3875c6b2af56f40b6e9e81436a17e81a8b331d626ace45330,val
fef1deb3b97f5f4212e3eef43a74f4f7c074878ab9a1e21a9b87918432694e34,val
feff013e83bca96b1d2ccac798d7f1267f2f35ef772d2b518c2164b37ae437a2,train
ff0123f0bce1d1640464b50b64142ede2c2d25d12b4be387681e3ef7e7a1bdc7,train
ff013a426aefc2f1f05a5e979a4db376a4784d27ffcafd74a69d44078c618506,train
ff03ff52b715c329f0e43804b840b846c848a95136be297ebfd1971df93d36bf,train
ff040067c26bc90d24149e980abb930748c845ed0103f10be05bdcb58ceeebfc,train
ff0839c3a28d864dd7ce7d9e046fcce5136f394fe931679b5652ba307b7a3bd2,train
ff0905752b0489e1bea3c60f7bf14c93defea4d7622dc375eabc29bb344760c9,train
ff133a5e78f7218e15eefe923b6425e5bb456ca2331e571a379e4a7405068bd3,train
ff1612be634bb7e5a22fd7a4ea05a636b690f472c4ff62409ba4e91ead33f08f,train
ff21261236be9bb145559c8caa4b3c08e0fca983dc4e229e06accc84b80dcca9,test
ff2924772b4d123bd54ab19253c5fee3cebd785c024943080385a93ff7edeebc,train
ff3b5f926e53a4aef72c6e423bd5ea3a9c38a692a3218095c4cc68c4786f6970,test
ff3e58bf9ea6182503eb81bd54a591adf9208b346c10ff00df04d22ab26b6525,train
ff3e600ec56dfceb270990eba6a4e4bded1f736da3b4dcc81ba955f2e8df91ff,test
ff49b28bf02e54e8e65a9b76e387fc20fda5cab2d968fcddd7df72a737a942be,train
ff4ab0f399d940edbd07adcedeb4b48aa5345344b496381c66362d6f5873836a,test
ff5246b43266649f90fbbe680b29750b7ce9a428c30e3766c3d065c9613c7331,train
ff56b38eb1c373b61a773d5c33e43361688ad03cd8b72d41d04ea0e5760261e8,val
ff5d908ead7fcec6ceefcf96e78a99ff579133d0b748afc0cdf1a71834efe669,train
ff68cfcbdd2082d636909761de84fab5fd41dfdd662701a86e4b78d57de5221c,test
ff70b7510061ba3776480909f3185e0e33af9f5cd06a0b96994c3f81a31f0d1c,train
ffa911077ff0065f6c23957f882d47b1cc7f198ca6f580ca27f52b341efa62cf,train
ffa93826d3bcb61ddfed99bc11c2c6554d7438eafb360fa9d8dcaac9e7150984,train
ffc0fa1c76a5408162421f1c984c71eaec7b807f1bccee954def0aaf95b5a86d,test
ffc6cd541c2b028804ede7dca9b6711d4d737c92d3a932e97447c04c10499043,train
ffcc764b472fdb24f7da5e94d339291a220ceda39e48e85f0525139066677337,train
ffcef9913fdf349dbf578c8776500eb5c650ba27ec9f1ff9defbd5ad853cc800,train
ffcf7d53a69b4f3fc15ec38511297d152077596cd13b49c79804b2dc9a48f175,train
ffd3fa554b4b3bbd799c2c1798346993c9ffa1eb7895cd7c8fecacee9babea9b,val
ffd707f67756d037f1345237eac6ced8d415ae5232e8dd4f9ad1b19e292376d7,train
ffe46b57bb8fc3b5025e7c7e6dcdc0504f45f2a553456115558844cced8ba6d6,train
ffee12c4454f56a108c548e0b3723fa0bdaecc0695cfeb9d8b31fe7919c7bc84,test
fffd55af30adb8a1952d476b73ac6bcc238453de0ddfc4b6ed9112bcedc9c6f0,train
