Drug_ID,Drug,Y,split,d3d_asphericity,d3d_eccentricity,d3d_inertial_shape_factor,d3d_npr1,d3d_npr2,d3d_pmi1,d3d_pmi2,d3d_pmi3,d3d_radius_of_gyration,d3d_spherocity_index
nefiracetam,Cc1cccc(C)c1NC(=O)CN1CCCC1=O,1,train,0.376057089364088,0.9588909524507844,0.0012886098174326,0.283774807387879,0.8333110691978133,646.6744688148157,1898.9740420982112,2278.829733926681,3.12945820834265,0.2058082529417774
velnacrine,Nc1c2c(nc3ccccc13)CCCC2O,1,train,0.4043670093650718,0.9627670296786314,0.0016275100233556,0.2703324741198979,0.7492602518258517,460.37212740540366,1275.9789116581996,1702.9849221933257,2.8329808872407383,0.0830301356448555
tacrine,Nc1c2c(nc3ccccc13)CCCC2,1,train,0.4416578297525902,0.9693795957399348,0.002073749704579,0.2455670974765972,0.769930464864046,371.2745386600626,1164.0630242411385,1511.906694647663,2.7721149036366426,0.0814461981006696
ifoxetine,Cc1cccc(O[C@H]2CCNC[C@H]2O)c1C,1,train,0.5104100984382574,0.9789403819271744,0.0022354682995731,0.2041463412169754,0.915868764003052,409.69883767884926,1838.0460107271967,2006.887976715703,3.10045432917018,0.1858747093634419
amphenidone,Nc1cccc(-n2ccccc2=O)c1,1,train,0.4730265516820346,0.9743345083330758,0.0024969628377393,0.2251050107646282,0.8050895524174186,322.4275268535113,1153.1641716895008,1432.3427353229572,2.794287851826412,0.0550894489054122
ralitoline,Cc1cccc(Cl)c1NC(=O)/C=C1\SCC(=O)N1C,1,train,0.4731227058256697,0.974640793943113,0.0010774714210195,0.2237751612264829,0.8456136122816076,784.8130314969175,2965.693685091834,3507.14988739348,3.496766448585359,0.130922939580369
alfadolone,CC12CC(=O)[C@H]3C(CC[C@H]4C[C@H](O)CCC43C)[C@@H]1CCC2C(=O)CO,1,train,0.5486008845507261,0.9829907557964492,0.0010024781096036,0.1836550408203537,0.912114284736451,909.8595530401346,4518.775481058592,4954.176857743501,3.859683529964049,0.256913527339643
alfaxalone/renanolone,CC(=O)[C@H]1CC[C@H]2[C@@H]3CC[C@H]4C[C@H](O)CC[C@]4(C)[C@H]3C(=O)C[C@]12C,1,train,0.5686830368394558,0.984907041648409,0.0011304692844398,0.1730841393986732,0.8973223796132022,793.7609557059897,4115.105359119971,4585.983201370525,3.77871092973821,0.2184889030226212
glyburide,COc1ccc(Cl)cc1C(=O)NCCc1ccc(S(=O)(=O)NC(=O)NC2CCCCC2)cc1,1,train,0.5784512316277524,0.985766575100067,0.0002908099034694,0.1681197769909416,0.8752118272262019,3009.5667884230334,15667.451475366504,17901.325128364824,6.084541109704925,0.0889801709342434
loratadine,CCOC(=O)N1CCC(=C2c3ccc(Cl)cc3CCc3cccnc32)CC1,0,train,0.3428105202951602,0.9509494201356804,0.00035870173201,0.3093464083250578,0.774108008251546,2158.082716561564,5400.383092872768,6976.265631291489,4.356632519727662,0.2128927029829351
loratadine,CCOC(=O)N1CCC(=C2c3ccc(Cl)cc3CCc3cccnc32)CC1,1,train,0.3428105202951602,0.9509494201356804,0.00035870173201,0.3093464083250578,0.774108008251546,2158.082716561564,5400.383092872768,6976.265631291489,4.356632519727662,0.2128927029829351
mikamycin,CCC1NC(=O)C(NC(=O)c2ncccc2O)C(C)OC(=O)C(c2ccccc2)NC(=O)C2CC(=O)CCN2C(=O)C(Cc2ccc(N(C)C)cc2)N(C)C(=O)C2CCCN2C1=O,0,train,0.3678746855228463,0.9569935114046078,0.0001000311479629,0.2901093227207269,0.8793875030173233,8791.136770151443,26647.939957549403,30302.84131411458,6.15748554823054,0.2928180562148162
pristinamycin-ic,CC1NC(=O)C(NC(=O)c2ncccc2O)C(C)OC(=O)C(c2ccccc2)NC(=O)C2CC(=O)CCN2C(=O)C(Cc2ccc(N(C)C)cc2)N(C)C(=O)C2CCCN2C1=O,0,train,0.3652180350727645,0.9566818117581456,0.0001082469765377,0.2911355544263734,0.8436061605646692,7793.346175083946,22582.31516129225,26768.788822235176,5.78776998023225,0.2207962994343682
cefoperazone,CCN1CCN(C(=O)N[C@@H](C(=O)N[C@@H]2C(=O)N3C(C(=O)O)=C(CSc4nnnn4C)CS[C@H]23)c2ccc(O)cc2)C(=O)C1=O,1,train,0.587514494340074,0.986023767812899,0.0002691352949791,0.1666047097415143,0.9704568823218116,3605.832829904519,21003.63964327247,21643.04259764885,5.984722415481616,0.1881984471899742
dapsone,Nc1ccc(S(=O)(=O)c2ccc(N)cc2)cc1,0,train,0.3618082760445661,0.955706682298582,0.0012972317790221,0.294320806960427,0.8789634902368195,677.56857675764,2023.4996202010464,2302.142970302275,3.1740585769264715,0.3444976230730966
razobazam,Cc1[nH]nc2c1N(c1ccccc1)C(=O)CC(=O)N2C,1,train,0.2690998131434993,0.9295069350626214,0.000865452388948,0.3688046334721022,0.7574097746275281,875.1605337274826,1797.3069816748402,2372.9651265178127,3.05504500625327,0.2970100746235969
sulopenem,C[C@@H](O)[C@H]1C(=O)N2C(C(=O)O)=C(SC3CCS(=O)C3)S[C@H]12,0,train,0.4144886763034061,0.9656193673349796,0.0008218784062892,0.2599600689098112,0.8976364068643122,1092.1766528908809,3771.261988325549,4201.324678328936,3.601368879538219,0.1436352989488433
heptabarb,CCC1(C2=CCCCCC2)C(=O)NC(=O)NC1=O,1,train,0.1527985260215328,0.8688901870598257,0.0010994968935538,0.4950048917244569,0.930378767225826,846.185898914776,1590.435582835493,1709.4495692091118,2.877893263571816,0.4732711259578992
teniloxazine,O=C(O)/C=C\C(=O)O.c1csc(Cc2ccccc2OCC2CNCCO2)c1,1,train,0.3045914409075588,0.9393694602842468,0.0005239844125134,0.3429067177605058,0.7302694025050467,1393.6853560243812,2968.054341049072,4064.327946464333,3.223421053820325,0.1703127610485413
dibenzepin,CN(C)CCN1C(=O)c2ccccc2N(C)c2ccccc21,1,train,0.2284457545209307,0.9148559168771424,0.0006325010912121,0.403780449446086,0.783919461328799,1239.3962195803156,2406.22550734983,3069.480509223623,3.3714472015918804,0.3533711157851039
levophenacylmorphan,O=C(CN1CCC23CCCCC2C1Cc1ccc(O)cc13)c1ccccc1,1,train,0.3886400101579986,0.9613417060505058,0.000520758556894,0.2753581743981875,0.8396033398509611,1612.2698873323206,4916.02323084787,5855.173505765852,4.138671732527583,0.2611191770975254
guanethidinesulfate,NC(N)=NCCN1CCCCCCC1,0,train,0.6830157541421504,0.9927465179106906,0.0033883183478252,0.1202262499465035,0.9391924488413064,277.1854213297593,2165.3378921628505,2305.5316243590496,3.459920999698076,0.1894208440370235
sulazepam,CN1C(=S)CN=C(c2ccccc2)c2cc(Cl)ccc21,1,train,0.1718910311938402,0.8579453509194098,0.0003696174830005,0.513740960831206,0.6209224830580742,1679.9056094895368,2030.3834848203728,3269.946797256612,3.406206941140641,0.3607858608749914
quazepam,Fc1ccccc1C1=NCC(=S)N(CC(F)(F)F)c2ccc(Cl)cc21,1,train,0.0755157152569324,0.7881200501850159,0.0003483685833175,0.6155215564839042,0.8078162544354678,2318.8550665001007,3043.287102890933,3767.3011482267048,3.4352896137120563,0.5413010084780948
pyrovalerone,CCCC(C(=O)c1ccc(C)cc1)N1CCCC1,1,train,0.2574774845537295,0.926059116238567,0.0008161039905001,0.3773784747855186,0.7748719249392393,949.4769465155664,1949.5627821647568,2515.980666505151,3.3218334881576026,0.2348672784113473
Stavudine,Cc1cn([C@H]2C=C[C@@H](CO)O2)c(=O)[nH]c1=O,1,train,0.5500013012074224,0.9831683035469596,0.0024993803620041,0.1827021808862542,0.9038070823466414,361.6124604667618,1788.856056612312,1979.245451327658,3.0346715154247184,0.1956111805167581
meclonazepam,C[C@@H]1N=C(c2ccccc2Cl)c2cc([N+](=O)[O-])ccc2NC1=O,1,train,0.0971786940306718,0.7738082810511858,0.0003278290578288,0.6334198798400702,0.6543289284644658,1995.945486949908,2061.831201254952,3151.062273975134,3.306205710989043,0.3632589733663015
cinolazepam,N#CCCN1C(=O)C(O)N=C(c2ccccc2F)c2cc(Cl)ccc21,1,train,0.1939729510508052,0.8970199692449057,0.0004168009443846,0.4419900166020365,0.7594171710264399,1822.0140363349303,3130.5429830325324,4122.296811910695,3.561243315600043,0.3435614556854304
pivoxazepam,CC(C)(C)C(=O)OC1N=C(c2ccccc2)c2cc(Cl)ccc2NC1=O,1,train,0.2925524469143268,0.9382503235150994,0.000418561442459,0.3459571222331045,0.8026633740746993,1917.671559422958,4449.2355420172125,5543.090273860119,4.00728186579111,0.1919145127207228
diazepam,CN1C(=O)CN=C(c2ccccc2)c2cc(Cl)ccc21,1,train,0.1606044400359139,0.8402236996410982,0.0003873789049464,0.5422399234300492,0.6042713661115152,1559.8974502624803,1738.3474040446176,2876.766137755093,3.2928735502706283,0.3435759205858804
nitrazepam,O=C1CN=C(c2ccccc2)c2cc([N+](=O)[O-])ccc2N1,1,train,0.1800363766433023,0.850207127370909,0.0003752381958481,0.5264483265883815,0.5837075660997632,1555.5654316598325,1724.756763702338,2954.830233273959,3.3292473371211635,0.2649198584276676
nordazepam,O=C1CN=C(c2ccccc2)c2cc(Cl)ccc2N1,1,train,0.1785265848393933,0.8450548466663791,0.0003992634182468,0.5346796294283732,0.5762989351603909,1443.405302922357,1555.7595488878628,2699.570403431123,3.2442541911992824,0.2529981126324718
Flunitrazepam,CN1C(=O)CN=C(c2ccccc2F)c2cc([N+](=O)[O-])ccc21,1,train,0.1409361856130714,0.80929842873094,0.0003179640216212,0.5873976959893796,0.5938175652790011,1867.56212936062,1887.9733513361296,3179.382796548092,3.3268544114467065,0.3401390098886393
proflazepam,O=C1CN=C(c2ccccc2F)c2cc(Cl)ccc2N1CC(O)CO,1,train,0.2558418884043525,0.9247993815262704,0.0004072958640456,0.3804551273522644,0.7578506640030764,1860.688337159536,3706.413162657937,4890.690658077843,3.7964575535587577,0.2864933806058783
temazepam,CN1C(=O)C(O)N=C(c2ccccc2)c2cc(Cl)ccc21,1,train,0.1305843552530714,0.8206153214619877,0.0003805652322699,0.571480965721378,0.6384023993729161,1677.511094655344,1873.950616099404,2935.375271051817,3.2839934805477182,0.4084242381592601
flutemazepam,CN1C(=O)C(O)N=C(c2ccccc2F)c2cc(Cl)ccc21,1,train,0.1182200576605509,0.8059384783550557,0.0003408006421241,0.5919992982316257,0.6444275992387286,1890.9224912902143,2058.3852802675005,3194.129616265815,3.347524356637207,0.3994409804101042
motrazepam,COCN1C(=O)CN=C(c2ccccc2)c2cc([N+](=O)[O-])ccc21,1,train,0.1090624175243854,0.8111187204071542,0.0003313259454802,0.584881544763605,0.6858992325578386,2070.164567292244,2427.712586739387,3539.459546683003,3.514657675480153,0.4893954728225089
fosazepam,CP(C)(=O)CN1C(=O)CN=C(c2ccccc2)c2cc(Cl)ccc21,1,train,0.0775593595518062,0.7877588693937526,0.0003588027248507,0.6159837365478709,0.7804913217057553,2175.2658707660817,2756.202856994907,3531.368998403794,3.4246893236847438,0.5467498088792051
delorazepam,O=C1CN=C(c2ccccc2Cl)c2cc(Cl)ccc2N1,1,train,0.115375342772036,0.8175832104409482,0.00040868463913,0.5758104670853701,0.679477658205633,1662.596518557706,1961.92541391044,2887.40238949357,3.2664275141040435,0.3603900779919818
oxazepam,O=C1Nc2ccc(Cl)cc2C(c2ccccc2)=NC1O,1,train,0.1493907019368573,0.8233590974529628,0.0003773458248087,0.5675207455604089,0.5973340981818621,1582.9884920141246,1666.1470275871577,2789.30506840058,3.24503900775026,0.3028579393772032
flurazepam,CCN(CC)CCN1C(=O)CN=C(c2ccccc2F)c2cc(Cl)ccc21,1,train,0.3223984909604313,0.9467268410837164,0.0004250392683447,0.3220377126543522,0.839620584242322,1975.3953264414451,5150.274371363766,6134.049674367381,4.134282185995418,0.2511614387855843
nimetazepam,CN1C(=O)CN=C(c2ccccc2)c2cc([N+](=O)[O-])ccc21,1,train,0.1610806488846783,0.8252675396800063,0.0003244550486313,0.564741965813157,0.5762171302735576,1775.9536573840162,1812.039802076996,3144.716994471745,3.376367554356821,0.3375907815133843
doxefazepam,O=C1C(O)N=C(c2ccccc2F)c2cc(Cl)ccc2N1CCO,1,train,0.1642644552897419,0.8738016720708366,0.0003684338399502,0.4862824671795294,0.7138639038017985,1937.563346239202,2844.347940882986,3984.44006726625,3.545116255370572,0.3339930121673806
ethyl-chloride,CCOC(=O)C1N=C(c2ccccc2F)c2cc(Cl)ccc2NC1=O,1,train,0.1144915422930746,0.8367852682575776,0.0003790067255691,0.5475311998663582,0.7687839910009281,2028.4178066931377,2848.084524183321,3704.661592231156,3.448590990668853,0.3924525849758538
elfazepam,CCS(=O)(=O)CCN1C(=O)CN=C(c2ccccc2F)c2cc(Cl)ccc21,1,train,0.1321084495175271,0.8539201018358875,0.0003561204250609,0.5204041311140674,0.9109863485811832,2558.0850871590133,4478.020933312251,4915.574135975309,3.8229664542686463,0.5351980319225919
camazepam,CN(C)C(=O)OC1N=C(c2ccccc2)c2cc(Cl)ccc2N(C)C1=O,1,train,0.1306295272339776,0.8551259276809327,0.0003787724653697,0.5184203389218293,0.8009757239851134,2114.661959926651,3267.2192180165007,4079.048990100509,3.5668365750267084,0.5301916255534023
fludiazepam,CN1C(=O)CN=C(c2ccccc2F)c2cc(Cl)ccc21,1,train,0.1377265013328889,0.8350856588060631,0.0003954418633535,0.5501199346110297,0.6519181107245973,1648.5814253350543,1953.6468696412596,2996.767289483352,3.3013524127230287,0.3960187174075919
lorazepam,O=C1Nc2ccc(Cl)cc2C(c2ccccc2Cl)=NC1O,1,train,0.0891092299482546,0.77842051887783,0.0003857980127125,0.6277431766176115,0.6888734070497011,1785.580496400537,1959.462031502431,2844.444293320005,3.202934415868197,0.3577127530166016
pinazepam,C#CCN1C(=O)CN=C(c2ccccc2)c2cc(Cl)ccc21,1,train,0.2059389077545738,0.8953144641849333,0.0004296924675191,0.4454346306937142,0.6796749787894568,1581.770755055623,2413.575259556901,3551.072696328513,3.495741488749824,0.2871840961454784
clonazepam,O=C1CN=C(c2ccccc2Cl)c2cc([N+](=O)[O-])ccc2N1,1,train,0.1137315558873219,0.7976773164006299,0.0003550570858227,0.6030844873646556,0.6426655660829291,1810.0344754245912,1928.8289703180576,3001.295031371205,3.2671702077029274,0.3014717561234339
lormetazepam,CN1C(=O)C(O)N=C(c2ccccc2Cl)c2cc(Cl)ccc21,1,train,0.0990124222949629,0.7965753392816496,0.0003436426886922,0.6045392698976015,0.6887431545317226,2004.2421305478852,2283.405092398296,3315.3216512921804,3.3676820468334965,0.4297431842079201
halazepam,O=C1CN=C(c2ccccc2)c2cc(Cl)ccc2N1CC(F)(F)F,1,train,0.0946458212143405,0.8120544696160467,0.0003704843065291,0.5835816467098679,0.7665825072215738,2069.136246021622,2717.980697646689,3545.5814241024427,3.436755455259196,0.5144705308120244
avizafone,CN(C(=O)CNC(=O)[C@@H](N)CCCCN)c1ccc(Cl)cc1C(=O)c1ccccc1,1,train,0.5982232972201958,0.9873535234862448,0.0004509520129404,0.1585339700483704,0.8906385162865502,1975.018384947689,11095.586917250415,12458.013789379584,5.442422779975561,0.1125729476907619
alozafone,CC(CC#N)N(C)CC(=O)N(C)c1ccc(Cl)cc1C(=O)c1ccccc1F,1,train,0.2582635478005685,0.9268712246427486,0.0003714957299402,0.3753794519273147,0.8653580584127418,2329.3889772349667,5369.914395363353,6205.42484484742,4.159335964820262,0.3055251734740993
dulozafone,CN(C(=O)CN(CCO)CCO)c1ccc(Cl)cc1C(=O)c1ccccc1Cl,1,train,0.3103047537942894,0.9434198768363732,0.0003412466190596,0.3316005669326315,0.8560981540213066,2508.7373946161715,6476.844935224318,7565.540125044028,4.411079752722091,0.2865345664452216
lorzafone,CN(C(=O)CNC(=O)CN)c1ccc(Cl)cc1C(=O)c1ccccc1Cl.O,1,train,0.2310220942255186,0.9144671508821564,0.000319390110826,0.4046601413006618,0.7497469237032836,2347.433117963701,4349.28123421187,5800.999106110533,3.893210060525085,0.3323311580677793
Ketoprofen,CC(C(=O)O)c1cccc(C(=O)c2ccccc2)c1,1,train,0.4925492745129453,0.9757533480444194,0.0015454710639825,0.2188730311849913,0.9821705818211046,635.5153484984136,2851.8108248035755,2903.5799662374866,3.5449152000528525,0.2865899839504371
tolcapone,Cc1ccc(C(=O)c2cc(O)c(O)c([N+](=O)[O-])c2)cc1,0,train,0.5340893564214828,0.9816681104937384,0.0013054914184098,0.1905983232865741,0.8830282097295105,676.395261797336,3133.6901961954336,3548.799643847558,3.6695743889549983,0.1539006587342135
dinazafone,C=C(C)CNCC(=O)N(C)c1ccc(Cl)cc1C(=O)c1ccccc1,1,train,0.3454007456251605,0.9517886756333304,0.000412438499636,0.3067544896756219,0.7844595230730192,1902.00362906304,4863.9707321503565,6200.410077369419,4.262356520239066,0.1835687349318333
dabelotine,CN1CCCc2cccc(OCC3CNCCO3)c21,1,train,0.4934320032110263,0.9771033017318572,0.0013774425305979,0.2127654524228579,0.8938602117938103,648.927408540095,2726.24330797673,3049.966059576217,3.499316087939671,0.1921148283490304
cebaracetam,O=C1CN(C(=O)CN2CC(c3ccc(Cl)cc3)CC2=O)CCN1,1,train,0.6919618480733206,0.9932245899571108,0.0011252901097259,0.1162106445405446,0.9347498169255812,830.6745157062014,6681.598355735946,7148.007129556775,4.6722019765345335,0.1366859680022194
rifaximin,CO[C@H]1/C=C/O[C@@]2(C)Oc3c(C)c(O)c4c(O)c(c5c(nc6cc(C)ccn65)c4c3C2=O)NC(=O)/C(C)=C\C=C\[C@H](C)[C@H](O)[C@@H](C)[C@@H](O)[C@@H](C)[C@H](OC(C)=O)[C@@H]1C,0,train,0.0422916033967954,0.7096215064318186,8.014156649340351e-05,0.7045830807005208,0.8128770085865376,10143.013721268422,11701.987853014289,14395.766800394766,4.801783147051819,0.6555531280873016
5-69,S=C(NC1CCCCC1)N1CCC(c2c[nH]cn2)CC1,1,train,0.4660261765953162,0.9737040084714425,0.0009579124108473,0.2278168209036486,0.8672849239967292,905.3906329802268,3446.767640760413,3974.204491963949,3.7729875186844497,0.2395618233592643
tenilsetam,O=C1NCCNC1c1cccs1,1,train,0.3678321976077102,0.9558568879038454,0.0032269480743209,0.2938326221623047,0.9339293315481952,289.41566769546466,919.8903072140756,984.9677873262136,2.453573213761143,0.3391863122666959
domoprednate,CCCC(=O)O[C@]1(C(C)=O)CCC[C@H]2[C@@H]3CCC4=CC(=O)C=C[C@]4(C)[C@H]3[C@@H](O)C[C@@]21C,1,train,0.3035370385264838,0.939552468957836,0.0004554273454814,0.342404962106618,0.9331510092575906,2048.956915995421,5583.990962990465,5984.016421343266,3.98579331804324,0.45531274244588
RO19-4603,CN1Cc2c(C(=O)OC(C)(C)C)ncn2-c2ccsc2C1=O,1,train,0.5501548809435718,0.9832357986940914,0.0010699062716928,0.182338597577123,0.8601398731237339,803.9394626248503,3792.397202620912,4409.047087711702,3.754725366747326,0.1364629004075554
aripiprazole,O=C1CCc2ccc(OCCCCN3CCN(c4cccc(Cl)c4Cl)CC3)cc2N1,1,train,0.8298605688017566,0.9981689897973608,0.0009334873435629,0.0604869226107286,0.968717919783348,1037.7408183017778,16619.759832206437,17156.44925400308,6.230627044943746,0.0847002463989645
fluciprazine,C#CC1(OCC(O)CN2CCN(c3ccc(F)cc3)CC2)CCCCC1,1,train,0.7933415852734669,0.9971533685737972,0.0014019828215543,0.0753999969623939,0.993794438941082,708.8492267253655,9342.844137231225,9401.18375706178,5.19446175954997,0.1628128563686191
Meclofenamate,Cc1ccc(Cl)c(Nc2ccccc2C(=O)O)c1Cl,0,train,0.138632774717627,0.8616077354728746,0.0006658452641432,0.5075747335844298,0.792584110396459,1190.3427914536762,1858.7347241826749,2345.1576934250115,3.017809863703257,0.3615138162690832
Mefenamic_acid,Cc1cccc(Nc2ccccc2C(=O)O)c1C,0,train,0.409926289530718,0.9651238215736986,0.0012765255376966,0.2617938292454189,0.8279837859929741,648.6229703535402,2051.420784910386,2477.6098513211628,3.2755319238426988,0.1720873483604879
indalpine,c1ccc2c(CCC3CCNCC3)c[nH]c2c1,1,train,0.6051229424831498,0.9878616500063048,0.00211247678041,0.1553362818108551,0.9031774394680786,427.5443156789386,2485.886592574866,2752.378972219363,3.5222968429050026,0.1469473279886669
rufinamide,NC(=O)c1cn(Cc2c(F)cccc2F)nn1,1,train,0.4304716323928925,0.9684681577932418,0.001589683018313,0.2491373664076996,0.8751320623487461,550.5072723727025,1933.738690249785,2209.653575095706,3.1389453430201804,0.2946602636644425
Quinine,C=C[C@H]1CN2CC[C@@H]1C[C@H]2[C@H](O)c1ccnc2ccc(OC)cc12,0,train,0.4275313768741736,0.968079772843386,0.0007443753201771,0.2506422817712491,0.8467568631284693,1137.5402168451742,3843.00677001253,4538.500881839882,3.830233675053492,0.1982908736182616
Quinidine,C=C[C@H]1CN2CC[C@H]1C[C@@H]2[C@@H](O)c1ccnc2ccc(OC)cc12,1,train,0.387932505558846,0.9611103587864296,0.0007474653269717,0.276164585407725,0.8693042252822142,1163.0027426209776,3660.872000233449,4211.266773775279,3.731607819669352,0.251026026125964
roxoperone,CN1C(=O)CC2(CCN(CCCC(=O)c3ccc(F)cc3)CC2)C1=O,1,train,0.8046231860436543,0.997496405723668,0.0016173396668032,0.0707171872203893,0.9880359484024804,610.9019451401774,8535.309540330045,8638.662949592552,5.066641877873804,0.1388932034574283
apramycin,CN[C@@H]1[C@@H](O[C@H]2O[C@H](CO)[C@@H](N)[C@H](O)[C@H]2O)O[C@H]2C[C@@H](N)[C@H](O[C@@H]3[C@@H](N)C[C@@H](N)[C@H](O)[C@H]3O)O[C@@H]2[C@@H]1O,0,train,0.5094163995818182,0.977957459743218,0.0003862939729151,0.2088042311175517,0.9777538028209152,2531.1132748004466,11852.277209906635,12121.944374659202,4.955899840371538,0.2816070963386357
cypenamine,NC1CCCC1c1ccccc1,1,train,0.4104664143308542,0.9640009312715956,0.0037198216536416,0.2658988614257234,0.945255655332013,254.1131654542133,903.3581620168502,955.6760194146136,2.559780487675861,0.4101223504844437
pirbenicillin,CC1(C)SC2C(N(C(=N)c3ccncc3)[C@H](C(=O)NC(=O)CN)c3ccccc3)C(=O)N2C1C(=O)O,0,train,0.235081739012189,0.9183094371781496,0.0002694271362347,0.3958633319588345,0.8287161778824643,3075.8452525005137,6439.097829033627,7769.967572597425,4.114228169097492,0.3297072430835158
compound 43,c1cc(CN2CCCCC2)cc(OCCCNc2nccs2)c1,1,train,0.4213102331552031,0.9669346058964144,0.0005352148571059,0.255024445730102,0.8160707987344422,1524.753634731125,4879.167222600889,5978.852852188159,4.321773775800451,0.1867981716179173
28,c1cc(CN2CCCCC2)cc(OCCCNc2nccs2)c1,1,train,0.4213102331552031,0.9669346058964144,0.0005352148571059,0.255024445730102,0.8160707987344422,1524.753634731125,4879.167222600889,5978.852852188159,4.321773775800451,0.1867981716179173
protriptyline,CNCCCC1c2ccccc2C=Cc2ccccc21,1,train,0.2334779482260563,0.9155195435756182,0.0006183062544182,0.4022734956855743,0.7497494227116899,1212.5858623525664,2259.993661123012,3014.3319790085043,3.509209482538099,0.2774658555357056
citenamide,NC(=O)C1c2ccccc2C=Cc2ccccc21,1,train,0.1695275521692709,0.8829068529534083,0.0011977618782083,0.46954817538556,0.8970830609957989,748.9661153163854,1430.9177429098747,1595.0783211997086,2.8323261451928934,0.5705361253717356
cefroxadine,COC1=C(C(=O)O)N2C(=O)C(NC(=O)C(N)C3C=CCC=C3)C2SC1,0,train,0.6115757041475778,0.9882383578982996,0.0009731971327831,0.1529213784219597,0.9326656929378896,958.3522818964868,5844.979323997779,6266.960785901903,4.228991822300127,0.1521268630080697
lobeline,CN1C(CC(=O)c2ccccc2)CCCC1CC(O)c1ccccc1,1,train,0.5999642673434779,0.9871994769227136,0.0010039043044073,0.1594904158986398,0.9546729476396338,950.9601098913822,5692.22850214825,5962.490626996304,4.321704284277654,0.2277518346365128
tymazoline,Cc1ccc(C(C)C)c(OCC2=NCCN2)c1,0,train,0.2810251131558947,0.9315739065294704,0.0008986827456554,0.3635519999579453,0.7212308183311155,802.5421894632113,1592.1193120069563,2207.5031620127165,3.147141259485646,0.2034523310223353
fenoxazoline,CC(C)c1ccccc1OCC1=NCCN1,0,train,0.4093649945122686,0.9648746322971204,0.0016753007507056,0.2627107610081794,0.885489933540555,528.5558029909369,1781.544239249291,2011.930538979636,3.146313922540967,0.2841576992638108
fenmetozole,Clc1ccc(OCC2=NCCN2)cc1Cl,1,train,0.7020041737619477,0.993741328743422,0.002423121536729,0.1117057364116027,0.8995370896009192,371.2306939482632,2989.4237192465685,3323.291228128048,3.692511254854368,0.0570377139330704
piriqualone,Cc1ccccc1-n1c(/C=C/c2ccccn2)nc2ccccc2c1=O,1,train,0.2867101149222217,0.9319344880100344,0.0003796893824204,0.3626266813921384,0.7003325785336036,1844.4881815476544,3562.217648461294,5086.465713076021,3.9317305693230855,0.1479298963287409
befloxatone,COC[C@H]1CN(c2ccc(OCC[C@@H](O)C(F)(F)F)cc2)C(=O)O1,1,train,0.82578295793122,0.9980649059729454,0.0016646215086506,0.0621807322666396,0.9768093682489772,586.8056871623447,9218.24609758545,9437.098370698495,5.248188203266753,0.1048482969742094
toloxatone,Cc1cccc(N2CC(CO)OC2=O)c1,1,train,0.4532717986347531,0.9717302315927596,0.0018797484894004,0.2360939580096907,0.8113307733107342,431.6166646153392,1483.2394917187555,1828.1563334103744,3.005179202824035,0.1059551181948935
cinperene,O=C1CCC(c2ccccc2)(C2CCN(C/C=C/c3ccccc3)CC2)C(=O)N1,1,train,0.4688970386652171,0.9738889321090112,0.0004800269414435,0.2270249940327495,0.9020661462604715,1879.1989956807736,7466.850966399621,8277.498271444461,4.762445492685145,0.23073509999069
naltrexone,O=C1CC[C@@]2(O)[C@H]3Cc4ccc(O)c5c4[C@@]2(CCN3CC2CC2)[C@H]1O5,1,train,0.3030639077883335,0.9414799447299534,0.0007057139838817,0.3370690043170445,0.8452587672334763,1197.735607539077,3003.5289811099515,3553.3840020855064,3.3699996249884467,0.3858625439202889
conorphone(conorfone),CC[C@H]1CC(=O)[C@@H]2Oc3c(OC)ccc4c3[C@@]23CCN(CC2CC2)C(C4)[C@H]13,1,train,0.2089932022248192,0.9066832751083926,0.0004642096446698,0.4218120892515039,0.8337298589166096,1796.0201139499736,3549.911523095508,4257.867803497456,3.614800812120563,0.3546533823496671
cefatrizine,NC(C(=O)N[C@@H]1C(=O)N2C(C(=O)O)=C(CSc3cn[nH]n3)CS[C@H]12)c1ccc(O)cc1,0,train,0.3119741057371307,0.9438169294017906,0.0002775282312851,0.3304687636896646,0.8063434978135987,2905.4467506948804,7089.287560825329,8791.895240735419,4.506583953534248,0.2359865498218913
dirithromycin,CC[C@H]1OC(=O)[C@H](C)[C@@H](O[C@H]2C[C@@](C)(OC)[C@@H](O)[C@H](C)O2)[C@H](C)[C@@H](O[C@@H]2O[C@H](C)C[C@H](N(C)C)[C@H]2O)[C@](C)(O)C[C@@H](C)[C@@H]2N[C@@H](COCCOC)O[C@H]([C@H]2C)[C@]1(C)O,0,train,0.2027770058271255,0.9034970782466774,9.953883783435816e-05,0.4285942482111926,0.84765337213379,8515.805393914321,16842.155928862707,19869.154636247247,5.203779045775475,0.4052330066511858
adriamycinol-aglycone,COc1cccc2c1C(=O)c1c(O)c3c(c(O)c1C2=O)CC(O)(C(=O)CO)CC3O,0,train,0.4228369874062975,0.967301038091068,0.0005213362933521,0.2536310345914759,0.8633085493996477,1655.9532885169397,5636.528801318787,6528.985268637127,4.083852255229745,0.1636968073332689
Pyridostigminebromide,CN(C)C(=O)Oc1ccc[n+](C)c1.[Br-],1,train,0.5263541642951612,0.9808720270995044,0.0031199730624821,0.1946537090674329,0.8557867945322783,274.29300746957347,1205.9175997704,1409.1332180808915,2.352151970593529,0.1070953361982735
fosenazide,NNC(=O)CP(=O)(c1ccccc1)c1ccccc1,1,train,0.1652270468791576,0.8795983032447471,0.0006619755531058,0.4757171690500166,0.7612614069866626,1149.9841699818,1840.2500986057355,2417.369489266618,3.13983044997684,0.3754193234796498
carfecillin,CC1(C)S[C@@H]2[C@H](NC(=O)C(C(=O)Oc3ccccc3)c3ccccc3)C(=O)N2[C@H]1C(=O)O,0,train,0.3643992746259378,0.9560639599618052,0.0003925165685942,0.2931581560559956,0.8924673356398121,2273.706149108539,6921.889863897082,7755.902751258411,4.318373463487497,0.3398517156422295
cogazocine,CCC12CCN(CC3CCC3)C(Cc3ccc(O)cc31)C2(C)C,1,train,0.2260350080651678,0.9144594651268104,0.0005909360654156,0.4046775094318781,0.8187431437397082,1385.502073162118,2803.146447726153,3423.7189882561247,3.484468101454294,0.4200029180277213
14,O=[N+]([O-])c1cc[nH]c1NCCSCc1ccccn1,1,train,0.3142708304085161,0.9435161742869804,0.0007823582718279,0.3313264686964508,0.764531649581327,977.2142471185184,2254.9095557722294,2949.3998803150444,3.332324605632495,0.2110057800076054
15,Cc1cc(C(C)(C)SC(C)(C)CNc2[nH]ccc2[N+](=O)[O-])nc(C)c1C,1,train,0.5002873144394521,0.9775313703898202,0.0006360279882926,0.2107899900464923,0.9358423868400054,1471.385542878616,6532.496908917212,6980.338784370565,4.460716320712018,0.2261702839180421
methotrexate,CN(Cc1cnc2nc(N)nc(N)c2n1)c1ccc(C(=O)N[C@@H](CCC(=O)O)C(=O)O)cc1,0,train,0.6038182637188706,0.9877758481583632,0.0004193180563219,0.1558809603352063,0.8951634784658583,2134.807850436405,12259.36777104437,13695.116105557188,5.559218911349872,0.1282789853657533
lorcinadol,Clc1ccc(N2CCN(C/C=C/c3ccccc3)CC2)nn1,1,train,0.7033420369253093,0.9937846560201756,0.0011339129517546,0.1113196184814758,0.937066922037128,826.4011100562078,6956.483997448301,7423.678964492009,4.914387446759786,0.1438554513992194
pregnenolone-succinate,CC(=O)C1CCC2C3CC=C4CC(OC(=O)CCC(=O)O)CCC4(C)C3CCC12C,1,train,0.6959711050581278,0.9933256081369388,0.0008196662388837,0.1153439908247548,0.966447504884528,1179.074431808541,9879.262322610284,10222.244118464218,5.054043802285756,0.2042474840439234
24959,CC(C)(C)NC(=O)C1CC2CCCCC2CN1CC(O)C(Cc1ccccc1)NC(=O)C(CC(N)=O)NC(=O)c1ccc2ccccc2n1,1,train,0.3972862092505498,0.9628929034556742,0.0001305817507208,0.269883783274767,0.8263784900591894,6328.437821498664,19377.54402249216,23448.75169863659,6.052758479251444,0.1718878619460931
Saquinavir,CC(C)(C)NC(=O)[C@@H]1C[C@@H]2CCCC[C@@H]2CN1C[C@@H](O)[C@H](Cc1ccccc1)NC(=O)[C@H](CC(N)=O)NC(=O)c1ccc2ccccc2n1,0,train,0.081157725660108,0.7882386024033426,9.629093674521995e-05,0.6153697308782949,0.7536776584799855,7827.0882385760915,9586.27186284689,12719.32603413036,4.739031502390493,0.5706102179114471
dimeprozan,COc1ccc2c(c1)/C(=C/CCN(C)C)c1ccccc1O2,1,train,0.2184177973451857,0.8805857477218731,0.0003105489938087,0.4738868439924342,0.5835173866089869,1878.9865632869223,2313.677500825685,3965.053233925441,3.7160137669839313,0.1323086344389663
Nalidixicacid,CCn1cc(C(=O)O)c(=O)c2ccc(C)nc21,0,train,0.3558439965754519,0.9521338186154936,0.0011492456870639,0.3056815196387871,0.724631855901278,630.5282360924269,1494.6956769179824,2062.69661586837,3.0027324799303767,0.0952412270121093
ribavirin,NC(=O)c1ncn([C@@H]2O[C@H](CO)[C@@H](O)[C@H]2O)n1,0,train,0.4444443522751659,0.9706655544525064,0.0016323650668314,0.2404337359843838,0.8600542272426308,526.8761533301299,1884.6858617808373,2191.357012247028,3.0698885953044277,0.1865797156370131
eptazocine,CN1CCC2(C)CC(Cc3ccc(O)cc32)C1,1,train,0.324200219693197,0.9464959251911804,0.0015660695042745,0.3227157628571795,0.8950130782943015,571.5027818697621,1584.9937403937165,1770.9168489631084,2.913492351974397,0.4179866660815598
fusidic-acid,CC(=O)O[C@H]1C[C@@]2(C)[C@@H](C[C@@H](O)[C@H]3[C@@]4(C)CC[C@@H](O)[C@@H](C)[C@@H]4CC[C@@]32C)/C1=C(\CCC=C(C)C)C(=O)O,0,train,0.3342096142937314,0.949205904407852,0.000247275089271,0.3146556070329455,0.7874403196006458,3184.470873802617,7969.286758533838,10120.496195286903,4.537168987642229,0.234099858524611
tazobactam,C[C@]1(Cn2ccnn2)[C@H](C(=O)O)N2C(=O)C[C@H]2S1(=O)=O,0,train,0.2699321621996944,0.9307300669659356,0.0008791850715451,0.3657069078450463,0.7853994400548805,893.3266333498943,1918.526072568477,2442.739292549557,2.957874399535805,0.3187391673788443
femoxetine,COc1ccc(OCC2CN(C)CCC2c2ccccc2)cc1,1,train,0.3944449503892758,0.9622378341643546,0.0006304886323703,0.2722101219695771,0.8093576980800982,1283.6991129201322,3816.800608085471,4715.839013009228,3.96993168764697,0.184215426673665
sulthiame(sultiame),NS(=O)(=O)c1ccc(N2CCCCS2(=O)=O)cc1,1,train,0.6258172018215212,0.9890289309017628,0.001948932083461,0.147721947723811,0.9696001162935938,497.50328629805233,3265.4541297608607,3367.8359510139385,3.504136756750248,0.2604585859991599
virginiamycin-factor-m1,CC1=C/C(O)CC(=O)Cc2nc(co2)C(=O)N2CCC=C2C(=O)OC(C(C)C)C(C)/C=C\C(=O)NC/C=C\1,0,train,0.119138972337244,0.8452534861218098,0.0002119998080693,0.5343655529681225,0.8402030446087204,3963.225496572365,6231.528417569339,7416.693449940234,4.093115710931658,0.5410513190299976
panadiplon,CC(C)n1c(=O)c2c(-c3noc(C4CC4)n3)ncn2c2ccccc21,1,train,0.4853351636416671,0.9761528237640712,0.0007681173075201,0.2170844643391831,0.8363196954344545,1088.7916301931164,4194.578766041774,5015.52072603379,3.9185019989098895,0.1100354075776189
Cycloserine,NC1CONC1=O,1,train,0.2145455846062031,0.8767325451336208,0.0043345090134783,0.4809782160384435,0.579938819860837,133.79573512420774,161.3240228828665,278.17420968918424,1.675620655634396,0.3450674545411805
benztropine,CN1C2CCC1CC(OC(c1ccccc1)c1ccccc1)C2.O=S(=O)(O)O,1,train,0.2594454623638496,0.9272170131112476,0.0005228657156811,0.3745245126784846,0.7911236519076738,1513.0532145849472,3196.0850201564217,4039.931068233836,3.2844445430364466,0.3138941050971848
tepirindole,CCCN1CC=C(c2c[nH]c3ccc(Cl)cc23)CC1,1,train,0.5095249994328456,0.9790659855775096,0.0010918014271756,0.2035431057175351,0.8664056724369323,793.556090761155,3377.866796365339,3898.712697557069,3.83196033189696,0.2039313329895972
BRL52580,O=C(Cc1ccc(Cl)c(Cl)c1)N1CCc2ccccc2[C@H]1CN1CCCC1,1,train,0.4926449357189115,0.9770872351766224,0.0004813616566812,0.2128392230179946,0.8757135215210617,1819.242370816694,7485.157671871031,8547.49582816737,4.704186474967178,0.2213360051031159
pirarubicin,COc1cccc2c1C(=O)c1c(O)c3c(c(O)c1C2=O)C[C@@](O)(C(=O)CO)C[C@@H]3O[C@H]1C[C@H](N)[C@H](O[C@H]2CCCCO2)[C@H](C)O1,0,train,0.2583221505250523,0.9226547354779278,0.0001173902875288,0.385627072571617,0.7090330908324232,6039.96383140261,11105.377522736304,15662.706954478392,5.1123297124857565,0.1894904018838572
midaflur,NC1=NC(C(F)(F)F)(C(F)(F)F)NC1(C(F)(F)F)C(F)(F)F,1,train,0.1922840658958439,0.8979911129948914,0.0007745692792279,0.4400135918152937,0.8501350197981555,1097.5584012905165,2120.554570510687,2494.3738595948707,2.828159502895468,0.5910930826930074
tetrabenazine(tetrabenzine),COc1cc2c(cc1OC)C1CC(=O)C(CC(C)C)CN1CC2,1,train,0.2271395907052313,0.9123862812856688,0.0006826437928445,0.4093302746214949,0.9203915307673696,1348.2749574739469,3031.6371129700733,3293.8559424188406,3.4766905298004342,0.4579796243053407
tetrabenzine,COc1cc2c(cc1OC)C1CC(=O)C(CC(C)C)CN1CC2,1,train,0.2271395907052313,0.9123862812856688,0.0006826437928445,0.4093302746214949,0.9203915307673696,1348.2749574739469,3031.6371129700733,3293.8559424188406,3.4766905298004342,0.4579796243053407
GR91272,O=C(Cc1ccc(Cl)c(Cl)c1)N1CCc2occc2[C@H]1CN1CC[C@@H](O)C1,1,train,0.5260760718630689,0.9808568618804264,0.0005257988653082,0.1947301119551936,0.8715796555911849,1657.629396138566,7419.274007898203,8512.445145206808,4.635345502582685,0.2124187673063499
GR88377,O=C(Cc1ccc(Cl)c(Cl)c1)N1CCc2occc2[C@H]1CN1CCCC1,1,train,0.4398450032243429,0.9699726047710492,0.0005222229715431,0.2432141977633419,0.8415641130981576,1611.5034361881487,5576.086727263918,6625.860870820592,4.190505314259394,0.265072908545306
acetorphan/racecadotril/ecadotril,CC(=O)SCC(Cc1ccccc1)C(=O)NCC(=O)OCc1ccccc1,1,train,0.4973848641928931,0.977657689911506,0.0005196806937148,0.2102033333629548,0.8743823509574377,1682.53768425959,6998.848364583818,8004.333981490096,4.652150292245417,0.1782879243876578
lorpiprazole,FC(F)(F)c1cccc(N2CCN(CCc3nnc4n3C[C@H]3CCC[C@@H]43)CC2)c1,1,train,0.6577412735797501,0.9913143672274178,0.0006957306568076,0.13151359370234,0.9378639956186724,1348.0274103804925,9613.199196460291,10250.099418859598,5.114352046265786,0.1510188359549669
thalidomide,O=C1CCC(N2C(=O)c3ccccc3C2=O)C(=O)N1,1,train,0.5347368391188582,0.9813210540768876,0.0019881399726326,0.1923772045368842,0.943882637280665,474.7566319642892,2329.353641060019,2467.842451017967,3.194956028172153,0.2257162885469394
dexamisole,c1ccc([C@@H]2CN3CCSC3=N2)cc1,1,train,0.5438085739247561,0.982262635148806,0.0031174612792872,0.1875103079580521,0.9431698981524134,302.5442222551157,1521.7862228395163,1613.480483018554,2.9006407139784307,0.1924553625418114
Sulfadiazine,Nc1ccc(S(=O)(=O)Nc2ncccn2)cc1,1,train,0.3013579731332726,0.9409148082687568,0.0011461397322521,0.3386433575025042,0.8104140767413566,707.0813915061967,1692.13037959633,2087.9824624966045,2.9940342259979063,0.2397420734232538
amcinafide,CC12C[C@H](O)[C@@]3(F)C(CCC4=CC(=O)C=CC43C)[C@@H]1C[C@H]1O[C@@](C)(c3ccccc3)O[C@]12C(=O)CO,1,train,0.2456626617857549,0.9216899504051574,0.0002654926394366,0.3879273583058281,0.7772006263040759,2927.3904841701715,5864.937517348253,7546.233647853012,4.056014389838365,0.3515801064392905
fenadiazole,O=C1C=CC=C/C1=C1/NN=CO1,1,train,0.4542279135524772,0.9709983277318136,0.0033689163774621,0.23908627635651,0.7609137236671454,225.86304865196485,718.8296041396796,944.6926527692972,2.4137343486927256,2.674156364525293e-11
nylidrin,CC(CCc1ccccc1)NC(C)C(O)c1ccc(O)cc1,0,train,0.4842950516167279,0.9759739385905768,0.0008360449752052,0.217887290111188,0.8933962048428682,1068.598258871806,4381.538861172646,4904.36251846769,4.158277891314551,0.2308381708936214
labetalol,CC(CCc1ccccc1)NCC(O)c1ccc(O)c(C(N)=O)c1,0,train,0.7873527821770653,0.9970445941877014,0.0014494793804947,0.0768249777161174,0.9508394883868844,655.986902043645,8118.951269110744,8538.719066963327,5.134165937674751,0.0719580670571886
ameltolide,Cc1cccc(C)c1NC(=O)c1ccc(N)cc1,1,train,0.5877662034520906,0.9864909242954316,0.0019410333901195,0.1638159219451674,0.907911024076982,467.7462163703694,2592.372836964541,2855.31595962286,3.5082944685149786,0.1554406547865543
atolide,CCN(CC)c1ccc(NC(=O)c2ccccc2N)c(C)c1,1,train,0.6559932914192597,0.9912340136350548,0.0013716971807844,0.1321178648515789,0.930142382503588,678.096008021,4773.963287821686,5132.50807362632,4.218418039422219,0.1358702127124024
ceftioxide,CO/N=C(\C(=O)N[C@@H]1C(=O)N2C(C(=O)O)=C(COC(C)=O)CS(=O)[C@H]12)c1csc(N)n1,0,train,0.4986969362918653,0.9774590183689168,0.0004686545035967,0.2111252410520199,0.9260232554370038,1975.918823632767,8666.641527191114,9358.989071069494,4.605623246659405,0.182765287332465
brofoxine,CC1(C)OC(=O)Nc2ccc(Br)cc21,1,train,0.5465115812696901,0.9828977960188952,0.0020813674382315,0.1841519008351473,0.8643112344426147,415.26124535558586,1949.0157742697663,2254.9929893329067,3.0030857636568262,0.2990458339478918
umespirone,CCCCN1C(=O)C2C(=O)N(CCCCN3CCN(c4ccccc4OC)CC3)C(=O)C(C1=O)C2(C)C,1,train,0.6145458653099996,0.9882724838954636,0.000417471144483,0.1527006796811676,0.9611156787418718,2302.2326008473137,14490.517353328596,15076.767213179895,5.5752178201022975,0.1649371881239409
oxifentorex,CC(Cc1ccccc1)[N+](C)([O-])Cc1ccccc1,1,train,0.6719726384154218,0.9919926152127356,0.0021654448585413,0.1262958881492087,0.9717225096830844,448.7403619862381,3452.615260365428,3553.087662332178,3.8204570742037647,0.2575826824395965
tianeptine,CN1c2ccccc2C(NCCCCCCC(=O)O)c2ccc(Cl)cc2S1(=O)=O,1,train,0.2671094764990193,0.9292300007241396,0.0002584763249342,0.3695018345748984,0.7678011038872261,2970.4890925018717,6172.4857386211215,8039.172784945266,4.434068384494486,0.2079660869711024
eptastigmine,CCCCCCCNC(=O)Oc1ccc2c(c1)[C@]1(C)CCN(C)[C@@H]1N2C,1,train,0.7852289245534162,0.996968297712691,0.0012829859341977,0.0778088256938708,0.96114356662115,749.1458331709532,9253.92063936549,9628.031608115698,5.225157611804439,0.0805536784220182
physostigmine,CNC(=O)Oc1ccc2c(c1)[C@]1(C)CCN(C)[C@@H]1N2C,1,train,0.5298256507784826,0.9812089624547786,0.0014101034568087,0.192948107009156,0.890778984511581,631.7117940605087,2916.4089720274173,3273.998402226003,3.519658562688824,0.1651782918545558
licostinel,O=c1[nH]c2cc(Cl)c(Cl)c([N+](=O)[O-])c2[nH]c1=O,1,train,0.3297088753051226,0.9443939524217232,0.0008308205630506,0.32881615323654,0.6994478027351763,841.8758921503902,1790.8130033888804,2560.3240104350075,3.06699188627648,0.0417712713306385
detomidine,Cc1cccc(Cc2cnc[nH]2)c1C,1,train,0.3768757409146816,0.9584740360622368,0.0024293821756788,0.285179806779102,0.9038534179880252,372.0507325017507,1179.183512446711,1304.6180818473524,2.7688243644720485,0.3894900829030661
metazocine,CC1C2Cc3ccc(O)cc3C1(C)CCN2C,1,train,0.2506919810397661,0.924377901641542,0.0013605462605456,0.3814780399404134,0.843552262903977,620.0099822887794,1371.011614887317,1625.2835481319566,2.7957163727162238,0.4268453474608933
pentazocine,CC(C)=CCN1CC[C@@]2(C)c3cc(O)ccc3C[C@@H]1[C@H]2C,1,train,0.3656168608838872,0.95676739863987,0.0009076428562382,0.2908541643158915,0.8401301401598168,925.617531593612,2673.6395140883897,3182.4111364220157,3.446693783800354,0.2747374212528164
tonazocine,CCCCCC(=O)CC[C@]1(C)[C@@H]2Cc3ccc(O)cc3[C@@]1(C)CCN2C,1,train,0.3603172349778777,0.9555020542905516,0.0005089179184037,0.2949844474655166,0.8685273464700116,1706.6157725280673,5024.815650767297,5785.443223163719,4.1838090054661,0.3104228653495179
cefaclor,N[C@@H](C(=O)N[C@@H]1C(=O)N2C(C(=O)O)=C(Cl)CS[C@H]12)c1ccccc1,0,train,0.5968212963962363,0.9871634815617546,0.0009553962463805,0.1597130572961248,0.9213905693011502,964.4067294504528,5563.698300751102,6038.371225104916,4.133116356592657,0.1810733790203225
cefadroxil,CC1=C(C(=O)O)N2C(=O)[C@@H](NC(=O)[C@H](N)c3ccc(O)cc3)[C@H]2SC1,0,train,0.268274776996071,0.9300156032389008,0.0005323179335893,0.3675200371846186,0.8827144020779614,1658.2465973406654,3982.79823022025,4511.989632031051,3.737605485714143,0.3720534553462988
cefalexin,CC1=C(C(=O)O)N2C(=O)[C@@H](NC(=O)[C@H](N)c3ccccc3)[C@H]2SC1,0,train,0.4769322497603371,0.9749240173990964,0.0008022052558584,0.2225379974260721,0.906053701577816,1129.4537089615587,4598.52126648786,5075.329705601251,3.943219089628385,0.1965035452853279
cefaloram,CC(=O)OCC1=C(C(=O)O)N2C(=O)[C@@H](NC(=O)Cc3ccccc3)[C@H]2SC1,0,train,0.6238677074288064,0.989178561948036,0.0007970373248366,0.1467166404414147,0.919047457130632,1153.079571673764,7223.003778083456,7859.228293427279,4.55985420506002,0.1310371532243366
cefsumide,CC1=C(C(=O)O)N2C(=O)[C@@H](NC(=O)[C@H](N)c3cccc(NS(C)(=O)=O)c3)[C@H]2SC1,0,train,0.3457007823038756,0.9519699786471436,0.000421467187157,0.3061913776620056,0.8867037928628835,2103.850121391268,6092.568303186932,6871.029933813607,4.135522830804577,0.3783110775014203
cefedrolor,CC1=C(C(=O)O)N2C(=O)[C@@H](NC(=O)[C@H](N)c3ccc(O)c(Cl)c3)[C@H]2SC1,0,train,0.3326348243060275,0.9488641845160524,0.0004735846524374,0.3156845883832256,0.8841125328632993,1866.852163204379,5228.3432743581325,5913.662661726496,4.043434080530394,0.2873148123032718
cephaloglycin,CC(=O)OCC1=C(C(=O)O)N2C(=O)[C@@H](NC(=O)[C@H](N)c3ccccc3)[C@H]2SC1.O.O,0,train,0.6394933656448492,0.9902278933150108,0.0007652901444127,0.139458665205558,0.9198547257884492,1201.968603024792,7928.058813068515,8618.816200865866,4.483563968650294,0.1045630574295739
cefprozil,C/C=C/C1=C(C(=O)O)N2C(=O)[C@@H](NC(=O)[C@H](N)c3ccc(O)cc3)[C@H]2SC1.O,0,train,0.6233904401367961,0.989045940200186,0.00084546369324,0.1476080220500569,0.9420618947123076,1114.2547009938598,7111.381076933591,7548.740817189412,4.399719703648424,0.1706579810618049
temocillin,CO[C@@]1(NC(=O)C(C(=O)O)c2ccsc2)C(=O)N2[C@@H](C(=O)O)C(C)(C)S[C@@H]21,0,train,0.3426850200512208,0.9488555402915034,0.0005670703803773,0.3157105694431519,0.9654652851884644,1702.549310627037,5206.5163945293125,5392.75360223125,3.8523686391624414,0.3713852589568999
Ticarcillin,CC1(C)S[C@@H]2[C@H](NC(=O)[C@H](C(=O)[O-])c3ccsc3)C(=O)N2[C@H]1C(=O)[O-].[Na+].[Na+],1,train,0.4976934081918371,0.9774277127794468,0.0007307192271482,0.211270126356613,0.9176461807959176,1255.8122828889725,5454.587286252155,5944.107217360329,3.843115081099432,0.2964005410508751
reserpine,COC(=O)[C@H]1[C@H]2C[C@@H]3c4[nH]c5cc(OC)ccc5c4CCN3C[C@H]2C[C@@H](OC(=O)c2cc(OC)c(OC)c(OC)c2)[C@@H]1OC,1,train,0.4257452292057205,0.967791179881986,0.0001916076540117,0.2517543090845388,0.8557087996967995,4465.942679119112,15179.666490556288,17739.289926590507,5.541607196365076,0.2131344556427018
deserpidine,COC(=O)[C@H]1[C@H]2C[C@@H]3c4[nH]c5ccccc5c4CCN3C[C@H]2C[C@@H](OC(=O)c2cc(OC)c(OC)c(OC)c2)[C@@H]1OC,1,train,0.637445778777615,0.989863735075557,0.0003772718664768,0.1420203717157059,0.9664108609455652,2561.5768012872527,17430.848912758007,18036.68565531553,5.73232240994801,0.2000089716509213
chloroserpidine,COC(=O)[C@H]1[C@H]2C[C@@H]3c4[nH]c5ccc(Cl)cc5c4CCN3C[C@H]2C[C@@H](OC(=O)c2cc(OC)c(OC)c(OC)c2)[C@@H]1OC,1,train,0.6557600189371336,0.9908437171037594,0.0003474383048223,0.1350138077235251,0.9942811927361596,2861.748917536514,21074.756537985057,21195.972217868763,6.0668247922706975,0.2669781248437258
Itraconazole,CCC(C)n1ncn(-c2ccc(N3CCN(c4ccc(OC[C@H]5CO[C@](Cn6cncn6)(c6ccc(Cl)cc6Cl)O5)cc4)CC3)cc2)c1=O,0,train,0.7944531333843365,0.9972175901702924,0.0002952738235263,0.0745458104453548,0.980312906078956,3320.0129099543333,43659.75075638593,44536.5459188084,8.052681121901983,0.1061164075584312
Efavirenz,O=C1Nc2ccc(Cl)cc2[C@@](C#CC2CC2)(C(F)(F)F)O1,0,train,0.1054714542830572,0.780761766262656,0.0003483729157657,0.6248288280340605,0.6400843600342824,1837.3539706074257,1882.2139563134765,2940.571702474759,3.247913923953518,0.259202826532995
taniplon,COc1nc2nc(-c3noc(C)n3)cn2c2c1CCCC2,1,train,0.5460840521410634,0.9826460493279956,0.0010826783335417,0.1854905435327704,0.8213875997801623,758.6626372148486,3359.503243434618,4090.034040365063,3.7927372006576654,0.0466951599432874
tandospirone,O=C(O)CC(O)(CC(=O)O)C(=O)O.O=C1[C@H]2[C@@H]3CC[C@@H](C3)[C@H]2C(=O)N1CCCCN1CCN(c2ncccn2)CC1,1,train,0.7411197305435037,0.9953119647763344,0.0008370129588559,0.0967165589393696,0.9880842847169284,1180.488634330664,12060.21265293664,12205.651723720828,4.701432613930833,0.139686413146675
lometraline,COc1ccc(Cl)c2c1CCCC2N(C)C,1,train,0.279110140640322,0.9319816152596696,0.0010638579825828,0.3625055431548281,0.7388528428905251,694.5032654610033,1415.525146503628,1915.8417811127847,2.8976051245417738,0.2186993722178509
nadolol,CC(C)(C)NCC(O)COc1cccc2c1C[C@H](O)[C@H](O)C2,1,train,0.6896693835902818,0.9931034921681896,0.0013859024441463,0.1172410075159124,0.936296921542071,675.5864566778808,5395.292423917145,5762.373345232361,4.372931731162855,0.1216968166476962
nefopam,CN1CCOC(c2ccccc2)c2ccccc2C1,1,train,0.2605386611435427,0.9280180902513347,0.0009728816948269,0.3725351314524109,0.823531060596812,846.4863353639925,1871.2538246398076,2272.2322377054143,3.138180396008273,0.3615731797076427
8-5,Cc1ccc(CC2=CNC(NCCSCc3ccc(CN(C)C)o3)=NC2)cn1,0,train,0.6482188718310119,0.9908009264274644,0.0005487955231121,0.1353274701990622,0.9098098260598144,1657.83026235411,11145.63259337084,12250.508044785704,5.599253245734658,0.1082090688188736
romergoline,CN1C[C@H](CN2CC(=O)NC(=O)C2)C=C2c3cccc4[nH]cc(c34)C[C@H]21,1,train,0.3957731102890018,0.962659130382397,0.0006149600379775,0.2707164544156988,0.8524743909878049,1386.2272966408816,4365.169723521905,5120.587515202379,3.938616837414874,0.2495002081609416
biotin,O=C(O)CCCCC1SCC2NC(=O)NC21,1,train,0.3298500544835165,0.9484061208923164,0.0011005831883603,0.3170580859306207,0.8036533133708932,730.2067866111963,1850.869381815459,2303.0694343211976,3.1615739799980203,0.306110880723334
biperiden,OC(CCN1CCCCC1)(c1ccccc1)C1CC2C=CC1C2,1,train,0.2523448636215573,0.9242891985176434,0.0005708793471968,0.381692909946743,0.7787397490100466,1364.1056605634335,2783.083657169767,3573.830231097992,3.520585645793353,0.3226662501403414
Flucytosine,Nc1[nH]c(=O)ncc1F,1,train,0.3546768770812402,0.9498049726485532,0.0042680225766193,0.3128426344539387,0.6885506940505669,161.32780033135637,355.07426627351805,515.6835500153334,1.999354645732489,0.010871272753882
sertindole,O=C1NCCN1CCN1CCC(c2cn(-c3ccc(F)cc3)c3ccc(Cl)cc23)CC1,1,train,0.5117233957807257,0.9791594492709264,0.0003042530534323,0.2030930153980093,0.825373970243248,2712.7877959876264,11024.822440169866,13357.366282002708,5.542870321873216,0.0918441682912997
etazepine,CCOC1c2ccccc2C(=O)N(C)c2ccccc21,1,train,0.054612913719225,0.7338866386690931,0.0008241482458243,0.679271964372872,0.9785484744234804,1187.345212929183,1710.4707799895125,1747.9673462239566,2.947760897868278,0.7497591156616508
9-C15,COc1cc2c(c(CN[C@@H]3CCCN[C@H]3c3ccccc3)c1)OCC2,1,train,0.326701449235336,0.9454343431735316,0.0004244674969984,0.3258126804592377,0.7310365267001637,1722.2438275474992,3864.254589620355,5285.993857329222,4.00775952760625,0.1424868969617483
metoserpate,COC(=O)C1C2CC3c4[nH]c5cc(OC)ccc5c4CCN3CC2CC(OC)C1OC,1,train,0.533320502136538,0.9814736063491624,0.0005469904239883,0.1915973904831938,0.9103246851917952,1664.242453376389,7907.210967915409,8686.143632641852,4.615478182973336,0.2218788599635663
yohimbine,COC(=O)[C@H]1[C@@H](O)CC[C@H]2CN3CCc4c([nH]c5ccccc45)[C@@H]3C[C@@H]21,0,train,0.4534894880902723,0.9716011977062456,0.0005848184389747,0.2366244125524434,0.798169004343002,1364.815045404925,4603.722220173554,5767.853919563091,4.068879234756177,0.0921882956008878
rifamexil,CCN(CC)c1nc2c(s1)c1c(O)c3c(O)c(C)c4c(c32)C(=O)[C@@](C)(O/C=C/[C@H](OC)[C@@H](C)[C@@H](OC(C)=O)[C@H](C)[C@H](O)[C@H](C)[C@@H](O)[C@@H](C)/C=C/C=C(/C)C(=O)N1)O4,0,train,0.1113068738997379,0.8352988761859038,9.888028016409314e-05,0.5497961326187789,0.8938739498742652,9039.9617435435,14697.422973719686,16442.388745960285,4.980258260201937,0.6763341086557196
opipramol,OCCN1CCN(CCCN2c3ccccc3C=Cc3ccccc32)CC1,1,train,0.4270521213987934,0.9676365353126009,0.0005433531588122,0.2523480444311508,0.9040610679169409,1663.8553641488122,5960.921396330102,6593.494187361413,4.422350911822396,0.3072647874174479
zoniclezole,CC(c1noc2ccc(Cl)cc12)n1ccnc1,1,train,0.2674168033912535,0.9294263550425444,0.0009388970616646,0.3690076564955394,0.7703617202770372,820.4964651941647,1712.9158630773438,2223.521519814544,3.098836802284676,0.3048569466104092
adafenoxate,O=C(COc1ccc(Cl)cc1)OCCNC12CC3CC(CC(C3)C1)C2,1,train,0.7080851433019444,0.9939924949226772,0.0009358943338124,0.1094482527836396,0.945685961588796,1010.4623218910044,8730.884305807595,9232.329399433303,5.105974785068281,0.1557991017155412
oxomemazine,CC(CN(C)C)CN1c2ccccc2S(=O)(=O)c2ccccc21,1,train,0.3010943913799382,0.9382399152453073,0.0005142975193643,0.3459853485922184,0.7282186916787229,1415.948287245786,2980.241832257881,4092.50938806266,3.583857497727437,0.1503678525213512
gemazocine,CCC12CCN(CC3CC3)C(Cc3ccc(O)cc31)C2(C)C,1,train,0.2462658536535066,0.922646462657624,0.0007514644247313,0.3856468655977557,0.8483914027330165,1128.984120620655,2483.672258743836,2927.507575799224,3.304542640416697,0.4433703215394659
cyclazocine,CC1C2Cc3ccc(O)cc3C1(C)CCN2CC1CC1,1,train,0.4075366090247068,0.9644176389416442,0.0012229168969278,0.264383467142377,0.8968611640887643,733.3786673009423,2487.8213920962808,2773.920303064941,3.3233481015025736,0.3308840889934947
bremazocine,CC[C@]12CCN(CC3(O)CC3)[C@H](Cc3ccc(O)cc31)C2(C)C,1,train,0.2565816373482574,0.9264691057502388,0.0006803860014915,0.3763708225810723,0.852061107506943,1252.3201618479593,2835.1116506317303,3327.3571879451483,3.428185520270264,0.4381798066283344
naranol,CC1CN(C)CC2Cc3c(ccc4ccccc34)OC12O,1,train,0.3931969368826327,0.9621867150422352,0.0010319923521309,0.2723907586468974,0.8368917312883192,810.9476097959359,2491.5505669780014,2977.1480274306027,3.328701784997202,0.2225456159269677
lirequinil,CCO[C@H]1CCN(C(=O)c2cc(-c3ccccc3)c(=O)n3c2-c2cc(Cl)ccc2CC3)C1,1,train,0.3213114530342755,0.945984131074564,0.0003778129078987,0.3242129296544206,0.883346459764559,2338.0526215408777,6370.228689468987,7211.472485175141,4.210698908112796,0.2345928330105444
delergotrile,CN1C[C@@H](CC#N)CC2c3cccc4[nH]cc(c34)C[C@H]21,1,train,0.3770060381415075,0.9583100842149652,0.0009523247293138,0.2857302617713188,0.7737728164513732,812.5094231343697,2200.318933089185,2843.6239763244016,3.3218848908027154,0.1476425573609098
terguride,CCN(CC)C(=O)N[C@H]1C[C@@H]2c3cccc4[nH]cc(c34)C[C@H]2N(C)C1,1,train,0.4896223047183216,0.9765725358773976,0.0007601605817759,0.2151884805699154,0.902839723174208,1187.6960537270566,4983.069602620488,5519.329150805404,4.143372275003961,0.2382240490765692
pergolide,CCCN1C[C@H](CSC)C[C@@H]2c3cccc4[nH]cc(c34)C[C@H]21,1,train,0.3021633650468632,0.9400725437868604,0.0005414236927187,0.3409745040587367,0.7622307554437654,1407.82674584521,3147.1234102438366,4128.83288658643,3.715613570647368,0.1869152164220465
etisulergine,CCN(CC)S(=O)(=O)N[C@H]1C[C@@H]2c3cccc4[nH]cc(c34)C[C@H]2N(C)C1,1,train,0.5071860258654483,0.9786923672657908,0.0007298375152768,0.2053320487787598,0.8997588920253656,1232.8208309270012,5402.183981984466,6004.035114144968,4.09679808438857,0.2323759463538812
cabergoline,C=CCN1C[C@H](C(=O)N(CCCN(C)C)C(=O)NCC)C[C@@H]2c3cccc4[nH]cc(c34)C[C@H]21,1,train,0.4759078940457391,0.9750029420902712,0.0004058334517959,0.2221919506087372,0.8711300276672219,2146.521002180128,8415.691454593667,9660.660506824504,4.731755002246016,0.1685712961525813
mesulergine,CN1C[C@@H](NS(=O)(=O)N(C)C)C[C@@H]2c3cccc4c3c(cn4C)C[C@H]21,1,train,0.4884479605017172,0.976544370098544,0.0007351265189002,0.2153162632706551,0.8840502695062948,1202.5824763183427,4937.589693150091,5585.1910954198665,4.021561818893551,0.2365126805784281
cefazaflur,Cn1nnnc1SCC1=C(C(=O)[O-])N2C(=O)[C@@H](NC(=O)CSC(F)(F)F)[C@H]2SC1.[Na+],0,train,0.3776196526562997,0.9573551400364392,0.0004594947667769,0.2889137169568275,0.9533306058001676,2074.7365905539264,6846.022790410153,7181.163332802074,4.0433143653872285,0.3581573536102426
cefivitril,Cn1nnnc1SCC1=C(C(=O)O)N2C(=O)[C@@H](NC(=O)CS/C=C\C#N)[C@H]2SC1,0,train,0.4664677487224544,0.9729525418561584,0.0004978795861172,0.2310050893284394,0.9456414554930828,1899.337674934036,7775.120663440504,8222.059870869714,4.441869414923293,0.2418413066510437
cefmetazole,CO[C@@]1(NC(=O)CSCC#N)C(=O)N2C(C(=O)O)=C(CSc3nnnn3C)CS[C@@H]21,0,train,0.1889760181313414,0.8904803046805329,0.0002099958782462,0.4550217873641495,0.7169089275561675,3413.919042332924,5378.795273914629,7502.75950984474,4.156774508534094,0.2348867482459256
cefminox,CO[C@@]1(NC(=O)CSC[C@@H](N)C(=O)O)C(=O)N2C(C(=O)O)=C(CSc3nnnn3C)CS[C@@H]21,0,train,0.3781263754691708,0.9589964804860832,0.0003071446686435,0.2834179782852618,0.8873265333096727,2888.953069667108,9044.749834542712,10193.259747126414,4.614416220134055,0.2636781689675783
cycotiamine,C/C(=C1/CCOC(=O)S1)N(C=O)Cc1cnc(C)nc1N,1,train,0.4338061727977569,0.9684399466386244,0.0009615120963819,0.2492470055077453,0.922956678131696,959.9012655219252,3554.495194659405,3851.2048061179057,3.683006212740679,0.3283199793853039
donepezil,COc1cc2c(cc1OC)C(=O)C(CC1CCN(Cc3ccccc3)CC1)C2.[Cl-].[H+],1,train,0.6379757101575352,0.9900646389894716,0.0007322549981846,0.140612981700294,0.9380898148505268,1281.097182233139,8546.751544236005,9110.803047784744,4.771261554988718,0.1881255737152614
benzobarbital,CCC1(c2ccccc2)C(=O)NC(=O)N(C(=O)c2ccccc2)C1=O,1,train,0.3017879654226648,0.9405530035516672,0.0007165311489098,0.339646945385848,0.8854279408349187,1235.7145145498291,3221.392604708128,3638.2323802324327,3.4690355972422964,0.2658325648386663
acetaminosalol,CC(=O)Nc1ccc(OC(=O)c2ccccc2O)cc1,1,train,0.7502392194095553,0.9956609251069148,0.0024135210037308,0.0930554792327799,0.9924694720290012,411.21227886346645,4385.723835504175,4419.001248006164,4.121471249827688,0.1253522931440228
benorilate,CC(=O)Nc1ccc(OC(=O)c2ccccc2OC(C)=O)cc1,1,train,0.6099064826236555,0.9880775892779016,0.0012402450788663,0.1539567392703882,0.9392022326298864,757.2714849942292,4619.681299981432,4918.729044165209,4.05346216271168,0.150373716370041
salsalate(salsalic-acid),O=C(Oc1ccccc1C(=O)O)c1ccccc1O,1,train,0.4140093136374573,0.9658640922252962,0.0013631612981426,0.2590493299543627,0.8531127201764833,625.834023705697,2061.024309295146,2415.8874443564528,3.143290076487043,0.1407862562971786
pidolacetamol,CC(=O)Nc1ccc(OC(=O)[C@@H]2CCC(=O)N2)cc1,1,train,0.8181850819845574,0.9978774116696976,0.003341628382914,0.0651204367259973,0.9766940811853596,292.2808790406623,4383.708386413571,4488.312636330616,4.179886871398262,0.0967254521477076
hydroxindasol,COc1ccc(Cn2c(C)c(CCN)c3cc(O)ccc32)cc1,1,train,0.3333135825434943,0.949411354554452,0.0006409628494589,0.3140351570176191,0.8527929546299365,1330.4873369023692,3613.067523745529,4236.746450741252,3.845516794803207,0.2932545356781585
declenperone,O=C(c1ccc(F)cc1)C1CCN(CCCn2c(=O)[nH]c3ccccc32)CC1,1,train,0.6677386210179679,0.9918586001556692,0.0007684760422271,0.1273440901543383,0.9498396270062722,1236.0042145926593,9219.161884497364,9706.01943988644,5.140716528289429,0.1698368525412359
milenperone,O=C(c1ccc(F)cc1)C1CCN(CCCn2c(=O)[nH]c3cc(Cl)ccc32)CC1,1,train,0.6884380136378925,0.9930407807427956,0.0006303659488856,0.1177709972010888,0.9358362253703856,1484.5919691960971,11796.919255896544,12605.751878463088,5.578734578057649,0.1620977610121397
homprenorphine,CCC(C)(O)C1CC23C=CC1(OC)C1Oc4c(OC)ccc5c4C12CCN(CC1CC1)C3C5,1,train,0.1766182896399627,0.8385187784855542,0.0001589857378869,0.5448726990105981,0.5680565216771776,3573.003020442361,3725.030950201928,6557.500544494824,3.916663961766557,0.2181199588499785
cyprenorphine,COC12C=CC3(CC1C(C)(C)O)[C@@H]1Cc4ccc(O)c5c4[C@]3(CCN1CC1CC1)[C@@H]2O5,1,train,0.1642232534267208,0.8430100443429801,0.0002115374282733,0.5378978203495965,0.6020480972769903,2846.0594524156645,3185.483586734762,5291.078239666265,3.655986738064237,0.3100435673634716
viqualine,C=CC1CNCCC1CCCc1ccnc2ccc(OC)cc12,1,train,0.3925296522062758,0.9604790823748158,0.0007473938902487,0.278352173191502,0.9504793051057993,1271.7247458224376,4342.513438411561,4568.761692216107,4.049797748104425,0.4038068876758744
ivoqualine,C=C[C@@H]1CNCC[C@H]1CCCc1ccnc2ccc(OC)cc12,1,train,0.3897790026238724,0.9599665201796456,0.0007448430668066,0.2801147624352958,0.9494174559808009,1274.6543510852405,4320.297440738234,4550.471885178399,4.042318780451745,0.4005709793692625
azabuperone,O=C(CCCN1CCN2CCCC2C1)c1ccc(F)cc1,1,train,0.764290123363729,0.9962767509367404,0.0018812769160146,0.0862127342272148,0.9592670588001642,509.9021045940954,5673.5503929254455,5914.463903328267,4.564103093622092,0.1410891542138122
galantamine,COc1ccc2c3c1O[C@H]1C[C@@H](O)C=C[C@@]31CCN(C)C2,1,train,0.1738507240962535,0.846377673256681,0.0003983219095147,0.5325831711691676,0.5883711002692803,1477.1246226101778,1631.852988392566,2773.5097587997006,3.1992862687205963,0.2278307220512397
thc,CCCCCc1cc(O)c2c(c1)OC(C)(C)[C@@H]1CCC(C)=C[C@@H]21,1,train,0.4402909703117363,0.9700320824758396,0.0007647106880967,0.2429768692027821,0.8652010117266657,1131.409597373408,4028.765090012623,4656.449813867521,3.950728377239364,0.19071421429387
ceftiofur,CO/N=C(\C(=O)N[C@@H]1C(=O)N2C(C(=O)O)=C(CSC(=O)c3ccco3)CS[C@H]12)c1csc(N)n1,0,train,0.4990186695233252,0.9775207148740142,0.0003646817959144,0.2108393985767274,0.9240004310181112,2533.716904352953,11103.975478511064,12017.283873207867,4.949733022933188,0.2499967187469427
ocinaplon,O=C(c1ccccn1)c1cnn2c(-c3ccncc3)ccnc12,1,train,0.5999985645341318,0.9874915862124836,0.0011952699877277,0.1576717069088582,0.8860624911321342,741.3074035403149,4165.900766554861,4701.587989840346,3.9931299176161152,0.1099424709726796
puromycin,COc1ccc(C[C@H](N)C(=O)NC2[C@@H](CO)O[C@@H](n3cnc4c(N(C)C)ncnc43)[C@@H]2O)cc1,0,train,0.4659187599849412,0.9730686479998631,0.0003952905343945,0.2305155228606486,0.9343430178444908,2363.6867988137847,9580.674782487144,10253.91595967566,4.851717467784076,0.2768294037243968
suclofenide,NS(=O)(=O)c1ccc(N2C(=O)CC(c3ccccc3)C2=O)c(Cl)c1,1,train,0.5938582176677414,0.9864443646528106,0.0010134984380756,0.164096055542822,0.9806020351986372,967.5417330297396,5781.8171765925845,5896.191287652571,4.16313505432439,0.2038241701357196
cerivastatin,COCc1c(C(C)C)nc(C(C)C)c(/C=C/[C@@H](O)C[C@@H](O)CC(=O)O)c1-c1ccc(F)cc1,1,train,0.3325700358035089,0.9484592549727908,0.0002432520895621,0.3168991032749363,0.7725976204713144,3176.119152201721,7743.35450610439,10022.49334055759,4.773353216063754,0.1998377945648053
Thioperamide,S=C(NC1CCCCC1)N1CCC(c2cnc[nH]2)CC1,1,train,0.6363176192997386,0.9899360241792527,0.0015639008861581,0.1415156105600147,0.9420286059505322,602.3582531912832,4009.7251694783154,4256.479202595334,3.8938957747056295,0.2066112887380206
metaxalone,Cc1cc(C)cc(OCC2CNC(=O)O2)c1,1,train,0.558122941666114,0.9839612415723348,0.0019968235256135,0.1783823844538177,0.8955978610846481,448.511272827402,2251.824011919566,2514.3249105043733,3.43281564345824,0.1230813040943397
mephenoxalone,COc1ccccc1OCC1CNC(=O)O1,1,train,0.543611516901126,0.982596497007766,0.0019050616817747,0.1857528574963712,0.8539358348636685,448.2457670704586,2060.658061935307,2413.129860353375,3.3203430708198707,0.1058033127400664
elopiprazole,Fc1ccc(-c2ccc(CN3CCN(c4cccc5ccoc45)CC3)[nH]2)cc1,1,train,0.6401423879447996,0.990289204431869,0.0006836854791818,0.1390226297611149,0.910561485539258,1331.842657575398,8723.217442154948,9580.04218352024,5.113606047519779,0.145843480881533
Lupitidine,Cc1ccc(Cc2cnc(NCCSCc3ccc(C(C)(C)N)o3)[nH]c2=O)cn1,0,train,0.6975832844543205,0.9934107473100872,0.0007023398973393,0.1146084077579572,0.9657439832462176,1375.0379081477708,11586.711764931368,11997.705360777094,5.493385972434367,0.1436314649067399
memantine,CC12CC3CC(C)(C1)CC(N)(C3)C2,1,train,0.0303219262986134,0.6332778441480046,0.0014646731244348,0.773924526107847,0.781311328960396,533.4373355569426,538.5287834940752,689.2627350106845,2.216125116717343,0.7218653959744319
amantadine,NC12CC3CC(CC(C3)C1)C2.[Cl-].[H+],1,train,0.0483062109007897,0.7116695417768758,0.0032708024158707,0.7025143865481274,0.9987201709624104,305.3440850221822,434.088329911836,434.6446006928342,1.7684181481774188,0.850000981351808
methitural,CCCC(C)C1(CCSC)C(=O)NC(=S)NC1=O,1,train,0.1145369312283548,0.8334321544475438,0.0005036501027759,0.5526217910406045,0.7446341291726485,1478.4750863117936,1992.181680577897,2675.383255386614,3.2640473963245946,0.4667325973850198
Thiopental,CCCC(C)C1(CC)C(=O)NC(=S)NC1=O,0,train,0.2409948814526363,0.9199808366076718,0.0012503348288046,0.3919633404728663,0.8783686719408854,702.5067619532247,1574.2797037649536,1792.2766989017834,2.897450878854848,0.4995744166772237
thiamylal,C=CCC1(C(C)CCC)C(=O)NC(=S)NC1=O,1,train,0.1038317775372195,0.8234387148252902,0.0007217533942348,0.5674052193334799,0.7618391445209163,1055.5393997538408,1417.2432785535684,1860.2920166891715,2.9185218586453936,0.3789940393182077
thiotetrabarbital,CCCC(CC)C1(CC)C(=O)NC(=S)NC1=O,1,train,0.1687397816638201,0.8818689521498687,0.0010411873650162,0.471494593006211,0.9058220060980188,869.9894337306995,1671.3989637112138,1845.1737233797696,2.924911267426584,0.4257386265339052
proxorphan,Oc1ccc2c(c1)C13CCN(CC4CC4)C(C2)C1CCOC3,1,train,0.2031253495011108,0.90157475997225,0.0005634054567724,0.432623337536222,0.7543806980633002,1338.9659063382992,2334.8024654862134,3094.992318176068,3.3620450653110456,0.37943763762744
Enalapril,CCOC(=O)[C@H](CCc1ccccc1)N[C@@H](C)C(=O)N1CCC[C@H]1C(=O)O,0,train,0.3701319019444895,0.9575481908359796,0.0004214337855483,0.28827324230102,0.810485837068243,1923.1629377165875,5407.0100677822575,6671.319621501279,4.312377674229975,0.1982600252067197
triclodazol,O=C1N(C(O)C(Cl)(Cl)Cl)CNC1(c1ccccc1)c1ccccc1,1,train,0.2681907762849962,0.9306852581500646,0.0004887963178906,0.3658209264956661,0.8275039107982167,1692.942193937162,3829.513799711267,4627.78936720346,3.627528550551628,0.390772695995116
doxenitoin,O=C1NCNC1(c1ccccc1)c1ccccc1,1,train,0.1164132504121755,0.8414396374937337,0.0008811791132118,0.5403511233026299,0.7992418712234256,907.014089689728,1341.5788493949854,1678.56427159076,2.870590459389413,0.4970089252619437
panamesine,COc1ccc(N2C[C@H](CN3CCC(O)(c4ccc5c(c4)OCO5)CC3)OC2=O)cc1,1,train,0.7415755325311187,0.9954123228862028,0.0007820092807183,0.0956781450817995,0.9633128134306648,1231.8431982619857,12402.522394311269,12874.86496742623,5.574935273072649,0.1238031299860829
cyclosporina,CC=CCC(C)C(O)C1C(=O)NC(CC)C(=O)N(C)CC(=O)N(C)C(CC(C)C)C(=O)NC(C(C)C)C(=O)N(C)C(CC(C)C)C(=O)NC(C)C(=O)NC(C)C(=O)N(C)C(CC(C)C)C(=O)N(C)C(CC(C)C)C(=O)N(C)C(C(C)C)C(=O)N1C,0,train,0.1474835691020868,0.8404499718024755,2.3644960052150428e-05,0.5418891444725741,0.637686181328855,26969.22219036947,31736.93455093109,49768.89178434987,6.715571993654492,0.29721499897649
oximonam,CO/N=C(\C(=O)NC1C(=O)N(OCC(=O)O)[C@H]1C)c1csc(N)n1,0,train,0.6828302206578502,0.9927402078785744,0.0010926939453484,0.1202783424445342,0.937863226329288,858.3036726081385,6692.571872893527,7135.97855743598,4.53318783458399,0.1062972393047262
aztreonam,C[C@H]1[C@H](NC(=O)/C(=N\OC(C)(C)C(=O)O)c2csc([NH3+])n2)C(=O)N1S(=O)(=O)[O-],0,train,0.3480006871577407,0.9528706967951156,0.0003919447466097,0.3033767215677413,0.8209902776325284,2094.658200509127,5668.510123962323,6904.478991284136,4.103940644302162,0.2497121961393519
tigemonam,CC1(C)[C@H](NC(=O)/C(=N\OCC(=O)O)c2csc(N)n2)C(=O)N1OS(=O)(=O)O,0,train,0.3245214678605819,0.9467339903177544,0.0003025699533328,0.3220166945625984,0.7843662248407819,2592.3467158618987,6314.421709597803,8050.348816179029,4.402665261711537,0.2278482641672935
gloximonam,CO/N=C(\C(=O)N[C@@H]1C(=O)N(OCC(=O)OCC(=O)OC(C)(C)C)[C@H]1C)c1csc(N)n1,0,train,0.521483510393469,0.9802366964092954,0.0003873916350706,0.1978282563553318,0.9078201193843004,2343.4169383100766,10753.77746282455,11845.71396161384,5.143057545016388,0.170287952126599
carumonam,NC(=O)OCC1[C@H](NC(=O)/C(=N\OCC(=O)O)c2csc(N)n2)C(=O)N1S(=O)(=O)O,0,train,0.2450630070844676,0.9105482808921628,0.0001818013460103,0.4134027432955994,0.6512060864260947,3581.965154366656,5642.433553523499,8664.58970690818,4.379191800780716,0.1133977515087577
zylofuramine,CCN[C@H](Cc1ccccc1)[C@H]1CCCO1,1,train,0.4112705364184992,0.9653847940209624,0.0015588301810068,0.2608298285723931,0.8589454893189065,551.019283424527,1814.5759272079213,2112.562380002454,3.19512349913745,0.2460061503060777
ethotoin,CCN1C(=O)NC(c2ccccc2)C1=O,1,train,0.3596753745211782,0.9530025298311124,0.0022688622093719,0.3029623378169307,0.9641812400519486,424.96244860935616,1352.448042314993,1402.6906831770812,2.7902734410991625,0.3305335528124659
metetoin,CCC1(c2ccccc2)C(=O)NC(=O)N1C,1,train,0.1438315777751418,0.8626882796204478,0.0014404969742349,0.5057360301634759,0.9226332535342134,640.496488390224,1168.481823946165,1266.4640250827842,2.654334798442612,0.6382505629398774
mephenytoin,CCC1(c2ccccc2)NC(=O)N(C)C1=O,1,train,0.1982846402276686,0.8932315915770832,0.0016232483797593,0.4495968458615684,0.9810352835897912,604.3654783966186,1318.7455916300237,1344.2386973121777,2.7358968557688024,0.4914885066045106
losigamone,COC1=CC(=O)OC1C(O)c1ccccc1Cl,1,train,0.2533676980334599,0.9253436030847534,0.0011346656257303,0.3791295507212889,0.8471409012318109,746.5995990550225,1668.2293849147477,1969.246653642869,2.9338369897610685,0.330881374556381
Propanthelinebromide,CC(C)[N+](C)(CCOC(=O)C1c2ccccc2Oc2ccccc21)C(C)C.[Br-],0,train,0.1998636046952235,0.9021519804564712,0.000439369475436,0.4314183632606138,0.830026516401001,1889.1310452943092,3634.589980592442,4378.884178727255,3.322970214146284,0.3714822832043424
methantheline,CC[N+](C)(CC)CCOC(=O)C1c2ccccc2Oc2ccccc21,0,train,0.2131616757185227,0.9078035210924597,0.0005584360588239,0.4193957165877262,0.8792553248452208,1574.4959712969564,3300.901539895965,3754.2013640657074,3.56006643332183,0.4306334645129157
Cisapride,COc1cc(N)c(Cl)cc1C(=O)NC1CCN(CCCOc2ccc(F)cc2)CC1OC.O,1,train,0.8479360978478135,0.9985474146878126,0.0009599767662723,0.0538800577234803,0.9859194891773876,1027.0243237300092,18792.914102305767,19061.307042409557,6.337920141034211,0.1308461731617898
fumoxicillin,CC1(C)S[C@@H]2[C@H](NC(=O)[C@@H](N=Cc3ccco3)c3ccc(O)cc3)C(=O)N2[C@H]1C(=O)O,0,train,0.3632816572884647,0.9561897176190208,0.0003406609189985,0.2927477137735788,0.8175485884803557,2399.8895760739306,6702.10643197528,8197.808089220767,4.416396791584096,0.1815592026360641
meticillin,COc1cccc(OC)c1C(=O)N[C@@H]1C(=O)N2[C@@H](C(=O)O)C(C)(C)S[C@H]12,0,train,0.4627189520826256,0.9729022491445752,0.0007670462307397,0.2312168108279039,0.9144434921597836,1192.1621611749383,4714.903410275741,5156.03583020731,3.8132092377506623,0.1989802036189207
ICI197067,CC(C)[C@@H](CN1CCCC1)N(C)C(=O)Cc1ccc(Cl)c(Cl)c1,1,train,0.5170453015996908,0.9798439687085544,0.0006521694494365,0.1997643536406578,0.8911685225763565,1366.4677536586723,6095.947685275034,6840.398343123396,4.473671008401418,0.2500027112739318
ciclesonide,CC(C)C(=O)OCC(=O)[C@@]12O[C@H](C3CCCCC3)O[C@@H]1C[C@H]1[C@@H]3CCC4=CC(=O)C=C[C@]4(C)[C@H]3[C@@H](O)C[C@@]12C,1,train,0.1754784211548853,0.8864279829386417,0.0002283660394674,0.462866536988073,0.9010021856040822,3945.4298358250535,7680.055958155231,8523.903804968122,4.3165718014819205,0.5309067149734655
cloxypendyl,OCCN1CCN(CCCN2c3ccccc3Sc3cc(Cl)cnc32)CC1,1,train,0.3700589772470589,0.9566227850018258,0.0003085063016135,0.2913294479028004,0.7629373093595726,2473.003972266924,6476.334645258241,8488.685198387568,4.640062367571469,0.1422129310357074
mesoridazine,CN1CCCCC1CCN1c2ccccc2Sc2ccc(S(C)=O)cc21,1,train,0.2397712631199209,0.914327576853288,0.0002984048827547,0.4049754093838227,0.6997863438935005,2345.09012531384,4052.251091963899,5790.697585519911,3.970350568170137,0.2444053343872536
Sulforidazine,CN1CCCCC1CCN1c2ccccc2Sc2ccc(S(C)(=O)=O)cc21,1,train,0.2130063241551392,0.8588762578848541,0.0001626815799589,0.5121831446286665,0.541390230332119,3327.913525726843,3517.6867671521377,6497.506918427753,4.070846205499187,0.1483996510792613
oxyridazine,COc1ccc2c(c1)N(CCC1CCCCN1C)c1ccccc1S2,1,train,0.2535274889324616,0.9143878257282329,0.0002912311918498,0.4048393559919723,0.6521706952400926,2239.3572992562777,3607.463516407487,5531.47135057858,4.005933955535186,0.1557143351577652
thioridazine,CSc1ccc2c(c1)N(CCC1CCCCN1C)c1ccccc1S2,1,train,0.2245858768778276,0.8938937250385596,0.000234461787598,0.4482789403225273,0.6176510553940995,2634.3356916345974,3629.660182184311,5876.554650859235,4.047241338405426,0.1783344282097534
Dexrazoxane,C[C@@H](CN1CC(=O)NC(=O)C1)N1CC(=O)NC(=O)C1,0,train,0.6000835773810005,0.9870076274599952,0.0016479391803116,0.1606734058137541,0.9760005558176637,592.2552042443104,3597.617201183825,3686.081098765205,3.831317038934138,0.260868698001577
sipatrigine,CN1CCN(c2ncc(-c3cc(Cl)cc(Cl)c3Cl)c(N)n2)CC1,1,train,0.5931809962859756,0.9869050324461928,0.0008196463704003,0.1613023773302159,0.9141584111107678,1115.3083135892966,6320.852133271263,6914.394766210132,4.387804125332902,0.1734255741763787
revospirone,O=C1c2ccccc2S(=O)(=O)N1CCCN1CCN(c2ncccn2)CC1,1,train,0.7756144516831632,0.996671656837563,0.0011292482209859,0.081520601424837,0.9522931278142912,843.2983201716894,9851.095072418875,10344.603761899623,5.2105225572455405,0.0782547279918157
bepridil,CC(C)COCC(CN(Cc1ccccc1)c1ccccc1)N1CCCC1,0,train,0.0784782193328624,0.7951531446188745,0.0003012521299378,0.606408671279291,0.8545949143600008,2836.809534048321,3997.8369631345504,4678.049091982367,3.962848717749264,0.5382857082051606
flomoxef,CO[C@@]1(NC(=O)CSC(F)(F)F)C(=O)N2C(C(=O)O)=C(CSc3nnnn3CCO)CO[C@@H]21.[Na],0,train,0.2193273624842695,0.911426695564214,0.0003025063990758,0.4114624874917486,0.8451590898885967,2793.8552456094244,5738.681479941948,6790.060650827743,3.775552794009316,0.3111910361718669
benperidol,O=C(CCCN1CCC(n2c(=O)[nH]c3ccccc32)CC1)c1ccc(F)cc1,1,train,0.7025155063115329,0.9937364852588564,0.0007783108640593,0.1117488159461857,0.940932814883624,1208.942157091387,10179.377179721305,10818.388963276093,5.3952020945658665,0.1510374108177468
cyprolidol,OC(c1ccccc1)(c1ccccc1)C1CC1c1ccncc1,1,train,0.2493259880373324,0.9235091240537048,0.0006566685918266,0.383576456250327,0.7920371409798536,1206.144394353788,2490.536481439837,3144.469309051237,3.368882514194458,0.343760176254249
Digitoxin,C[C@H]1O[C@@H](O[C@H]2[C@@H](O)C[C@H](O[C@H]3[C@@H](O)C[C@H](O[C@H]4CC[C@]5(C)[C@H]6CC[C@]7(C)[C@H](C8=CC(=O)OC8)CC[C@]7(O)[C@@H]6CC[C@@H]5C4)O[C@@H]3C)O[C@@H]2C)C[C@H](O)[C@@H]1O,0,train,0.8072579332360568,0.9975911883426336,0.0002983505396287,0.069367290138307,0.975618653898608,3270.041526026825,45991.61226355936,47140.972632877805,7.9380331959071535,0.112867996913428
Digoxin,C[C@H]1O[C@@H](O[C@H]2[C@@H](O)C[C@H](O[C@H]3[C@@H](O)C[C@H](O[C@H]4CC[C@]5(C)[C@H]6C[C@@H](O)[C@]7(C)[C@@H](C8=CC(=O)OC8)CC[C@]7(O)[C@@H]6CC[C@@H]5C4)O[C@@H]3C)O[C@@H]2C)C[C@H](O)[C@@H]1O,0,train,0.8155365122760165,0.9977950499281032,0.0003034909055762,0.0663704628503833,0.9862382745254312,3249.6468803668563,48288.44028607594,48962.24526401785,8.021533743523179,0.1211801142267624
chlorothiazide,NS(=O)(=O)c1cc2c(cc1Cl)NC=NS2(=O)=O,0,train,0.3691003443704771,0.9570221875893392,0.0010256982559497,0.2900147107677744,0.7885050291061274,768.7495075011125,2090.110709152485,2650.72590788913,3.052091384333825,0.1015711793065168
topiramate,CC1(C)O[C@@H]2CO[C@@]3(COS(N)(=O)=O)OC(C)(C)O[C@H]3[C@@H]2O1,1,train,0.3392115813946992,0.9508773027832488,0.0007228588552846,0.3095680136119585,0.8421347196535917,1165.0057455850372,3169.228550152701,3763.327263666731,3.4540448026098343,0.3123717285445527
Abacavir,Nc1nc(NC2CC2)c2ncn([C@H]3C=C[C@@H](CO)C3)c2n1,1,train,0.3821796425819991,0.9592693473092796,0.0007558749856343,0.2824930429458898,0.771385854457462,1020.520415568548,2786.6704416696584,3612.55061337572,3.599474795184103,0.1373683702890858
Omeprazole,COc1ccc2nc(S(=O)Cc3ncc(C)c(OC)c3C)[nH]c2c1,0,train,0.753184699239673,0.9958254707055508,0.0015226610616197,0.0912777732751426,0.9779903117241476,642.290222279527,6881.780658814442,7036.655247312429,4.590925701958513,0.1086722689188807
Dacarbazine,CN(C)N/N=C1/N=CN=C1C(N)=O,1,train,0.1771904025803765,0.8821766685793142,0.00153713840904,0.4709185974394118,0.7095753450868539,461.62098410513886,695.5657960352269,980.2564320355406,2.4219970089741434,0.2680307408771366
prothipendyl,CN(C)CCCN1c2ccccc2Sc2cccnc21,1,train,0.2519122484722791,0.9148908790021564,0.000549633667786,0.4037012255600194,0.6606288405633193,1201.9439115227026,1966.897206194713,2977.310534183667,3.281311650124464,0.1545838719947825
setiptiline,CN1CCC2=C(C1)c1ccccc1Cc1ccccc12,1,train,0.1877922469863437,0.8696304425179537,0.0005099682638147,0.493703244313857,0.6169059590018481,1209.6948041180433,1511.571863926373,2450.246819421377,3.1453402005336737,0.2272082206353458
pecazine,CN1CCCC(CN2c3ccccc3Sc3ccccc32)C1,1,train,0.10264631087694,0.8039394624720491,0.0004160521492249,0.5947111405381211,0.6923309637586911,1664.0485214375185,1937.196460697904,2798.0786099480383,3.210295535205868,0.4187944667731782
myrophine,CCCCCCCCCCCCCC(=O)O[C@H]1C=C[C@H]2[C@H]3Cc4ccc(OCc5ccccc5)c5c4[C@@]2(CCN3C)[C@H]1O5,1,train,0.4050831794629798,0.9643131323323392,0.0001625323218324,0.2647643911317998,0.8339762304188822,5131.140815662203,16162.481128605472,19380.02611955442,5.891910377864583,0.1572092745557079
flunisolide,CC1(C)O[C@@H]2CC3[C@@H]4C[C@H](F)C5=CC(=O)C=CC5(C)[C@H]4[C@@H](O)C[C@]3(C)[C@]2(C(=O)CO)O1.CC1(C)O[C@@H]2CC3[C@@H]4C[C@H](F)C5=CC(=O)C=CC5(C)[C@H]4[C@@H](O)C[C@]3(C)[C@]2(C(=O)CO)O1.O,1,train,0.4120294966790315,0.9631498414837576,0.0003039389239925,0.2689653934055686,0.9834849322797806,3235.7979009755136,11831.851076518724,12030.536196514717,3.908297949228296,0.4285673577376645
Org30526,Clc1ccc2c(c1)[C@H]1CNC[C@H]1c1ccccc1O2,1,train,0.282815999883339,0.935096066300968,0.0008636438391041,0.354394337974601,0.7926927094742173,917.8467715307834,2052.9968067916584,2589.902470723345,3.198667914411708,0.2850005504102059
Org5222,CN1CC2c3ccccc3Oc3ccc(Cl)cc3C2C1,1,train,0.2577752971560623,0.9263780291121884,0.000720550237806,0.376594937802166,0.7817528594696169,1084.9387293936236,2252.1650423733336,2880.9169229023646,3.298372697228031,0.3316196970332102
Org30526,Clc1ccc2c(c1)C1CNCC1c1ccccc1O2,1,train,0.3215393990918037,0.9453484503009736,0.0008460073000636,0.3260618154791322,0.7617193908392642,900.3697613271175,2103.37142704181,2761.3468323608126,3.2569087746285903,0.1795451355313035
Org5222,CN1C[C@@H]2c3cc(Cl)ccc3Oc3ccccc3[C@@H]2C1,1,train,0.2577696877628928,0.9263760600095976,0.0007205488887892,0.3765997815202428,0.7817550871913747,1084.9438523247563,2252.1531277794857,2880.8934724951214,3.2983646762078345,0.3316293731453604
lamotrigine,Nc1nnc(-c2cccc(Cl)c2Cl)c(N)n1,1,train,0.4623704361418911,0.9731025749544164,0.0016972579831691,0.2303722609540571,0.8888718795946023,523.7105309912162,2020.692778365734,2273.3228767314968,3.0669356321725334,0.1906489078373733
moxadolen,CNC(=O)O[C@H]1OC(=O)[C@]2(C)[C@@H]3C=C[C@@H](C3)[C@H]12,1,train,0.3276148308575401,0.9474103172065907,0.0016184982246955,0.3200213912389406,0.8935600543202359,552.0920818361172,1541.5451721066838,1725.172432063779,2.836882335346334,0.3512722841151826
furfenorex,CC(Cc1ccccc1)N(C)Cc1ccco1,1,train,0.3458685687669648,0.9522078369420136,0.0011237264105273,0.3054508720992809,0.8027822572685412,714.3929783512324,1877.5589141261075,2338.8146625393583,3.2788263428355178,0.2450146646887231
apalcillin,CC1(C)S[C@@H]2C(NC(=O)[C@H](NC(=O)c3c[nH]c4cccnc4c3=O)c3ccccc3)C(=O)N2[C@H]1C(=O)O,0,train,0.5179484715411493,0.9792512249451352,0.0003841327013944,0.2026500393374059,0.9609200123865766,2501.5313950059294,11861.688193764934,12344.095284585452,5.059994664530525,0.2502734470472291
axamozide,O=c1[nH]c2cc(Cl)ccc2n1C1CCN(CC2COc3ccccc3O2)CC1,1,train,0.745205903540013,0.9955237134747184,0.0009516117691248,0.0945120939854087,0.9751275010915889,1024.711476601826,10572.449507603502,10842.120128668676,5.296948081403154,0.2017055150018586
blonanserin,CCN1CCN(c2cc(-c3ccc(F)cc3)c3c(n2)CCCCCC3)CC1,1,train,0.3260840731869229,0.944813952615537,0.0003202421178406,0.3276073792560325,0.7220451182463384,2254.6850586520445,4969.315231786527,6882.277999269233,4.380820550539136,0.138282886774038
etrabamine,CNC1CCc2ncsc2C1,1,train,0.5063907643123867,0.978586971798076,0.0037978685695251,0.2058337645457411,0.8282886234726519,218.09301936328467,877.6206721772611,1059.5590079431267,2.530691585985464,0.1967992421028771
spiclomazine,O=C1CSC2(CCN(CCCN3c4ccccc4Sc4ccc(Cl)cc43)CC2)N1.[Cl-].[H+],1,train,0.4007606266425657,0.9635044260822178,0.0003413251824535,0.2676923998173581,0.8667700365788219,2539.4259818401542,8222.491010841446,9486.358161728764,4.580674795197942,0.3166291451134554
amperozide,CCNC(=O)N1CCN(CCCC(c2ccc(F)cc2)c2ccc(F)cc2)CC1,1,train,0.4846825525727388,0.9761315545153304,0.0003736511572009,0.2171800826030886,0.8605182261956801,2302.998959355292,9125.019917488184,10604.098367363544,5.238051976201867,0.2120068380673709
hexapropymate,C#CCC1(OC(N)=O)CCCCC1,1,train,0.1361433226997628,0.8594689836431398,0.0015703229579623,0.5111878971136036,0.791754791397093,504.1986983521505,780.9295515221801,986.3275347461918,2.5033185052158973,0.5381160597204137
Cyclohexane,C1CCCCC1,1,train,0.14425571373731,0.8180672336437519,0.0052152435242113,0.5751225967030501,0.5998979375920397,115.02779013234225,119.9829992104988,200.00568712088688,1.6076067893818755,0.4712439938588525
procymate,CCC(OC(N)=O)C1CCCCC1,1,train,0.2461667545323475,0.9226939164707296,0.0017853979462032,0.3855333143943674,0.8379151707359713,469.3156349360947,1020.007028430962,1217.3153847245096,2.70272002163904,0.3713558521926415
Lomustine,O=NN(CCCl)C(=O)NC1CCCCC1,1,train,0.2553797690483297,0.9217781163725988,0.0008451660793576,0.3877178151395467,0.7120676183476164,842.5179804764668,1547.336099469651,2173.018488132224,3.124465582938302,0.3277649949592369
cimemoxin,NNCC1CCCCC1,1,train,0.4095504157525341,0.9645749329189856,0.0055174295175469,0.2638090195280185,0.9100637814462456,164.94343580683469,569.006500170709,625.2380456966008,2.3022292762529264,0.3835163169368922
cimepanol,CC(C)C(O)C1CCCCC1,1,train,0.3427167690619083,0.9503451461646448,0.0034593570695332,0.3111978521154991,0.925208527182539,267.4510056596631,795.1467189048176,859.4243303466,2.4798634578191376,0.4416842993543234
Gabapentin,NCC1(CC(=O)O)CCCCC1,1,train,0.2275321431098366,0.9133288742908728,0.0024526962683414,0.4072227491024623,0.905156967869687,369.04568231832144,820.298648709829,906.250161936471,2.473637276156618,0.5659736193095334
ethinamate,C#CC1(OC(N)=O)CCCCC1,1,train,0.1227404495115184,0.8480556342489343,0.0019633089506121,0.5299072005725509,0.8058871391168229,410.4739291620608,624.2520579019091,774.6147414463409,2.326037198117473,0.5710126375320168
cyprodenate,CN(C)CCOC(=O)CCC1CCCCC1,1,train,0.6486067116870715,0.990750673012348,0.0023364566530571,0.1356948927763287,0.9380876294988718,401.5001212504554,2775.655658670837,2958.844751159972,3.673517621195703,0.1342947149032154
acevaltrate,CC(=O)OCC1=CO[C@@H](OC(=O)CC(C)C)[C@H]2C1=C[C@H](OC(=O)CC(C)(C)OC(C)=O)[C@]21CO1,1,train,0.2518887243484928,0.9203632048146094,0.0001729647678922,0.3910646637365503,0.7113738398780819,4112.825106215323,7481.515104433922,10516.99498215472,4.796685795323133,0.1598934747084957
valtrate,CC(=O)OCC1=CO[C@@H](OC(=O)CC(C)C)[C@H]2C1=C[C@H](OC(=O)CC(C)C)[C@]21CO1,1,train,0.2101621208805501,0.867209411097326,0.0001329724330043,0.4979436085584683,0.563792290950487,4239.918592240384,4800.6107026516565,8514.85694236506,4.558166691988926,0.1215937444976743
Clofazimine,CC(C)N=c1cc2n(-c3ccc(Cl)cc3)c3ccccc3nc-2cc1Nc1ccc(Cl)cc1,0,train,0.4523142615526151,0.9715435301804036,0.0002818745542996,0.2368610752415829,0.806688591479575,2861.8709251140936,9746.804633146136,12082.48726471908,5.106677550726936,0.156088367744313
clotrimazole,Clc1ccccc1C(c1ccccc1)(c1ccccc1)n1ccnc1,0,train,0.0233775373197126,0.6433543236017361,0.0004321661127876,0.7655685562397092,0.894656837757242,2070.168880170467,2419.2356502385505,2704.093399993653,3.2295580629239584,0.7747111374213538
valinomycin,CC(C)C1NC(=O)[C@@H](C(C)C)OC(=O)[C@H](C(C)C)NC(=O)[C@H](C)OC(=O)[C@@H](C(C)C)NC(=O)[C@@H](C(C)C)OC(=O)[C@H](C(C)C)NC(=O)[C@H](C)OC(=O)[C@@H](C(C)C)NC(=O)[C@@H](C(C)C)OC(=O)[C@H](C(C)C)NC(=O)[C@H](C)OC1=O,0,train,0.159593558928553,0.828778798290428,2.1431155946542628e-05,0.5595763607446922,0.584859475063379,27290.150681663585,28523.19061662519,48769.30584656125,6.859488543449719,0.2669641840084146
erizepine,CN1CCC2=C(CC1)c1ccccc1N(C)c1ccccc12,1,train,0.1281076985820968,0.8382727353575253,0.000476846529905,0.5452511541997983,0.6963068986753206,1460.232705927425,1864.7738734286445,2678.091911736416,3.214896183759864,0.418012064536548
noxiptiline,CN(C)CCON=C1c2ccccc2CCc2ccccc21,1,train,0.3292434179737102,0.9481077038036684,0.0006245420996182,0.3179493387131599,0.7939111231674065,1271.1891218425458,3174.1257508658364,3998.087012816082,3.786834325466065,0.2115549553520299
Stanozolol,C[C@]12Cc3cn[nH]c3C[C@@H]1CC[C@@H]1[C@@H]2CC[C@@]2(C)[C@H]1CC[C@]2(C)O,0,train,0.5849241495021715,0.9861911275721212,0.0012122774051377,0.1656111708129263,0.9232491624897252,761.5824221229376,4245.669721073053,4598.617462726702,3.823716267885841,0.2698014954712895
biriperone,O=C(CCCN1CCN2Cc3[nH]c4ccccc4c3CC2C1)c1ccc(F)cc1,1,train,0.7029842224916911,0.9937775847421508,0.0007318886322631,0.111382727853365,0.9312199089845584,1272.351923413575,10637.55094845005,11423.242615216084,5.458977572556859,0.0876106198486725
ricasetron,CN1[C@H]2CC[C@@H]1CC(NC(=O)N1CC(C)(C)c3ccccc31)C2,1,train,0.5465906408829923,0.9828228635698136,0.0010684931394565,0.1845513989229879,0.907145121619266,848.9948022321045,4173.154457888179,4600.316265206877,3.917847351320608,0.1851382144974353
sibopirdine,O.c1cncc(CC2(Cc3ccncc3)c3cccnc3-c3ncccc32)c1,1,train,0.1076009243199182,0.8286040569395932,0.0004750375897462,0.5598350800220073,0.9232892055957368,1943.6129382705328,3205.438368904737,3471.7598229002165,3.420390413603767,0.6845098007514033
tolazamide,Cc1ccc(S(=O)(=O)NC(=O)NN2CCCCCC2)cc1,0,train,0.6500915391082954,0.9906277184468288,0.0014266088244818,0.1365896168997869,0.9761060829457252,684.2142472378347,4889.5787536836015,5009.269831540921,4.122175750201001,0.155997674010272
amixetrine,CC(C)CCOC(CN1CCCC1)c1ccccc1,1,train,0.184279572997061,0.8709342289917327,0.0004249742096809,0.4913996019235019,0.6301457751920875,1482.7859216800462,1901.4490048497105,3017.474812506822,3.499231890742156,0.2476601766620827
prolintane,CCCC(Cc1ccccc1)N1CCCC1,1,train,0.2944498938096714,0.9384498618090296,0.0011581789844889,0.3454154844106051,0.7835344759897876,676.5227883456358,1534.6125242938676,1958.576899064068,3.0970785929320352,0.2891484437973727
harman,Cc1nccc2c1[nH]c1ccccc12,1,train,0.4673192987603505,0.9730457570543112,0.0026011536990026,0.2306121303804347,0.7718736838785545,296.74281999349176,993.2173700274692,1286.7615398373146,2.658970940693548,0.0196726137705773
pyritinol,Cc1ncc(CSSCc2cnc(C)c(O)c2CO)c(CO)c1O,1,train,0.6076978795498496,0.9880284568881244,0.0008632641923552,0.1542717355164952,0.9134404646741529,1058.1238892604144,6265.134529361083,6858.831825012278,4.386803326632589,0.1337839338910615
verapamil,COc1ccc(CCN(C)CCCC(C#N)(c2ccc(OC)c(OC)c2)C(C)C)cc1OC,0,train,0.3932902916583357,0.9617379062419188,0.0002964441686123,0.2739711658138686,0.9017216691995148,3041.7925689697013,10011.456003050644,11102.601107432756,5.154377130067167,0.3061628955021253
hydralazine,NNc1nncc2ccccc12,0,train,0.3502133703787585,0.9487227970913756,0.0023724611629432,0.316109244216484,0.6880779767694569,290.02707716228014,631.3046774599022,917.4900211512264,2.395800639869198,0.035245783634546
oxisopred,COC(=O)[C@@]1(O)CC[C@H]2C3CCC(=O)C4C(=O)C=CC4(C)[C@H]3C(O)CC21C,1,train,0.3495849806297509,0.9516180107225372,0.0007072377197887,0.3072835200079575,0.9370811926140268,1324.9875768701472,4040.6362785094807,4311.938293455617,3.5852125893883717,0.4447454350824018
xylazine,Cc1cccc(C)c1NC1=NCCCS1,1,train,0.388025099816584,0.9612125539944564,0.0017696529348672,0.2758086765195293,0.8535460212899799,482.32396560515184,1492.649567846108,1748.7628441993545,2.906878018634361,0.2237062604536549
Org13011,O=C1CCCN1CCCCN1CCN(c2cc(C(F)(F)F)ccn2)CC1,1,train,0.7717630717360336,0.9964902007719711,0.0012049820435908,0.0837094962679674,0.9806506714144598,813.8301119343749,9533.960676706967,9722.076326073871,5.204878825448919,0.1802861102899143
7-K08,O=C1CCCN1CCCCN1CCN(c2cc(C(F)(F)F)cc(Cl)n2)CC1,1,train,0.6844450980268328,0.9928357868681852,0.0007605321659228,0.1194868206700272,0.9339523902568494,1228.0248385333657,9598.688180099158,10277.491958085133,5.105225379414096,0.1645870068267037
brofaromine,COc1cc(Br)c2oc(C3CCNCC3)cc2c1,1,train,0.3713404496065225,0.95666337192266,0.0007387193150545,0.2911961414949837,0.7554848391967344,1022.6953916061796,2653.300485055176,3512.049941169282,3.4038924069286365,0.14927638553854
skb-i,CC[C@H](NC(=O)c1c(Cn2ccnc2)c(-c2ccccc2)nc2ccccc12)c1ccccc1,0,train,0.3246174356193693,0.9468042674050062,0.000365148770198,0.3218100048532821,0.8855276981143497,2425.1148309606237,6673.21189999239,7535.859029821861,4.315675515672034,0.3586479644930518
cefcanel-daloxate,Cc1nnc(SCC2=C(C(=O)OCc3oc(=O)oc3C)N3C(=O)C(NC(=O)C(OC(=O)C(C)N)c4ccccc4)C3SC2)s1,0,train,0.2897832945940447,0.9371374174297804,0.0001488478844241,0.3489605434043246,0.8777011864519467,5896.631919544721,14831.134721893844,16897.703855053216,5.331903470676784,0.3597254465903697
zalospirone,O=C1[C@H]2[C@H]3C=C[C@H]([C@@H]4C=C[C@@H]43)[C@H]2C(=O)N1CCCCN1CCN(c2ncccn2)CC1,1,train,0.7720533624904745,0.9964811314256046,0.0010195945407951,0.0838173890833347,0.9875147066507594,968.536675255852,11411.04753089896,11555.319079348705,5.340966416951045,0.1525128531624061
etizolam,CCc1cc2c(s1)-n1c(C)nnc1CN=C2c1ccccc1Cl,1,train,0.1816336980607467,0.890524408930114,0.0004567724989735,0.4549354647635983,0.7686763402136841,1682.842863659872,2843.395588569841,3699.0804059084303,3.463427729712413,0.3268990085730037
brotizolam,Cc1nnc2n1-c1sc(Br)cc1C(c1ccccc1Cl)=NC2,1,train,0.1464634838389802,0.8348250124974717,0.0002485162527583,0.5505153935255548,0.6267606745876783,2522.0108046502423,2871.3042574832625,4581.181260889068,3.559175774504874,0.3789598680763736
Dehydrocholic acid,C[C@H](CCC(=O)O)[C@H]1CC[C@H]2[C@@H]3C(=O)C[C@@H]4CC(=O)CC[C@]4(C)[C@H]3CC(=O)[C@@]21C,0,train,0.5574904504075113,0.9837057351552124,0.0007377061760399,0.1797860579209156,0.93148871531904,1262.6825497372051,6542.078733534809,7023.250658806006,4.291674736711556,0.2564697615462658
napitane,c1ccc(C2CCN(CC3CCCc4c3ccc3c4OCO3)C2)cc1,1,train,0.6548005174774564,0.9911197896644216,0.0010688436593384,0.1329720366676872,0.9419791426005256,881.3067602267984,6243.211784754305,6627.760108911377,4.527520004301787,0.1922468106091104
fenobam,CN1CC(=O)N=C1NC(=O)Nc1cccc(Cl)c1,1,train,0.7196079851842483,0.9945514007532504,0.0019860642396913,0.1042473561283316,0.9064680392975752,456.4142595097761,3968.6851953921337,4378.185466381672,4.06261477872312,0.032158010626953
rilapine,CN1CCN(C2=Cc3cc(Cl)ccc3/C(=C\C#N)c3ccccc32)CC1,1,train,0.2406278662640274,0.9190073379276832,0.0004598955182926,0.3942404251660056,0.9020495895017984,1961.4228745924493,4487.872338613029,4975.194701980496,3.973045337073581,0.335952084465083
cefonicid,O=C(O)C1=C(CSc2nnnn2CS(=O)(=O)O)CS[C@@H]2[C@H](NC(=O)C(O)c3ccccc3)C(=O)N12,0,train,0.3829370531933863,0.9598415483479036,0.0002990201065915,0.2805426920543455,0.8950874062131206,2993.4020705693133,9550.619463578249,10670.041157192018,4.625193308673161,0.2963227577250216
cefamandole,Cn1nnnc1SCC1=C(C(=O)O)N2C(=O)[C@@H](NC(=O)[C@H](O)c3ccccc3)[C@H]2SC1,1,train,0.4115821078800885,0.9652074627047172,0.0003936726294717,0.2614852843643822,0.8903234664208656,2261.58335573297,7700.397893405058,8648.989029078333,4.485465678166058,0.2624057646438923
ceforanide,NCc1ccccc1CC(=O)N[C@@H]1C(=O)N2C(C(=O)O)=C(CSc3nnnn3CC(=O)O)CS[C@H]12,0,train,0.5271142885044284,0.9807644607339228,0.0003410877786611,0.1951949603890879,0.9183365775226926,2692.3760831522645,12666.861033079342,13793.266372172066,5.296670860870004,0.2001895274896706
oxaflumazine,FC(F)(F)c1ccc2c(c1)N(CCCN1CCN(CCC3OCCCO3)CC1)c1ccccc1S2.O=C(O)CCC(=O)O,1,train,0.4704573759112559,0.9743023349053452,0.0002368180867131,0.2252442234508863,0.8643440839078133,3649.8229333077697,14005.69928668339,16203.846995008957,5.201611182498799,0.17951432940439
cefotaxime,CO/N=C(\C(=O)N[C@H]1C(=O)N2C(C(=O)[O-])=C(COC(C)=O)CS[C@@H]12)c1csc(N)n1.[Na+],1,train,0.471439900748777,0.9733916402236636,0.0004812720261915,0.2291478010862985,0.9591345668634138,1992.9156790044235,8341.665543006196,8697.07529182826,4.464333393346011,0.3298611395498915
ceftizoxime,CO/N=C(\C(=O)N[C@@H]1C(=O)N2C(C(=O)O)=CCS[C@H]12)c1csc(N)n1,0,train,0.5911267524739472,0.9864356318005992,0.0008995689664017,0.1641485434420685,0.9598312356128614,1066.9901602454297,6239.047038858268,6500.150034057369,4.24316184602641,0.2083103474272325
cefdaloxime,COCC1=C(C(=O)O)N2C(=O)[C@@H](NC(=O)/C(=N\O)c3csc(N)n3)[C@H]2SC1,0,train,0.596478942930076,0.9872050459450809,0.0006934951245604,0.159455941440169,0.9003896969644226,1298.3360157508496,7331.231192903136,8142.286853814162,4.50371468023725,0.1036150008828489
cefdinir,C=CC1=C(C(=O)O)N2C(=O)[C@@H](NC(=O)/C(=N\O)c3csc(N)n3)[C@H]2SC1,0,train,0.632264289845213,0.989555379051588,0.0009088100246939,0.1441532233079366,0.9599231722614888,1056.2418395249558,7033.564661306351,7327.216244541668,4.415245377693124,0.1952702610876965
cefetamet,CO/N=C(\C(=O)N[C@@H]1C(=O)N2C(C(=O)O)=C(C)CS[C@H]12)c1csc(N)n1,0,train,0.4018457552330415,0.96374056289902,0.0004870208534596,0.2668410152564262,0.8332522394118695,1710.9169627802476,5342.602183230386,6411.7465642832585,4.115833253651582,0.1615642491323415
cefixime,C=CC1=C(C(=O)O)N2C(=O)[C@@H](NC(=O)/C(=N\OCC(=O)O)c3csc(N)n3)[C@H]2SC1,0,train,0.4569489107140634,0.9714677033932612,0.0005290476165151,0.2371718812671994,0.951300767953552,1798.1382738661805,7212.365612972611,7581.582876767698,4.277273027572861,0.2598738581810133
cefpodoxime,COCC1=C(C(=O)[O-])N2C(=O)[C@@H](NC(=O)/C(=N\OC)c3csc(N)n3)[C@H]2SC1.[Na+],0,train,0.6187306281317361,0.988419932455118,0.0007851307284785,0.1517433264609015,0.97969516013782,1247.8115103662456,8056.202048431167,8223.172244004807,4.415728241630992,0.1679196557436714
nonaperone,O=C(CCCN1CC2CCC(CC2)C1)c1ccc(F)cc1,1,train,0.8063041790249955,0.9975748365039488,0.0022052849616981,0.0696020515079831,0.968359856485362,439.1087198725086,6109.234537554434,6308.847373875811,4.713171928999132,0.1313903066349575
procyclidine,OC(CCN1CCCC1)(c1ccccc1)C1CCCCC1,1,train,0.2600084706305561,0.9278258108342968,0.0006550057687701,0.373013759464285,0.822461930897289,1255.6560111547522,2768.609042627035,3366.245826851268,3.585447290380067,0.3236900712874587
fletazepam,Fc1ccccc1C1=NCCN(CC(F)(F)F)c2ccc(Cl)cc21,1,train,0.0757344418248967,0.7801283997360219,0.0003578388934133,0.6256194369785146,0.760793552951659,2126.0784306998157,2585.4483852961703,3398.35737995594,3.3714004284965764,0.5739080298272934
medazepam,CN1CCN=C(c2ccccc2)c2cc(Cl)ccc21,1,train,0.1580109790609574,0.86119661950774,0.000515866898794,0.5082719572713421,0.6729355124829122,1304.4750769162338,1727.0825034661157,2566.490356696655,3.2152048628680614,0.3733996262524691
tuclazepam,CN1c2ccccc2C(c2ccccc2Cl)=NCC1(Cl)CO,1,train,0.2110293268692598,0.9063897724562536,0.0006429630743512,0.4224423988980044,0.8897579988273892,1383.8399658101152,2914.675898746269,3275.807469657498,3.361111291409012,0.4183742840035852
metaclazepam,COCC1CN=C(c2ccccc2Cl)c2cc(Br)ccc2N1C,1,train,0.1266157089932827,0.8271459398388944,0.0002606306940333,0.5619871833129578,0.6659654140454363,2555.207154381397,3027.968681612872,4546.735637845429,3.586728479738187,0.3669393029779619
ropizine,Cc1cccc(/C=N/N2CCN(C(c3ccccc3)c3ccccc3)CC2)n1,1,train,0.5657549458397408,0.9846033537312354,0.0005963933592514,0.1748034205077347,0.909424501413426,1524.8736212537372,7933.239685466016,8723.362602542806,4.953423536893139,0.1995679632622833
hydromorphinol,CN1CC[C@]23c4c5ccc(O)c4O[C@H]2[C@@H](O)CC[C@@]3(O)[C@H]1C5,1,train,0.1324849429601268,0.8564371647008273,0.0007219611047992,0.5162512788547917,0.7942456469326061,1100.1224881131338,1692.523647040287,2130.982591565783,2.8487210479884566,0.5156878060664382
methyldihydromorphine,CO[C@H]1CC[C@H]2[C@H]3Cc4ccc(O)c5c4[C@@]2(CCN3C)[C@H]1O5,1,train,0.1444002281656991,0.8668028951867285,0.00073044249216,0.4986509208814371,0.8056769394003165,1102.9984537424584,1782.1293036091672,2211.9651394461484,2.9079352989379457,0.4765352919184272
desomorphine,CN1CCC23c4c5ccc(O)c4OC2CCCC3C1C5,1,train,0.1771423444628402,0.8820792288828758,0.0007476442583612,0.4711010867885905,0.7090940182137627,948.4377232669646,1427.5736886989762,2013.236118244367,2.843852867920432,0.3855920514379975
dihydrocodeine,COc1ccc2c3c1O[C@H]1[C@@H](O)CC[C@H]4[C@@H](C2)N(C)CC[C@]314,1,train,0.1763967113734198,0.8890626425027864,0.0007522280098054,0.4577855586472364,0.8198842985897693,1089.9411985494546,1952.061742003156,2380.8990431464204,2.9994342224337887,0.4298747844009545
dihydromorphine,CN1CCC23c4c5ccc(O)c4OC2C(O)CCC3C1C5,1,train,0.1661705940233762,0.8745121094649032,0.0006683885192703,0.4850036808099965,0.7092667089890916,1061.1593235672815,1551.8335446087265,2187.9407632433986,2.8902502769855203,0.3953719074388626
centazolone,Nn1cnc2cc3ccccc3cc2c1=O,1,train,0.5667675489845742,0.9845701031463884,0.0025278210450764,0.1749906054344353,0.8263984019130233,326.921244493413,1543.8954184428965,1868.2216892832137,2.975043572134139,0.0131518786457937
imidoline,CN(C)CCN1CCN(c2cccc(Cl)c2)C1=O,1,train,0.6850034001056028,0.992852538346684,0.0019595918021325,0.1193475475179383,0.9390881814089976,479.2264288853517,3770.801201569988,4015.385643457167,3.928659946570236,0.1619223167539628
niaprazine,CC(CCN1CCN(c2ccc(F)cc2)CC1)NC(=O)c1cccnc1,1,train,0.704137241359638,0.9937612318193474,0.0009021010870328,0.1115285350611812,0.9595061379989356,1063.634831829029,9150.699856046418,9536.885167957696,5.263634202652593,0.157443983651352
sisomicin,CN[C@@H]1[C@@H](O)[C@@H](O[C@@H]2[C@@H](O)[C@H](O[C@H]3OC(CN)=CC[C@H]3N)[C@@H](N)C[C@H]2N)OC[C@]1(C)O,0,train,0.3617558527499714,0.9558641032309372,0.0004037786297498,0.2938091492015123,0.8625177532111418,2136.115409935095,6270.864841970113,7270.41828254986,4.185134976570274,0.2525970145865024
netilmicin,CCN[C@@H]1C[C@H](N)[C@@H](O[C@H]2OC(CN)=CC[C@H]2N)[C@H](O)[C@H]1O[C@H]1OC[C@](C)(O)[C@H](NC)[C@H]1O,0,train,0.3891761896431513,0.9614241610236736,0.0002967373339878,0.2750701412366042,0.8319226592496799,2803.5658609909133,8479.109931640984,10192.185340027145,4.751548831223699,0.180603388999595
reclazepam,O=C1COC(N2CCN=C(c3ccccc3Cl)c3cc(Cl)ccc32)=N1,1,train,0.1390306377837361,0.8629584698495384,0.0003986779532086,0.505274855217379,0.8298073707778234,2081.397689787603,3418.256670941264,4119.337561122344,3.584942738170157,0.491211297842983
zetidoline,CC1(C)CN(CCN2CCN(c3cccc(Cl)c3)C2=O)C1,1,train,0.7632406741438217,0.9962536820217716,0.0018062212621332,0.0864789052778921,0.9497798783996736,525.8380566719228,5775.170302155249,6080.5355361771735,4.484566402207856,0.1160857228774691
fluprednidene,C=C1C[C@H]2[C@@H]3CCC4=CC(=O)C=C[C@]4(C)[C@@]3(F)C(O)C[C@]2(C)[C@@]1(O)C(=O)CO,1,train,0.4776671693875844,0.9747951298472132,0.0007785967176451,0.2231018933719632,0.9258860803974694,1189.1728534353815,4935.137822190823,5330.178222435572,3.829919010631504,0.2913958894819952
prednylidene,C=C1CC2C3CCC4=CC(=O)C=CC4(C)C3C(O)CC2(C)C1(O)C(=O)CO,1,train,0.4337856358715546,0.968098724449136,0.0007688765564724,0.2505690717545877,0.9407054486780164,1223.480467389779,4593.283336867446,4882.807198919107,3.7899002738761136,0.4500465566940506
trebenzomine,CC1Oc2ccccc2CC1N(C)C,1,train,0.4198883627132705,0.9668386156073572,0.0024320436104727,0.2553881190863221,0.8409037346361105,345.7601381056928,1138.4671787456937,1353.861484796889,2.7237674283909805,0.2322165909943069
vitamine(alpha-tocopherol),Cc1c(C)c2c(c(C)c1O)CC[C@@](C)(CCC[C@H](C)CCC[C@H](C)CCCC(C)C)O2,1,train,0.497926809318785,0.977634165392184,0.0003319269543147,0.2103127163486025,0.8955637664728612,2698.074846985041,11489.072625482577,12828.871662295796,5.60015017269963,0.201324077553841
butorphanol,Oc1ccc2c(c1)[C@@]13CCCC[C@@]1(O)[C@@H](C2)N(CC1CCC1)CC3,1,train,0.3205192886346935,0.94610532788691,0.000725095194976,0.3238590874809635,0.8610938404976229,1187.5597114198506,3157.547193381988,3666.902542883425,3.4976092984502656,0.3771114587073231
litoxetine,c1ccc2cc(COC3CCNCC3)ccc2c1,1,train,0.5428625949507421,0.982203032721038,0.0017881581499691,0.1878222630935849,0.9397193734710502,525.5236364229024,2629.3195185146565,2797.9837308266983,3.5118614443466245,0.2955239192442042
almecillin,C=CCSCC(=O)NC1C(=O)N2C1SC(C)(C)C2C(=O)[O-].[Na+],0,train,0.5397607442824203,0.9818216621298412,0.0010603262610909,0.1898057527384134,0.9457759242016678,891.9668963292155,4444.548194994338,4699.367028977814,3.773434516017044,0.2066083286338422
adicillin,CC1(C)S[C@@H]2[C@H](NC(=O)CCC[C@@H](N)C(=O)O)C(=O)N2[C@H]1C(=O)O,0,train,0.6321514468924494,0.9896074943906744,0.0008981953698491,0.1437950174582237,0.9506080837091602,1058.3533556499704,6996.6211144546105,7360.153184427618,4.63091822182351,0.1666815712908379
tenilapine,CN1CCN(C2=Nc3cscc3/C(=C/C#N)c3cscc32)CC1,1,train,0.1430803119218632,0.8659772851548512,0.0004257767069555,0.5000833346511695,0.8134771601617551,1910.572248017908,3107.895782381144,3820.507734677096,3.602816009511109,0.3931907603360971
24,CC(=O)NCCCOc1cccc(CN2CCCCC2)c1,1,train,0.6023379535598177,0.9876692689780514,0.0009462514274253,0.1565548310221109,0.8860945014773053,936.4260658377472,5300.136588321964,5981.457485048745,4.586505094899799,0.1168036282384584
compound 41,OCCCOc1cccc(CN2CCCCC2)c1,1,train,0.59777549345385,0.986946722153318,0.0018069008091957,0.1610470975547882,0.9634421315664182,533.2014500537231,3189.80440749204,3310.8417236288774,3.75554793083288,0.2288035488319297
26,OCCCOc1cccc(CN2CCCCC2)c1,1,train,0.59777549345385,0.986946722153318,0.0018069008091957,0.1610470975547882,0.9634421315664182,533.2014500537231,3189.80440749204,3310.8417236288774,3.75554793083288,0.2288035488319297
fenharmane,c1ccc(CC2NCCc3c2[nH]c2ccccc32)cc1,1,train,0.301624741681583,0.9409116146319964,0.0009999976078735,0.3386522308366054,0.8624361189913883,862.4381820525332,2196.347080785203,2546.677988572432,3.2684756709760285,0.3915523982574172
Etoposide,COc1cc([C@@H]2c3cc4c(cc3[C@@H](O[C@@H]3O[C@@H]5CO[C@@H](C)O[C@H]5[C@H](O)[C@H]3O)C3COC(=O)[C@@H]32)OCO4)cc(OC)c1O,0,train,0.2596151033664818,0.9276692103370808,0.0001946577244936,0.3734030479154894,0.8402714958019571,4316.661452751056,9713.813521400873,11560.32731079374,4.662628817148729,0.4084769994687547
algestone-acetonide,CC(=O)C12OC(C)(C)OC1CC1C3CCC4=CC(=O)CCC4(C)C3CCC12C,1,train,0.4851977548174518,0.975589225481664,0.0007722489617427,0.219603422387009,0.9394990005938127,1216.5752848325938,5204.706064339411,5539.873976502117,3.933497153982964,0.3213005527710952
flurandrenolide(fludroxycortide),CC1(C)O[C@@H]2C[C@H]3[C@@H]4C[C@H](F)C5=CC(=O)CC[C@]5(C)[C@H]4[C@@H](O)C[C@]3(C)[C@]2(C(=O)CO)O1,1,train,0.4479274158360705,0.9709963158774626,0.0005657950626336,0.2390944469292311,0.8935827182716257,1579.33990111578,5902.566370901945,6605.506407194996,4.016969622176954,0.315410658100328
rofleponide,CCC[C@@H]1O[C@@H]2C[C@H]3[C@@H]4C[C@H](F)C5=CC(=O)CC[C@]5(C)[C@@]4(F)[C@@H](O)C[C@]3(C)[C@]2(C(=O)CO)O1,1,train,0.2995270255471293,0.9395653675778088,0.0004012102351225,0.3423695664751428,0.8983984585936722,2239.2211861676733,5875.851883725737,6540.362828453236,3.954689820904062,0.397938367957372
halcinonide,CC1(C)O[C@@H]2C[C@H]3[C@@H]4CCC5=CC(=O)CC[C@]5(C)[C@@]4(F)[C@@H](O)C[C@]3(C)[C@]2(C(=O)CCl)O1,1,train,0.3877978122878983,0.960983884694913,0.000470942824711,0.276604362504777,0.8801918459599775,1868.9993769415075,5947.404432783601,6756.941069247341,4.001982195339889,0.3587304740294342
Calcium-folinate,Nc1nc(=O)c2c([nH]1)NCC(CNc1ccc(C(=O)N[C@@H](CCC(=O)[O-])C(=O)[O-])cc1)N2C=O.[Ca+2],1,train,0.5767067926423718,0.9850941005828088,0.0004382250438543,0.1720163160777113,0.9693251585170336,2211.934648899916,12464.421707564088,12858.865364263682,5.188037133181277,0.1836338735220315
rasagiline,C#CCN[C@@H]1CCc2ccccc21,1,train,0.3463539484195846,0.9521859320110012,0.0022789792393709,0.3055191497768028,0.7939534149475663,348.3811529440268,905.339014871407,1140.2923620288184,2.643880355128842,0.2404294716581569
chloralose,OC[C@@H](O)[C@H]1OC2O[C@H](C(Cl)(Cl)Cl)O[C@@H]2[C@H]1O,1,train,0.5720307089086222,0.9846608619768744,0.0016449257591677,0.1744791875581696,0.9702849501046992,589.8654967842659,3280.262947837222,3380.721248416008,3.4223843485769505,0.2479092235766024
aniracetam,COc1ccc(C(=O)N2CCCC2=O)cc1,1,train,0.5763489579282083,0.9855569495036745,0.0025389826778301,0.1693443216792698,0.9023414814087763,355.3948946906285,1893.701262494203,2098.6525628165414,3.148888794253098,0.1560752253166518
tefludazine,OCCN1CCN([C@@H]2C[C@@H](c3ccc(F)cc3)c3ccc(C(F)(F)F)cc32)CC1,1,train,0.2072643835822091,0.888249045845207,0.0001868931210867,0.459362201922491,0.6372204866912451,3409.5448938185373,4729.670503019074,7422.345329130574,4.3646354524759925,0.2524313382708742
rifampin,COC1C=COC2(C)Oc3c(C)c(O)c4c(c3C2=O)C(=O)C(=CNN2CCN(C)CC2)C(=C4O)NC(=O)C(C)=CC=CC(C)C(O)C(C)C(O)C(C)C(OC(C)=O)C1C,0,train,0.2266301557743104,0.9147158731285376,9.28836534886181e-05,0.404097601386963,0.8185415000689968,8812.546334315977,17850.72435758155,21807.96496705038,5.42674645691619,0.3112267132198022
fluradoline,CNCCSC1=Cc2cc(F)ccc2Oc2ccccc21,1,train,0.3419861042143993,0.9506990091272276,0.0006349263455534,0.3101151303056774,0.7718899842761621,1215.715790787271,3025.969231846567,3920.2079227445374,3.679755066469861,0.0895991704305173
eterobarb,CCC1(c2ccccc2)C(=O)N(COC)C(=O)N(COC)C1=O,1,train,0.0869297425261672,0.8048817697094571,0.0004732634697025,0.5934352001603649,0.7949888751170751,1679.8018989648724,2250.327957823764,2830.640815561559,3.248434614936528,0.5448038259192607
phenobarbital,CCC1(c2ccccc2)C(=O)NC(=O)NC1=O,1,train,0.1130967886792203,0.8315968347857713,0.0012457631878519,0.555379783908531,0.9476022246790116,760.6599985611856,1297.8562197352628,1369.6213304848409,2.716730417324308,0.5781187804743092
febarbamate,CCCCOCC(CN1C(=O)NC(=O)C(CC)(c2ccccc2)C1=O)OC(N)=O,1,train,0.255087329624426,0.9260364468616096,0.000356961241376,0.3774340989946791,0.8194687936238224,2295.6800308762163,4984.282422969296,6082.333411291967,4.059348671838111,0.3036515029873394
mephobarbital(methylphenobarbital),CCC1(c2ccccc2)C(=O)NC(=O)N(C)C1=O,1,train,0.1026937422509981,0.8223489068168441,0.00107281722298,0.5689835458579988,0.9289142003240268,865.8643620054115,1413.5974709224072,1521.7739920751685,2.778082769192706,0.5033840032529726
difebarbamate,CCCCOCC(CN1C(=O)N(CC(COCCCC)OC(N)=O)C(=O)C(CC)(c2ccccc2)C1=O)OC(N)=O,1,train,0.2096763048295156,0.897883622815204,0.0001119265253765,0.4402328927740913,0.6832382467908509,6104.346083219239,9473.900710648504,13866.1744349751,5.0439834866912125,0.1941943301318438
allopurinol,O=c1ncnc2[nH][nH]cc1-2,0,train,0.2971694556757718,0.9278536687775788,0.0031096518970185,0.3729444587817159,0.630104758349851,202.6287118998654,342.3494103210036,543.3214172474508,1.999437469073908,0.0183881532391088
ketamine,CNC1(c2ccccc2Cl)CCCCC1=O,1,train,0.1805131598319307,0.8913617309137762,0.0012146407100052,0.4532926920460958,0.8507558882896026,700.4177295242417,1314.568970802174,1545.177634262446,2.7363902199904757,0.4898430085195887
denzimol,OC(Cn1ccnc1)c1ccc(CCc2ccccc2)cc1,1,train,0.8039510360660369,0.9974897806065036,0.0020299693956716,0.0708105753795969,0.981662265398304,483.584761174941,6704.039751439069,6829.273149985999,4.895934930718036,0.1222881032333857
ramciclane,CN(C)CCOC1(Cc2ccccc2)CC2CCC1(C)C2(C)C,1,train,0.221385670130359,0.910864771828115,0.000502506793842,0.412704939929868,0.7622410946741807,1516.8771925375745,2801.580547891235,3675.451989489976,3.5592971921353547,0.3496123962321021
Buprenorphine,CO[C@]12CC[C@@]3(C[C@@H]1[C@](C)(O)C(C)(C)C)[C@H]1Cc4ccc(O)c5c4[C@@]3(CCN1CC1CC1)[C@H]2O5,1,train,0.2169885927778683,0.9061540143470316,0.0002541113395807,0.4229478718267296,0.7232940261050468,2846.366585995051,4867.6446552700845,6729.828367977061,3.9297584948034903,0.2912528670543056
diprenorphine,CO[C@]12CC[C@@]3(C[C@@H]1C(C)(C)O)[C@H]1Cc4ccc(O)c5c4[C@@]3(CCN1CC1CC1)[C@H]2O5,1,train,0.169848172524102,0.8505943778308741,0.0002169689383561,0.5258224076648962,0.6065635573307863,2795.623935510315,3224.8979399959403,5316.669458658656,3.649662857887974,0.2995264332372959
glaziovine,COc1cc2c3c(c1O)C1(C=CC(=O)C=C1)CC3N(C)CC2,1,train,0.2235507073775088,0.8945673529314205,0.0004331441634399,0.4469331617471134,0.6231112632567687,1438.5770739886586,2005.6546584307885,3218.7745218213267,3.347212002302206,0.1912730950825707
Mianserin,CN1CCN2c3ccccc3Cc3ccccc3C2C1,1,train,0.1532546888144741,0.8340886921745049,0.0004745344014925,0.5516303595584854,0.6084860528729671,1282.2801696969989,1414.4428159478068,2324.527915257079,3.081649455561708,0.3322604238512284
fluperlapine,CN1CCN(C2=Nc3cc(F)ccc3Cc3ccccc32)CC1,1,train,0.3145725898203618,0.9438838567088446,0.0005960872143302,0.3302775575851883,0.7741438852109962,1298.709092562686,3044.069085487305,3932.174810962476,3.656924863330258,0.2239848711476713
perlapine,CN1CCN(C2=Nc3ccccc3Cc3ccccc32)CC1,1,train,0.2267452493517787,0.9127472044879524,0.0005955189343131,0.4085248348624939,0.7523811385558934,1263.404226472948,2326.8145024524533,3092.600788635529,3.386270014882375,0.3270874384610091
trospectomycin,CCCC[C@@H]1CC(=O)[C@]2(O)O[C@@H]3[C@@H](NC)[C@@H](O)[C@@H](NC)[C@H](O)[C@H]3O[C@@H]2O1,0,train,0.5086036300322373,0.9787021358483132,0.00077149813224,0.205285482404261,0.9192101015575204,1191.4612144148207,5335.02501529724,5803.923397118364,4.057757748199038,0.1886191664766785
compound 32,O=[N+]([O-])C1=CC=NC1NCCSCc1ccccn1,1,train,0.4381948875201295,0.969735338740692,0.0010353893793817,0.24415849933491,0.8547189515448226,825.5048473215,2889.8221422551046,3381.020319055788,3.570400728540651,0.2408754939092775
compound 31,O=[N+]([O-])C1=CC=NC1NCCSCc1ncccc1Br,1,train,0.5183346103430757,0.9798891620027944,0.0009358574877151,0.1995425523277208,0.9083159641913308,970.5708145894338,4418.029913849585,4863.9791526541485,3.788138051349326,0.2864346502896894
difloxacin,CN1CCN(c2cc3c(cc2F)c(=O)c(C(=O)O)cn3-c2ccc(F)cc2)CC1,0,train,0.2838464879906915,0.9280193939778288,0.0002477255277304,0.3725318837375175,0.6684695299203799,2698.428119397209,4842.047232038639,7243.482335859595,4.302074812170432,0.1317362872145968
cloperidone,O=c1[nH]c2ccccc2c(=O)n1CCCN1CCN(c2cccc(Cl)c2)CC1,1,train,0.7701402491991125,0.9964722787265732,0.0009548495520319,0.083922569845488,0.9635363628061973,1009.097570141592,11585.705779040496,12024.150023044653,5.555089278940855,0.1205136508458341
timiperone,O=C(CCCN1CCC(n2c(=S)[nH]c3ccccc32)CC1)c1ccc(F)cc1,1,train,0.7401388288735496,0.9953928320383512,0.0008932706748917,0.0958807067489127,0.9443562774807456,1057.1893872987216,10412.558148909262,11026.09089091544,5.319332630119919,0.1252727016876552
piroxicillin,CC1(C)S[C@@H]2[C@H](NC(=O)[C@H](NC(=O)Nc3cnc(Nc4ccc(S(N)(=O)=O)cc4)[nH]c3=O)c3ccc(O)cc3)C(=O)N2[C@H]1C(=O)O,0,train,0.6442404123160025,0.9905586012271056,0.0001977605062133,0.1370899614669141,0.903523283678349,4568.775136040552,30111.57541465661,33326.83945018978,7.109696436373884,0.0953705586460299
sedecamycin,CC(=O)OC1/C=C/C(C)=C/CC(O)/C=C/C(C)=C/C(NC(=O)C(C)=O)C2(C)C(=O)OC(C1)C(C)C2=O,0,train,0.1094441382630592,0.8153247106861148,0.0001526183391558,0.579003986294225,0.6961924276394873,4561.6564266808455,5484.920202491328,7878.4542674336735,4.227139544266229,0.4170824702639479
binospirone,O=C1CC2(CCCC2)CC(=O)N1CCNCC1COc2ccccc2O1,1,train,0.5198040930212758,0.980017472367106,0.0007208468583637,0.1989114221335429,0.9128261722998988,1266.3246870104638,5811.301857550294,6366.274361862903,4.330525804603255,0.2022268179099061
heroin,CC(=O)Oc1ccc2c3c1O[C@H]1[C@@H](OC(C)=O)C=C[C@H]4[C@@H](C2)N(C)CC[C@]314,1,train,0.17101129299003,0.8839016498218858,0.0004280731279298,0.4676728273506471,0.7680630671336943,1794.2333144059191,2946.6846522233755,3836.513924852548,3.4072594344168894,0.3822422667244104
codeine,COc1ccc2c3c1O[C@H]1[C@@H](O)C=C[C@H]4[C@@H](C2)N(C)CC[C@]314,1,train,0.1813362775654252,0.8916853760240037,0.0007233334917266,0.4526557082208632,0.8012768500693281,1107.7557713477142,1960.9143085820128,2447.236942403054,3.035214106511535,0.4212127856767416
diacetylnalorphine,C=CCN1CCC23c4c5ccc(OC(C)=O)c4OC2C(OC(C)=O)C=CC3C1C5,1,train,0.2074100610974115,0.9019061164999428,0.0003244278572194,0.4319321208476995,0.7293225781192135,2248.026986246099,3795.820588829688,5204.583956002567,3.7712250611868607,0.2717898791071224
norcodeine,COc1ccc2c3c1OC1C(O)C=CC4C(C2)NCCC341,1,train,0.2152768624703021,0.9047248422152098,0.0007002155801713,0.4259964317675254,0.7168424996040361,1023.745429127183,1722.7004210547486,2403.178413677092,3.00392552989166,0.3195093599125738
Nalorphine,C=CCN1CC[C@]23c4c5ccc(O)c4O[C@H]2[C@@H](O)C=C[C@H]3[C@H]1C5,1,train,0.2478367839960654,0.9231149169489256,0.0007939770187123,0.3845241866337901,0.8581971690252109,1080.884142486842,2412.362455654529,2810.965291804245,3.181664252754635,0.4525055728804958
morphine,CN1CC[C@]23c4c5ccc(O)c4O[C@H]2C(O)C=C[C@H]3[C@H]1C5,1,train,0.1150730430795024,0.8361623569494345,0.0006723830484131,0.5484820077457113,0.7587420580098219,1128.4372201239107,1561.0225433842286,2057.38238299164,2.88405664212976,0.5195174468686827
normorphine,Oc1ccc2c3c1OC1C(O)C=CC4C(C2)NCCC341,1,train,0.1515048764498988,0.8472910168647662,0.0006097726871189,0.5311289228993942,0.6451271743427041,1057.979781598236,1285.0580670476224,1991.945337532743,2.826448052982748,0.3992691606765428
robalzotan,NC(=O)c1ccc(F)c2c1C[C@@H](N(C1CCC1)C1CCC1)CO2,1,train,0.2343167035444238,0.917164384140455,0.0006711822930976,0.3985090870535578,0.8811239759804124,1312.793834166588,2902.654319267691,3294.263234680403,3.4341206731180574,0.4016921489110742
medifoxamine,CN(C)CC(Oc1ccccc1)Oc1ccccc1,1,train,0.2070186769091342,0.895439701195173,0.0005425867175922,0.4451828180910614,0.6765493594059563,1246.8962793784892,1894.9223662235609,2800.86344015963,3.398040176420721,0.2431150153484703
BBcpd10,CN(C)c1cc(-c2n[nH]c(N)n2)ccn1,0,train,0.5363277041100314,0.9817545642923629,0.0022350785843188,0.1901525058765017,0.8284752963268652,370.6694261845554,1614.9693178222144,1949.327065010092,3.1037610049991504,0.0612319007787515
paraxazone,NC(=O)CN1C(=O)COc2ccccc21,1,train,0.2771522919485498,0.92785478290462,0.001318633548763,0.3729416869177005,0.690153695131911,523.3855120547394,968.5601202388452,1403.3977171617134,2.6496569823983034,0.1654025368217685
Dihydroergotamine,CN1C[C@H](C(=O)N[C@]2(C)O[C@@]3(O)[C@@H]4CCCN4C(=O)[C@H](Cc4ccccc4)N3C2=O)C[C@@H]2c3cccc4[nH]cc(c34)C[C@H]21,0,train,0.2410627476702707,0.9191889083708652,0.0002242060518712,0.3938169000030053,0.901931660170996,4022.780173164223,9213.09573067404,10214.849015198492,4.482005487620798,0.428556921025954
azaperone,O=C(CCCN1CCN(c2ccccn2)CC1)c1ccc(F)cc1,1,train,0.7074256182716587,0.993865105598713,0.0012768167519835,0.1105990590975317,0.973531556925508,762.467719359951,6711.507240575612,6893.980162051551,4.684261765717613,0.2131855857723062
homopipramol,OCCN1C=CN(CCCN2c3ccccc3C=Cc3ccccc32)C=CC1,1,train,0.4222406362866683,0.9669587346466412,0.0005216104124171,0.2549329431253774,0.8950433414797764,1715.9230724173003,6024.429411240498,6730.880094901662,4.401416435417636,0.29027543967926
Delavirdine,CC(C)Nc1cccnc1N1CCN(C(=O)c2cc3cc(NS(C)(=O)=O)ccc3[nH]2)CC1,0,train,0.6907560558648015,0.9931070251404618,0.0005938337514838,0.1172110771926537,0.9539636101374712,1606.4489560481609,13074.650300281735,13705.60696586488,5.575551949940404,0.1480380949701105
anseculin,COc1cc2oc(=O)c(C)c(C)c2cc1OCCCN1CCN(c2ccccc2OC)CC1,1,train,0.7761223770732196,0.9966644625515344,0.0007256076144643,0.0816085111177789,0.968400459826238,1334.606253465323,15836.991654920988,16353.763047327187,6.086084374982775,0.1271749456575935
tobicillin,CC(C)C(=O)OCc1cccc(OC(=O)[C@@H]2N3C(=O)[C@@H](NC(=O)Cc4ccccc4)[C@H]3SC2(C)C)c1,0,train,0.462845117560992,0.973265335026076,0.0002659592207436,0.2296836686327092,0.869452007531057,3269.1177433141934,12375.024318011723,14233.130996100075,5.408912697581925,0.1837449035822909
cyproximide(ciproximide),O=C1NC(=O)C2(c3ccc(Cl)cc3)CC12,1,train,0.5908110308682908,0.98638483900771,0.002805873541125,0.1644534869673923,0.96239309397506,342.9923265854582,2007.214638493704,2085.6494618047623,3.163346262951995,0.3344335901456385
zimelidine,CN(C)C/C=C(/c1ccc(Br)cc1)c1cccnc1,1,train,0.4470577361237033,0.970932988562627,0.00070148864072,0.2393514815513907,0.8214464330811675,1171.004611333461,4018.849412866237,4892.40594519586,3.986362807931394,0.2376279142216677
nomelidine,CNC/C=C(/c1ccc(Br)cc1)c1cccnc1,1,train,0.4887393421542081,0.9766132674714714,0.0008779477038083,0.2150035483397809,0.847462423018986,965.2766552528328,3804.754384106468,4489.584765956317,3.907641730931292,0.2492674678686976
zimeldine,CN(C)C/C=C(/c1ccc(Br)cc1)c1cccnc1,1,train,0.4470577361237033,0.970932988562627,0.00070148864072,0.2393514815513907,0.8214464330811675,1171.004611333461,4018.849412866237,4892.40594519586,3.986362807931394,0.2376279142216677
prideperone,COc1ccc(C#N)cc1C(=O)NCCN1CCC(C(=O)c2ccc(F)cc2)CC1,1,train,0.7828631646202853,0.9968465783140008,0.0008766950048217,0.079353004377079,0.9855670704213492,1124.1846537288438,13962.412444061249,14166.882055111728,5.976783068955723,0.1318287460112824
tienocarbine,Cc1csc2ccc3[nH]c4c(c3c12)CN(C)CC4,1,train,0.3876550184330651,0.9594812074937444,0.0010637369357041,0.2817726254737069,0.7429861928963039,698.4679839141451,1841.7405429497703,2478.835489217249,3.1286610439733,0.0905353870623917
tiflucarbine,CCN1CCc2[nH]c3cc(F)c4scc(C)c4c3c2C1,1,train,0.4265276400944641,0.9672746160149622,0.0009224114998367,0.2537317820319469,0.780794823387402,846.4712587881054,2604.7993346168805,3336.086839454459,3.430398003370052,0.1158988587000291
scopolamine,CN1[C@H]2CC(OC(=O)[C@H](CO)c3ccccc3)C[C@@H]1[C@H]1O[C@@H]21,0,train,0.4590907361483656,0.9726104754974828,0.0009626489107342,0.2324410956620203,0.8932838707122909,927.943573977483,3566.138015329635,3992.166580245148,3.739944349755168,0.2691544103288747
Isoquercitrin,O=c1c(O[C@@H]2O[C@H](CO)[C@@H](O)[C@H](O)[C@H]2O)c(-c2ccc(O)c(O)c2)oc2cc(O)cc(O)c12,0,train,0.1537616277077927,0.8567521017527445,0.0001784507683865,0.5157284519417703,0.6698946711880753,3753.946689302081,4876.110429082,7278.921058491321,4.13875634176091,0.3109724556245535
furbucillin,CC(C)CC(OC(=O)c1ccco1)C(=O)N[C@@H]1C(=O)N2[C@@H](C(=O)O)C(C)(C)S[C@H]12,0,train,0.5396894679915618,0.98190189636783,0.0005869909586912,0.1893902476614341,0.9376063813529598,1597.309749784724,7907.734600319788,8433.959876541134,4.596826473193095,0.1685981113796805
fenbenicillin,CC1(C)S[C@@H]2[C@H](NC(=O)C(Oc3ccccc3)c3ccccc3)C(=O)N2[C@H]1C(=O)O,0,train,0.3028414718342049,0.9414042645025332,0.0003859224707609,0.3372803148368501,0.8185185343394409,2120.940334791715,5147.139924530944,6288.360872224816,3.9865882786384095,0.2563854060573
clebopride,COc1cc(N)c(Cl)cc1C(=O)NC1CCN(Cc2ccccc2)CC1,1,train,0.6944073510557065,0.9933639728912436,0.0008908654579244,0.115013118215813,0.9256586160604936,1039.0554576188258,8362.61681997686,9034.234300726635,4.965337934478161,0.13336911206127
rofelodine,O=C1CCN=C2CC(c3ccccc3)CN12,1,train,0.5872719121943196,0.9862903308227728,0.0027745454428507,0.1650193422769134,0.9386653179136522,338.31318940273457,1924.3977893949416,2050.142636219108,3.172405565501325,0.2504784379487178
tameridone,Cn1c(=O)c2c(ncn2CCN2CCC(c3c[nH]c4ccccc34)CC2)n(C)c1=O,1,train,0.7447952086070447,0.9955599596542802,0.0009412625109217,0.0941295210503486,0.9545019938348516,1014.0656647422912,10282.93449361385,10773.088542540028,5.210292543939996,0.1207923773308585
flucindol,CN(C)C1CCc2[nH]c3c(F)cc(F)cc3c2C1,1,train,0.5052036011133957,0.9782437632144084,0.0013359341781236,0.2074587663419218,0.8057957746016462,603.1702667667571,2342.788694332396,2907.4224117029885,3.419518269980753,0.0791348772364317
cyclindole(ciclindole),CN(C)C1CCc2[nH]c3ccccc3c2C1,1,train,0.5506154578486517,0.983292915940951,0.002323176115592,0.1820303311548428,0.8702226790642401,374.5831722458338,1790.7497592083507,2057.806354959587,3.13891431234486,0.1594811540733737
timelotem,CN1CCN2c3cc(F)ccc3C(c3cccs3)=NCC2C1,1,train,0.3266832229488286,0.946274269836984,0.0006028058625856,0.323365128368046,0.7505327612781142,1245.0654644578567,2889.805792379664,3850.339307585308,3.557833664478877,0.1780005478798588
furomazine,O=C1OCCC1C1(O)CCN(CCCN2c3ccccc3Sc3ccc(Cl)cc32)CC1,1,train,0.4545362236217714,0.9720222233278992,0.0003868938545518,0.2348889042860211,0.8855787904647991,2288.9450944899168,8629.787066273742,9744.798722815356,4.744339097918452,0.2507247585681812
Dyclonine,CCCCOc1ccc(C(=O)CCN2CCCCC2)cc1.[Cl],0,train,0.3007027509435452,0.9402672357353112,0.0005723481102622,0.3404372561907358,0.7832223746059209,1368.4370762525075,3148.276273736572,4019.645474659263,3.624642616096852,0.2476916186255935
ceftriaxone,CO/N=C(\C(=O)N[C@@H]1C(=O)N2C(C(=O)O)=C(CSc3nc(=O)c(=O)[nH]n3C)CS[C@H]12)c1csc(N)n1,1,train,0.7271100301788191,0.9947519384507734,0.0005378018561046,0.1023160835276101,0.9791179212584162,1820.592305780056,17422.232091334932,17793.80370133857,5.778484094306562,0.1308153056987111
carperone,CC(C)NC(=O)OC1CCN(CCCC(=O)c2ccc(F)cc2)CC1,1,train,0.8886783297070718,0.9992508324941332,0.0022306962940601,0.038701082152594,0.9838670856775208,441.05828673197306,11212.676934198336,11396.536277536865,5.73482152668027,0.0581418235880294
melperone,CC1CCN(CCCC(=O)c2ccc(F)cc2)CC1,1,train,0.7936647517738192,0.9972280026416562,0.0027622093563396,0.0744063891566626,0.9574317625901392,346.61810133714204,4460.143590762477,4658.445400533251,4.239146775583583,0.1208612493565313
clidafidine,Clc1cccc(Cl)c1NC1=NCCO1,1,train,0.214765209084713,0.899927554604212,0.0009502355323882,0.4360394437021528,0.6786037629917842,714.1426939552798,1111.413030244517,1637.793791983397,2.737474638966024,0.2012256797868826
hymecromone,Cc1cc(=O)oc2cc(O)ccc12,0,train,0.3738882557160029,0.955123094832006,0.0020159220808333,0.2962091722390294,0.7064972898371745,350.4586296039382,835.8892810227715,1183.145771465617,2.5932570660711605,0.0271577121345012
coumarin,O=c1ccc2ccccc2o1,0,train,0.4619982602576114,0.9721958905785784,0.0043129781209645,0.2341690635889477,0.7658309364227226,177.5642989469768,580.7096430829545,758.273942021082,2.277828828224393,2.0524156188734723e-11
homofenazine(homophenazine),OCCN1CCCN(CCCN2c3ccccc3Sc3ccc(C(F)(F)F)cc32)CC1,1,train,0.3500071331114012,0.9526575688328645,0.0002621508840013,0.3040453198874408,0.7764397072844487,2961.804650181752,7563.552487741582,9741.3262314915,4.737176574250865,0.1610972477677092
homophenazine,OCCN1CCCN(CCCN2c3ccccc3Sc3cc(C(F)(F)F)ccc32)CC1.[Cl-].[Cl-].[H+].[H+],1,train,0.5391317305123029,0.9821535349960538,0.0003639810928265,0.1880809232611195,0.8518655174029075,2340.411450462206,10600.308508778053,12443.64080036405,4.919303889236394,0.0876915565540978
cyclarbamate,O=C(Nc1ccccc1)OCC1(COC(=O)Nc2ccccc2)CCCC1,1,train,0.1959682813266244,0.8547899863752897,0.0001637583087251,0.5189740640846439,0.5626397306073744,3435.7934872891133,3724.8757806818458,6620.356825247322,4.324605720803598,0.1752884363000882
cetohexazine,Cc1cc(C)c(=O)[nH]n1,1,train,0.3433892955490482,0.9473382517310428,0.0041082502719298,0.3202346589724033,0.6919070192460657,168.41890669943197,363.890105127963,525.9234189074635,2.064497767110414,0.0864614516507888
tasosartan,Cc1nc(C)c2c(n1)N(Cc1ccc(-c3ccccc3-c3nn[nH]n3)cc1)C(=O)CC2,1,train,0.3431053555927098,0.9504096222549572,0.0004611657203147,0.3110008841228423,0.926189241445006,2008.36532431961,5981.0966824817815,6457.747957804278,4.18994607776965,0.3822405715650089
Didanosine,O=c1nc[nH]c2c1ncn2[C@H]1CC[C@@H](CO)O1,0,train,0.3874303287982095,0.9610304876434772,0.0015055771736197,0.2764424023548858,0.8199836373072925,544.6307580075011,1615.4841158090724,1970.1418934578844,2.9566851747918146,0.228523910715482
clopipazan,CN1CCC(=C2c3ccccc3Oc3ccc(Cl)cc32)CC1,1,train,0.1805334400131967,0.8675408100094179,0.0003379579804941,0.4973660050387473,0.6283917044220233,1859.3782088034557,2349.211305071296,3738.450537363527,3.5697786730828924,0.2283473558990522
metomidate,COC(=O)c1cncn1C(C)c1ccccc1,1,train,0.2538082519511533,0.9255922843188992,0.0012053882942262,0.3785220247347866,0.8323892879155469,690.5569698184801,1518.570087896649,1824.3508295252368,2.9594362619771366,0.406182512667069
etomidate,CCOC(=O)c1cncn1C(C)c1ccccc1,1,train,0.4997836183868003,0.9771230974317144,0.0017659414874781,0.2126745223703409,0.9589021422352444,542.9976865227857,2448.2558560954067,2553.1863453640963,3.368662030775218,0.2711054788808842
propoxate,CCCOC(=O)c1cncn1C(C)c1ccccc1,1,train,0.2969376861648643,0.9396787921427936,0.0008855317952928,0.3420581348207646,0.8146303308546979,919.9334627903444,2190.8723251089705,2689.406767865297,3.3506348408658857,0.2682816390815739
efetozole,Cc1nccn1C(C)c1ccccc1,1,train,0.3374534538447625,0.9470875339341286,0.0025440118115511,0.3209753932415546,0.9749914027641142,383.2495581730995,1164.1547364682574,1194.0153863591645,2.712784514533159,0.5027965599920275
flutomidate,CCOC(=O)c1cncn1C(C)c1ccc(F)cc1,1,train,0.432705291677727,0.9683480263930077,0.0012883014014592,0.2496038857485336,0.9178407404163914,712.4425537197492,2619.786142548548,2854.292718974367,3.434174533347641,0.3717244503380472
suritozole,Cn1nc(-c2cccc(F)c2)n(C)c1=S,1,train,0.5053056182954984,0.9785890607844846,0.0020531580569172,0.2058238327136592,0.8649484231992312,421.2770762022751,1770.3632178401192,2046.7847219051305,3.0808193456000605,0.1712473421374034
procinonide,CCC(=O)OCC(=O)[C@@]12OC(C)(C)O[C@@H]1CC1C3C[C@H](F)C4=CC(=O)C=CC4(C)[C@@]3(F)C(O)CC12C,1,train,0.5207837909896581,0.979525351634462,0.0004939257384619,0.2013208521375362,0.9640409041086376,1951.7932131066327,9346.316955339353,9694.93816653045,4.543102232670971,0.2849940848054574
budesonide,CCCC1O[C@@H]2C[C@H]3[C@@H]4CCC5=CC(=O)C=C[C@]5(C)[C@H]4[C@@H](O)C[C@]3(C)[C@]2(C(=O)CO)O1,1,train,0.3201935845731222,0.9456557008860128,0.0004383221124133,0.3251696409288289,0.8850974209771455,2019.28535182456,5496.405666936265,6209.944280334978,3.9924912421303382,0.3921734374758748
flucloronide(fluclorolone-acetonide),CC1(C)O[C@@H]2CC3C4C[C@H](F)C5=CC(=O)C=CC5(C)[C@@]4(Cl)C(Cl)CC3(C)[C@]2(C(=O)CO)O1,1,train,0.2232119505813524,0.9104311393302258,0.0003778571733996,0.41366065867794,0.9236312624185994,2444.3925574010914,5457.897279510858,5909.173391575048,3.764127391784324,0.3976660257595637
amcinafal,CCC1(CC)O[C@@H]2C[C@H]3C4CCC5=CC(=O)C=CC5(C)[C@@]4(F)[C@@H](O)CC3(C)[C@]2(C(=O)CO)O1,1,train,0.4008177356026212,0.9630824217613084,0.0004840126959239,0.2692067029150151,0.9052412009267324,1870.283999883002,6289.063815259521,6947.390163882454,4.040985128750092,0.3365339972518003
flumoxonide,COC(OC)C(=O)[C@@]12OC(C)(C)O[C@@H]1CC1C3C[C@H](F)C4=CC(=O)C=CC4(C)[C@@]3(F)C(O)CC12C,1,train,0.4213521895407092,0.9661687972545528,0.0004533380888822,0.2579105566115724,0.9341269957249968,2060.55263970464,7463.121603662735,7989.40790472546,4.199389068698117,0.3599815090518816
desonide,CC1(C)O[C@@H]2C[C@H]3C4CCC5=CC(=O)C=CC5(C)[C@H]4C(O)CC3(C)[C@]2(C(=O)CO)O1,1,train,0.1898202283808069,0.8925693226064833,0.0004760725578417,0.4509101954289827,0.9355556583230156,1965.1535105578917,4077.331816652911,4358.192674459938,3.5334668879528306,0.5282946840876568
fluocinonide,CC(=O)OCC(=O)[C@@]12OC(C)(C)O[C@@H]1C[C@H]1[C@@H]3C[C@H](F)C4=CC(=O)C=C[C@]4(C)[C@@]3(F)[C@@H](O)C[C@@]12C,1,train,0.3521558385378914,0.9537671857329744,0.0003571688653976,0.3005464280589634,0.8612598729813571,2411.352042184544,6910.082967806074,8023.226420483252,4.187657507292277,0.3108668465487246
tralonide,CC1(C)O[C@@H]2CC3C4C[C@H](F)C5=CC(=O)C=CC5(C)[C@@]4(Cl)[C@@H](Cl)CC3(C)[C@]2(C(=O)CF)O1,1,train,0.404081733440354,0.9626654054177508,0.0005220679932591,0.2706941395964777,0.9514223807776464,1822.410860390347,6405.319605855939,6732.361709444486,3.909546349584266,0.3006880658766021
acrocinonide,C=CC1O[C@@H]2CC3C4CCC5=CC(=O)C=CC5(C)C4(F)C(O)CC3(C)[C@]2(C(=O)CO)O1,1,train,0.4038652988659503,0.9633846444737496,0.000543787285687,0.2681231560163852,0.9193927665200984,1690.7213366683688,5797.473781186945,6305.763969767114,3.993396546526566,0.3788700586380612
triamcinolone-acetonide,CC1(C)O[C@@H]2C[C@H]3[C@@H]4CCC5=CC(=O)C=C[C@]5(C)[C@@]4(F)[C@@H](O)C[C@]3(C)[C@]2(C(=O)CO)O1,1,train,0.449747657548843,0.9697138125162698,0.0006686637483525,0.2442439801001462,0.9790815709184186,1464.236057855195,5869.567549351439,5994.972966190697,3.916365866408288,0.4238819534490564
triamcinolone-hexacetonide,CC(C)(C)CC(=O)OCC(=O)[C@@]12OC(C)(C)O[C@@H]1C[C@H]1[C@@H]3CCC4=CC(=O)C=C[C@]4(C)[C@@]3(F)[C@@H](O)C[C@@]12C,1,train,0.5103963861676221,0.9789219840682348,0.0003580146469196,0.2042345443550388,0.9177449449532136,2563.4284877710907,11518.979533214002,12551.395239557802,5.000127029559115,0.2347412825360927
itrocinonide,CCC[C@@H]1O[C@@H]2C[C@H]3[C@@H]4C[C@H](F)C5=CC(=O)C=C[C@]5(C)C4(F)[C@@H](O)C[C@]3(C)[C@]2(C(=O)O[C@H](C)OC(=O)OCC)O1,1,train,0.34475372591484,0.9521685586247578,0.0002234617533886,0.3055732906627333,0.8450873741303833,3781.798725353976,10458.866831481188,12376.077494050402,4.837881334280626,0.2749946089314016
triclonide,CC1(C)O[C@@H]2C[C@H]3C4C[C@H](F)C5=CC(=O)C=CC5(C)[C@@]4(Cl)[C@@H](Cl)CC3(C)[C@]2(C(=O)CCl)O1,1,train,0.3516849296063758,0.953030153472212,0.0004120293567919,0.3028754307842294,0.9033819537138762,2192.518418463372,6539.591433007818,7239.010482911496,3.973248054648797,0.2975802307318916
flunisolide-acetate,CC(=O)OCC(=O)[C@@]12OC(C)(C)O[C@@H]1CC1C3C[C@H](F)C4=CC(=O)C=CC4(C)[C@H]3C(O)CC12C,1,train,0.2658995754096001,0.929899512049315,0.0003142333608908,0.3678136722451273,0.8265047101489789,2630.225854459856,5910.313350227815,7150.973585090001,4.057581706073675,0.32809460725009
fluocinolone-acetonide,CC1(C)O[C@@H]2C[C@H]3[C@@H]4C[C@H](F)C5=CC(=O)C=C[C@]5(C)[C@@]4(F)[C@@H](O)C[C@]3(C)[C@]2(C(=O)CO)O1,1,train,0.4138936580699244,0.9650730445237876,0.0005351227063959,0.2619809510891722,0.9246731078960722,1727.9646272604962,6098.925954656856,6595.764386977652,3.992098025105272,0.3493348992072669
amfetaminil,CC(Cc1ccccc1)NC(C#N)c1ccccc1,1,train,0.6649143526150818,0.991561786931766,0.0021116320318207,0.1296349593924532,0.9742201775132548,461.3588744783498,3467.159836344109,3558.907848936373,3.867068178998431,0.1792391745949426
benzphetamine(benzfetamine),CC(Cc1ccccc1)N(C)Cc1ccccc1,1,train,0.6114383483533229,0.9880529757822027,0.0019181703648628,0.1541146230827362,0.959296503822106,500.1101682074405,3112.968297821601,3245.0533129419973,3.7849514453813904,0.2736852735254427
fluotracen,C[C@H]1c2ccccc2[C@@H](CCCN(C)C)c2cc(C(F)(F)F)ccc21,1,train,0.2022142258837968,0.8944346648096523,0.0003336063030322,0.4471986475682198,0.6879371236635327,2062.122679969411,3172.2160896810046,4611.200617852574,3.764218727653244,0.2874049643229167
duloxetine,CNCCC(Oc1cccc2ccccc12)c1cccs1,1,train,0.2402016384880972,0.918171035179088,0.0005281958687604,0.3961842376447627,0.7470703563124858,1414.3812939426273,2667.047895466422,3570.0089997291298,3.58648702773704,0.2767563969724539
suriclone,CN1CCN(C(=O)OC2C3=C(SCCS3)C(=O)N2c2ccc3ccc(Cl)nc3n2)CC1,1,train,0.2583896784868756,0.9250080638377352,0.0002416698597677,0.379947472468451,0.7431555317324201,3075.085707611932,6014.69181862466,8093.449569840926,4.239590136245973,0.1926233783363369
suproclone,CCC(=O)N1CCN(C(=O)OC2C3=C(SCCS3)C(=O)N2c2ccc3ccc(Cl)nc3n2)CC1,1,train,0.2207251360699552,0.9084465236547196,0.0001711545346594,0.4180010928928954,0.7293948672534775,4261.61578894024,7436.345826626481,10195.226427391652,4.587993577056253,0.2290739152787708
propafenone,CCCNCC(O)COc1ccccc1C(=O)CCc1ccccc1,0,train,0.2125255483010583,0.905435613839518,0.0002978606847664,0.4244836265288162,0.7415306165807194,2489.521627072668,4348.946323819891,5864.823685734474,4.312994873722301,0.2332553775180263
rifabutin,CO[C@H]1/C=C/O[C@@]2(C)Oc3c(C)c(O)c4c(c3C2=O)C2=NC3(CCN(CC(C)C)CC3)NC2=C(NC(=O)/C(C)=C\C=C\[C@H](C)[C@H](O)[C@@H](C)[C@@H](O)[C@@H](C)[C@H](OC(C)=O)[C@@H]1C)C4=O,0,train,0.0787323771105714,0.7955486781091712,7.128915565054939e-05,0.6058896770524732,0.8478431680219738,11893.017392126172,16642.32602894703,19629.01472423696,5.33213718674596,0.5635285211696552
Terbutylchlorambucil,CC(C)(C)OC(=O)CCCc1ccc(N(CCCl)CCCl)cc1,1,train,0.6369588306898568,0.9900648913656463,0.0007425933379958,0.1406112046926954,0.918878151466076,1237.3907823440056,8086.20733465978,8800.086629286141,5.014885874971191,0.1159594283853827
brosotamide,Cc1cc(Br)cc(C(N)=O)c1O,1,train,0.3838977507699844,0.9575180376718482,0.0014247905753283,0.2883733821507339,0.7134853138107213,500.7650430634638,1238.9787893420023,1736.516176800645,2.748651166857627,0.0310396108922801
butacetin,CC(=O)Nc1ccc(OC(C)(C)C)cc1,1,train,0.663806924852771,0.9916553571264276,0.0033463793097192,0.1289172319065889,0.9433147366996524,281.89115739506,2062.657404161116,2186.605725441834,3.3061157966849097,0.1429533994932059
Salicyluricacid,O=C(O)CNC(=O)c1ccccc1O,1,train,0.4989112981213858,0.9777940944379392,0.0027853941036057,0.2095679099535286,0.8874823638093726,318.62003393362494,1349.298472915723,1520.3665198754832,2.8579366017986247,0.1857821925825789
sumacetamol,CSCC[C@H](NC(C)=O)C(=O)Oc1ccc(NC(C)=O)cc1,1,train,0.5011216850174475,0.9780025796368252,0.0006291870838338,0.2085927952344367,0.8306490380371584,1320.194039864533,5257.218534338059,6329.049085232169,4.460123027891596,0.0717399270460152
Toluene,Cc1ccccc1,1,train,0.3450687320148031,0.947772494064998,0.0075397400637496,0.31894717351595,0.6922701302169991,91.81617991651552,199.28566265740872,287.8726872051241,1.772508272879165,0.0601946504647935
Dexamfetamine,C[C@H](N)Cc1ccccc1,1,train,0.4911657335382137,0.9766601345344554,0.0056371924948997,0.2147905528908086,0.9144198883832442,162.2119324842213,690.5788695094855,755.2098092818993,2.438505281331952,0.2747739958552097
caproxamine,CCCCC/C(=N/OCCN)c1ccc(C)c(N)c1,1,train,0.1550978397036696,0.8558852518023414,0.0004330319223927,0.51716577201826,0.6621220419010887,1529.0374858334362,1957.6110350698068,2956.5713134229795,3.4973649862926184,0.2942108674911232
carfimate,C#CC(OC(N)=O)c1ccccc1,1,train,0.1915875888989602,0.8972601709285769,0.0016910855913138,0.4415021921409007,0.7931519266902854,469.01938657880095,842.5861450793224,1062.3262917551233,2.602964143028299,0.4598346260782645
carzenide,NS(=O)(=O)c1ccc(C(=O)O)cc1,1,train,0.627602464041612,0.9894276818471752,0.0038906834915212,0.1450271091710953,0.9219797554256168,236.9711536378708,1506.4949409990388,1633.9783299293704,2.897089298948707,0.1566519289652599
cathinone,C[C@H](N)C(=O)c1ccccc1,1,train,0.3257884832336855,0.9475848823012762,0.0033762040533922,0.3195041327339543,0.8426776527071208,249.59322344881244,658.2908016485177,781.1893427264195,2.379222377307713,0.3209510631017675
cetophenicol/cetofenicol,CC(=O)c1ccc(C(O)C(CO)NC(=O)C(Cl)Cl)cc1,1,train,0.2251935148575884,0.91228237249524,0.0005357349609028,0.4095618058784976,0.7564696804154231,1412.0222416333347,2608.0361951151285,3447.6414093462395,3.4149689131394307,0.3102141380481821
thiamphenicol,CS(=O)(=O)c1ccc([C@@H](O)[C@@H](CO)NC(=O)C(Cl)Cl)cc1,1,train,0.404995698193117,0.9643077984007732,0.000649970810812,0.2647838173745772,0.8549293310538169,1315.3349609433071,4246.93038049284,4967.580624772717,3.8444356384098106,0.2386423505329326
mexiletine,Cc1cccc(C)c1OCC(C)N,1,train,0.3716931765344319,0.9575731721557926,0.002112435418705,0.2881902496051746,0.789672773477555,373.8210250051764,1024.310454654465,1297.1327986193753,2.741828900259717,0.1641167700645515
m-Xylene,Cc1cccc(C)c1,1,train,0.3254786312847278,0.9417550118242204,0.0048030797522709,0.3362997141003284,0.6790452910648829,141.37705932195408,285.463895364875,420.390066938258,1.99751067392386,0.0806775264527401
38480,CCc1ccccc1,1,train,0.3994193434469681,0.9632770139308792,0.0074113359829419,0.2685095797777214,0.8264269302352651,111.50849619250644,343.2042323399069,415.28684482995294,2.0241733556512087,0.2089266713036092
Bacitracin,CCCC(=O)Nc1ccc(OCC(O)CNC(C)C)c(C(C)=O)c1,1,train,0.5338717686377898,0.9816589406661144,0.0006388085886801,0.1906455460016891,0.871575890843483,1364.3772270567842,6237.535164383235,7156.617375392004,4.683363870383361,0.1188994657050061
DMT,COC(=O)c1ccc(C(=O)OC)cc1,1,train,0.7261841374616644,0.9948299645334708,0.0044301677635129,0.1015546240519519,0.9017112203060018,203.53884287013383,1807.236845170246,2004.2301842012653,3.215282499006359,0.0289784975917826
o-Xylene,Cc1ccccc1C,1,train,0.2629464178294148,0.9093597069108352,0.0037136325481432,0.4160107251586673,0.6005713115285868,161.72071516037877,233.46711065722184,388.74169674038615,1.9214394101735663,0.0890564389103747
p-Xylene,Cc1ccc(C)cc1,1,train,0.4886286297733371,0.9762013473755504,0.0084080944011301,0.2168661554557552,0.7979110098945761,94.8979604447977,349.1560372632345,437.5876920276695,2.037671837811625,0.0768556423824413
toloxychlorinol,Cc1ccccc1OCC(COC(O)C(Cl)(Cl)Cl)OC(O)C(Cl)(Cl)Cl,1,train,0.1611142568212782,0.8609221129672477,0.0001737623495421,0.5087367840091863,0.6612784605388901,3805.648705149225,4946.749667402578,7480.584901209946,4.12503140609387,0.3744536155785496
Tertbutylchlorambucil,CC(C)(C)OC(=O)CCCc1ccc(N(CCCl)CCCl)cc1,1,train,0.6369588306898568,0.9900648913656463,0.0007425933379958,0.1406112046926954,0.918878151466076,1237.3907823440056,8086.20733465978,8800.086629286141,5.014885874971191,0.1159594283853827
clorgiline,C#CCN(C)CCCOc1ccc(Cl)cc1Cl,1,train,0.72055687342032,0.994593814741128,0.0017003122069588,0.1038419167710746,0.9081480761383648,534.1066613658203,4671.022570214785,5143.459192334523,4.36015013521833,0.0657548428158578
salbutamol,CC(C)(C)NCC(O)c1ccc(O)c(CO)c1,0,train,0.3373582442221618,0.947715426185886,0.0013248911054159,0.3191167043094178,0.9605733733842184,725.0206220402079,2182.384987314917,2271.9607348953527,3.2895641277558925,0.3780839804751273
tricetamide,CCN(CC)C(=O)CNC(=O)c1cc(OC)c(OC)c(OC)c1,1,train,0.5274003722094892,0.9809073989824072,0.0008167229960436,0.1944753830734583,0.9015778162733752,1103.8966952574706,5117.607977795805,5676.279834556234,4.282457139539062,0.1833700307749897
celiprolol,CCN(CC)C(=O)Nc1ccc(OCC(O)CNC(C)(C)C)c(C(C)=O)c1,1,train,0.5923752988505883,0.9868787516927576,0.0005985353807268,0.1614630900774047,0.9018138501325604,1506.7009890668123,8415.321540653616,9331.5505626983,5.036562282858875,0.1141351179907545
acetaminophen,CC(=O)Nc1ccc(O)cc1,1,train,0.6533915840154584,0.9910842989277514,0.0061480305886229,0.1332363029316244,0.8698360175921537,141.48205755543952,923.668600801118,1061.8881974535632,2.652449289840219,0.0262216887308787
acetylsalicylate,CC(=O)Oc1ccccc1C(=O)O,0,train,0.1972922116456339,0.8865230864340856,0.0014201282679323,0.462684360249385,0.6582515890340346,463.51558792108807,659.4341596648047,1001.796532891786,2.4283459606697444,0.0974302637444106
decimemide,CCCCCCCCCCOc1c(OC)cc(C(N)=O)cc1OC,1,train,0.6421799329404424,0.990412280957346,0.0008157891255817,0.1381430914988778,0.914885463697128,1121.4729824263077,7427.221429739232,8118.198096322589,4.969368106195328,0.1193227361095474
zafuleptine,CC(C)C(CCCCCC(=O)O)NCc1ccc(F)cc1,1,train,0.3512539724906203,0.9506681629037896,0.0003843996065699,0.3102096775426807,0.7161953421503094,1863.1531612142053,4301.547348053464,6006.10908071319,4.538799108495037,0.0951786602071678
diclometide,CCN(CC)CCNC(=O)c1cc(Cl)cc(Cl)c1OC,1,train,0.5446082552650111,0.9826908433917384,0.0008352145065769,0.1852530871916415,0.8533919438168285,1021.7637949253948,4706.885074314618,5515.5021188305245,4.19657633385625,0.1142219999520596
aletamine(alfetamine),C=CCC(N)Cc1ccccc1,1,train,0.5894241434363094,0.9865624815221076,0.0041621763967557,0.1633844241442279,0.9230825411336696,221.7788130875916,1252.996737154002,1357.404870441113,2.963454693029049,0.2073302829408627
dimethylamphetamine(dimethamphetamine),CC(Cc1ccccc1)N(C)C,1,train,0.5517095745377929,0.9829407695361972,0.0042695031705776,0.1839223846724161,0.9530057740096602,223.21233547198025,1156.5892042660196,1213.6224520443416,2.8182307418360057,0.2968524388760664
carbidopa,C[C@@](Cc1ccc(O)c(O)c1)(NN)C(=O)O,0,train,0.4248514684165761,0.967648729989847,0.0016497697167081,0.2523012789286576,0.8438115633043068,511.4723314160533,1710.5988102466836,2027.2284531727664,3.064549641120166,0.2461700390398334
amiflamine,Cc1cc(N(C)C)ccc1C[C@H](C)N.O=C(O)[C@H](O)[C@@H](O)C(=O)O,1,train,0.3459966553154709,0.9518367610576748,0.0013096100498181,0.3066052515845662,0.8974092469602908,685.2492061166804,2005.6700622810283,2234.95586776562,2.6820378173451758,0.2562409077226511
chlorambucil,O=C(O)CCCc1ccc(N(CCCl)CCCl)cc1,0,train,0.3101829322173519,0.9430189851503188,0.0006108537744814,0.3327389271577087,0.7875058510306592,1289.188810692303,3051.172101129751,3874.475468514281,3.6744532092249713,0.2716783055846588
hydroxyphenamate,CCC(O)(COC(N)=O)c1ccccc1,1,train,0.2562055418772953,0.9264716191235932,0.0014704850969059,0.376364635637446,0.8279258448950645,563.0290620673983,1238.5497142235956,1495.966965955237,2.8070676028476744,0.4161754202508131
phenelzine sulfate,NNCCc1ccccc1.O=S(=O)(O)O,1,train,0.4599432483152787,0.9725004495977578,0.003797884141876,0.2329009994228425,0.9152141980294708,240.98002041140955,946.9617419783502,1034.6886488619105,2.177979568130187,0.202011132955717
phenprobamate,NC(=O)OCCCc1ccccc1,1,train,0.5294011219609279,0.9808410699895248,0.0029719874506768,0.1948096389345354,0.9361872836616366,315.0037808700771,1513.7984730570904,1616.982519925167,3.100537947951532,0.325406143991618
Norepinephrine,NCC(O)c1ccc(O)c(O)c1,0,train,0.5248339437695443,0.9805356177259068,0.003926872352272,0.1963412905399026,0.9164210233002714,233.37173737517452,1089.2602660735558,1188.602441867653,2.7242949272357904,0.2196879885643207
chloramphenicol,O=C(NC(CO)C(O)c1ccc([N+](=O)[O-])cc1)C(Cl)Cl,0,train,0.2755451070909953,0.9325879011766658,0.0005608304300437,0.3609429408908023,0.7849475364033023,1399.6165228446555,3043.765141395688,3877.666978028218,3.5882611929131563,0.329675838207806
lidocaine,CCN(CC)CC(=O)Nc1c(C)cccc1C,1,train,0.4595011347809468,0.9728178725032264,0.0015183811701336,0.2315715590013077,0.8635635874461054,568.739658020203,2120.9118318369315,2455.999607520849,3.313440506771401,0.1918239127767594
chlorpropamide,CCCNC(=O)NS(=O)(=O)c1ccc(Cl)cc1,0,train,0.5118649794920563,0.9792754124651436,0.0011923266902635,0.2025331245530537,0.8898343458467068,746.3007857770901,3278.8911590749835,3684.833221350891,3.732269608564723,0.2215983157839437
embutramide,CCC(CC)(CNC(=O)CCCO)c1cccc(OC)c1,1,train,0.3332610207897643,0.949343000712054,0.0006848178663178,0.3142417333821741,0.8600051093949315,1255.8158186190235,3436.870109031178,3996.3368490324847,3.8480015167941786,0.3467406330305583
meclofenoxate,CN(C)CCOC(=O)COc1ccc(Cl)cc1,1,train,0.8566572970154099,0.9987336840993928,0.0034530085572869,0.0503093256290967,0.9581711152419792,277.4887751783689,5284.939240489722,5515.652847826716,4.636024623845201,0.0478403043904995
clofibrate,CCOC(=O)C(C)(C)Oc1ccc(Cl)cc1,0,train,0.3451436702971166,0.9522113884908718,0.0012941527321096,0.3054398003343474,0.855370761997127,660.9503969463847,1850.9625924960276,2163.9301630726586,3.103689678234859,0.3991384342932443
clofibric acid,CC(C)(Oc1ccc(Cl)cc1)C(=O)O,0,train,0.6783009175039819,0.9922739842248112,0.0038380905518707,0.1240658705310181,0.9846237997872244,256.5400129257761,2035.9781561464083,2067.77264228874,3.1869797712322536,0.2487686398440331
Acebutolol,CCCC(=O)Nc1ccc(OCC(O)CNC(C)C)c(C(C)=O)c1,1,train,0.5338717686377898,0.9816589406661144,0.0006388085886801,0.1906455460016891,0.871575890843483,1364.3772270567842,6237.535164383235,7156.617375392004,4.683363870383361,0.1188994657050061
bromamid,CN(C)C(=O)CCNc1ccc(Br)cc1,1,train,0.8681566696377402,0.9989384203395308,0.0041161639332119,0.0460655225690861,0.9581820274828816,232.78519588387567,4842.02888669057,5053.349726680274,4.32154609413239,0.0463831588751016
mescaline,COc1cc(CCN)cc(OC)c1OC,1,train,0.2175574481990854,0.8944523130798272,0.000853459504118,0.4471633478116769,0.638165026161668,747.739082033118,1067.128898607163,1672.1832987707855,2.872794122462191,0.1649722564353845
bromopride,CCN(CC)CCNC(=O)c1cc(Br)c(N)cc1OC,1,train,0.647645160406363,0.9907736126968584,0.0010005277461136,0.1355272975588883,0.8955911894119098,895.1187939471686,5915.122043865499,6604.712187655246,4.414085219304173,0.0999561781784111
procaine,CCN(CC)CCOC(=O)c1ccc(N)cc1,1,train,0.6708206712507115,0.9919079934600168,0.0023980241372099,0.126958782721493,0.9746618717677326,406.4437286697816,3120.2662538326435,3201.383314783264,3.77298744581918,0.2127914322345707
methamphetamine,CN[C@@H](C)Cc1ccccc1,1,train,0.4291684183481727,0.9682787690615482,0.0036722585796936,0.249872418215082,0.8721732527173414,237.50322418474417,828.9988989091283,950.4979616450069,2.599559159342636,0.2728709895564854
methocarbamol,COc1ccccc1OCC(O)COC(N)=O,1,train,0.6214102314060714,0.9890348451828864,0.0019901314420935,0.1476823449639941,0.9079093709111088,456.2057317962937,2804.6240670284446,3089.101354041469,3.627790090790555,0.0985233612024173
carbenzide,CCOC(=O)NNC(C)c1ccccc1,1,train,0.6814843365097737,0.992627353348136,0.003235022398158,0.1212061771737507,0.9504789354791666,293.8090740949268,2304.0025062381387,2424.0437323070373,3.47226710022903,0.1640490306801772
Aminosalicylicacid,Nc1ccc(C(=O)O)c(O)c1,0,train,0.4392962529823982,0.9685727448356368,0.0034904585269257,0.2487304524210102,0.7518800217162596,215.41010039689317,651.1569025338882,866.0383089412878,2.3784539947538,0.0027743352858393
felbamate,NC(=O)OCC(COC(N)=O)c1ccccc1,1,train,0.2241343604202245,0.9103121059393876,0.0008072160290043,0.4139225407974268,0.733099785187584,908.1828889000566,1608.4861662305727,2194.0889886074606,3.144273581772874,0.3099142368661779
cericlamine,CN(C)C(C)(CO)Cc1ccc(Cl)c(Cl)c1.[Cl-].[H+],1,train,0.4431979808568119,0.9701798189064622,0.0013999112897647,0.2423863011529823,0.9038531835420056,645.6503280960729,2407.615866608952,2663.72449690781,3.0938127801328896,0.4552644331754353
chlorphenesin-carbamate,NC(=O)OCC(O)COc1ccc(Cl)cc1,1,train,0.7128689257884226,0.9942252320223426,0.0024263150844651,0.1073135033913212,0.9415425244410046,388.05451545405657,3404.6957424268744,3616.082815216708,3.883210340826517,0.1546383927932725
propofol,CC(C)c1cccc(C(C)C)c1O,1,train,0.3127437773618631,0.9441333647738442,0.0022600982424931,0.3295636350097188,0.8500902192012177,376.1297642811588,970.2048399740564,1141.2963213312862,2.641391361737812,0.3417496721665145
fenpentadiol,CC(C)(O)CC(C)(O)c1ccc(Cl)cc1,1,train,0.416650835936769,0.9656378868272176,0.001787032866784,0.2598912686564619,0.9201684210648918,514.9141004445225,1823.0997033470544,1981.267408891537,3.07283768648842,0.4672721521670947
flerobuterol,CC(C)(C)NCC(O)c1ccccc1F,1,train,0.2382750078286749,0.9167173606945874,0.0016501586124563,0.3995363320164383,0.9291210456802916,563.049538793865,1309.3707238430522,1409.2574158454738,2.7867869592819026,0.4513052431146043
florfenicol,CS(=O)(=O)c1ccc([C@@H](O)[C@@H](CF)NC(=O)C(Cl)Cl)cc1,1,train,0.7018344169181335,0.9935813396054028,0.0013028339775334,0.1131199433695633,0.975318535210319,748.6130635438375,6454.531135942379,6617.869857820876,4.392191368234791,0.2049583188655493
cinromide,CCNC(=O)/C=C/c1cccc(Br)c1,1,train,0.6884276754617996,0.9930582030600844,0.002129884351595,0.11762399982604,0.8880143058855117,416.93076209536855,3147.661037305337,3544.6062258721686,3.739985368479404,0.0441339343953704
cintriamide(cintramide),COc1cc(/C=C/C(N)=O)cc(OC)c1OC,1,train,0.4020899910516152,0.9628625307629264,0.0010388635796496,0.269992123686623,0.7670478005911403,738.3527689456582,2097.66070115995,2734.719660943356,3.4263639516377347,0.0911820041124024
flubanilate,CCOC(=O)N(CCN(C)C)c1cccc(C(F)(F)F)c1,1,train,0.3376037330990498,0.948241159835406,0.0005820795211154,0.317551102649643,0.7326262615157576,1258.6360367253462,2903.8155008785225,3963.570040296824,3.653965551335002,0.117815767989883
adrenaline,CNCC(O)c1ccc(O)c(O)c1,0,train,0.5552846598436186,0.9837099082179656,0.0032459979698368,0.1797632233628495,0.8913609831416194,274.6030624247162,1361.6269841942517,1527.5819897289764,2.9384567813521345,0.1618920714661
dopamine,NCCc1ccc(O)c(O)c1,0,train,0.550179952523405,0.9832503851138288,0.0044749825262616,0.1822599247599628,0.8681718060208985,194.005630396542,924.12097031979,1064.4448067892504,2.6691119071929754,0.1518445647116717
clofexamide,CCN(CC)CCNC(=O)COc1ccc(Cl)cc1,1,train,0.6872088998084154,0.9929990238450414,0.0013012866232464,0.1181225577220332,0.9239854222375196,710.0552681716894,5554.237305946991,6011.17417252847,4.642414659166063,0.1465935903908046
fluoresone,CCS(=O)(=O)c1ccc(F)cc1,1,train,0.5344786557602301,0.9810917837722134,0.0040281614772732,0.1935430489959697,0.9598657322810504,238.2887919703786,1181.7796970005222,1231.1927150395395,2.653841095613461,0.2060313878904614
clovoxamine,COCCCC/C(=N\OCCN)c1ccc(Cl)cc1,1,train,0.2970614496576305,0.9350281883123716,0.0003892864112924,0.3545733874126542,0.6979105680789233,1792.7945796050094,3528.776631069556,5056.201743416649,4.268516890800426,0.1683566726426559
Ephedrine,CN[C@@H](C)[C@H](O)c1ccccc1,0,train,0.3005401754119885,0.9405681435554296,0.0025512662210614,0.3396050166424119,0.8647347428671253,338.9433590773403,863.0499671531059,998.05168494973,2.5801707569077017,0.4105529490671812
epinephrine,CNC[C@H](O)c1ccc(O)c(O)c1,0,train,0.56850418859688,0.9847543570856336,0.0035555581740927,0.1739507292334817,0.9264990730611524,260.5776723924825,1387.8928418174098,1497.9970106519509,2.930391172529538,0.1679533411475202
benserazide,NC(CO)C(=O)NNCc1ccc(O)c(O)c1O,0,train,0.66343450712585,0.991708008231926,0.001961246355356,0.1285115808348267,0.9139013042079216,465.9798610776929,3313.7838629568987,3625.975636208283,3.793978789129945,0.1176620554096824
carbuterol,CC(C)(C)NCC(O)c1ccc(O)c(NC(N)=O)c1,0,train,0.5320284839951822,0.9814645413697448,0.0011424837648863,0.1916438207557879,0.8606308700837676,753.2981181307223,3382.898609945024,3930.719577390661,3.884326617248669,0.1410920116952908
fluvoxamine,COCCCC/C(=N\OCCN)c1ccc(C(F)(F)F)cc1.O=C(O)/C=C\C(=O)O,1,train,0.4241888853704878,0.9674833073493376,0.0005662523306585,0.2529348730412369,0.8713508174956671,1538.8030570791911,5301.116788004882,6083.791604443228,3.856809797476765,0.2411442650476419
Ethacrynic acid,C=C(CC)C(=O)c1ccc(OCC(=O)O)c(Cl)c1Cl,0,train,0.3976004436505945,0.9627115455090616,0.0009639871959473,0.2705299986019187,0.8900498556287534,923.3004954531943,3037.6796544819254,3412.932023157324,3.487479336128765,0.2455308120853397
guanabenz,NC(N)=N/N=C/c1c(Cl)cccc1Cl,0,train,0.3785971858669331,0.9567174251020898,0.0011489703165571,0.2910185019994898,0.7189670339939458,625.7490064219577,1545.9254448799347,2150.2035166927453,3.0579785488278453,0.032841898354926
ibuprofen,CC(C)Cc1ccc(C(C)C(=O)O)cc1,0,train,0.6313773146233538,0.9893816540700578,0.0030867884243522,0.1453407808895919,0.9745756432251504,315.7247952391314,2117.0774886371905,2172.306996746988,3.340959013153895,0.2564787773201055
fenaclon,O=C(CCCl)NCCc1ccccc1,1,train,0.7670459823437416,0.9963663741375096,0.0039169224779901,0.0851707020522447,0.9631287068933204,245.8891418722994,2780.56756072418,2887.015557550156,3.7372664409209846,0.1023356639003047
iproclozide,CC(C)NNC(=O)COc1ccc(Cl)cc1,1,train,0.7445400505125649,0.9955815650347302,0.0025377778013642,0.0939007314295129,0.9236839771329884,363.9735427729042,3580.339838055764,3876.1523710400793,4.013849227386626,0.0715390715292281
Metaraminol,C[C@H](N)[C@H](O)c1cccc(O)c1,0,train,0.3933891033566081,0.9619133909859492,0.0030843620753392,0.2733544004436594,0.8911260736321333,288.91746554564946,941.8611379863512,1056.9336549063448,2.615514762977851,0.336640510388827
Isoproterenol,CC(C)NCC(O)c1ccc(O)c(O)c1,0,train,0.5212020019091285,0.9794804634642518,0.0022235090704872,0.2015391319120295,0.9697492656597316,436.1346119659533,2098.556323381338,2164.019502457335,3.3347607222218123,0.2935831135330248
levodopa,N[C@@H](Cc1ccc(O)c(O)c1)C(=O)O,0,train,0.4391573298769013,0.9692279666888192,0.0025092510605767,0.2461648808994837,0.9264598350151184,369.2176719862222,1389.5781649401754,1499.8795548621918,2.874505269806406,0.2618967558581923
Metoprolol,COCCc1ccc(OCC(O)CNC(C)C)cc1,1,train,0.7743302155909692,0.996623376978818,0.0021873895456165,0.082108735584814,0.9571252460854534,437.5650638010464,5100.609166443325,5329.092704747166,4.508059544095691,0.0786399036911958
dipivefrin,CNCC(O)c1ccc(OC(=O)C(C)(C)C)c(OC(=O)C(C)(C)C)c1,0,train,0.3351289047095327,0.9494226774998888,0.000461230579522,0.3140009226880429,0.7871525247339729,1706.6355954753549,4278.275701482353,5435.129237409541,4.030801171503587,0.1665475848784201
melphalan,NC(Cc1ccc(N(CCCl)CCCl)cc1)C(=O)O,0,train,0.3466326182829581,0.9524922326389562,0.00067253344868,0.3045628781753555,0.8634676597830037,1283.9029218215217,3639.999260367824,4215.559458570325,3.8694522105619,0.2934277037019903
etilefrine,CCNCC(O)c1cccc(O)c1,0,train,0.5877654002276942,0.986451442384276,0.0033880716235706,0.1640535029128652,0.9180000061308992,270.95059022495843,1516.1678298316713,1651.5989321414866,3.080081485378352,0.1477419729530906
guanoxyfen,N=C(N)NCCCOc1ccccc1,1,train,0.716635024177962,0.9944001691354912,0.0035777085036419,0.1056801950381742,0.9399072185504268,262.7120732708205,2336.5302645249435,2485.9158631938803,3.6272499645430014,0.1375233309566887
mebanazine,CC(NN)c1ccccc1,1,train,0.4583604601526454,0.9714284792862952,0.005730557574938,0.2373324875180724,0.9628468019955732,168.01974143082987,681.6482328255992,707.9508717407913,2.391278910318267,0.3514480587655722
methyldopa,C[C@](N)(Cc1ccc(O)c(O)c1)C(=O)O,0,train,0.5623223924454167,0.9842852847808736,0.0026466228863084,0.1765856114292286,0.9110648592780776,344.2367494028753,1776.0337499455084,1949.4042952691943,3.103847823895954,0.2348103847900205
mefexamide,CCN(CC)CCNC(=O)COc1ccc(OC)cc1.[Cl-].[H+],1,train,0.4434824433221371,0.9704335714736622,0.0007101070818956,0.2413683561630906,0.8246477786656734,1161.3005977411128,3967.6450281794255,4811.320821841417,3.9606963829782034,0.1567410656361024
Sodiumamidotrizoate,CC(=O)Nc1c(I)c(NC(C)=O)c(I)c(C(=O)[O-])c1I.[Na+],0,train,0.2033361461586953,0.852692684592173,0.0001462990584163,0.5224128498065426,0.5458377941088726,3730.9727076686777,3898.2691819093416,7141.808837685201,3.4079821306220364,0.1149803682185477
Sotalol,CC(C)NCC(O)c1ccc(NS(C)(=O)=O)cc1,1,train,0.5944876103538598,0.986928605141946,0.0015279426051713,0.1611580849742655,0.931000587060698,609.3164651013074,3519.9846585770206,3780.8619108287735,3.810641423385112,0.2319844035882823
hydroxyamphetamine,CC(Cc1ccccc1)NO,0,train,0.4389006436486991,0.9698068020088016,0.0039244196337174,0.2438744898046149,0.8691619175830017,221.475274997457,789.3317372728732,908.1526943424728,2.5190054632480616,0.2233522451889648
hydroxyephedrine,CNC(C)C(O)c1ccc(O)cc1,0,train,0.4167595271700775,0.9660660951931762,0.0026898092294013,0.2582949858557246,0.8928130860365241,331.9243150322683,1147.3175565244949,1285.0590727985357,2.761573630864067,0.2852732800233056
metacetamol,CC(=O)Nc1cccc(O)c1,1,train,0.5619644563581412,0.98414293708411,0.0045521150439193,0.1773772234179506,0.8258183218665817,181.4142028263752,844.613359336639,1022.7592885413044,2.603201387276941,0.0272226289652998
metaglycodol,CC(C)(O)C(C)(O)c1cccc(Cl)c1,1,train,0.3675780180524794,0.9561054898805724,0.0020290179286894,0.2930226820917291,0.9227447034822418,454.77405124667695,1432.1087503310291,1552.0097215693097,2.829999590812838,0.4927194522332307
levodopa,N[C@@H](Cc1ccc(O)c(O)c1)C(=O)O,1,train,0.4391573298769013,0.9692279666888192,0.0025092510605767,0.2461648808994837,0.9264598350151184,369.2176719862222,1389.5781649401754,1499.8795548621918,2.874505269806406,0.2618967558581923
norfenefrine,NCC(O)c1cccc(O)c1,0,train,0.3044582521564802,0.9405339328454444,0.0032596465264964,0.3396997514957598,0.9139424310239432,280.38083994532354,754.3483483394974,825.3784075812705,2.464061738318814,0.3703500138938639
methoxyphedrine,CNC(C)C(=O)c1ccc(OC)cc1,0,train,0.6176002153419328,0.9887259644552372,0.0032723576390371,0.1497363256262859,0.9217679153942042,281.6831217951542,1734.0245454324854,1881.194296821354,3.175334526608215,0.1586121491275106
metamfepramone,CC(C(=O)c1ccccc1)N(C)C,1,train,0.4098767478424593,0.96384391355092,0.0030673322138435,0.266467465764297,0.9472279942488044,308.8116735362915,1097.7515070569302,1158.909485068057,2.69016706485388,0.3098152112570208
phenacetin,CCOc1ccc(NC(C)=O)cc1,0,train,0.7355016680096207,0.995219734548046,0.0051195283231974,0.0976610463087346,0.9076484575784284,177.2914222323404,1647.7223213681398,1815.375002965576,3.186888425559479,0.038522200467316
mofegiline,NC/C(=C/F)CCc1ccc(F)cc1,1,train,0.3533296012037331,0.950312757959132,0.0022066573861132,0.3112967427714402,0.9910653325884446,449.1251513829632,1429.865161987903,1442.7557043625063,2.9019099279929037,0.4019212528045812
pivenfrine,CNCC(O)c1cccc(OC(=O)C(C)(C)C)c1,0,train,0.3136352341219247,0.9444287312711812,0.0009668298340418,0.3287162477723101,0.8340379727559805,862.6522924610614,2188.7715440700817,2624.3068248290224,3.360293265629137,0.2228241335316912
probenecid,CCCN(CCC)S(=O)(=O)c1ccc(C(=O)O)cc1,0,train,0.3152060808206589,0.9427107174819068,0.0009581488213504,0.3336113054810172,0.9381692056792142,979.1476906029444,2753.522425779636,2934.9955307754367,3.417996047333011,0.2858139922328399
paracetamol(acetaminophen),CC(=O)Nc1ccc(O)cc1,1,train,0.6533915840154584,0.9910842989277514,0.0061480305886229,0.1332363029316244,0.8698360175921537,141.48205755543952,923.668600801118,1061.8881974535632,2.652449289840219,0.0262216887308787
parapropamol,CCC(=O)Nc1ccc(O)cc1,1,train,0.723009781889836,0.9946947175402264,0.0061668288257755,0.1028708845960287,0.9015924510517548,146.20033675709672,1281.3452560367243,1421.202289950374,2.936415475608418,0.035931912268808
salicylic acid,O=C(O)c1ccccc1O,0,train,0.3279927122539003,0.9408719632650784,0.0030867218659934,0.3387623779904089,0.6612376220096571,214.22002069397232,418.14069765017473,632.3607183441053,2.1396907683271147,9.399290850253371e-14
phenaglycodol,CC(C)(O)C(C)(O)c1ccc(Cl)cc1,1,train,0.5023828280711806,0.9767720523946384,0.0026960801869944,0.2142810249666683,0.9930471833157148,368.3299881457648,1706.9596214399205,1718.9108937810008,2.9726050410358136,0.5424853230501776
phenelzine,NNCCc1ccccc1.[Cl],1,train,0.6297056484253711,0.9896075761523772,0.0068134561761391,0.1437944547672723,0.9064830295319553,133.04305569711866,838.7060014358891,925.2307810648574,2.3506782597510045,0.1522677834575984
pheniprazine,CC(Cc1ccccc1)NN,1,train,0.4340725782645591,0.9690896105918716,0.0038152753452186,0.2467089918160551,0.862272585943438,226.0053358990345,789.9112391005834,916.0806593848952,2.53581254500143,0.2108393004260248
Atenolol,CC(C)NCC(O)COc1ccc(CC(N)=O)cc1,0,train,0.7874707028580591,0.9969615948041896,0.0025966382114738,0.0778946627535351,0.9973158045766276,384.07961500749695,4917.521390068527,4930.7565041106245,4.382822090742598,0.1616097024774694
Benzene,c1ccccc1,1,train,0.2499999999967495,0.8660255720981158,0.0056353473142832,0.4999997084720461,0.5000002915326279,88.72572774092063,88.72583120592984,177.45155894602104,1.5072159134800842,1.348835774812205e-11
pargyline,C#CCN(C)Cc1ccccc1,1,train,0.4173774267228044,0.9658985676919332,0.003176105970482,0.2589207541520607,0.9123269279405516,287.24700511239433,1012.136623008631,1109.4012376609178,2.750228853669606,0.3582467027702377
phenacemide,NC(=O)NC(=O)Cc1ccccc1,1,train,0.5264604808857274,0.9807703508700624,0.003420122368452,0.1951653628444735,0.9079367615731636,265.4690867052467,1234.9995889025768,1360.22643995901,2.8332043951724453,0.0969668468516187
tolbutamide,CCCCNC(=O)NS(=O)(=O)c1ccc(C)cc1,0,train,0.2620366841355628,0.9284684363664456,0.0007831101222474,0.3714113119861151,0.8117679105616115,1036.5948383247744,2265.613347924393,2790.961946693553,3.356914304668444,0.2955601349488685
pheneturide,CCC(C(=O)NC(N)=O)c1ccccc1,1,train,0.1414629490947651,0.8580705821030833,0.0010064228354494,0.5135317674002999,0.7309169593798104,726.2523599769053,1033.68515911684,1414.2306398170472,2.774011474625021,0.429053681624995
phenoxypropazine(fenoxypropazine),CC(COc1ccccc1)NN,1,train,0.5810108595686265,0.9857519428332584,0.0042801420653492,0.1682055504448552,0.9400583804453994,219.63251828854587,1227.470727864974,1305.738827926196,2.877589143962473,0.2225005720389939
alaproclate,CC(N)C(=O)OC(C)(C)Cc1ccc(Cl)cc1,1,train,0.3049132503161487,0.9417686191482856,0.0009434682808431,0.3362616064725969,0.7988012043587766,846.6646103299763,2011.2813874713183,2517.874755942361,3.2419313647078973,0.346216345325172
amphetamine,CC(N)Cc1ccccc1,1,train,0.4911636590968539,0.976659876057008,0.0056371777335687,0.2147917281934048,0.9144199822343928,162.2123738957408,690.5770408550419,755.2077319741103,2.4385026543647403,0.2747755029442613
Ethylbenzene,CCc1ccccc1,1,train,0.3994193434469681,0.9632770139308792,0.0074113359829419,0.2685095797777214,0.8264269302352651,111.50849619250644,343.2042323399069,415.28684482995294,2.0241733556512087,0.2089266713036092
procarbazine,CNNCc1ccc(C(=O)NC(C)C)cc1,1,train,0.7145669141273322,0.9942238697048398,0.0028677568096918,0.1073261240757986,0.9689210057315584,337.86721470140463,3050.2046383507145,3148.04263743641,3.842821357802301,0.1566005662952414
tiapride,CCN(CC)CCNC(=O)c1cc(S(C)(=O)=O)ccc1OC,1,train,0.3952619592538752,0.9624944698541767,0.0005894698918272,0.2713013002182767,0.8214412992768824,1393.525455100929,4219.291833443272,5136.449600424922,4.045296608026913,0.2278044068291037
propacetamol,CCN(CC)CC(=O)Oc1ccc(NC(C)=O)cc1,1,train,0.6687271379743265,0.99182010428817,0.0018584294488646,0.1276435690890976,0.9689368180105232,521.3740121275408,3957.727599669476,4084.60853804246,4.024823698864489,0.1683379083875665
triclacetamol,O=C(Nc1ccc(O)cc1)C(Cl)(Cl)Cl,1,train,0.576713683507798,0.9853127012476804,0.0021915772716795,0.1707597164438947,0.9481272628823816,432.62324132234414,2402.0998523327285,2533.520494949334,3.247560241445279,0.0648919197232886
benzocaine,CCOC(=O)c1ccc(N)cc1,1,train,0.6374636915672769,0.9901284166712369,0.0050254760995461,0.1401631852524382,0.8985189538896305,178.79280213287166,1146.1548997055838,1275.604587687275,2.8055841013950005,0.103020784011663
aspirin,CC(=O)Oc1ccccc1C(=O)O,1,train,0.1972922116456339,0.8865230864340856,0.0014201282679323,0.462684360249385,0.6582515890340346,463.51558792108807,659.4341596648047,1001.796532891786,2.4283459606697444,0.0974302637444106
rivastigmine,CCN(C)C(=O)Oc1cccc([C@H](C)N(C)C)c1,1,train,0.4365107264836927,0.9692363466881856,0.001253653972661,0.2461318838723245,0.896337066624764,714.9796404522879,2603.737246621268,2904.863966438284,3.52564281399904,0.2474717128014483
bupropion,CC(NC(C)(C)C)C(=O)c1cccc(Cl)c1,1,train,0.4592616933237552,0.9726875793885558,0.0014519241454804,0.232118230441368,0.8862026374909319,610.3642812536116,2330.305701748135,2629.540472081906,3.4083573267638885,0.3186182691490278
buramate,O=C(NCc1ccccc1)OCCO,1,train,0.5028131810964463,0.9777652683161776,0.0024422203230997,0.2097023606795906,0.9411471949673812,385.3653931488258,1729.5253979218462,1837.6778969009083,3.181740715843939,0.2942987357309291
beclamide,O=C(CCCl)NCc1ccccc1,1,train,0.6146680804053809,0.988216234226582,0.0030048708161854,0.153064281957069,0.9688536208392587,322.42771157435715,2040.8762372487977,2106.4856376145976,3.362510533228751,0.2570764145367615
azidamfenicol,[N-]=[N+]=NCC(=O)N[C@H](CO)[C@H](O)c1ccc([N+](=O)[O-])cc1,1,train,0.271431742128539,0.9314092644427628,0.0007269355149986,0.3639736008424118,0.8687193667312814,1195.0432312182302,2852.2870797156847,3283.323923637097,3.5233658407254698,0.4174133928005905
salicylamide,NC(=O)c1ccccc1O,1,train,0.3211666371880077,0.938241949819137,0.0029652339190297,0.3459798312034735,0.6540201687974266,220.56275715725647,416.9390197244724,637.501776881155,2.156064724185814,6.903739403203815e-13
selegiline,C#CCN(C)[C@H](C)Cc1ccccc1,1,train,0.554672734153502,0.9835351642727176,0.0027982571921428,0.1807168521168919,0.9181628113424936,328.1195216510366,1667.0672321173645,1815.6553625602176,3.189648476890388,0.2498166351203251
benzyl-alcohol,OCc1ccccc1,1,train,0.457741957528472,0.9720118544520516,0.0076333411920129,0.2349318088396796,0.7862177724207702,102.9978554140116,344.6904225003506,438.4159638608096,2.0241105444809016,0.0622598481724467
thebacon,COc1ccc2c3c1OC1C(OC(C)=O)=CCC4C(C2)N(C)CCC314,1,train,0.1604381026540148,0.8588016389159742,0.0003619719740669,0.5123082519296726,0.6555620425331485,1811.0850825481457,2317.5083193459136,3535.147200394429,3.350188085383885,0.3125421158639663
methyldesorphine,CC1=CCC2C3Cc4ccc(O)c5c4C2(CCN3C)C1O5,1,train,0.1186089683874112,0.8203161487916311,0.0005521319224848,0.5719103216691116,0.6751525011149861,1222.8101176915218,1443.553784688986,2138.11514036461,2.911591564323392,0.4529503484273988
nialamide,O=C(CCNNC(=O)c1ccncc1)NCc1ccccc1,1,train,0.7486024954505534,0.995677670509362,0.0015351119262323,0.0928761349812235,0.9679768730525654,630.557848265997,6571.821861091325,6789.234375369675,4.842379266398827,0.1302664600911351
dexamethasone-acefurate,CC(=O)OCC(=O)[C@@]1(OC(=O)c2ccco2)[C@H](C)C[C@H]2[C@@H]3CCC4=CC(=O)C=C[C@]4(C)[C@@]3(F)[C@@H](O)C[C@@]21C,1,train,0.2223669605715015,0.9128797487889804,0.0002301318671023,0.408228568636454,0.8259176319489997,3588.8885896084216,7260.947892889537,8791.370485401987,4.310390338301541,0.4453679050514594
remacemide,CC(Cc1ccccc1)(NC(=O)CN)c1ccccc1,1,train,0.3027845629271537,0.9414183052584127,0.0009378870780779,0.3372411222321174,0.8414171152724053,897.1411750300769,2238.368602528665,2660.236595976542,3.286100160644969,0.3137514472056807
dextropropoxyphene,CCC(=O)O[C@](Cc1ccccc1)(c1ccccc1)[C@H](C)CN(C)C,1,train,0.0791392792083587,0.7710132416980484,0.0003145329271365,0.6368191117784288,0.7156279227998976,2275.208288413025,2556.7740528814898,3572.770110587775,3.5183659443644766,0.4396404852027474
darvon(dextropropoxypheneandlevopropoxyphene),CCC(=O)O[C@](Cc1ccccc1)(c1ccccc1)[C@H](C)CN(C)C.[Cl-].[H+],1,train,0.0597849920199863,0.7207088663612469,0.0003015575744321,0.6932378595751147,0.7186742237082541,2383.2073363156915,2470.652256950073,3437.791666162547,3.320826969880088,0.5218702183676178
paraldehyde,CC1OC(C)OC(C)O1,1,train,0.184789071364574,0.8532444842924276,0.0022274415431806,0.521511121669087,0.5806540254770743,260.68204898788764,290.24516414910664,499.859040692324,1.9938561473656211,0.2649229236405677
panuramine,O=C(NC(=O)c1ccccc1)NC1CCN(Cc2ccc3ccccc3c2)CC1,1,train,0.7449678109193412,0.9955121007374584,0.0008467286328478,0.0946343346005696,0.9758033753470984,1152.439326475965,11883.1520230419,12177.814017926514,5.703933170724119,0.1605937975196967
ethypicone,CCC1(CC)C(=O)NC=C(C)C1=O,1,train,0.1281759130781007,0.84841011068727,0.001565242101498,0.5293394790525399,0.749291783515788,478.7066376496301,677.6198725010181,904.3471280594129,2.384342136310746,0.4354152753403119
pyrithyldione,CCC1(CC)C(=O)C=CNC1=O,1,train,0.0256838743983575,0.6523488368078901,0.0018350660733791,0.7579188578702819,0.8645642167662061,471.13519742325616,537.4277585542586,621.6169350200956,2.2078737794249013,0.5742274125559502
fluanisone,COc1ccccc1N1CCN(CCCC(=O)c2ccc(F)cc2)CC1,1,train,0.7957295053920641,0.99722655155563,0.001372693957844,0.0744258347112525,0.993326056578442,723.6325700293212,9657.978173676727,9722.86804490369,5.3105265529608365,0.152738760029991
halopemide,O=C(NCCN1CCC(n2c(=O)[nH]c3cc(Cl)ccc32)CC1)c1ccc(F)cc1,1,train,0.8463268664091977,0.998515656327406,0.0011464750383161,0.0544654392165305,0.9846069471189666,858.8123720208497,15525.306321348926,15768.0243540604,6.209867750531822,0.1260989514435187
ICI199441,CN(C(=O)Cc1ccc(Cl)c(Cl)c1)[C@@H](CN1CCCC1)c1ccccc1,1,train,0.4387781297966563,0.9696338560993052,0.0004755931177185,0.2445612093239483,0.8917091799046498,1874.9413031505972,6836.335068932192,7666.552305386381,4.574408383814966,0.3462500649896184
EMD60400,CN(C(=O)Cc1ccccc1N)[C@@H](CN1CC[C@@H](O)C1)c1ccccc1,0,train,0.3016291998867721,0.9404922344991165,0.0003907386614806,0.3398151804243873,0.781548242675899,2000.1815016572823,4600.260458349147,5886.086369535647,4.2027352534061535,0.28144428244699
mezepine,CNCCCN1Cc2ccccc2Cc2ccccc21,1,train,0.337908580738792,0.9493745811809,0.0007807824086972,0.314146310829191,0.759742533471663,973.0528313763376,2353.265334742679,3097.451085158248,3.472343169352574,0.1740784889277585
trihexyphenidyl,OC(CCN1CCCCC1)(c1ccccc1)C1CCCCC1,1,train,0.2842446021550384,0.9335019955985352,0.0005230171732961,0.3585722022320641,0.7361459741678746,1407.4986668764902,2889.5839410251047,3925.286617632373,3.6928235604507855,0.210373829899719
Northioridazine,CSc1ccc2c(c1)N(CCC1CCCNC1)c1ccccc1S2,1,train,0.2397601409902634,0.8857768127181717,0.0002173489415376,0.4641114500320337,0.5589954567375596,2571.880280542449,3097.681369414435,5541.514393503831,3.964992231961245,0.0785831718924019
Trimetrexate,COc1cc(NCc2ccc3nc(N)nc(N)c3c2C)cc(OC)c1OC,0,train,0.641381019904896,0.9902356769234368,0.0008379586432108,0.1394033864293929,0.9489695370904844,1132.4777717599882,7709.187949868506,8123.746494017788,4.791859428626109,0.1959718790972273
trimetrexate,COc1cc(NCc2ccc3nc(N)nc(N)c3c2C)cc(OC)c1OC,1,train,0.641381019904896,0.9902356769234368,0.0008379586432108,0.1394033864293929,0.9489695370904844,1132.4777717599882,7709.187949868506,8123.746494017788,4.791859428626109,0.1959718790972273
premazepam,Cc1c2c(cn1C)NC(=O)CN=C2c1ccccc1,1,train,0.2127452550282416,0.8993460668635193,0.0006829759622208,0.4372375235694191,0.6819949239829074,998.563583065584,1557.5408289878612,2283.80120469474,3.090875892252466,0.2662798352911107
midazolam(midazolammaleate),Cc1ncc2n1-c1ccc(Cl)cc1C(c1ccccc1F)=NC2,1,train,0.1385931565985906,0.8482952891862304,0.0003944821907498,0.5295234672273267,0.6930397221531492,1756.8339925201865,2299.3423661102747,3317.76418091395,3.364159728243093,0.4013193212582311
climazolam,Cc1ncc2n1-c1ccc(Cl)cc1C(c1ccccc1Cl)=NC2,1,train,0.1129335709516858,0.8301301863863015,0.0003954444546704,0.5575696132773417,0.7365516232014868,1862.591862149863,2460.491079068121,3340.55482543556,3.346139807076832,0.4169928251762701
4-hydroxymidazolam,Cc1ncc2n1-c1ccc(Cl)cc1C(c1ccccc1F)=NC2O,1,train,0.1248272388348078,0.8430406685271549,0.0003883896801304,0.5378498221709178,0.7356140585468225,1894.0103102116295,2590.426832532359,3521.448241010577,3.42232154221981,0.4660044920295131
midazolam maleate,Cc1ncc2n1-c1ccc(Cl)cc1C(c1ccccc1F)=NC2.O=C(O)/C=C\C(=O)O,1,train,0.1462829062017166,0.8602617430632108,0.0003778862305012,0.5098526585415106,0.7181452474796669,1900.427137890212,2676.8178892336305,3727.404586506604,3.065562643012832,0.3962966510268074
Midazolam,Cc1ncc2n1-c1ccc(Cl)cc1C(c1ccccc1F)=NC2,1,train,0.1385931565985906,0.8482952891862304,0.0003944821907498,0.5295234672273267,0.6930397221531492,1756.8339925201865,2299.3423661102747,3317.76418091395,3.364159728243093,0.4013193212582311
1-hydroxymidazolam,OCc1ncc2n1-c1ccc(Cl)cc1C(c1ccccc1F)=NC2,1,train,0.1368281745175944,0.8565581265754446,0.0003994603605323,0.5160505554667727,0.7503927551139901,1878.5161914788275,2731.5636530514294,3640.178605717596,3.4741607039136824,0.4242715610194996
dicyclomine,CCN(CC)CCOC(=O)C1(C2CCCCC2)CCCCC1,0,train,0.2855221570603578,0.9350312357997318,0.0005349625676066,0.3545653509281841,0.7608223952902468,1422.1974421388252,3051.7354887361403,4011.101023875528,3.702419950388469,0.2143556355369579
Hydrochlorothiazide,NS(=O)(=O)c1cc2c(cc1Cl)NCNS2(=O)=O,0,train,0.3673947802895123,0.9567232882462698,0.001013970147325,0.2909992263344437,0.791477772442112,780.5730519089984,2123.0510752053824,2682.388753198575,3.062765384071871,0.1404630461636116
hydroflumethiazide,NS(=O)(=O)c1cc2c(cc1C(F)(F)F)NCNS2(=O)=O,0,train,0.343402858072055,0.9513860943011584,0.0007962723481987,0.3080008109898207,0.7873729746687103,988.8237064238944,2527.82796463368,3210.4581258929693,3.186328210203419,0.1541989834237732
Trichlormethiazide,NS(=O)(=O)c1cc2c(cc1Cl)NC(C(Cl)Cl)NS2(=O)=O,0,train,0.5104834830984541,0.9791708062635536,0.0008296564050104,0.2030382529504784,0.8707217842737267,1049.4968507628332,4500.727115243422,5168.961195794017,3.752287668581977,0.1537947509161295
Methyclothiazide,CN1C(CCl)Nc2cc(Cl)c(S(N)(=O)=O)cc2S1(=O)=O,0,train,0.5178961759791634,0.97997515129422,0.0009093078272389,0.1991198203240218,0.8551237199435829,940.4117003371136,4038.615292853032,4722.843254914599,3.669563058666311,0.1186125431777568
Polythiazide,CN1C(CSCC(F)(F)F)Nc2cc(Cl)c(S(N)(=O)=O)cc2S1(=O)=O,0,train,0.5970093467852752,0.9872490417547432,0.000667523847749,0.1591833205908883,0.898975141826608,1346.7311240760678,7605.556906179334,8460.252739275715,4.448811765935554,0.1550596830958016
indriline,CN(C)CCC1(c2ccccc2)C=Cc2ccccc21,1,train,0.1637136889166606,0.8722693976637148,0.0005635036667031,0.4890256618004624,0.7064117947202061,1253.6063853020132,1810.8708922421376,2563.4777133914977,3.268628893887787,0.3264632097248452
noscapine,COc1ccc2c(c1OC)C(=O)O[C@@H]2[C@H]1c2c(cc3c(c2OC)OCO3)CCN1C,1,train,0.1150909991734487,0.8396720893748175,0.0003342382226567,0.5430937141276158,0.7931121432710742,2372.894808280544,3465.2798185580955,4369.217957332061,3.5135288067783605,0.3966588808524974
cyclazodone,O=C1N=C(NC2CC2)OC1c1ccccc1,1,train,0.519924235107607,0.980159520177542,0.0021522590272891,0.1982102797670458,0.8907179359678297,413.8525728892938,1859.771904626588,2087.9470700293136,3.175692814326452,0.1513309312846186
cortisone-acetate,CC(=O)OCC(=O)[C@@]1(O)CC[C@H]2[C@@H]3CCC4=CC(=O)CC[C@]4(C)[C@H]3C(=O)C[C@@]21C,1,train,0.5476374189072456,0.9829660489570422,0.0006600349039013,0.1837872318682166,0.8977472577020156,1360.1511865442762,6643.943571966021,7400.683783732938,4.374584431579024,0.1933785773662267
Cortisone,C[C@]12CC(=O)[C@H]3[C@@H](CCC4=CC(=O)CC[C@@]43C)[C@@H]1CC[C@]2(O)C(=O)CO,0,train,0.5483137005325701,0.9829520351072776,0.0009477177932005,0.1838621676105809,0.91395011755815,964.369482260796,4793.730070389013,5245.0675133088025,3.9068014549612697,0.2617944081406201
clodazon,CN(C)CCCn1c(=O)n(-c2ccccc2)c2cc(Cl)ccc21,1,train,0.3223252613030724,0.9424662933740752,0.0004041946446894,0.3343011903265253,0.6998819931560679,1731.5469226313064,3625.10977083499,5179.601427503251,3.996524385276111,0.0987687301467843
enkephalin,CC(C)[C@H](NC(=O)[C@H](Cc1ccccc1)NC(=O)CNC(=O)[C@@H](C)NC(=O)[C@@H](N)Cc1ccc(O)cc1)C(N)=O,0,train,0.4149550259999826,0.9647505213874236,0.0002154575217547,0.2631661670555205,0.9473809106340298,4397.06584814677,15829.148153593153,16708.324999919594,5.770223270554983,0.3202268100631585
skb-h,CC[C@H](NC(=O)c1c(OCCNC(=O)[C@@H]2CCCN2)c(-c2ccccc2)nc2ccccc12)c1ccccc1,0,train,0.2384974995507034,0.9137351062957918,0.0001556497919775,0.4063104176890103,0.6993580048047554,4493.150912179997,7733.793967434031,11058.419170583638,4.719776747925281,0.1782013310504259
quinupramine,c1ccc2c(c1)CCc1ccccc1N2C1CN2CCC1CC2,1,train,0.1217468590256536,0.833322914163948,0.0004625061628437,0.5527865055600628,0.7047957894063926,1523.862482335084,1942.9053538417904,2756.692623657958,3.1970707905938105,0.4693794919046512
brifentanil,CCn1nnn(CCN2CC[C@H](N(C(=O)COC)c3ccccc3F)[C@H](C)C2)c1=O,1,train,0.5441522341120854,0.9826206029207926,0.0005605854520909,0.1856252965400402,0.8994430427093213,1604.4708961932824,7774.42628623275,8643.60044724395,4.629298349504857,0.1566885563702732
alfentanil,CCC(=O)N(c1ccccc1)C1(COC)CCN(CCn2nnn(CC)c2=O)CC1,1,train,0.6026181788501389,0.9875004791325772,0.0006248246488583,0.1576160008150525,0.9422878780569446,1508.08371561316,9015.893037311762,9568.0876802778,4.911071142416516,0.1880786320806451
Vancomycin,CN[C@H](CC(C)C)C(=O)NC1C(=O)N[C@@H](CC(N)=O)C(=O)N[C@H]2C(=O)N[C@H]3C(=O)N[C@H](C(=O)N[C@@H](C(=O)O)c4cc(O)cc(O)c4-c4cc3ccc4O)[C@H](O)c3ccc(c(Cl)c3)Oc3cc2cc(c3O[C@@H]2O[C@H](CO)[C@@H](O)[C@H](O)[C@H]2O[C@H]2C[C@](C)(N)[C@H](O)[C@H](C)O2)Oc2ccc(cc2Cl)[C@H]1O,0,train,0.2203539811345801,0.8926419396585142,1.7680947558604192e-05,0.4507664223993234,0.6225779853248021,35211.79977833445,48632.92888802508,78115.40085641325,7.475052700373377,0.1147848270309094
cefotetan,CO[C@@]1(NC(=O)C2SC(=C(C(N)=O)C(=O)O)S2)C(=O)N2C(C(=O)O)=C(CSc3nnnn3C)CS[C@@H]21,0,train,0.4288275562096935,0.968086152177936,0.0002385633229255,0.2506176409619199,0.8900886904624096,3731.037443422557,13251.07929088999,14887.369576627165,5.26138484394084,0.1999924287793151
clofluperol,O=C(CCCN1CCC(O)(c2ccc(Cl)c(C(F)(F)F)c2)CC1)c1ccc(F)cc1,1,train,0.8114845345278452,0.9977131051638938,0.0008799009623694,0.0675911220813879,0.9691504608347492,1101.431299978326,15792.79377351464,16295.502516618506,6.114485619639877,0.1160592310822181
bromperidol-decanoate,CCCCCCCCCC(=O)OC1(c2ccc(Br)cc2)CCN(CCCC(=O)c2ccc(F)cc2)CC1,1,train,0.5336160101823414,0.98155106652892,0.0001851646878972,0.1912001668303128,0.8391538742741894,4531.932539640833,19890.09116275492,23702.555362636544,6.471353310293845,0.0911622772242721
amiperone,CN(C)C(=O)C1(c2ccc(Cl)cc2)CCN(CCCC(=O)c2ccc(F)cc2)CC1,1,train,0.7070548004478611,0.9939133995023536,0.0006934878862683,0.1101642151048843,0.9562708423200792,1378.9294106718623,11969.676249113025,12517.035675868265,5.478134379301912,0.2070555450066715
aceperone,CC(=O)NCC1(c2ccccc2)CCN(CCCC(=O)c2ccc(F)cc2)CC1,1,train,0.5881688308454667,0.986361459519187,0.0005814334295272,0.164593654723319,0.9391308944915336,1615.1993449276913,9215.930031652524,9813.2540263647,5.102242294255637,0.272064345672827
trifluperidol,O=C(CCCN1CCC(O)(c2cccc(C(F)(F)F)c2)CC1)c1ccc(F)cc1,1,train,0.613762997466391,0.9884888913435146,0.0005342760785867,0.1512934621537535,0.9082668371099138,1699.995327345429,10205.658308622144,11236.4097109351,5.316183009265895,0.1551948505465044
haloperidol-decanoate,CCCCCCCCCC(=O)OC1(c2ccc(Cl)cc2)CCN(CCCC(=O)c2ccc(F)cc2)CC1,1,train,0.5220524253806232,0.9803837880106832,0.0002353519405181,0.1970980167475649,0.892003683776627,3790.084253449412,17152.73025923246,19229.438814209872,6.155443727701631,0.1593148566905186
haloperidol,O=C(CCCN1CCC(O)(c2ccc(Cl)cc2)CC1)c1ccc(F)cc1,1,train,0.8770083464621659,0.999069506809827,0.0018731953243557,0.0431291150241794,0.9935408221055828,530.3989440862442,12218.49793708829,12297.932470649748,5.772207980222921,0.1177422952518638
moperone,Cc1ccc(C2(O)CCN(CCCC(=O)c3ccc(F)cc3)CC2)cc1,1,train,0.7468486452157717,0.9956589772349372,0.001005778359663,0.0930763184246085,0.942066913343026,936.6545862635226,9480.29863970822,10063.296465923378,5.367369991651146,0.1121954312234213
Bromperidol,O=C(CCCN1CCC(O)(c2ccc(Br)cc2)CC1)c1ccc(F)cc1,1,train,0.6922643910795416,0.9932434117909164,0.0006658236684425,0.116049665807102,0.9330878270621,1401.403811980391,11267.872498063683,12075.89700697464,5.425492796467379,0.2384269468906043
fezolamine,CN(C)CCCn1cc(-c2ccccc2)c(-c2ccccc2)n1,1,train,0.263115275916613,0.9284762173929062,0.0005008521293945,0.3713918600827982,0.7893085294137141,1575.93126411942,3349.281775486086,4243.311266348383,3.8742035185642942,0.2601154650649099
chlordiazepoxide,CN=C1CN(O)C(c2ccccc2)=c2cc(Cl)ccc2=N1,1,train,0.1680095769797858,0.8427379698662583,0.0003579365536363,0.5383239862254863,0.5931768968555773,1657.2124049061715,1826.075257514267,3078.46658761369,3.308319298586532,0.3013822313194387
citatepine,CN1CCC2=C(CC1)c1cc(C#N)ccc1Sc1ccccc12,1,train,0.1371491238294301,0.8481570520643599,0.0003876232249789,0.5297448584304475,0.6985746001285784,1802.200062100288,2376.561410078704,3402.015203016654,3.450044020288239,0.302644561399239
doliracetam,NC(=O)CN1C(=O)C(c2ccccc2)c2ccccc21,1,train,0.2911992681818064,0.9370487564554985,0.0008336815935811,0.3491985510067363,0.7684398652394762,921.7426307069932,2028.369765235075,2639.5946605437434,3.2396190419205104,0.2973060359148674
alonimid,O=C1CCC2(CCC(=O)c3ccccc32)C(=O)N1,1,train,0.2055128868551081,0.9048828838743472,0.001159073313997,0.4256606235855564,0.8460266360017725,729.9164132113852,1450.7537070963922,1714.7849078989905,2.829612485586696,0.4027300932752863
demexiptiline,CNCCON=c1c2ccccc2ccc2ccccc12,1,train,0.2874632276878578,0.9368027477634278,0.0006743074679602,0.349857988022128,0.8101152579083124,1201.403360337753,2781.9150239049955,3433.9743595100244,3.650128878370316,0.2855560710201436
rolziracetam,O=C1CCC2CCC(=O)N12,1,train,0.1895343506332408,0.8697018540923672,0.0023960587550506,0.4935774356555401,0.6129456993114307,255.8141356172513,317.6810018501204,518.2857179795795,1.980637019794048,0.3624266837815693
carmantadine,O=C(O)C1CCN1C12CC3CC(CC(C3)C1)C2,1,train,0.3654641575966839,0.9556927942033102,0.001802931847065,0.2943659000425648,0.9209654609679604,510.8154600891679,1598.1586032979908,1735.3078600996407,2.85796389328709,0.4642263577560913
nicopholine,O=C(c1cccnc1)N1CCOCC1,1,train,0.4883442000836335,0.9764776538713996,0.0028454510655283,0.2156186250995199,0.8939496735831561,314.16800113452814,1302.5330345876016,1457.0540972029771,2.827630181491353,0.2890598312720993
tiletamine,CCNC1(c2cccs2)CCCCC1=O,1,train,0.0920483924443119,0.8136991951819,0.0010605392451159,0.5812861771626159,0.8141100241960961,767.6378106187541,1075.1014923959624,1320.5850074841985,2.66117008933949,0.4434181229685546
SB-656104-A,O=S(=O)(c1ccc2cc[nH]c2c1)N1CCCC1CCN1CCC(Oc2cccc(Cl)c2)CC1,1,train,0.5727994296364346,0.9852843848127176,0.0003316926291295,0.170923026664708,0.8705814298597537,2624.6631773051745,13368.491457157088,15355.8196839906,5.667130022201068,0.1084903141592985
molindone,CCc1c(C)[nH]c2c1C(=O)C(CN1CCOCC1)CC2,1,train,0.404048050490485,0.9639194081502728,0.0010797157333513,0.2661942422202771,0.8869538785193569,821.4698101752725,2737.1209389968426,3085.978882651797,3.4670900720859588,0.2548961805301627
Oxaprozin,O=C(O)CCc1nc(-c2ccccc2)c(-c2ccccc2)o1,0,train,0.3235703093347278,0.9443771905727034,0.0005075529725327,0.3288642910472462,0.7261993837755042,1430.7854018697851,3159.465790110828,4350.686410231848,3.903949717814098,0.1308041331855828
nalbuphine,Oc1ccc2c3c1OC1C(O)CCC4(O)C(C2)N(CC2CCC2)CCC314,1,train,0.3367688646782871,0.9501983121146728,0.0006127544838493,0.3116459010711143,0.8135681734943623,1327.7229215581988,3466.091190309651,4260.357402407249,3.5587846611557863,0.2710401051921289
cephacetrile,CC(=O)OCC1=C(C(=O)[O-])N2C(=O)[C@H](NC(=O)CC#N)[C@@H]2SC1.[Na+],0,train,0.4990429512909647,0.9778639718281288,0.0007888470450953,0.2092416129753276,0.8668532439949594,1098.8863422695702,4552.503572463157,5251.758130917981,3.8843679746281903,0.1722328284577695
cephalosporin-c,CC(=O)OCC1=C(C(=O)O)N2C(=O)[C@@H](NC(=O)CCC[C@@H](N)C(=O)O)[C@H]2SC1,0,train,0.6461665753617158,0.9905378561930896,0.0006733339274556,0.1372397735658227,0.9505654873654176,1411.729676176264,9778.08016434167,10286.592869516591,5.084169021336761,0.1580968206467274
nicocortonide,C/C=C\C1O[C@]2(C(=O)COC(=O)c3ccncc3)CC[C@@]3(O1)[C@@H]1CCC4=CC(=O)CC[C@]4(C)[C@H]1[C@@H](O)C[C@]23C,1,train,0.5590106222524962,0.9834718972798296,0.0004243196458699,0.1810608385621047,0.967760483787292,2280.7345669870856,12190.40409547612,12596.509466649704,5.026607544702332,0.3250796355962851
dimelazine,CN1CCC(C)(CN2c3ccccc3Sc3ccccc32)C1,1,train,0.1767043241815611,0.8820281937432339,0.0004780762999209,0.4711966313993006,0.7108518223210194,1486.9003597093224,2243.1523484586605,3155.5835942496283,3.330044359936138,0.2985924855827768
ritipenem,C[C@@H](O)[C@H]1C(=O)N2C(C(=O)[O-])=C(COC(N)=O)S[C@H]12.[Na+],0,train,0.3968818184037417,0.9626885857498304,0.0012274258532186,0.2706116901890816,0.8804262590903668,717.2948628885932,2333.695312114872,2650.642558669234,3.031235147582693,0.3127841924051309
nabazenil,CCCCCC(C)C(C)c1cc(OC(=O)CCCN2CCCCCC2)c2c(c1)OC(C)(C)C1=C2CC(C)CC1,1,train,0.3892515328398247,0.9612152217384028,0.0001668797633946,0.2757993790754303,0.8040823567983943,4818.333514152863,14047.663852213038,17470.42915870765,5.812112361252249,0.1518869083000128
fasiplon,CCc1c(OC)nc2nc(-c3noc(C)n3)cn2c1C,1,train,0.6119184730036091,0.988342301026948,0.0014807368117721,0.152248139564192,0.8636037750297204,583.225707744891,3308.256667993665,3830.757534472117,3.7587202996928015,0.0633021981543437
diproleandomycin,CCC(=O)O[C@H]1[C@H](C)O[C@@H](O[C@@H]2C(C)C(=O)O[C@H](C)[C@H](C)[C@H](OC(=O)CC)[C@@H](C)C(=O)[C@]3(CO3)CC(C)[C@H](O[C@@H]3O[C@H](C)C[C@H](N(C)C)[C@H]3O)[C@H]2C)C[C@@H]1OC,0,train,0.3441140665719458,0.9517320405889628,0.000104906722947,0.3069301596721461,0.7977338778510114,7604.220734775729,19763.924474764517,24775.08480397735,5.708737312826445,0.2062328559059255
troleandomycin,CO[C@H]1C[C@H](O[C@@H]2[C@@H](C)C(=O)O[C@H](C)[C@H](C)[C@H](OC(C)=O)[C@@H](C)C(=O)[C@]3(CO3)C[C@H](C)[C@H](O[C@@H]3O[C@H](C)C[C@H](N(C)C)[C@H]3OC(C)=O)[C@H]2C)O[C@@H](C)[C@@H]1OC(C)=O,0,train,0.1459628791653832,0.8615077217564451,6.855486245914512e-05,0.5077444685607312,0.7280241743446849,10619.584785521914,15226.7822183832,20915.21511918097,5.359484264473384,0.3685784777881374
oleandomycin,COC1CC(O[C@@H]2[C@@H](C)C(=O)O[C@H](C)[C@H](C)[C@H](O)[C@@H](C)C(=O)[C@@]3(CO3)C[C@H](C)[C@H](OC3OC(C)CC(N(C)C)C3O)[C@H]2C)OC(C)C1O,0,train,0.116721796983339,0.8157245273958288,7.846943908924046e-05,0.5784405720597854,0.6699362129605081,8537.543032499745,9887.980759740163,14759.585417907612,4.911386075733024,0.3831647674994896
Desmethyldesipramine,NCCCN1c2ccccc2CCc2ccccc21,1,train,0.2206354174513358,0.8736670752368828,0.0004586587536263,0.4865242456928852,0.5605209749422746,1222.0871628646314,1407.9575561907884,2511.8730950894164,3.191805713067869,0.1324166661619648
trimipramine,CC(CN(C)C)CN1c2ccccc2CCc2ccccc21,1,train,0.2602318504607914,0.9193568259486308,0.0004692456911053,0.3934247406832201,0.6689625004916878,1425.6124524358663,2424.0500718318444,3623.5963451616,3.5623791130457225,0.1560487670087021
metapramine,CNC1Cc2ccccc2N(C)c2ccccc21,1,train,0.2318444240259578,0.9168270968099356,0.001197994076742,0.3992844531847752,0.8497397371609825,709.3021189819451,1509.50579554002,1776.4331000729055,2.895099490709282,0.4372293060369751
desipramine,CNCCCN1c2ccccc2CCc2ccccc21,1,train,0.1639140335880058,0.8689953452832712,0.0005437340468996,0.4948202601713155,0.686942249678944,1263.379134699952,1753.9065694031024,2553.208177576536,3.2335123522846745,0.3456058706706045
cianopramine,CN(C)CCCN1c2ccccc2CCc2ccc(C#N)cc21,1,train,0.1542463139850024,0.8417306262606852,0.0002923865523221,0.539897724402312,0.6229318564527935,2130.507889317967,2458.171566011662,3946.1323747502793,3.7379172793719273,0.2756906250698415
prazepine,CN(C)CCCN1c2ccccc2CCc2ccccc21,1,train,0.1868427336366598,0.8835338466066792,0.0004761881827753,0.4683673151495575,0.6778098891761342,1423.4076226456043,2059.9212023362584,3039.084019325914,3.410268109377333,0.2785891152660071
clomipramine,CN(C)CCCN1c2ccccc2CCc2ccc(Cl)cc21,1,train,0.1818672878964777,0.8537810067321985,0.0002688148661158,0.5206323007107352,0.587771515822227,2186.5290573956,2468.497434178227,4199.756823406241,3.749861484024191,0.2246183792140142
imipramine,CN(C)CCCN1c2ccccc2CCc2ccccc21,1,train,0.1868427336366598,0.8835338466066792,0.0004761881827753,0.4683673151495575,0.6778098891761342,1423.4076226456043,2059.9212023362584,3039.084019325914,3.410268109377333,0.2785891152660071
imipraminoxide,C[N+](C)([O-])CCCN1c2ccccc2CCc2ccccc21,1,train,0.2339454344724796,0.9143480798240315,0.0005205850183332,0.4049291159229061,0.7287943292383557,1399.9525602401673,2519.644666154362,3457.278089399485,3.527539355068917,0.2573266991385241
piroxicam,CN1/C(=C(/O)Nc2ccccn2)C(=O)c2ccccc2S1(=O)=O,0,train,0.427206105635588,0.967934636895523,0.000941006924653,0.2512021868892308,0.8771075974960353,932.094732267204,3254.539227471376,3710.535898631396,3.4520357786598685,0.2507644879491975
piflutixol,OCCC1CCN(CC/C=C2\c3ccc(F)cc3Sc3ccc(C(F)(F)F)cc32)CC1,1,train,0.3256655927629607,0.9456745130793272,0.0002018550869464,0.3251149263140308,0.7421360794620296,3676.578533087803,8392.483265270152,11308.550409452962,5.087943183500547,0.1301189406904921
metiapine,Cc1ccc2c(c1)C(N1CCN(C)CC1)=Nc1ccccc1S2,1,train,0.2190890969745895,0.9103117438629014,0.0005042541180689,0.4139233370870546,0.7731838387780067,1533.321813491555,2864.152705620745,3704.3618373444674,3.538857603977775,0.2576733784952759
quetiapine,OCCOCCN1CCN(C2=Nc3ccccc3Sc3ccccc32)CC1,1,train,0.4077077084266329,0.9636110919954404,0.0005601564196932,0.2673081805395324,0.9408169697611436,1679.561166640349,5911.377811699157,6283.238931372538,4.253009198458411,0.3183673142970645
clothiapine(clotiapine),CN1CCN(C2=Nc3ccccc3Sc3ccc(Cl)cc32)CC1,1,train,0.1273198530663262,0.8228071729308295,0.0002922554306514,0.5683206455633791,0.6527669106596822,2233.5492935228144,2565.4304194662736,3930.0864942337007,3.5625711161516365,0.3178755201556382
clorotepine,CN1CCN(C2Cc3ccccc3Sc3ccc(Cl)cc32)CC1,1,train,0.1652067980160845,0.8716106368772142,0.0003320021340769,0.4901988348440835,0.6957621351502958,2095.6556110240117,2974.462032186452,4275.1134071760325,3.68066677780974,0.2566277715574442
metitepine(methiothepin),CSc1ccc2c(c1)C(N1CCN(C)CC1)Cc1ccccc1S2,1,train,0.1825970571728283,0.8794989483065119,0.0002925252420429,0.4759008299296603,0.6712623685829276,2294.716052176748,3236.7174745988527,4821.83662616414,3.810285033179967,0.1731821440479295
zoloperone,COc1ccccc1N1CCN(CCc2oc(=O)[nH]c2-c2ccc(F)cc2)CC1,1,train,0.5833352213187335,0.986167736120508,0.0004946966971604,0.1657504034231962,0.8725274985207833,1763.762530716402,9284.630849322564,10641.075341537113,5.223579497539061,0.121590005852259
Triamterene,Nc1nc(N)c2nc(-c3ccccc3)c(N)nc2n1,0,train,0.5415477778806312,0.9823427774870434,0.0015853960442969,0.1870899984473814,0.8407118792601612,530.2850869878167,2382.9011477091344,2834.3850092925086,3.3684970084669734,0.080310250088343
SB204459,O=C(Cc1ccc(Cl)c(Cl)c1)N1CCn2ccnc2[C@H]1CN1CC[C@@H](O)C1,0,train,0.3942510181030936,0.9623650467696953,0.0004139709863279,0.2717600352442616,0.8572082992631183,2070.6965646720587,6531.564800899097,7619.577186214627,4.451487399093126,0.2649635045441608
SB201708,O=C(Cc1ccc(Cl)c(Cl)c1)N1CCn2ccnc2[C@H]1CN1CCCC1,1,train,0.4042403603322993,0.963882876461261,0.0004829572316566,0.2663264922323077,0.8928701980129873,1848.756244834131,6198.0291204486975,6941.691115060091,4.365076270470915,0.3228387467452035
sulfamethoxazole(tiabendazole),Cc1cc(NS(=O)(=O)c2ccc(N)cc2)no1,1,train,0.2668555559865848,0.9296797287965086,0.0009499027612857,0.3683688394325045,0.785352586342814,826.771558469632,1762.6550138146958,2244.412311701842,3.0890722554328387,0.2604235781326831
Sulfamethoxazole,Cc1cc(NS(=O)(=O)c2ccc(N)cc2)no1,1,train,0.2668555559865848,0.9296797287965086,0.0009499027612857,0.3683688394325045,0.785352586342814,826.771558469632,1762.6550138146958,2244.412311701842,3.0890722554328387,0.2604235781326831
indomethacin(indometacin),COc1ccc2c(c1)c(CC(=O)O)c(C)n2C(=O)c1ccc(Cl)cc1,1,train,0.4097166784569845,0.9645962943935332,0.000503578000906,0.2637309023270964,0.7858301667639375,1560.4934396460994,4649.750215430606,5916.991243258527,4.116707183264136,0.1410265592181032
indomethacin,COc1ccc2c(c1)c(CC(=O)O)c(C)n2C(=O)c1ccc(Cl)cc1,0,train,0.4097166784569845,0.9645962943935332,0.000503578000906,0.2637309023270964,0.7858301667639375,1560.4934396460994,4649.750215430606,5916.991243258527,4.116707183264136,0.1410265592181032
josamycin,CO[C@@H]1[C@@H](O[C@@H]2O[C@H](C)[C@@H](O[C@H]3C[C@@](C)(O)[C@@H](OC(=O)CC(C)C)[C@H](C)O3)[C@H](N(C)C)[C@H]2O)[C@@H](CC=O)C[C@@H](C)[C@@H](O)/C=C/C=C/C[C@@H](C)OC(=O)C[C@H]1OC(C)=O,0,train,0.4971455498394666,0.9769738453403046,0.0001358214071932,0.2133590999254043,0.9479858582223069,6979.649804937085,31011.610532373685,32713.15733604681,6.5341866367402135,0.2550499691534494
midecamycin,CCC(=O)OC1CC(=O)OC(C)C/C=C/C=C\C(O)C(C)CC(CC=O)C(O[C@@H]2O[C@H](C)[C@@H](O[C@H]3C[C@@](C)(O)[C@H](OC(=O)CC)[C@@H](C)O3)[C@H](N(C)C)[C@H]2O)C1OC,0,train,0.4845728165977739,0.9754620707519258,0.000144925720464,0.2201675464830475,0.9424864095658724,6503.237703754848,27838.85841429974,29537.6762272072,6.264120186811875,0.2479115933557429
Streptomycin,CN[C@@H]1[C@H](O[C@H]2[C@H](O[C@@H]3[C@@H](N=C(N)N)[C@H](O)[C@@H](N=C(N)N)[C@H](O)[C@H]3O)O[C@@H](C)[C@]2(O)C=O)O[C@@H](CO)[C@H](O)[C@H]1O,0,train,0.2638268661421257,0.9291586486800212,0.000205504823346,0.3696812215722038,0.8397589609983156,4086.322390517953,9282.39154364319,11053.637977983792,4.582199705256209,0.3779398171414552
dihydrostreptomycin,CN[C@@H]1[C@H](O[C@H]2[C@H](O[C@@H]3[C@@H](O)[C@H](O)[C@@H](N=C(N)N)[C@H](O)[C@H]3N=C(N)N)O[C@@H](C)[C@]2(O)CO)O[C@@H](CO)[C@H](O)[C@H]1O,0,train,0.2953048693158652,0.9341455703334084,0.0002553644020266,0.3568922154187049,0.9877086175619044,3867.839877927491,10704.348858650794,10837.55742161468,4.665831084645509,0.4737387195907416
eqvalan,CCC(C)[C@H]1O[C@]2(CC[C@@H]1C)CC1C[C@@H](C/C=C(\C)[C@@H](O[C@H]3C[C@H](OC)[C@@H](OC4C[C@H](OC)[C@@H](O)[C@H](C)O4)[C@H](C)O3)[C@@H](C)/C=C/C=C3\CO[C@@H]4[C@H](O)C(C)=C[C@@H](C(=O)O1)[C@]34O)O2.CO[C@H]1CC(O[C@H]2[C@H](C)O[C@@H](O[C@@H]3/C(C)=C/C[C@@H]4CC(C[C@]5(CC[C@H](C)[C@@H](C(C)C)O5)O4)OC(=O)[C@@H]4C=C(C)[C@@H](O)[C@H]5OC/C(=C\C=C\[C@@H]3C)[C@@]45O)C[C@@H]2OC)O[C@@H](C)[C@@H]1O,0,train,0.4233441209595245,0.9674086502528024,4.1389799799271225e-05,0.2532202665981755,0.8462889703334366,20446.80028503877,68335.3737530721,80747.09248089108,6.987299254949583,0.1937190968130229
olanzapine,Cc1cc2c(s1)=Nc1ccccc1NC=2N1CCN(C)CC1,1,train,0.2703263584217006,0.9268837351547532,0.000497769238957,0.3753485600153184,0.7068761520463012,1420.0880583286646,2674.384529934796,3783.384857719207,3.550621319768453,0.1716794524873739
flumezapine,Cc1cc2c(s1)=Nc1ccc(F)cc1NC=2N1CCN(C)CC1,1,train,0.193670325032936,0.888246582569241,0.0003616344384294,0.4593669650225889,0.6802596100135415,1881.069770256848,2785.606902011906,4094.917383021542,3.6411243949860914,0.2615484336060333
thiethylperazine,CCSc1ccc2c(c1)N(CCCN1CCN(C)CC1)c1ccccc1S2,1,train,0.323247800299175,0.9466374761792948,0.0003685009972019,0.3223003082420108,0.7963186183832581,2160.96733639738,5339.177405934009,6704.825534249068,4.215767667010801,0.2102786954448719
acetophenazine,CC(=O)c1ccc2c(c1)N(CCCN1CCN(CCO)CC1)c1ccccc1S2,1,train,0.4126779460767278,0.9650516692581612,0.0003052318807502,0.2620596795808863,0.7832488043667298,2566.077968138316,7669.541165854103,9791.960259747935,4.932610807896024,0.1261787138292458
carphenazine/carfenazine,CCC(=O)c1ccc2c(c1)N(CCCN1CCN(CCO)CC1)c1ccccc1S2,1,train,0.3990142369490655,0.9632491674541038,0.0003553027561094,0.2686094588784535,0.838331117883409,2359.483858394601,7363.957877339189,8784.068395232029,4.662933381907069,0.178095957431953
dixyrazine,CC(CN1CCN(CCOCCO)CC1)CN1c2ccccc2Sc2ccccc21,1,train,0.5818546032017322,0.98597050158958,0.0005628100043166,0.1669196513152115,0.9160308783638448,1627.6023370906753,8932.045967773642,9750.81318626233,4.873252790749315,0.1672571685407548
perphenazine,OCCN1CCN(CCCN2c3ccccc3Sc3ccc(Cl)cc32)CC1,1,train,0.4451726269771583,0.9702467628063208,0.0003664106419199,0.2421181927568747,0.7878012547731879,2150.050147684389,6995.807233171846,8880.167670189832,4.7234094310779335,0.1104568326591652
carphenazine,CCC(=O)c1ccc2c(c1)N(CCCN1CCN(CCO)CC1)c1ccccc1S2,1,train,0.3990142369490655,0.9632491674541038,0.0003553027561094,0.2686094588784535,0.838331117883409,2359.483858394601,7363.957877339189,8784.068395232029,4.662933381907069,0.178095957431953
prochlorperazine,CN1CCN(CCCN2c3ccccc3Sc3ccc(Cl)cc32)CC1,1,train,0.3464722208999846,0.9501003557442116,0.0003289155139759,0.3119444085325504,0.7270642957502375,2210.489517388648,5152.097490010809,7086.164896454588,4.39533173057563,0.1323656853845904
perphenazine-HCl,OCCN1CCN(CCCN2c3ccccc3Sc3ccc(Cl)cc32)CC1,1,train,0.4451726269771583,0.9702467628063208,0.0003664106419199,0.2421181927568747,0.7878012547731879,2150.050147684389,6995.807233171846,8880.167670189832,4.7234094310779335,0.1104568326591652
thiopropazate,CC(=O)OCCN1CCN(CCCN2c3ccccc3Sc3ccc(Cl)cc32)CC1,1,train,0.4832714994813558,0.9758675638867484,0.0003229524775426,0.2183632243619409,0.8309746964699133,2573.055648288395,9791.686043216843,11783.37449360754,5.202971072151272,0.1298673546863024
thioproperazine,CN1CCN(CCCN2c3ccccc3Sc3ccc(S(=O)(=O)N(C)C)cc32)CC1,1,train,0.3467564433944839,0.9513209612979506,0.0002865824620433,0.3082019282794045,0.7556479790604451,2636.75583520587,6464.785049439604,8555.286626290943,4.445919138804982,0.1386441425704824
butaperazine,CCCC(=O)c1ccc2c(c1)N(CCCN1CCN(C)CC1)c1ccccc1S2,1,train,0.2738299860310385,0.9228198793271726,0.0001963044385581,0.3852317099079236,0.6547535261616895,3335.3984809048225,5668.961978879548,8658.161815656438,4.643355335913841,0.1043530202632695
trifluroperazine,CN1CCN(CCCN2c3ccccc3Sc3ccc(C(F)(F)F)cc32)CC1,1,train,0.1608089297042092,0.8630226298847776,0.0001942908420295,0.5051652603918467,0.6707525518167,3452.3117240628176,4583.939316780502,6834.024416851087,4.271476663471721,0.3056573137190842
fluphenazine,OCCN1CCN(CCCN2c3ccccc3Sc3ccc(C(F)(F)F)cc32)CC1,1,train,0.3312542294200924,0.9458426967880442,0.0002422099150783,0.3246253116020372,0.7165752144671742,2958.4883601297192,6530.54261448813,9113.54800255555,4.610703193343482,0.1155885353451969
fluphenazine-enanthate,CCCCCCC(=O)OCCN1CCN(CCCN2c3ccccc3Sc3ccc(C(F)(F)F)cc32)CC1,1,train,0.5753484552909138,0.985492407199196,0.0002408168955576,0.1697195196573868,0.8940584766263617,3712.606935472575,19557.489366819605,21874.95547340236,6.408051985592597,0.1348492676275277
trifluoperazine,CN1CCN(CCCN2c3ccccc3Sc3ccc(C(F)(F)F)cc32)CC1,1,train,0.1608089297042092,0.8630226298847776,0.0001942908420295,0.5051652603918467,0.6707525518167,3452.3117240628176,4583.939316780502,6834.024416851087,4.271476663471721,0.3056573137190842
lopirazepam,O=C1Nc2ccc(Cl)nc2C(c2ccccc2Cl)=NC1O,1,train,0.1014279763385083,0.8093580048638147,0.0004252979094575,0.5873156050735118,0.7132220440706077,1676.9940039917994,2036.501467165132,2855.354071141865,3.1930073449930005,0.3947456495985931
aminoglutethimide,CCC1(c2ccc(N)cc2)CCC(=O)NC1=O,1,train,0.3593557078582541,0.9530110981663455,0.001677873481726,0.3029353838226493,0.962060650058436,573.3809256397125,1820.9402252428672,1892.749927078155,3.0377821855929423,0.4297408808471669
glutethimide,CCC1(c2ccccc2)CCC(=O)NC1=O,1,train,0.318087054140632,0.9448880014444891,0.0017546770564586,0.3273937457042188,0.8946339937014105,509.85677986067793,1393.2312793616734,1557.3198527784457,2.821959437929104,0.3411762890563311
setoperone,Cc1nc2n(c(=O)c1CCN1CCC(C(=O)c3ccc(F)cc3)CC1)CCS2,1,train,0.8074547912556368,0.9976198814772076,0.0011039043503633,0.0689534051472628,0.9520428187374628,862.4323460851551,11907.64284930847,12507.465646450242,5.610555359196621,0.0920425867189282
fenbutrazate,CCC(C(=O)OCCN1CCOC(c2ccccc2)C1C)c1ccccc1,1,train,0.4406192705948428,0.9696405720207688,0.0005460173938637,0.2445345805632334,0.9148029942670328,1675.4099861063569,6267.702786185918,6851.423558367107,4.486560304443264,0.3114095745636985
litracen,CNCCC=C1c2ccccc2C(C)(C)c2ccccc21,1,train,0.1703155211173904,0.8832035447108125,0.0005611321409441,0.4689898704772373,0.7643109772097268,1362.087325676534,2219.788444201256,2904.300095629984,3.4191450340375025,0.3944046131722742
melitracen,CN(C)CCC=C1c2ccccc2C(C)(C)c2ccccc21,1,train,0.2400101281649363,0.917331352901822,0.000542102229638,0.3981245897747497,0.7347682039705904,1355.4052424044644,2501.5000358991,3404.4750744266344,3.529567616176972,0.2552698626220015
Flumazenil,CCOC(=O)c1ncn2c1CN(C)C(=O)c1cc(F)ccc1-2,1,train,0.5252470670778081,0.9807357451725174,0.0011061327043555,0.1953391874174432,0.848480743665733,767.0695752188565,3331.864805161644,3926.859660676358,3.637456547603723,0.1052928860799521
glycopyrrolate,C[N+]1(C)CCC(OC(=O)C(O)(c2ccccc2)C2CCCC2)C1.[Br-],0,train,0.3163928476895081,0.944858184957558,0.0005841158796885,0.3274797861223027,0.7965403365748683,1363.6683477936344,3316.897380415324,4164.129835129274,3.3319535778824445,0.2191018179980173
drocinonide,CC1(C)O[C@@H]2C[C@H]3C4CCC5CC(=O)CCC5(C)[C@@]4(F)[C@@H](O)CC3(C)[C@]2(C(=O)CO)O1,1,train,0.454614139519408,0.9716386081377124,0.0005986391072436,0.2364707490921639,0.922048967336707,1540.2417853758138,6005.725245540217,6513.455855698703,4.003742367067411,0.3274512591946673
droperidol,O=C(CCCN1CC=C(n2c(=O)[nH]c3ccccc32)CC1)c1ccc(F)cc1,1,train,0.4455427179383234,0.970766005374239,0.0004643228611711,0.2400278375725262,0.8769761748948798,1888.720647273244,6900.712123401889,7868.756667453427,4.6852223472302486,0.2241916917981805
hydrocortisone-valerate,CC12CCC(=O)C=C1CCC1C2C(O)CC2(C)C1CCC2(O)C(=O)COC(=O)CCC1CCCC1,1,train,0.4280443823727299,0.968162280262299,0.0002990463030162,0.2503233889937287,0.8508365257322609,2845.1665081641595,9670.576915195204,11365.963522631277,4.953472621276163,0.1885675564679634
flubepride,COc1ccc(S(N)(=O)=O)cc1C(=O)NCC1CCCN1Cc1ccc(F)cc1,1,train,0.7495184922739746,0.9957609179740474,0.0008304773109745,0.0919793141716243,0.9420870621042978,1134.3922942323518,11618.876628640965,12333.124077395136,5.455171576047641,0.1069750628679392
tametraline,CNC1CCC(c2ccccc2)c2ccccc21,1,train,0.2165427064103662,0.9099600914178472,0.0009614481964504,0.4146958307323853,0.7998401751911833,831.9118785017129,1604.5411922017497,2006.0772663966532,3.059209679973556,0.3942946396219056
sertraline,CN[C@H]1CC[C@@H](c2ccc(Cl)c(Cl)c2)c2ccccc21.[Cl-].[H+],1,train,0.399783060509196,0.9612530957650468,0.0009849002293977,0.2756673464197632,0.9709287184770165,985.8142880834724,3472.1392134988,3576.101053994101,3.423712111114201,0.5361751892108437
proscillaridin,CC1OC(O[C@@H]2C=C3CC[C@@H]4[C@H](CC[C@]5(C)[C@@H](c6ccc(=O)oc6)CC[C@]45O)[C@@]3(C)CC2)C(O)C(O)C1O,0,train,0.8014171711085587,0.9974075611412272,0.000751114569085,0.071959412020312,0.9870120125500118,1314.0631977785586,18023.99609784492,18261.17197021616,5.952057623214148,0.1519581329551455
tiomergine,CN1CC(CSc2ccccn2)C=C2c3cccc4[nH]cc(c34)CC21,1,train,0.5341614104025617,0.9816495342544214,0.0008141332754314,0.1906939744671482,0.8923037456104002,1096.0167979100404,5128.530656303079,5747.516674150901,4.150498283495014,0.1813855078851777
tisocromide,COc1cc2c(cc1OC)S(=O)(=O)OC(C(=O)NC(C)CC(C)(C)N(C)C)C2,1,train,0.5480899060321349,0.9830475383013608,0.0005405059016172,0.1833508588461863,0.8831517253150147,1633.935397694151,7870.226922347895,8911.52301099863,4.713072330192844,0.1544905886746135
ripazepam,CCn1nc(C)c2c1C(c1ccccc1)=NCC(=O)N2,1,train,0.2180159014688857,0.9060913411925068,0.0006968111886351,0.4230821213617568,0.7171346109741602,1029.16632607295,1744.462258297508,2432.545064207429,3.114711342205392,0.3025759157676099
cilobamine,CC(C)N[C@H]1C2CCC(CC2)[C@]1(O)c1ccc(Cl)c(Cl)c1,1,train,0.3485767873091259,0.9527524245082736,0.0006533145631163,0.3037479507644565,0.797758585136032,1221.0941408234437,3207.061419343077,4020.090136411652,3.5871048674862176,0.2881519821462336
carbamazepine-10,NC(=O)N1c2ccccc2C2OC2c2ccccc21,1,train,0.1215548416277159,0.8377040162520865,0.0007438483326412,0.5461245106705286,0.7252866137507981,975.0463662067324,1294.920962854826,1785.392061985235,2.8350732890306425,0.4494559821710722
Carbamazepineepoxide,NC(=O)N1c2ccccc2C2OC2c2ccccc21,1,train,0.1215548416277159,0.8377040162520865,0.0007438483326412,0.5461245106705286,0.7252866137507981,975.0463662067324,1294.920962854826,1785.392061985235,2.8350732890306425,0.4494559821710722
1-48,C=C1Cc2c(CCN(CCC)CCC)ccc(O)c2N1,1,train,0.4201189489456965,0.9663001202574266,0.0007950988239825,0.2574180988013134,0.7838862425990166,985.897877037059,3002.2433776633284,3829.947783889191,3.774304405776847,0.1240070377097203
fluoxetine,CNCCC(Oc1ccc(C(F)(F)F)cc1)c1ccccc1,1,train,0.4978378677092076,0.977719985779432,0.0008209635505806,0.2099133854890335,0.8692291773189611,1058.7914368477916,4384.343606575997,5043.944360104211,4.11718666551052,0.1960703066981781
tomoxetine,CNCC[C@@H](Oc1ccccc1C)c1ccccc1,1,train,0.1999381275393683,0.8855465612867902,0.0005135073246348,0.4645506299566723,0.645532934712516,1257.1056024789723,1746.8560292071584,2706.068018024688,3.343696869993805,0.2225149570074256
nisoxetine,CNCCC(Oc1ccccc1OC)c1ccccc1,1,train,0.1803920537367427,0.8586822624137029,0.000404494093126,0.5125083142897144,0.6027837360952405,1490.2164119053195,1752.7095489244048,2907.6921688004445,3.3664445768627504,0.2203277053585645
seproxetine,NCCC(Oc1ccc(C(F)(F)F)cc1)c1ccccc1,1,train,0.5726305428544397,0.9850834307622058,0.0011687141762712,0.1720774082724473,0.9319783492883608,797.4390729663548,4318.962950119136,4634.188072520145,4.063177426979306,0.3020033627865773
mesocarb,CC(Cc1ccccc1)n1cc([N-]C(=O)Nc2ccccc2)[o+]n1,1,train,0.602689543561231,0.9872600041215625,0.0009850115758137,0.1591153174961248,0.971826988193748,986.6147891621232,6025.937000579391,6200.627348062525,4.527023002707487,0.1745410342705466
Clidiniumbromide,C[N+]12CCC(CC1)C(OC(=O)C(O)(c1ccccc1)c1ccccc1)C2.[Br-],0,train,0.316864805948578,0.9452851005459978,0.0005654306165117,0.3262454270725381,0.8299479522101644,1467.815728356308,3734.031366822282,4499.115103397145,3.349428093783818,0.2773133200358137
spiradoline,CN(C(=O)Cc1ccc(Cl)c(Cl)c1)[C@H]1CC[C@@]2(CCCO2)C[C@@H]1N1CCCC1,1,train,0.4458532251577656,0.970869300539554,0.0004552653805875,0.2396096852588328,0.862215816813741,1893.8752068102915,6814.95473198128,7904.001062246195,4.418838028981438,0.2129351520387783
pirbuterol,CC(C)(C)NCC(O)c1ccc(O)c(CO)n1,0,train,0.512786602691975,0.9794261712474585,0.0015581587296786,0.2018028123578666,0.8716518592212721,559.4114659942592,2416.2797272561675,2772.0697222109475,3.458237001814766,0.1756171516335682
Y-G14,CNCCc1ccccn1,1,train,0.488462887268144,0.976513269270206,0.0051830333419457,0.2154572694044327,0.8904990257829799,171.8103988597298,710.1036471263608,797.4221493414833,2.4829527856520417,0.2531011852207601
Y-G15,CN(C)CCc1ccccn1,1,train,0.6164365248994618,0.9884554851451736,0.0056740458153907,0.1515115635402778,0.9556089013241744,168.4175511470334,1062.2378071660512,1111.58216054091,2.7920896742505232,0.2549491757617916
Y-G 15,CN(C)CCc1ccccn1,1,train,0.6164365248994618,0.9884554851451736,0.0056740458153907,0.1515115635402778,0.9556089013241744,168.4175511470334,1062.2378071660512,1111.58216054091,2.7920896742505232,0.2549491757617916
Ethionamide,CCc1cc(C(N)=S)ccn1,1,train,0.4267058062886326,0.9678824644681098,0.0031789345102548,0.2514031323892723,0.8726544107184749,274.5116037790032,952.867052826632,1091.9179931057888,2.641092619906188,0.2073530227601345
isoniazid,NNC(=O)c1ccncc1,0,train,0.5385173644221927,0.982000942931024,0.0059251997808826,0.1888760124594426,0.8328666456898973,140.56347068281178,619.8279220833417,744.2102829918384,2.342127500292277,0.0502838869736319
nicotinamide,NC(=O)c1cccnc1,1,train,0.4456351628684649,0.9700324109234956,0.0059743505347113,0.242975557943491,0.7729151476947336,129.37224610508784,411.5383849809659,532.4496307368333,2.096292661687291,0.0328501462895748
nikethamide,CCN(CC)C(=O)c1cccnc1,1,train,0.3634539634214164,0.955150700639478,0.0028580004999048,0.2961201429621335,0.9248853197247716,323.6127214657771,1010.7541228566552,1092.8426490296513,2.6094088919146943,0.4064754928067413
12,CCNC(=NC#N)NCCSCc1ncccc1Br,0,train,0.5475097333859646,0.9826821320627624,0.0010088616881618,0.1852992912144656,0.9382590091045644,930.0174841747285,4709.123696224801,5019.001843338541,3.9458801891379816,0.1690464712403653
Y-G 14,CNCCc1ccccn1,1,train,0.488462887268144,0.976513269270206,0.0051830333419457,0.2154572694044327,0.8904990257829799,171.8103988597298,710.1036471263608,797.4221493414833,2.4829527856520417,0.2531011852207601
iproniazid,CC(C)NNC(=O)c1ccncc1,1,train,0.5394687830019411,0.9821737418493666,0.0033370690903497,0.1879753729125539,0.8953347688378042,268.2997398606335,1277.923176027493,1427.313246961592,2.8802139075731787,0.1866837064120617
tamitinol,CCNCc1c(CSC)cnc(C)c1O,1,train,0.2341538204803749,0.9072662090825308,0.0007932181652792,0.4205568045544067,0.6627738279480864,835.5504916037079,1316.780496158761,1986.7720187977936,3.023797243233466,0.1519793930912678
5-66,CNCCc1ccccn1,1,train,0.488462887268144,0.976513269270206,0.0051830333419457,0.2154572694044327,0.8904990257829799,171.8103988597298,710.1036471263608,797.4221493414833,2.4829527856520417,0.2531011852207601
5-67,CN(C)CCc1ccccn1,1,train,0.6164365248994618,0.9884554851451736,0.0056740458153907,0.1515115635402778,0.9556089013241744,168.4175511470334,1062.2378071660512,1111.58216054091,2.7920896742505232,0.2549491757617916
Nicotinyl alcohol,OCc1cccnc1,0,train,0.4277989492247611,0.9679380752871424,0.0078220034866281,0.2511889376732624,0.8124018424556136,103.86109439153633,335.91027226244734,413.477979379152,1.9772195058584827,0.1831130349960686
trazodone,O=c1n(CCCN2CCN(c3cccc(Cl)c3)CC2)nc2ccccn12,1,train,0.7104959975583541,0.9940776772167856,0.0008846295724891,0.1086718531142262,0.9560653202906152,1080.7521588956763,9508.162687382235,9945.09735432307,5.254424671442395,0.1489334483209681
alnespirone,CCCN(CCCCN1C(=O)CC2(CCCC2)CC1=O)C1COc2cccc(OC)c2C1.[Cl-].[H+],1,train,0.6517699521828662,0.990562083647612,0.0005593818670296,0.1370647965004196,0.9970038638516848,1782.3313958062856,12964.607496992072,13003.567957005129,5.381769011536384,0.2131507950914757
7-K06,CN1CC[C@@H]2c3cc(Cl)ccc3Oc3ccccc3[C@H]2C1,1,train,0.2309921810533112,0.9082204665748675,0.0004808685124465,0.4184920358794536,0.680551699089101,1415.2552755568422,2301.487961177017,3381.797392112154,3.4407490591858925,0.1758842495788108
7-K10,Clc1ccc2c(c1)[C@H]1CCNC[C@@H]1c1ccccc1O2,1,train,0.2432448810362448,0.9174011669942173,0.0006117310448466,0.3979636903005706,0.7176687975170281,1173.1770090185876,2115.6516382212926,2947.9498698298844,3.303344029885493,0.2165189906054239
Org4428,Cc1cccc2c1Oc1ccccc1C1(O)CCN(C)CC21,1,train,0.1767086673626288,0.8712508930266312,0.0004887014233426,0.490837938020583,0.6528282545835686,1335.8427526530593,1776.708410375639,2721.5556279943494,3.142535381232431,0.2143886305112623
Org32104,Cc1cccc2c1Oc1ccccc1[C@@]1(O)CCNC[C@H]21,1,train,0.1608992719547551,0.8491702306263389,0.0004960483327082,0.5281192284115495,0.6246945243881922,1259.3420503552952,1489.633478324508,2384.579054512143,3.02041609241993,0.2318772376372011
Org4428,Cc1cccc2c1Oc1ccccc1[C@@]1(O)CCN(C)C[C@H]21,1,train,0.1917693616491845,0.8769042866041749,0.0004790799340442,0.4806650311133763,0.6320809400963114,1319.364254646337,1734.9816284214362,2744.8725603987896,3.1331250059258844,0.1873130883620931
beloxepin,Cc1cccc2c1Oc1ccccc1[C@@]1(O)CCN(C)C[C@@H]21,1,train,0.1279714179461111,0.8295852271790821,0.0004723583544034,0.5583801132259553,0.6681457422980103,1414.4890972486728,1692.5475056652258,2533.20106455203,3.0898805536190346,0.3195163688893741
Org32104,Cc1cccc2c1Oc1ccccc1C1(O)CCNCC21,1,train,0.1240709452260771,0.825936509030657,0.0005347895683982,0.5637631444589576,0.6713164058071691,1255.290763837836,1494.7718596100972,2226.627930853011,2.973911239266806,0.3298091434797052
elanzepine,CCN(CC)C/C=C1/c2ccccc2Nc2cc(Cl)ccc21,1,train,0.2311857445725122,0.8735358300209932,0.0002572148768547,0.4867598521545654,0.5423658892664098,2108.6101080096714,2349.4916256644265,4331.931030622683,3.74814457265104,0.0955071122815537
Pyrimethamine,CCc1nc(N)nc(N)c1-c1ccc(Cl)cc1,1,train,0.5170235163099949,0.9798671615153148,0.0016726650049327,0.1996505591875971,0.8840868944761126,528.549884088514,2340.509475660675,2647.3749246646184,3.330132328691414,0.3048701063799086
endomide,CCN(CC)C(=O)[C@@H]1[C@@H]2C=C[C@@H](C2)[C@H]1C(=O)N(CC)CC,1,train,0.2474138253901409,0.9230248285470396,0.0007605241927964,0.3847403876456279,0.8534424530566265,1122.176600219011,2489.2451668884246,2916.711206447638,3.3409789094994915,0.3532792206336513
cyclophenazine,FC(F)(F)c1ccc2c(c1)N(CCCN1CCN(C3CC3)CC1)c1ccccc1S2,1,train,0.3545391520323667,0.951946100726342,0.0002785132535493,0.3062656058259116,0.7268859289631019,2609.8791339364548,6194.245722228314,8521.620071892663,4.47007563012036,0.0913955512706246
iprindole,CN(C)CCCn1c2c(c3ccccc31)CCCCCC2,1,train,0.2675248428615993,0.9276665317170646,0.0006338626610015,0.3734097025145869,0.732238524755745,1155.2005975534034,2265.292989585389,3093.654475966051,3.38386583897163,0.2180259157251593
sabcomeline,CON=C(C#N)C1CN2CCC1CC2,1,train,0.3966019960097205,0.9625147024926836,0.0024816459897661,0.2712295107200191,0.8910071331918586,359.0387738082783,1179.466451517004,1323.745240166368,2.721316583372521,0.3528550923334408
cetocycline,CC(=O)C1=C(O)[C@@]2(O)C(=O)c3c(c(C)c4ccc(C)c(O)c4c3O)C[C@H]2[C@@H](N)C1=O,0,train,0.4216816234991126,0.966530722223606,0.0005836873925688,0.2565508974802359,0.9181712235991334,1573.0530336763634,5629.806961904013,6131.543678569853,4.025634853539083,0.2360949696807211
rimcazole,CC1CN(CCCn2c3ccccc3c3ccccc32)CC(C)N1,1,train,0.4927067145020516,0.977111945045577,0.0007031600366478,0.2127257550209879,0.865534708043085,1230.921359196348,5008.350583364452,5786.42374109756,4.324851827599033,0.1754764242420924
iminophenimide,CCC1(c2ccccc2)NCC(=O)NC1=O,1,train,0.1283887240067736,0.8510976719959067,0.0013214832621851,0.5250073834939354,0.9051015405895309,684.9133594721909,1180.776035382733,1304.578527856271,2.694944896535251,0.6075147735760273
besipirdine,CCCN(c1ccncc1)n1ccc2ccccc21.[Cl-].[H+],1,train,0.2817061814551931,0.9344999076849786,0.0009049832297954,0.3559633724651545,0.7819504578851071,864.0496664913976,1898.071781007642,2427.355546464208,3.002658419497703,0.2614319685176419
retigabine,CCOC(=O)Nc1ccc(NCc2ccc(F)cc2)cc1N,1,train,0.8619063305204666,0.9988233590472794,0.002686642562512,0.0484963650339876,0.9775537736534976,363.8570263472192,7334.360192290423,7502.769044488545,5.005623626026171,0.0843319735561153
homatropine,CN1C2CCC1CC(OC(=O)C(O)c1ccccc1)C2,0,train,0.6363196029420507,0.9895950011902868,0.0018652185041506,0.1438809703164257,0.9892556578796584,530.3698497941467,3646.565445894459,3686.170927453072,3.7786886603446255,0.2343978220620975
atropine(hyoscyamine),CN1C2CCC1CC(OC(=O)C(CO)c1ccccc1)C2,1,train,0.4474103981800828,0.9709996502023048,0.0010057626887862,0.2390809053584205,0.8837257898050486,878.66233223614,3247.84015002468,3675.167328477716,3.671540142282921,0.2687517415174432
hyoscyamine,CN1C2CCC1CC(OC(=O)[C@H](CO)c1ccccc1)C2,1,train,0.2860487130907952,0.9360347560892136,0.0008673549858217,0.3519075665469648,0.8750004149538038,1008.8146482778192,2508.366741062279,2866.703487443157,3.321215233831003,0.3445275306314854
atropine,CN1C2CCC1CC(OC(=O)C(CO)c1ccccc1)C2,0,train,0.4474103981800828,0.9709996502023048,0.0010057626887862,0.2390809053584205,0.8837257898050486,878.66233223614,3247.84015002468,3675.167328477716,3.671540142282921,0.2687517415174432
atromepine,CN1C2CCC1CC(OC(=O)C(C)(CO)c1ccccc1)C2,1,train,0.4181238333126581,0.9660658314699332,0.000955889710549,0.2582959722223836,0.90982977458452,951.8145917293818,3352.701352593352,3684.97651566128,3.6285689348175674,0.2656143713611416
Guanadrel,NC(N)=NCC1COC2(CCCCC2)O1,0,train,0.5869756046959612,0.9862808380985768,0.0028303093958959,0.1650760685246925,0.9364976567788222,330.88172555861314,1877.13436251496,2004.4197109596112,3.142502019595573,0.2030480011144426
xanthiol,OCCCN1CCN(CCCC2c3ccccc3Sc3ccc(Cl)cc32)CC1,1,train,0.4807978370577203,0.9755419556766338,0.0004224974255825,0.219813313324304,0.8913762013070724,2109.7790124475014,8555.472702139139,9598.049274362264,4.929044049510477,0.2320717068207271
teflutixol,OCCN1CCN(CCCC2c3ccc(F)cc3Sc3ccc(C(F)(F)F)cc32)CC1,1,train,0.2318115887407173,0.9131263902955332,0.0001808271355612,0.4076765817972007,0.7249774733487818,4009.229428418194,7129.673743526667,9834.338314808065,4.803248670040682,0.2590047915021473
adatanserin,O=C(NCCN1CCN(c2ncccn2)CC1)C12CC3CC(CC(C3)C1)C2,1,train,0.7610534924964208,0.9961154136808764,0.0011554783184684,0.0880572690206565,0.9791612766457783,847.4077453427575,9422.831970574647,9623.370730972496,5.188322289002167,0.1542549093857166
rescinnamine,COC(=O)[C@H]1[C@H]2C[C@@H]3c4[nH]c5cc(OC)ccc5c4CCN3C[C@H]2C[C@@H](OC(=O)/C=C/c2cc(OC)c(OC)c(OC)c2)[C@@H]1OC,1,train,0.7220259135587841,0.9944636198773976,0.0003470213778826,0.1050814386099794,0.9923159883428544,2859.524085799551,27003.35574888961,27212.456582489027,6.705267340200161,0.1642913304786664
piribedil,c1cnc(N2CCN(Cc3ccc4c(c3)OCO4)CC2)nc1,1,train,0.7310448005834499,0.9949604821191952,0.0017588311572316,0.1002678364239431,0.9686586169634942,550.7399689735502,5320.5398229281645,5492.6882698950685,4.364051777401053,0.1648722207686845
tioperidone,CCCSc1ccccc1N1CCN(CCCCn2c(=O)[nH]c3ccccc3c2=O)CC1,1,train,0.7404581782686376,0.9953696187077352,0.0006444352641092,0.0961213927989889,0.9624050018513268,1493.4083459594042,14952.588805735297,15536.690662425695,5.943930085409624,0.1215527187545586
epicillin,CC1(C)S[C@@H]2[C@H](NC(=O)[C@H](N)C3=CCC=CC3)C(=O)N2[C@H]1C(=O)O,0,train,0.2811167255016727,0.9347447365683268,0.0006414189923717,0.3553199649017902,0.8590063467187389,1339.22811287904,3237.6605941217654,3769.07645268174,3.445919323235456,0.3306443298676824
Amiodarone,CCCCc1oc2ccccc2c1C(=O)c1cc(I)c(OCCN(CC)CC)c(I)c1,0,train,0.3377690331621061,0.9505382585504712,0.0002047622768238,0.3106074999607026,0.834020008376402,4073.113570103692,10936.81966560919,13113.378043411743,4.668001672798232,0.1179000482158087
acetiamine,CC(=O)OCC/C(SC(C)=O)=C(/C)N(C=O)Cc1cnc(C)nc1N,1,train,0.3478400470154937,0.952201718916634,0.000543005539816,0.3054699436805645,0.9005651465959665,1658.4824289289056,4889.42202869245,5429.281876135122,4.042585279392503,0.244997631155833
cetotiamine,CCOC(=O)OCC/C(SC(=O)OCC)=C(\C)N(C=O)Cc1cnc(C)nc1N,1,train,0.3632358895444312,0.9562565692493314,0.0003708541486642,0.2925292699329394,0.8473793994806283,2284.939787063671,6618.862122943366,7810.97832564748,4.426682417176566,0.248702297712734
gaboxadol,O=c1[nH]oc2c1CCNC2,1,train,0.3219395242885475,0.9422443460103824,0.003475044866313,0.3349262492123706,0.6981796207159184,200.91240475311585,418.817416901561,599.8705841228974,2.08597753372075,0.2159984735898932
mepenzolatebromide,C[N+]1(C)CCCC(OC(=O)C(O)(c2ccccc2)c2ccccc2)C1.[Br-],0,train,0.2432738588801689,0.921398214878718,0.0004788295359156,0.3886197751251363,0.8036126992687995,1678.2855671844893,3470.465686813581,4318.579945253888,3.355790276195292,0.2966201836117779
piperilate(pipethanate),O=C(OCCN1CCCCC1)C(O)(c1ccccc1)c1ccccc1,1,train,0.3545842710388533,0.9543149792681488,0.0005374409980962,0.29880247713905,0.8604709777406737,1601.0519867085536,4610.600225297507,5358.2286266103865,4.128298905690328,0.2266251246608124
Moclobemide,O=C(NCCN1CCOCC1)c1ccc(Cl)cc1,1,train,0.5331879511772188,0.9815136786656976,0.0011978829636217,0.1913920024246818,0.900855923749034,752.0400165182764,3539.749285205467,3929.317876352881,3.910936537614736,0.3153994209663823
moclobemide,O=C(NCCN1CCOCC1)c1ccc(Cl)cc1,1,train,0.5331879511772188,0.9815136786656976,0.0011978829636217,0.1913920024246818,0.900855923749034,752.0400165182764,3539.749285205467,3929.317876352881,3.910936537614736,0.3153994209663823
deximafen(imafen),c1ccc(C2CN=C3NCCN32)cc1,1,train,0.4573247149177442,0.9719015264461808,0.0030545654833955,0.2353878138128306,0.93060783228327,304.6612807425533,1204.4811048626084,1294.295043603258,2.736050829973093,0.3689217057458184
SB204484,O=C(Cc1ccc(Cl)c(Cl)c1)N1CCn2ncnc2[C@H]1CN1CCCC1,1,train,0.5330495001613589,0.9815671423265008,0.0005845835036922,0.1911176211263295,0.8804572281271872,1506.1273925215814,6938.558262764452,7880.630700850054,4.549871301642911,0.2230940350490052
dextromoramide(levomoramideandracemoramide),CC(CN1CCOCC1)C(C(=O)N1CCCC1)(c1ccccc1)c1ccccc1,1,train,0.0974189676350892,0.8193836033710313,0.0003491460277564,0.5732455935519299,0.8954099175797855,2564.571401065696,4005.861872617579,4473.774294844838,3.750668350191191,0.5962895213232516
nicardipine,COC(=O)C1=C(C)NC(C)=C(C(=O)OCCN(C)Cc2ccccc2)C1c1cccc([N+](=O)[O-])c1,0,train,0.3111799887419136,0.9429573997289136,0.0002846401788314,0.3329134156150601,0.8964111115661992,3149.278205369058,8479.826418200897,9459.751567988757,4.689237885915903,0.4245544360345424
Org34167,C=CC[C@H](N)c1ccccc1-c1noc2ccccc12,1,train,0.2388994816312999,0.9185857110734468,0.0007187976552759,0.3952218255760809,0.766221653508569,1065.97684047041,2066.6230568530355,2697.1608638177486,3.320769897725278,0.2194521562117215
Org34167,C=CCC(N)c1ccccc1-c1noc2ccccc12,1,train,0.1656024726984334,0.8815216898858501,0.0008247144533082,0.4721435271829903,0.8725865237392947,1058.046843048521,1955.4168670647089,2240.943234700854,3.1526464481216294,0.4460378750149203
doxapram,CCN1CC(CCN2CCOCC2)C(c2ccccc2)(c2ccccc2)C1=O,1,train,0.1449672974360413,0.8661856054786824,0.0003772327454552,0.499722419810767,0.8863465334244761,2349.6012583815327,4167.435455637301,4701.812776923779,3.8496127318753808,0.52577664374194
nivazol(nivacortol),C#C[C@]1(O)CC[C@H]2C3CCC4=Cc5c(cnn5-c5ccc(F)cc5)CC4(C)[C@H]3CCC21C,1,train,0.5233148149983897,0.9796625094694186,0.0005684218734545,0.2006523549328076,0.9731785095494752,1712.070831537472,8303.668006471744,8532.522990377025,4.6410499277992665,0.3663738867576708
salicin,OCc1ccccc1O[C@@H]1O[C@H](CO)[C@@H](O)[C@H](O)[C@H]1O,1,train,0.3444533229299327,0.9510352983074536,0.001040432127294,0.3090822889996329,0.9157141840445662,880.1287080841735,2607.546179323313,2847.5546461519143,3.326370919127265,0.3302319862263549
enciprazine,COc1ccccc1N1CCN(CC(O)COc2cc(OC)c(OC)c(OC)c2)CC1,1,train,0.7112493025881094,0.9941329158288944,0.0006768987604815,0.1081653625960755,0.9490470371066628,1402.0516693389616,12301.655083666032,12962.1131542329,5.552146053050628,0.1358077652306103
harmalol,Cc1[nH]ccc2c1[nH]c1cc(=O)ccc12,1,train,0.5203299616539125,0.9798593867757784,0.0024765813288889,0.199688713119684,0.8022710363880291,323.94293982179136,1301.475852096095,1622.2396086434544,2.8621405727611062,0.0182829846125523
2-(3'-Iodo-4'-aminophenyl)-6-hydroxybenzothiazole,Nc1ccc(-c2nc3ccc(O)cc3s2)cc1I,1,train,0.7109181378781767,0.9941480525186116,0.0013847416239701,0.1080261527291042,0.892329800133189,644.4016592603269,5322.959202807396,5965.237518698683,4.0254201080314695,0.0014348409298587
lorcainide,CC(C)N1CCC(N(C(=O)Cc2ccccc2)c2ccc(Cl)cc2)CC1,1,train,0.2145900158418212,0.8957473105566397,0.0002232143377367,0.4445635563454867,0.6534001849767751,2927.23214647342,4302.318529432721,6584.507669806744,4.315222344310816,0.2502890263725489
fengabine,CCCCN/C(=C1/C=C(Cl)C=CC1=O)c1ccccc1Cl,1,train,0.1743439316123102,0.8853767142235214,0.0004764064291211,0.4648742560206589,0.7584033613950368,1591.9251190504358,2597.0923227966223,3424.4209018528463,3.437075440644539,0.2997142734202061
progabide,NC(=O)CCCN/C(=C1\C=C(F)C=CC1=O)c1ccc(Cl)cc1,1,train,0.2971670413776404,0.9354151632555908,0.000356383241821,0.3535512301654691,0.7026052492606232,1971.487900695166,3917.8982554633976,5576.243928701562,4.13814314880692,0.2136941908921562
dosulepin,CN(C)CC/C=C1/c2ccccc2CSc2ccccc21.[Cl-].[H+],1,train,0.1650943377360066,0.8744090784062701,0.000477476869035,0.4851894100252986,0.7138875588991427,1495.1249059285185,2199.864727647223,3081.5283166435147,3.1950438398305585,0.2697719374369234
nafimidone,O=C(Cn1ccnc1)c1ccc2ccccc2c1,1,train,0.7533955730920271,0.9959029566552972,0.0032148099011747,0.0904284298505577,0.945139663280852,293.9955059039332,3072.7815789274523,3251.140226472924,3.7422922786581583,0.0981363187646752
cortivazol,CC(=O)OCC(=O)[C@@]1(O)[C@H](C)C[C@H]2[C@@H]3C=C(C)C4=Cc5c(cnn5-c5ccccc5)C[C@]4(C)[C@H]3[C@@H](O)C[C@@]21C,1,train,0.6454984807893677,0.99062723030456,0.0004554633009364,0.1365931571460164,0.9124053789597714,2003.2467535446756,13381.146987941667,14665.791430556275,5.321062450973089,0.1225484865267007
zopiclone,CN1CCN(C(=O)OC2c3nccnc3C(=O)N2c2ccc(Cl)cn2)CC1,1,train,0.1873751252944516,0.871306752722963,0.0002065203847396,0.4907387723212477,0.6234330850470436,3018.748419595175,3835.009064613137,6151.4365480358665,4.089516027917926,0.2389575205555368
mezilamine,CNc1nc(Cl)c(SC)c(N2CCN(C)CC2)n1,1,train,0.2423139466744972,0.9166374929623043,0.0006359013426846,0.3997195347938117,0.7131219192180703,1121.4348380008612,2000.7022282903968,2805.554245877259,3.20898219526044,0.2584649754138843
iprozilamine,CSc1c(Cl)nc(NC(C)C)nc1N1CCN(C)CC1,1,train,0.3219095489889195,0.9454847664706458,0.0006255420551681,0.3256663267394225,0.7629488249447971,1219.6603228214535,2857.336892779146,3745.122607647883,3.5187652497335637,0.2161832736748213
oxetacillin,CC1(C)S[C@@H]2[C@H]([NH+]3C(=O)C(c4ccc(O)cc4)NC3(C)C)C(=O)N2[C@H]1C(=O)O,0,train,0.3915642775201676,0.9616737133588869,0.0005518101278389,0.2741964059475057,0.8826368846545539,1599.530055947314,5148.879397649538,5833.519408906987,3.934022931137737,0.3088681334014966
benzoclidine,O=C(OC1CN2CCC1CC2)c1ccccc1,1,train,0.5705048578902002,0.9849499870912796,0.0023436326719003,0.1728395872735415,0.9237877815163668,394.1691855521409,2106.7435025000577,2280.549217745561,3.21500927330218,0.2237801729161319
cortisuzol,CC1=C[C@H]2[C@@H]3C[C@@H](C)[C@](O)(C(=O)COC(=O)c4cccc(S(=O)(=O)O)c4)[C@@]3(C)C[C@H](O)[C@@H]2[C@@]2(C)Cc3cnn(-c4ccccc4)c3C=C12,1,train,0.776052591617545,0.9966856762312004,0.000376527036078,0.0813490184056005,0.9526026853202284,2529.971540005652,29626.14337614692,31100.20980697504,6.856365933008409,0.0894100222963048
tandamine,CCn1c2c(c3ccccc31)CCSC2(C)CCN(C)C,1,train,0.4050369671460204,0.964121938033243,0.0008768975589171,0.265459768332272,0.8086440816419909,922.1648223545848,2809.1003415707337,3473.840228777437,3.4510544674099184,0.2037144183902181
fibracillin,CC(C)(Oc1ccc(Cl)cc1)C(=O)N[C@@H](C(=O)N[C@@H]1C(=O)N2[C@@H](C(=O)O)C(C)(C)S[C@H]12)c1ccccc1,0,train,0.421540866464681,0.966201187792298,0.0002618518165373,0.2577891865628826,0.9341163634167208,3567.347272091266,12926.521493319502,13838.234720606026,5.2701387503713,0.3128569585870583
maroxepin,CN1CCC2=C(CC1)c1ccccc1Oc1ccccc12,1,train,0.1830086307922317,0.8784216667009714,0.0005269571707454,0.4778863625071209,0.6644989489212577,1261.0113037863734,1753.4308398084572,2638.726280387596,3.192299058467568,0.2564485559480838
Y-G20,NCCc1cn2ccccc2n1,0,train,0.6579291202197971,0.991386357774174,0.0057760751098484,0.1309698042269956,0.9129682209570348,158.06030974223182,1101.8115254961886,1206.8454303274602,2.765995020794088,0.1010563240400417
Y-G 20,NCCc1cn2ccccc2n1,0,train,0.6579291202197971,0.991386357774174,0.0057760751098484,0.1309698042269956,0.9129682209570348,158.06030974223182,1101.8115254961886,1206.8454303274602,2.765995020794088,0.1010563240400417
1-47,NCCc1cn2ccccc2n1,0,train,0.6579291202197971,0.991386357774174,0.0057760751098484,0.1309698042269956,0.9129682209570348,158.06030974223182,1101.8115254961886,1206.8454303274602,2.765995020794088,0.1010563240400417
thiphencillin,CC1(C)SC2C(NC(=O)CSc3ccccc3)C(=O)N2C1C(=O)O,0,train,0.6379739778214324,0.9898108882321838,0.0010201927140991,0.1423882212018087,0.9778221339100251,958.4680623537836,6582.084375413759,6731.371838653238,4.412763067737773,0.1725104825454969
ipsapirone,O=C1c2ccccc2S(=O)(=O)N1CCCCN1CCN(c2ncccn2)CC1.[Cl-].[H+],1,train,0.6818720209386737,0.9926371831194356,0.000783423874377,0.121125648352083,0.9533952266041062,1216.9596278415818,9578.842432954629,10047.084530802049,4.878094193914233,0.1621166947989689
promoxolane,CC(C)C1(C(C)C)OCC(CO)O1,1,train,0.1905889383693788,0.8965787135258579,0.0019028740401553,0.442884421099137,0.8704280470715668,457.428094925569,899.0116255468943,1032.8385310784652,2.5190179720851065,0.453764018417134
dioxamate,CCCCCCCCCC1(C)OCC(COC(N)=O)O1,1,train,0.4656870534665545,0.973649368231806,0.0006883501652842,0.2280502307427133,0.8428930723728775,1224.5120505271266,4525.90081169826,5369.483935794053,4.398372413201424,0.1512532649938882
balaperidone,O=c1[nH]c2ccccc2c(=O)n1CCN1C[C@H]2C[C@H](c3ccc(F)cc3)[C@H]2C1,1,train,0.3165390063879432,0.9451651236793754,0.000416979708228,0.3265928489421514,0.8477353982215013,2033.0375351452249,5277.145197875633,6224.990968817358,4.223263943350758,0.3178021774208786
xorphanol,C=C1C[C@H](C)[C@H]2[C@H]3Cc4ccc(O)cc4[C@@]2(CCN3CC2CCC2)C1,1,train,0.2179915870067745,0.910607336323952,0.0005137329758204,0.4132726449125281,0.7989450078939482,1555.175636950299,3006.4893644308727,3763.074222537671,3.5117931615126903,0.4083711355014434
Terconazole,CC(C)N1CCN(c2ccc(OC[C@H]3CO[C@](Cn4cncn4)(c4ccc(Cl)cc4Cl)O3)cc2)CC1,0,train,0.5066125213752617,0.9787375951025996,0.0002396552619217,0.2051163570580842,0.8659610734285095,3613.361402893556,15254.903918992568,17616.154336586304,5.853159187812134,0.1373028401856237
intriptyline,CN(C)CC#CC=C1c2ccccc2C=Cc2ccccc21,1,train,0.3728882730394107,0.9580878484057124,0.0008414217245402,0.286474562112088,0.8746353564407195,1039.4732283844637,3173.615244982577,3628.500976564028,3.706531342446996,0.2845002905372416
cyclobenzaprine,CN(C)CCC=C1c2ccccc2C=Cc2ccccc21,1,train,0.2616605220681477,0.9280033700853138,0.0006673687866147,0.3725717985976665,0.7910491904344752,1185.325424713297,2516.6980462560614,3181.468455676937,3.5351787688867486,0.2818767333862105
benzaprinoxide,C[N+](C)([O-])CC/C=C1/c2ccccc2C=Cc2c(Cl)cccc21,1,train,0.1542932712676811,0.8709176036108954,0.0003963944889912,0.4914290668251678,0.7512822097571447,1895.2892399414245,2897.462084428763,3856.689332980985,3.643153597560129,0.4310004014673259
mitomycin,CO[C@@]12[C@H](COC(N)=O)C3=C(C(=O)C(C)=C(N)C3=O)N1C[C@@H]1N[C@@H]12,0,train,0.0792967780147639,0.7963852160189561,0.0005698984901413,0.6047897053575241,0.8583612820908123,1506.1652152787458,2137.658584090786,2490.394928908999,3.0288352972746444,0.6186479631935421
nuclotixene,Clc1ccc2c(c1)/C(=C/C1CN3CCC1CC3)c1ccccc1S2,1,train,0.2038131730787664,0.8970669143244697,0.0003334776237609,0.4418947286677845,0.7011224318997107,2102.4572023526443,3335.816906263116,4757.823675994259,3.7953398684714057,0.2489178269812663
trimetozine,COc1cc(C(=O)N2CCOCC2)cc(OC)c1OC,1,train,0.3343084971858445,0.9496860455447412,0.0008691669061588,0.3132034720394906,0.8466017847985539,974.0382184360568,2632.8651110419232,3109.921521921201,3.455222129136935,0.2826424264387588
metofenazate,COc1cc(C(=O)OCCN2CCN(CCCN3c4ccccc4Sc4ccc(Cl)cc43)CC2)cc(OC)c1OC,1,train,0.7020063190737652,0.9934589479421984,0.0003222004848596,0.1141898364723411,0.9985764988475436,3099.2395907862715,27102.48052948803,27141.115939306583,6.923314931118787,0.1975204740011138
efrotomycin,C/C=C/C=C/C1OC(O)(C(CC)C(=O)NC/C=C/C=C(\C)C(OC)C(C)C2OC(/C=C/C=C/C=C(\C)C(=O)c3c(O)n(C)ccc3=O)C(O)C2O)C(O)C(OC2OC(C)C(OC3OC(C)C(OC)C(O)C3OC)C(OC)C2O)C1(C)C,0,train,0.7269552019848451,0.9947591056577282,7.181602051500334e-05,0.1022463774959139,0.9755534563408416,13584.064521328291,129608.3188420871,132856.19357880086,10.977645882692704,0.1359074463595373
thebaine,COC1=CC=C2[C@H]3Cc4ccc(OC)c5c4[C@@]2(CCN3C)[C@H]1O5,1,train,0.1888751363100319,0.889003781031534,0.0005332607664329,0.45789985511205,0.7053261525877585,1322.6665019926484,2037.369666297222,2888.5497281255666,3.1675962472236456,0.305872481304506
bervastatin,CCOC(=O)C[C@@H](O)C[C@@H](O)/C=C/C1=C(c2ccc(F)cc2)c2ccccc2OC12CCCC2,1,train,0.2873848729623457,0.9364980603695948,0.0002484212390692,0.3506727576017086,0.7917388963443955,3187.0821484942253,7195.702683222771,9088.479442460964,4.568077321313868,0.3029500556622053
primidone,CCC1(c2ccccc2)C(=O)NCNC1=O,1,train,0.1742143782435087,0.8810060417329545,0.001623301308223,0.4731050141670787,0.9586938804420893,590.582829931646,1196.7494065697829,1248.3123455611476,2.6371046682696133,0.4439067429193385
amedalin,CNCCCC1(C)C(=O)N(c2ccccc2)c2ccccc21,1,train,0.1556687156242339,0.8720035732121314,0.0005034216277349,0.4894995079724542,0.7518642579822742,1493.508058772081,2294.007062541129,3051.0920531019733,3.40801426006011,0.4051882902167415
toprilidine,Cc1ccccc1N1CCN(CCCOc2ccccn2)CC1,1,train,0.7206284569881716,0.9944949112612804,0.001481270903704,0.1047848819029647,0.9708433606906204,655.4124287886564,6072.467644643861,6254.837691143236,4.565499341876074,0.1935743050106119
pimethixene,CN1CCC(=C2c3ccccc3Sc3ccccc32)CC1,1,train,0.1773261560224504,0.8808736916648477,0.0004929326358961,0.4733513909694812,0.699872595578055,1419.8138743758786,2099.262493899057,2999.4923464108283,3.332768663930467,0.2533574130053104
cefazedone,Cc1nnc(SCC2=C(C(=O)O)N3C(=O)[C@@H](NC(=O)Cn4cc(Cl)c(=O)c(Cl)c4)[C@H]3SC2)s1,0,train,0.0673092614086968,0.7758920086005201,0.000214646615908,0.6308657471997117,0.8420251936877249,3922.844020277892,5235.87389336508,6218.191489537387,3.744113709966181,0.6604914512188697
tifemoxone,S=C1NCCC(COc2ccccc2)O1,1,train,0.4940565005573357,0.977117680533534,0.0017091980367732,0.2126994085294227,0.8225367143676211,481.2413170801769,1861.023754160176,2262.541867922528,3.2110662900831777,0.0982208094742632
pinoxepin,OCCN1CCN(CC/C=C2/c3ccccc3COc3ccc(Cl)cc32)CC1,1,train,0.3917482740388177,0.9618994381370156,0.0003514837572617,0.2734034946954657,0.8307061357999889,2363.4268117298493,7181.009724126074,8644.464528013385,4.774607838878167,0.1925295322450294
rolitetracycline,CN(C)[C@@H]1C(=O)/C(=C(/O)NCN2CCCC2)C(=O)[C@@]2(O)C(=O)C3=C(O)c4c(O)cccc4[C@@](C)(O)[C@H]3C[C@@H]12,1,train,0.4504131090138516,0.9712950980476068,0.0003177441948135,0.2378777680000592,0.9004639156622009,2833.927197916186,10727.564844717152,11913.375603538876,4.913594105642599,0.2100436869034095
pentamorphone,CCCCCN[C@@]12C=CC(=O)[C@@H]3Oc4c(O)ccc5c4[C@@]31CCN(C)[C@@H]2C5,1,train,0.3252884844044619,0.9474187396993952,0.0005472806166661,0.3199964557091369,0.8193929212774387,1497.2080068703376,3833.7975956351456,4678.826843729906,3.685472829105685,0.2728493490250451
sanfetrinem,COC1CCCC2C1=C(C(=O)[O-])N1C(=O)C(C(C)O)C21,0,train,0.1874176181961153,0.8940756833453704,0.00074564339107,0.4479159211844442,0.772052762060734,1035.4182325049148,1784.7043797406889,2311.6352501311226,3.0255653058338923,0.3752565916897689
pheniramine,CN(C)CCC(c1ccccc1)c1ccccn1,0,train,0.205857666420744,0.8957681084635047,0.0006174046243109,0.4445216483589014,0.683042639553369,1106.3128014559672,1699.9370421394106,2488.771481749621,3.318920087907628,0.2553715989731865
doxylamine,CN(C)CCOC(C)(c1ccccc1)c1ccccn1,1,train,0.1620778049710159,0.8722305754385311,0.000560563719972,0.4890949021101824,0.7141455269495709,1273.97742933709,1860.1814876222863,2604.7652998233266,3.257738180237705,0.3724827210350386
doxylamine succinate,CN(C)CCOC(C)(c1ccccc1)c1ccccn1.O=C(O)CCC(=O)O,1,train,0.1615998024662797,0.8762619376296307,0.0004957545528024,0.4818350513003023,0.7513550336369919,1515.578685842975,2363.335069559606,3145.4305404992106,3.006855158087325,0.3795682062684103
diphoxazide,CC(=O)NNC(=O)CC(O)(c1ccccc1)c1ccccc1,1,train,0.3149685602561733,0.9444404703256584,0.0006241368777503,0.3286825185662437,0.7942262506738571,1272.5193446933897,3074.9072766463264,3871.575982331782,3.7113965763372816,0.2110656399838247
methadone,CCC(=O)C(CC(C)N(C)C)(c1ccccc1)c1ccccc1,1,train,0.0254829920362813,0.6104778578714599,0.0003934635636766,0.7920333231933324,0.7950178776976122,2020.5628960116408,2028.176818198852,2551.108440570535,3.2655371238184303,0.7163338745990433
captodiame,CCCCSc1ccc(C(SCCN(C)C)c2ccccc2)cc1,1,train,0.5089473761802205,0.978924363969522,0.0005903751893674,0.204223136854929,0.8944157449911218,1514.9954827022004,6635.074919458464,7418.334210478736,4.652590186036649,0.150268125536423
betamethadol,CCC(O)C(CC(C)N(C)C)(c1ccccc1)c1ccccc1,1,train,0.0227282497784482,0.6148877382181643,0.0004122116143624,0.7886146520252779,0.822092788870075,1994.346496378172,2079.010159106505,2528.9239697187945,3.2555515591188646,0.7275808411214175
bifemelane,CNCCCCOc1ccccc1Cc1ccccc1.[Cl-].[H+],1,train,0.4816083929905173,0.9757378005946774,0.0009990478934205,0.2189423314269342,0.8505123017586443,851.3228518471456,3307.083438571512,3888.342863158239,3.626951107877448,0.1594301422743628
bromodiphenhydramine(bromazine),CN(C)CCOC(c1ccccc1)c1ccc(Br)cc1,1,train,0.327267284628163,0.9469292331565748,0.0004513270932485,0.3214421058192308,0.7652744902776935,1695.6094631265626,4036.8285427234846,5275.007326140781,4.057775496643015,0.3049150373858997
bufenadrine,CN(C)CCOC(c1ccccc1)c1ccccc1C(C)(C)C,1,train,0.099113741362487,0.8060525476468355,0.0003669595196952,0.5918439747366241,0.7136762118517092,1944.8363471928203,2345.1847043872544,3286.0625945516977,3.4873855875863136,0.4502082526081545
acetylmethadol/levacetylmethadol/alphacetylmethadol/betacetylmethadol,CCC(OC(C)=O)C(CC(C)N(C)C)(c1ccccc1)c1ccccc1,1,train,0.0321468121007909,0.6715072015846226,0.000415283576831,0.7409980284858989,0.9622417817829594,2317.0715999068625,3008.892087565791,3126.96054622628,3.457722178573138,0.7534156768162338
chlorphenoxamine,CN(C)CCOC(C)(c1ccccc1)c1ccc(Cl)cc1,1,train,0.1650645260266313,0.8424440369214388,0.0002770343079642,0.5387838570851111,0.5989661513425494,2162.064892770788,2403.5680927448243,4012.861306698817,3.757275707347405,0.3522571958002157
isomethadone,CCC(=O)C(c1ccccc1)(c1ccccc1)C(C)CN(C)C,1,train,0.0532830017470284,0.7468758175494057,0.0005070383908456,0.6649635427299055,0.8617822053977975,1699.6389641433825,2202.7051421290485,2555.988193226017,3.2303371128083445,0.5918707391971088
diphenhydramine,CN(C)CCOC(c1ccccc1)c1ccccc1,1,train,0.1899873489113419,0.8837833410681886,0.0005479144514167,0.4678963625102783,0.6680501029540526,1219.259870271061,1740.8271299489627,2605.8331886353944,3.3012332013386096,0.2811317944662523
orphenadrine,Cc1ccccc1C(OCCN(C)C)c1ccccc1,1,train,0.2303821506955679,0.914501563093984,0.0005888119924083,0.4045823662725054,0.755391670813397,1282.9080938445572,2395.3048113237264,3170.944165620055,3.565450752296112,0.3125287162829775
tofenacin,CNCCOC(c1ccccc1)c1ccccc1C,1,train,0.1167351070692931,0.8106726825939826,0.0004569029233058,0.5854996171611694,0.6583124104685284,1440.814617042611,1619.9944727248514,2460.82930682088,3.288074870200413,0.436613497133809
alphamethadol,CC[C@@H](O)C(C[C@@H](C)N(C)C)(c1ccccc1)c1ccccc1,1,train,0.0425754810149511,0.6870703932110725,0.0004111047794515,0.7265908578923783,0.7636016669667322,1857.4380672136317,1952.051541807146,2556.3741231227445,3.1967322089352166,0.6169106616391212
clemeprol,CN(C)CC(O)C(c1ccccc1)c1ccc(Cl)cc1,1,train,0.2697575353322356,0.9306480274746248,0.000762027806104,0.3659156309282096,0.8777616630563876,1151.876159931857,2763.13075561169,3147.92827245428,3.490791633113655,0.5067612970343995
mecloxamine,CC(CN(C)C)OC(C)(c1ccccc1)c1ccc(Cl)cc1,0,train,0.1760362498457549,0.8680972888646712,0.0003145326240144,0.496394094511415,0.6426261405904797,2043.114422880669,2644.992659819721,4115.912025286364,3.7214102618642766,0.3656601532150844
benactyzine,CCN(CC)CCOC(=O)C(O)(c1ccccc1)c1ccccc1.[Cl-].[H+],1,train,0.3016800570347443,0.9411188409533116,0.0005452441813261,0.338075919288398,0.8301213189022408,1522.4762543696852,3738.3319076227344,4503.356102896303,3.6628612172165647,0.2505352065950876
modafinil,NC(=O)CS(=O)C(c1ccccc1)c1ccccc1,1,train,0.1781245640072356,0.8868229378308861,0.0006189213426381,0.4621093776769698,0.7465746936253205,1206.2513314585185,1948.7955919567985,2610.315630300255,3.2473807646980584,0.4229614794904388
methadone(levomethadone),CCC(=O)C(CC(C)N(C)C)(c1ccccc1)c1ccccc1,1,train,0.0254829920362813,0.6104778578714599,0.0003934635636766,0.7920333231933324,0.7950178776976122,2020.5628960116408,2028.176818198852,2551.108440570535,3.2655371238184303,0.7163338745990433
hexapradol,CCCCCC(N)C(O)(c1ccccc1)c1ccccc1,1,train,0.2685722836328711,0.9300025885266427,0.0006146639381345,0.3675529694258286,0.7758727927392158,1262.2715350667245,2664.546943090524,3434.257481414384,3.6036635400796513,0.244101891807649
normethadone,CCC(=O)C(CCN(C)C)(c1ccccc1)c1ccccc1,1,train,0.0265696868570226,0.6592575076749418,0.000484840215886,0.7519172418386375,0.8891896371788168,1833.984904807772,2168.803002987147,2439.0781362097664,3.3019195667086123,0.7797963450092972
Amiloride,NC(N)=NC(=O)c1nc(Cl)c(N)nc1N,1,train,0.4101223122695416,0.9635119968720128,0.0013053452548988,0.267665148802952,0.7411865591293082,567.8088278543341,1572.3088091323382,2121.340153522713,3.046132843237752,0.0353472641914925
ampyzine,CN(C)c1cnccn1,1,train,0.3939467640254404,0.9616684290517672,0.0055508576572458,0.2742149386249884,0.7791405804629475,140.36399932646188,398.8232313662664,511.875830070736,2.065695539843805,0.1468184108799421
Pyrazinamide,NC(=O)c1cnccn1,1,train,0.442252075513636,0.9690532505990248,0.005848585598705,0.246851772332028,0.7531482276716369,128.77442160347223,392.8925706461768,521.6669922477371,2.0584541330648976,4.500708633673021e-12
girisopam,COc1cc2c(cc1OC)C(c1cccc(Cl)c1)=NN=C(C)C2,1,train,0.1909759639937704,0.8930009966517214,0.000408688513625,0.450054685542804,0.729721332142449,1785.5195529469977,2895.051976120252,3967.339104121336,3.626397065861412,0.2714900508168013
tofisopam,CCC1C(C)=NN=C(c2ccc(OC)c(OC)c2)c2cc(OC)c(OC)cc21,1,train,0.2245290600306572,0.9134522347354204,0.0003553925301394,0.4069459606100867,0.7950159545700207,2237.008060518775,4370.253721029521,5497.064173250643,3.977977266904984,0.3416138431745153
nerisopam,COc1cc2c(cc1OC)C(c1ccc(N)cc1)=NN=C(C)C2,1,train,0.2495514668479209,0.920771574396681,0.0004856120558707,0.3901021760809049,0.7288752152973552,1500.9413511995024,2804.390791907173,3847.5595452413368,3.629965034887812,0.2432220505211922
novobiocin,CO[C@@H]1[C@@H](OC(N)=O)[C@@H](O)[C@H](Oc2ccc3c(=O)c(NC(=O)c4ccc(O)c(CC=C(C)C)c4)c(O)oc3c2C)OC1(C)C,0,train,0.7125813396372446,0.9940948335665446,0.0003520317304779,0.1085148002638534,0.977482597553469,2776.6888974083013,25011.934495912632,25588.112318843057,6.600261897060237,0.1445701420831674
isepamicin,CNC1C(O)C(OC2C(NC(=O)C(O)CN)CC(N)C(OC3OC(CN)C(O)C(O)C3O)C2O)OCC1(C)O,0,train,0.4165328072527573,0.96628712763105,0.0002282796443244,0.257466865779919,0.8424805048644202,3690.5634199568126,12076.224736184591,14334.129592859852,5.140276128842221,0.1870226545156769
Amikacin,NCC[C@H](O)C(=O)N[C@@H]1C[C@H](N)[C@@H](O[C@H]2O[C@H](CN)[C@@H](O)[C@H](O)[C@H]2O)[C@H](O)[C@H]1O[C@H]1O[C@H](CO)[C@@H](O)[C@H](N)[C@H]1O,1,train,0.210297427280362,0.9061421329565452,0.0001600981658368,0.42297332644147,0.7727638006604848,4826.812328682243,8818.489505161553,11411.6234451256,4.625358405837117,0.3001414046579915
Kanamycin,NCC1OC(OC2C(N)CC(N)C(OC3OC(CO)C(O)C(N)C3O)C2O)C(O)C(O)C1O,0,train,0.4089353337667201,0.9649712269597384,0.0003327918288148,0.2623557339564304,0.8315520232254062,2498.7152664977625,7919.825894354144,9524.149630031436,4.536580740691799,0.1861271946749178
propikacin,NCC1OC(OC2C(N)CC(NC(CO)CO)C(OC3OC(CO)C(O)C(N)C3O)C2O)C(N)C(O)C1O,0,train,0.2612045955869042,0.9282643907200272,0.0001918596364671,0.3719209874706948,0.8297903612235319,4324.986623049425,9649.447955689526,11628.778070477156,4.791501518669314,0.3345521963411327
arbekacin,NCC[C@H](O)C(=O)N[C@@H]1C[C@H](N)[C@@H](O[C@H]2O[C@H](CN)CC[C@H]2N)[C@H](O)[C@H]1O[C@H]1O[C@H](CO)[C@@H](O)[C@H](N)[C@H]1O,0,train,0.3328931165490719,0.9482606457026208,0.0001838625792683,0.3174929098604382,0.7630209262501234,4149.952259378892,9973.452377997944,13071.007668181015,4.960314170184188,0.1479140865836407
bekanamycin,NCC1OC(OC2C(N)CC(N)C(OC3OC(CO)C(O)C(N)C3O)C2O)C(N)C(O)C1O,0,train,0.4489045500375713,0.9713229511235328,0.0003675675326855,0.2377640103562174,0.8569000824953511,2331.2725044962,8401.89227305275,9804.98478724132,4.608492510496792,0.1847920196227618
gentamicin,CNC(C)C1CCC(N)C(OC2C(N)CC(N)C(OC3OCC(C)(O)C(NC)C3O)C2O)O1,0,train,0.2597984398466447,0.926477141448292,0.00026733610418,0.3763510414145302,0.763307584230164,2855.2356838273367,5790.9313709842745,7586.628890665006,4.122381151998422,0.2587072750788488
tobramycin,NC[C@H]1O[C@H](O[C@@H]2[C@@H](N)C[C@@H](N)[C@H](O[C@H]3O[C@H](CO)[C@@H](O)[C@H](N)[C@H]3O)[C@H]2O)[C@H](N)C[C@@H]1O,0,train,0.546906051124927,0.9822395106251126,0.0005371412602979,0.1876314039998083,0.970253884543941,1806.3290911701051,9340.642238515213,9627.008340096154,4.713513509662668,0.2549531815336986
butikacin,NCCC(O)CNC1CC(N)C(OC2OC(CN)C(O)C(O)C2O)C(O)C1OC1OC(CO)C(O)C(N)C1O,0,train,0.2270999456946492,0.9145496126638952,0.0001542044107952,0.4044737395385757,0.7939898023671402,5148.943524197635,10107.4760894022,12729.982248221006,4.947695093351789,0.2846362168261195
dibekacin,NCC1CCC(N)C(OC2C(N)CC(N)C(OC3OC(CO)C(O)C(N)C3O)C2O)O1,0,train,0.367393233075295,0.956972156856566,0.0003583790802447,0.2901797563602468,0.809268122558008,2258.134381072848,6297.600473500372,7781.846705631189,4.253436068881484,0.185867925735253
loracarbef,N[C@@H](C(=O)NC1C(=O)N2C(C(=O)O)=C(Cl)CCC12)c1ccccc1.O,0,train,0.6609685730713892,0.9914830375859672,0.0011443537616859,0.1302358866799148,0.9443855234260476,825.2566252194039,5984.221629205018,6336.629989302909,4.227506033599556,0.2026659181976142
cefuzonam,CO/N=C(\C(=O)N[C@@H]1C(=O)N2C(C(=O)O)=C(CSc3cnns3)CS[C@H]12)c1csc(N)n1,0,train,0.2741565257083339,0.9292474999766656,0.0001869560002968,0.3694578240978481,0.7209355854137334,3856.1778400750914,7524.690633856287,10437.396608100553,4.60870828064884,0.1730796487858691
Bacitracin,CCC(C)C(N)C1=NC(C(=O)N[C@@H](CC(C)C)C(=O)N[C@H](CCC(=O)O)C(=O)N[C@H](C(=O)NCCCC[C@@H]2NC(=O)[C@H](CC(N)=O)NC(=O)[C@@H](CC(=O)O)NC(=O)[C@H](Cc3cnc[nH]3)NC(=O)[C@@H](Cc3ccccc3)NC(=O)[C@H]([C@@H](C)CC)NC(=O)[C@@H](CCCN)NC2=O)[C@@H](C)CC)CS1,0,train,0.6713487605120687,0.9919566311259732,6.485117067210392e-05,0.1265782049375402,0.9717008846664748,14983.551948191074,115023.99398607148,118373.86977943542,9.342967387184194,0.1671878408107211
tolboxane,CCCC1(C)COB(c2ccc(C)cc2)OC1,1,train,0.6342957520676097,0.98948726148856,0.0025591652463678,0.1446200516936359,0.9857192223840552,385.1721665035308,2625.3040571036504,2663.3386034149808,3.4958683919832194,0.1832224232008852
cefcanel,Cc1nnc(SCC2=C(C(=O)O)N3C(=O)[C@@H](NC(=O)[C@H](O)c4ccccc4)[C@H]3SC2)s1,0,train,0.5104788447681614,0.9790508801748704,0.0004101252315385,0.20361575093497,0.902485915795616,2200.513029666532,9753.33198772547,10807.18470728388,4.876464238430915,0.1876442235832899
cefaparole,Cc1nnc(SCC2=C(C(=O)O)N3C(=O)[C@@H](NC(=O)C(N)c4ccc(O)cc4)[C@H]3SC2)s1,0,train,0.6121857171384781,0.9883843777361432,0.0004546634704423,0.1519747408194432,0.9032229479216118,1986.5747011583312,11806.697930009976,13071.74264911906,5.2166835419397,0.12226537827253
Phenylbutazone,CCCCC1C(=O)N(c2ccccc2)N(c2ccccc2)C1=O,0,train,0.1868103782460569,0.8881937590449179,0.0004530731309282,0.4594690918806816,0.7088055289210053,1564.4395585076031,2413.401528694968,3404.885303827724,3.4597887541792764,0.2534895315582406
doxepin,CN(C)CC/C=C1/c2ccccc2COc2ccccc21.[Cl-].[H+],1,train,0.1949455886283089,0.8903883414863711,0.0004964948253121,0.4552017150068191,0.6890817706692025,1387.893157266916,2100.984778352229,3048.962935577088,3.217109621214206,0.2548756201159313
cidoxepin,CN(C)CCC=C1c2ccccc2COc2ccccc21,1,train,0.284420356940216,0.9336243403157344,0.0006277176180443,0.3582535291801182,0.7373885323376357,1174.713774379893,2417.897928288897,3279.0012622298136,3.506827141260465,0.1609853324764782
spiramycin,COC1C(O)CC(=O)OC(C)C/C=C/C=C/C(OC2CCC(N(C)C)C(C)O2)C(C)CC(CC=O)C1OC1OC(C)C(OC2CC(C)(O)C(O)C(C)O2)C(N(C)C)C1O,0,train,0.2781978636559957,0.9340005859168478,7.931179519784076e-05,0.3572714731223093,0.8306108988811547,10472.728511682555,24347.76660673657,29313.08346607705,6.167330311631285,0.2858955020934551
Ketorolac,O=C(c1ccccc1)c1ccc2n1CCC2C(=O)O,0,train,0.4827688249500664,0.9758043188640042,0.0014997164014253,0.2186456752061581,0.8895884749393275,593.1711316178355,2413.394190653003,2712.933292911201,3.3470449172126604,0.2454550574129297
theophylline,Cn1c(=O)c2[nH]cnc2n(C)c1=O,0,train,0.2613295267541428,0.9030195263819276,0.0013639339942101,0.4295995053220605,0.57690573588995,422.9718874512283,568.0055609186044,984.5725663350948,2.3414850713830755,0.0579380182339289
denbufylline,CCCCn1c(=O)c2c(ncn2CC(C)=O)n(CCCC)c1=O,1,train,0.1722996541834902,0.8403527065772624,0.0002850859506912,0.542039969511723,0.5796736015917319,2033.329247499844,2174.502535637363,3751.253342685217,3.524317833880628,0.2024921152731593
caffeine,Cn1c(=O)c2c(ncn2C)n(C)c1=O,1,train,0.2744051114737161,0.9152675402814412,0.0012791599868558,0.4028465336913802,0.605382884474271,473.2659641443904,711.2066023552295,1174.8046081164953,2.464657529565873,0.0665002644286896
Theobromine,Cn1cnc2c1c(=O)[nH]c(=O)n2C,1,train,0.3008527386465507,0.9303757202758944,0.0017230947373686,0.3666074455341991,0.6397965173394047,371.3066400031196,647.9974644072827,1012.8180551872674,2.374773994736691,0.0579179231796736
proxyphylline,CC(O)Cn1cnc2c1c(=O)n(C)c(=O)n2C,1,train,0.3462544197349456,0.9510334776679138,0.0012655667792162,0.3090878909871329,0.7506998344792972,593.1728351341437,1440.6735499429656,1919.1073232915392,2.8802630038542323,0.1151116696502541
Paraxanthine,Cn1c(=O)[nH]c2ncn(C)c2c1=O,1,train,0.3268915047833036,0.9412447914961398,0.0019390143723406,0.3377250989804995,0.6685808411737565,344.80447938438164,682.5956067914277,1020.9619611490316,2.384244222246713,0.0566183822463298
dimethazan,CN(C)CCn1cnc2c1c(=O)n(C)c(=O)n2C,1,train,0.4484681978125832,0.9707640811424548,0.00129166672198,0.240035619780992,0.7901213935645567,611.7068591450355,2013.545641441283,2548.4003570101618,3.20845565757527,0.0904814614849693
etamiphyllin,CCN(CC)CCn1cnc2c1c(=O)n(C)c(=O)n2C,1,train,0.5009802752311997,0.9780617527755744,0.0012065427510054,0.2083151644925811,0.8812985103780956,730.432891535465,3090.1707074920887,3506.3836726177383,3.6214129218341857,0.2022680205899146
stacofylline,CCN(CC)C(=O)N1CCN(CCCc2nc3c(c(=O)n(C)c(=O)n3C)n2C)CC1,1,train,0.6216412991609028,0.9886002826984532,0.0006477773181204,0.1505638769709999,0.9833422767332952,1518.0251750500229,9914.319170060058,10082.26677998209,5.0637265088827,0.2476638469282334
clofenciclan,CCN(CC)CCOC1(c2ccc(Cl)cc2)CCCCC1,1,train,0.2277439397126629,0.907969855059243,0.0004169588702215,0.4190354905061111,0.6909621481976239,1657.1470174755736,2732.52717017178,3954.669843058093,3.669303443652645,0.2691074838340597
tramadol,COc1cccc([C@@]2(O)CCCC[C@@H]2CN(C)C)c1.[Cl-].[H+],1,train,0.1697668071126781,0.8848464373513183,0.0007305651558549,0.4658827988954727,0.8117678670330478,1111.1505394520495,1936.1013231269485,2385.043066810783,3.009750113006199,0.4683746491045963
eticyclidine,CCNC1(c2ccccc2)CCCCC1,1,train,0.1343151071040122,0.8541089566933876,0.0010456144837679,0.5200941165751953,0.7487954734843061,716.1295918414844,1031.0337681382678,1376.923077994377,2.771704076481556,0.4735643492158927
triamcinolone-benetonide,CC(CNC(=O)c1ccccc1)C(=O)OCC(=O)[C@@]12OC(C)(C)O[C@@H]1C[C@H]1[C@@H]3CCC4=CC(=O)C=C[C@]4(C)[C@@]3(F)[C@@H](O)C[C@@]12C,1,train,0.20975249750709,0.8983511856009515,0.0001079421177899,0.4392779841163959,0.6862953008233792,6357.9936624840375,9933.25714240992,14473.736204360635,4.966143119800676,0.2475961951625448
deflazacort,CC(=O)OCC(=O)[C@@]12N=C(C)O[C@@H]1C[C@H]1[C@@H]3CCC4=CC(=O)C=C[C@]4(C)[C@H]3[C@@H](O)C[C@@]12C,1,train,0.370881755234949,0.9577353603902784,0.0004243868000502,0.2876507942942333,0.8684256640237467,2046.3069631782469,6177.857035488502,7113.85820504675,4.16766233854612,0.3289907246730534
fluazacort,CC(=O)OCC(=O)C12N=C(C)OC1CC1C3CCC4=CC(=O)C=CC4(C)[C@@]3(F)C(O)CC12C,1,train,0.3541710128806793,0.9542227063982336,0.0003851020544468,0.2990970186979977,0.8605422256527825,2234.5822768690728,6429.192822823838,7471.095120227061,4.19004190734362,0.3129890389028505
warfarin,CC(=O)CC(c1ccccc1)c1c(O)oc2ccccc2c1=O,0,train,0.1815081204249092,0.8917849266332047,0.0006163088802326,0.4524595502692032,0.8583491534283015,1392.7255974378577,2642.1032262606627,3078.1217826195007,3.39625189974048,0.4336010765648258
ciclopramine,CNC1CCN2c3ccccc3CCc3cccc1c32,1,train,0.2872104349591198,0.9348691440088504,0.0008615072443017,0.3549925120057592,0.7446136121863205,864.3149748436675,1812.9416078349025,2434.7414258406816,3.1093714879310403,0.2332541026499176
compound 34,CC(=O)Nc1cccc(-c2csc(N=C(N)N)n2)c1,0,train,0.5744992116572623,0.985420089974291,0.0012989727072585,0.1701389028854371,0.8649745120737697,665.8912132952283,3385.3452534726016,3913.8092582130103,3.803179739082149,0.0631958188763639
16,NC(N)=Nc1nc(-c2ccccc2)cs1,1,train,0.4706208466970228,0.9737684210102256,0.0016416940386833,0.2275413418331978,0.7873024009985401,479.5670706278134,1659.3217878704982,2107.60412487752,3.1188052817024263,0.0393600512510014
Y-G19,NCCc1nc(-c2ccccc2)cs1,0,train,0.5606387212939977,0.9841392709395056,0.0023126545529125,0.1773975631023675,0.8437438863191224,364.8378376513395,1735.2532336567251,2056.6113269594875,3.189535282402703,0.0646937176453523
17,NC(N)=Nc1nc(-c2cccc(N)c2)cs1,1,train,0.5229438852923163,0.980348701008573,0.0016406236490069,0.1972724624239364,0.8232364216069118,501.7826130357246,2093.9857378186857,2543.6019141759325,3.3188115016682604,0.0393730265480123
19,CNC(=NC#N)Nc1cccc(-c2csc(N=C(N)N)n2)c1,0,train,0.5415161319590612,0.9824163309046308,0.0008165836629741,0.1867033817901627,0.865430323769839,1059.8183174737708,4912.599337163468,5676.481632587181,4.304288513064696,0.0970616123045616
spiclamine,Clc1ccc([C@@H]2[C@H]3CC[C@@H](C3)C23CCC(N2CCOCC2)=N3)cc1,1,train,0.0,0.0,0.0,0.0,0.0,0.0,0.0,0.0,0.0,0.0
tampramine,CN(C)CCCN1c2ccccc2C(c2ccccc2)=Nc2cccnc21,1,train,0.4114671866299976,0.9654226779992056,0.000585139571677,0.2606895717224655,0.8368039073759362,1430.0928323434537,4590.54523013048,5485.807594428651,4.017374115134759,0.1770459535869765
mindoperone,COc1ccc2c(C3CCN(CCCC(=O)c4ccc(F)cc4)CC3)c(C)[nH]c2c1,1,train,0.6168494147242306,0.9887022239109472,0.0006204085360623,0.1498930032841672,0.9120611054890096,1470.0976090332474,8945.173030723045,9807.646633420478,4.97510026691505,0.1318917636646523
mevastatin,CC[C@H](C)C(=O)O[C@H]1CCC=C2C=C[C@H](C)[C@H](CC[C@@H]3C[C@@H](O)CC(=O)O3)[C@H]21,1,train,0.2802904626579376,0.9346603465781944,0.000369600245793,0.3555418913916182,0.8243531559803419,2230.391254777357,5171.345808928817,6273.216486663317,4.184333503528523,0.2837052014615154
simvastatin,CCC(C)(C)C(=O)O[C@H]1C[C@@H](C)C=C2C=C[C@H](C)[C@H](CC[C@@H]3C[C@@H](O)CC(=O)O3)[C@H]21,1,train,0.3809758393068371,0.9596521932875004,0.0004155101049891,0.2811897365098698,0.8804282205693068,2118.9092876390414,6634.479468628607,7535.514325447891,4.411078612065712,0.2853413685880271
metopimazine,CS(=O)(=O)c1ccc2c(c1)N(CCCN1CCC(C(N)=O)CC1)c1ccccc1S2,1,train,0.4327424354982261,0.9687708310989012,0.0004414000033793,0.2479578125648473,0.8830228156728755,2000.5047777808463,7124.160934356931,8067.923962902614,4.392160350746181,0.2684361811897556
periciazine,N#Cc1ccc2c(c1)N(CCCN1CCC(O)CC1)c1ccccc1S2,1,train,0.349763988564768,0.95160661074381,0.0003485434503803,0.3073188220540338,0.7444113061339629,2135.77763495928,5173.444985326029,6949.713072191069,4.416555359439961,0.1500232075623297
perimetazine,COc1ccc2c(c1)N(CC(C)CN1CCC(O)CC1)c1ccccc1S2,1,train,0.284273013094931,0.9323717347242894,0.0003018989037713,0.3615009658178237,0.7172160437854764,2375.6828356315486,4713.342441025125,6571.719193770452,4.214524682274827,0.1497542111544439
piperacetazine,CC(=O)c1ccc2c(c1)N(CCCN1CCC(CCO)CC1)c1ccccc1S2,1,train,0.4222714507072541,0.9662970723101116,0.0003202601578682,0.2574295399617283,0.7672032145132025,2395.562469024685,7139.364142421874,9305.701549949665,4.789963560612054,0.0841739518380015
pipotiazine-palmitate,CCCCCCCCCCCCCCCC(=O)OCCC1CCN(CCCN2c3ccccc3Sc3ccc(S(=O)(=O)N(C)C)cc32)CC1,1,train,0.7472225917339635,0.9956487428760796,0.0001819729766006,0.0931857328633654,0.9574509038353352,5261.500480571575,54060.08233084117,56462.51114734814,9.003916458837729,0.0842349613906413
flupimazine,OCCOC1CCN(CCCN2c3ccccc3Sc3ccc(C(F)(F)F)cc32)CC1,1,train,0.4346529842247188,0.9685306737699988,0.0002680185158177,0.2488942224452628,0.780107556792375,2910.6479991208507,9122.825258734718,11694.317250618238,5.120167939495456,0.0886957164022808
pipotiazine,CN(C)S(=O)(=O)c1ccc2c(c1)N(CCCN1CCC(CCO)CC1)c1ccccc1S2,1,train,0.2523020971675228,0.9177569045680208,0.0001668095126311,0.3971426244030285,0.6826354288273584,4092.3051573019393,7034.129086864937,10304.371542725628,4.746208431824069,0.1725938724805358
tetrantoin,O=C1NC(=O)C2(CCc3ccccc3C2)N1,1,train,0.443048862960997,0.97003579789034,0.0022336573995484,0.2429620357406713,0.913271445012191,408.8681841704214,1536.8970557004754,1682.8480339489424,2.8965920093670103,0.2624803665926077
chromocarb,O=C(O)c1cc(=O)c2ccccc2o1,1,train,0.4199087516774229,0.9650634531190552,0.0020397814808408,0.2620162808947668,0.737983719105488,361.7954795830789,1019.0174926019528,1380.8129721846797,2.694726519986141,3.7592229031737917e-13
etoperidone,CCc1nn(CCCN2CCN(c3cccc(Cl)c3)CC2)c(=O)n1CC,1,train,0.6650394639820147,0.9917950515085122,0.0007878071412878,0.1278380843224251,0.9179929155594574,1165.2508176796046,8367.553387156775,9115.052246407906,4.967061335519447,0.1133785569616914
2,Cc1csc(N=C(N)N)n1,1,train,0.4130073421948444,0.964062610003692,0.0032216861191437,0.2656751474881855,0.7428072897371206,230.56476089437797,644.6413477815279,867.844670735079,2.3620008270008848,0.0447905097845869
Y-G16,NCCc1nccs1,1,train,0.5218634169401564,0.980412825610938,0.007451279665162,0.1969535259333438,0.8703169006784075,116.80099792086912,516.131315877225,593.0383696730505,2.186658849618397,0.2111951943961428
Famotidine,NC(N)=Nc1nc(CSCCC(N)=NS(N)(=O)=O)cs1,1,train,0.5229637867616008,0.9805081816248318,0.0009182668224243,0.1964782577456491,0.8841126106842071,962.8057870478672,4332.432238231218,4900.317206060873,3.8867075665776896,0.1451965986307232
clomethiazole,Cc1ncsc1CCCl,1,train,0.2883271674276506,0.9369560768673992,0.0029666055015284,0.3494471491102084,0.8014082117177345,270.14316912202383,619.5356139693805,773.0587295099846,2.267773061768962,0.2848970688508206
Tiotidine,CN=C(NC#N)NCCSCc1csc(N=C(N)N)n1,1,train,0.4082038803049213,0.9645272001853148,0.0006573630885341,0.2639834845263581,0.7974528217397086,1213.1086086959535,3664.611385886633,4595.395847859669,3.8936458906933273,0.1726184027041401
5-68,NCCc1nccs1,1,train,0.5218634169401564,0.980412825610938,0.007451279665162,0.1969535259333438,0.8703169006784075,116.80099792086912,516.131315877225,593.0383696730505,2.186658849618397,0.2111951943961428
Trimethoprim,COc1cc(Cc2cnc(N)nc2N)cc(OC)c1OC,1,train,0.33283944271846,0.9491088370217072,0.0008134549094065,0.3149482743043723,0.8716621779749457,1071.5556177672604,2965.6758896911088,3402.3225564071126,3.579461806640867,0.3559760952930596
nefazodone,CCc1nn(CCCN2CCN(c3cccc(Cl)c3)CC2)c(=O)n1CCOc1ccccc1.[Cl-].[H+],1,train,0.4066262597573835,0.9644578513972564,0.0003055941180978,0.264236736428128,0.8789053451251087,2876.054521584776,9566.344657680283,10884.38557205333,4.798794477006318,0.3177289635680974
chlorzoxazone,O=c1[nH]c2cc(Cl)ccc2o1,1,train,0.6377867514223337,0.9900850200543664,0.0054680047476909,0.140469402589833,0.8595305974101788,157.1927306341764,961.8604420569388,1119.053172691102,2.5689443303957,3.1899793039120125e-14
Teniposide,COc1cc([C@@H]2c3cc4c(cc3[C@@H](OC3OC5COC(c6cccs6)OC5C(O)C3O)[C@H]3COC(=O)[C@H]23)OCO4)cc(OC)c1O,1,train,0.3017307437381274,0.9391451421437956,0.0001851744600258,0.3435205990733451,0.929954199917722,5022.043535528406,13595.31419842784,14619.337382024503,5.030636948716246,0.4693179078414246
stiripentol,CC(C)(C)C(O)/C=C/c1ccc2c(c1)OCO2,1,train,0.7076996490620185,0.9939289924076304,0.0027493996867602,0.1100234431907711,0.9608125923784394,349.4626834378523,3051.787301650394,3176.256562266592,3.746572459888855,0.1731832901783567
cephalothin,CC(=O)OCC1=C(C(=O)O)N2C(=O)[C@@H](NC(=O)Cc3cccs3)[C@H]2SC1,0,train,0.6393846186452918,0.9902232969895768,0.0008192384452868,0.1394912975747679,0.91887359075308,1121.6192258059098,7388.462960720158,8040.7827965376655,4.568812442817901,0.1190377370847264
cefoxitin,CO[C@@]1(NC(=O)Cc2cccs2)C(=O)N2C(C(=O)O)=C(COC(N)=O)CS[C@@H]21,1,train,0.3031968888652878,0.9405082651223462,0.0004491932734271,0.3397708098653478,0.9030183793504408,2010.3114466983836,5342.86092824349,5916.669084948986,3.939763284169011,0.2851865613423511
tenoxicam,CN1/C(=C(\O)Nc2ccccn2)C(=O)c2sccc2S1(=O)=O,0,train,0.4836872317278884,0.9758020257352552,0.0008352157154735,0.2186559090694159,0.8159009318602208,976.8744969048676,3645.146457405524,4467.633648971008,3.6702676716131446,0.0414515737346939
Albendazole,CCCSc1ccc2nc(NC(=O)OC)[nH]c2c1,1,train,0.6869976620377106,0.9928127849345948,0.0020447397098054,0.1196777927203455,0.9749683394182914,476.81782416748695,3884.4489998233935,3984.179632069925,3.9656105753229194,0.1733533768196211
Bretyliumtosilate,CCCSc1ccc2[nH]c(NC(=O)OC)nc2c1,1,train,0.7133782600465324,0.9941598250082953,0.0023307334758139,0.1079177572945061,0.9710632985903476,416.6342092165804,3748.9491965937073,3860.6640803291625,3.889032298346928,0.1214060624852561
meloxicam,Cc1cnc(N/C(O)=C2/C(=O)c3ccccc3S(=O)(=O)N2C)s1,0,train,0.5816525591349835,0.9860316613225408,0.0010541522282376,0.1665579865077327,0.8875761564015583,841.9810086494177,4486.859400077233,5055.182440082676,3.8438052857435054,0.093200385878194
diltiazem,COc1ccc([C@@H]2Sc3ccccc3N(CCN(C)C)C(=O)[C@@H]2OC(C)=O)cc1,1,train,0.3466670322079818,0.9502816793073976,0.0005123401777769,0.311391602283543,0.9547437526736304,1863.4957672385856,5713.580356238212,5984.41240410121,4.044476077263729,0.2759042166810315
thiazesim(tiazesim),CN(C)CCN1C(=O)CC(c2ccccc2)Sc2ccccc21,1,train,0.4289799855117744,0.9683062766195256,0.0007673435061487,0.2497657996188238,0.8557537883878038,1115.2160427899437,3820.980914700156,4465.047034029131,3.794541878839487,0.1448826536536449
cefoxazole,CC(=O)OCC1=C(C(=O)O)N2C(=O)[C@@H](NC(=O)c3c(-c4ccccc4Cl)noc3C)[C@H]2SC1,0,train,0.5577188869643863,0.9836252954723338,0.0004844118610451,0.1802256311043579,0.9430830696037182,1946.8620515793127,10187.522321035804,10802.359462689306,4.828458466628828,0.2006868692840794
Azithromycin,CC[C@H]1OC(=O)[C@H](C)[C@@H](O[C@H]2C[C@@](C)(OC)[C@@H](O)[C@H](C)O2)C(C)[C@@H](O[C@@H]2O[C@H](C)C[C@H](N(C)C)[C@H]2O)[C@](C)(O)C[C@@H](C)CN(C)[C@H](C)[C@@H](O)[C@]1(C)O,0,train,0.1255521094910043,0.8419328086885116,7.623982814935207e-05,0.539582380785246,0.7251134156938345,9510.952913919926,12781.217103270325,17626.50755956631,5.162182162038447,0.4329908323438838
etifoxine,CCNC1=Nc2ccc(Cl)cc2C(C)(c2ccccc2)O1.[Cl-].[H+],1,train,0.2055661290154764,0.8950539705916272,0.0004324768110602,0.4459578340248805,0.6793283978024298,1570.7857171279975,2392.780803684614,3522.274074549303,3.331419400078153,0.3150238077756069
mecloqualone,Cc1nc2ccccc2c(=O)n1-c1ccccc1Cl,1,train,0.3833703757422387,0.9598204351665884,0.0013306971666009,0.2806149180578625,0.9015847091481722,677.5280896187294,2176.8228497839964,2414.4407371778566,3.119472398177344,0.1807682817005141
etaqualone,CCc1ccccc1-n1c(C)nc2ccccc2c1=O,1,train,0.3624348499861823,0.9541003957789388,0.0013618586918905,0.2994869525947202,0.9515675559481735,698.7270864550367,2220.0834466153265,2333.08022403429,3.1518915008710167,0.4253566340712847
methaqualone,Cc1ccccc1-n1c(C)nc2ccccc2c1=O,1,train,0.4445191158332414,0.9705472863478088,0.0016018457160221,0.240910699145771,0.8867932133638616,553.6071323810313,2037.829990972177,2297.9765296602823,3.1252308325063303,0.2772540169371837
tiagabine,Cc1ccsc1C(=CCCN1CCC[C@@H](C(=O)O)C1)c1sccc1C,1,train,0.4826390025627349,0.9755723671248584,0.0006095225808414,0.2196783023022537,0.915303330720758,1501.6725540458797,6256.812238465847,6835.780039758954,4.4079537247447815,0.2141548398539335
metralindole,COc1ccc2c(c1)c1c3n2CCN(C)C3=NCC1,1,train,0.5227702373091775,0.9802330577137092,0.0014743988060782,0.1978462851944202,0.8126023425897331,551.1414816939509,2263.670802222936,2785.705484196246,3.3117368727170136,0.0599184133799188
oxilorphan,Oc1ccc2c(c1)[C@@]13CCCC[C@@]1(O)[C@@H](C2)N(CC1CC1)CC3,1,train,0.271826177066794,0.93189154971554,0.0007293996309889,0.3627370115783189,0.839214925369218,1150.5557306512517,2661.8831572502504,3171.8729931776866,3.337866111166911,0.3965402661666083
zolpidem,Cc1ccc(-c2nc3ccc(C)cn3c2CC(=O)N(C)C)cc1,1,train,0.2678699150043452,0.926851870475629,0.0004809140280221,0.3754272368859615,0.718021932897767,1493.0359504187838,2855.5002239520163,3976.898327364307,3.6799222593125256,0.189150202185077
saripidem,CCCC(=O)N(C)Cc1c(-c2ccc(Cl)cc2)nc2ccccn12,1,train,0.2636621650288471,0.9239338546113254,0.0003389586722899,0.3825522608782468,0.7005070056940417,2066.6442931275296,3784.316428531572,5402.253507489455,4.057052102489925,0.2172595231162021
alpidem,CCCN(CCC)C(=O)Cc1c(-c2ccc(Cl)cc2)nc2ccc(Cl)cn12,1,train,0.2823877033039496,0.9340526652436204,0.0003217851634766,0.3571352944631622,0.7611376856407889,2365.3597866891505,5041.1272749019045,6623.147651213545,4.165184978962946,0.3589456366059523
SB204454,O=C1NC(=O)[C@@]2(CCN(C(=O)Cc3ccc(Cl)c(Cl)c3)[C@@H](CN3CCCC3)C2)N1,0,train,0.4965610483231639,0.9775720174535822,0.0004216613791996,0.2106014023973569,0.859353886686199,2038.0189627925176,8316.086677863006,9677.13861158075,4.774601276812823,0.1933171349706835
docetaxel,CC(=O)O[C@@]12CO[C@@H]1C[C@H](O)[C@@]1(C)C(=O)[C@H](O)C3=C(C)[C@@H](OC(=O)[C@H](O)[C@@H](NC(=O)OC(C)(C)C)c4ccccc4)C[C@@](O)([C@@H](OC(=O)c4ccccc4)[C@@H]12)C3(C)C,0,train,0.3046066400248234,0.9411599419190342,0.0001188455734269,0.3379614826085366,0.8940559054347795,7522.83723873345,19901.194085791427,22259.4515229039,5.545170475246223,0.373319141825736
pipradrol,OC(c1ccccc1)(c1ccccc1)C1CCCCN1,1,train,0.1188652161122799,0.8094450722457514,0.0004691514468768,0.5871956020076022,0.6492741513964869,1383.9329617732492,1530.2428973800793,2356.851715240421,3.1396026277480007,0.373114740275801
bemegride,CCC1(C)CC(=O)NC(=O)C1,1,train,0.1083720767829706,0.8295361232689137,0.0020524839618454,0.5584530599719028,0.7660781933253236,373.2444236185415,512.0115444059526,668.354156099208,2.237249205425495,0.634364043177741
22,C[NH+]O.Cc1oc(C(C)(C)N(C(C)(C)N)C(C)(C)N)c(C)c1C.[OH-],1,train,0.2286664741105196,0.9106784138665996,0.0010441791680288,0.4131159964433891,0.9573682566840254,916.8620539435568,2124.7655229055326,2219.381630914885,2.759246366391115,0.5711147938390081
Ranitidine,CN/C(=C\[N+](=O)[O-])NCCSCc1ccc(CN(C)C)o1,0,train,0.602618289895804,0.9875160124558524,0.000930101875244,0.1575186501443323,0.9399068169872749,1010.5417933284418,6029.858175712175,6415.378702156824,4.625839430494461,0.1828998159599393
linopirdine,O=C1N(c2ccccc2)c2ccccc2C1(Cc1ccncc1)Cc1ccncc1,1,train,0.2597013173592251,0.9268912172215098,0.000359843972629,0.3753300833101815,0.7757441001061411,2155.7790573465963,4455.6324132615455,5743.688431084302,3.972433824497286,0.2682397486623047
betamethasone-acibutate,C[C@H]1C[C@H]2[C@@H]3CCC4=CC(=O)C=C[C@]4(C)[C@@]3(F)[C@@H](O)C[C@]2(C)[C@@]1(OC(=O)c1ccccc1)C(=O)CO,1,train,0.207772911296503,0.9057219576919356,0.0002432262266174,0.4238723102004747,0.7966711356938353,3275.432698081354,6156.199932557597,7727.404265997476,4.156607630937733,0.4462513716002219
cocaine,COC(=O)[C@@H]1C2CCC(C[C@@H]1OC(=O)c1ccccc1)N2C,1,train,0.3941761257257587,0.9617168927694408,0.0009986155552674,0.2740449199709633,0.9124245930012488,913.6895456799092,3042.102776197492,3334.086783205906,3.466310310721417,0.3005701100524056
cafedrine,CC(NCCn1cnc2c1c(=O)n(C)c(=O)n2C)C(O)c1ccccc1,1,train,0.6260576238315565,0.9891386693901985,0.0009249053128554,0.146985348647366,0.9574363293881828,1035.1722669127005,6742.927404928806,7042.690148636459,4.553390492586583,0.2051512255267132
fenetylline,CC(Cc1ccccc1)NCCn1cnc2c1c(=O)n(C)c(=O)n2C.[Cl-].[H+],1,train,0.27401151061671,0.9324027962622086,0.0005529233102061,0.3614208426784684,0.861079268836126,1557.321337230375,3710.292711586104,4308.886354448069,3.5597029875122703,0.3835867163583413
theodrenaline,Cn1c(=O)c2c(ncn2CCNCC(O)c2ccc(O)c(O)c2)n(C)c1=O,0,train,0.6634714352069458,0.99157392133424,0.0008226839996968,0.1295421110289557,0.957169662691823,1163.4718349263408,8596.740742776356,8981.417900981074,4.996319819713083,0.1588127712080261
endixaprine,OC1CCN(c2ccc(-c3ccc(Cl)cc3Cl)nn2)CC1,1,train,0.7377320430457038,0.9952808996918924,0.0016245795940977,0.0970357187251024,0.95285882318581,586.5264014441742,5759.4962348944455,6044.438163082768,4.371342731409802,0.1674875316970838
lodaxaprine,OC1CCN(c2ccc(-c3ccccc3Cl)nn2)CC1,1,train,0.7075857327271483,0.993943318795512,0.0018765217814589,0.1098939444271779,0.95485159362243,508.8411992106238,4421.242976577081,4630.293342030428,4.0616155234703415,0.156744723495879
Propanolol,CC(C)NCC(O)COc1cccc2ccccc12.[Cl],1,train,0.5972163539578922,0.9872686449435668,0.00148388307573,0.1590616946700038,0.8968550579774893,604.3973899602902,3407.840318430239,3799.767072859364,3.6399971164397567,0.1258703584712287
naprodoxime,CC(Oc1cccc2ccccc12)/C(N)=N/O,1,train,0.3511008271929388,0.9528014723886212,0.001210743389729,0.3035940615593057,0.7723325537852365,637.899459404083,1622.7936607499691,2101.1592128243005,3.077546546341241,0.1524472814633586
propranolol,CC(C)NCC(O)COc1cccc2ccccc12,0,train,0.5966221239953458,0.9872226585146596,0.0014866805109578,0.1593468622698532,0.896716312503092,603.1667906410808,3394.290245966904,3785.244227900895,3.873538648831471,0.1258560566041413
napactadine,CN=C(Cc1ccc2ccccc2c1)[NH2+]C.[Cl-],1,train,0.476406036094783,0.9745896233990676,0.0020919758683996,0.2239979150859743,0.9286611571847416,443.91580764035245,1840.40716386874,1981.7854441634856,2.9282846498367894,0.2750836655390425
dopamantine,O=C(NCCc1ccc(O)c(O)c1)C12CC3CC(CC(C3)C1)C2,1,train,0.7533206596416401,0.9958222606110616,0.0016657764899437,0.0913127881048154,0.9806861121628556,588.7261094649982,6322.833103696959,6447.356626425815,4.601832580212146,0.1708214016446106
Thiotepa,S=P(N1CC1)(N1CC1)N1CC1,1,train,0.0198004849856994,0.6229401315224586,0.0017341974873197,0.7822695140031867,0.904228791749512,521.4105073736595,602.7007120285956,666.535635148803,2.175213374382317,0.4371756973667668
GR94839_D,COc1cccc(CC(=O)N2CCN(C(C)=O)C[C@@H]2CN2CC[C@@H](O)C2)c1,0,train,0.2064463395250612,0.8916844438473849,0.0002287237321845,0.4526575445086274,0.6564087836733078,2869.8761488537875,4161.671300998822,6340.060347318677,4.219779656541831,0.1872108936477428
GR94839_E,CC(=O)N1CCN(C(=O)Cc2ccc([N+](=O)[O-])cc2)[C@@H](CN2CC[C@H](O)C2)C1,0,train,0.3276159879699736,0.9463920229329784,0.0003112969693082,0.3230203382587928,0.7474608388350228,2401.1182649675443,5556.126534165318,7433.334625028628,4.439513033659092,0.181241673432796
GR94839_F,COc1ccc(CC(=O)N2CCN(C(C)=O)C[C@@H]2CN2CC[C@@H](O)C2)cc1,0,train,0.2976809541511593,0.93705283338382,0.0002855996212666,0.3491876106727654,0.7251615890791439,2539.0845613273345,5272.943652700039,7271.405066277652,4.48175449225302,0.1642280512614135
GR85571,CC(=O)N1CCN(C(=O)Cc2ccc(Cl)c(Cl)c2)[C@@H](CN2CCCC2)C1,1,train,0.4933879238654616,0.9770570436577808,0.0005815368560866,0.2129777768658442,0.9000370145458385,1547.6869696659542,6540.473753311283,7266.894191692357,4.390227243555107,0.2155567254917716
GR89696,COC(=O)N1CCN(C(=O)Cc2ccc(Cl)c(Cl)c2)[C@@H](CN2CCCC2)C1,1,train,0.5335524175650304,0.9816267337952972,0.000534028344334,0.1908113086228829,0.8703620462684732,1629.8049635433335,7434.152584172232,8541.448488068701,4.609281822722869,0.1878475151460435
Sankyo,CN1CCN(C(=O)Cc2ccc(Cl)c(Cl)c2)[C@@H](CN2CCCC2)C1,1,train,0.4153809802207174,0.9660729078139264,0.0004926935571561,0.2582695041772159,0.8616577006269732,1748.8714599811449,5834.7134931791525,6771.498112224384,4.402475296718807,0.2104131786169726
SB205563,O=C(Cc1ccc(Cl)c(Cl)c1)N1CCN(CCO)C[C@@H]1CN1CC[C@@H](O)C1,0,train,0.3982192806941564,0.9630207005635636,0.0003248009217412,0.2694274119054392,0.8201339961680225,2525.0359259182924,7686.180814883096,9371.85978242074,4.849497052542889,0.1940908107428518
GR94839_G,CC(=O)N1CCN(C(=O)Cc2cccc([N+](=O)[O-])c2)[C@@H](CN2CC[C@H](O)C2)C1,0,train,0.2059419120156634,0.8985294044494678,0.000256841510917,0.4389133278218883,0.7037112987718047,2739.8659050833758,4392.836745457006,6242.38484322175,4.138625849102998,0.2322140067099904
GR94839_H,CC(=O)N1CCN(C(=O)Cc2ccccc2)[C@@H](CN2CC[C@@H](O)C2)C1,0,train,0.2745932878220228,0.9300218026595772,0.0003443879881469,0.3675043490597495,0.7308059648070621,2122.042550726787,4219.817690901384,5774.197111288556,4.187718341145895,0.2265455376757099
GR94839_I,CC(=O)N1CCN(C(=O)Cc2ccc([S@@](C)=O)cc2)[C@@H](CN2CC[C@H](O)C2)C1,0,train,0.4738110215749817,0.9746775153437802,0.0003880844262386,0.2236151629100201,0.8327904170433906,2145.9001205351165,7991.788361118437,9596.398082354546,4.920514629499833,0.1600539229983719
GR94839_L,CC(=O)N1CCN(C(=O)Cc2ccc(S(C)(=O)=O)cc2)[C@@H](CN2CC[C@H](O)C2)C1,0,train,0.4321917570581548,0.968811207055638,0.0004451069184354,0.2478000102570574,0.8552593941135694,1921.469558639345,6631.778944741793,7754.114120681804,4.387652393881574,0.2158080857490965
GR89696_et,CCOC(=O)N1CCN(C(=O)Cc2ccc(Cl)c(Cl)c2)[C@@H](CN2CCCC2)C1,1,train,0.3453581228585601,0.9511629379230172,0.0002638284169062,0.3086892701757781,0.760744075792989,2883.480425322453,7106.14479725842,9341.045199531884,4.750113703062937,0.1725116007799412
GR89696_pr,CCCOC(=O)N1CCN(C(=O)Cc2ccc(Cl)c(Cl)c2)[C@@H](CN2CCCC2)C1,1,train,0.4688042079227182,0.9740692657321516,0.000343859214104,0.2262500067536513,0.8441690839598599,2454.984625493961,9159.876510833876,10850.760451764456,5.038984746311002,0.1585433629669636
GR94839,CC(=O)N1CCN(C(=O)Cc2ccc(Cl)c(Cl)c2)[C@@H](CN2CC[C@@H](O)C2)C1,0,train,0.3861531366935814,0.960828542724211,0.0003398268055329,0.277143485376202,0.8263613422633465,2431.7132398289477,7250.662284689412,8774.203140759648,4.719389684568948,0.2363427019500907
GR94839_A,CC(=O)N1CCN(C(=O)Cc2ccc(C(F)(F)F)cc2)[C@@H](CN2CC[C@@H](O)C2)C1,0,train,0.3101865023210543,0.9428546707743608,0.0002775533773236,0.3332042463699579,0.7802661711822871,2811.22924428524,6583.070602043468,8436.955035572752,4.643759399106368,0.2127130034287363
GR94839_B,CSc1ccc(CC(=O)N2CCN(C(C)=O)C[C@@H]2CN2CC[C@@H](O)C2)cc1,0,train,0.3134740158711897,0.9428455318000588,0.0002746248943359,0.3332301054296633,0.7517852113416239,2737.4984090912053,6175.945049659945,8215.039291127385,4.676899579795575,0.1972361082854297
GR94839_C,CC(=O)N1CCN(C(=O)Cc2cc(F)cc(F)c2)[C@@H](CN2CC[C@@H](O)C2)C1,0,train,0.4554911993847044,0.9722598336314974,0.0005012668897406,0.2339034328667562,0.8479918167586596,1691.697245747621,6133.066980869575,7232.460101221778,4.442771975160145,0.2220066980517719
estradiol,C[C@]12CC[C@@H]3c4ccc(O)cc4CC[C@H]3[C@@H]1CC[C@@H]2O,0,train,0.5842693857341531,0.9862454044875768,0.0016506024767609,0.1652876345258043,0.8894480905097885,538.8626898556319,2899.735312409196,3260.151259358158,3.5066133171692786,0.1960289742298673
mestranol,C#C[C@]1(O)CC[C@H]2[C@@H]3CCc4cc(OC)ccc4[C@H]3CC[C@@]21C,0,train,0.6069128053668499,0.9878319740615448,0.0013667551589873,0.1555248887531232,0.9422425298496214,689.4011144964044,4176.714450092771,4432.738194018221,3.870017885058907,0.227892599562907
ethinylestradiol,C#C[C@]1(O)CC[C@H]2[C@@H]3CCc4cc(O)ccc4[C@H]3CC[C@@]21C,0,train,0.5087621776484617,0.9785790696396378,0.0012834600469363,0.2058713298718908,0.9325228924381654,726.569474962734,3291.097739404257,3529.240693276048,3.5679856721157965,0.3336379507122471
isocarboxazid,Cc1cc(C(=O)NNCc2ccccc2)no1,1,train,0.8165437822578869,0.997856476835162,0.0040116754325504,0.0654404434437732,0.95200360553983,237.30823231993,3452.2732564758217,3626.323720190349,3.977163740364359,0.0464811322832782
spiramide,O=C1NCN(c2ccccc2)C12CCN(CCCOc1ccc(F)cc1)CC2,1,train,0.5758625437955429,0.98514021271343,0.0006327987024411,0.1717520343254715,0.9582540986609877,1514.3110991921694,8448.778048817081,8816.845198599147,4.948436926833526,0.2446425604593655
soretolide,Cc1cc(NC(=O)c2c(C)cccc2C)no1,1,train,0.541737866851469,0.982207380780909,0.0021050063631894,0.1877995237999994,0.9270644239678322,440.4093214061181,2174.062029540823,2345.1035044963173,3.2816433157398524,0.1344939434415203
bromazepam,O=C1CN=C(c2ccccn2)c2cc(Br)ccc2N1,1,train,0.2286136370988559,0.9020130067082182,0.0004354838588202,0.4317088552823535,0.6469878137856515,1485.6757619864625,2226.5332329430303,3441.3835709132627,3.363527749165365,0.1974104860776381
vincristine,CC[C@]1(O)C[C@H]2CN(CCc3c([nH]c4ccccc34)[C@@](C(=O)OC)(c3cc4c(cc3OC)N(C=O)[C@H]3[C@@](O)(C(=O)OC)[C@H](OC(C)=O)[C@]5(CC)C=CCN6CC[C@]43[C@@H]65)C2)C1,1,train,0.3286034611759426,0.94744466487992,0.0001267740846269,0.3199196883447098,0.9028968218061902,7122.09300869936,20100.40449662458,22262.127865745435,5.476467834580203,0.3573458909323597
vinblastine,CC[C@]1(O)C[C@H]2CN(CCc3c([nH]c4ccccc34)[C@@](C(=O)OC)(c3cc4c(cc3OC)N(C)[C@H]3[C@@](O)(C(=O)OC)[C@H](OC(C)=O)[C@]5(CC)C=CCN6CC[C@]43[C@@H]65)C2)C1,1,train,0.3330578317313303,0.9471392395675208,0.0001386505998795,0.3208227873319764,0.9476958440619688,6835.136991004163,20190.68213276897,21305.023398887806,5.458705988121164,0.3911506022296661
vindesine,CC[C@]1(O)C[C@H]2CN(CCc3c([nH]c4ccccc34)[C@@](C(=O)OC)(c3cc4c(cc3OC)N(C)[C@H]3[C@@](O)(C(N)=O)[C@H](O)[C@]5(CC)C=CCN6CC[C@]43[C@@H]65)C2)C1,0,train,0.2365144146132354,0.9184799669348908,0.0001324352503803,0.3954675085759664,0.8658464502384259,6537.885100467731,14314.209090629452,16532.041087294157,4.979204819115868,0.41788869609072
cyprazepam,ON1CC(=NCC2CC2)N=c2ccc(Cl)cc2=C1c1ccccc1,1,train,0.0943018648998649,0.807192395110527,0.0003631549089249,0.5902884356615254,0.7442498185552007,2049.4004081027038,2583.933192199596,3471.862710313777,3.453333084709437,0.5666526963470532
etoxadrol,CCC1(c2ccccc2)OCC(C2CCCCN2)O1,1,train,0.431088379533625,0.968190085650093,0.0013166708147239,0.2502158229386492,0.9111995962133026,692.0481459933626,2520.200296621261,2765.8048874193173,3.38174751696542,0.2937307703962319
cefrotil,CC1=C(C(=O)O)N2C(=O)[C@@H](NC(=O)Cc3ccc(C4=NCCCN4)cc3)[C@H]2SC1,0,train,0.7247570271108016,0.9947505105205472,0.0008159887063563,0.1023299654016896,0.9450218375532182,1158.1310258239262,10695.392164507166,11317.613773030787,5.286925825642239,0.1011466972556502
emetine,CC[C@H]1CN2CCc3cc(OC)c(OC)cc3[C@@H]2C[C@@H]1C[C@H]1NCCc2cc(OC)c(OC)cc21.[Cl],0,train,0.3466104898048119,0.9522076457610557,0.0002683835950649,0.3054514680832094,0.8851930215307059,3298.2381852236786,9558.236675787606,10797.912368603153,4.787106419801416,0.3474338041670655
losindole,CN1C[C@@H]2[C@@H](Cc3ccc(Cl)cc3[C@H]2c2ccccc2)C1,1,train,0.1444312009245986,0.8487254552133756,0.0004052800991391,0.5288337183584725,0.6724219748543143,1659.153697115938,2109.644992124512,3137.3825826878774,3.405026508046189,0.394165644162238
Indinavir,CC(C)(C)NC(=O)[C@@H]1CN(Cc2cccnc2)CCN1C[C@@H](O)C[C@@H](Cc1ccccc1)C(=O)N[C@H]1c2ccccc2C[C@H]1O,1,train,0.2727749998797537,0.9265428077862644,0.0001003169568452,0.3761893477220549,0.6926490299512577,6904.605679171629,12712.9288876294,18354.070153716984,5.561602868586675,0.1518487164478504
loprazolam,CN1CCN(/C=C2\N=C3CN=C(c4ccccc4Cl)c4cc([N+](=O)[O-])ccc4N3C2=O)CC1,1,train,0.4469975797890033,0.9709916474934912,0.0003758817406833,0.2391134050986591,0.8749633857136326,2327.762407727029,8517.744442480776,9734.972436056376,4.704645444813793,0.1730988410552832
Fluconazole,OC(Cn1cncn1)(Cn1cncn1)c1ccc(F)cc1F,1,train,0.2689808710025561,0.9308575917029352,0.0007080448775778,0.3653821889050035,0.8110457753448046,1145.472273055996,2542.6265320180028,3134.997566490056,3.3374846091596417,0.3686104276147422
rolipram,COc1ccc(C2CNC(=O)C2)cc1OC1CCCC1,1,train,0.4625977806131192,0.9732506823896848,0.0009925310117181,0.2297457490967191,0.8579034296496548,864.3593192766424,3227.641109237228,3762.24292582128,3.776558492999493,0.1828742595828786
cefuroxime-pivoxetil,COCCCC(=O)OC(C)OC(=O)C1=C(COC(N)=O)CS[C@@H]2[C@H](NC(=O)/C(=N\OC)c3ccco3)C(=O)N12,0,train,0.2344924957681218,0.9117880328497446,0.0001252063646389,0.4106611536924244,0.6975389189907557,5571.113904650813,9462.956833591985,13566.20623732881,5.015122995605484,0.2142766013327199
cefuracetime,CO/N=C(\C(=O)N[C@@H]1C(=O)N2C(C(=O)O)=C(COC(C)=O)CS[C@H]12)c1ccco1,0,train,0.3600055996601992,0.9555687857673152,0.0003847769986187,0.2947682066763292,0.8325928609986232,2163.832204075124,6111.8913258175935,7340.792375383699,4.294376431602694,0.2364758897762257
cefuroxime,CO/N=C(\C(=O)N[C@@H]1C(=O)N2C(C(=O)O)=C(COC(N)=O)CS[C@H]12)c1ccco1,1,train,0.4787616362174991,0.975278214263109,0.0005264275198758,0.2209805529537861,0.8916307237506448,1693.73881510028,6834.038314078477,7664.650995123961,4.367751368875059,0.1794916221884016
cefuroxime-axetil,CO/N=C(\C(=O)N[C@@H]1C(=O)N2C(C(=O)OC(C)OC(C)=O)=C(COC(N)=O)CS[C@H]12)c1ccco1,0,train,0.305016767053137,0.9408454356874656,0.0001973752615345,0.3388360461138439,0.7610883985282392,3856.047574609662,8661.395701159614,11380.275560511313,4.838084336144388,0.1823772758782678
trefentanil,CCC(=O)N(c1ccccc1F)C1(c2ccccc2)CCN(CCn2nnn(CC)c2=O)CC1.[Cl-].[H+],1,train,0.3441893485603662,0.9520052284355078,0.000305263566039,0.3060817620039729,0.8528460575112589,2793.8023150860517,7784.466719895711,9127.634056973928,4.425778591884041,0.3118975545508824
quinacillin,CC1(C)S[C@@H]2[C@H](NC(=O)c3nc4ccccc4nc3C(=O)O)C(=O)N2[C@H]1C(=O)O,0,train,0.4599226856190293,0.9726711817760691,0.0005439938926416,0.2321869336167407,0.8996366305301926,1653.7623725177823,6407.7042809193,7122.547107872851,4.269874534223328,0.2371991738320646
MPTP,CN1CC=C(c2ccccc2)CC1,1,train,0.6492819200098316,0.9908508003393636,0.0047165050171477,0.1349618148471745,0.9191933880247088,194.88866961506568,1327.341194351542,1444.0282226180047,2.925779334398342,0.1419132006584753
bamifylline,CCN(CCO)CCn1c(Cc2ccccc2)nc2c1c(=O)n(C)c(=O)n2C,1,train,0.290574836671448,0.9354702457827768,0.0003612754893989,0.3534054601376601,0.7357034260312476,2036.405589693152,4239.296610026492,5762.235786905845,3.9515445973976577,0.1999215808651663
talampicillin,CC1(C)S[C@@H]2[C@H](NC(=O)[C@H](N)c3ccccc3)C(=O)N2[C@H]1C(=O)OC1OC(=O)c2ccccc21,0,train,0.7504551899669184,0.9957482808703132,0.0007970420503587,0.0921160200172381,0.9683171644142962,1214.888429008735,12770.82225694654,13188.67694003049,5.311940606253716,0.1118584538400969
carbamazepine,NC(=O)N1c2ccccc2C=Cc2ccccc21,1,train,0.1825323340621231,0.8896133241628357,0.0009518818818407,0.4567144988632936,0.747651477146592,785.4456434245687,1285.791445172644,1719.7738310902032,2.832399786535455,0.3457291714593472
depramine,CN(C)CCCN1c2ccccc2C=Cc2ccccc21,1,train,0.1321378658656754,0.8542122490018983,0.0005625412936131,0.5199244499493353,0.7679766446595879,1365.1915928286207,2016.5146280006045,2625.749939172227,3.2847057578362584,0.4710249797879703
mefeclorazine,COc1ccc(CCN2CCN(c3cccc(Cl)c3)CC2)cc1OC,1,train,0.7661642872092723,0.9963033186472932,0.0011601698080938,0.0859051642940625,0.9775585996166158,842.5995856785175,9588.36966068596,9808.485818084337,5.295414913006276,0.1680541482019734
ketazolam,CC1=CC(=O)N2CC(=O)N(C)c3ccc(Cl)cc3C2(c2ccccc2)O1,1,train,0.1032445257692146,0.795545673848475,0.0002960037790623,0.6058936217034933,0.6712324758133172,2267.648331854285,2512.18885550403,3742.650938424973,3.39907676489851,0.5489009708843758
aminopromazine,CN(C)CC(CN1c2ccccc2Sc2ccccc21)N(C)C,1,train,0.1428937682736699,0.8558917454995283,0.0004117251911743,0.5171550250996029,0.7100706954934554,1724.6229055552856,2367.963427940644,3334.8277051414657,3.367442247846564,0.3746718006316332
chlorpromazine,CN(C)CCCN1c2ccccc2Sc2ccc(Cl)cc21,1,train,0.1871316702973654,0.8763570311094193,0.0003463179210758,0.4816620745139523,0.6427204047235553,1855.86816508609,2476.434000707568,3853.0502260508174,3.582571105910144,0.2916971960413553
promethazine,CC(CN1c2ccccc2Sc2ccccc21)N(C)C,1,train,0.2284100054778399,0.894690452615694,0.0004559272847873,0.4466866843754408,0.6120060270544537,1342.3325330045152,1839.131608900949,3005.087413522009,3.297791138264085,0.1593119125863344
promazine,CN(C)CCCN1c2ccccc2Sc2ccccc21,1,train,0.2661014734427613,0.921438741095235,0.0005600994629765,0.3885236754804377,0.66727210407305,1191.3457308582233,2046.083218803067,3066.3401126972194,3.328886405881325,0.1407041212425659
methopromazine,COc1ccc2c(c1)N(CCCN(C)C)c1ccccc1S2,1,train,0.2304743749916558,0.8769694093682725,0.0002605832060708,0.4805462048880037,0.5516473118019901,2116.9718498740185,2430.1967599882755,4405.345060143386,3.772931642845823,0.1003931908480284
methotrimeprazine,COc1ccc2c(c1)N(C[C@H](C)CN(C)C)c1ccccc1S2,1,train,0.2363451329657009,0.8960495373401458,0.0002952406398214,0.4439540816711911,0.5998374893455574,2031.6901145734405,2745.0674467647373,4576.351921184015,3.773183130499072,0.1200270579702411
Nor-1-chlorpromazine,CNCCCN1c2ccccc2Sc2ccc(Cl)cc21,1,train,0.2166484291140354,0.905102356993594,0.0004876921577152,0.4251937480309896,0.713780549921028,1463.5883284752802,2456.952593482027,3442.168035755334,3.4750700901645155,0.2436721770867027
Desmonomethylpromazine,CNCCCN1c2ccccc2Sc2ccccc21,1,train,0.2493372315111928,0.9065203199529966,0.0004853614147889,0.4221621838965646,0.6171723925745101,1271.572839886518,1858.952985040006,3012.048185249275,3.370202950065484,0.1208298940943974
Nor-2-chlorpromazine,NCCCN1c2ccccc2Sc2ccc(Cl)cc21,1,train,0.2677928177045658,0.9271425189656776,0.0006268301561049,0.3747088863717784,0.7225933889192757,1152.7738126214924,2223.023702440529,3076.451759080339,3.330651419369344,0.2383943846259243
promethazine-HCl,CC(CN1c2ccccc2Sc2ccccc21)N(C)C,1,train,0.2284100054778399,0.894690452615694,0.0004559272847873,0.4466866843754408,0.6120060270544537,1342.3325330045152,1839.131608900949,3005.087413522009,3.297791138264085,0.1593119125863344
propiomazine,CCC(=O)c1ccc2c(c1)N(CC(C)N(C)C)c1ccccc1S2,1,train,0.2964816909074223,0.9393365193277108,0.0006087977542968,0.3429969438016926,0.8677790366329764,1425.3978936489564,3606.2432430433255,4155.7160184875165,3.6730500467595344,0.3111715027346093
acepromazine,CC(=O)c1ccc2c(c1)N(CCCN(C)C)c1ccccc1S2,1,train,0.239505773055688,0.8836439001898673,0.0002568371002662,0.4681596497534147,0.5535467778144884,2155.244617077305,2548.3373328170114,4603.653087600562,3.775522206054041,0.0804372061243109
isothamine(profenamine),CCN(CC)C(C)CN1c2ccccc2Sc2ccccc21,1,train,0.1577618359140566,0.8691301821772348,0.0004831385261489,0.4945833867292417,0.7152878972441467,1480.502709948781,2141.1670886617617,2993.4339682122773,3.2534252273561504,0.3390745461683674
fluacizine,CCN(CC)CCC(=O)N1c2ccccc2Sc2ccc(C(F)(F)F)cc21,1,train,0.2475845887246097,0.9179792817408856,0.0002760079262593,0.3966283377350734,0.7037989709667312,2549.923042084923,4524.722623985694,6428.998635463448,4.137213287612981,0.1600404359962086
levomepromazine,COc1ccc2c(c1)N(C[C@H](C)CN(C)C)c1ccccc1S2,1,train,0.2363451329657009,0.8960495373401458,0.0002952406398214,0.4439540816711911,0.5998374893455574,2031.6901145734405,2745.0674467647373,4576.351921184015,3.773183130499072,0.1200270579702411
cyamemazine,CC(CN(C)C)CN1c2ccccc2Sc2ccc(C#N)cc21,1,train,0.1040274717695393,0.8138822227341127,0.0003623233859335,0.5810298852188072,0.7159374579265544,1975.9625950778047,2434.755377075345,3400.7933934993503,3.4748726189351142,0.4660001752176261
trifluomeprazine,CC(CN(C)C)CN1c2ccccc2Sc2ccc(C(F)(F)F)cc21,1,train,0.2312202682748985,0.8949056043994305,0.0002486879456177,0.4462554864811076,0.6064946544629789,2438.777854536983,3314.481898839334,5464.981223575902,3.912360237615389,0.1348900730076447
methiomeprazine(levometiomeprazine),CSc1ccc2c(c1)N(CC(C)CN(C)C)c1ccccc1S2,1,train,0.2069378708463025,0.8569175997504497,0.0002290064605565,0.5154534190767658,0.5476798281320192,2391.547499581423,2541.068261582812,4639.696645848134,3.727073327711332,0.1846318571677397
dacemazine,CN(C)CC(=O)N1c2ccccc2Sc2ccccc21,1,train,0.098947068036246,0.8056248495080306,0.0005366208020464,0.5924260307035497,0.713128985825176,1328.9253474810123,1599.685253804675,2243.192025007435,3.015458765219381,0.3637725580644084
etymemazine,CCc1ccc2c(c1)N(CC(C)CN(C)C)c1ccccc1S2,1,train,0.1632845167040596,0.8486501233204466,0.0003047422256016,0.5289545993638686,0.617374920497554,2025.892274294111,2364.541462127553,3829.992737997722,3.5480080652548813,0.2739617902541965
triflupromazine,CN(C)CCCN1c2ccccc2Sc2ccc(C(F)(F)F)cc21,1,train,0.2250694123364944,0.8791900962570672,0.0002280456679084,0.4764711687431769,0.5668667029839141,2485.759576943632,2957.354879434988,5217.01991644217,3.888955623664656,0.1113626548228497
diethazine,CCN(CC)CCN1c2ccccc2Sc2ccccc21,1,train,0.3046292845705519,0.9340001170767928,0.0004826501873274,0.3572726987897861,0.6607483844688433,1369.0005760228685,2531.861298129188,3831.8085335380406,3.5992359864561227,0.0698425059760904
aceprometazine,CC(=O)c1ccc2c(c1)N(CC(C)N(C)C)c1ccccc1S2,1,train,0.2425010220547044,0.8999936869158045,0.0003336118683559,0.4359029290010526,0.6026673749044589,1806.4926103331688,2497.606890939623,4144.254351474675,3.5971018606406138,0.1256600962321169
alimemazine,CC(CN(C)C)CN1c2ccccc2Sc2ccccc21,1,train,0.2871557894055082,0.93097339779043,0.0005137589126527,0.3650870205944632,0.6871683762822892,1337.5308133033584,2517.506307697912,3663.594534600234,3.549073365877525,0.144565552702662
cyclobarbital,CCC1(C2=CCCCC2)C(=O)NC(=O)NC1=O,1,train,0.1737991632828516,0.8849150362095887,0.001284647904816,0.4657524865099298,0.9086428055744052,707.3088292659435,1379.898331510148,1518.6367217620077,2.7623789270583416,0.3362706284554018
Hexobarbital,CN1C(=O)NC(=O)C(C)(C2=CCCCC2)C1=O,1,train,0.1390960298087675,0.8560348129784318,0.0012704602245663,0.5169181743457871,0.949572269639282,747.4238478921142,1373.0083306195995,1445.922942906884,2.7472114347456005,0.6185620026912096
triamcinolone-furetonide,CC1(C)O[C@@H]2C[C@H]3[C@@H]4CCC5=CC(=O)C=C[C@]5(C)[C@@]4(F)[C@@H](O)C[C@]3(C)[C@]2(C(=O)COC(=O)c2cc3ccccc3o2)O1,1,train,0.5067640865856008,0.9787485411243338,0.000274504055659,0.2050641198430097,0.8730718213970021,3180.5425216787407,13541.33553231316,15509.990358691992,5.277474502296859,0.1731388962580027
gepirone,CC1(C)CC(=O)N(CCCCN2CCN(c3ncccn3)CC2)C(=O)C1.[Cl-].[H+],1,train,0.8385443532483411,0.9983635963340458,0.0015775199996878,0.0571850462529375,0.969368576956682,614.4889301869298,10416.468969461388,10745.622683751246,5.244062974062781,0.0867584992002876
crilvastatin,CC1CC(OC(=O)C2CCC(=O)N2)CC(C)(C)C1,1,train,0.4668574343522081,0.973114064283028,0.0014453878834713,0.2303237241244742,0.939574176000324,650.0498494174158,2651.789579849896,2822.3312725966,3.476602583302655,0.2713424088702584
alentemol,CCCN(CCC)C1Cc2cccc3cc(O)cc(c23)C1,1,train,0.243239736757279,0.9186369432892963,0.0007522022781436,0.3951027289504564,0.9315624818310458,1238.446770102958,2919.976153638312,3134.493080806465,3.586940659689564,0.4979895994981381
ethosuximide,CCC1(C)CC(=O)NC1=O,1,train,0.197374902499974,0.8991374165160085,0.0037935639729218,0.437666432595553,0.8973844175163875,236.5544442961379,485.02753785956986,540.4902607980849,2.114247873550921,0.5983106610850275
alrestatin,O=C(O)CN1C(=O)c2cccc3cccc(c23)C1=O,1,train,0.3365854937178493,0.9491831156735836,0.0010878386453943,0.3147243443399128,0.7637748283594323,702.1030477204006,1703.8676683495346,2230.850775757295,3.0139093173752323,0.1058858694914733
apomorphine,CN1CCc2cccc3c2[C@H]1Cc1ccc(O)c(O)c1-3,1,train,0.3372182247279131,0.9478925259442053,0.0008648624811394,0.3185902686196084,0.7272678443149168,840.9057626789045,1919.5932253212509,2639.458406317276,3.1780296459783086,0.1246423294774868
piritramide,N#CC(CCN1CCC(C(N)=O)(N2CCCCC2)CC1)(c1ccccc1)c1ccccc1,1,train,0.4607452056215477,0.9723402081571008,0.000449252472895,0.233569089566676,0.9339875775083838,2078.9814945027383,8313.355561464696,8900.927337430323,4.733178297568881,0.2655467109472466
Desmethylclobazam,O=C1CC(=O)N(c2ccccc2)c2cc(Cl)ccc2N1,1,train,0.187787240162427,0.8415910575656704,0.0003548599208902,0.5401152579084361,0.5530861908790292,1558.6042782499928,1596.0343477117365,2885.688296023324,3.2455458231518253,0.2134871095198221
clobazam,CN1C(=O)CC(=O)N(c2ccccc2)c2cc(Cl)ccc21,1,train,0.1631184299959365,0.8351382465068176,0.0003518390928035,0.55004009783062,0.5887523555906788,1673.356848720989,1791.1290291633595,3042.2452023421115,3.289025368629231,0.3135696096057697
triflubazam,CN1C(=O)CC(=O)N(c2ccccc2)c2cc(C(F)(F)F)ccc21,1,train,0.1750830375173202,0.8680830063914515,0.000345657050948,0.4964190709616009,0.6453278140977935,1866.959786666604,2426.9838703099226,3760.854277919184,3.4709318578109083,0.3172147750906162
compound 45,c1cc(CN2CCCCC2)cc(OCCCNc2nc3ccccc3o2)c1,1,train,0.7096773543232481,0.9940562997104352,0.000868115834196,0.1088672265008949,0.9501307091537108,1094.4745755427637,9551.946329803895,10053.297128257114,5.321538289193791,0.1307331760623171
30,c1cc(CN2CCCCC2)cc(OCCCNc2nc3ccccc3o2)c1,1,train,0.7096773543232481,0.9940562997104352,0.000868115834196,0.1088672265008949,0.9501307091537108,1094.4745755427637,9551.946329803895,10053.297128257114,5.321538289193791,0.1307331760623171
phenyl-salicylate,O=C([O-])c1ccccc1Oc1ccccc1,1,train,0.278583917883384,0.9340791811002004,0.0014825093336294,0.3570659370973085,0.8444352862038426,569.5986305438704,1347.059835823963,1595.219737772528,2.8697819718710207,0.3398128253676832
piridicillin,CC1(C)S[C@@H]2[C@H](NC(=O)[C@H](NC(=O)c3ccc(-c4ccc(S(=O)(=O)N(CCO)CCO)cc4)[nH]c3=O)c3ccc(O)cc3)C(=O)N2[C@H]1C(=O)[O-].[Na+],0,train,0.7169971425892485,0.9943780766081296,0.0002206878207205,0.1058878688099667,0.9563798702418036,4333.63230974591,39141.393179880186,40926.61754788291,7.492338314335115,0.1176540346458299
aminophylline,Cn1c(=O)c2[nH]cnc2n(C)c1=O.Cn1c(=O)c2[nH]cnc2n(C)c1=O.NCCN,0,train,0.2468547467459352,0.8918683027687735,0.0005990308285345,0.4522951807352666,0.5646699904970804,942.6392826534632,1176.8423309592044,2084.1240915303947,2.235872702508534,0.1069151935832118
bentazepam,O=C1CNC(c2ccccc2)=c2c3c(sc2=N1)CCCC3,1,train,0.1817053472464777,0.8568811898243669,0.0003937046736924,0.5155139440647337,0.5953748428170843,1512.2371731917287,1746.5055594657583,2933.455419785571,3.232004734979782,0.251309755200815
papaverine,COc1ccc(Cc2nccc3cc(OC)c(OC)cc23)cc1OC,0,train,0.2688337534844127,0.9308929590354252,0.0005057861477363,0.3652920733033641,0.837097076165563,1655.041522809666,3792.664886341549,4530.734838681275,3.8341243475375513,0.3457816185885241
napamezole,C1=C(CC2=NCNC2)CCc2ccccc21,1,train,0.4957900610017725,0.9772976468561804,0.0020906792479808,0.2118709735885789,0.9066887946914284,433.6814437542756,1855.913053390524,2046.9129697606368,3.195833506095193,0.2169250210845666
budipine,CC(C)(C)N1CCC(c2ccccc2)(c2ccccc2)CC1,1,train,0.216291999000787,0.9070181517579776,0.0005352334485496,0.4210915249462306,0.7381916138121998,1379.195593647128,2417.7893895324805,3275.286990929675,3.4713184949712765,0.3331662150316244
Atovaquone,O=C1C(=O)c2ccccc2C(O)=C1C1CCC(c2ccc(Cl)cc2)CC1,0,train,0.7676653936022678,0.996414880873024,0.0012591494161104,0.0846013308098459,0.9418373111469638,747.994875823657,8327.16785721616,8841.407914786669,4.941647185561573,0.1066730467726255
fluvastatin,CC(C)n1c(/C=C/[C@@H](O)C[C@H](O)CC(=O)O)c(-c2ccc(F)cc2)c2ccccc21,1,train,0.2380139291466444,0.9154952019687088,0.0002548956138266,0.4023288893085766,0.7211340816938465,2829.1349186740586,5070.93988471019,7031.896027988634,4.2596400050051,0.2580352529961423
binedaline,CN(C)CCN(C)n1cc(-c2ccccc2)c2ccccc21,1,train,0.3066083041613165,0.9422257108440646,0.0007424570333761,0.3349786707006837,0.869647548810817,1171.3102707860137,3040.8715389409763,3496.6712009930443,3.624427931105716,0.3826448806722946
enilospirone,CC1OC2(CCCCC2Oc2cccc(Cl)c2)NC1=O,1,train,0.3199044841944291,0.9458959488541958,0.0007448162419971,0.3244701125546399,0.8045342724101049,1080.1782064430545,2678.337245152497,3329.0530148941075,3.461461550201879,0.2620395338929041
mepiramine,COc1ccc(CN(CCN(C)C)c2ccccn2)cc1,0,train,0.3432689968952873,0.9512007172526018,0.0006290010035996,0.308572836617444,0.7801027739507239,1240.2250067748662,3135.411978299305,4019.229366946664,3.8350564312500177,0.1977834487782324
mirincamycin,CCCCCC1CNC(C(=O)NC(C(C)Cl)C2OC(SC)C(O)C(O)C2O)C1,0,train,0.6245528489022345,0.9890468738907926,0.0006154828466397,0.1476017657308014,0.955254017202056,1552.0400323377023,10044.54430750494,10515.050579871377,5.0182727983526485,0.1150507222095474
lincomycin,CCCC1CC(C(=O)NC(C(C)O)C2OC(SC)C(O)C(O)C2O)N(C)C1,0,train,0.2850538619459485,0.9359830586810236,0.0003858388895584,0.3520450452173916,0.8038461258187495,2083.372484143935,4757.092658362323,5917.914518176018,3.961215328165435,0.2972326276330615
clindamycin,CCC[C@@H]1C[C@@H](C(=O)NC(C(C)Cl)[C@H]2O[C@H](SC)[C@H](O)[C@@H](O)[C@H]2O)N(C)C1,0,train,0.3932050340905739,0.961717276335405,0.0004649148953624,0.2740435739038777,0.9019974392879077,1940.134524157904,6385.832543835943,7079.657065187804,4.257305192508616,0.2711588334498214
clindamycin-phosphate,CCC[C@@H]1C[C@@H](C(=O)NC(C(C)Cl)[C@H]2O[C@H](SC)[C@H](OP(=O)(O)O)[C@@H](O)[C@H]2O)N(C)C1,0,train,0.3354401837499811,0.9490429630248564,0.0002348005226657,0.3151467187406545,0.7684007731621205,3272.568410147175,7979.280592327575,10384.269343576092,4.62851725892966,0.1855088945697332
ocaperidone,Cc1nc2c(C)cccn2c(=O)c1CCN1CCC(c2noc3cc(F)ccc23)CC1,1,train,0.7670320064735084,0.9963884020308964,0.0008671783176763,0.0849126156605521,0.9473654296542028,1092.4690001391457,12188.617152463174,12865.803174718052,5.575941559400008,0.094029565462908
Meclocycline,C=C1c2c(Cl)ccc(O)c2C(O)=C2C(=O)C3(O)C(=O)/C(=C(/N)O)C(=O)C(N(C)C)C3C(O)C12,0,train,0.3156226905139178,0.944855242115588,0.0003607058197752,0.3274882768080312,0.8566420043949041,2374.9048599455527,6212.262861132944,7251.877481213432,4.075209647693768,0.3169888969693673
methacycline,C=C1c2cccc(O)c2C(O)=C2C(=O)[C@]3(O)C(=O)/C(=C(/N)O)C(=O)[C@@H](N(C)C)[C@@H]3[C@@H](O)[C@H]12,0,train,0.2908220174103423,0.937843525020897,0.0003744626909867,0.3470583849676852,0.8121250421896448,2168.774251046271,5074.98437271517,6249.018450449502,3.9049577174323113,0.2603412766150712
celucloral,OC1OC(COCCOC(O)C(Cl)(Cl)Cl)C(OC2OC(COCCOCCOC(O)C(Cl)(Cl)Cl)CC(OC(O)C(Cl)(Cl)Cl)C2O)C(OCCOCCOC(O)C(Cl)(Cl)Cl)C1O,1,train,0.0,0.0,0.0,0.0,0.0,0.0,0.0,0.0,0.0,0.0
moxalactam,CO[C@@]1(NC(=O)C(C(=O)O)c2ccc(O)cc2)C(=O)N2C(C(=O)O)=C(CSc3nnnn3C)CO[C@@H]21,0,train,0.3102939341327569,0.943361070411416,0.0002501754641986,0.3317678266984717,0.8063600120424902,3223.177838903551,7833.9173115647,9715.160963552222,4.46709114254925,0.2345175111126451
23,Cc1c[nH+][o+]c(C([NH])CC(C)C(C)(C)N(C(C)(C)C)C(C)(N)N)c1[O-],1,train,0.4846752152531112,0.9750403860622154,0.0009090212011966,0.2220275783492805,0.9668054940592714,1063.5675964285545,4631.239971067642,4790.249951541667,3.85095944280258,0.3244714005682363
fencamfamin,CCNC1C2CCC(C2)C1c1ccccc1,1,train,0.1962433523459906,0.8967835553160098,0.0010665681712793,0.4424694960274407,0.7388580246153983,692.743365601393,1156.7780361562486,1565.6296576847662,2.815967297397318,0.3689839803140025
thioguanine,Nc1nc(=S)c2[nH]cnc2[nH]1,0,train,0.2493771257998404,0.8720393861578001,0.0012094215998024,0.4894357046533562,0.5119010429677996,423.26103903833945,442.6889278231466,864.7939555985498,2.275030217630816,0.0105501557340591
nebracetam,NCC1CC(=O)N(Cc2ccccc2)C1,1,train,0.4319371674875953,0.9687373175597104,0.0020094091252365,0.2480887130991994,0.8677773533234407,431.8569784643916,1510.571364188745,1740.7360982670402,3.0025487896389884,0.2544995378035186
4,CN(C)Cc1ccc(CSCCNc2nc(=O)c(Cc3ccc4ccccc4c3)c[nH]2)o1,0,train,0.6891332979822101,0.9930748852774786,0.0004762804927589,0.1174830721045493,0.9366740285198364,1966.6436958060112,15679.740410383964,16739.80481252546,6.190863983743202,0.1084893628080218
SKF-93619,CN(C)Cc1ccc(CSCCNc2nc(=O)c(Cc3ccc4ccccc4c3)c[nH]2)o1,0,train,0.6891332979822101,0.9930748852774786,0.0004762804927589,0.1174830721045493,0.9366740285198364,1966.6436958060112,15679.740410383964,16739.80481252546,6.190863983743202,0.1084893628080218
pagoclone,CC(C)CCC(=O)CC1c2ccccc2C(=O)N1c1ccc2ccc(Cl)nc2n1,1,train,0.2604706573966406,0.9131383653893248,0.0002191195670104,0.4076497585601051,0.6257781203656151,2855.875122898685,4384.018704485401,7005.707872822413,4.178765648341979,0.0859024123769099
benfotiamine,C/C(=C(\CCOP(=O)(O)O)SC(=O)c1ccccc1)N(C=O)Cc1cnc(C)nc1N,1,train,0.364793492014727,0.9563277037170428,0.0002625177228303,0.2922966354635096,0.8008722104998808,3050.735782198891,8358.801344621446,10437.122471017105,4.839184508290767,0.1986892566439295
befuraline,O=C(c1cc2ccccc2o1)N1CCN(Cc2ccccc2)CC1,1,train,0.7731266142798591,0.996562081630871,0.001719314588792,0.0828493660539723,0.9696040421330528,563.9480107094647,6600.005489246271,6806.9079773293615,4.669342852477461,0.134698963416849
Phenolphthalein,O=C1OC(c2ccc(O)cc2)(c2ccc(O)cc2)c2ccccc21,0,train,0.1054487847823935,0.8038777721575653,0.0003377375522544,0.5947945253875403,0.6814420844150665,2017.6675050388544,2311.5941583261674,3392.2092738231518,3.482551940351592,0.3959933475105074
nalmefene,C=C1CC[C@@]2(O)[C@H]3Cc4ccc(O)c5c4[C@@]2(CCN3CC2CC2)[C@H]1O5,1,train,0.2488579865986618,0.9236440529257672,0.0006213145434267,0.3832514363898231,0.8106453889667162,1304.7262413909434,2759.7295431181024,3404.360995176662,3.316901649349013,0.3748160933755709
roxindole,CS(=O)(=O)O.Oc1ccc2[nH]cc(CCCCN3CC=C(c4ccccc4)CC3)c2c1,1,train,0.7754854311675078,0.9966711823610784,0.0010889426402625,0.0815264021711393,0.948522932331758,871.0494908189863,10134.26810499177,10684.262614588191,4.950102508896177,0.0778161355609152
minaprine,Cc1cc(-c2ccccc2)nnc1NCCN1CCOCC1,1,train,0.5702148344859765,0.9850564416731804,0.0009416021491091,0.1722318400243462,0.8665572573211018,920.3008490803952,4630.348137583951,5343.383946605367,4.272550571158349,0.0949699863927038
bazinaprine,N#Cc1cc(-c2ccccc2)nnc1NCCN1CCOCC1,1,train,0.7571144931268906,0.9960291625821796,0.0016680273384694,0.089027564752958,0.9531004799251024,571.3938002956462,6117.158284618963,6418.167248325872,4.602468211616621,0.0796867419511286
isoxicam,Cc1cc(N/C(O)=C2\C(=O)c3ccccc3S(=O)(=O)N2C)no1,0,train,0.461500968135339,0.9730947031764172,0.0008572411330729,0.2304055091572255,0.8633172602557802,1007.0880023699108,3773.5054956918,4370.937162282382,3.693929003655555,0.1468910416806034
testolactone,C[C@]12CC[C@H]3[C@@H](CCC4=CC(=O)C=C[C@@]43C)[C@@H]1CCC(=O)O2,0,train,0.5129092493391241,0.978923338272332,0.0013165065338278,0.2042280533760069,0.9434589740110682,716.6382769615808,3310.6069530732952,3509.009977400943,3.541720475378918,0.3500324732385415
Mifepristone,CC#C[C@]1(O)CC[C@H]2[C@@H]3CCC4=CC(=O)CCC4=C3[C@@H](c3ccc(N(C)C)cc3)C[C@@]21C,0,train,0.137188129282139,0.8556401891845826,0.0002100366752597,0.5175711223128387,0.740557197683614,3525.8470777432185,5044.893964884383,6812.294824308356,4.231281023836703,0.4824589154021848
metoxepin,COc1ccc2c(c1)C(N1CCN(C)CC1)=Cc1ccccc1O2,1,train,0.1882329290367562,0.874590191628128,0.0003148098397741,0.484862863816022,0.6328269938363913,2010.1881005065925,2623.631108139399,4145.890004208169,3.689964291914721,0.2114242323947376
prazepam,O=C1CN=C(c2ccccc2)c2cc(Cl)ccc2N1CC1CC1,1,train,0.2417880653216945,0.9173745265554606,0.0004447045443447,0.3980250972327555,0.7250329509818215,1630.370006787726,2969.8428200428525,4096.14875575126,3.658797993882509,0.2648387079547694
flutoprazepam,O=C1CN=C(c2ccccc2F)c2cc(Cl)ccc2N1CC1CC1,1,train,0.2108846919647773,0.9050899649083308,0.0004314750007697,0.4252201258433525,0.7482231983387959,1734.105561165544,3051.356063307227,4078.136136492217,3.595580211918876,0.2908148978150361
edaravone,CC1=NN(c2ccccc2)C(=O)C1,1,train,0.4712236149842591,0.9736696743538744,0.0027443911363732,0.227963517352273,0.7772720499268052,283.2220377136126,965.6833531741064,1242.4007183392785,2.6740574515326374,0.0400715323790201
berythromycin,CC[C@H]1OC(=O)[C@H](C)[C@@H](OC2CC(C)(OC)C(O)C(C)O2)C(C)[C@@H](OC2OC(C)CC(N(C)C)C2O)[C@](C)(O)C[C@@H](C)C(=O)[C@H](C)[C@@H](O)[C@H]1C,0,train,0.134836160370093,0.8482349331924521,8.48207195315079e-05,0.5296201451153423,0.709486532294179,8364.54272273215,11205.258080364943,15793.475380190635,4.962697208136505,0.3887244940064699
clarithromycin,CC[C@H]1OC(=O)[C@H](C)[C@@H](O[C@H]2C[C@@](C)(OC)[C@@H](O)[C@H](C)O2)[C@H](C)[C@@H](O[C@@H]2O[C@H](C)C[C@H](N(C)C)[C@H]2O)[C@](C)(OC)C[C@@H](C)C(=O)[C@H](C)[C@@H](O)[C@]1(C)O,0,train,0.2681694394250883,0.9303793800355632,0.0001203432257582,0.3665981576667309,0.7968489693785668,6621.469254776037,14392.628116360502,18061.9272527701,5.110928927747462,0.2689359572692109
erythromycin,CC[C@H]1OC(=O)[C@H](C)[C@@H](O[C@H]2C[C@@](C)(OC)[C@@H](O)[C@H](C)O2)[C@H](C)[C@@H](O[C@@H]2O[C@H](C)C[C@H](N(C)C)[C@H]2O)[C@](C)(O)C[C@@H](C)C(=O)[C@H](C)[C@@H](O)[C@]1(C)O,0,train,0.1569213075773984,0.876174435722385,0.0001283960640303,0.4819941474609003,0.8553081773509281,6661.482840694884,11820.93346349484,13820.67163219086,4.691131756245644,0.540657699854459
flurithromycin,CC[C@H]1OC(=O)[C@H](C)[C@@H](O[C@H]2C[C@@](C)(OC)[C@@H](O)[C@H](C)O2)[C@H](C)[C@@H](O[C@@H]2O[C@H](C)C[C@H](N(C)C)[C@H]2O)[C@](C)(O)C[C@](C)(F)C(=O)[C@H](C)[C@@H](O)[C@]1(C)O,0,train,0.1557319098959145,0.8647940567360585,7.477823951884521e-05,0.5021267165108734,0.6989647088359174,9347.167215133062,13011.337170753066,18615.156110560496,5.219748097248919,0.2958283576127564
skb-g,CC[C@H](NC(=O)c1c(OCCNC(=O)Cc2ccccn2)c(-c2ccccc2)nc2ccccc12)c1ccccc1,0,train,0.26486981235448,0.9275847491735586,0.0001678515916831,0.3736128117458315,0.7477143844567317,4454.615991178836,8915.059519161576,11923.081465978494,4.818616243703113,0.2183140219786396
riluzole,Nc1nc2ccc(OC(F)(F)F)cc2s1.[Cl-].[H+],1,train,0.6982391529562896,0.9935524132339256,0.0033931737607758,0.1133737278078242,0.9270980116481164,273.2244432528361,2234.255175085517,2409.9449540546925,3.013973365346661,0.0347253470758876
trocimine,COc1cc(C(=O)N2CCCCCCC2)cc(OC)c1OC,1,train,0.3251414296212216,0.9471592103684794,0.0007840369245612,0.320763823106906,0.8725024469161774,1112.8333622863706,3026.992951387824,3469.3231658966697,3.518100102987614,0.2749697270659287
pizotifen,CN1CCC(=C2c3ccccc3CCc3sccc32)CC1,1,train,0.1921910237002,0.8864968789572009,0.0004729447455141,0.4627345714328484,0.6752957077567727,1427.8532834162231,2083.750065640638,3085.685340074989,3.3413734263486425,0.2993162289549707
camphor,CC12CCC(CC1=O)C2(C)C,1,train,0.0257487775549062,0.6514562331783234,0.0026769866915601,0.7586862172552695,0.9341554252453876,348.9578144674896,429.6648972297047,459.9501170983818,2.016906045955517,0.9079586879691608
romifidine,Fc1cccc(Br)c1NC1=NCCN1,1,train,0.2858810235538608,0.9298514766057532,0.0009442129988825,0.3679350913600122,0.6796554645807004,719.8115948256211,1329.647254039961,1956.3548346665025,2.785745391942119,0.1093395808323919
Clonidine,Clc1cccc(Cl)c1NC1=NCCN1,1,train,0.2152754492010887,0.9021489281798122,0.0009860665705398,0.431424745910589,0.6932920810023795,703.0885152336266,1129.8510446505895,1629.6898170494344,2.743036489515341,0.2330988399274974
flutizenol,OCCN1CCN(CCCN2c3cc(C(F)(F)F)ccc3Sc3sccc32)CC1,1,train,0.3722812590796456,0.9565751994622386,0.0002971041469521,0.2914856562058903,0.7470047932608191,2514.285986661495,6443.485789702096,8625.762308130641,4.452069122869826,0.1230183997799166
viloxazine,CCOc1ccccc1OCC1CNCCO1,1,train,0.3784590627883506,0.959251397562329,0.0011659698460918,0.2825539882477657,0.8139408699928132,698.0805487560315,2010.9299914793808,2470.6094332099788,3.3035888875934702,0.1723433124229034
indeloxazine,C1=Cc2cccc(OCC3CNCCO3)c2C1,1,train,0.5401580063054754,0.9822022315479332,0.0019470442579575,0.1878264527223468,0.9044363140910356,464.51759398617554,2236.7806794304,2473.121263024892,3.344511540555838,0.1697654122128812
Bretazenil,CC(C)(C)OC(=O)c1ncn2c1[C@@H]1CCCN1C(=O)c1c(Br)cccc1-2,1,train,0.5505084846729523,0.983281099186431,0.0007145626790021,0.1820941514237181,0.8801165853851394,1231.6856326923728,5953.112413757343,6764.004351937373,4.083327400709545,0.1515607243312416
ornidazole,Cc1ncc([N+](=O)[O-])n1CC(O)CCl,1,train,0.1653962618306839,0.8644777851441262,0.0009663350446962,0.5026710246197865,0.6612451039316961,684.2814069105126,900.1468313661347,1361.290731702894,2.589624555778668,0.3719273396021694
Metronidazole,Cc1ncc([N+](=O)[O-])n1CCO,1,train,0.1611486009058176,0.8638261696495986,0.001622917423901,0.5037899846448943,0.6729864404011779,414.676945659697,553.9450367848444,823.1147071174703,2.287842015835311,0.3096878226911649
tinidazole,CCS(=O)(=O)CCn1c([N+](=O)[O-])cnc1C,1,train,0.1077797833017624,0.8334392433523385,0.0010531609517684,0.5526110998163912,0.8495588450125408,806.6752224206386,1240.1453218866102,1459.7521162507628,2.6627809419980237,0.6709668660252766
Cimetidine,CN=C(NC#N)NCCSCc1nc[nH]c1C,0,train,0.4970280643879913,0.977211095783789,0.0015052639880311,0.2122698148042872,0.9298044048202588,617.7018863225684,2705.7164736213203,2909.984572663285,3.5143784697746803,0.2193511478313569
prazocillin,Cc1cnn(-c2c(Cl)cccc2Cl)c1C(=O)N[C@@H]1C(=O)N2[C@@H](C(=O)O)C(C)(C)S[C@H]12,0,train,0.5153150074476809,0.9791792824681768,0.0005662542737283,0.2029973713748684,0.944992461629061,1668.848263885213,7768.815025993558,8221.033861583395,4.337264626667468,0.1482556089668693
zorubicin,COc1cccc2c1C(=O)c1c(O)c3c(c(O)c1C2=O)C[C@@](O)(/C(C)=N/NC(=O)c1ccccc1)C[C@@H]3O[C@H]1C[C@H](N)[C@H](O)[C@H](C)O1.[Cl-].[H+],0,train,0.1815180067716188,0.8602010283995039,6.511153305767062e-05,0.5099550869835852,0.6042229258205404,9279.814150365157,10995.235855319492,18197.316562240438,5.310398977873198,0.1881933494236089
cinoctramide,COc1cc(/C=C/C(=O)N2CCCCCCC2)cc(OC)c1OC,1,train,0.5193000245540976,0.9800792886246488,0.0007675891325465,0.1986066162266555,0.8936582148577412,1164.24031681243,5238.661948706861,5862.041954754243,4.288612007119927,0.172671789618211
acefurtiamine,CC(=O)OCC(=O)OCC/C(SC(=O)c1ccco1)=C(/C)N(C=O)Cc1cnc(C)nc1N,1,train,0.1681923883852629,0.8724507362589508,0.0001655788431268,0.4887020695691955,0.6880655886263332,4155.516342743956,5850.738059973824,8503.169111616735,4.40701961213654,0.2631361075072832
U50488,CN(C(=O)Cc1ccc(Cl)c(Cl)c1)C1CCCC[C@H]1N1CCCC1,1,train,0.331525468331256,0.9485760437808244,0.0005313310171862,0.3165493471247717,0.8847514793379068,1665.160607455805,4654.103141147943,5260.3507875802425,3.959325735976816,0.5006732513639613
fenmetramide,CC1NC(=O)COC1c1ccccc1,1,train,0.5061910405100196,0.9784144462121442,0.0031151555107138,0.2066522960031732,0.9199838329485356,295.3251706967663,1314.7416590988155,1429.0921340270586,2.8189261468147837,0.3515563613039342
difluanine(difluanazine),Fc1ccc(C(CCCN2CCN(CCNc3ccccc3)CC2)c2ccc(F)cc2)cc1,1,train,0.5887990328492686,0.9866030049825266,0.0004356069169375,0.1631395432120873,0.8967401059193527,2058.5993267131967,11315.641455992038,12618.640987837893,5.376558548034602,0.1593764459527792
morsuximide,CC1(c2ccccc2)CC(=O)N(CN2CCOCC2)C1=O,1,train,0.3125766954501508,0.943183179175306,0.0009537453730868,0.3322732166768224,0.902553217161256,946.3251331328598,2570.5014744548157,2848.03314151342,3.3221688567625574,0.3028854306724059
SKF101468,CCCN(CCC)CCc1cccc2c1CC(=O)N2,1,train,0.3804893085491165,0.959196341739864,0.0008037136214588,0.2827408318458124,0.7829123765318158,974.118586059002,2697.344745916156,3445.2702840961438,3.696755366297522,0.167002467083513
ropinirole,CCCN(CCC)CCc1cccc2c1CC(=O)N2,1,train,0.3804893085491165,0.959196341739864,0.0008037136214588,0.2827408318458124,0.7829123765318158,974.118586059002,2697.344745916156,3445.2702840961438,3.696755366297522,0.167002467083513
SKF89124,CCCN(CCC)CCc1ccc(O)c2c1CC(=O)N2,1,train,0.357197419695495,0.9543350497396076,0.0007095150225214,0.2987383685409376,0.7801285306507878,1099.523626544824,2871.307610675039,3680.557110608142,3.7205043661674986,0.1887609627358843
paclitaxel,CC(=O)O[C@H]1C(=O)[C@@]2(C)C([C@H](OC(=O)c3ccccc3)[C@]3(O)C[C@H](OC(=O)[C@H](O)[C@@H](NC(=O)c4ccccc4)c4ccccc4)C(C)=C1C3(C)C)[C@]1(OC(C)=O)CO[C@@H]1C[C@@H]2O,0,train,0.2377783555363151,0.9184307668075192,8.555854112386196e-05,0.3955817571392194,0.7738878761640402,9045.127067368914,17695.240110216917,22865.379669633272,5.389430978124368,0.2779900114789298
tazomeline,CCCCCCSc1nsnc1C1=CCCN(C)C1,1,train,0.4802884255028052,0.975567661235488,0.0008525663114489,0.2196991997061442,0.8486998427893848,995.4649056529296,3845.489241927192,4531.035647760214,3.9688303037197823,0.1567753459657986
xanomeline,CCCCCCOc1nsnc1C1=CCCN(C)C1,1,train,0.2799215825048086,0.9317871430714352,0.0005745678355665,0.3630051239401078,0.730577279897211,1271.524848196227,2559.0469766211354,3502.77382973254,3.6095639678404106,0.2218737366630226
mepiprazole,Cc1cc(CCN2CCN(c3cccc(Cl)c3)CC2)n[nH]1,1,train,0.7650085595190307,0.9963095481456606,0.0017430315839619,0.085832885736118,0.9544419235631156,547.5758054789081,6088.916859729807,6379.557214962549,4.62060999326587,0.1431394393217898
tolpiprazole,Cc1cccc(N2CCN(CCc3cc(C)[nH]n3)CC2)c1,1,train,0.8182472298395559,0.9978968761673906,0.0023466577075485,0.0648214820515799,0.95721737246237,407.9066876192825,6023.548912720998,6292.77015441735,4.729666780241849,0.0731797009853585
chlorthenoxazine,O=C1NC(CCCl)Oc2ccccc21,1,train,0.4212129300901305,0.967061971922152,0.0020740009732144,0.2545410427849284,0.8455853082804516,407.7072861590275,1354.4035471963605,1601.7349567610406,2.819005717830124,0.1698362369190779
fluorouracil,O=c1[nH]cc(F)c(=O)[nH]1,0,train,0.3639250957184736,0.9523112950383908,0.0044303995883906,0.3051281654359411,0.6948718345662508,156.84179738258288,357.17760544391285,514.0194028253691,1.987869319571664,2.702179899541817e-12
chlorthalidone,NS(=O)(=O)c1cc(C2(O)NC(=O)c3ccccc32)ccc1Cl,0,train,0.4337559061364361,0.9678042272521942,0.0009295655522188,0.2517041471902743,0.9535986297310046,1025.8540965236853,3886.519438272978,4075.6344620265495,3.642193149708201,0.3296963295817171
sifaprazine,CN1CCN(c2ccccc2Cc2ccccc2)CC1,1,train,0.3991207624061993,0.9631672049511818,0.0010683860203525,0.2689032080629164,0.8726815595034797,816.8223309543969,2650.863821036184,3037.607237334564,3.494307477605021,0.2978431036853696
delfaprazine,Cc1ccc(Cc2ccccc2)c(N2CCNCC2)c1,1,train,0.1557018758915078,0.8629710548761975,0.0005419352992036,0.505253360647767,0.6897152740726098,1272.689332261776,1737.332870947816,2518.913146129512,3.221428001726533,0.3786309977205519
octriptyline,CNCCC=C1c2ccccc2C2CC2c2ccccc21,1,train,0.1547569123357236,0.8731599848997209,0.0005710262514332,0.4874337296186212,0.7748831446397411,1357.0009131712764,2157.251480524109,2783.970067547487,3.3815512575272115,0.427138689766964
ciclotizolam,Clc1ccccc1C1=NCc2nnc(C3CCCCC3)n2-c2sc(Br)cc21,1,train,0.2356431321671598,0.916951815242727,0.0002712835467662,0.3989979555374537,0.7597289010366641,2800.497524058633,5332.405534366819,7018.826751345977,4.050248064289048,0.3144442246214078
damotepine,CN(C)CC1=Cc2ccccc2Sc2ccccc21,1,train,0.1447937611969654,0.857208178890707,0.0005785648395823,0.5149700360631457,0.7080433171213453,1223.7925098118085,1682.618497067583,2376.4344022178147,3.1429732738234675,0.2899511248021698
zotepine,CN(C)CCOC1=Cc2ccccc2Sc2ccc(Cl)cc21,1,train,0.1863990618343769,0.8890632681655118,0.0003581692448033,0.4577843435492952,0.718053294111089,2004.787693330013,3144.5907390102225,4379.327780820301,3.788953554589386,0.2323610812972578
amoxicillin,CC1(C)S[C@@H]2[C@H](NC(=O)[C@H](N)c3ccc(O)cc3)C(=O)N2[C@H]1C(=O)O.O.O.O,0,train,0.4483607361974312,0.9700281725671452,0.0007880720364843,0.2429924781264737,0.9578663617408902,1215.455335801617,4791.274978301494,5002.028643738477,3.622521552489517,0.3452713911407842
ampicillin,CC1(C)S[C@@H]2[C@H](NC(=O)[C@H](N)c3ccccc3)C(=O)N2[C@H]1C(=O)O,0,train,0.3025813762834251,0.940958889571178,0.0006825316847584,0.3385208533266086,0.8768242192299552,1284.6644907631394,3327.490546052271,3794.934575341156,3.468477906353804,0.3061668446600025
penamecillin,CC(=O)OCOC(=O)C1N2C(=O)C(NC(=O)Cc3ccccc3)C2SC1(C)C,0,train,0.3513449349486509,0.9535229610486624,0.0003910854782199,0.3013203656459197,0.8092222483644538,2069.1697683268567,5556.936745990864,6867.009350301695,4.22237671449396,0.2242444100421984
penicillin,CC1(C)SC2C(NC(=O)Cc3ccccc3)C(=O)N2C1C(=O)O.[Na],0,train,0.5544303293785671,0.98356860926473,0.0009839182037693,0.1805347359070953,0.9081169591074216,922.9598107123772,4642.627095950153,5112.366914183984,3.865090309598605,0.1987959262016529
sulbenicillin,CC1(C)S[C@@H]2[C@H](NC(=O)C(c3ccccc3)S(=O)(=O)O)C(=O)N2[C@H]1C(=O)O,0,train,0.5027885337211631,0.977368236931926,0.0007582615050724,0.2115451002424279,0.9660506713183116,1274.0336478324132,5818.05515400811,6022.5155126371965,3.977596848305141,0.2452580940513362
suncillin,CC1(C)S[C@@H]2[C@H](NC(=O)[C@H](NS(=O)(=O)[O-])c3ccccc3)C(=O)N2[C@H]1C(=O)[O-].[Na+].[Na+],0,train,0.3068142928765517,0.9423513143655758,0.0004297065845724,0.3346251638975639,0.864926210824488,2012.829781710309,5202.684746871939,6015.177574411229,3.738038841037545,0.3175297352453654
metampicillin,C=NC(C(=O)NC1C(=O)N2C1SC(C)(C)C2C(=O)O)c1ccccc1,0,train,0.5180517585253597,0.979420885921525,0.0008228821735695,0.2018284623651859,0.9501635569300076,1154.6775315453986,5435.965262893393,5721.083726318736,4.127020146473037,0.2656540720514759
aspoxicillin,CNC(=O)C[C@@H](N)C(=O)N[C@@H](C(=O)N[C@@H]1C(=O)N2[C@@H](C(=O)O)C(C)(C)S[C@H]12)c1ccc(O)cc1,0,train,0.5642694743788065,0.9844490112934182,0.0004358848432671,0.175670555766786,0.9136707163443112,2096.128668975774,10902.062523644869,11932.157098418476,5.025590716167688,0.1427770838986212
pivampicillin,CC(C)(C)C(=O)OCOC(=O)[C@@H]1N2C(=O)[C@@H](NC(=O)[C@H](N)c3ccccc3)[C@H]2SC1(C)C,0,train,0.6645800369878466,0.9916562428117748,0.000637137643371,0.1289104188668805,0.9537673289799408,1496.956487978906,11075.506570288935,11612.377813501173,5.10746637252081,0.1387952558173838
clometocillin,COC(C(=O)N[C@@H]1C(=O)N2[C@@H](C(=O)O)C(C)(C)S[C@H]12)c1ccc(Cl)c(Cl)c1,0,train,0.6140360684507986,0.9879832455485812,0.0007590043184937,0.1545610122744151,0.9875572698902452,1301.1220698323743,8313.432606123679,8418.17771950341,4.561575965832762,0.2389137823132535
penicillin G,CC1(C)S[C@@H]2[C@H](NC(=O)Cc3ccccc3)C(=O)N2[C@H]1C(=O)O,0,train,0.5033966165931018,0.97780350558753,0.0009744796600845,0.2095239949522184,0.9434456492374426,968.1532492485225,4359.405093468703,4620.727327527848,3.8568072936082807,0.2884115195951836
carbenicillin,CC1(C)S[C@@H]2[C@H](NC(=O)C(C(=O)O)c3ccccc3)C(=O)N2[C@H]1C(=O)O,0,train,0.4084016936534899,0.9642529685130002,0.0006385486974045,0.264983419696152,0.9167841274297202,1435.7309491915605,4967.31209442363,5418.19163945377,3.952186358972402,0.342596992624068
ziprasidone,O=C1Cc2cc(CCN3CCN(c4nsc5ccccc45)CC3)c(Cl)cc2N1,1,train,0.6391768817466105,0.9901106886953392,0.0006415564885084,0.1402883606406503,0.9451034890512642,1473.141501925278,9924.352718769824,10500.810581846776,5.14924574198395,0.1459716106324808
40730,CC1COc2c(N3CCN(C)CC3)c(F)cc3c(=O)c(C(=O)O)cn1c23,1,train,0.5162199602820144,0.9797774833542447,0.0007778359677116,0.2000901874456176,0.8489364905664321,1091.4081192001922,4630.592785772386,5454.580922399433,3.9324359040121326,0.1617470358547061
Ofloxacin,CC1COc2c(N3CCN(C)CC3)c(F)cc3c(=O)c(C(=O)O)cn1c23,1,train,0.5162199602820144,0.9797774833542447,0.0007778359677116,0.2000901874456176,0.8489364905664321,1091.4081192001922,4630.592785772386,5454.580922399433,3.9324359040121326,0.1617470358547061
Levofloxacin,C[C@H]1COc2c(N3CCN(C)CC3)c(F)cc3c(=O)c(C(=O)O)cn1c23,1,train,0.513487039605493,0.9794808324938205,0.0007758921494833,0.2015373384194918,0.8493566265541248,1094.683877288458,4613.42306318257,5431.667828270699,3.925955355467184,0.1609604636727104
pecocycline,CN(C)[C@@H]1C(=O)/C(=C(/O)NCN2CCCC(C(=O)O)C2)C(=O)[C@@]2(O)C(=O)C3=C(O)c4c(O)cccc4[C@@](C)(O)[C@H]3C[C@@H]12,0,train,0.4204949528904429,0.9662835864524154,0.0002363873921423,0.2574801556482704,0.9208103390980408,3895.344547578834,13930.67953034642,15128.717542411508,5.304442127370749,0.2619254890971654
benzindopyrine,[Cl].c1ccc(Cn2cc(CCc3ccncc3)c3ccccc32)cc1,1,train,0.4527412408510882,0.9717716275761829,0.0006156249014549,0.2359235126856506,0.8246316706462045,1339.5034357728737,4682.013011350434,5677.702152382139,4.100677031667639,0.148220936121576
rolicyprine,O=C1CCC(C(=O)NC2CC2c2ccccc2)N1,1,train,0.7835802674245732,0.9968380179680736,0.0032540729853378,0.0794604677401438,0.99698031112264,306.3792101820732,3844.1007078859066,3855.743854717947,4.048018271239877,0.1589402676160113
xaliproden,FC(F)(F)c1cccc(C2=CCN(CCc3ccc4ccccc4c3)CC2)c1,1,train,0.8104658876343283,0.9976949351192396,0.0011304807107043,0.0678587977893538,0.9600057038279516,849.2013129793227,12013.742222327372,12514.240461721703,5.767572073205214,0.0675296604589682
Praziquantel,O=C(C1CCCCC1)N1CC(=O)N2CCc3ccccc3C2C1,1,train,0.5471197600740981,0.9829596281981116,0.0010143371770049,0.1838215692801855,0.8789848017639385,866.5607666667161,4143.658150061578,4714.140838096545,3.94503592287668,0.1458306552633393
piperacillin,CCN1CCN(C(=O)N[C@@H](C(=O)N[C@@H]2C(=O)N3[C@@H](C(=O)O)C(C)(C)S[C@H]23)c2ccccc2)C(=O)C1=O.O,1,train,0.5172436416919564,0.9796165798777088,0.0003789639140355,0.200876470570101,0.9261187660226176,2443.817819381184,11266.951957320263,12165.774380869312,4.9150322275940495,0.1720935211812536
ascorbic-acid,O=C1C(O)=C(O)OC1C(O)CO,1,train,0.3839051138193033,0.9597499681083904,0.0025607842459695,0.2808558326187009,0.7777480732628624,303.7147992795426,841.0492947880937,1081.390393240919,2.5139311643804043,0.17485034112114
clotiazepam,CCc1cc2c(s1)N(C)C(=O)CN=C2c1ccccc1Cl,1,train,0.1476355078564575,0.8670253622381395,0.0004893620619809,0.4982640075660921,0.7649656223103528,1563.1894700086957,2399.904844733497,3137.271499188804,3.336925078167927,0.337663324810852
granisetron,CN1[C@H]2CCC[C@@H]1CC(NC(=O)c1nn(C)c3ccccc13)C2,1,train,0.5675805529931883,0.9847447231266664,0.0011077521889525,0.1740052593290934,0.914029775298318,825.1211637528984,4334.267336555439,4741.932323967056,3.980743913138717,0.1769011006365181
9-C7,NCCn1ncc2cc(Cl)c(Cl)cc21,1,train,0.4341971617260142,0.9684296049687874,0.0014584514201072,0.2492871842273451,0.7785226489986136,533.8008782914317,1667.0575147827678,2141.30894833573,3.0717216488646946,0.1135611765912602
azacyclonol,OC(c1ccccc1)(c1ccccc1)C1CCNCC1,1,train,0.1165674030898393,0.8018501172900545,0.0004577505167048,0.597525220724553,0.6417834729983077,1402.037681176659,1505.8855778655775,2346.407536533039,3.134626100035214,0.4052994114769441
etorphine,CCCC(C)(O)C1CC23C=CC1(OC)C1Oc4c(O)ccc5c4C12CCN(C)C3C5,1,train,0.1714491572153322,0.8841580434422024,0.0003641750478422,0.4671879217364855,0.767655021220895,2107.928661695053,3463.621267243213,4511.950253037615,3.500125168457119,0.3856780904391404
alletorphine,C=CCN1CCC23c4c5ccc(O)c4OC2C2(OC)C=CC3(CC2[C@](C)(O)CCC)C1C5,1,train,0.1675163887990295,0.8704649919139218,0.0002463847109297,0.4922303300816562,0.6804260521490902,2761.640726737433,3817.50611921125,5610.464365898183,3.7320821705659792,0.2975863274245531
acetorphine,CCC[C@@](C)(O)[C@H]1CC23C=CC1(OC)[C@H]1Oc4c(OC(C)=O)ccc5c4C12CCN(C)C3C5,1,train,0.1305551705080658,0.8524481446657183,0.0002605501266505,0.5228117832030709,0.7647207063290475,2935.0233529333573,4293.080614588303,5613.9196690471945,3.762489226405965,0.4216906398193557
pirandamine,CN(C)CCC1(C)OCCC2=C1c1ccccc1C2,1,train,0.3195999201269488,0.9455631302474388,0.0009138728987206,0.32543872958925,0.7890065937239729,863.3657862363128,2093.178334969245,2652.928824193738,3.3011188754322025,0.2375542913073328
odapipam,CC(=O)O.CN1CCc2cc(Cl)c(O)cc2[C@@H](c2cccc3c2OCC3)C1,1,train,0.1913370040605541,0.8898163464179336,0.0003904108990735,0.4563188245595834,0.7002646409646286,1793.6605833144893,2752.542776641732,3930.717925226167,3.297153418847123,0.3226438193398919
berupipam,CN1CCc2cc(Cl)c(O)cc2[C@@H](c2cc(Br)cc3c2OCC3)C1,1,train,0.1917539397413978,0.8972193241475415,0.0003591979081503,0.4415851949241832,0.8702930263926962,2422.878882770195,4775.102561649652,5486.775622507419,3.9392318309962144,0.4119786101731492
dazadrol,OC(C1=NCCN1)(c1ccc(Cl)cc1)c1ccccn1,1,train,0.2141514386176151,0.9087308984476776,0.0006395904386609,0.4173825034743031,0.7947397285383804,1242.575999419652,2365.9940324448203,2977.067771352215,3.382799493347536,0.4299991964959496
ciladopa,COc1ccc([C@H](O)CN2CCN(c3cccccc3=O)CC2)cc1OC,1,train,0.4642884791729963,0.9734415431088592,0.000544633436545,0.2289357161952742,0.8754964260654787,1607.496652462744,6147.391929632012,7021.607109532902,4.465874501713305,0.2377419956722558
desciclovir,Nc1ncc2ncn(COCCO)c2n1,1,train,0.5132616345384963,0.9793387406007518,0.0019162274669949,0.2022266826077443,0.8267731598161058,431.4587772362306,1763.9538560690953,2133.540300777835,3.216519972194302,0.1076376159620468
famciclovir,CC(=O)OCC(CCn1cnc2cnc(N)nc21)COC(C)=O,1,train,0.5039711917417349,0.978369879762923,0.0007681587003986,0.2068631875725682,0.8377263245454805,1090.5641296657548,4416.417878630734,5271.910108622789,4.095356352700011,0.0949126913838569
rociclovir,CC(C)OCC(COC(C)C)OCn1cnc2cnc(N)nc21,1,train,0.3508602121976645,0.9533628277312478,0.0004962838095739,0.3018266368302823,0.8047536581063968,1621.55936297263,4323.527714098612,5372.485940942435,4.1830558328114495,0.2094345675713991
neflumozide,O=c1[nH]c2ccccc2n1C1CCN(CCCc2noc3cc(F)ccc23)CC1,1,train,0.6852690540777298,0.9928171692549776,0.0007630487182662,0.1196414160419924,0.954148237305952,1250.4420942792715,9972.358733124378,10451.582199933044,5.241582115576095,0.1703730953156636
uldazepam,C=CCONC1=Nc2ccc(Cl)cc2C(c2ccccc2Cl)=NC1,1,train,0.195644440465605,0.8996941654549983,0.000400981484262,0.4365207997864868,0.8030204226749569,2002.637164538433,3684.036460848648,4587.724492207412,3.77628548303503,0.3451570568442151
cefotiam,CN(C)CCn1nnnc1SCC1=C(C(=O)O)N2C(=O)[C@@H](NC(=O)Cc3csc(N)n3)[C@H]2SC1,0,train,0.4448715139277862,0.9703092396070772,0.0003198666940041,0.2418676901389178,0.9135611845336132,2856.06848621057,10787.688541090589,11808.391954172028,4.9204202930652166,0.2374196168549154
sarmoxicillin,COCOC(=O)C1N2C(=O)C(N3C(=O)C(c4ccc(O)cc4)NC3(C)C)C2SC1(C)C,0,train,0.432681907676672,0.9688891470675238,0.0003933215893481,0.2474950922640007,0.8535159350613768,2170.020558688289,7483.571125828945,8767.93369451362,4.526566859199742,0.1747080328939348
sarpicillin,COCOC(=O)[C@@H]1N2C(=O)[C@@H](N3C(=O)C(c4ccccc4)NC3(C)C)[C@H]2SC1(C)C,0,train,0.3259894948232825,0.9468956300220596,0.0004464158350566,0.3215410795608036,0.8978037182116286,2011.1377054932027,5615.478160033855,6254.683564041761,4.001202076078715,0.3291838851255882
hetacillin,CC1(C)S[C@@H]2[C@H](N3C(=O)[C@@H](c4ccccc4)NC3(C)C)C(=O)N2[C@H]1C(=O)O,0,train,0.263652436449438,0.9291235967689434,0.0004765677594302,0.3697693090659933,0.8288060988168202,1739.1149158047183,3898.076485587949,4703.243003583988,3.6434556387396526,0.270478890635182
azepindole,c1ccc2c(c1)cc1n2CCCNC1,1,train,0.4882475653602798,0.9764195174222882,0.0029055522494075,0.2158817407675461,0.8224931413836423,283.0763554678305,1078.499552729056,1311.2565910455446,2.678634179635141,0.1241619824124289
cimoxatone,COCC1CN(c2ccc(OCc3cccc(C#N)c3)cc2)C(=O)O1,1,train,0.6420146909855782,0.9899964515784216,0.001008732746711,0.1410922601071157,0.9880592011864028,979.5054283782648,6859.407811501657,6942.304472510642,4.673569179471548,0.2030783303947159
almoxatone,CNC[C@@H]1CN(c2ccc(OCc3cccc(Cl)c3)cc2)C(=O)O1,1,train,0.6756541079331693,0.9923670414629971,0.0009635880823458,0.1233193213489998,0.9313232725623616,966.5159725668703,7299.252126171968,7837.506418248782,4.818299482492235,0.1467772656642775
aloracetam,CC(=O)NCCn1c(C)cc(C=O)c1C,1,train,0.5724144298713949,0.9852200948228408,0.0023096891531786,0.1712932128173,0.8563339633708065,370.7572346660985,1853.5002466715057,2164.4595752987902,3.24600974062589,0.1108568199679326
dimemorfan,Cc1ccc2c(c1)[C@]13CCCC[C@@H]1[C@H](C2)N(C)CC3,1,train,0.10820926967576,0.8324337824320618,0.0008277208932088,0.5541245328135643,0.796564418494403,962.3587190197684,1383.4087249425518,1736.7192066617174,2.8270448032354327,0.5358045006576255
Levallorphan,C=CCN1CC[C@]23CCCC[C@H]2[C@H]1Cc1ccc(O)cc13,1,train,0.1174028497712261,0.8198072086823729,0.0004835012914714,0.5726396254123675,0.6781100673578954,1402.498978429123,1660.8153444622103,2449.1825507519848,3.1185144753447296,0.4580574364393938
norlevorphanol,Oc1ccc2c(c1)C13CCCCC1C(C2)NCC3,1,train,0.1384405209222922,0.8624335549810311,0.0010387781504396,0.5061702907547823,0.8437781437857012,812.279449109091,1354.057435458178,1604.7552848229204,2.783574827704552,0.6156498390453741
Dextromethorphan,COc1ccc2c(c1)[C@]13CCCC[C@@H]1[C@H](C2)N(C)CC3,1,train,0.1879359450009262,0.8956447597652709,0.0007984583924358,0.4447701252388812,0.8105677968443079,1015.1659804984222,1850.0812117314488,2282.4509176581664,3.079522736414388,0.4324202471289136
drotebanol,COc1ccc2c(c1OC)[C@]13CCN(C)[C@H](C2)[C@]1(O)CC[C@@H](O)C3,1,train,0.1531717193869704,0.8691758414449382,0.0004968393038381,0.4945031411917257,0.7427383903418744,1494.9267994784282,2245.363946622624,3023.088581147808,3.184680299387721,0.4130861335062854
dextrorphan,CN1CC[C@@]23CCCC[C@@H]2[C@@H]1Cc1ccc(O)cc13,1,train,0.1128716745673464,0.835163182326289,0.0007750686176165,0.5500022353469353,0.7701284320398359,993.6261313328891,1391.3029536589318,1806.5856236131856,2.853550956250467,0.5475113901269875
levorphanol,CN1CC[C@]23CCCC[C@H]2[C@H]1Cc1ccc(O)cc13,1,train,0.1272224639509692,0.8521929070987229,0.0008394028399066,0.5232277220203718,0.8043428433528204,958.23221594324,1473.0626698981569,1831.386556207608,2.8776738751223165,0.5524636085273612
naflocort,C[C@]12C[C@H](O)[C@@]3(F)[C@@H](CCC4=CC(=O)C=C[C@@]43C)[C@@H]1C[C@H]1Cc3ccccc3C[C@]12C(=O)CO.O,1,train,0.2877866513271283,0.9370131963725032,0.0003411279450594,0.3492939590427881,0.8301629627053322,2433.5823984187805,5783.867489135138,6967.147113244719,3.9664006276757737,0.3931255810676557
mirfentanil,O=C(c1ccco1)N(c1cnccn1)C1CCN(CCc2ccccc2)CC1,1,train,0.3768684338953625,0.958494229213846,0.0004286916167469,0.2851119298867653,0.7834471547552541,1827.530850032119,5021.795633924387,6409.8715573141335,4.196470861349315,0.1717494351206493
compound 37,CN(C)Cc1ccc(-c2cccc(NC3N=CC=C3[N+](=O)[O-])c2)o1,1,train,0.6576784328759117,0.991352088925458,0.0010871796516625,0.1312289441515504,0.9237616058152524,849.6862541555373,5981.20745124194,6474.838760984564,4.515008735362266,0.1028485921505187
mazindol,OC1(c2ccc(Cl)cc2)c2ccccc2C2=NCCN21,1,train,0.3029541332483569,0.9411822627902714,0.0009077769182201,0.3378993166743378,0.8701098782787365,958.5062814604006,2468.207962357957,2836.6623848020217,3.316350695972283,0.3949972406919794
fluprazine,NC(=O)NCCN1CCN(c2cccc(C(F)(F)F)c2)CC1,1,train,0.7093214577209922,0.9940500282940984,0.0012707983350617,0.1089244749746446,0.9460369317309468,744.4430053372485,6465.677955131341,6834.487891821734,4.711635605963119,0.1348053504097945
acaprazine,CC(=O)NCCCN1CCN(c2cc(Cl)ccc2Cl)CC1,1,train,0.6392149823031018,0.9902422883138172,0.0009301068144791,0.1393564151197031,0.8947346778884746,961.9698124559465,6176.305192314862,6902.946029643791,4.610628276024892,0.1273009550743204
cannabidiol,C=C(C)[C@@H]1CCC(C)=CC1c1c(O)cc(CCCCC)cc1O,1,train,0.516575235053714,0.9797625313139008,0.00087529171354,0.2001633888436587,0.8974228341456815,1025.2842798157865,4596.812281770312,5122.236817326287,4.1331942830263895,0.1437408416744685
cinitapride,CCOc1cc(N)c([N+](=O)[O-])cc1C(=O)NC1CCN(CC2CC=CCC2)CC1,1,train,0.6518145161217939,0.9909486734863704,0.0007509637615549,0.134241299589966,0.9387131529110886,1250.0112534956552,8740.991099813184,9311.674256087788,4.896813058831258,0.163061040100013
aptazapine,CN1CCN2c3ccccc3Cn3cccc3C2C1.O=C(O)/C=C\C(=O)O,1,train,0.2202130458696672,0.903579631777076,0.0006235338465862,0.42842017814011,0.6849415730218607,1098.4833891084843,1756.2126595920677,2564.03280040941,2.708151288662347,0.2243363680175831
azipramine,CN(CCc1cc2cccc3c2n1-c1ccccc1CC3)Cc1ccccc1,1,train,0.4100588654584299,0.9649992655959292,0.0004598655359467,0.2622525832080919,0.8096647085107513,1760.6553333984418,5435.753844120623,6713.586237590647,4.356189523691941,0.160404715737756
fenaperone,O=C(CCCN1CCN(C(=O)OC2CCCCC2)CC1)c1ccc(F)cc1,1,train,0.7416204609355711,0.9953690204775976,0.0008753254501662,0.0961275874734605,0.9783255403916088,1117.6706220592566,11374.941825184498,11626.949676312532,5.659829795945572,0.1576783708914388
arfendazam,CCOC(=O)N1CCC(=O)N(c2ccccc2)c2cc(Cl)ccc21,1,train,0.2645597264878124,0.926017821937134,0.0004297491488322,0.3774797921145008,0.7230569463632439,1682.5093157904846,3222.821654342129,4457.216918462564,3.684678999993592,0.2465544280090664
lofendazam,O=C1CCNc2ccc(Cl)cc2N1c1ccccc1,1,train,0.1882514764705724,0.8702014458936298,0.0004897972211293,0.4926960965591629,0.6176144430463933,1260.9594673124566,1580.6635866349775,2559.3047643742407,3.1466522623273843,0.2414526346832979
ftormetazine,CN1CCN(CCC(=O)N2c3ccccc3Sc3ccc(C(F)(F)F)cc32)CC1,1,train,0.2931402196989542,0.93477451095969,0.0002420748830253,0.3552416271498488,0.7110818311480034,2937.445728616471,5879.841009514896,8268.866889795523,4.502093895382379,0.1042133824676959
ftorpropazine,O=C(CCN1CCN(CCO)CC1)N1c2ccccc2Sc2ccc(C(F)(F)F)cc21,1,train,0.3111231123340693,0.9418173859154876,0.0002281948121299,0.3361249939937778,0.7426288262734366,3254.3633194009594,7190.134787176219,9682.003354565184,4.72099495432103,0.1435482536846425
atropine-oxide,C[N+]1([O-])C2CCC1CC(OC(=O)C(CO)c1ccccc1)C2,1,train,0.2306247006401019,0.9163469824904774,0.0006792592631482,0.4003850742480251,0.8104173937170582,1193.0899402989614,2414.927283948058,2979.8561860472405,3.284290740902004,0.4000570459852525
Ipratropiumbromide,CC(C)[N+]1(C)C2CCC1CC(OC(=O)C(CO)c1ccccc1)C2.[Br-],0,train,0.5392699277403833,0.9813988027990124,0.0010363785704565,0.191980180916325,0.973584462464126,939.4100671487796,4764.007622521521,4893.265870804775,3.5844911028285718,0.3113619155616291
dupracetam,O=C(CN1CCCC1=O)NNC(=O)CN1CCCC1=O,1,train,0.7689083847437679,0.9964127377402524,0.0022649092789195,0.0846265683398261,0.9720487958167244,429.1778063095094,4929.678444944006,5071.431049716022,4.298111708599362,0.1275462869262207
prazitone,O=C1NC(=O)C(CC2CCCCN2)(c2ccccc2)C(=O)N1,1,train,0.2107795394543632,0.9075339721201172,0.0007083328961549,0.4199786773728903,0.835278859218343,1179.2179408192203,2345.2995817279134,2807.804310913188,3.2414085717908483,0.3229070745292559
meprednisone,C[C@H]1C[C@H]2[C@@H]3CCC4=CC(=O)C=C[C@]4(C)[C@H]3C(=O)C[C@]2(C)[C@@]1(O)C(=O)CO,1,train,0.5374282600263867,0.9817176832265708,0.000893300149276,0.1903428234535108,0.9327473074592842,1044.1589069644358,5116.748776549383,5485.675204452666,3.954065512831664,0.2784086008605789
prednisone,C[C@]12CC(=O)[C@H]3[C@@H](CCC4=CC(=O)C=C[C@@]43C)[C@@H]1CC[C@]2(O)C(=O)CO,0,train,0.5069255624481994,0.9784934699102252,0.0008929575234191,0.2062777965343024,0.920657632647902,1031.0206348031556,4601.644155584932,4998.214311600448,3.850924396199019,0.2921360419972348
chloroprednisone,CC(=O)OCC(=O)[C@@]1(O)CC[C@H]2[C@@H]3C[C@H](Cl)C4=CC(=O)C=C[C@]4(C)[C@H]3C(=O)C[C@@]21C,1,train,0.4859347956297311,0.9762442005489812,0.0005326778052491,0.2166731660692681,0.881292622888564,1654.4571863219244,6729.310046285821,7635.727193800322,4.291476240857791,0.2506548111362291
clobetasone,C[C@H]1C[C@H]2[C@@H]3CCC4=CC(=O)C=C[C@]4(C)[C@@]3(F)C(=O)C[C@]2(C)[C@@]1(O)C(=O)CCl,1,train,0.4926212700831217,0.976508439524704,0.0007314898933591,0.2154791580107633,0.9414020148728162,1286.9651698804482,5622.5929931287,5972.573782825731,3.968916038593075,0.2985032644259472
clobetasone-butyrate,CCCC(=O)O[C@]1(C(=O)CCl)[C@@H](C)C[C@H]2[C@@H]3CCC4=CC(=O)C=C[C@]4(C)[C@@]3(F)C(=O)C[C@@]21C,1,train,0.3362414257656363,0.9495834307500276,0.0003536184272861,0.3135144463099069,0.8930757989853477,2525.5352381921507,7194.227976609934,8055.562567906922,4.30756133566094,0.348155985936926
Trovafloxacin,NC1[C@@H]2CN(c3nc4c(cc3F)c(=O)c(C(=O)O)cn4-c3ccc(F)cc3F)C[C@H]12,1,train,0.2480211252022044,0.9120906194530056,0.0002390744879712,0.4099886607039673,0.6527189318896521,2730.190650740773,4346.576615916119,6659.1857590717855,4.061443558385624,0.1386714833555029
butriptyline,CC(CC1c2ccccc2CCc2ccccc21)CN(C)C,1,train,0.2569357388265661,0.9266861743641912,0.0006917339072001,0.3758360470235125,0.8160520377447524,1179.7195847284431,2561.522713718866,3138.920798234766,3.423847021814243,0.3636469260452036
oxitriptyline,CN(C)C(=O)COC1c2ccccc2CCc2ccccc21,1,train,0.1646669908554613,0.87573544521358,0.000478850256682,0.4827912903072847,0.7261083229429977,1516.3578024875949,2280.571425066538,3140.8143289463046,3.4269053551448883,0.3708090860748645
cyheptamide,NC(=O)C1c2ccccc2CCc2ccccc21,1,train,0.1867184970460147,0.8942552056004153,0.0011670325585431,0.4475574010744979,0.8754663417577832,750.1644537241102,1467.3955305886109,1676.1301498380135,2.86427687232085,0.4829571004007139
amineptine,O=C(O)CCCCCC[NH2+]C1c2ccccc2CCc2ccccc21.[Cl-],1,train,0.3463541940654825,0.9522831821982204,0.000510759778376,0.3052158922835292,0.8762144615627837,1715.51186812056,4924.895281774745,5620.650534563061,4.049088783524608,0.3488682363101831
formocortal,CC(=O)OCC(=O)[C@@]12OC(C)(C)O[C@@H]1CC1C3CC(C=O)=C4C=C(OCCCl)CCC4(C)[C@@]3(F)C(O)CC12C,1,train,0.5442939342740157,0.9826462914307436,0.000322368024007,0.1854892609759555,0.8964210899635978,2780.7382345833366,13438.580681346124,14991.370497420852,5.236671893894364,0.1807039413195619
cicortonide,CC(=O)OCC(=O)[C@@]12OC(C)(C)O[C@@H]1C[C@H]1C3CC(C#N)=C4C=C(OCCCl)CCC4(C)[C@@]3(F)C(O)CC12C,1,train,0.3341896856866572,0.9453789712431696,0.0002659811241948,0.3259733129125851,0.991691435569357,3728.42786709575,11342.799663261114,11437.831624258108,4.838922027607813,0.4083506554604371
Colchicine,COc1cc2c(c(OC)c1OC)-c1ccc(OC)c(=O)cc1[C@@H](NC(C)=O)CC2,0,train,0.191684723844086,0.894664550577425,0.0002980990255494,0.4467385610623893,0.7440561467950064,2496.003284222729,4157.166512847952,5587.1677571038,3.914301660580462,0.3316265258285626
SB204457,COc1cc2c(c(OC)c1OC)-c1ccc(OC)c(=O)cc1C(NC(C)=O)CC2,1,train,0.2081442149123709,0.9060321368708314,0.0003973934846745,0.4232088928145,0.8550224491547429,2151.576415136737,4346.898581878676,5083.958422584024,3.807654207061728,0.5313744270158046
difencloxazine,Clc1ccc(C(OCCN2CCOCC2)c2ccccc2)cc1,1,train,0.3130835460823277,0.9424710734445134,0.0003759902665075,0.3342877139835484,0.7452473348949963,1982.0920946101785,4418.794915978791,5929.299856672939,4.310260325927231,0.2471677965132766
ciclazindol,OC1(c2cccc(Cl)c2)C2=NCCCN2c2ccccc21,1,train,0.1291520476277801,0.85403578978598,0.0006375721762181,0.5202142537115235,0.865816810792573,1357.9902685343804,2260.166450652065,2610.444175348244,3.2285653399897933,0.3549699240338644
Zolantidine,O=C(O)/C=C\C(=O)O.O=C(O)/C=C\C(=O)O.c1cc(CN2CCCCC2)cc(OCCCNc2nc3ccccc3s2)c1,1,train,0.7288560877495959,0.994910811229183,0.0007308892672399,0.1007595042628193,0.952778805308928,1303.588447682202,12326.692681590364,12937.622681051947,4.652533167198808,0.1108326588949395
ethomoxane,CCCCNCC1COc2cccc(OCC)c2O1.[Cl-].[H+],1,train,0.3088108769032594,0.940240337871506,0.0010077083318676,0.3405115373071464,0.952826211148148,945.537692818521,2645.8225306280237,2776.8154356709274,3.248050917753736,0.3895879726067888
pentamoxane,CC(C)CCNCC1COc2ccccc2O1,1,train,0.6058659242418489,0.987803930016964,0.0019914079188517,0.1557029089100175,0.9335267558095838,468.777264051373,2810.584089729975,3010.7161602374726,3.6557553284982953,0.2027537627676559
butamoxane,CCCCNCC1COc2ccccc2O1,1,train,0.6466706142579337,0.990395299446903,0.0027823125322588,0.1382647852255934,0.9774554866946888,351.31045680951473,2483.5704404516337,2540.8527285983555,3.485083320676123,0.2184671787453089
meprotixol,COc1ccc2c(c1)C(O)(CCCN(C)C)c1ccccc1S2,1,train,0.0994430318242862,0.8017561742645264,0.0003250035725291,0.5976512670686063,0.6997915270751947,2153.181030071101,2521.165643123833,3602.73816640956,3.544206869454274,0.3641446926394397
Methylcyclopentane,CC1CCCC1,1,train,0.2823142913724256,0.9337313698651024,0.0094046900596352,0.3579744808360495,0.7537523528124476,80.14643204963609,168.75661523650308,223.8886745849985,1.6759532901626115,0.38196148656696
danitracen,CN1CCC(=C2c3ccccc3C(O)c3ccccc32)CC1,1,train,0.1562223156637322,0.8668043271990652,0.000490033951727,0.498648431611868,0.7081942982364351,1445.1943497801417,2052.5049984604207,2898.222992717712,3.3128081854629765,0.2986765312986972
Domperidone,O=c1[nH]c2ccccc2n1CCCN1CCC(n2c(=O)[nH]c3cc(Cl)ccc32)CC1,0,train,0.7765808377177751,0.9966265825662948,0.0009395916505893,0.0820698173644128,0.990434932804601,1054.1121051717876,12721.235230956529,12844.0898130824,5.5901108444219565,0.1660571356102902
gacyclidine,C[C@H]1CCCC[C@@]1(c1cccs1)N1CCCCC1,1,train,0.1075469963741834,0.8310586923037039,0.0007699034815166,0.5561847264591664,0.788749125437919,1024.4779305116283,1452.8555590978126,1841.974225063232,2.863142563365074,0.5007458707670581
fursultiamine,C/C(=C(/CCO)SSCC1CCCO1)N(C=O)Cc1cnc(C)nc1N,1,train,0.3437677270284367,0.951939996952192,0.0004102635169909,0.3062845771544181,0.8296561985147091,2022.2519530853835,5477.826808725957,6602.5262253601295,4.20621131020281,0.2162222011576489
antipyrine,Cc1cc(=O)n(-c2ccccc2)n1C,1,train,0.3955570870056032,0.962216345695992,0.0022169800045627,0.2722860702927191,0.7927560664645961,357.5837692866096,1041.0988048947445,1313.2650116922684,2.683992060761019,0.1647194914703252
Aminopyrine,Cc1c(N(C)C)c(=O)n(-c2ccccc2)n1C,1,train,0.4096351273998619,0.9649395228198407,0.0014799562335391,0.2624723172073926,0.8108554083046118,547.891478091579,1692.600472694923,2087.425767109231,3.058705206189676,0.1716933173882135
pipofezine,CN1CCN(c2cc3c(nn2)Oc2ccccc2N3C)CC1,1,train,0.5934899535432836,0.9867862472587908,0.0014335581431078,0.1620274736608349,0.9407080506921984,656.2050205042958,3809.831331353052,4049.961439736457,3.784077633206429,0.1916155267944856
perafensine,c1ccc(-c2nc(N3CCNCC3)cc3ccccc23)cc1,1,train,0.2427420085805191,0.9098211596807164,0.0004528209134982,0.4150005510806415,0.6533039479284852,1442.7424362568431,2271.200187556868,3476.4831817693043,3.524735640513542,0.148090318215555
zometapine,CC1=C2C(c3cccc(Cl)c3)=NCCN=C2N(C)N1,1,train,0.2902955203371621,0.9377557170827204,0.0009128161895929,0.3472955730766987,0.8413414646718737,921.6986664610396,2232.862628096863,2653.931515152041,3.251201809451891,0.2917224879572051
pipequaline,c1ccc(-c2cc(CCC3CCNCC3)c3ccccc3n2)cc1,1,train,0.4323780040746155,0.9686862280041686,0.0005892724931724,0.2482881222995896,0.8158442980554901,1384.4941135182646,4549.277741294246,5576.159264870936,4.264520307826604,0.1582210192532439
chlorprothixene,CN(C)CC/C=C1/c2ccccc2Sc2ccc(Cl)cc21,1,train,0.1769212107115216,0.8451836210583153,0.0002731144479345,0.534476048756868,0.5797123704164957,2122.598693699903,2302.2485722788265,3971.3635412416174,3.645634843921403,0.1923141246495346
prothixene,CN(C)CCC=C1c2ccccc2Sc2ccccc21,1,train,0.2925579824109401,0.9364344976671208,0.0006470905955048,0.350842459772085,0.7427932800866763,1147.8968868449408,2430.293341161552,3271.83000481367,3.4885934698607395,0.1549753835901293
9-C1,Cn1c(=O)c2nc[nH]c2n(C)c1=O,1,train,0.2610710149718598,0.9027080831135657,0.0013466795052261,0.430253549295566,0.5762006379690457,427.8676817557069,573.0054559633953,994.4547405971076,2.3531765607489112,0.0582036273632712
spirilene,C/C(=C/CCN1CCC2(CC1)C(=O)NCN2c1ccccc1)c1ccc(F)cc1,1,train,0.6079587257635328,0.9879078365536432,0.0006412969834025,0.1550422731899279,0.9428429027364992,1470.212595939653,8940.655235991193,9482.656347141088,5.027651727736515,0.2157364749616495
anisopirol,COc1ccccc1N1CCN(CCCC(O)c2ccc(F)cc2)CC1,1,train,0.6746993883869132,0.9922168124420128,0.0009162809636436,0.124522275547034,0.9587879817255852,1046.390812172823,8056.9274091078305,8403.2419707716,4.94159193973942,0.1866791796475094
meclorisone(meclorisone-dibutyrate),C[C@@H]1CC2C3CCC4=CC(=O)C=CC4(C)[C@@]3(Cl)C(Cl)CC2(C)[C@@]1(O)C(=O)CO,1,train,0.3768371531081961,0.9584292078258674,0.0005899567144365,0.2853304287773744,0.9057945496696824,1535.357641508965,4874.063342741512,5380.981089496448,3.7140548203611616,0.3337160552969329
alclometasone-dipropionate,CCC(=O)OCC(=O)[C@@]1(OC(=O)CC)[C@H](C)C[C@H]2[C@H]3[C@H]([C@@H](O)C[C@@]21C)[C@@]1(C)C=CC(=O)C=C1C[C@H]3Cl,1,train,0.5109342252390083,0.9782482747037176,0.0004558733975918,0.2074374918841811,0.9718894956899652,2131.928515293767,9988.545998872652,10277.4503101112,4.636061552174737,0.331666269920544
timobesone-acetate,CSC(=O)C1(OC(C)=O)[C@@H](C)C[C@H]2[C@@H]3CCC4=CC(=O)C=C[C@]4(C)C3(F)[C@@H](O)C[C@@]21C,1,train,0.3645857763936573,0.953934230822434,0.0005290375210789,0.3000158050256873,0.9690978947484292,1831.813162839532,5917.042535569947,6105.7222058107645,3.921024462653583,0.4470458467580902
icometasone-enbutate,CCCC(=O)O[C@]1(C(=O)COC(C)=O)[C@H](C)C[C@H]2[C@@H]3CCC4=CC(=O)C=C[C@]4(C)[C@@]3(Cl)[C@@H](O)C[C@@]21C,1,train,0.3307538258116232,0.9487795922518156,0.000291256840903,0.3159387366665867,0.8529714795952194,2928.588653748197,7906.604373586321,9269.482699865215,4.39231863979491,0.3526096244140878
clocortolone,C[C@@H]1CC2C3C[C@H](F)C4=CC(=O)C=CC4(C)[C@@]3(Cl)C(O)CC2(C)C1C(=O)CO,1,train,0.2515135245203265,0.922172755072693,0.0005400055301747,0.3867782437025625,0.9271081126979956,1716.8492930025177,4115.290696253572,4438.846602558124,3.535217535056362,0.4537286219886172
clocortolone-acetate,CC(=O)OCC(=O)[C@H]1[C@H](C)C[C@H]2[C@@H]3C[C@H](F)C4=CC(=O)C=C[C@]4(C)C3(Cl)[C@@H](O)C[C@@]21C,1,train,0.5121716661747664,0.9787733624652636,0.0005597732951154,0.2049456145626005,0.9482048319702646,1693.9086595310555,7837.066332507524,8265.161775460443,4.432234577841975,0.242390865158839
clocortolone-pivalate,C[C@@H]1CC2C3C[C@H](F)C4=CC(=O)C=CC4(C)[C@@]3(Cl)C(O)CC2(C)C1C(=O)COC(=O)C(C)(C)C,1,train,0.3450931536873984,0.952125336360308,0.0003223720516021,0.3057079388252296,0.8646023508730138,2682.0015772956226,7585.229476492595,8773.084492349079,4.385366298581584,0.2518415685848789
prednicarbate,CCOC(=O)O[C@]1(C(=O)COC(=O)CC)CC[C@H]2[C@@H]3CCC4=CC(=O)C=C[C@]4(C)[C@H]3[C@@H](O)C[C@@]21C,1,train,0.4610488341697197,0.9726960716282826,0.0003892048202808,0.232082640968485,0.9120659728256142,2343.408727999304,9209.406409335692,10097.302918564772,4.707048003410161,0.2893934852069689
prednisolamate,CCN(CC)CC(=O)OCC(=O)C1(O)CCC2C3CCC4=CC(=O)C=CC4(C)C3C(O)CC21C,1,train,0.6146032276064191,0.988411553532864,0.0005791471793033,0.1517978947243667,0.9418697773064624,1626.3046958796665,10090.833239301532,10713.618254276156,4.866273653914283,0.1908429137781491
Methylprednisolone,C[C@H]1C[C@H]2[C@@H]3CC[C@](O)(C(=O)CO)[C@@]3(C)C[C@H](O)[C@@H]2[C@@]2(C)C=CC(=O)C=C12,0,train,0.4861362221930657,0.9759171009015432,0.0007908408468107,0.2181417249586314,0.9243182860985844,1168.779141626441,4952.394748051068,5357.888968046298,3.9149448158066495,0.2836500660042179
prednisolone-steaglate,CCCCCCCCCCCCCCCCCC(=O)OCC(=O)OCC(=O)[C@@]1(O)CC[C@H]2[C@@H]3CCC4=CC(=O)C=C[C@]4(C)[C@H]3[C@@H](O)C[C@@]21C,1,train,0.8449231233791343,0.9984845334862276,0.0003338548876596,0.0550330481510007,0.9863554042425554,2954.4435043532644,52952.38797335565,53684.89668692897,8.94422817167709,0.0728473310707257
prednisolone-tebutate,CC(C)(C)CC(=O)OCC(=O)[C@@]1(O)CC[C@H]2[C@@H]3CCC4=CC(=O)C=C[C@]4(C)[C@H]3[C@@H](O)C[C@@]21C,1,train,0.631917855099163,0.9896236220277268,0.0006221447788505,0.1436839821438791,0.9449605070085776,1518.8755722653752,9989.126202067571,10570.94569347637,4.906361316594414,0.1688238339570714
methylprednisolone21hemisuccinate(methylprednisolone-hemisuccinate),CCC(=O)O[C@]1(C(=O)COC(C)=O)CC[C@H]2[C@@H]3C[C@H](C)C4=CC(=O)C=C[C@]4(C)[C@H]3[C@@H](O)C[C@@]21C,1,train,0.4566266000666582,0.9714764950043192,0.0004627609671488,0.2371358674981986,0.9485022287502232,2049.659102828172,8198.279946940007,8643.395554001303,4.470741631950468,0.3764590063143979
tipredane,CCS[C@]1(SC)CC[C@H]2[C@@H]3CCC4=CC(=O)C=C[C@]4(C)[C@@]3(F)[C@@H](O)C[C@@]21C,1,train,0.456871931056261,0.9720130458883706,0.0007043359802157,0.2349268793110153,0.918784085259783,1304.4684796286203,5101.693268649335,5552.657420276113,3.8160064692081472,0.2771295418416981
ticabesone(ticabesone-propionate),CCC(=O)O[C@]1(C(=O)SC)[C@H](C)CC2C3C[C@H](F)C4=CC(=O)C=CC4(C)[C@@]3(F)[C@@H](O)C[C@@]21C,1,train,0.3777676851634846,0.9579562923494632,0.0004474829601856,0.286914171744914,0.9342918808004184,2087.8825875576085,6798.868587620475,7277.028439758898,4.092302727790964,0.3895594148770215
amelometasone,CCC(=O)O[C@]1(C(=O)COC)[C@@H](C)C[C@H]2[C@@H]3CCC4=CC(=O)C=C[C@]4(C)[C@@]3(F)[C@@H](O)C[C@@]21C,1,train,0.3155826795840714,0.9420942796705482,0.0004240341243731,0.3353481298770444,0.9549287570001662,2252.009218389671,6412.763847701341,6715.436937773803,4.077397352742588,0.5171531405881257
cloticasone(cloticasone-propionate),CCC(=O)O[C@]1(C(=O)SCCl)[C@H](C)C[C@H]2C3C[C@H](F)C4=CC(=O)C=C[C@]4(C)[C@@]3(F)[C@@H](O)C[C@@]21C,1,train,0.4845269432988639,0.9750189288835538,0.000466291199845,0.2221217871321215,0.9668927279683384,2073.581333487645,9026.267697943244,9335.335179228709,4.4454397557450624,0.4477771826868503
fluocortin,CCCCOC(=O)C(=O)C1C(C)CC2C3CC(F)C4=CC(=O)C=CC4(C)C3C(O)CC21C,1,train,0.3657201177606445,0.9567460431615592,0.0003677570202686,0.2909244040892754,0.8563366310664231,2328.5391817699347,6854.060265123487,8003.932117896099,4.386717819966726,0.2462578351544423
fluocortolone-caproate,CCCCCC(=O)OCC(=O)C1C(C)CC2C3CC(F)C4=CC(=O)C=CC4(C)C3C(O)CC21C,1,train,0.5637694302810271,0.9841722329310718,0.0004646419224743,0.1772146041596691,0.9452426505183998,2034.3464607859075,10850.97387872972,11479.564398388831,5.06637541917897,0.2271889584459687
cormetasone,CC1CC2C3CC(F)(F)C4=CC(=O)C=C[C@]4(C)C3(F)C(O)CC2(C)C1(O)C(=O)CO,1,train,0.2491663972847509,0.9200106657773108,0.0005072839208117,0.3918933207596033,0.948827647580073,1870.407495001561,4528.513882447892,4772.746550964856,3.610733689197231,0.4872215421464853
fluorometholone-acetate,CC(=O)O[C@]1(C(C)=O)CC[C@H]2[C@@H]3C[C@H](C)C4=CC(=O)C=C[C@]4(C)[C@@]3(F)[C@@H](O)C[C@@]21C,1,train,0.3675964759693389,0.9546652622176248,0.000607865137156,0.2976814356236438,0.967755094452416,1592.055598023116,5175.733960065542,5348.185702906709,3.8046425937739903,0.4600187859457417
clobetasol,CC1CC2C3CCC4=CC(=O)C=CC4(C)[C@@]3(F)C(O)CC2(C)[C@@]1(O)C(=O)CCl,1,train,0.5086413753355774,0.9782439422218272,0.0007815043193494,0.2074579222548483,0.9559564255822054,1223.226029483753,5636.568467064527,5896.260871547249,3.9397463277934746,0.381646901221205
clobetasol-propionate,CCC(=O)O[C@]1(C(=O)CCl)[C@@H](C)C[C@H]2[C@@H]3CCC4=CC(=O)C=C[C@]4(C)[C@@]3(F)[C@@H](O)C[C@@]21C,1,train,0.3875020392717428,0.9600734395796616,0.0004808812265519,0.2797480842001923,0.9286522157749292,1931.146745806053,6410.638019583272,6903.163434799763,4.04017552396988,0.391254325061952
timobesone,CSC(=O)C1(O)C(C)CC2C3CCC4=CC(=O)C=CC4(C)C3(F)C(O)CC21C,1,train,0.4628412662010989,0.972140942303868,0.0007176463060802,0.2343970739931439,0.9603663676514548,1338.2168339958196,5482.911617028914,5709.187453572744,3.91607839830355,0.425034485073476
cormethasoneacetate(cormetasone-acetate),CC(=O)OCC(=O)C1(O)C(C)CC2C3CC(F)(F)C4=CC(=O)C=CC4(C)C3(F)C(O)CC21C,1,train,0.5337569304077793,0.981088459388707,0.0005711974733917,0.1935598999129034,0.9544105294611158,1670.8941721919684,8238.891383353726,8632.439740585858,4.4390853946246045,0.3138729474693628
triamcinolone-diacetate,CC(=O)OCC(=O)[C@@]1(O)[C@H](OC(C)=O)C[C@H]2[C@@H]3CCC4=CC(=O)C=C[C@]4(C)[C@@]3(F)[C@@H](O)C[C@@]21C,1,train,0.3470483008287466,0.9525498358241544,0.0003403373906252,0.3043826707803461,0.8673645209022994,2548.543136294581,7262.292201930852,8372.825988289278,4.358918999028642,0.3032383638812307
fluticasone,CC1CC2C3CC(F)C4=CC(=O)C=CC4(C)C3(F)C(O)CC2(C)C1(O)C(=O)SCF,1,train,0.3883108293483155,0.9599439560403142,0.0005440743631227,0.2801920792272175,0.9399146243390788,1727.5480854206469,5795.123524598597,6165.5850164833455,3.9238812999067743,0.4534199668527304
fluticasone-propionate,CCC(=O)O[C@]1(C(=O)SCF)[C@H](C)C[C@H]2[C@@H]3C[C@H](F)C4=CC(=O)C=C[C@]4(C)[C@@]3(F)[C@@H](O)C[C@@]21C,1,train,0.4210004673131704,0.9663539312178048,0.0004595056738118,0.2572160174248367,0.9216560773316382,2005.755597501132,7187.02067852003,7797.942047241483,4.119595347729269,0.4278842664687218
mometasone(mometasone-furoate),C[C@@H]1C[C@H]2[C@@H]3CCC4=CC(=O)C=C[C@]4(C)[C@@]3(Cl)[C@@H](O)C[C@]2(C)[C@@]1(O)C(=O)CCl,1,train,0.4807019075265856,0.9745516997515504,0.0007100767500212,0.2241628526570884,0.96466026693553,1358.5295771290191,5846.28313290539,6060.458104569272,3.9395086853366537,0.3094474021257723
ulobetasol,CC1CC2C3CC(F)C4=CC(=O)C=CC4(C)C3(F)C(O)CC2(C)C1(O)C(=O)CCl,1,train,0.4834582270446104,0.9753642828859592,0.0006628391400526,0.2206003528337124,0.9394096188494664,1417.2512787564497,6035.255458517347,6424.519546551984,4.022107423080478,0.3074177445142553
methylprednisolone,C[C@H]1C[C@H]2[C@@H]3CC[C@](O)(C(=O)CO)[C@@]3(C)C[C@H](O)[C@@H]2[C@@]2(C)C=CC(=O)C=C12,1,train,0.4861362221930657,0.9759171009015432,0.0007908408468107,0.2181417249586314,0.9243182860985844,1168.779141626441,4952.394748051068,5357.888968046298,3.9149448158066495,0.2836500660042179
methylprednisolone-aceponate,CC(=O)OCC(=O)[C@@]1(O)CC[C@H]2[C@@H]3C[C@H](C)C4=CC(=O)C=C[C@]4(C)[C@H]3[C@@H](O)C[C@@]21C,1,train,0.5094858946648769,0.9789221777366048,0.0005850329374928,0.2042336160758631,0.9048146820048024,1546.60468499849,6851.911321612397,7572.723407218131,4.378642724067598,0.2149439143378885
methylprednisolone-acetate,C[C@H]1C[C@H]2[C@@H]3CC[C@](O)(C(=O)COC(=O)CCC(=O)O)[C@@]3(C)C[C@H](O)[C@@H]2[C@@]2(C)C=CC(=O)C=C12,1,train,0.705123626336246,0.9938140302317936,0.0006562304539528,0.1110570723296798,0.958134107934494,1460.0573657670443,12596.503152267343,13146.910279002972,5.353726389865893,0.1502222296032404
rimexolone,CCC(=O)[C@@]1(C)[C@H](C)C[C@H]2[C@@H]3CCC4=CC(=O)C=C[C@]4(C)[C@H]3[C@@H](O)C[C@@]21C,1,train,0.5055713550943691,0.978267574370526,0.0008338732979262,0.2073464562880392,0.927087725351034,1111.784881056428,4971.01390064958,5361.967119958737,3.929841302058482,0.2889694775029737
deprodone,CC(=O)C1(O)CCC2C3CCC4=CC(=O)C=CC4(C)C3C(O)CC21C,1,train,0.4555556543664437,0.9715036758072936,0.0009367779380878,0.2370244879604566,0.9387400612677048,1002.0945446088276,3968.8147933434793,4227.810186329817,3.654138177748536,0.3629091402080216
descinolone(descinolone-acetonide),CC(=O)[C@@]1(O)[C@H](O)C[C@H]2[C@@H]3CCC4=CC(=O)C=C[C@]4(C)[C@@]3(F)[C@@H](O)C[C@@]21C,1,train,0.4510813502893705,0.9708626036070848,0.0008333243675552,0.2396368187847452,0.9374112181822232,1124.9055646031195,4400.405167295182,4694.210056316809,3.6745296068177615,0.3408132728386106
desoximetasone,C[C@@H]1C[C@H]2[C@@H]3CCC4=CC(=O)C=C[C@]4(C)[C@@]3(F)[C@@H](O)C[C@]2(C)[C@H]1C(=O)CO,1,train,0.4669390526638768,0.9734569124396124,0.0007803950250258,0.2288703554930968,0.9170897307936484,1175.1609138760025,4708.901700370134,5134.613922996451,3.825477798485177,0.3048444584560615
beclomethasone/beclometasone,C[C@H]1C[C@H]2[C@@H]3CCC4=CC(=O)C=C[C@]4(C)[C@@]3(Cl)[C@@H](O)C[C@]2(C)[C@@]1(O)C(=O)CO,1,train,0.5022129184690406,0.977753447154524,0.0007835049802408,0.2097574708501359,0.9366281650771088,1195.4335820420583,5337.958919325343,5699.122787841737,3.8674316555895034,0.2629216611208257
dichlorisone,CC12CC(Cl)[C@@]3(Cl)C(CCC4=CC(=O)C=CC43C)C1CC[C@]2(O)C(=O)CO,1,train,0.4264800480177806,0.9673125442526642,0.0006957849632491,0.2535871481984792,0.9192236635080978,1321.1318324781494,4788.947908658306,5209.77439852006,3.700421321671419,0.3393673537259463
dichlorisone-acetate,CC(=O)OCC(=O)[C@@]1(O)CCC2C3CCC4=CC(=O)C=CC4(C)[C@@]3(Cl)C(Cl)CC21C,1,train,0.3462324473309507,0.9520464857966268,0.0004555929515375,0.3059534096595317,0.8894212582457508,1952.227871928537,5675.220198282268,6380.801162180206,3.921849371740453,0.3244956708594749
prednisolone,C[C@]12C[C@H](O)[C@H]3[C@@H](CCC4=CC(=O)C=C[C@@]43C)[C@@H]1CC[C@]2(O)C(=O)CO,0,train,0.5238692569198872,0.9800887416593448,0.0009584180643001,0.1985599619072326,0.9489222997530612,990.0922521175236,4731.672024020596,4986.364031335256,3.854067090182374,0.2963966728887934
halocortolone,C[C@@H]1C[C@H]2[C@@H]3C[C@H](F)C4=CC(=O)C=C[C@]4(C)C3(Cl)[C@@H](F)C[C@]2(C)[C@H]1C(=O)CO,1,train,0.4338522386214897,0.968688095887532,0.0006474564810297,0.2482808347130077,0.9071589792924996,1401.111898439436,5119.328848447375,5643.254341636986,3.83789615590969,0.2883974091634044
halopredone(halopredone-acetate),C[C@]12C=C(Br)C(=O)C=C1[C@H](F)C[C@H]1[C@@H]3CCC(O)(C(=O)CO)[C@@]3(C)C[C@H](O)C12F,1,train,0.4314648380478643,0.9686455472634368,0.000465165287179,0.2484467825646306,0.871490672952399,1873.5075401638612,6571.807169746935,7540.880669994145,4.100735662678504,0.3240537719033416
diflorasone-diacetate,CC(=O)OCC(=O)[C@@]1(OC(C)=O)[C@@H](C)C[C@H]2[C@@H]3C[C@H](F)C4=CC(=O)C=C[C@]4(C)[C@@]3(F)[C@@H](O)C[C@@]21C,1,train,0.5080414895329358,0.9780173839638706,0.0005270826335759,0.2085233719861322,0.9653790456426482,1831.5516090773128,8479.344677650342,8783.435600682304,4.393801929542568,0.3626434086686047
diflucortolone,C[C@@H]1CC2C3C[C@H](F)C4=CC(=O)C=CC4(C)[C@@]3(F)C(O)CC2(C)C1C(=O)CO,1,train,0.205420499156163,0.8988591029840381,0.0005292663519977,0.4382377356900365,0.9627927530499342,1819.1081851620213,3996.516125956314,4150.961993945378,3.5543307095349337,0.5254375982520386
diflucortolone-pivalate,C[C@@H]1C[C@H]2[C@@H]3C[C@H](F)C4=CC(=O)C=C[C@]4(C)[C@@]3(F)[C@@H](O)C[C@]2(C)[C@H]1C(=O)COC(=O)C(C)(C)C,1,train,0.4977777735389445,0.9776695457792286,0.0004433402117568,0.2101481840412541,0.8852360135688587,1996.7419830040149,8411.150071194797,9501.59047109365,4.560784274478978,0.2080952085844117
difluprednate,CCCC(=O)O[C@]1(C(=O)COC(C)=O)CC[C@H]2[C@@H]3C[C@H](F)C4=CC(=O)C=C[C@]4(C)[C@@]3(F)[C@@H](O)C[C@@]21C,1,train,0.4230715937047528,0.9669084517081462,0.0003643499011886,0.2551235896881257,0.909176082067858,2495.337803308612,8892.558505551366,9780.89798108839,4.562079175484351,0.2825125947159871
betamethasone-benzoate,CCCCC(=O)O[C@]1(C(=O)CO)[C@@H](C)C[C@H]2[C@@H]3CCC4=CC(=O)C=C[C@]4(C)[C@@]3(F)[C@@H](O)C[C@@]21C,1,train,0.3460446169710113,0.95181729261442,0.000380771704308,0.3066656835711416,0.8988785736120889,2360.675868091791,6919.460085525243,7697.880769056284,4.22044549592747,0.3590374924922507
Betamethasone,C[C@H]1C[C@H]2[C@@H]3CCC4=CC(=O)C=C[C@]4(C)[C@@]3(F)[C@@H](O)C[C@]2(C)[C@@]1(O)C(=O)CO,0,train,0.501369598228088,0.9778076839087833,0.0008090240209937,0.2095044946747946,0.923586060252096,1141.60523826923,5032.687656715386,5449.07277546144,3.848126850760701,0.2774887808085562
doxibetasol,CC(=O)[C@@]1(O)[C@@H](C)C[C@H]2[C@@H]3CCC4=CC(=O)C=C[C@]4(C)[C@@]3(F)[C@@H](O)C[C@@]21C,1,train,0.4873553920265449,0.9758104539175037,0.0008959059551603,0.2186182929796027,0.9432542266172056,1052.8496000993953,4542.642894840673,4815.926360735178,3.718569716107088,0.3010099768429941
paramethasone,C[C@@H]1C[C@H]2[C@@H]3C[C@H](F)C4=CC(=O)C=C[C@]4(C)[C@H]3[C@@H](O)C[C@]2(C)[C@@]1(O)C(=O)CO,1,train,0.4062545006879607,0.9641290743552504,0.0006347917128794,0.265433848600528,0.9011650685530052,1419.623240614227,4819.712639109939,5348.312764551471,3.8422099158428913,0.3341681069568063
beclomethasonedipropionate(beclometasone-dipropionate),CCC(=O)OCC(=O)[C@@]1(OC(=O)CC)[C@@H](C)C[C@H]2[C@@H]3CCC4=CC(=O)C=C[C@]4(C)[C@@]3(Cl)[C@@H](O)C[C@@]21C,1,train,0.4419417921358279,0.96924907664972,0.0004034707616395,0.2460817494526267,0.9478992994046206,2349.363050627921,9049.673918081524,9547.083665707592,4.483292790429212,0.3824914615700315
alclometasone,C[C@@H]1C[C@H]2[C@H]3[C@H]([C@@H](O)C[C@]2(C)[C@@]1(O)C(=O)CO)[C@@]1(C)C=CC(=O)C=C1C[C@H]3Cl,1,train,0.446470664329162,0.9707390311483112,0.0006451167556122,0.2401369055460617,0.8978050595958954,1391.6939093355284,5203.156217779121,5795.418684899232,3.8922894437328495,0.3353808524238942
isoflupredone,CC12C=CC(=O)C=C1CCC1C3CCC(O)(C(=O)CO)C3(C)CC(O)C12F,1,train,0.4302819909240455,0.9675431091589778,0.0008345328466376,0.252706018762867,0.9398968283485846,1126.255044526319,4188.913067619534,4456.779660571393,3.593164116034357,0.4180513418314239
isoflupredone-acetate,CC(=O)OCC(=O)[C@@]1(O)CC[C@H]2[C@@H]3CCC4=CC(=O)C=C[C@]4(C)[C@@]3(F)[C@@H](O)C[C@@]21C,1,train,0.3777605152045308,0.9590417893474786,0.0005121786371557,0.2832646223678249,0.8777522638559621,1713.7619576058196,5310.435258115019,6050.038805694785,3.942956992480681,0.3333204523893307
paramethasone-acetate,CC(=O)OCC(=O)[C@@]1(O)[C@H](C)C[C@H]2[C@@H]3C[C@H](F)C4=CC(=O)C=C[C@]4(C)[C@H]3[C@@H](O)C[C@@]21C,1,train,0.4413473904970502,0.9701602002201548,0.0004961943560159,0.2424648137540561,0.8729159074166782,1759.221758235073,6333.507256828694,7255.57548329275,4.202602514878024,0.2557517170577352
dimesone,C[C@@H]1C[C@H]2[C@@H]3CCC4=CC(=O)C=C[C@]4(C)[C@@]3(F)[C@@H](O)C[C@]2(C)[C@@]1(C)C(=O)CO,1,train,0.4634005067679023,0.9729645131435452,0.000740780158817,0.2309546625711289,0.9170932332562428,1238.009984933692,4915.988996484031,5360.402648517271,3.839705805148595,0.3245634154191518
flumethasone(flumetasoneanddiflorasone),C[C@@H]1C[C@H]2[C@@H]3C[C@H](F)C4=CC(=O)C=C[C@]4(C)[C@@]3(F)[C@@H](O)C[C@]2(C)[C@@]1(O)C(=O)CO,1,train,0.4535641576261363,0.9717906159885544,0.0006537535347186,0.2358452854660997,0.8968066524391053,1371.7809614980622,5216.2259234035255,5816.4442795073,3.887227385754767,0.3131484664552024
endrysone(endrisone),CC(=O)C1CCC2C3CC(C)C4=CC(=O)C=CC4(C)C3C(O)CC12C,1,train,0.3441868232882099,0.9511361495006742,0.0007754469002572,0.3087718010327872,0.9093602814518814,1172.6918776130733,3453.6813670019137,3797.924142329791,3.506992794358005,0.3912697253153464
betamethasone-acetate(dexamethasone-acetate),CC(=O)OCC(=O)[C@@]1(OC(=O)C(C)C)[C@@H](C)C[C@H]2[C@@H]3CCC4=CC(=O)C=C[C@]4(C)[C@@]3(F)[C@@H](O)C[C@@]21C,1,train,0.3871804047802432,0.9602961765853826,0.0003655288173177,0.2789825321332785,0.9159771465679338,2505.895850536124,8227.552145357791,8982.267926864255,4.419974936904985,0.4011721038734601
betamethasone-dipropionate(dexamethasone-dipropionate),CC(=O)OCC(=O)[C@@]1(O)[C@@H](C)C[C@H]2[C@@H]3CCC4=CC(=O)C=C[C@]4(C)[C@@]3(F)[C@@H](O)C[C@@]21C,1,train,0.5915678411392676,0.9863562349749618,0.0007354657643846,0.1646249608231322,0.9713628094186544,1320.7451066486474,7793.002172364985,8022.751228275846,4.44067670622626,0.2302464486288012
betamethasone-valerate,CCC(=O)OCC(=O)[C@@]1(OC(=O)CC)[C@@H](C)C[C@H]2[C@@H]3CCC4=CC(=O)C=C[C@]4(C)[C@@]3(F)[C@@H](O)C[C@@]21C,1,train,0.4363603016935823,0.9684258582554348,0.0004093137804119,0.2493017389875663,0.9448757255283832,2308.438588550124,8749.187210053115,9259.61687200768,4.486895084564268,0.3837498825566214
flumethasone21pivalate(flumetasone-pivalate),C[C@@H]1C[C@H]2C3C[C@H](F)C4=CC(=O)C=CC4(C)[C@@]3(F)[C@@H](O)CC2(C)[C@@]1(O)C(=O)COC(=O)C(C)(C)C,1,train,0.507930671144222,0.9787369485520668,0.0004258429393579,0.2051194421282123,0.9058191546955672,2127.1202853835343,9393.484492988951,10370.154400351545,4.704346842893492,0.2259540625179349
fluocinolone,C[C@]12C[C@H](O)[C@@]3(F)[C@@H](C[C@H](F)C4=CC(=O)C=C[C@@]43C)[C@@H]1C[C@@H](O)[C@]2(O)C(=O)CO,1,train,0.4433680727456939,0.9702383907389488,0.0006442467994061,0.2421517398993759,0.901004689661303,1398.5396442665954,5203.723824925118,5775.46807984013,3.873744157937314,0.3084212143693638
fluocortin-butyl,CCCCOC(=O)C(=O)[C@H]1[C@H](C)C[C@H]2[C@@H]3C[C@H](F)C4=CC(=O)C=C[C@]4(C)[C@H]3[C@@H](O)C[C@@]21C,1,train,0.4537223505694089,0.9719999883497789,0.000409167263024,0.2349808984748118,0.8659332422521824,2116.3307050820194,7798.936513667135,9006.394642366531,4.60283299303615,0.2054524643155799
fluocortolone,C[C@@H]1C[C@H]2[C@@H]3C[C@H](F)C4=CC(=O)C=C[C@]4(C)[C@H]3[C@@H](O)C[C@]2(C)[C@H]1C(=O)CO,1,train,0.4466085390762427,0.970586247653133,0.0007063946722148,0.240753682976214,0.9124817657618368,1291.7449715481005,4895.849226400566,5365.4214364634345,3.917135991912963,0.3120472035130858
fluorometholone,CC(=O)[C@@]1(O)CC[C@H]2[C@@H]3C[C@H](C)C4=CC(=O)C=C[C@]4(C)[C@@]3(F)[C@@H](O)C[C@@]21C,1,train,0.4307284623756667,0.968130420232696,0.0007762421186411,0.2504465799727822,0.911317463616254,1174.011873011488,4271.959004129625,4687.67380708124,3.6686290866962192,0.2934549263422342
fluperolone(fluperolone-acetate),CC(=O)O[C@@H](C)C(=O)[C@@]1(O)CC[C@H]2[C@@H]3CCC4=CC(=O)C=C[C@]4(C)[C@@]3(F)[C@@H](O)C[C@@]21C,1,train,0.39788058162264,0.9621708891362296,0.0005409543412186,0.2724466555103905,0.9244730146832872,1708.9668096583057,5798.910232752846,6272.665768118153,3.982183559470141,0.3938681311542763
fluprednisolone,C[C@]12C[C@H](O)[C@H]3[C@@H](C[C@H](F)C4=CC(=O)C=C[C@@]43C)[C@@H]1CC[C@]2(O)C(=O)CO,1,train,0.479774765575131,0.9753271935831682,0.0007675287069231,0.2207642757721028,0.90246270342517,1175.803191834917,4806.568107489848,5326.057342034408,3.8653392452565662,0.3062834319826761
fluprednisolone-valerate,CCCCC(=O)O[C@]1(C(=O)CO)CCC2C3CC(F)C4=CC(=O)C=CC4(C)C3C(O)CC21C,1,train,0.4002437021376465,0.9625542239027428,0.0004394716046298,0.2710892215618107,0.9271714916726604,2109.7415211924563,7215.67675017928,7782.461836873203,4.300312365350566,0.3560655682509067
prednisolone-acetate,CC(=O)OCC(=O)[C@@]1(O)CC[C@H]2[C@@H]3CCC4=CC(=O)C=C[C@]4(C)[C@H]3[C@@H](O)C[C@@]21C,1,train,0.5332696980743127,0.9807246455320904,0.0007687601279692,0.1953949069089455,0.9756104632981412,1269.0700620430987,6336.490806101891,6494.898368228646,4.185291409912968,0.3386638958349565
Triamcinolone,C[C@]12C[C@H](O)[C@@]3(F)[C@@H](CCC4=CC(=O)C=C[C@@]43C)[C@@H]1C[C@@H](O)[C@]2(O)C(=O)CO,0,train,0.5011026379370518,0.9775398204111594,0.0008388176732639,0.2107507995489421,0.9425036845389728,1123.6097123127577,5024.921832349293,5331.4612078224845,3.8147482684781946,0.309773081676869
prednisolone-hemisuccinate,C[C@]12C[C@H](O)[C@H]3[C@@H](CCC4=CC(=O)C=C[C@@]43C)[C@@H]1CC[C@]2(O)C(=O)COC(=O)CCC(=O)[O-].[Na+],1,train,0.7287995382807089,0.9948278344612902,0.0008349717919175,0.1015754880916635,0.9786442278548756,1172.0686103746978,11292.470277454886,11538.892230741754,4.987360436675512,0.1699502761248192
prednival,CCCCC(=O)OC1(C(=O)CO)CCC2C3CCC4=CC(=O)C=CC4(C)C3C(O)CC21C,1,train,0.5684376601334291,0.9842654303128366,0.0006853875550667,0.1766962441340687,0.975408534251502,1423.1488842200788,7856.146427908812,8054.211288952248,4.415288821658333,0.2807235447511784
loteprednol(loteprednol-etabonate),CCOC(=O)OC1(C(=O)OCCl)CCC2C3CCC4=CC(=O)C=CC4(C)C3C(O)CC21C,1,train,0.3825693288093827,0.9594911826107368,0.0003994914343969,0.2817386563683616,0.9106936343172304,2279.6324424126924,7368.696864848871,8091.301604818359,4.358312651456754,0.3720876258893169
halometasone,C[C@@H]1CC2[C@@H]3C[C@H](F)C4=CC(=O)C(Cl)=C[C@]4(C)[C@@]3(F)[C@@H](O)C[C@]2(C)[C@@]1(O)C(=O)CO,1,train,0.431632329653775,0.9677301510488984,0.0005630370543089,0.2519887988599414,0.9415244385062174,1672.224645430936,6248.056967090486,6636.107053156674,4.044637877487778,0.4282425443097659
ketorfanol,O=C1CC[C@H]2[C@H]3Cc4cccc(O)c4[C@@]2(CCN3CC2CC2)C1,1,train,0.1746932843776381,0.8866782667334784,0.000567815264212,0.4623869064998647,0.7756118323611562,1365.9580522856106,2291.2699580562808,2954.1451824955825,3.2580226697869863,0.4500626410440141
phenytoin,O=C1NC(=O)C(c2ccccc2)(c2ccccc2)N1,1,train,0.0997025294219758,0.8107600371785177,0.0006521431866235,0.5853786484953893,0.7268724022476467,1114.5901960748868,1384.0013731710435,1904.049966529768,2.953971354562693,0.4489958978966114
fosphenytoin,O=C1NC(c2ccccc2)(c2ccccc2)C(=O)N1COP(=O)(O)O,1,train,0.3180358657187414,0.9455224324559712,0.0005451015763472,0.3255569531165678,0.8535514524364582,1565.8576116329398,4105.3954643672505,4809.780889773452,3.8033481853661417,0.2749136753621301
diphenhylhydantoin,O=C1NC(=O)C(c2ccccc2)(c2ccccc2)N1,1,train,0.0997025294219758,0.8107600371785177,0.0006521431866235,0.5853786484953893,0.7268724022476467,1114.5901960748868,1384.0013731710435,1904.049966529768,2.953971354562693,0.4489958978966114
taglutimide(biglumide),O=C1CCC(N2C(=O)C3C4CCC(C4)C3C2=O)C(=O)N1,1,train,0.4322457644263676,0.9665015639479384,0.0016769997863805,0.2566607233025517,0.9909159680306262,590.886162346692,2281.293865393906,2302.207189099811,3.060062591340199,0.3065054390629261
pemoline,NC1=NC(=O)C(c2ccccc2)O1,1,train,0.4062137861771258,0.964158244868582,0.0026367119935902,0.2653278704771429,0.7957620405139599,301.8008953759138,905.150657190257,1137.463979314276,2.5794680743715337,0.115832073448079
fenozolone,CCNC1=NC(=O)C(c2ccccc2)O1,1,train,0.4946597310788535,0.9773352850994668,0.0021706177200814,0.2116972850547302,0.8512747781705259,392.1808848674549,1577.033430929224,1852.5550989757096,3.0588525104566573,0.1086030444494585
thozalinone(tozalinone),CN(C)C1=NC(=O)C(c2ccccc2)O1,1,train,0.4117560883955099,0.9653407595318064,0.0019170053687734,0.260992754662951,0.8149886658962368,425.1363502532476,1327.5514385996628,1628.920123864256,2.877318395366049,0.1590413172424813
nomifensine,CN1Cc2c(N)cccc2C(c2ccccc2)C1,1,train,0.2913104084940274,0.9368116593000592,0.0009835400795318,0.3498341249784953,0.7606670211842472,773.3970755378801,1681.647408405829,2210.753669572463,3.128635541992762,0.2304951830299593
diclofensine,COc1ccc2c(c1)CN(C)CC2c1ccc(Cl)c(Cl)c1,1,train,0.394484040744594,0.9624060882098778,0.0006835362278469,0.2716146560415339,0.8577215042854798,1254.8296188883082,3962.5783233518646,4619.889210604401,3.9069382054147095,0.261680101337532
spiroxepin,CN(C)CC1COC2(O1)c1ccccc1COc1ccccc12,1,train,0.2010007757604905,0.8968838408322973,0.0004905190900932,0.4422661823539148,0.7127665990130663,1453.086359753343,2341.828211239673,3285.54707036257,3.371861556172873,0.2520807000145808
phetharbital,CCC1(CC)C(=O)NC(=O)N(c2ccccc2)C1=O,1,train,0.2855032879834022,0.9356750924860996,0.0011814943391532,0.352862751365356,0.8835613966108175,747.8337960079092,1872.5611322725472,2119.333347354643,3.0173832839997936,0.4658299254847299
phenazocine,CC1C2Cc3ccc(O)cc3C1(C)CCN2CCc1ccccc1,1,train,0.5200770849881661,0.9801242857897028,0.0008870794415785,0.1983844358946167,0.9013502770976252,1016.087438001834,4616.54509169699,5121.810254014014,4.089900915681021,0.2452990642902776
idarubicin,CC(=O)[C@]1(O)Cc2c(O)c3c(c(O)c2[C@@H](O[C@H]2C[C@H](N)[C@H](O)[C@H](C)O2)C1)C(=O)c1ccccc1C3=O,0,train,0.2971420913565669,0.9381234094663,0.0002242219433089,0.3463011241843209,0.7496923193074928,3343.5278824359534,7238.2588383355,9654.97264934185,4.509817249984148,0.1812171864551528
leurubicin,COc1cccc2c1C(=O)c1c(O)c3c(c(O)c1C2=O)C[C@@](O)(C(=O)CO)C[C@@H]3O[C@H]1C[C@H](NC(=O)[C@@H](N)CC(C)C)[C@H](O)[C@H](C)O1,0,train,0.2893097198451033,0.9374544315039957,0.0001269281705186,0.3481080131992373,0.8216644603314083,6473.46020173503,15279.775188889897,18596.125214819425,5.542743516002676,0.2775151734469517
esorubicin,COc1cccc2c1C(=O)c1c(O)c3c(c(O)c1C2=O)C[C@](O)(C(=O)CO)C[C@H]3OC1CC(N)CC(C)O1,0,train,0.2210115373302699,0.9100599648284068,0.0001691208607427,0.4144766102164504,0.7506487714891567,4438.534478790236,8038.524663614222,10708.769492378156,4.687857247807617,0.2731092312546227
doxorubicin,COc1cccc2c1C(=O)c1c(O)c3c(c(O)c1C2=O)C[C@@](O)(C(=O)CO)C[C@@H]3O[C@H]1C[C@H](N)[C@H](O)[C@H](C)O1,0,train,0.2984757430340946,0.9364050067712978,0.0001659599340607,0.3509211639295153,0.7109862124198899,4284.083483423851,8679.796497488891,12208.108041851632,4.812092844544287,0.1266230019094366
amrubicin,CC(=O)[C@]1(N)Cc2c(O)c3c(c(O)c2[C@@H](O[C@H]2C[C@H](O)[C@H](O)CO2)C1)C(=O)c1ccccc1C3=O.[Cl-].[H+],0,train,0.3488778129384254,0.9526571006383148,0.0002714225913564,0.3040467868657721,0.7882471287024034,2904.132352296092,7529.018844983733,9551.596917806542,4.383895896740133,0.1680992072437165
medorubicin,CC1OC(OC2CC(O)(C(=O)CO)Cc3c(O)c4c(c(O)c32)C(=O)c2ccccc2C4=O)CC(N)C1O,0,train,0.2251232475670906,0.9033667562006884,0.0001527024996074,0.4288688654955573,0.6660060306550681,4361.461222751971,6773.071468978274,10169.684893568365,4.554576443103977,0.1757136709402242
Daunorubicin,COc1cccc2c1C(=O)c1c(O)c3c(c(O)c1C2=O)C[C@@](O)(C(C)=O)C[C@@H]3O[C@H]1C[C@H](N)[C@H](O)[C@H](C)O1,0,train,0.3047256005483243,0.94121605124856,0.0002057825616189,0.3378051877518582,0.7755815890912484,3768.9373822026528,8653.266882986356,11157.132924113655,4.727470897079733,0.1778339894022371
detorubicin,CCOC(OCC)C(=O)OCC(=O)C1(O)Cc2c(O)c3c(c(O)c2C(OC2CC(N)C(O)C(C)O2)C1)C(=O)c1c(OC)cccc1C3=O,0,train,0.32907013570703,0.9478353813926976,0.0001177834960045,0.318760238706397,0.7823877118636599,6642.592030325655,16304.048461443115,20838.83503564571,5.700685449721516,0.1901257338805466
carubicin,CC(=O)[C@]1(O)Cc2c(O)c3c(c(O)c2C(OC2CC(N)C(O)C(C)O2)C1)C(=O)c1c(O)cccc1C3=O,0,train,0.3279086538560073,0.9469027614416512,0.0002370927681389,0.3215200777154907,0.7594087340955299,3203.0025211500715,7565.275883155756,9962.060671011564,4.492813632782397,0.1426671324628408
rufloxacin,CN1CCN(c2c(F)cc3c(=O)c(C(=O)O)cn4c3c2SCC4)CC1,0,train,0.5450213259648223,0.9827338424136992,0.0008262158761143,0.1850248496143341,0.8544933853855936,1034.225327893963,4776.324388457569,5589.656362643736,3.960413445522168,0.1363073578474574
tilidine,CCOC(=O)C1(c2ccccc2)CCC=CC1N(C)C.[Cl-].[H+],1,train,0.1313165538650454,0.8540541331360677,0.0006934313063504,0.5201841382368363,0.7745881536558337,1117.0366070324594,1663.3404585153085,2147.386905757361,2.8199623609078315,0.502186166639362
mirisetron,CN1[C@H]2CC[C@@H]1CC(NC(=O)c1cn(C3CCCCC3)c3ccccc3c1=O)C2,1,train,0.5525972165486255,0.983471101744546,0.0006392461599006,0.1810651596342294,0.8853181663832907,1384.9409224778426,6771.669163267765,7648.853734620001,4.481249763452142,0.1444948364280326
alovudine,Cc1cn([C@H]2C[C@H](F)[C@@H](CO)O2)c(=O)[nH]c1=O,1,val,0.3706747361148189,0.9565429641821912,0.0011635144939313,0.2915914224965256,0.7560091549023623,649.7634183721447,1684.6417792548348,2228.335157492113,3.056366904297009,0.1467646230365813
uridine,O=c1ccn(C2OC(CO)C(O)C2O)c(=O)[nH]1,1,val,0.371542899963465,0.9578355658802612,0.0015943942568292,0.2873169482206709,0.8722848376176694,547.094819164967,1660.9619392527288,1904.150877813084,2.9016633366796567,0.2546933076077753
floxuridine,O=c1[nH]c(=O)n([C@H]2C[C@H](O)[C@@H](CO)O2)cc1F,0,val,0.4013809703724708,0.9633027697250388,0.0013106519927964,0.2684171638328457,0.7952707956132553,606.77494863944,1797.7628154330073,2260.566872755214,3.0780591732748515,0.207739890700601
zidovudine,Cc1cn([C@H]2C[C@H](N=[N+]=[N-])[C@@H](CO)O2)c(=O)[nH]c1=O,0,val,0.5432923562177939,0.9816252868003956,0.0018242566254477,0.1908187525219699,0.9857963445761444,540.3824937920588,2791.691487406718,2831.915032721125,3.3959488159192466,0.3128372164294145
Topotecan,CC[C@@]1(O)C(=O)OCc2c1cc1n(c2=O)Cc2cc3c(CN(C)C)c(O)ccc3nc2-1,1,val,0.6514078090468521,0.9909925394885872,0.0007127203215051,0.133917088819764,0.913352029429295,1281.5013152710835,8740.197665097488,9569.363600756184,4.821025441344856,0.1123680064207171
methyprylon,CCC1(CC)C(=O)NCC(C)C1=O,1,val,0.1255765266597695,0.8477404264298568,0.0015770655475479,0.5304113209543371,0.7648081515635962,484.95647676328537,699.2661203286287,914.3026508007644,2.3928690082658,0.4602332787145562
methylphenidate,COC(=O)C(c1ccccc1)C1CCCCN1,1,val,0.1419810561480037,0.8533980129467506,0.0007254971824341,0.5212598502652375,0.7015737981160718,967.0248418638284,1301.5375936469752,1855.1684757070168,2.9727785159528928,0.3863333605422689
phacetoperane,CC(=O)OC(c1ccccc1)C1CCCCN1,1,val,0.1700300504872597,0.8788108080442569,0.0008188015186257,0.4771703717380198,0.7206764289344076,880.160102956254,1329.316901170277,1844.540556343442,2.947543392995149,0.3440042138305628
pyridazinone,O=c1cc[nH]nc1,1,val,0.326351147956094,0.9402560172855664,0.0072474508629024,0.3404682392797961,0.6595317609484426,91.00189479371112,176.2826396080311,267.28453434073754,1.6678234595325288,8.629735283954658e-10
compound 40,O=C(NCCCOc1cccc(CN2CCCCC2)c1)c1ccccc1,1,val,0.7218266139291286,0.9946402131378422,0.0008605840103086,0.1033965493094809,0.933824527685588,1085.10559863954,9800.116443979254,10494.60166597689,5.507075801196366,0.0954368839183667
25,O=C(NCCCOc1cccc(CN2CCCCC2)c1)c1ccccc1,1,val,0.7218266139291286,0.9946402131378422,0.0008605840103086,0.1033965493094809,0.933824527685588,1085.10559863954,9800.116443979254,10494.60166597689,5.507075801196366,0.0954368839183667
iloperidone,COc1cc(C(C)=O)ccc1OCCCN1CCC(c2noc3cc(F)ccc23)CC1,1,val,0.7975156663095587,0.9972904024312812,0.0008540821352994,0.073565299010153,0.9887732104857022,1157.7027192344708,15560.399398737034,15737.076241268209,6.16841513705747,0.1170695500648692
propizepine,CC(CN1C(=O)c2cccnc2Nc2ccccc21)N(C)C,1,val,0.2081438121607008,0.9047660091256454,0.0006339001651301,0.425908991136431,0.7659530918261998,1208.3181768360853,2173.034762632956,2837.0337372122435,3.2389467903644493,0.3445323516998666
oxiracetam,NC(=O)CN1CC(O)CC1=O,1,val,0.286346727859837,0.9365068101977916,0.0029354947868558,0.3506493896375091,0.8152343052407075,277.71614819111454,645.6698280831405,792.0052234461587,2.328747393437575,0.3776969655018489
piracetam,NC(=O)CN1CCCC1=O,1,val,0.3148882650077104,0.9447571801376032,0.0040799840012447,0.3277710642787798,0.839822749240892,205.8397162794436,527.4073744402799,627.998437666756,2.188102099426742,0.3810243681209821
pramiracetam,CC(C)N(CCNC(=O)CN1CCCC1=O)C(C)C,1,val,0.487442065371461,0.9761937222241054,0.0012110314579,0.2169004764638521,0.914458254765426,755.1069369834001,3183.5511982851044,3481.3521357535774,3.711054448215749,0.2358399929285858
etiracetam(levetiracetam),CCC(C(N)=O)N1CCCC1=O,1,val,0.099754757447028,0.8222884736417961,0.0020946990925157,0.5690708796941248,0.8943999233114069,426.98253248261545,671.0818598080944,750.3152027601874,2.330158684261595,0.4922643939574843
savoxepin,N#Cc1ccc2c(c1)C1=C(CCN(CC3CCCC3)CC1)c1ccccc1O2,1,val,0.3585651401100669,0.9547766916079764,0.0003972065945532,0.2973238455995869,0.7871510294534084,1981.716920734242,5246.503223094879,6665.179904214837,4.330095859953948,0.1640233108069908
veralipride,C=CCN1CCCC1CNC(=O)c1cc(S(N)(=O)=O)cc(OC)c1OC,1,val,0.4923531099179061,0.9770657919418296,0.0005808182467848,0.2129376392681325,0.8689002638749874,1495.9934001468953,6104.458866974068,7025.500072643946,4.366981804435809,0.1873575620002122
alpiropride,C=CCN1CCCC1CNC(=O)c1cc(S(=O)(=O)NC)c(N)cc1OC,1,val,0.3220577669882186,0.9462809140991804,0.0005042261955751,0.32334568438688,0.8776600946127243,1740.607890495845,4724.547626955196,5383.117742227925,3.9355439015592095,0.3328778130453491
prosulpride,CCCN1CCCC1CNC(=O)c1cc(S(N)(=O)=O)ccc1OC,1,val,0.5518445358719298,0.9833663698332056,0.0007455865917598,0.1816330990790594,0.8982340225403297,1204.7346779937743,5957.799990172258,6632.792613803224,4.4050986431119465,0.1732837982649633
sulmepride,COc1ccc(S(N)(=O)=O)cc1C(=O)NCC1CCCN1C,1,val,0.6412706540514014,0.9903695508404284,0.0012052019587361,0.1384490981123666,0.9042570010359094,750.2949978476319,4900.42559970524,5419.284112914085,4.11164478660806,0.1208995973179663
sultopride,CCN1CCCC1CNC(=O)c1cc(S(=O)(=O)CC)ccc1OC,1,val,0.5547398719398798,0.9836788698438044,0.0007338215545334,0.1799329903681257,0.8774446185218531,1195.7193313567086,5830.934563000233,6645.359080124111,4.391473488812665,0.1032896572456247
remoxipride,CCN1CCC[C@H]1CNC(=O)c1c(OC)ccc(Br)c1OC,1,val,0.3781744945247516,0.9586707533058804,0.0005282269495827,0.284517814479051,0.779494131725552,1475.6803535700944,4042.9249676922136,5186.600903258199,3.796948160253854,0.2135881086688324
amisulpride,CCN1CCCC1CNC(=O)c1cc(S(=O)(=O)CC)c(N)cc1OC,1,val,0.5379537377676494,0.9820062619541248,0.0007097169188275,0.1888483557854995,0.8991740882689973,1266.9475172642256,6032.387065178792,6708.808832327184,4.353872535686635,0.1739047063654629
etacepride,CCN1CCCC1CNC(=O)c1cc(C(C)=O)ccc1OC,1,val,0.5500252567957282,0.983180422514708,0.0010176892787182,0.182636953500107,0.9015376327164464,885.8672795019751,4372.842816077202,4850.427378057726,4.07499296311758,0.1782295672938059
sulpiride,CCN1CCCC1CNC(=O)c1cc(S(N)(=O)=O)ccc1OC,1,val,0.5296235791026437,0.981200511657266,0.0007829994488548,0.1929910773158167,0.886852215522834,1132.6345335490237,5204.797337919729,5868.844038294811,4.227891625515413,0.1902009000758848
Ritonavir,CC(C)c1nc(CN(C)C(=O)N[C@H](C(=O)N[C@@H](Cc2ccccc2)C[C@H](O)[C@H](Cc2ccccc2)NC(=O)OCc2cncs2)C(C)C)cs1,0,val,0.1814008680459202,0.891209467463281,7.913164246136963e-05,0.4535919808636556,0.7855309205718113,9926.887603214993,17191.39113200135,21885.05974976418,5.829638826698053,0.3554686180151755
nitrendipine,CCOC(=O)C1=C(C)NC(C)=C(C(=O)OC)C1c1cccc([N+](=O)[O-])c1,0,val,0.0769220139245056,0.7691272274168449,0.0003109774922809,0.6390956955308625,0.7219959112988416,2321.698287561662,2622.857081671729,3632.786613643441,3.4497645937855075,0.3540957986817657
felodipine,CCOC(=O)C1=C(C)NC(C)=C(C(=O)OC)C1c1cccc(Cl)c1Cl,0,val,0.12234871158112,0.8221252940438285,0.0002926695382371,0.5693065965658122,0.6669902518011513,2278.9876111422386,2670.0244293265378,4003.093631603101,3.412994418751317,0.2675991421570096
nifedipine,COC(=O)C1=C(C)NC(C)=C(C(=O)OC)C1c1ccccc1[N+](=O)[O-],0,val,0.075998906400311,0.7640865100181464,0.0003608242710543,0.6451137924492771,0.7156429674317465,1983.355957016164,2200.1928329009943,3074.428078007816,3.2369954779495425,0.4306459151783041
lisuride,CCN(CC)C(=O)N[C@H]1C=C2c3cccc4[nH]cc(c34)C[C@H]2N(C)C1,1,val,0.5232191501449482,0.9799640724412974,0.0009387016976394,0.1991743375143184,0.9528384499418175,1015.0598985150604,4855.987535189662,5096.338771264089,4.025187390150784,0.280135139133824
pyridarone,c1ccc2oc(-c3ccncc3)cc2c1,1,val,0.699448203017038,0.9936019014157116,0.004163788238851,0.1129391938304982,0.8870608061882024,213.04176756908825,1673.298663484548,1886.3404310183605,3.108470642766997,4.619024716767411e-11
rifametane,CCN(CC)C(C)=NN=Cc1c2c(O)c3c(O)c(C)c4c(c3c1O)C(=O)C(C)(OC=CC(OC)C(C)C(OC(C)=O)C(C)C(O)C(C)C(O)C(C)C=CC=C(C)C(=O)N2)O4,0,val,0.1293101801974693,0.8544464983366306,8.043391945871056e-05,0.5195393935788416,0.8569629788613036,10654.248663105513,17573.82940486959,20507.104552195426,5.39571199990842,0.5029391581141568
rifamide,CCN(CC)C(=O)COc1cc2c(O)c3c(O)c(C)c4c(c13)C(=O)[C@@](C)(O/C=C/[C@H](OC)[C@@H](C)[C@@H](OC(C)=O)[C@H](C)[C@H](O)[C@H](C)[C@@H](O)[C@@H](C)/C=C/C=C(/C)C(=O)N2)O4,0,val,0.0815363953825093,0.7893875822418501,7.13302321505652e-05,0.6138951416995955,0.7555880784805692,10592.816758056522,13037.741327872074,17255.091364186148,5.020842830704525,0.476992378758199
rifamycin,CO[C@H]1/C=C/O[C@@]2(C)Oc3c(C)c(O)c4c(O)c(cc(O)c4c3C2=O)NC(=O)/C(C)=C\C=C\[C@H](C)[C@H](O)[C@@H](C)[C@@H](O)[C@@H](C)[C@H](OC(C)=O)[C@@H]1C,0,val,0.288824000651284,0.932718914666747,0.0001074783291322,0.3606042515319057,0.7016169232073224,6527.985026114022,12701.305515141294,18102.906436577152,5.172114612985459,0.1299029159153137
fleroxacin,CN1CCN(c2c(F)cc3c(=O)c(C(=O)O)cn(CCF)c3c2F)CC1,0,val,0.4559457946956686,0.9719302658928228,0.0005681448028863,0.2352691187587241,0.7970429959041304,1402.8870665628028,4752.690520318916,5962.903563223304,4.050365001927606,0.1036041174441022
norfloxacin,CCn1cc(C(=O)O)c(=O)c2cc(F)c(N3CCNCC3)cc21,0,val,0.539029719521287,0.9820773397288096,0.0009379525830476,0.1884783775163194,0.8371247716805723,892.5022296549175,3964.039456778451,4735.303016801703,3.875360702114147,0.0957384037331065
lomefloxacin,CCn1cc(C(=O)O)c(=O)c2cc(F)c(N3CCNC(C)C3)c(F)c21,0,val,0.5109978586378147,0.9792146097399612,0.0008081561759274,0.2028268918852124,0.8523850667050789,1054.7281479682351,4432.521321040736,5200.139577966548,3.899859658479052,0.1623214783446857
pefloxacin,CCn1cc(C(=O)O)c(=O)c2cc(F)c(N3CCN(C)CC3)cc21,0,val,0.5769279615074041,0.9856163055440303,0.0009606752310481,0.1689985155134103,0.8613257157415922,896.583661058706,4569.570100882498,5305.275364904375,4.019416105910072,0.0892299461117086
rifapentine,CO[C@H]1/C=C/O[C@@]2(C)Oc3c(C)c(O)c4c(c3C2=O)C(=O)/C(=C/NN2CCN(C3CCCC3)CC2)C(=C4O)NC(=O)/C(C)=C\C=C\[C@H](C)[C@H](O)[C@@H](C)[C@@H](O)[C@@H](C)[C@H](OC(C)=O)[C@@H]1C,0,val,0.2929994342053911,0.9384013506055404,8.468922964367783e-05,0.3455472546290847,0.8606627779338069,10162.600150632692,25312.23026518544,29410.160302217915,6.081996796928318,0.2846510806525966
ketazocine,CC1[C@H]2C(=O)c3ccc(O)cc3[C@]1(C)CCN2CC1CC1,1,val,0.2692654392742186,0.9303428372154766,0.0008905123574289,0.3666908851360466,0.8832397425538457,991.8332240822862,2389.005445744235,2704.821047608817,3.2652898740597167,0.3665508413715266
oxcarbazepine,NC(=O)N1c2ccccc2CC(=O)c2ccccc21,1,val,0.1297219098535641,0.8451732305485632,0.0007298771582537,0.5344924792399846,0.7196663668092013,986.0102603170048,1327.6116114635308,1844.7598396876435,2.8708585329563405,0.4193857456672281
ketipramine(ketimipramine),CN(C)CCCN1c2ccccc2CC(=O)c2ccccc21,1,val,0.2655863828158238,0.9199515983008584,0.0004646101334356,0.3920319588805181,0.6569225339594659,1413.9220965795414,2369.2897108661496,3606.650081838024,3.5427110787528897,0.1297942746552081
mezlocillin,CC1(C)S[C@@H]2[C@H](NC(=O)[C@H](NC(=O)N3CCN(S(C)(=O)=O)C3=O)c3ccccc3)C(=O)N2[C@H]1C(=O)O,0,val,0.4993015008385727,0.9769641027645898,0.0003621209635638,0.2134037064096593,0.9645579709916322,2663.634718903795,12039.294645598617,12481.670368885543,5.018959861549339,0.2569611746546117
buspirone,O=C1CC2(CCCC2)CC(=O)N1CCCCN1CCN(c2ncccn2)CC1,1,val,0.7380874191859031,0.995252188581362,0.0009806744088616,0.0973297545666723,0.9698202192115364,988.931913026352,9853.987292442138,10160.632968091164,5.219301997605064,0.1153770752731186
nicodicodine,COc1ccc2c3c1OC1C(OC(=O)c4cccnc4)CCC4C(C2)N(C)CCC341,1,val,0.3431362966176022,0.9515578632065684,0.0003962180858971,0.3074697269159181,0.8013010075084093,2022.373627125337,5270.535220584903,6577.472349589666,4.13055625438341,0.2067930289113868
modaline,Cc1nccnc1N1CCCCC1,1,val,0.419557798821055,0.9667697821114388,0.002838120128428,0.2556485642365341,0.8355938339118102,294.4180641059112,962.312930228435,1151.651545492375,2.606473958208697,0.2432057896595531
penimocycline,CN(C)[C@@H]1C(=O)/C(=C(/O)NCNC(C(=O)NC2C(=O)N3C2SC(C)(C)C3C(=O)O)c2ccccc2)C(=O)[C@@]2(O)C(=O)C3=C(O)c4c(O)cccc4[C@@](C)(O)[C@H]3C[C@@H]12,0,val,0.6373758061185946,0.9900573546975362,0.0001732572862861,0.1406642613079706,0.930113556750657,5368.395042357003,35497.41036180544,38164.59840217287,7.002473831639636,0.1094467890434155
BRL53087,CC1(C)CCN(C(=O)Cc2ccc(Cl)c(Cl)c2)[C@@H](CN2CCCC2)C1,1,val,0.4147040564494089,0.9659332297220607,0.0004316215290038,0.2587914135335801,0.8282414893844697,1918.9068054506115,6141.309747628791,7414.878180267054,4.492587690696716,0.2081776928597889
BRL52537,O=C(Cc1ccc(Cl)c(Cl)c1)N1CCCC[C@H]1CN1CCCC1,1,val,0.4070564475183389,0.9646765376248244,0.0005185511813373,0.2634372368443393,0.842698969805071,1625.1027866365305,5198.477104188398,6168.842362998123,4.275894304228785,0.2412144144253067
BRL52656,O=C(Cc1ccc(C(F)(F)F)cc1)N1CCCC[C@H]1CN1CCCC1,1,val,0.6388221999810438,0.9899732699302354,0.0010767215485596,0.1412548223022405,0.9640539894875192,895.3605421728453,6110.771219296973,6338.6192951137455,4.3389393598613335,0.2511904451614541
ceftiolene,CO/N=C(\C(=O)N[C@@H]1C(=O)N2C(C(=O)O)=C(/C=C/Sc3n[nH]c(=O)c(=O)n3CC=O)CS[C@H]12)c1csc(N)n1,0,val,0.4821962485118808,0.9756929232870948,0.0002732269811769,0.2191422356541147,0.8955193428373968,3277.5655573252184,13393.690838470073,14956.338961962569,5.15704462075087,0.1790220334712358
Temelastine,Cc1ccc(Cc2cnc(NCCCCc3ncc(Br)cc3C)[nH]c2=O)cn1,0,val,0.7298040160015392,0.9949288536930164,0.0006506292574566,0.100581191527544,0.9615782535491963,1477.920401716941,14129.24322315794,14693.80486820156,5.852276562609714,0.1711142833742906
Icotidine,COc1cccnc1CCCCNc1ncc(Cc2ccc(C)nc2)c(=O)[nH]1.[Cl-].[Cl-].[Cl-].[H+].[H+].[H+],0,val,0.6095870941022069,0.9878218025904908,0.0006899891669587,0.1555894801291939,0.9696456446201368,1405.3056063096665,8757.972964412193,9032.137681434302,4.430954517283751,0.2514342208938757
zaleplon,CCN(C(C)=O)c1cccc(-c2ccnc3c(C#N)cnn23)c1,1,val,0.5879066307730174,0.9862007444363868,0.0012456892982467,0.1655538935607275,0.956162073211096,767.5766939291074,4433.164978669373,4636.415836680696,4.013536833476866,0.265401640887936
eclanamine,CCC(=O)N(c1ccc(Cl)c(Cl)c1)[C@@H]1CCC[C@H]1N(C)C,1,val,0.2678720857696111,0.9304224095877048,0.0006160513533448,0.366488935354138,0.8546913201060721,1387.3702500050977,3235.4955254158936,3785.5719945937326,3.5732706981249223,0.4751964508480605
mosapramine,O=C1NC2CCCCN2C12CCN(CCCN1c3ccccc3CCc3ccc(Cl)cc31)CC2,1,val,0.5109424872767636,0.9789626303439624,0.0003582830730922,0.2040396245586385,0.920094535151804,2568.065879335573,11580.41427785226,12586.113530107685,5.282301852260961,0.2587164002464421
neamine,NC[C@H]1O[C@H](O[C@@H]2[C@@H](N)C[C@@H](N)[C@H](O)[C@H]2O)[C@H](N)[C@@H](O)[C@@H]1O,0,val,0.2794708404306443,0.9329108171546032,0.0008530515980699,0.3601074940013475,0.9105818181655906,1067.440492727259,2699.17155527878,2964.2273779597167,3.2310798905401765,0.3876995378781024
astromicin,CO[C@H]1[C@@H](O)[C@H](N)[C@@H](O[C@H]2O[C@H](C(C)N)CC[C@H]2N)[C@H](O)[C@@H]1N(C)C(=O)CN,0,val,0.2793538967648033,0.9342697356064152,0.0004147941238056,0.3565670499778677,0.8108067977874994,1954.7210320833387,4444.889399314219,5482.057392023938,3.8276341283584303,0.2838101629040298
BRL52871,O=C(Cc1ccc(Cl)c(Cl)c1)N1CCc2sccc2[C@H]1CN1CCCC1,1,val,0.4560199921499169,0.9723371534310068,0.0004656606880474,0.2335818059217949,0.8503252706469818,1826.0619641578096,6647.549571607136,7817.654962258448,4.46064903839612,0.2818893718414644
Pravastatin,CC[C@H](C)C(=O)O[C@H]1C[C@H](O)C=C2C=C[C@H](C)[C@H](CC[C@@H](O)C[C@@H](O)CC(=O)O)[C@H]21,0,val,0.4318712034270812,0.9686422926176468,0.0003767498160657,0.2484594714484209,0.881911320060388,2340.8407448470184,8308.855924487221,9421.41883825494,4.861995118486332,0.2648556145128518
estazolam,Clc1ccc2c(c1)C(c1ccccc1)=NCc1nncn1-2,1,val,0.181471438819749,0.8687672893717555,0.0004062311705332,0.4952205538117863,0.6300633766361167,1550.9971226705204,1973.3156807423104,3131.932046705785,3.360287399718496,0.2913080078608762
Triazolam,Cc1nnc2n1-c1ccc(Cl)cc1C(c1ccccc1Cl)=NC2,1,val,0.1171426651181882,0.8353801636759073,0.0003996338790566,0.5496726135954149,0.7389093009208725,1848.9656148901624,2485.5120232182826,3363.757933647189,3.348853931004255,0.423896044508538
Alprazolam,Cc1nnc2n1-c1ccc(Cl)cc1C(c1ccccc1)=NC2,1,val,0.1630003588742512,0.8649980464937599,0.0004035055310088,0.501775228127076,0.6715165516475101,1664.2065598668778,2227.177006091561,3316.6375432256546,3.4164421529255105,0.3932322863642936
adinazolam,CN(C)Cc1nnc2n1-c1ccc(Cl)cc1C(c1ccccc1)=NC2,1,val,0.216150053486875,0.909022102307238,0.0004137613974374,0.4167479064337686,0.7749334381454109,1872.8993157525008,3482.6145102349333,4494.082122162142,3.741286669853476,0.3225845247522961
Cefradine,CC1=C(C(=O)O)N2C(=O)[C@@H](NC(=O)[C@H](N)C3=CCC=CC3)[C@H]2SC1,0,val,0.5330366007360713,0.981287313890696,0.0008823034988719,0.1925492342160373,0.9300586451397104,1054.125532006641,5091.677295404252,5474.57660010181,4.077803070544956,0.2081177356681395
amcinonide,CC(=O)OCC(=O)[C@@]12OC3(CCCC3)O[C@@H]1C[C@H]1[C@@H]3CCC4=CC(=O)C=C[C@]4(C)[C@@]3(F)[C@@H](O)C[C@@]12C,1,val,0.3545775207765729,0.9543755745569376,0.0003108587234094,0.2986088791196856,0.8281588672407788,2664.100457460413,7388.589460468616,8921.705427227478,4.344770147730132,0.2631689467798304
sufentanil,CCC(=O)N(c1ccccc1)C1(COC)CCN(CCc2cccs2)CC1,1,val,0.2711933779647102,0.9312726272247422,0.0004147412087573,0.3643230623799792,0.8715600148701713,2101.4550675628398,5027.253004433229,5768.108814838293,4.084296393892677,0.3941086360239539
cyclopregnol,CC(=O)[C@H]1CC[C@H]2[C@@H]3C[C@@H](O)C45CC4CC[C@]5(C)[C@H]3CC[C@]12C,1,val,0.4876374054964598,0.976450931512934,0.0010591308649022,0.2157396077393387,0.8824799697471507,833.2114557237268,3408.2402760667387,3862.1163005470494,3.5780514227774294,0.277074642486001
rodorubicin,CC[C@@]1(O)C[C@H](O[C@H]2C[C@H](N(C)C)[C@H](O[C@H]3C[C@@H]4O[C@H]5CC(=O)[C@H](C)O[C@H]5O[C@@H]4[C@H](C)O3)[C@H](C)O2)c2c(O)c3c(c(O)c2[C@H]1O[C@H]1C[C@H](N(C)C)[C@H](O)[C@H](C)O1)C(=O)c1cccc(O)c1C3=O,0,val,0.4561401857663527,0.9722879126118962,8.617320968516757e-05,0.2337866869366207,0.8795905127731054,10207.238606832392,38403.34262752574,43660.478449739785,7.001875858432592,0.2254368117100501
etamocycline,CN(CCN(C)CN/C(O)=C1\C(=O)[C@@H](N(C)C)[C@@H]2C[C@H]3C(=C(O)c4c(O)cccc4[C@@]3(C)O)C(=O)[C@]2(O)C1=O)CN/C(O)=C1\C(=O)[C@@H](N(C)C)[C@@H]2C[C@H]3C(=C(O)c4c(O)cccc4[C@@]3(C)O)C(=O)[C@]2(O)C1=O,0,val,0.8342713067399302,0.9982408618334097,0.000201307354347,0.0592889683338427,0.993889885049554,4937.176231208389,82764.29249493494,83273.10071256879,9.241055425441337,0.0945374577727872
lexithromycin,CC[C@H]1OC(=O)[C@H](C)[C@@H](OC2CC(C)(OC)C(O)C(C)O2)C(C)[C@@H](OC2OC(C)CC(N(C)C)C2O)[C@](C)(O)C[C@@H](C)/C(=N\OC)[C@H](C)[C@@H](O)[C@]1(C)O,0,val,0.1790718486477382,0.8854568236512333,8.60226860482348e-05,0.4647216515823948,0.7263812464700844,8444.066092783787,13198.462419099442,18170.1585541182,5.107865523730285,0.3255669619376085
roxithromycin,CC[C@H]1OC(=O)[C@H](C)[C@@H](O[C@H]2C[C@@](C)(OC)[C@@H](O)[C@H](C)O2)[C@H](C)[C@@H](O[C@@H]2O[C@H](C)C[C@H](N(C)C)[C@H]2O)[C@](C)(O)C[C@@H](C)/C(=N/OCOCCOC)[C@H](C)[C@@H](O)[C@]1(C)O,0,val,0.1338688260471382,0.8571100620496706,6.917953718919102e-05,0.515133324036807,0.7851243792686023,11349.084009068429,17297.352204010018,22031.3528158732,5.501942610649952,0.4137192767040594
fenimide,CCC1C(=O)NC(=O)C1(C)c1ccccc1,1,val,0.2366995616396277,0.918932139630308,0.0014562659658583,0.3944156725517688,0.8399271782213811,576.7677044668991,1228.2546161715231,1462.3346499781794,2.742113402955644,0.500704191239332
brosuximide,O=C1CC(c2cccc(Br)c2)C(=O)N1,1,val,0.3594217936374151,0.955378884105954,0.0013905168148134,0.295383120378369,0.8600201610071866,618.4895801656065,1800.757970306296,2093.855530313839,2.9801273582875423,0.3216151706530618
methsuximide(mesuximide),CN1C(=O)CC(C)(c2ccccc2)C1=O,1,val,0.2624991724481112,0.924968741850972,0.0019980315897364,0.3800431904384421,0.9520138860303036,476.4758930342388,1193.579250831911,1253.741429979434,2.6819638334438345,0.3933751761390491
phensuximide,CN1C(=O)CC(c2ccccc2)C1=O,1,val,0.382505600527122,0.9589020930218556,0.0026701212493004,0.2837371600589262,0.9353005857899628,350.2839378679891,1154.6629007378,1234.5367021903037,2.6905602177617123,0.3503398611849356
Tifluadom,CN1c2ccccc2C(c2ccccc2F)=NCC1CNC(=O)c1ccsc1,1,val,0.3237551918973683,0.9458940978777172,0.0004644292207735,0.3244755084749846,0.913514486815888,1966.961693956876,5537.699935772051,6061.972760907219,4.151985885177719,0.460664347850501
enoxacin,CCn1cc(C(=O)O)c(=O)c2cc(F)c(N3CCNCC3)nc21,0,val,0.5260238822140916,0.9807249785251264,0.0009343498374879,0.195393235545375,0.8306331643563863,888.9958889376837,3779.196686451542,4549.778227768983,3.7932190831185215,0.0974668236563279
mecillinam,CC1(C)S[C@@H]2[C@H](N=CN3CCCCCC3)C(=O)N2[C@H]1C(=O)O,0,val,0.5204715205169115,0.9802049758863572,0.0010766171809035,0.1979853662461601,0.8939633510260478,830.344682290655,3749.255456407298,4193.969978863322,3.671484640311159,0.2206310143831708
bacmecillinam,CCOC(=O)OC(C)OC(=O)[C@@H]1N2C(=O)[C@@H](N=CN3CCCCCC3)[C@H]2SC1(C)C,0,val,0.6693865595793589,0.9919118599004092,0.0007081026324799,0.1269285712080273,0.9590305502155436,1354.3665935215706,10233.14866792102,10670.305201039846,5.020377506690568,0.1602630926996572
amdinocillinpivoxil,CC(C)(C)C(=O)OCOC(=O)C1N2C(=O)[C@@H](N=CN3CCCCCC3)[C@H]2SC1(C)C,0,val,0.4751465308063287,0.9744368892288344,0.0004552693951748,0.2246614094810949,0.9275137973942308,2037.2856318138329,8410.926189347894,9068.24913330417,4.711590759198009,0.2051518341255174
clopimozide,O=c1[nH]c2cc(Cl)ccc2n1C1CCN(CCCC(c2ccc(F)cc2)c2ccc(F)cc2)CC1,1,val,0.6465205000997843,0.9905314089854996,0.0003824908016021,0.1372862987089418,0.9558676181239488,2499.060406472723,17399.92221181036,18203.276146084576,6.197536414278086,0.1752095756346611
pimozide,O=c1[nH]c2ccccc2n1C1CCN(CCCC(c2ccc(F)cc2)c2ccc(F)cc2)CC1,1,val,0.5466733884587035,0.9829133273539712,0.0003333238978795,0.184068984106354,0.8643591244440934,2593.150775994871,12177.029960655247,14087.928982628397,5.591222071143626,0.1578891036196228
tropapride,COc1cccc(C(=O)NC2C[C@@H]3CC[C@H](C2)N3Cc2ccccc2)c1OC,1,val,0.4773550954141629,0.9752045059884018,0.0005335526919166,0.2213056065713589,0.8620919650707023,1615.7578775842928,6294.155423107031,7301.025503225554,4.470875018830988,0.1701081285915799
dactinomycin,Cc1c2oc3c(C)ccc(C(=O)NC4C(=O)NC(C(C)C)C(=O)N5CCCC5C(=O)N(C)CC(=O)N(C)C(C(C)C)C(=O)OC4C)c3nc-2c(C(=O)NC2C(=O)NC(C(C)C)C(=O)N3CCCC3C(=O)N(C)CC(=O)N(C)C(C(C)C)C(=O)OC2C)c(N)c1=O,0,val,0.2823874560942182,0.9338766818961473,5.121126258763815e-05,0.3575952222984002,0.9102860744598328,17775.114856855063,45247.91864421852,49707.36114036327,6.700510327558112,0.38016037519934
paroxetine,Fc1ccc([C@@H]2CCNC[C@H]2COc2ccc3c(c2)OCO3)cc1,1,val,0.3182898874011222,0.9424846604418872,0.0004157815937183,0.3342494051329646,0.7174170543967265,1725.4661226842684,3703.458567727472,5162.21149891913,4.009715868529873,0.1617046142785412
dapoxetine,CN(C)[C@@H](CCOc1cccc2ccccc12)c1ccccc1,1,val,0.4900317976399896,0.976785749664,0.000788478703711,0.2142185782170574,0.8550964643103794,1084.488978948703,4328.955495834623,5062.534668911128,4.141263525835085,0.1601561089510228
Nafcillin,CCOc1ccc2ccccc2c1C(=O)N[C@@H]1C(=O)N2[C@@H](C(=O)[O-])C(C)(C)S[C@H]12.[Na+],0,val,0.3263908293883897,0.9477143463423596,0.0004163790313222,0.3191199112197076,0.8223702696173676,1975.052074562557,5089.698417307799,6189.059363339988,3.896553632524504,0.2615487257666873
BRL53080,CN(C)C(=O)C(CCN1CCC(O)(c2ccc(Cl)cc2)CC1)(c1ccccc1)c1ccccc1,1,val,0.4838125498634812,0.9749622686970776,0.0003877483578044,0.2223703546272475,0.9649732809767037,2488.658588886636,10799.501794087308,11191.503440547624,5.065317669325297,0.4013066160960553
loperamide,CN(C)C(=O)C(CCN1CCC(O)(c2ccc(Cl)cc2)CC1)(c1ccccc1)c1ccccc1,0,val,0.4838125498634812,0.9749622686970776,0.0003877483578044,0.2223703546272475,0.9649732809767037,2488.658588886636,10799.501794087308,11191.503440547624,5.065317669325297,0.4013066160960553
clozapine,CN1CCN(C2=c3ccccc3=Nc3ccc(Cl)cc3N2)CC1,1,val,0.2649999191411147,0.9285727352468643,0.0004883315583052,0.3711504753548843,0.7699270948809563,1576.6482460258258,3270.6524289134104,4248.002766312709,3.730198792514529,0.3176696603736441
amfonelic-acid,CCn1cc(C(=O)O)c(=O)c2ccc(Cc3ccccc3)nc21,1,val,0.5254196218871469,0.9806588351926488,0.0010102403679349,0.1957249318778707,0.9080426751510576,898.8382408507773,4170.053722432745,4592.3543425302505,3.9581181885615497,0.2270537072863799
imiclopazine,CN1CCN(CCN2CCN(CCCN3c4ccccc4Sc4ccc(Cl)cc43)CC2)C1=O,1,val,0.6447083245609231,0.990584833326657,0.0003628513407104,0.1369002848178157,0.8852561292322797,2439.7212574688083,15776.287095872289,17821.155454245712,6.088414258467611,0.0751337852258852
dezocine,CC12CCCCCC(Cc3ccc(O)cc31)C2N,1,val,0.2678727459391504,0.9291135216731756,0.0013282453262566,0.3697946238712364,0.9066440669267568,682.5878088966599,1673.53484108028,1845.8564966437664,2.9262050605907723,0.5067994335412752
cefcapene,CC/C=C(\C(=O)N[C@@H]1C(=O)N2C(C(=O)O)=C(COC(N)=O)CS[C@H]12)c1csc(N)n1,0,val,0.26918870387498,0.9291968787652224,0.0003594540096394,0.369585119414958,0.9161910178185791,2548.840723011192,6318.503786001064,6896.491739293859,4.168946829987505,0.3487289970818006
ceftibuten,Nc1nc(/C(=C/CC(=O)O)C(=O)N[C@@H]2C(=O)N3C(C(=O)O)=CCS[C@H]23)cs1.O.O,0,val,0.3600903912802952,0.9555943081406744,0.0004144503331855,0.2946854564601819,0.8416478415695388,2030.7568221756087,5800.0218832233495,6891.269242023167,4.060470685907412,0.2389517098746239
mexazolam,CC1COC2(c3ccccc3Cl)c3cc(Cl)ccc3NC(=O)CN12,1,val,0.1139770951500442,0.8114943968065095,0.0003295089485226,0.5843602005198842,0.6691527580678671,2030.7574682510135,2325.42695350938,3475.181003847151,3.2832543032755077,0.3257046668765162
cloxazolam,O=C1CN2CCOC2(c2ccccc2Cl)c2cc(Cl)ccc2N1,1,val,0.0953021591920091,0.8143053949718825,0.0004140605613286,0.5804366664156275,0.7754964794794456,1872.905927072523,2502.309100853563,3226.7188402109136,3.299129454810104,0.5677799052751136
haloxazolam,O=C1CN2CCOC2(c2ccccc2F)c2cc(Br)ccc2N1,1,val,0.1539076995937644,0.8715930232242945,0.0003968825649939,0.4902301519355315,0.7620595612738087,1920.1134755954256,2984.8038253685468,3916.759236481916,3.4195364798230834,0.546074595246415
flutazolam,O=C1CN2CCOC2(c2ccccc2F)c2cc(Cl)ccc2N1CCO,1,val,0.1124886740158856,0.8297142552372756,0.0003474829094758,0.5581883684349336,0.737119994422095,2121.31294610688,2801.3163215601708,3800.353189111922,3.4021496299719773,0.4652717672148368
oxazolam,C[C@@H]1CN2CC(=O)Nc3ccc(Cl)cc3[C@]2(c2ccccc2)O1,1,val,0.0688310769523187,0.7697945146408142,0.0005533005138273,0.6382917869038528,0.9501840302813138,1717.3019119549815,2556.4371740176957,2690.4653125572213,3.254284462836921,0.6430037269250943
gramicidin-s-2,CC(C)CC1NC(=O)C(CCCN)NC(=O)C(C(C)C)NC(=O)C2CCCN2C(=O)C(Cc2ccccc2)NC(=O)C(CC(C)C)NC(=O)C(CCCN)NC(=O)C(C(C)C)NC(=O)C2CCCN2C(=O)C(Cc2ccccc2)NC1=O,0,val,0.0955937717879628,0.8127738782764756,3.517264049887882e-05,0.582579284553971,0.7629838329946346,21692.53778427456,28409.96249754814,37235.34008059109,6.185203252590172,0.4660586865202539
Ketoconazole,CC(=O)N1CCN(c2ccc(OC[C@H]3CO[C@](Cn4ccnc4)(c4ccc(Cl)cc4Cl)O3)cc2)CC1,0,val,0.7374811042345064,0.995217346381662,0.0005386935848491,0.0976853799759353,0.972920303844561,1806.0736775192704,17988.011630098463,18488.679451973207,6.001496122207254,0.1398587406724108
phenoxybenzamine,CC(COc1ccccc1)N(CCCl)Cc1ccccc1,0,val,0.3740248850388747,0.95780109505652,0.0007204900600572,0.287431839413331,0.9082662729596782,1260.6229055921303,3983.487947635701,4385.815114168116,3.98087925830708,0.246967329757384
losartan,CCCCc1nc(Cl)c(CO)n1Cc1ccc(-c2ccccc2-c2nn[nH]n2)cc1,0,val,0.4037085500810724,0.963735500830518,0.000397707818828,0.2668592970817222,0.8967674018035475,2254.839757604389,7577.276913425268,8449.545443094956,4.649044780113236,0.2231525577489164
etodroxizine,O=C(O)/C=C/C(=O)O.OCCOCCOCCN1CCN(C(c2ccccc2)c2ccc(Cl)cc2)CC1,1,val,0.6295172592271333,0.9896041802981176,0.0004164684167164,0.1438178234312101,0.8975822406557655,2155.2228323398226,13450.973549807151,14985.783965578454,5.346836324353256,0.1196941285198835
chlorcyclizine,CN1CCN(C(c2ccccc2)c2ccc(Cl)cc2)CC1,1,val,0.2303112386657211,0.9095188367240156,0.0004241676044081,0.4156627065833471,0.6940689100067521,1636.308154591693,2732.2889431864105,3936.6248852146823,3.715334216661149,0.30672551010129
cetirizine,O=C(O)COCCN1CCN(C(c2ccccc2)c2ccc(Cl)cc2)CC1,0,val,0.3203746315811048,0.9446468579306888,0.0002844393162588,0.328088880947948,0.7506612648609231,2639.091088862623,6038.191386202775,8043.82971235566,4.636618917162771,0.2322485809672073
hydroxyzine,OCCOCCN1CCN(C(c2ccccc2)c2ccc(Cl)cc2)CC1,1,val,0.4435628332090269,0.9702921302851316,0.0003815021287034,0.241936317874645,0.8078398134516634,2117.5237375401284,7070.538214937262,8752.401277088484,4.891444809931687,0.1577002168842432
bipenamol,O=C1C[C@H]2SC(C3(O)CN4C(=O)C[C@H]4S3)CN12,1,val,0.4924559583894752,0.9765401229372168,0.001800080085491,0.2153355249227705,0.9377576768911268,520.9533089386373,2268.682628814967,2419.263189970515,3.0923845063452258,0.275362898719566
sibutramine,CC(C)CC(N(C)C)C1(c2ccc(Cl)cc2)CCC1,1,val,0.4041161235058725,0.9632457319250312,0.0010835394566928,0.268621778581356,0.928285684048826,856.7160875545029,2960.5837753408528,3189.302416501698,3.5381170785388103,0.5023956948708147
trimethadione,CN1C(=O)OC(C)(C)C1=O,1,val,0.1587606449665571,0.8715024183481181,0.0028391758552918,0.4903912058891163,0.7267995982617533,255.98963759398404,379.3974352071649,522.0110689584155,2.0106795092637366,0.5046930172736225
dimethadione,CC1(C)OC(=O)NC1=O,1,val,0.1582713723908335,0.8763477022916427,0.0039806720683049,0.4816790473833779,0.7866724736164595,197.62302950803843,322.7555740927419,410.279480873384,1.8984175039697435,0.6208149798816394
paramethadione,CCC1(C)OC(=O)N(C)C1=O,1,val,0.1973483191141511,0.900010095974307,0.0026444036892426,0.4358690481604751,0.7831254830391297,296.14445261321714,532.0824419188818,679.4344628577178,2.190047120040063,0.4126190395472732
allomethadione,C=CCN1C(=O)OC(C)C1=O,1,val,0.3038582918183108,0.94035534421817,0.0029025954887496,0.3401938074103159,0.7566641689765056,260.6853665656476,579.8203023102709,766.2848672939796,2.2755403771294995,0.258887308108931
tolufazepam,Cc1ccc(S(=O)(=O)CCN2C(=O)CN=C(c3ccccc3Cl)c3cc(Cl)ccc32)cc1,1,val,0.3718911102881916,0.957932648439908,0.0003062830151698,0.2869931027967453,0.869592571779411,2839.179871913994,8602.74934311079,9892.850539773292,4.6782427964135005,0.2726285230622118
fenoterol,CC(Cc1ccc(O)cc1)NCC(O)c1cc(O)cc(O)c1,0,val,0.5870135605519932,0.9863183686109508,0.0009700885329179,0.1648516780036912,0.9312385868174428,959.9521643826952,5422.720034139234,5823.1264370945655,4.485288435150602,0.1977806919483104
bentiamine,C/C(=C(\CCOC(=O)c1ccccc1)SC(=O)c1ccccc1)N(C=O)Cc1cnc(C)nc1N,1,val,0.3039449210556489,0.9415336718550676,0.0003177717888552,0.3369188993854661,0.865502433965096,2723.6603887430238,6996.742242869548,8084.023762724292,4.259826028415615,0.3415170172722673
lenampicillin,Cc1oc(=O)oc1COC(=O)[C@@H]1N2C(=O)[C@@H](NC(=O)[C@H](N)c3ccccc3)[C@H]2SC1(C)C,0,val,0.7421350890845774,0.99539623275728,0.0008501883651699,0.0958453953646963,0.9764550333335184,1148.5161092957,11700.86816919218,11983.007685716571,5.186929067441673,0.154237383398713
dimiracetam,O=C1CN2C(=O)CCC2N1,1,val,0.2490466993796447,0.9222336550020368,0.0036594810533774,0.3866330115000324,0.7578457864638073,207.0910534608103,405.92261294691065,535.6269312269858,2.024384146547178,0.3631848367501572
cefteram,CO/N=C(\C(=O)N[C@@H]1C(=O)N2C(C(=O)O)=C(Cn3nnc(C)n3)CS[C@H]12)c1csc(N)n1,0,val,0.490618533046919,0.9765147626063184,0.0004055216272941,0.2154505010714197,0.9216584730474892,2272.77267354933,9722.512509697794,10548.931946071129,4.848489554046092,0.229820951344671
Sulfafurazole,Cc1noc(NS(=O)(=O)c2ccc(N)cc2)c1C,1,val,0.3826325106623065,0.9601559707682118,0.0011707318238512,0.2794646879270311,0.8586892498047022,733.4636611995146,2253.656322972969,2624.5307292312496,3.2398336728538317,0.1823556479192045
sunepitron,O=C1CCC(=O)N1CC1CCC2CN(c3ncccn3)CCN2C1,1,val,0.7434377081617538,0.9954778843973356,0.0015593504334402,0.094993587550976,0.966723090631565,619.9524301274374,6309.081957513539,6526.255572722262,4.519257615038892,0.1116230591138775
Diethylstilbestrol,CC/C(=C(/CC)c1ccc(O)cc1)c1ccc(O)cc1,0,val,0.5695768951246526,0.9845496718952612,0.0016188109647067,0.1751055212462857,0.9605385879314288,593.360564558213,3254.8700621113653,3388.5885512636223,3.672004526602316,0.367943937316219
fantridone,CN(C)CCCn1c(=O)c2ccccc2c2ccccc21,1,val,0.4160803958016638,0.9652345295019594,0.0008243633379997,0.2613853535627637,0.7654648823982935,928.5527959741494,2719.259312286937,3552.4285631068683,3.5833725576497946,0.079155632893889
pethidine,CCOC(=O)C1(c2ccccc2)CCN(C)CC1,1,val,0.1291141503361373,0.8285723285541013,0.000581033601404,0.5598820378922995,0.6615696043146241,1138.6081677823274,1345.4058248856595,2033.657254068496,3.022016921213092,0.3494649711905618
picenadol,CCC[C@]1(c2cccc(O)c2)CCN(C)C[C@@H]1C,1,val,0.1308875148781423,0.8519416131847073,0.0007013188830853,0.5236367898880278,0.7571146480572426,1079.558338321757,1560.909101804167,2061.654870645367,3.0828182043198087,0.490313355723129
sameridine,CCCCCCN1CCC(C(=O)N(C)CC)(c2ccccc2)CC1,1,val,0.3991794140054713,0.9632035602788154,0.0005967730188648,0.2687729552358544,0.8691531636791351,1456.421681617454,4709.750321113524,5418.780622252007,4.186353416485954,0.2479597217042997
hydroxypethidine,CCOC(=O)C1(c2cccc(O)c2)CCN(C)CC1,1,val,0.1321715104876592,0.8468454205816409,0.0005757545384785,0.5318391050307447,0.7156563104845948,1242.988570052332,1672.5972302596117,2337.151514987746,3.158071087576334,0.3949599724005441
ketobemidone,CCC(=O)C1(c2cccc(O)c2)CCN(C)CC1,1,val,0.1725959000709604,0.8830872098835203,0.0007479079063435,0.4692088871069465,0.7442112380542355,995.0573215525812,1578.258344111007,2120.712861360996,3.080437786819086,0.3495237871583275
alphaprodine(betaprodine),CCC(=O)OC1(c2ccccc2)CCN(C)CC1C,1,val,0.1374791424551271,0.8545913320675155,0.0006822827387261,0.5193011218503861,0.7313818108241749,1071.96294045152,1509.748705587659,2064.241526442069,2.9812520935768005,0.3982313377920938
alphameprodine/betameprodine,CCC(=O)O[C@]1(c2ccccc2)CCN(C)C[C@@H]1CC,1,val,0.0633303159548995,0.7583735087791035,0.0005375836473945,0.6518202368614149,0.7765149783133766,1444.454239032122,1720.7817257983784,2216.0315948263988,3.125731252944371,0.6366274369057574
demerol,CCOC(=O)C1(c2ccccc2)CCN(C)CC1.[Cl-].[H+],1,val,0.178364993650422,0.8852660624158545,0.0007662265959265,0.465084937118725,0.7287560699032098,951.097330446954,1490.3040225854922,2044.9970629862853,2.811437873797874,0.3279041956901053
enpiprazole,Cn1cc(CCN2CCN(c3ccccc3Cl)CC2)cn1,1,val,0.7355104747011975,0.9952134404866688,0.0015359335886792,0.0977251650020987,0.9386157033073,611.1043538766672,5869.441539400653,6253.295697823004,4.570244476045005,0.118173177983322
Astemizole,COc1ccc(CCN2CCC(Nc3nc4ccccc4n3Cc3ccc(F)cc3)CC2)cc1,0,val,0.6210755936515538,0.9889896666932498,0.000392835940031,0.1479845910018155,0.9167679489702394,2333.717095481916,14457.431146162318,15770.000644548758,5.958361293436754,0.1346941579041874
homochlorcyclizine,CN1CCCN(C(c2ccccc2)c2ccc(Cl)cc2)CC1,1,val,0.2268097652841529,0.9131004896317332,0.0004905122369594,0.4077345899409183,0.7584132754864402,1546.1658616053828,2875.970654624543,3792.089020039791,3.611682527149841,0.4237402261600977
batelapine,Cc1nc2n(n1)C(N1CCN(C)CC1)=Nc1ccccc1C2,1,val,0.2865825231244689,0.9343464988244652,0.0006232830076348,0.3563658515268596,0.7380700925454212,1184.1652724435846,2452.527279134197,3322.8920991447267,3.4265232379754127,0.2281317834936292
carvotroline,Fc1ccc2[nH]c3c(c2c1)CN(CCc1ccncc1)CC3,1,val,0.6424860699035915,0.990425950461092,0.001131086456562,0.1380450529835913,0.8736688846710197,772.4156536419993,4888.51652438466,5595.388150083235,4.365225153970271,0.0519268179428831
azaloxan,O=C1NCCN1C1CCN(CCC2COc3ccccc3O2)CC1,1,val,0.7384927885804945,0.995202636644856,0.0015337201511025,0.0978351266934656,0.9882050313331038,644.3189982362054,6508.084543453141,6585.763416599524,4.552633203721266,0.1857866789973281
clopenthixol,OCCN1CCN(CC/C=C2/c3ccccc3Sc3ccc(Cl)cc32)CC1,1,val,0.4010392582712066,0.9632328612054164,0.0003455577843829,0.2686679271778217,0.7946713959981931,2299.6773098808253,6802.031777238582,8559.552805715997,4.692855906128992,0.1313519091836074
clopenthixol/zuclopenthixol,OCCN1CCN(CC/C=C2/c3ccccc3Sc3ccc(Cl)cc32)CC1,1,val,0.4010392582712066,0.9632328612054164,0.0003455577843829,0.2686679271778217,0.7946713959981931,2299.6773098808253,6802.031777238582,8559.552805715997,4.692855906128992,0.1313519091836074
clotixamide(clotixamide),CNC(=O)CCN1CCN(CCC=C2c3ccccc3Sc3ccc(Cl)cc32)CC1,1,val,0.5582245381807892,0.983999374277897,0.0004044722304136,0.1781719153534224,0.8736960815523925,2160.0891627564874,10592.362065371264,12123.623178612226,5.304580391481367,0.1108061098173892
flupentixol,OCCN1CCN(CC/C=C2/c3ccccc3Sc3ccc(C(F)(F)F)cc32)CC1,1,val,0.3272365282404597,0.9467020366656284,0.0002623400513531,0.3221106235024721,0.7584938289241814,2891.262028088781,6808.2337125752165,8975.990908497904,4.635670748688537,0.154717296066367
thiothixene,CN1CCN(CC/C=C2\c3ccccc3Sc3ccc(S(=O)(=O)N(C)C)cc32)CC1,1,val,0.1661186095623788,0.8478067664355989,0.0001541666120973,0.530305276973569,0.6085468554900239,3947.33235173889,4529.72428246168,7443.509471122289,4.23594083946466,0.2711821184551292
mazapertine,CC(C)Oc1ccccc1N1CCN(Cc2cccc(C(=O)N3CCCCC3)c2)CC1.O=C(O)CCC(=O)O,1,val,0.6876069611782576,0.9929416163598298,0.0006603323257581,0.1186041588677579,0.95407572865775,1444.841773515122,11622.598069251448,12182.049831204497,4.836664456241717,0.1358880339588042
cortexolone(cortodoxonecortifen),CC12CCC(=O)C=C1CCC1C2CCC2(C)C1CCC2(O)C(=O)CO,1,val,0.4258759431689676,0.9669079484012656,0.0008325254672804,0.2551254971939405,0.9353242253780684,1123.4782143462642,4118.821529483384,4403.62969088982,3.731007350204569,0.4192399471753824
resocortol,CCC(=O)C1(O)CCC2C3CCC4=CC(=O)CCC4(C)C3C(O)CC21C,1,val,0.4818246571866492,0.9750253965254372,0.0008772377753751,0.2220933950625593,0.9471574780592712,1079.704391040594,4604.594782206242,4861.488072333095,3.824507214518559,0.3416962172033816
androsan,C[C@]1(O)CC[C@H]2[C@@H]3CCC4=CC(=O)CC[C@]4(C)[C@H]3CC[C@@]21C,0,val,0.5182250074560506,0.979654496221758,0.0013057619519812,0.2006914747379505,0.9329416116896146,714.480622041466,3321.360331417787,3560.0945330357804,3.5435869848762365,0.3437437492449653
progesterone,CC(=O)[C@H]1CC[C@H]2[C@@H]3CCC4=CC(=O)CC[C@]4(C)[C@H]3CC[C@]12C,0,val,0.5691355670042451,0.9848851182705946,0.00124216080177,0.1732088444887183,0.9135994746766049,735.4921145271303,3879.393176741257,4246.273431926481,3.7535425230799575,0.2560247258319243
hydrocortamate,CCN(CC)CC(=O)OCC(=O)[C@@]1(O)CC[C@H]2[C@@H]3CCC4=CC(=O)CC[C@]4(C)[C@H]3[C@@H](O)C[C@@]21C,1,val,0.7008039336281989,0.9935347997524392,0.0007011036395739,0.113527977524839,0.9742495156863508,1389.5941494162455,11924.9145152186,12240.103098042187,5.1830673503504014,0.1604026171835973
hydrocortisone-aceponate,CCC(=O)O[C@]1(C(=O)COC(C)=O)CC[C@H]2[C@@H]3CCC4=CC(=O)CC[C@]4(C)[C@H]3[C@@H](O)C[C@@]21C,1,val,0.4534820074257714,0.9712299044735996,0.0004816652863104,0.2381438066719408,0.936911164088496,1945.149859698768,7652.655951231481,8167.9632440676605,4.391679109940037,0.3611826511318432
hydrocortisonecypionate(hydrocortisone-cipionate),C[C@]12C[C@H](O)[C@H]3[C@@H](CCC4=CC(=O)CC[C@@]43C)[C@@H]1CC[C@]2(O)C(=O)COC(=O)CCC(=O)O.O,1,val,0.3937750074087228,0.961545630951371,0.0004241122260552,0.2746452249691044,0.9172470171752886,2162.745992273719,7223.035865793911,7874.689947793603,4.237797839930111,0.3812643091999603
hydrocortisone-hemisuccinate,CCCCC(=O)O[C@]1(C(=O)CO)CCC2C3CCC4=CC(=O)CCC4(C)C3C(O)CC21C,1,val,0.5007610242114767,0.9778267084597628,0.0005554229121867,0.2094156828481238,0.9144615275125924,1646.4238464924952,7189.486695170756,7861.989245984714,4.323787559839099,0.2453626108552983
amebucort,CCCC(=O)O[C@]1(C(=O)COC(C)=O)CC[C@H]2[C@@H]3C[C@H](C)C4=CC(=O)CC[C@]4(C)[C@H]3[C@@H](O)C[C@@]21C,1,val,0.3281960038367717,0.9477345636825814,0.0003009379435184,0.3190598639775727,0.8848635529696653,2940.3522288484724,8154.615525016396,9215.675679768843,4.558907484785226,0.3397945976348762
Hydrocortisone,C[C@]12C[C@H](O)[C@H]3[C@@H](CCC4=CC(=O)CC[C@@]43C)[C@@H]1CC[C@]2(O)C(=O)CO,0,val,0.494365003627451,0.9768478187296936,0.0008908222471549,0.2139353618339884,0.9326096659836014,1046.9088181869631,4563.795694525123,4893.575373478244,3.806576017370867,0.2920090612507037
testosterone,C[C@]12CC[C@H]3[C@@H](CCC4=CC(=O)CC[C@@]43C)[C@@H]1CC[C@@H]2O,0,val,0.5301423313602156,0.9811493467248208,0.0014208290162292,0.1932510269609386,0.9093667868999624,640.0254897055479,3011.7196905000205,3311.886615924245,3.4744169425237685,0.2914335849172604
corticosterone,C[C@]12C[C@H](O)[C@H]3[C@@H](CCC4=CC(=O)CC[C@@]43C)[C@@H]1CC[C@@H]2C(=O)CO,0,val,0.5925309318643863,0.9868866669275244,0.0010717117535549,0.1614147039172129,0.9036488530685306,843.182740201412,4720.394720055827,5223.704654774617,3.945572997868628,0.2281202024970846
aldosterone,C[C@]12CCC(=O)C=C1CC[C@@H]1[C@@H]2[C@@H](O)C[C@]2(C=O)[C@@H](C(=O)CO)CC[C@@H]12,0,val,0.5760612748681073,0.9853694079370404,0.001040842935492,0.1704321856393524,0.934043435402824,897.3913388395007,4918.099746746706,5265.386555204129,3.920573200013004,0.2217759708874501
algestone,CC(=O)[C@@]1(O)[C@H](O)C[C@H]2[C@@H]3CCC4=CC(=O)CC[C@]4(C)[C@H]3CC[C@@]21C,1,val,0.5337998060348915,0.98135524561672,0.0010136889591316,0.1922027104401688,0.9313053363083011,918.7288940249726,4451.639207722969,4779.999678053267,3.827321574946655,0.2856617257370026
hydrocortisone-acetate,CC(=O)OCC(=O)[C@@]1(O)CC[C@H]2[C@@H]3CCC4=CC(=O)CC[C@]4(C)[C@H]3[C@@H](O)C[C@@]21C,1,val,0.3727086986738536,0.9580303406744044,0.0005083439700246,0.2866668211483232,0.876551530656687,1724.327585933935,5272.538966139723,6015.092988531649,4.0104719285095545,0.3108705544842584
hydrocortisone-buteprate,CCCC(=O)O[C@]1(C(=O)COC(=O)CC)CC[C@H]2[C@@H]3CCC4=CC(=O)CC[C@]4(C)[C@H]3[C@@H](O)C[C@@]21C,1,val,0.3455147768004423,0.9521887760998228,0.0003073408319816,0.3055102857016791,0.8679695264849432,2824.1269501629213,8023.48152055296,9243.966839534136,4.534254919566346,0.3473333214312413
hydrocortisone-butyrate,CCCC(=O)O[C@]1(C(=O)CO)CC[C@H]2[C@@H]3CCC4=CC(=O)CC[C@]4(C)[C@H]3[C@@H](O)C[C@@]21C,1,val,0.2926433503761007,0.9384251563922922,0.0003730616228009,0.3454825984765395,0.8477674809985446,2272.459639867006,5576.308019727177,6577.638497243504,4.083592593147866,0.3648367622158473
medrysone,CC(=O)[C@H]1CC[C@H]2[C@@H]3C[C@H](C)C4=CC(=O)CC[C@]4(C)[C@H]3[C@@H](O)C[C@]12C,1,val,0.4007744067390368,0.9631791028722084,0.0007843419886203,0.2688605880196788,0.898480674065788,1145.5215800013818,3828.114075541691,4260.652661808273,3.660962293055789,0.3249994412404185
tixocortol,C[C@]12C[C@H](O)[C@H]3[C@@H](CCC4=CC(=O)CC[C@@]43C)[C@@H]1CC[C@]2(O)C(=O)CS,1,val,0.4915057791924025,0.9765545097907348,0.0007894624624335,0.2152702706073873,0.927665365657716,1175.0594990902,5063.690387053733,5458.531248995772,3.930746343932421,0.2920763672535965
tixocortol-pivalate,CC(C)(C)C(=O)SCC(=O)[C@@]1(O)CC[C@H]2[C@@H]3CCC4=CC(=O)CC[C@]4(C)[C@H]3[C@@H](O)C[C@@]21C,1,val,0.5555245183274389,0.9835595407622704,0.0005202337578234,0.1805841348942694,0.9263550773968684,1780.6516079859214,9134.333196537082,9860.509667853592,4.738419040419672,0.2076202426160154
nandrolone,C[C@]12CC[C@@H]3[C@H]4CCC(=O)C=C4CC[C@H]3[C@@H]1CC[C@@H]2O,0,val,0.57100213439585,0.9851272766331652,0.0015886837123651,0.1718262169557455,0.8888107867969027,559.4636489812602,2893.954920530961,3255.9853722750136,3.496485672776617,0.2197107077581638
norethindrone,C#C[C@]1(O)CC[C@H]2[C@@H]3CCC4=CC(=O)CC[C@@H]4[C@H]3CC[C@@]21C,0,val,0.5188592245501246,0.979647786451998,0.0012799630970352,0.2007242249946437,0.9396671299073048,734.1361107080393,3436.772876461439,3657.4365188239217,3.62160987611767,0.3258058120733696
fludrocortisone,C[C@]12C[C@H](O)[C@@]3(F)[C@@H](CCC4=CC(=O)CC[C@@]43C)[C@@H]1CC[C@]2(O)C(=O)CO,1,val,0.5232171764926313,0.9802407445613834,0.0008975286471037,0.1978081967506522,0.9296868622961488,1035.829736795747,4868.338692195821,5236.535966714594,3.8263889074181456,0.2689783224990469
fludrocortisone-acetate,CC(=O)OCC(=O)[C@@]1(O)CC[C@H]2[C@@H]3CCC4=CC(=O)CC[C@]4(C)[C@@]3(F)[C@@H](O)C[C@@]21C,1,val,0.5168811884746004,0.9797412739298912,0.0006607802465838,0.200267411623144,0.9065118291224756,1371.8809450025967,6209.82862220632,6850.245548607543,4.132737567006155,0.2386445576561622
Plicamycin,CO[C@H](C(=O)[C@@H](O)[C@@H](C)O)[C@@H]1Cc2cc3cc(O[C@H]4C[C@@H](O[C@H]5C[C@@H](O)[C@H](O)[C@@H](C)O5)[C@H](O)[C@@H](C)O4)c(C)c(O)c3c(O)c2C(=O)[C@H]1O[C@H]1C[C@@H](O[C@H]2C[C@@H](O[C@H]3C[C@](C)(O)[C@H](O)[C@@H](C)O3)[C@H](O)[C@@H](C)O2)[C@H](O)[C@@H](C)O1,1,val,0.5686075471147668,0.9849049418905456,5.593961829603243e-05,0.173096087302923,0.860707890665828,15386.374038359758,76507.64237308357,88889.2075962016,9.126788315362996,0.0658668252276654
maprotiline,CNCCCC12CCC(c3ccccc31)c1ccccc12,1,val,0.2434242598206762,0.9211076019550438,0.0006756449849672,0.3893080857375407,0.7870327900606398,1164.861439915422,2354.9065192258963,2992.132664567196,3.425918643215082,0.3182466082108485
levoprotiline(oxaprotiline),CNC[C@H](O)CC12CCC(c3ccccc31)c1ccccc12,1,val,0.2028455865108059,0.902718956012636,0.0006024593763086,0.4302307362979274,0.7795415410640133,1293.9321250842224,2344.495076060533,3007.530647899124,3.365319776918684,0.344240916337957
benzoctamine,CNCC12CCC(c3ccccc31)c1ccccc12,1,val,0.1141765322864589,0.8208541160431776,0.0006453438486811,0.5711379169473636,0.6935883974077065,1074.7578966239116,1305.1831878102334,1881.7834794935563,2.9232563980244035,0.4349960466475159
L-663581,CC(C)c1nc(-c2ncn3c2CN(C)C(=O)c2c(Cl)cccc2-3)no1,1,val,0.6129582557170817,0.9884492638914764,0.0009912827383609,0.151552145192334,0.8968127401506081,904.699240131457,5353.575190405851,5969.557468047105,4.133700020261265,0.1134283227356022
33,CC(C)c1nc(-c2ncn3c2CN(C)C(=O)c2c(Cl)cccc2-3)no1,1,val,0.6129582557170817,0.9884492638914764,0.0009912827383609,0.151552145192334,0.8968127401506081,904.699240131457,5353.575190405851,5969.557468047105,4.133700020261265,0.1134283227356022
MIL-663581,CN1Cc2c(-c3noc(C(C)(C)O)n3)ncn2-c2cccc(Cl)c2C1=O,0,val,0.6334569325953818,0.989861986069843,0.0009571239120666,0.1420325615268059,0.9035963681634974,944.0745934478208,6006.104267533623,6646.888455008569,4.264695004702296,0.116821997571042
Bis-hydroxylated-L-663581,CN1Cc2c(-c3noc(C(C)(CO)CO)n3)ncn2-c2cccc(Cl)c2C1=O,0,val,0.6580851851554262,0.99136127662012,0.0008653584741469,0.1311595182139895,0.9296783053790098,1074.3273835683383,7614.993368217083,8190.998245476552,4.571704890059756,0.1352219517143944
Mono-hydroxylated-L-663581,CN1Cc2c(-c3noc(C(C)(C)O)n3)ncn2-c2cccc(Cl)c2C1=O,0,val,0.6334569325953818,0.989861986069843,0.0009571239120666,0.1420325615268059,0.9035963681634974,944.0745934478208,6006.104267533623,6646.888455008569,4.264695004702296,0.116821997571042
35,CN1Cc2c(-c3noc([C@](C)(O)CO)n3)ncn2-c2cccc(Cl)c2C1=O,0,val,0.6666049869874453,0.9918882054388916,0.0009423492659423,0.1271132877051621,0.915556322370188,971.5679265210028,6997.892775786294,7643.323086525338,4.475121331491833,0.1063465264500811
M2L-663581,CN1Cc2c(-c3noc(C(C)(O)CO)n3)ncn2-c2cccc(Cl)c2C1=O,0,val,0.663487861662143,0.9917070738468516,0.0009356682309046,0.1285187911634523,0.9168936799993403,979.934606856204,6991.163235393098,7624.835232148321,4.4727057036748805,0.1152831999921108
dazepinil,CC1=Nc2ccccc2CC(c2ccccc2)N1C,1,val,0.3801485263444365,0.9597064174421316,0.0012200978161428,0.2810046126318732,0.8365893765914599,685.6740218060839,2041.3458593264625,2440.081019966541,3.2124694951148487,0.2656074688362044
albutoin,C=CCN1C(=O)C(CC(C)C)NC1=S,1,val,0.3493936963308031,0.9532192824889948,0.0016396523765619,0.3022796709856052,0.8484846500861486,517.478376645458,1452.537174939821,1711.919213614933,2.944622591298126,0.3173945394918054
flutroline,OC(CCCN1CCc2c(c3cc(F)ccc3n2-c2ccc(F)cc2)C1)c1ccc(F)cc1,1,val,0.626015152699084,0.9893685987701007,0.0004032038253218,0.1454296247938752,0.8890179647905898,2204.884748008093,13478.561565776112,15161.180200617226,5.850937169084665,0.1025908273189044
nafenodone(dexnafenodone),CN(C)CC[C@]1(c2ccccc2)CCc2ccccc2C1=O,1,val,0.1523904848143559,0.8645630480874097,0.0004549444549007,0.5025243634708743,0.7132917334434459,1567.8655399791462,2225.455341296676,3119.979157129996,3.4323395873840425,0.3566956579152656
atibeprone,Cc1c(C)c2ccc(OCc3nnc(C(C)C)s3)cc2oc1=O,1,val,0.7599262835721504,0.9961355157417724,0.0015068169693652,0.0878295751889587,0.949986465846056,630.4590969971904,6819.201938849289,7178.209568255398,4.704891611791747,0.0618185729669919
Ceftazidime,CC(C)(O/N=C(\C(=O)N[C@@H]1C(=O)N2C(C(=O)[O-])=C(C[n+]3ccccc3)CS[C@H]12)c1csc(N)n1)C(=O)O,1,val,0.40251900383765,0.9635431123986202,0.0002903346692563,0.2675531172481085,0.8951396998296133,3083.1305889931696,10315.082920179862,11523.433629570114,4.774673996879916,0.2246974872643086
fropenem,C[C@@H](O)[C@H]1C(=O)N2C(C(=O)O)=C([C@H]3CCCO3)S[C@H]12,0,val,0.3729760542950037,0.958202235815742,0.001029829397826,0.2860917252870364,0.8191496039676993,795.422626016394,2277.486804047041,2780.306299381238,3.20269365167972,0.1881596780333681
penthrichloral,OCC1(CO)COC(C(Cl)(Cl)Cl)OC1,1,val,0.3961291230620197,0.960611108707735,0.0017234855889389,0.277896199735254,0.9688092193704072,562.1220308356959,1959.6849701566891,2022.776962661663,2.925387816258908,0.4154637120771703
nitrocycline,CN(C)[C@@H]1C(=O)/C(=C(\N)O)C(=O)[C@@]2(O)C(=O)C3=C(O)c4c(O)ccc([N+](=O)[O-])c4C[C@H]3C[C@@H]12,0,val,0.4094570623661914,0.964933091947222,0.000431266046765,0.262495958188263,0.8811653624179866,2043.205972340179,6858.781154338666,7783.761648911885,4.261447649041028,0.2495276454042904
amicycline,CN(C)[C@@H]1C(=O)/C(=C(\N)O)C(=O)[C@@]2(O)C(=O)C3=C(O)c4c(ccc(N)c4O)C[C@H]3C[C@@H]12,0,val,0.4561621125102418,0.9710669934224284,0.0005983885536129,0.2388072324816097,0.9643110058745722,1611.513121452996,6507.339928442419,6748.1755251156255,4.160556321312294,0.3043477103393466
doxycycline,C[C@H]1c2cccc(O)c2C(O)=C2C(=O)[C@]3(O)C(=O)/C(=C(/N)O)C(=O)[C@@H](N(C)C)[C@@H]3[C@@H](O)[C@@H]21.O,0,val,0.1839270026604299,0.889126394090947,0.0004141477115035,0.4576617258749416,0.9356938961296432,2259.3240772299177,4619.210278948351,4936.6681754097335,3.574134139064442,0.5115348110010504
lymecycline,CN(C)[C@@H]1C(=O)/C(=C(/N)O)C(=O)[C@@]2(O)C(=O)C3=C(O)c4c(O)ccc(Cl)c4[C@@](C)(O)[C@H]3C[C@@H]12.[Cl-].[H+],0,val,0.4292215456623342,0.9681552598170295,0.0003795208461091,0.2503505400206275,0.8117587662855944,2138.904291049586,6935.372731220457,8543.637616572954,4.134402914583566,0.1581935904126646
TetraCycline,CN(C)[C@@H]1C(=O)/C(=C(\N)O)C(=O)[C@@]2(O)C(=O)C3=C(O)c4c(O)cccc4[C@@](C)(O)[C@H]3C[C@@H]12,0,val,0.3810557307966534,0.9598700278930732,0.0004321019182891,0.2804452344978447,0.8314700968780395,1924.2453265891056,5705.044163010924,6861.39427555113,4.0375960988709165,0.2081213908999737
Demeclocycline,CN(C)[C@@H]1C(=O)/C(=C(\N)O)C(=O)[C@@]2(O)C(=O)C3=C(O)c4c(O)ccc(Cl)c4[C@@H](O)[C@H]3C[C@@H]12,0,val,0.3193946678581847,0.943928614212758,0.0004138994509962,0.330149619521789,0.93673332925521,2263.190557514481,6421.349292330714,6855.045178584906,4.088316936833135,0.3627869656610677
Chlortetracycline,CN(C)[C@@H]1C(=O)/C(=C(\N)O)C(=O)[C@@]2(O)C(=O)C3=C(O)c4c(O)ccc(Cl)c4[C@@](C)(O)[C@H]3C[C@@H]12,0,val,0.2902573344418254,0.9377467361196034,0.0003357903505377,0.3473198222057461,0.8407464063917248,2503.783700291565,6060.832160495912,7208.870730125986,4.05819802950274,0.3264444912839164
clomocycline,CN(C)[C@@H]1C(=O)/C(=C(/O)NCO)C(=O)[C@@]2(O)C(=O)C3=C(O)c4c(O)ccc(Cl)c4[C@@](C)(O)[C@H]3C[C@@H]12,0,val,0.4280151880107971,0.9679271696091188,0.000390100043092,0.2512309581490304,0.8928467603975739,2288.7635523456315,8134.009988592351,9110.197123827133,4.380747603055548,0.267671372736644
demecycline,CN(C)[C@@H]1C(=O)/C(=C(\N)O)C(=O)[C@@]2(O)C(=O)C3=C(O)c4c(O)cccc4[C@@H](O)[C@H]3C[C@@H]12,0,val,0.1741395225950227,0.8836088354950243,0.0004299643543,0.4682258278172264,0.929620627638056,2162.087666898404,4292.632260976374,4617.617265962489,3.58642673834151,0.5173631748032331
oxytetracycline,CN(C)[C@@H]1C(=O)/C(=C(\N)O)C(=O)[C@@]2(O)C(=O)C3=C(O)c4c(O)cccc4[C@@](C)(O)[C@H]3[C@H](O)[C@@H]12.O.O,0,val,0.2849506443142206,0.9347295312627858,0.0004194963970941,0.355359963115223,0.909563374350614,2168.2269040956267,5549.696037669696,6101.494622770978,3.730643964915359,0.3271983934759408
Auxeomycin,CN(C)[C@@H]1C(=O)/C(=C(\N)O)C(=O)[C@@]2(O)C(=O)C3=C(O)c4c(O)ccc(Cl)c4[C@@](C)(O)[C@H]3C[C@@H]12.[Cl-].[H+],0,val,0.3505329909679408,0.951762820717651,0.0004049356110995,0.3068346999600609,0.9394843189267787,2320.0832260114817,7103.765674894524,7561.345657168094,4.059483778860553,0.353729876403915
cinfenine,CN(C/C=C/c1ccccc1)CCOC(c1ccccc1)c1ccccc1,1,val,0.5159344650124941,0.9796991069222516,0.0005756231028904,0.2004735890229493,0.8960246369736339,1556.6168773879715,6957.360714028628,7764.698008223799,4.771537437510363,0.2218862395282932
ilepcimide,O=C(/C=C/c1ccc2c(c1)OCO2)N1CCCCC1,1,val,0.6314391888769094,0.9897338820027124,0.0016021068377364,0.142922506330671,0.8944624418100245,558.3038663475138,3494.0741831785804,3906.339740892876,3.9174287768911062,0.1226896968547761
tetrazepam,CN1C(=O)CN=C(C2=CCCCC2)c2cc(Cl)ccc21,1,test,0.1555862513584969,0.8434320259967666,0.0003963153058769,0.5372359049086255,0.6236586621308751,1573.6426347473655,1826.7875458278784,2929.1464333810954,3.3104747560658403,0.3690729694201742
menitrazepam,CN1C(=O)CN=C(C2=CCCCC2)c2cc([N+](=O)[O-])ccc21,1,test,0.1604006271071177,0.8249064551411989,0.0003151456003094,0.5652692635075618,0.5769937514561639,1830.8799199150876,1868.854971704004,3238.9518378449657,3.4044622228088675,0.3293021329986109
nortetrazepam,O=C1CN=C(C2=CCCCC2)c2cc(Cl)ccc2N1,1,test,0.1773447715136498,0.8492386767967102,0.0003992065587741,0.5280091569590178,0.5871563605814597,1470.8084015064514,1635.5672941637856,2785.5736631109417,3.2744990140033643,0.2674183165500143
Oxacillin,Cc1onc(-c2ccccc2)c1C(=O)N[C@@H]1C(=O)N2[C@@H](C(=O)O)C(C)(C)S[C@H]12,0,test,0.553282681175876,0.9834469589263212,0.0007132119515365,0.1811962443831847,0.9107078656387256,1276.9105504705624,6417.861948459534,7047.1137788607575,4.284982423390709,0.1156899119803164
Flucloxacillin,Cc1onc(-c2c(F)cccc2Cl)c1C(=O)N[C@@H]1C(=O)N2[C@@H](C(=O)O)C(C)(C)S[C@H]12,0,test,0.2393323803058472,0.91741881415733,0.0004293835302967,0.3979230069123405,0.924376033605084,2152.798066023444,5000.954714492867,5410.086948045428,3.72028448736854,0.3393428967086392
cloxacillin,Cc1onc(-c2ccccc2Cl)c1C(=O)N[C@@H]1C(=O)N2[C@@H](C(=O)O)C(C)(C)S[C@H]12,1,test,0.2796727797589453,0.9344687740700732,0.0003895413829716,0.3560450958628336,0.826316362591671,2121.2543742801577,4923.048285327675,5957.825002868094,3.861928779667223,0.271274920545174
dicloxacillin,Cc1onc(-c2c(Cl)cccc2Cl)c1C(=O)N[C@@H]1C(=O)N2[C@@H](C(=O)O)C(C)(C)S[C@H]12,0,test,0.2165012417405109,0.9056090282878754,0.0004049171831473,0.4241135318325626,0.948722032931992,2343.0026494743997,5241.186781213021,5524.470392044464,3.733025542982933,0.3475860724397058
ademetionine(adenosyl-methionine),C[S+](CC[C@H](N)C(=O)[O-])C[C@H]1O[C@@H](n2cnc3c(N)ncnc32)[C@H](O)[C@@H]1O,1,test,0.7102400281910806,0.9941186373617368,0.0009674905552144,0.1082965135636571,0.9327947316843797,964.1383336063584,8304.451626453609,8902.764289264342,4.775231810883713,0.1116496970817089
Cladribine,Nc1nc(Cl)nc2c1ncn2[C@H]1C[C@H](O)[C@@H](CO)O1,1,test,0.4298217317989869,0.9678268145612996,0.0009447960330546,0.2516172828247842,0.7824882216303327,828.2086230828211,2575.5921268185207,3291.541080902424,3.4231276933336545,0.1414806305261363
Vidarabine,Nc1ncnc2c1ncn2C1OC(CO)C(O)C1O,1,test,0.5482924712508218,0.9830546996617776,0.0016773304913472,0.1833124585861311,0.8578221400921864,511.42106133369504,2393.2269126997503,2789.887088298468,3.2640690955362786,0.1215130677584725
loreclezole,Cl/C(=C\n1cncn1)c1ccc(Cl)cc1Cl,1,test,0.5260395727279971,0.9798059328561308,0.0016435048773404,0.1999508288053017,0.9825502674225643,597.8383641991641,2937.7534873402933,2989.9269123875333,3.447396932091919,0.2132164820466515
pregnanolone,CC(=O)[C@H]1CC[C@H]2[C@@H]3CC[C@@H]4C[C@H](O)CC[C@]4(C)[C@H]3CC[C@]12C,1,test,0.6091895637876142,0.988139395073328,0.0013199529819174,0.1535595516538047,0.9134962996038778,692.0673024859376,4116.975551758701,4506.833310155671,3.82420755794833,0.2142479525935942
ganaxolone,CC(=O)[C@H]1CC[C@H]2[C@@H]3CC[C@H]4C[C@](C)(O)CC[C@]4(C)[C@H]3CC[C@]12C,1,test,0.605922165332109,0.9878137030422872,0.0012289178195144,0.1556408946321115,0.932515668470389,758.8104376570925,4546.379819948174,4875.392418237463,3.9125257568742704,0.2125427178406631
minaxolone,CCO[C@H]1C[C@@]2(C)[C@@H](CC[C@H]3[C@@H]4CC[C@H](C(C)=O)[C@@]4(C)C[C@@H](N(C)C)[C@@H]32)C[C@@H]1O,1,test,0.4423838565594408,0.970332724620021,0.0005189860794089,0.2417734549769402,0.835857554751163,1610.5587180741434,5568.012716702163,6661.437328708209,4.130397967556679,0.2155773744422682
acebrochol,CC(=O)OC1CC[C@@]2(C)C([C@@H]1Br)[C@H](Br)C[C@@H]1[C@@H]2CC[C@@]2(C)[C@H]1CC[C@@H]2[C@H](C)CCCC(C)C,1,test,0.5262167623231916,0.9808196213589216,0.0003189313606108,0.1949175988907667,0.893812211807248,2802.5221793656874,12851.217960988191,14377.984313957411,5.051246738490048,0.2142308034695547
perisoxal,OC(CN1CCCCC1)c1cc(-c2ccccc2)on1,1,test,0.7312159016687872,0.9949725039822792,0.0022229986582316,0.1001484713774169,0.9671726594868412,435.07568297688056,4201.694739773036,4344.3067776568,4.060571122823329,0.1356683030384078
folic-acid,Nc1nc(=O)c2nc(CNc3ccc(C(=O)N[C@@H](CCC(=O)O)C(=O)O)cc3)cnc2[nH]1,1,test,0.8132798036555134,0.9977606726739886,0.0008525763036896,0.0668852753986228,0.9687412995586002,1136.2517294537097,16457.044849655475,16988.069835728078,6.2587549047181135,0.0781648024388487
quinagolide,CCCN1CC(NS(=O)(=O)N(CC)CC)CC2Cc3c(O)cccc3CC21,1,test,0.3180442201395043,0.9455894044793504,0.000424186595907,0.3253623797189641,0.8273471717940121,1950.432144195665,4959.653047996068,5994.645557609873,4.038762835862767,0.3196628353363964
dicarbine,Cc1ccc2c(c1)C1CN(C)CCC1N2,1,test,0.4706470665696068,0.9739922435815668,0.0020654204459426,0.226581352813831,0.8024883079529076,388.5350847229818,1376.0835075244222,1714.7707871716118,2.932496511386113,0.1134674208714594
piberaline,O=C(c1ccccn1)N1CCN(Cc2ccccc2)CC1,1,test,0.5998083131212087,0.9874154546690048,0.0012933310655872,0.1581477786148209,0.9169804607530292,709.006754072434,4110.99887536088,4483.191356100332,4.066031180216001,0.1901888564270645
methastyridone,CC1(C)NC(=O)C(/C=C/c2ccccc2)O1,1,test,0.6309121299508393,0.9896188228468984,0.0025483325236668,0.1437170326270309,0.93153778427552,365.54797132012527,2369.3903292149803,2543.5257369165265,3.485305907259892,0.1341307806387138
loxapine,CN1CCN(C2=Nc3ccccc3Oc3ccc(Cl)cc32)CC1,1,test,0.1642841379320407,0.8452387849081443,0.0002879318525279,0.5343888064761496,0.606847845974703,2107.60928548486,2393.38500274117,3943.9622610787687,3.5889656432540766,0.2719033847665522
amoxapine,Clc1ccc2c(c1)C(N1CCNCC1)=Nc1ccccc1O2,1,test,0.1706005112292326,0.8434867242829766,0.0003065477553436,0.5371500218359616,0.5892207385753093,1922.1172828841363,2108.4451624489066,3578.3621050863985,3.4819976642604185,0.1997771048929437
Pindolol,CC(C)NCC(O)COc1cccc2[nH]ccc12,1,test,0.5563041840083852,0.9836656377599496,0.0016222867248531,0.1800053140613123,0.9217669967438632,568.1899399301946,2909.573738090524,3156.517588901075,3.654860839178802,0.1698239896264689
bufotenine,CN(C)CCc1c[nH]c2ccc(O)cc12,1,test,0.4323199660666074,0.9685526659894884,0.0016110904686388,0.2488086276732671,0.8042296745729506,499.18343521232464,1613.5217472450595,2006.2947168690916,3.175231609212833,0.1435573142898595
oxitriptan,NC(Cc1c[nH]c2ccc(O)cc12)C(=O)O,1,test,0.3623960700651225,0.9560775891006824,0.0015595385589924,0.2931137042504611,0.8475669415032351,543.4728988367056,1571.5050370463834,1854.1367768063017,3.0018954334739414,0.2447321761992335
etryptamine,CCC(N)Cc1c[nH]c2ccccc12,1,test,0.4689429913592566,0.9741042515308376,0.0024734435244637,0.2260993302722206,0.8618188135054121,348.42874113822376,1328.0996627340392,1541.042782916341,2.923168899750592,0.1931694845728505
psilocybine,CN(C)CCc1c[nH]c2cccc(OP(=O)(O)O)c12,1,test,0.1885025284661207,0.8520453226861449,0.0004017541172717,0.5234680201202966,0.5709325670623036,1421.0994797996295,1549.9551889845195,2714.7780287954383,3.1624981196964925,0.2186598924569779
tryptophan(l-tryptophan),N[C@@H](Cc1c[nH]c2ccccc12)C(=O)O,1,test,0.4179116291390303,0.966430733595326,0.0021243991232484,0.2569272993716315,0.8742768205150927,411.54075566470647,1400.398261511658,1601.7790116940232,2.8909469324819623,0.1798727402467441
nonapyrimine,CCCCCCCCCNc1ncnc2[nH]ccc12,1,test,0.6496527156651275,0.990894095130788,0.0013675003866477,0.1346435748000511,0.905353597522098,662.0499755334265,4451.674192242087,4917.055838101344,4.388785686538308,0.1071985982714435
enprazepine,C=C1c2ccccc2CN(CCCN(C)C)c2ccccc21,1,test,0.0935015240860688,0.7882807165434681,0.0004425646019011,0.6153157822823306,0.691762973257659,1563.077955819526,1757.2756709417315,2540.285818806328,3.165552438915008,0.4770096046607216
bisorcic,CC(=O)NCCC[C@H](NC(C)=O)C(=O)O,1,test,0.2235480196018419,0.9132281516835564,0.0010782803558885,0.4074485770899627,0.8057207220429774,747.2274883270625,1477.6261478815031,1833.9185122791048,3.0634961170922947,0.2980479754368434
chloralhydrate,OC(O)C(Cl)(Cl)Cl,1,test,0.0246047582690019,0.6484214110536872,0.0025950550184018,0.7612815994670732,0.8754863686627251,337.3671704278107,387.9777984265304,443.156869500039,1.87943803236618,0.7230951381365981
bromisoval,CC(C)C(Br)C(=O)NC(N)=O,1,test,0.2365110173048334,0.9188060042375642,0.0018858148343079,0.3947094204310319,0.8456698332366468,448.43736397214747,960.7826192576794,1136.1202463382897,2.3885665131674085,0.2390016661205519
bromoform,BrC(Br)Br,1,test,0.2390601063406373,0.8616933979777093,0.0012021273876796,0.5074292934800169,0.5074299812608027,422.1099913880635,422.1105635251973,831.8597227471391,1.8209715145296208,0.4946802479038142
sulfonmethane,CCS(=O)(=O)C(C)(C)S(=O)(=O)CC,1,test,0.2309971834664197,0.9139877669997516,0.0020181255864623,0.4057417427068697,0.9221945333631348,456.9559692168024,1038.5973451684815,1126.2237061640774,2.3960541850269244,0.4053806851032464
choline,C[N+](C)(C)CCO,1,test,0.2221044801922078,0.9076302232385576,0.0073965293912327,0.4197706252990149,0.957450487555474,129.4459113067756,295.2518433238396,308.3729625305903,1.875773311469809,0.6592420195780971
18,ClCCl,1,test,0.7345824952150766,0.9951871123710382,0.0569047944494525,0.0979929148999799,0.9214859858499472,16.19346831431727,152.27686745699185,165.25141976688542,1.4016482195115516,0.5618929347845466
Teflurane,FC(Br)C(F)(F)F,1,test,0.3208285495376473,0.946200770606211,0.0050956565252318,0.3235801318131453,0.8596586066582939,168.7041900099782,448.1981267166979,521.3675792288699,1.7736059472439285,0.5934122459184263
butoctamide,CCCCC(CC)CNC(=O)CC(C)O,1,test,0.4705014554445831,0.974303749557147,0.0014868821171399,0.2252381042339062,0.8669209168537753,583.0461654359967,2244.0915049744217,2588.5769524614384,3.54612106784913,0.1832153675671666
2-Methylpentane,CCCC(C)C,1,test,0.4737411222275927,0.9747380485240166,0.0112897482794846,0.223351151238564,0.8592982949591447,76.11314917628717,292.82991803922204,340.77795773252944,2.0292270002624893,0.2787371633550237
deanol,CN(C)CCO,1,test,0.4063327936593523,0.964502755751484,0.0110261214033942,0.2640727819139885,0.8276186833278201,75.05981959105272,235.24162017198825,284.23913682819665,1.826183057963514,0.2545770720648541
chlorhexadol/chloralodol,CC(CC(C)(C)O)OC(O)C(Cl)(Cl)Cl,1,test,0.4784351741381872,0.974566117389984,0.0016707735602211,0.2241001625064383,0.9475972643620948,567.1607972038187,2398.2134322116917,2530.836171024749,3.216859375644036,0.3479244583664995
Trichloroethylene,ClC=C(Cl)Cl,1,test,0.3887197177795555,0.9585378220105716,0.0052960459690237,0.2849653378487112,0.7150346621512935,135.01292593257187,338.7742614910831,473.7871874236527,1.898943977327186,5.915008639739579e-14
Trichloromethane,ClC(Cl)Cl,1,test,0.2220145168243306,0.8544180446383903,0.0033244961290269,0.519586186302436,0.5195874756388231,156.29059426545317,156.29098209552924,300.7982090087379,1.6028304427407627,0.5860056338377861
chloroform,ClC(Cl)Cl,1,test,0.2220145168243306,0.8544180446383903,0.0033244961290269,0.519586186302436,0.5195874756388231,156.29059426545317,156.29098209552924,300.7982090087379,1.6028304427407627,0.5860056338377861
2-propanol,CC(C)O,1,test,0.1499035093064027,0.8287180370498467,0.0104127612953336,0.5596663426258979,0.6057496320086422,58.17377493135283,62.96384126278513,103.9436723287796,1.3684593945654095,0.5265552110194146
clorethate/cloretate,O=C(OCC(Cl)(Cl)Cl)OCC(Cl)(Cl)Cl,1,test,0.6121340641536801,0.9878332439299462,0.0015555211680123,0.1555168228419022,0.9878515203443956,635.0614447803711,4033.9456675767847,4083.55464814229,3.670652287669647,0.2401685245614815
tribromoethanol,OC(Br)(Br)CBr,1,test,0.1521039037729812,0.8603422080993458,0.0013249636670096,0.5097168674497069,0.6916635373369093,522.0245313578712,708.3644999667455,1024.1460793121166,1.9966724293540636,0.6439184325827684
triclofos,O=P(O)(O)OCC(Cl)(Cl)Cl,1,test,0.3552556757672101,0.9509025097138862,0.0024786647047339,0.3094905766252546,0.9885400853686668,398.8196077834533,1273.8648569656716,1288.63247512173,2.5406616574686818,0.4329504821255501
ectylurea,C/C=C(\CC)C(=O)NC(N)=O,1,test,0.3862377174905732,0.9606366133413028,0.0029519007872751,0.2778080220370755,0.803259927572484,272.1161669914961,786.8023788014298,979.51155260441,2.5545432081545303,0.1702346103548915
emylcamate,CCC(C)(CC)OC(N)=O,1,test,0.1199759206084832,0.8376091898041553,0.0022038491583106,0.5462699379936868,0.7338937727342939,333.00544638765007,447.3806929374256,609.5987042792359,2.1877804409540764,0.4688809074154058
crotetamide,C/C=C/C(=O)N(CC)C(CC)C(=O)N(C)C,1,test,0.1285502078412392,0.8537704436177611,0.0009261028663499,0.5206496226875917,0.815080837343621,880.1191173892663,1377.8329915245483,1690.424959584325,2.953471914781141,0.5467789140620205
ethchlorvynol,C#CC(O)(/C=C/Cl)CC,1,test,0.4292049865117853,0.9681373966844132,0.0041759144984391,0.25041961013692,0.8910202921856949,213.37129687850043,759.1983518573992,852.0550637461541,2.5118062126692786,0.4045670178497799
"\1,1,1-Trifluro-2-chloroethane\\\""""",FC(F)(F)CCl,1,test,0.330772862353301,0.944327602662716,0.0103681838677647,0.3290066547188483,0.9940008906121424,95.8702993011671,289.645092346375,291.3931919799397,1.6901230563465788,0.5940048206181664
urethane,CCOC(N)=O,1,test,0.5282753182507042,0.9809375297752222,0.0148525205644266,0.1943233456857026,0.8278414196502966,55.73743635360213,237.44835328876755,286.82830751458704,1.80418076327597,0.1426793933105261
valdipromide,CCCC(CCC)(CCC)C(N)=O,1,test,0.0521406806871146,0.7427346723576512,0.001245648654773,0.6695858469813804,0.8989770319411003,721.6938969880848,968.9366052302416,1077.821313341101,2.7330834157205057,0.5641863104310724
valproatepivoxil,CCCC(CCC)C(=O)OCOC(=O)C(C)(C)C,1,test,0.3901817875266138,0.9611011711168572,0.0010460254253068,0.2761965584105014,0.904339875863066,864.5486562602465,2830.758750143227,3130.193443523281,3.634471835500587,0.2534560010835039
vigabatrin,C=CC(N)CCC(=O)O,1,test,0.6255824068792915,0.9893368653292024,0.0072506257810622,0.1456453463059766,0.8982114031636566,123.880535320092,763.985340257718,850.5629493979134,2.5941860668436023,0.1837455637649158
vinyl-ether,C=COC=C,1,test,0.8140182754659054,0.9977928646590694,0.0644332892690952,0.0664033074134726,0.9335966925881276,14.4893533013519,203.71293007520364,218.2022833762064,1.764405965154451,3.642196508472174e-12
Foscarnetsodium,O=C([O-])P(=O)([O-])[O-].[Na+].[Na+].[Na+],1,test,0.1836627974337585,0.8924658018151579,0.0058399885203456,0.4511150547149,0.8767496072703022,150.1286525163261,291.7775316030948,332.79459629474314,1.4205546323316194,0.4301372594219402
meprobamate,CCCC(C)(COC(N)=O)COC(N)=O,1,test,0.1468504221009092,0.8212412660663249,0.0006218211816378,0.5705810923171043,0.5993675573636132,963.8905445209828,1012.5199187538976,1689.3138547698215,2.897909318977662,0.4060300053001946
Amifostine,NCCCNCCSP(=O)(O)O,0,test,0.4498811484615185,0.971028825670201,0.0022261431902623,0.2389623813857539,0.9159029024829324,411.4303637292121,1576.9438776260004,1721.7369585258914,2.942668649529177,0.2717620260185759
ethylene(ethene),CCCl,1,test,0.5947086648432393,0.987061114641916,0.0558913977657274,0.160344491523278,0.9027796298099692,16.152389560805595,90.94199700732182,100.73554387405116,1.2691375608477118,0.5387129549395574
ethyl-loflazepate,C=C,1,test,0.5728811865777936,0.985108407651809,0.2374751757083525,0.1719343629811019,0.8280656370194854,3.4869566242007863,16.79378635087338,20.280742975062253,0.8502458762105964,1.4992033062894862e-12
methylpentynol,C#CC(C)(O)CC,1,test,0.2200659388914531,0.9084441356465662,0.0075314805605458,0.4180062827391034,0.932346469997714,123.79325187159972,276.1159488697484,296.1516536555616,1.8831049181193065,0.4297432341071908
Trometamol,NC(CO)(CO)CO,0,test,0.1414198254986684,0.8632428797393752,0.0038123714058169,0.5047887979930523,0.7811940858407302,204.91027832408565,317.1122223614734,405.932697276111,1.9570949312973855,0.574558256280048
carbocloral,CCOC(=O)NC(O)C(Cl)(Cl)Cl,1,test,0.4148063029251727,0.9644653423472368,0.0022018135416976,0.2642093931165716,0.9572219889736188,434.7425296674173,1575.0579645594223,1645.446910646378,2.7799971202841536,0.2428007696578014
Urea,NC(N)=O,1,test,0.2403749222509836,0.8673614677829808,0.011540970700487,0.4976786957519411,0.5156963201700997,44.68396407490526,46.30167222493911,89.78476365638357,1.2267906580468977,0.0645241508561558
carbromal,CCC(Br)(CC)C(=O)NC(N)=O,1,test,0.1713437230270048,0.8835839558475753,0.0016657531117554,0.4682727762413166,0.905182971374174,543.4076424568303,1050.4205442278892,1160.451066189665,2.4100494747845613,0.2369205630598794
chlorobutanol,CCCC(O)Cl,1,test,0.3766727872139722,0.9589631282595088,0.0079929568532487,0.2835308072127911,0.8615928506784698,107.79400746149037,327.5642145832109,380.1844622146844,1.9380163273586752,0.363906287118564
Disulfiram,CCN(CC)C(=S)SSC(=S)N(CC)CC,1,test,0.2064266240377544,0.9045729920271052,0.000871913933071,0.4263187798996553,0.8782213598644644,1007.2340016075236,2074.913084527245,2362.631085228292,3.0298747008331395,0.3385613399661437
Azelaicacid,O=C(O)CCCCCCCC(=O)O,0,test,0.3250186366835946,0.946965033637804,0.0015275222588675,0.3213366226674963,0.7894390141540846,516.8101542031461,1269.6657332492118,1608.3138918713175,3.002998391509787,0.259365411635569
Ethambutol,CC[C@@H](CO)NCCN[C@@H](CC)CO,0,test,0.7112787851322486,0.9941480214042496,0.00294103851669,0.1080264390694025,0.9432554870729416,320.72190884957564,2800.4505466713736,2968.9204940239224,3.8605386032490814,0.1422890610477681
Bethanechol,CC(C[N+](C)(C)C)OC(N)=O.[Cl-],0,test,0.3128905725349235,0.9442000969871284,0.0027581180575184,0.3293723984329857,0.8223578771763693,298.15905629371485,744.4262171363947,905.2338863615448,2.225263411785684,0.3548913256154685
cropropamide,C/C=C/C(=O)N(CCC)C(CC)C(=O)N(C)C,1,test,0.1158919250331087,0.8197095793385493,0.0005956660597089,0.5727793689900315,0.6834371139039221,1147.3494297087025,1369.010871083022,2003.1263202300688,3.066268644006411,0.3742260962329095
Busulfan,CS(=O)(=O)OCCCCOS(C)(=O)=O,1,test,0.5505060844878635,0.9831292552943164,0.0019194264273339,0.1829121848987723,0.9193822508813028,478.98801318388,2407.5655645897564,2618.677445950157,3.342991565014896,0.2257009015044588
desflurane,FC(F)OC(F)C(F)(F)F,1,test,0.2670201547262495,0.930168297216434,0.0034442329651586,0.3671334074331558,0.8090338146557653,234.89520681087205,517.6270025090404,639.8088598179111,2.0354249413001537,0.3881940950641293
tybamate,CCCCNC(=O)OCC(C)(CCC)COC(N)=O,1,test,0.2509233786185105,0.922444557455202,0.0007555941206172,0.3861295617034213,0.91684371177947,1213.4076837846767,2881.1707650536387,3142.4884394546093,3.631659366806345,0.4287902409614958
valproicacid,CCCC(CCC)C(=O)O,1,test,0.1514133215196734,0.8447013897555826,0.0014796281760282,0.5352378556725854,0.6380568409329451,431.2278255241749,514.0665241821969,805.6751235995623,2.463885819470787,0.3464861413862846
hopantenic-acid,CC(C)(CO)[C@@H](O)C(=O)NCCCC(=O)O,1,test,0.5421050420025996,0.982163534434334,0.0018979225991926,0.1880286989463499,0.935992711369571,493.1669562118884,2454.9479897978345,2622.828105365997,3.455616208023028,0.2760513290842432
Hydroxycarbamide,NC(=O)NO,1,test,0.3873710459688195,0.9586492646630774,0.0157560771648948,0.2845902095310747,0.7232411992357162,45.90236463471528,116.65363085001567,161.29284528216755,1.4591243001894831,0.049462014203293
ibrotamide,CCC(Br)(C(N)=O)C(C)C,1,test,0.0167347285816095,0.6024625535240015,0.001718980824653,0.7981471490905293,0.908007218759804,528.224169657655,600.9309933877271,661.8130131261566,2.074406860159812,0.4208960311508591
BCNU,O=NN(CCCl)C(=O)NCCCl,1,test,0.4694424533586688,0.9737021456458118,0.0022850133488608,0.2278247825956214,0.9246523081755258,404.659477650964,1642.355654956115,1776.187265672567,2.988401888075588,0.2093579960376518
mannitol,OCC(O)C(O)C(O)C(O)CO,0,test,0.2822152044545042,0.9349718579825732,0.0022443567855866,0.354721897802511,0.8670929325823515,386.3436233271246,944.3900345890528,1089.1451182475876,2.5771576988803035,0.3336603708137453
mebutamate,CCC(C)C(C)(COC(N)=O)COC(N)=O,1,test,0.1501060863807922,0.8536884589352388,0.0006505543800646,0.5207840388114607,0.6708619199046336,1031.2157453124432,1328.3882054354715,1980.121640566972,3.056400260774372,0.3921759006276784
mecloralurea,CNC(=O)NC(O)C(Cl)(Cl)Cl,1,test,0.2966051842509873,0.9367378021541648,0.0021982970758503,0.3500318414307258,0.9490915479563616,431.73943976122615,1170.6370812493335,1233.429044616419,2.5302579270229426,0.291468025073078
Sevoflurane,FCOC(C(F)(F)F)C(F)(F)F,1,test,0.160744981800231,0.8711365146693216,0.0015938049017573,0.4910409074708406,0.7134985505280832,447.66994363072354,650.4791169857422,911.6754568096904,2.241256374799396,0.3537567593740484
milacemide,CCCCCNCC(N)=O,1,test,0.7581945490980165,0.996028527263884,0.0083065198114493,0.0890346723279078,0.9725671090128416,117.08478774375456,1278.9715573494868,1315.0471011174195,3.0658317142917832,0.1932991364904049
Mesna,O=S(=O)([O-])CCS.[Na+],0,test,0.3924161025075125,0.9605316366753904,0.0072129073930426,0.2781707657998868,0.9478959123767542,131.4166203341347,447.8158474881144,472.4314575481826,1.78961411763266,0.5184777174887814
nisobamate,CCC(C)C(C)(COC(N)=O)COC(=O)NC(C)C,1,test,0.2520268775487285,0.9249068550891122,0.0008204399183687,0.3801937787617888,0.8392643884580763,1022.9443615160944,2258.113682949953,2690.5867972053866,3.298912517919966,0.300914190072271
norflurane,FCC(F)(F)F,1,test,0.1492473846550445,0.8586104661187208,0.0104167104766594,0.5126285862799623,0.9932860118842612,95.3550561004744,184.76309344035192,186.01197563414468,1.511383388492325,0.6461510682727585
111-trichloroethane,CC(Cl)(Cl)Cl,1,test,0.0543468434680715,0.697666738097867,0.003294911853913,0.7164224469905185,0.716422725053259,217.43304732186684,217.43313171345628,303.4983733902247,1.6635442900800943,0.7784159295781778
111-trifluoro-2-chloroethane,FC(F)(F)CCl,1,test,0.330772862353301,0.944327602662716,0.0103681838677647,0.3290066547188483,0.9940008906121424,95.8702993011671,289.645092346375,291.3931919799397,1.6901230563465788,0.5940048206181664
2-methylpropanol,CC(C)CO,1,test,0.2964680529761609,0.938300114079854,0.0114850829695844,0.3458220581711535,0.7591007499327708,66.09449421855035,145.08149188938532,191.1228409433588,1.6473386620405006,0.3602158237977908
"\2,2-dimethylbutane\\\""""",CCC(C)(C)C,1,test,0.1059154466071083,0.8154518313611697,0.0084298873949522,0.578824939623125,0.995376561635937,118.07708869657688,203.05131743512163,203.99447330907563,1.745489606380367,0.7573105930732146
octamoxin,CCCCCCC(C)NN,1,test,0.6186742398226237,0.988860193358418,0.0044205124313653,0.1488472975607954,0.8867659375486532,200.60252093324783,1195.100518888078,1347.7068392949045,3.083574012274949,0.1417681378730398
3-methylhexane,CCCC(C)CC,1,test,0.4583742977236479,0.972467084320099,0.0084277703170592,0.2330402753044316,0.8980832711468137,106.56238095726698,410.6667465367319,457.2702328730922,2.205114196174025,0.317411630041579
3-methylpentane,CCC(C)CC,1,test,0.4382457260145753,0.9697365723762532,0.0111614745421995,0.2441535995965567,0.8595714497465273,77.01235589407506,271.1310523934589,315.4258467674918,1.962139698569775,0.3134386625658531
pentabamate,CC(OC(N)=O)C(C)C(C)OC(N)=O,1,test,0.5432680914398573,0.98228280445634,0.0028036587362958,0.1874046212594236,0.935786809376487,333.77343585433465,1666.665296158215,1781.0309778449548,3.042704659249452,0.3021422378521419
cryofluorane,FC(F)(Cl)C(F)(F)Cl,1,test,0.17649883167423,0.8875081349244781,0.0038055246693757,0.4607920468528882,0.8927166447437973,234.5843798958324,454.47264543775873,509.0894721338917,1.872162411266581,0.6015680786342692
petrichloral,OC(OCC(COC(O)C(Cl)(Cl)Cl)(COC(O)C(Cl)(Cl)Cl)COC(O)C(Cl)(Cl)Cl)C(Cl)(Cl)Cl,1,test,0.2031364858365335,0.9006674898231418,0.0001587040007129,0.4345090019501099,0.923488104676189,5818.933993645042,12367.330253019967,13391.975695622456,4.664452770432998,0.5344023513711458
acecarbromal,CCC(Br)(CC)C(=O)NC(=O)NC(C)=O,1,test,0.3657180912286913,0.955408210185492,0.0014225397455241,0.2952882522386467,0.933489769941494,656.213489203797,2074.476632325659,2222.281056658688,2.978595527265508,0.2755787012051171
aceglutamide,CC(=O)NC(CCC(N)=O)C(=O)O,1,test,0.4264583662840644,0.9677595954721562,0.0022673565482167,0.2518756942850351,0.8841393657939549,389.9428021099324,1368.785434942529,1548.1557409372483,2.9641780521450047,0.2052211183344296
Butanone,CCC(C)=O,1,test,0.3694509939879568,0.9564227054076772,0.0142160325580121,0.2919856307777137,0.7603592947185324,53.486040610535326,139.2829092568398,183.18038619939423,1.6145851347153806,0.2604204752440249
Dichloromethane,ClCCl,1,test,0.7345824952150766,0.9951871123710382,0.0569047944494525,0.0979929148999799,0.9214859858499472,16.19346831431727,152.27686745699185,165.25141976688542,1.4016482195115516,0.5618929347845466
Diethylether,CCOCC,1,test,0.6946899013163412,0.9933574211123158,0.0336582706078753,0.1150696915833586,0.9372806629269976,27.846964386449848,226.8227270056475,242.000860550469,1.8303861187325603,0.2317837403294808
Divinylether,C=COC=C,1,test,0.8140182754659054,0.9977928646590694,0.0644332892690952,0.0664033074134726,0.9335966925881276,14.4893533013519,203.71293007520364,218.2022833762064,1.764405965154451,3.642196508472174e-12
Enflurane,FC(F)OC(F)(F)C(F)Cl,1,test,0.2497139890409255,0.9214060503856396,0.0031451692271196,0.3886011970037356,0.9283337133295748,295.1617691426236,705.115226854189,759.54930509333,2.1838978048095234,0.3919991975104999
roflurane,COC(F)(F)C(F)Br,1,test,0.3505609646491976,0.9520426835198526,0.0046227597224159,0.3059652410917257,0.9309762124427396,201.3897040610606,612.7788347550329,658.2110547671188,1.9532552537056973,0.3936065282612247
pivagabine,CC(C)(C)C(=O)NCCCC(=O)O,1,test,0.6447947183297368,0.99023548481577,0.0036828625624222,0.1394047510369602,0.9819595961718328,266.62944368088984,1878.123513702852,1912.6280969448355,3.291620391866329,0.2499172976446073
sulfonethylmethane,CCC(C)(S(=O)(=O)CC)S(=O)(=O)CC,1,test,0.2371455270318613,0.9183296763329932,0.0016554120175026,0.3958163785976272,0.8813444341355405,532.4018581580119,1185.472455873245,1345.0728341366405,2.5137523513138054,0.3744935059146033
pregabalin,CC(C)C[C@H](CN)CC(=O)O,1,test,0.2023971852720235,0.9034337890891676,0.0022726564421174,0.4287276393375979,0.8244579986115971,362.7728253740932,697.6246225242376,846.1615069525078,2.446803189334138,0.5123123174021044
Ethanol,CCO,1,test,0.4291888679560864,0.9682817954694262,0.0574536747566304,0.2498606903106294,0.8722137446457461,15.181165492727494,52.99441535215887,60.7585189725287,1.1829448714364277,0.4814783012301125
Fluroxene,C=COCC(F)(F)F,1,test,0.5289214782217677,0.980106478877874,0.0094674953880729,0.1984723911822882,0.9837905186403842,103.9124370612053,515.0745135918548,523.5611685948111,2.128650293202221,0.1695182404781539
Halothane,FC(F)(F)C(Cl)Br,1,test,0.2031645256766356,0.8979446298179371,0.0025620474735878,0.440108443205908,0.7117066772757829,277.78824733451285,449.21599107839046,631.1813636452949,1.8548632248479904,0.5889214224911944
Heptane,CCCCCCC,1,test,0.5338113229749338,0.981307461154905,0.0093044869037755,0.1924465294093784,0.9362160574753916,100.61984794620967,489.49657672227727,522.8457393075034,2.356570876501111,0.3204587957458797
Hexane,CCCCCC,1,test,0.7853731402439973,0.9969687724298526,0.0274246299631257,0.0778027428803948,0.9640477999884242,35.15262744783257,435.5735016565228,451.81732862390527,2.3135570510189827,0.198502881206413
propanidid,[CH2-][CH-]C,1,test,0.5454355168285892,0.982795896519574,0.0734241956619779,0.1846949533265237,0.8652584061544931,11.784377048376165,55.207416980013626,63.8045427670266,1.2466362944950362,0.184400997007012
amylene-hydrate,CCC(C)(C)O,1,test,0.1165722687907303,0.831601567861796,0.0087246954137856,0.5553726967810019,0.9725241520751128,111.46797749964416,195.193787756758,200.70842183226543,1.6964314537258505,0.5073113489331256
valdetamide,C=CCC(CC)(CC)C(N)=O,1,test,0.087284680639384,0.8071628355519449,0.0021738453972361,0.5903288548798405,0.8814896251395855,405.4978455507028,605.4966497311989,686.901617968921,2.3384998341094594,0.6414700153718803
valnoctamide,CCC(C)C(CC)C(N)=O,1,test,0.1440152818531833,0.8592263130608944,0.0020246711433989,0.5115956830777424,0.7238759251755512,357.5276545702798,505.8792915744325,698.8480677151251,2.335306939103484,0.418808403496248
Isoflurane,FC(F)OC(Cl)C(F)(F)F,1,test,0.2151324971397933,0.9050117155809354,0.0021613987258129,0.4253866413761158,0.7206590806897966,333.4225527586224,564.8602165196371,783.8105862469217,2.135120829430187,0.3836235369200761
valpromide,CCCC(CCC)C(N)=O,1,test,0.2223497188563008,0.9125097415815552,0.0024716351233509,0.4090549737122912,0.7959725093267955,322.04288643044003,626.6572976647789,787.2851013344452,2.4617334452867943,0.323954889955257
Methoxyflurane,COC(F)(F)C(Cl)Cl,1,test,0.151041515289034,0.8707407723928802,0.0027690222792075,0.4917423179803122,0.7803391091305005,281.81033969644125,447.200945254602,573.085393288694,1.986595263387948,0.4307742221659854
nitrous-oxide,[N-]=[N+]=O,1,test,0.999999999999909,1.0,0.0,3.034033664850018e-14,0.9999999999999698,1.88634092173312e-12,62.1727090106731,62.17270901067498,1.1885279782806388,0.0
capuride,CCC(C)C(CC)C(=O)NC(N)=O,1,test,0.3737070555351339,0.9582906487062473,0.002167471930663,0.2857954383858496,0.871051251472576,401.8742938027913,1224.8379768713305,1406.1606303884555,2.853370306194514,0.2270298636970243
Pentane,CCCCC,1,test,0.5521974290551164,0.9832603927573372,0.0214728236619833,0.1822059275509076,0.9238862965483255,43.02584099286501,218.1651575504804,236.1385360574713,1.8564615141297636,0.3303116550142591
Propanol,CCCO,1,test,0.3396209552130593,0.9509202805061412,0.023998047499421,0.3094359709570327,0.8547170895407101,35.616109583970605,98.37801801200864,115.10009477507108,1.4396073199481794,0.5459471687261286
Propanone,CC(C)=O,1,test,0.2115286688857213,0.8728576944132899,0.0115004641142204,0.487974840850956,0.575224293103734,50.01748515457429,58.960565447787545,102.5001310873962,1.3492874538081627,0.3260434917466445
ciprocinonide,CC1(C)O[C@@H]2C[C@H]3C4C[C@H](F)C5=CC(=O)C=C[C@]5(C)[C@@]4(F)[C@@H](O)C[C@]3(C)[C@]2(C(=O)COC(=O)C2CC2)O1,1,test,0.36773559262286,0.9567227137208212,0.0003375776253109,0.2910011152051954,0.8955725399086454,2652.9380881912507,8164.568373514625,9116.590794920385,4.375665729115512,0.3194357533659756
Mefloquine,OC(c1cc(C(F)(F)F)nc2c(C(F)(F)F)cccc12)C1CCCCN1,1,test,0.2495168627190117,0.9228633422091176,0.0003988601525075,0.3851275783511444,0.7684623977603796,1926.646201505162,3844.323914644906,5002.61811879003,3.773443346686891,0.3019832224925005
bisbentiamine,C/C(=C(/CCOC(=O)c1ccccc1)SS/C(CCOC(=O)c1ccccc1)=C(\C)N(C=O)Cc1cnc(C)nc1N)N(C=O)Cc1cnc(C)nc1N,1,test,0.2440988584203426,0.9192612573668696,0.0001158819715117,0.3936479908551317,0.9265181230132346,7995.360373373127,18818.453181635217,20310.93911086552,5.528404574551471,0.4272276398898404
xantocillin,[C-]#[N+]C(=C\c1ccc(O)cc1)/C(=C/c1ccc(O)cc1)[N+]#[C-],0,test,0.7669114680144486,0.996345386535699,0.00206714672687,0.0854158693044127,0.9710803874636068,469.7684856333101,5340.72844732401,5499.779952588287,4.428888841836318,0.1523259226792417
tiospirone,O=C1CC2(CCCC2)CC(=O)N1CCCCN1CCN(c2nsc3ccccc23)CC1,1,test,0.8233685255171688,0.9980100462916272,0.0009392406094925,0.063055114788448,0.9735655999781356,1036.5454710312697,16004.173758066909,16438.721497992872,6.163756111212518,0.0782541567141771
cefodizime,CO/N=C(/C(=O)N[C@@H]1C(=O)N2C(C(=O)O)=C(CSc3nc(C)c(CC(=O)O)s3)CS[C@H]12)c1csc(N)n1,0,test,0.2351636513749995,0.9150794114311656,0.0002481026701372,0.4032736921431788,0.9345853772341286,3766.929943628071,8729.84702689271,9340.876970200812,4.321432746728871,0.3819104043960911
cefpiramide,Cc1cc(=O)c(C(=O)N[C@@H](C(=O)NC2C(=O)N3C(C(=O)O)=C(CSc4nnnn4C)CS[C@H]23)c2ccc(O)cc2)c[nH]1,0,test,0.4092297007921898,0.9650098654974444,0.0001741326675881,0.2622135761027721,0.8647618789125641,4966.109408936527,16377.87854917979,18939.177302513534,5.733774082881027,0.1811971297881315
amitriptyline,CN(C)CCC=C1c2ccccc2CCc2ccccc21,1,test,0.2588189827101217,0.9261289486735312,0.000645716508622,0.3772070657196915,0.763461202573742,1182.3473496178497,2393.0525470854063,3134.478266895643,3.47760683243933,0.2755207401756768
amitriptylinoxide,C[N+](C)([O-])CCC=C1c2ccccc2CCc2ccccc21,1,test,0.2321177649038964,0.913673766416146,0.0005131642185385,0.4064483344324758,0.7303833310150823,1423.293566911495,2557.6433911697045,3501.7822594816166,3.570896568538258,0.2500772726217081
36,CN(C)CCC=C1c2ccccc2CCc2ccccc21,1,test,0.2588189827101217,0.9261289486735312,0.000645716508622,0.3772070657196915,0.763461202573742,1182.3473496178497,2393.0525470854063,3134.478266895643,3.47760683243933,0.2755207401756768
cotriptyline,CN(C)CC(=O)C=C1c2ccccc2CCc2ccccc21,1,test,0.1896391086770377,0.8967155110836357,0.0006346733227031,0.4426073792674657,0.823337877496122,1297.2624625049143,2413.166550006274,2930.9553416211443,3.375778998213774,0.417026749613141
nortriptyline,CNCCC=C1c2ccccc2CCc2ccccc21,1,test,0.1787862241191004,0.8715958803085694,0.0004759068589859,0.4902250722159463,0.6479500786206583,1361.5060728507735,1799.5570135946753,2777.308118282094,3.3575615167746857,0.2568422756057516
duoperone,O=C(c1ccc(F)cc1)C1CCN(CCCN2c3ccccc3Sc3ccc(C(F)(F)F)cc32)CC1,1,test,0.5730377309893131,0.9852870504436682,0.0002946666094542,0.1709076599454121,0.8611095957895176,2922.318200166878,14723.952366545776,17098.813482674013,5.810344171354724,0.0909683293287385
phenomorphan,Oc1ccc2c(c1)C13CCCCC1C(C2)N(CCc1ccccc1)CC3,1,test,0.417498499845125,0.9664265829093672,0.000565404393052,0.2569429116479457,0.8344836939505307,1475.9059253960463,4793.358262536901,5744.100570551182,4.157561476976725,0.2128085231731803
lortalamine,CN1CC[C@]23NC(=O)CC(c4cc(Cl)ccc4O2)C3C1,1,test,0.386303499212189,0.9587619031833796,0.0011926830496875,0.2842105082578466,0.965214403177061,809.279886580059,2748.415628671624,2847.466448516567,3.307422988065048,0.4107700943215148
spiperone,O=C(CCCN1CCC2(CC1)C(=O)NCN2c1ccccc1)c1ccc(F)cc1,1,test,0.4130008542863516,0.9656953329284442,0.0003947429824637,0.2596777309670995,0.8430105654332272,2135.593545378992,6932.931505218638,8224.014964338878,4.675770991090469,0.2168755989249789
fluspiperone,O=C(CCCN1CCC2(CC1)C(=O)NCN2c1ccc(F)cc1)c1ccc(F)cc1,1,test,0.5088973647292752,0.9789833472144228,0.0004185828229103,0.2039402017181618,0.8768167192438272,2094.726948295198,9006.030174737554,10271.280162751022,5.083783088526823,0.1831748100107223
piminodine,CCOC(=O)C1(c2ccccc2)CCN(CCCNc2ccccc2)CC1,1,test,0.6088609597853092,0.987980874244212,0.0007829491504459,0.1545761693394,0.9421232935382112,1203.300741819095,7333.974330224394,7784.516507049869,4.718771678541399,0.2103612147581476
fepitrizol,Cn1nc(-c2cccnc2)nc1-c1ccccc1CO,1,test,0.4920630963691743,0.977027373765477,0.0012887819002588,0.213113844958357,0.8525930141559054,661.5494941267357,2646.6252219373227,3104.2070225705133,3.4698111766778146,0.1501341106568822
tranylcypromine,N[C@@H]1C[C@H]1c1ccccc1.[Cl-].[H+],1,test,0.5314665567995911,0.98127677455331,0.0063770327907775,0.1926029379896696,0.9110214363325696,142.8597697741316,675.7337868893264,741.7320382817522,2.1444172232815237,0.2217829163762098
milnacipran,CCN(CC)C(=O)[C@]1(c2ccccc2)C[C@@H]1CN.[Cl-].[H+],1,test,0.1691312182554379,0.8794162586033177,0.0007472872186316,0.4760536147369775,0.7308808521383868,978.0454340925394,1501.5843975779158,2054.4858894368763,2.8312621446880804,0.3316322310166341
pipamperone,NC(=O)C1(N2CCCCC2)CCN(CCCC(=O)c2ccc(F)cc2)CC1,1,test,0.6749757581674706,0.9923054549487212,0.0008986691058132,0.1238139090692609,0.940081366131816,1046.0817669715336,7942.580797041736,8448.822711722643,4.818689003778237,0.1647344934719558
propyperone,CCC(=O)C1(N2CCCCC2)CCN(CCCC(=O)c2ccc(F)cc2)CC1,1,test,0.7338120699559526,0.995110430936056,0.0008686341212343,0.0987685691009899,0.9568708657944118,1101.5810252015665,10672.127772242413,11153.15363205485,5.4318367909471,0.1501465005879097
compound 38,CN(C)Cc1ccnc(-c2cccc(NC3N=CC=C3[N+](=O)[O-])c2)c1,1,test,0.5196802110432901,0.9798890685534326,0.0008507387564649,0.1995430112268688,0.9259653639866304,1088.4250387678603,5050.760139371576,5454.588622652306,4.145107668620213,0.1969459346661238
piquindone,CCc1c(C)[nH]c2c1C(=O)[C@@H]1CN(C)CC[C@H]1C2,1,test,0.4676621168421195,0.973732674081926,0.0014181028238931,0.2276942674404909,0.8145098747570523,574.3658788584664,2054.6265187638187,2522.5311349069425,3.2335012791390896,0.1273640699673113
carteolol,CC(C)(C)NCC(O)COc1cccc2c1CCC(=O)N2,0,test,0.664376585521935,0.991738351568495,0.0013692433646864,0.1282772077502641,0.927349337568764,677.2713759187277,4896.171134588985,5279.748349662166,4.308148196044496,0.1278418276286223
amesergide,CC(C)n1cc2c3c(cccc31)C1C[C@@H](C(=O)NC3CCCCC3)CN(C)C1C2,1,test,0.5916809999146895,0.986788484352812,0.0006666751480006,0.1620138486323941,0.9132510163309926,1369.8590971478122,7721.717762158989,8455.197556944608,4.721390224402643,0.1350114944673538
azaquinzole,c1ccc2c(c1)CCN1CCNCC21,1,test,0.3315632218309592,0.9483098958874204,0.0020358184489619,0.3173457757115883,0.7763814208172443,381.360833630876,932.9932474900008,1201.7202144120115,2.584946493039123,0.2313249578367958
Bretyliumtosilate,CC[N+](C)(C)Cc1ccccc1Br.Cc1ccc(S(=O)(=O)[O-])cc1,0,test,0.1737313118999822,0.880787077347044,0.000587301831985,0.4735125387763795,0.7164632990425791,1219.923487418759,1845.8442697931189,2576.327736898385,2.609237946703995,0.4552065511646918
cinuperone,O=C(CCCN1CCN(c2cc3ccccc3cn2)CC1)c1ccc(F)cc1,1,test,0.9022126565864,0.9994243247091038,0.0020516077593042,0.0339266735733412,0.9951732619602632,485.069944509154,14228.587365410773,14297.598126163191,6.19913465463967,0.0788195639047567
isoprednidene,C=C1CC2C3C=CC4=CC(=O)CCC4(C)C3C(O)CC2(C)[C@@]1(O)C(=O)CO,1,test,0.4791292461281327,0.9745750441266297,0.0008486408668525,0.2240613383999524,0.9523686258630024,1122.2280979646896,4770.010030269948,5008.575356992189,3.825375342018267,0.3735729142705934
diosmin,COc1ccc(-c2cc(=O)c3c(O)cc(O[C@@H]4O[C@H](CO[C@@H]5O[C@@H](C)[C@H](O)[C@@H](O)[C@H]5O)[C@@H](O)[C@H](O)[C@H]4O)cc3o2)cc1O,0,test,0.7235795671182138,0.9946025989353452,0.0003617869645159,0.10375774761943,0.977290559594564,2701.287374746114,25443.33036000674,26034.560663884942,6.671959986434634,0.1318779027826687
dexoxadrol(dioxadrolandlevoxadrol),c1ccc(C2(c3ccccc3)OC[C@H]([C@@H]3CCCCN3)O2)cc1,1,test,0.2040811369395868,0.903287802568697,0.0005272009242904,0.4290351334455193,0.7781086802120195,1475.9243475515343,2676.77273174166,3440.10136349114,3.502833275985614,0.3546777520605711
mibefradil,COCC(=O)O[C@]1(CCN(C)CCCc2nc3ccccc3[nH]2)CCc2cc(F)ccc2[C@@H]1C(C)C,0,test,0.4683641103453298,0.9735127900110944,0.0003032926548722,0.2286325604213333,0.9275455439679544,3058.252579043192,12407.106611553882,13376.27752323344,5.394015837240112,0.3133866809273179
didrovaltrate,CC(=O)O[C@H]1C[C@@H]2C(COC(=O)CC(C)C)=CO[C@@H](OC(=O)CC(C)C)[C@@H]2[C@@]12CO2,1,test,0.2731136025693168,0.9255103132282082,0.0001962633845992,0.3787224050782102,0.680635171999144,3467.9681764838992,6232.58905371924,9157.018782048892,4.7129648831084285,0.1084227058519928
perospirone,O=C1[C@H]2CCCC[C@H]2C(=O)N1CCCCN1CCN(c2nsc3ccccc23)CC1,1,test,0.6776285183527831,0.9924887477371276,0.000621807802342,0.1223359538941363,0.9247014940756176,1487.117869207782,11240.68658272747,12156.016460170513,5.4005779203691056,0.1294240372107882
aliflurane,COC1(F)C(F)(F)C1(F)Cl,1,test,0.0426037197407693,0.7181816795047271,0.002145084834382,0.6958556425177347,0.8583546108033768,400.1494938780135,493.5939900380656,575.0467042707284,2.0282952595762564,0.4851381844833129
Cyclopropane,C1CC1,1,test,0.1105351405458014,0.7800400806439056,0.0250585042128757,0.6257295522740229,0.6257312152702159,24.970812701130743,24.970879065850625,39.90671786298402,1.0332303947886747,0.7491092393845588
caroxazone,NC(=O)CN1Cc2ccccc2OC1=O,1,test,0.4834549305203251,0.9759402803760152,0.002401636630567,0.2180379993019216,0.8408583969911981,350.1189090343974,1350.2253072837468,1605.770141697093,2.831382571492429,0.1420188834493445
roletamide,COc1cc(C(=O)/C=C/N2CC=CC2)cc(OC)c1OC,1,test,0.5471387423597674,0.98292612570365,0.0009833348311177,0.184000628828308,0.8514055265445191,865.834809875205,4006.380559113392,4705.607885085654,4.06837453569425,0.0830025820414235
pentiapine,CN1CCN(C2=Nc3ccccc3Sc3nccn32)CC1,1,test,0.3643631157756358,0.956458606180046,0.000858366285705,0.2918680089768726,0.8237166002013533,959.6329840993042,2708.2982539754607,3287.900539230885,3.408250157890738,0.1740734845014956
sulfasalazine,O=C(O)C1=C/C(=N\Nc2ccc(S(=O)(=O)Nc3ccccn3)cc2)C=CC1=O,0,test,0.5912728231052129,0.9867329162546544,0.0006487934047441,0.162351938638209,0.9187757168952536,1416.1298653422848,8014.106533991368,8722.592888145551,4.773066652628132,0.1321496345991361
valperinol,CO[C@@H]1O[C@H]2O[C@]3(CN4CCCCC4)[C@@H](O)C[C@@H]([C@H]13)[C@H]2C,1,test,0.3081963388948885,0.9429177409925292,0.000928104795248,0.3330257253149453,0.845299434600467,910.7801607409352,2311.779230242802,2734.8642807687083,3.1648083389431205,0.2749242203882169
Ebastine,CC(C)(C)c1ccc(C(=O)CCCN2CCC(OC(c3ccccc3)c3ccccc3)CC2)cc1,0,test,0.7041288845693462,0.9938146623352232,0.0004864615349539,0.1110514156934792,0.9408781591534122,1934.1265270697004,16386.800609386348,17416.495908599834,6.168089556700399,0.1200535389500603
carebastine,CC(C)(C(=O)O)c1ccc(C(=O)CCCN2CCC(OC(c3ccccc3)c3ccccc3)CC2)cc1,0,test,0.7780265232719804,0.9967421942254048,0.0005361413144119,0.0806535693613483,0.9589598606183324,1788.632651207275,21266.596524878853,22176.732727025992,6.727819547602777,0.1058529614243824
Miconazole,Clc1ccc(COC(Cn2ccnc2)c2ccc(Cl)cc2Cl)c(Cl)c1,0,test,0.3491348848809671,0.9530224800963616,0.0003580481736962,0.3028995748279955,0.8087762266832553,2258.847512986607,6031.379110530571,7457.413944107765,4.349863477813254,0.2039549624208146
miconazole,Clc1ccc(COC(Cn2ccnc2)c2ccc(Cl)cc2Cl)c(Cl)c1,1,test,0.3491348848809671,0.9530224800963616,0.0003580481736962,0.3028995748279955,0.8087762266832553,2258.847512986607,6031.379110530571,7457.413944107765,4.349863477813254,0.2039549624208146
Econazole,Clc1ccc(COC(Cn2ccnc2)c2ccc(Cl)cc2Cl)cc1,0,test,0.3075044342581197,0.9417430106404024,0.0004605503371738,0.3363333196547006,0.903137013127752,1960.99522729665,5265.7505778991335,5830.5113192767285,4.135762484365865,0.3999853376127006
sultamicillin,CC1(C)S[C@@H]2[C@H](NC(=O)[C@H](N)c3ccccc3)C(=O)N2[C@H]1C(=O)O.CC1(C)[C@H](C(=O)O)N2C(=O)C[C@H]2S1(=O)=O,0,test,0.1909891314871561,0.8967734936350205,0.0004103121278217,0.4424898881484636,0.8711901878160031,2123.2377225622417,4180.307663158165,4798.386990144859,3.0865819118281967,0.4691457527783321
fosfomycin,C[C@@H]1O[C@@H]1P(=O)(O)O,1,test,0.2005405720340198,0.900817010874568,0.0051304872022036,0.4341989324249986,0.8969723716270334,174.83181153668184,361.1692542726282,402.6537111923494,1.8437650904084424,0.438370588447262
cyclacillin,CC1(C)S[C@@H]2[C@H](NC(=O)C3(N)CCCCC3)C(=O)N2[C@H]1C(=O)O,0,test,0.5423189941496548,0.9815749157381896,0.0011747603862754,0.1910776930820708,0.9826785543427392,836.4927570109121,4301.933312668748,4377.762487699835,3.733049722168807,0.2583574639457007
anileridine,CCOC(=O)C1(c2ccccc2)CCN(CCc2ccc(N)cc2)CC1,1,test,0.6003688808134917,0.9874529404669548,0.0007681528580604,0.157913553449869,0.9184965120909744,1195.7210110629958,6954.85317189008,7571.997367804073,4.722595884144262,0.1808006211369525
iclazepam,O=C1CN=C(c2ccccc2)c2cc(Cl)ccc2N1CCOCC1CC1,1,test,0.1323110788574444,0.8552335897867601,0.0003625964453709,0.5182427104170898,0.8959359329251755,2470.890005577633,4271.664796830468,4767.823947950995,3.9499961617269648,0.4540969515629723
Nevirapine,Cc1ccnc2c1NC(=O)c1cccnc1N2C1CC1,1,test,0.1797892957771895,0.8813819658685952,0.0006595455827795,0.4724043080260916,0.692564519911409,1050.0631616584474,1539.436616209843,2222.806066367309,3.005887813882826,0.2313704541024026
Pirenzepine,CN1CCN(CC(=O)N2c3ccccc3C(=O)Nc3cccnc32)CC1,1,test,0.3429419979571825,0.951695783225506,0.00055311802395,0.3070425641353178,0.8558555633611113,1547.329008100445,4313.050679674377,5039.460937469621,3.9381115899955015,0.2230665535060342
nitrafudam,N=C(N)c1ccc(-c2ccccc2[N+](=O)[O-])o1,1,test,0.366734707731876,0.957000859783919,0.0015073499194304,0.2900850812655483,0.8408680438865495,557.8452839963348,1617.023084051458,1923.0402389624264,2.976883852452119,0.1555038313181264
cotinine,CN1C(=O)CCC1c1cccnc1,1,test,0.4699708755888049,0.9734619639348912,0.003628804932537,0.2288488688458489,0.9446003263182956,260.3061734866735,1074.4440103997426,1137.4588600742177,2.6485076481489074,0.3683255946592168
Mirtazapine,CN1CCN2c3ncccc3Cc3ccccc3C2C1,1,test,0.1815099062992191,0.856464966174781,0.0004784970925707,0.5162051546771217,0.5947869388633072,1243.0314584939738,1432.2578327813635,2408.018298987097,3.0948561503306,0.2389784677339672
27,c1ccc(NCCCOc2cccc(CN3CCCCC3)c2)nc1,1,test,0.76695263685766,0.9963120226940168,0.0013853429537809,0.0858041574479756,0.984455652875825,710.6223409798729,8153.173476024764,8281.910365598937,5.132353357956063,0.1477060437985041
compound 42,c1ccc(NCCCOc2cccc(CN3CCCCC3)c2)nc1,1,test,0.76695263685766,0.9963120226940168,0.0013853429537809,0.0858041574479756,0.984455652875825,710.6223409798729,8153.173476024764,8281.910365598937,5.132353357956063,0.1477060437985041
cp20,Cc1c(O)c(=O)ccn1C,1,test,0.2823179218264783,0.9211041542344444,0.0025022899875149,0.3893162429851199,0.6207417609703715,248.0694739888424,395.5321281899695,637.1927153276362,2.1452447650718973,0.0783693555697428
cp21,CCn1ccc(=O)c(O)c1C,1,test,0.3063928568479231,0.9393774927031984,0.0026168226530453,0.3428847126989661,0.7211246475385065,275.5726096681715,579.5598160501653,803.6888186091546,2.3269247895598686,0.194039815179644
cp24,CCCCn1ccc(=O)c(O)c1C,1,test,0.4896592723812692,0.9767326079453006,0.0027478846508688,0.2144607483349142,0.8722009199350483,317.4081268874493,1290.882655290183,1480.0289999537188,2.9189395279653025,0.2130295693165264
cp25,CCCCCn1ccc(=O)c(O)c1C,1,test,0.3211776281683349,0.9437007938702682,0.0019437555033053,0.330800259444617,0.9540036617662656,490.8043527820195,1415.4437198779167,1483.6879318233746,2.946265533949768,0.4705514133046185
cp29,CCCCCn1ccc(=O)c(O)c1C,1,test,0.3211776281683349,0.9437007938702682,0.0019437555033053,0.330800259444617,0.9540036617662656,490.8043527820195,1415.4437198779167,1483.6879318233746,2.946265533949768,0.4705514133046185
cp41,Cc1c(O)c(=O)ccn1CCCO,0,test,0.4973791953223904,0.9776586309360672,0.0027742937307493,0.2101989566011565,0.8736233376004761,314.8993662486109,1308.776407831477,1498.101471769524,2.9188711629777373,0.2134336307430307
cp94,CCc1c(O)c(=O)ccn1CC,1,test,0.2108719604772503,0.8965406996405735,0.0016258680362227,0.4429613683923138,0.6700130388419019,412.09558458291446,623.326173841844,930.3194679901234,2.424485823449235,0.279155813497199
cp102,CCc1c(O)c(=O)ccn1CCO,0,test,0.296485098403424,0.9381212141480202,0.0017424677797986,0.3463070712033532,0.7543452643195624,432.91776930688445,943.0054892661256,1250.09797750469,2.677090712927088,0.2747612352635302
cp107,CCc1c(O)c(=O)ccn1CCCCO,0,test,0.4454718490751221,0.970822840696838,0.0017462481186689,0.2397978564985974,0.8548448297461165,489.5322838759564,1745.1121039008,2041.4372798149664,3.181253900126248,0.2115351872178982
dipyridamole,OCCN(CCO)c1nc(N2CCCCC2)c2nc(N(CCO)CCO)nc(N3CCCCC3)c2n1,0,test,0.191165021537419,0.8804079052969488,0.0001457396289374,0.4742171657486039,0.6480879383944925,4446.888901252806,6077.331797411355,9377.325880291372,4.440575937494934,0.242174549884108
apadoline,CCCNC(=O)c1ccc2c(c1)N([C@H](C)CN1CCCC1)c1ccccc1S2,1,test,0.2795884684443351,0.926666491763,0.000244940605031,0.3758845740964294,0.6696820041639051,2734.0587489731583,4871.043050690588,7273.665740461493,4.336663352154252,0.1014678683961968
RP60180,CCCNC(=O)c1ccc2c(c1)N([C@@H](C)CN1CCCC1)c1ccccc1S2,1,test,0.2842031032632305,0.9314536859085908,0.000257551009972,0.3638599057429936,0.7047085631880822,2736.190253202487,5299.33821096937,7519.900406765755,4.434179045393998,0.133915414637796
talopram,CNCCCC1(c2ccccc2)OC(C)(C)c2ccccc21,1,test,0.0830087299488528,0.7876194327579495,0.0004214954543078,0.6161620153352898,0.7396926112692728,1754.9242909009777,2106.7584482792995,2848.153971234369,3.3698969514395967,0.5267172593094618
citalopram,CN(C)CCCC1(c2ccc(F)cc2)OCc2cc(C#N)ccc21,1,test,0.2403948643152531,0.9174836800224144,0.0004054138860622,0.3977734240651678,0.734671568408171,1812.151960417683,3346.972025803026,4555.739148930159,3.869577882365919,0.3507421329119922
spiroxatrine,O=C1NCN(c2ccccc2)C12CCN(CC1COc3ccccc3O1)CC2,1,test,0.5907149916700123,0.9867156408316418,0.0007274304187159,0.1624568993247209,0.9119559737902002,1253.6676365555668,7037.495452988234,7716.924561324539,4.592738599156131,0.1851998993622139
thialbarbital,C=CCC1(C2C=CCCC2)C(=O)NC(=S)NC1=O,1,test,0.1207744935383784,0.8441848613157791,0.0007413645534614,0.536052161571296,0.7767867267705445,1047.7796964310207,1518.3249301365552,1954.6226497058235,2.9241490030832304,0.3788110651098024
Tibolone,C#C[C@]1(O)CC[C@H]2[C@H]3[C@H](CC[C@@]21C)C1=C(CC(=O)CC1)C[C@H]3C,1,test,0.4422781430354009,0.9699459797315564,0.0010123967309659,0.2433203575589,0.91122697232988,900.0690583625462,3370.729893576508,3699.1111939520656,3.571242697030788,0.3729137246283867
compound 35,CN(C)Cc1ccc(CSCCNC2N=CC=C2[N+](=O)[O-])o1,0,test,0.3362817188903644,0.9496865030417854,0.0006190916202696,0.3132020848274561,0.8883403807977217,1434.9093925884845,4069.857826535577,4581.417117255079,3.942793334696754,0.3024407417785371
rilmazafone,CN(C)C(=O)c1nc(CNC(=O)CN)n(-c2ccc(Cl)cc2C(=O)c2ccccc2Cl)n1,1,test,0.119041800835172,0.8366723883487286,0.0002037250017633,0.5477036740563591,0.73436778639038,3604.7013377538656,4833.227651002304,6581.481024322907,3.9747615971784183,0.3453003109429553
quilostigmine,CN1CC[C@@]2(C)c3cc(OC(=O)N4CCc5ccccc5C4)ccc3N(C)[C@@H]12,1,test,0.7255251932114226,0.994701943233318,0.0011027705275986,0.1028009928349953,0.974013310163845,883.2420578783397,8368.494279533352,8591.765833390546,4.8615356633432345,0.1599525765843187
trizoxime,N/C(N=O)=C1\NNc2ccccc2N(Cc2ccccc2)C1=O,1,test,0.1651696531202071,0.861577363755549,0.0003960650629016,0.5076262860254958,0.6509623221052966,1643.5742080764835,2107.6624920643003,3237.7641846425863,3.361106170001087,0.2262739130815715
skb-f,CC[C@H](NC(=O)c1c(OCCNC(=O)Cc2ccccc2C(=O)O)c(-c2ccccc2)nc2ccccc12)c1ccccc1,0,test,0.2785381067187791,0.9322645208268716,0.0001417490036909,0.3617773669087706,0.7482859871471167,5278.950593392908,10918.772474990072,14591.71047238038,5.1181955409797695,0.1895064765645171
mazipredone,CN1CCN(CC(=O)[C@@]2(O)CC[C@H]3[C@@H]4CCC5=CC(=O)C=C[C@]5(C)[C@H]4[C@@H](O)C[C@@]32C)CC1,1,test,0.7153658512359883,0.9942262091329068,0.0008797492457685,0.1073044503886462,0.9774245177923208,1111.0262640105173,10120.216882169372,10353.962580177136,4.938071722275729,0.1664712514928601
Zonisamide,NS(=O)(=O)Cc1noc2ccccc12,1,test,0.4254267900441609,0.9677402273908656,0.0023402835031652,0.2519500988082276,0.8556095719893672,365.60082179451496,1241.5615795914532,1451.0842564614063,2.684218529531492,0.2236390060592134
carpipramine,NC(=O)C1(N2CCCCC2)CCN(CCCN2c3ccccc3CCc3ccccc32)CC1,1,test,0.5710022123361745,0.9848231555205562,0.000494178430262,0.1735608030360957,0.9461961242387168,1914.6851952584357,10438.230747952965,11031.783454356544,5.116495266907815,0.2247537455927312
clocapramine,NC(=O)C1(N2CCCCC2)CCN(CCCN2c3ccccc3CCc3ccc(Cl)cc32)CC1,1,test,0.4198778254937615,0.9654323895114768,0.0003151791083124,0.2606536040076176,0.9545660969401067,3028.646479936512,11091.514580707268,11619.430667254455,5.17220074531326,0.4119316217800075
methapyrilene,CN(C)CCN(Cc1cccs1)c1ccccn1,1,test,0.2808054332245531,0.9319566050822876,0.0006997004266283,0.3625698363674191,0.7285331738501554,1041.2072740339795,2092.159810059721,2871.742681260574,3.389203684905461,0.2117939122567627
dezinamide,NC(=O)N1CC(Oc2cccc(C(F)(F)F)c2)C1,1,test,0.5174728982397725,0.9798816196552944,0.0013957623998602,0.1995795867861162,0.8932715904829026,639.9882892477607,2864.4380231102286,3206.682103884792,3.5910046352758664,0.2244227966029598
fluzinamide,CNC(=O)N1CC(Oc2cccc(C(F)(F)F)c2)C1,1,test,0.7135197392840887,0.994162178387061,0.0020668097912904,0.1078960752979156,0.9721203123920404,470.3482228933548,4237.735803731889,4359.270915041717,4.065915294273102,0.1597738714185558
acetazolamide,CC(=O)Nc1nnc(S(N)(=O)=O)s1,1,test,0.614038681569584,0.9885031152956828,0.0034238106518578,0.1512004995055565,0.9106702326681118,265.9814824087767,1601.9882160621328,1759.1309769383531,2.856557335334867,0.0778084011664079
acetozalamide,CC(=O)Nc1nnc(S(N)(=O)=O)s1,1,test,0.614038681569584,0.9885031152956828,0.0034238106518578,0.1512004995055565,0.9106702326681118,265.9814824087767,1601.9882160621328,1759.1309769383531,2.856557335334867,0.0778084011664079
cefetrizole,O=C(Cc1cccs1)N[C@@H]1C(=O)N2C(C(=O)O)=C(CSc3ncn[nH]3)CS[C@H]12,0,test,0.4811164378383439,0.9746837158495132,0.0005586291482329,0.2235881348770223,0.9608074694972564,1719.9379454805066,7390.952234555547,7692.438359604836,4.382074289705589,0.2361294840053532
teicoplanin,CCCCCCCCCC(=O)N[C@H]1[C@H](Oc2c3cc4cc2Oc2ccc(cc2Cl)[C@@H](O[C@@H]2O[C@H](CO)[C@@H](O)[C@H](O)[C@H]2NC(C)=O)[C@@H]2NC(=O)[C@H](NC(=O)[C@@H]4NC(=O)[C@H]4NC(=O)[C@@H](Cc5ccc(c(Cl)c5)O3)NC(=O)[C@H](N)c3ccc(O)c(c3)Oc3cc(O)cc4c3)c3ccc(O)c(c3)-c3c(O[C@H]4O[C@H](CO)[C@@H](O)[C@H](O)[C@@H]4O)cc(O)cc3[C@H](C(=O)O)NC2=O)O[C@H](CO)[C@@H](O)[C@@H]1O,0,test,0.0970687227210022,0.8204046383349979,1.3600913253107911e-05,0.5717833762872275,0.817362783767193,60096.16917308249,85907.31064622613,105103.03668376326,8.172821873184006,0.4817204998776088
penciclovir,Nc1nc(=O)c2ncn(CCC(CO)CO)c2[nH]1,1,test,0.4225139029228105,0.9664099807795826,0.001168205067663,0.2570053482898881,0.7703534021094206,659.4333678507917,1976.599871436674,2565.835194631773,3.204643090125672,0.1290647130980503
buciclovir,Nc1nc(=O)c2ncn(CC[C@@H](O)CO)c2[nH]1,1,test,0.3853351165001166,0.9591314399064396,0.0012203979525694,0.2829609177660402,0.7457668414044661,611.0849660426693,1610.564838965515,2159.609075582413,3.0260221413220605,0.141418427725962
ganciclovir,Nc1nc(=O)c2ncn(COC(CO)CO)c2[nH]1,0,test,0.3864856244963126,0.9609221861979612,0.0011983079093068,0.2768186266719253,0.8526748113356314,711.5657042010915,2191.811150416728,2570.5123703413624,3.2746413459704717,0.2742904905194324
acyclovir/aciclovir,Nc1nc(=O)c2ncn(COCCO)c2[nH]1,1,test,0.3186714078707205,0.940544713492394,0.0011618248323736,0.339669901406513,0.6873278268930717,591.5933346757867,1197.0991820099412,1741.6713468756084,2.799644125223589,0.1039902278766892
valaciclovir,CC(C)[C@H](N)C(=O)OCCOCn1cnc2c(=O)nc(N)[nH]c21,1,test,0.5365848061941966,0.9818286313435912,0.0009229437657315,0.1897696990406274,0.906925819347864,982.6447211862196,4696.144186321723,5178.090739216735,4.091066963936724,0.1943651804852908
valganciclovir(RS790702),CC(C)[C@H](N)C(=O)OCC(CO)OCn1cnc2c(=O)nc(N)[nH]c21,1,test,0.2641135298608016,0.9289882281443006,0.00046672665141,0.3701092703098812,0.8635288638684737,1850.1811740545763,4316.792297162658,4999.013325187656,3.969235995727385,0.3916136289306801
Aciclovir,Nc1nc(=O)c2ncn(COCCO)c2[nH]1,1,test,0.3186714078707205,0.940544713492394,0.0011618248323736,0.339669901406513,0.6873278268930717,591.5933346757867,1197.0991820099412,1741.6713468756084,2.799644125223589,0.1039902278766892
zomebazam,Cc1nn(C)c2c1N(c1ccccc1)C(=O)CC(=O)N2C,1,test,0.2505141437546695,0.9221562335953492,0.0007389989919428,0.3868176325366255,0.7451928395211447,1008.381401931295,1942.6172361838885,2606.865140347027,3.1263385783802424,0.2955015921296813
omiloxetine,O=C(CN1CC[C@H](c2ccc(F)cc2)[C@@H](COc2ccc3c(c2)OCO3)C1)c1ccc(F)cc1,1,test,0.3024283866026832,0.9363657271882712,0.0001556058895325,0.3510259605031796,0.6940677868164966,4460.42106055048,8819.389225025483,12706.812493744545,5.2832595480604585,0.1398440589074504
taclamine,c1ccc2c(c1)CCc1cccc3c1C2CN1CCCCC31,1,test,0.29476569897884,0.9380224657177156,0.0007335451803547,0.3465744563710041,0.7654990694721936,1043.5609011866984,2304.9733877121826,3011.0727493130016,3.3146247789610594,0.2417408367940647
dexclamol,CC(C)[C@@]1(O)CCN2C[C@@H]3c4ccccc4CCc4cccc(c43)[C@H]2C1,1,test,0.3287520770659309,0.9479175063752932,0.000526673142475,0.3185159354055087,0.7901664264157413,1500.2975521068645,3721.90092718376,4710.274700061103,3.780376444725857,0.2430887373457812
butaclamol,CC(C)(C)[C@]1(O)CCN2C[C@H]3c4ccccc4CCc4cccc(c43)[C@@H]2C1.[Cl-].[H+],1,test,0.3799410239461668,0.9596543278921438,0.0005965424607437,0.2811824513689959,0.8320459079551266,1394.780694936189,4127.29017784083,4960.411605153187,3.6289500854924728,0.226539618585125
Cromoglicicacid,O=C(O)c1cc(=O)c2cc(OCC(O)COc3cccc4oc(C(=O)O)cc(=O)c34)ccc2o1,0,test,0.6362514572220789,0.989713054502944,0.0005183610661322,0.1430666618973569,0.9753928361496574,1881.686144809436,12828.867055317083,13152.513100217924,5.453871753567982,0.2598896928200758
eprobemide,O=C(NCCCN1CCOCC1)c1ccc(Cl)cc1,1,test,0.8212232602192453,0.9979648615187264,0.0022427227528671,0.0637662541938057,0.96577544399005,430.62631917180096,6522.075506080872,6753.200805287887,4.922904256124596,0.1063044586776552
etasuline,CCNC1=Nc2ccc(Cl)cc2C(c2ccccc2)S1,1,test,0.1761980141924187,0.8852209494603696,0.000513046921267,0.4651707972739496,0.742163288574519,1446.5797528648832,2307.9660048806763,3109.781958244811,3.366546043396631,0.324587235011121
Alprostadil,CCCCC[C@H](O)/C=C/[C@H]1[C@H](O)CC(=O)[C@@H]1CCCCCCC(=O)O,0,test,0.6847261635708877,0.9927602842336896,0.0009272685595565,0.1201125224455968,0.9608309605535016,1036.194908854719,8288.962127545636,8626.868271158384,5.032010881128904,0.1564943881453711
gedocarnil,COCc1c(C(=O)OC(C)C)ncc2[nH]c3cccc(Oc4ccc(Cl)cc4)c3c12,1,test,0.3348046724351708,0.9496812720164785,0.0003326101733016,0.3132179458159499,0.8090226422871648,2432.344850599516,6282.596780523909,7765.662482279308,4.403889133744678,0.2446384924787402
lufuradom,CN1c2cc(F)ccc2C(c2ccccc2)=NCC1CNC(=O)c1ccoc1,1,test,0.3896481451595356,0.9614569359816216,0.0004630248679849,0.2749555605053881,0.8664256469575522,1871.2291863028825,5896.519988060245,6805.569535904016,4.393922107362996,0.3135245474073673
reboxetine,CCOc1ccccc1O[C@@H](c1ccccc1)[C@@H]1CNCCO1,1,test,0.1447259745508749,0.8641510131455687,0.0004533231081056,0.5032325769259051,0.7588124270252039,1673.88869761362,2524.016932618544,3326.272531557669,3.4647118383007034,0.4263692378066325
grepafloxacin,Cc1c(F)c(N2CCNC(C)C2)cc2c1c(=O)c(C(=O)O)cn2C1CC1,0,test,0.433307913361027,0.9684978054703866,0.0005630891251584,0.2490220889781573,0.7898288773651421,1402.671161768303,4448.883203726935,5632.717834486308,3.997119205751613,0.1172304684460679
sparfloxacin,C[C@H]1CN(c2c(F)c(N)c3c(=O)c(C(=O)O)cn(C4CC4)c3c2F)C[C@@H](C)N1,0,test,0.4478321138180748,0.9711087867153364,0.0005581403231426,0.2386372233417644,0.8310786852986576,1489.0138748965037,5185.644034116913,6239.65471121834,4.0565126084079735,0.1847466468343567
ciprofloxacin,O=C(O)c1cn(C2CC2)c2cc(N3CCNCC3)c(F)cc2c1=O,0,test,0.4699616586025636,0.9738980807103366,0.0007252057262178,0.2269857449020157,0.8021571615332416,1106.109801030827,3908.941060250287,4873.036416927009,3.8627769061921966,0.0909822280991056
lesopitron,Clc1cnn(CCCCN2CCN(c3ncccn3)CC2)c1,1,test,0.6107618135916422,0.9882654329943537,0.0008899514057511,0.1527463058423445,0.9100007706761232,1022.5286063884084,6091.81226819483,6694.293526442469,4.638998540208882,0.2010723718113948
Oxandrolone,C[C@]12COC(=O)C[C@@H]1CC[C@@H]1[C@@H]2CC[C@@]2(C)[C@H]1CC[C@]2(C)O,0,test,0.5551059802212189,0.9835228620377838,0.0013815309886514,0.1807837931038241,0.9259484616815368,670.2335809241522,3432.839540365298,3707.376471182,3.569817717142794,0.3288015577429368
nicotine,CN1CCC[C@H]1c1cccnc1,1,test,0.3976363278856518,0.9613984125473783,0.0037796922565655,0.2751601212955482,0.9530087723473412,252.13925040905508,873.2766810885981,916.3364561038026,2.508493171767684,0.433819728629151
carindacillin,CC1(C)S[C@@H]2[C@H](NC(=O)C(C(=O)Oc3ccc4c(c3)CCC4)c3ccccc3)C(=O)N2[C@H]1C(=O)O,0,test,0.6022007982393781,0.9873662096009828,0.0005099375599054,0.1584549404032209,0.95592935898996,1874.6008024340524,11309.120049351404,11830.497664911853,5.028807673833648,0.2068994149351167
furosemide,NS(=O)(=O)c1cc(C(=O)O)c(NCc2ccco2)cc1Cl,0,test,0.5148893525773305,0.9796258905498658,0.0008636844344231,0.2008310597601442,0.846871112317582,980.5330263746216,4134.744375206421,4882.37739493925,3.8876288902446254,0.116596041381159
guamecycline,CN(C)C1C(=O)/C(=C(/O)NCN2CCN(C(=N)N=C(N)N)CC2)C(=O)C2(O)C(=O)C3=C(O)c4c(O)cccc4C(C)(O)C3CC12,0,test,0.6695934639434137,0.9919665888446452,0.000324005103553,0.1265001447268679,0.9496167663783392,2930.8697794100217,22001.58022434424,23168.904555312507,6.1950363160040745,0.1428854388773626
pipacycline,CN(C)C1C(=O)/C(=C(/O)NCN2CCN(CCO)CC2)C(=O)C2(O)C(=O)C3=C(O)c4c(O)cccc4C(C)(O)C3CC12,0,test,0.6293351755418525,0.9895268112333128,0.0003535707769701,0.1443491941454192,0.927580611132746,2623.4651491322998,16858.254185098416,18174.43571239744,5.665215211702488,0.133107072940442
apicycline,CN(C)[C@@H]1C(=O)/C(=C(/O)NC(C(=O)O)N2CCN(CCO)CC2)C(=O)[C@@]2(O)C(=O)C3=C(O)c4c(O)cccc4[C@@](C)(O)[C@H]3C[C@@H]12,0,test,0.4648831513162569,0.9731585697745332,0.0002275274975511,0.2301356080105491,0.9181215597585805,4035.211434399237,16098.398019034334,17534.059458605243,5.464807017704231,0.2307221864171578
tixadil,CC(Cc1ccccc1)NCCC1c2ccccc2Sc2ccccc21,1,test,0.4349794016089645,0.9692174537171828,0.0004992712175534,0.246206270046034,0.8362419523599491,1674.9252169146555,5688.899527976033,6802.934858651199,4.438618973192611,0.1530770854011608
fluspirilene,O=C1NCN(c2ccccc2)C12CCN(CCCC(c1ccc(F)cc1)c1ccc(F)cc1)CC2,1,test,0.5551110079663909,0.9833598309394812,0.000369059256593,0.1816684972544079,0.9447415632203486,2559.8641582432165,13312.214847595202,14090.853378163803,5.612598789079451,0.2308695506352271
rotamicillin,CC1(C)S[C@@H]2[C@H](NC(=O)[C@H](NC(=O)Cc3ccc(C4=NCCCN4)cc3)c3ccccc3)C(=O)N2[C@H]1C(=O)O,0,test,0.6801184139024664,0.9926064990258044,0.0003744078189519,0.1213768433093231,0.9330858608941792,2492.164462553202,19158.542598650005,20532.45408765525,6.194557118967134,0.1082903508255671
pentylenetetrazole(pentetrazol),C1CCc2nnnn2CC1,1,test,0.2892098045180993,0.9347694652763936,0.0036817238985172,0.3552549039589526,0.730627801396834,198.44720069614343,408.1324151255976,558.605098718279,2.0533795214057893,0.3362481782918038
nemonapride,CNc1cc(OC)c(C(=O)N[C@@H]2CCN(Cc3ccccc3)[C@@H]2C)cc1Cl,1,test,0.7400556092279413,0.9954020053283036,0.0009914917429549,0.0957854257619178,0.933056658854766,941.0634687425468,9167.00561625834,9824.704136949114,5.068772711729278,0.0945800545835589
Pentostatin,OC[C@H]1O[C@@H](n2cnc3c2NC=NC[C@H]3O)C[C@@H]1O,1,test,0.3534715352828733,0.9536761580235608,0.0010852906226727,0.3008351469117599,0.7878188481339853,725.9058833419282,1900.9824574648649,2412.96899911382,3.064824713078204,0.1908763730297785
asimadoline,CN(C(=O)C(c1ccccc1)c1ccccc1)[C@H](CN1CC[C@H](O)C1)c1ccccc1,1,test,0.2533118377129804,0.9253847326200416,0.000303704802668,0.3790291501108245,0.8196191572871566,2698.736240213293,5835.793691058272,7120.12846353429,4.345290977851938,0.3241084381880742
sabeluzole,CN(c1nc2ccccc2s1)C1CCN(CC(O)COc2ccc(F)cc2)CC1,1,test,0.7336398786513911,0.9951072991237055,0.0007411312929761,0.098800117564322,0.9551454590281124,1288.766873130614,12459.092731495704,13044.183599190414,5.677859443718718,0.1491007136295321
zolazepam,Cc1nn(C)c2c1C(c1ccccc1F)=NCC(=O)N2C,1,test,0.2432140774159236,0.921485963474768,0.0008375540681958,0.3884116619245339,0.812204671133686,969.7340171521728,2027.803425328818,2496.6655541372143,3.097555484873463,0.330464525195865
hydrocodone,COc1ccc2c3c1O[C@H]1C(=O)CC[C@H]4[C@@H](C2)N(C)CC[C@]314,1,test,0.1758579015186342,0.8882185615937064,0.0007083007770167,0.459421143223086,0.7947957001054299,1122.116092337122,1941.253811158589,2442.4563581573,3.0324392900196866,0.438524008642693
nalmexone,CC(C)=CCN1CC[C@]23c4c5ccc(O)c4O[C@H]2C(=O)CC[C@@]3(O)[C@H]1C5,1,test,0.2625688858691496,0.9287176810494124,0.0005768188830193,0.3707876331624369,0.8198288467570402,1421.2933572245204,3142.5462710789893,3833.173574594036,3.4369082268345523,0.399970541011952
metopon,CN1CC[C@]23c4c5ccc(O)c4O[C@@]2(C)C(=O)CC[C@H]3[C@H]1C5,1,test,0.1017745429011075,0.8233085014390832,0.0006573509240496,0.567594143255664,0.7801624565469903,1186.8279605371224,1631.3040368604193,2090.979927540468,2.863402042653381,0.6155151289444276
oxycodone,COc1ccc2c3c1O[C@H]1C(=O)CC[C@@]4(O)[C@@H](C2)N(C)CC[C@]314,1,test,0.1823235676004923,0.8919640173980997,0.0006707718540778,0.4521063941895121,0.7912310496485218,1179.5829607910734,2064.3872243554374,2609.082676005288,3.046258295603114,0.4376068426798422
oxymorphone,CN1CC[C@]23c4c5ccc(O)c4O[C@H]2C(=O)CC[C@@]3(O)[C@H]1C5,1,test,0.1360017211445531,0.8580711728076013,0.000689339950705,0.513530780378925,0.7729265307097235,1121.2559636492351,1687.6271396653322,2183.425037973149,2.878099875962961,0.5551188606463798
hydromorphone,CN1CC[C@]23c4c5ccc(O)c4O[C@H]2C(=O)CC[C@H]3[C@H]1C5,1,test,0.1247924234778914,0.846676755985835,0.0006934962125114,0.5321075745310369,0.7621024852644197,1098.9281145523832,1573.9220550758473,2065.236743756003,2.881395689706416,0.5562259389017418
semorphone,COCCN1CC[C@]23c4c5ccc(O)c4O[C@H]2C(=O)CC[C@@]3(O)[C@H]1C5,1,test,0.2745746145658095,0.932619964485644,0.0005940290465241,0.3608600862422944,0.8027840257476628,1351.4221744625788,3006.428738065779,3745.003190946381,3.4248849620461037,0.3533099187947783
naloxone,C=CCN1CC[C@]23c4c5ccc(O)c4O[C@H]2C(=O)CC[C@@]3(O)[C@H]1C5,1,test,0.2372389123000824,0.919189235450412,0.0007054192449231,0.3938161365816375,0.8273598627126195,1172.862618459966,2464.041883638363,2978.198477697049,3.1785367325179785,0.462397557933551
buclizine,CC(C)(C)c1ccc(CN2CCN(C(c3ccccc3)c3ccc(Cl)cc3)CC2)cc1,1,test,0.3911806837779806,0.9614206135396224,0.0002736184458027,0.2750825400876907,0.7933199433512299,2899.3657244993115,8361.57995189756,10539.98455727162,5.017172222370957,0.1683473313811174
remifentanil,CCC(=O)N(c1ccccc1)C1(C(=O)OC)CCN(CCC(=O)OC)CC1,1,test,0.4091282997886323,0.9649515519734968,0.0005380170039065,0.2624280898530876,0.8717281411473992,1620.2613204001989,5382.150172247949,6174.115435993353,4.183406799119709,0.2591921528148358
Phenserine,CN1CC[C@@]2(C)c3cc(OC(=O)Nc4ccccc4)ccc3N(C)[C@@H]12,1,test,0.5989829813505335,0.9872361369393708,0.000986661393303,0.1592633351434919,0.9391408728788988,951.8370529680284,5612.773837477943,5976.498307726944,4.310877040944426,0.2326441972627092
indatraline,CN[C@@H]1C[C@@H](c2ccc(Cl)c(Cl)c2)c2ccccc21.[Cl-].[H+],1,test,0.3650305786536736,0.954765819315108,0.0009740022779846,0.2973587568368395,0.9491400200224324,974.4741275003366,3110.425947181741,3277.099144031697,3.3465926529280003,0.34992345944005
skb_a,CC[C@H](NC(=O)c1c(O)c(-c2ccccc2)nc2ccccc12)c1ccccc1,1,test,0.4548134594112256,0.9721419899108976,0.0005283594389065,0.234392729093886,0.8392456741527684,1588.3991320180255,5687.280085553268,6776.657015592801,4.286122259154586,0.1565524874559967
SB-222200,CC[C@H](NC(=O)c1c(C)c(-c2ccccc2)nc2ccccc12)c1ccccc1,1,test,0.4412181610790238,0.9701910007587432,0.000532363667631,0.2423415400767028,0.8491627281759643,1595.0801675754908,5589.147557323744,6581.951105331081,4.253236295919293,0.184426647093614
skb_c,CC[C@H](NC(=O)c1c(OCCCN(C)C)c(-c2ccccc2)nc2ccccc12)c1ccccc1,1,test,0.1677459478367156,0.8469101647950601,0.0001383001624903,0.5317359991262621,0.6027439632715911,4358.230333340947,4940.227910626428,8196.229596082085,4.325086651711771,0.2298542206154226
skb-d,CC[C@H](NC(=O)c1c(OCC(=O)O)c(-c2ccccc2)nc2ccccc12)c1ccccc1,0,test,0.160016540833217,0.8766079578125354,0.000285357868321,0.481205245503139,0.8964808911436736,3141.6021447676626,5852.775539500677,6528.611593755308,4.197591942177147,0.4725695454867903
skb-e,CC[C@H](NC(=O)c1c(OCCCC(=O)O)c(-c2ccccc2)nc2ccccc12)c1ccccc1,0,test,0.3169965749971165,0.9444248205913328,0.000268829275071,0.3287274832608752,0.770403412674216,2865.7720126301347,6716.203088880225,8717.774322373538,4.419042844431094,0.1908188374076201
SB-222200,CCC(NC(=O)c1c(C)c(-c2ccccc2)nc2ccccc12)c1ccccc1,1,test,0.2268967045185803,0.9022819249036004,0.000245838399049,0.4311465272877117,0.6536099504949604,2658.6975550740285,4030.535020854698,6166.5753677747525,4.110195654539841,0.1640239185461345
9-OH Risperidone,Cc1nc2n(c(=O)c1CCN1CCC(c3noc4cc(F)ccc34)CC1)CCCC2O,1,test,0.7732416675640988,0.9965268509235224,0.0009709081910249,0.0832720564682274,0.9857899084275789,1015.3276257633548,12019.63503335771,12192.897219378194,5.438382661468514,0.1497625631498635
9-OH-risperidone,Cc1nc2n(c(=O)c1CCN1CCC(c3noc4cc(F)ccc34)CC1)CCC[C@H]2O,1,test,0.7512006382822354,0.9958274200434932,0.0007505818598459,0.0912565038203862,0.9389535005854188,1250.9674837839796,12871.414626286616,13708.255646591177,5.712038642814795,0.09724955050927
Risperidone,Cc1nc2n(c(=O)c1CCN1CCC(c3noc4cc(F)ccc34)CC1)CCCC2,1,test,0.7769647475800292,0.996718470887636,0.0009369137719315,0.0809462154236532,0.9495868354366984,1013.5263925932576,11889.76303261453,12520.985536985288,5.564887803483576,0.095771736971183
nabilone,CCCCCCC(C)(C)c1cc(O)c2c(c1)OC(C)(C)[C@@H]1CCC(=O)C[C@@H]21,1,test,0.4996387831856878,0.9771143916506604,0.0006783763661585,0.2127145167334847,0.9583609943638388,1412.72756860742,6364.882934210614,6641.425278827872,4.399075451811232,0.3190011496965021
Minocycline,CN(C)c1ccc(O)c2c1C[C@H]1C[C@H]3[C@H](N(C)C)C(O)=C(C(N)=O)C(=O)[C@@]3(O)C(O)=C1C2=O,1,test,0.2996096973574998,0.9404728706411656,0.0003625528681451,0.3398687681855531,0.8481180467761708,2339.2948209602987,5837.541839982443,6882.9355325851775,4.057016025351846,0.2846200913792595
demoxepam,O=C1CN(O)C(c2ccccc2)=c2cc(Cl)ccc2=N1,1,test,0.1769942810398114,0.8445665400855548,0.0003819983627628,0.5354506133789697,0.5783645330388446,1514.0497693650211,1635.393939191561,2827.6179567907966,3.228504463135267,0.2622540836405049
amantocillin,CC1(C)S[C@@H]2[C@H](NC(=O)C34C[C@@H]5C[C@@H](CC(N)(C5)C3)C4)C(=O)N2[C@H]1C(=O)O,0,test,0.5261196266032199,0.9798780356288646,0.0008578799327488,0.1995971825756008,0.9790070259947438,1141.193526765248,5597.456167998394,5717.483142994774,3.978316059350284,0.3026326391376474
oxypertine,COc1cc2[nH]c(C)c(CCN3CCN(c4ccccc4)CC3)c2cc1OC,1,test,0.3271712213879226,0.9471859753379918,0.0004208878885124,0.3206847799990161,0.8984181863135235,2134.5783778401865,5980.152955089191,6656.313336251054,4.411460846489897,0.4111240582696518
alpertine,CCOC(=O)c1[nH]c2cc(OC)c(OC)cc2c1CCN1CCN(c2ccccc2)CC1,1,test,0.4888227026912012,0.976403639441938,0.0003164780023079,0.215953543347958,0.8130333339250226,2569.004253046948,9671.923230992785,11896.096786463027,5.251918578261535,0.0749147696890591
milipertine,COc1cc2[nH]c(C)c(CCN3CCN(c4ccccc4OC)CC3)c2cc1OC,1,test,0.6670294372479292,0.9918123571312024,0.0006509419314814,0.1277037518706814,0.9510107383371452,1460.97630578628,10879.900824416329,11440.35538803692,5.388393717154736,0.1840876883344502
clazolam,CN1C(=O)CN2CCc3ccccc3C2c2cc(Cl)ccc21,1,test,0.1555268774410936,0.8443228949336592,0.0003628644775916,0.53583472180407,0.6260281781896911,1725.239633112356,2015.637622029472,3219.7234761191835,3.3356078818221424,0.31031824479105
fasoracetam,O=C1CC[C@H](C(=O)N2CCCCC2)N1,1,test,0.1889060519610511,0.8951308959255587,0.001526061217424,0.4458034086450064,0.7763909122129814,508.75476248817336,886.0241229232602,1141.2087763853217,2.5418723535816183,0.4750792930131462
fipexide,O=C(COc1ccc(Cl)cc1)N1CCN(Cc2ccc3c(c2)OCO3)CC1,1,test,0.5333393790865758,0.98160006862156,0.0004815647691328,0.1909484361867059,0.8781495226062865,1823.533569923692,8386.217587659483,9549.874334350005,5.040605936993791,0.1839169334584156
timirdine,N=C1SCCN1c1ccc(Cl)cc1N,1,test,0.5718568093143359,0.9851471562641996,0.0025361005991847,0.1717122025499673,0.9085384513124786,358.24227619540324,1895.4790514350125,2086.2948053511604,3.086953492660276,0.2519575909389969
tracazolate,CCCCNc1c(C(=O)OCC)c(C)nc2c1cnn2CC,1,test,0.2828122583960595,0.9324616710853196,0.0005465554920815,0.3612689191679426,0.7260471382906344,1328.4051643604205,2669.7142126030058,3677.053557277885,3.5506759877764704,0.1585389516927132
etazolate,CCOC(=O)c1cnc2c(cnn2CC)c1NN=C(C)C,1,test,0.2449470122666491,0.8952729472876841,0.0003490135884704,0.4455180690553677,0.5794950759559628,1660.3796960901573,2159.6921088781405,3726.8515272807263,3.61132424141342,0.0665608351611526
cartazolate,CCCCNc1c(C(=O)OCC)cnc2c1cnn2CC,1,test,0.2396133593559594,0.9112388971811176,0.0004335145349651,0.4118782250424759,0.6733727230222242,1553.287534122412,2539.4434395763924,3771.230037621497,3.679866379591726,0.1554967296743607
ciprazafone,CN(C(=O)CNC1CC1)c1ccc(Cl)cc1C(=O)c1ccccc1Cl,1,test,0.2028006036428039,0.9014860428376312,0.0003275914706296,0.4328081729461084,0.7556461115710355,2306.672118534334,4027.2525474162594,5329.548429811079,3.9316263449516113,0.2118547663114755
oxiperomide,O=c1[nH]c2ccccc2n1C1CCN(CCOc2ccccc2)CC1,1,test,0.6386691091115844,0.990162755875591,0.0009616483895091,0.13992039478523,0.9239711000615848,960.8200982203056,6344.822028815546,6866.905283501454,4.582702031489212,0.1522223588325918
cefditoren,CO/N=C(\C(=O)NC1C(=O)N2C(C(=O)O)=C(/C=C\c3scnc3C)CS[C@H]12)c1csc(N)n1,0,test,0.5890882085412026,0.9866285397943336,0.0004374692605717,0.162985043679783,0.8954343053124313,2046.850798481394,11245.3289052542,12558.519188440658,5.051174961014858,0.1357839064278949
hepzidine,CN1CCC(OC2c3ccccc3CCc3ccccc32)CC1,1,test,0.2172781183510738,0.9083907297820007,0.0004922083349579,0.4181223290451298,0.7517727420304535,1527.3466307608082,2746.128309531384,3652.8702837966703,3.590404893943528,0.3252897164921481
dicumarol,O=c1c(Cc2c(O)oc3ccccc3c2=O)c(O)oc2ccccc12,0,test,0.5380478117565217,0.9816218290120108,0.0010536600379625,0.1908365394968016,0.9477553034368914,899.4887053603559,4467.148655780085,4713.398742882942,3.871268181349993,0.1988284202130267
neodicoumarol,CCOC(=O)C(c1c(O)oc2ccccc2c1=O)c1c(O)oc2ccccc2c1=O,0,test,0.250262152190873,0.923148435059454,0.0003387785538256,0.3844437108957325,0.7684899058429145,2268.4136795696645,4534.48181260031,5900.509269053684,3.943868347499139,0.2076568082265489
carburazepam,CN1C(=O)CN(C(N)=O)C(c2ccccc2)c2cc(Cl)ccc21,1,test,0.0994922757365774,0.8204465135991763,0.0005425063194295,0.5717232882461205,0.9117074056986058,1680.547070230001,2679.9104410352547,2939.441343006032,3.3267997294594345,0.6256050552132891
tacrolimus,C=CC[C@@H]1/C=C(\C)C[C@H](C)C[C@H](OC)[C@H]2O[C@@](O)(C(=O)C(=O)N3CCCC[C@H]3C(=O)O[C@H](/C(C)=C/[C@@H]3CC[C@@H](O)[C@H](OC)C3)[C@H](C)[C@@H](O)CC1=O)[C@H](C)C[C@@H]2OC,0,test,0.3571792710285519,0.9545103314192463,9.778566232218864e-05,0.2981778449414379,0.7889444371932453,8068.09933539945,21347.267066860903,27058.010755239124,5.92612059775696,0.1648645731059105
oxaflozane,CC(C)N1CCOC(c2ccc(C(F)(F)F)cc2)C1,1,test,0.6468706431410237,0.9906654923701425,0.001724561628762,0.1363153778083133,0.931520168181866,540.1489588113761,3691.14370693214,3962.494675919348,3.8717661586016328,0.1805455982821591
phendimetrazine,C[C@H]1[C@H](c2ccccc2)OCCN1C,1,test,0.4162492374816153,0.9658753527924784,0.0026360400557862,0.2590073413399813,0.9010381264975916,341.815035974036,1189.1106175962666,1319.7117664914315,2.729782360018486,0.329419290589001
phenmetrazine,CC1NCCOC1c1ccccc1,1,test,0.4066811071402118,0.9642972664729296,0.0029929324605023,0.2648221702819387,0.8944970201665334,298.86976467768227,1009.5005023085588,1128.5677643963695,2.621910111250277,0.3253958746165217
compound 36,CN(C)Cc1ccc(CSCCNc2[nH]cc(Cc3ccccc3)c2[N+](=O)[O-])o1,1,test,0.5381210748013859,0.9820248514140364,0.000439407336474,0.1887516654369964,0.8987727726298995,2045.4204971675872,9739.613407792527,10836.569269108408,5.22357921370343,0.1518778731506748
taltrimide,CC(C)NS(=O)(=O)CCN1C(=O)c2ccccc2C1=O,1,test,0.5225482021459367,0.9804759333389812,0.0011593935845489,0.1966391215985604,0.8572105040688197,739.3610897047853,3223.1027439625764,3759.989790913499,3.609621429867949,0.1115051742986935
BRL52974,O=C(Cc1ccc(Cl)c(Cl)c1)N1CCc2[nH]cnc2[C@H]1CN1CCCC1,0,test,0.3982002056496237,0.962813432740767,0.0004756223894995,0.2701671588737989,0.8907245025676699,1872.7556192316815,6174.360067761452,6931.840372598682,4.363689739825654,0.3239359449138653
SB205605,O=C(Cc1ccc(Cl)c(Cl)c1)N1CCc2[nH]cnc2[C@H]1CN1CC[C@@H](O)C1,0,test,0.3830187189706933,0.9602674908365968,0.0003975083658052,0.2790812534771669,0.847011704306441,2130.802209886868,6466.985470537412,7635.060339376037,4.452997714816736,0.2598905895098993
encyprate,CCOC(=O)N(Cc1ccccc1)C1CC1,1,test,0.2840977982756118,0.9358455838364598,0.0013600122657144,0.352410333579757,0.841824131416491,618.9827493756272,1478.6019753220437,1756.4262179489692,2.964408170150099,0.311981500324904
lenperone,O=C(CCCN1CCC(C(=O)c2ccc(F)cc2)CC1)c1ccc(F)cc1,1,test,0.7825104360477968,0.996876265916876,0.0009926232454041,0.078979177329384,0.9656626807031502,972.8390758267764,11894.709740236118,12317.665348292168,5.822655438085149,0.125442811499201
cloroperone,O=C(CCCN1CCC(C(=O)c2ccc(Cl)cc2)CC1)c1ccc(F)cc1,1,test,0.7604497170532487,0.9961499115295168,0.0007997562347856,0.0876661494519753,0.9531483412202204,1191.7985753192029,12957.80460571517,13594.740761051518,5.980292400298791,0.1256587780194027
gamfexine,CN(C)CCC(c1ccccc1)C1CCCCC1,1,test,0.1522505714142859,0.8373939898293912,0.0004724156463809,0.5465997674694103,0.6179046581736952,1307.9682328628933,1478.5949645952385,2392.9176532920715,3.248493411867467,0.3287089400346948
venlafaxine,COc1ccc(C(CN(C)C)C2(O)CCCCC2)cc1,1,test,0.2254343633250252,0.9106937925486992,0.0005788200769949,0.4130820937940385,0.7303139186244696,1261.728726508709,2230.689890317717,3054.426094629517,3.435116981821423,0.2618829022880472
aclarubicin,CC[C@@]1(O)C[C@H](OC2CC(N(C)C)C(OC3CC(O)C(OC4CCC(=O)C(C)O4)C(C)O3)C(C)O2)c2c(cc3c(c2O)C(=O)c2c(O)cccc2C3=O)[C@H]1C(=O)OC,0,test,0.5657128144095471,0.9846591978402494,0.0001357873180888,0.1744885787339584,0.8909021869281358,6561.011731193951,33499.15359614461,37601.3821580694,6.915803348867767,0.1483672561061362
phencyclidine,c1ccc(C2(N3CCCCC3)CCCCC2)cc1,1,test,0.1465304434777439,0.8606845799871944,0.0007408998150196,0.5091385408435184,0.7194599135431538,971.0623473756352,1372.201034575795,1907.265448352863,2.954959624769842,0.4302055346140854
cefmenoxime,CO/N=C(\C(=O)N[C@@H]1C(=O)N2C(C(=O)O)=C(CSc3nnnn3C)CS[C@H]12)c1csc(N)n1,0,test,0.2632371555100775,0.9287125773798186,0.0002712772924969,0.3708004161493546,0.7988571520729711,2944.7991931796946,6344.312990044654,7941.736483902865,4.103792351114613,0.2168412364106302
Cefazolin,Cc1nnc(SCC2=C(C(=O)[O-])N3C(=O)[C@@H](NC(=O)Cn4cnnn4)[C@H]3SC2)s1.[Na+],0,test,0.4930476704012793,0.977071103363036,0.0003588628161215,0.2129132663150403,0.8331192541470083,2321.553576241335,9084.1262142803,10903.752576911827,4.8383508099867925,0.1010100416754244
ceftezole,O=C(Cn1cnnn1)N[C@@H]1C(=O)N2C(C(=O)O)=C(CSc3nncs3)CS[C@H]12,0,test,0.5024742454319553,0.9782193185142516,0.0004173640381713,0.2075739985776467,0.8421835744327889,2017.863297764624,8187.014445320575,9721.175636599815,4.755833417476774,0.1058657351808411
trepipam(trimopam),COc1cc2c(cc1OC)[C@@H](c1ccccc1)CN(C)CC2,1,test,0.2141183228657349,0.8966919735789742,0.0004387091950417,0.4426550626831735,0.6602110395484901,1504.8944654230302,2244.519543965617,3399.7001102868785,3.4669062287058505,0.2342911299597228
terfenadine,CC(C)(C)c1ccc(C(O)CCCN2CCC(C(O)(c3ccccc3)c3ccccc3)CC2)cc1,0,test,0.6227093368823349,0.9889521796392692,0.0003982100137007,0.1482349027278624,0.9496731281943426,2384.854964767253,15278.67346355148,16088.349780520302,5.981470181265401,0.1843481727448906
fexofenadine,CC(C)(C(=O)O)c1ccc(C(O)CCCN2CCC(C(O)(c3ccccc3)c3ccccc3)CC2)cc1,0,test,0.7108493425509799,0.9940809722705324,0.000482867237676,0.1086417073212341,0.9602006531417692,1988.539661052856,17575.175578707705,18303.648847979704,6.143413856643911,0.1500429624744043
pridefine,CCN1CCC(=C(c2ccccc2)c2ccccc2)C1.[Cl-].[H+],1,test,0.2226500372132046,0.9028927338463852,0.0005238362431883,0.4298659223146221,0.6711418163764605,1281.205386422874,2000.3225786430376,2980.4767484805416,3.231419129711676,0.2236644080655087
Tamoxifen,CC/C(=C(\c1ccccc1)c1ccc(OCCN(C)C)cc1)c1ccccc1,1,test,0.27813007446703,0.9333347414942552,0.0003376961604227,0.3590073262760128,0.7812321147136728,2313.4172261117537,5034.203202808233,6443.927621502484,4.308221995280232,0.2437242614577577
Chloroquine,CCN(CC)CCCC(C)Nc1ccnc2cc(Cl)ccc12,1,test,0.7321781205698604,0.9950643493354144,0.0013457295385268,0.0992317523864635,0.9462793160656996,703.1719888541508,6705.485821695836,7086.1591370029255,4.759899969899342,0.1457759383920508
profexalone,CCCNC(=O)N1CC(c2ccccc2)OC1=O,1,test,0.6679253181506264,0.9918917492683778,0.0023831716053262,0.1270856314982845,0.9442405436164636,396.2117295733673,2943.8353849201726,3117.675262751601,3.606218772504732,0.1449372109350888
kynurenic acid,O=C(O)c1cc(=O)c2ccccc2[nH]1,1,test,0.4254339310501976,0.9660974196431548,0.002049732135565,0.2581777987334269,0.7418222013967742,361.91177789788514,1039.8810165270404,1401.7927942424103,2.722173361018964,1.8834075789376458e-10
supidimide,O=C1NCCCC1N1C(=O)c2ccccc2S1(=O)=O,1,test,0.3614751780816865,0.9551520905510132,0.0014197303877368,0.2961156596940273,0.9068643434177812,638.7581411590227,1956.2186710540368,2157.123813779533,2.9114704995641194,0.2522553347151762
monometacrine,CNCCCN1c2ccccc2C(C)(C)c2ccccc21,1,test,0.2677290296034001,0.9216698456694296,0.0005281270973268,0.3879751223773119,0.6640149457816625,1257.3014131306056,2151.8568627686536,3240.6753438893443,3.44341820485468,0.1368155833244207
dimetacrine,CN(C)CCCN1c2ccccc2C(C)(C)c2ccccc21,1,test,0.2982632611072084,0.936830298095379,0.0005456677508047,0.3497842085779791,0.7185428036543736,1316.8137618444528,2705.05937410104,3764.6461148084927,3.636275698050366,0.1646356295477777
clomacran,CN(C)CCCC1c2ccccc2Nc2ccc(Cl)cc21,1,test,0.2115486830835576,0.8850785162748482,0.0003608367156487,0.4654417471915398,0.6133903311751341,1699.9110804794436,2240.2567601966043,3652.25313529921,3.5523226505773806,0.206314591799229
estrone,C[C@]12CC[C@@H]3c4ccc(O)cc4CC[C@H]3[C@@H]1CCC2=O,0,test,0.575584557144084,0.9855231465179206,0.0016449388766764,0.1695409321592202,0.8869421736400991,539.1946085146452,2820.76093365984,3180.321127456547,3.4777808004729622,0.2068880486347267
talsupram,CNCCCC1(c2ccccc2)SC(C)(C)c2ccccc21,1,test,0.0809988759268633,0.7833453227760717,0.0003935331665954,0.621586764084349,0.737805119240887,1874.8232216965464,2225.359757582769,3016.189098650328,3.3797881803059435,0.4166158143345153
pirlindole,Cc1ccc2c(c1)c1c3n2CCNC3CCC1.[Cl-].[H+],1,test,0.3582478884091403,0.9526163102177776,0.0012493966593144,0.3041745642013264,0.7234941813230404,579.0748485913448,1377.3580463784608,1903.7582912687865,2.7101289164740248,0.1090310264346502
ondansetron,Cc1nccn1CC1CCc2c(c3ccccc3n2C)C1=O,1,test,0.3708009204756,0.9578382240285418,0.000894193038148,0.2873080865375166,0.8374533962029539,936.5465402609532,2729.871234380471,3259.729134490125,3.435761440261816,0.2249980303545553
benmoxin,CC(NNC(=O)c1ccccc1)c1ccccc1,1,test,0.7181816004428172,0.9944529289006018,0.0026259217211524,0.1051825660507224,0.9482313657664376,361.10420128985095,3255.3905350431605,3433.118384996566,3.829881501113504,0.1306994177820769
tamolarizine,COc1ccc(C(O)CN2CCN(C(c3ccccc3)c3ccccc3)CC2)cc1OC,1,test,0.6041309909733383,0.9877500961208286,0.0004831326919505,0.1560440566420059,0.916270723870406,1896.5198156457343,11136.121565353506,12153.745912903967,5.395637377356517,0.1574470973640449
benzquinamide,CCN(CC)C(=O)C1CN2CCc3cc(OC)c(OC)cc3C2CC1OC(C)=O,1,test,0.352263661992951,0.9538361178049416,0.0003915872978691,0.3003275884276991,0.8223605112203791,2100.0694243540534,5750.434631901451,6992.595769667774,4.283357128358219,0.2346702214814781
tolquinzole,CCC1(O)CCN2CCc3ccc(C)cc3C2C1,1,test,0.3049695123750748,0.9416092791966612,0.0010291617946348,0.3367075367893392,0.7891437752992805,766.7830067275953,1797.1146192160518,2277.2968316635347,3.1408997455623995,0.2425442725335565
divaplon,CCc1c(OC)nc2nc(C(=O)c3ccccc3)cn2c1C,1,test,0.5643712392734777,0.9845528246479262,0.0011625470439603,0.1750877936287679,0.8797251172232353,756.7221660349611,3802.135388329818,4321.958432118978,3.877473444176082,0.1322355706826019
rifampin,COC1C=COC2(C)Oc3c(C)c(O)c4c(O)c(c(C=NN5CCN(C)CC5)c(O)c4c3C2=O)NC(=O)C(C)=CC=CC(C)C(O)C(C)C(O)C(C)C(OC(C)=O)C1C,0,test,0.1570127645107634,0.8754106484650996,7.373829525837502e-05,0.4833799711964838,0.7857580499392792,10656.037642123749,17321.916208131912,22044.84727769635,5.512917449899336,0.3970293895115842
AmphotericinB,C[C@@H]1OC(=O)C[C@H](O)C[C@H](O)CC[C@@H](O)[C@H](O)C[C@H](O)C[C@]2(O)C[C@H](O)[C@@H](C(=O)O)[C@H](C[C@@H](O[C@@H]3O[C@H](C)[C@@H](O)[C@H](N)[C@@H]3O)/C=C\C=C/C=C\C=C/C=C\C=C/C=C\[C@H](C)[C@@H](O)[C@H]1C)O2,0,test,0.2721722463378757,0.9317683263249488,5.620434143043237e-05,0.3630534203909997,0.7991707207858763,14219.021172502482,31299.59604033012,39165.09354791077,6.7690476607536505,0.2441740457702894
imipenem,C[C@H](O)[C@H]1C(=O)N2C(C(=O)O)=C(SCCN=CN)C[C@H]12.O,0,test,0.508518469822938,0.9789437409211146,0.0009802820408623,0.2041302332124611,0.8550447711997342,872.2436355638941,3653.5859880437656,4272.97623598976,3.723196747527367,0.1260665786247821
tienopramine,CN(C)CCCN1c2ccccc2C=Cc2sccc21,1,test,0.1751194129626188,0.8722523775601321,0.0004501027951137,0.4890560191232665,0.6621060470576596,1471.0107429800746,1991.5205418796825,3007.857352654945,3.3725936026543364,0.3147040516850933
moxiraprine,CC1=CC(=C2C=CC(=O)C=C2)NN=C1NCCN1CCOCC1,1,test,0.6454151881399862,0.9906333407766484,0.0009990553073525,0.1365488342743973,0.8904275698161012,891.269545602725,5811.920546662155,6527.112079270505,4.587078925212698,0.0735279424852541
gevotroline,Fc1ccc2[nH]c3c(c2c1)CN(CCCc1cccnc1)CC3,1,test,0.1950714367789775,0.8993317593852042,0.0004935534271819,0.4372669511421064,0.8003813018551231,1621.6710446628822,2968.335883875696,3708.652209885075,3.662159310425659,0.4536089694826002
nicomorphine,CN1CC[C@]23c4c5ccc(OC(=O)c6cccnc6)c4O[C@H]2[C@@H](OC(=O)c2cccnc2)C=C[C@H]3[C@H]1C5,1,test,0.3882076010788254,0.9611867077302956,0.0003946866858362,0.2758987366455221,0.8659718126812508,2194.074043431261,6886.6073822882345,7952.461363569896,4.145674770123091,0.277342355575671
mequitazine,c1ccc2c(c1)Sc1ccccc1N2CC1CN2CCC1CC2,1,test,0.112435595413649,0.8195996600381009,0.0004175124658868,0.5729366433257952,0.6968619211652376,1669.0805140035154,2030.0999545364307,2913.2025913280745,3.2019506347142777,0.438462150746127
mequitazine,c1ccc2c(c1)Sc1ccccc1N2CC1CN2CCC1CC2,0,test,0.112435595413649,0.8195996600381009,0.0004175124658868,0.5729366433257952,0.6968619211652376,1669.0805140035154,2030.0999545364307,2913.2025913280745,3.2019506347142777,0.438462150746127
cloprednol,C[C@]12C[C@H](O)[C@H]3[C@@H](C=C(Cl)C4=CC(=O)C=C[C@@]43C)[C@@H]1CC[C@]2(O)C(=O)CO,1,test,0.4389848282404075,0.9697626642739284,0.0006221403952039,0.2440499436187849,0.8796603147624057,1413.925733714963,5096.392719980265,5793.591724501962,3.957101319727011,0.3114463171013866
Methohexital,C=CCC1(C(C)C#CCC)C(=O)NC(=O)N(C)C1=O,1,test,0.0881954607149351,0.7957936066455334,0.0005923486478898,0.6055679446784595,0.7370601389911551,1244.301209459724,1514.4870702794803,2054.7672980286547,3.029084589926036,0.3311150835731622
secobarbital,C=CCC1(C(C)CCC)C(=O)NC(=O)NC1=O,1,test,0.1131121312645565,0.8373256307588699,0.0008642700716944,0.5467044796544663,0.789812190273423,913.8488258941816,1320.2177220396277,1671.55905960705,2.862728305481138,0.3593663443260895
amobarbital,CCC1(CCC(C)C)C(=O)NC(=O)NC1=O,1,test,0.1809072005940076,0.8916008243692798,0.001155861828275,0.452822227793668,0.8502665218118998,735.6125974683354,1381.2633882792022,1624.506378700833,2.875290987892816,0.3666989444445058
metharbital,CCC1(CC)C(=O)NC(=O)N(C)C1=O,1,test,0.0976367734852661,0.8215552332404066,0.0015851048153986,0.5701289316771261,0.8580192066106657,541.3012428423369,814.6347906862119,949.436544554952,2.4114576364781803,0.5393233440072328
tetrabarbital,CCCC(CC)C1(CC)C(=O)NC(=O)NC1=O,1,test,0.0454816771829217,0.7251449119944978,0.0008553612006589,0.6885962943615744,0.8407264699980476,982.890583943268,1200.0385970695336,1427.3829121525346,2.740802734218126,0.6671091518089387
talbutal,C=CCC1(C(C)CC)C(=O)NC(=O)NC1=O,1,test,0.1066223409918625,0.8192637365020251,0.0014276606529755,0.5734168902750777,0.9798052924689108,686.3012512299719,1172.6923458089636,1196.862636712256,2.6102106211276546,0.6856703121256659
vinbarbital,CC/C=C(\C)C1(CC)C(=O)NC(=O)NC1=O,1,test,0.2956013136627584,0.93705780297372,0.001728809031363,0.3491742743760841,0.935413775607568,541.0740912604085,1449.5001371269366,1549.581773248379,2.809443440674214,0.3600115798745246
vinylbital,C=CC1(C(C)CCC)C(=O)NC(=O)NC1=O,1,test,0.278524707338116,0.9309373876257288,0.0017317029533905,0.3651788333413967,0.9474766046256182,547.1357560316702,1419.5738664555065,1498.2679883862995,2.779452840177888,0.4252783989349987
butalbital,C=CCC1(CC(C)C)C(=O)NC(=O)NC1=O,1,test,0.0784474199484161,0.7941338026484931,0.0009991761541266,0.6077429584051504,0.8211037000032778,821.7807206588027,1110.28384778828,1352.1846848136818,2.705995986856048,0.433419758549457
brallobarbital,C=CCC1(CC(=C)Br)C(=O)NC(=O)NC1=O,1,test,0.1569014455159284,0.8764342397954217,0.0009027272567908,0.481521570974989,0.8346939172121983,924.6357755713173,1602.8105572579832,1920.237495693301,2.7830789542002967,0.5223998437851822
barbital,CCC1(CC)C(=O)NC(=O)NC1=O,1,test,0.0764949057640391,0.7910368530298052,0.001814765083513,0.6117684996374875,0.8835721746136691,486.8796422417639,703.19623276713,795.8560182982152,2.321818455096556,0.5524680298930428
butabarbital,CCC(C)C1(CC)C(=O)NC(=O)NC1=O,1,test,0.0382571538582037,0.699834707080839,0.0011561411099307,0.7143048248227617,0.8303826305800882,718.2364016359868,834.9531066332264,1005.504060278748,2.45511203110416,0.4815089507685621
proxibarbal,C=CCC1(CC(C)O)C(=O)NC(=O)NC1=O,1,test,0.098646645870318,0.8128185216411364,0.0008968010703495,0.582516996213087,0.741481145381965,826.8067132133805,1052.435538719792,1419.369252036264,2.700060959336425,0.4292661011756643
nealbarbital,C=CCC1(CC(C)(C)C)C(=O)NC(=O)NC1=O,1,test,0.095538866177866,0.8181677342896042,0.0009198690319879,0.5749796157842603,0.811926571628858,882.6545338461771,1246.3931762535574,1535.105783954192,2.7728198635062644,0.4560985816291986
carbubarb,CCCCC1(CCOC(N)=O)C(=O)NC(=O)NC1=O,1,test,0.1762530609804293,0.8863278428658289,0.0006012553486845,0.4630582630304814,0.7549934287142639,1255.6951557538855,2047.3483938242807,2711.7433290921053,3.3295982825551933,0.2508310579150415
Pentobarbital,CCCC(C)C1(CC)C(=O)NC(=O)NC1=O,1,test,0.1968862000808976,0.8998925806799225,0.0013571446526796,0.43611161786546,0.8725599437729509,642.9380553134705,1286.3725028460046,1474.2511526299586,2.742411177748638,0.5017706662620166
aprobarbital,C=CCC1(C(C)C)C(=O)NC(=O)NC1=O,1,test,0.1322784418199183,0.8551692674396695,0.0015473010308372,0.5183488439523127,0.8964658363906178,579.373902378623,1002.0064982078584,1117.7297087440295,2.5336397221228903,0.6028559242600633
allobarbital,C=CCC1(CC=C)C(=O)NC(=O)NC1=O,1,test,0.0727300568080541,0.7838336268680652,0.0011438742361121,0.6209708893264279,0.8134396422148092,711.1268149369188,931.5392264830692,1145.1854300421132,2.587388990078285,0.4650719859400291
eltoprazine,c1cc2c(c(N3CCNCC3)c1)OCCO2,1,test,0.3702257324943021,0.9567731437727494,0.0015017524670439,0.2908352649786642,0.7671511927479752,510.8373114632048,1347.4619483229296,1756.449003873997,2.864470694805399,0.182205904254631
azabon,Nc1ccc(S(=O)(=O)N2CC3CCC(CC3)C2)cc1,1,test,0.3184700409969867,0.9447755765365108,0.0011083748524547,0.3277180342613194,0.9031966395515576,814.8837350028504,2245.8338392598694,2486.539188603424,3.14514413268876,0.4096691135400238
oxanamide,NC(=O)C1CCCCO1,1,test,0.3872911089490997,0.9610220550312658,0.0053493156261142,0.2764717159918582,0.8225730243771053,153.77163769538473,457.5093717226322,556.1930165034064,2.125916872650797,0.2951830797579504
Streptozotocin,CN(N=O)C(=O)N[C@H]1[C@@H](O)O[C@H](CO)[C@@H](O)[C@@H]1O,0,test,0.4911416326834621,0.9769206161396108,0.0014716811137502,0.2136026913720957,0.8677691483951826,589.6448220252645,2395.454765938104,2760.474684273072,3.291144501156707,0.207399652264118
Zalcitabine,Nc1ccn([C@H]2CC[C@@H](CO)O2)c(=O)n1,1,test,0.4874231630451824,0.9764700251788864,0.0022599237800065,0.2156531704546562,0.8632385845787428,381.9768578992709,1529.016065284946,1771.255470503673,2.952385037339195,0.174411046615251
Cytarabine,Nc1ccn([C@@H]2O[C@H](CO)[C@@H](O)[C@@H]2O)c(=O)n1,1,test,0.3441577682521001,0.9518209024370052,0.0014333919817818,0.3066544793150836,0.8724054404005942,608.630054785221,1731.499804509202,1984.74209848362,2.981761342950529,0.2745443148473547
cephapirin,CC(=O)OCC1=C(C(=O)O)N2C(=O)[C@@H](NC(=O)CSc3ccncc3)[C@H]2SC1,0,test,0.4378785930068324,0.9693504567416386,0.0004396051482214,0.2456820954297987,0.90483145974835,2058.2822185070204,7580.521897974211,8377.827512852495,4.612214020449023,0.2346760551293895
carfentanil,CCC(=O)N(c1ccccc1)C1(C(=O)OC)CCN(CCc2ccccc2)CC1,1,test,0.3283781149722051,0.9479471875227063,0.000507677786469,0.3184275893634073,0.8749664772086642,1723.4681140849652,4735.697768453709,5412.433380946923,3.8788935039528742,0.373269530374238
fentanyl,CCC(=O)N(c1ccccc1)C1CCN(CCc2ccccc2)CC1,1,test,0.5427027715673626,0.9824858785903616,0.0007376965035115,0.1863370558169394,0.8975417689766059,1216.681609176819,5860.469132101594,6529.466744242792,4.496567402793689,0.2008321812231292
ocfentanil,COCC(=O)N(c1ccccc1F)C1CCN(CCc2ccccc2)CC1,1,test,0.4980291739017373,0.977726109023658,0.0005097124662448,0.2098848630403301,0.8485305946861376,1664.7240373331135,6730.210349257746,7931.605992058753,4.694147534922653,0.1409858639855701
lofentanil,CCC(=O)N(c1ccccc1)[C@]1(C(=O)OC)CCN(CCc2ccccc2)C[C@@H]1C,1,test,0.5005436179407432,0.9777047597471474,0.0005608423842563,0.2099842917167204,0.9239556123700928,1647.4425583849852,7248.941268095559,7845.551421567616,4.526572449380588,0.2587331300154522
11a,CN(C)c1cc(-c2nc(N)n[nH]2)ccn1,0,test,0.6108077270823858,0.988294877717948,0.0028970468980518,0.1525556773000154,0.881110415956062,304.1408879326693,1756.6157419929273,1993.6386066743803,3.150509781799085,0.0999086134873074
meropenem,C[C@H](O)C1C(=O)N2C(C(=O)O)=C(S[C@@H]3CN[C@H](C(=O)N(C)C)C3)[C@H](C)C12.O.O.O,0,test,0.5596278555276376,0.983997701449151,0.000778916694502,0.178181153725044,0.9183727852912196,1179.0385182054322,6076.943971307129,6617.077584001039,3.981756172781342,0.1221200304888784
lenapenem,CNCC[C@@H](O)[C@@H]1C[C@H](SC2=C(C(=O)O)N3C(=O)[C@H]([C@@H](C)O)[C@H]3[C@H]2C)CN1,0,test,0.5284496862755579,0.9810014634936716,0.0006986771839347,0.1940003315030017,0.9045198980879432,1294.6177703899943,6036.110993541673,6673.276073087342,4.186447703070575,0.1575295584431142
dizocilpine(MK-801),CC12NC(Cc3ccccc31)c1ccccc12,1,test,0.1869618811865428,0.8906556753565508,0.0015492232750118,0.454678422574864,0.9388831637634232,606.0347652317934,1251.424764142536,1332.8865746471795,2.6847895670042523,0.5324106168503248
Nelfinavir,Cc1c(O)cccc1C(=O)N[C@@H](CSc1ccccc1)[C@H](O)CN1C[C@H]2CCCC[C@H]2C[C@H]1C(=O)NC(C)(C)C,0,test,0.1168133556013322,0.8413173771032587,0.0001395572455301,0.5405414609297728,0.8885212134177726,6366.715035413967,10465.360712609883,11778.402760192952,5.019395286727776,0.6764584459532431
chlormezanone,CN1C(=O)CCS(=O)(=O)C1c1ccc(Cl)cc1,1,test,0.4445577624160856,0.9706337470123616,0.0013604988690226,0.240562110817025,0.8743486159422827,642.6676536456157,2335.8440428023982,2671.52483598898,3.212482018333889,0.3815943129488779
dichlormezanone,CN1C(=O)CCS(=O)(=O)C1c1ccc(Cl)c(Cl)c1,1,test,0.308601784876835,0.94271845390238,0.0009075949410348,0.333589443286064,0.8736956447401363,962.6493110945522,2521.250379599584,2885.7307401932635,3.2146645917395875,0.5473396090110401
daledalin,CNCCCC1(C)CN(c2ccccc2)c2ccccc21,1,test,0.374231723437965,0.9575838923447062,0.0006967217903781,0.288154627104897,0.7669706064059296,1100.827643110861,2930.0325782302825,3820.26710509884,3.7415399941477294,0.1486012843972314
pazinaclone,O=C(CC1c2ccccc2C(=O)N1c1ccc2ccc(Cl)nc2n1)N1CCC2(CC1)OCCO2,1,test,0.2371389398451504,0.9119568720115312,0.0001656540485896,0.4102860753071489,0.6883418953411156,4155.2977497464,6971.393134962851,10127.805937931613,4.710550616436621,0.1795054866297639
lofepramine,CN(CCCN1c2ccccc2CCc2ccccc21)CC(=O)c1ccc(Cl)cc1.[Cl-].[H+],1,test,0.6818342146927041,0.9926836299538144,0.0005978941538969,0.1207444028587596,0.9390292804558708,1570.561067265029,12214.254193057955,13007.319843240988,5.423483506361457,0.2003949518257126
phenethicillin,CC(Oc1ccccc1)C(=O)NC1C(=O)N2C1SC(C)(C)C2C(=O)O,0,test,0.4971372702967169,0.9773739181423502,0.0007555052801975,0.2115188505430907,0.9162887009348522,1212.8157472245705,5253.854976255844,5733.8423696544,4.091392647145031,0.1588204109652294
Phenoxymethylpenicillin,CC1(C)S[C@@H]2[C@H](NC(=O)COc3ccccc3)C(=O)N2[C@H]1C(=O)[O-],0,test,0.4656775818182467,0.9735330943198772,0.0007833866948288,0.2285460878334274,0.8922713308953728,1138.992194768338,4446.762100106895,4983.643367365256,3.889162851817591,0.2402323732617744
isopropicillin,CC(C)(Oc1ccccc1)C(=O)N[C@@H]1C(=O)N2[C@@H](C(=O)O)C(C)(C)S[C@H]12,0,test,0.3750898615773596,0.9586797022836844,0.0005822349887506,0.2844876595377491,0.8550477781279154,1468.561310550434,4413.86486735868,5162.126585513873,3.819924810269752,0.2033246570149949
propicillin,CCC(Oc1ccccc1)C(=O)NC1C(=O)N2C1SC(C)(C)C2C(=O)O,0,test,0.3285061211666027,0.9469455837640142,0.0005658778535792,0.3213939348989499,0.9198229907192268,1625.4797477957434,4652.090411852698,5057.59310083687,3.869854505553691,0.2719825556593203
pancopride,Nc1cc(OCC2CC2)c(C(=O)NC2CN3CCC2CC3)cc1Cl,1,test,0.3686901072278123,0.9562496889115956,0.0005015866071301,0.2925517603031577,0.7598375744446496,1514.868147680509,3934.5302101215657,5178.12009099081,3.897198697290562,0.1598665885970935
Bromocriptine,CC(C)C[C@H]1C(=O)N2CCC[C@H]2[C@]2(O)O[C@](NC(=O)[C@@H]3C=C4c5cccc6[nH]c(Br)c(c56)C[C@H]4N(C)C3)(C(C)C)C(=O)N12,0,test,0.5663732396823528,0.984326339303448,0.0002538216272785,0.1763566209516204,0.9539454022652916,3758.3298653203306,20329.49755939242,21310.96550296995,5.888669282361413,0.3136378547074784
tofisoline,CCc1c(C)[n+]([NH-])c(-c2ccc(OC)c(OC)c2)c2cc(OC)c(OC)cc12,1,test,0.2718691619976991,0.9309691117588004,0.0003619544145519,0.3650979498039263,0.7711775061947356,2130.5929011788667,4500.341130728681,5835.674788979474,4.037068867268938,0.271467479329156
Spironolactone,CC(=O)S[C@@H]1CC2=CC(=O)CC[C@]2(C)[C@H]2CC[C@@]3(C)[C@@H](CC[C@@]34CCC(=O)O4)[C@@H]21,0,test,0.3648329580624714,0.9565389840276202,0.0004361467386956,0.2916044787643154,0.8207481677798492,1881.8165882300889,5296.549365196434,6453.318536822049,4.044911215180307,0.3004160230062604
milameline,CO/N=C/C1=CCCN(C)C1,1,test,0.6466473169257411,0.9907014459577872,0.0051652028600837,0.1360538311740986,0.882282454963349,170.81274034395847,1107.6871749156255,1255.4790914000894,2.866328853872921,0.0908247495656512
arecoline,COC(=O)C1=CCCN(C)C1,1,test,0.4456090548729102,0.9708195471956064,0.0040332671600245,0.2398111898617691,0.8672051020204364,215.01305706095636,777.5301068801301,896.5930955302508,2.467033137835341,0.2687294363780334
penfluridol,OC1(c2ccc(Cl)c(C(F)(F)F)c2)CCN(CCCC(c2ccc(F)cc2)c2ccc(F)cc2)CC1,1,test,0.6341583435213806,0.989912056135596,0.0003183079286621,0.1416831716097452,0.8991639014879217,2824.824079208511,17927.1808445559,19937.611835717933,6.231209422594781,0.1444891334677882
Org12692,FC(F)(F)c1ccc(N2CCNCC2)nc1Cl,1,test,0.5722976179167361,0.9852416603149734,0.0017982780144985,0.1711691291670158,0.8870044124151486,493.2521029917097,2556.049644675104,2881.6650840726425,3.3410252771823874,0.1507575212426531
Org12962,FC(F)(F)c1ccc(N2CCNCC2)nc1Cl,1,test,0.5722976179167361,0.9852416603149734,0.0017982780144985,0.1711691291670158,0.8870044124151486,493.2521029917097,2556.049644675104,2881.6650840726425,3.3410252771823874,0.1507575212426531
phenazopyridine,Nc1ccc(N=Nc2ccccc2)c(N)n1,0,test,0.6928502289441295,0.9932970007193808,0.0031812745237602,0.1155900876454479,0.9045685873024448,284.3415683074272,2225.160098019358,2459.913078183612,3.4134945524256928,0.0427111225805749
