sample_key,split
00005dab13664b61885e9c5eadc4750fac8801cb79ecf1821d7048eaf84d8892,train
000094d4e58f9524dee1be58eecf545976297d3fc2c203bca76347e418914a65,train
0001ae38f6d701e0ddb58e234ad783c29805ee1f0be810ea4a912c0dfe053a34,train
00056f681591fad107ac6961760f0c97722efb64a448778a1c283132fa36a441,train
000848f55975dfee1dcc143f1d03fd8cdccba82a3d8c4e21631b86ad3ee7bd4d,train
000ad1118fcff5cd7246d7c5c0a31cbe5657cf747eeb3e34a2814f3b5e72f507,train
00118a56aacb504b57c3d2990a6c7219cd5e55655963044666fbf7d5e5bcf63d,train
00131e1c97405c813a51aefd5db7d6af7977e2b05afd075efc3f489794b28765,val
0014993064a0aa3c427a33f55b7943def235c0a1e20875bdda26316bf5d9023f,train
002b79adfcfb0f1ab987239b41f44371f2f9fab55ba6ccf2d05c0f97176489ce,train
002c0966ce96d5b3609b6fd46596faf93fb52582214eaad035b169b9645182ac,train
002e1d3badb9c686d2dfd5cf854a720f3daebe3bb68da7f6702c7a41aae43d9e,train
0035ca5469d574ab63eccccb63bad9a2ed4bb586c8d33bac16cd58ff77e4fa41,train
004945f21c5da448313ddeae50dfb2f4908dfa4c2db67be64ebbff4dfff2ebb3,train
005153fb43f49be1a746d5cb9d25b437cb5b3083fea8566c06138d79ee0bff8a,test
0057f5bd9a74631b55d0b392410896733d5842270e2fbd5f5f5a2b4148f56090,val
005a6e7ab8dde5e1b7d2b048e0036d6f6c1f5d4e6d66448e7748136740a4e2c2,val
005b1fd5a9c1fcd339b84625646f05e59f477674e846ce1c76ddd9f33feb14b6,train
006404cf2f7538d0ea9e8bfbcbb5e36563f4fdcffa95354bcef39e2cb571e991,test
006b37f07c32996342eb12efeffd8f26059eb4e1044ba2eae209afa928e2bece,train
006c387a1916bb07fa57012d6e33ffb7cc9a3961df057cadfbe7ed6829f43d27,train
00762085e9d16ce26643b98da4cae4f6f5df93cc06abe7363526d8a0136f66ac,train
00794f0aff9ce3e07d1900c7b2215acec38d4ea1832ea7f20bbe20dd4b8240f1,train
007b2ca7afca7ad8768485c01755a5112f41c5bfe42428102863859a40fb48f8,train
009d3165a4770349907a8d93b3f69efdfad0e0622aee62162318ef106c92a596,train
009e186883b4d2efb532c002115634350218ce2f1ed274cf12f73a28cfe4856b,train
00a419b26e730751916ff06e7b447d70b8aad3c8e67e75ae1d5cb0fbacbf7e13,train
00a79df2d0245f0826e322f16e6d1c66b093477acb29924e3e212fcd1c191701,train
00b9ed0fceb58dfea5a9310d391f7e8dbc9a3f646b43512cd959b5fd94836077,test
00bad029d2bdb3cbb26e954fd84bc96157b175468d61c2c0d2ad6a513df6c4cf,val
00bcd82a87b1c1337cf0243f14ad8aab07eafec627d335193216c6924766b25e,train
00c169b1ef3db96f36488eec46267a9a7e7dd6c6ab8042eaf66b68e516ba956d,val
00c74ac305038e73b0e14bac7cbd74c0d780edc4ebcdfd267c191d6caa48ba41,train
00cb2293e151548d530284fc21dd853c92a2ccd83eb38c0e7f4006fdedb0dd4c,test
00d0abeab26a648702a91d2f665a44b71d32beea50b716ce267b47d23a6a9f62,train
00d38bf77cd413e4f20469c5327f8e609455fef6aa368f644b2f6bb9ffee3c5c,train
00d759ecc52ac95cbf62ed7eab2e988b64c92fc194237a9b7329cc8ce55ca49e,test
00dd851b5db10588e902a4b03f839e7a0999b0c68108f4f6c45a4d302e01c200,train
00de9b09600b893ac6a240ac3d23beb909a9f321565c10413415f7fac7bb3f40,train
00e2bb4eb3286c363cfce2a15561809916e85f0fbbd429b8accb3c520a051a73,val
00e340712554f3eadb94e6ea215e2d340115517513ca56ea9d0a30708a851d09,test
00e4a4bf8f59012551a399f1c08097f16138d4e87c7e23005b5c6e359a7978a5,train
00edab33513a4c48e154ac0da3d351956b476abfb595b92d0dff8887da011630,train
00ede197b93bcc4f9ef2c05b99be410981203454a65ea5dcbc47624e52d14206,train
00ee80226b1bcad8c8781228df2a6a4ef95de40c9bc379ef9474ef3d05078eb3,train
00f01568edf9ffc6802dac54cbb5c72136b6bd483b6fe88790da2bd63bdaaf4d,test
00f71ac1e523217c7051489100ded3379ce347de8e5d4ab7e07488c4502f267a,test
01004d0d7f8aaaa0d64d4bc1fcca1bc1de33d09ad71b481258de1be989c618de,test
0106e024b4ceb318532ed84257ae8b1e2633012ab3ad19f393842800075f3c0e,test
010a3c8507e07d2e2b44ebdae58dbac0c0d17ea29de143f0e9f4b28d00d27962,test
010d0e365f066aa9e97db3dd46c6e73829718580a357aad7a5f40b1e196f2a39,train
01101e841479ced9038bc9c24f1ae9f3ba9a14b1d2b5053757a12c4116bb3176,train
011277854385ddb4124251d5833ae46a73531d13be293acf38e14b7350da454b,test
011ad9fe89039cc9dbb7464ce33867f9c87b13a9755a1b75694b8302f4061d63,train
011b55b6070e6f8d9ee4521d4c9d8687a9b1dc242d597142a8b0b2d3eaa19b16,train
011b9b53b509573d94ae72a6bc5d8d625cde5ea2b3fe8ee77dc2217f1b7e513c,test
0125ba6b66133978d9195ba89fad89f57452f0c8571ed9980c90cf464941d3a2,test
012807629b71e56110dac9926cdd8ea912ca428dc7dc4c9569e200c48d7fd65e,test
0129bb4966aaae632cf70e18d6ebe225707171f826ad97175ab122da571308c5,train
0132358a41dd29f61c15a44e23936b8e7bbc2163a3d361fe66c63313e5904043,train
0138179017de876f2fd0de3c02c6293cc15aa8db56bf07766e969634c4ce2807,train
0138bfc8bf55b55fdd94a54fcedb2f7162d8c4d03a2dba0b144e18730fa6aea7,train
013caf75e69917f1e7bf719fea909f460f617c0dc256ba518d74ca2ed308d670,train
013eca11f5d3af2b107eb20f7a71ed876b289ab47359d762460f0181f63c423b,test
0142aad6176cc71fbfd2e4283a5d7367fd91c67a34276082452b8c2848f57ac3,train
014723ac6323a6f534b96d2897f741d1f9a3df11f4dfe059a3eb98662d92ee21,train
0150112fb29ec6fcab6c86af47bab28abf415d40101b7495aaaf7e517aaf671e,test
015a4e7ec02e269f5f150bdaca5bdb56066bd0d92270ba4bb34bb5bfd64bc824,train
016237c46a15f1b6ed661ce3a924360801b54cc45c549c20a97f7e23eae3f9b4,train
0167e0decc7d997aa564b99397310ec384846dbe9d86a318468cc9c43b0225c4,train
0168945b23ae3f548bebb34a23fe3b737ce4f3a810aeb916c9d831ca56f782f3,train
0180ce1999f5dd5aabfd9fa1485d3cf499362b37853e5062f9aea9a1a48013a6,val
018f6bc58d725b461c0c2150718800eb413bbaf6a2ecb3267273dacc3498e0aa,train
0197a5bce42d540c163f373a6e0de81d069c9a9cb8e1572baa015d06ed638120,val
0197ff95b28fbf90ea4222935e755f5c8eaf19c0812271972a81225ea6986e03,train
0198ed05700e4894d533bedd4b6d78e9bcc3bdc4e5fd0714214bc75d499a368b,train
019cb37d74f3bc9d826e47711351068a1fd54ddacbe2740d266a3590e83d531d,val
01a99a5298778f45286245627450f547386002f12823be0c09ddd35fe22d99fb,train
01d4b8558fc4d939d1cbde335241dec80e4a08c4c05261626fc88d24dfa89e56,test
01d7ef7201849f2aabedd68f51d56dfaf900a976a0271406ebdddf812196c0d5,train
01d848224113cb27b6300e518ce9c7c4fed36db01fc57337ff471fac221d2179,train
01e265f4fe47c43324bce577f69058a7b57a139946218ce0f4d031808c33a4e5,train
01e7b99dec1692ead5ac149ab73b8bb529df9be4ca8013ddabc3c6c98abdd4f6,val
01f4b501ab3741904827ca562d593ea1bbbc0d2288f06eebec7e99a31d1cbdaf,train
01fe835d063c61d383946a1a8bd7c67544a84de35bf7f8c4e27f7b2331a72999,train
0205b5f8ebbb961be88af9d28b78745bfcf05eb316c51b5e6896808da9950937,train
0206b553f3fc30754b8ffbf4665e3ebf779b25de687d3a0638dcde18a3c304de,train
020fecbdac262eed11dfda9c63a27d8f7e9d338a6df6762daaa85631ce4909b1,train
02132468edb0dca688b9ebb66c8e85f6c814dcad30dfa394586b78a7f3409422,train
021b5fa77b9a90ce688026660fc4cbddef4e407bef2e5258b8cda50e9285f891,test
021eec47febb88c69fc863cb33302f00e69058f713199a8b332bddd39c2f113e,train
021fead59e2b2962c77563748337797f52a6cec52ab670fd47bbadd1184c4191,train
0224a44b228b0c1cfd7b8ce18bd87d986dcd0189ccd420aab9b0c4fb2a258a07,val
023424cfbbc0a78d7ec326638184d0249660117b2cc44d8897628fe26669da55,train
02345819c6ce9c4afc6260173aec452f4570db3c900e42def1e762525de033c7,train
02378bb84fcc2682b9700ae99eaad6e1efcc6899311a149492c53b20db95928a,train
023ddad53deb2f4ef7f501690f8a607ec8e1a55ebf1a0f3e116275fdfd84c031,val
02402aac34ff9318820be9ccc97adb5f71c24cd11abffc3414fa7f357d9d1a73,train
0244cc779c9d56c368b55029e892e69185b25d92f4a3a6174110fb268b154abe,test
0247f89d2b9ea33b22bc09611b7f5198f2252b0d62f7b3c09599e1d950f7eb68,train
024965c06195eb49edc9cb2be98b106452f2f11077a6da704441af9fa45356b6,train
024b7aabf72b82653856224ba39575e7428314392c6a598cbd88d6a8b734ed77,train
025681c3a2004118a4eccb5410335ffb4217df4e33354cb830cb355a6426c955,train
0256e896a12562d5818e66e74d3e70f3c92883a4783d065670251e9392464dc6,train
025825078d052c5e6e814f81acb536a2a7eff464346c6c29dcbc1f8645746215,test
025d71d8710c34291d544f6801af592ba464cc11cb12c7034084a80dcf18763c,train
025e614e68dcad7d255890d73a4b2581cc858922bb25de228fbc967a58450d68,train
025f1b917ec1454404f0d0d98bea525dfa98a51613f4f851eea7bdf7a9d2a478,train
0263a16a1e7f377b4df2c40d3ebc78bab93ecf9fe39b02f9f6fcebbb9fbb45a0,train
026d86020d30fbffef2644b47b85f1f2354b6345474eb43c3d626682aac29e90,test
02731aa04756bef7686eaa25454a988d6f6537af0b11376a6e29f92113b5ba76,train
02747ffe87ac7027ed3b97e36e076b3fd3cdd5ded63fd96edf3dfad83aa9da1a,train
02784b3732e4ca3b9cd23dee997f293f0919af087dde27561803d6394e8ca904,test
027f2e03e2d4fab7bf02a9b5c4b79b4adacc6a02bbaafd69b523c3ee0d81706b,train
027fec01fd48412c5f89ffef6267f82b19530fb5fbf41835d5b0b807f848a3e7,test
02820ea4f8509de03c6c4a79cbb102c555ff69ad85fd2fdc65ef7db515399da2,train
02824cb063313b27b1b30a2827656dcf7c1726d287dea7ce59e1984a76aa88ec,train
028aaedfa72d78a88fef848c0210b791829fcc308b1e079df51d8eeddd0c68ed,train
028ad7c2be3d91cdbb9072d6be0dbc81238cc3e6a748ac2d6293e9dc81ba3091,train
028c2b9925978eb08e14324ee4620ac26fd7a228d6dfb2dbef0993cffda1396b,train
028f6a45a2f94c50225ff7265431bf53aec53f165c3d9b0fb5a519b3e8707b47,train
0293f7355ce6bb1aa2bb02d93228622c2d56d5353757608ebf6e6e299bfd8b0c,test
0294bc750206ef992e6a297fc80a9355f885348a7d31b6e12502ae42d0c80844,val
0297cebce4d12496bda440486499d430af43b17676db2f0a3a63806d78d36be6,train
02a49b29443f9e2e80fa2080da840ce3290c135c239e4b267dfd75f1d9b06805,train
02a976b256d684f75c6ea88d11cad4a8da9cc12ddac16c563a051acb936147e1,train
02afd4a051ac67635732bc1902864e292a837e24ee6e3538eb2c7289e74f4117,train
02b3cf610277dbd91f7f132a0914644322eaa1b7aeff3540c8c65f295c358e07,train
02c4021d61dfb2303af4d23e5f3b5cb614526ad823d3d265e35ce699717a9326,train
02c667dc19bbd43c8b6facc5217e0b3681ae7b36e35e146d847af53efcf654ba,val
02c9bad8952b0e03014c70c19064e58c1530445cc56f486a875c658b6fe8f46b,train
02cc1fd3989ea1ebd07b3f1119e40a23b4f1888bbd65566057241595919bfb09,train
02cc2ec1ba65a255585050fd5a831e36fabe81a6ffe60ce03fd18f440d174cbe,train
02d70cf62c2abe6bde93e0a00f09e8592502a2b01bdf43ca994f078a3c021cbc,train
02e58c52c2f6c271c03a4628ff177d79de3475baa34f20497b5832ec1d5412b9,train
02f18eddac940fdea8ce7fbdce562ff9e9a74eab2d924a06c17594226242c2cb,train
02faf97231b8d77869ff18acbad1318266bec31f3376c033ed53204403e99c31,test
030010ba8d899290bbb5b9bcf6d98b9d02d0f06130a2cb8d5eaf6233493a8769,train
030062acdf6ac41a07bb162128d8f1597c5df37750356121eb7bbc64ed8d8757,train
031543d9a57dee3bf5def3fec2aad685ee6b6e6fea01dff5ced5d98838959e78,train
031c976f6acdf63de7d0a009434acdc38a3f80bcebf9f9ce54e879b84ab381b3,train
03202b9e0fd4d3ada726935f6055be5de75d91f626df42bb08a54cc31fef070d,train
0327c0b1947ce332100a386b64bbd0fe62b800a095cde99f1970272fb4aef322,val
032accd503fa6868517a2b4b2e492bea2668f5adf46c69b9744f568018901b51,train
032ead6af631fa17a752260f9e62467d5a6d6973a6cb30f2b0e09564f76359f2,test
03374bf561a26a8aa33823fff1ba316bf15d26a1fe0a783d751fa014128f073b,train
033aabaea8206366c2a5d43a7ccd9b54574be33eebea1a2badc4ebd59919959d,train
033bd06e6ca490567169827fcfeb9f7d09585e75c512132a6c87ad903a8357ab,test
033dd8594d5fde723e73b9c168a91f866208cfabc84bc7d3dc76c10bf519bb47,test
0346566342a5c468ca8eee2f71d633701546327eec0d3d9d6e82b72e01a389b9,test
0348ff6788310c1a6d19b668e0f54e2aea3fa22b0f0ed6046473d1f3ec48f328,test
035e1882f1f59b987e52551c6b92a75e4115f858d01d90fc072cc36816085074,test
035e96b92c4b629bf86ea8708ac6b04c815d6f193302790230e93e4e02a63fe7,test
036106fff6c881739a5bf1174dd1dab2305f878a0676c9a7fefe7952c64607d4,train
03630c9054ea123d75fb731d5c8393ec2f913fc1919edbcd44f622aafcba8b46,train
036541f3904748970ee164b609a6de36532529da58208040601335a4dc87be0b,val
03658ab3f64f130b66c9766ea0c5ea3865ef5e4f729020f80b85148c79f1e5b2,train
036c8b51c7ff6bbbb6e4643647278ecad5498919251d9ef548906567f170bc41,train
036d66811a10621059d50938ea93ef2179bdd45b03727fade6a92c48683fee69,train
036e11ddf0026d868a693ea4cd93cb4d704afe4b2fe320414334063258167f64,test
036f1e3748de26aa30fda2843d33e95a2f3a35169c240a8eeec3680515031e6b,train
037cd7bd5fb5974008d646ff9fa225e70fd5faf8698721a08d5830f069c59d92,test
03819128672d0a770a48f1a708f97be80eafcfb2464599f1e7346498aecadcf8,train
0382ae583be5bdbdc09804770fbe9e744213479ba8b7b68dfdc011a97d257820,train
0384d1d67c2230facdbe798efaebad4a0c40eef4a017c999c6392c8dc656c8f4,train
039028d1d9c4c29d2e227347a54ba92fe1ac1be38c956b12a8a4489a74c0152f,val
039535fc306afee359ba8a61bc36f4c3266cd2e23189a3dc33e09eecd8329d4b,train
039a16fde078c2929e1863bc9a213febb8a8627026d70ff920b67c7e16faaa3e,train
03a4e1e54e702a3355207e30d94041f2c262999359bf7fe9fb0b1d86d192031c,train
03a95853a51bac8447ab684786dc816f55b7270e21c03763cc5094dbe53d5742,test
03aa7c23edce774613f8c992e351780c1041340807d3fc8b349a8d7d01a83f3b,train
03b4160d0aaae5e87e631172c70ce25080097116010e636efd7d4644a81c3500,train
03b5b15aba3ae97edd43dcfab5b1499748d4e9b812a3d0640bb076315288c976,train
03c0efe846041f467419dffb18651d944902827e9b082d11244f084969e9d499,train
03c12b72c51160f96d4ce1fd63fa1681c338f880f06db6c6c764fd3980fba0af,val
03c36253b9f04bb74050532bdedfd450f3e4dceb6507f9014e082960ebf28f26,test
03c816a69fddb801f88a53ec96039343dd6d7918a62dfeb5616148c3d5a24357,test
03cb85b95afb9fab35680fbc0da84c1f6ece193cf444353ed1607393afe08d5d,train
03ced5a22bbb88bf05a56947e0edac41254ac84fdd3c8efcb368f48e7ffb57b8,val
03cf2f7f044c02b8a25f78b7e46de61be44d1936a32574d5656622c0a5081653,train
03cf3fd51b09ab8614bad5fd9054d50657f2820ec72ceb11fbbd6ad36a17a8e8,train
03d0f8fa58ca78485f683f5b7e22bad42698470ab8dfbea1ce9736facf8e2441,train
03d1a63bfd1afea1a396b45fd4272f0b2ddaf3856ff0ba7754b5b7684920e956,train
03d54449f7e6f2f70dcb8496bb17b6f3fb7c85b4de8f7e131f983eafd21b0271,train
03dab17439c8058b3cb64d08eaf2a73885e1ce69f324880ac2b49874d01f4e98,test
03db4e85c643ed72cf4f577917ea42adb3da46e653c050fed36fca3aa97b0763,train
03dc21b71e8e237931e3c697fd1f7da404e95c276e2f06b2ea6fc9eb1f4051ac,train
03de2698252749f955186f4f6ffdcefb561967f6de2f3d32c2f95ce89f270b2e,test
03de7010b6d79ef24359c0f2e5b11bc5cda17d55bb1dc4873d51dc58fd624b34,val
03dea020ad5f6b40cb561ff8e30bcf9610c34f6cf4da56e4a8b3cfa91d6fb15b,train
03e0eb849fdbb5bf25e2628994e2c3c0d0c6f9a98dc40e3503f9838027d5ef2f,val
03e7772b326c8523453caff1bcca2b504c36c28f2f019b0626b0c9259ce0fdc9,train
03ebb5d9ac857798e315dbc0746f3173ad278366ba895bb93f1d30b49dc6a516,test
03ebd7a2b60dfdabb1cb62d842b90136068517296f125a49c42ca0e36cbdb1cc,train
03ee7098cb6ea82e2911cceda859ac22394e02fe433c6df1fe702b444db3ea62,train
03f0df42c9b051d8e03d3905b255a0440251f53a5bff520057036959ef99385f,train
03f34c1644da1968760656218c7f1d36ce13201c286db7229a21fd2e40f2f61b,test
03f737f28371ed5b160f51cbd46210287d5e6d8311f6e7ee8af28f2c80778039,train
0409343b34ed288213f895cf31f38e2fffa2825a6cb127e36dfa6aded2578cf4,train
040e2f9d884f66abf241e4c5e9c016d1aa32c48c302069124e3d4b50fda7126a,test
04127cf3685b3fbd0e2ca860a5885ef2d72a279bc3fc167152105176c4525bb1,test
0413fda7008056b21a5b4e19aa4f4a3486bb422b34b2c98864cb8c81a198a691,train
04163917ce568e1c86f3995af996a10af2096c39d589716679b421de81b1857a,train
042a3bc24be7a9f742430f84b263e95471846609ced5a26f5dbe35119ecf0765,test
04341b255aba6a33be687ef5a6d0cdeb49e309a89ba3c772d828be06dfd5e864,test
0435dff3e205085301d9786f5246fc5224b5c320b829ca280277be2f655bc719,train
0436f8806f50c2707a7311c8a9c361fc552293eb349c50a4ae5f4c233f9a4385,val
0437cf9b867cfc30f0a4be520e52ff7361f3468369742d8ecdcf8affda6903d1,train
0438a424a96ece8cac51ef29efd6038c6d0139e4d9a156b764c671e349437a0e,train
044c02b07e82d38477ffedd79c23025583d4fd772e8bf613da01a9fc3b27e8d0,train
044e8f47e8095e9ec8434640fb7b6352443a4653f7ed0a5e35eeab0a2060ead9,train
0465330c50c2ac194a83902b82d5dd2e6321a374c03cd584479137ff4a8aa4bc,train
04690c39a111003ff3e678c77d2fe40e235b63d0252c7ea5223406289d053ee1,train
046b44c2df94a834ac6f33dcbbacbff8c487b0259c318d131520690a189313ee,test
046ea535a32458dbe9ae1d5a5521009847c2ea20752cc17e47c5c64821642e17,train
0470c60d73cd84a53ef4b9ed8f694808ad371437f54181be6b93d851944d0b78,test
0473af5f4a93593bd58a07bba8c3ed8f947d8059b20bd52251ee80e3e3428d23,train
048ba26b1666d1d649e7c50933131645e3c9946baa680bb0c4943044d82ba11c,train
048f91720fb44b714a46dcf5034f181e6ea01334c4bd6c8a6771df8565651df0,test
0490759e4f950619cef56c4897e4f7cb72b56ca0e387935f8e928eec2e89311b,train
04a16812e8f825677385c3f37ac61a16678f1502372a2e916f39b8190e70dd54,test
04a860d38e183f5f2f1f5fe37a64a4fc22876b44af7b5a68a3c3079d503962f2,train
04b13ef7cbb37ee2dde037f6473faef66bb5de59c93e8b2bb32250a3a43a9e42,train
04b3e20dc6755c727d26ca6a97c8fffb12fbcd298836d8cecb6e9d361ee66611,val
04b52eba80772387c60f7c2ee03bbed3b8b8337c3cee1e3e3b82ddcaabb6b8bf,train
04b62103aefb6f7567323005d51f8edb66808888c4febae0016655c2d0d62a50,val
04b98aeda017065f78f349fc794b89c70716bc7d432f1f981c6862e9b78f0b07,train
04bb186887bceebc8ab2117fd56e401c12ffc5a2c0d0b7977e84c881b1741f3f,train
04bc1944eeb84ea7acc54f2b564f0ff6b9ea4042fae2345583f3857da87c6705,val
04bd5c350a8a115c19ecbf6cf45d157e9573aa5e7808322cc282cedeaabddaa3,train
04cededa96c038814a64a0aa4a28fa2ef0df06b2b5a2a93de381fdb24519f388,test
04d294056674e78f27e1e9e094caf296a7e9a588f8259170e492e7097be275f0,train
04d29f97b7dda81293f84768d34ea074f742f0de1b367579816ff252342105d6,train
04d33df1931e30f3cead1665d70c1b9284023bb044fe90efb2c66ebd696deada,train
04d7b684b4585cb40279a610e81bd35a5e230585c8b5681aa0dfa1143cbf6471,train
04da825a7ddb57c45d0906f3da8b8c50a64e549a2a1f5965f441fca0b7ef8a11,train
04e27652620f1557bf8313cce623f27bd43ea1cd31db0c369063f600990099c1,val
04e9ceddb7a0d9d7fff3366e8c520de416b13bb9b1f5ba6b87c17fb5c66806d3,train
04f88c4e9c305a051867f1a364bd026e922a4d495463e75a4f6ba9880a229f70,test
0503eee5c5018e148dd9a8166f0573b1de65d5ba6cba5b01ae168b16a856443d,test
05115c761eff286ab66bf9c13323fedfb240c40d03495d5c462e13a2bd308aa0,train
052441ff170a2a7b6f49c5f0db32db4ccb561d801f29d13bbfd2337598edc3a1,train
052ce2e22157983aff0d2013bda8c08236e3712fffd44507c5795acf1295b3be,train
052f449c781aabebe77e6ec7b4e3fccce627385620564b91edf2d1d485d0dc20,test
053e6b86ee910434702a6e2e00b97f33ddae153a0845eadf24d672fb3ff5fa69,train
053f51f0f3874d043a13bb17e63ea538d3067aecf1482202c97c9d8c1d0a6944,train
0540cce485f3d259997eaafe6d1b3ae7af7e465b2708a221cb60968057c42b42,train
0542ff293cc880a75668d363eb03e68cb3757ad97ed212a9bf740d9dcecccf49,train
054e082ffaa3c7af2043e472fe6a6dcaf5c9dbe77af9e5798e2906b07ad3d877,test
05543c84c21302fab5ddd1d93e8c3632e9b345bab72576de969535f1df39db0c,train
05560d93989f2cf350e2791921265b5e9fae26ba43aa3419ffb737a8e3c33492,train
0567b47d98f88b6e9730c41042feabd258a795f0d9f954dac8b597c74c3ca2ee,train
0570b9160654ca1aca456c3f85649f976d472770be9d1665e0984eb47fcce9ce,train
057d13078c5378354da81940a4f5464e0939568214e9dc3feb2fa29c097efc36,train
057e747bda9a194008acda19cb5d154d7195e49c53cd66b49564b45e304e5e5b,test
05812b94f0adc865f54ef1ddd009432cb278ea8d91693cf4b1d676a72afe9186,train
0585d21bac9156f62b49e77d2dd1d68b0f5cd086832ac60e8cccfa64a5a46b8f,train
058db8baf39b153ff4840fb73dcc60e3d9103711aa1f17ff4172d208275655a0,train
05934897495c821b06424f1f41cfff8819689eb8e1a661cafb9fe1fa032e68f5,train
0594b320d6525e7bc0fb20bae4a61eca6e8a67506da0ad306555d21182b9cd96,train
0597c5e60ed87b98533b00fa784dc57685f5fcec652bdea55210a82db3963f84,train
0598b8e69802fd1f61c92e150be3bf5292622180738156c163954fe2f93fa386,test
059a185cbe3714f729a9137bb1b47522fdbe685fa69d523c741d203a769fc6f2,val
059bac9856a80d9a84c1996d2b8e5d1acc3bc841baad2b4241689bb9e3115f27,train
059e7a21372183f4fd7d7b1722b31ae385ba95d9c1dac98677d1dc912edbb2a6,train
05a17fe475ce3d2c237927a7003439d1768007cdff4a119b54ee1c940b0eea50,train
05b5dad1afdded48399860525687ee649101f241aa9ac8bd92f0230a35d8f422,train
05bf1350d01626e7217e7fcb91397ed36b7e150ecfe5fd9d4235d1cfeddf6a2a,train
05d6d7ed45ed2eb86948a9e258e95bf13c2c247672430070bf085e32fa096548,train
05d9fc1e3a5d66f5104467e72fdcf96b0b538ee6129c370e4f5a41fb32efcd64,train
05dfbd91276232e724022ff3e3f1b73734fdf0b986ff722284e51a0ef5134a17,train
05e24d712a6e5cc34d607e0eda7b8dcf14ed627ce4a7335c778b51d7ef7912ed,train
05e25132f8894fb98ea2d07e06d765fdada280489c177bde1bbadf56254fa578,val
05e5e14da69cf60e620563622a4eaddff1594669a08681f699453a511ef1d66a,test
05f077797d1399be16095b7b6a08a44067fa204a74e32ff6353b20cbe0d2d6c6,val
05f2a56d765136895bc047b0646affc75e4bc94072c0e427aa09b121b6d1210b,val
05f41cbcb55b09f118c2115e909fe283e2c1e5161e8a4082a2d969d32a0cf55c,test
060ac8a749f201af5ab85f45fea405dcedcf285903183b398519e1ad8a1137c0,train
0622ca8c4edb6ed9e22bd39ddec563e54011abc93bfaef90e7ee7b18946ffc3e,train
0627f7f67be5bfef4ef24057f8ca2696722861fc6666c3f04464805b27ddd155,train
062dc6d436cef7124fbae9f7de706f1a1cb12e3f32a391943d89167b4d6d91c8,train
062e1f9950b1bfb7eab927caec9e51b3ad14466e52ddd035f07c0a3755f31102,train
0632470cef8ac18ea86165a1c5d966c9e4d488092a6d3a6393ffdf9104153c02,train
0637ce1ce0348ad9dac965b5393ec3ebc99af2f763d0ed66b03344df89470419,train
0638c9f945b8e964cc36f1eaa98989949deb149d3cea78f1e9cecde3639030db,test
0639c6689db1902b4d27cb58cf4570040e6d43da9be1d21a4e7dfff117e1abd5,test
063af2015149db2fa6ee7dba78a499995a183093ff20d2aabea2d952ccc8c258,train
0644224afca5e77ce8aa39c3f59425f215ce2e020c35b891c2b1893a7c3d8840,train
0658adee9244fc9b49dd8d7ea534aeb093498aca26be1fb23623f2e61641ac37,test
065cc5860fc8f0f95d17e523d959ddca0d5769ff3e2d37b6c2fea373d627fbed,train
065f0ba42e49ed72748a83ef903801749f053ee20770c684a3992d1fa2e1feb3,train
066713ae188eea517fb0438909ea85ecf2244b316a27788fce97bf8471c30cfd,train
0669ae2cb644232969d2504b8915788bdd464d033d84380dae9e6bf80e626096,train
066dc92e77a6e36bf0d2d854adff9ef965f7d7d99838f9a8c37cadb530b8ad51,train
066f76583ea4ae2b36d14d1e3372d910b9eb662dd81b3dad5dece9782b6f5f48,train
067c9030e14b2d2340d95372561cedd6776cc6fafe43aec30d5eae0ff65b0760,train
067f9321cd9ac6450b044faf10219a00b9c01ef32ac875395da34723ed59f286,train
06842869f43f9063a7f3432e9f84d5aabf21f8b3391f18dbeb84024c05f222c0,test
068a96a75ccf4c39f26fdda234b0e4e7ac3d8a3ef8f4d49eb9e029447e85fb02,train
068b2bdaef981a8a00339c6b46bc1c086af459b492da9a9be83ab3831e839dc9,train
068ed89d30ce0e144b7d2e3ed2fb071c8c766b7aacfb2bea58dc3310fafdf802,train
0692198b8a4420b373ec7ffff60ae64df69b451e7c39a47c7233c13d453ecef4,val
0698cb6610ac5f38c1edc5f29623ece9c3cb45c9e997a347008abf8db8242ad9,train
06a4321f28a1302b1bb5b8f1e179a081b61c31c25195eda98560bbab4f2735e6,train
06a53130dd57c9625b7ec80c73d6f7afe12489e5a622e87e311c3457cc88a64f,train
06a6da0981ac0626058f3dcc1a89035623ae6d8a855684adb1b3b352d8a98088,train
06ab4f8b754c09d58543be8c5e4bcae94ccf016d9a71d1d3b175b826b884c07c,train
06b272c390dd0562504707f5c13abd0cc8e32cb46e28f1d45dcb4affedcb6469,train
06b7edf64ada8a090ac2ac1b7f928060c8652d2117215a034ee1749203c83ba9,val
06b89afc24911a587f35463ccf7c1a22f5aa5b63f3c81113aed0a7d476ac4d7e,train
06c1307827965c8d1c3a58380ae5cb2e7dbc23281c924704110cce37db143ed4,train
06cb5ace0be98afb6b79a3e15c7e55e4d80be572adf00dafa6523df2361cfa8d,test
06d17aad5f971348ee83b2492ede22a530eccb4dab07cafc40b54c1fb6f39db0,train
06d45add41782978e1468690ab1076b36ede72fb5c21bbd731162b14d72e179c,train
06d58745ab721aab508b58942ba24059c45aa05ce312646a7c9793b7cbf7ca45,val
06d70f128777f6fbc848a115cb27908c576270fbdb0319bda5edd6524d777eb1,train
06d83b609458c6cb0e69e21b552117de795dc5d679ffc795e2513d71c6391772,test
06db774c1e2bf08bdaa369c6bb83271f8be648afca122070beffdefe9faba7c8,train
06e19efec0f88463dda3fa66d0b811af28ef2bf5d7c58b65d2ef4bf295582af5,train
06ecff4d40fd299cb4c17c0e65363eecc37c50e04c157a38b7831fe6bb26b5fc,test
06f00d70b875f68dff3d82f3cc0d5d925beb2ecfc0abd73b4cb7638cbe1428ab,train
06fb721edf60eb9dc0c123176379c6345f1623430106b93c2c915d474b9c1272,test
06fefa3c85449ba2ba4bc1dd97450ea893fa4e240335bea4db108d18882ba6e0,train
0701027fe6732a80ef7b8592ac188e205f2d490d5236baad0df6c7c326c08c2b,train
07016cc5707a31e6c368c4c13b0b91282b27a4629fdc76b04ae97f56ba929ca7,train
070267f15ce4eca16fdf4ce29fa471155f7934bbf67137a9e7264b3530d68e1b,test
07126a327a64cddd3ff43c631d98483db1df9be86ffe2b8d5fe7af2405eab6e3,train
07143d1a24ab9db3639f463f1d65e85c62637887fed4c55ec23c5ff8260e1495,train
071b0f52773062c88391b446579383055b9e237e8dbb511aaa8119212d78d179,val
071d27b0e4e766c3a940f9cde75c509d3799c2932754bcf925e4c51871ed30a0,train
071fa15a6a0bd994c21996a1ddcecaac1c76d5f68b89f5233284d613eab49f22,train
072137f4212a8ed25a48ac92f4f2a7751b0fccc19cf674f740463c1655288901,train
072423e4590c9429aa850d4cd117036713372c7a075008e67de42168f076e93b,train
0724f2875c7c7e5e9657a2b78b1ecb31377e2b6691bbb3bb3187e980a837e988,train
07255cb0e79f3a5c066c2eb3950b323b7b25fa357b3e5b1018e8888db3630e02,train
07373b124e7dd0014292a2ddb597b9221960290eda1554fc541c7d84e86ad9cb,train
0737e37f4b2e444cb9b07e9da7c606622721ac32825be2b54c6ee12630009a11,train
073e508d85deede226c32e8072f28493a1e74bce0f925d1649512cec7ea3aec8,test
07474c4982b2920cc7d9e0011b90a211a63914166c73e1968f4c453e13c133a2,val
074be9c924a06a3392440ec06dde98d6e46fc4f53daefd4fa748f476581c26a7,train
074cbca7e0c626880cb6abdafc23cc4463759be6cd6b24c76a7ba7f5cd87ac89,val
074edc6e80260bcc946fced467514d09de4af42f958ea87995a8a14ea346d32b,train
07551f0e5efbc2e195ef11458ec089fa10cdcdb383a762a3486c9553dcc0ef48,test
0758b4caff540b990e6d0e053a60e2c3c96927a3cdb2a8e65151eeb0ef3cae17,train
076607307ce91a7eccbcf34a59be5f0dddb7f888c6b5eefa1f07580216eaa018,val
076ca390cd503ea535bb967949d5fca6c8d34f8e939e9ffc7fc827a68d511d87,test
0770984378d6c57aaccd1c44c109dfa3b774498d6102614d5681e910183a9aa6,val
07753e3823daea2a33a9a0a59c6ee1729c9160c02b4eb516126ba1cf282c6e64,train
077e6a5e3288fbd47ca9317cac379cb703576cc908e5b423bdf5f973fbf8fd74,train
0788841b35c4b50fdd5265712c2fe0e12c7ebcce3602c33db0cd85028c114c78,train
078ed6b79ef2e7c16f320695de00426332ed812adb53e98415ebe3cab399f00a,train
079d8c3675bcb9114add988d85bf14dd7cc8d807dc438a58474c461fafa4ce57,train
07a3fd5267d645ae90dab2443efd92adfc13434d5ab29b7237329445ef23a9c9,test
07ab8a23e90a2a1dba4726b7683bf011386c0900c1c9aa26e29fb1d3aa77a261,train
07adc62b674ace7cfed4a85170245ee13411b0ce871081ad7b933e8240c43bd5,train
07b0322e89578063364522102ac94c500002f9049704f98588ecd65f91af3e6d,train
07b3bc1bda90b86d2a8f0d628b633d9f3ff540a1ba3e63f030b0b86e3bb94b24,test
07b9386e3f95043883693ad44b681ba23b57b8ab2348777fd03e5ef62fa325cf,val
07beddfbc85850890a9924d332e41e7dee5750b9dc459a33ccdeab669285d4fa,train
07c0ec6b79442cedf0d744dd4806320f73c1f04e170cd40846e5477f20be5667,train
07cc6855bf0d03dc4edcb9a1fe4474aa2f4d55901b0fc2ab805bd03775f00b11,train
07d5797e78c2f68d2c3c3c5e675f5cf58254dd7dc5f85a025316965d610d3f8e,test
07d985659770a8fc273ae72c4843410a4d2f89e9d79cb3ab715fe0231ea9afd2,train
07e35a39a6e419c2aae384b1895c8b6c41f3acd3fcfa088b8fc526403af0f20d,train
07e49d6dea99010f015dae43e8957d8f3b030378ddb8f962df861752c202232a,train
07f99f83edb40445dadb31d0c7cfe4092b0dfd113b281dcbf3f371ae262935e6,train
07fa6689445e9810b5fb245d4a10b80b448709d58befdf0748d837b99188325b,train
07ffa2f140a79e4cc0ba2228825f970f77f6d8bda0a99e0b36495e8f3be8cc50,train
0807b081a252a6f769983c5726b217568fa0c73186eec80ae6c119c53d23b980,test
0809c685dda82951100fdcf6f9f2a1d76a217cf1d85307cbf805ed5169b0a9e4,train
080f9f22d48bc026c6441e71a7dbc0a2d0c7c642b2cac19fe7ce8a38b5da3da0,train
08118ead7642680d9574b39640900c0b4b387a9b91612677b21a820aa3231ea1,test
08235ecf1dc8c5df5dc14dc38fe6022557842ab16da274331b2445207d733eda,train
08264cb949155eeb35f795c26f574b0d6c4ee5f5176ce037723feb674ac61f19,train
082ead341611db5c7d17e9706f60f4c85aa0f5ea32aeecc73a12e27806cb9d97,train
082f575d9e77975027e480d42d6ad699814641f7536fffacf541a33e0a605a79,test
08386b7e1f60a795b6a395f8facd28a3a7c4799b3daa4f0e0c24ad16a818e2cf,train
08403a1c50c917ff71fcd38530caf46bd4f9c564820e5a8303af7aba74f94adb,train
0849a6ec21e5f34b249beda8203d51dce153decb7396398d2ec9b3b80ddb0921,test
084e09077e85a8652ac3c9143ac26c3f2f880585324c9c7a119723491ba21008,train
0858bca50869e3193bb4c27d5fd2473449c7d4021a943ef0c1e5b7c4e7002a1f,train
085bdcc85e19c4fc7a6c2cf2ecc6af8310bd98e8c849fac791b44e333f4d8cb3,val
08635ec174f6a62d3a43369202d6bcb75410474d47fbed06af6c3fc59c2a10ef,train
0870025c8b621cadeb5dff7ed4f83bdd9dbcd058ef3429dac18fffb4b154bf5b,train
08711c80f3277df7293d70bebc9318d7af82adbd72b92bd40d221b92937f2440,train
0871eac06093319b502f524ce0dbc0bfb42f49262c4f1c1abc8bdbae12a75486,train
0873cb83641a443a29b6ad3516580ad4d3b673921540a3537a6926dc0b510055,test
08748963dd79b77f62fb8803b2f21a45d1d7c67eb8957d9ae9d2722b16650b1b,test
0874acc264a01975176af3a3b48eed9cb9a059e47a5ca1491b38f1ffbb683814,train
08752fd547ed891d03926002beb19616f36ad8a8fa12fa9b9825524544ec3954,train
0875e6bb9fe728e01eba2dec5337fc5982e46f230643d71b1d6cd8afc65c57ca,train
08762b51efd58808831d9149bf2f199c6a2f3e0b459510ef425d46f4ceefe964,test
0876fd92bd086e636ed13f9429456a47efe74af5124ac67e7adae815a909a39f,train
08773024704c9af06917d77e367520d8b73bca486c44adb33fda940975a473cd,train
087997ba39ae25412c02f0738b8fe270abcbc15a3b11854e0e8542b04aa43d92,train
087cec47f77b2f9798d22193775ebea295c91c64a04135a0efef46a7068d63d8,train
087fe9c98bfb8a271b37c928729067f4616e2c3a6000ed2a25f7ed853699f6c5,train
08808d8e9f6793bee142c082b5339092c0336b2fac6baba862a93caea15244a9,train
0885c86edcb6eda24cd52696bba7b0b26ded2a924ecfd0474c43b5d33f181989,train
08870b90725f81c5df265dd9bdb21f67fed5d2f8794c575e628c8640a0beccbe,train
0889db954d439c420b4934676fbe375a60dfe51d28fc83031fceac1208e072e0,train
088afd5d4b6ca98c4e344a7974d45eb4daf1b9abcffd7da5588fb8815f8e5f1a,val
088d00c5a5257a9be1ae6e3f49c8deb2e355ef19300ccc733c7aef9f563cfd07,train
088dcdfe931d242755f6d268e53712d5db9a06b05de104c289edca03b13bcfa1,test
08948f809bc16af4faacb5462e5277c0ceaf7253511f207d59c42c539156d827,train
08990bdb124b3776cac5b09a65a910bbc3fdf4b784adba0038e267d67db29725,train
089a3cf3de8d0711b63bc094149f5b5018a3169417788d53901661ef7538def2,train
089e301d639a48d96a9a5fbbd6cb4b5a120054206042e37687197bf77206b3b7,train
08a790e2ae317af60d083a2edf449513fd4e667cadaa64aefcd78ea7a0c0a3b2,train
08a856a1fe7efadc5ca3e7ae4d54132e351fb40dea282a131e1dcce48c0f53b6,train
08a95059368f06076b4689e929ecc983381642fb2434d7c30922c32b89c35723,train
08b30d2607710158d9e4cfc1204e9675323390f45372cb9c5cb92c50085641cb,test
08bbbbdf4d91120fe044e1e3b01bc7e0ccb18dc1664be54ad129aa512cb35395,test
08c3879753c70cae25fb481582e80a524d78e26f9333818c15df288d9c6a2ed9,train
08ca8d0d87b8d33a73b1cf3aed8a7e95e0b71c5234893b50e2b2143c2b37ee60,train
08d09e791248ed710197ad38425babbb6e97475fa6141f81202952ec7d0f1c46,train
08d3a2e2514b1ccaa1a530b418f2c08538090b5f0a6aaea620e8dce85b001e80,train
08d72157424eda8c4b9c50bd9c801fcc01cf4d454c8597e0de8c2acb093cbefd,train
08df734a551b4cdc37815c3329c25451bfb847ee29c799706bfdc52f54b1a89a,train
08dff15f7f50f1cac37195e96870772609d23348248cf8de30b8c5aa7aab1dbb,val
08e28136798d773f90945972c93078dd9658b2f4d5425c69d2254546e3f3949e,train
08e4469ad65a7cfc6ea972e966f302e7671a7b06d7bb026b576902122309c0ad,train
08e78d5349a0fc07ac1d5ed94f40db4be1a996700cfd4aac7dbc97bf914cebdb,test
08f0cb2b7991eb4494829224b96e65e9e25e98e692070deffbd71f85480c6f11,train
08f2d6ea3cf53faec93e075c2ad897beb2f3fcb44d95541aa91a6244594b0638,test
08ff43746159dfaf171ab899bae772c1d96850010789072dd3fc383cab3588d7,train
090114521c4768a62c3ffa73ed1f8bfd7156f8c54ef2b2a981490292351d150b,test
09022b64303e1d95e53a80558c443b63c7b0549777c868791b6a1ac69611ecd5,train
090521c6c1011154d6057d4ee35ff41293be214bd1abcaf9efd370bb2073453e,test
090525d01f0207b39d12a22c32f701899e4092df5d276d9e7795f52bc159b345,train
090b5786d52e65d6ad45087135395a2975e60a3de7c642a8b1258e4d332cd907,train
090f51e94895c6b8d753f1f9f75c1315e9c89788b45ddb0e6e30583a7fde4eb9,train
0919636dd64f3960fc6beeab56109c1373b5ee20f265d909f3950df51958d0b1,train
09222fbc88c99973b4530c357e486818c87f19513ffcdc31a6f46808d0fe0530,train
0927e0d104911be9dbe7744fe9a6a5fc8d0381a1bb46c87fe75f6c0656564ed0,train
092af4f589822341950f1945c3f76e56de9f699e7548b223c3cee77c9f9de394,val
092c681a5111bbd57c42aa78b67f8b7a52e9d28126ea54b584cde7264dfb73ff,train
092ee151a2b5e170d5250bbf4453079c03a8bd11efc6afaa6858101e3755668a,train
092f085203e0782c2867cb910cd67458ea8c80b7286f6ef6c84630434f4d4a28,train
0939ad08a8ed8f2ae08fe1cb34c6ababa2546b43c7445cfc8897f5ad1f707029,train
093a0a23e947520c4d7ea50637797d952754aa20ddf7a2c3542078d3550ee068,val
093e07d7bf949798b2b410b1b9a54f8fb3f86e922029eb6bd55f5c841d809040,val
093fa2f63b418eb45caacfac51aef22ad3a5b09c201183d31db98263792eb4da,train
09486aa1b1dbc84a400252f8bca976706c3a95375353a4577c22a6a8eecd5c69,train
094b26a214e6cf60d71fc67b31c71be473665d4c74fb017671c75f410742f80b,train
094fcad359632417ec1640532777d74e3351964b6b62059be1e182fd99608d0c,train
0953577b407a547304114cb65048dea5541a2e026826b420b46569122c854e9f,train
095849209827c91f3aacda84ff25b81a7842647fffa599089ad7b1c9ecd09f99,train
096108805a3ca43f7cd640e7d3ef38b7627d48f6a198ed9eee372e06c12c5ed4,test
09685b193503fc99bc05e483646756f65e836fd4a23c003ff15e0a169e2e92fa,train
096b49f39c2177889f69dd1fa0b97cbd0bdb29792a4ad7bfc9dafe582353904a,val
096bf60d820a3c73c02fb47332ac14ca0aa7f4a4dc9b06ed9de2d7257148c95c,train
098466cb70191f0678d52adf149508d93bd848e1e77ff84a40dff389b1994797,train
09847bccd71b5e1fd46c41c2ef01aba1043bfc316545870250eb49306a761577,train
0999c2e1a4047f11dd36182366b99ae4052e9f4bacdaa5806b0830bfb83ff491,train
099b514805681fd8f80c66a00a2251ac4fca62d99692eeb451a2c847a7972fe6,train
09a168959680fb4a989470b1dd40e5c46b76a2a32af6ce64494ae30c9b9a42ee,test
09a5224ec2373949f4636e3257bdea3d0dcffece0692bd9713cce38baf09b76a,test
09a77673ae4c94f0a71aeeebec1d2b823faa6c8b57a1940cb6bea4eee0eb9a7b,test
09a791764b5f15cfeb4dea4c003eba57c282b161153775712db0231323c6d1dd,test
09b58c1dff0237f971f5387f43064944a7b3cc4d3e17248c630fb0996bd2545e,train
09c295ead5076de6496e218d3723d6e92e7dec71ad7f7fde1fced6c4df3dae51,test
09c6be146b8c3b6ce25a7930cc31caebb59674b3537a07ffc362f21e65fa5458,train
09d6728253d6b4efeba0de5a819005b91985802ed1c3dc4c7a0d1c7cfdb707e9,test
09d70b078f1d8b1723c120fef3f93dea55e1106dc51fbf95b231c24f9d836b88,train
09e542a09f3231c2093c13ca1b03beacf1f210f4f13f46303208972fe218e337,train
09ea4278318a7718d01e6191aff28c3a84d7a7fad8e39925d1e6998619c2dff0,train
09f076d11b2dbff22d4d2038b13e9c96ed5e78112b9caf83336a09a83e310dcf,train
09f0a9f48418903ecde8c9a5abe1f1fc8e591d9b467cc7baa4d0ecb6f32f9ff7,test
09f45965e2af1efb55bdcb342fc84f8f4ae773df4d30d7f295a88153c4e29749,train
09f7d68c7a5dc549e532656d4c81abda02e59aa240b7a9c59fc696ec493ae8f8,train
09f9e30e311d19900453a159d8be844be5e60300766bf8d932d8dc3aa3ca0cf9,val
09f9e8a7d0078311b09a28afa43572e9f96710ec5a823a163b76c260b2dc95a2,train
0a16b9f9fd56e91ce47a10cddff6410066130e4ac7546c4cad047ef670cc2590,test
0a198a9b9a9b64851ec7ee65114023c067f1ad0e5a5e32d15e952a35322044c0,train
0a1a7d9e1a76066c957930617ff6785963034e7faeb73dcc8e208d757820732a,val
0a1b39f5d1ad04caee4f73cd70c830d660ac282f2b99557e960fdde845c2fcc2,train
0a21e450bdbd1dc58b607ff5856f010a1749d383a48bf0e344372bcdcfe4cbc4,train
0a24d544c55cfd366b00c40c7a71158685c6e7b51e97c0ae49c29e16cf6e4ac9,train
0a29df2671f6d4b5ef1a913f9fdd2d84990b2523104425b06b7b84badae1d6b8,train
0a2c5aa927ef1f5cf529d8779258a7513c18f3df272d3d370d8922f3bf724541,test
0a2d0ce2e681f2363d0765d34437853cab9a44f7be806e197a5e8c9d0dd6307b,val
0a3386d998a698769840f88e3a9f24f64f2db1b7ca6043e70b5f7083287b4958,train
0a35afceac461d363bbbe8c65a9603170485bdc59e53a80eceeb344c81e2a828,train
0a37875e12de3f4670f3c0a3b2bbcb0149794f0ca6259c89239cfaaeef28db22,train
0a3b625e42e644baf68c035e649eed7daada17c7d277cfb68c59c3d71ce2a442,train
0a3d989ccd0d141517b46b7d60076ea669fbf0ed3c3d1a0a803af79cccf7584f,train
0a476e909d8bd2e624ffc605d9242e53072a1d33ca639686ffd56714e9617c61,train
0a4a81ce2561b21e497909135d3aed02fcf04e6f0fdf7928b819acb5c4d176dc,train
0a6863b76fe8b01e624c90d1639b9980a9532fd45031b9a3a22cef72dc034047,train
0a698750f03687ff684f0a6639b8d59ec43f3be673118a303e1a5608881f5826,train
0a762f795a99c6343a6f53dfc69bffd5f7e51e92845ac7445d84e7bdae1f2bed,train
0a7ee4f32f2a8c553de11614ce43c8014d0f1f8bd87cc870b0a0581eb5a0f3ea,train
0a817270285bb24b965f25e2c33bf370a2689ad36fae3f63273751a207301b86,train
0a8847b15a8e477f1e6e9e827379da6ac450e6a829cc7f3eee3ad970cde75aca,test
0a8e23cadc086bf13391cf78cc75fb734f811ef0b607869940a17407a505eb7e,train
0a9239eb97a38e92fda475deb967946f2289c81e11aefc78aa47e300e6f53777,train
0a9585238affb2fd5dceae7bedc04b1d5a81006435bc6d7397c57291570978c0,train
0a96d24dea6c9ec67d56abdeec21370c8ed70d343cbd962b916a71edfdee1ca9,train
0aa3215813aa71a50f45f2f7306a602931e03c3973047056e131974cbca3520a,test
0abbf305e3a27eab7bd53ba6b35eb2325e0a7c14493d1df6f29980500603b778,train
0ac2a8a7ca27c2e11f2fc3059ac8ace6b40693c023a3e5de387a61d2845fbc2a,train
0ac765dd57f039dbaefd455a308c10d37748f2dee9f4a39667ef2b5dbeac0de0,train
0ac856f57962976dd2153b0d31435d10abf2bed5ba5314dd1f1ce871dba4203a,train
0acaf3a76452c3d5d32498a7ef6723d4c8b154301384ed35f3563d6f2edf5c01,train
0acf8db6c85ec10719291e9e34f0711f9f63fa292b7dea4b3f1065e3cd087aa9,test
0ad92f70b7fd57dc44e46b690ca434cb1a3c2e74ca28da1cf92f0c5ca3df0454,val
0af1cfaeeb5d4cd988b8e9fc1e9bb377fdbf8de39efd13cba483c00641fee343,train
0af429f7a752cde1677b6bced72c880ed9331da4334fb0db3070188107035ffb,train
0af495acaf95228f4913a312ecf1a0937ec2dfe861a1d72ef81b7a301b9bfd48,train
0af57a0d7127c29896aa988d0fcc6f2787b6932fdad7bb1da691ea4f1cfc6636,val
0af96562dc00785840b1e2ba49ab4ba9a3fbdfd37754a5d5dda00cf8940e388c,train
0afe344c4ab5ac59aaed303d49fdfba013cf517e99703ecd6b3064cbfbb5be04,test
0b0369ec73ac4d1c2077d383c5868897a6189085924397fecb6f57075a49e136,train
0b10076f7b98ce08b7cacdbc7406e5bd109214c32d9da5ab1a6ef6a9378be961,train
0b1fa50b1a60daea50feb33c10fbbde2ff783718b96779630adf91fc63c598b9,train
0b210393c0ab47c6acb0e5fc04398f11e11496656ecf2f3bac317723bf074724,train
0b24f33b757a6373c63f2a32795eb1b14e9a8668370f2a619937ca7425d3927e,test
0b29fc3b7562a1df400791d47f4af355c0fe1afb58a943380620fab293d1b66e,train
0b32b4b4134f5314489ff0f39bcee9f5a12d368434c5ace234d743692f87b52a,train
0b421d4b93802df8cb54185dd3bf72cd1b41aa0f02a3d6686751459fddec6dc6,test
0b45cae142dbe0b81cc9a101fb99b7ddf70d53178d3c7bb8c666e275b0a47e81,train
0b46197c3b6267a0f0a916c41189dcccd1bc2e21dfdbcffec0a9a6f14040ca11,test
0b48c7957dcf69c994bd230ac46b3daeeb705e0f86b36cbda0c1ed1ca603fe7b,train
0b4d6363b75ad13e5e426c08bd2f5ec09b75c813e2b31bf96512fc5b467aaca6,train
0b4ec2ed033ddab18d95b88b30bb58b04b4b2213b1c4374c030512c1a7caaaaa,train
0b51eec7c4a321eb30e87e12bf014813a5e3237cb768ef64c64d847afbcd7838,test
0b5c245c4d724c826f3d94101dbaf1fff05092ae31510bc3368279c24a10ad7f,test
0b6388c7876ceeca503ec79086582508424df515f02144efc005b2ae17b7a2cc,test
0b65be43e926c2c12de7236ee3652898c792c0e3248dfdeb73b00b5abed7360f,train
0b66864d18d264b51f40c9406fb794e5b4421a040c7698b141f28372b4d4fd52,train
0b66dc5fc14243bab3f4ec13c507d8b77f9ba1f1902f2a18448c16c36826aa37,test
0b697140ab45615803603bf9c8901f5ebdc1de982ad8b13bdc3c5e6957024e48,train
0b698c3583c1426ba86588c33a2c2d63a994b8ee2e9cbc7f6d346eb3a31607e6,test
0b6ee05d19e4130bed76348c22188ebed0b4939e7ea9756288047aecc5c6fcf9,val
0b71a75d09a804212ab90e49f2a7d78251cae14fabde16a069e84541668a9f72,train
0b78e8f88d3e83ec33cc2106297212d99313aae4e5cdd2f50a312c1bf4b00154,val
0b7db95b0509b9b2c44084adf89a326379844092123f5c67731254e2eaf2adfa,train
0b814215f308175d28b54c7a0ab0af4bc32dd87a20f3310df20e7607b333af56,train
0b8241a82d0cafdc4c56046e33f1cbcd6b7ecb6310e377fb5ab5db7ba1ab4c7d,val
0b8f53247b53bc5cf3bc7cbfff9fd2f3609f8af16427b360e6e7044616752a70,test
0badc5f5618dc8cecdcf2594fb254c2144912f8f3428c060ecf5a33f9471ac7a,val
0bae9e0481d21f5bfb70258fa4f86b76b623c4a50011c1ba7a7f38bbfd336855,train
0baf62677a98cc7694ce7e52e8e5094b2257130dcb5f4cdbf68b5c52d886ce97,train
0bb02ec4de941ab5158bf7c2f8ddc805d98e9637aead7296d1d09d7f744142eb,train
0bb7f3d5cd6688c77f7982ade36115894b1433d13858579aa5cf3e6777c9650a,train
0bb7fb0905b6f4ceee7650d508738e2704bb1c0908a5e500b69fa9f7425404fe,train
0bbe201b52287d4d7b98175efe0c7d67b257ae46cf8a12ab3c86ef2dca81ee90,train
0bc6e8da884f6ab9aed0a04046e16b4a326ba76b5f41697361f2662d595e4e7a,train
0bcb94329ebc2cab03406216f84e08c6b032a399643d2c6d8df3fec4196872b1,val
0bd16447b4e38a0776cfbfd7c758f0965072b74cefdce543d6dac678e3fc668a,train
0bd35bdee3c6ae429f317f6b3dd82ba2dd7179650473a1398c1ab6be2f2fc270,test
0bd5137540ce9407e5568b62e30d8da5965aade9d46b21f8743ededd13bd904a,test
0bdd6855cf056b9671ed69631cacaddfd88f41f79dd36d5b637a0e348adf2ae1,train
0bdd6a5beaa60ae7a89b72e917a8d8964b37ba861964d623d42c1db10f1f74ca,test
0bf1ce8090304f72a3dc150e3e71515860326ca84794f7333b082565be9f2d4d,train
0bf91f47f689ddeb28db0c6ec0fb470bd2f8d57ef8674d7dc6c89ae147c69664,train
0bfa2421e01c68040aac79ae36e4b1d900f19240e9476d2f6bb7cad4d5e67343,test
0bffa10043e4cbe35b6bb79f8ed34abf6a0ccd5f1145c75de93031bcc9da792a,val
0c0a3bd2d1046c0f44d52f9126af8fe90c2c5cb3085e3e21dac755ccbdcfae62,train
0c15ef5267a09c97fc5d482b7ddcb376bb9cd69814a5d52f527bb2d93759662d,train
0c1ae7583411445679255f9129ef3992143f5ff33174f00fc75a17b5d69b35a5,train
0c1fb50635a18e4cd1fe6e0e21ac488e67b8dde4fa1461422e06a3ee5cb31bde,train
0c21e999af38883289f3de53513ea29a6ba3abab0c7cacd30c0893c2b355d9d9,test
0c2abb7e4d88ed4a45981d0b5b23c435763cbcc1a5b6210bf74e02fdf9de69e1,train
0c2b4dd9be3ddf6f27e846d13af5db4911a2e8e1d0c5f7820c9e3a340ddde8de,val
0c33675f9768b0f82713c8c4fc268494c942df37973bb8b01c9c4fb2e6c20837,train
0c37e887ec0213f868ca93de34a27a879f5c1eb500806d7b8ab61cb95f5eb97d,train
0c395dc2b74ad44bd0b91d2713916168c82dc49a55a3b98642f642376810c7b5,test
0c3ca1af6634ec58477c5b04ea24521072881b856728ddb95f13b90145ddb645,train
0c407cbe7a8cb167ebf4fd5229a6162c992e66a6b2d8af2142364f1bc6615702,train
0c46ce997d6f4219ca2f8718751a869096108dfe5bcf3ddf23c383638c771b7f,train
0c4826d83beb781071e21eb7c2acf2c74ae2a5c96413a1e6064cc5f75c01276c,train
0c5017bf95af75113d01d2e5b2697379edee2983be6d06ac97d54adfcc2b723c,val
0c51432288723d173dd6c03d074ce6800a38854e75255751e99508052e5645bf,train
0c5409c396431b9471da092edb6e3d5b74d0a68a05437e2f93b2bf801ad6ea75,train
0c5d36630475e7d85b40411146e4b575c93c889e51c372c58c29d890796bde05,test
0c5e7ea36b3b44bdcf4085dabeea20a4a098956e432466f00606143c416f4655,test
0c61172761cb7a068e370a40870b3799cd0193119ab6211dc6c965fd350ef4d0,train
0c65747d799b7472ff872e20c255fe688c89e82327c7a4e70ba2a262eeda2a2b,train
0c68c4832c349ca07e674087a9a2a799289ef349e0f96a4e8f5b5b469edb0ce4,train
0c6e073e800da05dcf69673a72769a5cfd2f2f3438b32f341ac7957dc9cdda30,train
0c6ee8305811e8a4096caa0ae0577a625692e1cc22c659e171e614e026ec9990,test
0c713c9f9e033a1b11a67aa9b591dc77938a33c579c2bda162074459da0babdd,train
0c75fe5a033d7a255cfbff31c1394a8ae657b282a5f1faf23d834a820b7f8371,train
0c77ae00d0a4253f7819a0ebc7a6695eab5b768be439d2511a4d36dd63a8fcf1,train
0c840d31c7ef81a10c5140133487ff9355748863bb992af451ff756da35c2178,train
0c8ab6c75289407750d8ec3ab31204ea1443c9c75ce2d356c3012ea056214d10,train
0c98b75dbb0e9c9b89f181accf2c2caf28682c888d97dbd6e95afaf245333d5a,test
0c98e0c5e485defc123016ba1167b61ac8ddebcc1eb522930b6760fd39a2c91c,train
0c9d2dbe239a33774b3438987c1101ad51cb9bbf5774c0034e5d0b8e55f16a7c,val
0ca5955cd682419bfcffd91d9ab27ad1838a11c860eb7cf705ff53956cd0cb3f,test
0ca5e1695abe26d7db015310ee9782788520d2ade4409d7c409b86f5fc07e4d8,train
0cb1bfc4fa6ec78024d2865d4f5076ad6632b4523c5c788b5bfd4b80216ee5e9,train
0cb7ba020c6eb63e47f388c5128e02c0e2989f2b0277eebb6ee107acfb950617,test
0cb8ce39f328e1ec05dcb99c03a76f5958ff56f4dff5187c636c90feb8ae3642,train
0cd7ca1d3f4661dacc2791d68d1017e83b0826e2b0d33c10a7706e1bcaf7a76c,train
0cdaa21acb8013f8f7387a5111b20e62c4191ccdf99f6adee852674a89000f07,train
0cdf25e1fdd5b0eb568dc494f1fd587a6a2f267a7f532f33745d4b2854ecc546,train
0ce3d21a9ec60dc9dc1464e360658c225a594638fc783827ea20344d70600879,train
0ce457341eafe4ac89bba22af6b83af9417cb074e760309eddd4b1ea7b45f629,train
0ced9285a244160765886f1d9cfc40fca3e7a49a1ca30a6871548f3d24313bb0,train
0cee2ad7c3f125a96532442fa529d55d76fa169422370369e18dc4c9a0a66d63,train
0cf9f6d1e2c63630912afe7681c5d7dc34301c0d094f1b26c1419be07bc2ff6b,test
0cffba37ff94c63f9d43c84be128d382ccbb0693aaca52b0acf7b4ed9fc74029,train
0d0893e870eee938989af6920e0929c5d7f9c807f2fe47019d4890d9e2b1fe77,test
0d09f6272836d84923c58d1e5ad5d4b0a0f706c1d6209a2cd3e9a8f2ab13bc6f,test
0d0a3fa7d3565f0bebd676c7844477909b4430069c58d5168cf951f6832e103c,test
0d1212303f3889ce070636a805622af3a3904b18674e0866d449f77670040a64,val
0d1ba45642ee168cf5116d8fe605f9b9273d041fe70cd3e671657e976b54d100,test
0d20641462a3a74865f13684992aa7d25cc478fe3af93130a39bace678133980,train
0d2bfb9273b9b601dae8f6012a83d41ba386a73746280dfdcc27bd85fb85d117,train
0d30e0ea8b6e5097965831a6d9a510ce56a2302205fa35fb86d20a82f68ee5c9,train
0d32069c61e6bdd7c77811d03e03ddbde1113e818ce0db75964740a573f8baf8,train
0d3569e4b9d48404f9fb7e8b5dc617b15983e9cfd639673dd74951a9bdf41930,train
0d360fae1e29d420cee7f114ce0c3edd5b84d99e4c0bb423e42ceb173ca79c39,train
0d3900b5dde497432d5987b7009fe833de6311a5ce0cd0b711df076b83a53537,train
0d3feb5e7fd4151fa82ba1c43cb17b8a2b46d40cda775a374f72595577919d07,test
0d456b8b7669a5b1f314a3038f832465f609d6f48b441c285b3316e659c24e00,train
0d4db5e1be074edd271f12df9e79d5191e4f8aec8f548205bd54cb6a5618fe9c,train
0d59046ada6b95ba699a1ff6e1ef1c7d13985aa41f7b84b496178397bc3c2d19,test
0d5c21861e0c5b3dd9e18db516b9f49d2e97167477abc5a73d47181a6a0b1fc5,train
0d63e7c7d9417a2e0a73382f034804a2db3090e9b604a1ae91d3362fa395e158,train
0d64f157a5081f44d4b25bb597809c95b7f7364dd5a79916150e2a75cfbccca5,train
0d66dba0fc74eb1e254698906e0e53ef25222b46e533303ce99ce84e24ca3cd3,train
0d768712dc678eec614da79e1c33318140d16fb0b0f6c42b9bf02b316e25b5ac,train
0d7fc85e2ca43502b315dd9c1ede5f9a2250def1896ba25fa33ca3b7f705d391,train
0d83d59edf230566dfcff1a6d8ea18f5f91ea264a1b25a421994218f53c4c3e3,train
0d90a15ac43e6b5fb4801a7cbdd5bdc0c17b962cc40e25d435efdc82b74b304a,train
0d919ef2fa75c76ed40a2c5f2088b45fe45d852885f23dbe8f5b5d7050dc01ad,train
0d96bbd0c6a26be5ebf9e8023bd08083c1112942a6a21299c474b51ecf61b5d0,val
0d9a30ceea5d3e14286f39a44453638d2b78e62b515808c298d69f10b5a84d95,train
0d9e790d6e21fec8e42d142decc7de8ace722e0ca6012c88322d65324eef7124,val
0da448b0917155c76c1537d06bd013e2d3d7dd4eb5f0bb37bdaeea02b6c3079b,train
0dacdb5e3755f556812f7e4d2d8d740b82f0ee7c0fe2b7738c0888e447e25731,val
0dbc7234c0311415a79e0e5ed390729094b062b12e04e4c4f0ba996f5f00e3c4,test
0dc4127cc4c3e3d30f9c03b4363d892b8d69f96d88a515314f9ebcec334edc01,train
0dc49364b28c5e69403e94419d2cb56b6e109bdd668751196e9ab0ef685da4c1,train
0dc4b4d5ab9d764ea395cd646f24905ff3e4b5f4dda8d408051e2e1e49d0fb89,train
0dcefa73ea835c27f9fcd43af34050bedd7b953b6a047e7fbc3941ab224532d6,train
0dd877a32c77332be925b6203aef7af0843d4cc3c9277477dd47358313069442,test
0ddc8c85c615086fcce6e96f77750c18ec07140d4c22c2d0b6205389aa0a7124,train
0ddd9c06b21264ed9229ca02185981ba98d6d5624854dbb27d26d65733c69372,train
0de64a1fc2f31631c1512241382bb2e35c744c9bc46a5996d28f270d13c251ea,train
0deb24e1c64c2e1208479764430dcce6c08b43950b8777cffdd33f16adb68590,train
0df0a7a957880b2e6000a00e0f9babbdc4725b06eeb8a5a1191726b436aa3bbc,train
0df17a355a6507f2f3a74b70f5cc463984166d29dcc1fee872163141b709ac3b,val
0df3cf6756deedd2ec1fb1e81e8b15333420c71220128459682bb6087b44a0e0,train
0df94fa22172b4f79d35ae0a17c15e01dc059a995ec80f9ad9404d53638e85ab,train
0e00efd45fb32d26643f585887ba8ecffd0c759adf27e6e4744ee5fdaca67314,train
0e0203ccb2df681273732f8cb2a3b28b74d325358d17b5a31aef42412355e1e0,train
0e0263a01f4c05c3561f3d172fe218493a366b1d81dcad262c3cfb75f4f5aab1,test
0e03cd1bf08c7162c69eb1c7e5f172c991b2bb31fc50f3a3322c3ee38dfca40b,test
0e04391ffeaaf53458c4e9f220b2991bc43c359614027514fa41bf03838515d7,train
0e068b865fd4ee3df18b6f207d63d2ecdce0d2145ad342c039c275a6af2ad319,train
0e0eaea7026bfb5398cda0d3b0be8d42760384da1b5a0db8de2c0efadd0cfcd1,train
0e194909f2cd21b4a92c969523620eb59e386d75d8d9aee9666064dc55eb531f,test
0e1d7d711f4c960d486a9d83a20fc9a805647535c04b4104ce7510be9b910388,train
0e1e1ba63d792c74f651a2f0169c777103c15e81d9316750ebec47df13495dae,val
0e2035d1c4653be78454a6ba7c45af04a79e73878ad99641f0ddb03900518900,train
0e2477d425a8ba998da1c5c2123fe6d343dd63159777c8e43612bdaa6a3d9c4f,train
0e2e38b85eab2f75010c1c80de737dcff3e11e6550f2707b6f9a528f17eb7933,train
0e321ff4f5013628432ad67851e2b4ba351e683db5a51871117b0f0aa28ff19a,train
0e3268da1e6a5970ede757299cf9a98859e993c2c1b98b0ea0d0a5bb25cff81e,train
0e33eb95014c5193ba541b5ff919ad7362d8801546d8073920a49b3558f16974,train
0e3914d41af9ff5a3098c7e11fdd4a5f61857afc0649f06464e08f02d868e849,val
0e3a0842765bf4cdc981b228c04a32b416d12a4eace56e73479a3969e45d40d9,train
0e3c01bf72fecd24d173613beba25fa64d50b5210ae7c19e6853cf306692b333,train
0e3f33df11c77f95e4b191b3ffba9664d946ae4d5c59d033466e5a1518c2e16b,train
0e40dad183eb4121d02cc766c175ca3279ac23758e82fa492dd731eea62d15e2,train
0e429e2daacee6b30913635ca4c92242c7c5b3fb815936e6269def7412ed7daa,test
0e45be88be4e32ce1a13a02646df4cd758116ffe17687cb66835882745caa164,test
0e4a5b3e527a1e5254c610f900fa5596397590913298d7c992ce859d935f445c,test
0e4dc04058fab445a813dc76ca575f00108e69c06ab1b12e39ee8d149698ba39,train
0e4f39cab6ae3c37dc7b2272851e654cc46492076f52066d7527fe06d6325ad2,val
0e514d9808eba2264c1c3a9455fc2e677a4357847f1d9354bac7ec04656e32f9,train
0e55430bed2071ca477349b282e129746bd846d6fdc4e31f7fb9a579ab1f8d3c,test
0e5b6e04df9e3a20bbb0938688ac6c9ac2929bd02cbf3eb69b77c9b4ee08096e,train
0e6306e46a6245ca4de429acb5fac95a264440c77a626e0063eee674825717c0,train
0e661cc21a0e6888d54e1e1bd5e83f76c6f1f9806b3a019befdefb4c2403073c,test
0e73f8fb1932f207e237cc64aaa761e8c0c30e6a52b7b66727052c66bd1561f2,train
0e7608f656ae67f9ea653bb895daf18fd2d97d41050e08bcca09783aeb6e784e,train
0e7a35e6afcd94d53f1eb2bda0d8386aec569ced4a84fb4a985ff3395d636980,test
0e7cca84f8213946dfabe529ec12eaffd84941ad22e0dd56465e4770a4c5e6a7,train
0e7f8588c1cd31902a7c00aaefd618275cb605d5f191e2de0549b41809a62a00,train
0e812de2843c35b9654af623e4ba3bdaaab60ba4bf012ab17f490c783a1e96f4,train
0e885a52fcc619bed30f97aa34b2a1ce15bd3e63c58462c354d24f789a0dee76,train
0e8b7242553b623a1f8f8b4eea35b9848f8c2b2a470991d300e34571bbc9c153,test
0e8c8369f39e7627241c3013f5d240b46f054e8d7d1eaffdcf1e81d51df82f1e,val
0e918f4b2be0e407c9e185fa192ed2d50a5db32ca087d0368a5951ce98947bd8,train
0e9265b39099592a85bd35fae428b75a1a03e5a06c9fe232b1c9cd82b8d0d1a9,train
0e927b5a0a192b6e4034997e361f21fbebf26b8c61495f33ce7d9b95fb961dbe,train
0e9b68d231083be1257af1dd013ba6734ed5a4fac96503da3fc38330d04bf23d,test
0ea80c2eb79e56da9b7e0484c5b6a541c4514409f07b8f4233090136a6a3026b,train
0eb7808e6bf7c153cc37f3a4466bd9c9ee984ed885e6306d85b30294e43a3d22,train
0ebb1deaf071de3a6e7475361e0a88d2e6f16cf17231e969f5e59435eb69f395,val
0ebcd0f2f99ca34e565b9b7d535f9aa067c0dba36c2c164cd203d113f31f891e,train
0ebf2be81ac21b38636797f3cc24b4a9c67d54a10653ce020219b994cfb41c93,test
0ec10b546bd79392d4e64b32be4fea2e82a70a09a922656ceef3d69a1e05d25f,train
0ec6df10946ab256db8d3bc20759fe498c6d05a7f07c9fcf8744ff01f62f2a41,train
0ecbbceb16950954f2fdbe488324046d9318aff2356a2e0e479d6cc10c0f47b8,train
0eccbf0a8c528b6ba6a135e681941fff71170ccb57e145ff3ba6ad24289f66da,train
0ecf61d10c66bcd0ba4caa7b0687b9556dd8d5da9acfed86b283cc1e138cc677,train
0ee122083d5e505714d9786c0bcd224748aaf3728819d7a46febc10f18b7b989,train
0ee12ae8cc978b332480c1c41a4921a8cd917ec4dabde5c5e0969acc8304cc73,train
0ee1f70dc692de9ff117416fa3512a7107544b4c9fa671c183df7a1c11463f64,train
0ee40609c9b4cf55fa4a0d4ecc79a5256871ecf3a9061886330b376d6e93f324,test
0ee9c4b3eeb9f7691600ce4966f5bcb92ca1ab7f919262426553b4c8d0a7b286,val
0ef9c73f299e27dd0fc5cbf6a373afcdf06077988f35f59b2391d22789f57777,train
0efd1ec3b8631e0ab4e3c9f5eb0d1a7173470aed078c66466d91cce2ebcf1ce4,val
0f0439f185e47844a30f047f97df8c5bc35c3e97a82e4d431b5ec4dd28adc62c,train
0f0724cd6d51e637b7e5da28737aef6e396fe779b4b285876c5e0a04b4eaa815,val
0f0d5f7fcffa1b5efa8bf8e4ccc791adb6b8d9744f33f12a02ded8a62d4f5ad9,train
0f124c8c62deb30ecbdec55417434ef95a474c539ca22b82d97c6dc03b03d6df,train
0f1397460b4776328a3922d74ab9e837f2dcf186083bc0c84df74a6fb5486f0b,train
0f174f5fb29b41257a4d37655f7ae835af6d37f048fbbe0bd4276ab4996e3aa4,train
0f180b46a054bb62c44305fbfff6d1390449e766c8d1c4a151edc3bbb7854802,test
0f18262829535ea51dea6edd15dd557bf1a45417e24cbc77e23ab445f840b2e0,train
0f18723445c95d88f81ee485ed291ebe430936a36bd87c8c74f4edabd3039159,test
0f1d8c55afcfb6fe6b9e8a443882c450ab8495f793e8e526a56279b3b618d824,train
0f28c4313dad3db1582247d972beffcd628355e50cea8b32d3d453a5286cfea8,train
0f321fbf846e8048ed5c9d25ab3b58de33c52bae0b5e91aa4959a208bb4fba02,test
0f3521fc6065906e73ba02e4c0f7f7511bde505149d291580afebb0c2ce54455,test
0f5260b54c7bdd252c184716755d7ba9dd99eab02df4eed9e50272ec66d59c9d,train
0f540adefe497f58c4749b0946ba730207a2861f7805be38b133d05238f88412,val
0f56c06b9704e9cc280d703ec97b2ec9545c17ef7d04f62014635ea2b8424887,train
0f58f5626c0faaa0e3c4a25f1a6fb88de040b84c16893d4ca9e707f7bd934279,train
0f617573dcb55f56869db4b9b235d5c7701f753227f4d3a002448070f46de8bf,train
0f61ccf1e66e998a860d03c21accd8307904dff2fe424782405fbac40b07ac63,test
0f6cd664706099b624b3eba1cc9bdc50fd775155b81b68f94122a13059da1747,train
0f6e40e404c08c983dc8c2a8422f3e2ccf610d64a4921bb1e57b62a0a49d2d6b,train
0f729f7e73232988f724cd6f1a96db2d59aafb03d2b5a5b51f06a5f374d8675b,test
0f75b3da08ea9064c48162a2d82c620d12cbce6105ef569a2d3d968bd6496fda,train
0f8527467d6b6f83f85baf903dc579f0b02feba3565baf2dc2cc89d40d920479,train
0f86c5a5a0d787d5f51d836f88f67199675a10f8b33015f94241b13ebde51fc6,train
0f8a2aca438442f0a1a01b1355495c0cf134283316e5f30af7014c7b5d4d9a9f,test
0f92f3743a77fdc79f4f650fc62d0494e568bfa5407c343cc249faf8f7f62ac5,train
0f9976245bf9a2f2ae3f103aee84c1ff889961dc19099cf2886036db07a0774b,train
0f9c7e99c5eeda19497bde673b17b5f3a36ffe551c7cbfe6d9ae023a9aa03797,train
0f9dc3ba554ec340013f5bbe0e2fed9db4a0c31ddd9474adddc7d98429e40237,test
0fa1c1684b4662e04c71604a12d1e07c900a661149dfcb471a3c10e289d727fd,train
0fa9bd44397318b228ef8c95eb0bc098aa4476f95d2f0e1d34278d8f6f28f747,train
0faf2db867754cf8ca99e17e127fc8cf0d2f535552e42cf55218f980f37f0822,test
0fb0d56fa22f2a4714662fa1b28854538c831a16119a4ebbad5ce024b9e401c2,train
0fb2bc4e9c26478e4ce68920fab06e365ef2be3d34eee271756b18923b97acde,train
0fbe975b6d3361d71fbf457e49039b8fcbe250b7a733f2d3aaa65531e6cf7d16,train
0fc1d5a0f0368e5e8c0bc2a0dd45bbf1aa72b2c11c250901643e9156838e68d6,test
0fd9a33ac4666ad4567a7c702de435746dfae7743671bfe588c716ce0a14cd18,train
0fdd738cf8c844d537754c09421ea306e035606207989f406fa8fda8f7a93a57,train
0fed6eb615b0a71c944041f5ea38faa50d541f55fac765e0235ca0d27dd7f40a,val
0ff5e3d0bfb01e1dc54eaed5c3987b35b91ac3494aaeb78ca1025735a124b12c,train
0ffa9b095727b40190103263bf51aa7d1da0660b4b7b9e8e80da3aea43106913,train
100ba3c26d9a18ff94204e713eeb0e1313cfa5a3438af3d510b7de253c0898e3,val
1015f30843dc1503570ab20c599561b9d6c82e4be1b9d267178b75b5b8da0267,train
101e43e260c7c1932858fe05c8d92f1ffc86eab0e2c3f18f7accd9e2503ce4d0,train
101fef982fb2fde1f8296a0aa1051b601acc8e134bd28e6c97116b92b97d4305,train
10393fa4927cedcc879533175204b93e91045228c43ed43320e85836c1f827a5,train
103951fb1331869b5065de476da367e5bb5ae360e7f30d2cc408331ef4938ae5,train
1042dc7c070fe1e5713d3d4347efdbb5b2e72ab0d3b60c6066644cc8238c5841,train
104d2f31a6433d9741e887144ebaa4e160e97cb5b458de6444fe1e99524daa1b,val
1055cbe32ef5e3fc294060df7d0598365a2ae8eb9e246e16d6ee26a54bda3538,test
105bc0bcc4537dcb7e07b4b4868202815c0e93493219b1dd4b1522fd7424851d,train
1063f334964a25c49189a808996744113f87f13837f15a0025481f3292d776a6,test
10660aa516437552252b2b724673bf313fd03be60038a441b21c7a5da5d21aa5,train
10662cca84c3157d57a320aa51295eabb4890ddff42cad1dd425584f2b778d28,train
1067b170db83620f95779984d634c4fce91e131780bb9558a7a316a3414af815,train
1068e3bf8809ff9a49312651c09fe2fab5632e8f9c6d435f12ac4747d26d3230,train
1071390aa0cf02a574832a8d07eb32dbf44475457e6583d650fa4b5d83c2ed8a,train
107426c3400d25448b200e16b773cfc4d1af9b559f51263fb126dd7ec1a6c234,train
107600241f91841d3eaa5659734d8e511ce3ae453fcaf131dd5d190e26678c23,test
10897be762e36e41c24232ea63543e55c1604dad6b343bb881679efdab040190,train
108c1ce413aec8795bfe7cc09ba4644d7cf18d43a991deddd670922e7b65f61d,val
10919ce6f46af788b2723a2be068c7578df6fb8e40be032d5e784261bf667d72,train
10954c5436b23a02b3f92f7c4bf1fe1cb6926570e6695ed720bc0bfbfb04cb17,train
109a49dbb2acef0d0f469d2cae722e9ec1d14750c21fd37af2a6909d35ae53c7,train
10a4f96296d2b3414a68b52487a8cbc8cfca1058794dc0c5af6d8a42b66c4ed5,train
10ad6c432e671e346b4de6844ba60f73111c1fc84c13e9900575ff438607c3d6,val
10b39d587228ab0ea718b017d32a5dd167d210e2ec8381a9957e3b78c7ad5dca,train
10b9ca473b2516574364ee01784a3ce8c03148cfd3794e221246d8080d4529f6,test
10bb4c24ae9b33e1070587fb294fb7b7074cdc9b1728c1f5ec10661c67f9cc87,test
10bb4cc9c564ed7da30321f5332b7f1429cf2f1a5cc8b19e4d9daa6744a4843b,train
10c5432010bb358835106d6a10847996f2dd5c982739c87ba455bdba9abbcbd1,test
10ca02139b93b12cdddf546786ed81cc222109ea030bd9ca243dbb68873878c7,train
10ce07cbdbfacc6904cc2a66751112de0f2a87b6b704f8623289e84cb138f300,train
10df84c020e7b57529ce107cf2fac3e44d71147b518a255d76278b81b4ad31bc,train
10e40a4224c58e4a2d19abfc395143cd94d120932d2cf4e632bda687b8e7df91,train
10ea1744b4a0edc6fb8b3de34344c11dc2dc78ab73b5edbd9916b8896112724c,train
10f9caf754910c59623d20c4bce5ce01d7f0cb9d566bca3cc5cb7f86b4a6be41,train
110a59f4ac6edc170f7f9a7b866d3ebea045cc7a48abc8734d355d8f54e2e050,train
1123a2e10dd165847a4591d793fbc73124d67995f43812e28a5ee2d1782b4b4d,test
11287f0f63922cee062264dfcfae5aa0833eb301ef7ed8eca31e2d4a5ec794a8,train
112dcb7bdbc2a52352daf9cf68a1b137736bc5d3f4251590c2f14c90525d732b,train
11349a0101224d4fb170b0292ec248538e130eea863078903e38bf7f06cc023e,train
11365e36816296a45df6c2c374a30f654bc729aa4b2d41bc9f286e99fc0f91b4,train
1137f10e26ba865294534d2f976af23098ff62dc32e14f820817ecac9149bc18,train
11396d15628e7d604d2e46a1cbe4bd4325f52e0741afb9e6b16322d2e9ca85e9,train
113b0bec56c792165f90774991050ba33ea313fad564126aea0e1c8ef03f27db,train
1141e834c2affbe8e936d178222990041004b1a1c240734f4a0380ff9fc83b4d,train
114ba2325641221a1b63f7fd01b2e3f0769e110c789848abc4a0bba5b630592e,train
1160964cdc61b9cdc7ad650172be43d9012d6ee8eaff5c1621f4665c37a09795,train
1160f3eb8bc9777553d80eb56a98aef933b164fd8a1614c85d251fb5be8245ee,test
1164b91080101a2eceb62faf51ce838fc25625c9e6ab7c0f399782849eefabf6,val
1169c35f2f6fdb87a1656128141bb3058573921e0987440585ce8694359ae68d,test
116e37f80f01c8c240a696838bf206d91db2dbbd260875b520f9ecacff0b1b17,train
1172881a7adbef38d1b9ce1c56e20ad92f9a175e944b24dcd400f92eadbad8ba,test
11739cb86da14814359f1876f226b6987ec68be90c9daf234a719349e88cb4b2,val
1178d0734816650f226fd071a1a2a5492998806aadbb7370422548c934a7b188,test
1178f2eca585a5dca9d8c7cfd43e5c9649c6b62346bf5c971e0b2f1c7a948501,test
1179de8ae0d148cd3930385fbcd77ef1f4c1eb7230e5b5b77807d954d78b8db6,val
11810b8c1eaf3f89d92370415db589de0646cea272bffc828d46a183e1275b7a,train
1184f5654e3b5082634923a26ceeb77a7388e89e35cd2f9ac40265502025d11a,train
11878745b0dea9341237f33643e42fa529f0d593fd5d4d45da8b276885b67643,val
11892ce7e7ce4757ffb6280354cee45d031d6d3f12e586f588c08658a1ac6fba,train
118b960c94f2f6f8a27a288df1d7febc31824ac2465b6ae8eba8cd4fe09168b6,train
119aa8654a6c04206fa5af55d05bdf1763a8f976b2ff24e08abdb0a8a73dd675,test
11a13ba812de5bca3855e1eb14883d2888d3943767db7e36b28a2591b96c5a3a,test
11a833a0d904642bc66fc904e25ec595dd5321b9fc234432c525dfb465ad8882,train
11aa43cde3245b7878ab4cae3d9f04340b373df77247c35ab7d210ef3cb0358f,train
11b2c71988a47d6b51c374abeb800684d4a087bd528f337d29de9b8101c0ee6c,val
11bf4052d19ae85b0965872bb02bf812e59b7621d0d8b2dbdcbbf8bd09f2b45a,train
11c0e6eb62d3eb74cea5e42b705c9748813809167b22519466c84eaf9fd07218,test
11c344c80da747ef8fb09f26642b5a81b6174e38b3ba14545d0b92d7a3d1f203,train
11c3586043f116642bb37e124764ccb28031d58b48a03615a787b19e0853dc4c,test
11cac7b1e2ae0171dcb78b98c1b8b1d10c781c5681ed7c4e69503b36a976af46,train
11d0afb2de7ef71ee1bb1647f49db3279d7c85985aca9d3df1509c7f3c52cb05,train
11d5b187e4ea94604b1c72e0dc5c19b0c4a31b859bc0cfe7e0dd43053ccf770a,val
11e8819e38863a3035067afde2d6b5b4d4a9b62c0500a48ed44931cbde05b0ea,train
11eadaef2ce1ac2339d5df7552b55f1fff78da271a04a4ee97b975c0a8c2f846,train
11f054f4410f5b34a2cbc0a4dd9bb3017f47220aeaeae8a5570a65c6c58e4d15,train
11f07f18b048549136bdf4311b1da4c43ff9053d416a25379678e3f799e76bc2,train
11f0c46f2c3ad60f10093ebf0de1b8410e907525457b3a073e7ca3af1cee5295,train
11f1019cc405e49f7c91b4a364448a8f6a4533ffc1201c4416347e7560e968cc,train
11f566449a7223f73e6ba9f7fe22854ecbd16ef3e447e4ef6737fdc330ce68f0,train
11f96adc14724fa1b1a65f1e04493a97fd653ac4356ad0b2721e4c1722036d03,test
12062030ce0bc5f761aa53e89791f9d3ffb63683029ad580a5bad10a4e85b304,test
1209c1c40e330c325bed1f9e432fd717da444d98f683caea3ffffabfc2041cc8,train
120eb4f4ee7e059b038811bf6bbc641c0350142f66228030d9e6e2bc2ade6693,test
121af70c4f2e885f2256a24c7c48bcc5d51f0464491a529055a1a42ea36d7515,test
121bfe83ca5b0aa9f64d60d41a07e21bd7896df200e77c73d9f889a1bd3f1100,train
122302568307b8cdf32bdf7c8d775f9d875acc1301342c0a9e4e0b836bc032e9,train
122652652653ffe285568ce079b8cfac42b82fede612de8cb234c130aa541e88,train
1228c30f41216fa68091f2fda492d45cec9d3c42ce16bac8884538df53f9e187,val
122c28f0b7ae15171b52e6f9c3ef86b444fcbaacb394d948d204a70f9a3dd7f1,train
123194ed8c19a48782dc0031ab68209888328b5326b372063ca08e7e4a8b780f,train
12370c81f75b106a9c504abbba010f51d39b51b783c3bc6ec3651ce736fbbf69,val
123b16d1f486e4e130cab54f074c767bc18307dddcfd4e514a3c1d0361794fcb,train
123d78fedd6c9b0eb3d2e56b9208865324b09718e5bee2c77a8a1bec1cc1d0b2,test
12402c98488870f7b9811b6f77f6a2b02ba44dd9bd49749365ba7d4fc2c6c662,train
124cce18a9f5eebcda74945ec453e2847931e6cd450bffd407489fe8c5d216cc,train
125ba4c009b61fcb93be7f5e19d461f163a18e34da405449854d1cc99c65f4f6,train
125e293fc59f841372b3fddce240911a0393d947df74db21c83a1988431d1cbd,train
12694cbaf1a029d7b9a3aa6a9cc90b7903d28d481370ead18eb25362c17ca790,train
126ebd36b590957b20ebf516e75299cbdbefc41437059f1e0e7f864d06464966,train
1272a21522e6edcdae03d5f2aec4102560897ee34a4c36245fc16c4aef595b4f,test
1274fcea2dbfc2db637a6d53e2e4d4bdc2c8dca3ef7833ca4e3d31e53cf58fb3,val
127a01ac5b9b711e5085eed2486e692bfb0c890981531841f7bfe9bb9eb7ac1e,train
127a680244a4340bdc0e44e94486fda4bbd9144fe66b2938f648f3670ac4a778,train
1280e0f21ede1bfaf0bd354dd3271ca365a561fd2fe6b0e51d62050f8b9172fd,train
1289dc0275bc1958cee0b2a019d6fc669c526ed1a8058dc1e96fd0d0bc431587,train
128a499725042c120a534795c772a5f4f73c11f99afcec17e8934bcb60b6ba74,train
12932ef556384ceb726cb335540bfa6c37fead3db9e7a579f870b5302f7f9580,train
129c2f226d242dffc7e4f630a78e6083ff93eb1920f1771af97d81030f931be1,train
129dcdf108c265d9186aa917987ecf964a6a65470e76c273b66b7a761fa622df,test
129de81624e9b5c6d5c420fd7408ecd9b61d244b071bec2981264b7ff1cab31e,test
12a38fac339524e0941d15cd966be5761bc78f430f38f8dfffab43624b839694,train
12a3b337b39961fc6b2e86f257465258fd641a7bf0e4f3dcf19bd04c7bfdeca1,test
12a86504717e9cbe818d33deb021dc5c3845e8482ec924f717f91a1043cb6d8b,test
12a8d7f934ff6a4662e8e32da199db91069144a68d4e80d4444b2316f528e9b4,train
12aa12dcf39b764335a715987159a08a0774fd55481bc3ba4eb9dad8d76b3916,val
12aac595ec54ce807fd7457d188c317b1a51547c496f2094c7b386d413ec57a4,train
12b0ad55b4182679312c5ebba676af53af75672d045003a8a295c3b57b88b195,val
12b14d7b76dc01fb6f51099a067ac9cbe681686309fda806b25ec8abb5a8f537,test
12b1ad6032356e79a2137518c6482ee4dcc63bf5b9c4db4e19cc1b4d46152b76,val
12b1cbfb6331ae31df41efd26bff2f0f6204f3dcc8c2c8a5e2fff8e015714442,val
12b8e779be3b84d2dcfc30a4b981c8ed7f71171f5cfbddfa0dfa4dda5645e771,train
12b8f95fb61a8ffc49bcdc647834d2b2efd3f483cdf12cfbbc6b6217d0b85d88,test
12ba67b40bcbc4927818e917aa0434bf7867be00edb37a8c0dc9ba7b0ab1d402,train
12bd8d4e3e5834400d99f3b58b14dc85e865536af24fe76b877c867318e42356,test
12be0815e310ad498da24a28bfd57e8fd1dbd5dd93639da9bd129a8ccbad90c3,test
12c19015c1675a99277b69b95b343f47c8a8e9484595d1d93256a764ac78f548,train
12c24460eb20f70747dfbc517e8730275205466032aa6651b222d3e8b42f27c5,train
12c412d1378809675f4bd40f5ba0919c859510503bb883f77d95c784ae550c13,train
12de61ab36bef2eed2b5d6bd81ac58d456d38476bea757d1c6097f8e2f5221e0,train
12e181f6e61c01bbbc32c2f84142e203d316381f5fed0d79c096c879660aee1a,train
12e40fa85b7105f2689c0bc267a9ee02d573e10b821acd61501f1b86f34af1a3,train
12ebb087976ac099b3a77170a81906806b4c725d35b131ff1e3f517e8491a783,train
12f31a6ed6cede416a1a3536c5f445d60897f779b0ad66e1eb8b31012b16e9bb,train
12f484b929238da1a8e5664aeaf82bb9564d5e16bad67f5afc8b31b2427156e8,train
12fa387b8fec906c81312fa8a7d9584cbc3fb98ef39d673ff7be97b4082d15ca,train
1304516dc4e9fc5579892dd2021efc6c7ef0900ba6d53509e6be7841be497230,val
1308298299be2e51fe0179a9beaf7b7e965c6c7d51571c9990ddc72d62c9d6e3,train
1310550f788b5acd2ab0797971d61f2bc9f960ddc710efab4d43402415331ed2,test
131b4cfd3678ec62a8f12387a60bb2c6faf76f5f6ab9eb60fe5819ac9582970f,train
131e1abcc57685ce56968cfff3525e1263c5cecf9519bf2336163c453bf57f03,test
13205653cbffa729595ca32d19de1ff9a1684e710dbe7f3ae0b73e85d84e9d78,test
1328fc5dc77d7a9828d75d3f55b3b3105c87d5fe33550478b75edd1ec5a12438,train
13306ba29e18c2d404e5ef23d3023882c94b53712f2c650e4a8c7466c37596da,val
13309da2e2d3e0358abb86b55edb274cceb686455c8c1ccc23609db28d3861f9,train
1335dc4786cc7b42e73e54a888b79df90c6387ec03df0eb99f556572571b6f56,test
134341a7d03306bd2e1dd40d43960b3461fef839d33523bc9b28168ab12b881b,train
135220dcbdd577b4cbc1c5f0e81609a7177cdcbe54b201cfa1f9856e3007a301,train
136011af999734f12d0edb451ad0115b82025dcc0ed60b1d95ab7f73331a32b4,train
1360b503468213e93fbffa5c0c2d159bd745ccdf456837fd8508ed1338c25e55,train
137162f7e9866a8d54d759e0229f5720504f5f417e74078b644fa6ac273c967f,train
13754593aa1fc9501287c88040235c339819275caaddba278b74778ac5882a60,train
1376d38ac42aad2ebb97910c615e63f333e7d0d4267775c6ee7261475b7da6f3,train
137cec76be4801cbf9c0e12650882e1dbcabef5f49bcefc6a9cdc4c302e2515d,train
1385f3c41df144e932bc86df522a4cfdbf5467b41eca09d58cb1369b250bc78d,train
1387c4493463085d6c5f34eaeee7b4337038c27a984164ad6dc2392e97d95b76,train
138a87a2df2f803ec57f85aed5ba5c00c7ac2d3ba08fe2f5eece0d186e91b129,test
13913f389ed97c47f658ceb0365a5bd8d38c6a4caa7c0605c3130b54d450e898,train
13949a09f6daefd198db8b5ef0926afd34df4dc3d26f570a4a35eee34dc4c42d,val
139bc64d66d0499a133c5622eee814f57e93540ac6b2155df9aeea9525ce29a4,train
13ab8dbd5f7f9585445941cff42e8ded6276aadd6bc938de600503b4f8bc69e0,train
13b23dbb7ea1697c8a7fb913ee2fdfb898b4cb4c3ca8eb10761672e4696d589c,test
13c86be8a3b7c86a193b9d4ec9a87a565ffef4b0d8302a4a1a4f12083705f3ae,train
13e7fc27e5fe8c11d22058811656cfc3fdc4a3452c2b9e5657397b7dbbf4653f,train
13f89c861f9aa63d57898b020a435f7ae5d325974de5149fd8b44dfe1dc71a86,train
13f97c3dc49c3f13c44201f4cd94dd38afe4a9ccc2df39b9205c46110ec610ad,train
1401decff573f640bdad013dee672e49a330286b25ee4d70992854d184097b0a,test
1403ac9db5e1fb3d28faf07578d3c6cf4c80b7f2cbf1746a2e50e03a297184bf,train
1404529dbc856ca3ca2449cf3bb88b41427f0d19e04089f93ce4a32c62356728,train
14078a154880093784556e3beca451a436582d15acb4fbe2b8a926da1211b4ae,train
140c574047e3b176b702ffcbb1370d2a1b42d7b9046d903fe500acb2867c43cb,train
1416c587e14d566cc5b156fc8e0ce98777bc010ea0004c36b2553b99a8334839,train
141f44c16328fe02d7315a368a6b3d9395b4a054b76b873fde84607806c87733,val
14213b9af59546427a296c894b3daf9c559557112fdefa5bb8a4d827d011cf6d,train
1424e3854ad7f2c9f1243c7bd7dc85b32bce142b8f29cee2b2253d3b3c6db73e,train
142f2cb68d80f8009ba9406b18665b8102d69fa2de08df41a842cb5a0ec5658d,train
143a852f012cf3d47087f1bb4fac79fd909721655c11e8054968a56f98046942,train
143f95846b53ac18f183893d293febc96886099232a9893d600f6e759c24a8a6,test
1447dfecc6fd8e062ced8b1b919e9895d83898b96ed00c42d8eeade7450e5c4d,val
14481f1dd7aa455ab315f68ef5a375786f288e81a1e95a92d8ae7a3a0b5055ef,test
144b7aa164dac27b0663cce7dcb995f13631d359471b986a3f49f0e821de57bd,train
144eea9a642f8c8a47c684c94eb397b2d38081d148f4a17c0a6f90bac1e8d058,test
144fb99f3d64a3ee1916dd2196da34fb92d8afb345776956574d7fcc04045683,train
14576354aa9a41157fd19f292892f4c436d70322a441011c14fef5e9af2b4d10,test
1459e3c74a7e8acad7825de3a8adfab649e9ffba83a55a5a34d8bcb2eab5d7f2,train
145c8560df372b34b90f217708ef47a93f45657d59f91d8c6e62932bbe5c7b06,test
1465601fd2ba98371877772c057083d65e576e2e76a905f23a3374f566823357,train
1480a9ae1ce0a2fea5f23f2ab2b4a9ce46dbb0ec4997d7310fdc8b86fca7fab1,train
148130788f61a4b32a86afb6f671665d88e54b2af07bfd14544966e29b759929,test
14877bd51e637f6990f09f047c2eddc7902b179c9020572842d96e8fb26dea86,train
149b8c4abef5ee082149961d51ff8a246963ab59e69e528487c0f1552f9c4321,train
14b51b28d3a439150c63471e2d0e23c9e5e90d65150697eeefd4e27cafe57de7,train
14bc649147865b98d2451786e976bc2f67ec332d0ff8aa3bdf74fb1c246b1cff,train
14c3e38da057ec12588908dfaaf4ba5352b9c1b86408d343ce71693568c4a20d,train
14c4318cf9a86d026be8aae2b658d897187046ae12f98badd975639d344d0042,train
14c7daa498df6af57121d88e18e689a4398e2b115945b7b9571e5f4d7dcaf4b2,train
14c86798c49fd23275b23b7f88347c8858c7b61d840526ade6b4d2c297483efb,train
14c9d7d94c1f199d5be838c52b331e68742e44ff46dc22587fa02ade63a17ddb,train
14d2a5a4020cdca54361723fee64db8585c64b8cb00fbdb5fd6954aa60e445fc,val
14d5a9730282d8479e808abda4eec58ff2d7c9a0bf335bf2cfcb8232c2b4a722,train
14d6387190f4980642602b2d5bc7d47f138ea02f04e8b4e0ba29053b6cd2f8c2,val
14d9a9845cbe4105fc0041e1784852e3bd98c66120dc6e6b3f5568f4691330f4,test
14df1924f41db8ac03eb56c49a4326c5ba2459e30cc59b2525e3a40d3bbe8641,train
14e05bffef580a9dff82f02e02e16c599d217585ca595c5a509cc1da91c6afec,train
14f12318c1f525e512c23dba3d33fb47017fa72346591ef666c4da177ddf65f3,train
14f503c475e37c8c09a5ea9167918bb748eb6eaa9a514739a7e8ef25dd988f65,train
14fae662fddbefd4845cbae63fc2562c819b5c3097572b681dfd8ebd4d055b3b,train
14fda5a7fc33b3d9d5e964533aad45097cded30136c78924f0a9b6e5fed156cf,train
14ff763171fd3192f66b651169511cf64ff574cc2b1c72309dcb81eb4c1c27c7,train
1502373be5ac0d0236a428e9a0623741be30b01badccf1d1137a81bb056ca802,val
150ca057643a01c8d635883f4cc6a29c663f6a1008e4e9ad42b2e0be7bd8bdaf,test
1514a50f92bca9445ace41df4c53f71c5a491a8f5817fdf7f30d58987bc49ea6,train
1514dc97beed2d5c532a0b9dcb13ab5155465b91d3f56c878d895d5ba67e3f17,train
1517c58c91edd5f06fd2d4c411cf84a0641d1038b3821d7e4ea2535de7c9e5a4,train
151aff1fef433a8cfd698a31e5f4e6ade237f693404e909ecc2d3c16beab2f3b,train
15208385f85ffec52129c388ccae4bf2203ba262e9a0d28a6e133a3a23cc24ae,train
1521e870151b08f4a9e68e9629559ce7d8ae09dedc4adbf3d44446a6687f8596,test
1525af0b322a54d794efd3e6767a36594b9ae3619719d161ba8a9ca8f5dece3a,train
1527ad318e0d1f21b0dd1f85167c69ca10001440d6a1606bbee58390db29de39,val
153361f8c192ee577e05753279697504c2a575bd2ee32b7a38c9a645546ea751,train
153eafe2d5906c037b6d8d69ed81d2f9c444a445c72203fcb7b3123d69014357,test
1540edecba62c9c25bc0197365539904487e5d12e5ab4dc22fc5c25568735f8f,train
15424e412e12cf10d32e470cf988e84630a96769aca4c46852a1f184824393d4,test
154cb253163b682a6ebc646974447ef87efddbd03e0659d3568a1c425f518ddb,train
15541e412af71bdf2df9f88834d83316e574fcd9f8a70ab4c861e8487b9c5072,train
155cf7e045cdfc5158634cac2986af68a4960bfe0f367bf241438c6666797d4d,train
1564d451e1c61232ae0eceb2befa4ee0503d950cca858d99373599fc0342cc66,test
156a79c8048d77838c4c7b18575e4802c4837f0965df3121f8d359be8230848e,train
156df4d4137a98de3f92b7e7dcd8a5d3caa4eedbdd41b1b42ccb66609b7673e9,train
156f3b913e38053d5b0faad2b0e67fa74434e46c03ef648edde8cbbf639b710e,train
156f925d51f85e52af12237fe29eb4fb659963ef1c3a9b8d689fcc153f45f7ba,train
1573df5e96213fa257d2f779d6dbfc46d5141d585a130b50f16a88b882e3df6b,train
157875e5026196d67d86e875202bbe5c12cb00b2d6c80c2317beca76e89902c6,train
1578a0dc882a24b6d501534804d22a702181f92005972b464475eebd626d380a,train
157be983783a5d1550f1bf8fa2e9d7aa2520c737671baabf83c3dd047a2ca0fe,train
157e14f096a00d46c21d886b1f5c841109ff2789ba29dc11324011dc19e7c8d3,test
157efb69ab6691e765c03c06a982eb94070c1c3a8e0a718e10c50a1c5ecf6725,train
1588e5ff146605f0cbf3b362afdd5e1841ae56a6534b0a9f112508a3a07256fb,val
159192a988fb2bda8069f0adacd22ed4cc660238a0be4d2d53f74694ab04feed,train
159b4047ddc99768418dfc86af0a10b6a723717f163d6f4496117935bece3703,train
159cf557dd83c0dd1e86f48dcad80f0a5ddd5b34ecb1b31e26467c3c116f0be2,train
159d7c6ccfa9fa70053cff261a93c345c00876aabedd26caedb5a8d0d0bb2f19,train
15a090d2ec481fe33fa7f64ad3b0b04b348aa8ccf674e362742e392ffcfe9ef8,test
15aa9203ac12cc65fd96b6d57ac2a03ff0f84d2f832ac33d26d32c72d657884e,train
15ae253365d19864d202ee01768df137ac4760ac8bda6b861632ff8d61253264,train
15b4d3aadd4a72a670d70287ba36e4a8a8222a5951fce543b91964346bd11982,train
15b7a45dad9634a87792043c75f4ec73423477b51a497570fc13c52bdbf5d358,test
15bcad36623e53250fa6dff48c71a9e67c6a52868f5f0f0b0c913a932016ad16,train
15c26028bbe95a0905bc686128d9a4f813347f7582039501c3d6b8b56156b6f2,train
15dfa6ada51995bbbd8178cc4edb27608824f4cfa4c130ba3e70044d7ebfd60b,train
15ef29b6641945bcde8cc1e7668d3ba6b25fd45177f55936320812bbe471bfdf,train
15f00b6098fa4d6ae79c628cb6c41b1e1768f1f7622294fce1094b50b6a53175,train
15f7a07c3f352c452f5e34831103d6d10f1807e577487b5b8896b0256b026a5b,train
15f8081d17ddb08dd26073d8a199128193b9a6454a2ec04ea30ce2fbe6db93b1,train
160a59b5a06df23848ccb5059b430a0fb223b9ee0aad708cd26ba4835746bc34,train
160d333498cee663b57c8dbbf1dfb8639553b595ad4eda456a0eafc7684e70fd,train
160e17e2289a8b7d7c5c389c3b244e59e1541303447138daa95508024aff0d7d,train
160ef55a16c42e0eb802cdfca2e5e22e2919cc7abc25ab916871445a76413378,val
1616332551554516ca3aaf4dd43d5a746eac2e19140cea01c3c52796ecce50cc,test
16298efa3e1aaa18934f5939b9f19fda84300b54c30f52fc129c877d03aab610,test
1629f8fab07662eeeb37562467ef53c043d8d32f5a6d9d4a086ceade92e8f5f7,train
162ac7d8d26284e3e907dd74d0d916ef0e0b3fd1a28d5629e9af9a00739b6d16,train
162b3f70ab843fec855db7e7083b6381c5ef0f07c40ad362381c041d83574592,test
1631ba740ae499e566ecaf5eddeba2d41cfb9c9c2ba367c2e74e9168627617e9,train
1632c725081ead61f1904260929f8fd59da2c84aebbc8899856a00318d9061bd,train
16364a6736db6df65d9f128e913e2fdb126d1c69550d8ee1de749a32805cedd8,train
163715509074861aa390a6c2ed449d17f9fd3050fd30ee423e30b74155f91396,train
163a1854958695660247fdc61d896b03ec5f5a88ba1d001f1a2e5e1e171100ca,train
163e71a2e5185dd624ef832b4b97916a25f091ae14c4c3a125157631118ff34a,test
16418ae5e1dfa9f0bf87333a0551f068eebf834097225966e607a8c4f022f01f,test
164487d3fc9cc14a8ff8bbc25704db64fa1a4f90edbeb2af0015dc330c6e1cd8,train
16486b03ab878d30d7660c54cb1c94e7a654d72939b8cece94fa7f13512a05b2,train
164899b7de585c23dc7790a980cfb41c8d11c963747ea4756746c33bb8d975a4,train
164ab81109db24b19e205afc06e2e5ad021fbd09f841362ef3038973779ebddf,train
164c028a9eaf2eff6d7782508773899f626a62c386c6ee6721c435973207cc7a,train
16517c18ef8a9e2127f8392ca9ee33721b5a192b153cf77894da1b58f135506d,train
1653323724a41693467c7e19e8abd201e11bc7a7825e5bdb290debf11a87df54,train
1655c60cb9ec662237212213ee7511f33e5500a07e26e14f68dacfe7563eec10,train
16661f446a9b3b4c28106426f998394b8f6ba221ab558d88bfa3acec5535fce0,val
1668c0244c5e32587942dde5dc5e9bb4289ee931eee2f134edd6636d1ad339bc,train
166b7dea64ac92195c9bb03f5ee26894a0cd1dc2032ab0c5c88c6ddd43cf264a,train
166df47afc85830b8062cbbfd5c72112be58613c5ccee691eb9aa901bdfa8ac9,train
1673b3739fb05e76c6db28cd2a076ff532a2f0436e0290617356df4b859b3470,val
1681a9feb2c770e922d839e6ffff8f20a1ae004e29039e6ea3196c8e752e4d7f,train
168369ead4168a27dfd3951181106c3c98ddae3fc84c4a6c813a0c0df76ba018,train
16891e7383873aae5bf34537ad321748e4ac826b4912b02a29eb23053388cbf7,train
168c0be71b6b83bca5e1f7b64af5f15f900823fee768acace34b70fd99532284,train
1694d68c01f469f10c14ee74b60db056a580adcfb2aea655ced4c8ea326d7354,train
169830a5cc3f2251c3b5c56b51dafc39f19a2158786552eddf6637aa3920001a,train
169b5333d94dbdf7392297c5a74a56f809afe772f08baa0309a1e09ac8547cfb,train
16a1d3fda08cc5f89122cd1a67a4586a0d6915b6adf2812ef42a1257873055fd,train
16a4b72804e4b6e138fbd88696c9a463a9208e98d080706e7d1e8bfdfeb4dadd,train
16a4f2deac2dfd3e4db06730445095f1f02a6909d473b5c7a5909c0c18262d3f,test
16a7cec6efdb7b60b15c8bc0388e54eca1e7e7856ac8142ee0b4a057aeb9a389,val
16ad4d2748fc262485d4e558bcbf3f0b139217da436a8e92de55bcb41b6f74c2,train
16ad6e635bab820db1316de4d8648a5b4fb32c227cc071cf50d5ad782c4f5c63,train
16af1958d2040ff1d8407eeed3ea75c525b7c945c3235a34381ce49f7c066b74,train
16b1bbb803ea55eeaee62b26c9841c465fa9e7aadffc36e0fcc512c4988f428f,train
16b9836555d762b45cd233b833cb8b646341691be7ce228ef96caae87fa40e60,train
16bea4c892c5d430385fb6b7ed8da59680b6b9ebe7d42422b1f1141ef851853a,train
16c0e9db50236452edd8820567591e07375018518104c6a94121fee773acd913,test
16c6dfd7bf114f83c677ef0566e13afedab6c34e3355c4143639b8575d355921,train
16c9fe12101d79111a2a1fd9ad14a1d7047b4869bb024b70b60f040e7fb993d4,train
16d55262cae79b5fc835456d0e1fd029d6f24663f158d619bd0d27fbcdcf663b,val
16dbdc6fb3951fee59b9312cc7d2e777c0bb8e797d83f6280ace7f4b4074ddfc,val
16e150adde7f3e5b742c75386e0744c2135a3a882ee238c616c81e1ee7cad743,train
16e1f6ee2bcf60ea6ca999603086dd1dfd7b41f48d5a1c0147accc74ffc69d5b,train
16e2ceaec5fdb00ef1afd79ed7e4055fd2a6b3fdc343d8be0ff224776a3267af,test
16e3703ca94de6b85f72de824d6bfbbad26367e2b5e95739ddfc020a09b1fe01,train
16eb8ebe845c5f0c311fa24b20dd875ee03aaf0d588b535f8979299647ba10c4,train
16effb8ff70a3e2f2b42d007848d64df80221f1df1d8e442737ab26bd8f53c74,train
16f04446f69dd01b4eac156a26f1eac6e6adb60ccc44bd642e738a28215bc9eb,train
16f639f0f479150422196ee4fff32f8acc45831f394de72ff367cbe94098e879,test
16fbb9de9a130511b14286f7c0ace960cd0201ca4b663b03db27a4e7d382b050,train
170aa5e860afbb8b3325025654dce5e67eb127c9a757896f94faee575b6680f6,train
170dd51b08e55ca4af0f3df5e1da6bda74abc5d6570c162d74d3b1f5f8965841,test
170de105781527589f06cfeef1e5659212f1a21165933a930c25d9fa7ab1e825,val
17162fc8470773ac6ed9bd3f066d86bdd549c043ade0278e369b5989ef4512c4,train
1716515cdef12a25a740732453c45522d23aba741ea80d67803aeaebe8ea08df,train
17189924e265f54231173118e91823433a7c929838088dddccd53febf3af4103,train
1719de6053172c3e20f752355b3b19b7911dfe26c6f08b534d3042b96bdc7c77,train
171f1f178de4ee400dd955ae49e3bd81f7ed6a4221da96b38ac4c33ecfcca72e,train
1724aba7f67d712b12bc2a64d91972b4a76ced8ce6584c22fe7d23b4762a9983,test
1729c756dce63bd3207d1514e78c49dcdf9ac76184cebf43ff9dfa3e46027994,train
172e6c7e10c9c626c63667239ae181d542f98f76c034e3ae7d1700b94c7d3469,train
173b79073eead2e985d36dff20834ca07d4780c1a3613fa85106794cb1ec4e10,train
173c5d296d5a69fcb718ff6a1809505bbffc88365a471589f0744b60c3c784be,val
173ee747cecfc7edfa2657057e0280f004e7d9a589d1d1793c7b756d9f0da911,test
1740d9451eb890d7f9b29fe9db60fd0397648d578e935b538888389c669f8d3c,val
1740f02ed19558579d6af39891a7deafb5ae5d1ade38e2f20c519bb4b2f836a4,train
1742e4e1e037595cbe8f6b6d17754157f1395b6db9b5dc000196c8aef992412a,train
17431bb5acb8f1cefe3261f13149f44373829c42bb30dca20e9fc5a8538a8b12,train
1747ecc4e867a13afe7cded389757fce5f11e2cff283ee691747e3d38685b6e0,train
174e0ce1fed64a7fcab14c67ff1872a3913b299fe519b60d14b1b711c1a3c42c,val
174f9a761875a484ab73c5a97b1fedf675f6dde51de5af461240dce4b59b467f,train
1750be652483e965cacc73ba0ac4b99c8dad222627bc632d7672451f19df1465,test
17573eb232d0bef76bab216763b4e5d5c30782416ed550866251c871f8102ffc,train
175b4d0af0d568d11520c587a2d1b2150ad2c9347a0e3e4e127f04e287d524d6,train
176784f03a907b0197ced90652d28d102a1d32fef8c42e50dbf37f3c6c2d9665,train
17761f1ba72dac11d6f65ffebea0a89147863510f26d0b0247d0b497cb1deb5d,test
177a232aa678352b77d950b298838e2db70794c5b598b2e299ba348e03c138f9,train
177a2b34928437453db88f596778b187f5032d753604104fc55103f0f046e8b5,train
1781528084c1923d68747411962c0bb2e67b6741f51bbd26772982927d991fd8,train
17852ef6bdfddc0ceb6b6a9cae4eda20d02b4e517f6175f2a3c005c6eb93f22d,train
178783381803453ed8c635f7c5cfc390ff4c7184a0d1cf107794d78f9d16f8bf,train
17929dad1575d4f4c7dfebfb8d5f4abd912b3549623ad7f2073c1f43366cac9c,train
1798ef41b068c89ab4706fc53090f3637ff2edbf7f1f186b31ea9d58fc217782,train
179dbedd29bd0e709d9748274a99f0e79c85417308dbadc916ceea59e8110194,test
17b7a2b9449e032e7f276c22fe9468835842af0486090987491dcfc82808a1a7,train
17bb087029498dc38297a79faf1027ebd2eac7e37be0a9eb1396a4a9e3c4fa62,train
17bbaea9d17a394789aba2448bc871267403bdd886cf917f3b94a853876cc69d,test
17caca75b3e706d5aee3ff0b5df63f4e84775e318a729f63807c41edeeb934fa,train
17cde90c50686dbdc708094e0083c5b39b8c9e1ad33fafebba8c59fa20630f42,train
17d018557530c92adb07ab95a6aefe0c38834af7c0ae52a34fafef80c278353c,train
17d0d389ea300001012d8ecb56945fbc1d951fa64c2024b0df4125898740f9b6,train
17d37a74bdf0d531ee9ca3a8835909d43781659e936b2cd4190e39ed933c51aa,train
17d8aad155bf9d529012c485ae62e452739535d9b737ded756d4687cdb184a6d,test
17dc51e1711b9f82521096cc615d93e39556d9c39e8946605595b5fc3c88c79c,test
17dc67dcc15d4c040adb01eefa34ab096432f0aa8b21bb14049b8220139c0215,train
17dea2bfcb3742fb69beaecb0573f504b44ec9155513d75f07084d96e07c2968,train
17e476902794963a1587f50bb72fc164b959f25db9b85bfcbe05da713245bdb2,train
17e58e7140a6aa9531e759c1d28ff2e9b700d8e36a34b649fde62932082a3328,train
17eafde930a1351f8787ee98c17d1d71b20638bb789fb1d1162b790c3ca16d1c,train
17fc4cce43a094cbcbb28edca6490ab3238e8fcdd6190d0a1f79ed1875a594b1,train
18006583b70f91c8fb04b5db296b3b07659877d79b3975fca8d43c0c75d455ad,train
1803db011d75af453e40d10c624d9d2b19e97f2675f54c6e264919b0a707f586,train
1808bca448b08d8d14f5e284989339672010574e2ec42c761cd45196c3eaa642,test
180c628d844c5c25de1bd010b6dd6a083c1a8c3632035521f706d5ff2cf1a1f6,train
1817f10441bfb18388a9a62c3df76e3715883fe741480ae3ac80cb2c8c52ecbf,train
18284aafa8d2a78b49e14874c9a2c87ccb388a9b25116cd475ff2c36112e3a27,train
1829a822104934fcadc041ba70aa5aad1b346b28a302bc983ad98bb8d9cc79b2,test
182e003f24d84655a389068e4d914dcbdf452727c5c9d12cdb79004090b21397,train
183038959dcd34a502136c9cf3ae67b0028b0e5b0788d2f61ec13c9d4827c038,train
1830e603aa9d16e738b27056b69ac18977e4cdd3c990132770e989882ec40658,train
1832039185e54650506bfc887e8ef6d166fc62ed6c0fb03e50344a8f8cf7b823,train
18335ce1d926675ff636fde68a5c741f719ed815a3079c0b48079fa9b5b80af0,train
1848507ff8af4cdc9d0ac47ccac77ac377d23f16b567ae979bc243bdff06da92,train
184d2a9f8657e008bb6bf72b8b02cf25ed113a81009bc8cfedd08789e77fbb31,train
1850d3db5ef1f6bcdd3205adfb010c643b7481fbd44f1cd8460daced6af0a11d,train
1854ed29aeebe7d98fd73196743b38076d6e96efe57e56109b3c910ec455aa6e,test
1866ab24a8d16af4618665c77a85d3fd60879bf7c95f0c8b63341403121cd1a1,train
186750f279fd41bfc0fc47622a5f39190796ced5d42f0bc17cc8a487dc0fcafc,train
186ab93fd547bd0cd70efbd0c79b79dcacaee8734eeb19c14d71f0bef173526c,train
186dc17b13d3244c9ab7fdcc2c6332315198aded9423c82fa022194069b1fd94,train
186ff49eef77607bd855602833ea91bf46a89b7cfced979331fb9ac730b6fa94,train
188b14dec5d218003e913ebb43c3413ce32d0fb8345dc53da82e6e0b14236c09,test
188ba5699abd67705adbe15a43578ae9b3af95e10f9fe00877f97bc79f9ec7a2,test
18956662a6e643c8a9537a6e30adf8e315882b81bf489879fd51fb1619945cf2,train
18971d4f1685de925dc59e1a324f1b55294de84a6a1581bf3982297a5b64095f,train
189795c172b99b2902cfa5d473575d86b847f3d110360c0a3d0b64892c8212a6,val
1897e22686a0b17f08e45858732c696476dbe041d69bb948dcb681326f283e59,train
189a9325388d083acab01e05b2e1e225b57ea972c0aaa039d5b799705d5dde3d,test
189b8468f5f234ff72e53c893fa76980b0c0e674217bf53e749dcdb769b6d781,train
18a01097fb4abe534db1f89e4dc806cfc96d28fb6acd9216e7cc0e1a59297d47,train
18a35257b6489d4a4c0d26c3d8673f0f63352a16791566986b53acbd875524ba,train
18a3b357f8041a35f66c68fe6c725f5390cddd7ff4a995f268def1a6137fff09,train
18a7d3c1c092f5f66e75e1bff31d6913bb86f2a53a001c6217cb386d41494fdb,train
18c03fd150ae85c041503e27a9713baafd8c2ede7b89b68c26292d0d8da35548,train
18c0ebbf850469613488889070902868d91d9472c18090f1181ac4890059a6fe,train
18c98ff88f5915b103857cc96a887bd8403455a41a557ee0340f2970eb834329,test
18d627de476d925584c3540ae9749966a1c0400d9e2487c377ed36c2663c6c46,train
18d7137beb14d43c98b920052baae30a43b1fb9673691289c36c3613e27f6e34,train
18d80e6f1e6af117f367919a1446c872450acffcb11e4b1b0dabd535c5f3b120,train
18db18633e22ac77f48e399d8531bd7c8687c62dc42654dcbf08cf8a69c26a37,train
18e73ff45882a340ba2acd9bfb43e085f72dc04bb1a8912dcbbcc887039e5302,train
18e7952a612a55a48510096155735fd39792eb6bab20eddbe6cdf9f5fd214f91,train
18e84c2db2c67677ce76637bd295a5ee3c00048c5c25f4b236a34d36cc32aae2,test
18eae961015e69b2ece420790236b48935898bdc9cc7c56faee5d24ca93afa2b,train
18eb6da4e70cde9be0a44b1b426c9df899d05a4929d127f23161d4b6580a9e68,train
18ed5697e3631b6031c6fa186178ee889f18c64a091621cf869a8a0e3d9ad2bb,test
18fc0bf7362f246586187dac5fdd2016f16956c2bee2cb4dcfb761e6519b698e,val
19098e52cea2a5d8fd8c605ac5e267337e74a57143bf3a392493d65710c70c48,train
19210edba6ad7c61d2acca84573a47122357d8a9f4182c3f382799228dc8ed94,train
1923e41cf83dbeae12d644f9bfbf78249bf6a53e38931bc077a5ec1e2782f142,train
1924f2af265d45fdaa798b548ff044b08f8396d1905bd8a040d294644893b041,train
1927314b0decc384e9e555e86c19f14105aeae9e6fad05f550786a0e91f16c14,train
192b76d481b7e0490b365ec5eb7f0fd88b354bd31dba08d489784abaf983d18d,train
19317fe677b8a16c23652cf6f6476c812e90a9953ae7d2222b3e965b2692a3ee,train
1932d298cf1fe065859413c10dd2b5f3354041b3d1d137326a7172c360f9d2c7,train
1932e5571b66b670b4424e43f26b0b691ecd24d2bbdb4638adac0d728167f6bb,train
1933245de3dc36b2209775e0b29da2ab0f97255e92d41937453010d30cb09ac9,test
1935a2d44e61cbe100561b9ed5f4ae07ae01410932b112399c0e1e2e9f56fcef,val
1938b6485c8917d07ade58ba271473bf94ec5f095468e9de728baee352092c54,val
193d06ca857ecb7bb6891c9695a32867a9edbe1b4d1ddfab1b067b17810ce161,test
1940bd3fcad6045d6c9eb9a53dd7b868014390d87bcb9b265f9ef253dfc0deed,train
1942a5caecb6d059a3aabe9fb3cc9523a58a99bf8dccac65abf9ff8ee31f365d,train
19438f3b8be894ca028f1815c172f6cf0ab530adccbb4e1d6f7dd8ddd96ad7a0,test
1946acab4a2c35bfc9641bf8e824671d941f721b2ae4926a0f0b39ac4e393ef5,train
194f8b796e5583208548831a377e5b6e91802d9c5b254ebcfcde52f2d4fd3298,train
1950936ab3ebe7c57abc34f2cf65c38da2598a9a3b81a7133bbd3e1f7194a9c2,test
1950e31d0f7175042c2a1ad249d5f7959a76964f1e15bbdd0843e04ec0d3fea3,train
19578ae3acc0b20ea73e2163b85655f573e3e7d413577108c65938002ffa09ce,test
195a1fd4fbfc6c80c2be560634943fc5eb41f4b66d9412dbaba42626dadabe19,train
195a5003f713e32a180c0cfa66c2410a9c224d57f51c325f1d46a4a6cf5aa907,val
195a92155c0506a3896c74a3dd571df938266646f755d3515c4270981f8d789a,train
195d29cda5c31e4d2f29ce250c8e225fa4e4a191f9f22fc6b34d5e81c571e4cf,train
195ea29318ea8b25fdf788b1d2353c92eb45470fbec154c96b9606d913bb5511,test
196117c50068e7de9811f67de1da2526ef87ebbd198266d060eebc365b2de519,test
196427cd9c380506899fe74418d2f0455ec1ea7d963ad61f6729f89f1d447595,train
196de5103014bab1245b89bbb23a7ad3be00a6291bc3184507a4effe476fab4f,test
196f4727e3a4dfb35f768ccb00439c1e401039a80d028b14ccb043c655e1a46b,train
196fe46c293165d00243456a1202fab7c7f22110e7e3fcd4d4382ffdfe40138a,val
1972791984ec51a4cced948535ee04548c33f2b87463d1abdf70b73230680f8f,test
19746cb6ae01c322cfe77fc7e1bddaba7153bd15f0c2eab89d2197405122fa12,train
1976fe6e3db06c83c8630962531e790e07ef584c95a8850486390115a368f5d0,train
1983977fc59ca1b119196648be38f4efc1e46bec6269a68dac73f258802b33ba,train
1986567ebcf8868f3ecfb04cbc1aa4e0443b97aa8f5f61294109b5bc8978567d,train
198e384d388b32f8935889b2ee14da580aedb1328cab57c2737da8f59b01a96e,train
1999e77ac8cd4451e69d748552587719d0e5733cb6e410d8d718d7bbd3618e74,train
199f8f528e55648630688723caccbf647c8461efb5a4b9898593e0c40035f4a8,test
19ac1014127ca18d2a2429016f74897698ae9cb1942fa750e33b4f2e4ce0e0eb,train
19ae058be97c0740fd25d1640a1fafcf111639a220342b8fc3dcab7b4c4e26ce,train
19aeee838c975d701af67f12ccc3d38b88e536fdd07d9c82849a3dfb351ee792,test
19af7ade06bb948d7fbf9b2fbff6e0c7d8e6ff6b0677462d66273f733f1465d0,train
19bf75a43167f5a668ccd384a4fa3e91345e34d5df3fdaa9a61aa0d50462ed45,test
19c4b5a08b9d3e4e1fbd5fe44d5154c81e41871edcba028996fbdf017021a235,train
19d670de4e03b2fa460d7b4923d33b662ed67ab8f2ca03e3c8e9c3412a6618d7,test
19d75bb98cb7ba241a7edcce3a9a79dc9ff9d7375d233c6af07f28f2e1c3855f,val
19db7cc03dc98681837a785eb4e40ebb91f67cb91bb2b8056c7801417eaa1d90,train
19dc59702c08ff9917193540c0b105e3a44ccd5e386c0786fc41f130c096449f,train
19ed839f79bc8b8683f12d8ba2155d5d3bbc09ffe097f2ea044e82be32dcb1e2,val
19edee2ad2f6f46c353001ba29a689499c889e1392c5f380207ca50e7a0bd47b,train
19f9fd7597d860577ace28503322c33290c94bfd4e5d8e686c5bcebd31578c38,test
19fa1e533dcc4699b24dfe4c8f1f0bb9ff3e22023835f2d81f9bb05250e15d1b,test
1a00adbaaf0f05c0a917a76149d636d7c4a47614712f6a76a0883e962450f958,train
1a0483e9ce093c2feffb628633979dc2bf23f14cb79b22f5c654ebb9d20b800a,train
1a05a6830959d45ee77b14148afd4c43cd34f32135d3309780e0e1f1ca0de6b2,train
1a09d87408b6dc109fb9cff2057b803be7c6dfb58432ffc8b448b4ad438e6afb,train
1a0dff74151ee6eec5a9db6e01879b864a37c54729736daac7c1808048a36571,train
1a2364ee364de9911dbb96581b28012d6b95b7ee76230c044887f4a1a2bd588b,train
1a2c97d570ec8763ab0eed63f6f1e1a5cd98437f543dd3a7f0d2ca8b53399644,train
1a2d43c791f79faa1e02377d3cde8cc64bbc3b4ff94eb1a7de47806e38eee147,train
1a2db5cf93adadbe2aaae2eb6cc75d90c1185d6633665de59a21d7ce1bda9449,train
1a32323c2da4de0cc3a420dfac00f94425f0188ce964879b536679ae3683307c,test
1a325b9ebcdd66a8620b4ce1a63d050eb1cb6252f2ea98ca898c5891ded7f24e,train
1a37e0cb8174b880ccf0b48bf463bbaa12c61db6240da1145b05626557a25097,train
1a389791192c80a2d33d32f8554e8ac01266a75d44320bcde4d1ae98352842a7,train
1a3e15f384b658cf26bba41b79228f4d883df0f9c05adc9a0249aed6e2453e39,test
1a448e921cd5559170fc945cc07422e29230f8414748cef6976b66d90e090e38,train
1a476bfd658ded6da3844cdd569e51928951d57e08e8cc8b1a66f58375b67e23,train
1a4e8d4659b7eaa49c765f979e47b3000d700a7d78d43d123e4797b0c7a547aa,val
1a50d3f87b0f2698af29df0895ded4b517e85f985d126aa5e933f385cbca0523,test
1a5ad1dacf95c2b8adda8ed2406186eb300c368015d75774f3e3d6c8af8eabb2,test
1a608405c4dded5d4ab754965bd4fae27e73d20c8bad9d9f2087ab2fcbd2010c,train
1a649b4e164d80c7ad62e56e9fc5b3df166e6c2c0bf57753644d5f0a611ba931,train
1a67fac01ef61825e97f4f7bb24568bdc706dfb5b26567fc7056b4269ea43a41,val
1a6bcba6c1284890eef7c4d8a406b823e1452adf684e31eb9bcfd7af834c36ec,train
1a6ca0c3207a3cc4a61a1342c2c328a034fc9fc49eb069b493f0c4df80b159c5,train
1a7127f4a81b5fc661ec7ba0624ce46e4f4d4dba79e37ac1d8bd12105824f0eb,train
1a72559059c220ad270e6df6c1cb82293d4d7aee5d2f3f9b7a46f9fd7c09a0df,test
1a8228d4ec6df05a73b20cd7aad89d2f493fe022503157c2b9fce9eedb62a0c9,train
1a8f9dcb1be6b4fbde9d88bc6a6ddfd219b6ce1a4d756b60287835d6e27c3d04,train
1a99531152975b87f8b05f79a632944339f9c21b58f59cd98edb9ebdd8ce3aba,train
1aa13ffdabcf57d9c2c2cb0a69fd45aa9e525b2a5b5e9ce95ea9b67608043f37,train
1aa4ae597df441fe90b0d9ad65b220d06a484f55ac8c464b6ef30b1b3313c6b6,train
1aafd68eae9df3bacc0a61ae9b2b14d7f87e9fcc757485e8b88bbf7f33518e77,test
1abf1cd6e5acae97b1eccc9421cafe23ec805b468c08b5d344c34803c81559c2,train
1ac09d8610513055c028d878bb990d6d29cf467b1c42f39da22dfe9d1bd5f376,train
1ac2e19ba7df4c207ffe901a7c36fde8af4b207fe171492f3e08a06fc821f3be,test
1ac481f45351d267813a84b2534b169578c0c2b06f4339d076f68c666e082ca9,train
1ac95837d67281cbbf2e79ae7700aee10b476260371c0712294b4e63e10409ed,train
1ad427fa4ea65f6e46861e6b7f049623aba69b4e7aeb2b7971ac821e178d56cf,train
1ae68da89833ecf59756504702e2f061e795b06d03e9a4471b88de1fed42c918,train
1aed34b647453331b993d5f7888093c18b6a5959ee53b8142bd1d88c1d6dd2bf,train
1aedac9c99bd565cfeec1f18ead34594048c68471400a2f5541d528a7db07ff2,train
1af9396a626178a01584e7800eaaa7c78117763f261f7858b63565328135e8b6,train
1afa86402cbffd7c4da05ea3d1b92e20fe6ffe982c5a95b538ec14b11886c967,train
1b0668b84f68b9b25b6c7c0596902c2dbee91155caf1595dba313c5de6484111,train
1b0e6b29143b083b0534450a46e309e8ae6f88098e6b44a6699c8d701e45ed87,train
1b16c302fbda13d285b8fe55c5c217e7f96f89fddbf47cd38e49febbca57b33b,train
1b213160a50885b6ec00e83828774133619ce084d5978d2b6bf64e9e8f871518,test
1b23fdac987ecb99ddf4f62b6f8127c556ebacaf13878dd9ab5dae38e82b9e38,train
1b28923603976497bed4b18999a960ad95cb897cdbbd602643e4ddab39852ce2,train
1b2961f4dfd40bf7f3e946b3fe7921520854909452a19bfc562fd417f63ce7df,train
1b2a2182ca188ef68f34cc7b79379f0d720d752ae8f0d85e7d591ff69d1e540a,train
1b2d894b2b6d7c46b7ddbc3100c21d267336978beae121112cbede14cff66822,train
1b3f22e520558f812017122c8023835fd5073268256547451207087eac0fe948,train
1b3fdd4df1ff2440ce1e882d4cd930b406d3f4d207f308662b0abc75666d5d59,val
1b4659b4efc4d4c7ced771bfd3ff4c308af2b4c19254b59ee9a76a4ed891f346,train
1b46db743edba513f71117e323b7993a5f57528cfda3907213e2625a90a32143,train
1b4d3aa20a58be52e21f417e58a60dfd0d7e4b8a4424a829c528d76cbfb0c62f,train
1b4d9bda9bd9bae55af3b87ca60bf801e984d52af3523f2696bcb38163cbb216,train
1b4f0502067ca1814ac623c5afe21ec05c8096fb9a1dc3f37c0d15bcd270cdeb,test
1b4f70255af9be8afc05d4c0546ba3c5dae3cb2e05bdd2852f2226bfac98defe,train
1b5213ad045567f0fa851657560eadd01fa92e201ee6d11c2c4dd577151d9ae4,train
1b562f6b30d375d754c999516c92014b72805b5d43d5787f169826dce7c1f0fe,test
1b5fbfd58a85b6965781f0468f5aeb1e5dd5d173b859f20f25d4b5cc9fb6753b,train
1b6694eb91a10ba0d6cc1bd17818bd9e07c649c69d78662af76cffd978762009,train
1b67f262e76e3522b8f8053ff17a07d12a3fd080f491c9566d489461598df55f,test
1b685c9659280eb2ee33fa7546b05b190395a9eb4a5dfe8760a942bbf98b5db0,train
1b6bf2d911f34ab37744ea7d8a5cc977130f7a394e7554613a2b4b0996322b6c,train
1b78b74d5b9304596d512cf20a22d543ce4b00c850370fd24dd8a2a340fc1e2b,train
1b7c48b40dfb8c75104259b48601ae31c238d0dd83d2606f61475f213348624a,train
1b7dd73e4f5dc61ef760fb6ce1d94e20a7c6b416d22f84fd8d81714d808be7ee,train
1b8089e60998c47481614973bdd1666a2b224a6e1364f2fd863780ce64678c37,train
1b8216ec3bf37040185726eaebbc2664bb43596ac48565a48b6891c78226385e,val
1b84060e909a1c75f3668c89056175f870d05917a6661cee9e0feb204f49c4c3,test
1b88e0f9c9136f037e6272923692990e771ca169ec4f38c67c352dd19da69caf,train
1b9348073016c996ef1ce8ba6b0c68ab1182a25177a89f9c7a51d6be53f75246,train
1b938c9aa8086102cf6c80d502d3ef75ac38260071f77bd22b5cc5ab2c57a310,test
1b945d531b198b60f14d217cdaa94bbf6ffc0e594c0c3a04af35f4704daaf537,train
1b9dfe974d4be4cf86f2542202428e40dbe8dc5841a27b8dd34ed8f71bff7b4f,train
1ba20ac54628295f31dc8148ebcdd5f6be4acaa713a38ddcb5035ee0aac43c3e,train
1ba3d74db3a0210e9a7a731130b16db4e73860d170db29a1cf4b2128042773da,train
1ba72515d9095bf8819455e866b2837bab85d5ba91e807b046a3466d763f256d,train
1ba87e6e36484759b77c5a7d97f3edd47aabba59771d61a5d7d741fd49b8e809,train
1baa32d5ba5d49c07550469830a8d1889383d2b910598cc6874b3be1a2bf9d95,train
1bb2531a30d64199e9230cc7546bf609c8ba69195ea06f719c4bf953cedb0db3,train
1bb90fbe7d0c20bf1404a5689ea9a770518089b0918a3fd42d0d4a8aeffd7575,train
1bba9e2f8c53bdf5fea1ef4c82e58aa7b01a0c87d8a7709309fdb1a413630049,train
1bbd9b757c38fc3f9c5f261e8db8309fe31e52e23a90d4615cd84f8cba312eb1,train
1bc7da7c6137004fe02f2d071eabaeb17ee35e9a8045defec146b7344d654a51,train
1bccf0cf78693e9a7680f9c8306428aa47f41b7ede79a8583adc024eec85da17,train
1bd0f0521fab9024811f1763473645886f8ede12a6de9348a4ba1505fc16a9b3,train
1bd2c64c47535d5013100e99a5eff6c5a2f8f01f79c83a077027fa236b0424bc,train
1bd32f46b895732f518dcc2a6752f7200058c80196736d827b0ed346176e7ab5,train
1bdb6f01f60e9ea70f8d9b240dc94fe2d6edfd089241f37e9df3e08a1df6d76b,train
1be1782d452f94d170fd7f6ce5b867e11567350bd05f9291ec11f84cc15fc6b0,train
1be6936d6a74d48ceb75f6eb30df6fa51762bcf502af3c09e228713123f79139,train
1be832a72540d7f8286e461450e1b91201e6d193e75bc19f13071c380dab9613,val
1bf11d9f126108d596ffdc9f48b230161b40cc4548542ec4ed84c242f6d56864,train
1bfa51596538a653a5ab7993c3efac20c482ab2dda57786a1500d6417a92e127,test
1bfb9b8c94d87b4f99d1d8d509fed8720173e08153f3e41bc38778c06930221a,train
1bfbeaac4067ef4a0eb9f9deeb06146912e1365df557fba17e77410f4ddd04a1,train
1c029fb9766a09a77598c54eb0c44267faa5857afcd1bf96725cf01ccc4a8686,train
1c05cc9c9857b501f3ab7ef9c54135403bea082f5a1f51b19fb0e9e6de3516a3,val
1c083b4817d9f4fc464307a3da5a12e0f7943ed88a9387babcf2e7dfd21b7c6d,val
1c097562256ad76dc131a31fd699d2146e5f46fd7a1400b3af179d877ada140a,train
1c09d9cfa785148defa9cff7d0fcd38c43634ee741be7d129f2a58680402a601,test
1c0e813b04eaefd8a7836c2a38d7cdfa3a348acca146b896a3a57b8768d9e2eb,train
1c0ed0686afdf08dc4bd0a1191fd21ec8d843902af4bd890e4adf542e3426fbe,val
1c144be5874927c8fde4c431369ed78d1f9647c5b424e5a087981646ec68842b,train
1c17e2f513ca6d20813f6e4015d1ea5cfaf3d4859e91b82fd6cf1372d785eae2,val
1c1c7629162b59e5bb7957952477c4f56dfd0f2c8ae35b149e1da3ad78e1d3a5,train
1c28b1957edd3c722a5b37eb376ab664c462b765e0bf8053b815d66539b9c5a2,train
1c2d63e0afaf55b80fcc886f65cdbfe15e85dbe92f67455e0538d0380f4fb2a9,train
1c3c6dad9a30186e7060fffec02f713e062e3de937fa0e0c9a886188d1ce3165,test
1c497f1983c93444febe50d73c909e6b1c3d009d34fe89491363fd77207d97f0,train
1c4d9544eb69ee053b5ab2915bf9985a4c698a8e004159e84162a4f7a626ed19,train
1c50b58a85eb51d0290e38efa06407f98d2bb2d252b2d4dc0ab6850686a893e5,train
1c50ddb09ecdc2650915d1b84035543e048abe89f9d1837e6d8e2a2f087942bc,train
1c50fb386d8635b4986dfd55875c1c1ad138dd916cfdce8c386aaab71004b9a1,train
1c5259927a0913777e2f15a8aca8a9d21edf6e06948809a1dcd45a44d414d2a6,train
1c526922a9ebe2294e08689d3fdc7a46e47d1f51fafb3c0c1cd4e0b7d96f6342,val
1c5302fe9e3b93f8620043e3bcf0069850a619dfa615920ebd4bcc562eeb1b69,train
1c54b856ea066a939b7479db6ea618e96dbb25172e1abdcd1e4473dd9490151c,train
1c5550c05ca64c212eea08265098086a723ee8cfe73d96d4f0b895595c50b6d9,train
1c61043fdb04917dcab94761fb31f8bc422408a095c93d4327ba41e798091604,val
1c67864166951bb850e7328c5fe46302f1c22f8891ef535fdd84d82a376d89a9,train
1c6a87898f39e9ebb78f5e1908c2052dd86881ad026a3223809204d7b436f601,train
1c6bfdcc146868669855abf015756ad00a7c05a0da3e9f001f98993fcc55bf93,val
1c6e5f39c6df4a7a9a174660e5fd6a87e779cfb47fa91b883b229f4445ef8292,train
1c6f7e6b66bdf123dfd3b242c76343432a2e3667e977c02b593837ef5450e36a,train
1c884e661e4201bca70ab3b418bfdd0fd18612426f6d88582098070e9f45e289,test
1c939ea12055ae24aace98e53cb1bcd38057d29bf51815727e124dc0f39f2dea,train
1c9f2a6f22cc6806b1f5751f985b21d769ea93304883d7360236675a8bbf8a14,val
1ca363aff90f5e5c567ca8b53a50d03cde606644a0f25fd2e5c0d0223cf208b8,val
1ca39cb491d1c6e08eba93e53ea17f1b6efb26f6f5c8cd09b26d08c0c2606f93,train
1ca563ceb93dfd1a47dcb83f4cb372a08311d54625d2b639427e1550c4867681,test
1ca653ec4bc801b8768cf62020bc5e4b814fb7481dc963b5f5c1555076755e3d,train
1cb1dcfa8dbdf96e023ebe123f72fbf3bbc484aad8041730113977580f4332e8,test
1cd36fbe2042d6d158dda9bac28cb495a85050635af04886e28315f908561ee9,train
1cd45531d66eeb4ce8b548a6cd5ac86d9ea2573ada24076b543d33f4588b2259,train
1cd607b9a8a80ed15fb04471989b5f1b1c7dde2fa22a83aaedfa4ef7e2fe3be0,val
1ce57cd46e5b23779ea9ffaa21b7b2c66d1ef3b75010dd069f0d5315bd532b33,train
1ce7c4f05ec0a75ba54880be2ddad0db51014edf4542fbe5af92f3953033f41a,test
1cf236df12a63a285efdc7a4c7c512b25c575344ebfd25bd9972db7c47ff0896,train
1cf78aeb840e75812baeba90f5a663d0761f3231a9c72ce3c56153347446c385,val
1cfc8e7df44b2ee7752a65c88274e65a0a09cffa7c7060ce77d82c20bf865876,train
1d04b38169db7b2920d6eee0f217714f39cf3ebea57391e51e90c27daef69943,train
1d0935568b6bb5b139e7c270816f6e4bb999ac945cd8d91d335f50c78268a4da,test
1d0cdb493323ef526550c350463467ad1a0a02dcd8a0c5de7507ed9593d6caaa,val
1d0f68355e4f6c441be78f5202d909e3812e6a4edfb09b8667f8d430150483da,val
1d1244afb80d240f4510912fedd799148055733f1ed828e012b976ea61878ee1,train
1d1ba043732a4e1e83bb75d250eaf7650a310f9151f00bceecd5df1a68f45203,test
1d1db8a44076123c83c6e26e33a5aa20a107735a0e55cfc9b5c7e2b2b38ee3ff,test
1d24d2cc03f6047369d587525baea90bb4f51a410b6c2b15f3ff00855aa65737,test
1d293d558a438247df8a607537dce37dbcadffee79737dc4882c936f40acdff0,train
1d2a5b450740cf3e7bfab2cbc753e4d61fb4dc8f1f26aa0a699157276efb3ade,train
1d2bb30afb442727a6bbefc60b1ea6dae5549b18cefd1430bc6d87febb22bbc5,train
1d312d6a32cc3583451091eca5146bec60a69e0e2499d44e96e0a2d1fae766a8,train
1d35202cf27ef066767b9d7ec995e6a9b7732d1082da7eed435c45d6eb1ef0a8,train
1d3b648a55237229b3c5b8a4c8860555f04e05c7b3eaf790036b003f315f3998,train
1d3df03a53498ebb226e77ac5aac8bda661c5f3bd97123b007ece90327e39fd7,test
1d4ec8db8c9146c4e381919ea05baa09e97ecff48d896428fe3af6ab86bc038f,train
1d4ef5fc75a6856fcf5f9f4e0cb8694172d4a5128f1bf35aac56fcd6f3662904,test
1d558d12c8c1b8963bf3b7a3c92777c64877d95542a9fc33bd1bb00e0ef91cda,train
1d55bc410b29c6490d95ee267b200352906ffc56cc76ec44a177737c9da077da,train
1d59a6fcdce198dfc9a466e7a1737d0b2345a35320434d3943ff37762e90ec08,test
1d59debab10b429b1e0d423dc468db973f73c8532771b7bdb11b94a26ed29317,train
1d5a51607d97dcfaf549768c2338c92e5c0cfb418fd757ecf5247b0d923f42f4,train
1d6137f6c5ebe86adc04bf6268e126c8438e0845dfbac91d342fef59a6a001eb,train
1d6a147771eacca311c1324a2cc75612843e8863998c2ae8bb8588e2640841f7,train
1d6a54ec58c712d80a7d603762114c4e60a34a47e3fe094dbcb2d7ae97175441,test
1d6b4026af2b3ddafe33a1b4203a4c2d915fec9482e2729fd8e734b1b42b2f96,train
1d711a68a0f898a7baeb1845d123c2c07edd46dada64c4a4d534d5f141512b00,test
1d7844d3054a814dbac1f5b4b6334a6d092f3e8ac7b1a520a1f9bb65b3c0f5f8,train
1d78ec58c5004c19c97c985f18de6f9ba26bedcc963c37a4c4976f7f34d36dc6,train
1d791b2538ec68683f86f93ed453bd7599ab6f0f4e6357fdc08a2a922ca36315,train
1d81b11a7495bc4d168ed04a7bfdf52b8a5ba919cb6607ba17cf8c96e4c667c2,train
1d841d51d7ca99a73b126d6cc15c0fb502f490dea8bd7d7cebf4c994966be7be,train
1d8692eb5246ede8a9be7a8d9230bff184d96c1cf4cfc8dbe9152181088b1705,train
1d8e0ef7e176ed7de71f5178f38e21738d88e96888ece3b5a6b0cbe85d9df272,val
1d905292c269d3f55112196c240f7e860167938054ac5b30414b04a4dbcab576,train
1d955696728cb6f14f31f189843c07b4fc2738e0805c892fcbbe798034e43f9a,train
1d978873cd17246f22595732bea9e1c7692c3462546be185f5aaac4006311d1a,train
1d99099cd5e1a8fa3ef6aa18dd0a07a10561bd94088d5c9fadac3f8356feb4f8,train
1da650e2078c0434f6595b26d75ba594fed75e60116d2dec0f8ccabb137cefed,val
1daac9919e05a6be3625223b84e747e99ece3757fc725d0c87350b594c2ef5f0,train
1dabf3366419cf1786e39935f5aca98c13d02d2893bf700d31b8ce1b37983509,train
1dacaac60134e7cf65ca92b868bf499a279ff80e38488d50610e80c6dd906b9d,train
1db00ee5c92809b5805138ce2377cb92745ca945e5f57c5734a1278acdb973a3,test
1db435767a9691bce95b10adfc5518c315f00fda4ef5388cced2a12bd3a70a74,val
1dcc2b262b77426ebf4089e66ce563fb5f683f52283db4418d30929f584ae8f2,test
1dd36ed90c36d470a0b3929673c6a7e0d1edd864c311ea51fc8c19102cb42b71,val
1dd551fc4fbbdbdb22b28f5d10b6ce64564eeecc1cb7ce6245279e8df0c0ea69,train
1dd7699af34c0ef41edb9258349a3b25560ee108ef8b4cf72cf59d63e4a1ea43,train
1ddb8dd80d766f940597ae0d4f0c856339c7a9b17f469bafb1452b8a6182c8c0,train
1de6c2ba2cd7407bef7b0c872ab6b8182bec7409c963ed5b5b6c35ce09100750,train
1de97b01771cd03a3569131f32f96af394058b4edb63bea7686036af4fff5b5e,train
1dfba49fd2b6785d6e26cb9e12cf89763843b78c7fe2092ace73cd670e0975fd,train
1dfc896da1a2aa635da57356d70819409748b6ebee3fc6fce39fec6f72e46cb2,train
1dfd4be2ef90c00133483b4ecf00049fa72cd63858b542fc7ec83a3d64fc40cf,train
1e06be669650c96eaa3b174c24ad12348e1c0b1df48cdc56259880e16ab91b4d,train
1e07c1dc6186bd0e5092cfc7ebe97bc175eca2673adcfcede5cf54cf38e5e3c2,train
1e0d44c70147a48e0b5bf0b32adc107cb3d5adfba82fbdb517b79ae5892ded21,train
1e0e97a8dd30364f0c91a3dc374872cd33e55b2ec3e434bbe041aff99c1ddb49,test
1e1478f92d5ed7b69acfe44ebcf080b7f7639d2b3d11dbe80d732d021bdc51f6,train
1e1d12e309de3df0083c55c901d53ed32d0e0f819b52d346ef37fcb7e4937d3c,train
1e2275efc6adfa4c858bffa1fc278bf88f1cf838d7c2f3703a49297b44b17ec3,train
1e255dbc2ec3ce5384a105ae2400d335a726849dc5545c8e9868d23ab9c14fd2,val
1e2a57299ef5eecf8dc9a1a25daf44da060aed86659610fdc45c67fd02bd8391,train
1e2dae135656e76116ced4d9faddb7bb88f7c4c897ba6dffe864dd368a72b211,test
1e341fb0d6055ddfbc43be497fa466557b91ee6c1abb579669398c7c7c223150,train
1e3511ad9bc772143efc7a1d91538be7d36546e3ee42f5d68c67140a408ed71c,test
1e36b52681ec031943aef70f947590976ffa2e6cc4e3d61e49c9491f6b928210,train
1e3c39046cc81a739833d318acbba280f2739482a09c3e1211bf51b8ca904118,test
1e3caaa8f6c6711995fb6c1e6fe9b951cb4384d89e69ed6ba8c243a823e04bc3,test
1e3e4b23e0977927b81925e10de25d5414ca1ee945e1bbf165aa56f2bdddb80e,test
1e435b265a271743755cd3a2da1bf167c05e7b53d057191ad59ff2af6c09d151,train
1e447dcb6c516be947fb5485041366f7051d06764eb92c203d6f23948477b155,val
1e56b97089aeb5997d303895695bdb5e8465845ac6e782b16fb4fe66dff81398,val
1e583944baa8b752d031b2de641c34b410095624334063ef98689ecad4b921da,val
1e5c590840ab8b494807b168cc02abf17a90708777b49954578231977b2cbb4b,train
1e5fe535622c2a7e909d13f8ce461cf3e91823bb0dde362fa624cd47dddd6ef1,train
1e60c40b2ac4cbc0b8c5f99a26d1693534de289621eb2c593a0dfaec9be33dba,train
1e656a735a0506a3c75114440ff1837b6a7e98576746219ada5bf71210700952,val
1e76dd018ab15a02b626b72e17a67eff369e8f3350fff9833a57dc92d6deed7c,test
1e7ea40dbd7a2e30803854e2cec396ddb88283177a86afedab37057c59da9db8,train
1e7ffb6195d572aad2c9ce5acaa586cc7e80aacc3cbbeb61e8e18434fad27ad6,train
1e87c876f19e4d003b398f8fd47b12e64f28f3254a9f366a623bbfb227613446,train
1e8b0bed4e2e567d6bbb54b9af33efbf468a70d4c72d2e515c88525e66699f2b,train
1e8b757622537d6edf8be0bc63be7550c4850496793786fbd11269d103f4b277,train
1e9085e48ab2278dedafb9403fc9f1d7d8ab7db2453e054e890ed2fdab9afb2c,train
1e94d3fa5902c85cffa61c762d788e91551014a5d3ef0a9a979daa3b3a7f2c98,train
1e9756a0d4a844afcf9910e27ff53a23d734bc7967becfb358b1ac88913af096,train
1e97c1e32c2596afbac8db05b2a52c319fc0bcd0ec562a419fbce3317b414422,train
1e9ce8c8e6754edcfa943f8962077956e9b217e563df7347bfec322c7ce5b49f,train
1e9ee3e8d2a4b73b49399f0da099e8b3ce0799347405be0706847304d610585e,train
1eb0ec654c30f96ec64f049112a81675e0416c92a3d97ffc843ca446e1b256a2,train
1eb6308f495dacae6039b88cd3be422707fb347d415cb010b4ee01de50c89b1c,val
1eb9a746c2272e25b6503d239468056039bb21aedb683a07b5f52f722f94c153,train
1ebe39dd343a9cbf953b8e60839639eb27892f983d3aa0f432a49a4c42c323c2,train
1ec777184b581221ddbe01609ecee0dd44aeaa4b3f63c5e9819dd83de83b14f5,train
1ece2aa549a0d06bd13e41edafdf5924988ace6b7f3157131ee4a5c6edc4a96e,train
1ecfc9898499712395cde5b46e2c7eedebef20ff92369663e65e1b4b72030cf2,train
1ed58d0aa0f2117066f94da333e32f81cded5ff481468e594d7e738026d1f7f1,train
1ed94150eabe40bf96d0640dc8578dfa260da1a3c8ba20bb9f9a35871ec6502b,train
1ede2780b3543e56d523a746fa6ac514f649d0949ac3b4ae5613630e2c9d265f,train
1edfc3d448d5aadbda6d83b7288232eed94efa36dde2b2e434aa1a9b6dc1d970,test
1ef4357e6655045e46e3238e79f068c4843e522cb630fc5fdccae1defa430ca0,train
1ef990f69f9847725e38747700feb36a0200578a28318df286cd5e0dd8ac7d33,test
1efa82ddbdd5552fc48b3fc435fbff9a7b2914ea5c9c4f83ae08088954d8ebf0,train
1f02c1ea181768cc2276c472d43d395ebf1b7a9eb9b606070b6ce06c3f1456ae,test
1f043d32932b1d5748b571c498b748383f9a26c96542a5fd1ad40360d090c8f7,test
1f05e6660b3a611a535372b9684a7a83662fb1688cfb42a533e6b754a91e2ed8,test
1f18fc8be97b791a7641c67e40138c276c9bbde07ec350f9b6a9960fdb739530,train
1f1b73a5be3b24026a50a334a0b94c8fb990f3621128efcc63b420b0ba9d9aae,train
1f1de0df51c12efe8a2c47d0654ee5298cddb64f560f23abdb887a23625fcfe6,test
1f22bba0c65091d60ce0237129bc9cc7fa55210b55739adaf4de2084b5fc2860,train
1f2de525e75ede5475053f08e71565e89c6c769efa1bb2a1fc33599888cae598,train
1f3102d60d2aa8a187006e7fa4771765309914ebd75c6f5674bb1dbd88e0c746,test
1f34c030e6206fcf6a075683181601b68593f78746c8f8b95bbbe8486140c2fd,train
1f3a11c39474beaf414f6dd4aae0b67da2169816e3b0cd8a9947e69bd5a24f2a,val
1f3d48fcf8e3d6f3ecdadfb0aa63a19bdeb49713fdec75181d80c31bfff17627,test
1f490841fb4a7e297cbd9af4241f8f5b2a04d11437d0db29ad45eb4526de7951,train
1f55a9db20b866e641e387c1150d45b708ea3f287e345fd9bb11b478e34d1f40,train
1f5873133fe8999cf40a9700f0688b9ef986566d5746495dc6bac79e1b96e737,train
1f5ac1fcd1c33652f8047dd397963f5ec654cbbbfb89c9e3c759fc660507e4a7,test
1f61b94de76c06a6057b1437f8dc6882f53f44baed62682d5566936b02a76273,train
1f61da4ef1bdfdf2876b09e1fa7c7fa397296cb86134efb6fbda6259f84ee226,train
1f62adc49e38fecd6620245e04bc1482cf682407687aa4790c57e133fa424234,train
1f6831e37d2f64c28828635fab53c972067aaf63bd8af4c7b7fd93e19244a0c7,test
1f68a2e6ddc8849b6ebd35ed9ea6abed617b0808b8aef85a36ef7fd463a660fe,train
1f6cbd121c3832aee28c6e5d2e202f3e5f3af6ceea6e86316f073f8bc8db452a,train
1f6eb28ac4701a066c5733340d7f7197773ce6714887ed499fe95960a886c807,test
1f74361d8981cebd6c7eb86e85a4f6fb567e78a0428701d40c3f79ddba5ed33a,val
1f75bb018023cb947bcb00191f556a6d57849e84ff2f82d6a00090f3e8b5d3f4,train
1f825e3f129b0d4c5ce144aa091eaa3ebb86d53f38d261130e3496078531b852,train
1f82f3e7d22cd45367197d09e11705d94c2b6e20b3a3cfce5556b3a9ab17abc0,train
1f8399767852e3f546b0b101cc8e9c7dfcd0b21609c6de11e75b3c1ee17cb82a,val
1f8970f7ec9e0814ae4a61461347abac4df6517c082b681b3da8a21e6a5612f3,test
1f8a3aa6f465ae919e5e1e218fe11a8775d3a049b9e65cd8100239bc8a251d3c,train
1f8ee1e94214b7332b09713f0ef3083d46993a194d55c4def2248eca9fee88b1,test
1f8f7009236a0e11cfb21c23537867a571a813b75e9041d43533812f28f7a530,train
1fab4820a8b78987d88a34e9158f27a7cdcded04552f61b35071ebaa201702b1,train
1fc73307f3a7c7b16687dcdbf067c02117548d48e0d73c440348ab5a8a1f4c24,train
1fc780176d23b34789e9ccc3d80285d5d339d84ce4b9737d1262c24cd75069b8,train
1fca93a940cb20bd6f55b239f9b54ef380db5cc3b6935b7c903d2285ba142218,test
1fd16263547de3578cab7f9a5847ae368895233ced54beec69b7cb4369452f80,test
1fd4d41c76425ee9e1f3987283ceef8ab2eb2fdbc6b8e8ee1c50b50f80935159,test
1fe9d1d8a17f1e249bb915395d638dabbf6541c1915c884c248274da55375364,train
1fee3d61b9e9a46a151178bd08c4477c2228056fd42419ef96a8ed44de9ecb1f,train
1ff1291a249a0ee5aa15ceada889d8393c87b743b826e4c55ee83ef868ea459c,train
1ff554c6f0959aebcea0444510be1ea44baff1c0ad07ed1a7587571e66c7e84b,train
1fff56a2b7e021729619cce5819bb6c8b32e5019fe513ffe69e72ae22ce4dd21,train
1fffe178dcb8775ceaadcb02466db09cbcaa3b13a891a8619262f5da7bafe1f0,val
2000af4419b8bb2a6bce47318364adb35a82770924cfeace41628915d77ac1e9,train
200a9a5085152a0682c696279b213031325ad820a0298a05a766b775da135d06,train
2013cdd631845f38b8a9f3977a66fa47b77ba88913412e8b5bde6ea5e90f60ae,test
20149b38c675a14589517b28410e421b982efcebe2bbb5b27e32c3957ebb5513,train
2017d590367ff655490c6090f82110ed825b13e9927c298c70c16a2da2dceb1f,test
201a47d43d3afcb6a960480dca9b81c1345204166d0a1a8952eff805e56df629,train
201f4385cea62c05175f62c1640cf9adce0c1e1c063876f6edb56c9c0529ee8c,test
2027c67f0b3c3cb951b595c86c4921e502fcd088b4554f84896a30d887931fec,test
2028edf4d6fdc77168eedcfa553ae9345ee54d571a96abeb82b03b730048e416,train
202aa43a362b88e1ef71fe64ff4c8d6170801b54fee07f54b58256e881d0ccf3,test
203013300a7482f24421fcbe006b0c3068faca1dad1ce4b2db6415ccaeab6725,train
2030a4e138006dfb96ed6d6d93ee3a797b1fa9e0f13c2104d8738c3825013646,train
203348871b8491428ab1fee9dc71da812f91a0504e41ff3c13870b0bdc850155,test
204494e8dbd42eaf4787af83ae238e7a26b02f5cb53acc594063ac4fefa6adef,test
20460c1d5fa02b6711ebfcc8aea960b247729e19e8ed1259e9e2db0d81776b22,train
2055c0cd50f656a8948dfcc02893302955bcf0391d9157d245633e6eabd9eda3,train
2061e0a321d6bb76a701a0e2cd14a95ba34ebdf9526571b34d0ec207b907a1ec,train
206406e270d0b7f51641ac63db829dbb6bec85ca8aa3c9482d2405f60bb3400e,train
2069c77181eee66521a090f01a908d42856353f20aed1e65b4d591338a19bd56,train
2074952792fbafb85997d7517fc6d069f3fb64501cb57e92213125b6f388d532,train
2074e8e956ca9c87c8b37e960eb571c89a61231778791e7b3f8d7388509d859e,test
207714a71edf3f0dae1c3bbac678dc53ef1cacc92d9b0871665f11cc333fb830,train
2087052640ba39558c552399e34f451ff50411bee06368b659f330d9935275b7,train
20892f31e5232adae54b77e401fd12ba8352749df01b589acd2cd1d8538933a3,train
2092fd98052c7ec6d5362ca3b58b979ee25373f713c9792fb0eb6f666afb4239,test
209a513082685e1f6612816afa30a1b487c5da154bd030441e41a72c3e78a5d7,train
209ab87d0ae21ace05509291152673966451b4c32aace3d3dc3948e5d280735a,train
20a4ded6ba54ec73950f7712e2e504a8e1c863bc83c5e2210db961b58f08a683,train
20a4eb9a87ab383f6b31b31ed71a3a2a5cc4c6b2bce3bc1887780b9c00cee754,val
20a72e52c5333b30a3501b2621d5e26d7a4cf6d5099118d59db85ab8ebee550d,train
20b57eafca8bc19ed1bf488d95f4168aa7d6df0aed60e447a3741f3de25d2c1a,test
20b66864508ccb9b1f44660f9d7a871137a77d40266ce97264e0f1cc319fe612,train
20bc59ca196782f981595e265225984809c1e11c90f3a894b3610abd94c40427,test
20bdd2f5478f58878d3d5884c2e6fe149209d7af747a38640f5a6b0103f49da7,train
20bdf223a6e0cbba996b8754ba8c6aa3e29a3ab0dfebc1f7e47ab66d9811298c,test
20c02ac805ae9ea0b45aad21b0bba19871007b795a6d2d1f16a18bf754d3d115,train
20cab56323817a595c5cc37553af2d27d284ce32f854f8fa247e269da9b69b5a,train
20d4afc786b7db478999f64546ca9fe267522fd2109fb4ea83bdcc5889843bdc,train
20d4dd80b89002a8214ebd05737f001d2f0f6e4cd1db06d3f59b1bf8c8904902,train
20dca2d2a7146f00bd4be19e0f9cdf69c06a67cec9d0c941ad42abd0adc4a6cb,train
20e38ae6af035fbd6da0cda3c72f367f8894855775a349eec3918cf9b9a330eb,train
20e8911d8e8ce58c492c967e040f8bdc6d88cb44434e3ef5d6713a4971f3e8cc,val
20efb5a9749f0d64b7d45ce49ee254a908eaa2babd0bbec715e0cbf5be71bc22,test
20f288a679a5b9fdc95a6af12a831883e73f3843f6c01a5dd1abf7ba72fbe938,train
20f4e201741b223e2609d17fd77caf0d0a9209eb1e8ae95e756cfe02e2b34d80,train
20f7273ea270dbb3b56d761fc58324eaea3f6161e5a199e01256a0e4995f2785,train
20fba9cd805ed3db98a262f92db12ecfcae4eea7285e3a33c908ee28dfcd026a,test
20fc1316ed19d0c3d3b9c1a819ac77041e52dcd5bb8ff40609a6ec8b6bee1757,train
20fe99a5c51e6269a680377e37687b00e1756d20f321bdc52bbb75dd561c956a,train
20feb1b22dec7db59d129eee43f00b6e33b3134d18501400ee1331f61a92a1df,test
210022cbc52c019a946507aa6d28212fb37a12399e41b2e21b146bbb18345a3e,test
21023cfb03bddcc72108a858590f6efe4ea0f892e34ba7972a5b6352316c7793,test
210508a380c0e386d67565a30ac6ba00497a6aea1c55df9b0e2a76712ef5c9a4,train
2108901dc3292648037a082437d93162e446934a4b4e1706c95caa5ec32d1d75,train
210b49f0cc037dc470403eed474185a4b814670d9473644a5144b4d6c2975dcc,train
21122578c094fcc01234474747e3572590054c5e3b9f0b989002dc241c1cf258,train
2113ed1a69c5115fb7e4f480db2e916a6b3dd6ac35a44b5efe055f220eb7e7c6,train
2114b4316012f44ced631f0d15ecf90da6b3ce25fee25ef9e46637b7abea2ce2,train
2116bdf0f93b4b588ce5ae193847241e9c9229336bde7466b74514987006e468,train
211ba55122e18a826d044abc801f3dcd833a7e0744533d1ee46742687092b4ec,val
211e1d39c9b65433bef246138cb9b2a639b73bf60a1022bf546b6a48c36e4051,test
21200faafbf81c675d361390f359cd97bc6f436f634f20c04e24e79778715a73,train
212bcba23f0393f09b16a21c451b3297fd8e5686ca5544e3877126a0b246411c,train
212e49e147e2ccdafa0212b2d56f645ab9acbf05233ccae8ad8f286bfb7aaaa8,train
2137da21528fc9ac1566288d62784ebd6b8db1fe4562c693f81a637e534c9327,test
2137e44952e896852378dd7bac49cf72a90f6754f8bcba2910f6001efadacee2,test
213e963952c56d2faf1458a274c7c09a8756e900b23010adb9db6f4027780a1d,test
214198966957c1017d1a3227a6a8f9908cc3d16c01e48ff34e3a190bc74cbc86,train
21549eec5d633e0b9d549dbe7be886bf158eaee5ef5fd17fac0dfa14aac945aa,train
215632d68b2dce0b1bc46b21c9972aadc5831e5185586fa6ea5b01c1cd955332,train
21577a235d3f030bb2a7f0a2cc9ddce27283af3ac2628e5cf132ad0f0ab7c5eb,train
2159e7908bfe83670b5306de135de07638598ee1bf8e973773286444436d57af,test
215b7c9cdc64e4dc87fed048433a8e4c0ef485b9b8bd61d23e0fdec3f40e9549,train
215d3f39f00dbdbde3a3d260f4c3d0d066f265539b6217b763ee7bff8f2c2207,val
215f8bd9a8cd27a9d106d496f658e5e41c8411e2afe59e1a4217ce8dab075b34,train
21698232e312b29f631b89a2553269734e6433e508dfca91af07a0718a3f7a5e,train
216aef1239cb6c426b032915afc487c14f4d14dee56a602a2d6953bf5f90f391,train
216f5dbe3f3f18ac1771a70172377c7a75c557b512b84a1f90ead1ebd85fde04,train
217059b0beb650749e97839819edaf40507e4a1845097fa527873c9b65e47064,val
21764ac7851eeb773d6b495d99a8b7d4eb012a5ba5c2362c50a62460c08e2403,train
217bfc6cc4c40185abfad491097cc53fa4d2c5fea9804228da90181453e42d5b,train
217c62381abdc1a575167c58baa6b4a08105516fd83918f1f18c6a6e6c209900,train
217ee3cf19ddcbf4c18658014cd5a8c26ab06de39ae78b026d0e98f3761dbf92,val
21819112be6022d1c6c39fbe4c80cfcb8b858aca37852437a35f7f4febdc6875,val
2182930c6df5a9dfc1f21f81082371e35ce237f32a7d1ebcaa3ca97ce7bb38ea,train
2185373ccb7f44e56c46e1627e5e8bd1ffbf8c40a7bfc83e31b009e59cbed016,train
218a0cb75106ae68ee35f9931598fa36b0f5149edf62aa8d8cdd7c8f097712e8,train
21901374bbd1810c7878e3244236fbc32c6af9ca812a14de01c3e96a0aad02f3,train
21aadbef446f33721f955ebc44edd40336d80f1a177bd647a77b4cf01e3d6c8c,train
21ab9b38007ee38d53da8aca1d3644bc92badec5981f241a840a49b0bc10a82d,train
21c1bbdf0373afdfe9664488df4eea23e18d24df5d8dd734575d8af4c0a8f971,train
21c1c09474ccf0ca131a65d46669814c5145dd928381a2d90f3ac51dcc87d361,test
21c302e6d3f6e78d570f02bbbc0d02675529f7cd27ee38d742aca96fe907078d,test
21cb7f5cf825fe8a05c73de320d85d3e86866c87eb5f3d7d81dfa6a8cb153b9c,train
21cc99f0048cee12b8ada01fd4e8c6f7828521df1ab19079530cccb676eb89f4,test
21d07f7fdf0313285c4d1b9590db887694bc1def6d04c0b86014e7c9d74386b4,train
21d82f84c8da2dc4f10fde46561dff07c01582806435ece690303e492a2d4b50,train
21df0b27ad5d117fe78b8ad38f6d844aef4562f8fb6577c9d8a8f7a924e7e84b,train
21df79b366c1f288a42a202c0fbce787aa1f080ec4ede7b304c108275d725cd7,val
21e2dcd79e2811eeb88a06a20e0cec0e9711e72f3530329e863a0fbf935e7740,train
21e718f13b5f4435aab940684c1dc82b37e12f95b31c45bb861260ff3db33178,train
21ecfba29561f23f6ffa03e741dff2a3b881b21dd81ef0eb380dbe0624237b56,test
21f6120d88209fb20c82231dac06945d694dde9efb540add1120a9493cec0a9f,train
21f80d729c0c2e4b4f87fae1e90a8a9ae04fc173d96c6dbfb8093ad3cf03b63a,train
21fd75022af566068a6da04289924d224f5daab3d6fb6632438051234658cd23,val
21ffac65fd6407a2a77eb6c8a53a89a4d51953f2c6af1b0882a98201302d8565,train
220daf23007d2b6aaafbb5fdf6cd503cf2c0206b4b72ea7c117e4cce4a3abb20,train
220f056578587f56fdbeda900a0537fd7897bacd3119df627477609a958c36a6,train
221a827eed7f9561c32230bdc7323fd7738ec554b9964e9d945f23efe6406dda,train
221b400d640dc876d0e581a270d456b76b1c10805b77e2571d08f6869a3edda1,train
221f28ad91134226e062e15985d78890967ab64fd28d16ca25ecbf2f2ddaf7bc,train
2221f8fe5319b50ed8af18cad060d6dde01d60129a94d1fe080fa32343e0258c,train
2225cf5d662d1950897e52e70c42c64cd073e0fa2fe5b23e912356ac5c95bccf,train
223509288ef415206ef8bc9cd25ba730bed2df7a2578ace9e5ea007b05124de2,train
22355a3576495723a124341cb18a2b0785a34c1edc8e7687478438b426abfabc,val
223b6ccdf9d2fca5e8e3391359d8aaa7a29aea93ee3ee67f94f74e305a0a0de5,test
223efbecc10b3cd6e6e474d1e5a4381ee0ebe8bc4f27f71dace7d9e6063ed5a4,train
223fc0a9d5b89f60eef592e4c36de12aa7689fead36c59277775763b5c86557b,train
2254c418760a11e34e2179975b2cf9a386649d8d5e53ac02518bd911a5bae3c9,train
22600a4bdde1bb21de6d025b60ceaace258163b73e70d7d132c600cdcb5727fb,train
226251989b65faa10eed1e66b1412ce35bfb2b84ecf35f4842c280dad11cd955,train
22647724ed865b042974d978754a6cc60fecb99238db80e63d4d3458fb2ab966,test
2265dae6d59b1d06a4f04818969e51a4c9dcf78766a0efc0172102557b3fdd93,val
226a038e6a24bfd20ee7dace3564610cae3796414bf7a5565338b4f996868e01,train
226c7ed11603399a53ca43098a7768cf09a8de114c9831a366dc898520b2623f,train
227690cdc93b1b6b2d1d264764342ce59c703e33b6046ca90fd2422dd5a14468,train
2277298b1e15a75df92cca4922af4e440984bef712eacb546bc6534d3ee3e1fb,train
2280dcaf4d3d92880790717a392e00a67fadaf29bd1a87eb6ce9e8b9f0141dec,train
228721b01666d9087e055ae5b4bbe28a19534d335a8276e3cf156deb91f6a262,train
229122c9b229c8d7786b3b80bf7c12c19500fc19f3af35a73cc108e9077e935e,train
229d4f21ec95db7873053c64c7a58d28c25c982015136ac9db2697c3a5f61547,val
22a1fb5d00f418351679ad38c5f2ba8dbc3a4cf5315ac5e93db1960bf67b6c81,train
22a4adb34ac36fbb4a6f35d710f6f76b211577fb7579aa89e75d633dd4b1f87f,test
22a7fdad6ddcd22c83481f320fe31223d4aece8beb924a6dd1b4f11eca12d024,train
22b4c35af9e550f79e237449f2193b336d81496fb478f260a8450cf0ca871903,val
22ca19bc67aab7f0f905182c98b6ecfae660e1251233628a3491a4a070e68ff2,train
22cabaa4577c527defda79a5720a2e746fa282f7c2ebeb690d421f5bf1305947,train
22cc6a594e87ca5d84ab9668cc94e97e9c8caaf9f453cbec2bfdf6bae3ab8766,test
22d32ce27d3fc674bcd961af92a0d0b7dc124d48f7dd6ba87552f93b3274b7fb,test
22d32d39623adfb4e86069f9d1392dd71a8dc10f80f57bba4884d38aa1c62368,train
22d6592d082cef12b0d491fc976e08ae3eddd40db175e28d3c526dc164c6c256,train
22dd7e22257266c1b4ba9033cc0958fdd801ccc255ac3f941efde22625d9ee5a,train
2302a9c1d140b78e37a6ada7be4afb410e66726111dc9c9ce997ea8d884e0c2c,train
230540b146b93e2a251a1f3c20c56074cf06fffdef0a918f3c5b5f0b2324f7c3,train
23108bbf541bf7c60323773101a8381fa0aed2cc010a148f9d53026d3e9f77f9,train
2311b62a6398fe2a878851a6c6ed3cc32408ff688063fb93eb5e99ce28945064,train
231ee596096be86dd38bee1459e056c7d309f09f8bf146372134e56d1e8bfae1,train
23277c35be07b13c6ac5d9f93450f74aeca6c439554e73e83c1352a0764d4b85,test
23291a63d3b8c2de4fe96e429c6699b0a186743598a3f6be8809d0e4ee4bed54,train
23338b6a8d5651b10253d83c4335c7ecc48ee032cbeae71ea6605185b563cbdb,train
2342d3ddba2ef86a411764fc1177582d5cf388ab8be215c50e24e01284646704,train
23458de084aa14a25506ec41f80d1583707c0333577aab4b6772ea945aafddd0,train
2345b10d1b8eefff48e376677366f454a8321feeed3a7a7751a76d931422e5d4,train
2347f38be8238720cdf334404e4c9b7a79cf62668a9d895648c54566110c5a52,train
234f1a63ffe6cf3c5b911be85037239c3d2a662342cf1ae79b4d1fc1e54ce106,train
23513ecb61bc1da1e7bf82134c69972aa968b9b50b7750dfbf535cab78132f3e,train
23522a805d5dacde9efc83c21fc2e2b2ddcdba3bf6b4b8434a30ce6af7a04779,train
2358b5114feae11962733726639e776360c7ce0deff5fea9e07b3e48af0b0f50,val
235a2a978dcad47eb7e5405635cee887517a882c1f9690a8df5cc9952e7392ed,train
235fbf9feb64c718975cbf241f1673845c0219f3df775e8b27e2b5dba6a30483,train
2360c1c136961e80db76931e590f5394d04415f457a0bbe4dfb8b9bc9b491e7a,train
2366231b7ac42db2057fedcd8003366df1c6299b2836474ce04acb10db6fcae6,train
236c27494af798d9ca8290af8b56e983c97832020d90c1d73ece2e1e45fbb64a,train
237d03896bb243da8afebf641f99281a609d9ede147b0d857c49c2934f3deb9a,train
237e00ce9cf973ecaa5266319634f534ca1a740c0996d81f5b31951a6bfc6fa2,val
2385e0e47d4ba8e22fde259e2b73ca6a537853896b08e4ffea8cd56bd43b75da,train
2386df2f7d9e2b03f301af77678de419416998fc73444df3b18057a50cfa3c71,train
239218cb0a64cc1c9291bdf8983dfe3cd0781c61c8c4356510b2d0d0983366d2,test
23a729cfdc78d9079563f0947627a8d2622749da0d9d14f2f48bcc8c28652b44,train
23a78b4a55684174818dd1d57110841b08f40fd5a08c06735e3e569bf8e319f9,train
23abb1f468b38ba097f797c82b590985da7bfbcfc69528b38cfdbc37186a3896,train
23b0d675154f95ba200e95374a6bb0a5da88203fdb0c77847e6ea6f374b9b3c5,train
23b46f66a4414f9d7258d29ee0246d8a9b96e9dc6fe5d8e2de4ed0a99f556d95,train
23b6d200981489d5757979b35ff878ad0b8b1ae7c127d3a8afbdcdc2e484fd4c,train
23bc87a41b3a76d98bc689353742d07d60862c858b798053564f12c1affad76c,train
23be8100abb085f5aec059e7103af2ce3a63d1ca09db32bf2c503abdd7236493,test
23c10f4bf426f0ff22d132d1b1b8ea8e450d363c9e7d15d859c39378587ca723,test
23d0c336a1d7516d1c48b022799def56408438d609f46ec0ae47f4bf24991cfa,test
23d6bb8ff8fe80c4bffa1410f37bbde44dd4bf9e2f8c8a8cc0b6f41bfa491fbe,train
23d99e95d07c0604936cec1980bd9828b6f93f8fe95c42865e59033734e5e6a1,test
23e4aacac1c5eb507d99157c08f84c004b84f84f908847c83f51c63c4514be67,train
23eb56df16a02c0532a481d1bfdb27cc8bfb2a469f480d52e8b83f796d34dd40,train
23f15e60a7bfe17d2964bc0181b430c4940f16045493b1a043600435d0d1d0f2,train
23f6da0dd26f3845db81e160dc04e6f3473cca61ca65790cc21169b99ae1caf5,val
23fa01b0a2f3b1809ae765e9418e93db00a58b7249ce8b2e992699f6b82a87fc,train
23fc0d5f7564b7002b5d82514e373e56835eaf1ccaf99bed037e7ecfce5bf89c,train
23fcab98b2269c2bdbde8b7f22876dedb104f1229d3c79746ef07b3bf6437215,train
2403b4694a87bf8b3f6ff0e2d9ea44ed72ed166a508ba7c478ad773d482c8de6,train
240e75e1c5ff5084df1e9919ded160814e1175d72deb165dc80815df1797012a,test
2415a70372c10e2cd3e2491f7b909b75a316a061963f5c0011de56386081f3d8,test
2417ead7a3e6893ee5bd1242f07cc89ee3a5643f9bcc94f7017eb9a76248c06d,test
241e2a7427a357a2024d74128b2c101e3f623243201b2d57a95aceb63e74a5d2,train
2424ca399b0ab316b61559442f239ab14d13e28f133f43aba04dae098698b6ff,train
24284e19da9f58f3fca15c9d3ddf035642ddd85fbc6813e7b9f4ee2c39fa3ec9,train
242911845c9666549e122a703c3e699ecb9e63d6582c6c565bb59af76647a265,train
243895b70ae2434eff6f9db1adc3d13618ccbafede01cbdf283fe55422f1bbcc,train
24456f7ce573c0c4bd1c05c3e8169fba60800044ff923ad0c48c1f2e6db0a949,train
244cb3423ba654d417a921545f23ab06e5ca9e523fbe8e81b02e3ed7ac9d7030,val
2459a5ebb34ca390a66ce39e9623c22eae1de201560af54266c7eb04577181a4,train
24635399aaffbe7513e963276a5170ea61f58f740d232834b1c9fb150953d3d7,val
2465a4ba0adbe2960dc22e3300ec41d9ce0ca7b571e2ad288b0b30c69d6947ca,train
247041161ab756f7625d3c39c2f9cc07d22b0a397aab5782b18c114eaee6e0ef,train
2478ac658965d0dcddbb203f6d21d6bcddb505743fe0bc4e0eb1d93e2ded5665,val
247b7fbde18ba33bd36c90fa749060e832b02f80cef529b90ecd7ef9ea8624ee,train
24809be36121dd2db0486e0eb9654070a1fab1ceceaf308024f16588126054cb,val
248c42eb5a25be86da4fa7a5a992a838173721867f0bc17d19932221f5f5b940,train
248cba150ed17a2dc915054306cf4f1ac70ec8f0c5b87be71edcae964a5e7e2a,train
249452caadbdbf8536f4933ca1dfe5893903138b3e64ee761671fc294b790e50,train
249685ac7479d0fb25f34747953d7a9c51db359c9fba844da83f7537c1d26218,test
249b4fa4f1c3a0cf5d5e73260a6d1764cbe739f8ae2360a57bea4e0e917d865c,train
249ebe6a4c1ae4662ce4fcd8aae95ba09944b36549324846293bfc253a56b833,test
24a03301d32e53c68104322780957cd2ad50d3bbf100f4a2787725f85f60c89e,test
24a321c1a305b572f50c2a2bf1b53c4fe0c0831e33c65b4214c3a2acea07a3d7,train
24aab5617822f5117c6c37a19d32ce7b0e0101d787377ca5a429987cdbe3d309,train
24ac65b8f3e0c77276089a4f027b5119c1a5dfee7e5ce6e769c71131f027a2fb,train
24b09b020f388c1dff7cd5045e4f441a89414b9d0943884236f12d7de922501f,train
24b7c2e8bd511dd9c311037eaf13499dcdd306f574657b0af4fac3cef3778c4f,train
24bc09430006a6bc777a0dcfb29a00b2239dcf6c9c384ae7bea6210341b0523a,test
24bee0667038461fce74683059cb6ced4450c948f039b9e93f9fe77b2e1a0267,test
24beefc5af54c8a14c1f16eb73cc21514cb9c67923c83a030232e88079d00d10,train
24c00fa66537fcc1dd074c97bc26fafbb4033ad4f9c7e1eb89e8f30ab29e30db,train
24c1371e0f548e517dfb7e7fa8aef184a1f111779f965805bcb65f39a3b3f0a4,val
24c4ea9a3c586e77b9ab8706780e1870400fd06fc38200f07ac164ea7257d4e2,train
24c5c4d0ec7fa208b63c0a1956ec1fb52acd00bb735e31a207459d4f324ecaff,val
24cd5edcec64d42020bbeb944275e7661dae3db1ef4b90960e2e79db8462c53d,val
24d13f67625871eb32dfa990a6aa5819f555736bb334233639aa5914a48476ef,train
24d6ae4739e17c82432be475cdb51b388a461fdc9e62db7ab7c4f14b66c0591a,val
24d9b90a371bef71efd797df7f373ad734f737901d80661d52b0b12119153573,train
24e07379b27321464a2624b974f545bf67d3e2712e9c7a0c6e9e09351b805b25,val
24edf2c7a5777afd688385df6c5fff75dff2ce2492141b12d38cb36f23373ad2,train
2500eba466a76bc063dae84c25199f6da80844fb7903e19661eae69556f1450d,train
250136dbf1cf91fade67c19216ec8bcab4b162418f583a368b34fd8d4099cc8c,train
2501a4ce6b8191c61e8bf1c32c60d5b251982d5d8b2b405b9bc1bff67a31f38c,train
2501a7b93898de1af0e72ae7a890d5eca7d11e06f4f332666dfb3245316acafe,train
2503e81b5568d078b95b97f72a8eea714938679088e9a7ce53265934672bf6af,train
250403103349e5c2b653e1112ec2db427e1663a6872e4ffc8663eb072a566e25,test
250a5289439adb86f1240cce9867e7bf77cc8a4d5e5a5b498d0b7aa8afd7d76a,train
250d29ec301b458ac0450282fdac476b86c7148d5ffbbaf30973f70fca5b4b28,train
2514f0d3d00720ef733a80825a067764ee52e9dfa47cfbbdd7070ad5bb41eccb,train
251cee44dcab7136b2f4b6e658658f0e65a42f3249abdfe764bdef91e1df654c,val
25201e61fb3093b32a4909545c3281433d6ae69e19eccdf51fb0c5b737808f79,train
252199a04ca4ef21515d1b331121cfdc583140aa80dcc4036e51198d28b34dcb,train
252262060487f77c9b268c5262405f3e130e6d2b5855651c1e1f44d96c38f6b6,test
2527e4df502f3ea545e1f3c7d8c3a812edd82d22cda4b608451458164e0a3382,train
252b2c8ae77842739bb4290190a0a8159b8cfbd55c1df8fbc7e04b4a37c0ad5d,train
252b4dc1ce90c8ba03c09bc261740cdedfa9b7bd8c9ca520b83e83201817e781,train
252e3442d3db18540fe63a342a04073732585d6b600ead3c3268047f6c78e564,train
253415bd28087054143880ddc0fa45bb59e928aad8d941b95262d4e8745de238,train
253429e600e3fdb37ca3788f59c9584b09094079a2a6b2b31e50c3f938722d3c,train
2536e74dfd997e677f958767d5c60bbb1fbe9760d0ab6d6041a7a12aab9ee60d,test
253aba22075a55cc2b2ac9fbcbe9b9e0fdc34771f26d5c3c3c8647d378289ae2,train
25473957dcc016dc15d43552638efbf873f713983b32bcc2b6160843321cda21,test
2547ab5f05bae6213debe968394bc9b2a0969b647dfe3a05aa4b424790b910b0,val
254b96375684ece0ae97bb948bf89120a91cd22479a56d97a2785e0e39f79a39,test
254c5a5678ae261b6fedbc39a3a3cdb8da339c71917a8daf687602558da435b0,train
255926dff0fec9fe5c4bd36f824c6209a9e3914fd639c51ad12218d1ddf3fa0b,train
256098d84fd4be0db232bd93dc60f422a3589c5992c16e16509e615e9ddf8e4e,train
256ae28db1ece2d36aabc15e989a6d7b142eb1dd5a751b6d4eefa9db983b492c,train
256be8d6a8618b2fe51368d913827d5b4b36c9d0188ee7322bd2183599037b83,train
2574d8d4366fd78cd68014e854017213320963071e7e5127e43a6362e0cb8bf8,train
257b5088e0164563a09f67f9015fbadaa3176901a85be07dca1512e6106c9c1d,val
2582b941942ca3baf4279ea96510c139025c0c3629798a3647800c8f03f63536,test
2587ea45e76383e6d5406057e1c8b00925c3070d0325ed49f27740e785f7a81a,train
258bcc2bca29de4fde1f3e8881e595b0c82aed30231ce14a6ac0cb7cffe104bf,test
259b50b497f2ab5481b52bcb1b853bf26d855ec1fdb679336c8469fa29152cf4,train
25a1b3b46d485d2d211bb4b096c3aa9260cda4cc2983dd760b32ebcf74bedd4c,val
25a4d8b6ceee6a5c4133fabc7a8a42f7163d5ade25648dccf8dddf74f09ed344,val
25a9a01b8e43c0b275c9774bc9dfd67f1164fae125d8837aecb8b7be2eab876c,train
25b0d2fa75ba31eea4da3fdc1ea1acef9b0f79ed4ed9724ae18275a150e0a519,train
25b583dae94066b23fc6e1a628d619e328e0c31124990b37eb05508e84542daf,train
25ba926dc06955276782403789c594ca7b3d9e5ab8a4038003a2d32bd6a72e0b,train
25bc252ec91ab1e6be0c3af7bfdc26b5a620209f1fd926b3d72ce48da725222c,train
25c4717680c37c0b7d24b00e7d8512e73959211bcc5e12f57bd57a8342b48f85,train
25c8d2f0957c95f399de5212ff6dccd86f4c9553e45bde33178f61e49b97f85e,train
25c9e75c82a612039dcf1fdd90aff4e4b38397fecec53670e965d8d205843c0c,train
25d07400fa09fd2ed6fd2dd045da9144e8f23c3596a8161030f6600f529b5247,train
25d2cf107a6309c52eabc291cb6aa6afbfe425f191ad3b53118b7992386ffe8f,test
25d4ef4ee38a968a24128c6955156388c08621559afbb9a64379cac36811e751,test
25dd07ff218817ee8c2f6f09b482dd39b2a56b8a3b025a7c4c4e4cb4bef87e34,val
25e752e42bba5ccddeb7cbaaf320dc1b82ef317fb5d59e08794a50121dd5e339,test
25eb4b0c166ce5c4538718cd9d7edf30bca10799584df8b9cd1da600e81627be,train
25eba58f00f537abc9e5387e8916e87185e9f514a0cd1b9aa2a8c38b9c5f5c17,train
25ebec8f24d94bdd5abfad8d00b1b40d2e95f39539c084219e07bcf1d07843a9,val
25fee57379897bbd36810ec75a20bfc8e306759fd5bf46af81cc9987df2ad564,test
25ffd5fefa8b50e6a0a47c1d6756d8c536b21e6520e7f065c68da40f71ef86f6,train
260431a897c2b2c8f11d9ea25a11e2cfbd411c861718576a568ee53710f03110,val
2604794d999eeb83b78b0eb049f7ca537a3fc4725e5ff59b1d1d49a3d92ff782,train
260f1a5e538661ef32b840c9de744d8afc7441ee30c1d0e32a729c090932698f,train
26258ff609f618f55d0c9dfcb9b76e1e65a5d1a5f19293bf49814037dc7ecf21,train
26287c85d5e42c43ab2e6a931c7361fccf3934817be170903c67e52c9b897053,train
26322b74b0b765af2d6a225db3753b9bec1ab7946f9f63b87f95cb72c1acb712,train
26335a987e535666d0c6fe362f0a0129df8e46a4a1d001cd3c983de9f2648cc9,train
263675535f75ca79e0f798ec4d3cbfc774951a36eaff1b85e54f70146a65d179,val
2640ff077ad621f01709bf63c73e1156de43af333ae30077ec977f14230bc9ad,test
264c902d0e2d082c9a64da3ffb7ddaf9a9d3e65925d19256d11d3e6f2e006619,train
26500935907d8345b3ce257fc76d277a61bed29349e5b364d95da31400435057,train
2659e5cb2a866302d61cb50a9ff7ffcfedfaec6125e33201a3d7d1ecd3e60166,train
265aeb61381e9a9450bb33f7e0de78603280d4b40907f232f06f1d2b441f45ca,train
2661e3faa7bbfc7f969b1b740ffd2dafbb8e01ce9aade6866e7d88919a7b1a09,train
2675481f5814126d1c7b4e668b7764735fa3bbf1a9a7e49971b2b8cc733ed32e,train
2676f8a0d89fc933bce29653b59bede6dbb7d7dac00307bc1cc11e45a58119ca,val
268527313fe10d5171c7eb0a830d0c11d082d3e7276e52561bfd7ec3419f0e88,train
2685f9cc1e8ca68280d3d6bdec0c2f4f896bdd0f74bad01541c7a6b9b654dbfc,test
268610aa2511f63a58d9a66f1baef84f536aa49357cdc751f702cabd985e13d8,train
26881db06d435902f13c92da744acb801ab99dd0f4edd1bad6ae14a144142632,train
268d49e6ecfa2d62814d8ed32bb2e58f682afae01f1490f8b03ff3ca5311fcbe,test
269f95032da177ce6e3b1322fc24af486000aac64b68d6da173dfee0d433bac9,train
26ad2e5c5f683ca2bb7881d78938b16b7409c40ef43826b1e8d72175c18f2f91,train
26b073ee4d22d7f7c40fe54911c006c3a6f4b5dfe4a51582154a470fdd6ed687,train
26ba0dc5efda4056fd1bd240570506f6011d72db3e037b7cb25530e03ef30076,train
26be1caaec0cb4e482cfbdf8df2735e20afbd62ed18afa2a910b3964f3b18206,train
26c54c29e028f9391579041e81c4f5cdc36d5773d8f90407c06ab943d87339b9,train
26cc7cccea501fc93579b0c3538d5e0cb31897b9b3b70883929856da24b4fcd3,val
26d273793f6c738146548f05df591d61d457f53687ac058db08b9bcc4cd14eb6,train
26d29cddb4e0d0e25501580ac471e9dd61e2f82d043f1a81005e28a3ef9c8533,test
26d462fa68e22edf6fd9bd27edf172a224a5baaaf61ce011c8e710ea20a46735,test
26de51f4e526ffe372b25caca6ba7b86ea4133f01493748adf2999160e15b515,train
26e0119499e3bbc8aa2dffb88f574f134b376b364b25e2d7d1de30c38997dac7,train
26e34fe8967935786306001717fc437e4c2139a0f7574fb9cd8c8c0396442ec5,train
26e469549715fa40e805ba3170ac4fdd1d699e7ef3500b6c723416005dbd8136,train
26ec17c7176d89f4b31287b90f12025ece6ab258864acc9228dfc4beb2a95f0b,train
26eee3fc65869d34725d2b583800bc4e13188fc86f3a8b7a48b2983952ffeda1,train
26f6ef2df3b648851dbb50bff34eb52c1b2b9e8f6ce36d29b88bc75de1831824,train
26fce02c3c8c0eab470e052f18681324c7eb686fd6b131e4e26fef6fc75f8d27,train
26fe1e1db71f8502220fcd645ff187008b0316dca21afd7ba00a872e1c6b3480,train
26ff29a4f64b5f52209b20fbf022b3673c52f09a787530027d84ddd4ec16b9c2,test
2702a7507c868c2d18b68db452310a95036d37ef123b8f2967b5cc755148ae2e,train
2703b99bd2dd18c747ac8e54475a3075fa588f266fa022fdd32684a759357614,train
27044b23002100f2a7b8545c08b6b83a54590991f4f2ce185a519619c1cbf33f,train
27057b05b47c34c151bd522199633ecf43e0b9b4d36b92486c2920b476bb8937,test
270ce24430becb00309eba60d9a687ff27e97f34bdc1fb8c67e38ebafb7bc288,train
270fed27073ede9d8ab521adb011feec0387391016ce56f03c6e17f8fc8648e9,train
271252871e2342077c52b1028b98d046153dff08a10f92a57603901d65b26f8b,train
2712fc7d9d176e1f72efc66931220695053396813a4e3bbd7b6eef57b942810f,test
271c36befc7ef51f164dddd114da8e80fda0897af9f5e4bb055a366bfe01a5c6,train
271faca9904f8833315540455407896e1eac838091d5299d1b0704a8fc65f56e,train
2725540246b0cf0a8082ce7d0840087e02b7c79396ed6061c758c92bca16e87e,test
2729547c2da6e50a4ca77c17763d42f97e7fb545956e88f4ac3ace65442fda52,train
272a03e57634d964585968ab638d56336a860be8b6a6ae8cde765901e4357c64,train
272a46b37afc266a4a082b7083e0bf178fd56ccb6f950bd9b1668341bae97009,train
272ae7b8e99a8c5bc6f4ff768744dc3977eef94538c35a079cedff3bf1ae64e0,train
2731dfa69dfb01067fe3376ec01e222d589d119ae20436dac557d66629dadfac,train
27340fabb6cdc2f5760cc4e7cb0eaddc31c71f6911a2e52ba70ca4ec85e006fe,train
274bbf7ef7fc2574a2954da23130384e32687b8f6e94ef6f7ad6d16e8a43f05b,train
274cc4ee0566f8f167f567e3ef78015d1a6a5b74d96d61f843cdb1192d6cf2bd,train
274e017ae84c0173a6b63e537f42a3c68daa84125a55dc1cb411896a719493b3,train
27590152c6809101ee9c0b5f97055ca7d295c0f5a885c821ff8d7e3197c041d2,val
2763d147445844cf3522355300a7bb46c793b8005d196268f94c34fddf562dec,train
276b969340c809b143aee620da9f5de30ceddb7caae959c79201aeda83d185e0,train
276cbb73b332adaab2aa83feda2758336c74eab0c79de234f9ac7ab6781449bd,train
276dd430706e5a131746fa8f0fd48c3a856002832042147c91b496997a5d66e5,train
27876e891451dc7250ef4edcb32d9f625cf8db46237d8ce96894fccf032c3af5,val
2788b436159da414315febbf1f8c1d4999550181309d5fa000061ce4921f0f10,train
278cf9b77a02788a99ccddf7592d23b217cb0a24ab114c2893154bc0bd74d9c8,val
279262f1656464b2b6ce2a9f668fe73531703a2b2a190ba3b3285523025d1903,train
27acea9a826c1969f471be5a90353d881d4c8974f618e8dcdf8e70d35cd182fb,train
27aea383004d475cff067ee1a2bdb6aa9ac49681cdd88e6413b5505dbbb315bd,test
27b36be009850f2fd8162ff9ffed996d601874a1277a55bf0cc158b7c6e4d250,train
27b8e92373207caeb7d470c4abc676879478c661e220e000b9983f0aba798968,train
27c05d24cfb8ba149151684a64860874566738cbf5387f74a2f771822f9eec9a,val
27c1a5e0eae96fa1b09466c6a314b2ea01449d033bff55e13d5dbd5b463a7d4f,val
27c27a98b905e2e7845171d6b261a225623f62df71f659e9fe34b3244cc9f4af,train
27c3cab3c8e04155d270f4ae1e3e5a17f93ff56613d00db348decc6c5100064d,train
27c7a2fc5bc8740a0bd977de682dd66ae53df0870551d82ac65434c2a8c290d3,train
27c84dcd38e19bb47e5ed961fae77835a48ec1caa336b9892d60a00e61ae5b26,train
27cabd19b1dae299ccb0979ed4be35b48dcdc480ace0cddd592438303664d3e2,train
27cc5a8abdae5e806b51955764e865d6ff6aa19b8c4efa4bb7de82d032c344ec,train
27d54a43605ce649ad586e516e5f551b830f5bf6078165efecad18a793774c0c,train
27d5a329e6cab4dab4f75afe5998154edeff549a4d8e985b2f14d6c8e548e74c,train
27d918e9bf9fc7305136fe23b23e442c17ae919f8b27c49c308b51c9e52b67e9,train
27da813e486bb810b11ff6002b38d200f6e11dc8fa0f520f185174778e64f47f,train
27e1235b49c137bf3e78f079f4fd4b68e6521077093528a83e48a1f7f72899ae,train
27f46fd5b8a17add15105b94b623051187189abefd9d68315c34bbf77fefe596,train
27f79b11689a6bd3eaf7b21a8dba3c092af6349eed1036d270e655f278f0151b,test
27f7e2e5fc7098de31735ce14e723a858364ffae641e66c547cd45b2e99fd7d8,test
27fbb14893bdc00b65cee7585cc705a9b385a9a19cb6446a1cc5b31439cd74f5,test
27fdcc5beb0d0e110e47729b8b83e55fe920af7d66d48e2915ed3a9fd829fb3b,test
28028059de3de28a32ee98d4c2a57a18c2ac9fcd480fb4c056fa7846abc8d078,test
28057d98bb9757c6b22ecfa77443f8d41f15f3ef6b3fd9ba0ce783c2b5441c66,train
280a0ce88cd805d87d50e7d0251947bce0a21049b89e517d9128f132f83a1aff,test
280cfdcec9969cb169351653122f00ff669b52f100e67aaca1ba15f1e987a363,val
280de1c61e022bdc7bcf180bc576310ce98d65eac7959926bfa76461bd351d17,train
280eb54e5683d51bf329d0ac3b50d86d8743488d563df09c55e586b00ff9f045,test
28127094317a3e39b6ff942bbe6bb43e5e3ccfa4a5f60b79c94bde5f06060ddc,train
2819dc2c1c83a89284029d8e2844c79a39bfdd0413bbacb05abc94847156ad14,test
28205bc081597e946a97fbc4495cfbea0f758739cf8c046be91abb790d2c91af,test
2820cdaf8c80efd641f791072e577b769880cd27f2cbdf18ca9543d340990f56,train
2828ecf9fbb441ff604f003b1eb2b6cda6f3dc80b13d5e6af601a4cd8dcabb44,test
2829777aecf0b255a7903c67a0da117a11b7ca54009f393375749f96fb5fecd0,train
28347bda4d76731201e4f43ce496132544bf93b4cb7c73b17927575af93d317f,train
283fd9307f930b8fe159bf525ae7516def666c0ae8e016f48163be5ebdab62a4,train
2841cec0c0c27c0fef5118ce5d0da1352242bcd2ee39773d4fc7d0b44d8d3df2,train
284cd96df8adf29e5393e48585330d347647bd5ddb93aa30a71c6772f8aafe1f,train
28566af96540f7e4f73ff922e0c8ad1403b359784c4254497f0698379ec8d615,val
2857b54debbe830ae28f5f66589c4ebed94a4203d946369a50d93e3ff9ce5ca8,train
285d9921008db6e054bf13f76095b958392ccae4f041faf9ba31c2478d4fc6a4,train
285f1542c8a55f6e010c60ac9a9f2408f38f62b2cf67c07b46d1e7842006790c,test
2864286966d67be93b4e49b009fcc7631a10edf7dc2b70a95c918af7ca88ef2f,train
28655d4d2ecdbe78ca017b064e719c3ef7199aa1ee1e37705b2908033ebcf12d,train
2868e2a27e4d07e2b1050eef1acf01f4bdacd6198ca24862e2bb485d12f10dbc,train
2870cc12e94e946440530b2bbf0aa78b14e2a6361cc2c34df8b40992d5d60ed6,test
2873cc915dc022218103063ee067fa0116235dbbbaf6b2a03519b331bb85dbb6,train
287c04b48a94b3c955249b93627adcaf1eefaf413f9afe8104b1c84a31750b11,train
2884ebbd61bf45c12bc5204a00ea794dfae0cfdb8c350edb8861479ffd2bd87a,train
288d7ae2b5876fb7caa10b3c9582726c06242057e68a77d472be779ac069fc14,test
289362d7731591cf1f258bd35b1a31e8213d5300e8183934b113d10b2c806bd1,test
28982387c7a0f1df350cb7899d4dc4841c20fe1bbb9a9883b3bd5a3acb75c97f,train
289de3a950a32ef5603d3a31a6714aae2f05949e3c0b5def7e7e2351fb73d4fb,val
28a1b665c1e8841d3224e0d1d5bdd2e269b3565c7270e46dc63181ea61066b39,train
28a2c116fd95418a7dc2473e82f263fda4c1bad8b45b89121c7cbfbf33ac6429,train
28a7424861f905623c0b443b729f45eb68009928ec7907443cf758ee882d15e9,train
28a8fe26f42f0ea74170db8640136c7e480bff166b11c50039f643ec7375d6cf,test
28abbd613478994a20dc52d94a2ba564c14b28f88b4c8b356ee64a6588b56124,train
28b095d2aa25542b747cc70e8a06bc543abd6aef18735bd6017fed0aca3fcdff,val
28b19e30ff15998e224a1737fbc9a51bc36521f00298159e4662de379a9f4cd4,train
28b259e60b7940631b53ccfa8b92960e2661b37102fa39bffe2f3d3dd4af993d,val
28b532504ba85bf42b703133821a3870ebd62c4bc4d4d58a64f046277ea917b6,train
28b8bdcc2770b740d4da72aa35682e0b21dcc389c55fd93f60a49b1e45d4a2a7,train
28c1f8ac030b01c45b908662767ee5925311a73fe90a6cf1d8ba06f51087fb98,train
28c3f410be57383a692a274541e34ad745636354c6bd4b7d9e5167c5f66fa7a2,train
28c73f85802f9d8847262bbe5678a107304acb0324220dfcb2f935756e51e2d5,test
28c9e64695ab9c10884eac2314e8ee4f9ef1d316e489b714888e6c4e98b0b1fd,train
28cad61b0721ccbb9bab1b042c0505e39ff5a117ab81f344bfdb1e4327b5e488,train
28ced61954639e226f3e958f0a3ebf96e075eb41492583ea6928e3474470467e,train
28d741b9243473b9c8900aa82261633d76dfec0989e8b01259cf1c7a72b3df7c,train
28d8b7cf125b4dedf9bbff2ba0c032f4202a4e96e273d014ab60d926f7cbd90f,train
28e75f2c630ec4e21f755e14020f9ecaec00518b89cb7d66e0623d28bc4a3de4,train
28ec390794c8735ca8af753358c7154dbee3ff3f338c7ab389ebf51c2ba706a2,train
28f6e523f62b8f1f5b5e4113d31015b6db89bb11c314f318d93765ad205a00d1,test
28f875909afaf692a565b372e438620f55ec5c8ceecb7aba07cfd5c1b7f76ae6,train
29049da772728bc40635fa7e2943ee69bd9b6deaef5b51d536e864069492188b,train
29050d44a49c8e2716da3301e07824424e49e3ba9cc262d519b5badedc44e77c,test
290659d27b9a9895ae4a4a04d6cc60d371a7d771982df1b39d9228c3de6f21a7,train
290cfdb51b2c241471143cd9b35db8f1b4dd53115db42faa29960869e98c9b99,train
2910d0e857ec7f4286415fa49a3c437ccc5a4f4efca3a34488648a513833e7f7,train
2910e10a9e1ef2b9c8493b3e1d393e06df81e9c4bd40f377a619586e2522fa04,train
29118849f76a0a75de393b1ca286c44affa6ed27c783a4840dbb42e84e19011c,train
29121146785c29385ac58751e6718faf8a3a628df58b75d4d963747183ea8bf7,train
291584a5ad73849472cac4064c296e0f3173b2bb51024472a235e3e70ebaf1b0,test
291650763e4d95cdf48b78eb11fc344c450f43451ec5e13d5972ce27ef527a47,train
2917e519447715b5c5be77c4a897c02c9b94be95ca39036ba401e3312bc7dd13,val
29185cd3de0b2de0d6919e36f5e4e4d62ee930c1980a6a391a6fdb259f37d977,test
291916f2806e62c195883730879697ec2fed51c6ec9d7c370ac327ca4945e6dc,train
291db293ffc8f99c82f6af3e4fea776e996ddb8a221f3d69cd4546070981e91d,train
291e4af71953cff3e3bb777bb179e8d37573c0a06c756b1827ca3fb526c92e3c,train
29205a366585c601238891852bbdb615dd7b8d4375cfc244f509313814b4648e,train
2926a19f8e6896701c2e8cd3254ede647fefa07edf3cc5fabaaa9b41c54227b0,train
29321d69eb0905fbea36437a4cd69b50421357ff475d112ede3a089bddf1f04a,train
2932558dbaa13084c6c70a7962920687d671dfdf9a47ccc836bd63b3a141b76e,train
2944435f1ee58b4e665746e2f2d195bca210938f32e8bde271871075fa100134,train
2945b1541ed16ebabb4be45458db8d43cc97c756136a4697c2a6a9c5bcc36467,train
295f5110ac3a372306d988a51ed06599e95421ab5fb2a05736e1e115d222dbfa,train
2968ad96f689c176bdec999bb7df1dbe6ff5489ca309d1a70e19a788dcb1b495,val
2982cec2ce38165e8d818c685400d99330de92fee693be973ba8c864fe6655cf,train
2988a2c1a56a9bfba37f2c242e4046982af0885dbc9e6d5589c786da4fe901ff,train
2988f9a248f59d6e38d416320bbc8158262fa1819f794d28cf1fc607d4925aa8,test
298e97fd25ab54c50db10365b3ecd72ec285c88d5bf00ebc7ca5d95b4e9e932b,train
2995e009859cd1392d210406044efca7cd08e7c5b35a8e1555041b3a885476dc,test
29a28dc50985c82e5675e85f9acc7c8fc263b2da9904dffe40c444b81e15a1f5,val
29aa6f9e716acc1486ee4164ebed26314088df966cc47a977e151955babf9b51,train
29b0a2da146ca271897f3664927d0e70a4aca428cf7e255bf5d3e452cecbef1f,train
29b6edc8d4d7f14f8899b0c4fcc27eb3dc39f12f73e721870bcf5f7481481584,train
29c5407b233789446dad49699c8e25233d991e372c3cf2c5afe41527fba192e6,train
29c92c4788c536d50a17f3c1a3943c8a5e52a7b8c435b2da15c49a564b62fdbc,train
29cc29199294ecf49ed15f8de2d8278cfc53277de450db5335118934d43a9ced,test
29d080f55c71e4129d8d6a1802a8199090ca5b39c2e8b527ab1ee8009020aac3,test
29e38310981a73a2ceef07de7ff58c6bfb5489b487f137afd0ca0f76c6cc8e60,train
29f1333bd313f8acf149c2aef0cdfc883e9cc1c68680fe5412ef47a34a3ae06f,train
29fdfc8e0c0d5d4da6c7d551f1d1a628fb73a3a19578cea27d01afb45424c015,train
2a0165f1107817090536b1ff6b080fe5ed08b456ead61520299d6009215bf06c,val
2a072c602e1e157482d206273c27e5c0f331ce59d6eddc82fcb74a6622dd1065,train
2a13b6b3b915868f066ab6eced232ef422ad5120195ec8849018b693a48ed8a8,train
2a14ec6681e4146b3564e2b59c29cd91f6d050da48854cb4d7ec2751f8014e34,train
2a17392ded82713a710864f64e9f3388637037732d6fb841bddff7f82531d787,test
2a20ad8833ba6b44edf57c9660d76e3b536f4153e4c6750afb59e1415568991c,train
2a2edb9a464647e5612a1cf9fef0fc75199ff71285b1999d1b2e214543725347,train
2a2f170676ac707c47587a2409bb19221e910472a1a188b9bbbe4febde97d603,val
2a3050d169e19372ffe7778b6b41ceea46f3eb61ead11f7313dae354dd4ab369,train
2a31914e2cb3e45592353f48d23753034628fc063f5a766c940472f9221ff7fd,test
2a3538f7c1d8b8573da3ea0fc00cff653dadf3a0f9ef667ea35fd924acec958e,train
2a39f9ccf322e3f654777719d2614677766044916d2f6dbb0904cc4654c6c965,train
2a467ac3a60ccfe5e427496f73334a579e21e253429026f3d4a421cf80db9fb3,test
2a4b1ef624df64ccffc2f9c34cee3707a7c3f6bd3157375db736d10eb8fc9525,val
2a4bc89d17609db92ad1bc5dcda07749697d2b141594266994639c95a4791717,test
2a4ed1d889865394f170c67a68028beaef553a69525abade71bfde5da86dcd19,train
2a51dadbbd5fd4e20f27853d2887667a5627d8ee2263b906d6636ab9e082b64d,test
2a56aa96a20e52598afa89f587cac0b745d6f7e6d3011b0f5fa1e04bbed0b6fa,train
2a5952f99a07df0542ff633f4f027b964b460cccac3684ea1a48c766a1bf9d1b,train
2a5df2e678103ec513d0c0320d0bdd6ac5a4ea2a8ab8327b09252f2787d7ab56,train
2a658cfc46b3ebda4275a5f76e27160695c7eb226dd35d7d9ac0be44b9a63c6c,train
2a67bab18d0e4c3d3c139b63a7f55fb3ea2aff3e751af4d51603124ae787b73f,train
2a689f068b8adc712682e6296f1fa1cd667936cafb419cb7f00714b1983996f9,train
2a7077038273a77c7f268fdba6acbe0a8221a9f61da8ea57903388577d82b107,train
2a72606cce3257d9da9f298542c98b6470f17de41a01bada4dff05fcfe27e170,train
2a75fba3e01c38b3544b9efee65016e92a355c481e6409f7be278c9aa1db19a9,test
2a778086ed5b4fa6b5c551ffb3af8abba9f0313918e76f2a8fe2b44488355baa,train
2a778c724d3bd280dcdcd278caf60aa69ce5228e03fd6c5c04dbdae1d1e86756,test
2a7a1f98dec042e559d9b64cf7aaa350348442b319ee982ce282e5db70435809,train
2a828f9d57e6b3bca6571e67c4f9393b3b5e95c9f8f7e25107134b8e6e92df5a,test
2a8487703e514c4b4307aba746caa8505014788f359aa3b0b6bab8364bfd3ee9,train
2a85230903e6f7af69dd89461d25b427f0ff682fdf149f3b969727d5706e2ed1,train
2a8784cccd8a97a62f13c3ade15c814961e9814288b9be6ccfa667bf6de0482c,train
2a888b6a4134a32d103b1467dbde37c6638cfa99f206b60fe2aa70d1c7b58d74,test
2a88ac31d6b3d2f20d3d2641005ea7d638bc3da45968be1c09b18760f6561a44,train
2a8e3862881d2cf8637f681e486db932c1bc5a2a12efef5a0f972aa91a034988,train
2a8fccc28e488c902366603fa42b0dbca87947532f26deb1f34545a1a4067b3f,train
2a9028e458307291e8805cf8a5bc373ca11c9c559ecaf28b48f916ec7ea07879,train
2a9331a95d5571e6998759c25e1de4ec0b52d18724e71496c5423b2707b02eee,train
2a936df40825bf64c121401b2ef4dbd533ad9226222a83a3099cfee4cacd49ea,test
2a93b00b88304dac710f5f14b411b23fee13117b9f31afb444599c5eaac0fdde,test
2a9c06f6ad75afa7c40062fb9c2ebb181072faa8f54abea2ae7ae665fc87b620,train
2aa81f0fc3b1e7f54379f3b6f71cb045d0bb61b8cf6671d460e9a0e36022135c,train
2aa947cb8ec8e89c7916e401b562d517b1380ed70a7e6642d6adde7ad38f25eb,train
2aacdd94a303d43a3855a64b6f3aa4ea3fd686c13e97e3a47ff3ca65a184be3e,train
2aae85bd1461adf588cefa1544c568902106b4b34d5f7821fc53f1a859635bf2,train
2ab1b2a8b8425b64f1e43aa4ea9010e9b7101602f37dff4763cc288aae062768,train
2ab3214ed756484860c75a192b34d387c7670f56f7a648371c2e9adc90e6db5a,train
2ab4586374b974cd3f8899b741fa11b754f43b3fe33ff6860906ebc473b31b57,train
2ab96222a5f2e147ccf7e48657c3ea28a577dcda5967cf4366bb0accb44f6609,test
2aba877779387ba5898c5fe0c49617571d1dc06bad91754ad77e428d83b3427d,train
2ac5a44ad9814724c8a9fef3be3a185235fee2031a5b42b9ac5611f5e2b7c753,test
2ace2079561f7a3d93cff24a9552806adee15f073a313a8faed4ecce862ac2dc,test
2ad2330637c0ac23f7d26ea0164a7fe7c36b2bc8693c49a1fb8085f0ee7764ff,test
2adc260644e07b8af51e11d300e4b3439ab262c852e3a985fbf928a27551e4a6,train
2ae449a8ca47120a873af25f0ab00a5571d8624aef9c158f2c5586c5b774da0e,train
2ae6209627802cd966fa1b4810e2a6d7867674762c0c62bc511d6da11b9e9dfa,test
2aef81c72d6b7b936fdee3f31edbe664c89fb6df2a21d7b8e2f3e72b8a755d07,test
2af2a4a759ebc1a8c9f956aaf757a083e6d14019eefcc0e2403277df4e4f1679,train
2af9dcc526d27c578a31280b94211cfb3c32e1bb336f2bad9325de479a8600e4,train
2afca8832eb2f476dd81f6592e1ec1da471ad32dc816b75d6f4b50ce61206edf,train
2afed33e8657bb156e329d016cb98090a0a337abc94c0865f12e6041af0ff3f6,train
2b028819d46b8b964ba8872d4c1b07a3adbe6982baf4997bfa0e224399ac2356,train
2b02dbf7875000744ed09164dd07e2f59c90f2a5e41bceabb03afa53c2493c3c,train
2b04252f5bf0e1ecb1a7eaa53ffb38436177430d239267b15d9d1537c9dc4070,train
2b06b3d330cb4f7921f60408b698abc007449de6801d726862c5d2e13c1fb7e8,train
2b09e203b624e712e72c1abd2e6bdfea155dd957c4e8e970f434a4f1477a3b1b,train
2b0fea88f2bacc04ad480a4326ea52224a25614730e1dbe4ad427ce0d31a709a,train
2b109972df92242c699b68c7d2ce9e3b71cf62f2d319bc7be4e0428c8b379046,train
2b137ba09168cf489861955cccdef31b853415ec5205bcf91ae04ed6485bbb34,train
2b27a699232523143cc5a93d0f4ab9a8781f0fd643696ef65eeaeb502aca26fc,test
2b2a067a834e0c2edd93fa6291d042e6c26afee61e502cb8865a97b64d3b0f1e,test
2b3fcf3b99ae61f3bde9aa298ba9c7f07af8742352e12416525c46095252c6ba,val
2b4222500c434772d0c3125d7f76436853d494f081746014b530af6ab924ae34,test
2b456ec757ea299cc6362f04095df190da7aafa6308c0f4a80c22a7cf9012e12,train
2b47f67504984c626617ffbb04b56d99f7066f319b2b2d3653382f061dab2361,train
2b4d377ac5e04da23b8aa9d3704981e8e94b3470e1b89babbf88f571fba35520,train
2b4dd5e5c9fad97059cd15919077c471b1460fbb8e2dda185a0ae440c1f7270b,train
2b523cb5427fb64ca2d130c9c590215bdf71f934b59ddc8f37d40521bbde3ac9,test
2b537832ccdc38e37a3a75298ff8d1719d3647432eb38a827c9d9a7cc88a6ed0,train
2b5d40f69a77b2d09f720c2f2c17984492dc4557c13e00fea9c48044267bd903,train
2b62a6d926ff4d59f4cfd0e94d7967f75e3e6ede268d1e4d2f02e309501fda7f,train
2b6333e3890424014fedc52a758b3f9bec01e290f54abc6e18f42c07207089bd,train
2b67a9f8732f2a32056f3cb51cb998ea595420cac43fe21eaf04e1f1bfb784a5,train
2b6a34dc66d8bb7f9eb0a43ad6d56888d6a758bd905c2862fe2229239b8e9b67,train
2b6ea906a18fab638e8d3bf197c4fab5044199d87991d5bfada592458efbb2ba,train
2b817b949d16d9d43db96e7041f2d0a9ed8ef13ce466b00917bc921a02c7283f,train
2b886ff5ee69521ec23c291fd511679a60bcfa08f1bdf783f8c7353416cbac12,train
2b8ad277cdbf395617d435ba1e6cdef317ba4ef0de2153d8217675ccd82f6321,train
2b8f11629df55a4501a884a4828d63a6019485a1ebb6c3ae7b7bd4fb075de3b1,train
2b8f3c4e8c6dcbf762c5014afedbcc0b819f02126c12eb383c5c2334066f4207,test
2b909902e2f60d208e6c7163502d208ebfeb6d70f7855aa198c9cc43ff79ccf5,train
2b962fe5b16f5b40cda4572f35afa8eccba6e9d07ae4d2e71d54a4c922608954,test
2b9b0aee4ce4444d7746615787ceb40518cb5a10bcda9443650cb83f9510986d,train
2ba55c2b258f4ff6fcb317d032b6a6dfcd03d11a554ddf02f90acbdce8fafdeb,train
2bb2b20b81c876800f6b3962a29b2debd8211a98d3802f1edfe7bddda0f21e60,test
2bb5c87088f803086e950eff3ba8c31c676467497712ec601e577a0dd0bfb14b,test
2bb6a29e65ab2f7d358961943060d1cf9548aa5317a37de018e5bbe8d49d2502,train
2bb7d15c0beeb8c3003d5c83fb779c76c6a08775a988c65c32a6b81771ca08a7,train
2bba27d4abf08c150f0bf71ba37c1688ede79d1718a2232d167e54a8015a3584,train
2bbf936f54f6401da0df143b56466eb9cc8d4f61a8cc5a184f3e7723d45e95b8,test
2bc79ef87e405fdc10cf529c73ef73a7c45d0509e37e7829ad1ecdfbe17955c5,test
2bccbc0891b1c39706d04b1c8b56ffe27bda1aa863310f4ed31b1cae15a3771a,train
2bd9670c50d4af80fbffbeb383e7c9e1982d1f3b2197d01b3326d01d32f31ab7,train
2bdd28cc634aa0861163d3cce6035700962195249076a84a100c02f310702090,train
2bef2b5a931834b041449d2c1fc6224d4d0e618a6caebab7e8b34b8fd11557b4,test
2bf0378bde32813ed405992af0d3113593b1ce33681f1a1dcb59904ab9139923,train
2bfb85c582ebcd883d3c0210865fb8cb2ba14341958710d6701591699c601da1,train
2c192ec3de61c093abb0b28635544e7a9a51af044274ea389f7b9eb7d36cfe43,train
2c1c7838ba17ec33b5fb31c88a4750f3d61dff2d34600f075fdcec215ecc7ead,test
2c1cbafc1cd4350650e26f29fba6dadbed0943ca83cb6e7dfd6c94da30e09383,train
2c1e792b08c4452b863a25ae161d92b8a88b99ee020f50fc05fcbf4df87d1da5,train
2c335fbedbbaee5d85aff799ec1eac7a25e68214c784091f07f2add92218f1e6,train
2c3415054c2053b9876305dffab5ace48e6d9885743f2a5474ea40ff18e799dd,test
2c413af0f7952222bfac170072eee33a2555151117e7ad444fb6cd47b24fcfd4,train
2c425d38e96dc3da356a54589fee10b70e41f86b606d98684a98218ad9d273aa,val
2c45214c8d16dcbf665f8f5247e191db90d70231cc895342754404f748910988,train
2c468d33cfcf87b74951644ed9315b5eabb1fc0f1f27c49e054fa0094a3827a7,val
2c472137ba22c9201ee180a1396cafcb7573e7e2de102bb8313a02677e9fcdb6,test
2c47aee2a47e3d11235f8e9154dffa39bd9bff0fe0c1a14a6d4975cf5aa63f4a,train
2c4e24d4ae42b9988c9405b19cd28bd817120ba4e92936234ff7601f57011bb5,train
2c50102d27d5bc91cbe856d74215ccd99917c1f0c727dfe9dcf9ccfddab265bf,test
2c5055db79c09ec43fdfbff0450a90e606fdcfdca0cf33d1c58536b3218f8d45,train
2c56b36af613884277e009d4be8521a21e6d7b01f396c009083a0528249c2ac7,train
2c57888855084ca626be4fbfd1c8d5471796d85ff20115555f3166671e49fdcb,train
2c5a3835cf3d5bc4dae8ef2cf8373856ba52a3bc8363ca93f38a2de2dd3485ff,train
2c5c2b527bb29cce953a673a19e8e75c2a67a2adfb2d8ba3c6e57e8d9ea2ef01,train
2c5cede29cd2eccfdd1341d50fd3b3bbbe00681cb5c00d0e73a2af5037faaf03,train
2c6055fe26b799fcd64e902b3a64c0e27303617e53ee668b7c7bee515c91b897,train
2c62c1d772c41147f4f4abaa191e4e4cae2a1e1024b0db4dff54ad43e188f1df,test
2c66d40af4a2af399c231c2c4eed8335ae75dccfc787ee9b1646ae6893c289cd,train
2c674d45bdab805996cf555acf92d0b5722193339acc4da4a475e3972de21223,train
2c683eb738618dd2a58f16d9ca97f2bb5262d0ee859389d6dcc2f00f6aa91c28,train
2c6d9705bb58626f9294b46ded6ef734428f7f5feff687cc69690a6583848a6f,train
2c72f6c30ad9d16626af2cde2c4937e2cb4dadb7ab09d4bf72dc041dc438c326,val
2c7464b545cb0ee84facb1b905668061885ecb3ae59de3ed2af0bfe10ff5576c,val
2c75cd8b349958d2fbc06fcc19d84002912d67e3f4d92a46713d958204908a06,train
2c7705e840333be5370d97a5f54b0a5dab25ba5ffaad9a0c7f276d193fbc17cf,train
2c7c2c2d3422b82a58a383d3d8718f63dbe72a42614628d5baa6df423b637490,test
2c81ef50b1f903bc03b4e5edf9fa266f5fb300864df5609849e5faaafc6ead76,train
2c8b6d050a578eae196de8ab722cccc1e1d77724b14a02e86b5d8fe84109b351,val
2c99ecce1cce70191208739c7c2a5c6110dbc2336bb718ece0278c28ad3ca955,train
2c9b193aa0ab829fa322bc8d395b015b7045ce9946e2984f2d09b3545878a005,train
2c9f9d43544aa15f90e75593c6a47c79eeb0ac8eec84a7bd482576f5fe11aa1f,train
2cac61f465029127d5c553d3de29f552c559803a4ac0a75ee4cd2c22fb415e8d,train
2cb1c8c76d33c0ab757200a0442ae83cad1169e379281f89b71d407d8a74000a,train
2cb353256b9e8a47c5bd29503881974868ec03f0e13aa81aafbd889b9176071d,train
2cb8e3df21a97c6eeae49f8e2372c04b191e0226df3b1c5cb3595d10f78f5557,test
2cbac229ede9b7b54cb34b2b5e574694f23f1c8588e9d3ed7a644a1052e52e20,test
2cbba6a9370019d672d5fff2d2e2ea3c7c904c4d48477c48340e84cea0599290,train
2cbd8ff8a77f7632d1332698d2c3a9f2d8d6da220c3911d96a618985e505c700,train
2cc1273aaf8a27e1d59b3452f25ba8c000c32c26c29405340d0a9eef68f00a34,train
2ccaf93ea18a8eedb6b1e0631496885865c62bae2dc0438c73e783921c9fb92e,train
2cccdcaa5211e94cb44ba5adb8431871da9bca5f72a6faba03c0f91701e49977,train
2cd023399078fdf71564a3469930bc9d51522c65f42cb479c959dc9aeb6ecb1b,train
2cdbfc556d238880179dc97af5eee0ccefd933ea032c25802c6d0d41e1667bbf,test
2cdf00a237bf64da55c522db88575a5300220a073485b975a7287ca83c3e650e,test
2ce05040e1ff56579da650da48eeaa9dbe894603648423fda5dda1a2fd305b20,train
2ce8e37b6b459cf03948926788466413da54f4dc673fd545382f6d6de1ede46c,train
2cf174beb9342fbdeff8c13c847b82bf8a079bc55604f721212f74a4d0336a5b,test
2d00521142d8b52ec080c95c97cade3fb4108c26d090c0f73677ae2a506936cb,train
2d0102b571504f103e156501c462abda99cf45aa769ca305d1575ae82131e5f4,train
2d03458f8584445e6e49306065523a88cca8a97fd03e45d5b57793f9f63f7794,train
2d04b23356dcb43638f4514eadd583e301e851fdb36f14d3ca34825e92dc212f,train
2d079d6c25872901d45b142e2db2659ad6bc779827ff6b409b263691358dddc0,train
2d08a56acadfb03444d55ea0ed0ea25e630c0d961e12417c27db3ab384c684af,test
2d0935ca4a3bdccdbb0272d28ad3da3a1714170ce3bfbe90e91ac88fc0993d5e,train
2d0b989e250397b64f534fe5b39d46db6ef69b1873f58a91905f4d18eaea96e2,test
2d128ec97a4926f17fd49117c428b9ae8ccde53bb6b7c7507cbcbba8f73ac280,val
2d14a567eb47bb7aef0b3fc381e2af3fbfdb7eef44c6415c573206a3f4a0ae0b,test
2d14f2da8984126efc2743ea6bc0a87df870483c1bddde074f7d1f138d537d91,test
2d190b3f43f0d403ddf7b98020633f0ec295e6b7847aaedf2d39fb691088030a,train
2d2aa505a2c7e64033ebfec460cd120bec4b9db426a63079c62a471ad94630f8,train
2d2e6038dbf050ed1e323533a28078cd680cc652e8901a81c05a897f7e2f63ad,val
2d34671cd22585c9a5f74f9d6ff7843b5aa30c24f9a53d3afc6db924ea49bb83,train
2d43aa0509677d2405ff50ba6b96e77d2f22dbd0c0fc0c0ca8d85b235c0c4d57,train
2d4694c2d8dc4596000012b7d1b4acab8d942c42b7064ee5ac6393ae1ab2d01b,train
2d4be33328f32c7ad5a3d0e52f9dfec80e3d6616324838b8c135fdece2958038,test
2d4d3db7a45541ff2f5b7aa934401e4d5aef17fd469ca64df7df847fdb4e47b6,test
2d5146a0cf8e66842416f5edac488adfa15fdf7fdc057c22508e23252774b6d8,train
2d525f7e2d4010dd94814cec1fb40f7857c1e1429e2b720eff09e1767048071f,train
2d5fba22f0efdb4924d8e26284644bc89018dd194e3117fea59199d28f77c61d,train
2d67f6260d879502e9de93b84d5d152aad1945d417408f94c475de247d8dcb26,train
2d6a1945588d397fefe8ae5a27fb74a18489cf9f21630fb74d36bea23f65cc0b,val
2d77003fc54d202408be3d2a89eb2a37e36f3b6efc3a011f0f289c21fc037ddb,train
2d7fc3bac442b98c33c4228651a0a334836d8bf2d99a065f69e7ecd6b352ecba,test
2d8a2ea41ac668d848ac5badff5c143a3b899cb39cd18153d9c08f67437f2ecd,train
2d90050efbd8129fb75350a5d931fc3ba20a01b4f95e09304e62c9e6f510bc43,train
2d94196e0cbb32bbde7b80ed8fefddf8190d8282e1e03a38e9104af06853f77d,test
2d99077e132925282d05edd0a656fe6a1bf00bcce411e78d28a1b5678d96b1b7,test
2d9e4806bdd69e19a2719d1334b02d33ae31e8c5c974df9a8037ba210b5f742b,train
2da536abdadf2f7bd72fed083aa1c1e92f75d814a5d7416f2128b44292c72579,test
2db29d1b15cec9807e27582ef55337e27f57b61d9e9dc7794a00a9321fb69e08,train
2db7aeec0508df6cfc0985abd3c5cf0fbabff184361d43e85c9d1c5649aad748,train
2db99db4c807a075bc8cdcc04531add09e8f32398f018e049a2ee986fcf4a4c9,train
2db9e303dedeea530ad76b43d3996f720ecfef2635f06bf1abf2418ba9029cea,train
2dbe4c82acc64247811afa46f2887aa504554f45a509a72eb14136e22cf54492,val
2dbecddb5904f74ce105f772c19ae26e297ac2be7153d7801f3a017f4e028b95,train
2dc7c397ee31510646ea70ec1688e72215f5b730833d77768fb73eb9efdf903b,test
2dc8056cc0baeb758397ba4aa6ea59396c89ae31ed6d1db7e8e6b04782eeeb57,train
2dc9aec4cddb76d1ea2c12b62e5257aeadb4355ac63e15f9262edab05e0f05af,train
2dcee31b8f6480eac1c22acde769df7af78a65b4d71411925f34fbf7fafc92e2,train
2dd3e1763ae970aad878b9e6ddf815525b18d32640dac2b26175ecebc0cbd5b5,train
2dd5279632564b06a5a68f997de37c1be8f14d3b948679ea2c8ceee069d1ee29,train
2dd9cde963bf62cd1d63a8bdbe3089b64735a38adb99a300628776aab4cc3c48,train
2ddc203d97954f40067bba9668fcfe026728a2f0317059707e2cbba96930728d,train
2dea2607b63bd9a8f099bf437947625a7ae261cc0629be6b2ad3958ead84c31a,test
2df3a1587ccbabf45779fffe4435d569216beac7499d8b0d8ea85ade112bebbf,train
2df9192046c90f8224978f52bd7223c5c1ef6335565c6c8654703babd62f92d2,train
2dfb10b81c1ee7b006f7e2d696e335783db2adb522d6742775334625489fb3f3,test
2e01fd891ab9c05c8b159e9b6d777e839c727fea89ef96484b25b43b13693dcd,train
2e0854538d4a394d9200ea316f9d0ad67ca8e2ea2465a397620d0eb8b88ddd9f,train
2e094c8e0f7bdff0d569de35555b367c7afce9b8b937a4d85f276c9249a5222a,train
2e1448819019f2ebaa6c409dc5e3f60cde3a8e8509c8ed5074eebc3c9ed8469f,test
2e2c4c40673fa06fe491095f9878d1cda4f6d095ce20ed169c42ba52b047085e,train
2e2d07d3b50c6ba1c1ad210bc13bf40e9768aaaab7059f0fa8b9c8be0560ebc6,train
2e30f66e40fa767a4b46744c34da588e144575737c4bc70d6a158fb2ace306ae,test
2e36c8eca4c5b1a815af8df6b292fbd003a46c4d867c6067a0dcd569795e7bcd,val
2e40d970ca6c20affba3d8cf1ae88f97f24183148964c9640c9107d72924433c,train
2e4252d33b84df712d65420292606adcc933c22acade3100f88b5f10b4b578bb,train
2e4ac725a4747faa7946612c515d1321c47022248f54113d3ead7925afcb4514,train
2e4d5ac7d1943e13e4e16725874c19415142b59fdbcb79c9fda92ae691f74fe9,train
2e52bb40489bcdb9bc715b104793232b1e32085c9415e07224374b0e936a3360,train
2e5615fb091bde9377319aa870b5c7e44e82bc2d212b3dace5eb8a525e5ee14d,train
2e56f4a8ed8328980cac9610447a8725dba3a4d64be1d3edb4aa4d60d6c6d8c4,train
2e5973211958d77b292e5c99d66d46a79363a0a49f7262f35568ac7c37468f8a,train
2e5a96f6b65f325d3203a162c282c68e334b0ba7d1800748f24eb597146fc27a,test
2e5e41774bf14a04e2885ab408a4677c4222e0749080984ea36ec5f7622495f2,test
2e6280008f4ab44acbbccba97bdf092f688ef554f6e8324b191157ce6ddcc403,test
2e6a155e03cc95ac89f39f897a78f96cfb392fc896917ec50fcffc00dd243342,val
2e77fcd00c213dc782252aba9e2da335fe936e2c49370205bfd1d7947c60cb8b,train
2e801e00f551ec7375c82e65418155af0f49d3327cc3cef18f933fdb427c659f,val
2e89ba7d47c2503e944591189f779afc15a9960d89574f9e07174371a3ffb970,train
2e8b1034035bdad60b60be3bbeb715a117f89d7a7f2bb98bde07de62556bfba9,train
2e916732e4d939689ae84bfcc92d9364ad6d6690d4ce9e4a3a04a945cac61013,train
2e9850c78fb2e34abf4c915d0e349ff8e7bd363961d59fc98a34e6fc6e094a3d,val
2e998b383339aaff5e89e95f0aa603f759272fa8ec527b4b8e99b1b66fc2ee6d,train
2e9b39f5d8673a7227653bd3aa0c7d0c10f51f7803ecae95b603034736612ed0,train
2e9ca8ac8f813f58f7ad68c9795dbe0864340c62115b154f0a1d6360d063be72,train
2e9df474c8df11746b31929da61d3f5216beaff5b019a1dc53b784172c55e210,train
2e9ef18983b2141b7b63fb20f8efc4ae9b6f1092f8775fbe65a2efd250297548,train
2eaed10965bf75726de579367e68eb3f399db96b7f8fef1a1609c25bc0e9aeb1,train
2eaefce0948cece0b3f4626427982191c6d77df737651fdffc63850f9e98e98a,train
2eb8f67b8626454533d6d8682222607d6c1496f117d0a531ef2ad0bb16419382,test
2eb997bbfb88a82b778a70889b3c20dd66ca04d10aebc71228fea4aa22579f19,train
2ec93ff62bf3d4e477dbf51f772a7a540324b4093229c7c86a36eebd3e5a4743,train
2ed18a552472489369a8aafecbedebf01225b4b67a21dfeb48dc6d3228d2ad02,train
2ee1a946fe74010d89786e88abe1b25e4bff63e11c285d5930a19d2dc831df1d,test
2ee1d154eb456a47b5bfff1dcda2467af9a3be5bee2116fbdf6fbc8118b9bf3d,train
2ee48d1d083ed4758505bd730213f57adeba53c750065c37fc7d87bb4f0fb8cb,train
2eeec8a525cb51f0dd4308b59eaf9132a39a8c4229162e820492564f3ab1201d,test
2ef1928cbb4bd8039048f945e4353994cdfa46ae8f6fd4740c8bac7cd9fa762d,test
2ef373386bee2509c69f2174c31129ea582f9145711cbb7c15ddbd93a84c2332,train
2ef95c0fffbadc9cb49ade10f4384eb64e83a0594dcda7754526144ee866d293,train
2efe47e39ea9549e1f53484be17b5d2a6db5427f32cec7e6d6d219a645e188fc,train
2f0804525fd4115b67fad0467822dd3eab207303ddddb3eb79120865184bb8db,train
2f10b6c1df58719707d17a23578e56d645ada85424ea9d9c9e00ee9af4c94c9e,test
2f1561679a11b0518a05219f16fdacf8aa1850f5c203de60d5a52751cc29bd99,test
2f179bb611e0207b64e8fe5119d0ff7470abc3a9e758561d5ce865be1cd96592,test
2f1ec5c083717ad467ef0283cd8db56fb6cd63b5137b57d699f5ec0972a74102,train
2f1edf5c2732ad4fb464ffcc76f65d5612eecf9731778a3a7bcca5fe356365bd,train
2f1f892be489191f83b3a05b65d156e15a8e1801e6811c20ee0bf60899cb5fb6,train
2f23f46290dceabadea26e4e482c87018101347462dbd85b6e3055c673447ade,val
2f2e85551c8d1c2c474d29ba3de9b2e71c9f4fcbab09247abfa53e4def3caa3d,train
2f31e4867c44554d757f086dbd50811093c6df8f4193b8865ea441da8152d581,test
2f3745c624f8aabed46076babbbd184b6196800b7cfaba252aba727bf6b403a6,train
2f3b433e22c1586f2d9e1ca73a2462816252bf8bec4410714f980ddb2fe49223,test
2f409acd805e81230b3ead0fe60a3db055972bc603016659c5a1eba925612c5f,val
2f41145e7d886a0244cfdc31eb3d3fca31d21739ffd650059a1ee947c728bf0b,train
2f416c7c375a5efe80fa50bacf28b9ca2836190e5a284937d76a61bb03d5f324,train
2f42392e0d9d422d3e633d55f964493e6a5beabadd2ce12c95cf3d920e11249e,train
2f42bd727e95e516c8c629ae81072523371a23e739279616c165dbfa95d11082,train
2f447faf8887870f16195e3bd9e977431e544fb353ee6ee45dd31d542e81fbf1,train
2f475379c6f9c2e274608ede66293e0656c2a98bd9b1ddd4f734158459cf75f5,train
2f4beb4b54c0ce05159897c8af50d8fe9f59c719990718162378f8c75c68b89b,train
2f4f3c8498894025a9904d0cd5cb99d8d2d65fcb7208ca8086ee34031aff2395,train
2f51bc36d482222723d7b979ca3a0b5c48cb60f4f67a5a0379a11be0b15a27f1,test
2f52e2b7de12c952ca270061463f67b4f9a2b2d53f0cd0aac592e913760c0a91,test
2f63f0bfae46efad127991ac0ff2bf29ec73d7cf69b57fb4bfa4140f3fc9532d,test
2f6425f01eff5788486d9765f67c8cd7d3526cd28a5ee3455c87d0cb1c13ca2a,train
2f67e24fef24d0330e94c3286b5ae180a73e60937a696c3323df0688c0df0f37,val
2f6dd48403830d1c710830db43e286c57bf18cf60c829a054a158eb50d8c62f4,train
2f7715b24e4794cbad649b1cf92b2f5dc5eea86d140d0107b6a20467c55feac2,train
2f7c4a0693901d1889d90c0e4e016396c61fa49d317786ae3afa4b25be6ed0d5,train
2f7e7d62a8dbae1c8e9de14c8496f0c69e5affeb83f5008ac45a0aab1691ce57,train
2f81993d9e4660ec89727fee5e28ef133d81efa0efaa4c0d8132b2f2a6b0e57d,train
2f82b51d96146af3014f66938fb117e10d44dd789e12e2122b09e8ad258bc1a2,train
2f84afd9f91d87d47a457b2a01a678bb23d18f8883f4b18788f65270278f7433,val
2f8a84d28e52e02113cc8918970168a11bcf25079eab10a336af5aba77440233,test
2f99b224090870ce04d37f69a7c3ee95f7abe8419613bcdc240280dca9b7d40a,test
2f9aef9b3cb0e75afcc11afba25dad7c416292d555fa2baf8d35817687ae9396,val
2f9c40ad06fc0d330a85fc1898c91691ccf01d5abd7882913e3392a0781c5565,train
2f9dcd6f0b0e5e5d1977c443556d868234629d363b367a2ff51e1912e0205113,train
2f9faf5603ebb57f869ec6c845e747817ad4a4d7d93ce996d0c8b8381d0bde4a,train
2faac471a5ee0ebd13395adf74ad2aaefdc41f92dbd57cc75f94ecc0f7e4451a,train
2faec26fd816567fafdbfc62643f3bd5354f83b8ef8148da5aef63dc21779ace,train
2fb1359705094354081b4f9a9e1c6137295d8710cce0ad6c70e2bcf0fa813ffe,val
2fb37d49512a3b6197b45f2aff0c132f9b2fae3a212d3d78db90468ce6bfcf89,train
2fb54289e8d498802bd5efae6b8eebdc3ce01215b1518ee5c5844d906aea8199,val
2fb5832645f1f8facc4a7dec157c23a4028df8f2e29d5a736ae28432578290b2,train
2fb628ccfc76d30042b4cc4f0a28126163d391e8d447ffb8a8df324145e0696c,test
2fba3636356cf5ec3a7646fef83646dea1c736357b95467a090ca01dae407750,train
2fbd11dd63b5ff707af8b48d09af3585389d0250a517b3a51c724ffc30f1d559,train
2fbfcc286ae5f57287903bee6da61fc14ccdd1c607fd53590522c11454fc8450,train
2fc36956126dd80287d5d7be52507a1721bc79e4e1b54ce675667c83062777c0,train
2fc8f6775985e4f5749cafbe22df2090c779bf83654983e98a7537a0325c0148,train
2fc9f3cd9dee522bff142dea9cc67ce1345351eefad1282c1da6693549608e40,train
2fca8bc5ee395c22352aafc10fbf33e79700d4d4f75b06314bae1d89cc34b5d1,train
2fcc025426953ff1c61ba0652a1a1edefa8c2d8b2125b55c1891c8d0952cd25e,train
2fd59aa549108832597208e17bf83fc7b572484d13efc7dfb2d7b568b9808c51,val
2fd89f55717a89012f1bce1227f479c43f1961a462d7be653e23d09bda3fa9d9,train
2fd95792e9c2e268e09e8bd4a6d0a9eba221e5461e86c1b835a771395b58e3e2,train
2fdb8e3c3d0f0255c1418fc4cf2fa13466edc22a317d59cb263413c181cb43db,test
2fde8481d88fc935b25abce05d1788e6ef5893591ed2c2563532052de5c26f91,train
2fdfaf4c2b5e676d3fd903e26865910e3151711d79a0d590556e2f783ab77201,train
2fe35b9bdbb4acc476f0c70de014726ef563f44a7895b0775cb74a61133bd9b8,train
2fe43bf486e499bfd2b2b1f66a6d4148f008ed6679d3f4251f28d932858cb566,train
2fe9e16c12a2bad5661c5594dd102ecb624820380ed62d1d542d260ff6b5b0b2,train
2fecaaf2e90b02875c4c2d2e51f2ec39ea70705c9995988da9f1202cd27add55,train
2fedfd93af9303dd26e1e51bb4852ad1714f736ff1b79a6b7b3b1153be443799,train
300caaa380c9e64073d117227fb8505db964ae64623e2b7ad3b89fb24ffc23e2,train
300da042bbb1e1c4ccb58bbe7551486528788f5952aa8a788702156b971ca162,val
300f3199142ec7dcae5ee1d94d16379d3e5dbc8abc934ed821d314029bb1a67f,train
302bcce7e9ea21195d3e657d80c5022c1055c119c6ea3d06e70840226105ee59,test
302f2f9f966a241176bc01d2d1f8073034302d9f631142ebc1aaa471b2458f40,train
3033d6a61ce24275b72cd567a3e1031c8cec04db201f148be20d04febe20c6f7,train
303685981ee7c1a8ed82d41ae7775d22e76ba74761da3aab7285c12830325fc1,train
303e2649fb0262d83a27e5cf61518c98f3661ab1ece46a9df08348ca942d81cb,test
3040c5c6139b4e6d2935d2dc2377001133e2438e26dc1605897fc55402977e09,train
304303d5791580d12aae606d58ec608c95e5083e8ed78e6d492cd9b3ddbd4e96,test
30448001219e309b8bad7abcefb75b13b3aa8a08f6c3c9b218947a86980d43dd,train
30460c52fc5782a958557321e56299919cb1901acaaad28aa8ebf21e2e1e9e34,test
304bbfae6b882904b844a4373957c779ac8c3a1debae56d1e498f40d653c410a,test
304f4dede6624aa86322574cff16985661da87adfe08b49c9a2fbedaab8658ea,val
30558daae9647b609649e52a2ac27170ee140e3acadf2fd72655b7f0e37608d3,train
3057c69a54744993d61fad5bd0b38c0895947ac4d07ae4dfb5ce5a8eec7ae70a,train
305a6f6f5489aa8ad5a03bfc3f6792146c57a280a3aa5e2420c46fc505be1a47,test
305e25847532492d84daa5c6f196d7e7d581216d31165f10882153a3048ad9dd,test
306212107089239ad142e32b7587aa366fe26707ec77224856cdb69499459fd6,train
30623e00ef897053ccbeeaee6d5428d5cb2df94fd1e44a1d2c3ba4461c3bae9d,train
3068e577172877a8be5195e66ce7b8a7d746585fcc0fb1592e6d5cc0db319f49,test
307fb08be7db5f51b93e63168c39ee78afe870c02b7f15bc7b28692a08f80ce3,train
3083ae2d71d92956763b9db7d1a7816e1aa4546160a1445eb2eaea2aa8f1aca1,val
3089383090ce01e971eefa80badb61fb2c9d361870019b746b804d5fb0f11fb5,train
308dfd69836752b0893c17c33c810f58d8049032136018a202de544b950ac185,train
3090db48ef3eee094babe591284c370e4038e0566004bb8daf2bb810f24a7ff1,test
3094946ff43ec1af72584782f28142a48172459bf0f5d3caa46c800bfc1cc5f1,train
309c3c3644686cb846ddc7118c3d6cfb42f24289c254a68e7324140b0878ad56,train
309f8b014d69a9a796346b1b8fb82bd414780feef7a36f8bc84c3e4de5fc754e,train
30a943be34713c544010bed5d1f7e55a62ceb7d656fcc0e6e623700bb7e4f413,val
30ad92795ba39fb429e8c181ad45bdcd103154c05da6907b5d69f685423510ee,test
30b84812b1f143d65075c2951a771056eca31c72deb6ad0d1410be3bbdd7ff24,train
30b9d0b61890c7c2ee92fcd72caf95c4ed6c85e33ca6944827ee095251861792,train
30cef43e15bb4ac4243c692cf8531d4217a628ef0a295424e775c3037aeef989,train
30d640d40df2c49bc3f0da55e5c466a1d6c4505f68cffa44fca04f85cfe74fdd,train
30db32780bc3462aead51d3b65172e37fa907cce0da9cc41dcad82332444f8a3,test
30dca43eba745e194aec1247753037b668c0d8d6b643e340f4c489553b2127cc,test
30ddebc2e04d1d56439bc7eda343f2940a78ed2dd0b8f5de60fbf5cd1d565a44,val
30de958a2ed7c663f4d1900c8fa3e7cc27ba104a6d002cffa3d433eb42f67969,train
30ded08c597d5c972465e12e1ef4b93aaf70c619c8459a54abd31490d2140f4a,train
30dff625047b2199acfb9d3e6a77edaa6c7ad99708b89a45833714589bd500f9,train
30ee7781b3a86fb7efc43ceacba74527294720c9316f36fa05b923024040510a,train
30f57244344654780d913c846c50b468d4083140f3c69f481132bf497ea64bf7,train
30f8fc6fba2635baff5165c8d2dfb1d2248a9ee5ac0127054110a3aa909f494c,train
30f9db743c93564f051d1927c71ed74015eb80c255bac418e0b4a6c5e7fe5d79,train
30fba7716b411069c5134c576c0cc609d146312ca070b01eb0b209f8a53da6d7,train
3102a42a20bad1f1c9bfafd32ace47f9761607f64be983c18d446246589b71c8,test
310f77422c30950d567f7b174e288645abac20b96cdca1078baff2c26f6b73b2,train
31101612c7a7b71090ec00ce4b9e0d9b7ec9951e4053ef8895b207a3b22a15f0,train
3110a3ec3c3b0b003ef156358f12419b3e1cb1999ed6584fb996821a93f1d5d8,test
31137a5f6182736756d866e375321e897a1d606c4d220f120fc3a926ed6956ba,val
31152f67edd13f6864d0e127bca3e8b397e8e17ba08dc5f17a6aa7da5ab3ae55,train
311e3f91a8b485aaef643050b308d621ffe09440cbc261e1f94b532368a69f8e,train
311fc87dc73b7baadea88136dcf6907936e92afac4f20e3eeb03451b799d33f4,train
312d7e703631e9bbfc9e2dff9556c64ced5eafcb8ad23e4037c99a16e90b652d,test
31326c3c22b7f853bcc39e55481da1411532be67a91c0fd6225831c8ab05d60c,train
3133e1309af9eb61e6f00a8007aad6a0ef2c1aa40dc3fd808e0da7919ca9017e,test
313589a133d3f837b8182e7f47bdc8411c30e6ab64ff59fc98570a95a97f56e1,train
3139d23e131b47c4204b5afe51c626af27e33ad454125c02fa548e257ab0dd06,train
3147ee03e530ac7b5077b819097efc948ad1fcbc1f9d8c7754d3aef227213da7,train
314dc240a94bda9ff531ad8c08284de39c8063eddd352a10bf9a678bcc539f6c,test
314fa6eb53ccdbc160e941422ec5c8e200777c8f1eedeecb3b8275a32eea50f6,test
315021faef938e9a7d4998f8d63821f95c4905c65336a41282081a65701709df,test
3158af16b7837351d277b41725a131cfe394316c53103687e290f3c9c8d0e77f,train
315c8105878ec3c2a25d8b9450d1a551a97aa57dfaacb8b8fbe8397f6fcae32c,train
316a256938c5fed2093d312fa5ab4c13e6f748ce15ff305cf27a07b91591869a,train
316b81597c2ddfea64bcfb8dd0b569c6dc70b3c78ad7197dbed858be5ded57f8,train
31752e06cd4ce10fdb18c97f2560062550bf94e5b094dd93bf7c74841c7af4ec,train
3176c665888b91facfc9cee191df9f4fb216796cfe111fbc1e6782f7d8b3e728,test
317c8ea43a50ecf9be37e0afe1b2bc5246300a2e00b73ac398930197e2704e2d,train
317c91d3a96aa27dbe118054699aad83d345657254d6256cc31e8505d62ab614,train
318561ee8a62966aca9091524f4606db01715ff5ea81baaf9b89ae9c0bb429b3,train
3185e2cbb9922f406edd5a743054dee862549441524d38e98ca49b47d67ebf18,train
318f021666f83c91f99e59f3f275a8c19ae7cbdbdd339fca5f9f5d4dfb00e7de,train
319ef7d4945006ec77b39373327abde3f096acf2654f47b0ea7bd2aca8502c7f,train
31a56d49d74d1db07e7d22c68ecf72218d1baa240ba656f9aedc6bbfbeb7b0fd,test
31b21fddf781dd0c60bd2375ebd4588c899420f8d953d70c215cdfae7c77f007,train
31b54fdb6dbd038bcbe8786cccf0c9ef7744e20f71e4fcc2d99c385da7c88a64,train
31b770590953a681caa0edf53efe75d47880ad3f2a6014cd0da79096017a6026,test
31cac025abfa9c3c93419a79edd02a03f0e5b15769723c85e50ac510148d1209,train
31cd8e1094c74c37083779483f44e6364b8c2d34ab1b87bf01dceeaf8bed7c9c,test
31d1fac8a5291b9da7ba24e1bc89bae01d935ea99044037d43375aa610c7c9ff,train
31d4b8e40bc49b6434107ca649c2e5da78424c71149f854e26ba4a2cbb965a31,train
31de269de4e8c334ddf36d846f030aa9735fee1d71e885a6142444e1f52eda39,train
31e0c321b4a193a0957e7836aeb5a4c25656a6dbbfde41a9012b4fc81892abe9,train
31fec1a242b04dea1d441a9e5d443d055a875a5ca1781603091ab792cd4e5a5b,train
3203a877cbd0c2ed32d8d7d6e522d9f066dde53fbf470d5d30bf3f9338e1b235,test
320646b50cc53bb4151c95195092f4326b13c014675d6cee4ea855d30777d7a5,train
320711afd879b08f15649ebb4de33f82e1a3386dd7cf947a65027d5176d63d3e,train
320ec5ec3b21209be2f9f1a34802022d39730ace0d719c4daf05c92384a54f45,train
3211d88b671b867ee3d93c6c9233143cc54e0688b813e5e089710be10ca05834,val
3216480eb2791179530e267060e109b7484cac4d64b8df59acc02ed436701f50,test
3219cc7454801669b06ea4e05bed11cdc6d15cac1c44008cd52f522ecfe7a015,train
321ae51cdd04cb6581f7fd76769634c43aa2f830dea535f2650d0e8b9a5e3fcb,train
3229e9ec5a770eadeaf432c034fbd9d97d98a6c96b0b159132eca2f62803838a,test
322cd24b28cd0e117348002b295361184a3dbd1c4a3d8916eccf5f4515318ed6,val
32312da1c85feed77628d8e6b2dd069fbd45e62e34be4a8a8d38c7a1ee71aba1,test
32334c47d16ac943e994dc30436e4d9ae0086997a1b94c9b0b7ef3ae9e5abf9f,train
323a2037648515d423de92a2530f346fb2d6e4f598e4fd0a5ea41b983cbedfc4,train
323ae72d21d61066aaead56fb54cc548e86c4d621427438f820a79e6c8fdb420,train
3243108f57289d6f8ed915c558ddbc19653951846ca1f083184862e281b0bcb1,train
32472468df60d5038f806493bc0bfecdf0dab70b966bb593d8f4582cda4f2b20,train
324b06a3ad8d3d39625b3358230d6fb543beb334aae82be12a17be17da4771a9,train
324c6e94d4b0fb81a7cce005ef03564df92a353f772b94d6561ac8c872522a78,train
32507b43cfc2fa4d3cf587f3ecbb49e158bd055005fff6955da8c6ccfea109f8,train
3252ddcc10ab0933ba92799d64c860b8b94a4f012f1adb4ee3e8d4cb7bb1e47e,train
3256f9c2b4cb3a6cbd816dfb5749c798969222369b36423778f65e815ae0e9a4,test
3257527451bfaad85e547fbafcc61938bfdc4df15dc58b27aeb17525291698ee,test
3258c9d3290a159b81bb9a5dd6d980a36f784930ea3f02cda3aa716c80cdb960,train
32614a77e71a9def8de64d0345a2c6c1cef76917cf9034e5d82d9ac85e7b7e63,train
32622c7eba8eeb2c7d6cb23273fb58421f2b0e42cbbff1ee3024ece546326c0a,train
3262d456f96ce64baf435939a76cae41deee492e8bc29459926ba58cd8359840,test
326d084061a8777b413d42ce08dfd1f5c1da654237d3885c0716a644cfc32360,test
32722e86883ff1336ae016c3b30811f4d390efda236cd0d3733b7e880c6bb7a3,train
327dd2623b4c0c01900416d2dc8fd4ae7d70101cdbcf917c6d92141df581ed71,val
3282fa316b4b6d62b64629f2a8b6e8650956ef7b580a41e26a0f599fe6fb3a5a,train
3287cc96e88122702690aa56611fb209dbd291cb9197ed014746189357f0720f,test
328b11127b4b00140d84d29f93a167e6bc1c310c02c3c4731515c89ee5b19f26,train
328d0a2593801331b05ec8dc5fe279123c907d0b05ceffaf4da305522c611d09,test
328f548b087b8db5c86cd7534e3fbcbba088bfe7269858536e4c7e8ebb31ef3c,train
328faa216d5c55e40f8fef64e37b086eb28da825190e4233dcaf9ec4c4d065c5,train
3294a83caca3f6fdc16dd9a48a738cf12e659571aae8cefb5790c69a7cd71cd8,train
329b6f86f17d976619486ef72f0941196f45ecce8f9f107bc0f0c41b1753db18,train
329c29e04819e4862fd7f258f036b8d0f3e9727c4468fb627023270803b1cbe9,test
329c9bf1311a58d5dae433b3228bbcee2dc4cf2fbae11da54e2bc965653e628f,train
32a00780a3822bdade5abde3cc201c6a982f6c65912851ee36dad5c714ffeca3,train
32a1dbd617ebbbb960cb0904bf53c96822a2b6843e6f6aaca6a8d31e309cbf96,test
32a7eee43914bbbcb888dcfb9da5212a10f5f97577fc4a8409c6d8d3717db106,train
32ac45417aeeef2211ef3b661b55682fc5bde3e1970d8139db5c4afd9ebcdaf6,train
32b5babc7af7adfd3b5c54e94aaf38ac9ce9ba70f643d9ff49a00e1bfa605ea2,train
32b615e1a1c943a93dc6fa50ba2bdb936332f4208f45cfc949d8a261d5fad658,train
32ba9e7c6e1852dd6581516ee1538c139c45f779455907169a8651915619d7c6,train
32bd7f65c8058d70e828627c02d1fec9b0fc286725f0998725e161566a369220,test
32c64057fb8e44f1f1cdf521f971210944511820093043ef35112a6a913b966d,test
32d19f9dddf0505bbf08531998644646e6978979e5a38b933599eb5e1ca5349a,train
32d4621401426eb2d4594070bbdc9029161edf5fbc077d1241c01dee004d030c,test
32d48353da1912c8baaec46fdc62c43ed8a7ecb0474e2911df508be51eff318e,train
32d60a28b4c29473a2cd1cd7eab3f708f0aa423e59364406df13552d74b1b28f,train
32d799531c41ac19d2f4a7addfa02e2c046099115669706a299de265c221f479,train
32dc88b3fb9222f49ba3b39bdaad625267886f6eb45ad85430778eff0fd23ef7,test
32dc9054e41d19da0bec55a5f890e4f7e93833a195bfa5d7ab969b0d14813812,test
32f5e6259a0972a863f8a385734605e76ab61ed269e38f8975356a2dab6a7b09,train
33036fabf5c10c0a99d45935de03a7d901f2f35e8966426f471eb69f47df1abd,train
33047b56004d0cc04465d98331f22344d34f6d2a61bfd18a5b3b42be1d9e377e,test
3307d7682ca3d8e231ce096781703a67b0fc203171d7a0f2112e6d9d4152d80e,val
331513ec60d9fbf1a67a36961a208adfbed2cd2f7305e326ed43b824ebcad9f3,train
3317569c61cd00fd3aa9df85c6d6cbaad5d3f4d672fe186e958ec4d89c95c85c,train
331e5406214ea511f950dcbed5914ea35b7397d5c696617138580b8d1fe1c470,train
33257c1a37446ce20600289bd2f19e8f9c049e365a041aeefcdad64c1ca4df49,train
3327e0880c14696eef96f3a2c54886b1f67c5a5bf9520a2f40f18f827c5d4ad4,val
332baa64895ad062d55ab3fe1dfa7e6846cd76fd750acb4569f07cd307f19866,val
333179a292ffadce6945b613bc10d15e801d4ac84162e500cfdadb0add5121f0,train
33385727f3f89dd563f79940962f2b2531d03e3c983293c99a976fe20795c39b,val
333be0df3076e10c2a1b803a720571904a493331b8bc98c2bae45c3a731baef4,train
333e4c79b9f0d7f87b87ffb5ec474cfd6ea1713da3b79d8fa675404b715bb104,train
3341cd9ebde64059242fe537f3d5235f5a1c54a08e3b7725c393e9a029824fab,train
3348567aa487b0212d7c299d9ca9c226f80a623acc5f7dfac1bfbfa26b87f964,train
334a4a6c19245fc6ddd4993d0c4b25bffccb82752df5470fac71a03e1785d993,train
334ea7e9bf4859e74f664f751811d894b1df46fc9a490b1c6ef1ffc59206df3f,train
33564a0ccfe4fdc6836a864398205e7bb0d25915fbede36f8c6886568ea5f71e,train
3362962727d5b3d85af8f2252f63c4997d7d10945232a5edfd784db7dcdedeac,test
336abf525ce1e8beb080242e53366483ad09beb1e9469df9f9763bea166ee3ff,train
336ce90a3403bb2532469d58f5ca5beeb111b2a0473347eeabcf20e46fa63b0c,train
336ea9457b6f81fa07b92c7836c0af41d605d040a25cda174688785ab7eeeb14,val
336f3b2eb383ae4e26c6883cedc76114c6e51e6f6a63846f8c6d69ed07d7c809,train
3377bb4c7d541e6de7d1da7fc74add84b27638ba642d726dcc920c09183139ad,train
337db33d77610dac558d537542eeaf764e27a42992d002f5e70e0372036269db,train
337f69b54c50b105d5f6afa92d0f61d35100a1844cf0fe41fd0c9da7cc34710d,train
3380640874e1c9c3845dbcf2b92f74dd08b0665f90bbcb6e8166996c2c7f1c3e,test
3385a5d77e22d9c8493298d380425112709e25dbcab274c1525642f37b1b48da,train
338cca35c717add29a30530516a0b17e8d23f83f22f710f76e820dce1f7be912,test
338fdb2d525354e020f05dfc2bf694f3fc9072cb6894d5e6f61ea1dfb5ca1d5f,test
3394ab6bab59e2e6c4fb6a9eb108514cedc068a8cfa61192bf41b40dcf996fcd,train
33976e2bb033b1fc698aaabf542ee005a4bccdf1ba99ea45e4c7ad1619a51553,test
339861500c7ea4ae96703777524d868a2c242040a53a61448f90272036a40f56,test
33aa2585c9bb22582d863f035c2f511aec5f1c0f32b71888b2a6c1cb195ca42f,test
33bf66da00a76bf28021ff198c98fb99eff522a5b9e1485bf83b607452ced990,train
33c1399db36c4cff9b3941c8aa28fbdc66432b35aff5575939987e1111d2ad5c,test
33c2becf66b4c380f851210a75610d8aa1ae26503d523407a4a6cc58aa1d5f76,train
33c4be6ec2111b5c9bb3de0a7d5886ee86a4277cd8f60c135f4c23891260883f,train
33c53844aa18ac73836aba75d4e81e1b71d5bca58a5183c99cb23d7783ccaf83,train
33c74f2bb089e3dfdf484016bff184ad17f4b0757f059b263872e0e923dc61cd,train
33c77068048ca2eb8c627c30d1cc536523a931b885173740b2a47e0c85dafb6a,train
33d31a08c92c9f7d72ce790e45687f511589e435d4c43c4e6ac65abc4e29f1ff,train
33d4056aad713c6ec7444f40d30fe61a92679df38af526c3231b3b7fbda7c531,test
33d4af336423c61d57be5736fda3bffca6e1aac122f667f8b9709ac772430c34,train
33d7ec5af1aaa16e9f996ac082c320e8c2947cbe81341d8aa1390e5f20e0a23c,val
33da43b2a17725fccea59632266593c0be536be898b022a1ddc902c4669b1dd0,test
33dba698467d8735abaea1dc0e23197fbf2ee9119bbe86316ada8f54696969c0,train
33e09ba16c5b76049f1557ac5e6fee04c9b734cf1f45b0f05ae79bc25fa27188,train
33ed82f34afb54e86a5f0b2c44a64d9978c110c25aab15e39c24805bd6f3cd59,train
34018d68264ca8368eea8ee6f669656a2f0cad3d3fb0de3819baa35f9d53ea58,train
340fefc2e0aa0034b03103ffa4a2066587f99adbc9d4f303bcc39efeb1bf8430,train
3410f8b23284d662c6a9ffbed0a7b4786a1accbe427d04a33b1c1389c7a0c840,train
3411244c6e696ce7b7be493f154d66e765bd9323ca04337c87bec30ef70bf124,train
341b8118c7ab75adcc6c4a92f18d0b96649d3e030f918fecb6b794c385068ee2,train
341bf8f3d6ceb09872587596736d60bdf4dcf7da9ac6f8798a475c89201f00d6,train
341c2122f4e05dc6f8d3cea7249f33d0ac1081692c0bab2ac97dac8279c64474,train
341d9f984e556a63b6a1734b99958fde520ff5427e96eb2741f7d10fdfdcaf37,train
341e2b224ada25c04d2d62957313955b1b345cc2583412a7e68bd8c06b3fc7b9,test
3423a53d9b0f845472e99bbb6e140e5addd6566d2e3136a90d5a829be2932ffd,val
342790693f0d4eabed7c82550967e95e5af9188ba0b5cee960cdb0a99e269fa5,train
342e05957fd29fcd6e8ce16e867e284867710249e892113ebbfe14f0d8946b9e,train
343260651fc03e5e176a6540a94fc86b37413f9e28ecb812fbb9fe5fbffb7160,train
34337d67c0ebc2919798b326e44bea23a0712a0d4d67f85cb922817f6bab4daa,train
343850ac134b31f74d00aca9a25aff080ff5b2eef4e166dcfc01dd72f792425a,train
3438c59f4d51ba13ddd2adb454889fee735545df313c7b065b6a5c4b6b2fa096,val
343ab6656034735e104561b87fe5b57f726eae16cffcfdddf4b5312829d4ab52,test
3443610d2528226458616676df41f4eb9f139058cfa41769decb080e72588fa5,train
3449243da23735830514641bf7becb30417731f05b62a40e6384955f73d8eabb,test
344a15cf12aa0451d0257ac3dcaf24709f42acaf4c776bde8c6908f5fa6870e9,val
344a9b4e8c673de9acb92d2c0da1e28bf32a98c15775074832849dd03e932807,train
3451fbd7ba1fc230462f00f0907a533bd084bfefa59ac53881c8f4a0de5f473d,test
34529dd5d7c8d0693aeb1238c3b7c60a50e6dd2c06bf646f8e4dc284ae8328c6,train
34559af1c10e7d0b48cede9bb873b3f91a948f34bc3446fc7c70966fc53a7361,train
345a3948006d33bf383a0904c04fadd4ffaa37d50b0cb763be4324791f0c1cbd,train
34644ba48b7a6230772ead00df1bc462420014f5eabe13a92429ba099bd5920b,train
3464acadabbcaa7f15dc22ca7676382a9ee1df6bd2e73ad9d7d456eaa59b9d26,test
346640ab8a2bebe04198a71d6d1df2fd071d34508a69c1e0af91cf88faeb88a0,val
34740dbd51ea7e1fc4552e26b8b5bb60d2be93cc3ded57d18999642e18b538c6,train
3476433ecd4190731acb00623831d3c9a4414a3fa4afd3067347f12a86189c42,val
347b8759cbf2923d1650a567b4a881477f6bd81006b78af41464aaf5f3e78a3e,train
347de341f73a6a8b0a38516f6d99e8bd636381e048e1aedd630a82dfb1f94629,train
3487dc72c0247b9c7d1809f140b53ef53d113fe0a8dddfc58d7de949cc5b8e60,train
349bc66e8235bc667c46835b307fd2d482cf5c0525ba69d18cd7450639b4daba,val
349de15821b85f76ac8e7068ffae3b4be9e7c4c7eb7a57f473c25b1c6407188b,val
349f04862b34ae1cba71226685627bbe87f0efad7e4c150952d55fa481f6deeb,train
349f9ff5c109409e0b4f3e2b428bd198462742f0305e479212ed6cf5982abbf9,train
34a074017f972753802232fba2b659a1622ac1f7369be22b8696b381bc07432d,train
34a50bc2cc144bdcd67efd2f66d3334552cc04092d0e148bb34010d518e3ef5c,train
34a6b92639bb207332eefcfcf4fa28ddf05882f5da39b45f6e40774cf5087c16,train
34accfc060248c9141edd3052d51ab1c84eca57b3cb0d0eed3fe36c0b062cdc5,train
34b3f6232c08f4d98fe2d587c8a4e952f853a28b0d060d912681f26d2ff3e666,val
34b4f7e11ac6a479114facf13d4269ca7e1db603aa051c77f63c071c6718e953,train
34c2bea0d34d7a47c2744a41d0d5e40a1bdc281415e7be60110294a49f5ea7e5,train
34c3e5b992e63dccb7882173165e633b936cbd53c78a3bc1b66dbaf0693f15cf,train
34da69abf89b1b89f87dab059a4b46d2528dea8f74f5136b7e5b682835f3e9c9,train
34dd108708d1b68d5deb6c5ae7154c1dea1ceba090ae7d2c0ebd5cb10dd948d3,test
34de065c0eb218585dad12d85f8d923a62ed70564311e62f5610d7eb1f6d3cb9,test
34eaf07a1a5368d1a3fac52a1b76b4efc9a4d11687f26a70788d87c4ecf0b585,train
34f25b26878e57808fa8a26e72d974a4c5aaecb7f0e94e4c5463c7386171bdb4,train
34f9d5bb73f68e38927f20d9882a864fef9827037022a43041f20f7193f35d0c,train
34fe9da282761ea2ee6e6891829afe24bdcf8536af10c1c6289363c0e2034e49,train
35059e6ca9823960697bafd42207e10a472c27aa37bf8fd0a17f2712627d9535,train
3507ac6065b7d4cf3ac583e300b6ed20f7fc82bdd9e57a8033555cf82fa92b8d,train
3509ccce38d5fcf0a5baf3bd3e8859e27fbe373434ffa27268993c2fdeb17495,val
350ea1723ba0c89e9728b9c786575ade311e4bd0edaedc49189d3cac5d2d880a,train
351058cb4c087c319ff51761126b0603a807d8587af256cdbabde2d65e94a63a,test
35187d35a19d32dfb67d5e5c0ebddfcdd03f1ca3a43376003114d7147afeca87,test
35205fff2879db15d2211522810a4ec252c9d1f5b987c2d0f4245e882797eff0,test
352491fd2b853ef8d94c1220a757e338394af69656f2e14aac365b8a43ed3eb4,train
352b269c965834ff5b83b0ddab65c1f3a0649832589f16e2fef10c6d7ae51297,train
35305333cb903dd6908aa7b3d7aafd64c8f61b6e867068bd51f4c827b3d048e9,train
35308a972b2898c2034fb02cc9ce3ef53d7775719719504b478c2ec135c36166,test
3530f8bea354361f48e423d6feafd07a8905304535aa7ecf77cd77b200e375be,train
3533837d0b3c02009b8c0e40580e85807a9140c976d5eba9edc0e25bb16a3cdc,test
353b16f19fa8b9a641ec9d984b0d93f4510377e6fc7082729ed0120731d19824,train
353e04e80c953cc261eedff70786fb834e594f112a36cf018a938a91c8ea2c4b,train
353ee5bab58aec2eca30386f5b96e36be90d5f5a3fc5c7787f45565d4049fc34,train
354053ae1acb0dff49bfca323e2378417032c1e001c2a15cf2486dd80d35f0b9,train
3541b1802e56822eade0bb931f524863c93efd4ca90019a14ac928309148ef8a,train
354dbaeed09f8c2fd9bb979a348b9b052949dc52cf626f31a2edd6b5368b44a6,val
355dca728548404451989a9048a03f68e7e9cc89eb631eecea0c57f6f2966a0b,train
3574962e863e472626627055fec369401cb7958b5e09e5c8a02c216cdcfb4d53,train
357a3fb283d2a1aa7d90c36eb678349fd2d41ffb85f0ab313e7bb4586981e68c,train
357e6ea618819e04e47129a31e7da67a287f4f3894c5ed4925d8fb549a2184c4,train
35817ac94b6b8795644884fecdcdaf8e48f41490c041a69707ab39b57ca87ab5,train
3582d4ab5c66217b709cec843aac3e60da94600f19c91c96f444ff3b226ce811,test
358602963755b84291e15c869d32c4fc90cb32295b135bef4c85e3ce514c5be6,train
3590b1f93269f8ff030fadd296e3d2384354f6184f435c4326d31241272e5ad9,train
3596871dcc42c45566531b2169468e3fa88119cc01ac1606b268b78c5c37e981,train
35984f865355dfc345e75b72cf9de199b883edf03ab0eca2a28cadf81611767d,train
359a8b4ac5503889f4aa9339ad5083c488004380458f18b5809f979525b9df18,train
35a204cefbe1d7372567b295525149cea39484ceca2bd0f3dcf5f0127cc82a68,val
35b9b9557f11c017364c3a7ef55f830c05feab290c13e54e0e949e46b59b7616,test
35c03cbec39430bc7e51b37267473521dc9b2348172f6d9c0e18404bc0218f92,train
35c71867c4ace308e85bde67619528505344ee65f53bab44cbe53c3573eab1c3,train
35c824af456ab5d1f14a41108e68e713a58bd914f83a43a48ba2fde8c2f082ca,train
35cd01196b1762ec1749fe0f3fd00d985296945f554f4f22f321a0b4d95c981c,train
35cfb5a3b9b9a604307d96993195c2b542ff6a2a58f9c62a3c34f9ca43e30829,train
35d2a6de06c95d526708c986966be0c35c047ae4f1ef67ef0e1f7f9cbef46aba,train
35d2cda18d6e121a045747b8d1f0ae9ca0f5e8486c3728b685ce998a83b5b33f,train
35d79f14e14eb1a984035c4f6aee7cccd48a379fd4c64a1ae7a1d468b7cf3362,train
35e6aa61a8b3a6896959c3e11884f09f5e5cd2126fe66213d1dd1b27f16f31e6,val
35ea353f1b7bd70cf5161bff4bc3f51c7868f5202555fe4869add2317e77cf2b,test
35eb820b3a1be2b4e8d2a85402e4c304118fbd8eb9703ef5fc4f76818cc2443c,train
35ec695bb19fa4daf4fc22cec0b65060e813a04a11c91757da6e4cd91977b5b6,train
35f088c48cf82a56696f076f1032b7e8dbf5173143783ef2519f31fd6f017229,train
36052f9b4f4dae7d248d5394309e9a9606e6e7bd26bc149239f1a698241ea5b6,train
360550fd4607b26fdc436be039a7c768e882b3c2f69c37f85dfadf3e69cf6092,test
360c15011725c9957189c7b31e065491b57a22c18d3c2b7d181ae0b70bcdabf6,train
3619db7d45453e7b7f632a1e15542e9b7830201a9d2e49ca9826952d249a3528,train
361d5131a7a8a67d48f3a7c303b465c9e49779fa9c19fc449f7b7a43b7c81f91,train
361e34adc6cff574f1aefe8e1212259835c568f2b906b31db1c0bb66c1ef56c2,train
3621d11012be0911807355028e2726f4accc490040629ff8f5d3dc416a99ae32,train
3622299b7e06d13cd6f59bc4d75eb960a095f7007669fc29ed288a9e0a818a40,test
3623124813debff25818c0ebc8c42bcdb91543b73e2efb5e7bcbdeb769f05939,test
3623fd1136e38488c7aad94a92f452618e9d7ac6198652dedb74a9fcd3ccf537,train
3624d3af2e8c9dd6b1eaccd6a939cf12e535a41e1ff379a1881ea6b751eb77db,train
3626d7236a45dd9219c94de37e720e1a06f003706ef5dce9e3c4bf73ed57ef18,train
362dd7372ab326af4412a77eadb2b8f4249497377a77fb42f80837a971c3d19b,test
3631823dc99a546eb742493345045a80334a78a3b775d18fc57f7b2d049dd6e7,train
363ec3fbbfbc3665c09287bb095ba9564c34f70a79c4f87f9457958da22834a9,train
363ffe0f010fdfc8f0ac8a12e531f445804de3857acc85b3b063b6d0824e8d5d,test
3645828eb9c70acb1d8b5e8f943af15d859d50be0254871d2b24c1020839d690,train
364d36cf5be69624aa9de4ad49924860a6273a9f2ecc2026c9e1dccc2e9641c3,train
364d95ae6e14aec79b9e2dcc9daa7d6b0d9d0e580c01df7b8040399b317f9ad1,train
364ed84abc445461c8d80cb74f5c388caeabe2ba41aef8bb5b3ffe896909fbe1,train
3650bcd176520f03a9ddc5a29d82ec2a25c6ee1686e89f70b16287615d7532d0,test
3650e06e6dd11934190a4e1e290af2b036f7422319b59eb3599b118529d7b17a,train
3650f4fe1a7dd9d3bf8f618cc36ef59e0885eb051ccd28b2b4eabe359a41ce3b,train
365502fee05fdf4b8c57fab57afcedf6ee2ff241616c671035abdd3d9531c4e6,train
36579ce02d545707e6d830c977595489312624e950011fe3ea6945c8894f1740,train
365860cfbb33a3d8f74cd4357477f2acdd580aa92d2e9681ba86396faf2ab756,test
365d9d22e088f27da048039b7b7fbfc202df4d75af6e04e96fef468ac27ffba1,train
365dedddbc6b09bac7d77dd524b9b0317d4c67d24178d96c3098c1d2da9622bb,train
36776eb624e2eef5b8e913645ed6c64d32d27391ef925acaa27a5cdc1f1871a5,test
367b1e1881b5bd875841dcb51026bb16f354c9df95a20a2b49d772b18ab30ae7,train
367e53c1ed4d5034ba8c8616b8604b57302036d3263df5a94d8eb4044e706461,train
36804601c152ea2f967f736eb7cc05327999fd633680c9a22e404769f7dd3ef3,train
3687c966a671fd4e43b8dbf8e82badd364e4bf54da0c529b99fecb98fb3d38f8,train
368a913643268b7d6095f0a90d927d2fc9d7f64dce1e5d855758e5da6a260546,val
3691b4b0b33339e7e56154daa4fb027b9cd48c53b6b305014803181670035c0d,train
36920a8d823850346c37fc63012d475357a8d986e4c5e0eb4f158bd1099d7974,train
369ec32b95385548e81a4d0430bd34a80328fed0d99aaedcd358b062157c30ab,train
36a3356d43b430d5598c02b43a93f35f615b4fee92a1e9f0cd0d09702b072ba0,train
36aca77cd025117feeb569df86969bc85453d505d6964f58e47186fa3ef357f0,train
36b1c049c70dcfd464bbe5b0068dbc0ccee14de9178287b6bdaa1d0a2c3cbd7d,train
36b32c94408a17584f94dc1da3d0460c9b46b1b0f4f0ff7f3c2c966af4e4e96d,test
36b383fede701605e5f11de941fb3bedc357dbcce81a9c3d2813b32fc4ae21e1,train
36bbc7b5ca83cea31f80a751f4dd0cae4970b7d4b1a16bd4a61e051baeb406e5,train
36be5a6a0a916f0522ad86a2d92529c9ba9ced51d28bf81f45b6da3347cb62b4,train
36c1540e6126ba47c7dfdd8e7e93467e6569d0b7e7871e5660fdbd02e2034a72,train
36c54a4bf43b9b8ffa048257c97664f175d39609d6569b1d170f2531b0868468,train
36c85d85fe24f37e4e0ac521bea8713b7c6b2d44ae22884532812ea72cee2382,train
36ca5ac2af6988a8d305c6a16cea37f435891e2fb1d966f5aef334f833993038,train
36cd89519afd5a7bef49ca675fd447c3ee61ca26e98da84762b42ff5aa760555,train
36d01693b764e21926d1876f031241bfbe318d97897d9e79ac7381a84e69f2d2,train
36d4c5465f5b0741f275672db793566548bb5e1179003dc09dc03de287c67679,train
36d7401d314fc44e6852555ba8b5f17b694b56d0e8980a1ce9f787e5709782e0,train
36d7a741026f2c6c42a89efa55d09f25cfebeba9408eb7a00927a5e0038ed17a,val
36dcb284241cf95830ff5330f2ea0a4526f50407234d56626bbc77012b17c963,test
36df25586e4bb6ec61288fefa238e56b66149c05d8f7aaa14aa555abdc1cecd9,train
36e3520e63e2fd778aefaac5aa585210207b746bf191c358a5f0b34b8011487d,train
36ec48f4d1b0d1330667b3ea2b953dc2e5da1b0f1594ef79c49e72309a2df72c,train
36f6ba557a946d1bb2f2d3a5566a0773a58edbbef003df4b5cd69bc4f09bbfae,train
36fac1eebe9bdaa96c807150842624c97972e14512f687b715af1cefd6217dfa,test
36ff3dd089ebdab2744431c5218d3c080f1dee0c6423c2ce9810d5e0ced85d11,val
3703ce4afe68f14af1be5c89f1032828b7d0946d8958db72e51d8422a9ffc011,train
3715b15b35b80a402b9c51ecf37bc2f4aaf35897933ee91e57104d7e5b64149a,test
37182f329c2fd472a31d796c2be31f63eb0072125770b3b90539bda40543f5af,test
371b6fe5f477f0491cae3bd61770073c0c2f49bd1bdb2bf5444392da5b645274,train
371de680e2b49b6788947be5e80f050510a0a50417b185492ad6ccda97c105a5,val
37200d5aac793edf4f8d6b7294a35d59b7f49efa4a9074289b42751e469cf72d,train
372d0eb856ea2c4a09ed51cae723f600c85a4f7c94c0c2f81b33a562ab6d3f49,train
3731002879d8901729cbee9dc8adf2d2c3aa64c2e3cfbd564acdecf5980fe76a,train
37353cf1ee116c3f4e476d1196d5c86cbbc5cb71a8770b6ed0f188a44e177bc9,train
3736dcc2fa1fd25149b8c4b75bb43e3cdb8ea5c3e1b7a213b06610fac13ec757,train
373a35448a8676adc884e58d3eb11475359ba62d06782d09fdca2573a98b447a,train
3742dacc154bcb0fe1d48cef66964887a4a93f78524e08c0e44da54b0dcdc52d,train
3744607fe28ce31a87d7011af0d8f736d9ad63dfb3c4e3456bbb27e4dca39966,train
37487ffb2ec646292746616618463022211a11a2d25a089ceebfc407e764b344,train
374c618de292e45a4bbb66351e05fe80a9dc5dc467f30f367139dd4864fc90af,train
374d3392859909c91e438183113d2b2599bdf08e157d9c7afcc138c482c05c6a,train
37517511da48cf94e678d2a070fd26a672a022bc72d7b563a3e2a979652382e9,train
37551df8e9ae0eba7387accbf936bad6fbaae594361600d18d362660c4f77dfa,train
3759c88b4af4bbf49cd258d4e0371aa8a831921f104724befa251c544d0d9699,train
376816d673ec39aee6d0fa4e374a1fdfbe8daec8da9f63f9ea080c5a8ea6b3fd,train
376e9ec8794af4b8c7017d2780e7918790be1343d20cf21cb92152e35bae3c58,test
37838583d996bf53710665015527cc0b032ed63179353bb76196f8b1aef5807a,test
3784fe44f48cb08db08dfbfecccb542813d675179dd81d9a37ca8927d01ce4e2,train
3791f5ed57e33dfde01058c30325a123d2ca8d646ca452217a2f20005342c65a,test
3797099a57cbe7e358cd51f08a8b7804c56138f3847f914a42184d4e3b5ab1a4,train
37989b22a976ca5c233f4eb6af93b7c8d2131430cd5e42b2c711f766005b2b3c,train
379c3378d2d6ba62de44db628144d4b0a32c36fcc09ba51709bf2fd75d5a19db,val
37a9780957c4fafe337c315329b8cb1e49d2118aabf3c826f55f1e0263b3d82d,test
37b26f9925bf1653519f4b1f340240b7fe88283312314991f066fead1279d621,train
37b33c608101488e94dcda0744cd4ebf681001ca2706c57d340812c10f4a06ab,train
37b91311a2eb1e0ffb43df6113ab0ee23e384b7e61dead5c69517f72f679a310,train
37cc31004a4edc301e9bf72a178d085c14dca0d19ee92b4be0edcfb194e0ee18,train
37ce6f2636921e8ebcec026cf4c285a768d41573bb1e50a848cc5b51d504512c,test
37d3cee75fe24e54c8c4facf786b04352762aaea5dfd23f2de9f8c471fdb06ed,train
37d5a7d24c9a033c0c145f9e64bff67bc577f64ca9c40d9a75553992ce6fd563,train
37d5b0f814fa61fa02c0c76ed5505a8cf30e9fee798a896609700bbb83644fc1,test
37d88d542f7095a1bcec1150135aca09e1932bc048b268b83173bf4a70a38066,val
37eb50fe7ad89fc538e1fe0ba7586acde45402db7db89afd7cfbc0e022387a61,train
37f40600dec0369607e2c16ffa79202f2e3beadb71f875069f4598cd434ba464,train
37f4505ec0751d4b0b45e94fdf2e847a31fecc42972d4949a10662001dd46bea,val
37fa84a4d4729664b4c8700a206b6765160b6e5297c2d7c58f7ffb6150fd26aa,train
37ff7947cb9b7b177a0ca6eff52926a42cd0fe170d9742e1d8d42122d9d7ca26,test
37ffac1d13f4ef8a0b106546f0facee69b03d617f4fb7615d2d9e0322c1592d0,test
38020a7ab122c9340f284558a71aa68db23d3d4373dd16d8f969f81fdb125475,test
3806d9bfc44ef0414df91a785e1bb6ef80e572f110113c9cd8e2f595597253e2,train
380c059edbf5bc6c810c74ba0b858fb04ebc40c8cdfb8dc0d16d3bed8617d1e9,train
3814d3ca3e5113f4900913456ab78f4adf61f5a1a357a5b66f238fab8d6beb88,train
381598824881e9831f765035dc5393af5bc057f139f3184bdb40ff9f6ed62e19,train
381c79984a39d399e50817dd46498dd9eb0db0b4aea313b0120f9d0ea08ea4cc,train
3822fa5f6e85da2835c4de73563ecee4d3d31d1fb9d8fb7e8567e7b3c6147fd4,val
3824649b3b91e487e95480522f4791567b8373237f388d8dc3be81d3dc50d0e8,train
382722923b583a02a48bc107cb51d13f5a31ff0fce98f34d7ea9747e17533a48,train
3837dd0ab293d0025f634937e58bf96b3d2a53c8c9114fe8cf28ab6d7a4ef72b,train
38419b589fb3d466ddbc15f63da32fddc44813cdceb32d7e1dfe609b35d38c6a,train
3852e052adeaecac265b9900cb1f256743e09804f29903e4396b498f9e332e49,train
38556ff00e0ffa204ad34f6530fbf6671ea9c9a4c29c947e94ecc7b175c71b02,val
385d2cc28e4f40ff2bc10489b674272493d5d0b168fbb3786c3c37f9d03abf02,train
386a27502357581dc4ee3bb8d70ec7cf7517fb80e9ba3e20f38a9e9f4d9239e1,train
387c83af938a780f1ec9e53f6a11327988c6e79bc85d6d44bf079e5683216fe0,train
387d13e33648e1ac74d03be3aece54fe7854d9975fd9e9a78810bcd36d30e503,train
3880823bb571d9638b69c0a50aed771cdbc8965ca0be2121cff8d0b28bdb3757,train
3885a0b8222ba6435470d5aa791373c8e6f429dd5f9c31e6b2ef6f7a2301b023,train
38880cd9747eff4908cea6fe80084ea0286b674055f9b2325797fdbb89828c37,train
388b9c2450e091f901a927ea6e924121395c4c6212a7c621f82411c52a8fab57,train
389305cab335628f6c8c79fbe5fe8828a5c8a01118d96f684f22ab3ffc94a010,val
38a31f460d3d369fc4b267da634648825b0c38c0504a58744b4d6e87ed1b1e3a,val
38ab1e88b64b6fc22733552988ca386367f73ac922ca17118060a5ac0281aa1f,train
38af48a578c03f2ff6aecd1c7cc3fc5b87d0e8e132a0558a5e7506cbfac91d05,train
38af6c7ae3ce5fe6f0bbcbccb6501876137cd7a50c5c0e2f6d598602faae041f,train
38b7b742d6a152570fcf9057804497f877e8fd09cbadfa86581f99145875b35e,train
38bc9ef0f933677150c1765aba8b1bb05a853027d7facf4964ae5076f5ea584a,val
38bf16837f95c98cba5d4b1d289c1236fcd05ecc520b03d64d291d4c914efb55,test
38c5aabe27e2cea8ecc43ac2dd2e634d43d23615baeeb8af0be5892dc48012f4,train
38da853ed9357a9ea3d6243e54e3f3baac7581121df32fc8f7d979c0193dcde8,train
38dc7195bd0052906b7f33749af3c5962107df70d4df1eb4a3913a75a03653d3,test
38dd76c7eab874868553b9397d46e5d5de39f0046762edbe1e086780b2a83a8c,train
38e90bf99bbacc8b76f808b467b808a4f35043389a80dc8228941008204d4551,test
38eacf4b063914c09d59e89948fc1426ab4f54c18dc9786180d8e9a567e26f9f,test
38efb9e938efe7b71a76943ba3770e2791d996539a063f5b8d1523870519cfd6,train
38f23b08a5a220936b0c5ac1e8ea8c20db4d523f568cd717c4d07434b78b23fa,train
38f276bb5df94713e0a846fb16e866bf15bae1e135f3f79e37a6abd8822b5e05,test
3901932b5fb7788af7bf98857ca4930700168f67952f2b6d47f9b351d056dd2d,test
390268b64fee5855ddd1b111b33705de6d4d3c67283ea47e9a9657a58f55972c,test
3914fceb2ea62a9e1161bc31bba6da840919dc4a0c5d72a64c23ea87392112e3,train
3915bc7de1b0be1bffc519c2bad47e798e447134ed083f7e17f9cf830d6a96ee,train
3927a7571f3628fce6653288b41632341daaafaed1f799ff7f6feef4f2cc0ded,val
392b263392605cbd6c99bf442720dffc6950d86647d674dec9eacf16bf7d4a8e,train
392c3a968c1b6b72d149c4ccbf3d818de998ad698c99d68b587d95745686f2d6,val
39300a00b82f63f3e4fda801402c8445a522f8ed240359cd01b1635d3cb397b4,train
393766464f137936f137fdb2679306b4f36c4bf3fb2548bde3a4d15abd070051,val
39384c0afa82be96ed36f6a442d42be584c3f07b9a908bd934af21192180a3e2,train
3949510b6f4d9f3c80581259c9ac3570c81febdc85b44ab7df301adfd855bd7d,val
3950bdc9633ee9fb8f637f8da1953fe74a7c1f842af7fe444df34689e92b5186,test
3958e98f2354b0b64c3cfc181873afedb7d6b23837b7706dde4bed879f08bc55,train
3969fd1bbf2b816f7538238882c1e21cf44a81e14098d2db9802a755cef9599b,train
3982125fadffd00c64bbd218ac2a8f0a5ac644469d5de449b7ad48bc27c1f911,test
3982af38ce61672a10a5eb46a21aed3b4a3dad1817262681030b3aa9e8681678,train
39872297dfd1be37183d12336697edfd3108921e99791819b7c9438be9fc7353,train
3990bebd8ca589f8a295852148ee6a6ea7ffad605a33e1be84d716acaf698e10,test
39987bf57d3c6b5fbe3d61ee2375bd392d7702150ec3ece63d47af136b03caa8,train
3999816aafd4f8d4182ba21741b84ffa7e3f3010e92cb826b0fa6fd4a7bee50c,train
399e4161130106ed9a5dcfccd0a2c2051070a5cb8135a0c145c80c88e06790c3,train
39a0ff9cee9a4683ffe3ea8b02d8a519194fea28a8b1c51e79fad2cd19fedb55,train
39a481862d1929e7bae14225461d12f813e663843682cdfb44208552559b1f0b,train
39a725c40405f45c66d9083a8cd9ee65a9de522e60920fe73e474ab96209f577,train
39a72ae8b9c14c30d1e2ecdc409335480d7db1768fd32faaef1aaf942698aece,train
39ad37f410f46598cd6f6c9dba1ad40415f8f7cca818bd1d9ea15a274db0280f,train
39b1ed922717a8eb1f7d4ab4a06b8e9144dd61761a977a42803d3e2dd897de4b,test
39c7bc5406f10dcc83f4b7ed8c5999ce4b94ed523724ebd43e7ca533163c458e,train
39d340e18ce7465b8e4ae917787551ef680c485057a549c2ba4385b6971b6a68,train
39d4bfa3935438be110484ed824b0e3b71bb03a6d742cef3e3434b4322e07715,train
39d9629b58626587e1840a3b30912d9649116760b9dd3287d4f08b7f7645076f,train
39d9cc6d85161c5b7b08c6e30057d445cd12fc26dad2d15ec2ee9629f6415598,train
39dd4964461e4fda45fae5be2418ea9b3774ce2230845c81b2a75abdaa3874ac,train
39e4c43288a16c2a45b99ff5671a72173577cc60f46740092ba3dbec32d00583,train
39e6072f65e0d50c891108af94cf6c7a0506187e570ecba03d2082fe1ef70845,train
39eabe68846ab68171b2c844fa76c58b08360abc7ea055b60e6f63bfe05c7b66,test
39ec5c2c01f2b980158a8df345e0974b4f741bc1c03a38f83e81220e26697f17,train
39f40f26f244882476bf494d8b3365de3918a2a72457e03a4b35d0ab2b30b781,train
39f620d928c5a8a9cf53e3560f9d94d1d32734c271bb6b3f0099c9ae699ee329,train
39fcf56da1a5496f9bb3f490cf14f89b1a024d337f6052437de4e75d712520a4,train
39fd9d21e0ba668b1184e873f86db9bb4551260d6f1b8c9e3eddb3feb60fd332,train
3a005d7ebc7d905a62ca27d7106d22e51f159d1dccc60bd39fdc5aaeb0bac615,test
3a00f4d080b710caecca5e2bc1385947c9d141cfb7bace0b07e287c290aea42c,test
3a023a1d0b35c65996778aec16083f0bf2f6e0e1bb80df16c922d305a38ba537,test
3a03fe8eae01d215dff687a90cc89b33dcfdd5a41328590697c8dc2e7981c0d7,train
3a09a369a214462d73d138b8730618f6a3cbde0906b789f93ac6547ac2752e84,train
3a0af861b6df25dc2060f728d2445374de8129c6663ec6f15b1ed1f7489cbacd,test
3a0e0704d0478ba343d8f6c77de9f950c57712c5c26e61579045b979dce867c6,train
3a11087b1e2501062394ce55cd99017f81d453d191091ceff89076ba952247d8,train
3a120ef353f8bb71270270e2e7c0eb1b1a1e71d181c584f2e55043d01dd8ab1d,train
3a12c8f4ea56ff17e527ad298fb5f11afe62916ceb1130751595b5289b4d1dc6,train
3a154df40e5e15e8dc5bc386e70e3856afe862198f19e67000e2609743732833,train
3a18f1ab77772a43ddcd43e4762d85fc276bf6dc6f254b4cac04deb4dbd5ea58,test
3a1a1bea1482a8979358562bc9319aabd42a40472f24cd3eaa030acbf6921cfd,train
3a1c0c467e9c273e4b9299907c070b8b6a628e6821bb280cc0c2e56859b622bd,test
3a1cdd5ad38eae1fd82e8698aa1780e464c431dbda505b4cee4aabc842ce8fbe,test
3a24a0d2803214576f37e1a1170065bdeb00ecdcd1b2c27a783d4fd9b810b8b8,val
3a2b72394745305c252c4e12dc9d7a1e22bd686d241a2561d96460bd4cde04a3,train
3a2cee09c2e83c8f0261ff48187b00847a85af724e63434593cfdec5d28d70cb,train
3a3454428a6fc91cbe0b77753b3ec9b83733ba336829ebe8c5eca1d4bf2a1932,test
3a39813263f01d3573551d509dc77a519cef5806997351f08817671400a34aa0,train
3a3dc834626ba5f3b8b8895c7fd63cb5633cfd4eed34e486974cf099ad8b3583,train
3a40b1950eaf911bde04ce100473e906b34901915fa6fca2874e6f20ad4e1ccc,train
3a46401ba0399cf98f1678716aa1f01d4fbfda2abb494fb0e437e82e65ea1242,train
3a5a300d5e8fd70c1987bcd5eb0e7c5c05d2b4a716a6b2aa1d056b976f6b4850,train
3a605c6b59041960380eb9c4b309c80c5a0ed7cfede283196d6ad18b509f24c0,train
3a66441ea29b328ace97e92518c01c55c4744134805dc0edfd12f8626a4c4a61,train
3a6c7d9ee2af2728ece1b28562134ead7dda6f7490e15a7e2251d6be37fc0fb2,train
3a6f0b7291f9f251c2764bc12187b351bff37d3e4c4cb7f3a442c51fe2138f45,train
3a70c3605185f1d3d035e9414e1f443d627c020e278039aaa405769b094ae65c,test
3a7d6d5b8318140ada5f3c568d2c0a0357a6bf1e1011f0593be130645bcfd538,train
3a810e3a770629670ded57ac4a6cc7e1e5653afb3b2aa91a4ef937280b28b206,val
3a85919ef8a7f7e32e37bbdd2640831472a767acd23a1df78416416827edb4af,test
3a8bc5650e0e23308063a5bf8e4cc1aa3eb71eed1db6fad77c123eeefb90d342,train
3a8d69dc118a1925702a4a190dfe5844f3ebc29e51d44838a26363b041ad6f6e,train
3a99a26e619469bbee83cb19edc44a6f2aa2c4e5be753de7bc0ae947c48effce,test
3a9d711d874bc90161befa3c52a42c7d29c0b0ee968fc19ef61454a2280a2b02,test
3a9dd6c64da26bbee4a32b58905d35baccdb75a946a1babd84aaf0ac858d5e5e,train
3aa1b239cdf7cdcc44aca0ee521a02b535f39131a48c816123021855defb63d9,train
3aa5ac7c09cb8a625ebb644cdbcb26f614e68c3ff10e39caca57e7f6d5ef4c2f,train
3aa8c6a8c37be4a4a3247c6ae4c087382d3e24db3e40b79f6079a16033515fce,test
3aa9ca0c208fcdef39b6bbdc0a6f9385f9044bba3ac8c61eed39a44b2bf74a2a,train
3aac3cec2b7f5eacaf2b792eb242015541c0bcabba0360560c5bf502cd82e30e,train
3ab26a43ac24c502234016c7317c5b4b7cc7a0c29079e5f22cb956d16305a81c,train
3ab545e819eb70ee88096dc540532e2a106c293085c39fdaa8cfe50c906c82cf,train
3ab6051b18c11ae80c86780897215006e8b49881f0f3169a051584f99d027c5f,train
3ab6acc5c90be19d8383c803cb142469f62947099f6a9aea951fe6accbebea08,train
3abf282f581363a0bf67e959778c1858a3166569e62cc5e2971d45795092cf81,train
3ac6daeb6067e7ff12f05640cb73d3da395709344028ec96f819a5dedbaeb14e,train
3ac795a9e3840c84efc299a2fbfa90c5fc51d68ee5a5e2c47bbf888ad5b1958f,train
3aceecb28494ecb38dd005f9833992bca8db527be33b104806e570723032edaa,train
3ad6a327a2b74ceb20ed17dfafeb9418856d7e7f887c66fe3b6d568ac79b8836,train
3ad6ee4fd9fe10712882340dedc089c38c5363855df437aeb941686d2fe42e4d,test
3ad8c6ac6d0b260f3b6b38a5d86d21fc3d84fb0a3b774876090699b7b39b64a2,val
3ae3c07b348a48c00f262b9ba301f766c64363bae4c1ee79ff25097ac5c89a60,train
3ae5f316df270c8437b06078061515c3fc2fc9c981bbd969eeae723aad18387b,val
3aeeae76eb2a70a580fa13b6b1c3cbd3c3e620fe01dabaaf9f4fcda4aa79a26e,train
3af223a0fc94c584abe061ade5a2e00f26537a544b47d596452d44b1443ef10d,val
3afe439d0c938740703106bfe7ea0d168a5cc40545093d0994d48aa06b38af7e,train
3b0551f6baed1922508a64490cd8e1c46284680d737f9f97451ea663d3053dbe,val
3b0e50cbaac4c67797f4f3d416052711ddcb36bf2563e454412f3819d47a7175,train
3b156fcc67e10db4657682b7b04d61985103fb0f37c00f1c4257a68d563207ec,train
3b187c6b4a2bd90dc1d64845c96c41746dde9559d622b1572c5324c26ebfaae6,train
3b28da49eac16f797c3037bd9a6440750181742e405f1173bcd67a3660f3c5c4,val
3b341e6e9cc6ab209ccb3c990f60f7fc9bc08665032eb9a82fa33b91f1f5da2c,train
3b34e509e59cc8e3e64541e0b1fb1c34c6f752dfd4446c98ae4654fdf0ae640f,train
3b356c1f5cf70a1b010ac79d262efce2a98856e3db8ef7fce979bec867c3e5b0,test
3b35ee29d5ce82ed07a825fe6500715a667a3ff763d61538172335b07d4c2635,train
3b3e7b136c51df93d4e56cf422409c2d6527c8ff7f1f97a827ec238e2aec090a,train
3b40f7dd9b3f0bdf7ed748de650ae24c392e63c098e4434df08b9160a15337a5,train
3b503e70dcc46cfadfb1e0cc38134948711f2f9fd4fb945ef96e61aea7cbc6a7,train
3b5589fbbdb3fa91bfa681e3a527a45c68c9ce1eec9512844aebd1f70b42a9a1,val
3b565e117fa5e253baee348fb3936ef1228f6fd569791e6a53b8dd1e742846cb,train
3b567689bb1f5dd2aab0244b03a0f64f3fff4f6c3ee07bfd706bd4c4cd5674e9,train
3b5d473de96b40e797df91225d3128d99248bfd8d65084a2bf996d8363cfe832,train
3b6b58a80214f4829373a62e13c0d85985578e3096939dfbc973d2097777f462,train
3b6e069b2597f3bd13accdc6eb885fcd79f12a8394121637328b017b8c2ab691,train
3b729b2e762c15638e10afa0ab8baf8d35e838853e8740384f08a4da0ad6ce2e,train
3b789974fb3409e97c8bf405c6cb262518baa25d78486d3c6dc1cfdc04c09eb6,val
3b84fd028e9db1b4c354708f32638041546fb7da819467c12c993aeb43abff25,val
3b909d9179ee0e306fcb26b96a4fe914f59b2e87a5fb627333980628166b3729,train
3b971acb11044ec35e957bd9cf93cdea961f34a41b4f8de7f73c82ad3a4b22a6,train
3b9730a237d801029769b9ed88fbd027e3ec1cad230ff0dde20ccf2415f35946,test
3b984cfe409e5e74a937a4baa38bc35310b0d9c8a0606d7633d3a7f83eef95d1,train
3b9f629c8fca6560da0584ae3777683baa4de11e884ba06fdd7c12245d180d63,train
3ba58b24c27ce1dded6638eeb4f679d704ade3e16439895c3cae7e7679a924ca,test
3baad445ec49da72d9f6a931a4528d29eda5d9ffb40d1c1d6eb09eb612d5b63b,train
3bac6879e7bf47fdaaea8ee2bb920a5caa23e58c50816578078ec83a1427b4b6,train
3bb211b2c4089d8e452b1fb71f5a61a13026c88fe069a749a75fc20c43a93ebf,train
3bbba7533101cd837bc967139e55bcfd42634a25cbd60f5dc2ea0ffae6f6d7eb,val
3bc27791eba76ea7d6936b05f8f2e6bd385b9b03a4a8f5a3a252ecfb43392389,train
3bc58838868ff145b670be7528ce49203bf23068e379d6b976807351a4d93012,train
3bc870a6606948a7414f3878c3adf1bcc114f418f231745d98dc90a433e964c6,train
3bd11301c3290f9b89dc15b99699ca2a422c7948175ea5b52fced5936bee4549,train
3bd33acd9995e2d6cf8194a926836b6a0119d95ac3bb6181c6dcd56181fd309f,train
3bd3dd2cdee3a124370873e4666e17817a1bb6be95f8384a373f7d63f0c293a2,train
3bd4b8dd29c2693e9088b2a60a139f6c562c365f34f7a35ebf146c45f36301ca,train
3bd4d6e85257a95ba540cb51b440eca4300eca13baa390e9ad1af4201f1f1535,train
3bdb932c07e7f3f06a9e50eecc60a81ad27bdec669dc4dca35ade9b1f85319ec,train
3befc4e7bbd796db05ca99617549b765a2e7e8315bbd269c5777f31b37ddca4e,test
3bf1f532b25f14e6ab47891309434d82a01744bbe3a8be1485c34dfba77a5629,train
3bfeac7faaec3b01b7ef87c38141ae0fadc539651bc3bced46eadcf5b368c186,train
3c02388f1d0844da52a5b64ae647da25121f9b8aee9509cfa5a49fdb3441e9ac,test
3c02f27ad3dbc6ae26bb2a660ffcf5f36635b10c26c1edd9730f539fed1b0f09,train
3c05b6017c3386b6b66be387c0d8052dd8634b42661b6425d30240e7f4719ad3,train
3c069f4e2e2d3df57c20dc9f306d98af697ef07099ea053c934229c991162c22,val
3c0cf2d74584b2ca0ff05af9388b69bfd16f228813226f0a0e945462c6332f18,train
3c12a51319248582210c7aa31d8d21436ffe09177d1136e79aa5703608ccb7ab,train
3c13f45855cf3590ec9f2ba5e1e3eb926f8b0cb9fffd94e71a332b668783d5b7,train
3c1bfe2833e8024002ff7db22b6820e3da751ee0e564313d1946c2b2143de60b,train
3c1fabf5218780e5cdd14f57915fe4ecf563ca85de824e27c93b09fee5bf2b0f,train
3c20280023cb314f6ff9492d855b24da6abd186645ec867f9deb2065da509c18,train
3c21e75ee8350ee23bf89059b71a134067a8eef98bf95d8a3797bae05c5606d2,train
3c22824a74b432246ffc3e74939e2d8e2cfdc5ca85ac13de55137336cff3f85c,train
3c237c8b8d85c3346f6d0715a715205c5b7603f58d959845eb9becba535974ec,train
3c26957bf92fb9d4dda5ffc4a4538ad8bdf98d7ff0efecf9ff7e9930517b7457,val
3c28ff3cf87d3d4f5587acf0150d7885f28e3201fdeb8c0390d59e727e65b5c2,train
3c322ede001fa3f8cb45bccbbac35ba4e3363bc6b49a7a88a13e71cabf30a33e,train
3c32ba26d8dce1ff4896d821257e1a14dfd6ac49af331230533cf6e1393ed37d,val
3c34a24dcd4defc12c79812a56b544609d4c516976ac397766d09149aeee5412,train
3c366c081625527c6068dc3d99021275b4e45e151391313b74208591b5734ac7,test
3c430938a5a0af2ff9d800cc146ba2d11e9aa0b21603916aefdb2852bb3c63a4,test
3c44afb4731384615b3d246c29df763ec123a2b7654da29ee443ad71e51d3c5d,train
3c45ee471aa213a9f4fe85c7f9e256dae653366649079a08e0fcb1d7fba15f2c,test
3c4b4ee76212baa3c6b14cceac3bd69e61df5e55b1615807921819a04a23b84d,train
3c4d38ab42f2edf1ed7ab71e9f716deecd746b36189b13a134d578f4458eb620,train
3c5ba2e939812a1d8a07dfe253cb66a455a152c6141ad8d5ee9676a04c22742a,val
3c5d04c44a46cd3e07b79fd40e16abf36b28f67a19df3ed6e3ca8b74473c2c9c,train
3c5ebac841bd9d66821f40be7c3d079f13f90e7d10683168c96787f282e88738,train
3c64920ff391f6564ee2657033fcdb043e013c38121b7a94802a1384eb37df25,train
3c65c51c41761b88b8652c46d3c13c16100915a9bb72edef448aba90621aa253,train
3c6888b940e360f9c7a1097b26089132f31a8f393743510ac3499e2f9ef26e07,train
3c6920766b1a9d9b94e96c05c04f3878014abe017acdef5f4e95042cc0cf5e4d,train
3c6dc3594beccdbbf1cdd911b13fa0e2107c8f83e62a6bde2b0180338326b15d,train
3c778a2bb289a7191cfa920e02c38399208d142fcab1ad80367b2500b1b5a43f,test
3c7b4799254b367ccb508f62c71f2615b7e67dd180635e3c59c972152b055a6a,train
3c87f744fd8d2c6c6e574c2c394f9179a6a8ba18f9e47cd3f8d4298e325c534a,train
3c9299b3888c8ecd7c45c3dda53fd9b0f8f0def5db40e58fd9de739dfbee1366,train
3c96668efc61b875a01075e0c1a84b19e503564d02fe79d6abca8a8054b85c61,train
3c9ba7bf1fea14950d1f5aae3757beb8dfd4f8cbb94914aa3a86c32295abfafa,train
3c9be81b26a2cf720fc9a32cfc823b5507798227f13a09c49e20e7381397babe,test
3c9f441ff6c1a1cdbdf8c241365cdbeb605085ab2cfa2f0a2511e0f9eec3ffd6,train
3c9fd2428d647d630bf21d74f545c67c3b876f2bb5a7fb54a47f45c581254ce0,test
3ca0d81961973c03b91ddacd7af17f1a5d9173eaeb9c694b8ab2725d3b3dfd50,train
3ca2d88a88aed4250450fd5e25774a0e41749b0cde212ac18157b12aa00d05b4,train
3ca377e8bbdb55c464146485f10f61ba19df5f1f46b74e65d1d9c66f7fcf424c,test
3ca7a313e9c11411ac8266f9549a402bfdd2a4107b656e74fad31f924ef44a5b,test
3ca9c6582aa32347a043149c6396b1804af0ce208e786c4b85b9caab19a0412f,test
3cb605b2ef63bdf5784c350f1c0cb74ab422c1ce1e6e6942161e89f5ac3f7c01,train
3cb62805b9277e34d8aa6ac7931dca99ee945b6f066daeb7fded890ea67520f4,train
3cc2314ec329fc8feb3bf2b3c453811c2985e4e02ba7a1d90fb0df1d3751af33,train
3cc50a5db3ba4ae5e2480b3dae983c7422452bb5da4c61f5847cadefcd069794,train
3ccc29b96e065a4359be556923d276ba747acb0d46f0fab8c002ad8e4b768513,train
3ccfad6fc460ff2f7f59fe0665a02fa66a0abfc0f2f091a3de65dd08e64d5837,test
3cd0663e981ddeb389d32132758cec4004e6bf5c58af29f475969f7715b9646e,train
3cd15ce6f5b08b0b8dc1f76729f7eb5f67732c8b961f09933b3e41bf2b4610a2,train
3cd80db98aba876f9e298d54972008a9823800c452746aeb8cc714b151947d11,train
3ce3d01688878faea7e42fd134273141b8fc2c78e80334405541adae64904415,train
3ce97a5bee9cbb94b0c86e7694d93a4ea6531fc0c0accb89470f9596f10c0908,train
3ceef646aa00851a83fb901145a73f1ab7ae1d2190c936f668aa37634bde3e03,val
3cf63e878b40d9a2170dd753e73214fab82cee6b258609c6770ea0edff9a8d48,train
3cf9a64dc9b63f08e7f47cdf1d61334161b5bf2391df4825e05e673fbda52c9d,train
3cf9dc8c0b566ae5aff6b2adf4542b752cd0943ca47edd9fe32cae261497263e,train
3cfa9018ccc4efedd224dfa974e0e405a04f6e7f915c6b24433ab28c3c020e71,train
3d01a0c27e952cc958846a90180d03710fdb379fb09ebca6f87932371a309c04,test
3d064f348f7214acf57d1bc93f2f2e822c87b5224288d906c1d1ee59a9fff4c8,train
3d11f796587d29aff646f21b6418a1d6713374737ac97b16149fd733369fb056,train
3d137ce37d77abcb289b46a9b15fe8480d27eb7a331ff87eb19e753890bbc447,test
3d142f5afd36ccec2eec4c6d4e7b7f220074be5d7ed4aaf84b3741f5e7c18053,val
3d17130a508c7c971f36887b23c214316bd2dbcfb26d25236333c02e031d8153,train
3d1d4bfdfe7d699481a5826bc8a399a3ce2d7a02e7dd61fe908a49f7f37d653b,train
3d2e494096aba677dcd6c2758e0d25ded7bbd41d5d0da619d8838b13525db92c,test
3d326245ae8fa0de84c6de1b74eb234b17a53c67d23051efedc00791e46a2a92,train
3d32a5b8c7eb415b4ae18259b295346aeb08f22072bbaed720963e4d1df86239,test
3d3df3bf656fe351c49c4579b0e7eacc3a8e49798493ddd9f42a7273d17d2370,train
3d3e0c9b1888e5d5f6791788e46481ba8dab26f9ced0b147570d2f35cfd6d723,val
3d3f8b4c38195c84b143331c4aa243de8510506642e51960caa82e0237979ca1,train
3d4212b98a440e407b50812eeccad66bb1704a5c3e1ad2bb426009937e77483e,train
3d437831789c3736dd0701923664109d602a66db25b76b5ba105161237885d3f,train
3d47035971b33a79d328bb8778515ea3120ecd6a1f9c0053e9352b9e169a0eb1,train
3d54e842c539ad7abdb3543df8214d5deaf52ff3c2de75177f32152917161218,train
3d5b22188b069bbf010946c00b7e6de3642158fe22c7c1ee918f90de90b724ed,test
3d5c9bed3c0f5a06bc5f104e53e36c4483d44af96871d7538992ad820d39226d,train
3d62630bda055bb00c5ba4e237b159c44649c4da680388b0b67c0007e66e0e9e,train
3d6b55431b3e8256b8709834de85d26807b2026d9ad82736c81bc953f65ae554,train
3d70c61a6c9eb1ae56a216808733dffcf93182207e065cdd050867c25690c603,train
3d715d2099b8fd9598de734c46c1abc2e7ab6c266a8f5c9e63c6eb461b81624d,val
3d7745dd310151dc4c373e9bcf64205b554d0001bf75626c65e21db11e552ed0,train
3d832da122b8d40c4454b79db766d6e45981b83b047a04ec03ed29fdf78be6d6,test
3d84179ca772239194d8d8b0b380f8b5f0d362488ac365180f51c3dbda9d7f47,train
3d861d8d061eaca057b2c1842589ab6d5b0388eaacf033795858764c363a8e4d,train
3d89ce8864311a067a3c8f5652aca84c60d5a02624cc04c8720152c1b3090277,train
3d8f45388138db24b70dafb7a02ec59cdf33e8ecb4d2e9237d0f3d92236dd191,train
3d9073a8c03a267c02053e7f301129bc20e429ba55865ee1b86fee5c87da9a66,train
3d909c1a05aa3e9d8abb08c686df6b3b7e57d014742bb8b42db4b39d5729dc26,train
3d945584e166bbba162f5291cb17281602e8875e077eba06426eff28a2348de0,train
3d9cb2d0a889b018ca668576dfcba9370b8e111be623300d2c78456a42143afc,train
3d9e3990220f18663740d0951dc42f0110fae9279a2d3a554d3c9a4b4cae4857,train
3d9fd29ea49a6aa2ebef90c08b10d8dc731fea2a67a750e9b9cc0a5454a4ffee,train
3da0b683c0cd46d747fd35a3b22b7a2d05604b5bee6c55036dd7b85d579e9dc4,train
3da770dc14c36d4951f8d43774cecafe15f138a92e2a6bb1e56bb4edeebcdc8c,val
3daa0e3f1ab330b061c23bd889735e2b4bd55edc24692e6c2c12d378010aadd7,val
3dabe2c3aa16ea40c151882a0d420d9d6611eff9fdc6bddb87c132dfdb237b08,test
3db3a59096f01f6e3a98b53474f8d25d0f05b2cb8c563bb1717567836d66f996,train
3db7550ba1790efa299e5249401513d398fdff1f079c5e79adc493fb912e7ef5,train
3dbbc5cbcdc7904b00f613dadf1835ea5e484f56275b52e91234bb06bee5bf5b,train
3dbbf25030edb09ef4b0552d1725c086d125c8a4f47398bea9010c41520aa751,train
3dc19d8d5d28aaffc2c239fd615b08e8f32b9a93ad99bb0df730d6361c95f100,train
3dc21211d092ca8aedf1501334d955c72409333bf7dfabef0203bfdd526f6dbd,train
3dc39d7eaa74c09569399b73406f7bd57e7eafe184c43ffdcd14b483b89b28bb,train
3dc98d2a53bf525d274eff5ac894620840202d7ff28bbe6889c8928cccb1eced,train
3dd7ee0313ae461cea1258deed4c8d9d44888283cf7a656585f6b19d116cd42b,train
3ddd8d545d86ff365f3d9593d184276a585bd140e0c4a50ec6cdf077697efc9d,val
3de007512cab46af2d8f8395c1444cf201abd749f0a612589c1695ca43d1464b,train
3de01b843dfc61a612487cec752279d0c2ac475b9e70f7db5932bf71cc5c6919,train
3deb1fa92f7f9540299a599cbe6588d7e90fb40db592be1ab4532ea01bf8e1b4,val
3df1f5f6c47844dd35482aceddc51bcdc106cb9d07fdbeb5888355cfb5782ef5,train
3e013e048bf0b5ca8490889430bbd424fd09335ba2782cd75a413c4c29d45179,train
3e0593a9ceb3245fb0edbaa42b7eddde083093b7b43b9f7a809b2a337aa761e3,train
3e085c7d3cc4418bd412b4c4c0b0c59a597dd5f516e8ca2d6e4f209c6530ef81,test
3e0d5ce8af57e9e23880c4350754442298296a4e98e7b7b77acf3b6987c38a75,train
3e0f004cb739426496c59be49b33c659083c6fcd4de79bf0cad7a8bb82931159,train
3e13f60e7b20ec198cf0022de86a9a019ba9cadad0f14badc12d0d21c3c76354,val
3e163b71edf3e4f7cdd6fa526f62064176d5e0405cc52d9cee96e96214d722ce,train
3e165b307928f51d393944d3e3a4813a7ad65d04d18c328e4ed3adf9812a14f7,train
3e1b00b41ae976aa633cf78a2f0e5b904e517190df5b12965c02b615d77228de,train
3e1f53e0649161d9a171f3e883a3bb10831100310983a15d089f56b82dbf0b8d,train
3e271792656f1df7cb436e8bbeeb4a9d00b423205e933fc567d51d10f4f9c654,train
3e2a6470c2ae644d79f58047bab20e814e03762e98a07941c618243379f69c5e,test
3e2acb745320200c83a8e2d4971f0696fcc43f96d59dfc0831429d4ce9db7a0d,train
3e2bb6dfcdb7aa1126703a49975a02bfe3545769d108f402b90e17083e6685ff,train
3e2f255a43bcb42f394490ed825c60ce9b134adbdc97d703587324a7619be479,train
3e3125364d8dbdbf21e0b8e746b6f4b7b2feacfeb02d052cf4602ff99fbb180a,test
3e3bc1ee022c870e908e07735bcf83c50fb03955186d9c98e5d89035a97c1d38,train
3e4a89aa71bf8a3480b2f9fe26ba721cb10006e9c3010f78a3db4a34db49d4e6,test
3e4f536c92660384593863dd5f71d8c91c1623ff23e2111fc7d3855eb94ebd18,test
3e4fe343e37c80cbb36727d8b5981e068f91d9687d5998f8d634a3d6fddcc198,train
3e59a9fbfbfed559c87812b13b8db6ff525b860308efea25110d53e589753d24,train
3e66275b822731790d8e3acfcc906b647c4bea874bc2913e2941a2024a04c521,train
3e69d709df795f9131ac5c46d5127095b1672ecb5bfd18ced313e38dfb2bef62,train
3e6b2693bda360fa01a53d24dfb2e292f6602ecb7e4d046ef83078485a45d5df,train
3e6bec408aef7952d09f21d9751927a67561c34c9496d53b332d7686f1bd6ff2,test
3e6e6691bbc19bf843eee9319f186eb8352eaf420f80350f17964d270bcb4d0d,train
3e70fdea66efe5cedbe93ab4581f1bd00f9c39f78617c3d5a995f04805bef87a,test
3e7732c8e4335bfad9eaddb72ba1bbcfef7e1760b947356d2d871a7f80e37309,test
3e7937df45f1c6109690906288b4061278e9530ab57f8af8327fc1b7768a1863,val
3e7ff095892663c5d0fc0130a863bd34249fa2ad81f06968e80f2d5267a6ad91,train
3e8eed1fbc522a4fbe384b4b47d4faa3407323508fee9efd7d1be81d930ea727,train
3e99d2b90b66a7cad5b78ca4fdaeb07cbde65b03a7e68793ad853ea472ab4fc5,train
3e9ba87f98fbeff9669ec01554db5f909af12af476ab8e3b92c5103d0afbe69b,val
3ea27d8629cf1f9dd0ab177ac243bcfcfd4b0610482d1c070646619f80f28087,train
3ea6b86ca60ea22e195b47ef913230908985faec403ef6d59d6e872badd8d6e5,test
3ead2f181a1ed4087ddff0493a3adb5a096e089224a57166a590bd3513b4ffc5,train
3eb60387abe5a68f5e6a1fcfa2ed4fd1553902f809237b7d9352bb0a1a231668,test
3ebe289c98a7acf721e0755cc37e90aa705a0283aea348124548844d10f6f82d,train
3ebfc429be57da72ca729fe667299c012166c053956fdf65153d624c4c23329b,train
3eca282be896562a142b7ccc4710f5126da2366197ce3e8b251fea71977bbd9f,train
3ed264048775c066453955aecfb3ea170b32431aa69f156c75fe57d1704c3b1d,test
3ed302480348d6dfbd4cf9623a888354469de26643ad94f4571fb42ddf300a33,train
3ee1a55583d396461c920b40fedaa2513a020fe309ab8ef8ce7467b463ad166f,train
3ee1fa4f9c08a7275cf723aa29b73c7490cbd6aca1349e081300054d7aeb287b,train
3eebd917d9ab00bc32e28e4a0bef97dbfb4ca1ffb8c39fb0f543d6ef183380bd,train
3efc00e59d757da6dac9bc2dae01a954fc72dc9815840cee41eae448e9be011d,train
3efcf0bf50698b40a2b80859eb2683c5d54fa53bbeddd99650925bf6c15305ce,train
3f040644e6b30e39d816bf4964608d415bb8335be3cc9f643d7bdb73c4a098ba,train
3f1ca9154546fba6e256b79254873d3fc2749de4d7a93cb4e48df720e2bc5b3e,train
3f1f2f25aa512c3cd21e32da43e5ce16a7ad12ccfa54caa8ed63cc203e8ab31f,train
3f2878a41c44fc87461af8530b4733d7f1c6805481bea6ab4e199002f144c453,train
3f29d55cf53f9f9ec5fb56a581db4b70e4c9ad1344a07d0026cf7c960ea288fb,train
3f2a592a4ebc1c532a4d57a80db4ae5858a2eb0e89bb8a27f05a5c46c4c0ae83,train
3f2be4ab15e5986cb0d79dccfd065d22889f493acb6937ecda1ac8b0ee46fd68,val
3f2e096a04b35b953d6a905e791ef31e55c31d1dd2348b8c0c6affcc87baee7f,train
3f2e285942c653ba6e1eaad9bd3015c4488c901c6015f2016d3aad56a842d00d,test
3f33230608468aeb6a6e4826b55da73f66aa526ff8bca640825ada04d29bab29,train
3f3de6e58896da406ac2aaa5ae5b5f533566fbcafe72a6362e47a04c2a1f55f9,train
3f435e6eb6043abc5d0e0da266f713c7871d9d171d4bfd52e333263e780b4b8a,train
3f45815e8ab88b24ae31b35e351b869f3fe95bc77cc14493536d0dce33ac8a8d,train
3f54aed6e34841a40ef71a5e7627d76a83e6440613b1cf7ae5082d262fec810e,train
3f5e4f3be1354103cae9ea6fd17414706fe07f63ee1864fa060d63d5c1cc6f6b,test
3f61440510782d459392dba4c4fb0f128db02a4bc430ae0e8b8e729c71ed95cc,val
3f64a0582020cedaf9386a0e72d9d893cc90e79984adf2221582660ebe365fad,test
3f6938c6f7d6c227db832e2ca35c05c0b8bd356b675d4c4a370acbdd014351e2,train
3f737ead6bf9fc8d33a67eb9e138bf80d78210e5562c6b814007304bf86381f4,train
3f7588f56261874bea23e6098db721ca6d803f62e29b95520d30c26ac663a234,test
3f77bab126f91426aeede4fb992bbee3cb3a4f336ac4b455d5730f7fba0c018c,test
3f78d6a7ff068af7c1455db65b361e85c328abdbe26a7501a7451c657fdeefda,train
3f819df4a90186c115e1af0657fafffd3238ef8f9d2231cc4542805349ae5c81,val
3f84b0d03272432f2a7500f13c90edd2bc2e6c642a20afb32a6d68cd6750ac21,train
3f87f0cdbde8ca4b8a53572bb4f550fb4c9d7e4a9aa448231978517e3ec9ff91,train
3f98b3e715d73be426acf67c17ae3cbdab22190ea9a995d9b582f1cd98badf66,test
3fab4c09d9e56231ce358294c95099e722eb8b24b50c1615ef36dd7d9220db00,train
3fb666dcc52de9bc7ff7c3c5183066377414857d5ef995f344ee8a64f7378a71,train
3fc15136745a667c78a495404d204450ec56db90b18d3d0cb897c8daa85eb7e2,train
3fc2bd5983d746f2ee37fe4c900e2a141fec6e339df0235c9fceaa40ca7a9f70,train
3fc7abb0d5b301206bad7938e3113d029fe11d4faab7cc3246fd85ff7da11380,train
3fd6466e6bab7d164c0e2166a52aab808956f500933a126cafae7eaaeae7b8f0,train
3fdd658bfb97ea515a2366321477f437c0535c04aea5cd9ca902db5315daff57,train
3fe4baa401b393801390f1292ad4e52a32f7fe18525813b8a7dbcb89afdf8dcc,train
3fec6c7ec7cb53639ff8cf0f27f301cd0e191aaa381d652db95cae43f12de028,val
3fec700c05fd80bc5ef7514efd0f311570bfe5b5d9348d27230aa98f20542b5f,train
3ff382bbbf44d8914b9f2a11b6bef73e0bb0fd4cd9434b013cf0faa52dfafd70,train
3ff783f0d0089ffc8659f0e5da48863abcadcbac6c8571cf46e4c606f5c253eb,test
400657c5efd1f7320360789ca4670218e56c4de6b016ce2dea34096caec2181e,train
4009473500ade62083dd50fd1b11726be0a4d96ccccd3aa1811bd944d6a5df42,test
400bf7dabad9772bbf94e8a074b69977a396ee90387c415ffd0a804b63704f78,train
40184f885a450cc7c8cc6343b0d6747974e0433ba6d1a9446eb8c39eaed96e05,train
401b4dcbff39c0515dc364f34c8e2b54b6f8727832bde30394a3786b47fd69bf,train
40299e2a4e5f7675ca89623ac2890d1b082a1bac06613fb7e2f4387db3cb1f2d,test
402ce6a38a7f5d03d612b8972b35889df58e808234e979ff4e1324530375c505,train
40301432bc7baa421483a75a266349fb723a18f7814b69b24cf0c49a4882ca27,train
4031db19aa583bbd267ae3d8227016ee8b0620309c625f8f0a18ba65d3f54969,train
4035807acfcec3cb17c72eaa7789e5ada5f45ff2d7b04451ecef6d42b6feed46,val
403bb832c87006b479765eb1da55e9a36975eaff8c761e29e95d6824055c0fa3,test
40462e9be113e49d6dc1d14353d12ed8cb85387a60a5a85483a78982014c72c5,train
404987ab81ed5564853b8b6849b50180593400fc09636b0869e620d91aa0f459,train
404e716e553a05dec15c9fd089caf633ff10e35574fe41fd6a1f0b94c425a0cb,train
404fa5ea445bb9aa9de9dd89711e99bbef30094d817ef525f289295560ebc4c7,train
40545b066a4b0126c1c53b92d9f55ccc4e9c292f97995eed384253196c68f9dd,train
4059814068a87ea5b94a9683309c7afa7ffbb33f6b7228c02c7e587611875229,train
4063c99748a70bab21acab81ff7a3e9ce8ec514f295d99775951be3eba30acf2,train
407377d06de7ebb9529b2f26c1cc6ac7a3cde8be669f49caa3546dda152dd40c,test
4078b6fcb1ddb2d77d3dbe033b3f11b1ca3f78fb0cd75ff8986a9e2ebe681c34,train
4084e89c74a6f129d8fed140f8c14c85ba3a9b303a78274d78ca86373a961a38,test
408e0fee9f3cb8a669415b4d8161ee6d51febc4c56efc6b6267f6258415eda3a,train
408fc02c6738ae11dcffa2b7f64ec714f9bd9b95602b0d4b2ac4289ac35601d9,train
40989b552bce0c2be3fa627b445ff9c8d48a138bce831c10aa2e5e0faf2c7ecc,train
409e0268ae50d99c45f7d1c2986829716f16392a91e7dd360249d0e2bba0bd2f,train
40a159e56de1add0a684f3afb14cf7c0da97546f7cec01924c223372dfc645bd,train
40a5bb9873ed48985b9c7f93afc76410ddf0208e319092afb205e786dc8d1919,train
40a81326ed4e9bdb50376f4bcbcd6622b052219be8ce750f2d83230ec782204e,train
40a9b171158600cbaa424f0bdcbf73aadf70ebc08fe49276962d59d97f49f3e1,train
40b04c126fc81aca5b893d248023426af4c9feae5b77a7f75f010b08c89e7f45,val
40b0a62bdb6ece4a246f66f70ab6d5afb4ba5afcc2892a5da0856d35b13b23bf,train
40b61ec73f575a6189b134c58060f8733a1cdc6088d195780b6d546a396cd5ee,train
40b626cc70f812275e58360b232be185ea1605a1c5be90b8075bc3e8b30806d7,test
40b8e78c439040c4b129a876c858feb00322160c233267291350ce9c43b2126b,train
40bd645c1f4e309fd840a002ceb60244798fa101f3212d2feb702083cd6c0f7b,train
40c9ead5d57e02cd291a1793d2ed4cb125c50dd88674b8d69b2b689fcf127fa9,train
40cae4decdbfcfdc5ec08a2130ecf330d287e4cf98f55f694a7a5e88a2f7026d,train
40ccf459e8828b791cf1666a9e71f01fcf48bf32da22dc6c135a52af9684e2e6,test
40cf5b53e9548216b075ed53cbe1bd70dbea5d3eab2bd66daf76d2e93155d767,test
40d1148a50a821fce3adbc27e31b681387de18c7360df0627b8b04266ac47ad0,train
40d12e793c4c69845cafabafeb88d3790662cc05268ca0122afdab0a619580ec,test
40d3a7dcc62b80b3248c8ef7600c0f6ba34e2399eac73eab0e95bd7d9ba5b6fb,train
40e13978fd302ab6cdd4e30f4695559d59b41930cb98c8506774dada84269372,train
40e5ef02f72faa6630584f8dd4e5568f3cb04187df3bd020defb0c79a925608a,test
40ea77db31459e9013497f0156b73a849fbe25128d11ec27477e53ec066f2f9c,test
40f314f08b42b5fcb6a2be20ba44f5d8191e930518596688b0f76fae6267f649,test
40f62dd8d8b40bdb7afdd5dc6c7eb6615732ed31c0774165641163777d61ee14,train
40fbb762807d01da4e3766ed60d45637a91525d22e15899220e04ceffaa820bd,train
4100020f595c1437414e1dad138bb9cc0a0ae5625abe91fc06b88f28cdb05293,val
4101384f5dc6e610ce1dac78163335ddbf79153c73f540787aecac4310f2c52d,train
4108948674cd110325a0673d9963b16deb5f78d3eb32cfb02e01c2c11994f5f0,train
410f7916224f903508e89a9688f3c240fc8bded358a48483d86e5ba2df1e4183,train
4115af10d6fca58870a926ec6e73a486ee38734e51494170cb5154a4210d2c35,train
41186ae014fe6d4b95972dedeb4926d11be2b364f8f491d20cc43164b2c03e9e,train
4119edc4abc213f9e029c4272425b9df6731f7a9e6ee088a5080e171ddc2eb19,train
411b76d01459ae10d6ff5aca71202a369a78778b7146515c04ba6f9701b1139e,train
4130016308fe12a3beff15b8b18222b28c9430b8fd7e6394c59fe24103f88b34,train
41382d40c8545f74153ba929692cebaa89f090b8310ce55d64ded72b34e0e7bf,train
413ddc9b964c06dee77d94628df716617df78c05ab8b477b20628414d3f6d061,train
4143c8303e91cece97eff1bdd897cf8c1f985a47664dafac71d6c2728114070d,train
414437d0a8c31a81c991b0a3a4e4b0fc6f2acd0bac8268b181b40cdcc918aa78,test
414d2929ff793eac2d1a4203f5091152cff19eb4039da914f50956083ba5144b,train
4154268ab9a86d874d3cb404664cbf5586c84667f52bc99c0a68f8d3f4c4e407,train
415440104654f71d77b05549f0eeb6605f8f0fcc0bc2dd7fa9ecf4c8f01045d7,train
41694f79d66b79dc91d4ab1d133830e357ba8ba9477508fffdb6ec855536d681,train
4170ed03e62cd0fa4dae716aab4066e5f2c68d30601957b15a03de38a65dece7,test
4175eb2e13d92ea01b1fe3dc482803dee3111314407228ecbe121bde0b03708a,test
417638599600afdfdbb42690fc596c9ce5a3e639daf6fa7cd6c047ef31461ffd,test
418c453a1c0f82b99465f7dd291113424bb2a98cf3b1d0f44dce698722e9093d,train
418f0161f8d5ba3e5401fb8b3e7fe04435fcaa343d43f41047c9bf0e6d9e4c7c,train
419b83056c6d8cdd6946b4e7be70b1d033002bcafa15b680cfcdb98c00115a14,train
41a020abb42a0656b3dd1dfb5b40614d70d7faefa7a0fff3f9211f32975e5478,train
41a15e395cd88b7be294dcdccb5e83de38447afb0206fb5ea17254406cb06d37,train
41a48bb31d8c6a9a30c9ba3e2d3418d3d4024bf3036826f0f59fc21bb634f0a8,train
41ad9edb52df76260d13ac030ff6d913427fb2aa23eaafc7e4cd0b5c98378850,train
41bf423f98a5bd065003fa1428aba661d43453bbcb1de99af22f7ea047e37c9d,train
41c0e52246f914f86fb87c60fccf09bcd1a26e4586b0e294f1f247bc7644e2db,train
41cd6fa1530612c215191db10dfdf58522bcd14f3ee444a6dc5079a431556e86,train
41d72867397d884bca8046a882f513c49fa9a907c9dc775b2d1b275b0480d74c,train
41d9d49607ac4cee4dc39aa237ecbdc0921739448e2cee0fb1deeb765285d200,train
41e2ea01b5ab59670e2acc57c0f93ea8fbe70ac47d2d90375c7618518028656d,train
41e3a91679e6ec2f8c279b7de3f713c664eed68bc96043a0864c06c9dd3cf590,train
41ea69e432de0afa5880f2dc6300f21548ae622b3d9292340109d99feac470f5,train
41f3e3d1ba15e01835e91105f88c2d46c75e37eabec7a23b059034473c0cb613,train
41fed97b12a6b8614530ac81e65299f6f42a9919011829a78a06ab836eccf3d2,train
4201ef8b32d3fa1a7e5c3bbd15cf56f868639c0590e94da5e95228921f4ac935,train
4216e117ec96b01f6caa7f5c42de48e5791fa8cec9ad282da5919d87edffdfb4,train
4219e8982207cb7350d4719c49394b90d0b454726a48db9c3deadf4f6c14117b,test
421c85e12f158709006754a25a8923430e66260ce0fb06ab22dc1676dad9d7fb,test
42246997125fdf2e748a9308d6862948f6bfd5a2c54aaca573b80b1f91832a1b,train
42296343a728c7472df3bd87d416cfb4dd13632d145543ca688f8965911ab614,train
4231e4e4efc77038f8f6dadcf981cb7e6f801f17842a570099aeb577fa659c06,train
42331d5ceea9f465b6e16bf159fdd78315b180a6308784bb0c0b0ab1ace223d6,test
42396724496f63163af078953e26fcad79e18f6315e52333f3a91ac14cd9e706,val
423b673922fdb228c9319709b28ab2ff55628fdef69306086a91d52b320c4490,train
423e96fc1b860a3a5471022824de547a93bb043bb188faebc1690f0c39227cfc,train
424398a9edbfa5c0fd0c7c536df2423401deec25d6586fe881672135f3b3aefe,train
4244d3ed7b06b9a2caea0286c65c9de3e47836e7c86151573936c5f515765d15,train
424f78fb5652f6be37e251e34564e333baed993d2cd0ae534d5066e253a93000,train
4251596539c02d2e47def246a166778ba9a2cd545a898529d49bd486dc619bd6,train
425c50cf0295315eecbce3c5254a4d0cac78ed4406e66f61afecbdecb5424fe2,test
42617e2f6c772e570ff6fdf9949d0de3d27ea63f33b90d649f2b21f6a4cf4355,train
4274d5bcd7993600b087b4e7086f20f9b6cb87393cd6a7b17369d4f2a2c82bde,train
4274ed50da50b52dc3015d1abe59a09d47e74ac684f44e1e6e0dd2a42ac44be2,test
427d6745087fa6a33b4e7999d7d7a2d4e85372a882c381825574c735d1a4571c,train
427e54ae37ced001e521d85398c29047a2f187c20c1103f67bb01579c09a1d38,train
4281066b367dbb793c231b3f4e99470ddb2bd3bc8e22a5601e0a74dd1d8721b1,train
4281ec52eea1577203102ba7c81aaaa96955827b182ad771c3a62c48d77711e9,test
4283b3de2c76ce9b97e529e9e9fe76045fdfd7e8253a54d0966f796a0590440f,train
429397d92ead31b21013700d7e57554c615368bb20395c756e78486eba318a35,test
429573ddaab4168fbd7850f963b57bbb0a1485022b6507d723386fdf677ba8fd,train
4296d3a4063b05a6140bafce9cdb94f5e00e2c7487d8917ff8a1688a46aad703,train
429db9f204f95f820cb71e7b001f456f348c080b31e77e3edd15b3f773d83ad6,train
429eb7d17739b9cad0d51deb6cb845c5b585ed51a4a6bed0147e15f2933e6437,val
429faffb1659e1a256bc59491a6fac7543ba286a5d89c4cbcbc754b3cec33405,val
42a52dc995a840a2cc1dbdc380b8f7633019b12bfdd6668dfcf21ea41d89b48d,train
42a67463c898578fa9d2d40b69024fd97345ea037a0dd88fddf213669953961e,train
42a7426bdac1a1054e27d5beed51c0928d4da21839fac24d8da13437ea2b0ca5,train
42a7afa9da9a36b73286cc637d7bfad8c04c768877728dd39e5301942f5a279d,train
42ba1e5c5ef713b07a15c59c31f240e1887bb089c857a95adb28817accfdec49,train
42bab8adcafd1abded187b5ec054b7aa59a2b171158da6514b76658a9b4649a5,val
42bcbf5164dd22fef66fe341d07df21e1d03ceee81969130dad732655555b7cb,val
42cd57dc353ce09a90a36f5b582a396ce8338d7c9ead7f6203f28a134c59d225,train
42d64f3bc36d8260d0b521aa0c1c6b6d90d7fe8a1e71b257f9e07d5bd20bc37f,train
42d9b0f1d488ed0b79bc4766bed71ef347a41242a623a1a676d8f4c0e8a51394,test
42de7d0ae9e431de700a5ce0fa57999aac922a2a4624425af37351add96a32b1,train
42eb360f959bceb5f0c6516f9e1d6aeb5332575c5fe6cbd6468951e9d530cb29,val
42ee86632fdf9f0ce2226a35ac6bac9ef1b742c6a3574a51b8739cc4bb3eec1a,train
42f9526309b20a8642d94d78c09a7c698c784e4f431aac8bb61599409307842f,train
42fc31979e8491a84dd792080633a36369bfb8c137796e4743d809aa91b2a6ff,train
4301277e801620c6e55229e139b39acf7610962f355579cc53a4aa7aba094c0d,train
430446904850722ee248acec2ec17ceaed680c27897975ba16055744e93ca80f,test
4306f90bd072c0c5f3e423ef683e02afc3d9cf8a7ea3b5550cd568d580fa6cef,train
431212ed636840715e78c1f8be8118cb6eed161c91ad3420435ada2bdad775dd,train
43165857dc3e32af28238279bba2b96d98da373cde65a2dd63dddc8351f39ea8,test
43171a644b1c2a34f8f40c3b391f6f57fa1aa22eed0425e8716dd7f07a3703b9,train
4317f9d98d1b63691fbfdbb36e9f15319b8dbd574815e52692e9f127706c1479,train
4318a2bdef668da20909d94070176a53eb34e91ce3ff3a988b6e5bdc11a30ab7,train
431cb4e8f7ee22620566fc0ba918caa8a034e2f2ceae3fa2485e9700eab1a151,train
432104d6deba50bb7bf4d97355c4981a52616b18ef5ae2afe07accf74c9fd6fb,train
4322fa11755e5f24f55fb97dd2c266687276f762842ed9850a2e0b60d8144f7a,train
432c8246c111d6037fd92bf630df3b082236912816d8ed8297f93650ef213d1f,train
433364416f52ca00cdde424332ee34b89017a4b976d402fabf9257ce8612afc2,train
43388b48f4fe7ffecc80d03ef74f81fe65d636787b9ec5b4fe790e88cf59d985,train
4339aa2ced8c2ffa17fd66a42d977dffbd3ffa417d5d270fd5eab7be5ad385ab,train
433ec1ac226fbe6c67c6f63f3e9a2d3d02e6b9b07a53b29d51b86f612c150415,test
433ed0860245afbdf724f1fc5a1cc4b5b0ed19a8f5257f54aa579b2745a7a737,train
43427fc6b6e38ff74a408666c0b7d008f15a756a8ac4ce6e98dedbdbc4d7d1fc,test
43445732647479c171684f0a288c1d30816a84a4ca85810e00727f56f51631b1,train
43450d81fe36a8f2f64276989e01d717abe2d7c19350b4d2916bfeb9d138ade6,train
435084d506f400611619b4825a000dba6ac5eb664d68231e92497a6ec5d7b36f,test
435f186664351f01e1a88db6b14bf692b3505b88ba3a541532adf6117c9df7f5,val
4360433a0067c1b101295fa429cdc307e3d7db1efe13f2d60809e0425ac285c0,train
4365bf4bc7eb76da8fa0a6f8c6116bbdf04aab7ee1084148f20721bcfff0f95e,train
436614d849521861b63da87ee505dce43433b19f35d4acb0aaa9b83f30a25d20,val
436645cc5e562302666c6e650413c5760d5f8a917825e93d305042f65ff0d8b7,train
436965cddc9649599e331791753a5916efcef02334d8cbd26d602a2c8ec9411b,val
436b1386c0dcff00de4f9c5b306563b885d22bf87f533304e6293d4cb682a727,train
43708d4c6f548acd797463044cd059a7ac9e5a464c436c2b16567f8650f2eb8f,train
4377b6cdbfd8fe1be78e4f470fb29dcd44a52fe75a3b8155a5d0a74096de132d,train
439c1c67df969e75f74639505f7676a1599951bf2851c21e84e660066eec496e,val
43a0897c9da34fb71337708401b20658af2f694905f2e664c46eaa949c0b3875,val
43a48a7b825d8a9c99a0bdaaf81c30bb07626cd4f9d77d650e79c607a1c6ea7d,train
43ad389916db8562031a1486473738fb0861615d6a035ebd561f68e30e91b5af,train
43ad97f176394f2848f9fc0b5d9143ae91f115cee695c5d52097defb4e9cae94,train
43b204c64c1120be0c50c337c005adbb88d77a9c413de314281e3c48672e0a05,test
43b282e07c9b8cbb7779745b342c8b275a6ea97289d1b4d88c496ebb95217374,test
43b8bdcfa9cf29b480e560bdc69c6d6a9ef60fbf8b377ce43afc615effcbbe60,train
43bb5f1f17317f8735eaeb70fa9e97345a0586d08c8e1056a16e76ad30e65522,train
43be127d7a06b34990e8d7fe2b9df96addb26ceb2a073a259cd1f63f7d6bf5f6,test
43c11840ffa9919373719bf203bf1afa390fdac5622bf7c458f51254fcca58d0,train
43d0ba90dd3a7f4a38560f2dda8ad746ce305e6ebc4aace18693a621d637fa12,train
43d66342d994ac6802a7ba337a0bd0cab47853442f4d917575d85b00bc8577c5,test
43dc488e8122e77087dc7567884cb2e94dd5ba6bb0b30e8dc9af17eaee192285,train
43ec4d643db17fdc24a608a16dba38dc2ac0b949226b01f988592bc9e02d19d8,train
43ef43c42cf31e415a75934933eaa7b55f073e24378b78f9755f538733f62434,train
43f70bc7272eb2223de8c561a4fdef8e709ac92635da762fa36e1b82867b9d57,test
43f91aa8738c39f8e905f5abe308e2ad373125e1e9b3c457e83017fc686d6b31,train
43ff38b09e4ea65fabe6356472ba6256085bc8bcf2176d0a3886983553865379,train
43ff6117d86c9f7016c1069c6a2b89a2a42fe084f598c9f3ea6f4e95bc58de54,test
44022e4dd734d633ad75d0d02ad1829bb2bc0a54175c89ead9d5540f39f015e3,train
440e22a8fc57544d07af2fbac67b055262f6c9963fcf6c14bc3115fa4ee66465,train
4419ba19ede196b2c3804e3edcf67a6810f2ab6e47f6b2f2c277a65f97869df7,train
441beff44ae0350e1351230241a685252b43043a402ded1f112bb98bd6d72805,test
441e6a27326435797f9cda43d78e44ef2fb9780dfe4b556788aae8640d993c8d,train
442700dc491d1f8187fc7dd6e3528cb878efdc3dd7c9cca8f80f4a6bb3ce452b,train
44372e15c70a4783601fcd5cb386248a2f1ea15641755df53b7186afac5fdd9a,train
443b12b456b1c850916aef587a856942206820ac62762094a70a06d9cbe34066,train
443e937c9993af6c781f63f5ff501701fc11566bc347c855f55441c4ddcd57a6,test
443fc5343fd1514847095a3aa00283655b3c3c9136e3d2215c495724cb2cfd53,train
4445337ca1a6a8416a890a806f0ff52aec6ea6db0f0aa3e99042b37e89bdc843,train
444d66dbdd9b4267cf229a59f8c56540841e09cde5e457977b6bbba749f3da9c,train
444e4bd631f2049652c1d2007de7229910fa2ee8a92df4114f498d0f908f8bff,train
44501172dc04df5fd4b5d95693177218ab44fe552d99bf1609fbb2df5552450d,test
44514c5f4a4a9f89e5d87bf6fe09f81606b9392a4f0b8008c1a1eb4d190b570a,val
4453a5d217eaa6b4b13bccc2b356061d4d4b84a35bc6184b4fa8cc3d72a231ad,train
4453eef51030bec5de7064806ecc6ad22c26afbfe9c594f5cbd051ce1e1b7949,train
445af8933fa7b70a9189f3ae46e5637b3145673e4a853b805f706bd89d33f25d,test
445d1a2752b2165186654e1bccc8893f27888f964b7e5e7c8845c7754028cacc,val
4467d53d305aacaba351516438a13bff65755449af7079b8e1b5308b3bf79255,test
446891955d13ac248c6975c7bf22fec88f38679ecbb60c91266da1fdc8980185,train
44757fbf0207ed4ff555ae8f3da76e2d1c36f6921f6d7091d8ec7ca5b8f7f659,test
4485f3e6ce20f0e41e5a84aed1bd776597ed12d4d2cb6c660bada58e80864305,train
44884e449d72f72fcf343ed5335f5e6f2da86dd76c3fb8eca5d6678d0f778292,val
448a3c4bd6af2fb4daf3258aee7dc9cd8d8b4a8e2229ea34449d0b1f59c5cc9e,train
448c11e9f0357c36a323f85f123224c66d0b5db7a097282f0ce877c5447d5784,train
448d3849d43147c748b666bcdd147187a36fa7af3d987f76d2a92405a126a2d8,train
44a61eeb9fde34a48de28ec13c0e78c7b51b5a233ca92164ec9569877151c6ea,val
44a755d190d65596fc63ce833c3dd58821d14ea2f00917d2a05f4750adf182a6,train
44b6f708750f9748bd477331f7c73402b39624e02f341c2db4e630e5a215a557,train
44b88807ce360622640c9f0318e58561e3a813328af3ef7454ab47f3c753e333,train
44bb17d72a80c1a3c6a49b9e0ea28b78ded6b380b122b8d5423642f01e02fa4e,train
44c36a897e28fa1bb4e0ae57a50ee6bd7488394c210958a4ead0e65bd211d731,train
44ce8ae12258b54f6a9fad5bba83587ea7ab39cb49cb271d8e0b9a53a12fb846,train
44d565bf04eaeee8b71449e05ac1cc88bd446551a35ea96ca5f4ce2bc02b1e36,test
44dd2b30b98045c9f2e29d1e4f162c2a69015db92c1dbca94ac779336b68d190,train
44ddc20b528fca5821cb9021d57f9ac9611731248f080ee48f2206f894022a42,val
44e3042ce43af015dc7666e03deafdea4dcc29a67ebdf7ba2f00567d10e5bb6d,train
44e3a7843ea1657438ca4c39306efd31702a72c27b1097128fe7f9d39d0b33c5,train
44eb335af4f0fe5c1d9e988d76afff208344809b4bd1879bc5a725fed06f5433,train
44ede3330b7d172f01e9d9d089ce7b23eb3354be97642b88f884dd098bbbff1a,train
44f04228c2f73bf96067a84ba90ecf95475703e35bf6c29d343ff6439631f6aa,train
44f2f603432fe6991b3ea4997a9390e31b951c04ad8ca438cc255079ec783ed1,test
44f3781082de73261b6a1c1f8c462d8d79d60ac064ae774a74d2ba9d58d22968,train
44f3b8fb30d662701c3ad3801867b8f68a97513a1916267c4b76f595133056c7,train
44f4657d6e26da0c2cbcb0fe064c97245d219472349569f4c57549c6a2550365,val
44f46a3e1ce9c501785eebdc626c226b6d653aed3610ab7ce8981c5fa99d5cc6,train
44f94f77f89dbe0987b6cbad9682ca92c0c178f427d60d16ee600270f53325e3,train
44fbc34912f19873eacf1a7fe55cbcc1cbaa592fe2cc58fec4edd0f35bcc8a28,train
44fe5545bd10ce8172c85f0e4b0dfea78053da24c2a9bb2b0087339b36d600c7,train
4502c37addb1bc43c5434623e24353c98789e1c24059cc49e4ac10b3c9550764,train
450cd5de94c7e8518d80360a924cb643e3905e0786208623a7b1646c4fcfcdcb,train
451aa4d5455d64fd290ce518532bf8e4e4100bb62821541bc272f3dcaff1f7fb,train
45209a2f396083f34a33ca1d6c1f30cbde7948a5f2d9ee5e5ffb0867513092fd,train
45216565f9e4c30a1716052e1a4edcb261baa0867c9cfae38a272c4e0787b6ea,train
4532fdd1c4d1e552f03f9e686f50626cc8218b3c67f40520590834be019eb95f,train
453bf7782ca67cf4e88414e3e45582ad83fcfcce9d86e5578e2dda0370377beb,test
453ccb3487efdd05bd1d236f6ab04399409fc74f09b25f05ad98200ea820a234,test
4541cf60dc9737572c04a87dd72472271719d512d3b632bb62c4a6bd74d87d65,train
4543fead996288034c50ff6c23b4d076aeefe197fd155d71e31a065d262fc590,val
45668a2dbdfb6450c72d8f23be21f1cfdfa8ddc1db4ba460fdb03ae25e54178a,train
4574d9d1ffb9e6f0f54e29af849e7d2d428e9f3d07d7ed0daa9696bb09f15a5b,train
45795f8e8fa18addf6339fc2e9240a35f16cbc65b5c5b58ab656e0ba4c1bcbb9,test
457f2c793b7b72a34b4ec04a27990039170ea0e5fe1dc1481064bdd1ca879db9,train
4584ebf54510ed026902bf88976c2ab23023fd84d7b799edda43a8e19531df10,test
4585bf609822ab3bce231856f3ee006451d81d8c1a0019eab764546cde082c13,train
458b42a8a50877d612468e6b3d1314d96618f7e2554426df7c8ad4346679cde6,train
458dc0a50614ccb2fe96f36566c4c8b7800096cbe55245aaa29088ac8fd9e24a,train
458dd850a0a8c07790883e479405c549d419b73c92b9268aaa4243023554de69,train
459aa5146b3db5fafaba515859e895ccbe839f6de29e076d60eee7ee1251538b,val
459b1d510c8bde9ecac0b2de13a1ef5654a2b52a22995a81b41ac61b88a611d7,train
459e5f509810488a5bfc7ea7e89c0d8dd91cfd2bc3d24a10592521fc8bd8234f,train
459e9e390ecb721c0712087502d8368ead541cc746c2a3ecf1ede2928526617d,train
45a36bfeffdf35b45494b3e24888878fc1a2d4f7d9d676d3540183009e014ef2,train
45b7463390e2eb06341d63fe4430af5fd7f1891dbe5008ed295cec543eaed445,train
45bf4b521d41c4273d09bf58312a0e7f2788f542affb1e8a4ba0500de68124b6,test
45c39e16cbb5c8b51f63ac77dd969aab7a769be52ea241da3698d02213b72402,train
45f0427d89ced1609700c2d8961eb5e1651e71f9d5d202ca234a25499700622e,train
4607b60e266f4fb87aa232d51b64c7b3f2a7e75cac2ca91b40ee001e3e97d4f6,train
4607f91287bf5e5af04606353e03b8bc7bcc9a978a72294b54a9d47baa8afdee,train
460b2133311cf4be3249c28ac678522400ac46c66d02573ff7f8c39b424d9413,train
46153976d92d4f65e2a5477a9f088a1a8411d3f0875e2e58f051656b2004e638,test
4618d02ac0c859f6952c47131446f5b59641137ea7a166eca5c42d27de65f27a,train
462dc249b66f82478c8ec72b84cd9d6dd4ba4ee9e1810f341c2fe56591963f10,train
462ea13e74e01f146b2437fe523c28809daec30f044e63d36f2ec09b9f764d2e,train
46362e15744244d7e1766e01f67f97b1a0101580d5f7e723df70e0f0c30fcec6,val
46365be01894e0301b2c6cb362a10f796df49570cd442a9803d3ac102fe106a5,train
4637bea034ad93c16ecdaa4a8cc94659868d6ea57613b9fecb9a1d1f6ac671f9,train
463815c7ed0e212b43f31bb142bce283d1f224102fa0f7985a8b9c64f916642a,val
4638fc546c0ce043474993ff3ee1d0cde51ed51e337f6b2e674fbdda60660625,val
4639c5e528ae997c36ca8f4fca97c6137bd8d30dc55a3a6dcc568c227f0daea5,test
46425521de80a88df59b50df5b59116e4f61e163a11fc1615ec8bcd5ccaf6ade,test
4644a3d686dac3f9c9b57e49bf9166a9d0077829f4d4d34eac86cbb9cfc6c9f0,test
464c45bce5a572174005c186af95ae3ffbf53c6ef6f195f5cb1053b7a98a3173,train
465739cc04ba8d2d94127d07f49031d6dd2b4dd47bf5ddc6bc918ce9abfc9efe,train
46576d41f910bf22e56d669f2fec5bdd3ddf5e1021e03c595fc4993d1e9056e3,train
465baa3170198da6de0d32414b263094999be2ac88f1c42a6cd564f88c113ab9,train
465c15989a6e47d99027260df7fb804488b7378e3a3e7f2fb98cf447a49777f4,train
465f71d2812082da1307ff68b473587a61839e7985f2b1126bdc842b9bece1dd,train
4662e72f1e5f5cb1d7f70b655abc5912a0854ff7ee73e59ccfefb2a564e73340,train
466afbe2daa478337953fd981b7c1803b70247fa188121e5c2acb111230d8be7,train
466d2dc9b0fc4b967eb8593a462db0db6928905c0dcf9428ad520406119d1348,train
46834c77fc875b3ea11ca54999377b161af0c371db557ac1f8ed167ded876e4c,train
4683b2a8324992ee73a8eb263fbd8b8bf59e804553e2caadd7976e17724d8d08,train
468a58483cf6081eb931ab732651e8b0d1ea3f25126b8c2c4775582eb3636702,train
468ce0e2318b3d452569133074c13794d9bc3fe91c7428f3ac1ed6e37e1e7c09,train
469838c382e04f66d727c9565649c2f70a56a8d4c78de4d1a9fb0d7b0c7a72dc,test
46a295ffe716b2034779dd80e198ea462b237ec5ac10fac4c696249b5474b75a,test
46a43d977834abb2e8f1c4546e8b0868967a2ef6c038b46c61faa45a95c90ad3,train
46acc1a82a319f2b653f77206e383aeb764e0456ee920d07be2de54153ff0d99,test
46af60dbb664d328747f24bf7f345e40b1d209d30b7804832a65285a23a8d993,test
46b51081bbfdfb7ba7129cf2add2e1e89b26cb9eadf98004af924f6d8cc55cb4,val
46bccf69e329947cb478d17c5562829a0becf5dd5727c97580f78816517d04a2,train
46d45e518936d7b9ee4005c456159411a6cc25d52d67d479715e11d43a91cebc,val
46d4e050ccccd8f256e563a741db02422216916ab11ebeee916baf8d5a9a3af5,test
46e00ec5c7d15e50e385722c95fa416275672766ab9c53f4e7f3f348b936256d,train
46ea75caa9f5918a73e5aae587d88dbe832a5b9d02fc7e6fe52c06fd0f225774,train
46ed4a53ce284ca57e00742a4e909b8b6aaa513fca930692bbbc92baf9d8436b,train
46faf1c5c317c9ab6a497dd86aea885afb1cdc84184e5d7b9624a33b935ef057,val
46fcb6a041529465dba4e3ef5edc522e56b3b8a4b6848d21ec20514fb9dce4b3,val
4711b2b4dc816a020466a295e5a8b7f61cf11bf07c97828b3105dc2f9457b5d0,train
471a2235272beb7f45981d90d3313d9de1238151381dcfa551688d36c1492a35,val
4722064da988598d920d8570b583174b1a578cba5b52a337905ecc5f635327db,train
473f032c05448a67fa1994049fe893463b5eb1b98588cc93a956bb7881d50031,test
473ff9ad78b86f7bc399a1e2a9fc7518dcac6414568e9fed473a1160d5ff5914,train
4742f778156f5d2e14a4ed4c2a802a8ab2796502a96fa1659c1db5674ba60ede,train
47440a9692ee10f87e4db96e0c906948bb96851ad42b37a30585bc61a58e9045,test
47487190d6fae6858dcd67e42f9644f7c36b9027f49eeea4dc21434409f79246,train
474e83ec3e1a51b5c1da7322a9e1071d08d80fc311419d20ae63aedc5a6af43a,val
474fa556567d9036c2052f2109fe10ce681903b5ab8781ccfc5b7a707cc61bfe,train
475b0a719b9621bd164025a137865116527d51ac6689c5a4d17c990ada44d3e1,train
4763386200748ec7145c1ed073818104a4230304af3391214a3263a5718094e4,train
4771956638e59d7314d352cb490c21759647fc63aeff6d9fda5d31aa24e3e7a3,train
47769088bb30e88a5db785a36f8dbb48a1fce7b91061e5d2030adb41612626b1,train
4778ae8cd90ba8339fe750980237dbebb8d72fd968cb0e52a6ee08287f494a3e,train
477c3ea706519c6fc1ebbe40daa64c1d954b5bda83cac550b24aab3bdbed2edc,train
477cbbbb8ae49b82a3b07adfb86db3f78f6b5731054773e3cdd0f3aece426fd2,train
4781ce575f0f3651a261e9077cdb5d00388c8dbb91ed0a3b201bcaa6c7477175,val
478296bf1b2706dcd45f821f20aa8f07d70eb9acaccaca961175b451a0122ab9,train
478b8c32c5cbc88d2963df7d91653c08657f6ec9245d8dfde913d1e472f85003,train
4794672940ae8379147f77acd64d60aa27a64ac1ca769f38d09aead21c1c7d54,train
479659480ac566a1b5c938e987974fc371af373ccce90b9d782a229edb69bf84,train
4796fb89384a0cc522db1630842df05a6e90ed3f2942d660db013bd4b9ae20cb,train
47a9ff040aa331ad4ac26e3a7cb22b0ee91e5d639a84430f51ec088f239ed6b2,train
47b7f44b6bef3c2de1f64048fa0aa8c7f3777e9f8d60bb59f175ad130162e98c,test
47be184011af51885603d7f52ffc50e9c1bb6d681393525dbe826618033f7a11,train
47be25febfcdb2f1aa2589c21c8bf6c0dc62f692f64a72d779e7cbf5e9b667a1,train
47cc41c6a0925fe899004497d8511110081a479a0f43b78b7b0798a2f743ee80,test
47d6b45382cfd6a50628896a2170a44d1a73111a6029390c549e7fe12db7164f,val
47e15295687a83fccc069645be0bdc03a842fc06f9af4c7cc0f3d3f45b8c03ba,train
47e35a89c439c957a954d7e891a2a11c990a4048070bcabd13b54d729c524502,train
47e44b20a8b36155a344cc6562d4e56c162ca7f2cd758a1bce9f8c314961ac69,test
47e45d2e922c41fa700493dcfd2504126b0fe4daae01ffb0f519ae1e9316d528,train
47ec3957e51b5021aa5e1f07e6bd0b792ce490ff4cc6b4e632dbf6b8833d52d4,test
47ecce9f9b54a2d30acb182971c0bbeecbf97e7e57f555363580f902d7839579,train
47f4570f217f237afb6be3334dc609923aa8947d140f162087cc5e0fe315e0d5,train
47f45adeb0cb87bc5dc8f68d23d07d67d321bd54dc8baf77c44b48f75e15a677,test
47f5cf08990f3a2e39cb255d8ff212bd1d9eb9707089fe0943fda0cdc80a4fc2,train
47f6b2b68a1b519a5fe2ffc0c4ac4bfbaa30aeff3e2fed9ed3c524f2712ca876,test
47ffb634fa4c9a5ea2be6277873f941de78a05707411b9738cb1e87827a5b11b,train
4803993acd7c19a47d258e47a00c3489220f537e1af708ed74c0c6b3172bcade,test
480754076855d194dcb351264170d1b102b465d3510d9d2f0a79e8a887987a60,train
4808b9c825f83d1b143ac47704c77af90eeb8347de36103cc7df389f161211d8,test
480937467ef667f55b9a21b897e9aaf5f9fbb78d289cf995e94f18e00c2d01c6,train
480fdf7821fa6af38758fd18bdaa8f9f5b7f79ae5c6067bac40d6f767b3bc035,test
4813617f26d1d4b0be5439e1903acba77f28bbd2bb0508e2d99d27069de3a566,test
481efe1dc42dffc8819972ba3424c98d4eba03133d9384ee1ae0108aa750d8df,val
48267d7ad13021e2643b546ddd2e6a92d420a73d34c32e96b320450ee6e3d650,test
482813e30f38c8f30d32d0d4abc295f31724c92bc148c6ba6dcde88227c3c22e,train
48298990ef0d33b20fbd39121a7b1e2b4ee522f6cf97333df0488708da23ec98,train
482dd64073e90de804474c527affefe1b032bc295ededab0eb0e4f11ee6c98e9,train
4836b783be8e7c9719987bcb6a6dbe1555dae990d38c380677fbd033336376df,train
48398fd11099f6a0442fb2fb6d14d36a1e8a1c89158e43ddec75cf49728bc03f,train
483e98f363acb4a71558082569bdd08e91ceebabe118599955088f26ef5d5cce,test
4846458fa1e003c006c17f4709f0c9623c37121aaf2d30efdfa624cd60873290,test
4846f77f1034971393184c60983e851e00c83d88bebb75645d293e400ac3a1a7,train
484a628cb8c793fd1edf9472deecd02660e7ef5fa0abad5d78f0628395e810a1,train
484e25d110974f57c282805b06c0a33b43831f101603528498ce5682b1143430,train
484f39ce2d93fe8484107ec38fcf1cbafc70d08c20b3c00ec1d68463f6ff0cb1,train
4853c3da179347693b1dab750140130c34388836fc6feecbd026d332e23950d2,train
4854d66a0c65e212fe1a7fffee2bba3a1c4bffe8a2da21bfd2df252362570819,train
485c2d4fbddca0bdee4211f23a2a1542452acf4a57cde26885676254e8e70f82,train
485e0ff9be9ec1d0a32c160a01b210e8ac24a86ce5aae656d38671e93abc9fb0,test
485f03aeaf8484b1a14496dcd821cb013acf8f0e22fb00e1ec3ea97e4ffcc4de,train
4860822e401e3ef2419cce83e91d2b4054311f998995105ce21a78d3b3c1a259,train
48677f6a3d2621b250694ee908fa1139a673ae263462bd44956ca073becae818,test
486792a2e861302d8a4d25593d8deb9450a1f5d2ab8ca41bd7e57e0f4cc8f66e,train
486cfb11f18045bbea5589c8caafd513fefe0d221e7b432fa1e523dac8b169a2,train
486ee2c488a31e3921ce4fa0f3ff191f602230d5713a33117cd612800a93c0a6,val
48713390d7f47e71f39d8ac01aff53549688a8a8778ab503cca10719780d6cd7,test
487578ca5c5e40016f63bf474ec1a11ebf01da4e3175f365e947455c5db92010,val
487c0a02ab8b214a6e397a7ca2cf031770a6cbfc959fa37a99d31aec7bf1913f,train
487daff7dacc81f83aac4122d252a9170f7b96ebccbd84266963de7d1be58f2d,train
487eb9c36b82a59cab6adeba1065b715ebb510d73c2d65a591737437319f08b6,train
4888d9c55858c410a104605e2057bf3fbb73dded090df7b94a9c3ce5d74a6efb,train
488ad3eb13c032db3178222bb2dbdfa0fdc07ca410837d74aca0dc78e23589ba,train
488adb31cb44c4e94daf37d77411f6247277576ce9c9c000b90d0712e86f1ae0,train
4893ef52d29f2b34492dc659d68e54fb8bdd677496387ad27458892a6e64e5a5,train
4896b09348fd25bcd00c005cc6d6eaa9169504cde767f8eb780d45585a2af829,train
48972488fe8640725d30d562e4ce541b74f3590de2a63013d734c59d3c9fd8d0,train
48a7d619bb9bfb2101a307ee6de776c5f152b30c0c7e9d690808cd0c38cb9894,train
48a95bbd04ae6fe3ddeec4902f4c1980621a8004bd7f23cfe5edb8669e7042af,test
48af14c11556b3f97cebe4c24cff66067b3c7b0e0167f187139437fca158d004,train
48b3fb7ec2f242e47990a6d21cdcce52145edd942635cad09a170f8996cecae7,train
48d07c04dd00ad92d93d5f501dbc83f57aee7c8cca49634182714feb6c2d538d,test
48d60a7bc8572e61154318fdd269bec3f45163bd5db3504a8d9dc90ca5b103b6,train
48dfb973ca2ec40ffb1b936cbeafeb29fae63e637ca3f8ecbeb9bd61ad4ef635,test
48e1da267ab012b08484db4ed75c4701a3b5af76b4106c3267efe7a8c8a82468,train
48e542d094684c875c8a25a131df5e2e54fd0fe6918ad75e2ecb853e3a10d9fc,test
48e7af6d1813cb47c65f8305f58003d23fef2b0c70f5cd09e673b4438e4e749a,test
48f37d95fc91f36d656c1222fe7b0237d12fc3f8552e8129056834d5edf08141,train
48f3921f1aa2d36ea7d58a24ae6b39e8b95a8bbf659200ed8d2a4397c303aac2,train
48fb886754a9531f09871b9be7fcacde97b38141856d83c8c64445a155654909,train
490622a68320f62d2b98f9cde8a42d4e484820e299b0391c895c98a963253275,train
4906340021c63a649ca3ba6f3b67def40f71301286e6eccbf83350b1e2ae3ece,train
491205038bed9a3a78a180bd4c6b86efe24e407a7e6a302ea5c6711605a5abf7,train
492117d1f76cb29517d573a597f0bacefc4f17e223f46c75027f3e07323a6a90,test
492bd28279903b12f4e6401ca1a7de9854d2ecbee64abad2de2d9f4e8e9d24b8,val
492fc2899cb348e0fc81fda1eb05733a8d0982829a0a0ed2408f5503835ba0ea,train
4933ed58ec0ddf23418ec006b5ceb5c256bc9dc41f98a91f17be2e7b9ec7d531,test
49367b1def4d9cb6344fcb9104f85e528ca19571e20f3b9dd08d373f4601d367,train
493838c7929bfa331677347c9d7f8e2bffe4df34fdce79285a4daa0e15001132,train
4940e46e032e8db0ab91eda20facfc9d000bfb11e1fe7bf1795f8222db50f39f,train
494b859bbd59a3635c2ddc08ba4a90f11e0443ac61a9a3f98687ed65addec743,train
494dcf1e55ac1a6abfbd05fdbe766e7b92aef3b8e3b79469e0f047984d2718dc,train
494ec6aa876fe8ed64b6de9b5777bca7e92732ac8696f780ac28b06ce777d35f,train
4950e91601400fd3f99bca64f3dc1a24755779660e07ec88a059462c739a1585,train
49632b2ffb558fc978ddb955e82c35ff1a1a9d973d0a9945c2b2ca5016be4ec9,train
496528378aaef1f2b90f3ba2c2e7bdc96941f81ac710fe99e3ada495a4a101c7,train
49691b6c925057e8c80321adb5482c16174af0115ebbb291b1380c6c48177e45,train
496a1327f702572d56f96bad29b7a6d7c9d566f5b97d40dd7e47d0507dbb9f13,train
4970e46bb56caab82d7a96a5b2593de7fd587d73fb9716167580bc08c3837779,train
49742d73001857c8ff4f205651d6a9bd2b15ebd9722b9f096d61049003353de9,val
4975edf36df7d86647d001c74e3f31fc946b0962dba22157d1edcee0434a5f70,test
497ffd22d4dbaea0538245aa84dc8d6be838a2a47c96e112c88e0427e5a67f93,train
498096e8a57689597c3dfc27f19ad833f80bb39f9cc9afbc95f3fad9a8074f5b,train
49927b12b36ca9da68901ae77dd0f3d767b5b2e3d324073d5939468079e766ad,val
499a1e687fc0aca97e01b57d8e05a305701ecdae4e5baed72913b51441502af6,train
49a18628c571906e820cd7f3ba0e2f14fd31bf30f7b8badc6aaad6a69f4cb26f,train
49a87fb4ad17842e5c85965924c9a11b780787e89ab342ce7c3897e0a2f41431,train
49a9a02c584fbb60bd7c6eca7ea721d76e9226bfe7f191cbe4b466cf0a5271ec,val
49abe570fd230f93de2ab4519af8a3db157a41659d0341bcb680acbe7eb59f37,test
49b420f1eeacab66e62afab7a0b4d25717ffe1f85cdfca1b4609ca1c0e451c96,test
49bf288d54585b5e917ec99086f8f85d725f0efdff0253d261d996db6bec0d12,test
49bf9a344ea998a54383b0e46c91e5e379ccc43320a750e57046561cb1537e7c,test
49c06f5e314a4c15ae8e71f637e3d54877f0a02fc63b19f5b4c17a94a8f66800,train
49c513b5f02f9a06a3b33166d1d1440b4722af8cbdf65925e1adb8018d027952,train
49cb3c95c3179c48fa7190bbf3f65c920b51001963cb47c6d41a04bc83390775,train
49d4c916debf2da3330606db7681554f6dae98e30a42a1f030905f2a599c5d1f,train
49dfa1020307c9454e2cd6ff5335bb4698c0aeec98ec1f3bc939012af45d6fd6,train
49e51a41162b8ff7818f4f49180ea3baca4e2b51d202cae6404d7f3a204e4349,test
49e9672adccc98d2d9ac494be71b617d9780f926a2d8d3162842b08fb4aff652,train
49ebb3a9c7e3969a2f4110e7985d274593b4ae9481e0d4c0a0ee116b66a2ccb5,val
49ecfe738db1d5c0afe3ab8d9e4a744f67e91e7564e6f8d14ee51e6662763b41,train
49ee8b3cf4ab2c6692fec12a05b81ebbaf75923623a998d5fb90187a9e7c51cc,train
49fb25a8e7823f62ea6f0c273dce992d6a398341fb011951929186d20a9118c0,test
49fcdf00536747ef95e977efdde6662549393a3d1e2cf1044fa124a5bed2ca61,val
49fd73bbc4b32db127121fde31a05b2f4f0e23028f4586be15e923e5b70e84be,train
4a0422348f93b625ee4364396863cd693c0c938374c83ead9e920cfae96483bd,train
4a0712eb78bc908684a546bf2e789b60c862d36e9afb642403f9dcf21ab21335,val
4a0ae8832c9bb68184c6ba770a82025050ceffe909bfd31a76e1119bb661c1e6,train
4a0cf073eb4582d321e673e2fb6d7e55bb2091e1d763d6be62daab8bcbc80a45,test
4a1655a2231975165ebde813f3fe9e1c70c9fc2fcf418350f257685d6e5070f0,train
4a1a8f75582c87085386080698b2b5e1283b558da32568e4f204d4a99d4029b2,train
4a1d6ce23b6d9e6334f41d5cfb8e835762266e140a4b0b543dbf944c7771d14e,train
4a1e4ffef9d42a42465287c2e4c25cec87c5eb715cf1b5317be40863ff8c3e52,test
4a1f328fca4633cad6ca9f500a3a3f3178dc3278af2022152a07963dadf935ad,train
4a225f1de37c5a059e52477d7917b9928d60126e01fea4af0f9626a8bc7159c4,test
4a2872efa57853f65d634376f48f0149e1bb7fbdf2e3828cf443d1e79ad246e8,train
4a2975a78e72ef19825b769b8179240217d81b93530601134ab6e8b5fe00ed03,train
4a3711d9eaeac96247a613efbeb962656e823473cce50944c5c5818548cc492f,val
4a386e6da80c7f189e83a630926f58c028605dffc46e817c14ec10727fd0bdc4,train
4a3b2150c82f1607d92b84eb8d532c5aad32fc0ecf3742b4fc2a677563b46964,train
4a405904a55910e12ad85df7274fe22a5724cc3849dee9e96b6e9cfe3ed9db98,train
4a41426743f39a6772e454d10bbfdc87f9ab5646a909b2d4380674ac9341c172,test
4a4814a2d4aecc9f561b28c78b3d76c971eee42e369b0c2accfbab28341e0623,train
4a4b0b9b1ff9d93ce6a61a66e251751d87b8bf4b0dd6139028b231ed51c7f27a,train
4a4f3b48325837f691d11de1cdb56ca44e5661659218f36d9c6b789b5095e3a0,test
4a562258dff2c4b015b93b47906875bb86e900065a06dd11f5851e1f3e394b0e,train
4a57d49d6008fb81a7291210d3b7b758b2af3d6d0c72dfcdfd42ec3441de1d9a,train
4a5b2940165da3f118c7e6d9953992329e13b3cef3a0e0163b2ee4cce92bb004,test
4a5da701472e3a90118bea4f1138fc969b5b868dc4ab03ce0a00d3765158652b,train
4a6a14c235ff2eac5a94fdb8f3d1985aa3504d494587c2557c248d3019058e63,test
4a6cfe4220b6b9b6986c3df8b4a30c9e4a951502ec6bf4b4fe5e78d5f8088908,train
4a7062188da02c8ebc6f247f15a6ed53e2d600243ca17de7ea8532cba3f1ffb9,test
4a752af06012ac8defdbc36fd5768523dc070ee9fcced3cae3d157c37492335d,train
4a77983c05070fce7806ada17cfd6fe79f5334c942d93fb82e3a6d116a5c38fe,train
4a7bf9940305e0a509c3ab21e6da8dda49a587230f6cb659a902b7b6b8870a8f,test
4a7e7e77d474f5197e49155bda5251a256fae18d2146faeac5ecb29794e3c19a,train
4a814785efd54045ef44a3209468a8ad8002ef99acb9d25e0c6f30e57f0f1fae,val
4a81d633f08054855b70e393e1bab6b2479295b9d3dc8589c2572bcc1b365a58,train
4a866d79e3054e1b4506e1b9a70de32c34a4216402eea23681e88804a32eca63,train
4a889aac5c357b1fac4c38cf4f5f406cb30aae9333965bf797ebd1d411dcd6cb,val
4a9300b8cad63b33b65cc051adc9e702e2cb361ce75766b392bba7da302aed88,train
4a9a973138b531b3e1795048d280ec4b36794ad3d14d087fcc70dac9f3cca68d,test
4aa2b4d87943205cb0ecfeceb88c909a126df8720aff144e5b9849c6369f7632,val
4aa368ae525ed776ba81806182ca99a5b46c415822818623327dbff8df87e8a3,train
4ab77db4f3d326ac4bea8747eb39018e34f68e03653693f57113096fac350fa8,train
4ab92a4de42941cae6877cb50c16a56e3bca5012098ed3814e32163e0821917d,train
4ac972d1830ac551a89a437d865b1f74a86124f0f38dc10ca46679c79d502443,train
4acd047c64e84cb86898e9af4a337f2a90f08e4242242e638f221311ccb0d96d,train
4ad04fac829a8bc814fb22734931b24af3bf8cc783bcf4d3669cba8d228eb85a,train
4ad086263894859855c325321ed4936faf576e641b292693d25a2f7debc5c35c,train
4ad150f1fd02a7a7df67df6bc97ce9630bd65c16706fdac40a13480d3bacb7e9,train
4ad5319102a0301c7d9fc3dd5c023a01b20a8f7e111ea4da7e19e8aeaa9a5fcc,test
4ad5828241628fea612b439c7fdb5473a71bf551c583d7abfaca9c7cf0ed18d0,train
4ad6073145f050386c877195a09a08beb719803c4e9674f3d34521bbcdac2496,test
4ada12503801b52f4becaec129596a9bc0c7a05e24f88f58faa87d4163a53aac,test
4adcb45e9220c3f0762b7ed52147459a879817beca62621b0d2dc7f34df451a2,train
4ae46efd31444d811fa277d639ff343f1ca1425b1b0ee71b7ac3bd423283d17e,train
4ae4b59b71c6b2cb7b1fc49d005fd4cc979991f7e005641a663f10c0632a35a0,val
4ae73678ab58eb6c5e409d348c7eab2bdced67564b5e3dfca68308adddf00e88,train
4ae9b431312a484cb6ede351ffaa4c5566a841e2d155918ea78aac97d1c2a266,train
4af0e87d3f9d1b12ebadc9ba84200b76f79df8aebd4bb3e8fdc56dfb391f9782,train
4af32e61d2d96b88e01fc692d7d83802cdf4af4d273e85a53c4c04407edce627,train
4afe65bd2ae9654436a7269fef91d596195cf1713d22560972584bcf20aa907c,train
4b05d86bb9b68b84ca50e22be5fbfac8e5c8d009fc6b5af446e76962d0a3b0e6,train
4b11fb6e90250b0402b2ed400052acde859c66f065222f006af840371fc3d23c,train
4b1473c46bf0d8ee40654c8dde045832ccc9b9f06e937d1e216699a713cd8692,test
4b153f57b8c7e0d925a2e7df59866436db372d61a2d86fdd3f0b9bfaac6d676d,test
4b1e0bc18d1b2130aad2e63cffc0fff6157173482d03a2f2cddc6e35f3d146f4,train
4b21c66ac27b041af0f00e0272d8e6db5ee776e8bc56968890e5f90c7a6dde40,train
4b26408bac945388c86732b8d115be60bea621432dbf36216b96c0a0f09169be,train
4b27b4013a0d84a8e60f970cf91891ee7b6cd0e4e04751bf9e64fe870f1ebe05,val
4b334f6c5b4c440302cb60bcf58baed8712ec52df10f906ce70eacee681a8e03,train
4b369d6ae6f3059f5ed019cc25df8c9c60cfb9497c3bb1cc7675dd19ecb42da6,train
4b3aa63d10f7499e35aaf279c22db2454664637a0fefdf112d364b01a7492e81,train
4b4b3170ec8da620a61022cecfd6a2eb1e95b5ecc7e5ca2e7ea80926658134b7,train
4b54dfec0753571d607e6b4267d315117315e32ddfc4995b20bcca0f5a7544c9,train
4b5909324b9483ffbaff02f7f2cf4af311c059bc12ba06532d562f0981102cea,train
4b5ae89d954873a405b724faff82fa776409ec7b9902873e5962ef9d5e4fe954,train
4b5d2f4c92c176d4e26099dda6198c5bb405a0e28a0eafe065331acb90af96a5,train
4b6d7466b3c7aef56b1613870fa2747f8bb4d2d65e1730a475876ba6b9775a40,test
4b6e2dd6f5f9ae5b8e6a99889423ff65d87a5269a14711cea8329b2437f3fcf8,train
4b70e4d3e3994ec6517e9ad763cc85790547938f7498847200e12f3a9f6564f5,train
4b71e79c1d45f1590ed8a92f84c4c0d98dbec8eca37e5a60bd691e4b61fa898c,train
4b74791eba68bb422744bcc29e547ff128adc4fe7f6da3a38cf0cc717d4902af,train
4b7e87d8cc0feb2e9e318d769a3a8e1e4afe0185446d649b5315b317f9f33b5f,train
4b808c4590df9a31c426e81fc46c65e9869a46a6759ec484d02bdc6a960da93b,test
4b83f50460ad7f13c4b4b9ad6dd7797b0609db61c1e711c645eb6e1a69b6fe5b,test
4b8e3b5fd493715bc9d1e1d4e211267543743c6ff76ed0810b0c6493010b462b,train
4b938218d3cb23048c5b0378eeab639018e61f6de526656aaf9f00df3ee30655,train
4b9449e1a1d8d808eb4a007fd3091d3a6ea4f65bdb0ea1785e247240069207a5,test
4b961f27d291951e9651d3b5183bfc575e50f943c662f6ae6cbbf073053c84fa,train
4b99cce1088d60aa13533e64060c54564941565d2a431917e606fe5e44a28100,val
4b9a381a6d3dc8ca187ba3e63677dfdc044191cfae50aa78dee1456348dd7902,train
4b9dde70d3f6c6d52dec1b4bf21aa3050a492a2049106a205b3dd4b4142a2a5f,train
4b9e671512171654616049add45bd6f3844f14b385cd625750d540afc90bd0e8,train
4ba005ac2c88248b0dc8f278b96358d94f563bde9e6645f52cd14d7dd94e54ca,train
4ba2545e680b25d5ee8a9dd03f0aa78409b46bbe6e4b82e1f930f54e1cd051b6,train
4baeeb18919ff6af53cbe1f682d3453efc04d56a4279c46fc80039fb4d2bfc31,test
4bb0d91542b49979aa7cef03407c28a6cdf30ad57f983ce0c8c037eced2d2ca2,train
4bb1bd99f740c026671ee96c1b97669dc6bc6e3497a6b6884444f08afddb6e5b,train
4bba1f98d1d23077bbba6703832ae6577fb10fcdaf9e6534c26b67c8c17f9f79,test
4bbbc411bbb61db6140946602ef2f4afba400e10a7af8d7c49b262bd22bf6ae8,train
4bbe64bb9bb9e5dda41a243a863ed565ff1146d3c47ee693d43ba3ba69f1602e,test
4bbeab09d56c43a1802632eaf669c04b0a470efd0291cb7884f944e565762cc6,train
4bbf2d6e8eab1b93ea433d47072c8c2354c087c353b9441de93c7311124a478f,train
4bcb01a1878bb073b843edb70c2b18f03b2614fc38c18e58cae60313026297c3,train
4bcd78e0d35a752d3c3765f4eecf14cd593e00f06a1afe0d70a49bbf5360cef7,test
4bce1369728109ba8adf55e5e64c31ca4a9664cb999683a32d08c2205f1640da,train
4bcfd70251ba0b88924c45fd7c517c711170d42697a52c0b45e38e85dd5f6399,train
4bdaa8deed1faf05843336a679627f55b1a77733e3b718e8259c46313141e4fb,test
4bdd116517eab7fec2cf5a6df4fc93b5b96462c0740a41adb6e4435c1d8d3510,train
4be60701359e062f480456d7b5ade7d9f6bc0b980341af042ad50526b516b140,train
4be8df0ca35ef83c53751be442d680926ea8620a47203674142669935cc6e99b,train
4bec3e05fb4e52b697923c6e0edcd18e3e370bd44a0b3cddb314cc095253f46c,test
4bf0e72143be8291da3480ddb75beafa6eb3d64bc213f60f3f4523b931aeab0d,train
4bf6dc47fc7d34afd0200683d9c2081a428070be44c54b1eab71d43ee3fdbae8,test
4bf923c62a02aa1644bfcf538b100dd14422a9c27a206d7afd531f6fab2074a3,train
4bfbf7ae40ad45bf151924e9549df57ab797fa07162fff0eb11ced392eff2809,train
4bfd0d8c2c2fda7486bebe12c841feff82c6ceb88ba5cb65ffa1e95f3cf342f1,train
4c0add308a08bbf20143c7891f79d54d4383e6c1cd7ed4288ce5cbcf55377ff7,val
4c0e9ba27bc575ff52db60615b31f61821bdaa577eb4357000393ca93ac36e4d,train
4c1336348d5db05ba29884453338a42f8a5cbd916794206d6c8d2f24f84efde2,train
4c18b6fe17e2b63bf10444db2ffb713102c241df4dd1c122f3b45b6996c73bb1,train
4c23017c967623d80211cf06bc09c705b81d10058d604003a97fc73974f787d3,train
4c2662f00551e01e812ec628125928ed646c873da797f7ecd4724af615a08e12,test
4c2e6589db24f5f2a03d3d744395ac080877d0c8bf53d612c8981a6f9f329ba5,test
4c31ed3bcbf85fa4269a5769f69ef740ea6510beb4ba1985e3b9c97a4d3f1140,train
4c39de385e26dd3d70b1324665af2194cab424a94b7f14d6158ca7d4f16da1fd,test
4c4280956a2f565d5b9bdf2544f12966b20b827593291d8c1d50cd540d0735cf,train
4c4b28e8ede93b301abf3d4d853911e85e798e46db70bbc9fbdb95c0d190e8a9,train
4c4d4073e14fac14ecdeed75064d01d6cdf3ccad463ebddda1151b4a04b55923,test
4c4d6f71a1260e90000c07bdda1bf98897f258d33bcca350ca7a84d1f83a52f9,test
4c4d828b35f695448697a168fd3b1bb6e617205b9eefb4af90395516e7d4c061,train
4c5008aa60dff597c4a980c54f2658f502aa18b65ea70cd5cf1cb2d27cb4c8ed,train
4c50abfbed7e6b4a79ab9ab4dc76ee467cf93bba1ac4dff60e5205b366619318,train
4c57b585b0399c02013668eafaec6060160efd2e8cd61d21e1fa9cbceb9a75fe,val
4c5c85d32a0a1dc91bdc03dc28a00dafac9e95a0dbd283baf71af1e5a24a29c0,train
4c611040bd73a621403d34fb576bf80502ff2172ac094719d44f38009a665270,train
4c61bf404912025d2295d0ff8b8905ce003fb764b09f64f60f1a75716d988589,train
4c620dcab038bed6203da7072c8dbea3de350b58e810992fbfb6fb51e7317ed3,train
4c6bf66fe6fefb76b2451436b15fae2d6f5b3cda118c761fd9d0a89acf258655,train
4c6caef147529503e5bcf045becb875782626419697aef3fd8ca8f23adf7a9f6,train
4c7194388b6629d1f060e0c84ff0bf6a0fb670e3bfc3442d443c8f38ed14c228,train
4c72d4d6bea507d45c0ca4849e6c31d2cdb5c3a5021ce6ebb5b36488eae08481,train
4c78ff2ffbfa9c36165810c7668637ff5bcd776cbacf6e443b80443794b5eb19,test
4c7cb2b9379236a9da8ce34779ebe3cff3c1892a92c1e7240338be6eef6f6002,train
4c7d7f1a1c3dd4dc152e7cf54fb23916c2c86c3f89d6321f5643bb2cb2498b65,train
4c7d995c6e5eb91ea24e0aef5ba5cfe23432cf25305eeb62dd9b0bb7a3c68ded,train
4c7fdd601ce4e545f3a2b5d9f37155e163b715df406b979a6f52415a6865092a,train
4c89a35ec86a03df5d61c3122be80a88e04940577b83afdfb0b762cf79b3d044,val
4c8db53d6c31674ff412b9959f0fd7f515b3cecff9b6c307355b341233daef29,test
4c8de7d450e04e917575adbbdad545f3cc1c93550b64b5651f13109011175078,train
4c91d73754d8a20e9d79847bc4c7cdee249f4c432dca96a0ae0c5198972c7ef3,test
4c92985aa0e279df67244d9b3d761f13355db60496f2e8a324745c7bc6f87903,train
4c9b4391ccc17f9b8737d17925a4ecfda8a844bed454ed3252a3e1a3529d63eb,train
4c9f60819b2254d6e659132bddb3cb1fe6cc1e7b315a0d0278528b47da294574,train
4c9f9ae37541ee028424cf560767c7314ee4428dc98496978eddd9cd84f251a2,train
4ca38edba81485a8ee294d384ac5fcd141400818f590ca1849c86b7c6838b52c,train
4caabbea53d3b3412814c26d3c24617710e6bdda9906e2c3b652534b92d2ba73,train
4caadea5065c57ef9ca5480438007a2e0263ba3e7d204743aab8ba48098ec8a8,train
4cac64b11888355c1186a440a40f4e832135fa74c67f949b20c8ab184ba8abb8,train
4caf510ac5f7efacefce5a054138c8af185c900fa65b118fd3704f7e5b287459,train
4cb8950ce52ed5ebccb769345176b164d1bf7b1600311d003f9229d88b1880fc,train
4cb97b693aee63588e1d15957ff73531695f78d56d40ab31084687ec4c4894bc,train
4cbe39c2ea086be66deeb8f6a8b428da2451f5d1856d6ac32209b46dacb52570,train
4cc0cb72f56552165fc8f9cd169cc3f264f122a56f639b9042a7a0e3996ada84,train
4cc0ce23f54b975bfcc512d3402598b85ec6652b1ea492bc0b47d0ebce091948,test
4cc6c87dda182d194fc62b349b2baf984d3fb1544f97b4d097f8cbc6d98e9ad0,train
4cc927b00b23a60c50c9ced84ec66aeb440cbad4176b4baa8b12735288a99429,train
4ccdc30178159329fa776eea00d455256fe319d355c269571b0bff427318076d,train
4cd64c34f576d9eb4dba1bd378546c1b3c5ae17a069777afc1c58777757746ae,train
4ce6f58a5a8ab492b4aad7a53180245d42642129eff6de512e767108f04ca5bb,test
4ce8637dfd5d40abb9469da468dbab5fc0fac2cd32d83b88e271a80c8bf87b49,test
4cedc8fe37f4480adc84c6b36c313a770823babf435512886d9d4f4f9c3c7226,train
4cfb67cfe03f78b837bbc848fc62b508ad4767760a2704c31e150fd22932a21c,train
4d00155bc7030ff384464e769580d0b43c5ad71ae2da0ba030741b080f448913,test
4d00fca43dcc3dbd105beb94d083a434107622c11d6317549cb9cbf9fbd0e02f,train
4d12638416002e024c7af17f11b6811ed0fcd57139462e029668d6ceabd6a825,train
4d18ef7a339608d4ad75f615819d18970e80067e28065d6485a51dd4c2fbbb72,train
4d229d503cfaa4159ae970c930bd66181e45d283601227b38295b532f8eaa741,train
4d34a85bfa2df219a3f6aced6a2eed7894e42aa4f620a2115b4c5bf7e50a59c0,test
4d35b3b42c3255cad9edd11e0665d91dae358a70f75b08941c1b55f01c8021ed,train
4d371fc17a46b7f1689513c67e6286fa7fd3b23cd5eeb70affc27ea9ccad2a87,val
4d3905bc302e9de721f611c01e18cca87b375d87516fd1a38f0e6e06cfdeb8a6,train
4d3a95bde0f50c0f8b775564775d73e71297ca3e319150dbfc8eae0dfff4608d,train
4d482186daf630253c19b08814e68f923a2064712cb50547629b76ded9c1a1e2,train
4d48e0b7803631c241f965b676064ec903f16e4e15c6d3961ba7e3352e2d825c,train
4d4e229a0e80f3fca09d826d8f50a4ec2ac89dc26e1366315e39db66522849aa,train
4d5540d289218f0c24fbc812bc631d4adb086e3fb93bc0fafe82e5c0e19b786e,test
4d5f57f399eeb08ba74df9e40a75e58fc37c70b8235df21156f3b4a67cd223a1,train
4d642c5dfd3a9010f61c612ac27f501dda6d78ddfea07fc2e129f71280efefe6,train
4d683728775e3c898d08d0711203908f3c5788c2f64e6164caf09168bbeeeece,train
4d6841ab8076cf2c7d433240390ccdf8b2216829eee3d250f1319cd88c95af01,test
4d6b721fd548cec95e8c6b2a0b81b4947ff2c3865cde334d127a567401bccdee,test
4d6de455b31222274a86de591a8eed8c7abe8d478d3f0fc7b81a0705b50c5f16,train
4d844e4f2207ed8aa8580ea7b5eb153a4dbcf3b2652fb760f939be8f7e114f05,test
4d888eb93d9efb6fb7cf1e84643a1e9df122eb589c85c764de5035ff66c05031,train
4d891d8b2c857791063113ed75f6d21310f6cc33f38608fa44ad83442aeb0628,train
4d90a25e3266e33c9b800ef38b273a36c6726ecf42e7b80e604a8fd84cd64cd8,train
4d91e14940f79508a4dbdfe9aab4f0c22c446ed8e15dc952420f78778a06adf7,train
4d98cdd4ebe9ec854d165e27c7d354fee131325e7d62533aecb2a993ff4ea314,train
4da4de4fa4a2ab546177aecc55043471e7cbee14e2e0a1f7ccef48836862076b,train
4daeae03de6ecf9bf8b0089fc6d067d1ff35633f8e3aae0051f77fe111dc9a71,train
4db21b31ba6caabc5256ca5f05be2b5eff5d0466ba35ee902b3507f3be6afa13,train
4db3c7aac15d9d83c78024fe4b10b4bd2499405a37c3b30e5190e3695b1f29f8,train
4db688094ed347c52d3c28f24a8f195a5309eaef880978633d420589d9adea67,train
4db8f03cc24d0ea79f5b78d256b40d80c7abbc5e2989a1ba2235f73c839dc36b,train
4dbb92fe5db544ec575dc082b83e9e4a1d1d250fe246831c47e48e9b71115a57,train
4dc780924479c4a0c362371de708b4085caf492ea6e40bc6132afeb06365387d,test
4dc9f30c05e0799d25bf4395391697878fd9c30bcb36ef85450bf5b51e4bf39f,train
4dd8857ba7e3b7c442f11bbc846ff1722d056ffa1ec880b97c297aca0c5dafab,train
4de30be52cb49db0622c40bbfe5244f57ad06d3a7ded80cc18cb4e76132b0a08,train
4de863868071074403ef7dfbdff3bc323a4fe1a7d3c2d8945757cde1cc820903,test
4de96c01e94801b5f6ca7ab6b491db4ffffea1fe07ec33537bfb641a197a8b24,test
4de99550ca0f2dc4a86c6ffea0a3ae0f4f83aaa935e2025ecfa243064b11a5b8,train
4decab0323725b2c5b61a2266cafb398d790bdc8c8bf6b927a65cd7af97bd556,train
4dfd19995ed7f9a269978a7ae1d98abc0423baa10254ee74673b2214d3cb67b5,train
4e0088c772974dba3b3ae41d6d8656de41a956818bb8741355dc2598ba01d148,train
4e00f570772222aef5f64e017a2513c02e9112defece784cbd3e54db270058f6,train
4e175095aa1a63e1b982cc8b48ec06bed3a738a409583bee18d78eb2494b7be2,test
4e18713822f885995ad6405db18304ba0e97fb381ca3e838f842f2e65de67b5a,val
4e19d46292bf2e0a658bd137b1bef13ef61ce777c95002cffcc1f82b60593c42,test
4e21873084b61f5475e4b6da8f7002ee668df026adeb8ae1d97e628f81df83ef,train
4e27c71754bf5981d33d60cf181df4fc457a34a620b037a7037cc1f43fdd8eda,train
4e340b3a2b0f4dc1a1195136f522b89005bd4a06a7228c653a21665b1b386922,test
4e391657eec38c9783e8b793e8d2da73a38cc35cc30b7ae212030f4634307f06,train
4e3a425c385c44c84f8aedc4973d32add5a0e4b94f1324f65abb33f15e66e566,train
4e55daaa2b94246dea1666807134555053af9d58c9df8c28e0a42f51c07a83f4,train
4e58e0949a2db1f8982aeead0c41cf5c385fded110f67738758a8d227430d9ab,test
4e592c7551c86d7de89f329ab38d3f6f9beaf6a0af7420063cda07fe62f71ce8,train
4e612e5c3e8f97970454c7185baebc4ec22399179a86f9744a4be215f118b2b5,train
4e632fe070e5927e0d897378ef9f6bccf4d7061bf27679cef8db165fb3ca647b,test
4e638b1b93bbc5af8a1cc42bcf2eb013dcf6a9a530b9179cf3948b99a06b23ac,test
4e71eb8f522a8e3b5641a857dc29dfabeafe8f19916dfc5a3ad2a947f86acf58,val
4e74bb64e559c3e2c8f4eaa1c0677e4a3b3afdd5b6fdff08016a84cd34fb0a4b,test
4e779f66c5d7c0f0fd3db3cf508792bc996a4c29f5c12064fcae461d705b484d,train
4e7bc6dc3f02045ae2027a82bb793e4d2628cac1fd9c8e3cedf456997823d92b,train
4e7dbe4b192a7f15d3b32db73eea2d23cb2d006b16ba5870fa5cb1fe20c9967d,train
4e7e2dec52991bfa61cbf3f34a91ea23e1093420f8740d3f8dd8e5d32dba8b92,train
4e960f4f7e58111eaeb237f009bdf83904b37ba96281d22784a5d660c01df7dd,train
4e9c8bbe1a566599f6f3ae34119b62b38e286c05f356d21caa6533ea01c28202,train
4e9e64a9d8e15f77812fe0bddb11ec5d86197211405219bfd10569bc01135d5f,val
4ea855040a7d3293bb18ac6db710bdcb20d3d165f1bac221ef94e8e67b789a7a,train
4eaf0a585acbd34eca5b4791ca15bccd33c21eb548d80d49d7e7dc8e4ba8b73b,train
4eb0526d3efc7807e9256141771dfcca3d9bebaade0aaa5482aac0c92c26abb4,train
4eb2e3a5de7512967f6ec6357222456e9073eab4db840db580039d4cf935dcb2,val
4eb4d3bb490c29cdadf6a430c977807f7effbc2fc1cfc9c08d638e2fd9eeb7e4,test
4ebb666a04d2a0974982179b7bd0a983f977bdbd9772a98403edefd82f22f46f,train
4ebb7877bddfe4d0d1c9e7c5bbf9030e6dd30bb4ca6a6c4e6124de63dfe846a3,val
4ec5da22e345d34a66454db2381f9a54c459fb690ab7b82364da729038fa0bba,test
4ecfdd0b2a4fda3873ac1bdf29432ca613f26b72d4e245582c88d0d061a221a3,val
4ed50a84aed592799b23052bd1588ab778059c545d75ffead63fa89502d95630,train
4ed6be15ae9f5b0a07a8a557b6de3531cd7c1a91581d3df11cf22dc78b84e8f6,val
4ee916c103fbea198bd46c88275f1fd110990c351da62a6a4b9aa5978cfddb91,train
4ef3ca0c26634b56a0e8e842828c3efddb5def94673c2cf02484027369069928,test
4ef69a6a5aa4cac274b4688c57bb7b4929b89e659f842879c080267a42e6c958,train
4ef7c0aead25eeb7aefa24f511bac9b4b71d5aeef6f3de599fdf5dad92514e36,test
4ef8bf66bde65c944579cde73ab43bef21d87b6bfd05372eb3e74db507b8dd7f,train
4efa8e1e733d89bcc186e9931da2d07b659b1bb20b91df297f9acdcb331bd195,train
4f0bc24d8714d73cbee5067e0a1444a7c5c0ee2ef7673b1c695f23426abc8e82,train
4f0cb4e6a0681f0f402bb6066136fb7d618434e6f86b6cfa832ad2271d35e10d,train
4f1159b22696f1b62e8d1d8f61fd7ccfeaeef15c717a9db2f4c52b1c36454b3d,train
4f12a3c371b6d241475d963a63847649c22818bf97f82908eb118e59a6404975,train
4f178df5f9ec87a152d63d836f4f2b3f594aec71bd079381515ef133cdc270c2,train
4f24a357dd456793184c4d81e8d3d35466e2fe5ec4554fe407cbe61ad53bd09d,train
4f25733ae7294b9a688ff379668500e32e113603fa96a97d2304c1bd01c45849,train
4f2d911b2da88c743610f08304f8e464c0a3bcc6bef0ba1eb4a8d4730178b028,train
4f2eaf5582649134574a357c36f230a461a29c4a2e72c46c871c3c3f92453ec9,train
4f2facadb0262d9a06934f690b7d345e5b74fe8f0048e1a409762822384287c8,test
4f336574d39a93a4bfb831b8f79896a8cc8b1cc163f17f33735f37580a23129b,test
4f3675074ff7e50b50e50c48c4286c78575cf1f22658be2bae7e82f1fa92e62b,train
4f3c76ffec8c2778ec9d9efcafd917f9ed997d47ac4b2848f4867a5e3ab447dc,test
4f41137c99d0a677cb7cd2d54d6841128bce99fb63da0fdefa673af94fc91fc0,test
4f488d40ad582a2ee012a52f0ebf0fe826808ceb449c8b3a0a528ca1d0a68edc,train
4f4910ea67f4f80ddd2bb2b63a9aafe710272957d51d2eb36e15cb8c9fbc72ca,val
4f4c95da28dbd74f3ccfb9964412e933f40f183d62d710611b265bc576259634,train
4f4d857276dd5b01cb222200dd9e05e9ebb5d1cf25c49fd1cddc24766121d7a3,test
4f50b8dee46dba53e85517c47ddda3bc6776935dcfc1aa6168e445ec27109390,val
4f544d38e73e0a502c618ff401d1d330ee0f07d705a2db59a355f97936d26243,train
4f565a9daec53f997dfea81fb0d1e850c0b3648cd0f6036ffaaf48b50df1e773,test
4f5bc7fdaed2eda9fd6fc651e4d5156910bec47cac4a8590efe46231ad43b907,train
4f5bd6ec85cf67fd25ae4360c7d30c56e7520bd631dbb9c651ec31ea66853a50,test
4f5d74647a388fbc2a6256a8734ec93a5ae63fd1af8760c19405450e8e183214,test
4f6228761c015604b55be796cd085b3f49b397c2ec0d436a4c04bf0cdfa02216,train
4f66741a9d5bcaca1908af78417f24e6e3fcd3aaeaa572c27675efaf34cee7ee,train
4f66a66608fd4dae14be9e14d3669e818a5b15a9ce0a1a3390ca8d8d4af25ccb,train
4f698ca15ab2f6c06db2ed3e8ea21ce43cac86ca558477f9be5704c03d399ddf,train
4f6c4bc02c284915cb3e4fd0ebc9c7162e4ff9449f75e7f5ab0d405f9d4c48aa,train
4f6dbbccc8bee05b25ca04add3fd0340567c0a2bd4cee5d43b80a699d48fe11b,train
4f70ea1260390bd2fdac42b8a09bb4427dfff67abd064434a2cd3474c081ae93,train
4f7a3e2d3f90c2b1d2d70f750e0daf9589efc12ca7dc0fb8b7d273e651e9dbb2,val
4f818ec54a0c0f3fd5252a51fe1da6c4b1f168682c07141e31dc3bc5914446d8,train
4f8429e6cc94e372f76d91936d37f95558d83d53728f8a00b0f90c00b0223f06,val
4f8ebe6ed2c661a752c548c8da287401e3661de9668d232a135555df8661daca,train
4f9555a2bb2fe3dba1ca67cb6c0d4a7f0f2b15701700aae73fafab061e0756b9,test
4f9675be4216d83f89ba8832b2dd202bc23853ab871628023753c5a5dc83d2ce,train
4f9e7e99f28773f051707e07ad030814f036dc0847cf91cf6f18fbb608673815,test
4f9e8e548afc52cfec6df77bdaaad33abe72f9d14920b1793e5dd2e489ae72b2,train
4fa1daadcbe3d53d2cb3cf7c9585c8e1b01309e30f30f12da00697c9ef9a4ca8,train
4fa543e815b127dc371b27dd1980ddcd78a131b0b03b8507c02faa2e9d2db464,test
4fa9e72bdf50e8deec90befde77f7bd00f63e8f990d8b39a1dcbf0c1776734cf,val
4faaf93cf074e34c1185b0bbf14b8f733cd2cc50d1b7b44612353fd994e7803c,train
4fb4c9c0c56cdfb551fbe503cfe36361a830926f9e86c120ca76cbe7b3909c70,val
4fc55c0d9f63e61c7f98a87cb779cb05e7b453e4fb4ae8a5327245d7369afd99,train
4fc79dcfd3173a15653fe4613b3e162cc041689b8b19bfb235bd26e189f076ce,train
4fc89a471d39b853e531c9ca9f24f0eec4eada35c3107adca2892e642530c66a,train
4fcae27f280e0ddaf2ff206bc6ac3b416a462f36060bd0f69df183f87e6687d8,train
4fcf5c5d23208bbc685c6789b170b77b7158a995facea1ccfdb04ca1b86415c1,train
4fd57aeaace68f744642bdd1de4126eef9b5600aa7b40a2b7fb0857b2b5f89d7,test
4fddf18fc7f63f964f6929013c63a9d0547df52ad7285ea4d03578fdd61a2726,val
4fde8df62a4ca44892cc79a4afe19eea2a187205a169339ad896b9480761ffa8,train
4fdea3a17baca0ba01205363facda7cbd4a3359a4dbb816302feaafea4b95286,train
4fe05fde3cec7132b4afea6fd7ec1c8517cecb9565a72b4323a9efd07dd173d1,val
4fe797162ba0ea30c45722784ad46c109279179ad660ddbbdcc2e45e6a02e124,test
4fefbeefc50c45c48ebd037e4db7dd41fefef280008261276a37759018adc09c,val
4ff426768d75cd6a6cf0d3a9dc293e61fa08a1fab34baa88c85ef9b57c041429,train
5002a1c6fa54680414f513c5918b139b11de7f4e49ebb9316df902da9da0665d,train
5002a7408d83415122c2606f8d200aba32f795b36f47f4f6c8cce8d3ffaa6155,train
5007a72c7738a25c4c24fb5c6a0a930a0ec7cdd5deb7eae11386ce197100a42f,train
500d54de2e93f41fc6cb5346ac6a328e93e187a1966a440c9ea3a454e8a6fd1a,train
500e7b00d2b40b97761b614e9e1c527b911e59084fccf08d28bbcd4c2ce66734,test
500f3f310314fea32c3e6fd8fd4e710d64b347446c03f71852f062d1ae820f3d,train
5011977a9bcb0fb47dcdc1d18b16daf6eb14dbe8cc4a4ccf6aa933585087d08c,train
501c0359fe1d1725e6ceb45981eff4c63443b4b11f859828b8356b5eb69c0edf,train
501dd8538d9edee78ac509b3c622906e301809a9cba6257abedb9d8a0b7a8aa8,test
501fc078f9ed7641a5323d9943beada09bbb89d45e9a720e438010b767d2f2ea,train
502526066e536a8c431de7ff440ea73cb88a3add55ab43417e38db30d784b0fb,train
502f03d22e1a7dd87017ebc99372f74d8e21e32dd8734a5f58fa3f840d64f7e2,train
5031ad24b2632d8cd2a50270fc86f63896b8a7149756a3ddd32040ff835421ea,train
50395b9a1b01e7ed271da24115983159e1859912d96f4f57f7024ed71f2c158e,test
5043f0a008bb4fa6bb998b4854f481dcd93d1b94578e83dae1d95ab9588ca91c,train
5044ee944369fef3ecbdb530b4cd1bcc01ff9180b543f8b8ac00b9d854f5684e,train
504a1cbdabae6e434abb07562794955e3731328ad783761fe49099bcd7ed4245,train
5055081dfc75b1abb6239d3513c5f355e5e5a10b287851b23851cb2e5d1d21a8,val
5058f1a204eded7ea8eed1a29f418e617d482c6761137661f77b285e6543f855,train
5064c1f0119023df20289c9f5a49838cb4f316bae4feda57622a7730aa3fd65e,test
5065bd7cc9d7ea48de829936fedbb27fb8e83cc620f4c3bb6619537149c9514d,train
5069fe7f6d12a38bbcc6b1c234ae803803cc5128f79e41b093ea574a4aa0d6fb,val
50757a979eac7e364de4b9407f97d3c0d88f25f608f035acb8c7a6a8b08197c3,val
507aab3f44aba1dc124676d35cc128201f75614620c7c69e8118d50fa58a5ebf,train
507e28cf8827026a095c7504a0efff9e0a4501cd19a6f0a4ee10ca69370c1735,train
5085a03c25c64a6d75d3a7bc8f906ad83bcf98ab3969c368e72db2f72057544c,val
508995a91e52493905b4c732262e0acfa86e448f1b27d52ea18fc95d737a36c6,train
50902bac1fc3d27cb12d52e61ae042f338585aff3e16c5fe0cdabbfcbd48d5c1,train
50960fb7c895b386dc3a4b6c26ba89d323816d4b2bc184f0734a36a9b48062fd,train
509629bed2b97c699ac9ab115bf291b9e2098fdb911e69a4b556a396c666016b,train
509997090d133bc4b8b054a5b08ccec2b79ff4c602955cf746cf20c1533e4292,test
50bf529cbf54e5d854ae13b2de48e83b2f2c055eac0db214ca5b25f339e35a51,train
50c65cc10bd042cf0658dc925fc4232496c421009543c24c8b016b687e4274fc,train
50d29a256dba0d369e137072f5adc20930fb06a6ca7adf0cf5cfb15cb9ef8f88,train
50d90b6bde626941c9a6d08c736a17e3636d30c28a4e6318f314f058929e7e91,train
50db4eb7515b332dcf64452542832f45aae57804336951c5541b224791884fb8,test
50db53760d9e6c9d30f91187d76934b35bd7955b3fda338aa8cb57a72fc2b087,train
50dc529d4f14c2b29476c75e06b2f96a270a325b09a9141be646254f597e2f10,train
50e293ed97e86d66db55a4a757234f13a39376ff6c77ba9f7073465982f78aa1,train
50f34c96f8a4e5666ff16d1dae54bc1e4c4c677931e9c7fdd8e70d461c34ba32,train
50f41a2ea5dd458e0c3cff951c8e0325903ccf47bc9f65c50e2fbab571c86644,train
50f7384644e83945c4fa4e7545650fdb4f8aa85d34fad49b462ef4caab1e9f11,test
50f8aa087daa85ec512acf4e7ea99c06b73de25be0797f7ee79ae15970a4691e,test
50f9203828956bcef4191b8ef9d46da3b8e7ed7e58dfcb1796b3036d68489605,train
50fb0f38acb25cdb7bbf7b02a98ddc82caa51c5700753c301048275939500bf1,train
51077ea81c94321bf41f2064067e3aec3abe12f1aa12b0a9a57c4d2a4fb4b5c6,train
5107cfbc04461f5c13c1c9faf179dcb0ef42f31370647b67bcf6c051114e7f56,train
5109d0bdf134534d3993339e747b529be3a95f6a3d1f6d062e00388cebe4b6c4,train
5110f8d04d187c9cf5b4c4e8b5369b6103b00dc4e98f4886d57d7a168baf937f,train
51122b2dbf07146806c418be77a56c2baed4d5ba685432da5e7a54790894d769,train
51162825cfcae5cc173c42be20e592a27a08389b8d40658fadca294d23a6b6ee,train
511e98310ea880193b001e4b128b1109fd7041617951846fb52ab6232bd12ddb,train
511f127acfea3cf26cc27e42e5a4321f5cb8479c26b89cbb4de0560032ddf7d7,val
5126b8aa0744fd405dfa17c9160e307f52135c7e0ceab3675398d6ab9c193507,train
51641122cfdf966b8594917997d5b442d5a060acdfdb9ab4c3835de17ae9f601,train
516558a9a4232d007a023906ef0f0a290aaa4f2c3aca9d58174acc1ce7f39606,train
51680518fad261f772235122dc9c227840d7d2e364981259675cecd8726f50b3,test
5176a32a7d84ee882f6adc45d03048a90caab3b7939ec1bde6acb25a27046da4,train
51771e43d782465022bc2bbf15918f455f8e95928dfb3365c1532c38b81de3ec,val
517d0ef279b618444da89ec1b00bfead1fe1e296c21774ce10605b76aff187fc,train
5181fa90ddad214a9292a41378ca56fab9aab6ce88c5d55361b9d7d35741ac90,train
51860672feb131201bb8e73d141aaf30836da18643630c738210a3db06242e74,val
5189f3e39a9e2fbf45d5924ca4ca063984b2abc6f4cce3d886ef8f92953fc884,train
5196bff8d220dbdf669f6039d3054e2a261e0a7c83274d18ddc041b1dff5cca9,train
519aa66be9589e8bd57ccba9a5293d6c8c29033237965b4ee7e7c203f5b7adf0,train
51a113db027124c69e96e7f78df4ef8d02c523850cd57c4f1868f3e445870d4a,test
51a209d413303b2d3ca79d73976e6814f27e654073a6c89fe7ddd2a868c4087a,train
51a368c22d88d1295d6f08b60287e7749c907e1d390b70930b0fccfcf0084c3e,test
51aa45303aeea60447fbea3476ce231fb255bed2333d6a65749b80ff93b0f7fe,val
51b744214736ed813f94fa3b74e67ea19edf1a57d9f055b1df3dcecf11ff8a45,train
51c474aa92fc3de01e8e098641365986a5061456c119eb0acd87bd9c07b9066e,test
51c7c5faaf89736d10e92c7a36deb20794a402cc5dddaff6fe1d1f6f024a6703,train
51cb1435fd696bb272589f62966ee11d815ce7f2b601d6eef8602f7672a981ea,train
51d487e0b01dee8bcba41c0fce088f49016c4b6a9e099de517bba6a931ec6ac0,test
51d7d166b06bc98136a5341be65c1e6745a7741c50c2ba5e6fc71445ab11c7a7,train
51da26772a5f796909175aa3b9d8fdd6b6d44214fa5ab197a7597877b1fcfba3,test
51e966bb9b0b2a9345a2a9918517b7ade10e2c07d0904793525d341c44e9cb6a,train
51f82d680b50f122152e757f44392789d81fd7f66c0542e3ca0238ef215e5af9,test
51f8aa072d5ff0ef247e4365286a13f64254236cd59c744ee3823d4490b5a67a,train
51fb1bf58034d48ae73c7a003c5db7010cfe50c3d109df2af83d3d104bc8b7f9,test
5208340136890d73b4418ba174a32c29ccf02130882d57e372c4910915cc00d1,test
520ef325d2c3e2e0cf39c1f6307187725f0ea3cbd051c71b42344a6877b6fbbe,train
52106f543eec46e7663f321b3943964bb31212f086ce3ce4264e6cafc57c9f2e,train
5210d0f50484e568313339dfceb022772f2af80b9777f00caeeb6b990b282ae1,train
52130c85fcff552adf23bcd122004c50ee16ecca8c593f0ff648b2fa20fec0c9,test
5214e78b0ff72b879c4a77eb22b4a58f4512b4a9fd0390cdb405553edbcaffbd,test
5214fa5f26140fc10c94f72c3089489abaf56cd1553c777b4fca732d62f01cab,train
521a4c68080e2ccce4a0f098f6b966b05d620096f1ad51a10d437470f3038c83,train
521bcac68556890b3110b4c071ff5bdf4275387472c7ce52cce85f5c39018c11,train
521e870cb53f5221bdfddb1159419a68cc3631792387884ea703c9718e08ca30,train
521e979dae3dfd12822c2e5cfc5466cdc47c890849004c9f1bc8a5692bee1dcf,train
521fbd288ca940cddbbf8346c5ab3e75fdf8893d21bbfb72a97906284af50323,train
5221681313a4931197143a88f821ab8a881e70c892e3d2cd64ea1399b4bc46f6,train
5224449a107f49e333b6543351e59e36b3e82677112953d13d3b450dc11fdaa1,train
5228b0493d1b25282c690adc188559352537745b1703d86845b015c64181210e,train
52323b7088173c5ed4de6aeed1ae153e1c2a01ee17d4c63402ee459e0c05cdd8,train
52372eaa9193988ffb3c044df5538f0929ebbbceb31e657cf76f19b1f7458c6f,test
523a3972cf1159fbc4c2ba2097f64af6a7ad35a353c933c2ce5ffe422d3dbc82,test
523f35301848bd2b01256cab34f25e85e22d05b69642bfb24535fa18aac65195,train
524be5471dbd2fab9ef154758225db1dc97c6e4867e03f7e4118af528a4a0977,train
5250c24a2bac692f20a394ac9b608f7d5805a3a756c86cc6ab68ef38ebee071e,test
5252d065776b4ed76f104cd66a26de4cd2b8bd6a9ced5223536df34e88a72b0c,test
525b9ccb3ca8b977365817f197e9c83697e86c337dca6926b2a1bade00278779,test
525fac70879901c31aafe4e40679083f90bc9efdc0fe7e7b35de4efe3b70bb93,test
52606395026551d3aaa2c38e76c7a2e4b36001037ac138460c97fe3d6ad43681,train
52634cb5cc68ee6539138fcfd3fb54420561aa5329a6cdee9d6a0a48435ad572,train
5273ae9bd206481f870e3663e48ea193892d1304ed37dea25b71deb5d8ef0fd5,train
5276add5e88ada92746f9e6ca47ee801cd051676e741dc99cc7fe9cdb45dc5f3,test
52796df1539d94ca30048794d1f202ca0499aaebf0de5d0e589efa9cc8ac219f,test
527c7357644b83ef3119a853fa73463b887c3eeabe1dec364b78a1046e8de957,train
527db1c4fdb91df027614e783236d7f4f454cbfaff85ea2ed8ab91a2211a82aa,val
5282d27681c995ed4387befe37168fc74e3150adbb4a1d6721da5c56efa9eb1c,val
528ca41609a8a311a9b2c0f100b48563f0ea2781b9da0f8954f7f06ed4688955,train
52934b38d7985fb8920446640f8e986f6fbafa21469d5767e603536ac4b68db8,test
5295bb83c54f59ae92891ef3026d9c5c45d8328a8d83e38183274f1a683f2b0b,train
529626466a134adf60efc860d17e92346358c7e5fe90423873d4791693ebd7c4,train
529818f4f2062b0f9d30e44bc9769a87a72c6c18b0bf368e31bb6cfd618383ef,val
529dcbd6efbd1de519637407b900635153b4ef9a3d81a5b0c48a47066918ea12,train
52a2fbe280a529153469eade312e06639c7af338ad62f721b94167fa8e8731fb,test
52ab458babf9f66d80c432dc20c6ee117f26539410aa7229615eb9389907b29f,train
52b2f87b1e66df9012c0fe2b60aaff7aee3d595d6e2156eecb3e7d4d25f728d2,test
52bd12ec3cfc6c2496a792666c4618a62bb28a075178bf774c538b18f3ddfea3,train
52bfd1e2ae7a9f03d5af9bd58d14674c6ec4946681248879d29a6aded0e7e55e,test
52c40274c242e2a4af53a95bdaccbdd06c62b2b3cce130df195e031ff18eee67,train
52ca3d0367c7f1669f4212830d8001291395dcff948185830c3a4b1394839f83,train
52cbf6268e4d6ebddb16cd192f1807c1bb42d2e0f70b6bd9cbc682877039284e,train
52e35b89e76b1af04810943221af9d9d1f45d08eb39b7cf49604ca7fe32e1cdb,test
52e4845d388d6199cc7bbd084dda078c207cb0319b64ce92da71b41841dbf334,train
52eb3c72cb0272e23c91a8261ca24d27a533df290808ec7bc57c2c9f7edf6db8,train
52ecb522353e8ae23ae45504333eeb41f8b948aef830e37e3c6dbcfc6f6c8024,val
52edd0ccb0746d26ee450f8d7173bc74fe74d5900e8890be2b910cfa26cc36eb,train
52f0ef21af0994b6b4ff2c9d0e64b42a0fc7f2b47a26b295c837bc1d72d37c1a,train
52f505b89dfe49dbd57370204fc60b50eeb66821fa0f8f350771d87f6f4f341e,train
52f94ebf8948ebd579bb45730686363eb7aace6c48ed775edb61b39395f53ff6,train
52fad13274c248f584a2c49632e6abec068a1263e94bf7a03c7e873c985ef8a7,test
52fbda6297f838578eb9469911bfeed9f0c5a1f97dfad328e3d139be5cd01d54,train
5303be3ff09e97b9293d305a53892c5b68b637fc8e1e5d2075d1c9a6583e1d22,val
5304319e91aa74e6496ff1033816b2c40f857034fcdaea2c6967cceed3ab2f50,train
53069362e803410d87fc80414bd8c7c29d380bc2d80cd9e859eaecd6ab6a28f2,train
531849cc2f2b5b30a77f265c8cc38f86378ea9ed04359d6aa4b2b3625e345e97,train
53184fcf8672b9957a666fbe0fb8b87ba1f9a98d1f80cd33fc89553b52f4f37f,train
531a1c648cb0e60928b05a8221a5a6ad529c7e2c5582e17b843cc6421a010345,train
5322d45f55c71e852b711e484fa55cbf609d624a0050c2419a992938def61192,test
5327f764933f3ec3abe5926e013391cae4c6600aba7dc95f1029f27d69ec5838,val
5327f88171bff30d4c5661489d11e5a724a269ea47d64d59d990618c0f6e0ac3,train
5329a5e6989fb63e2feef1b18d4dfd2cfd3a39c1e1ea2f35b548475923b7016f,val
532fc083581ed8dd7fe22feea53f7390cfc8f4dc2f4c2283fb3eb444fe752a31,train
5333ba41f92c738c839475c23244b2402c17a27ac66fef43295d72f13464a173,train
5336b02eeb170aaa105b5e5d92e948f0ff7706de94ea7d27af4fa2033af9b954,train
53466b4abef8666a4f11c3c96c084badb40e20b010cf0412ce65e6347f489bf6,train
534a03ee5bfaccf65f292d226333b2bc702440914d15aad6a26e9fd8045c1d93,train
534ede2c587f72698d2cc35c392ca5ff5bcf62a21486cbd0febee2176b36ea6e,train
53577b0ede73436f799644abea1b76d8fe280aeed99955f55ec0abcadbb49af3,test
535ad512022b4dd2354e4048dcfcc98ef1d0e01cb9737a72739a875bc35de7fb,val
535bac214a96398272ae545de8845d92bf555e387612064f55c19604c4348e0c,val
5367901ad191e109d2d08096d06b27fd4c8c6300af927902ae7e8029fc544946,test
536b4e4db9b350ea6f76275605583b969cac57e0cc0e9159edff70fa4f29851f,train
53768213a6d2c5db1010df310dc3f0859acf660019fb4b41ea939ef2d541838c,train
537b50d4a259d8324c6324a19610973048ba5d368a21c25488ba9cc16b274e76,test
537e102c9de45c1d7f302a4ee933455f380bcf12438c3621f7757fc850989aac,train
538048f6cb9339da064077e939e83419112f82cbfd0ee9d1c02f7610c6e0daac,train
538556a7331b2f81f75ea226ed55c6fbb25e62dfe207fa502efc177889607fb4,train
5385a4b1d536af860678c04969e49b52caa8547c43bfbdc37f73dd3f18bfb581,train
538a7fc5d79636aa036b0b8967ca9388a392f9dad0f80de32a364f88f07e1f91,val
538b652a6b46fb8c39d7e6be50da061f78411cc9bf46aa1870c151148a4696f0,train
538cec8dd48409a8ed70f6e6fd000ac55719581cb63b0e10142dfa8469d3b03f,test
5390ed400b92d94e5414c002b83f4dd91776592e3f83ac806a9439931465ca32,train
5393a28f8ae98175578c3ed052a86244c084aec5c0093d786964167512a6e76b,val
5395183e31305fe74788b1be3d94883adb7e11661f40158112122771c6da3579,train
539b7f24e01657e2f16f6c591fdba1123d4a2e246bdb9a9813482e099c1a90b6,test
539e59c7cc6a5875ef4a22f3c5417e8f6c8507de52383fe5f5387724899c88dc,train
539f661ccd95bafd238f3c6e585a0cddcd818e9dcc759a59fa11d22d726d5b0a,train
53a9aa595c1abaa2c37c5f36a0c5835f1e8c7d283a1b45c291809d4f3e406662,train
53b1f1aa910362b970c7f1e31e52fbcc4222629014ab179d4524e164ebeba88c,train
53b2bf674f9474d63447f374c3dbf1ae8dc8e710409c59a550fe110542109713,train
53b5f68f31eca504751bc86da4be05c5078010d442b5302390a259d6491df311,val
53c44bc2e6d0be08596f0913195557465a7c4480cca0c47d3efa95718c0b1735,train
53c5b804d4b85eca68634b7daaef0943bd074f94c7eb7f3342c775858c725235,train
53c9bc8e7035d0da186c9246b1c132c78a79fb107c50624c37b5721e1b61d086,train
53d3c11b5d773a30fc235b53027e3ef84f660f462e1c170beb161d05d0a4db2d,test
53da4537d31d089b93385142dd35ab64214458278a1e662d93f61bba0d2c6994,train
53dcd019c01990d23f3a7b3fc84eec9ecd9e28654a0960ea619ba7e66ba735bd,test
53e23d987703051c3cb35b01cbd7cd20654ebaf2bea4f1aa1683606b6f5d8a5b,train
53e5469fd3260abe7536079db26271225ec647de23fe298b05c5d904da43e3e8,val
53e65406cb90892669c37f3186d173eeef53ef79b1dfc59e84bb5ea2ef10bedd,train
53e65a4760d3ec2c0d2dc7b58b676432c8331dc6591c42f014bd98891a3e6541,train
53e76023d0bc94b1e898ab76ade48aecd07e8a0224cfd8149bb3e5f3c82b7dc2,test
53f5d68f24bd1419df3c41b9baf2e339de3cb3adfff7288002742111765cc070,train
53f6c0c1d3b091601e0e7631e7b42662fbf392b10a0328f3fd2c1f625c0ce8ff,train
540301d01cca33ef5bc638e30fab301299830df969cdb30212f31279ed787a7f,train
5408150b484bcf53cb887d01b58b403656f06e4f3dd43ec21528857e9fff5996,val
540abb2e0915d05fd011ecf980f4360788941aa6ee09b71b6ae2e1e556ce361a,train
541239327de81186f9c6ca4a57c1d53ca6ecf4ec826bed9036dc46553e7d9e54,train
541268eb6cc9215416680c638f70a326db0eda9272ba35a977019dc73c093da3,train
5413cde592760e23cfb9fa959d4b9611bb61205e384feff3a484bd22a0792bde,test
541aaf9959357c0a168614452352acb785ad0fcc1c30ed462108ddcf50b03db7,train
542f8d7286790ac96c17ca60ae78791427d75220ffa9d736b9242a5d884ccc06,val
5431a1a53504d2eed0998bf8ad5606a25bad35f059abd8590e428e51a0dec512,train
5435c81c41f6ea76d8b47c0922eed02d9f4a8c07ea58672de926dfc496efb8d6,train
544751d99ff36b2621086e141882870f8fd18dae4d97bce6a537a3476cbfc720,train
544909316b7a0ec3b2b30817075b9b12d8aba32f872378a77f5423c11f360993,train
544b34f8630dfd85a4385c7705d316d73285f8e1a255dd49956a7392172bc2fe,test
545577c34e3166601ced81ccf1c640b9b93d1c29e62df370b4c35a4217b63490,test
5456b515fac66d70487391696042ae03b1539e1428115bcdaa070662b88083d1,train
5462859f49b56d0c46746a3d10131040389f1fa12748e4cdbef4805edd08e4cd,train
546a04f91a15629af0a40ee6fcbd1507cc5887d35451a0066daa99d8ec814af0,test
546f86c4c6d22f99668058c09fb967e6df818978facf4deb3939f36281208eee,train
5472d47b5e02832ec9431041d0fd9b9a6adcb72f635f379ede9c16d4faea9856,test
5475fb378ef51125360bb4e2a1db51d53d0d01cba03932073a4b3c565b112a87,train
54764dc8eef01701413072b7b4288a94950499b752f2d2d8cb883afca8276797,train
5480a32b9bc8e91d63ccedc865e8b18b6e1a12f3f609604c51dccfa92a8ac1c3,train
548230d4ebacf291f3fe1761fec2b9492623f7af1fa6d2b07fde3c927568925a,test
548705a2711afb61b201fd9934d8351737a822f3eaca5d7a81bc5a0ef7ff21d2,test
54896b9688b6e97e7ee15117c4591f9d6e1a842c2a3db5f7ded50300348450b9,train
5493386349ba282013a8458eaef5e6d66c1efe27f6e0cde59b9b0ae10580c4e9,train
549acf3513d06e3bfc3eeca37b1d9298cf2bf903e963890783eda79bc875db20,train
549b47f5c417ff8c1ecd8ef50144e0f9440a7c63d89d338ab4ddc32fb11f196e,test
549ce66cf94c62aee324f34d3d521bbdbc39774b1f57b7400e337b716561162b,val
549d5318742bcc9332639a145478e111a2727ad66394009e38d77ee12d8be133,train
549f3002fd9dda9f9edf6b4bcf9c4d3cda4930d2c2a3d94a6bf9286b83373052,train
54b481788cc90044199f7449bcc5b3bca52a24f7031ac26f1b87c013aeb0d9ac,train
54be81a70a5bb390e8d5b30166922874f8f4630784581522d13577a1cd9b8022,test
54c0c373db4def582b7f02589152983a2e11861261f2d4812d9eb11b09dede9d,train
54c80f65dd10e0e152f553780960e2671c95ebb224e585bd00a105b611de6931,train
54ccc8bda01ca76bf07305e2d2eeb87579fb1897dfd909d00d505043d583d4c1,test
54d0a63826603070c28c28fe541697b79b33afc60f5188f9c08b7c4626c77c15,train
54d3ff5321f15a887e663475e12eabf896003d3ed59cf1e7008baec4a8c37be8,test
54dad4c0bda03084fdc0fba8bf023ea0323c7e9e72f525618fe2310ad1c9d630,train
54e8a92eb9704b34f388318f5b88fa8a637ddc486bc6978ba0ee450170eab771,train
54ef5261707312e27f98d97c313cce3191da4fff63f0f2208b0d13db08f6517e,test
54f39e7400a8a87498b616d67fa8c4254cb6a8beaa8263bdf0c306fd3465ca64,train
54f7d8f63b253908c3176c67808031e9fc15aae0c55033d8930465a532dfedfc,test
5504e91289d2c0739bd85a6718920b34c93ca332d05717a5599052223455e8ee,train
550b75332b23d7a321c1e987a998533fd9843d198a92d87a34ba2188e1b645db,test
550dfa0e66c6c3a163fcb354bc7ec45b310cd530103d53be970177b124096d89,test
550ebe421840a1dd91e071e527f6106412cc4633e83852a0584abede3e1932c3,train
550fc48079fc801e1a677a9190e2894dcd713c6ae108ccbdb83dfbf6fa8a7f35,train
551071b38aeb6a1ae8a252345bcdbe885dab8c1d01eb84abd4f8dc6f467b0d91,test
551810ae5eb3b6849320db2268ffb4032a9c5e450c1262e4a35b7b4900512c9f,val
552a3471dfbd4c1246a56b0f2210f44e1b15567c1340b6e4f16b78519ad0c540,train
552ebe2e6f324dd99a61cdcdf46f84dd671ade5f695af88e6335cd0c677a0faa,train
5539f2e3211b6e344208124596c2be99e248abed2e5cd43e8ef81b9771acfcb7,train
553ed5cc57ca9fe727cbd6627602d7a06dab95bca5db4f6241145e68a3dab26a,train
55436b63ee592072cd2359027b5e903b7cfa1567a2e3cc993efc2cb1198abc1b,val
554c19f51a8b838b0b664ad34bef7d00ef188735d8a8f2ee77c05280ccbe1107,train
5553a3ae43d905ada8a7b17384bf745ef68e91739f8347365da32f1c1527d4aa,train
5559f92696122ce047edfaf2858170798dda1cb131a353c53bf9bed4be038f86,train
5562c3ffefac9b7d483d32b95e09d21f63ba61f2bfa270c1f9f7d38159ff91cd,train
556ab95a42fcb8ee7c7e6c78ac80afdd1765dbaba77e025b55b5395a315596b6,test
556bbcc3351d95fac6ecb5b0c1789049a4876a0657404b0fd1c6e13cad59722b,val
556d2b91471ab55cc46fc50c7a32fcef3e6fa7954bd78dac340dfb411876348f,train
556d3d4fca5781ac55dc2c0fcfdd99a4268c398b4bd811adfde6f9ed1e8b5e50,test
5579e8220a4c07fd1ef94c9364fccdbc4192e74533ebccdac14def58e683ffd8,train
55803cf43045dbb54e0d2537c26a3a84a1d51674375b96f06525714907bc9d7f,test
5582b11b25c6f0723276aeaa97f9d4a2a845766fe0eb5eafb69c80dd7313e027,train
5592295c601db77c108774d9e89875c80fac7cc8dca3805095e8498e813ff5fc,train
5593b69f6a54f00c35f26ad3a8c6d12c3d792a90482e35cbcbfdf16fdf6e367f,train
5595a8bcc590c3882b5dd6a7714bb4a399aab97945851eb54835dbae5e973914,test
559a596c27adba91c6470657e937412dcaede220e6d47549451c7e7d20962f30,train
559fa1fdf16ded30a20425828113a452d7b198b86630bf28c54d421337b0264d,val
55a9468ad89cc387d1453feca534af211e94d57e9776f18c83a98198783d9ac3,train
55acc14a9ce5cb8bf03dead2a2f755af965d75577427349b7bc0f11059854de6,train
55ad0dc77c6e04f2fd3c2796b60fb19a17ed47008b62f2072113f34378c7b142,train
55afe05ea917e8402f1f02e314d78190f19232e0bff69d8578a3bbd7edcc3299,train
55ba6bf75e48ab9fd94fdea8ebc7bf952aadaab0aa67fee1afffe05767755312,train
55bbb0d233089653e0a9794c95fdc02870a379e1544aea4b1146ed9dbf845751,test
55bd2486e6cd334b07d7255f50524b863219bd7c5832e3b66edc78de4b89a2c8,test
55c2ca8f6e862fb456825b6df845cc286440d6ecd1ffc6ed2bfcbfdaf5c68071,val
55cd44e27c1d3d9020edf36991b5997dbda0d8da14cc48ab4293c12811aaf6e4,train
55d3d0cfe0f37f62e9a7f6ab12c87e0441292b4904897ffb9eb1295a8e9db0ce,train
55d4bbfa4913ffbf63f685a298d7aa93b4ceb90287686325aa07cee05c373f2f,train
55d9bab34a0a4d10b59d4a1db428ef969d4d1d77439ac99cd542d62cbb209821,train
55deb908ac10059626215a5b376b215bb7fd17aaa41972bc5d0d92651a980429,train
55e2153081bdbf601cb295c0378378701c4a1e077162f5620222b797c16e8c31,train
55e3ec189adc5ec09c7ae7362a61f52617eaa981ca0a1dcf48c0170f61be0430,train
55e4abbf052f76e2fe72dcaa42f230e392330a54ba3ce0fe5040f2e55a13714e,val
55fbf099d91061c313ff1814d4c133d93b785b4ceb7887e1d925c62b1f962667,train
5600aab1dc4caa8335cd99a125ecfc1fd7d39e6d4dc82cc3fb024b493813c214,train
560322646110bc1e7eb40f02fafe1b05686f8beefd64ce92fde40b84a8b5e5f1,train
560baa293cef3dd1385c806305f8bae40a7fc277c8c0353a4e63ad089e787832,test
561141a0b2352a05ea70ebb2d919687fa8e7cd3b2b665da45c8060da9dc6ee5e,train
56150355cb17f10179f89c8ffed0b5262d133634869a3fd4ad029d74d2ff04d1,train
5615cc77cd6b6aaec746a44d6432d50f98dcf01727c239107e71b1f50008f7d6,train
561c3ffc1420c9683cc21ca316f6f8afe0cd95bd994582fd158a756bdd89a869,train
561d546f9d8242799df8656fc93e88c0a9e34c1b743eb1aa71324ffba90caaad,val
56228014e27795f094233b6347876155c237440ec837c271e8b2ad23d4f77f85,train
5627260fac1f8a46adb0ed448b8e9b0171127277e7eeb7b175e3c01080cfb6c1,train
56277375bc913a704a860c74cbbf84bf5eba973bd14679f4797c0d0c360ce962,train
562810d884f29d4423d1faae0fa26a2648b49ae7c21fab05e650017b87393fa1,train
562ae381335a94ff4828a2af174acf0170a145fa0cccacee6c943dbe7c6fe502,train
562ce11fa23cbfbefafda779de30b01012a8b58774900a8842e27a330b00eac0,test
562cefd8728c6dd5893d87442b279e5653f88792da277df8552d19cbf0cd3871,train
563129b0d1fef31dd6da28b8fdd9af2a45e1f58f82c5dcb1fb01b0660ce19a56,train
56386ba01a450779c6904f085fe5d6baaca9790e29ce546baa0604af1fa9a003,train
5638f4c7d626b19a258602142e8e242ff8abcc66c16243979773afa7b35f3340,train
56418dc55d7e6818681ee70122664dfdcb0b925a02c0d6f697398a271b7a46ec,train
5647a30b5dc16acf60879bd90e74e494bfda8b4dfef3a61cdb5449222abdb654,test
56494361b591bbe9ac7964853501a4c085daea4638f0a6a6c35c8daddec34328,test
564b09f5a4978e98e051e11ffb99dad6241fe2c115f39ce5add1bd1b190748b9,train
564d5c29ad7292a6c00236ef8e177905674c6a9d77fbe622c69c4a295930770c,train
5659fd47619a8e0c4c63a9f0bad8642c4acf6f75973320e33fa058717966a0f7,train
5661b032e8aa9198f97bc4fa464b75c48a25ada6be872581e30644d84b29f9be,train
566372ce444b61bb18f978374eb11aa3d563ba0cab09ea60971e960e7d171913,train
5669c939f0f87258fbcb45bfe46880698fd6591ec45ebdc7ca6fa68af6189afe,train
566afb2a986a848bcb586b4ac1a0db8d25806cbe616c1895353056b848b3762b,train
566bcde8e28df094b086e337abc09e5aeef5bbca2988f849cd928e3101e354d9,train
567952dc8efa428d1eee35a7137e7c0301c3f35be2cb298f59692a989d79dbf4,val
567fe483ffbbaf98f62e282a9d211bf22d30d6e13ec9b3e98da659442ab4ddac,test
56841681430474c0801bcf4f3cd01445058fc859119b9d064ba64cacd10c7c33,test
568ba184ffa27304b873101c504fda9d49b64828ad9d85a25f8245fda9ffeb0d,val
568f0956a2d666532a98852217f000cded4a0204513c38b80f9421cf3dc74805,train
568fb67bddb7c313fc2fe5a30e13e17f4d72088cb640b2266c700fdf779fda84,test
56903b3e8dcacac8f7c4fc5c453ef34ea66c7154640c988834334ccfb1d41dce,test
56940c14bba5fe4203c1378312f4157ed54a5b3cc3698689c87c95b89b6498eb,train
56966111e1fd9b8465b91c66b24dbb296728bc8e843500fd81b9a8acb03337f3,train
569736d3beba863654501bbe9d8ace714f11443094edc4cc26096c2fd8d89eff,test
56a344cdc255660718dc196e12ac43c3161cef09071f8ea8c9220caf8b0b301e,train
56adf8e521af9dd9881d7b6b9742f19958e81239d14493eb1e674aeae3276469,train
56b5ad4d289b492a94aa6950c8b765476ff36eab185a7baa14218c12bee5ceb3,test
56b97b0abfab41c705758a33e4ca99cdce58a6f57bba6025b3b4448bb73d349f,train
56bc22fe69e9d6612c4a739c24ec494543d3dd37456da06b37487fcacb29d1f9,val
56bf4b4a270d7781c1f0a0b02f4f98078f3af3f012272fa031096f18b84cb9ea,test
56c465de89b6f8ad792c6538b36e1bacfbd1c9c9d1568840fa140ad28f942d84,train
56c6ae9f3aef3e3073a712a51cfea8e3311bda355aec415302684cd9b58180e1,train
56c8b0848883d25841ef2a4239aa6266db183ae56aef2cfe048167d629935bfb,train
56cbcc0825115c1a0bc8c65eaa7eea8015902f7c1e8ba47de15018ade3d01f3b,train
56ccb7c080f7571975dbb9eafed06bd722b13aebed4eba3a1fb7b7da9cfae806,train
56e268b95bdb9305a86a1b9addc5d2e890bc67b2232a516a664bde79a34db5d0,val
56e90a2c21866d1a7ac96fb98fa9625757ff3f466870604ab2e65ffaf25c31ac,test
56f9d0eee6f95ca6ca361ea4a4c57e6c96cc2a6666f34e54fa02f272d36eb807,train
56fd645b32daef9a32feb7aaebe056b28e3987ab48435a4a0eb5a9a9b323f6eb,test
56ffeb89489a145231f3626782e9c95bdb4bf9d2f994e105253f4b9c7e4fb178,train
57150f09e6481d0fa4b6ebac718846668769deffa333ad9bcdd4c339905b977f,train
571a9924bafa870149eb9f8a8610662ac3a0607b6ce4cd1695d52d4dfeb97c44,train
571fcc531e49502a3132eab1d6eb46231c019cd91953bcfdd0bd743f48e0dc81,test
5723a815e761288aa223c8e5b5eedb459b5d3c2164477f2f99bb5bb8c53ff9d8,train
572b5719304b489cf5cd4b1ce697de38534f43cee20914b370e21e7404d0d22c,train
572ca1bdc51b83e27133d708fe5158bd10b2d68adb95704e6766061ffd03b6a7,val
572cca630cf5c61f631395755690b3e401d53d468b7c0b2308f083497e5a53ad,train
572d65f9b143a215e492580da0179dbbd9bc7a5899e86aa645f88085460ba06d,train
572da957d80b81fbecbd47b98c03c495ce74a08be321067c3fcbee74cc17ce93,train
5731122d74275b33f3c18e4fc1ad6ff58e002469c3c9373283bcddfb7befafb5,test
57332afc4c6979c35a8a078e7f2a52f88bcfbeaae4449edc9312cc7ab72fe191,train
5736d4d30dccbab4826aac4061a6f6cfe182a21411a30006a29467c926a310e9,train
573798bbff8a644b39a2f393d9a1ee9fc8eb44d476a28e952b3e39d89e0592f0,train
573b27134e3091174cdee34a4c887809480d1b7205065630e3ebb9fd40dc2bd4,train
573c4d5a1301cec4ad07201d9e5ab1d4849455b222b6ac33481ddc26c3969068,test
573eae79dd780de3d2578f5027a81b2b3cb9df14b13121670d4223d5fde5d199,train
5758813b0dcae86e0942309aea7efbe824dc596bb0ec4e2c5e328623c4abbbec,train
575adb7cb5be1477efd1414e384a12517a525493289dd2d418f7096ad3511718,train
57717f75ccf6ad3ecf010c3d45d66e68a08d9b6daf00aaf010cbe47e05eb9868,train
577d60739f7cdb11c3fa7a2a9e51b8bbb48345d4385be87013fe9bc36867c532,test
578745a626c8e9e6c2465c7c5445642ad73ef56124d76c09b80a5d1db174874b,train
578b937400ea682829132098988c1c5dae8a63b263747690f51df7518fefdb91,train
5798f50e18b6889d5f3e9108716b3d21d21383a0516cc13eea9bcc3853457b15,train
579c732a5355f904d2c6172284235216de8820be9e58fb9223b63e9117ec2f10,test
57af930eed6abb83219a66593b39346fc6cded29640241e88727b18627a38098,train
57b1ddd84a86157ee7c60a8fcfed188f194a2413af29d3df94c4b2cd3ff80052,train
57b21d0f239b7075169ae614ec6cb31e5a317e4caf2c1f01227ce2029fc188a6,train
57bb67d6bd08607d41c437fbe83dc0dbd582f977aef37fe40bf719fd04f99591,train
57bc8bb19e593ac474fcf22380c68bebb20a8f4405a26f44818b987017a8eacd,train
57bd432f806f30e9119220542eeb3c2e72cfb32c5d32ebc6ded577827860f046,test
57bed34e074957e23dd8c9e19cbee9db834ec82f3cfd53ca40dfb3c42cafa7da,test
57ca575066c9a88927ecc1b40bab5d200c65503c02f033a5b73613c2f5b46e87,val
57cfa1ce129a933f0e98a98cdaf9ee1274e2ae8976437f6341bb34ebecf127da,train
57d017ea5cf778c11b98ee76e58b83c8bb3bbdeba83e50da17537ee0dfa5186f,train
57d2cfc22d88fa223473e73e6650f7f55f58893e4da3ecb08a0f4567e82d6692,test
57d48cec6310fdb8155a73862aee7c69e732d4b844d4a9e02467941821057915,train
57e57b09472530f5b05e00466e3a8e3cb45c9ba852e3a931eab3fdb2083ac0d1,train
57e610caa6e2423bc9dc28d317f82b7fa1a7bcf5854c6e1407107025cecde374,test
57e794ef6ccaf9170bc6cf7da311e7924b8353e22540e425d628d0a667b90707,train
57efdbddecbb64bf4a462b77ba4e0da0934854b609f932f8a9b3f3dce7468cb2,test
57f3e570fab18f4fcf801aec079d157c32c5dec37ab7875d1cff58982fb7180e,train
5800c8df214e906c12c876b4677fc2573460ba3ea4b1678156754815adea684b,train
580349c48683122bc34e64c2be91a6a22d1bed54f32fd4ea509df7c51196be1c,test
58056cb6b890ad14555f4be5533290ba60f30fb3a0951b806dbae8133996870c,val
58062ca9da5de8cbf87d756d74f648ac722f48b53f83c1a95fc2a95d13b2d35e,train
580d11653fc2d7e560705583e82bf6c5c3454b293c4911cee70b826f76fe4e16,train
5810a9859b1572c45478e702c95acb107b7e1bba4441e185177368048569cf90,test
581c08dea3e3f3e73acb398d929dba6798a13bc90a30d6269a16576bcfb49bac,train
581cdbe40a9bed4ae77ec330cb303b427f8aa66c3de70f6c51ac355cb7ab0526,train
5829c72f5b1f2b9e7446d8c7e5d4f61e85ace8e359cde15d9e3e462cbc49324c,train
582ba19e559e667006d89db10561afce4555d562260f3a3b7b3706f2e3e54dad,test
582e72c2659fa87ea56d6f8b3411bafa881610953f898231417fb7b2ab6ea936,train
582f7ac6faaf52cf78ccf60121e44bca940335cd54d9ab22591c41c327e1aaa5,train
58375939b174d09cea7d82d2c2f2c827fc73863de0270fd33ec2e2b5da90ff5a,train
583e4f1bd61d524b5cbb51aec3aab4bcd5f6c2fa52d7a247a9014980454fc8f3,test
58400dd72ab7ef91b66d7f20aa97de9cdd14e4e222a7d85664e8fcfeb0f54f0e,train
5841d2b74f3e68ceef0cc8cf1a2a5b84e675ed898ea00fb855551577913e4d7f,train
584508dd22aff54e85abf084b6d34e0285a3682924c1d1b2227c6c8f2c4e0283,train
5845673d1612dc28719cff3dd6be6af67b156bb12d48c9e877f69a1e33a18eb9,val
58539d556683f45ae8fb8f697d26e1456abec693160abdc2279f2c6c45cf10bf,train
585a0b1b08413382a1288dbf5795c945ae20a0fa14d3a046a1f1bee667dbda41,train
585a658127a5f2a5a9acaf98fb7f3ca74f6c883f2b2ea6e3a72216fbbabb907a,test
585ce37a994cf073aa2167da899d18ea61110804a974f32975d076a02caa74bf,val
58601236ede8984ee6558374490a6fd4b9513957ca0ca9ad668f473c1e655903,train
586188f298450c8f8d480dd091b92bf92733f9b40ae4aca49e15c511bfc511d9,train
5866d03c50a65b4a30d876e4235f190747ca0c8b79cf3a77c3e4a9bdafe4a55c,train
586db9ed60f2e5eceaa1a107c3dcdf07fd8c9b015d5387ec72c71688a06afe41,test
587316148dbee54ab1c939b2c7c5a7ca1df4cc5d4041013e6e3afa82501be9c4,train
58750c847d2f9fe8aa71d703fddfbc65b748de878be2ba67ed0fc0f967ad5ed5,train
58753e28fd94e4f9cc1a38e2f04fe30634331846fd59a016d7097ed0e05b0a3c,train
587649dadf26d78418e2b70a33de57789625fcc8274eef5f49a667a40f2f40ee,train
5877f2e5b7b653690fbd3f6041aa6014f0fb9efb4ffeb4df06d2710e3ea368b4,train
5878e3063c5acebf15a1253dd41d382e3182039274388ebb69d1e86101fc8294,train
587e81723dc1abf687e6ef0cbae701d80e3c7e5079aab327015307e7becbfd11,train
588578bb6af0727c807f5b40b2b9035d4605a79bdc41cc21fbcd924b2354ce56,train
588768225525237e785143de47fe7a959b87a913c7e86e60d2d8d465f6020f49,test
589449105ab60239b2e1a9ec95e8737a23a2bc18eec567a63603b0d513724f71,val
58994e92d7fd27ab1de48cb7cd1bd34e920c4f71e411d9a949241e4e4b929ffa,train
589a8aa8d47520331abb2ca137128bc6b4adfc3eec5bf4fd403fd843c554cb7c,test
589d1592d8d66f4822d12e254c80795b79da89e251fc9a14aee9db34dcada312,test
589def9e7028ba2e6682f4b6dd13a13af81dde5bebfe8f2be0186e3a70f4fa65,train
58a0eeaf0a67419c6439f6891ced749283dae1f109dcca0427f9a99db6587b3c,train
58a5bafaa48f9d4dd08b5bfea9b3781d57d3e7e339e33dd9ea28c0b02cfd72c9,train
58a91fedb139930d06fd1c267c92c0e0dc55752a0edefa77ac589bccbeae3b1f,train
58aa6b2e2efd4c0ce8e55fc593b6b5d5f1344feb3abaf53e4ed0754a1c1ac311,test
58ab52d277198f573842d506aae8379c41f61b73d593e66fe8510a609a8e7c71,train
58ad86d05d685f7637dbfd9904bcb26ec9926e8a9af162e8b9b3854e3ba5cec8,train
58affa4050512aab25a7a3341c606df0dcb648efb96cf26d42b028bbcda85389,test
58b4bee66ffa45d4a02694fa0386351e8809a20db18a38b61b4c2c52d1aac762,train
58c7004379dc45f613f377f4ef7c203d60946fb18ef63937c8940effd0b8d58e,train
58cc270ec4ae72f9eea72aa999729add6f58c8cba468b07f89b714525e75e326,train
58d0e09f8cdc2c86739a5280a2e90da7f990c3e1c10ce401aba95eb6ec142ef5,train
58d5a3b70cae4eb53985528d230d3fcac55be8962156bca9686f744cd0b16a8a,train
58df7391e4ce821207c52c1777027565cac9a317aa2b0668ba40a7d720b33107,train
58e6311c3c42de772e2e3bade60c5faa44c67c8157504c8dd4a16bf5fa72f758,train
58e88dd580a910d6d7dec4170f4ec86a5d5027592e011ddaa432243dd4bc0846,test
58eb89abaf10cdd132a429aa2889e9d1fa1fc14cc605cb5089d476ff5a805d1b,test
58ef5d3a56d4efc0cfbee3a8117dce4c39818f3ca3f9d1c8e2eef1d0de24fd3b,test
58f298b32c6ad0be1350e74ef673e67704edde6c50121ea9e5650c6c29c98205,train
58f9f38139e166c7255cbee151a2271330fa54e5c4f49ad57c81b053b0fa9c60,train
58fce0c69837e23cc9a1fee0020542c6d77a4d141fe6067b87031d2c5c6e07ee,train
5900806ae1fe211b06f95a9845c972f6499a71c6ba682e9df7bd0b7c76e0e377,test
5908c0e3db262d59a6200ee7b507942b90ab31ebec3647fe241a5906cf7236d2,train
590bb5bfc17f0dd910d17718f8d3f991c34faa17f9889b66a0d9a191d011f3f0,val
590ee6d8266d8ce9ae9e8a4e0a5ce7ae08f91d7b67b7fa5fcb517524078875e1,train
5918b850ebdd2decf70b8f9443dc7f655967186f28a8173ad3e81f3b1639d89c,test
5919ac19121a3a8dcf2c74e09ef2c642018e4002b04c7a3baa6a0ae46df56131,test
591e0717761c77eabd7bbd10540a1280f3c83afd52d7973b692023cd1b7e1e5c,train
592b9b5e29fa1b8d7f9e55f3ee588de15f4d115ff8eb6b063c35f321a2027d29,train
5944953a7ac391c06e5253bddc637138d2892c0c7cd8c9dc8d69b7a3890adabb,test
59561e90f48d9e03c2c3368b3dcad6468ad58f8901a8d9679865d03010708e0a,train
59619051f8b60164933754247eeafc01ac2f65eff2ff34694182dde07e90c795,test
597960a4076cd6b71fa0e4b915780c52f128131bad083eb2f0307819b4bd9bb9,train
5982b5af37a0a80c771432cd277d253a5075768891f7590743b036857938004b,val
5988a8f6e2f68206f39e9739e0c0a8d8e4bbc8e811706ce133414a6ade8426d3,test
598a999b8dab0468f0d0d8f079ef2769959d0b39dffb9bb51c23d42cfbfe34a6,test
599d793b35ab5c8246219faf11791ada31d975c4976eba083db3fc65bff9530f,train
59a105e86f2b5443311ed2e6d0558adfa3eb82c05043dd601a362d9a87f95de7,train
59a9d482f93b909ef1f6b85190416dcad923422db679b3515fa9ced2aab4d09c,train
59ae4de30da7e05f3d852c98f708c6ed2d4a1608a0d353798f46c7079652e296,train
59b6793be35f040dfc8ba0acfdc15dc4c748df577198a97c0f44e62f9eae3119,train
59bba814770c7a3af22dd265f7c2c193e31611e8e7dc0fe58c1313ddee861cc5,train
59c597e4094fa1a6cd95d66afce34669137e4607752676655df3cac229ca8203,train
59c85c3432221e2eb877f306ce75331dab7325d011469787a6b8ab89eeda7480,train
59cd25c6e0e401b0babf5052659067644db540430f1ef19ca3c8d82b642d5712,train
59cf8c9ae883297b961b95146ebd3a68b399d6fe5593cca5f50c46fac81db367,train
59da5b3961eab2094b37d856f096fa5a7040194e8ed47b1bbb05892e457f2f2f,train
59db7ccae9cc5f5e65cff4e532b7284a544f66a0b0c2d5e8ff8c1f09d231414d,train
59dd68b7cf0187c2281c3de5e1c6849b25ac569b99c52ac75757fc861a9be5c8,train
59e2887ef5906039e08b0a7ad317df3ae8238826260dcd31831b9e20c0e22db5,train
59e2b0cfb5ea01b568a6c2efe9c655eb394279c42fec2acb91291b8c9765c1ee,train
59e5e19113b8826a75e25ca8d4588b105b26001d87a6e753c211c15b3fbaf43b,test
59e851b9cd56a4271628983f186f7dde6a283075d9c90d94c6e990283c2eb6d0,test
59e8702d1c9d4d63e8fb43466dba780370d26c46a840eba5275123d25bd17df6,test
59ec086c81a5b523044505198241b046b66452d3557b61a499e7acdb47e0479a,test
59f9378a6a7b67e0ade7c8974684803575a66e1bcdac02364712d6afcb2f27d4,train
59f93efbe9d18e3b7ee36c14400037f50e8b0c44cde90dd2e790b6bf93999e51,train
59fbb4ef41303fbbddbb1a4f4fa5315c620533cc68045ea37e76854e1ab64678,train
59fe7341c588d1402c78b56274d550b9ed6a2f7170c89c7a32c82c617d8a063c,test
5a15de7c1a643a03e7503515f1c46b8583a7a37468996cc4f904015ba95a4d7f,train
5a1de64025ed939a24b784208aa03924a25067ab171cc1824e7915a870ede4b2,train
5a246a9aee8655d5ed2138264ad9b3daa3b3558348f7a09a2529b0686d21ed3c,train
5a28fedc6be6481e0c1626834c12a9425ff7a6713b22f0797f51e44babf2cab4,val
5a301ec968576cf98f27a7e788ab099b9cbbc23e7b71a12d5ed814138db8333d,train
5a37249e4a33c22b54216289348ea1abfd20709481b06cbdd2ae7365997c64e6,train
5a377fd9ffc6540c195c58a05341b3ad422a715421e8d6a076c08ca9f733f30a,train
5a395b29dc0948c95a8b944071509165525fc99f53c951adbd0e40471e06f722,train
5a3c06a04fa357cff3a0c934d4e4dc2e7b6365e5b92b09e67db42a7230cdbe3b,test
5a404f624dbaf1b9271965d22bed5e59ce1ba9435d7b63e1bcba0a357a7b4613,test
5a478f3869a94611151a50dfc14e44650a3fbf9f255d0fb3fd7c0b5dbbaa2f5d,val
5a4a02cbd4902b927a8e56babec9d8202d35714859ea096c2da23852dd1a0139,train
5a4b83d272bfc735f5fb639010f3f8810b88fe4aa6fd74cda4d770b8a783c57f,train
5a5303e306f6dbc1bf875971f6651e320741cd1fbb014c16d4987ac0a3c55f4f,train
5a654beae6209fbea4e113893dba5d2e029c53a08aa2bd3cd8cce00d2c89093e,train
5a66d59a961fcb79b23d82d4a7220e8ea4aaaf5da20424e5eee2ce5a4755c025,test
5a6a7d1f0688a147a188811901c8599b7900040b855594a8efa8b0f606c90fb1,test
5a6f3569b1f0e0bf0c76e749475c6efbef672716334b5d1bbba19f892e0692d8,train
5a75bc1a05526050a3eb50412b70035ea9b9f8c82b58c250dfa12f29ad5ed419,train
5a7e655b20be58a3d536ed5d835236e62737b0459983450c88108aec82f69ee4,train
5a84f2d175e6f176522e3f6ae6053bf3e02dcf156a14b76eaac6ef1e9c42b955,train
5a89f6228ea9840ee34c9d2c3bc4477d2d871cfd0aa8e0b26ea8cbb76f48b72c,train
5a8e52dd29b4367fa983d5eb36021fe583f7c66191087f26bbb8ea1e92e6cc5e,train
5a9843843f38da066455db3e4a84eeb2a5b4cdd0121027eb6a23a68d39a24f1e,train
5a99d338409bd989ca942ebb351ca632736eaa15a4ff1ab3f56cb73c129c8ea3,train
5aa04d6dc514c374fefb31a4c5d5f47f13b8f35aecd50720b611b76516381dbf,train
5aa6670ce6b9902f6ca919b811f7a498290ad7b4d16736c67a38c76b540265db,train
5aab275e5e4c050463689948d51f3d61872de1b4f868d8eb546d0c2c71a45dc7,train
5aae8da9e81359f1c773b2dd1570139359c2ef732b4685f27c1f8d9253127712,test
5ab468eae3aac3cf2d9db4b20263af3451dbffb34a0285b6a8d17bdb7c61ea53,train
5ab8e55b2fc46c634f7037d705cbba00205276110ce2b3457257c59dc3dc218b,train
5ac32d5ac856f8eae0744b8934c5098b8e6b628dd73542e0bd6e8fa98abe2041,train
5ac757d20412484f0203c6b716c0d9bb3b1b5678d5ee67cfecbe2c265ef0e82f,train
5acd4f6db23b6895267c8013281a17eb1fb749a5f271c51f357fb6bee16402aa,train
5ad075d37cc9dfd8b4cd300954cdacba04dab03d0f33cab77db15db3f07e0ee1,val
5ad3d1527f30444bf983d60c8c61948389805b394563fb7ab67150672eecc580,train
5ad8b8d8d6c1263850afb9b0625a7a2ce26fc7b33484a436aa96bbdeb67d7c33,train
5ad9cb080811b84b553e1fec4c391235258a6e32ccc4df4b18dbf214144c697e,train
5adc00ea9a8ccd1137e5b2939e46d3d3ee48b9726837d072c754d2668dd484bb,train
5adcf878b80651fdf9e634d83f36b1ce1a415ff2a7b5ef57171ee6092061f80c,train
5ae16f9287415ad260d8e966107743ad73f721a69e86f9332d137b485dff8751,train
5aeb841509cf44e39093f9ee011c4af0e3f41f6d677146d945b7bf4f8018940d,test
5aed95a511624ee39f1877341d4dceaaa4e67ae78f1f7beacc2e92339757602c,val
5af6859ad8a94cf80365e7e111d6676eeec582d76196175e8a955754eb3b7cd9,test
5af8639bcfc49d0706790044d4a2ba7c1e2d60a41e45fc6e32c5bea7064c6247,train
5afbc0b09d2421e61301ca2c0a9ad62da37af7ac07bb16aaaa819ddc2fdda086,train
5b012f1038ee49d99d8927a88a3ad00effcbea371dbebda2af4393f463a1f685,train
5b01e709f1b2e382fc4f8d307b52f6777158a41c014c9b8de8acdff9b0ea3536,test
5b16c3756458021e12a5b7d09d1084597df13a812a5ef856faab2e3d19100c1c,train
5b1ccc5594526a31624e15e63efed699ab698caa2e78e0816713fe2ba5573647,train
5b22ffc911b057db1e02bf254332b7aedbc0e501bae202108e19ca2a12c6b1c8,train
5b2b29fb8fbc11495d8f048d5abcf92923f0d0c620b12db998c607bce9b183c5,train
5b2c0941f0c543a6da4922c1cd1eaecb00a9d4d0d03807366b38f79cdf401f74,train
5b2d998a72dffa27d39f5d6cc6e24f971e75cfa05e5ce3f14575c1e11c87098a,train
5b3ba28aba469a0f811eb44189a1fde60503665b1347f55f0cf0653662097642,val
5b4068fd12bc95ace26f28a62ed306be47ae28ab6d860409f2fc743e9d07dd09,test
5b46be75a8d82f8ba054230312b988c6f5d4619cf9013092e3bd0a6f2053422a,train
5b4720f2ef155950457f63f78cd8fdbccacc4044e6795e3ea33144e67b1560f5,train
5b490ca8028439bd2c6739328041bedac8e037b90dd7650f85545e7c53d67683,val
5b4c8f8239e3a65978b3e635ae0691fced7acf3142091d6e3341482462abfb87,train
5b4cdd1407958c3ee2a32ad7f7e3e7111ed216d896ea08e8620a3d7606bcaa0f,train
5b5551234e9acd1d2d9fd4423098c8dc5d4193f73c3eb0a164f3fc7fa4c348fa,train
5b60027bf2aaec6a8f6e8978c1fe37941faf8200d6fc21c9132543498a4aabf5,train
5b62e06c3725d54bd033c46055693317983444833f104c107a4ad73c1e8a47e6,val
5b693d39f4a127a3180cce4a31a04769dae7a8447c124c44199294fec79f7ddf,test
5b782c82e39bb19d21cda292e38bc64e3804f9705d83ecaeec3b6fecfd33c72e,train
5b78dc340f7032c2045690e2ef9765887c7144bcaf569a43cd40313b8eb05b5c,train
5b7904a152a8ac65aa12209c1f3684727430635c65532357131dc7c5459503d2,train
5b7ebd521fee58b853c8ece471d582b6c05cb42ca70394fcadfa144b14b7547c,test
5b8757226cdc1d522fbe62f4da420bc0fc7cc7a1a200c42ea339f6fbfd86ccab,train
5b87b892706784f2ea83efbf0da26dea18fa2e08a71dcf9a20f469a504e93945,train
5b9230c8b6086a47183ed7eff66e3e6bae97739bfde334e5c74184cdecf89584,test
5b953255c5d1b71ec05edce017a25018d3b649ed2284c77c320230cba6e26670,train
5b9a66bba08b6bba10ed4ea164413588cf79e0fb22852708d0285808dedfc7fa,train
5b9b737ee6f0ce18ae40e88b1caac7a53539ca9255066f5f59ae43ef40c02059,test
5ba6bf6013dd67d379aff845c81f711a2c8b0ce0461f6fac33a7c4eff8dd1a55,train
5bacd633374e8efac3500167e3be60f4f72fcd5da7c2bbf653dee6f2b8ce08d3,train
5bae33515813eb52f785ec1cdf6cdad7cd3bca4e18857b42d741ae95cf8ed51e,test
5bb3fd3d4e03597eb6decbda0872c5ecb934b67b2e8f06b09029555994b079de,train
5bbb4869152aab8e50b5566749018cce56fd2650a0b73356d77987adb0c8f61a,train
5bc1fe31d619e27d009910f5622f0a879c93bb0a402f9e01a6315e7bdaadbcce,test
5bc41c8274b70158fa084893fd5ea4095a695a051694dbde98ecdf9b23ba157d,val
5bc5092fd9d0ae585b06bfb199c883efc798611056d61f9ae47522cd770f4ea7,train
5be1b44646a31789997ab0d919dad4d194750fabbd890deaabb32c6f5370c163,test
5be3724f1ec59da88640db7891cdf0dec8fbdf6c21fad46a78750a4fc0a9ef10,train
5bed08e066b1f249968b83b394d94854e1ca1f0ef12e1c740b592b5d29de3da5,train
5bf7b0a7478b22c0eef1cbb8a0e0a4bd805aab26bae580e676dc124813d73537,train
5bfde6bf70a89400a86ccaeb95c49c437a2225425a59eb621718b072c3f6bcb8,test
5c03eb8b7a94861d7496906d239cea167ee37332c5bf6515998b8dab1deb3657,train
5c07ed465efaa41e88aa2f832f88e5e50643b32fca17ddf1980e9788788cc175,train
5c081963ee89caaa6b12e3cab3fbe895cea780514956e14d1f7d54daca1e8200,train
5c127f7be4ffd4b2f730b6540194203d40f85c4ec242fd7931d60cab5902da47,train
5c157c04458e7eebc9c44dfa8031fea1ae0bb0b83544f676148cdec2bbed59c6,train
5c17ddba868f1ebbe4315fd9781921db895f185c4cc2f1d53ea4ba2971132eaa,val
5c198b24d5d4e0aea3c9a57350abe11d70aec24ef166e762dcfb5cf17546e507,train
5c1b879532a02d151b902f1f598f64c16da51e381fa7861e0d4715d087b6d0a0,train
5c210d922964404bc5a8662b05d0c9b9c8fdc51e168afffdc994de5ba6f1f371,train
5c275c9cf02732fdb4a595988a7184af2839dc4d45e43e6ed0644220d4474698,val
5c2aa71c302a40d2af81dfce6abb92fea200cbfd0c5c6f95e49ee8965124c051,train
5c2b7fb318a6446211f47e914101d580885e7ad04a2860a77e7f93f135cf3b4d,train
5c32e504e011ce4bef8168205c209dd8939d82b97b01a009c15bdeeebb9f2ec8,train
5c3608c5372f7524a16b492db4c6367cef2c40a1e6b3d3322b52cb74d9935e41,test
5c3798fe7dacafda5e6393d5f7bede01e0046c0bf1687332f9e7d2e44580d300,train
5c3c7fd88a5a66286388efa92914c86331b55ad7a7e408914f27269ce12d383b,train
5c42fa83edbcc956c92afec94cbf8962b549e4cf4d519734612719f2ea439ad9,train
5c43cf36988174434618157385fb1095765381c92baa51d1a9e61f21fb25e389,train
5c492b9682b44b9f988c5254d8c995b2a95e9d3d93c63a066afbfdc5061b9137,test
5c4fbbf462f630ba5f522622d125f6bbbaf1113512445d6b80428dfbda31431b,train
5c519c86a64a324c400b21fca6c651dfb1860c7c804ac825b751f2e0bac5cfa3,val
5c52d38a35df9e465949137c4e25ac8d1be82f096e3bfd10297d266f0f369ac7,test
5c551a595fcb4f42bff28432cd15d5111b3e3905c07359722ba2ee133b8f8b40,val
5c56f7f52f0573e245a7964a21c82a4d0374e161fb3c2c00d67b41b1b5f45335,train
5c5b323a7e3590df7b80250ffca5ef80b408edde881a7b143e0d7a6d913f3157,val
5c5b6aa024245f4c1a2028c51edba697b053825115165a7ce95401bccf9d8f6b,test
5c5c983dea99713b9ce87ca56530396173e301c1783b1a9f51dc544264de6f23,train
5c5f1682d90e992b3ac773c7c35a9ee2fe09fbd57be6d7e24c53e89efefe33db,test
5c66683f724dc842e057a468cbdff1e0d59b3e5a9b3fc2eafb025f19ca6b84f0,val
5c6857a65477021d4b6f104e2a9930463c54648309871090ac81c7ad84732059,train
5c7048e0fd2eedc704ab91a8c5b3b8c9caff018dc0fe2888314d8ef50601fb70,train
5c7a67f8e70afc3edd02a6be6e11fb73d0e94c73ad4dd2062536661a43697c54,train
5c7db005f819338dffb0871c7fa15cc69d42572453e3f9e41b2a3073d522e7b1,test
5c8762e84217ea80821371c700852754728b0e2cba50fbe8591259e292fbcddd,train
5c9155eda70135b096f67ea9563633f04efe56d9a3d5c86245a8b20731841405,val
5c9283221426e295eee1a3ca13c2244dfc6b356d97a2e1bcdbdcbddf65e11831,train
5ca32591224b52538c38b6dd6e09453af5b514f30bb83d2a3eb04dc0912d2dec,train
5ca71357a68184a11496a091958030337e2bcf1d9d193db18e0151321d9c29d3,train
5caa1ba89facac92d028f4438dfa1e7aacd3d6652e6d43cf86632cae157c4cd2,train
5cab64624f094b06cd54b13a673eb4e798203bdc2d39dad7f67c90ad655f83f7,val
5caf5d838c2bb9cc7dbb0b828c152133ca55b3d8b091174ba0b82f27bb99b53d,train
5cc1514edf85880a954d51129c7aa83706c4ef166ff9b070507689ef25363905,val
5cc3c3d7a7d8c18b4d9469eacb65be3389dc8ea74a8e78d5920a990c4529735b,test
5ccda6cc52acb0ed8e17a6124b65ba31ac7311df61966e1a69d01d6f96e9b8b5,train
5cd26eba190904b0d70fcf662ce79712ec8e67876fe76f83accd8dd0131ea256,train
5cd34ff33088d5c9f11fa5bed20997f7c5aee05859cd9c1eac0d8aa1212045a4,train
5cd9495eb9a324fa42f811f54d7005459ebcd449e7f5fb9a2ce6ea8bda632c9c,test
5cda96b810931c662da6fd3bc35616d597dd9ab179b95d91fe7c33f9f61dd509,train
5ce03ca16debe67f193f74fb13e3dbadbdee00039102f9110c09aad27799d323,train
5ce0ade9f1028902cd3f9d179e104f1073a685c03cf55b567b0ef0bf0c23271b,train
5cec038440b573e41fcd7936c0c0e4f2999285df5e35aba198f0b315639321d8,train
5cedf1053b672704054e8f9d76f3b54eb0ba824d0e77f73bbd26349f7814dcf4,train
5cf4c67e5c851dc432adec917907c2050aa7c433f82b81b876e8d28af0d42e91,train
5cf6696334353cdc1a25c7472b7381df9615c1f399f8e01eae6569b08134ac59,train
5d083044498381af1c951ee33bdf992a806a47dba8b604942f619c58f6e7414c,train
5d0b3358bc217492cd981ce9d76e2921b9fc4c82a8762981a354ba80821ef685,train
5d0c52eb8c6d758e3c768eb88b18f7ab67603543dbcd797d6ca31d674674aec6,train
5d139a88c18cbbdc5fcc62813e587f838d990300dfc8fcfc7baa350cafcc01c0,train
5d17987695d92d459674391c33806106ac2b37efa47a59d2a38c5dc155bd4407,train
5d24c1f78b405562235633a0b672685611af354e3e3a35f3781b65e7eab0aafb,train
5d29bb090b4d9223f730f64faa4568a711f966b0c9e7c18a6b3a74e577211539,train
5d2ca3c264994dcffedd5f8cf5090a60891fe1900f073f9f1ce8e7fe1fdaf551,train
5d2ece7e954f25bcb3a0d7e76e31d045fbebd765076aaa56e52f309397cf8b01,train
5d30fc3a4c1377cc82dfc75719bfca6ebec6cdc30cd3e4384c25090ce89175fc,train
5d399247a640189cedd70e92313c0c2f9846fa045b5c4f921d10912a7d1b53a2,train
5d3aa7e941d6feb1bf902bbf1ee5f310213bacf2d1875ee28032c5b7dd968905,train
5d3b54b68275bcf70db0509561235d0f1d8cd0036bafa7b42a6ad5c135af8a43,train
5d429ad9de340c37aa126cf78e9520665e02d86c7cc174b5245f5003311a080f,train
5d44ac81c6649b224c9c92a70072ebcabb3f6be69fc2766d95e00cdb263bd791,train
5d462bc12bbf6a5b3fe49771dcc6f0c4a90d780279655a565ed42a72b1a43ba6,train
5d4ae0b5bc83487c80e13a60b853b10706ac2922143ebde6f9a8fa8c61acf14f,train
5d53adb9d0bceb4d176c23075f60c92caeacf6496b03a0a6ab8e2f81773b1a75,test
5d53c18fb8ed04af36021f80c3da5fe3ef435e6304b920d5b73415528a88de74,train
5d587675558ecd202fe8783dc65b020dc9eda53ffe0da96396eae31505141046,train
5d589cb5c922d3d26aa2ee693f43b5e258c020934f353352791b8e67068205fd,test
5d5b745cc8bae68e01f624e6dac1cf8faa0c57e470669d1536447243a7a12f71,train
5d5ba1ddf242ac95b60eff2059d687d132d168938c1630865f30496db7d381b5,val
5d5ca8d6d2cbb14714ac228ad61ef8005858b66d0b370e30fc00c2950b05ef20,train
5d63d12054b74ba37f7322d2dce0e593b4613ed797bf3f3da029772701b2ef0f,train
5d64bc8404b2c91c71ddbfd75085641dea79c55f59768a5b9300455d683e63d9,val
5d66ac414903b13c2081983c260fba4274eab9033a54cab945d53464849d292a,train
5d6bae9fff963046016c3569867acafc8300142e494e49126b76ae03011ee2df,train
5d73850784ae9fcc28021163676dbed294c8a517a772a4c259cc2f57131d677a,train
5d7cddb31720c29ba9c868a3572335441a9ce6ae4e7cefbb26f63688d90e9a8f,train
5d7f2e7ed0020bc64b086fd9e4f86607258b291a24970fc76d482a7fee4d9bc7,val
5d8098587a1815ee7764ce8a01519f5a78ffe6615bc6afeb27457c3ed7e491f9,train
5d81f0972709683b20679acfca4c8de1cbde784d7717723a81473a9d4edc2a15,train
5d9386f2bb04d17ecd977ee07cd6cec9a093b664d94f27db7fa6714c0ad260ed,train
5da904f809901ef44bf0ac861bee7526d7db6d59881aa184b0351235c9c080a2,train
5db09b6942e71c4ddd9bf9a669c8d00492507673f9b61005dca8fac27197b476,test
5db59caaf042b01484790a99cb004653dbbb2a1956ceb37b0ea1a4c27e0af3c5,train
5db5c5093d65628c5763fa3fcbe6ae9127d55410b2a859cf7676ad6617c29907,train
5db6bc0592738c632af006e62e74e3a7331c688f1cc4804201562b733ff61a84,train
5db85a5133806cfbaed10ccdae7e3850fe643fb87a625ee64269b8a9f0ae3b51,val
5dc363d9391fd33b60dddc2eeb555d94afb113164e5d03495d391ebb2ef109ab,test
5dc3c1072cb9adfec6f8b9d2b3fd8b55784b1fae61319e4bd96e5f6a8e793ec4,train
5dcf32d12825184073fbe1f936078db233987089fc3db5de42e86c95b5f55b1f,test
5dd11c4a6a57ea01f8e7cc50beac825e39a3df126cdf45af44aea6d84174a43c,train
5dd2e65a0ba0888c8988d61bb2813421dd69abd935c47dbce1e838165cb6b454,train
5dd449118cc95d484ff8835c53b6a20e7c3e3f28c81e02a44ad274e9ac579aa2,train
5dd6ebf30fd2b22c01cd3a358204000c551d191b3e0323982fb3e8f9e9c78ecf,train
5de1beedb7a3d6a9c080f58149361122f1c39e1b1d6ea9227c0b4a4b54f56361,val
5de209aec85cd72ea41b5fbd1b27c9b4c2f7cdbc09b88660554711574cf25d77,train
5dea2ee7df77cf3c819b552badf012aebc60706237d5e98d14332f968cf23c1a,train
5df12baeccc81078a919142fbef3e72651c8bf8ee19789746ad65cc0093b5522,val
5df4cc6db7e678d49279c2bbede3f7ea840fdde4613a5e10481b46408fe1bae2,train
5df722406286bfc0ce7ac7e157d3803d97b5985a817bd3665f2b1ba9558ca604,train
5e0180d788daf3cf10f30699283f2dd1478533f77fdef8d0d3f8e33317557b35,train
5e018f338afe68d06d1a118ca3eed507170b0d98dd09f9992468202d35e874d7,train
5e0386c9cc2edbc33107831b4cdd9126dcebe8c40dd245b3bb199d50116c99b7,train
5e057b9345b6b6c737bed6a08903d21a9c7164215fd0f3fbd55f980fbb0f52c5,train
5e0cb1711525f67ca4553b89d9cc1d33b29ee82f3cdb6f5633066287bfee21d6,train
5e134c906f5c1b1f5aa172e14f84f5ecdce581f42aeba64deafcec7fba0b4d14,train
5e15d075de4362faf5bd9f077fea1618480f49f75f3cdd41ad2c6e753ac07e32,test
5e15e23b232685cda45b9f6d12038d3a7a5e24860ad06bb862543f02d4d4666b,train
5e187673c997f7d48de54f9d7293de9fef0360793b2913af153163594c6e9937,train
5e19a5fc06f36ba990699c9c20e01b96b120bc415a860f337fb30a0ee15733cf,test
5e1fa25209f76e451c2c3d6378b4fab2ff59df043a7ab11203122631c7524d57,train
5e26b11b4da2d85bffdf569cc1bb180d23ab3c5441a81373afcfd7314a7c5f1d,train
5e2c4798e8d37954ea1025b3197364f5fa89fc9b230d00c8494df0eac5c2addd,test
5e31775ae492a8269a04fb798ea0311e14c84c1141d098453d7a1d1180abb4c0,train
5e32b761c43f5d82a631454ced4b94cd554a6912e91f2d034b0e32d5574e2d26,train
5e33a72991e1d91b8cc595941e1ee2796237f457d121eac6c15547dc1d66447f,test
5e356a62eacc07c7cf5fe331a92aeceaf079c438876c1c1c79ddb35cf072b1ba,train
5e37482957af03ac709ad76940a5ec32a466242e6ccb5275d6515324ef2e93ff,val
5e3c53eeb0c56bf3327c59f746d46b5b84b666468428a09f2e2edba659287d7e,train
5e3cc9150eab28b1273cb06464cdf2e8e0d3d4c16e644bc35d2b89511ff91a57,train
5e3e752708c40552a8d8c9ff531087aaa23df2cab0d7656b313f927eaee4c83f,train
5e417ecce7c7320207ca69386d7af04053e1d538b36474d59d05988d3bdb05f8,train
5e41fc14d61aa8fa4ad2fc221abbcb8d4fd2891f463c5d79ecd8c2b96a4ef9fc,train
5e425b60b870abf542192fc69dec47f73be492386b7d19a5326cee8f0f883bc5,train
5e4370bf0c4114773ccdaeec5c40811a60a12f63e12864c85ca331b90f8ec246,train
5e473b1e3b010316699f641982244b8741b93a382a591fd7d32599f33de9aedd,test
5e4a771f16682f657693b6156f0a082a0f731fd9ef44a2b92508a5e9e015a343,test
5e4b5f7c12f0db2714b1f68c1c768b5f984eb53d6e13c7f88f6723c16cd6afff,val
5e4d82a5ee59b78cfc1a76af2dfdc4abf58760e9b4bd2d2dcc53db32e9968155,val
5e5257d12531d4fe6ce93005eccde5f3cde3b002ff136a27079f3e8f920766e3,test
5e6b00a75d23ad35cd57a05f457c0481f91149107cb53a85b9b94e0f84bb44ba,train
5e6e89230462bbe6d06425ddc8120f7beba5cf4efdf2b7df626f2e087b9490a5,train
5e709e1232e2f06eea8eaefa0d2986ee9080d162a6a2ca9501ecff4432c02f31,train
5e76095258ffb0303ba2e721fdbb64e580948c261333df9bd10e396a539b2c5d,train
5e79d4ad7ae47d4d512b3b4c23bc26ba57eff03f3cf6c9bbfe70380d13176a3e,train
5e7d7ddf9b680571edfd26c0aec113e3e427c0e657c8792aa7ede47b450e335c,train
5e813c7ae7405da55a112bd595d8565ef30312c8be5c47f760b6b0b9bd3b4732,train
5e875195fccbec5b0bcf22dcb47dfd563d612572a3af78f1688f89e396cec297,train
5e92b35a1f52f77a930ff603ea8c4bbec38f042583c3ae6fa52954fc069a120c,train
5e9d476bfdcb912a8c1d5b6fc3723ca58f67ab45a86199c6abc1edd972f07fcb,val
5ea971a162f7c8dc3103f8f0c68cfe5ec1f05a04c9cfd17b69f5cb59fbf5ac68,val
5eaf02ec10fdda43aaa8578ea75b19bc57c5ae489c1c912bd306cd6883858fd1,train
5eb3df63ab252848c7ce5b2d134cbbc79404ad561b1552b810251007958daf6a,val
5eb4b33838d526c09720c37669f49dcd53bd75f305aa5b3cf8dab44d540c50cf,train
5eb911c84351bba17a5833ba5f84ea84f1dee3998cc5069db518b1af4679e651,test
5ebab0f148b7bc8c36cf5adf05c841ac8ee536338cdfdee9344eec0761f6c465,train
5ebc84a944aef05235ad52a9dd447afeb68a7fd611a84c7b7ed6f469dfc6de0f,train
5ebed5beb97af32a3ea228075344e789a24ef613e010bfdb45d540638fa6fe0a,train
5ec4e0c1885c6e5cb547164db2c54edcd3a1372e2b78e32bab1be8bc4c8650e2,test
5ec7ece93aef381327574a9a4333d697350c4f1090c29bffcef24b36e2b1b00a,val
5eca46df5a1d25882c23667b779ddc1dc9258f85764297898d59399ed081e024,train
5eccae159b251dd4784ac0b0455e4ce03e7b178e324c1caae2cffa4507d4f010,train
5ed367c16205f7269d2f46763755ba65951177bb04a526860adf6c737203fd8a,train
5ed4c3f24b5f18ce327e907f6ea5e0523121ccf6b697ebf31fa6f08673e9ca57,train
5ed68c9bf4dc9a5ef71238f0b0b1796cce293dd2df1c94d29bd92d6345116c81,test
5eda3d454aec39a880ba3552340661f54ebccfeef9a70ed02ecdf1b534913930,train
5edd809d96c40ab770957e5a4a5067ad082e8912209d0240a8f68816666e10b5,train
5eddb6218498c0066321288e86f6696c28e9945db72678bc7e2c147915612bac,train
5ee1417509b8a5bf91995b9d8eb31a9f29f6f63494295f6c3837c552426dff85,train
5ee80adfd1f20962d32f99f79f25cb64f2ea70aafc92818643e0dea78cea709d,train
5eecbed26c7509d1fca3201f6b6418177fc39cbad89ec6afbc1da4df973130cd,test
5eed0b2e791eb10b464a4cce3a4af808dd2df98ed2380bb4a18a8a988926aa9a,test
5ef0e3acf578c52d75ae40df2fe8290181596d57b16c3575eec86a47235fd4f1,train
5ef403a4c569fb823180190e2ae522d63e05eb7a5f7bb2516d0a6ca01fb62929,test
5efa3de81e03d568d062226278324d9fea9b79e65208a75a61bc0a88cadf2cb7,val
5efbfec3df0d6cc8b0e00ba93ce7a7cb2d17693b63a39d785f767567affd20ba,val
5efd70cc1dba7f42aa16c947f14177a40336f5e5e15ee8d7a83f3dad6eae7e0e,train
5f0024c5082a626df228fa5d53a5d7acb55d69f54d2f68d368288e67e4dd83c2,test
5f09b0180520ff4d1d940c7403224933000c90d7ee7d1b663c0da4632ff2e733,train
5f0eb565fda466f66246f4d4416a462a3f8d2cd34fed80eb0ecf376b12503913,train
5f168e45268e353f67a543babf552312b2236543b7c90bc37cbee708968fe2ee,train
5f201566427e4231a0f4dd1c8b63d560c49b110bd0b8ba2be18eecf6feb35fe0,train
5f2391d8ea9f14cedeae82e3b82ab1af618935ca6eddf5218434720f5e835ce4,val
5f23d6e8e2382be0147b3d4fc7a454fef676d9d8a234b1d581dae80506442649,val
5f2402aeff439e4e621f4fa5ce00ef6eefac4fb4211f30b8607170f019585957,train
5f2b513eaab606f3b3eb94337a0b70f1826241e4f2c9663e8db1a00666ea92ca,val
5f2ec442d4ec6c10020c13b73b80c559b5b896e9430f98fe80fc2118ce0b475d,test
5f32a26d84c3c04d3b203262638030644cd6d5446219f8ef516206062d2d8f95,train
5f37d3a3cf6d4c4151f70d448b47031251011c620427af89830bb2b0208055f6,test
5f3d985fa9512e39a71bb399b746ec17eb1a3e720b6652bf0215b867308ff525,val
5f3fb6424f75f4c00e07ad9a94d4710d9c74eacffe0cb16cc1746039fa22add3,train
5f411611ebbb5c516f31be693d09f814e468d9b97035dea5d235010513e9e109,test
5f47feaf01b5e08568bb158683499979809660580374662252e9a5764d1daef7,test
5f4867aaa2e9a4749a6979bf95392f8d73b46dbdced22e1881ac0c47c5f3b4ca,train
5f49d0cc0e10ffe117238cbe3c08a396562e450715ab8d2574f627d068385255,train
5f4cc644a4d49fc6ee051da783c95aa4bfdf433393681296601fda52a1a97f56,test
5f4e8cf6cb8bca5b901b17902ec57b103e8fd0ebfdc7c16ea3452a3e22d5e917,train
5f58158a261e1ecd1cff5e07737d84ad43fbef99fb598defb454415c33926dfe,train
5f72d27f15ea3b4cc4d2a9a8b621f0e52e76722d2d7e068b87ab9c041c6fd1d0,train
5f7b159fd0adfd34a3d0c883ac84de28cdc48c8063b180b5e3bd7e5f828e7169,train
5f897cfcb7f2a3d9542afbb0c697487322ae974a4a2b8e561c3eba2aedb218ae,train
5f8b42dcd5d97ac1028ba3a8a4457c220cfdd2a88febf4ca8db9176529c823c4,train
5f908364c023cff312f98c196420cfc2ec10c72a9cb57838ff84315efef234ac,train
5f948598c82bc086235034ac3e40fb877009fe0ae6c0ef78a8e60239310e5f25,train
5f9c17b6f6fcb944f06c4970e3e307e5fe2e4fc5c5bd37263713695dc5457b48,train
5fa39999f18425332268435f304d1158916c0dd8bce059806826cb92822a374f,train
5fa62fc9aba805917f33f0b1ba498e00d687dc34c98d098b0e945a2224710b79,train
5faef0b9c15fe39b5691601fe92914501c644ca87fb5e5433e13e7af0123298f,train
5fb0a898c93ac53552f45b4fdf90c73b481cbcf0e34e632d5d14706727cc004f,train
5fb2e27f0b5c4b20c29d86d5a2a31afbcdd34d4e88c3d8447c780aef2350dae4,train
5fb59ff861f526c13829eb7b54a7a47c760701fffb43af136567ed2538f7d83c,train
5fb795582d65b404a5e314372f8de8e463eecd74cf2484090f295d58e139236c,train
5fbae1694f81971f4dd91e3c5ab7e16e4db6dbe973973d0225f670809743e96a,test
5fbeceb72e7074f1439eef58acd0743022b4e381a5ed63502b49e5b27d3a6d50,train
5fc030b9472bd0731323a83e972e0693082a601227593dbcfac1ec66f28a44df,test
5fcbb7bb8d731d9e620d21385078480a32c226921aff3b3f5deb0af463b33daf,train
5fcc610a3c03eb0049e032d72d763086bda5fceb59107026fdb5a7eeb3fdd655,val
5fd395e8bb61255025a0ccbf87c08b5efb519303bbac6b9a87d95ef684e5caa6,train
5fd69885d5391c8c9bde1b49ce512a4d6f3d5f0662cdbb3377ec8cb07f902aae,train
5fd941bc54f2f2c737a06ecb80eabed422066945249c326e818388608606bc46,val
5fdc22cf489b3dcb60aaada6b0f8ad463e5b7f4ea670e37fcaa94ec1a87f5d25,train
5fdd107c275d5cba96688146e51fc3051770591e3c4cd4599488d44dcf2f8b4e,test
5fdffdba5b98110b95902b3a399ac295e599cc836341c4e582d6aaa217575ae9,val
5fe575ab69c715fcb718acb873d35f7041f82cfb62ecfa78cf95a7f31592646f,train
5fe7e3cdb910890cb3af65a6866d00cd5e446fcf2d39e3f1a4912c44c5ffb4e7,train
600a8aab2c7a2c8c22e70295e39d21d29ef2b39dd40c80786462ba04ace1aea5,val
600c8f1006321f5be8afef0f58d937a07b6dd2e9ce5492de531e2dd50ebc2450,test
6012d22588a858b7c110d861c952389533c9224bf7023681c419b3e72f60510e,test
601784f960ebc139934755618e1ffe7224cd057e96b381a45715d05c30d92a16,train
601bd4a516e7a14f9de31ccb052fe3da083d123c9e663172217f5c65b5f223f6,train
601f813fe320f96ff51b64fc95984eb9b4a5e1c83d470bed0dfcf08f9bbcac8f,test
602f950037efa4c05b71535d567aa67647fe63579aebe7ad07f37b3b612984e6,train
602ff2bb9d5dbbf4fc0b496bb4b8124141c12aea08cae2c5a1b37188e33fb573,train
6031aeb7b33cc686895177e7b683f77ee2047fff117b4add46850673e9320773,test
6040a0eef542bba057ebdce72ea3f71992a3858e6ed7b23ad5a868925770261f,train
6040d34afe761c6bd09d16e0ec5356751085eee9b859e07311f56492dd7ddafb,test
60443b00e9fb7af6bbba5be489f3244f36897ac6b9f0b4e7b54e282604044485,train
6045c740a46f8279f1bb8791f7e171606a1cb4a6962db1930b99b3d468bcbfe1,train
6047f02b8b1a2c4aac647ea2bf80a4ad237dd14a608dc62098e6c7cd6d541c24,train
605c349b63ae5eaddf6215c53daec8c37a6921247802f6087600249b57b96412,test
605df255508e039e45174f3bbe678118f2913b5003335cceac2e830babcee957,train
605e73ab0443ab0fff3efd24727ac9e7ee03660466d813b5116869a990df1f71,test
606160cfb7d51652ff49a5fec503cf05b44f1b394716da81edd809f75e1a45fa,train
60673c673e274c1901f4a3cba2b0128e2eee8be0c4c47f646d8aa703827ea50d,test
60733caf1e65a70f727b0238c12ae80b794c01e78ed85d8440481f2146d5b54e,train
6079d880fa98cf69a5f5dd66986373e1c15ab1d57df66a988e17387d8af243b0,train
608928b19743bf2eb5db48519c02633f1f71ea9bb9d3bcc0ed3ce23046ac925b,train
609500a240af40a25cbf0b7979a2687341a8f4cc9276ab295c68f4d2bb833c2d,train
609e51255b547d9716070dac7e4b5778e5045219787cd6d01dfe97a95abebc58,test
60a3436ed29f9cced88cbb86c64b1616a49fd626a44ef1ba55d93bd6a4b92da3,train
60a55c9ef4736ae4ecdca97909b0b3330dfd2ee0894347605e1be348414c1775,train
60a68670bf4326763832401ed295cfb32d3d54e0be7426644e02f7e56481d339,train
60a84b00de494b6b6a4b8afe7cfe61cdcebe52e3545b730673e56093fc2b547d,test
60abdbc0bf30d8ef58db79b431871f6cc4d560243762776d0de54c6a0b35216c,train
60ad9d32ac9a41947afb240f1a17e35940f8dec20e17c2e95a10b3aebaa708f3,train
60b5dace549f083b0b5b885f41396688217dbc22a7f4526d88fbf421deb4c8ae,train
60b6c0497c67ff86ea441120b326ced56803c9400c82af3c23908a70cf96507f,test
60b6d264904d0f8e5e320d8f616d5fda69dafa0535ae6f1612f284ca9ae5787d,train
60bc2242d31fa5fc5fbf7c91f464ea16fdacbbba1db3499213fdd12a4ea9fae5,train
60bd46d12773824eddbae3ea68be845b0dcefd8f985fdfac51148f424abb71bb,test
60c6cb8f1f2cccaba4d70495ebfd67460ebcc954db7465be4534ef08ecd0bf23,train
60cbeb7b997efa0e89c080da6e9f2a342abca940691d0bea9cf5b938ce0a5acf,test
60d34b104f4b00f9310eed363d6f624e9f519cb070d04ab4735ff07910032172,train
60d6ce7e085e7e537dd0a5a6f35c4b36e7d7a88403cfeee43fad65708b71a9be,test
60da4a5779fe3e5a20ffb1c4290b9c63154d9222276ab59b2482d943ce00fa95,train
60dff5b2f8be4a810680706f604434897dbd6c2dec29c23d790dec1a300448fb,val
60e357c6cd8a322ab6c257d2c47df0e7922ff739e300cfc493c34739214aaa4a,val
60eddcb8e3da5c5ed77fc1299e964288ab6b5e2dd483ed46beb130f913bf1c22,train
60ee3232b72c4b7212cb25fb83c3591477d30b00c8c0ffa608d00d941bb82c20,val
60ef2d5cf0fe819b49af339e33bcdab11a66942ef844fdc921e79a9c18e1346c,train
6106762f27258f33dbd060165206ec875d2eb12bf6f59e7b792cb084fe464b0e,train
610b4363700848608e9d57f2086d03dc2403cf9895eaeb7db2ad0f615ee9a100,val
610e2792ea2200d8c50f50cdff4270e31a9dab38d6a0f9595535ee05af673aef,train
61308d7317da2d7f40212c2b2d9a3a47a5c78af1cf723d08dccf342aebcf5534,test
613380a519ecee7dce8b0c7540afe2d2df4902a2a0e41ce880c9410c0e294054,train
6135807aa59528dec4806d513f0359c05edae697ffb13b8ac15b24e7719c12cc,train
6139c95a8a5b9dfaedafc784d3a265e4e51f66160c6f3bde8257b1778d35a198,train
613d0f0ec4a799efabc50634e9f730193aebc5d3a3007ee96bc12c11ebb50f52,test
613d64bc5e65a1cf16e020899029d2ce66779fbc1045b8de4a0466644aee4213,train
613ddbaf2bbe901fd3d7d16f9e5544f7e2d87052ac326d192ad3218db1defe57,train
613f5d13f293ac368f22da1eec793c47e44582c5c66efcf9285c2459ea2f4170,test
61408d76ced884530c053074fffc8cde6b14310333fa572c3a7d324ee192c71d,train
61485871f9a625e1b152446b908938db2d14b02f24a6f12166a56e5904d86bc0,train
614ba3fd66eb13e7afe959bc28fefebf160ff20536553883dce27992ddf10469,train
6153638fc79afe38fbd88b160abea330b2533a3a0b2f67c320041bd115b7bfa7,val
6155a922abd348f9745b3b4929f928ab5229034d0dda88e2ddaf594d01e829d4,train
6156b46dd204031243d979946818ce1acdb47edc9488e15ef25197775c80a6bb,train
61597ad1fe57076d21860d78ff3ce3ef2e809ea211cf69019db8383fe0ae8da2,train
616995cc026512b709d5762de1331fd53ee6ed1ff39fdc96549b24e35e6d2710,train
616c15dce66da15adea2c88c53bb325b9169dd8978bc13a0e9aee22136d81865,test
61818250459fbcf4f705783458de868e2cd15d574c392526313082d41a227b60,train
618a9e565f60b2834d07daf51f2105ab738484b7de37c67684a6282027a4665c,train
619180438ee535669db8ee27d327990831e80ba21e02b73f28ccab7268cb6cf0,train
619596503954548a1be44354e36478ed85fcea5aabdcc8e3888eb735ae761d9a,test
619968fe4fe2b017cdac827ee566ca975c4ae7a6dbbd03c7a7ec58c808059b83,train
6199d950be23d541483297b3cc080f25eb5a0d994d334f819383535153cb253b,train
619e8a4d4f082d38ba04d999ad52bf69bd993e46288167374bab06a1b5dd519a,train
619f61404d6928bc3139a8e8e967292204a2e27bc3ad14b839e2396ebca79ee4,train
61ac86f7da79b6a84ceb6745ae48b6d97085c03909c7a68b8b33f35bac786d6a,train
61aca12961d0e672bf67d6f588594e46034cb3f3442c3dd4ba7a7ea243fc5211,train
61b4a4c55914d78cca8f19f7e92e760436dbe0370c19cf460800f9552a48b5be,train
61b5705cab053f48e38aec348e91b724d8ad00efe5603364523891754b665a2c,test
61ba2097b654dba15e87ada6e4dde16a5786903c82c5ad73fe3c19f4c3378b71,train
61bc142c2d50380b0bc43578d398afed79624dc5f4eb0f00cb62bb2618b2615e,train
61be3dbb0f64532e377d7748eae821aee5af736db336ef34c1b3faeae81ad395,train
61d0ca969587bc1fd4f92986b445d709094b497e760b47407efdc1105a239e4e,train
61dd1bbefd00ffb70be7a29b92a491caeb49d717476744df652da31770885719,train
61e85f21df9a845848ed22d1be7a997fd32f7af515abdda265d8dc8c91dedf4a,test
61eb4b5d1db44b78e5a86bff1fa6c35a9017cdf99e3b000bc5b4403851496c10,train
61ebf06ec55c397e64ea059adeb2cbc9952a60e1760035666a0ede8fa543f912,train
61ed17eb91e908f44570611b3292fad28979eb2b538537a26eab11f1d7be3302,train
61efb2270b0b3207062ac7f03ea8a814c17013555607b9803e402b5b8075d813,train
61f329bce2ed9d28783a56c4630e21b0cf427a5c850f1a24ba367c2771ed4276,train
61f3849e2a8212589c71d9a6109b1c4c6049c34332f9c3d6581932a0ba6bc643,train
6201e552bf8b539083eaebe3e8679a4ad77737216e0ec3367b9d0f8337629df2,val
6202612a6a2e1ffaf2f18de0b63ca0621aaf8eec68af01c7eb84c4db40619e0f,test
620d13d485104fb92e2f96533305f64f894bdfa039ad1e4e06c04b85ed0ef81e,test
620e762b3f80cc138b3018168d8262a49d7bf1e1b5a1f96550eede5d32aaea8b,test
6212836641776c318e40a17cbc365033e0e3ed30ea909d38207df987a1642924,train
62168286aecd974b5cfa32cce3dd667af44ff5a5121ff60a8bc5618227ccb28c,train
621d7635d25099eb92db8ed4dbab700cc244bd5df29b18bd1ded1ad0a6178921,train
622056fbcf93565a725af304753d9178c9e573722eb75ba79888d9f5ef1b3a0b,train
6224c0d911eee29ed9bb941d1693272f0a80f37b6a7f913f7db76f74d5b31f6a,train
6224ffa1c8f5bfb33e7e4b5968f1aa08a9daa944d2b3535fed7ffc338736c0fc,train
6227c006e3fba9d6078bb42f4bd38e80a104dd47e7b5405d69ab3f67f1497179,train
622b79272205e131b389940085e77b82525b65768ad0034debfcec1e4dc32e61,test
623006cc140ab6d75f2cbd0c5b4f254406376d60e2ea48dcbe54ed7ef303b679,train
6231de276bf7334efdfde5d1b6845ea370b6eebf09f34052d70bd990c40bee0e,train
6234b7e24d04be1c8fef770a03f5137a48b5dca8f3b7baba8c9c88a74e6aef53,train
6237e49a5ff35303612aa0011bbe34d2aeb428c4348f0172b7f987bcd0a0584c,train
623aa1c7f3f6a6d281d468a56529554616b3bdcf26d844eba7b428e23a58ecbf,train
62566a5c63314b4643b4d99d2521777f46e2780686eb8f4a7f2e3566a23ead38,train
625bbf81aaf77d29559f8b49bf68306545a51ae3cc2021162891f13c0f525158,train
626088f58f83a0800fa4fd8789a050107b1a9f98ef11c057f2340aa159d11241,train
626aa8320d6896fa118dc3980068a12fe073d51ee3af983a0a5dee21f7985f46,train
626ab8033c92b156a2163064c28dfabc6e1ee0ba3fa87cb272bd0c6f2d88c874,test
626bf9e6df30ef625fd1d1139c74df95b9fc3633ff265d091826ef58f0317a13,train
627124ad2f373dd5e8fc24f88bd5d2fbee03461a14312b7d18317fc375da7dc9,train
627d3e8d4d4f3b4742ab9df60efbc70e1fa056ba5322b390d27752d8eecaadfd,train
627e556d68d95dbd3a2b666446415db584874274938d0d16eeedf2315d127e11,test
62810853a917d8b7f02276375d7ebd960139848e65ddc53e9810a49898993064,train
6291c6c7e60d1cef9a5ec6fa4267e74adbc09c2ecfea5047c69ee2282539b6b2,train
629b6ee3622a1c511884127d1aaac44d0bc54532cb8879a3de67acea56efaf05,train
62a43165933f00dc506a881b1f8198026ced8b21728ee1fa777e8b0224eb267d,train
62a4d121996956d875f6ce1bf1a48c1de8a4ae719a1d65590f7c5cd6a0cf0a3a,val
62a4e691e6df4d9dcc9ed37a4e1d5c8a778ec9e3dc6f01bf3cac991f7e5b56a5,train
62a8108afe4140445f063e07cb450ece2a5d2346c1428d4e2b58dd19a8885709,train
62b0dd7d85aa7c9786c4a853322af789897a967e13dcc78a23479a00d5b18b82,test
62b34912987b29b62beba700267b32babdb344826e9f0f3e94f5253bd054bbd0,val
62be065edf108c738c6b1c6a013ed43710b13057c2eb4e8f441be667163bd73d,train
62c19ca1d51c926cbc2fe3c91e1fc7fe58e11d8fb5b17c2cb6eb597841f7d832,train
62c9ec8b0a0d69ffa4a45d18e1700061a396fd443857a2b4c8147e0ea6590d8f,train
62cb6d735a6cd11104876f02e4b9f7263ee26efc10784e02adefcaf8a8c48141,train
62d0dd3d522f4d895f8ec467f919b6b855c84f3f25699df7cd27c76a9ef72d10,train
62d38e19d6dca86268e97f395504193beed4c7f9b88c9fa88d680dac8098344c,train
62d3d30dedf532d56f6efc8ee5c72f5b38a03ea38e8ed3242335299487a25354,train
62ddce5596c4dd7f0c004bc77349e9bc8bf46ba43bcb0bb8b4c992c122bce73c,train
62ea1594bc626b31bb6e35af4f6d52aadad23833c9d084c1d8a2260d6c9c444f,train
62ef35de2186ea70ff3aca4a385ae89739849d7468a293a0312838986cb66284,train
62f0a2a519cc92702971e275ade6f2edc7b01d23c7d1db5435c2d435b800b6db,train
62f4165ba2df987a3d517d9d7f7b84c3dc956ba43773327dcf14857198003efa,train
62fb29a8df2508395d57a3b0f09ba8a7db73d343aed95f2096d99bddc5bdcf13,train
630a909f7ffe917054aca2bcf80d5a5921b117c72a5f03661297b6966ee9ee6a,test
630b54e85a419822f9b8f837b5f20fd3249c3d7490c25c7d0b8697454eb9e05a,train
630da58f6e1873bc7af124384e08a2552ba06cfe386ca7c02da81e25ad1935f7,test
6312783094811f00d7613ef5c65af0c68acd64fdc712fd731c7ecd20d04c2302,train
6314f3aaedc45983eda4d0b0970c6f696261c85cb267ddef109108a4b90f33b4,train
631a3cd9f120c8723ecc7108aa19978f74ce4ac965de148acf5bd8df7a9f860f,train
6329560c152bffc489a5a23368286e344f3ca980a1ea9d46db242b3668a63bf1,val
632a0bde93e8164a867763ae3f09303ac934684c680d186c9f9ac4a26f64a372,train
632d1a0d00a002766c6face2fa06a23697b6d09daa84a49d4d70fab0ca275b4b,train
6337bbab76efef40f28a88c3b7c54ae95fce708d56eeea1ce991698144235ad1,test
633ca61f13612b7f1fb9aa98aef05a1b1c7efe1940ed1be2e92a238ef8bb8965,train
633d235a7c651622c055a46984ca5433d0987ee69d25b119486a95370d66507c,val
633ff3d667911083b3e4e595d15755c5452507a4346c4858c779448dc6e43735,train
63423fe89155b4ae3ec2683f0f69107e34278579b6e1e953402200a3ac4f4c5b,test
63447f1d297afb0513e3a0cc2a9da1cced375ec6691a5f2f6cf26cbd0f2ae142,train
6346ce6c28865bc41c58309ff23257840522593652967dc4242a9d1a149f479b,test
6347a616f9d6a61af0f86f0eef6746ecb5da7be004553595b36f714469344f99,test
63494c3d075e5f5a44466d81765d9181026370765eb6009ccecbdd2f0f999507,train
634bc2600e343c23d37d57d79ef489ca10297ba374f4928df97529f1cba53eda,test
635121c4e3cd139f4ac066af9ef4ef18744f4f4baf7c2c98b010f36a89cbda87,train
6357ffb90f69c75ec8484b6222f6056ed1ce3857dc1b9e990ea8d8c288bf829e,train
635a8038f68f6deacab86e9d039fa21fb22cfbbee50e93fd709daeb6c1a9f65e,val
635ed5df55a2b76dbd688cad71216f93167cf0a9ab37193c57a0eb338e4accf4,train
635fd3baae177750d9c967b0c2de38753c2ab243b20d4e381b627966ee71c18d,train
636461ab9cec51b63fc725f2b4e155926bbc4d53a43a4eb742ec144b54773e8c,train
636984ad36774c4ed4e2498907241a9fb63e7f2668f8260e91510b09feea7f15,train
637124ec0ba455100dfb3ef115e9e423b57926cc4340048d6484a380b2fa2f89,train
6371329fc79dd30bb6d233ae9e398bf896c1d974e89a0262790b4001b8352f28,train
637c708a7ee5e84d068add224e89495dfad532fa3dff0250902c1f722d3ec084,train
637cf555de96166fc04d5f39ec4d001766b0715a649860f4f84f368b0a331b87,train
6389283fca39b819ff467dc6c9b30309fcd760b8bd28f6cd2341e125ba719929,train
639954bb04b76bdf5128a8adfa8f5af728f5ff52f4972c86be211926afa7826d,train
639b5605303940f01168cf865bfcccc6ea353d98fe47b0c5a4912ab795001784,test
63a07be74b36c9bc1f94d6db3d55c7d2d30888523b341a041277c20b36eaf560,val
63a4cb3566e778671595b580490d2f4eba4aef77856256b94cfd80d914b913f0,train
63abd3dd5462d24f040e5fc477a5117e2880b77554a8eda1f8f1e5c52193103a,test
63af5afc9e1636082dba0cae0f3eb9126e8c2121a627819809bab0329b591970,test
63b1890dcea8cf107b77501eafa3b66d1782464ca25d15bb344ff7e96e7be23c,test
63b3e7fef64ca4f619df8ecdc4ffcf02a581034924f8eb9ea2c1f0f1608942e4,train
63b8aa08b791eb9424877f10109a299b6c214184b6eb24334da9df5e76666f9e,train
63c2a94e694eccc2cd5cc170100784f84ad6098f950196f15a756d3512d1fe7e,train
63c509c89d8a047befcc7a6b3ff1aac90ede82222430be1f453f319b0d3a609d,train
63c64b3e0a74af094b7f19a51a86d3421aa06ee53d9b32f711ea1eb0cd936a7b,train
63cacd11e8f5b12c34cde7e9e5f066ba4c71864ed7fd3f9fd07292828667a438,train
63ccb7919b83913d745967701a6d6401f4647925842973f37e4098a397ac10c3,train
63d8ae3d6a90fc885ad9de058081560ff1f3a80bdec4ffe92137241a1bac06b8,train
63da54e61051ab25006d48ef0af05e8980f2fab66c02159c98d551f73473a944,train
63db5a22f4444c744eadc00dc088a5b8732b8ccae551795af02e2c6fa4c3da56,train
63df0ae499977adf6b762213cc8664b07747591b072f42896d88186df706bbac,train
63e1335165f0e7c2aad873523acb64be9f3ef1a67577870ccdef37782127e642,train
63e457a5f4e7a0848d32b15ab637812fa0597587d39804ee81b9755f5ffa7716,train
63eb8d277fa4df72fa5c2eaf86f6a5ed54a07e1d592bb0afe5fd430df59342d3,test
63ee55e352aeb95e4c26ecf092bd7015b464bd51386c981149b74fc027e41ccf,train
63eedbfc4152bfba921008ce75b036a572a86b13bb6e6a07643fb00c080d9f9f,val
63ef82d2a367e73b9cf1a506494763a6c50dfb686e2053728b4bb4fa889a83fe,train
63f558feda2143fa4083121c022f73c9c34485a9796eaaffc7ddd5cd1e80c048,train
63fa5493e9c732cbd194e4529a5d5ea2d9c63c27666c2aa5ce7a6a8756b7a3d2,train
63fbd42af81d924044419176f3f35b943e53e262ba6ce5a358256e54e01e31d5,test
640412ace630b246e2ccb2835e6d5f8ff832ac452101394ad0234ce0ee75c817,train
640480421236e0572b71dd0e158cd100b6f1bf4f6da4e538950d7e72a28fc843,train
64090f082ebfca062729093365154ca8c6e8c3d0c1502b406b56a96f74d5aca2,test
640944d2f620fbfd5df342a2f40b857719dea505d8969486780827b3108b5f30,test
640a2c7dffca7bd0a915a40a31ccdfc332a1c0435ad24023a1bc245f61420087,train
6411fb86bf69178e9fbd1fb58233aecc93abbf703601733e28bfc8b0a3c3915a,train
64122579b844e52363610ef40237cc13476117ed6d4a20d947e31ca171f1c1bd,train
641369ba1f01b086656a8c8c39fc2651fda9e9c5e21f15d9f32b3d761544f0eb,train
6416eaa55c8d3d17285b771897de4a04f53650418213b51889bfa9a8e1ac7c9e,train
6419c3761754519131f0f2a6d4bb6a0b0609b93cb5a00a0dbe2e818fa5ba53bc,train
641f77dd194b1746563b0bdfcb3808aedbb758f2d5bcab364842cea6c05954f5,train
642d3415c27992e95c0eee3faa582459a07037de41504fdf3ced79aecc2c19ca,val
6431a906a83e2c21a3b6cf9c1940710e16e52f880645d8a55b21899fcce7840a,test
6437624d77edcf4983a3df1e13c4c99c373d63b9fd4b3f97e123b42f237d47a3,test
643a82237c9a4c0014e0fdaefdbe7b7a2f3ae0388fc0f4a577d64ca0aa1045a5,train
643b9ce812a0ff112629e87952e34ada2f194cc4f28d377bdde13df2c19a2ced,train
643ce7202e75be2c6999e7fccebc7b18bc956f55da2deee337f4b33aa475f437,val
643d7f6ef35f58ddac6e4a2bba58acb0fa515f44e0329ee35ea14855ee90452d,train
643e2acf7eee84ce4ecfc2ed79efa8cc9cac7eade9c343daeed5de60c7a8f38e,train
64403c5c4475e357c6a5a44bd21e43b360d4f9b0f7a7c25c05476df96a672bc9,test
64438bccea53f8c3a48ad54c095c039957007e80ccd452169cabea10adba8b24,test
64479779040fd44013cb9a2bffa38e949c1fd1957af98905e03ebf66bb02413c,train
64593d7c7f6615dd045606abb47e796f0a706836722810e9e36f6c62cf836ba7,val
645b877e5689f5783fd3b536387dda316e2f0fa41e2f1ef2ff6018c6c3b97120,train
6460bcb1165ae19518ad1ca2bd7da1b5770e7641f741cebf1a3c67566a72c4f7,train
64641ae6a65fbe187f31f6834ed358cf7f6b3b82a90d6252b0b1c8d1b23b77b8,train
6465a49a2ec6fc493bb1a3c9462976f4a20db8671f630ac7704d002120cefeb3,val
64704cfb77fdb8488093dd4c68e75cd6ea9ff97022f10b7c3df1ba2427e1b4ec,test
6473c487b3fe2abb87ab5f2b78a4e732260740174e6f0c08ed8b0e256189dae5,train
647f823f271fbdb1ab79efef304e8a395dbc671b7438df1bed6f769fdedab409,train
64816430947f1fbc129c9d03c42f21b107b6e0556c78c0e31a0fd815ade93d11,test
6486f4472df659d1a7465eea5f381edfad0cf5a11affd9191171b4d1369d39ee,train
6487175812fa7340e9a33a4c07fd3742eb84ed8546e0cbef32d656faa646632e,train
6489b8ec28fefb5465e0fdd9cb837bdc654cb661a6e7d6cd471d2e8a650f2858,train
64952698662cd221ddbbb8be2cf969fdc50b26ae970c80aa4c51f948f625770d,train
6495dc644fac9d923bbdf1bc5f1b82a66136afbdfc7f111256b55e041d749b17,test
64965d24ea7dda7ef647dcfccaaa5b0a20f25b4df24b82dc2d37795bb994bd6a,train
64a4a860ba1438043e4142f29035d3c7fb4f8255e59d3f99cee055a48fdfeccd,train
64a9593c1c699f631fc65025fe354506280de807e6e74f3a88e87fdef5388a0a,test
64ac999c18a181e37d83307f244441e972cff494a84f6e095d6dd445cdce3390,test
64c0b8c2c93be2e650241c14d68eb2c4afada061e3a8936666b4e2b0710dc97e,train
64c426ab0a149e71d0d015db0612b6b0ad7f49acec9be24851292300b90856f9,test
64ca2c592641b2d7b463d50e71bd6fde493bfee11b235abf16de64ecb32bab8c,train
64d3a7b319cbcb01ea2633d26dc3709cea394498a87f25392f0539422ad1ff5b,train
64dd79aa31bd36665ec706400c0dc53935222d9b1276a95e96e781634e002342,test
64decdd158da71bdd4ac08ebb60bc7de7f0775465d8c0bff7a333ef6853bac5e,test
64e97a028855c84e761356fd9bbf8555900c72bc557da588c116c97d92211e2b,train
64f9550c524a31f699476a474d46b3e16fd183ab42f31f9942040aa8ba6cc889,train
64fe5018a171b503016486f5eb0790b99039a8a27c0a581663f8d0bedbd21083,test
650ef4b6eac3d381f4445d0d569be7e80fc81adc980c57f81fe161f592e59d5e,train
650fed040d9e85da24cb6f08c0b46357c96e2c08094848322de05fd1300d67d2,train
6512f62ff84c5dc59a04c6b620fbaf602bde21eb2905c6d32c03d98614bf23c4,test
651a01aa1c2a401e422bd44a106c6b638e140ee753a465fe29fccc2808a24579,train
6524940d85af2ea1608be613b3bd25cd1d0b58b3c355da810bf0d36148696669,train
65265bd650e305dd66d0e80652a4369ee58d17f2a1339eb684f369e155eaeb81,train
6529909b0d0c278da453df1dc4ec7500d44d8f6564c7d2f3c7d2930eb88fef79,train
652c9ebe73ae33366b5d2905757832c610aaf65d542aeac8fce2e42cec9cb93d,train
652e2cd86045835a398ddb33e13e858403cc8c65a6db1012c01ba1604573d846,test
6534744d6be8a91ffe9df543dbfaea820666570a35d70cc32269033f7340aa52,train
65388a12ff15ec1489fb11f0a0d251d9a6bbf10865953cb169a7e5f10bb91b2b,train
65475f8c112d47f2f3d6970af6bb3f8eae0216f065d85bf818c86dbef63bd114,train
6549dae49dab9e0e2b638b0053c7f3a6eb70a83caf5a79a39c87b150c72305e3,test
654e360b9fa5625df29d2e1eb5f385d832b6ed8f781cc394159414fc92e44777,train
6550c9250c88c9ed89d44eafaf82db1dd070d6075f2b608a0852facd6d596789,train
6554d3d9a72a9744fd2a466204d0292ba4e3962d8c462859b2a2823864f7e3c4,train
655e40fd6e65a4e381a1c31e57f8b24378203f18623d7f2227ddcfe82de0164b,train
65657367adca0b446ee034dd85714e45d83bd5f5a5f30f3de456e3fa59101571,train
657036fe08f16caa4e05196b71fc02ebd76d38f61400d142ab9db231f34104e3,train
657699119d9ab61d9854f4abdb1557da9de4a559879cb709d6848cd16f4cfbdd,test
658517d4a3b73b817eb5e408b8aa4ec3adc86535a80b6c11b80f05e31f6f0fbd,train
658a00f637cd6d8de993a1aea02170260dd195079f6d2dae587b0da6a13f31e9,test
65901a220a34340c3a4d128e2c5171e5526eaf494cd13ffa9e4c8371b3b5264f,test
6593a3dcdc6d86431e537fe9775ef272e7371aa0ab9a06cf17e681401fae1746,val
659aacc448be3f656a252e7ceeea67b9864527053e42e2da34f905a2b587212f,val
65a0252f67defbf728dea3d1425612bae48d4ce848373b9b0057ba2450221950,train
65aad3006fb011956bc6093cb5b35a849d0e13ac95cc5e62ee27170272fb9efa,train
65af7b324794b912aa58623c82a1adeec83c6acb0c3b306037e99ca41e16ec1a,train
65ba780782e0b850efd5211aefcdd5f94c584426f238fad000cb83c7ad44c916,train
65bb0d1ac415458b71af0bdd8552fe8b18ed9f6eff5ede97f76190540c49045b,train
65c57dd0c1147d5eb6d1375a8c6b3026b40f7fba3a9e614420389cdd92d41ba5,train
65cdcb9fe0cd9a96da7664f840f1315281be505aa27a59909020e6473d474649,val
65cf12ad05077a2d1cb11f526468a9489838c920a0f6dcafabb78466a98375c2,test
65d486c89ace10e9b57699db6257abf967b1e5b87f50cc9d642c590090e09056,val
65dd0ff5e94de0f63eb1ae3de0bbac42d7fd354d286680bca446becb53b621e4,train
65ded7043542130e4ac9d194bc71e4bc652ae01d7d19dd1344f1f8951270bb99,train
65df8470825e0cca273151812fa5898e83d8feb850588b8593ae223894fbb378,train
65edb73729b0eb19b61c76a0973e9da6ab5ec65d6fba10f151d850c100a3d17b,train
65f22aaf2ebc11bd107ad3a97cf74f6b770f49a0af9b7b5af1054ba3e355c230,test
65fa78cdb514bc41dccb3d19597593390789ed3c22b0da2da3ed2b4a31b926d3,train
6600760f4b143125108961654f54ac6e8b3631a6d724323ee55eee1d07061cbc,val
6604d86d8f6d97be58b3a379950b9c8cf9d45222f209737c046d77117a3322ec,train
6609ba2fb9bea06bc764f6b0bdfc3b96275f09b8158af800505a0beb1c964535,train
660adcdd212388e8703cb2a4bb9fb8d028a753c95027f8a45acae22f4137d9e1,train
660e65282e739ffa3e70fbf054abb82a448ee7118ca478ddfa97c7d9f7daab6a,train
661f499f26c546b88ada89f078d7391699a1dcf0029682ff4cfc250ccc33b67b,train
6621cd1c049ec1fbb58c0f52efd2590464f4b724d262d734c013b2110e04b480,train
662ccc02126015d43fe05a430be3b8a7928682ac98241a99f7105692aecd3e6a,train
662fadf642a37a4f887bd8a295ece9d3d86a89c1d565283e32fa224758ff5913,val
66309d00443d795f4a94941c134f022f6b5ed3da0f5f1f74a6b42004fe5f055d,train
6631788d982852c2e5136ddada4e26e98a6e9f771c7a94c4d7a98473e11c9e3a,train
663555515e90f1d29cc616052f4b8b2a6b97a784f18a5ec8802c4c59b31a9879,train
6639e3eac0407cbeb0972da2ac964e03a517e59387ceccc7cf9673c0879eedd9,train
6640865a52d4fbe8a7588fd3a40ca945e5d764125a2bca538e846f3f3cf00610,train
6648a353bb96664fb1c6eebc6f8227670aaafbbd3af032786c45facce264c73a,val
6648a5af9724671852476380e9f1bd599990e8d0856397d7c86ea3a1e8d36a64,train
664a5fd525fe03f8605527039fd6c6d9ab0a2b5339e3c5b229e637bbcb08ae58,train
664cfbf1422906f961994040f4508c4327aad8b7006e56dd26b778bbadad961b,train
6652ed1941b4c9e4cef29a3444372faabddb1ec92b5bcc52eaf52695d4de18a1,train
6655684a2be696b119d6570ffb3c0abbe099e2876712b123f84c38c7f7e216c7,train
6658890b9b7d9668b00d17f93574a7f967487e5a6a151eaeffc33e568a218bd2,train
665f7d9d374a1f1834dbbb78a5aa68c82374a3a62171c5eae58c9be515c2ec30,train
6660095d662552012ba232e990ae50c1eeff23e506aa87f06ab6be5199a0e434,test
666def41466e8a3230e3d2ac8c7dbda795f464a4ae1162fad29c317ed6f2c1cb,train
66703a71c1f2e521ad089aeaaef058b86624734230dce41d6ef269c6d9cfd1e9,train
667325da0c117eecb6b0947cc5b0e00edc4832e849e67703c133c6d6004f2638,train
6674dcc86f9ef7c51124a2cc0b0fda9f89de761522b0c132f497f5678eed7157,test
667a2cae2230e9c64b49fc022898b5106e6949510c8100c4148de9ab166e5a93,train
6683393fc83ce45d54fb756724a3c712e1020e9bed84c2eafd9cfc636cd31bb1,train
6694f302f41c155d58ce0646a9b2e6a35ed78a9ba6503f3a017cb9cd8b3c074e,train
66968682e7df37640248fca5eff61e558547cac671366212534207b9d884ede5,train
669725985c8f4db968ff39ec73d48184de0d87be303e65ac5055e65488f201ef,train
669b571c8cb55d37b371255806e58fd6b3e07b031e1b4a442b241d66f802bb02,train
66a22ec674a10be5a1eded58696f77326977baeca31d0b15823a33e571021f78,train
66a6dc787567939a5163a889a2634091802dc954bd032cdb52a3ba1e2f15fef7,val
66b743c67db0f4796252e98322523cee3581b9184af58f555f4a4ad487e992e4,train
66bed0151f9382f5a9dace1bce94ec1bb9971042866edbd33d951d427c44c573,train
66c0d0c7b0b65c97d1c693849fc51b17f259f92410556450476f0d0c4f6f8600,train
66d02b782256c4e2df5a458ee7f26d141d2cc112c44111fc3b9dc6124fd1d1b3,test
66dd01b9fabcde23975f868d4bcbe410d3fbc8081417aec542bc6c14cc763d68,train
66e2a49084923e2b99db5d4481c5cb38dc30f1bd0db19e41d52cb958794d2e70,val
66e56fde30179605cd2cd7e51e33567f36b4703ef3cfeeae7c9cfd76f28769c2,val
66e900adb3dc606fa81e8bab063cc375c6ecd860e97e4ae80fb6519956fe63b1,train
66ed4cc657f61b4fcd4f5f02c520adfde21f98e648f10f0b360abe8ed3778ae1,train
66f9b46a003359237569e1920c109795252642224651f4d9de1bc2fcf3bc0183,train
66fadb470614c81fc1e66a92e1491e93f97acc7eca7d12763876a8a70527a48d,train
66ff18934fdc56c43cbe788b4f00ca42df143c6018f997fc5985538a4e225c9e,test
6701dc71d49301bf2886be823412794a52d473aed6cfcfcfcf090a21c07dc333,test
6709a88c83e4b28d697e67c713a5ced223f4429d61969cb445421b5ef02862f6,train
6709aaa8d4731ee2dbf2d8095708b5820420d0a9a756b53e5d2b6b0aeb386604,train
6719cca59085a662c89cc39b2b9d733c617768fa743f76754ce899278d161c12,train
671b8c0de34713446c7de1b8bd8db1716be15ba52577ad512164dc72604d787b,train
672105c8d8a9651d27b45ebe58fefd9e204dcdb55cc0279972b8c3f96a814a89,test
672270bc93d2afc7bdebc9f0f086a17c55f3bc9523b61a54f9a71464003b2d9f,train
672586183dee434716de82d9e03ee51018a76fc8c304f76cc3330991d0163b47,train
672ab1436a0d7aaee2a54f8df5c0d8e93bbb09875cdca22f13dde9893646a818,train
672bb3d38ac05a75da9f59814fc1c14c654f9448a473f0e6a6c7d9c43764d8bd,train
673ca554962950cb7c7974055274fbc7b2f0f930334821abb6f116e33f7c7eb0,train
6749ab6e3e2b6d928dfb4e66bdb148955fda18c6f1842978076245cb4463bb3f,train
6757401fb6c5f6c2abc0cf67a86adda5e9dc0a90b15106d587f6c778a4104e30,train
6759994843dc3b41646057079722b80fcac1af6a9288eddbb8a4ec88d99306b4,train
6759d81e7020962daf85b1c513b5c55f6cca77ba8ff5c8d2ba43ac4c6e73efbf,train
675a213303ed2fa081c1e93ee0671a999176d0739ae3ff32ab55a74574a13ef4,train
6763b43536230c8fbbe45e13218e99b7a85bd9bb660f0d02d2ef3a8809e5cf29,train
676423106f822e0d9ab23a911ef07ae6aa48dfd93267ffcec8ded0a365da55db,train
6764c8f21c5512d0e23b11886e5bb232e37dfd30837b195865cf72269e4ccbd6,train
67665497556d3200853e3284f43c76a43c5763a78584410ceeaa0b074b68dd9e,train
676a9a313927772dab379a538ccafecb6bed410cc10ee81ea75adf06c632facb,train
677a564161228f885a54baacec7959d8c2817535b96ad4685d0a61bd90c3f426,train
677d9562fb3f1d870519bb1dd443bf6e8a2bd17c79d3bd2b025b553ec9bf809f,train
6783ca3034f64aa9864a3fbd26211f210f66314683a24483147c341401786fee,train
6788de9381d7c74a029c6c8fc7df7c257c15bd011672b63d0aa021a46e3f3759,val
678a560fbe533793167b6852df7bb39a4971548012eaf2a674c5692e5c66b2ae,test
679bab67ea2545a67d6cd4d4a4c42d3b82efa5b79bd0df3577ca49b2ddf63417,train
67a164082992b57fe2e9e91de6c08b721ef8cbb31e790d8eae99afc8394c2d66,val
67a46213973a5eac23cdf780db792e887625b259e5a04b54e614d3aaf7cbb42c,test
67ab67d2f0dd8998b90d54f7041cc71b6d181cb838b7fd8440bfbed31624da51,train
67b824784c551b833f31e8552fff7bb2ef64f152fabba69136a5bbbab0281808,val
67bcc2d7d3755551cce15d38032f16e8dda7c48fa9ff47969b56e61e9156e830,val
67c51259043c7409ec4180dac2efd68871f29066e18aab48a3c8dfe0e064698b,train
67d6e57d10f5995d6b8d5dcc31127b151081acd0e7f5364cacdebc723eae7e22,train
67daba9eafb0807c626c8eb017ad7879c2b6e0f3f4d1271412b90effcae13d17,train
67dec208fc26522b93db133c0765d58974349028acb7d7b48c144da3e9e78039,train
67e00d560c8e217287f68a0e8db35246b98bf98f25644db3abcdaccf4dc19ec6,train
67e10dcc0ce6e3ad71baaba60085bd94c7eee29f972b4408407a96e5197939b4,train
67e182529cc1a9fae2ad5b84daf702f2067eb87911577381f3a287cce6b8c376,train
67e3fac387164ae8c64cb54fe40c3da7fb24d151ece312c5513c3e462b726355,train
67e8e382bc3a4bfd029ae3082a69b6ba0a0bc4d1a63cf4179380b352f146ce35,train
67ebcb0644a1912704ad6b39d6b3357b9b3e93cf8842bbafd70df7c5bd4f8954,train
67fadb9d394b7ae0ab351eb47af3430c2a58bb60c1fb6f937a276c170c3dcefe,train
6806795119bc7c0e8c5ffe243298c9e39596a84db122e69703fcd6c179606f22,train
680874981762f74a6b397c05435d6b9207091c7914a6fdb0fc4379921e4ced4a,train
680b8ca665ced5904b22fbf7ccc6c1a792668d5e8e41a66bfdd91e3d6380ae79,train
68171dfc9d3a38eefe8a0291fe89820ff56394cdcb2c40b4e1dc4c9e0335aec0,train
681f7e6b7f61d17ddf1afc2c5657f50b073af29fcf492c92a6d559f507a88c05,train
682619d121ad2bdf0181e50dbe47d66d82048eb102325886d1ab82be2c5606d4,train
682e3adbc9de567624bb6fc0a54bd77f2b479098e5631d22eb94b0e484e7e193,train
68301d3f9891a794cd6c96b38708ad4830a867c0bc0b641ec92b2bfe81bd643a,train
6830a76c5b959fa29cfa41550928dfd81e4d530b68a783b08679bab07295f60b,train
6838f311ebcf4331eb96bd6ab30dfe8dd76a5c2403f54815c95ee57246b49276,train
684722e04336e6d69f97438b73e643748e171afab4c35e449e0107d0fcc50f60,train
684c8cc69c478291c3fa3ad997c43885077f47b7b38777f38994301d9e2d9b44,train
684d2e18a575cb9b059e35eeed9ffbe30a3411c62e046d5cf0a31a24e0fde9eb,train
6852ace82cb58bfd511cee6f2b8c6272f1bdc7c1db6f8893957fd7d3fb5324ea,test
68591b7db268ec37b28d666efb246f9d8dbb1b07906f7e22fced14dfb057798e,train
685ee68edd3b42ea306165987445805fdc17135b0b8f069a341e74f078659ae7,train
68619d2ad878a44b48f768bdfb15ba25662a88de73eb98842071be8193db71d6,train
686b466ec789e576205b9ab07475f223eb277f68370b2441c1a36f083b22f4ed,val
686f8600653165b5ac3cfa63241a3d1b8a3678e46fdcefbec5dc355b56bf5260,train
68778d86981a843d7d2890b9433ad99f3fc6797e460143260a2ba3de7a338759,train
687b4a96ba7b2ac5a4087daab5e7614c77150445054850c6e7c454898d2064d4,train
688b6df152fd1012302e77a9ff551c9af97409e690b712830140c621565ebf3c,train
6899bf37e932dc8f2b326598e1c065fd253b99299384d429b305693b1827cd25,test
689b5e2abd9ce8d317742e3fb969f979639ce72cd1c4e4bcaa52e5dfcdf8a2a7,train
689b63c0d3db73b55a240ebfde3cc53e5199f5f0f2e8a764e618525671699b73,train
68ab4356a045c67d5f6db1d42942fe5d98409c3dcfb0ec81ee1332e10c55e3b1,train
68acffe717fbb2a447ab46c0a03185dcf6555ba00f94accdf88e4121354ad815,test
68b420b629f2a0d6bfd836945fe36b550bbec8cc3835d053d36f3d4d0f8310e9,test
68bc1fef47fa10faa56961a4d4f9b1fafa88dc49f0d68916d22941fba8e4a0f2,train
68bf11d4387a8f0d3144d8daf2a2bf15910572c41d550792c3114ddb3e7fc6f3,test
68c597e19fb77246f0629d3d836c35133343d7304a3fa901f4ac77449fd2aec9,val
68c90a8c783621f5fb79636907d4ec4a6dcfc3090aedebbb36aa5c0770c1ee57,test
68cedaa0ad9a40169fc627994dacd87e55fccf596e6db5ed342f06ddbf789f3b,train
68d3b553a44928532f1bd856206833697bd7e2ffeaef84c7ff7faae889f34b0b,val
68d5756e152f299313aa9f2b3a426ada190d066d504c6cad2d6af7ee65f6cf04,test
68da7acb1fa9b448ab9ad353b39bb48d6447e7740f6fe06fcfefc7c492f89ecb,test
68db4f956a7f8acfe9f8446cc1aa96f55535c24bf730fdf48468e647c2c12edc,train
68e6e9bb3d4ef33a7d9ed7fc362e434bc13c9394bf7d4462b5a3e7c55eab247c,train
68ecc30fd5f8b187445e0fbd094a9922eb13ee6f8f66062943df8ddcac614df5,train
68f61379299228182c38f5e73cf591b99b7eb0cc57100af95762a886985bb9c2,train
69031f26a6881278e8782e9a8718c2268bb2321a28f257ad86c98247fb8f9a75,test
6906f93c6aa86a024ffc381f4d2692be4f3e24a01674777ac2b84ecee61a672e,train
690f30d74fef6ac9fb78bdb2a145efa5980733613f42aad84f1a3c5e55622acd,val
6918a19ded2e02f80a746d31c647a5f63fbc05fc66f06638a76c3b76e8ea0778,train
691b99e0003b45f6040c6665ffe6d8e62b94d773a164cc5e10a93edeb068616e,train
691bdc597f80eca33ea0583f58c2895851895841e56048d1871f737eac635746,train
69215bb6bf7e8b3322e6a16d3e111bc8bcd75b4ba829e4c5c7eb54dba582f3b0,train
692195e2c568b9af47ddfa71940df8fca266f42a371755a86e363fafcfe56d39,train
6923a0cc6403009fdcacf411d685b2a6580ee8d1d1bf2359702e93e65439e68d,val
692406bb0002ceb7ac507f26ab38c7f9bb1ae648c50d2475d3c961c92805075c,train
692ec97a9afa9e6ba0db1c4174ebb938118bf3894fdef5d79beaef155e39e0d2,val
692fb0e37357d9ece4978f38e16401840fa934b41b2122437020bf603f29343d,train
6930ade8b3e1eaa23ffa5dd56e4f16f225d7ea7f376870355f5f9813089130f4,train
6934b0ee525a0dad4cfb8af270a7a4cd2ae3a06059fe206e42675222fd50ac7e,train
69354f6bf3478b8ebc4fac33b7b06e27b8cf5cc1b6382fddf0b0fd05f39fcda4,train
6936e06b9c80155f4282463802260dab2b227c812a12da35d7a6aa739e55bf99,test
6937109bc9ea5de87b88f41c69ff3d9cf93e83f5e80c8ad7ec9707adaa3666ae,train
69372550b5fced689dab9fd82c67f89360accb9980aec5ee4b4aaf7c7014004b,train
693c3581f3c3626f0fd0395d41070d88870c78d3095254bb7593c103fb2e7ca3,train
693dbcfc2413dd8a5218a29521a61b1a518469b4ab19854e878f9fe8d1e31579,train
69403537baac3dd9ca1bab1154f9401acf95f55ecd24050588245202d1d1bda1,val
69438e51fd57c93b325cb6f5353791ec681015aa553e3255d81bb2c3cb282457,train
694eac68cc02999d3cbdee6d660844b2fdfb3398e255ea8ef01b0a5d8971ca44,train
695aa657d2057e128a9d0bbee0a506c8dacb669b18661fe12ad40bf19d7c9c12,test
695b915148f5c028f5f15e75eadba42183aee23576405effc2034d67e775641b,train
696346dddd8f12fcc4c6f43759e9648f43a03ba21757b486810fdfc180e79a0d,train
69657944b50eb37c98566a6c1107f292f0287876f5e2bc177ff52bf9e5fa394c,train
696f7c4f211549d3561c661f433af03727a3e91d50768ca578485b7e40b0b136,test
69747a245ad90e43b8c4f018e6bf76aef916542e6e80640aba1de8992b89e4c7,train
69799983fc82c4cf762a6ebc371b0619e730ac18c46bd9a156a8d497b453e4c1,test
697b5fbc690bb8ef1079e0d0c6601014494012173b498ea49b2223e8b1fed342,train
697e3b5b1a35258b8c580ba45ecb50fbb1eb09e3e138e189069b128f618f58fe,train
698112f48a115e0810e1f67b365a33e81a6fec59d4374920ccfaa0d8257724e0,val
6982569654930d4f7951c853f53f622cb62570a7fbaf23bbdcab344c8e189cff,train
6986050f963286c27be1a939f630bad4a0bd8c015a57d9290cdbad590b103ed2,val
698919d74e17a26a6db829b998fcb42d0ac5ab84b5c9ec7ec009c574b143e509,train
69897922828cf5892714c76cf00961147a43b77da8405fbc2eba8bec7e5034e6,test
698cb893734e67124118fb57678a0866e4d49b3ee25321cd8ddc6b690585ef2a,train
698d7a648fc8d368cb257bff87990f13a6808d4249d25b6b0ca6671cdc8bd212,train
699180a70c4b9b248241d9bb8d7bc4cb953820da9609b2b0cfe99b243846ab86,train
6991c2b4976cc658b9422372b1af6370ef463ddcef8a600691b557d0700f8e57,train
6996e3efad0480d6ad91cea735814a888a2bdd79da10481c6e9f670c4293f0a2,test
6997bc1535c8e1def0a5c58fa63bfc502d494054ea4df0770a04bdbfad8b5bd0,val
6998a0ae0f0ec9a2ba51aed48a9d5038046127684c1105bf65bf3866e82f7bb3,train
699f72f7f5fe02331210c6094b4159cf5c588cff21fe51eeb7ee40db743077db,train
69a6402c7bed794c51ff8692195f0232a8c734a272643b3b4b58e9b51a58c8da,train
69a864bd40df344c07cea3da6b86a29f6d2ce410851a86bceb51f365a9e2a2d5,train
69b699d089a696bfa7abbf8c4ef37016cb7ea51f6767c2d2cecbfea9236d11eb,test
69b9ee82f46b9fa7d2187c44c85872e080336df40b0e08c672996270fb8642d0,train
69bc0f34ef52b799ec757921dd1c00bc3effef4725fdcf9b320f325a0f1f86e3,train
69cad9ebc8c76926c7f6fb7e791736767dcfb848c8d4529b9b7db542d7942ab7,train
69cb118dc37ac26cab2fef6e3d766c068723689086b22e4d2246bfbad4a17f86,train
69cdb17eafc414e5c29d75b5863af0e97697caea58610db7b99cf66838431403,test
69ce90bf3869984d6fded671e5316930c1bd5ef14f4f017dac34218a1f94eef7,test
69d3129ae5610ad15302eede7317b9fdbd17e298803537433b14e8772631e958,train
69df6102472bd572036258b58fe93f896767565c6cb67a697dead75de1ff88e2,train
69e0979de15aa72f88bc4df685fd8a2bcd49af9e207be2a5ac2d5979f448bf42,train
69e1aa2e09691794b30e0b5f9365c9fb1112daf05d1056cb0b576ed999cb7838,train
69e3664dabd97b7ffbc0d5fdf6eda3a35024e87ee3163522a931e1eba586ab8f,val
69e4532ccb63de805d9369bdd2c84238ef56d5dbf6dea01c80e495daf2271e02,train
69f5cbfdab6585d187d7f136a905fbc8687a8b0dcea918d126286ec36f76b361,train
69f8e1d7acff7de04d64bafd3e9889c6a2bcdf729eb0d902b6cf0fdb204de8d8,train
69f99285406ef471b2d8a78946d0f7a7893df303612e6b42ac0681aca89b6e22,train
69ff798162b9c3134bb904a4e7b1c547ea134a441c31bf53b3cc9983fb56c1eb,val
6a08133252529d0b063715ca466321985a46b47c5f5de2a1604868eefd868cf8,train
6a09fcdc3c3194adc4b2a51c738abb533b191e04b37572c336198ec49c8fc448,train
6a0a7ae45b00c37bb3b716c65719743d7afa656056f7d48785763cb26dadf938,train
6a12769cc61e332006a0ee14ab9680a1f3ff44b30d7b98518eb2f04f9628b086,test
6a15c578357886e5b21cf0be83a5033353edb49a1ee19847ce5936f23d8e8b27,train
6a1833a8dc407ffdb21fec1141f97e3b0c49716bd5d7f339912de8f08ceaa486,train
6a1b704f5484e1d9838517a86a4a67f613fdd3e280dca801d7da386f5afb617f,test
6a1bb92d3103b90c80a43be096ece2773b915287ed5ae5aa8abc4379296ab290,val
6a27db6f8341004ebeceba200535bdcc7d4c3ef2f89657711ab7e0b4e1f029bc,train
6a282327b1e9a175d94faf1ecf76f8b1cb2dbde0d780e7dc89d56e6c971277e9,train
6a29d5b3ea3b16632a044b2b86c7962b8a6aea1b68236c5213471c5f2b14d05a,train
6a2bc118c29207822a97d920aa6f087a215e50df0129a06bc7565cd8f5560fb5,val
6a2cd8584878ae097abf8f963a43635478520bce6703c9cd11889146ba40aca4,train
6a317f9f1aee46f429fbb684ea632fb0778b4159489fd3141eaa55a70696697f,train
6a3bb50efe4d91c1d0843a390d30c69fddf59385987bdd51363ec03f8ec483b4,test
6a4919e2c2ca0da57b0561609f5e51953ae00a9b15cdb30023991fc08a5f234e,train
6a4d1480f2e60d368d35ddafc49c3527525403604cfa7a44bf35561d591edd78,train
6a4d318c6753419a2b8b66ca46fdc9d2854116b61d79aa339e7583bf3ba2e9ff,test
6a4fcbe73e40ade339391ae67c15c5fce700406038bfbdf171065d9189368d61,train
6a5200cc195ee3412f2e8e8640c7ae62f81a88bbb8b6f1ebfd1f62e4f732da2a,val
6a5be8b7b70f7cc779a883f5b7abcf3eff23a95dd56fdf244ab3856a9fdaaed7,test
6a603babd35f5ac5c0945f1c45eb56ff8a142007058a977feb11879d2eeb0476,train
6a618db49d9295976c9e0e03e7067852090e6aa05e095f1c6db205bb7962d4d9,train
6a64dcca4226783450877565194c7e0a6390c6ac3eb4cadf5aded116eb0aa4b3,train
6a66804f7cf144c9a5eea0a5677e4fd87477a6b08198fcafe7c965e5522d1006,train
6a6757ebcf5682c65f41faeb3c8c1cc332005ee24a622af17d37276c19161598,train
6a6d356bef5e8013c4c3af5942114f4f4967df2473c61203208c845f6ef14720,test
6a6f68dd79a2a21c4e35a26853b1330fe40b9c1ba0d4ca72ef8cbb13921d55f4,test
6a700813cafb90cb8e754c9307314abc0d121c266256ee4336afb1db54e47a81,train
6a73a818e2558db6f2e3d1b6ff71c40756de0d03d1f52c29f7ffb551f0b91fce,train
6a771a2a021e9a15b24b6a47982db7c4b150d2cfb1a53aad8bef7a5488ced788,train
6a7cf536132faf05eff62d3b7db26a292288f8252e2cfd8aabe414edf035c7d5,train
6a7e30bea018bf832c919d6875b6d19fd3c1f2cfe2b34780edee909af2998455,train
6a8f7176123679b525edf789cd909399f5add3ace8ead9df7279a7411b36885f,test
6a92b2ef1bb62367d5f57d9066635163341066e91e376ec9d9aa7ac765069714,train
6a9441d7d8f47296424208e8ff04fcae069c44ef280cfa86e8289bd7550adbec,train
6a974f7358d9c98a146a1a70516002adb3ee440aae9d433fd1c0bffbbe8123d7,train
6aa6bae15ca7cc698bc91c677cebb24a9863fef68eccaa7d1e46e23a2e813ecd,test
6aa706caba10d5c5f729bce916e56b90c82de3e3646e73ac41b5d298f6000e31,train
6aa95076ddae31abc8213472f9bef73d206eedcbd97ab3494c7216cd10513489,train
6aabad870143c439bb5a05abf7c7f366db27caa005badb3cf4d97837ee395c67,train
6aaca316521fb4bc47c143a39ffd20ee23deccc698c4d6da93e512c6d71fe590,train
6ab7d47519f2b56458615b73c66c0823039c74b35827c82329e973475c25e246,val
6ab832abb459f780df1bd98e8aac14cacb133628f44e50534ac027fcfd1a77ab,test
6ab8adc482146e63e4c3784a594f7cc6b0fe241b674db0be3455423c3903d31a,val
6abc533515bf2ccddc07c2cab605af281300dfebecc575bd520513f1dd0287a7,train
6ac44e8585e8a4c7afb8c2dc094b129df5dbaacdc2214aeac1d6735e0c06b479,train
6ace5374b5d8875fb1bae3305c3f6db733a548b78d76e54a0f91afbc2b620fcf,train
6acecb25a06a13a44efaeeaa087d63b5abee87f43639f7da522944b8af68655d,train
6ad0f083dcd72ea283b7a658268a0fbe8ef810e06ea3a84a5ca6f133815c7384,train
6ad879619752f7f626a6b2a032d5a2ec8a9be1ec93f198920f5163a3ff63c812,train
6ade39f4821a3bd387bb95e69a9d1029b460bb821eb0819a7e015267111b8037,test
6ade5769bbbeadf436037dd46f11a46b50cae232a598828d29e4d67c55aae290,val
6aeb9eb4ebfb8906ad056951aa57493225415b08cc4a5a778224bf14cdcfd3d1,train
6b0524a50f9e9a1dea08f927432629eed952959d91723194ea618673ad61c06f,train
6b095053f77a06080eba99e2f56c4d5fa5d1d583864970fd1a0e53b9bf690840,train
6b1141618286d4defbabf0651f17390fec842144895924d371f59c0d3a24c475,train
6b16e17e7ae8a9b3ec5307bfe9338dd2441d959329b90c56b969145d47be3d27,train
6b18faea5ca18556284ee3dd11462e1ce270ba06e262c4f5c08aed093ef49445,train
6b29adbf7775f3bc16840d0a330a50e21e3678a002ac74f2d780c6d4e40d4340,test
6b3cd5d6e7aae9def93aaf6f2d56d5b6253ba9ef3657d9e7eb21a5accb469efb,train
6b43b10eddb36ee2d3aae65e0d35382ab70cef912e9943ecac9f1a5550843b08,train
6b475b67165404307ced20d0db5d64715c9308287bea31d4143ba3c9f3b86599,train
6b4e449ebbc3ee4aa6fe44b15eba215d4fb7fa3aed1fced59b1027623702409e,train
6b4fe01e973f607383feebc7d7e3ef377724d57fef316893958fe9f835452bae,train
6b522b21a9b249e9a33ce88d832fc0c6426826178122db4c9b3279a90fa7ab9c,val
6b5983333044c2fed9789957eaad23c68bb3a3526a6ecf81d9791afdc6395098,train
6b663d44438f40b62e107fb16e77da3fb19127b7a0bb01b8e0c0ae6f30d498fa,train
6b66bbb25cab66936a8cb91453cc967aaba8f554d67ba69f29baed34f924d100,train
6b6a2fa20366609a1e8bc0214d8c4eb87176635c4643eff64e4a688619f05831,train
6b6f1bd8ae5fd092bd96cdbaeef1b023844404a7b34222bdf2f241f89bec96c7,val
6b6fb27663797b497db12e7b6e7efa49e0750fcf78e248cdc813e353d52360b8,val
6b721d4105104fafd7662c0014b15b16a2cbb935355e43f3e9d19d66134c3a41,test
6b7883fd263c37d5eb938d4183b2eae2892d7955246ddce514c95350b6e91ff0,train
6b7bc8ab2164d3c7bf51f51fe83880f74474e4c156571450150eb193a828800f,train
6b7bff36d9bdfe192269540867760c69a7857b32ec486d2b2cf111e93021757e,test
6b7da5c886e610b39cc4ac2231914951b3986f80536647c1f32ac41228ff317c,train
6b89defa7bfa1dbe3818cc2bb03d5cdbd1948cc6f124f875b4ae21a4eeb4289c,train
6b929f0d3166a4d6115ff615b85966fad0065a9663a4ca1b303a21a12d795ba6,train
6b957fd1cff450db7c03c49fb982ed14ec20b83fbfe9b23bae30312723a065aa,val
6b9717aab39e07f0f1902ace71a716c7a2fc907634dc420c5e9a12ce8a287c3b,train
6ba0955cfaa0e77171b7ac97e9405768bb2913b9d56d50d49f0604a5ba676242,train
6ba1e85057b83058a4ce565dea590386f21d28aee327b463ffcb0d7064722870,train
6ba7f8d52fdc66231ea06f6757cada2c835394521c30dd32d472f90f8469ada8,test
6bb31afa2cd179349f3df113c18be809309af58b7e99990a8aeec8609a29dc4b,train
6bb5a7a826c79e72c5b370b79665b5087227e2ab16f9dea02aaf3959add89cce,train
6bbd16ecefa79150669b0dcc4639ac72b578b73cb4a01c3d752af0eb2cf5d41a,train
6bc0dcc4c50e4ac3f266ed177a67ccb1590c52f650bc65c7def1f7ad41ebf62d,test
6bcd9953f4596c4277bde8d90e162a3f30041b6d91819ac3d4d0c1a81af882b2,val
6bce7f7de842a9da0abdc8b04d9a0812eb32ff109aacc7bc6c0d3fff93413b8d,train
6bd24c01e93ba8de1f11d54bc9ad383ab18331a8c1cbcb6c469973aa60e0b26d,train
6bd57603e95eb4c40408c9a28c2d5b4ed3a3e52615135a5be1bcbc2447603580,test
6be087221edec443236ebf9ec7068381eaa1875661c44412195538c1bb5c5a92,train
6be118e4d958fd5b84243cb7b764ec248916e615a8dec5a7e56366407c49ad2e,train
6be97263b52aee39886869bf0ed64f861765f472718ce94a177a975dcc63d1cb,train
6be9fd696f605aba580cd288e061e171c5a37fdaa58dc023f24b356ef5bcd958,train
6bf94a0bfec658fa54a90ee94c1a7eeeb9c4c4d36282acda367a38cb786cf069,train
6c046e3abe2204b8a057931126fb87573eecd193f0684461169c8ef446db1415,train
6c05d4a63abe5c2196b62bd1d37d370806be407f78c70f42986dae09c5b30d09,train
6c066320f73213f079e70f7904e6abc03297f9e3a057e945d9a7f4457f6d758d,train
6c0975160c9dbc359e122d0128d4431f4ee1f4889da4f6503ba0d4aed221b44b,train
6c0de41498f34fca8bacfe038e77654668d77ff6fcf354a47343c52651af7ffa,train
6c17db636e21fb3ea64f9f3c2d540b4a652b63edfae942c24bfd95955f05dcaf,train
6c17dcc386a56232284b2be31adfd66d7d0a86adb76c4f83b4d6a5ca625c8517,train
6c19156e5f403ab5cadbac02a33809a51ba9af6eec072b7f0b3f4b4bf54a195d,train
6c20964337883b348438da2e63e66149f6c61e5da46a73aa3bfb8c9d5f2f4be3,train
6c2fd3af75cb629e76bc8d3e812d45a3b5fae58367eb60fde97eafec7f47caa1,train
6c368045993247a52e851c2f73965569b954d82baf79ee154ad9a68de66496fb,train
6c37e0aee458dac2cf8335553fed761f289c8625a34c49c0890595aec135b6c5,train
6c39603e09326d9b6d323aac76888338cf68a6ea16884dc765eb1e17eea6d10d,val
6c3bd5f386f9f875ebfab1476531066876a0f2aa18323107dca5da9468286a18,test
6c3d00b3bd0cf66890f71c0924e373594e0bb7bc092cdf48e97d06e87a643e91,train
6c3edff2dab3a0ac44dc364a838f59d7ad6646bfb81cefab37b6344972148f59,test
6c3f834d9b6ed9ff57eda3ce475c028589a8fd35372ed9ca9cfa935d272f8551,test
6c4b1baabe24ee43f1c9f8f00260ae20e0cb2590b7759ef5b7f754f21748beab,train
6c56b3f0c49bf3832c1bb5ab9a656720898e0eacd21e99305ffe743a9a0c41bb,train
6c5e9421813df7b07aa1c9d53c5962fd1e8f83d8f12610ed4777f5b74b90f701,train
6c606d6fba590fabf896b9fa82a2fd16b886158d54916db734e49507f43437d7,train
6c72751fa274b5a0a2ba8903c298e423e574665b02de6956c4ef6de37fc47561,train
6c73e24e281cfca55fc6c3066f0777956b2793b074c62ee0dbc781eec39744ab,train
6c7b182d087145cea74a91da9654f5e23972b6234e1027643940b660d20b8b24,train
6c7fde746e3a5e3f9835c6cdb509828c56bccb55219b8054756db0b30b66ae62,train
6c7fff3ad5c0e0c7e9f23fe8e02dcacc79e312b1a50471543069779f732e1ae3,val
6c87c9412f3e2357a1ef4f5af7e07d5dac5115f5899d4a9ccd5d123f00a11c74,train
6c88a4711802f7cd096e721b061c886187a7107362b82bf5bca1ccdf75b0ddd0,train
6c955a40453b45fe701d1c5c46eb8e43d949404b3ecb707a2180f88f7fd11f93,test
6c9bf1c421a734831f74f270e40bbc51f725a2f01079e92dce5f4b6b6b08b9df,train
6c9c42d54df30ed41aecce7eb113f6c907c2c4db0764f6bd091154468220820a,test
6c9f7836250f589f80b23dba017b9d07d1a56486e5655a2feb7a3bae73379b66,test
6c9fa5180ff3a550f393a91c0cacddf189407b914c0e165b4e9b4fe41f4e610f,train
6ca106a556e59314e6ae7bc8abb398c67631f66c8cdd01a7d6a2fed931572b05,train
6ca5807b49ecd8d56bea02ea7d896b18b5108bb6e8c725d5a999ba410305b102,train
6caccec96a596edabdf2e4317fd4cb0edda36d2e7150782ac46d45e80cbd537c,train
6cb66ed8fec934ea496ed83121f08efbfc94f0821fb2b3ce8a1d0e0b35aca9bc,val
6cb6df286c56fed1380346b4a00ae3987d9ea157323ea1d614f9fa5a5cef32ec,val
6cc071ada12c09ace3115e0b288eb5ef053d293d1745ec274810b74cef0b9eef,test
6cc77702a18c661e972a45fca78ab781ebeb042a6015196267ee4b0bbd5e15fd,train
6ccccc042ea9860b133dccaf16a0e25f797223d0e94503ecfae934890ab9db1f,train
6ccd6559491fabdf13c27d498707ed37ed3fdcc1d6194ce0ecaf1f7d3069a241,train
6cce945858316b4ba5e5db1a214ba62a875494047e39b4e67bd1e39e64815eee,train
6cd25e62f10e28e5c444905456757aba031decb604f5c61c729bad11a9ca46f9,train
6cd4cdd185f23e7c4c0f162be16021bd34077b96fca1802a832c309e63ed78ea,train
6cd59ecc276e6b64d311a5cad004e53344debef078ae4cd39a964b5057d6f863,val
6cd8a7108200ee74c0b17c9a5dd87163e8e1b5b0d890d0b9b854486c6ba5f781,train
6cd8b6249e5dbd08dcd25e34925288a76dd308c971aa697ed02741567d93d378,train
6ce44006d58c55a2e9b6ea918d1f93c57a2c1c071edb8d3ad3a954811328256c,train
6d03315ed4dd788a22746bc535bcc97c2473fc4ead91b82f8d6d0eba7c75b7d1,test
6d073b2b63d7c3f7400ad8ec3246098cc9b14f08e161ccca13ba53ff121d689c,test
6d084a3388cd8570ce1e299ddbcdd0b438636611addb782096635c250ba88d3e,train
6d11fdefa94086aa9973b342edbfc758966699ecd283fd6fed932cf6e6ed7adf,train
6d12b948414fe5f2ca2a6db1d3b4a30179360a19610bc6033697b51a063d44ce,train
6d12ce8b562abfa724643249ac3c1042c4e6037f3e0826b245df3fa4b42d2551,train
6d19779ffac8e54ad0edd629f7ce5db58b81c5b8f9c1e9d8f8e0f6afa00ff38f,train
6d1c0feeacda911ff3f01e4ba79c6d648920ac2b2613e95125b61d4ead809579,test
6d329f0a11244d98bea4f3cebb6bf4a1fe60dbac848fd01e5a837fbb7bc46c45,val
6d330cffaedc6795573b5dc55e0db459c52222af876f3725fa1772260b87660f,train
6d3a8a5041fe08e176b786fd81bf57097044ee068a8a98749bcda2f582999265,train
6d3ce7b8249bbb6148e09fb79f3d42b1f77977a2e94fe2f7ae4f0138d4e1fcb8,train
6d4077cca858ba09b90548b5f8bf3fef96a29b9130ae810f5f1f089d2962ac08,val
6d49870fdbcb08a9c5f9ef25935e85261a8f9235d8c1391a6a237ca225ba8142,train
6d4d707e5738c1e3631920a82224820b3d6421152737b05cb9160e741a8761c5,train
6d56f8916bdd72e725595a4fb2fd32ebf6335c20d455ab513433dd673e040a11,train
6d5ecdfd0b945a9defe0624c3c05a2884e3692f927fea98087f74efd7e2c600c,train
6d6065f1503f3e8520d4be98608e0b93bfe1afdc2c9c4a89cd5b6bc6552c9289,train
6d6373d2e18902452391cfa664ee18599017e40f798d46cd4de3bc5a1da9ae72,train
6d67949486580b244c4b818b82d39d4ce586edd845ad58b4ee8d7aad86c99ad5,train
6d6dc27f95b794c4f0dfd39cea4278f0c775871fc7d7c94c460e0fa8e10b7326,train
6d707c969b374135aee15a34dfd15d95c9c03d779f8dd525fea454f671038bc2,test
6d73ddf67c54e90e70cc3d1452b1cc1e7399a2231245ea892cf647657f78a031,train
6d75b02a029da81311b0c1a1c88477f70372e385c0348082dbfac322964ebc53,train
6d7c31f0a68a2d2504857f8c2315e44d76b0a19076b760f62d8c3101ee30d8fb,train
6d7d3c26069df289d9c0387aede636f0a2ab7d6d7c6bf7eb918cf3ba42bc48a4,train
6d7d80e386d64a92dae8fa5d78f95ba7ed96e544585063a7acecb6407c6171c8,train
6d7e5111d8a24ba200983e9e528dc4d97ea809db9534e47df42162738df90af4,train
6d82cf325afd39d62988f3419d3b9f924b198439cf5427f16e7d60533ca07eaa,test
6d96bd3c2efff7f0321044de2254bee638039ced887912ec50687261907ed274,train
6d96c912115500dd8bb59872c2dea346f9f58b0d5b10ce433d02f9864d3d2ac8,train
6d9e2d139e83d7e94d0b160613a456a5c69cba45ff76908592073be971b59dab,train
6da4bc30873f515cc10be19a387fcb61990b09bedfb0e0808cf85c6cd3af3321,val
6da5a5bd388bf95589ab0991088b18f75cc589d0f82f090f9b564ed5e5f22598,train
6db11e2ac226c78b798b68e208c05282b653f67fe31258e3a1d9b42c10437495,train
6db3fdc4adfd73ef591c9a3db485163fb730187ce6a2ec6485e7ad5fe3654704,train
6db90db563b1bc6519fe82d1a43b2834a8e4ae98e544bb5ab881ef6582e0fe42,train
6dbacbbd114906752725be628c424121b65083e70e87178fa67b390f928bde38,train
6dc3fbb3b326f591e78beb1ceb81b10c694d9f38f3af9ece018491e1f84d9b88,train
6dc673bddd6c79e8825ed3e3667315b79302bedc38679fd91a11b516a64963f3,train
6dd27eadaebef86af8d88087e2c0f8c1e386dd212be2e9fcab32c606f6780d42,train
6ddaa21493397f89fedc19dc51bc2712ba87bc82da4ed755121c178033f733ee,train
6ddf37eecf44c1ba137f2b9df20b76eb29b632b47e1e00d5b217a97cbb4197e3,train
6de611200a3875025c7e178f6aaa9e3834579ed23da08ecba4b5ccd139f21cf4,test
6ded0fa53c5a7f71c143065bc072c74fc0834496e36dda0e25fd23ec0d089f72,train
6df1d7cbaa47fc206ac7d7d8d2a2265c14cf9f8c015718749fa868f383420146,train
6df5685dda37763e51e3d91be5075e631bf7b8ffe86b413c26c915ca5e59ecda,train
6dfc25e5b8a921cc34af4aab7fca3d53ea530649cd2f8822e500dc03fcef44fb,train
6e01eb85b9b58287fe02cfa270cea6af803753c4b0b1ad1a47ff8dc69eb959e2,train
6e02db4b725185341e4eacdb7888381cda53a61fcb2079cd39fa5002aab2e5f9,train
6e0364443d998bca4a9f7fcdee2cb8efaa23ae4bb31f6ce64fedca4f84838d10,train
6e0ddab3f7ab8901ec9a7f1301c402856d5c1218015b37840a988a631b94e826,train
6e1362efe6597d81c9af3bd388a9ade361fac6e212bbc5abd0cf08e339275c8f,val
6e179ab9b0febf289d27b10a8f3b8fa5b661c45e31295b498de1f7e031b42259,train
6e1dfff47bb576d320163ed606260efa85a4dfca79b95d958b43e5f93072a135,test
6e369690d2bbb667a61dff5d4da0176137e029ecf241c689ebc191280c896fb3,train
6e434825dd8d4c528853dd13e5de45aa24a21879cfd77e0be54dbb7f10214060,train
6e44612181e9a8a2e8fe28306f128080f33317dbd79684b10ecda021c55c9162,train
6e47b2db68cb9d56c81a036aab17b788f7a031bf6d9fa8a028fb918a2beec37e,train
6e4fc8abc3b4b4fd17ccaacbc15ccf17a5f979ad066261219cd6ad2585888e22,train
6e546ce143495f354ccfccebbb8e712fdff1801b21018014511b3d582f1e58c7,train
6e57d764bb7cc03f6ad4443ec5a63949584f8e08b856ab49e1e5a2b1b75fe789,train
6e626c2153ec56b967e20ca9cad5a85ff14366e45c4306e14ed54366001729a7,test
6e675534ce9b1796faa16cd1c088b656a28501013dc5cbb946fcd0be1768e949,train
6e6ada75dfc6e3d19e885b84def28efde24e9606c04a36b78e675f039649cacb,train
6e7b47f4bc0fca0f28da15d035f28e76825e9bfc68062349eeb56aff3ace3f51,train
6e820342a181113b3f9af04160926774fbda937233384a57519f8e9bae06538e,train
6e84b4d0e4e43a682a25f60d1e56b524ed34c4488ce18162c337d2d424fe6ef0,train
6e93407f4e0f5a245d381af6a76d0078a295f846b94ec012967dc2cba59523b5,train
6e96863dc19a972a4d2d3a9f4de092aa43110e76460b9a1900cb5902ae0e9981,train
6e974a3473acf68bf8d45357fb2b31053d329dee5f7a41811ca91997d58a0e51,train
6e9ae47d84fa4d3e470f2aee6c9c04f4463b90ee14e5b4967c38b1fb7afed671,train
6ea173370aa77d0029c471d6964d77b7b3a954f89bd3a709352a39fb9b95e72e,train
6ea87415be7087a8fc842a2fc31cf4e1f8ced37db374126ae6ddd54e33e29f6c,test
6ead2b43bed930db10d6b4cdcdb7d2535463e587206d09da6c5ead600f16b3ee,test
6eaec64ff42d017be186d918ec9131be32168265be3c74b399aebf318fc4c858,train
6eb79a6f768a2dc134aa7192276f14c4d1851b46c0fb40b94205496223ec32e1,train
6ebe16bab09e76a76058cf1f1626bac2090014b117620f82776a227f15cf8c59,test
6ec63d390aa640d4ca8d350392dad1828d411c410f11f6cd17fa3dae66d0abc2,train
6ecbb80adc2e7e847da7466e3900221735efc8c5131056441737b9ac95f81c15,train
6ecdd239a51d0bad659c6e06e547586083adfb913f8fb0c7c59d76b1b462d5a6,train
6ed507f7a983017711394018faf66688682503e3378ec67692b3ad88adc8579f,test
6edaff90ec5ed3915cba2524433f914a31d0ab0bb68a2e295076a4a0361e74f0,train
6ef6228912a164bcc056362d93662f09c0fa087eb8f5b85e3a893a9c6ff8f8f3,train
6ef65a8b7adf3961922aea56d0a1726f5ad5627423bc8393f54088a48d620e40,test
6efac78b01f5a4b3583520cfa55c7dd04471aa19f0f69b2e2595967990e5f361,test
6efd792349423fb469286858dc19101bd64d9e48de452f868473fa1e1f0d540c,train
6f11ec3046cfc88ed017840c76c099909d83da6b32925137ff610ce2a62dca87,test
6f135ff8f517330f99460cd32a241f1fad860e4e8d19c5a51fd4fa7ce60dd99c,train
6f16b40a93e08ac26d50ed393eced445a2f23d99a70b36afc629bc90aa05b5b7,test
6f18f9e57da400c3bd4752e179f93f0994a6af2cf423eca8f22157e3b3866319,train
6f2d78136cf71ab384d2fd2bc8c138690d080ebfe7c624de56493921bdb6b53b,train
6f31a8c0e80e068122323640d29615ae4e6de3bd18248629ca3842b315a5f7d0,train
6f3816f5a68d875fe5f309ece49804837ca1007503b760fc2b8ee0865f6a1c0f,test
6f3ed061441aafc099cdc871b60d5afdd2ed4c12fcffe91c0ac521cac4056a7a,train
6f4588e9f16da050b2f7074dba78be5909a8a88fd04b083498d31b54c2ef6c14,train
6f49cc2b4781b750e1bb00d4c1aae4773921e24a09b7541cc680aff90a189588,train
6f4a93b7a3d0ff3dbc19fb40cb3f66e73d41a2f1b3ba85cef2d726377ff59726,train
6f53e8a993a1cd3a71bc72b76d3928b5086a674d078cb3821b7fd9e013cfa191,train
6f598db1723902049c87f29b9bf1dbe5e83051251f373bf57ebbf1674b35745e,test
6f5fc656b047556a800d49eff60101b87134c272d8bd95118479d9200987d4fc,val
6f5ffd4caa3f1ec18a600a965d6bc4e1ce79524d235d752b198bc85726f1cbd1,val
6f643a38b478fa5a567407c801ba4900c088f962d577f687b028ff6268a7f9cf,train
6f64f66476b47053ce8c321f4da3116d60e795b4dc052b2c113b501f9f10027b,train
6f6be6ce4772333b3c2f957f68aaf1569851876e0e14b6d39eeeb8803d71d759,train
6f6f527720d8c9ca6f6e0493ea062ff2ce174e02183faf7ee145e78dde94e4b8,train
6f6f77a679c44ec739e0bd615b1e6e0876c2a64709b98759584f22b6473cce82,val
6f762a2de016d943801af46e133e45d3cbc132674c9b80e26fbf07ccc5ab922d,train
6f7990046f9818ab675371ab1e21fd4f1772f04b1692818d0b0b4d0aa332436e,test
6f79fa0c6edf6a3cfe499eb5c30eda953246e37775c5a7abe01566c9f808b8f3,train
6f89f195b0cb523641c996997e9e0b866e115c51781cf34dfea8d2aa8257c425,test
6f8be829f184353ea6881ecfbbbb5ac24536d3e270690acb0c1aa857c6cf1c71,train
6f8dc6e835295695036f74cae4cefb5483b7caf432424c1ad90409f824715f87,train
6f92542eade5552cdbdf830c9300ddb72f7cccaa91c4de26c1378bec4b36a733,test
6f95574a245ef42ddee241d236105aac8ef8233a13f68546771a123c0a1c3ef2,train
6f966e317b51a7d9faaae6ff934ee63155cb5a3ea0ef673624f4d347e7e7609a,train
6f9abd4d589b0b17d64719cad760a9486b483e363156abd7d591085988c658f3,train
6f9e67b6ac7f3323aa2f96718311e083a6c02da2647a718890fa5a42ddcd467d,train
6fa2ed029d7bcc1e8e0032c051f3bfb5bc30830c7e8a539d9c29ec0d6733b302,train
6fa84470c039b33a968c30fa1c9902f11ffe2d9ad8873463aa1cf9e9dd822dcd,test
6faaa93e301172aa28905a0e9e9e2f2b553de2617459f9f85f98d78695fdabf8,train
6fb01da8f8911a5ba776caf63157593ec23ca3e37e7d39f10d3c08c31ad780b1,train
6fc4759019090eee8702de53b1f2aeb8101888fa2e6722d389bbe7e92249ffad,train
6fc79836751b7dda27e261e4cdd60962a7d7964e0901eaab611e56a336519a80,val
6fc84e20bd48d6de7572a2b65f3f2c5f802321940f19f38d3885dac140934cdc,train
6fd24ff8aeadd343308d3eefef8128ea0a49eba161bbdc74931e5384abc0911d,train
6fefb7aef95feb4deebabbc352ac6cbcdbc717db7218f98914d5c8b168b45cab,val
6ff18c85c6efbab1ab7249010c6a3aece55f9cd30fec6bfcd53600ae67ad74fe,train
6ff3188d5cb764bbd368c9a9069d44909e189ccc71696b1b902b7b2dceada4fd,train
6ff3c8e7606afceb4ec478eb39d9b5e480bdd7b4c1a8e10629dabf6eb5d4b1fb,test
6fff57b0906b99969959eb5e3fa0b5ffddb1b11d095b1bb5dc3b0617293d5dfb,train
7002e2e47c3c4d0fd1dced8e7326ffa5e3318c44dc3f2eb7d4381abbbce1c7cc,train
70071fabde23fc33efbdbceca3a934b983a8d65d685b4f9d14100eca43ce928a,test
700c39243d9b88db41e33ac86bb6ce2e28f360b7b364ba494feef06d6a1fc872,train
700ffea92e33731ccded5c917dcaceabb02df55a9ab6733fed9afab5d1caeb40,val
701407468c52b5477e32b065e0bc3f7c76857d9e63154134dfb7dd3f349bc9a6,test
701e1a84237cae6221e30c152ceb452d0914b279b5f71f6fbe5f8b0f3621ecbb,val
701ec9d2996d154b5c34aa0143be10a75f6220c4cfdced78fbef9fc222a817d4,train
70251a28be82f79d61389b0c7cadd549689e4710e45b172863a2885d1114dd1c,train
7027ec8464651515fa80ee468837c065e995a3971a82369c67082b8a00d56c48,train
70326fd61f05408e93b2230510391e3cf8521fcdb6f3b796b047bc9e101efbf7,test
70363ce3e91453baa33429be2375dc0574fb173f4e3639dfc7be7293421bc16a,val
7037656d9eafb6558dd316d4500dbbc873b37badc616bf59983108d5630b7532,val
703a8176eb0f842dfbd8e6124466190bc803b75a4a9d2c4ee79590eb9a82b228,train
703f7f0acbd34d7548c234ec75e1bc21294803aa5c45efda863e89b895de3b65,train
70434ac649fac6331454c16461753f37eeaa0cd5d48e0fcd1b53dc85bec94448,test
70472fa8e388f6755a8ee9ca77942b73b4c3ea73901901032ea8816f420d153c,train
704a2e3a54d31811905f39e8ee3ccec140ca06265e18c96be0dd5cff1c5fa4d2,train
704a3c38af4826286023ca03f08f0fbfc2aeb958043f27db8e0bc956d6a23fb4,train
7053eb31770260a7506cf0aa03f21b9ed91d38c9ed6840ed064cf8d5bc9902e9,val
7055765197a85c221c0a7d69b77c2d611bf365148517cf77cca49232e4416042,train
706e5fc764e4e63702ff48578f0a491dc6fa8100a8ddf8a43b982591c32009bd,test
707822c637c9a82f9a42144efd4bc54408522afaa5e8c7251eb48985e882db4b,train
707a9aa1a487ddc1bad68cb68e18496fe82bc66f3c11cad4a6f29b404891808d,train
707adb6474ef27aea7a56145790d6246a4744553f6599f8a9cb9665c11918838,train
7080f4acd6823417d1570e8a0a95c9bd579ac48a01f9d76d6017ab4c74f98453,train
709028fd4382a2bf68d8e3f1862b3ddf02147bcfc195454a4edc9042706cf935,train
70965167427ae72c4aac7b41985ee9902ec1c7c950807c0e098cb7d8bfb77ef8,train
709968622a321c017d4835b46ba61933d41b3c19c7f932c4ab23458d5fb37f99,val
7099ce2429d3924a9a5af57816032cdd0f5e23d84355a5be561a4f0638f37102,train
70a3a23ca48247efd5a1ad05c057ddaf70fe327a6590fc10dc066071bc498582,test
70a3b4ad038a9edb060b1fd9de12d9393abeaa1f2a6bbd17afe132e8327f17e3,val
70a9cee10172ac8f851dd6e4b1bedcbdc8deac3ed6e900ae752b1bb74ce908f7,test
70b1f2b3261ea7dc72b59399b2020bc71cc7d21c64c20145c6c49bd662310c85,train
70b41b8a3740dca411fdbc46c95ae164c95771ad51ccbd551f93116a352db36b,train
70b4e102e392bf43c195895cbd2a424883001987d56b9456eee2828a1b1772f5,train
70b6f8a7d7135d4ef32c9c4c959d54bf8a7a84bd08bd1518e2f8a5f8ac2e981e,train
70bc9779991be05616c1eb0198374252fe708687676c19483179a5cd5f9961e0,train
70c8551d330a961c4e987f6da0308cf196093cb75212af3ca7295733ccc501b8,train
70cb7cf1e7b70a1087832a5da21b451396e9abb777808140682ed130646633fc,train
70d2372a5ff550eaeabc3baec18ac22b9f317f73ee68e9e19bd4f4cdf74542ca,train
70e4ce5f84a6d461f8b655407c6c521d0286676f760d91ea2ef9141777474c5d,train
70ee2e7936a154122b224c81558b8df8edae7082239f0def547f659bd5ee89f9,train
70f02682ee29fc384c97c4aca642b2767b4eee35e14cc554e8c79e87e4f24422,val
70f26e485acc8cd54b80f3596d0f92e8a7b95a0e2303422f343c96a0e08c3f39,train
70f27a5725943801dbb4815db0188466c742eb67c3a007fcccc2dbe599fbe68b,train
70f9e4284f16a451e5b2c7b3f7bace5e4b566d924cfe676d2c83ecb74b9bbc8e,train
70fae4b1e7b04e26ffb47db841c763dbbe0ec90ff04d01d6beaee07db7195b26,train
710311eb62611f23a8828137ccce5e729c5dbd4d10a34128ae6b288da2061aa4,test
7107856403201b8b0851ab22c606d2f02a24e68b921a40d7f4556c4e4f4f071c,train
710d1dfaec8b7329e71269c93ce9ffab59d3224fa607adc35e1b62266158a9d9,train
710f599bb0122b2af7b1fae4ef7683a99b12bfa863f7f2cf0f5bb2206fdbffa9,train
71152acd50350720562940ced030f188132b197bbe0f5ed715b21e1ee1d913a8,train
71158efb4d7fdc598738b8daffb93b9fe6da4ebc5d228c811407926d1da5570e,train
7118ee934ea01b5a40aa6568d0e99cefdf546f1c34475061d793371bde7df287,train
711a25130ad9c0198d3a966b66fe86e2f224804f0bb5b04cbe9462fbebf0c3c1,train
7123e07492035bb3bb43f6f154fe069235c880cca716f499e8fee91e4c1ce8f7,train
712da4f45cecca9dfaa6da5ecb606377bdedc72a0f2a824648730b9fcd90459b,test
71311865ca2dbabc2deb9efc6e53a0c91045d6f2887641007c97e63e31ea51ae,train
71311b95ef74063c4f300b322e3ce0e92190b7e66a43801f46bb2ee283516ee0,test
71365dcf14ca595518537e61078fc2f2bab46e5e23daeeefbeeacb994ef1c81a,train
713864b8f56de82c22cdb20239c1afb95d364dc26ae8dd3fb6c4555cef273471,train
713877ee60a011cca384ca7dfca39adee46156cfef702e63a96a016a836be04a,test
713f7779850953b8dda1c5f321e3635936f43a1269a286ec5f29898fc804ad27,train
714018f0acc20dde9d89a8ac269124c1bda73adeb1204cf49a06dcbd7be5bed8,val
71464c04b1361ab2f0a4d85e24c1f9e9fb77caf8d8087b738a84b26b0e78ba11,train
7149bcea2047bf09d19e76fba530c3320abe57c015feeba5d0fe895f922ac419,train
7152ee5164499cc607c1330b387579a179a042aac96f82539234bc514841b1ca,test
7157b4d4c585865319107600a035c85cbaa011d4f620abc56e377f9e3b5b2a74,train
715be2b709beb7d426e0817a31fe125bc8a541e98f48770d9354ea1e51efc350,val
715c3637f968d85c8aa0d1a07078907c7fecbeb3437a999284d419c74734de6e,val
715e446fb8f7112b15ddb13596c0c9b4d76646f078722496aa4c71c52a4d143b,test
7161cf12b55b758e2ad40a07ea1d35ca14e3b37a725a6a91ee828a342798aa28,test
71640c2e5868dd3cc19657c6d9f0b81a69efe1ab1a6ae1c8b6fe45d5ff3316a8,train
7165ee7dc6c639c018a68e112f3c102b34001fb3f79583de37fc41590e80a52f,train
71681c99bdf6dc0fbfd8bc3a5c9bd30602c722d6c6065e57b9500195f476ca44,train
71689083a0d621753a27f568890151115c5ccaccb22e2942e9ea4d4d52ac8f13,train
7169eb0fff41f3083c80905416cb35148e17b7c45e3df3604a0f112ae616df64,train
716d68156e067e48c7c302a7e2f342dbc9776b7ae6ba9666702209058d4bf151,test
7176c40c29e4d9ecdd9ec40babf1838398687ecceeb584d16c8c5b0edcc52a14,train
71771bd03379f5bdb384fd77f6ac188c1ec0149c7a98bd14202c845d9da132b1,train
71799df8024773372f587b2e1a215750b4a1e40042f6ea62e02f35a8898ec370,train
717c03bfb92553ffcb34759c672f5848f9c0659792206f1249504f571867e50b,train
717c8662e9866793728c6abbb22e2cf7af433a0c3ef75436167d51bd19ae3985,train
717ea9bf6b1ccebda06be2d66c0c5058fdc7040a6a3625bed62f833a87483879,train
717f6103a31ee1e9bc9e4a0864691f1baa4589ed26ea91f63de370dbabf984e1,train
717fa71b9f6c6374406bb85b8ef1a2759f8d525183d52648521ceac9ae8dac46,train
7182d0114f46b09d8894a47307e6d99c3759d102d4d37a80c5fbaaf2aa6878f7,train
718a30f1bf53fdfb0d9bfbc89fbcdc8cac102c81a3b844c260be234630bdc2f2,train
7192ffab8ed6b6436346482f4e0f6142be84dbe37e3b904fc729a2ac06510025,train
719b79316ee9851b7724cc545acd28932efa3f480188871793d9dbd402cb2184,train
71a361192c82082e77d25fc157a509c792c0783bd52706638cc9408fc4afebee,train
71a54ade9fc1e6b1ac94bf8511628154caddeeef61a3c07d2764c8af0075ffe3,train
71b0aa58a620fae1e7048d3c73095db28880b9e081eedeff3d5f1cb23f75c803,train
71b52aa80f60bf1fe8ab0f0e8b785901f79a6fdbca1de533c5ceb910b0c374a1,train
71b77e5a87ca2472e00a11e842b0d6925a47cf1a89b05422ef54717a474ddde7,train
71b88759df2fd2b6022f5be772ee1d185d45f365a63f947dd187eab01015bc8d,train
71bbfef5b4b8fe1b39a31b2c7bb9abd1b513bdb841af0d2ae7dccbc02c84ec99,train
71c770f7ad0a9e5ad079b016e95d9df3bd4cc568754c3121243352ea172223f8,train
71cafa47e7a513a8d6e6b535c8837469c3f964a7c8d5321c040ec25692600ce6,train
71cd3189168b698dbfb5f38119ffe852f20f1babb141914dfd837e5e515b8ad2,train
71d2fb5c8f0677ae80db2ba6d0c6dcdacc83ac0c8db3d3e7b7196c875ecfad69,train
71e3c10976713e9c58e193e8849a333829dc6013bdeba4291f8c73416df9cfc0,train
71e8fea2198b5b17e97b0bc6d995e6636615164d41811cad80b72776d10f2595,val
71f7d07df0ff7d53dff2895fcb00bfb75eb6d41609a57a613b0434b70f0654ec,test
71fe62d461453541b779e3078c0a41fb9634a59d983cfaf9a40923189807c8ce,test
71ff368044fec98f906f3ecb5a4c08de1b44e21b503dd3d7036d0aea097bbba7,train
7208071b2d06d19ca5eb2383836eb32187598461b4a6cad0bcd153d344b95001,train
72099af824a6d11fa8718262e27245587fb5d283b47167999dd3997eebe91e72,test
72116d8418d62df5244f6a9b1b33bb41ff149d32b6d6d22f67d61b6c4dcdde34,train
72192dde6e0a4d80c7e28147edcae5a28b28a8b55934faf3aea32641a4f52811,train
72230b0bb83676529b0f242a42783f9808a2880d8b02617f7f05cfd85a6cb8f5,train
7224742111691d53af291c0e07606ca1a3466e643f20e25e28a1cefad77fce9d,test
722a9d36de343fe616a3782eaca6145a41e4b8c0a6ab977a56310e169e54bae5,test
722ac1a1cd0747d2d1a050df6f9a0513d0355d9e2974754237c8a794c98910f1,train
722c580b4ea40ebfad5984c1804052027bbe03b71e3077311ace4fe74d6eaa72,train
723898391e2ba18ee28395b20c1540bc27cbdd316da543f124fcde55a2812384,train
723a211a47eed68b7284c72776af0d33dbbbc1b26d43e77e0c0a5098bfd6c053,train
7245a99e43cbeefc6d7056ca70694c290898d37d968b5d80689fbe9e2ff8ee71,train
7250a9b32873fd7ed7f01ef4137cd504b385ac9a14700e62818d068dcb038cea,val
72529056442b35386425a153642580b5e81f1368931866d44c5601411d3afa1f,test
72533586d6c153cdf55c8550ac650878f31984b21c4269751e933bda142afe2b,train
725b446dda3daa76cb5560afc9871007157d22016bf284c9dd98629ccacd15c3,train
726bddb4c1aebe5b9762cdde805b0f1e9de3f20d70a50b9c2ba9320e863fbcdf,train
7278a0ef6b734fe5b285b1bd353079f6f6b80c7c02d15ee774e6e04db03bce52,train
72910c12a5c8bcff9ad0e56da1c7e370ac4cb32f8999489747c7a72930846eb5,train
7299a3338f213ad0ab6405153a9b6fd3787894b098874ab0abbe7fdd176d693c,train
72a89a797342d0a122d61a0bb6166413b3c28a8ee5a90ca0ff9aabe8d12f77ad,test
72b596c094e44e0666da1d982a22bc9adc7f0008a3fcc3a4067e92fc78ad72ac,train
72bc1ca4d18f429f1731252e5c491eb676d361440b2352cf25cf4e5c7d6fbb73,train
72c0e61246864103b256a5e0c3c5288bc26e29b01a9851557e9d1e801b0dff9c,train
72c6193ec4596310ce8a4d82e7ae2a69b8320fa2ca37f5a31cfefbd447ff7294,train
72d0a461936366d57953e57f371b85b6e29f54ca987c80020089c960c692a15b,train
72d4f2013065236c313bc47cf4d5d8a480f31927dd994cdade0bfe2779a611a4,train
72db33f7ef87008d54d61b756a94c11a62f62374790ccb1057c60011a898ab3d,train
72de09de2fcd08d815fa79fd5caa402edab20320ecb220b4f807a86b66ba5989,test
72de6faf7099832510fe413099fd5449ab3ea05114734f7f19826bca7440decf,train
72df66fc10f28d7181315c06de002717a1830297e2f39ed9dad83c025022fc47,train
72f672b1f3c3fa6c2dccd9cbd8825c76ed368d35a1d30f53b5135bfe3dd8f795,val
7300382abca08c055948d50f4595427e2f4dc7b524abdea14aa2abc854bffb86,train
73069cd9b9ee0811eac56994b0abc502f212494107fc9b488dcfc045660b909f,test
730ab6d3db10c10ae1fb798cf20d73293054c0aa779b35755dae8dadade836a9,test
7316526242c8c58b8463af7e91523e6df38f0add551ad0eac98f3653796b9775,test
7317b13031c6c354c45ab3030438f80c2ad27a1a999234510175f1dc6b2939f2,train
7322779b253ffe0ed21f5855df33c4969270bbe4117128d8e1af384cc4a1f2d0,test
7324895c9560ba39e75df81235bbfcc54a49467d98b41e786f7f61ed281dc362,test
7324f1d17c204dda66aa951d8fa1ab67742c32397f367017f57301d8bd8ca75e,train
73264392363db82e2091ca4e7dedab16e82f54aa9f05a92d0a19de88786cfdf0,train
73297746fe2ceb58dd00d98251e0b093814778d5ab2e5efc49ae4679a4fc1f39,train
732b42c6359886359a36fb95cfc44fa11a8348208e597a8613cfe32381ee9f47,val
732cf25f23f17eb92c291eafecbaad8e4f968a749b42cdad4b2d9849d3ece55d,train
732f321b2ce4832b1e73e5de8af2ee3fde8a67046e59829c70add5c05ed7a62f,train
7336bbe682640109c735671439e4646e56e9ab923a3c918a7cab24be1934bd95,val
733a7c97fa87f771fa9c954492a0f22879647819e8edc0d16f51471a1096995b,train
733be270c57900a9886d2f885adde7c580a89fd8ba5f7fbd5d822f9624d11217,test
733ebdc1a58b756a62333788d1a3dc70d60610080ca43d6465a801c27b5f206c,val
7341111edfd43f5fb45e1a495191481721ae3e52fcd6a04ea031acc4d564ac2f,test
734797d6607157424cae85b49481d2f2e580b52735a31444a2f09974805ea512,train
735008a2bcf19ba1babe7a7733b673c9df25411edf6b4ded255db2087130add0,train
735118a577dae37000f85dcbb18637d7a2c14a41d91a50075538403cc2f228bd,train
73551b47ddd7cd4958ea4af6f2c4b3d2c4701e4afd75277c255ab04773ef673f,val
73552123a7caead7a7f3a45651411e946325d41c81b7bbd004e5414620e7834b,val
735dba805ea6e5de0fe15382b77f4ad5c854a0b63990da45b65522f0fa5df8fd,train
7363b50951d50d6bebc72ab87f87f6dc043dfb4c4734092b0216d4753aee6ad6,train
73675ca66506d1e2df1cd1e4cfd412806556064a4926a66a483a5d70187d88b6,test
7380d19fe3134289c04249f334c627e28a750c3e866ba07c545d6a5fba4e932c,test
73841cd245bd43be6eea005d165afa99fe50156f3981edf07119bad5196ec4ff,train
7384cb883f3e3141d4ee20306ff4fbe2fc0c51df8e7f1558e7edc531aeeef9aa,val
738dd0fb5f213cf74926c6a2c5790e7500d94c1d8256e9e3bce722d186de5565,train
7398812e29730de5e14a476c5313fb76deea6de4e7eec2619e3062223695b808,test
73a3cc9201cc7d3d932e20f6863eb1eb17213d150f14a977d6bc832c44d5fa43,train
73a4fe4aa72a1232e8fb1a1abb28c7083aa723d464ef1a49cc2650870e29c0da,train
73a77aa7c41aa06366d9b9358a55bd871658a01a749b25b4165a6381141e5276,train
73af4c875866fdc1211e7d0c1a51ba4672681678ec12513da6414263d69fe7d1,train
73b7e36ed4e13a2ea62ec386ac2369c3f58061f1d23890cfdc3b8a90fdb64679,test
73b825ca3e216e026f00a7372447c66678886ddaf310e267be1baf5997f5c8ea,train
73bb22fcc051374535058300ce39b83623ef32710a8699e0d333eadbaf885df5,train
73cbd1d2af85ecbb37707a22a78a664cd03f2791af2801078d925a4e25a11b9a,train
73d231c9e43481afa7ff06292ea17e0d8b416de65cc0e09c6e0d711cf5b8b270,test
73d49e7ec4ca7313106336859d59c052f75a13fea383416f28d00fdb499259d8,train
73d6b29c1ac7a9db4d9b73c3ff6c9d9bed9c92a187e2131bd7debc10f9b8566e,train
73dd14de658dd164d184567c85af218a18dff2c79295cdc6d1b0ce62ab632cbd,train
73ddbc665972ddadaeea5206cde2d1d9a491524759eda51ec92cc681e28cb902,train
73e11a2603fb7917018c97aae29bff88150ffe16f8f128a1730f24e4927b1074,train
73e27d585d0c9e47a0cabf2d0b610f72fed7886824c08b6969d2a49f92a3f997,train
73e90d66ff188fcc7e9e742c8d6102576c380b6422d458818eea7ea570813b34,train
73ea70089a5f54c80daa721cbec8cc23356a520871b850d9b54eef960a04c912,train
73f1157d1115c1136eee0701687b8fb1b7bdd8bfa278bfb9412cda59b5132297,train
73f3549ce9b508f19246a2d3d9afa921e9eedd971c21244f56881e1c99319a5d,train
73f765ce961fa71f665f7d1dcab3d766f5b2cc00642ee00fccab8506de6b852d,test
73fc5cb1af1f38544ced716bd9ab5abf75cbb398c593d0fd08ec0e49aacec3d3,test
7403bafcc96e08ba41290d1978060eb74a580c5da9a1bda6eb1ba68d85927491,train
740d31465b978d9380e6fa66d55fe6de908aa8acc69432e4750bf73880529419,train
740f901bae8003670244a960924dea9124c41f6e4a18c9aff0cbc13bfe20a60b,test
7412a4202a370b0f9d9280eaae75eaec912bbd5de1350224e8add7a60e4a4b22,train
7418c888f51c6c3a25cace5887262c5cacf7fe4ac2cf102f2aaac1d0fa1cb8aa,train
7421e1659f05a2661f06c35f974a07875090adb0b66925baed359365a3cecd0b,train
7422bf7b9498159579dc1db0237352fe34c323fc63b772e75024e4ccda71fc25,val
742a4b323aae119c75627ab20472464134c2b8f1e53a363a5cb68e819a743043,train
742c671e8fb0dc22e9d5d9d0b3f57a04294569b6c4865f4616767a035d3e46ba,train
7430e42fdd315efd6e93dcbe3895e2be7de5f1bfdbe217ef202c6c3bb628cc1e,train
744081b94bad74d2cd9ccfdd181f76a3e7d513c6a32bf6ce1bece0a276a53a98,train
74409a9dfc91cb84f9baa2d0f843ced8ec8780a5c76a7cfbbcb1b4ca95ba30dc,train
744cac0e6abd99ecec55eed5b72e040f81adf3a7f6b6bb7715263806d163c975,train
7450ec23744b42099d4bea529df52e3f78c768d3f0f3dbfc575c6a33ec0ccae7,train
74559a0ea6d0a257170b454264fdac24246a612d85949745200b48357c8425b3,train
746be9eb9adec0e008ee98f8cbb4746c8f23b4b35f2a2e49c178d1273db2c564,train
746f1aebc4bf21a0c6cd4977c9d0fcc2a9a93bd600f2f46c1d7816630cca54b7,train
74748eae3f387e7a41189eeb928dfd6ae8a922645d3e8516f3dfe253d5161d98,train
747bc77dd2b6957dc2bd8c508d0982a91f9da68b4991f4682d73f26013143a9a,test
7493ced3ffb07e6785fa1e273124f5384dbed2f6513bbe529b9f0154700ae1a2,val
7496e6d1d210508921b5dd528da7e6485e4a3f6b2ec552d733dc103ab0881986,train
7499f11f0e19da5390589dce0f03c2deda0d9409a6d0275ce50113ebe86a64d9,test
749aaa4775d26cce95ba53178c9ab61dd4ff18c14c9c227ead99efb40a360f03,train
749eecf9a2d6fe5ef827f11366f56d1f981c8f5ee2987ed533a1162ccdffeb4d,train
74abb0cacff7626a4426928ea75a9dc14997dd617554c31718ae48dc55a51c47,val
74accccf1f46500a43ad2421ea53cbdae8c854e3f1ef0b43407023e709ae562e,train
74aff34b93fca123dcfd527e2f1955d4b3ab511bd994102379d2a4751865c13e,train
74bb2d3f9e70d2044dec7b1b19e6f7ebccbe7de2501bb93e3b2044d38b0b83df,train
74be1d3ed3a4889e4d8a198b91c12caa36903313f011483c862ce121a324fa50,val
74c7a1e8a4c275a5e35bbee3c23df1d283abea90d0228c193469e6c2e5e53e73,train
74d07235f9d2d8a589c9164f795761a6c590dc9063fcf945693b776356a212ee,train
74d4ffe229298f799c7833fb3f7734748736c192137d973016fe694fc68e3118,train
74db9d77fbb2e335fa4f378896d032640b111299088c3e5e66fe013cf079cf2f,train
74e8b8d435c613c74bc545d5f3d3f990af95d729fccd814643bb30abecf817e3,train
74e998993d89a31298bda8f89126945dd6a015287513cc659c35bd9b9cea3832,train
74eaa6066bf50c4a57f21416bca20ae6fc48ffac8c27765ec94925045253e54c,train
74ec9442ced95da3211a1a207b36d2402865af2439bd57732a01f4c55c1704d2,train
74edc73bd0a25e339c23ac39a301f4057a60e300e6fea5f98b73ea6a5dbffcd1,train
74f4e7e9a7ef9f153e8dc93e01a1bc0f0c478920ca41afd75036e9dcaf76e835,train
74fa088c507c5db37d68626872bfa02d22579827ce7866fe6378dba7881fb661,train
74fe4d2177e604f104831618c7614249dea17582b691429d9e93c13fd269ff7b,test
75036eb651ba575c809f0876d123f14b4f2256b8dda98f254cde0ac2466ad9f6,train
750ed3b9493ce915a91cfbec1a693cb792f24ebebc2e0669bc55eddc2f50b903,train
75148b1f1916b665454c8c8ddbde3172de69cff64ad600deca603f54db134981,val
7517e447825ee141d8ecfa55db5913039fc5b8c87590200d698834dff4151f2a,train
751af80f75a0785e987a9a2b3e2c6d0184942f42e07b2289b2d351b88f1f70b7,train
751b5a8ab347306cbdc393baf9af565fb1660456c1000db37eb919a512d77089,train
752800f2097159f0787d19a5bdfd6c908ca15bdf9049fa9664f2e1a0619c6463,test
7529fc96a7ce488619d081af5734e5d9487e871c3b5c72857f05e5c4cf890ddd,train
753268c1dc5c516ab7bbf0d51094c6947690ce1ca7e6e156cd360c03a7ff3aca,test
7538153689d3bd0fb31f355c61eadd7228ac7ecc098a0416faf91642827d1768,train
753c4900801b3cc0968053e3b24d7a493ce10426b35a1070252ac3ee6bd1acd4,test
7544ffb8d2128bc120e1205b60450ef1f97579d8bf41cba5f2485cb1316d0410,train
7545d7827fad89f0396504007574225c28043ba40ac8bd5ab2c27e176097150b,train
754a866b05f9d8df2e4ec19ed7520ff0c07f3e5412be69bf8a24e112fb2bd422,test
754ca0ee27aeacde2ed08fc1489d0578f3c1268412b7985d93e84092e5edfab3,train
755346e4d4e977d14e72accd66c55dbab05f595399418506048a9c9affb2c2e1,val
7557c135b5b04555f014da64f4d8c1826a99dd8596d0fb8adaea691882fef6ac,train
7557de380d4e9237d2837fc7f8162c60ff804e786e390c61f4f71a2675befb42,test
755e513edfc70aa1b3644bacc9045b2c3438d4ced2f9fde2a574eb0940affb0e,train
75604d679be55761a31b2af24b74e22eadfdebdbbad9ce92fc44242112920698,train
756098783a0747fe86971aa393fcba17fec32b7aeae6011019074f5879871d39,val
7561f2d281f6f49896135a6b2995d35c02042a746ff31d02ee0179186b343c8b,train
756297ad44dff05f5dcbc2e8514d245b01af3887f6de72954e6d1a4275112a82,test
75654787103b7e74e54b323dfa39b3d5f38fdb243f657af24a2f4ab42c820d69,val
75734133908e3f5976ea41689acdaa77065c00da8fd5b737e9a0a652dec9bdb9,train
75786c41ec44491587e7f444de09c463f62bb77bb2188b43495abc25ba68790d,test
759a436204ad67e4d341ae8cc9776ca8c1433038dff937071eb413f7aedceda2,train
75a3d5e1db75e52bca7ebaf8f818e1b99ab20c825c77af08458953b984c3d477,train
75a67af1b594aa546bca8b34006f447d653b6ccc02c5428fc1b887cffe6afa2a,train
75ba7e1e43cb7af9d69b08d940f74b8df6b4746a585f5fc9efba78bee5155148,train
75bb829e3fe9f2b5220e1d9ebe44548a54fe82e53c11c68a71cebc29eb3d2ac7,train
75bc58c27a612a5088dc2803627873e372794191bcdea827c820bcb15ec67705,test
75c0776a0e1bf936fab2395abec8093fa753591338d3c219708bc1886ecda2a4,train
75c3b6adbc0601221d3530d3a49044f4163b044201272440182af8115ba3779b,train
75c59e6346a7329af071125b0a61efec2d300f8597b01823161bff122f0517e2,train
75c9760980eb84fc681b41213de8d6b6a382e7d021c800ec105560c26b08378d,train
75cb87f42e22171ff071324fc31a38f81d7cc36bb3eb82c0189b1ffdbc40c163,train
75cbb5df34cdd9c692197bad6986dda6f2effda7eff8dcd9acd909eeebc684bb,train
75d2162c07192329546feaf7b85789d832dedb0ed79360b495509625cd291045,train
75d6789051af8db29be5b2cef32d54d7110fcef54d50e1d6a2c390b1e8d86ff2,train
75d8b5e461426d520f6a24b0bbcfe760bb4254d86e0ccf9d0ac5dd2fc206b85e,test
75db6b98d9d09b4cb87371834e05517dd2bbf1d4dcf0e5c2ea3e5927ecfe21ed,test
75e27f2a982ec10dd64d824f7f58cb86687a0dbefab3ac8e97c3295b210bf4a8,train
75edea331309ddbb4de31e3d58f6a5c4508c752a4afbd1f433bef99e254500fb,train
75f1774774a6c61f0bd11f375f357a7d13bf5ee7bfa3846b4c8e7ec2f9c373db,train
75f56ffe326d1f9e25a93998902bddda6e3ce24d171030f9e7237831fa615e4e,train
75fc063e7b332623e1fc94e7e6e44833abd040f76901f402fd858a41b2df2b32,train
760148d1a274098a60556daa534252b8f5232c5c12b5655660ba02ae109a1cdc,train
761c92ea6b0f003012b6947d08e79a4382ebadd091273c94daed61ba4180908e,train
761e2d7a763b1b50f17af355b054bf18656dcd56a0509b8ce3e4285d79521e2c,test
7626f271fea6c1174d20f550b07ce0f895b368cc8580ca3c5efe8a4f2f26ddfa,test
76288a2a003bf868f144feafbaa24a93023913baf2d86b38dc39ad3d1e7d5453,train
762d8622c5eb383bf9fc7a59217f9beb73c0c2d94c54d328d80278a1728af607,train
763913ff3beb83d8b8b8dd5bcfcecd242c74de35824737701a956a5e1dc451f8,train
763ada6269592b22f15b85dafd83ca8187b9275bf7da9955a46b7501d41fe4f2,train
7641adf8aec08cfc0a88bf7148d078bec03498f1f32e45aad388786191af4d33,train
7652a22c3c8096676aa5f0299a1681ee964739615c8bafe7e7a8a0d809cef400,train
766763c9a237755844f273398e96372ce8f4af416d523a7d3348a4c0b8268938,train
766a6bb319aeec3781daa0021a99485479aef621086625e2d30aee8ccc344aa1,val
766bcf3b3daf9bb1f110479ea8a7e87c08628aff56271b5fb8871727e1e45f03,val
766c5e12453ee0fd549b23d53242fd835b5ee396e94626d6f3ee493fb594b4b5,val
766c90785ae45e417a1c60d495ffb9e25b8d7b7876c6aaa04a98bbb7ec876d16,train
76764c43cebd460fc65fa7202b1b27f642217a8b7f3fdb09b3bb0fb2ea992d9a,train
7676845612af8401c0064c4e1c2d30cc61389be97c6d093b41f7632eb74b8fbb,train
7678ad9ad0d6620da311210ff9b263860bdf9bebbe7a400b7c0c56ebfb0bf093,train
767c7ee0659c6458ca33407cdbad894b6c8908cca65a69a0c069f9467775e95b,train
768dec47b538762475b2c4ea6636caddd453311a95ad9fea31a6d12a941915a1,train
7690f50b4df42d7a6603a21515d4899f198c76ad56d4ac09d1e325d0a5c5df5b,val
7696f61ccd6a071f07a69a145b3abd3215d6e4ce85856357ac745e05e77a2cfc,train
76988ea4f35ca832c0b25889ed49a339b341a7f392cea26e3d2540a103b8bcb9,val
769906688620cfc5f18dfd4c641013af3507b336ac78f8539d4c0326576ca915,train
76a057a1fb41b7de9bd1168386c1a84cf62d0399886aa0bf65fe1faebf90e852,test
76ae8702b5de66363981876c094e2400da1611280b3b6bf50c092b759ae6143d,train
76af54ccc13d04617ae5efe6197a2840814674a1a31bd283e8350296e72d23c1,train
76b704c156844978f1869e5061b66a843572f457e79906dc1ca32e601f977ea4,val
76cc1de1e563a3c7c59bbec722d887181130d9434a289b102c859fe8b1a7a3ef,val
76d4723f2af44ca5faa6afed50b7a9b53a92aa43f3680b6b26c5740fba7d9923,test
76d5e90410036dbe1be37b780de9ebc7bff6267b3525f9e999e0a7ba236d0f33,train
76e8df5a7d7e35fdc0ef8a37529758e4c108e2793b6268c5e1a0e171ba6fedc2,train
76f98702b31d48ac114797add7b81439d34cdf5aa4c74c6913beb3ad8d9f5a7c,val
76fb16c4a8159b5ed2e8837f86c8c58b618d280a49871444b6b83cd10a7df5c9,train
7708472c60dfff4f78849f9ceea840834b288b34eebcdb3926f571ea4760fa79,train
7708bb1b5f1fb8f9a1a1ef4fcf65ed42c63e01d81f205dd72b3b3555cdf02981,test
7709dd59187144c49d0622bfdd883fb602fa7e5a51f6dc878733a075d5315c07,train
770af65f473f049d5cfd95a9f6055ff1d8edbee34b1813e25d43265817d68a8f,test
770d6ba0698a286ae3f55303e5049f05742d1d1c111f6fedccbaf2ea1680b798,train
7714b0d0fe992f30e12883252d16ede1faeb0364adc08a1829a1a4568f5217a0,train
771fdb0d9161a4154961dbe3bde0eabaf1e3d13e91527184597997c14246adf1,train
772011f7f79eabf2b70da9513bb4ab0dd7a99312267ed21d30ba1eab95dc1416,test
772762f4f64219f12c067938581e74fcfb95f7aa61b242c98e202be5a0d521b3,train
772dbefed9b9633ec905c8500462d05543314a78bed639bc580daed3f0c43cb9,test
772f92f57adb49a5f4c5f35b1fdf0c167f70e36a2b419256750bf0eccd090fb3,train
77303be8a94eb6720dd43bd1fc93f57284eb2f8bc8d42f496ac53bc009e6991d,train
7734c8942b0cc0d06d5d01ac39dfd323021f28d936ef02595ecb12b9f9279c1d,train
7741aff21357a13ff75f4d6c8b4a0c5027cb6fb451ea358f67722b29f0b1d7e2,train
774ad73bcd3e7971768984c8b0271451e8afc11aba3b1d36ee9410fab97cc486,test
775ee9ce75662ae1a53539ad559d6ad78be779398b2df987a7dc3a10c64e2281,train
77637d7585d48328d0cde1072de1eb2a03ae7f12e08b9f41c05e36505fd611bc,train
77760bf9826bc230e826a767c734f522412afbb823141e705ef3bf15da1b8759,test
77797ca1075a20c6fad21d4f7e35a2278e60d18f05ea17cc867b84ce599f7a59,train
778067ca521cfcf873f04917f01969f72130db16f119ebfadd1098de02386e47,train
778c11c7dc2f02526f6f2941c13bec7d5db4da6db903ea9273b07b3429a1e4ed,train
778f6d1a3e06e23df8227842ae7e3edca37a7fa469a5a4eb5ecb1f318b901c69,train
7792c5642511fd12baf5aa161a679e0f1b7384d8e683cf1b6b4e5a70b39d7d1c,train
7798c469d30f912192c9ee8c225e53503d00d3ce6bbbfd75e06154b01be49b1c,val
77992319cac0d65627f1345ef3e6ec405a1e68647cee5466d72f83c55f4580c4,val
77a1ffac95ff5be16ee39085277d7cca26aec5d59fb34f2aa0658c0e4d1f5dcc,val
77a463ab980ad08d87f013821b808d360a3b16bd1ade6a224c6c976549ce9b43,test
77ad7e1bd4ad8be3fafd77e7179d2f571b32e3e3c81663ca9833ac23fea8b77c,train
77b325f87fa2404dad91582059c11e64b198abc6417440a81e19c26c9452e2d5,train
77b42a5ed92eff6ea8f4e3a2e45c1eb64ebefde8c516cbcf500a8a6a55a91d28,test
77b4a59e8a5c7bd48b986320c372054683e0c82a585cfc138038cddca6e9e5d5,train
77b4e3a918b6b508278a338cf70ee6cbb3340681e28f53dd30b9243a38f75934,train
77bbd50caefbcb770cb3fb9775de070bf68a80fdd11ba36f5478bb56bca318f9,train
77bccdca9fcc39358dfbade5d1ab7df0a75c74918aab6b6f389368e56693c8b2,train
77c935b0d89f0ae71b8d8dcd7c8a60238e8e7647eec316289f417e1c9114bf9c,train
77c96a385244e54b4428e95beb7fb136d557013b71c34ba9a70553adf6ad1a0b,train
77cc0f758230c6279b6e19f9eca5bdfafee14aef9dfd67b0256e0025f816119d,train
77dc45f6ba30cb52d96adb1282e534b86514fc98169e9292492b33b1eab41188,val
77dee8a0e50dbe5141812ed614bfd86e29c189832966757cec506e704ff2389a,train
77e617a59d910fdb9a375f37dd312bc2d5dca9826fb7e5cd03151985d1968db5,train
77f25a40591a5181cf3bbd3ca6011e91bf5324fcc16281fe43f3f37db06fda45,train
77faf52c1ff5e70f696f08e519925aa748bded7116b3740c070fa025215129b5,train
77faf9e261ac2ee509abaeebd43322fc7c8e2c33ac114f1578a4c7f9e4e47ba3,val
78032e171a90b5ad0f08c1c319387e878bf6bfb0874c5339e6fec3a484ef6dec,train
7807173be353acca0715bed1f9ff0c8656f5a0d19087d910f005be0aa4faacd7,train
780aad056af271749b47e9e3df782e6ed6f49dfe3790a3288566363eb206c502,train
780b692330e0e81d445313f5b648d190010e49a834f1c73ae1c07593802c5e72,val
780d2e4616f02a08db80c1822613aef4a8a1e513c125435cce9dd72b0e6f9d8f,val
7810f4cae62d95a0c12225ac6e5ea97749458edf423e221ebe7d83a8d6f167a4,train
78116d9aac4fe2973a4f24c86b1d497732a234acdc61699a67ab458d5370fba2,train
78119b78057dbd3b6fee1aea7c99262db2117bc7cdd5dc65f982314e05bfc142,val
7814eee59055f8ccd4c91a3eb6cd9392bb9270993417f1a7cc774152160b136b,val
781852e6b9567fa62743c52b9f3c231cae54db668d82f54be858b877a839a308,train
781a5668f2b44d792410acbf1eb0368aa0cf7264c45225668404f22ac126b252,val
781ab31337c6e811091699e59faace185ccf1e62c3d5adc3c7819d3966cf5ffa,train
781cd585ab954897aa645a3ada1c1a3b75dce92cd9685e8f9f88b5234aaa6064,train
7822909af674164beed5ea137d2140476a4e8cfe96a731825274da38c2a19d9a,train
782970fd25e0423c78badc230d384421235c68921713f6236399fa2d1c23e1f5,val
782a3051e3ef4e852e749c55a7b4a70cf4e9c250bdeb0a5a895bc2cd0990d91d,train
782b47dddc3e1be8150aa4aa543485fcdba3605aa692cf44d12cff2b380c4c40,test
7837d5d768c8a2a740c87f803c58820ee7ecc909d50b7baf8f37645788fc08d2,train
783a9e7a14c393b160d67a33582e9346aa10c5832bed1a150847d7a60e358f8e,train
784f0ff4e018f637a70c0590470969523869e107474852fad40ff61f0f62231f,train
78532522ac74dda943ed754558e662d7183d9b3ac6b81554d7d6bc2337a7e53e,train
78539973b2bdba0790c93812f6825162192b8b33f0697f2d3b3a89798c404882,test
7854109e20d1b1834b720d19b67edd8d92f75d0b6733d69de4887f2fad419860,test
785b343afe5477ec792a692150e95ab9ffb088c40b6327685b144b072c1c13e7,train
7861c3c1c98d7f8411e1f1d8240677cd288759677d7f6a35a41903fe8accbfe7,train
786ae12b514c71c75c44d091346e5c8f38ad2adf483bba89c0a1a8e48b5de404,val
78779ffaa483a951b22dfee3600f584014c63c255e590001ae152f0d88f96230,test
787a176016a47eda6a58db5bbfebe629083b5ea5fb82dbfec748945446065306,test
78814083de78ade7f29df830a68211b9cef6ee8cbe623fd9b4c927304ebfa33d,train
788215a0fdfab0bc0c222734602221537e75c140fdca2cdef9613f74c8d9fc59,val
78a6544010882ccb076c489a58cdf203c1f7ec7ac43b7ebe48808094ffe9b8d5,train
78a95e852037f37870c6c87a77b1b4361892ef2c056f27efe6ea30300c6080c3,train
78acff6a3e29f918ea47fabdebc69c892ff80dc6ea8f581ca15483aff82f3e93,test
78ae35ee5f1d0f4421c95919f03cf880367616258069aec167318f985cfae34f,train
78b0ef3cd04236a3f93027946b0c9d48906e8b0dcebb4896b2c69a9e05871326,train
78b822f87606e919d8edc2fc2468ed367d3557744ceea534ec75e77e65bced66,val
78ba865f9a0d921ec744ed64ce6924676d37c6725318460668b7d67a65dc8321,train
78c3febb232c9ff414f72babe05eab966ff020044e3263ffd06b6a6b80ff40d4,val
78c730df65cd72bb2f1aa4fad2aa995557f2de1378f3524ea0bd974eda5eba4f,train
78ccdb4388466cc91e42e0f75538c0ff80cedde0e4929c6f1b0a62618de1c473,train
78d834c08514c07fab6fe584eb7e44f5d0769edb2bd4fee4253ed627e204a7d1,train
78deea3b27c1ba163f4918d01d9158e4fe5b311c675e19c1b8a522a6de72a75a,train
78dfec35e3f4660720bffbf5f6a49090892bea4b02464c98f59b2410f3229a0e,train
78e314e7fbb5a5bfff48be735646932d69793b3eb3a982e71a38d9dbe5c1cb2a,train
78e4171a975492c98b3bb9f9df16b5c1361d58f76c37a2d7e255532f42203111,train
78e5456b873f6117169dc43351ddadf3b29dfa6cf8d59c361ba3cd60f53b132e,val
78ead6d6030e99d22bbb5287e1171bb26febefcf6208a2340960b6861e0cab5e,val
78ebdbf4c5b0fed312263f8701fc6b63828160a744ddf4d90da7c00120ccc71c,train
78ec5990b388c1927df05813723e84d37f4ac95dfc8c47b16325bfa4ccf56fdb,train
78f3842c88d963b1855c76b6adb829bba80a5b89d70e4d91c468c67c9b52b19c,test
78fe76bd63aa74238f2f6b129280af77902e5f487dd72449d5659ce350d10639,val
790589128a1471783c7263572c8136c26dcb7b12b32515f1f5c30e0ecda66eca,train
790bf8dc7a942365c7f6d137472281f991142ed419768fd2ac8c610fdd48e09c,train
790da8bb3afdbbcb554773831d6ed17e75780647ef6609603391be5c023ef99f,val
791bccf3f0f8b915ac13519dc340072015a52213245aef7a939547bbb64101f0,test
791c2092b8083ec5ebc0b04b35543f8ab17c3d21449bf14cab934c49078f9b97,train
791d6c962a771f02bcbd5e0126bc449f902937b02525bea0a83c7d4b8cd68b0b,train
791db9ecba27cb50340287a2c354ddb7e7a6f4dc88b6e90a2564088bae348248,test
792679b2ed73e3d4afa9896dd53c8158816c1c53a93265f94430267db4eb241f,test
7928e96b3ff8d7439fcb46bbb45fb09195aeea200556278742379395db66aa2d,test
7931790981a01df722662e76cbbeb297a0fdf8c803bec07f1c0dfafd6d7d71bb,train
7937294d3359b1c2f82eb17cb865818c6ab59d27babc8030f3a8e266706f8ad1,train
79376ae703b1fdfbcfbb732852e405be84c8f21ea76b954cd45ff8a029be40f7,val
7939b3ed06dfc47ef2e79dc58c2f9678dbe5b04cad591bd430c7ae2703ed8db4,train
793c5132e169747efa2dc8c6bead113530bf19b48049f98412925fb6dda708e0,train
79484d9de2b1c73572349b37496fd2686b4f90e3811dbddcba759f9a9c3bd8d4,test
79485a2ab9331ca6d9a217dec36ff14216e24634a28ef706d13d5f451140493d,train
79496c018f02a8515d47123d514e98f3d1ccae903dfcfad2b9ffefe0d923a686,train
794a8d01f98bcaff7f73ad4607cfb7310b4b2b99080e0cc9fb17d335a7e51374,train
794d571123107b1b69fbc7edceb93e0b40d2277167e8e5821c4d35b26e5b6cca,train
79568ef712d61f5abc4e7ebb19d65e62ef66430019e6d59e529959a68d37bce2,test
7956fea87aa1c303a6f1acfb9453c525ec1152e82eb43e42634962b78e8b6e85,test
795feca36d575346b2a24f779d15dcac548edc4707e48f92e98b600e00ec654a,test
796247f182687f2bb29ac61edbf6a56879e7dbb1c697c850c5e4c13df6bbf2cd,train
7966673660dc5d5a912a5b35c894ea7aff3f1469f2759993d463dbb482216e0f,train
7966c16e2c3377500edf3e13fe9e302f8168b337fbf4e6e7724c42f085f9094b,train
7968970903cdc3cf3407d8e06ab697918d8832f3f508e22d4abb69ccfda6544f,train
796a2a2cdaa68aaf6fb9b6822909a7eb514afbb2df2314914f6766adc9e9d44e,train
797340c53b8c16c60464d22b854167122914696724d8959d01525126993eeef1,val
7973f7fa6a1e0643d4d5fb8cbcedd749ab38c8e44c3bbd6fc3700316ea96ef4f,train
7976fc46e0a36a0b698728805087deb3aa606a60a2bcfe78ffadf08312302db5,train
797939461f9bd5f2b0bcfafaeecb14f2913ff15a23aab83ec8e951b21782b15b,train
797c84b7b6443ef3f25bfdf517270125192509d3aefc181151a00096deb4f2d7,test
797f51ed79331b454e2a9e9428d835a6d012498fc5996ff7df705d098d5e8e67,test
79837d7f65afe8e684a0b9649c31da527b1e0aa789a678dbce5396b74f154867,test
79950fffefb8f273e0c30257d27bd1bd8558b7f6ac6cf513ace8e59b4303d669,test
79957ccdbfec2247487503934a465cd7e284966e7d19efc05d23094c4f76fb4f,test
7995fc3263bcacd676f514e1780a0453f99fcc8d6923d226e335610730e37926,test
79962b1aa310361ddd8c83e1326a45159fc3b836a8e9c202cf2fb8116ef62ea0,test
799a5309a3e7825d426708f54d1f52e7a73a5b62cb4fe663e940656e462c6fc5,val
799c494d23afe513fc99eb3a2c2ddaa6c390b15a286dd5421b146c78cd940f94,val
799e88a78e266978625323b9d4c4497bee6c5f6579c1fa117b315bc3f7841d76,train
79a0863dfcf63e38a7959f93e10b55f8365e907b74dea9f2028cb1256e227de0,test
79a5706711c9e6d2b5ca15fc45e70c7027a7743e90fd2bf612814f0a0c7563ab,train
79aac4d47e19a267241bc7685210e8bb1f2987eebb0da2cfbc8aec893f99ebf2,train
79ab4544e0c65dd78b13cc25ef986fea88c999d1d805b284c8274d2e2c675789,train
79b3cc67ea0c7075f3b36dbd3c06f5e30ab5ecb4c40c7e69c6423c53fc023ac2,train
79b800c49df3781095d503bd2e0c15ff3a0eed79d24121e5bd758148ac425353,train
79bab41cbfe64cc7e5d48ba73ad86564a7d84152ad15397b89fe171adc48fe9b,test
79bb5eb0c957618ab48b3ec30375959fa143495796c80f73eeb6e77fe7e6606d,train
79bebb9461b9f3a7792e4ddef1ac0b94173b3f2ece95dbddfa7a442538c0c32c,test
79bfae43f1151e78b13199274821bd5877b6b8bd0c6264de289096dabe0712c9,train
79c72088a5679f74056c45c34ed22f84d262b3ac7991b90a0f56cfd85104198f,train
79cb52dba0b96acf1de2d7435ec99ca113498b02c41e87fc18fae24506b4a5dc,test
79cc1a88d1c2d0101ee0607b61214ff24f0e539c2bc7a326791eddc55ae9a34f,test
79ce2c6c6f20f5e03d3b1096d40168703ffd121a6d8938cf1d6e1f8a4a914cfb,train
79e64c65edb80973ab75c5e3779150f6c88623727349bf844649dfad19e0c7c4,test
79ebdb61eae493cb65e341c9037ec59d200db229866bd1f995defdaa22dde5a4,train
79ec32ed7f8827d24969659166c0b704f9e5e05dd919baf544c6c125670c6353,test
79f9e73d7360664b9ba481f8cc10f0a616d646744f378e8338e9cc429890337e,train
79fa0bbac1f04a7244065b984d43a63625ad6cbe5f3fe121af699a8de58a298c,test
79fd98ecdb74f51695f0b6b6b55cef1e3d0c7a978c6c0988496467ecb5d35115,train
7a05630f34847f915df6af18afde6f50fd93b02794a8883eee55b61e1e14d797,test
7a08da3110109e06df72c0119a5398ed43a7efc75bd185b2210240c09cc4e988,train
7a0c5c911a1830dc7b81ebfd63383434a2b5c79540cddf119d9fa1c1945cdec7,train
7a14870ceac265579490b9458e010753be71309c31ec68932ecc4c1605cf6418,train
7a14f27835cab9b8db3e972bab223db7c1c762b80e3e647ac4207be8ac9982b8,test
7a1778d755fea2133080ec7a3f329fc005821e37ad01b442a455266badeec8a3,train
7a1803e0064f058261ca16e8946a752c63e0fe4777c7cb74e59e3c4060c4141c,test
7a18059b711ff2916c6067ec05c4ca0a315b0cc23d488ed3b24cc2df33bee706,test
7a1bd0dd49acd8a5c07d8d942b315d9c5b306281dd5d9fea5f0cef119a90d89a,val
7a1cf622c51c12962afad8896046372677142607428265e4e020895f4926bd36,train
7a1e59b6307039fa720d15ca3511f2fc50a94762ce638ab52936fa36a6bc1061,train
7a2336ff4f5b2ce47f54f75853eb9e5213ad8c0777d75480d9daa3e48023bab0,train
7a3e3da797a7f8086f0076ddc11b6c63d1ef4ebaace7e8002691bd645ca71f6c,train
7a3f50084def631ec1418f86a60c0ab63e97aacb934ca38abd31f23a590b87cd,train
7a3ff2b50e477d3a8e85e59b6a083a6e51fd299f949f372a2e1d99df30c7129a,train
7a400e15aabe9c6595c369e6fb831642719f124a208cd8d52f76b1e1fe79c0a8,train
7a4122c313884ff34fbd2142964f528150f22a43297cf11e246a48fe2fbbdf1c,train
7a45df1ef21434d1636fbcbcc12a0e88a64848646e11e2b77140baa0ff439d85,train
7a4fb651c69cfb9593bd35935c289fe27ab04c1f085a2d7136a472efc9592d25,train
7a5593d0cacfbfcdc5c3e6fc9ab03d5c2f568f355d815bce17eb426f347a4dc0,train
7a55e81346f506ed95fdda0a380862a0c5679e613825b8ac26f366a933839183,test
7a5652730270dbce1f1d2ac590f2ff068dd8c7ab3ec587e99bf301a210c57395,test
7a58b80c194c80cef15a00fef0736eb109981f5873643042a014cc99ac54d8c2,train
7a59b280cb12ffcfca4f5ffb712f1aad08dd226be2693d17093f9cc5208cd414,train
7a6ee41240adafc76904fb66ca69bcabb5519a169f157760db8aeb84617d4f0b,train
7a74f833d61482c4790db9ba59d3f4209f91c476c913a3119b1bded6e09562af,train
7a77e8d96a2409329416c1a6295246d6ee2cbd27884418ef1ffd43f94e9c927c,train
7a7c37e68a4373c0ed5181cea7c076924b4116c7bb51fef53d65781f75bed8be,val
7a83b007d48550552e091d951ae10c2076c922f8460c2e753632d33287d1073e,train
7a84cebb6555837978b7af5816f389dfdce059025f3156d7bca0ba8636087ef0,train
7a889ee36a654a011a88c91ca95b5c517fcf6d84a46d09a60de01258bed356b3,train
7a8ce2c2f4f83b8f981c0e2ba5e857f1ac881f8e772b23e92186f878e38409d8,val
7a8e9d421496d9684282b9a3e7cb70b47ec6d3e6b6cc7bed4cd5459923514358,train
7a8fdea4cd1095c1739b65733e6b205652264fc0c83386814550c08fde8c26d8,test
7a975845acbc362c0140e443ec267532b471ea76e3d95df51713fbeb5dda8e37,test
7aa1e72869825cf7ee7f672fb33b02c07359c4233becf2290ace5bc085f20db1,train
7aa293a2002e76273ce3ecdac6519ce99b71d42b1327de15c10a15cb86e50ca9,train
7aa3e3699c6e553bcab5a91f91d85b4f3ee9936558aba39efc993db8c1b29ad7,val
7aa661765daed34c2b0737763ce712abf5e7a92fc22f38d5667002fa37fe067b,test
7aab361aa4a0b97dcc828bab4fbf7c29fe5b73b403868bfb9461b05599acec35,train
7ab3c21deccb76c89dce59812135e8c8aaa89c7d1b50f31d93ebe05d98ddb370,train
7ab8137e99528e3df45252cfbbd625eb5e7169a8cd7d9d5651ede17a44010256,train
7ac6876b8c22eafb655d8f388b48280e3b4b1525b0b51cc8fe1b3f3414d1b844,train
7ac827405741aff68fcc1c0b230ce730017589483301aadf8e24e20224a2fe52,train
7ad285490cd42f359b2e16a051a3c5139dedbbdf3a23589b5112a55f1b331229,train
7ae1c9b6ddffb5c3c674e3dbecc0d2f83b50d778fbe426284238210be39113a0,train
7aea57a26201bcfe9fd9d417a710fe574b2802dabcfdd91ab278dd9e622c0488,train
7aee53b568e41b6c7f28d695d4a105f24f1a45d4690f3117a69ca0c11d64a34c,train
7af5b5c73ab53e323856327e7ffe10e2d07053db045d64f6121cced826654c76,train
7af79dcc23b2d703745bb3c0836d99fabbd4b5ed5080a69f2df4b6e084449b55,train
7af7ed0297954cccc4cece5dedf22c2b79382b22e94cd0b44c7469520fa737fd,train
7afe326d204c08dc0326d474cae0280a058ed3cb3a05d1bcb756dc118d318c72,train
7b02d6080fec49037fa091f82576b38d5d34f74487ec22c658f26b9079b6b13c,train
7b05606176f8a449655b02e961978002c4de3d1e6989afa79e764fdf6989979f,train
7b1f3fccf3389722bfdd6da9ddb6bfe4985daa37b5ff923511caeb3df30e2833,test
7b206b9b03f866376964a642d4519fa2df7649965252c339c619c13c8a461238,test
7b2c2ca376241caa4cc545c6b4840529f1967c34c3fb36e07a22be1db1a22c9c,train
7b3018c37422e85c1d39ec2b35684ef01a06b977e946b9f9180bd7f043a4ad09,train
7b3357631a630f07eb6d875bd3c26738e4ae71021518e3866c979b831aa01b25,test
7b38116a43e6d4c9ce02e560f731346a4e85e2ca1117026e57c2e99495408dcf,train
7b3c27cf8275f0750c2b4e4f631ced74d1ad6233a27535f4abb859510f3f68b0,test
7b3d5a41d3045ae211013a407e6a682fbcf541ae539ff6369822c9cadb364233,train
7b4f76cf09b3de0de6e83bb905ed2c2f96090eaf5e6351e895471a395fadc3d6,train
7b5377a2592cc4a1df51e5512bcb8f08bda3bb76a4f0d5b6df50017036cbff9f,train
7b540679e9235225f42c5cc62af3f41d055b3ac2bd4fb400dae83168d527119a,val
7b570081be91a9fc6d068593a88bdfc60f46684300a0241943a83569550bec95,test
7b63ac8048f252f03d81823e4f101f6f6cb6902ed93ee3b8fbc6836779530358,train
7b6588243c020ac5fea6df06783540a18fe75162cce4176de0ba1194de1d39a9,train
7b681fa864cbe04aa3b50f05617f150ad942a8bb43da22d23d10ed051f7fc7ca,train
7b696a62f791cf35f9a0e103e208851c57e596186f36d3cd9fe6ff3b3280a06a,test
7b6f91b04a82e097f152dbf1256408d043013f983aacdb5cec6e6076c40e8a3a,test
7b71ccd6797213e6de5cbf304b0d5789811a9d955798811eef992736dedf67b3,train
7b8200ed1e76265ac4a99c3dcc5cc1e9f7c83af85584c2f502344936fab1a2f7,val
7b86abd37410f5e1a77f85bfab13e14bd5c59df55078531288f8b6e2f505a63e,train
7b960657cef3a46fbcd7579ae5ef540582e00b31a78df6e5b09ea02de1d8176a,train
7b9b494f13e580fa10a59768aead89d96b20a33ff8cbfb21aca3d8f32596bb28,train
7b9b92aeb4b2a9b1429f4f947dd299b4cd979345219f0c4d010a0dc3ce0e082e,test
7ba7553fdcd3632f5fecf8fe81ed8e040cd1893d6818962a850abc4fedbd41b7,train
7babd5359f175def204d51b5f7232e8df1e57fc272fe383ea76a3e42fdf8dcb7,train
7baf9af44af1f31cc948e206ff18fcbfceef212bbf7f0f9995536acedff82de7,train
7bb567e52c21f621f66b13cc87768ef476c67e32f23f3d09aa6fab18c637228d,test
7bb7a3b4ce5439333d10c5d7774f25cb16a15e43c735199be4201ec229145206,test
7bc0338e8dbee8777a82d7295731c2cf4aa59727c1a86a91d1aa163128350ae7,val
7bc475f7686f24fdc6347cc3945f02edee318668153707c4810cd266ed541682,test
7bc73a2851f4fe3b6a9535db10609ecbe0b4e0890b7d444d49f9d0561fc73c07,train
7bcb5b6456bf1ef6f3c3b2206452533bf7cf858552a1b2c7e7a4a21df6a1ed1f,train
7bd58dd0eecae28c47f6ef866987ab667982afbd5fd45e5acc6e10245e518e88,train
7bde91dcf81d3fbff1c8f8ba6256ee2556b895b768e829c1345f81df0ecde982,train
7bdfa5aef1e28a06de1b6c27afc09b60301dfa8d04dab2b0418c5ec1e65bd058,test
7be4183eb0d231bf7b8951f0916fcc58bbae042baa7254fc0147e8999e86fa6a,train
7be4614faba97eaa3e15532443d329764845412079da7be4b343b92ae0be7c8f,train
7bfbd0a27f5580b4e58e9079062336d91d5fb9baebc522e7ba6bd6dd2c9c7163,train
7c0276a854342f35baa8cf651c0258a273311713807d0530e64e413d04883c3a,train
7c0fa4ef8a59cc178ffe21d1ff28025a40f566cc6f413486a985baa0249bbea4,train
7c143d08f67472ff622da1bcb051f811db3826cc40ebdda95ef8752e83279033,test
7c1484049c0f6730edf82bd484f393ccb81690b2be9ea4eb8d407929d21ea628,train
7c1cafa0449de437d4d102a456d265ae3b2c106c9e3f67de8a4c1a2979749958,train
7c254a391672ee64712d91408c98b301f8458cc8546990fbf03009ff27da48ca,train
7c2b43b4ffe8445b1bf3584681944e849d086eedecf10943c48d701425562a1a,test
7c2d456c2c61d3c4c34ce53865923279fe4b49712f3fa15fc4896a4918c5b9b0,train
7c3280e871182703af97fe1640dec2d0e75fd3be6c90301bc63ea9e1c42ddf6f,train
7c32fc5cbcd5be83185af8474cc429e6e991b1b066c1adec0395ef521842e694,val
7c388b66ab1378f6b11fbb06ac3760d88167834d6e1165f08dd4e91d5e2b3844,train
7c49aa1708936e5b38058d629b173776facac2199340cb2d8f40f942a4ecbcf5,val
7c555c50ae081a22c3a488fc5849193b6ad6fd05783426c9182faef94769638c,test
7c5fd6981efa8af66f6558ed44f136a973db1dd895855feda6f0a180f14c8b74,train
7c608880a13352e79f7dc3cc68381f5686fcb32e93129694b9c203ad4fe96e50,test
7c618239bd9e06bfb0982bb6c160a56947fbc106df3ca86c322e91424ef3d059,train
7c62c0c25863f66e85e04356f907586285fbd60c72424a98024f13e2a933fdca,train
7c6481e221a9f4839e7af07ceea0fdf274ee7e9c904bc6e6af95bcc35e0c018e,test
7c6b91d683de52fb8555dcc5a69b47c1a0e28ba72d8d16517917f534d46c01d6,val
7c6fc0f0e81e93e938f214d02e7eba125efcbe92454761deb88e896fde6f7bff,train
7c73c0109102f83fcbdea85b2df848de49275e921fa417a78f4a05659099a99f,train
7c74ee5954a1e9a7997150ed2f13af54b364a95e63e3f716e156255226872b54,test
7c7a90d0aebee759336d8462741c577e35cf565735676ba80c7fd99703e38c38,train
7c7b61de318610612dfbe0aa61a02c3a834c215cd4279a756843c3acabc423eb,test
7c83aca7e69d3366b7e4d04a4a08a90bf6bc646eccab2cf003489bc2622af6d3,train
7c849fa54dee0f9e7282784a41b1e5e2ac8aa091abd2b40afad1d5b92369a310,train
7c8ce279e426fc5fb87b35bf42268d4e3a7bf372c9e514846620771b26d6a897,train
7c8e5a6fe49afaa353c851aae875bccdc7ce250a3f6be21456d773ba2ee0584c,test
7c8faf13c663375b31fad943369140e8aebe9c3d082944b07d084c3785851658,test
7c9ebd23b455f486d30d285b0f635010f859b1cf73f506d50175bbf57b9826b3,test
7ca5ea3c987210f2e3514bf667be2f6e780725a6be01780dd3f1c545dcd93c74,train
7ca89576ac62090e7a532051c8ba85cc13cd315bb92f2cae1bfa4d37ffb918f1,train
7ca992b3c008016536fc38679337cfe58612f7abf4f0a43b01cd49a7734e070f,test
7cb245a2d52ef6919d3117814ede26b51392c762ffb5fd34096aa9192f70436b,test
7cb2dc7d843c815764deecc64c5c51409212e005617d8c91e2422d3d425b6409,train
7cb9a254d2677ee77d41e8c95fc07c111fe9fde7ec724791ae1427942313a43d,train
7cbbbca5dd46302ef5f05f2a47f0a5b0060d9551f7ef01aeadbb885df0e469d9,train
7cbd59bafb53b6d744ff6a1574b5723c43cc51b36b34ba6c05fc5c0179d37dd8,train
7cbebc3ecbaa7401a0f18ac5aaa76cbea552f34fb36b63b95f1909783fdc5923,train
7cc15ca9f909e7986688352c0092f6778acc0b6f705e5a5dfa93b35b5b7c62d1,test
7cd0029beb9afb3be192765e71b58cdcdb786cb25b31b1777c7e137d42bbb156,val
7cd11c15421319233c17dbb4e08ff18f9ed424fb101b3e329c68d5494b99eaad,train
7cd6621de4bd6f6f4d05e74b406152bfa4aa99ebce74bdaf5a2dd97d509c8e33,train
7ce08fee87534220e44e4f21d81f8d0f59650eb642dab086619f9e9db18efa9f,train
7cec378e8245af666b3274798905e5e7b972e81d1bc81f994a840802c1dfd9cd,train
7cee13e92617df2180f0bdf6139aa9733ec4cac1342d9979b50ae93bfa7eca6b,train
7cf1a9c4e1631d5baafa237c5bee98915ea6da0fe92f006b5db64305a29b9288,val
7cf5417da5bd3a35f6a54fd9d4bbd00fe3fa9e15639078e168604e672dbc2733,train
7cffb9cd34e3c3065f96afbd6ddddcd8a6aa4ea77e0b455179a3ea48eda34476,train
7cfff11739ea04c06690d68347ec48b5955db8d0f3ab33d66a5cc6ae33d7fb47,val
7d00a2731938579ddc2c73d972491b0ad8d28e2a77f5ca194deaa431eb2e1cb6,train
7d062093b02fc01575883a4bf275bf3fac248c1be19382ba3090c4f59edabfaf,val
7d0b26d55f64de82836e4c0e2d1b7d141f762385c3d1fad17228f7f19cc77e56,train
7d0c6d0c68b8daba26a8084c1be9a9ae33c291e2d4b0c385ed93d028d96f7ec1,train
7d149ac187707fa3fadfa404f2076cbd4c46933ca466b2443e3734ec550e2933,train
7d14da37180d908aaf99b308b4a05ac24cc0e0e55b016ecf1b9d7fc02d5b0e70,train
7d18bab40adb43f1ad71b125e75bc4dd64fb69454d373db31e74dce58f724868,train
7d1c3edaaa07de19724a13a8aae2bfd79553438d1ab3db17757dd488b4d8688f,test
7d1e3c91976c05e1dd1b5a07d7e63abda2345cc91972e2bd62c44240e20db863,train
7d1e6de5195f276739c6e66ff0cd8ee630ccdd28d4b9609cc3fb06d8c3fe510d,test
7d213a3dd48e9144cc2ef1d0ecc9abe5aec6a3afcadccd4fa5a0479191b1feb2,train
7d23bd9dc6494b16737f2d5c08321f521bf26b0bf0ecab927a65c77bf79624af,train
7d2acd01a77e13454a1fc5c8be7686c122418258d0ffceeccf07ada408cca3d2,train
7d2b923a10cdfad74b380b355efd1694d0181051403e0d0dbcceb3cafd6baba7,test
7d2d7af539bef0d54c5da83d298222fe6ddfdae202a21f8544f80b22eab86e1a,train
7d3feaec442ca107622dce63f26b7daa78cff7291a6cc07c4b64e2a734ac19c6,train
7d417df95a0276c08507951136f91224d7debf18cab769a322a61ed36640d761,test
7d45443365ee96389142b65e2e6ad4bf9167341324c3fc0bbde4a5130ae434bd,val
7d4b366d125d53d0f0e397210882f17f8189e05a42691a03b306b9e9f46275cc,train
7d4f72f146a3f46aadb95a31bc0cc1a1425cc2126d649f2e0317dfa0765d5b44,val
7d54f61d123bd9e97111bb02c00b72be40405b7a696da7237d00829f58737df3,train
7d592c4c6caa710128b3029bc188bd47dbc990a376f04fb5fc7bcc4b613e9609,train
7d5980213d375c2472efbb275ebffdc3d44fa8a19c24b5350aa9a72627a771d7,test
7d5e215c522cda06dc87776fe4cec75dd08cde423dba8c38e39da24350ee10b9,train
7d6197c389a2fd1cc4447659b8748acc0d2e66fe7e96b7e6734c5e132d493e60,test
7d6589a7962bc4bd1a8f8598227f5b78085dbd0fcca8f810f46c6f74f9e4cdd6,test
7d6c2253351443781452429edefe0aff91b0a0fd0afa4285845330749eff9a5e,train
7d6dd976ad8e5e85d2513bad1c8a6ba21181514b0d7eb015ece9c3c0a377c989,train
7d6e5cff21bab59340b6b5c0d03a45d640b3c5f2bda45100d3bb0a1d56631f11,train
7d721d95eb0e48f354acbd513d06c7b4bd367edd15dbba28d62d1cef973f2444,train
7d7a593165d00c2fc8a07e501be46fa9525a2ac7a9c576342c0cfb9ed3d96a81,test
7d7e7f56bb7da553219070d64ba9c10f94fc34e6606bdd290b58515443f2dffe,train
7d8184b8991b3869d8f4df7678da71cb3981b6251b25b1b9ffefc27177bac5c4,train
7d820d33bf4cf2d169cb38c4ba945464a6277b7c04dd8fcf291c711cddd0b7e3,val
7d824780f4a32c8cd4072355e388713f6c500ca0ee7674cd3b2d7cdc059f7088,val
7d902badb86d6804b77bc6bf312222a7296758e7ce22e4593d0e021386b2b6b2,test
7d970fae4361d6c73ab544d8671ff8b04d347dc3ce75b24fef6e8619cd8c8e9a,val
7d9716261d82214e4b394a53214e83057c5b6b494ff864b56990b39fe0682268,test
7d984d1aec63810ee481dea9e6ce09dad2bd7a6835d6e2f4c140d158101e343c,val
7d99c02ea2c985247c52732456485d99112030517f8d09e1f8a734abd6850523,train
7da46dc37c9468f9b853ca8eb1a533df5968ee490db3edeef5ce50cc89faca16,test
7dac7401bf63b727f6abd59f89bbe1f2b74189d0e186be57b342d6802cedd40f,train
7dbd2a7bef54e786bf39afc3a7fd15329e4af5acc63ba886df0a8da75b5d9f65,train
7dbfa20ed95a033cd7cda7e494597f70b71cbd2a0c83d3780cd7976dade36f06,train
7dc1228475c52bda4f27da3a39e9b775631a6aee365257f578b2d3001b07e028,train
7dc17c8f051804b9807cd0f273e5f42f1bc1b77796433cde0e2942615c6ff3ee,train
7dc6a27e633ab5de49c5b235766af0501349bbc773ccc8492cb6844c1bee5e2c,val
7dc72d27ba7053639d994c4a2145fe2ed280261a684387ccd17de13f8433d9fe,train
7dc76957d19285fba8a735ec7871a988e36d50ecdd416b0bb22a2bb5e8e4b7a4,test
7dd6cfc47b4783b37c66466acb561648916c4e48a64764edcf6917a390df71fd,test
7ddb6a63ed5cc28369d1307b42b5c9f27ea7349921dcdc8a1dcc23b6a16bcc42,train
7de17ee69508ab50e0ea83084dd1b8460ead5514b2fbe4c29e418e28d3ccdbd5,train
7deb7f18f0eca4b1940da67ebf5c166962ea6c4e39019370f8f4442347c5a5f7,train
7ded08b7baa2f3cd618c7d0edffcd7fd21ffa2a29db98d1277882aa3e84de3d5,train
7ded3880c2cf6a49f51a155ef3e7ff7041044df98adbb100261fd705b4d0f2c9,train
7deeb1d12f7af834d252db327938333c78fb1955ace42fe41cb473d7e7a3e6a9,train
7def32a6c04155f6a31225e7f732ebf9c9e103c0013c3f089dcf0a6c4a8a8762,val
7df15da0f919f8959e984ce418bfe2f9c4105e6925d1ca86e20a839202436b86,train
7df66a2c1a357116a35b1283366a93046d1d7aef458ccf6191994994e5ded79c,test
7e0181628e03ace131960f5710c71dfa875fdad3aeb53b6feb6fb6748fc508a7,train
7e085f2a368f7718cddd1aafe4bc5048f7ae95e14db8a03afef6ac8e7db02da5,train
7e0b386561712a412b764a3ad9ae9beb76a23abcbd371fdbf0687c6152143c28,train
7e0e04e9405b5c435e8824f528ecea41ef25cfeee8c14d599d38707b6cfb55e0,test
7e10e931658d4e8e380262983143fc9384cb20ced0062ff5b33aea7415828dff,val
7e1331231fe9a9451333ece541cae595594ef494333140a30a35580b4a7556e8,train
7e13cd2e513a556364d7252461982fc1eece1a490da97a19ce957af2f8f2b69a,test
7e19606fb71910c1ca485f91d7d13bef52f33b7a8459878da1e19e1927990010,train
7e19c7cdc4024a9329e6dc164a98dd5afedfd5217fe3a18aae13889491caeddd,train
7e206a6ab6abb83f3b4de6d39dd39237ef973143b1ac73eded286c3762e7c587,train
7e20e9abf7127d88c815b31b3925fe2d943400fbfba8a7d1796f7974a2fc0b15,train
7e2222a9f96fd1e547e8e3cef18d377b04757af1765bbd53d1403e3da7fee034,train
7e2346dd41e0b06f4303142ad69e9507d6ddf4ce9221bf1f5645a9488178331f,train
7e2ea15e584eff6c14415984a2f64e392a8bcecdd8b6bc6a26cbfb23ff8c8874,val
7e34ca0091934553178d2b1591e013928150446af3bd9811a1d2d745b6db9c57,test
7e39f266d43897f01f9660261d6a06cd30cfe7acb4678bff58403ec7c77d7c8c,train
7e3c452a258e80c759282bdf01422d610dd6fb08e1414828aa298b18976a187c,val
7e41fdd05f4e0da1eef891131e6ed6e37dec3eb944e23246eab5ee1ce600fd5a,train
7e500229ad511701687e2a36cfc0963578ea0353c5ef6f401a34668510a1d509,train
7e50a970ea8049c1c7ef49f55afec5141419eea3dd85ca8f4781adda59bc6b03,train
7e518df9c89958d2b19bafd1bf6af48a4440662778dcffa7449de3a1fcd68f99,test
7e56b0e362d9ce2e430909c97d719a9b92755f80c7a137525c99b1e861e810f3,train
7e58a6a7d2ede425f26444578e8c08467d7800a76f50b5e5d58c26bcdf151539,train
7e5cfb76023a4578807ca4b2b3d20eae04afbb2df0391eb01d5c7ff7a84b27e3,val
7e5e2cc5c22a578c2bbac6d244b5e55899323917da8c7c95afbe264c095bec78,train
7e64ee738594a68d15fb68d023016976ddac8c6654f3ead07e0a6ce5f0f422db,train
7e6670b298bc1ed91aea4acc8fe8dd6e1d2aa0c5537e61caa4374d252ea5beaa,test
7e6fed30b9a524cde01f1b1797f27c10d8f64f4e9a4547e15f3b1315095cd068,train
7e761a538d00db215306838aa046e0acae26f086747549bf7dd52f553ae8912c,train
7e77823f4ff8ba3def326664543ddea1fe45a359fde9d86ec3b0e499979df378,train
7e7b36803f1154e231775de83d4797b06ee44415acdf4745c3ff97dcb1042c00,train
7e84d831ae0730d3edb03b07ca815e06db91ac081f4411363649aa8e1fdbd4be,train
7e86f5390d693cf05f4233b8e7a43a5a71fb655a5fc697a9895f22f4832776b0,train
7e89a7612ff4723012d9035e2f0d482418ce4388d377d20c69df4e017aa479a0,train
7e8cf8334b1382ef1d5f186793bb5797daf7b6c59856f20401a89efcf9ff12de,train
7e8db6c0a5e8b6d9f3e672270922cdbf648fbdea303b05348035d4a3c196fcbd,train
7e8e8ab8e59734a35a7ad076890332a3f1cbaeb930c9bb409188a8bd04800872,test
7e914052f0db99c76a324367066bfbb7a768e2c0baabb53cfbbcde38e8207cca,train
7e925bc02e1b9666f8fab810fbc76631e980dcdce3ac663d100778902bb1f41e,train
7e97abd771d7a50ec3cba867ddceef41c9e65d3be0528f49410d85f726d0fcc4,train
7e9e30d6f1e474ca42a3ca6544f0eee41b5b1d59285c16ff1298770c81f25004,test
7ea5605705b77deed100d0e6ddd3d02555fc39a55b7ad6ad9964912cc219401b,train
7ea64cbe8c38ab0c55f646ace77d1a090672fd24b665ffa897a8b2ccd534c8ad,train
7ea88f0782cc0a2a814d5668dc05d3fefa8f437998572434b9105f42e8aa0b54,val
7eac3b35760edd02f7e9a77f0f4f3ab093af881d84bd5532ec8b1e2f414cfac5,train
7eb014a708ec37870a47e1f160e34d53b3370d82caf2047f9727ba053790927a,test
7ebaf1a1b9e98caed717c044993b9a056bde416b3633a2fe68d7090d94659cc0,train
7ec0952af596f21607095daf98d9733d7143fa5dbfdc190eda7e98bf3a41d419,train
7ec1f1d54d8e601bef8704fca157b0844275ef30e149dfb58ce8535ca89dfa60,train
7ec9454696b8903bfae5bc99bdf975528212a985a28a93ec30ced0af66194a83,train
7ecbc0a1e19145909341c3f6646efe8c808ce17a038acd2b023ca58e45c50458,train
7ed13d5ed9a6e6e747449f182f409d195742076f8cbc78f62510f1ef27ea9a20,test
7edda8fd17e8600f1dab5f7bc3dadef74d2680039cee4324fdb343326be01eae,train
7ee25818eefd804db4ab109a9250761e2e96b31f212b9991a7723a71a3bcdb92,train
7ee61240036e133d257e26e0c829315f30d72503b2e5a57d81621fe19c1c8c5e,train
7eec05bf1cbf42fa1843eb099275178fca44e84c06ae631c7b661c3ac84bbce0,test
7eed5e904e71ddfbcdbfdc1a2ec8cd20fc2296307a7b500a9737dc631131feb1,train
7ef05afd94034dd9c360bd72afb4a76a79aa3b40112dd35aae89919a53371203,train
7ef23e7fd168459eb5a486b7f5102540e0c509b855aefe1cfd751c7ee19e4322,train
7ef97b743fcb6daec09e7a90e5296da0084f01508674876b42551b43eccee54e,test
7f00c7c263e15eedbb747d1528d784a440aa1d911e8ca8f5371d4ab1b5ecb346,val
7f0618b558696c113b48c1bb6a1e6859ae8f445cf4355b0aaeb41925a9750ac0,train
7f067397ac7bfe5b7ec0e79cad015c33d939b106c5f347ab1535b1e9c1d4fd5b,train
7f0d90f036304ad984c744fd77b546ce1fd4870ba21488d4f3eee8efe76c6dc9,test
7f0dac5104c2861c07cff6831a59b8f8557432db2d85e8851c277045833e0b6e,train
7f1120f62fbb1eca075a9873f1c1f14f0e1a2974c73eb3a78e87c8b60867c58e,val
7f1491cd682e45f908a9d25f1c9e59f1670b5f0a8c145f0b11ab33b317b2b754,val
7f16f9dce69819ea351c50f1434a66b0dd195386e48c25434bf62488674edd79,train
7f186d550369a0e38775bfab3efb6d27410fd1156e639ca310a18d32129b108c,train
7f18d06f42288732b3a01844164afdd96121e52b0fa7d05a6aa4506eb0553ca8,test
7f23c29fbfe2d5bfe3a621409e34f0d20f08b6fad9f0a7d9b931ece9f3ad23c2,train
7f2946b2badabfac76f1730a86282ceb511ea64a19c63dfcbc0c142f611c4b4d,train
7f445fca48dd3d3f2c79aa6bbbee9417fcfbc0c94f197540964677db62d31956,train
7f49b391a1a57a69dc95dd219ef5cb0568545f446e88957f8e4bda6cbb071960,train
7f4bdb6462fbc91a55b3bb1f53612121d19802b1071a838ad182d00b7139d592,train
7f4ce0baf011de74b691d365f8365523482c5e45f9212275f4f81f73ac3eb049,val
7f5294db6470d691c3b65b8e0849d27f639004751351d31987c4e7a72a3aed8a,test
7f5d82c3618d7b1271cc2288d54dbfb6f37977387b873dc4a1d300a9393b619c,test
7f6201fd43128c5999d0b7d7542617834eb6475bf9d0c2ab11c2300e3cd30f19,train
7f695823ba49bf562c5d432da92ca4a4cbed3d22a9e4811407beee0ef9e3047a,train
7f6d2878cb719fe5c91fdb9c9d00a1dffd78c51bd2cece8889d0be8af2086ca6,train
7f71bc2a51f3c97958fef57c3a203db5a4070563fca8725c8cfef92929628870,train
7f779dd43302785b6ab9f74b941c1a4a760dbcc27a70205e56b45992fc4aea1d,train
7f7cff7bd41996127f246ca0cb35529c2f52aa8413d431ed7635d6a3cb08e384,test
7f828e4148d8977432a91effc36fb33632c1a55aa667b1e9629456a5730dbaf8,train
7f87aeb6a2c58e7496fcd63495544571b333501c9021ca7268b97fffc220d365,train
7f8b2aff6c6ef54edf3462da692730b0565dfb4c297faa98a02472496d186a33,train
7f8c8f4acb39d5d28aa876f6e59505133f99f75f868585141927be052fcc9418,train
7f90eb9f31043785e61357501f86ff644765abe47d28e108bcdba9dac16e5395,train
7f919aebe7998d890f3950244ed049d62a8b5c6c8c7a4b287c3a0e33f6dfd568,train
7f998f613597ed3f4b8c0827d161606d564a39c5541b2a88c3b91f6baa9040c5,test
7fa692631d45a16e61ea4300072ccfe07818f9ec6fd197a7403b9c1a21b10046,train
7facbd51d94dd9f54504cd253a8bf83375e1ff052f945ba73692703807f69b38,train
7fb3c0f5ba064420b7319dbfb1cb4b5332c9840d849ad4c5949b11dcd989c6df,train
7fc0253164c1fbaaeef95bf1afd1f055fc08b5ed7f11138ebd2040a68369427a,train
7fc1a9cdaae78bfa8811473985c975fa4a3066feb2c5ed333305f6691521cf79,train
7fc2ebf3a52d9f224c3a7586ed702eee1bf04d261dcfafdf17e4b0dc493ef8b3,train
7fc53edc3add6f9317e037542e9b7244b52d4cb158dfc490c4d033019daccf7c,train
7fc5a4b4e3defb05e026a2b6155b3b622c3aeea88812b52135b808b9cdee759e,train
7fc993ccf6f807bd528c9fe6888920e8723f715663c777c08cde2082b18f83e6,train
7fd224380793106d77a47fbb0b842b85c95878a7a006dde8e78f1e15b19f6b83,val
7fd56eb48de5ace2975d449dab8acd3c2b144b61f47cec3d4b71503077b06765,train
7fdf086785c2ebe53a8d0076ddca8082b875a543d34874fe1e41409601536796,train
7fe923227bb31781094a6ce8b084d1dee5052c82d419fc318e474ec9334a2775,train
7ff345e452e69213e852ff2d083025fa78c9d212630654e8b3e678fabd770646,val
7ff62fe945dc2b62806f58de668fdcc8dc7af169ed097547a4feb44eba129e4e,train
7ffa5cd983f27e47a76684b5e03532fc1721901600a08f0e2e3a7d064f014bcd,train
7ffc522f1880065faf68641d8b8cc845790b3bfcc4ac2473e853bd69625f0f43,train
8006738cda7feb1bf7c4cb501e60f3b2ca1c5949ce6f95fc4882c5968bcf7e41,train
8008d8d04dcd26253c56c0fdea2b5dd6547157bf570ac984e97db48fde814219,train
801b8008d33395dcaa31771fd2663a1f49f5a1b71c6498206760b8c070e230f2,train
80214cf6bab18b7ed9f205316d7bfeabc2eed5bde44cba4cc1328cd662f9a967,train
80296784661df6e7d0cdb07792faeb93a76fd8191265078b08be5c985c3a36a1,train
802b0019245d4008eaded03991bbe694fc070107674071ace25c38a2521705ad,train
803800042a73b48dcb67ed40106006174feb13e192358f9fbe1bd9865ae2a045,train
8038ab4dd43c2c54c7cd667ce60da662f9900a2800b81cea1a5ca967788fd95b,val
803ea2b3916daf214addb0864f558d8216beadc0b690f0aefecad8ae048dc315,test
8040de9ba97a6a481ac9d88e88029d21acd881e1b1e10fdbfb72f0bc0d9e9851,train
8040e0d0d54cf2e9d213c8350bc673725f790631dbdc5c5d49d6972ea065170f,val
8042cbaf95433137ffff14ed4aab7573214beb0825284cbb1e6d82ff7247e539,train
804547bcae831134b647229013ac45d136dadccdce2a94eefcdd946f3df745b4,train
804c40a3853c546c88aee8e19e50799a4b042cb4a524d142df5c281be5eeee87,val
804e3122b6836804d569e950b48b9713563ad0fb14fb0730f2372546d22d612c,train
804ebd58f6531fa22bca223339b5652b5c0fafa0de779978db478e4fd4ac9845,train
805110d548b4d4c0177647d7c4618c7b1e3c8b6ed6464479890eff6fd4951b53,train
8053d88fc270bab839776ee5f7763a9fb61fa71a1f1c2dc613948b61f3fa083d,train
80570f6552a638cf1cb3a8caca9c8fcc077601fa5c70a0b50cd28014b6b634f7,train
8059c1dda6d9d9eab6da12557fb83e1dce09852e254933dcfc39e4b8b677918c,test
805bd15a9dde8ef33f0790d4c2d5b03bbf15d5c43a5d21733d40e1b25805f7e4,train
806a87fd61737e2457f0af3f20a535750b3378d989291289bc4156c935a8061f,train
80722a4594c88e6db369a4d0e0c2b4911f636678ce6303b9eef076cf2f8d37f2,val
807452d8ef61a3641f6932f3d4b1f71b6ccd9f4912364d92cd4527b13e2ec838,train
80767e5a2b04370f518f742bc425038deeb2444f063c0240b0dbbd139428d02a,train
80777d5f0abbeb6c2bc45892357613eade3dca3931f477256a7374fa603a8364,train
807ec104c3966b6c6e51ea7376481a4902944ccbf1787fcda93dcc1a07c6ce46,train
807f347b595ba6d033f3628c59cb4155f5653b061bdbc5533fa4786f6df6e067,train
8095b403757a7c3fe3b4db196c028ebc6f808f89df3fd60acde39cd345abe6fe,train
80a282a3519e133ccb9bf3b7dd5564caef5c5b1d6fb9df65b849bc021116a7c2,train
80ae4462e23388ab4e75227c6398843cb0959eb6f4fe3e367f145a68c2716a06,train
80afefbdaa3dbfc36808d33a61dd418f2d6f7a43ad4c7cc87aabdd596810aaa3,val
80c8fe297693d4ec4b28ed35604928e338918167b7df74ddd25e8b7ce10a2ad7,train
80ce0e6da5842a1a1aba80406478f8ccc71996e62d086839de837a588691a8e9,train
80d1c4371fd89d3eb7a624e9047f1ece704e7c57e215fd117192cdaf89fdb35a,test
80d44f5a1da351abbdee3a21f6bcb71f95f7c26a7be48ec26038322cad85ee5b,train
80dd9a942b6435fb180bd47475cd3a9d2fb416002a9f513c63d14c7895668801,train
80e2d52a184c8b72b1eca457135c2d919e9ebc1faa9066992067c98b74f54300,train
80e9a0623866083d01952dbb74c136cbb22d0af7fe55fcd0443e9eae15587d00,train
80ec2ba15312d07c38f70e475c9eb9ec37f8ed72f1b8ff986961140bd5d87913,train
80edf324a387002768e6f3a21e6f473b412ccde4f8a00e132cca47f147da2660,test
80f9cfbb86034f8389023524ae8890b2041267739654d044addae6c99f3a48ab,train
80fe05493f8fa5e5a8c9f2956abc1a43b97dca7a606c9d4bbc07f9ceb62f58b5,train
80ff4850a2319ab1f2b9d141506e9a21f55849710bc0bc40ed7fafcadefd6546,train
8107146826e42cbbe24147a1b363b01c610be698345d1453566ec0032aca1dde,train
8109224d977f841f866e74010342de31ec1d22e12077cfe32783eb30ba1c46c8,train
811013cfeaa8c8bb80916653bc767dd620e4116c9ad7365e78568eb3cc3e7ee1,val
81101832eae3f1858da5bd402ec7238bd7890bf6c0dd2723ed88973c0c208b0b,test
8116962f3cfa5e14d6bdb71d95eb38c974ef24209d07871c2f0df86356e44ad1,train
81173312fd9259fbddf74faa170f7aa1ea4726502fe873353cd50158cc7a83e1,train
8124872ef74ea06a3e6107d9ca37b3598886c301cc24186a418e487491bec607,test
8129257b2157966a8c4add621c704a797a889b0b9c7481bd3d067b8c3719cc2b,train
812b942cdf47c530f3c0242e9f783c90664f8e7fdc0d26df6f4eb54f68a20e0c,train
812c40ec7a5ecebb9e7f297605097a38714224f3977d9444d80f9be0beb2e981,train
812eb8ac7a3dd6ceb4cc07be4c3fa384e46902d55f20093c9fc2093d6d9632b3,train
813238516e211fc9b31eb802da0f84f5e7e6df5cf8d544a46632fd00aa9e98b1,train
813ffa8c2a3d803c41df1d401efcb4fbaf44a2709f6cd83a315acff24c766aa0,train
8148a67913aca9093687b592746958b56c6a13225c8b84fedd3ff93194a8f9d2,train
814b6c660aaa3fde64d36ebc27a7c6b43dbf749ac984ac7edb22cce433f64fb5,val
815555895c3d9c6be8cbb32b8aab165505cfc3e6324c438ec52b2dde77d39aa2,train
8159ed8ffd07319e76ecb21905a837f2667c90ebdc7acd0be002bbaabee004ef,train
815a825c0b7695b772c0d7da3968f738255dd4bc1b006e7406404e4f7154d51a,train
816313d1160e4d58a02301161178ed7102f541ea1b3104450a6380fb6153c408,train
81680ed3294d3d3806034124ad2a78626efa36f7f04a3082581370fca35befc2,train
817fb07366c439cad065a5a103236c8e7097c315d0a843abe93959b43860c5b9,train
81860b2767e3a6d537399c124da21bd13aef4c6c765ab01802d0d094255ca217,train
8186e01feb21bf2a86568b26bcd7791cd36d2d7725a19d395c84401d5ff31521,train
81879d620889a8c09bcc01ec75ac2a82bc253ef6b476cbccd5752a00762b83c3,train
819092519423c9cf5d5a665e65a682c675b21bb9a70b0e4645902d0d9401bea2,train
81938c968ff2511d9455937a93d8cf71e28a24a557999c46271c83461e19ebb4,train
81988852a8426bf5f89a392277cbfd9283373b6490c8a4c9245276fcfaa32cc0,train
81a74f971c07a8fb511fe5cbacfbc0fba90b8119c33e8b2eec21dd717354422e,train
81b50b9f22bffbe5f01731a5b712f4240df189e575a832e481f17c920006dfd9,train
81c39d07caeb5c55db5d09f086f797e5c7131c932c4b51ce0c4ad7a2d15bb240,test
81d20a2e05a4433413a20361395254336258bf58d550eb1f5eec928f6ba3f942,train
81d2953530c9dcd105d0873657b7f4d49b349db1d5ed743893a62716276292d7,train
81d6c6032979c3212cfc9d1dd3c5d6f2be6235f3e0b7f74924ed2f8051fe0af4,train
81d7d7b0dc71f9f547ba8398bf7a9c2606b98c1e2331fb90c2a2acc624b67abe,train
81e080b2a91d169f5a80b7eabe9b1647b0445acfbb231686fecc04d2cae3be99,train
81e3855f713726a494d6e5b0488a8d6fd0a8af2686e50b484638453954a77680,test
81e3e43c635c27a62add95a41444450ba5fec8b080e26358ad3dd70241492ae4,train
81e969999b37daec3ca2d6718e8bc096cf595c3913058742aa277c1cea9cbb1c,train
81eb249e3665ffb54a715ec9a420bc91b1d86c1e5fa088248cf11964aeafde53,train
81eb40bf1cecacd606395d96b4bb7d0bcff9edc48d297480a3e4a75c50d33340,train
81f278b27fac28813d2b556bcca19a3542df2f104a07e40578323ca3e1125c53,train
81fb73607bd840a4a6768bb8420e85f51a50b0d2521a45727a579866a26040fa,train
81fdb4c74477944fee0489290f2c871ecd98ecc6524526198c130627fe6be44a,train
8203906dd686220a67e4238c2adcdb47bf91469c48bd7e3df4540f4322b15894,train
82068ab5e809d36692fe764e13c40be431ecf29e68944e2cab772257e3176bd2,test
820b32a2ecb54475b901321d989129ec35b89357d262e3e957d9e6f4f478ce37,train
820c2fbdfcf908f135d3ffb4297c2fbfbce1fd80642b97b0997d11bef788ad06,train
8212bb1c5adb303576718ac7080598dc315ef3b1fea1a2f18235cdc736140a51,train
8218aa023323109614c092f161a64a866484e20a58cc06aa8d8457c9345057ea,train
8229894ad00c855e0cf0688f2ee7b0f840339c91182390c85f754725493bf684,test
822cc2b7b86af7a065091caf97e2e25e5e97b23fdd49199d7bd939196ce463a9,train
822cdb26458c0457d488927993e3e699e1ad384851bce96b578dcf0ca947a675,test
822db04cc673c80b7969aea9fa090a18fddff92ea4d83936cd9df4c3473672c5,val
8234bb08ab95fce027ae7c87229383f6a2d36b0e4bbb87c03492de50c6ac606b,train
823b1b62ebe4250ee7a9daa335055a18fe819504fbad8dc893c78f53f4b1fdd2,train
823ba6818a50a96e08884a8e708856e340175ed3f737186edee4238050cd611b,train
823e3caef06021cdcb7e7c608cb0c81f01be0b259a14f705852568295806fde4,train
823ed31f628abce5863dafa6b5ae12ef810c724277cb792462ced655351100e2,train
8246987b46a74e4e8020129ecd5da4c0335ce85d34d99008452b06b6b444d751,test
8254db3346bc2e6da26e9e5a721cb3fc04d91315793a5dfeee0ca01aa0509256,train
8255019769dae8159dfc07bd8abed1448626e9ede515f440b13664a53a17778a,train
8258083dc6d0e63660fb1ce4d67f7730bd1b54c418f2c0f2c09752dff0f6d75c,train
8258e781b709be4d581cb4ff0a93cbe03d02dd686fbf0e02ca1f5238b3047127,train
8262010ecbc09756b74b68b4bead5ad6fde63094834e7b6a71ac5679a7e4c462,val
8271eb81c8d3679b122a5b7b17b638ac5b5b8dbbf7c7ac48d2d5a8a1c0d9423d,test
828403185e603493f313c8b0ab9376a789258f13ea08fac38fd05806ca61a403,test
828cd5af260944c6fbe31dd9192941374ebc1bc7d64a9b52c83df9201d390edf,train
82918768ec270a972d5869b887c4b3a1e2f0ee00de8f600341d7d5318cbd3df6,train
829c100690c9d9cefd48d788f4a07a1da83ef1a86e4d908abf030ef52143e8b4,train
82a04f6368997ce4e2f77790656dfab3d920c6a22e0c4f68cecd3a680f14b5e2,train
82a54783193c1a6b27ead5401e4b667e0ab65765d550e82ba97f0b97da932739,train
82b1d825b7051076623bef5a76568c5d42ffdcbb0aeb13b60541da2d391b9292,train
82b47376f52559dc36e0597b344127527519a3b3373fdd48ccedd68a02026400,val
82b7076dd30301df6cb3a79cd63bf43f305a09f1fcbe1a8186a442c83575ab47,train
82bba3bb304ae7eb24b24f2fe3583d0bb934e0d5895d29ef0c5265ba95f9950a,train
82c37f74fc8d3ce5e84a6b857477357129b863baaed7ce857236e9883f65d791,test
82c4c661f2e7df164ced3c06a755b4c32dcf27cc6ae1acd2c10e67be7945c653,test
82c4cdedc76211b249df94743be26db37232f1e47356b8cdcf26c81ab9a508e2,test
82c9e354e9eb1e5bec3b638b5a3349300f5a8dfb891d45eaa57e16ff89006ae9,train
82cbc847d06b98e5d9fd84a75b98eb6136be688344d1995181cbdbc4fe086747,train
82cca93b22f9d613571165c0fd1eb2ded052155781b0a84bfbe5b84bd0f1a12a,train
82dbee509d71f2659b9dc2c6a45612bb85af2bc9d4979973b0f48da2fb3c78c4,train
82dd799249704891a1faa0342a5c4c2dc90585aa5c19b92c5f47f804ca6c8c58,train
82e5ed0734c0a13ed357831ec80d9f3731cf1527d9bc620526f0484730b761f7,val
82e75eed572d7d04b356c579c793a565a394389248781de451056e816f047b80,train
82eaaaa041724b2bf245dfbe4d173f287255ac74f8ab7b5356580081f51a82df,test
82eb6695debd60937f4ecaceace11b914e89bd5a7438095991662669a0c2493b,train
82edce8fc891b7fa4daa9eebd04b2e4a38f735b05f05901fa10fedb73c0984a8,train
82f9a1a1fb2088ae719d6f9dcf8632ee06d5b0363a3511e64179382ac8cbcf88,test
82feb3633ef7c85ba975d83b0910d4229c1de8b91c1417f37af2dd105d20f244,train
8302a612863260e8f1f94d8433f06f25ec51ad0c563fcc4c24213109bccde3e4,train
83046f5d4ed4f6107cefdaa991fce7158210fe6657bc309bd0759d9377c1fe8a,test
8310e437f2212a99ffc956a3df46120316103cca047fc8825628d428441aa7f0,train
832fb7bd256485c2f98bdb208b271255f0678e285359a5c36dda984484d3057a,train
833e422fbccf65549b774fcf200cd90f67d058f228007fbe89e71caf201d497b,train
833ef7e3b14250eea1d0a1efaeeb415d06836cb3d0efe9cc64413dcee3929868,train
8341ee5ef9f808512c43111f8d496e976a4db8406327b6fa136e6954390e9396,train
8346ad0ba52ebac2e857a49a18a52685bd57f8f65cc1fa76d3f4a94214db0961,train
834794cab7be8708553659dd6593573e03ac49db6ecf005866a3c80dfecad935,val
834abd1bca2078ee33360b77b071057024bd7351aaf6284d94f1121bf8e0d041,test
834af607e928ae0b3becf68d0402e6a3cf4f28a4265c108607d80352725c6f8c,train
834d090227a3b691c558b8b834a4451959fe2912bcd83931208415ad4d79c2b6,train
834dbfd6453aca4c87e28de7dbde346faae7198a62703add12246fb2f8a1e401,train
834dcab3fec5d3b5dc6c7939498e83a7725b38268365fc7d7961ecdbe71e0f5d,train
83513c1d624e621f1e38ad44fd17ad889a89f359c51cc4d3b43b8fb00e6c191f,train
83523815e336ee3e32ab19d2768b8ac8d75b1b1c7f7dfd8ab28c628a753a8d52,train
83524d29d94360b32de7924524a08154851be2c8fa3c90c8d5bb070033906d11,val
8352c4e8cec97a5d3070949ab04db810e831a3d237f46fbe96b8d40eebaa751e,train
8357086853cbd5e42345d89cb73ef2d9de2f8f68b40a66b77843c53eb68f2e7e,train
835b65b52728abf3c6ead7e125603b00896a46e1054739ae97836a6a59a6c75d,train
835e2859e97bd0b5d6bf3efad7d6a03a3e64699129b4eaec38e8a2b196dce094,train
836372fa81be25935b54aa91d6a3ceabc573db1ab8fa7e1b81025baab67dc6d8,val
8366f0a0b31746c4326643a41cdb54b6026c87a5d98b3d0e5c935208000ac6bc,val
836be7903f6afee15586cc997b162f3b55ddfa338f584f0f9147e008f918b69e,train
83716d2a47d9076afa44421551a790fd56aee73025f03d97eba4c6499f68dee9,train
837ee76b954775cb6f82da23af1190859a1fddeabb185997303409da16fcf0f3,train
8380766774d956531582de85c93cb4ccc5f57e8ee53e205c2780f5b9d53b2a09,train
8383377da44d63cebf5d9f7a9b07880829d1da1aa4d8a6ea0f195d5ee98b5a15,train
83849f0879b3d099dd611e5a53f28ed3996afea9aadd81c33e32512c4c89f39b,val
83914a8b47348902d462dd72e4373b3389db1f04020e70eb3c1abfa0994e8731,train
8397afda0ea3c3a8bb4d8aecac9016941f65d4118782ad5feb25bdcd790a5193,train
83a40cd0f703502c427796d7f9f0f10d7aaeb4ae23d3494dc0e6b729ba60437b,test
83a92b3fe67bee1eb1a13991a19e84c4fefbf1748092b6ac7fc724bf2b69c247,train
83b409319e1939662dfa9706bc8deaef851640fc5d1fff71ecdd668b3cb4aadd,val
83b5452a695325510c0ab64dc091900501a965e57e4b3a8d8ed86d8f1e3e8ec1,test
83b6a3a78605ea450bfe0bc0160824229f4701cfef93de0526ffd9db955dc5cb,test
83c222aee5a2b7675c8267fff64c7263cea4c6551b7fb4a15c75a8e680b58e36,test
83ccd5f7d6b9ab19f9041a797f7569d4bf87e1078eff58b2f33202dbc30106a9,val
83d32a9ba3f4fc1424392e789c7bee0380d63ebbd0bacc0b74b487512d84471e,test
83d82ec5a4ee713bcb9d6bac976702a5182f27cb2338af674978278f6924c612,train
83e6580f3217f6e9aca2a51d8f64770799bc2dc3fc7a88ed23430a60a7666031,train
83e9e64cc3cdfe091e11429b537cdbbf7a57d4a677b2b349a70f33a54b2f1860,val
83eacddd3c8d34edd7bec4862cf30135d08881463e454fde2754e60f3ddf100e,train
83eba5f810dacc9310abba4617e9a4216201399d65c7e7a3d8bb1120daaec847,test
83f63ca2f49ee749c9f56f67602776c369e566249bf88b36fd67c07308eaa8f9,train
83f6ffddf46750615ad923e7a6adf7ad322e1c179992f805f461ee3bf3f7b093,train
83f75ba9af27aa4e752ca5fd21d6a14867636c83482359ea2ad2f3f52d4c3009,train
83f80c71929915603adda6235fb9595034ece5f0520ce1b52b479da924278ada,train
83f8d0055cf61e57a1c1297fcbc5ba6cb9fd2b61ca0a0c8298351aced55dd55f,train
840af8a910ed6300a7d1237c9defa4ebf44d818486e6eff60b343a8d4cfe4b66,train
840e2b23109c62a650f2986a357119bcf0bb6340c50ad426cb3075a391b1de73,train
841221f5af843c15b70dc4ce9c1f24d076249068e5d5b11716374e16fdb7bc62,train
8413c1e48f03723aaae19514e108fb34d62856c81616ec8c784cccc8dbaa080b,test
841472d63ae9bbbf0080e53176792f89411e8efac77aca1d3cc201e420b16b77,train
8417dc421e449005787268ed1e80ce7ed3c042b2585a39bc306ea9b8a1c55fc3,train
841b22ae650e58a7453b0fe7c5587f0402ac20b9a0bfe991603026d00808ae4e,train
8421fecef8ca59fb7e61e25e155f2644341b7a54c715fefccb4e74015b58ec99,val
8422ccc20c89ea860cc24ab97985e77b9ee9c1d1e350e5a3fa76013ea3388b79,train
8426e9e36176eafb60be41343d63f29801c475bb57e45bf0016e245694205bd9,train
842f5072ee49a107e2b4a496c20912c8bc66f2c0d26a2d7bfba25b7a63092ed7,train
842fb76fab40e22a93d46857b6e7d4c8354138cebf00816818da5a6989cb41e6,train
8434914d9ba7cf450641b20f609ea2f9e57d765eb881625fa8370c9723c54082,train
843d35212656769d246e138d3fc2dd735910ef63895959b055bce221f7da2bf8,test
844333d7ee64dcf306f90bb576360a3553d562ab01fce6a50cef9ad83b260a42,train
844d0ed9e2947b2a809e337cf2fa23a089f57e8b616e00cfae8f06c9e8991779,test
8452fd68bcae4456e53106426ab1fe299fbae4d071621a489c1399a7d0036bd6,train
84545a17252ad03ef05535841730cc37d957b592d9fda58cb8d372fb4a31f78a,train
845a7b82739f5dddd15bfeea0808c4c975b6cd05ddf65e345a23294ea09df273,train
845af3348e444d561bebd881af5a2930ad4d216d66c77d7fdc45a243ba24b24e,train
845b893eddcac877940cce1ca1c2dcea4920a6a88304d153571df7b08d5257e0,train
84607d16c9b5911c6e2b0a06ffa487de0013e0e4ff728e93ef98498c5735c269,train
8460a9b930ac5a33bfa74c7b185db5b9d9390dd57300b580cdf2ba775a3841af,train
84642e3eacfd4f7133732043970d7a4684c2ba8287e27486fea4be2c387515e7,test
847013bb87352825adc434385768c03171e44957bee0a2ebe2ab65792a048db8,train
84715e0300439d3f51906e62b43e9fd73bd946c2b6075527751f637f8af72eea,train
84721f2fce59fc0f027f07e8bd0f5c0edc6fb7ae60e8ff8e6070d899c50297aa,train
8473c2c6f2269f025b4a2b349bb22365da50f3fd0bff11dd8ad9825db13f762e,test
84747e78ea16807b0255c45303dbc343043c1ceb2e8118d388f82d62349a968f,train
847de44beae56ecbcb76a7a4b4bb5de9bf6ac2c48ae93287b2a71ecfc0d92cfd,train
848d2dbbf16edcc99cb128e02369252aa1b619ee7f0895b10613963cad58fed3,val
848de0475dae5a377b41e4e846531dbc25d74cccc9e337cbf0e5136afe6055f6,train
8499a1a90c76aa79c2f32d8cca2c9f4fefb3e7f8522fc35d36b0d52459af7047,train
849ea36f28a40d5cb2ca4ec8fbb2b5b4dcccf22886b93b061ea21db3085ac7f4,train
849f0e694d1dc6e1326f442dd4525c21aa35be96c22eea9ae0abbf67cde148dc,train
849fc3feadac4298f45a0276974f80803d09eafddf1e38673f6d4534be479ebe,test
84a1e08e2fba3494b6d518985dde61d0e7eed2757b4036146ad05ca74f47d1cd,train
84a3d015bea12429485f8aa0d0e6b5d4563aca369ecd8e200b66220c9ce6ad93,val
84a40004f0d06852c549a84990ebee426c5879cd5852324f486504aa9d164b52,train
84a74ddd865e6d7d2de46ea6755905df159daca74738b9e3ea9196bc3a736828,train
84ad90a8164d053a5cc0e4b7651293bc31f261b6fd73fafb99ddf938b795fd99,train
84afee086e89b68ac91f452e0992a9ff6188f611219b3239807da03184620713,test
84bafc91eb5b2fe16c71379bce59e655c9221d53806607b375811bb80a24afdb,train
84c56f48ac970207b4fe72fcbcb6b23817ccd8b440eaa6b623168775ea64c8b5,train
84c773d90a45f893ef6d48bd5d6a7025f413370b04a2fffe18f97be037c4d07d,train
84cd08fbd46c3faa20e45dcb0f61c1814cdba9e524cf7b809d9414b9289ace0b,val
84d2fed30711815cc43246ff0208d5d954f0863d5399578d3d0b29a85b55f24d,train
84d71cc23132d684974cc5c69e8cbafa15843ab275bdd89888ce648b16c6d1f9,val
84d92c24fecbee58b344de1fb82f5087e074eb554b39d9bb75c0e16c481088ae,train
84e0a4ccfff51bf607efa3840595c9a32e1435436898b72b7de85d92b8e0492d,train
84e284865fdd15cbfd56f8cadc5010eb28e8229b33a2c5708b32606fc63f8bdc,train
84e902eb8c17e2c84cb523725b7a1a3957ea0f78f0229e71d8beef6c3de53971,test
84f02360d81489622022efdc0655d6cf4dff7b735ba852e6b3035991e9dde984,test
84f22cb88e41b36134ba7350dddc4a831017bfc6d2440eb39cee040fc88771b7,train
84f2901dab8999f4d6be59c17e1876c845e6a545551ff537cb7ebbe4a11b7fac,test
84f60f981f2fc8084d5fec3047e4bc03cfc4283a0c925af47177e49c1dca3431,train
84fd29eed6fec2424079adc1c184bd1add201f6aeb1dda8ed47e2d5c6d4ee2f9,train
8508bce0dbf323d0c70da30017fdc8d5c17a52d3a8802dc7264fa0896591ec1a,val
8509849d55d718e6e97d43c4a23b6a1fbf1de456bbb73cbe4a1914a71ff3e426,train
850ceae2d7b24bf7b6c297736605dcbd875e5186b6120356890d8bd163fb819b,train
850d8ad363fda0077e557c4a1cda3368a054f5c6d955ddd0abb4cb9a6a22a229,test
851bfce1c678cf8148e4bd3b7b9bc9dfcdc8ea228d5ca9d399c341451b59d4de,val
8521399c0458ad913221dc78713589c4b91cac3d987da56ba8a4dfa0c6a0be6f,val
85244c3bb9eb724bf90986063bf4df43cd9757bafd2c90b695bb99af6968ce50,train
852a9d76aa10d78a92ebf76691f1c2bfc207567f5fe6e23f0a0e2572d8033647,test
85306b02acbaaab5b89b7a4134e0f4f9e39975139d60f0cf43198d6efbfba29c,train
8530ae5139a915f9327ccb01d3d31baeb68590497a13eb217d2cb0ff2addb236,test
8531077901844c8e399bd7d7c41dff2b1cbfb40c07d10fd0bb5e8bb3f321a7e7,test
85359c3cb50d2b5bd4bafe6ced629c66d95badd4a026947638e572b3a5b85be6,train
8546487d21ac2793a1d7db00df8360f71815d9510c1f796781d432050bb008e1,train
854dfdfbe57b02bbeffd00b58b7bfffbcdd164505226953c8624bf007570206e,train
854f0e3222a22dbfa338e3dd668f394af83307a628c6f699b2d8cacdee4d5392,test
854f3b54577b5f3be7b1c70467616213299a07c9d5fe5a18d205476eddd20feb,train
854f6654bdeb5f0b14b7e0e922365974bff81ad08745a9a3a8dbf6477409667d,train
8559252e21b4946d0293736fd7f33fb24823a6c0623bd70b65426ad3aa609334,train
855cfc01d2c25530069ad19ff1657b69cb3a28da4add791e81766eff5232f804,train
855ef9783b587d83d7a1809ffe7fc1adb120e4980089a15ff4c00abc24f7fa72,train
855f70c01a6c1ed8155fff9b428d840b2579953ce73a35e1c3826fef1c9e3552,test
85681afb295488a4873c85004044b38915dca444e0cdc8598f2bb2980b537dbc,train
856978f696ef9336216e3b44109658299e4608581297de5ef9ce176a09ee98f0,train
856dc7ec3039c1a23c246fa6c96dd80defb3d329af234ebb46c4fac0408863f5,test
8579c960efeab114c947753868462b185d3b3844d6903be388632bfc2532c1ff,train
857b96ea7d4ea0b2e1263a7af2d163584f9924bbd3b24fd26d173f5051d8577f,train
857e67823140159f03503edbda3b4b2b6fa1156acfb97fdea16ecb0cc0e63fb4,test
8581bea94544630a3024f8ed3330d6b2f21ae5637d4682dab53c717d6d18d549,train
8583265e3461bb9f5dd343b6f332782484a74508883aa741c1786f1b92324c05,val
8586ef53a95167fe4f61e85d167e739a72afe9dbd28ad8b7816fc77cea4a9147,train
858b0e4b169d69085524dc9a6478678fb48b10ffbf302a0d29596f131d7d08d0,val
8593536819e61242a852e4749a98e6279b097578115f32490b3dd845366eaad5,train
859f235c2aace47c25ff8b36c7de5ceb1a0c46d32559bdf3d589bacc0f22a5e7,train
85a103459ddac54736290cea07f6798eea554220b12c19a5df01da210b64bc71,train
85a3b226ba28e818c7b85a1cea8c1357ea90f8bcbe5ca9a8e5a114340f12aa0f,test
85a7ad7e7ddf7f4e8925f237775f46521b09c06c5ef6efb3796c9dcab320ee9d,train
85a93f7ba84532127fbd06bdf078532295d8fa3be1e6821352354ee3a16cce5e,val
85ad58e70b0205cf4483863b9055e4ef47c9fb2e8712e14f8781776676746293,test
85b40098329eef9ea454bbbe7996ff53eed5c970cce584da10854e5bd2208a2f,val
85b81631355bdcd8770ac2cce12040273cc1fe38c8075992cb0da5cd304f4ade,test
85b8f0c94da558ec9a0db03fd322a68b61257b7f59c6545562f427afa2ef2bce,train
85bfefee237613ae63ddb32f44e550940391575227e62652a88204e8edff4ad9,train
85d420fb3be33488a274d099711db93f2131198fe0876dee866a06fa943e47ff,test
85eb985ff8ecfb6ef487a1b287c21f15334f9957f211c3c3d5a215cd7f6a62bd,train
85eeb93a5df96fef7572af3c118905002c959e2505d368f8c88cb40ffbfb422a,val
85f3eab45fb1392b65386c5d43bd6cde18ae4c5b5488868b02cc3dda80ecf8ec,train
85f54501053a31fcd45f2656bd5b6184c55cccfbeb305c55986305915d015e66,train
85fffeb91482dc783c09fb6c54bf357a55b9f26ec4bf85592274657eafa0776a,val
8602e938a8e4b41d59c562a87f255ed1d5f58fcc9dd5f5e7265c89e456deb890,train
8604652f315339d3a8ac861d28e5ae4a1e64de79c8170979a249fb62b9dc6199,train
86046a23aaec3bf410421bab05a26f6743fdbc4595f2742f666d775de5b0380b,train
860ddca785407a71ea12a41864bd907f6060ad79fab13b093cda73a99928f62e,train
8611e2bdaf912b03a85ce010d25b62bfeece6f3018a45d01dc3cdea1c867ad86,test
8612a077a8cd20242922093278c2bf8345b082351897675aa288c48ae882e326,test
861d51655604c9e12214c2c0e401568cfdcbad96d7e57385a27720c5d55df69b,test
862da8f11b07e35445ddf8b55c83346459631e67d9ec61bc9b6b03ba0151d764,train
863f2611aa1b78d2fe3b5906720243579590fc7dff46831a940c46d00b070061,train
864028bdc2249749b1de175e50eabac1e9c7541faf018a8c219fd5c34dd42d03,train
86458b295e07313a4630e881d48076b070d000ce95e2b69710c5a5be8483f016,val
864a3f390ab653042eb67575231b5d939d8420aedce30aa2e567985d6b382e07,train
86534ac7a43c2c6a9d518cf54fea6e1ee8c8a22d34f1b58f13196af4c59bf2af,train
865c495004c3071814867c5bbbcb675035ef6d6cdc43ec46a15cf36db57062ee,test
865c9587e2d3745b030ec83164f150110ac523889ad35b3c9e15372d9e555be3,train
865cb9d50b3e7638f8ed45cbcb1773418aa5d8e0281f807204cc7d7afe2843c4,train
865f43b2542127f1fc40c3dd0bb6b69138bc1aec9687b5f0870a81b616b43bb7,train
866ea9e5761e8e41148697ecfef9e60c08012e34f2b91743d6beda5f7452eec3,train
8672aef3f17b91e6993c60fb399268a0b162a17d9d8323e350c24da1a72b4cf4,val
8675d3f043c18c942be35ede75058366a2700f6932347339cb000f750c77ecf9,test
86848956c68863d95f5776ec26e23ce9e404fadb79b70845bbad763db9170415,train
868eb55284defdf9dce6004088ef150cd032ee10b60f296e3f28cdb72cca34bc,train
8693a6c392959d75a430260937e591d71097fbc3df4c0dda6cefbdcdd09c80ce,train
869eef1d49ba6ee742fc9ca1037ba9e8541501087852d3786b8e7135235f6297,train
86a142c15cc3e8760c92e9c82f4dac4be414911cb0d3b0f01c8602c5d5d90a53,val
86a5652404d6fb808bbdaafbccbf5c287cb6afd1694484c6a3bc22a77bbfed3c,train
86a8c311db6988316ec4b632aa5cf6907bedb2d45831655dda79fbadfedc4bff,val
86ab84656693bf7a10a2acddbd62eb5dd64c8449587c00e53d21de0d26cf406c,train
86bb9d235c4c22362bd43cdb14a74da3363e7ad4949b841e17c44a4cf2ea39bf,train
86bd9fd6ee212d9f5c0518e1c8c09648249c199ee19d3ff8f4ff8406d45b6d55,train
86be19002cd33bbd7524fb72087bdd0237be99f7fbd02db6ec1e11385d704e33,train
86beabe61801a32ddd718a56d919404252b04d2a36dd0f797f655ba9bcc4c781,train
86bfac08405a89af6dac6a24695f0afe6b77edd9ac7d9ebabc365c1c10617c92,test
86c04808d3e7a97a57665a542125679d0f5297bfecb0d88bb11ea37b49dd6897,test
86c4246a2057b2fcfbc12a33352b5f3249e641ea00e4e0a7d73fe2bf13354b75,train
86c5b70b37bc575041b37204940e65627d25ea8e932d94c540ce7e44320c8f7c,test
86c82586724c023d4482703efb8cf978ae9c120a58e2a2bc402df86bb3f397d0,train
86cc521ecf5023f15ee708288c93e3bb617a83e512970a9a2b1045bac0c267d8,val
86cca12a1481e85e8af72cd90d8ff79dac31dead65adfc1c626c8d52bf5ac5e6,train
86d0f3a7899d0536931e88c5e735f024bf32743200cd38fb091a02e22c2f9c4e,train
86d1dbed49092575db9eda248f1c2957538dd4e5f3275b385d04d17f7da1d3c4,train
86d4ba3d8fdca8412f49defdd895fc485a2c1fc5417ebcdb9c801fa5d491d4c5,train
86d73702287d1be4bbc42df743764fd1dbdcebebda8094086116ecfc147d3462,train
86d9dff04d21350543276cce5fdf07e4f1e64170067bf170014f6472add5d597,train
86e260f1809d1084db84874728ecf2bfa3b8a0879594dd5ea529a3388c5463a0,train
86e32f3e269c018ea93302a44bc61616f8bf268f92aa5efb1872087d71d4d99b,train
86e51bf2bc2819f8272f9368e550d95fca69516ba2db2a929e96865506d6e3de,train
86fb4ef057f755e225a6fe40b14aeb81daa6e9b86602f62cc66d09a548a53538,train
86ffe17f08e5cec1b352acb6495e6ebe06844211fb7192d93db43ab214a9a413,train
870351a31c9254d6ef9682c827a00db536564bbee8b7618806c62643e3a3fdaf,val
870578a81beea5626508f85f4d2d0f85cd723180dfdd3d35762c173b94ee4d2f,test
870f981fef7888f106ae28106e043f56f8bdc2b7c3b0068fbdc1245b6206bd6e,train
8710fb2199cba741c10995e4c20eada1c887d3d070a7905048cebc8c74ed02f0,train
8718111f11a07a549151a5d20621573adb23f84e51fc641f48a716d5a6c70745,train
8719b28fbe660599bab03f48f17e2d2fcdb9bccc08027912c1a1bb5ea5d6a5c9,train
87286b9a95b0366eaf4d66f2d4d9910de4faf8f850ec519cfdd641856581d273,train
872c6186ec1bf6885851e3575292f4e8d9f6fde5bea3c67385c9b206c9bb5067,train
8737a19b707eae42056775f3325f9e4a2c7fa0b30742b5cd46d0ca37351de990,train
8737f9c60f88102a67846409a29cd96debc2cb200e98774c22e2b467701784aa,test
873d479a2d80c9037880ec69355a491ec1e399a7aab2c3a1aa90053aa30f313c,train
8741d53dea73c06b639aff2022e4ede959b9fcc2c825b421cf13c1d975e20eb9,val
8744b2cbe82ee5c3404198417af5934c24e8dd64dae92560fd858dbcb630dfb7,train
8745e862f23cc5e4ff895c82f795a304c74d6bcb100e12b6a1bbc8442c3d2e18,train
874bb3e24c06b95e4aa84346eb6081c1f92eb56b9e7538d639791b7909c5d926,train
8755919211f6b25b81e068231c200a11579c272c0dee5125e1d68ebc908d7cec,train
87562d5f5d8d1abacf336b5bf5b4a56c4bbbd4c18b6ac40bf00846da0ab657a7,train
875cdb1e426b2b9d9ff04434f69fcca14313d71345d196b01ae10ae2597275ca,test
875daf37961a54989c2bc219e059a7ae2ab3baf322ca2896ab0406e79083d5be,test
8766128cbf7e84b7118c5406c5e43ad6d53823e98e5f092b21a6bf9dad05aa90,train
8769f60f33e57f0d9bcb8ef0b23e8d6449ec783a9510a257020251da1a178e3e,train
8774e9c462b237f984a4ed3f501a152c9de3f06c0b86f1143c7980a5dfef9791,train
8775663286fb02b1ae153419225b7c1e5f356503635816c406cbc5682739157f,val
87766f9f42378dc4de635275deede4159a5d53f69a5d1ef468958039d27c0fef,val
877d9a6f60173974ae7c9e504458fefa6b5bfb832be3522b470810d3545a80e6,val
878155080eb1b38847257e49b814615d602162b2627fd559a56135ecdfe5da3d,test
878625982e42d21a2fd41a24b43e19af590a92feccce15b18c0b36ea5bb7f418,train
8789bb76352d54bb760bb50124fb4aa189ef0456efa9860569847bcece62239c,train
878b8e3b81ae94b84984922f55b1c5963429d84fe550fb350278885e71b11c9d,train
8795081fb6f9de4733609ac4485573739e681652a345b790e234a51a79a5e9ee,train
8796845f784b8487e4ad0d11d9daf89822ed06f0406a292699fdab3b6688e787,test
87b08cc39fb57a1c72cc8cedc280fff35d54837612c9883330eb435c89134071,test
87b4f2658438f30c02ac73d2335b0a729819af8088a73cb4306891df60be7d77,val
87b9325f99706947506bd7c9955aa2cda6cf96d37e0d1e319f44c0fe2039f956,train
87ba24908ed0a154592a3405e7e33f971234e735bc207ad04caacdbe382b6609,test
87bbea83ea0a455d9c9f15f91bc6baeac5a0d98a61bcd6ac7295248af598ced4,train
87c55412052ec682095c441f107eb9678091927b1aef2db02ce5bc5e8752f8da,test
87cb05f9a8d584b552559cc813fa316a23c53ead1ca04d25109e519d7ed70104,train
87ccc5e51391ff14e1d403b1aeb9de3ef4ae98ddc56f050cd2a0de51a981a8ea,train
87e4d46ae298fd0340f3dc0776846ef991285511c2486bc8aa9b9b0c05b18d0b,train
87e6bb4d746a121bb9bccbf88576a8de379a2661c0505b5d3c840c75605ca2a8,val
87f27d53a9e886b4e8ab38d76796b39d2ef70e3dbb41fad5df1216cad9471656,train
87f31535bc4063d3f42dc7c74bb220edbc8b7d32a39a224cf82d8d95c4f72d16,train
87f427e3420978138063db7c0a16cdc83d4547d5f1b95b6422e97e3b76d6e4a2,train
87f59dca641ef3c723acdaaf650360b1f8320d72378fb3a5586ce1186a335aee,test
87fa655d3c15e1242278415897d8feba3aca66329304fc578f59a759066da250,val
880272cba5077e874c7dfa1bb2c7d87bf6efd97b581881842d6c8dcc37ca3190,val
880383907f026e0e276204f3907834740eeec416dba7e5c135d3e6aaf62a7348,train
8804c32828dda1e609cb85a3322abc82a81e1b24bdeb3aada4aa7cf224b20d3a,train
880a19fc3b8c42d24e603ca36ffb0e5f416376c4c2dbe40e304f6f4a6dd21094,train
880a1f8bc5e05c4729487d9d157218ae19e2fb6d29c3e146e3e326a795a5b4fc,train
880b6bafd2d6b4bd97ec7e48bbee42ed0d1a9c2c8de32501e4d53ed8247b1de4,train
88105954ec2385b7de3130af5b4966e6769608386a4a3e1bee73251dac181134,train
8818851da2aad32e361ad9442b76702cde97635af24b2e29656472986613d2e6,train
8823c91653ba8558179070beb322f79aaeaf466d84ed802fc5bdcd597a3610eb,train
882ce83b1f60c6dfc0faf8d7eb5b1ec61f00ced40b39fc79ac8fc147a1546c23,train
883b031f6177fa39e90f5368fed8ed2ea72f5ab2ed6ee9f7ee7e0771a04f02c9,train
883ed18e0701eae56d6235c176ca2934bedcd26db48d23c46dd212b0df379a32,train
8846af9476c61a45af6a84838a06868bece29a5520012102a157a0d812efa5c5,train
8847fe027b9f63d668eb5a54615245db95241ca80d5412ccaef70bddf84f5367,train
884f04809ff1eba85a073ce8e05fc4f147ce920c8ae04eaa68e1de7a1b58b6d5,test
88513ec999e8ebe7c1d90454b6dfc6d33af80edcab078c2aa45e5f308951c3ed,train
885933f4535ddaa72b72bb38b689f4a01252b90ff61a7f4f7cab083f19c49347,train
886164a07f9e7be9580f38ca89a04b95dfe8e58b883842943c8b36ff47d2cbef,train
8863640da344976e9c0ad98f4a133c75f52092d6262089bcc9c46fbc84c02a34,train
88658df3da082050c69b5aefd92ace2631ce54fcae99ea157551e59c190b6001,test
886f740aa3873ddd09137218534d306213545a1b0b83cff19a3111b8806f09a5,train
88741f8dc6b447bada42777dc352b2b452e209cd0446b823eda36be3c57bc75d,test
8876ec81e0163a8cdee73522b83fed45905b2ff1a7813912301949735fc24fb3,test
88826a8b81d654d6d7c561d688dd67208bbe0072256a0bcf51a3f90ea232ce12,train
888465f2549ed4fcb8c051222354b5fa2c073da17e8e23bee704c03466499a33,val
889e357ea0a5a33c316e15ee6759957135579fa064b697f510b3d3eff33312bb,train
88a0a33c731f877658449a63555d0309a397f751ba4592d70186a6c79deb63eb,train
88a308badfd2488e1a5b8ebad615c78d19a56b8282890165b28674d78f87c3c9,train
88a6f6b9f07c1a6f0a43c06860e970e297deb224f148bad514173caad2a25f01,test
88b6bea3d7e26d3fffacc2695f2b96f00225cfcfd88890c0c7673094a65e3921,train
88b8079ef7ab02979f239d10b010f1523f1c9c231c0c47d4a55978faa8ac94eb,test
88ba265021aee21f263f1b41761ee8031f343860084038eea0764c10745f9510,train
88ceceea575c96719b5933175afe0bb9be884c31f831ebd367f66736ec3afc42,train
88d3782b6870487a1ea6f333dd609aa6d9cd69c2195fa43577278f0406d85add,train
88d885d536812b1dfe2587807f1f9d3eb367509831ff75af1cf5a7b3192a51c7,train
88da6ef1a13e5a085704ac44b77d3f3756ae1980f2e402169b1f84e93b99f98a,train
88de9df8c759be36f782deb9a1f2f30e513d36a718c5b945ceb6fa9099390da3,train
88e008681db764cb75b5220c10598b90077db431983a56f960b235cc360d2038,train
88e5c33bd8797f5f49d8f192836d8197be5b68218637e247bd1b2b653dd6a18d,train
88e90812e4067277922a8b22732676b86d17fabefdd491dc5c89965e7e446cc7,train
88eafe05cab8f60277f3f846d0fed92a2a9126c1e2f07b96d8073280455709ae,train
88eba64b41dc0da7f2945999750f0340a674c8c8ed4f5d809c7764a516be665b,train
88ee59c0dc39b14a37d50ab190c8674f2ee04a51fd0f45ca1513c2216a761099,train
88ef0f7f72593943d6bddea77acacbc02ec5124a5f91d05246bd8aec6af15212,test
88f17772175f57a024a5bcbd418f3c0f2d522bc9fba1c8935ee517931b1f955d,train
88f58c8657d9b55080693810574fdbf908f531c82ef6f99d8703a6d3e34d38b4,train
88f94cc8f6d05fc0c284135eef318f7f99bbff0e35bca75e2d9dbadd2e43c975,val
8906b1b44a80a757d4b0d15d0ec3fc695bc3157aafddcf62d5ff7ff414581eb7,test
8913e2c8f8a859ab7c223a97f33739cdf65e84593f3be78b1f487cabef729ca8,val
8914545c1af8e80d8a3c6118b1bad962c386e0c1de75046de5bc445ece3add85,train
89195853961d1a39106808ee183168befa18e6905d99958c16fd03473d9d6952,train
8923dfdc251c0206ab390d62d5c70f7b82f83f0eba7b4c2a66e2fe1ed51cef38,train
893311299e021e439919e734a1b04de0ba95b547814be0dc39f14907773bc8a8,test
89342704de8f3748a530cf3ccba9145e6d1b1f11b990b163c6510d660f773848,train
893c15198d4ba2c36e2336c9727c4bd193dc9807b5fbd4643f359f0cb216b439,val
894071e6cb15b01e55b914d22f096b6ade6a65f3347ebd966c0d2d2e292bdfa1,test
89424ea43128b1bab6a7ae7a50f40e9d974859643719af453b4f6f74c777cf84,train
89469fed44b4c65161ff38b6f3fc53efa586efcbf11b312a973d2309a6027b6e,train
8946e764c9d5753f47ba9e1434519b893d608f70503fd1e085832981a7d1cfe2,train
8948f430eabf3da715c834b97754096e3888617e45a584cd8119af36f7f988ee,test
895d38fafa5b604d52adb247612927a4d21abea41a6fcd374f0c8f5aa76254aa,val
89698ebf80b41b13a9d34b0ce813cc4ab21dd0b46523bd8ef1ca81aabb8a932f,train
896a86649dbf20704ffe3a2d1b06fb34def74cd7844ad7bd0fc47bc5ea90efe7,test
896e4ab27f58dc0b59bfcb539b1cc141fa8be9675a6c2abb91c9a31b12a66fd7,train
8973135455a3e5c9c577d204dcba63dd5f9a82376405ebbc058db0f0aa07a87b,train
897483ae08f88ea2be67450257ebd32fb773ab96a39f5a98d3c2bf28245f95a7,train
897e56102bbff722df7e7a427ac1bab0a55f7a5c2c2d7c701c536b8be34ee4fa,val
8982991d30f29185f34d6ae8cc77c9304276ed14b1e1b2a22697acb974ba18d8,train
89845d11654df6469787437dd0418b0414be3cc9c3ec3afd4d1454190c638009,val
898c10f40b63c2c4d0040d9d73b939b99452f45ed53c29bd9a952e68734e69ac,train
899292239bf8a5d2b0a6b0f4f086ed192713ad34aa1ee6bf53e8f27309703e47,train
8993891543e73c8ea8d112436921f4f87dc0f1cebace41c3a9d349fca27f18bd,test
89954f9714b6581c60bb6a00f51ebcf82a7c7c2e44d4b1c248d8f15065cf5875,train
899d2b952d5252a9fc33bc0a9192c78b7bdffbcce8b41967cdac21af775abab9,test
89a0ff47db365dc5a06426346411814f274653063606ee36dfa758e0ef80c641,train
89a473799e4d1ffd648241be523599efcb4339d682ded5327792b2a22cfca68c,val
89a777582b7d4e9a15047dcc196c8274cea1d533a485511c8345949639ea24bc,val
89b375da323b51caecac7067e77d9afb14d7f491f8db2a42e7e5ab4da493dfc2,train
89b43d8a3b50998b8740b7e16b2d206273d279bb7ffc2a3c0b61bbb58e7d2f3c,test
89ba0cf932527884dfa6af95ded4cd6a8bf394296902dc15bb588071494aa6c5,train
89be74f388dab4502deb3557c77329efb342b46cc5926c3187e9072569432e86,train
89bf785756a966376841ef49612a29e868d83bfc6c13146a4eb6b2b418cf4540,test
89c18b48635a370d36555f0e0679e183a89dfc231e64e8d59c82a55ca58bfcd7,train
89c29fe88bd956ee6ba0968afb3969963e2d25cb619a15190ad8b0e397ac7919,train
89c38400b0bca3f25d43e57b9ac5beb4da48378cd7e30e3233a211a13cf5f179,train
89c9f4d766681ecdbfbc6a158893572c48b8a1557c1eb424f6127b1c351a129c,train
89d19edbef99b506508d9bbe3c245a305f3839a6a1d9bbc6b83c46f324244682,train
89d3e2290fd1b848d6319767b45b8fcb44f7619efb4ea4c3c5625da32188d4b7,test
89d54ca1219aa1ce73816b8ff4d6b90b90033b7f0292e325d6493f010e09cf8e,test
89ef2332acb9c921f84a125c65b195227b002a141d53bb7d4ec4dc6994ec696f,test
89f2da22efd0845079dd16826271f3112c7cb7220977de76f30f15784a0148fe,train
89fa6e0bfab44fa9c90a6f886142cf22d70d6c19b354828cbad8ea64b19d38c5,train
89fe06e77540bc4840346a6bea2fb0c699109557701238c81af9ef52f66b7bdd,val
8a01ff7f44842fca0e89be832e8b201ced110cea46ac03d502009f28b18f0f07,val
8a029171ba085e38e6d157f0994b7e25fc2a3ed2eba51d242a23b69a85b752d9,train
8a03862cb7e08f7d0bcdee6de2dd05b64100bdb2aca9679ae83ea29d2be2e401,train
8a0b75eee900f7de2fb9a7ab7448b4e209864db25ea18c4660506dde22b90254,train
8a0da649a3a705269c45831825be35f9017e9f5fbfeca9fdff56fd02fe90b34f,val
8a0e0d1924a847b86a23ebec0c7ac885e1a8f82ff4bcd2244f687785345a54ce,train
8a0fd3f171652ea069cab920d946cdde3c3fa0d39f79cc5bd1531cd194ee5b57,train
8a107961fe9564152a66363eb09c48c99f3014fd5422a72abbdeaa90f4746727,train
8a19752ddc324983dfb7bff90d7a124a9154fb4c5fe912f1463ffacbc99a4a16,train
8a1b24dd1c4a61419ff1bc15b0318b9879825b4ae93868b9e5aff3eba2beadb1,train
8a1c2b46c7e55f20c55f59fdb77cbc1673fdfa38fee6bbba359f6e418808ba85,val
8a1e91c0776f26dd41c635f935b212033dd2c704642f143f8fa155fafe5dc10e,test
8a2090aabb14d914bd1ec7ec38347e9da86506b2e5b47d9bd3e18f51ffa3ab3f,train
8a26e61d3379cdb992f11f8c37866cd072e8c75491f861e8bf9d84a1e00d1f21,train
8a2b973d204934d8e98281d74ffd0ccc8bc2727e5464d2f1c60bd8c346c34696,train
8a3441c39be7b921033d5ba3bdfe43bef4168dd2e5d6cfae6ce33fd5fab82a28,train
8a3c8c6df74c3f7f7cfebc56f91caa05069cde723929dd5da59a0478e9ef9b30,train
8a465e96e4909d4636eabb085383a38191e57eba6dccc12dd018889f64748713,test
8a4ccf47030b1bb96530a0e98d7e0f08600b4313e5ada363a6ca6bf0b9409398,train
8a4d35433b4f9c4a63542c9658b30ef30e75fb9030b6d78bda484c70ff773987,train
8a5cb517964ea7e786e837de47786baf7e53b209cbcdc0c0f04cbfca1a058547,train
8a7699dfd05d7f247671dadfa703253c712c5be09428a6e66c74f089e43b280f,test
8a7a598ec34820d54cde7465a4b12a9418dcff86101f37deefc2ecd799467c92,train
8a82c160b64f01cf2a09be0d67d4c9c424540cc7945451c69382748088bf24a6,test
8a83439a5bda207de6321d4f9437448d8e290a2d63402878522adb5d3706d81e,test
8a87ceeb66036fce455e18b8875198663ece44890b04cb97b8014dc2bbebf2b3,train
8a88a8028a2c8f28880a74d6937dadf8a86fa197c61d8a3fd8a2817f1a1375f1,train
8a8f92f4adf46b40eb01ae5b9f7b4b162bdba5166f5345e5761a92dc8b2d31d3,train
8a96005e43e1e595d15ab269ac5d1bf709701a1daa98cf2df761ee9c1465643d,val
8ab861bef9447617d3a7efbecf8ac19ff13c41f25291a81142220619eb91cdaa,train
8ac25d2f78194b98ba6295a537dab5d56e69fd94887cd1ab07cb2ad750b4e3be,train
8ac692c0583968b3487612d0d264472e50afefe6b02ce50b340dd14640c234d5,test
8ad2875c8f02f9ce3b40d7ca662d937b35b0b547488f4920328c8bcfbff1ded5,train
8ad4905bca10a327a824bd8cdb3d43f247e5a8c77c7eacb4f062ab52072244f0,train
8adae584f7c2be6d4d38b12be45f3befdedeb4c4c299f9643cd094f781ed8efb,test
8ae4ab2296f5d6908a60e6c7ec9bf7cdfdf61e375f394233f52be441ca80af12,test
8af502829467002ab403e96523b0bcfa03e0eb010764c908258a65f589c8153c,train
8b01e4daa4810212dda2aaec327835c43840452c48c4da7d330c1e3cd7dcd7c0,train
8b05a38f156c0e1974f9f6f4a9750d21e6945486bf0d16d7d6edfa36959cf881,train
8b08f2e52380385b343a57474ffaf0833cdd9879b032631a3b397d235d5b916a,train
8b15a43b4df840f5f9ca7fa99971e06c17ea226c071f697f96993043d6f16b98,train
8b17fcc7041f1da02cd8c8301232e8ced1f0365ad03cc0af93382ecabf2f196a,val
8b1b9816cc160caa4110e2f651da081f6b15f48dd4498fda31cd46cf670f6670,train
8b1ecf9f0dce006ea4ba1c81af80027c0082fbecab486babb49a13c91c4e1837,train
8b206f6bf9cc05d370696f5efe520b8c4a0877477809d0e8f1ebd8c0853f2d17,train
8b26b06f47164283e294d811af086fd140afffaa8ebd5d88075e600c479625a5,test
8b2d50f09c1512ab612f7748aad0352da72985b7962410fe329e3951d518ae52,train
8b30b51ad542728dd0ed9a50076c11d8239637d4ccc19fb192f49a6f9c871801,train
8b3407f93d399d7e8734c7d9dae4aaa38c248e1e27cda04f7af971fc90fc6434,train
8b3525ec5e6f2471cceb03adbfa26558bc2caeeed6db79c37211180993b54388,test
8b3579b00c9da090e4e13f458821b335ca7ec460d6ef3a3010b716ea17e35e84,val
8b35a685dd69ee0f0e89f0588fab4ce2c0012cdde3317d0823a17987668e30c7,train
8b428e1e47826588843e0b67dff6797d89eea33045581a4661ac60c82b5609db,train
8b431f20c87a4629d0aceece8038e1e0db76803b58c92bf025ac8c1ff5ef351b,train
8b48ca9b33c27281d4e27153fc3a503772ca81117db3242a97c574f3574c291e,test
8b4909aa44b2e41dd279913468fd4aaa6120dca506e1607ddcaaec945d726673,train
8b4fd5038d51a7901b85bf832b91ba0cdbec1d99f95fc3b7b47ef806d125abcd,train
8b51dcfe7aa7351ca9c5ffcccbcba31bef5ab59f8d7d8d806f294225620f7fd5,train
8b5aa5079168e5655b5ce3d3a91130ad1e394940dda882556244527548128fc6,test
8b692a908d54a91f1e78df057f001d88b88164abd401dbf9f3744ecdf8b9f13b,train
8b69af38a1151f5443ffc4ca868450536ea8e8da0c817238846a6b14a1b53d6f,test
8b6a30cfe49de8722a18002137541c82779d2caf2fb358eddc5feb205cb7b62d,train
8b6bffb002aa83de399bef834f38723367fe64dbdd2a38770fa2a5631469de7e,train
8b6c4cd9fa3f7c7587d1ab36b4e73b3ebe6f64af46f2c43039e3fca87dd76b3f,train
8b728f4d6e6b432b82fb044e6482b67241a81ab6dd6f882b9830ae19601ef5df,train
8b72ae18daa12e990518331f1be825381eda8f14cf0c83c1f4299952b6b82423,test
8b79e63f981b3ae068d3cb7943b7aeb75e07af1ad90d37245aebb58dd3d62b03,train
8b7a1b6e0959014f0630625982caa980f947194b903a219ae267adadc20c8006,test
8b7a6972fc9eeacb72854ad1fb88105123161709572ca0997bf57953b02a3394,test
8b7c09e34e9a4cd1383e3091c9c9f2e5f1caa3d079d6308b5528af630f0e8dac,train
8b84088c39e475122eeaefed5c743fd685e9fbc1921b5cbef6436e43562cfc3e,val
8b8c89196221434a6f22b530cbe5858e50d971da067d5f990720d7dd14d011ea,val
8b9044f0761ff651d28d31851cc369dd2dd5d2bb9707e3958638060b50ec1eb9,train
8b91316cfc18358cf63f96c5df0adc4cc276bce7b0eb0a7eb98d02139842ba01,train
8b96f4c8ff67e699b06000a1e672d67b4a21dd2688a75ecd1d82cb3404db9251,train
8b97b0947654e243290488b07ace7d49607d339dfe1e99b519103e3c7c082023,val
8b9ffd0c8f751f8e9fed58fdea7592589b5af847bc956d0d262e939c89ddae9a,val
8baf25b09ee6efcbe195b37af523c055ef0423a68285fccc57365fdd7db9e508,train
8baffc83846d15d4466a7d98388d4ca8bfef5284b335805255f1e0438040b5c4,test
8bb54deb23c0abcd2bde70cd6f5180495c1f9be0fe4a347a94d4e6aa64aeb4fd,val
8bb6689a6c60f7c439c7f576a338ee4288ce0aa4f50d560268e1ace0a01a8eca,train
8bb7aec28f55b1657d923590301bf2e7754a5a39cb9e6a7ba6e3834272cee54e,train
8bb9837a7a0b05f66313aad8a9cfd58818680e387ed28c484b4a3f4d9f09eddc,test
8bbb4e2d94e12f6541285f8f65b102d471841900c90e67db492d1b5738053445,test
8bc01c9a58f6baf3990be41c20692a2b725c4798b99e11d4545b0f3802420c5e,val
8bcb732c601df5f5deda125de6b3bbb7dc80e49d43e12abe9ed9783b15d78599,train
8bd09c6eb6b8c70326ed22eb1b168099cf793c6df0dee25e775bee0bdf868c68,test
8bd185a1b0f04c56dd0316a44f28cd9dfcdc0d553efc5d32e2bc55dd0c992a53,test
8bd5f22038ddfbbaf6ce5db6f219b009c74efcb224a3a611caa21987443a4e30,train
8bd73c9eafaa35b99d33b347cfbda7309783a9b1f5f9336ce3914ffdf64a287d,train
8bd8475d03149959e6967abb85568426f944eb4cb17cb5275fb930ee632b931a,train
8be7d8a31643a781b4a029edfcb04549083fcf2477f0a8b49dc25ffbcd832f69,train
8be8611363c1db2555933f94fc6302a479c04f0bd98d51232c0536fc0db6b536,train
8be9e777b84dd2dcb3d121f6fafee4a529f632d6db96e7a78eee7a0547101ab6,train
8bee0693dd16ae7654bc6cc1c6efa91b62eeaf9bfc0ed7ec25a0283963b6c2f3,test
8beeed5d3005d2e583c88c8348c0b609ead7e9607da53f4887c461d03efcbc2c,train
8bf2882aaa7485dbf37756b5824d230aa1674d08e058d7a412b97cc86a78159b,train
8bfef815e71f7bda1e1500dc0783b9c0bf0022a409903120b694ffaebddc7c0c,test
8bfff7c07e1be0b439c817f0d284027ae265349bf726eee8bed1f6b5798a3194,train
8c007af4828ce443a82e1538566360afc240b26a9bf9ad306c6e771f3606d141,train
8c0131e3a4d6deb8179d7f4499a9e5d68e7919afa85b1da3e65423a26e4a66dd,train
8c01a704a586bde11248de3fea9b2da2155af2ea427cd6d6be53001426d65f4c,train
8c0934c921274234f9e9525c2ce9077a83a55da93a974266027e09ccbefd5a66,train
8c09394263526f7567345a6ad0e01bff5a0f901515ea821be947ca14d0265f5b,train
8c0b7f4b1ad6453287037e4220dcebbd8286f86561204ad79474e051f1c02026,val
8c0c8bfad82b42a2ffad2a303d68d271c00ce20a7ed16ec5c9b557982e6af109,val
8c1170011034db148b1cf4aee214a2e0ef0b9a2cb8879b1833f2d5cf7c88a069,train
8c1a6469c8206365180963686bac4a84dbb3e9ae2fa101cc994aa4a3c2403e93,val
8c1ccf8b64d70d5a9aab3108a4a6dc4c91f682e2d409105015f89debcb1cc0cf,train
8c3e3e6068578332717fc660fbf71fdadd514dea52b847e87607764a906bef08,train
8c4e2d5e0ee5580da07148e96381302f8b8e7bff5b8074ba6e0209d0df8ae49d,train
8c54c1d1fb3a3a1aa53f9e564d4514ba00e136186d9ef45ab8cd9fb20f6df1a7,train
8c56070e1d110eac82829d32aa9db924866b02eacc85df0a56ceacc70d0afd27,train
8c5679da1eb62b37749996b6627d253f826d42ecdc89b47aea79283235f51150,train
8c6b7358e57be0245c75ce6df2df08c1ee34ed9abb18d394edb051c8c6e205eb,train
8c6c0ccb0436754285d14ef410612096478382a9896019174438f6e1da859291,test
8c701b5496f2f91fc116533054209e953057e8cef40e2d0637fe8b976e41fdae,test
8c81e8f47bdd1cee0c0797852475dc1f8cbdc607a4ca31f943a2c97b924c6fec,train
8c8248862aa920c2f0cdcff707eec5358f3a081d0f86296925b4f9167e75f873,train
8c82a62292c21409a84db59447fd13ca3cc8f673d31ec737ad9dd7e1eb4baad2,val
8c85515d0e36c44ab144bc44acfc1d1500d75fb97d336b4a65cd4cfa536344b5,train
8c863a52353780202477a972e243c472bdb1dbfd4c9806494c271a5ae4fb9c45,val
8c8c2c70f0271ece4333587254cec3780efaf5d1f5c483cdb3c1b6f562dfaaf0,val
8c973a08933a563a202bd7c79d4cfdc10a898a01dfd191dcbcfcb41b1896e80e,train
8caad02b9590d5f8f33460d14707bb9fbde260d9fcbf0c20d5ed78a737dbc13a,train
8cac35c1e57ed90691a4f08313c3161e6d52c2700e9dab205e89286040398a2a,train
8cc048c60b0c6cc5ecba1964ca4b47722d3612a04affcbde7a8499781b0190dc,train
8cc26ff711e34b29fde1fad7d6e7f3e15476fa8475015ee56ed5c8de006353ee,test
8cc2a78ce218cd59d1f8ff69f757b8a767c346f964da3e74451cc35ce929a51f,train
8cc589a11dc060f6ae3a03527e6c447af850d858f992d9a5707a0bceac1d6390,train
8cc9aa74124418d0ffa13ad502e7777d57d0858f69bd93b665fafe9e30ab2bc9,train
8cccbab5edbffe81831666dbcddc74b255f085ab0b8fb5a424d1e046b2bb0e55,train
8cd4cc28f075904913824e956892e963fa3a8391f950c5d8c41dc5f428022820,train
8cda749cad98a7756ce143dd4c06252acc6fe0ca274abaeaa77557b8640359ee,train
8cdda5c6e33011bc1fa4fdde49ad4ebf442038488a76b87be5e666f2f8283172,test
8cde8f460d1e097f1ec98d8bf2966957e37515af77ad14d3a7a631eca43c9505,test
8ce17b2a372f9985d36a8a4274fc6a1b109a1d6e6936b607ab1985eee13bf39d,val
8ce517f5cb59ee6086b41fbb52601494ba97fe025c92d90b52ca1f5c5800265e,train
8ce56cab3af781ea0ee24f37ebcb5bafb3655c1fccfb1dedcf07df442234e453,train
8cf39f6845714e273f599c089df815a44895c6e5dc2ca6ff9104f8e754dd545b,test
8cf69866f88de79929b793a4d108552eabd6c13d13b866848630326be93810d1,train
8cf72e3443362c70c3846afbe3cf71366bd523e708fa14d4900e295f2e7d6cbc,test
8cf9442cd4bf4e311f6d6e4b01c3d6b63618bdad073cb83f8002dca2da16dfc3,test
8cff59f1ac3bd8a5f7867b569c5f723e0966cbbbcdcdd97ca29ef14728413408,val
8d02df1f5b0f92c20bfa97dde0ceef010755a3175bcac0ac68f2edc50c02361c,train
8d097b681052888cff85b82693bd6ff319ef0cd8211b4c932bd9b10aa5893ff5,train
8d0cf6706c5e6bd7f7df89a0c30a6787182b1a09c124958d2d66faa6eb9670dd,val
8d14ac3b3af253548bd2bd0c8735b4b6a77b69f5255bbe2256bac88ebb1a6f48,test
8d162ae4a5f36ab2c264f03d41949f7dd48ab4e9432bde74b7fa0cabf946071a,train
8d19718abb30ecccfe6915cbea0524e8f6e51fc0525bf1b9832f1ead49c23242,test
8d1edeb9a961f2f5e12891392a0bfc438b0e6533b828123f47b40630d1143bf7,test
8d243d25c35fc12d202d6138755b462859979aa7a074657bac71be5532db9d5a,test
8d28195da7d95ccdb79f2ee83c30434c61b2684906999c1b846c701dd65d1f5c,train
8d2b858010bfdacf1a21ca2dfc2339b575650d66978969ba8200b96f225ef62b,train
8d2d6bc7d88e6a330e8456f00f0803f582711bd6369969ad02bf96c0c767798d,train
8d36ddf6b7eaf7a9212492636afa5bf8e38a654eef4f3ab444db15ba78f2ab26,train
8d37cd66d2ad771d37fe06a4f874c7f52109ccfdfba7a0080fa1427879a52bcd,train
8d3c4597d3407f25f4653f6c74237f0b52328217856f4bfd8df7d18b6155f387,train
8d46306177d5223123574820b054a1a9ddf9c736ac984770e267497e8ae4a87b,val
8d5021faa76b6a319a858182f95092fd9ceb7a17e3dc010b82d8d06cd8a2ff0c,train
8d53ba0f96ba983b70a43e3093058820d4730297f508c9096c4959e5024fb4b8,train
8d6178c65f8a60c0cb95d1df50f5c1551af4de8e0f5c95d2401c3c674d361b1e,train
8d629828e9f1ed6eddb7a2e4fa56625f14bed9d2d5cccdb1b90c3ef84cbe7a8b,train
8d66b9af9a65cf193e71dff906c669dd8bc058b44ea88b048e3df3c133098136,test
8d74f5536d1d0c1ab27174ca5dff6f67efe0258385828203497fcb12e755876c,train
8d77ba2f5b8c4cdbff46e0c7e8c1eb6c483a5bb7477bcf5d839f389887abaf8f,train
8d79d0fa2054d04981a017da1ff0b3fe3002d7c4d06111911bdfad5ed781297d,test
8d7c9c5b697f5ecf42e3ad72edeb954f46039b5cfd6c65666f9a9d2b6042d6f8,train
8d7fa5f99c327a6a7bfd4618181755af05a35815a2ede7b025028388b202461a,train
8d84b1701a2613a7f64c86eaab5eb36b7f6a92b56420f4b394c6c000dce201c1,train
8d856231f381460f31b9f69206d116bb0da3931df0ff179e2ca64952fc80c3f2,train
8d86697ae9c3de39fa1ae7a92f85c49b355142ba9def7cbe5ce6974b1111055c,test
8d87164b79554390e59a67d3080c6d98dfec756098b91f5e3ac208ff3fd8f47c,test
8d8c91aaf7eb97145f8568e272c381c3749b98009778a6c0560b2be15263b4cf,train
8d93497056cb3806d1cbc3a53e70d31e2f9fd167c1296bb00a73444aa6bd9986,train
8d95d33968ac2612f4e2bd8ad38b5b8d879475271beee52c04f99cce31ef1fa9,test
8d9f1d942d4ecbd0893e9458698625241447f191bb472c9bec5670123a77d597,train
8da8b101a734e10de49bd5dc855b3d0bb7f91a0306db5a5abea53d0deb68368c,train
8db7b772707d14d4a1c1a0e2f4a5f870560c35afd1ad014c9682e36261a62024,train
8db85f7f85f076dcc2dd8688343a327dd1bd081e5469db95e7e5f8176f023607,val
8dbfc251ae71bf52909342453708f6e16fe2e0cc21ee7948ef000c6ec6e863f1,train
8de4e6b28b9dff9d2050907a9236374cd7df42ae9a0c7eb9846983cd76d44184,train
8de7460e4f3d9897f6330b2c53f43b0d039e4c2fe74c4418712d26b74fcc097d,train
8de99208b53ec05ce0f058de44ad7ca83f04272a4bff91390d567933d2d9ff51,test
8dedbab7b9769057a944714f3344c40fbeb19b56a3bed4da1e75c47bf4f0cb77,train
8dfd12fb62f6317df88494862a036dc25801fec1320b5cc850f9166cd483d2ea,test
8e0131fb1736566d02524df090c8c1d120bbe8759a010a242bc43aa7fe7b188b,train
8e04e50115dd93bf567c8c239cb144fe167427829e45f2cb86ab1443980e65ac,train
8e0833888cc10232138b48eab804761b915cb8ea580b4f1abd63909ffb2a7ec4,test
8e185d137877c61f806f7d52031f37ed4ac8e7dcbfa55f30798db935e6b2e71e,train
8e1b1950467c742717da879e69f29cd4b1382560cadb56ce46bb1e10f74bb273,train
8e23b8955f0ebb673ab4d19091292416f5c9e45de04f5e7094794e1c2244057e,train
8e24d8a307cebd14237ca437748af3b6b4d07aa9f3e960eab61c74c91a102c0a,train
8e285aa8e3e782c0b7589ed0640b30618fe307ea6480b89937467294f9fe47c1,train
8e2dfbf37816197fc1c93d2e71b3a1d53c8b543818671770564529d7eb254605,train
8e33cb82ad665498e1b6c0e992b0358b869c942671135a33438e53150b0aeece,train
8e400af8243a65ebbd5cfe123b69ea46a54f62654a3a10d23efda3f4d4a7d3c5,val
8e40715f3cb80b25519d7a5d388a64615e3fce99a1ab341d94d3de8ecb5eddc3,train
8e40dc29d526873b6c1eadf08a23995aca4c47eb716b33f2710088aa8d3f2791,train
8e4456e2d0d1f2012b54c70d169f100b05b48f81eb72db90abe0c458fc8afc38,train
8e4531fddcacc8d638b5e5c3c6a7babbf1de7510960adf2ca99343f175786a3a,train
8e4612581d88c9d538dcedb4fd2a9a1fbbb201139dbd4688a829c11d946e379a,test
8e46b19071803bb4b17be07c8aaf4d166573573bbd2d98695f5584988a2d5a67,train
8e48fc81baaf2d6cac7e9b454de388c0633611f6bc1226bee2c4915a6aa5bc02,train
8e4930a8cf98200426aaf6dec3673e3b3358897f76bf4c5abeaf100f71b44510,test
8e573f94c12cde6db7a1ffe32f16ca9e34448fe9efb51c919140ce88df6a50d5,test
8e5885ba77c79e596f668e4a8eab99feb7a263c2497e631695e4dd47e5ce6415,train
8e5e33b892928b5e58a4da170cec2c706ee0457bff82a5558f4a97bf259bfd2a,train
8e5e34d604afa03d723f3d97b783372774730f652becd449c5bc0807a71cd026,train
8e6090e9cad703f5d9a5552ec1c956c6e41646c84cb179ff74c8c675a0a97bce,train
8e61657d82244d914c27eb368b179cbb186806e45d01f758a69cc0d814a500d7,test
8e6b4d36bc041142f7f6ddf70c7bdd6ad29214c07cfa123177a910a4eb0ad8f6,train
8e6ec2247f252821a7c82dfebc3a65aacceb113f77d58b38e709585c350eef03,test
8e7f5b8a46eac4c9e5b313babbfb7bae098cdd2065bde02d1e28ed700ce97847,train
8e80ff536f20e5526a18eefb7781840b9c96a32de14aec31ba46cc81ae7f852e,train
8e8294cc5338bb66ff52f5793b478aa1bcccfabe8972eb0331b2ab0b4cb9f893,train
8e8a08d26445701bcdb239105002a80c35b3bcba0069305a2c30e5a7e4691253,test
8e8ad2ecbc38fc7ea34dafcaec122beba946e869458be99e1e475c3bb74d56ff,train
8e8c5698a5d77b84ea92328a55961654654c01659932bca31e416455e1275215,train
8e8fd9d86560644d6078a492aaf30c3d904b574f5ddb7723fc09d464ec2febfb,train
8e922369bad2091cd49e597e342987ef08b9f73c65c1c31f2df45d83d30f1eb1,train
8e94aaf854eb09e3f0f4f4d629c6ac759e3f0ef2d140134d5b37f4b69f96acdb,train
8ea5e057a41a715369d8d4f9614b033474c3a847ba86c1784d9d490134e79ab7,val
8eaf358487fb55ed71e928c96441984cdf850c049986b217bdc161bc6721b613,test
8eb0d8cec0230fd55b0b0a7b6090d75b661a53e6871cd2d5cce54eae61d94b87,train
8eb3c945ea24ad42c440797b7debbab49490fbe9df2e5144658dff5de75aadea,train
8ed1aee524f5fdd67ab12c28cf29521bff00866f98439edcc214293424f355d5,train
8edb3d96d1e521fd2d1779a72f52f782d4ff4392329e22bbf891cd45d0846e33,test
8ee0e4f40bf38bb1c60490b4498d04a863753fe33a4c1dab4fc1a132a2437ec6,train
8ee421845ac80febe44dbfbbc8f7abd788de2ad767d90884b4f704dfb64cbd63,test
8eeb8213825c045799c64cd9cd23326e294437b0d250ea93a909d32c2a8fa785,train
8eef229d4613e9e53b60cf170b75f4beb0a7a0d29f05c5e7e7e603f91a0c72c0,val
8ef9d4e0f688c66650819409c80465b8a1a05b38ff9006dff8bc18c0b9831ca9,train
8f0fb7abfdfa1de45c2f99016973eb8fff771b7c173171b0baf5ae94519c9250,test
8f1620affa412b6d01a81afe6f03a8ae92518dc7ca1fcb9edffe115e4b784294,train
8f168b2013a6410a34d53cc7dfbb32b8a97162aa07686465f052ec4e6fa1807f,val
8f175b79ed7314585dcfe255282637902c0fe87418117ad961511ccb88ad86b1,test
8f1ccf633eac1699bb65ec9e0a8ed0113c172aa80ea840c6b6c943d48636ccc2,train
8f1e5d25bee021302fedf5f449c5dd807d151bc4b1ae54eee1bb7de4f38004b5,train
8f21d4fb2f679153bd71a475172353b767527a0d9dac2489385da57948a41b59,test
8f24baf7b1918d9c69c0c7a65c6385e3f92f1a780380da33f6ca1c1ddc51baab,train
8f280a7e17722f6e3a145ad5cddfda39a998b072b37840ba2abea8541c37c264,train
8f2b83f1c778c567aa4c0e8447080c140cd2ec1e5c803447d3957bd3da83ed39,train
8f3079b6f98149261db1fa4036f680d3b453c0a2ab17159d37ed870649789458,test
8f3689f98dcf2cb8cdc5e2ca4d539f149ae27973447ea4cb56e7c7877f528241,train
8f3d49f6c34666142878c17c799fce3dd197257924d13bd149b951726044edce,train
8f3fcdf4dee422277ab0c61f5ef06ed46f211289ec862353b17b3ee668a82048,test
8f4a78059330fc53101b5d6b617e728006cfc3709d48647a21b2b095061eb86c,test
8f4ea05d57ad74b34c279adf66cb5d1f5f07baa4cc805f678400b3ef5a77ef9b,test
8f50cea8fe7af24c5b179ea3ea3ab1614b765bfcd16fadccd37c880b5296643b,test
8f55a1895213d2e58277e121a31739f038bd9e280ce78b61d0e3e147a1502150,train
8f57aed00cfe0bde172a74b5de92658cecb71299978356df4a5b9f67e2a4448e,train
8f5b87e444a94f93238a646b961f6f6095052b35ae398018ce1e6f1c5f7f1941,train
8f60603ab4c57df46ce1de2cdad1ab1b16617d29705024489ea3a538efad56a1,test
8f647fd984b431ed4851061df9c436352f49cb90137cfcaa4bba5644dfa9a02c,train
8f6528bef48eb4246a84578ab614914697643879f24938357688100a221ced10,train
8f6d61c36c184351797aa9288ebd531da3e1ecdc3b61d75ca00d63e06bc52647,train
8f73aced43cd616a817ba49019a8112d0210064de1bdf9d9aa48e7e97e5e9892,train
8f7920328c07896f6e626894a1f165bf779f8485fd8e7885ea60155520b4e0c4,train
8f79510d3f96b1c408f8e7ffd567477ebe653a32f2bf18a16c00a8008eb809e6,train
8f819d7badc19518fcac76f4967c5e97e38435bcbe9eef2551efd7379f1dfa7d,train
8f8a16aca201e90ad3fbc4f4beb777c9d8e8b401e758fcf4fc077ceef68faf10,train
8f8b0734669ecc4f6747b687141b42228f4599932ebe4c9355c17a3fd522d30a,test
8f8cfe502b9c82e8462a6f5c59bc5d1d3d55477119c61cff5dbd6ae8c8df9e9b,train
8f9143d311208700f1a97fe8c48946181c103900b494363bb5538c96cf45fdfb,train
8f9746bdc2ad96da4a38052a51ecf30592c2e4f2858161c8d52d216560a5489b,train
8f99e1826e19f7b800571e7e2f6fa36e4258befb073084118325d97163c728df,train
8f9bc6435e926e09d072da46d69204135a9ce4c09d12e71800c451a129d2a19a,train
8f9cc5613ca832040142b367c4fa2d8a559fe81398c091cb79da85bf9d01ca81,test
8fa76bc6e5b8f13728d16dd338ae645e4f0e36389836207cee445bff6f0b95ef,test
8fbd7af4a3b6d1fbae7fcac832a04920a1912a295d24e614be5caef2dff72703,test
8fcab6dc09c5ad0dd826a067a0c173005b3a96e0eea686213022038f34d5bc2c,train
8fcce53967e42667c6289cf0e6f72f8d2fc9fe309fd1effc92fc0ebff2d41e55,train
8fd09ddbac4fb7931c025437c25b02535724dc0934dbecbac08c325279b85b3a,test
8fd3b298a8a1ac6c72017218253dd7a992e5102557ddd641b14c2fced37cb99e,train
8fd3ed39bcc57012ffdee672e48e72f3219c5610594f5df26fbc4fcfbb0a3d3b,train
8fd586e6899b47fb39ea11ae23f022599fc48a15f51c18c0fe41fd2c0daa33f5,train
8fdbf4121c377523ebdabb728b0300571a2d4c8657b422182282546c9ab3c9e7,train
8fded63435381f20ebb1dba21c8226bc86b621ab4a8b62a7c87b8fa8a129f7aa,test
8fdff3363347b412ac935b5952806c652fb62345edd01c08bfaf183c17bdbb3c,test
8fe5918452fa037df9eb28654b267a01866c0eea52f29962971e51748e856b0b,train
8fe69879ac90cd74d3bb4c95583cd772f739f7f734200d3b94fa428368692bf8,train
8fe8d030a95d881f305d355e034fe728ed70ab1303bce8479b88860853ebb5da,train
8ff1fa9fb2cd0358c8ffa00460df419c62cfd67d867340ab527ee763f158a64c,train
8ff65cb65fad08415609200b9be9a2642beef9add7545fea3a30190a40d1003f,test
8ffaf05f085a4dc8601c136d8d964b99c68638ea00ee045fc1db03a401914775,train
8fffe8edccb1b78b23a35861f324f1fcc3a88bb29a7721c9ddc6fe1270648f9d,val
9001982afa740c6364e4f9b813634f8231cef81478c8ba50297da06d214f9b37,train
9006b1e26cfe4cc03e7b9f056d678a56afe16977994cf5ea1351c1b1a357d7e3,train
90075746aff5421613d6eeb680e294eb0eb86a09321bcdcc7307de39a52ac9be,test
9008b7934b20be35d59b4f8673c779f3e33387c41dfd1c19355dc3c153d520ce,test
90194a879ff781a62e62ed70b642f53e20b3f7e78f8e7b37bac1df2bce0eb5d3,val
9019fccb3e5f90ab66db2918c6be879b67ba9cbfc42f37b68ce9b8e741d9ddf6,train
901b8acece9bfc45e7b12a354b4b5f64be8ffd4608bfe9731d071d4530eff5cf,val
901f4b5b0b0da913a227ffd97107a5deb3cd4a8f8a61791b455e3e9127c87550,train
902414feb94113c1c3f033aa9a35273774d7bcdab3d05499de92b07ed849fd87,test
902d49aa0baea6e703e6b43307a85e270ec9e5bb74b9f7fb961398b7d0b871a6,test
902f8c03da86b8b0bcab2cda47677ab5ba5f3673ca52cf87b5aedca27d8af050,train
90313b61976360ff46e1f66ceb782f91147d21ef9afd04879304aff9b6718885,test
9033e810c601a83ada40d74d3283708bf2193381a2edfeb3c0d6df8356afe678,val
903611afe291ab7e935440dd4e388767db13b5455d08f9e33bfe1674268a4f62,train
903820c214e0e0092200d2aad20ae48698befad4899b247a53271e59677c5101,test
903fd4a68b29a88f52ac9b31151f0ecf2311a44d5e14a12c3eec19ff630dcfc3,train
9043adcf057296e5f72b2679440de5fc46f78d7fafc898c170e2d8d7b0164a33,train
904481cd187fb6e072c60e391f7ca212b6cdcd90d05c45975f70699af28c4e47,train
904f8d015027bac5b3eea16246a9f404f3fe245d3c24f56f2f210fae45f9717a,train
9056295ceafafbbfeec21fec7a37e463616c318cc8a47c5ebdb4748e9e17d9a2,train
9059b8f2bd5d36fbe01f53e2706aaede42c6ab3af23aff5d1eaf9126781466c7,train
905fc0c01cb63b52d920669575709899c4dd5f77b251727dabfaf0781eb2c0a2,train
9065ef10b690900ede1a89b1fab4fcb51e254f4eb48f89a5c795e3a3c2f1659f,train
906a5f679926d179ad6a0c471cdd65df29f37bfd218c6a4934ecd250372d9c0e,train
907107e4d1100dabbc5293cbfd66661bd793abd0b4ca38e103beb0a1e638a6cc,test
90722afd3bab4a8cc5552b55f7ade3c494c7b98b3acdd2785b2a600e0d515c6e,train
9074d46be2783a3ecdc1ea0044a372b23f67b9741bae9b6afc9bb4c4765f9506,test
907625423749d2a9d8706cc8852180e7342d1ac20eca514a0e9dfadfdcc7410c,val
907647132219e507e73dd421520675770a0b9c362da6fd14f226dbf0039e3b77,train
90852dab397289204884ff172202c737258ee7d244c0bd38f3827ec6ce3f61ec,train
908d64595a1b03da6db1e0b9a3a2cd66d23991f93f1986e451881036054ac9d4,train
909383d3e4bdc3ef07197c7de8b571d078e9c99328af232ea104d071ac2e5a30,test
9094c132135c9a3d8437208a75c35edaa6d4f6e71910bea6157aa50f62bd3295,test
9097cb6924c06feefe7e7b067de8f8d6d758ac20ca2037a6630a85e902a4e57e,train
909a20730e8b24331703efda041d460db140cc423d003afae8b838279817c4c7,train
90a255fef7a7550e3606f7334e7317318a7674406bcc398fc0335127777fe55b,train
90a28ebb22a12c31a98947fcde6286893f2f5e782a42bc866e46518d121b35d7,test
90a2febaa01810efd0a5216374c1defb923e45426a2e0508da6d6809a98e664d,train
90a652db6e850746c9ab7e868fbc3ea9d999b340f141c882fe89f8a365e1878e,train
90abe3ca4509cd3425dde6b83a8db7eeeb8d659bca18b1878ca9609808875674,train
90adca1ff0497562a5f10f940da2a47862ccd06fb4190ce74656b3d5ed37cf82,train
90af3a58ae923a06255cdaf68097d7aba9bbbec48eb538f7bc1b972d5678bb44,test
90b204d86acca6f4613a23702434a645fb4f35ae7c0d75213df6e0ab5ebf9a1d,train
90b990aa77c4aae904250d5eaea25137bba624354a45927944886e29eeb5d1ae,train
90bf2def672620bb30447955a02b0adbd8adfa5adeb82262755f1c2ff4e7d398,train
90c3d271f790de6ea74c3403f64fd563a7176afba521aaa89dcb93c4ae3b9f2e,train
90c7e5a08c66d406d7bd755d428cf73bda8a8c62ecb6c497cb93bd3167b608ba,train
90ccb88e923668b863f77515b5e01842686a226be51cec9745b39b76a65a5f17,val
90cedf642da3cf747a5f41cbcda46755ff88b86ef18adc076acf703c60915ea7,val
90e6e2e347718e388a278cf359e2d72e495ab70ed801c7f3b2ffdd1db93799df,train
90e97549c6183fc2381ee77914fdabb92992598d354e83d34126d085b0d40e15,test
90e9d38a09a310478fde7e47c2c3c4defa9113ca66679f64a8099d0555c69422,train
90ecd481dcde7a8bf8277a33f3a9f41c9877035166c815a787dd8c28d0ea6357,train
90ed0abf71d6e1b5276d3ac4ea7b2435e732ceb5c6bfd5ccc9a5609750b853a4,test
90ee6829c41936ab7594e65f3393322b5c66e27225115db4bfd6120eaf124e26,train
90f13bdf6d8cad87775c9517b2ea332496986f3a932f232bf275fcc19ac7ae6f,train
90f3972b14780f07fc4ac8394ecc586dc26b88654bee792cd7e11d99edaf2932,test
90fd5248b3b3eb3ba50cf2acff427c656fad789ddc10b7b43a72610c2524a02d,train
91029bb7b88f00341c5606200c37324b1dd7612df997efae0815bf579bd19120,test
9108a34dfdf9403bce8f07fb3a73e6e1c48c2b78bc335278185fcf658fbeafca,train
9113163c4e3854e5271e2476b7da7da8cfa28b6b5015d8dd3a0829e27625dcdb,train
9115b184bac99cf345f227c0db8b5579bce2f13b7cb597029701c526b1a30258,train
9119e5b117aaa89fa387a42b086309d9b17b702c86ffe839e89804f327e9f911,test
911e9fe3a5273aa6a9e9638c6753607ac0ee6ce7925a861f90d0b41bf719ce9e,train
911f6a832399b9dcb2fc06e0eeef600877137f8a0b139cb402fb600c75e52fd6,train
9124f0d0ff7d291f721f56510bab0feadcef1d164a5088de880084647a626a70,train
9126b2196869dd04203a49de4d507e7d23540cf1c7a21c56fd5ac7825ddd95b5,val
91295e1bdf3b7099595e83bfbb18e9d9102100c1df126afe39f16e2d2420326b,train
912bbba608e283cd3309b67d15ac2faadd428e1b205a5ffba490b0d0ac240e24,train
912e076e6627dca775414738c20190f1ac1221ddf81ed66d5efd6b42dc92e2f4,val
9132c073762bf38e9cd3379395745b368404ebe1fba2ce02843697033782147d,val
91366a1d094f1a28de648043c5497a1daa6708ab2da6ed670932e0811cf7a0f9,train
9136e5f5000972734929f994f0ebc33bd2fc4d1ad7fd58ae36144c8e240ac7fc,train
9139d4b3d565439109799259e9deb41aea705185a1cc00e7c2acdd4fd3c8b04f,val
913efe6742154f45b36604acfb0bb6b2ad1d679b55867d2aeea315cc9f72351f,test
9141a97e1d0b56543ff63275038cad9e99858edf66777fad5d1a157ad989de11,test
914b155bf7d56087bf8be92d3e356cac693e6f1e5ab7f5bdf6d609bf2445579d,train
914f774e3cbfebcfe1a8ddb071c8d988d5203af0badb88891eab21c6ee3eda91,val
914fbc03f67832b030873b75609d20bd81fd8b0b5fd8dbb30f99287c0c45512a,val
915143c7311fcf41531c1757738938b842c86eb0c12f0d405e5e121930e31279,val
9151fdb0099b5b5c2409e103f3cc34e1bf6e051b2004fdecb5f6e6dae0dfec65,test
915d8863944785527e42a1548d58f3922154c479dc9c164d370eeb793ae2e3a3,train
915f974a328e4d8bc130701144e73a7380c2470b0b9579bce6fbdab72ca92b53,train
9166844dd3ea8c8faa7d576b010cbcd4db8a5301d8ef7f473a394ff3a5fa90d5,train
9167cf634a2fa0ef398dcb1c4b9b6e70982a925dc637e84a1bce4bf46f220bc9,train
9169234b542be7c9ce895f86f8856a4b59c4fc61a55faa36132c4a3b23436b56,train
916db665b86a1c4060ca38c9c4fc276ad838297eac338b6df9a718fbc27a9686,train
9182d82e183b3bf73c46d0b5172dea6da63ef6a7e2e3ccb5c974e4d2e208101a,train
9186ae11f1021e90611725102e5df89f311a32284b8dc578502a7cca9169a4a3,train
91880562204c5cb32ab252ab41942ca0e626ea1dba11407a2e3c2d3f995a1bcf,train
918ab8217c2c6cff65917e63fcd4eeed7962ae52351f0c3deea1f3a593d12f85,train
918bcbff18cea123c9cf8cfdf9d8ac8c73f518a21e417314a4afa05476c68d23,train
918ded7cda8793a2db310eba2a0a52f29e5efa6a316889efefb437e9823a1df8,train
919270b086f921c51c679f5c1e92ab7380d518ef08e55d3596b364642a95a40d,train
919f850a4905062d201885c3216959b671cf0deaa2262052ca49fe35d3eb8e6b,val
91a29c3f399a9e82d0b4f5e97c91e0231a62360d4a290979953569491bc413da,train
91a623e21c2805b0a16d673433b86d364586153a136ca289b3634433b5b742ee,train
91ac9c4821e987b5e241280b65ac0fd91a3a95d597cf0e1f8f70416d1a997908,train
91afe25d302cae7f5dbeb359c46c15cf8d04d509614a1eb2c57116a22d411baa,train
91b3038c1deab41d93264984a7a07350f6206207a046e13573bc20e7f5edaeda,train
91b85461d16ca93b0734e30b1a7fa536945441b9fa0d681b3b437847afc9a48b,val
91bb2e830839ddb399715e96592533f4148e2cf72fee96293015d7e0477b20b1,train
91bc4f1a3c296755b5119845bacff33fc7c615925896284217ce50da30830819,val
91cc1330968ec3405860140d252b1e04f230d0126734d7d0e053f51cfb00da56,test
91cee50a5edcc2a1063fe3410e1e72f22c43beb79108922a93d19213faaa46c8,train
91d0258a5b4a4e45e42d0ee7951197945392f63f930223ebc72a05030349d234,train
91d489ca373d81715059434e2aa0762372b49b3932d93033fc717925f76abe30,train
91d48bd4540bd8ce77e943d4e2d83312e0202b114b7279ee2bc27862aff04011,train
91d7a4d7de966fa33e99e522b0d0194c1f5a80ae77d067cae76badf98eed3da7,val
91dc33c850c133bbca2c3cb56d1c406b5c3530a5e991fbf9bff543f3bbf373e3,train
91ecd83be8837266aec8d8902a08f297a6200ce5f7da56f7e9ddde4b416f9a64,train
91edac30c971a55951806dce76e74fdd29b57522661557323d7055591e805563,train
91f76d26417ecbcb24223c5b59feee1079455034f26230b894ea1ac6f6141778,test
91f8a322e779dbd032f54d85c3712e37e3135d60ceb4733a335b07a6871e36d7,train
91fd133c100db27beebaf0c498b17fecc12a67bf90db4b5e1c41e5ec1bd46849,train
91fde8392fca31a9faa6e3e8ef3808fcafd3d535027be581e5daf116a637d412,test
920193261f8f91c8ec617d0efacb550b8a126c9f3ab299a8a4d291edc863a255,train
92084addbbbd49235d30813e22000981647e60179dd41c3be13611871cf515b3,train
921700cdfb015c9506e732090c34e59c7b488c087b4403b838f5ff779557d429,train
92175b9cd571022685f1ea68a1e957a35355631762c70a5332d729ad67cae608,val
921c71a3a023d3325653e80456cbcd0457ba4207726b6e3e76ff74ab34bc8da5,train
921fba54af94fd331c63c8d453bd66fd8d708a6ffde3633d2b14b63828e51214,train
922554de2f23082a619900008878181f2fdbc665207fe3e865cb953fcb434fc7,train
922639f4fc900f9bfb80473a068c6f258b654f2062c08c142a09a50fdd5f50dd,train
9228db2c5bd0c51ec1d4658d14cb86be21226b5489e6e072f90a4c0f4924559e,train
9229cb8c55c3937f32dacaaa89dd1dce365197f963ade1713aca56a0eb75e898,train
922c1e552c38cf06516f8a23a864fbb1ab425805050ad766841d99292a34856a,train
922d77248b2a5909a921fe302e6ab268e12e79d95e8cc144709e00819a0f3cce,train
9239b97f92b4612c6d1499bea16cf8727aaaa68daeaeb9d9ea833355578df313,val
923ab50995aa44dfe0b38d546208740403a6b0357be63ab84bfa9680cb0a0e26,train
923c4de8bd7f18a3846100f6d3791b22d125c760135cd9bceedd6f7116414dbd,train
92471cb6d95c7fd80e36c0954e858d505dd57615080d7544251a678939646ad9,train
925160f9821a4caca7c39afd66c1fae5ba31bdc5e7362401ef003c464a9c3310,val
9253936151ed209852386e4ec66823aec5a2b0cd279020f753c56a50fcb2c1ff,test
9253996f7ba919f701481930500557b6f351e12b28ec12903456b68e34234b8b,val
92547a0eed54ba08a0e40097ce687858ec5e1624c1c0364bc5bcb9e24a861c6c,train
92558cf769afd4b5bce9731cd0d12b02505ce0232274cd041ae136ecbf7e2480,test
9256edd697766c2482e4f7049c2a4acbf9343e776a08a5383c86339c703465d2,test
92571d8908fcdadafc5213b1a3a58a4d0dc6b60a3a9621fdbff19b610a37a515,train
92599b2bc31a1ea0029154c2e3b7de7f559f34d1c0c7fd57abec5fc61019fe8b,train
925ebb516935a20e6a70889f2714454a690579890a8cf6adb6173c6f534d4a04,train
926f87cd283b2a98aca9e03d7bd2f3bd4afa3ec43c94a1de590d2e5c14202989,train
927382637a7029aa6b884e189bd40482394569a8a5380585886b50d8ba2d9252,test
92797c4ded001b6c300fa08f1fc88a726773d4998656348798d62635fd6cb84b,train
927ea5873ad3674e1d4dac0c138f8f4c28fc9998b538b9d87e2aa400cb0e25c9,train
928db4ed992e6bdc9e3adbcb36c88735db55de35be0451ca815d389647bd196f,train
9290763383bb27648d9633c20ff00b1b6ea3a0c17119f1dd7bf7970aa22a5df3,train
9290e3247d887ca40a840958b4f8476c46808a62453ee7b44b1793c9a37f31fa,train
9299114bbda7d48706e375a4cd103446ef42c2944431b200a8e61928586beac6,train
929eec7c012db29a5fcef33d5ffcec79c64ec5a23749f4fcf2b46eed39fb1599,test
92a1450ac9a03fbd5aaa48f6b4a37e8ccdff05ddc9d1c3440d7b9935505f3997,train
92a40756fe38e49b8a6825576e20b7b6d91da7940e9dc81c9d44ec09c5597d4a,train
92a8cc7efe48e420e42817ece50e032773954dc0d33d8fd9a85db9128fe2cf9a,train
92a977670b5b70989559a2855873b177f058639ec3112514173c7390c3d7f822,train
92b09fbca881b99617357e0a63dbf9b0f90cfed26fd981d0daab42bbf259762c,train
92b6b0cb52dd9e52e4a59b5ae4cabf04951cfbaba01f18a28511df9e0d3115dd,train
92b6c370304be79c3a4e59a3280a6fe28dc7814a5ec9d583aa54daf62dd53e91,train
92be8a10341b1730fdb95884440e35b1066ecb9ba2a090618ffbc59fcead1e90,train
92bfa902ab45ce4adbd2ab661a48fcc9df0040dd545cc47ed99e27683ba5a1ed,test
92c00e8c490e6441bdf91b984e0c99026b3605dab5dbdaa56806bed8ad1f92da,train
92c0c79046b8964bee1964b118c78a3a0db55b09ed2653e7dcc46808b390ca07,train
92c65986785220f3c1b66d5264f297266eafd23de11a4f484e0e5bbfe1cb07a2,train
92c9b46a1c542e3973334fa5fb0f87deda00597b582da45fec55849738df234a,train
92cb915b6d180da2425d62e4f72e13694d1a695fb169daef876b6e890772e9ce,val
92d0b49aedb0706c80999539f04becf714de70d0702c514ebf54b7fe3c420ad2,train
92d2a458d93fd4c0021a617bb7178beb12098dcb005bbe1c93262ddd709e6b61,train
92d691687868496e9b2307517d6042d3d39563f6f51051a258fd8660965ce90b,train
92d914f4e30626a7c4c4baee8a554f764e1f6c3ed3a673218057bd89ac7df9ad,train
92dc25aabbbf2d5365c682b049609855cb6e2fca378187cbe43471efc12f7995,train
92ddef0b44354da4cd84d5c55adfca77270529cb94c759271316836d6278e7c6,train
92ded60450d088ca7806be5c7aa4dbe6b0349b489f188cb156586e762896ba9d,train
92e2821b09e92293e714b567f72fcb10875b5e5a8a84024d68c1c0622a675dcc,train
92e41d8f4bb045b8d79a330945789c288ec0be0bcac7265cf903665ae508ca95,train
92e5ab795ec54475e3b26072e195d5e102463a5e19420ec57bb4202331484bee,train
92e848c6e1f5fb49b884ae78eccb2b63b9fd53b53542014ccda9a53b0c3b00b3,test
92f06a7cb11991871c902c8e9a23491421bf3313fb727c24a2dc8e57f38b0e03,train
92f6f05a6a9d1c277a7573c59be2a46198dc9673707ed3498d013367b4a1ef09,train
92f961b99c6d369829af13f326d963a43239c4c262737228ace8ae08e2a0a5a0,test
9300a3b69534b0acc48cf0e3d77b94e54289f641def56c492d127a240df0578f,test
9304bec781796f81dfa214fe8df4b5f1fcecfebe4bd34d2cd0330ec6b7120b9e,val
930db06d1ea8de18ee8d05a99097a02dbfbe7a449a8c11b9acce7b7f3599345b,train
930f509dd8a3c553cb9b0cc56c959eba1a54b771e44900b6378e5743301923f6,train
9311f255e9684d63f73247450272e155d08096c22de8db6d2c6a4f6808a8b689,test
9312cf9b37273856a9cfdf7440141466d807a071a13cd6d191e3a8d09532bc5b,train
931b7df8f0d62b2dda9a8a071290ac2ecbc16d0337ce9276a2e885f8573a04f8,train
9325aecffa929027d5872def8501ade1c9f7f97a76c5c7aaa2ca1c77364a4bd1,train
932815960ed144a075fda81f3326186fce6f6ba4de38ce1a50a410f2a8aeb303,train
932aa0b27617dbc900912cadb404295cb1c185af53c0238f3238cfed4fa10a58,train
933357da4763deaee23b78cc13b4edeab15316694886e73d88e087d52b690e7d,test
9335d9c02d7b8956a0249df864191307985abd02d42e80f2e036e3d34fa8812d,train
9339980f437eed767e90e7e16cd077f823bcf68dfad9ce578bdb88568849e62f,train
934297d4094fceaff5343a69779aa1108dd09026928d25fd3ea247de6305d8eb,val
934310d3c7292123af44c2a7e92f47f172e0a13cd6f84931eaaed1836518a124,train
93448959db64242823f517bee1bbfb11eeee48c18c81e074929d4ce9b8b42400,train
9345a0e21f43a8262c2da844e9e50f1b90ddcf67d09fa2c4037ec70a5f3e481f,test
93475a66087127f689a637ec273b1e78b382b645b5050a7ac4d4bc49d83cb911,train
93511c28dc5580dbfee1b30256e884ff23628405fd1553f46ecac6b6a8e4885f,train
9355f9c8ba1e61dce385b9ad3ea75107a213782004d9654c2457c353637e40f5,train
935a837acea9cd78a7fef30c63619860c0b6993f34861df9a90e3f7d194992b0,val
935e29eb6a67314a716a572c092b2c08fa5f82fb4a2585e771ca9365fd86be67,test
935e7024f7c2401f3d94e7b8f4a11bf5ef6fea779e40c95070a26f3030725862,train
9361e5f72ee0fb2066a2f64b30cd267f5914bdb62eb7284e5f3df626a1a3cb6a,test
9366fc077d8da0856dce236946e43b545feb0733593f9995b8c97cf3a0360fd7,train
936a7299d1e449fb85ffa7572a776b94226e8dd7711eb15a4a9edc186242888a,train
936abc68b84d9b26b600f1946f9d0726878effdb679e53971c5b0bc1325eacdf,train
9375a6f51d5471ef01b01e4726553a9ff3be4a8f68e1ee2643c18f10698cf354,train
937d138624d5ae354010e1d818cfbd499c30d56bd81d469024da6bfc462bf9e2,train
9384e2e30f1b365b34cb1c5e01be2b541095358bb9994d3ae22c534219e1e96e,train
9388636f7611e2dd576bcaed9de1807b63a5a07031e19830baea4428e9d08c7e,train
938b2ce222acab221c2ba66fb124b4637cccb799b7e97e10dfb19bfe2274a921,train
938d17c0acb9e5d4899a5a5c7fb88f7831b38182c90cb1fd06a3239c9e6bb7a2,train
938e8647d7090ed322d67b2908a7b6974e2442819389bed2345c592d17b4ba8e,train
938f968b7136468f91c2fe9d28ddd2d79e5352a9541b99dd7c091dc009d89aba,train
9393fc432972c8b88c8f142c8cd8bc901ca70ded8b0a6ef1a2278fe1f1966be2,val
9394dfa6d23966336487b0c6e4b94c9d50a1a9931ad5a17028bc3b5187792ad1,train
939583d16781de3d7b0860c69ba4897d60188b3511a646a794910abfd66f6a33,train
939d68c4a44f17aee8b3b27b579e02e048d7e907cdeddf00dc539473a4f932d1,train
93a1f3cda9998ccbcf529e9e5238332c69facc477d34b2e157dee14463d5f3be,train
93bb85b0fbb7392cc0a236974413768d9c16678e73d1c4b8a5c908e9fb610b00,train
93c3b9c6f53d3dace2223f04269d95378855105e246bb0d85373f8c76f1dff90,train
93c5b9b33955c52a8ac4d939c7df580091429a39d88aafa232c0d408601a0b0a,train
93e0535f52bd6ad4d03dc27b32f4b4bb5f7885ac2d71a9eaf81e131079c23b4b,train
93e1881ea3a67714f1ead3b8991d0c625935a13e79d2a643bff1c5bce9d2fa85,val
93e8d702b894fa38313f5c461fee7803874d6a9525b31f788f995196d9d60873,train
93ef3767ee7498fdc27b4b0e38d72f1be786a8997c5fbb7932bc2a0730b61520,train
93fe8d8f1c7e93ed34aacd763cf706f4a8f18fb7e7a5b9099a667e21122c7238,train
94011078d5404595d9ef3fcfa028c90852bc1db943a9aa91b738584e34d891f9,train
9402275a01f2691795b237bf383db42252f2a0b6bd27c13d8ad14e5866106bed,train
9403aaa9df9dbdb1487efa68dc0b86c182f5cdc4e1b787a8c4d88eae7ce46e62,train
94046966efe99221f70b57df2d70cd34af65cc911baff4058223085c0b7bed5b,val
940aa832c76f49ea1d4a7497b269acd17fb02d4f188cba9626f6953aa9baba55,test
940bf0c7b75c788cce174db592bc8ec003a7a95bf50f95e81f1f46b16270363a,train
940c3c7acb0924b0ce1b042757789706741b4fd3378527aba91b77c48d2606f0,test
941019c1b1564855db04fe55dc212ac1812756dfcc76c772963077f96e0cd6a4,train
9416d0cc2636238c24bc321678e4dc3565d6979cd6d61cef547dbe284eace8e3,train
941900173ce8e0593e620c83b8033344ab05d21896033bbb7b078d312be5bda8,train
941fd7f61100248996326bcf08366f8f33752e16266c15e59d1537e2c31a43f4,train
9421f4d074538a48ace7f7b9bd328ac379185365589453fe7bc6b2dfa4ddee38,train
9428fd3a843798f7ad76dc2464928ced75a647387c281589f26a80523c72ae19,train
94304fb5c8c140151a0ec9ecabd6f814e4118a00c5e70a6482992ac4bd7386e2,train
94318082fba9dfd91380d92c314ec5116c5c87990dd83fe869407990f3b1ccd8,val
9433985f6898a318f92b1208f355298d2b39a7ece8912d4294f8c954588e01ed,train
9436b76a7cfda8e1ead74d39af717b988077b4af66bc01364142f6a76c36a7e2,train
9437952485e134b725500cdef1510bd750c27132e4fd19d413d8a8e913aeb123,train
943e2b18fbeae3df77decf481ce853623293997ebedf1237c39867d9b7c809c8,val
94423d74e1c6f5c616230daa1be79a5d56a5d13743327283fd839579d85f73e0,train
94520b447058717294f6a58cc8a0c3a73b1f15e4f58bed0826a1328e36564f42,test
9454ebd5251a3e0cdea975fd31fb2e282601dc168951371c26287b02794bad82,val
945e004c923055e900e36fec1d4a4688452297954bf521386cace83e4e709aeb,train
94627e3855106572b807d84009c76432081fb9e8c4b28722bbef001d91803d27,train
94628e52e19222fdc06f5e0f726ab266d680edab036cefb9d5528a2e513116c9,train
9462d1d94b1c9d706bbeae89d59aea9addf2e6517731511d3a758084545918b0,train
9466b7c182e3c40be9a1ed1cb1351eba599a9eed16061750d69f431bd10ae0e4,train
9467e47d851ed32cea963ad75ac795a4f491d739cf75a54b0675974500612916,test
946851ecd84c25718b5aa37a48c0bafce679924cbc0e1debc3fd7b801bfa4103,train
9476b35bd9a5ae7b951c2ff91a3d3bbcf3736d9bd781d4610f956b504939019a,train
9479bb3d84d7c76720576a15032388b2bd3be0bcdf7fc4c5181dd15653ad4ce7,train
947b980eb46866c284b26ff7240c642c0be9243f90fa240dcf97b6110e02f232,train
9483c9827c93aac3fc6699b992a54521d03e9a51716348e573eda0b5054f8fa9,train
9486636b618360f1f9d512df683c5b980fd2107c804846ba786c291cfae5e191,train
94874f5d38063c4ca108ff3e4b3c31af93a5a993bb1bca1afdd132985ba086dc,val
949285dfd3a5ef6c94eeb25af98f145db8fed8614244009deabfdbdd23c3280b,val
949f8a5cf9bfe82968fd725afa353e94ee88b2517519f48cdab4a16c32fc76ef,train
94a41d17c89ca8d171a4df34ebadb8a46a83a5ca42c75ce9711300d192311c55,train
94af416dda5d2eea689fb660eabca8e8f2adee5b36acb0ba2dedcd8bc4353c0f,train
94b4afa7f90635afba2b15dec1d538f9f2474ebca07e9756b5deb910f3fb646b,train
94bb4c6c0c0c80cf6f88029541ea1deebb9b2e6ab9f7d9e3d7599832b1593b3f,train
94bc648ed6060a79428314794d904f24a173b2ef243f66a2bbfa6131a188e892,test
94c62ae1557f681d5a7b31873e2aee3aeb86f5e454e1a563f38469a47dd47f04,train
94c6de394ad9561fd6919a8046b7a480dd536851d6a81ef7800f4054664bcf1d,train
94c9276826ac1006c5a8312de2701d5cbfe3147b65958f26a23bcf928e6e3ed2,test
94de0a78f05eeda2e15920082353d3cc9023a8f382e1842ff6300506027822af,train
94df2ee0c7e52b3ac2cc13c8e6aeb51b5a0e1fc795cf9d8ddf2d0e094747ef39,test
94dfe82a9ee7bda01b480ca1870ed2eebc221ff0a8d906b6d996feec0adf639f,train
94e21cc823bdad60becc54860314b1cf42608b0220834c09b2981c43b927e66d,train
94e6e8a3e971deefa0af3b49eebe75accdaba8fdb10166e4275b4973f71715be,test
94e97fcfe3f5713a5a69f70486125573ed5d640de59e8c6016749981a5f6d623,test
94ea11c3c5ee6835b6a70181aa3e8fc1c998d2d6d74c30659fbd2dcf083afe88,val
94ee224d815eadb0bb1dcf8d8f838bb57931be191d9f441bb8627a2e89925450,train
94eef5d4b05996dc88d3a2da302ae30811e53fead2e4c7ff2354ce7178e899d5,train
94ef23e57a785bf9ae5c7464f37cf5d7afa8eb6c4da630c74ba99b23c4f0c38b,train
94ef9d32962efaf6f8c1106daeb3cca4166409a68cd2d6556b867c37d3de53c6,train
94fc5bf0383f993cfc32c544bd6eea5a61cb36236ebf28f2a57a87fdf4dfbe9e,train
9501f66e4c4b2845b4213d1e3c93d89119f054e992760bb9ae5d88f78fb05873,test
95033161b2a627e25cce2ba592de6f61847d3bf83844723cfd8b1850ec8146c3,train
9506e5135d9a8dbc7e8dda2fc2ef61eb6e00c742c66e743baa21c6ace3be67b0,train
950c7fe7cd3c5650c784126d14474d8f2eafced471a342612a33118a06658515,train
951248bb55a09c7f328413a053e36156ba9dd24b21c53aa035072ca8a8365294,train
95124d3ddecd490847b4b64aebde95c4168c0ab7e67ff68c6470b0b384750f1e,train
95165f98aa5ca78cf63053fa5c7f9084780a0f73674edcb5aa58f30a55b064e5,val
9518f66d2e6750dfba61d779d2b9be82d883ff6832ccd17f141eb542dc9cbed9,train
951a830b3d4a92bc974701767b719faf8c3000db2b860f4bbb9cd86dc1e974ee,train
9521e989234ff2c9b597fcd495a0879417c95a086e61a903e762ece65545c134,test
95264cbc814e0a2018003c84bf9d7b8d24cf7864d0cef7651d70c76d5615e23c,train
952677b2c70b22f3004202a5af50b8364fd937c9927a557c86f85bcb95a33fa7,test
952d1ffa6371080f75eacfee6f7fe6ab406bd35af2a9d07ba755260a6a7dbe70,train
95333c500043e79bdb3db38156181ca535dc32048937a8d1bb24a13b1742f6fb,train
95338209a036988f1540d697fabc6aeb3e601381125d555bd675af1ff5dcb964,train
9537da891713f64b89943df4dcba2612387009c7504f948dac4287dcf312fb4f,train
953b4dbafdf612493cb2749d75e0ac974c94380bb568f7737713430f7d76d56b,train
953e7ead15581989896e2424cfbc1476e9887e9a07f6544a74e0e9a2e42d68b0,train
953ea0181c475f168af2c8952398d8b4d336d4dab5cb48eba0ad76039b859006,train
954079c09e1030573089b7eaa04aa7524e19af30dcda420939790c4c4e06cd4e,val
9548d64f7b346a1eabb39d56aef16dec41cad73547019a86ee51142727e80dea,train
954b10488ae58bf1404fa8830124e78787900a0b1f128c746a6663340a0817a6,val
955b6e4abced84f77248be146430460942c2eb2390460626d1ca7d2f5019081e,train
955d54235d84829054c14b16fb241bfa60c675b6cda50d5afb0a8e8cc21eb91f,val
956012fa62b68eca4ef9d7cbe836dde198b07786c134b56324fa489078398b6a,train
95652cb028d68e361402852e9aa5cd3f6317a8629b248d0dda55383021f5f139,train
9568a0a11dcdc26c4198ebfa1b031bf6e4cfb13ea83ea5351108684383d89d1a,train
956b992df0d9b50ea2b44c2cc08b3068eb83a042d76262401ea878189682b784,train
956ff45d186e9b90ead35569b1e03872e18cdcd908c1d430c78f0834d53b2d7e,val
9581bdc01b07cf6b9d03edd7786518a7f7622376bdee6f2f593d0d99e844a03f,val
9582d2417c981b3ec9e1fa085b4f2553366f58d4174958b6a6a2c9e6ab18bad7,test
9589ba89595848540283687bf3dbc9500e2c7d5e585a498e318a47bbf206c6df,train
958ce61b6df3543c933d02fefe35f14f4c6bf3891c88ba8cd4223b6c1b01abb2,train
958fb7e8104165c766784d965c1afb6a0eba75de3e81e62950d8f92cd43da055,val
95908d7621d9cfe4fe048447b7e0f609be32c6cd183a724649d030eec5102d5e,train
95951c7d16754226a2eaa0251e6b64a7e02966191f32b78e863d1ccc15ff5fa2,val
95955b5a230a63de67129fbf8913c8b7c70847792e6bbd37fdf919fedeafa4a8,test
9596980e6e70c046c833b2b53108c4a098cd04f542c6de8114cf29557f2cb8ad,train
9597e53cf73307e6a4a002a277b020e158de252689213302da5450cf28b4f202,test
9599b4070d4fc60fc26d3dd650b4eece5ab7c548d6595b022783fcd22cf77a08,train
959b24acc9aa2ccc5662b0bd59fb0d5aaeece3a1e4827b3552419add4f7e795c,train
959d7d1955a4d41fb059dd5d6986ef4bf6e7ba59f0e094f0ebd59bf60a876722,test
95a522d3dd69266cb1186377ee03697f53a8dfddd58c931e25cf2bd30bc95439,test
95a8f4d1f8134880416d5e58fa718db7dc31d656f84b08d4ee02a84f4c73e1b2,train
95aa0554c4dddce7ff656bdd20895be89102e9c498d35ce863bccbb3088f711c,train
95afaf1f2f2db8d09b257b531ca5b106da4fb10deb9ca1e66940c9bd0bfaf300,train
95bb7ea4182f1aba23c8642ba94ec5c312014788c5f2f8ac113f5b07bd14ab58,val
95c081e765f154d6eb050a88b625ee900e0ed314090aed9f65ba04884603334b,train
95c7d56be438aee3ee8427785931edcc74d5ae2abc6b8d76bed6f02ba369e6c2,train
95cb45f962bf28204cb29122f4176b95e7e721b10fb2ad9d2e38c2eb512347c6,train
95d3c99e59b40704dd6a0e34bad0571443d7fab69cb5b43c3729a988edd163b0,train
95d59ceaae4ecba28cc30b53b6ac602c51d4c51dd4ca101a4e92398edf822d5b,test
95d6453f6329296cfa4754a7b87d5b77c7aae4871edb8a65378f5752cdf2b142,val
95d731bd8f1d9689a82b91e881060e3e0556783f4657edc84f0aff59314d4472,train
95d8c8e1b72d857fbc512213cbc8e2a3aaa8479f3f79e46d6829c378d7764bdc,test
95dba78da5b8486f10cdfb24e7d1e2f1a5dfbb4b008f20ab623f22b789a02682,val
95de6b89be996deb9c4585d9d570911056379fffe480fa98362d32a7544906ef,train
95ea22fdccbfe95b2514a4024b5744e7c052ba633a82a9e86d1765ffbab1a590,test
95ec35e0fdf544c64eed76458a8aaa5f7e745e0b8ca83f72470713a320993875,train
95f31bf90de653aa5b6d6d75b2e147127337eaa1622e0c1971466b82316e339b,train
95f3934031cc26cd2fca33ffca71fc436f176888f7b3db964923c25d6caa8f1b,train
960476f2886ec11aa0180c66ccd9f0ffbd5c999b1965cf205999dfd1360cf75a,test
96098d1640bf93cdca9a35852c48d777805f584274ebe1e44bc487c83646bbdb,train
960a04d06b0cbe3c2f28489d5afa7e3e767445c8e7af4897b988cddfe5cad19f,train
960dd54c0ceab9236a94ed0b8774c1b996e9faa53ccf4dde4d5032780a4db142,train
960ece8fd7294ea8b5c84b711a69f05a063ec526ae7e068a4ef30cf0d3e05135,train
960fee9266453ed3487d69cdf0d2e59502d373993369de5fe55c5ef7f6ab010c,train
9612d51eb30a5f9e5c90d92c088133dbf98cfd8df2fc853e38773d1ece13655e,train
9616cce4736ba2852ce3c713aa67beb0223b500d3b7500315ce769766cd23f17,val
961de08d56cf13d9e612100616afa587499dbe8f2906bcff01e69033554d5d3c,train
962cd2e1deccd22a362809fbc8c236d5b963369800b253bcbb8d9021d5106d4a,train
962dfd510317732ab4ebe39d000983183d66671baf4db7f404b05a38124c1ded,val
963045e681eca0612c8cc40aabf19cfe968d10a164d3e8a4dd44acfc36e8ffeb,train
963304feaa3ea62df04190febd8e03e8fde8dc8693d44efd48c895b9835a459f,val
963528d18be3cb92f3e072243d598377392d5ae05377ba040923e6b8aafc8ea4,train
963e23940c87f7b429009b0f96d72cee9b9cfc92294e00d5464038c3052b955c,train
963f01b83a8761143340e0b06d6a94fda2640fb6102501b1e6141e0b0176e119,train
963f2c74c9c49f4757c84da4017e27767cae1bd7d5d314dfed965ee0dd34d02e,train
963f2dac034e8f6c4175df2a117d09b4794d08e298e3fd9bb8e0cdaffecd20df,train
9640836a48b6bd3b02ca52ffc5d9e2f4d5667ca9536f18ca04b7cf5a10f35078,train
96429a407c17cc181b0a8ba7b581e6a247628779cc9536560226ab5005e0fb01,train
964ee11407dab94d87a5c02747fc60ecaf8b94e105f427ba08d18b26dc483202,train
964f4c317aa161507f7ddd6f4c7175b0d6a14c33db486e19e6c5d0de6fdffd57,train
964fb98fc6e6bcc62be9b644648fa78d6db813fae7bd1d5fdb261628c551b9a3,train
9658d9cc2fe41a9efe4b14671c208f273d4266342ee06e6e4de48f850c1dbe0f,train
9660b1d8a3061ae1355b6ab3f7cb10640a6ee2660e0cdc700c41f4debdda053b,train
9675ba82d228fbd95b8b568ff382521a05c34448ea06de40d239c75004bb4a50,train
9675ea27feb47b3860e1d7f6bb943daa6f21165a9ef94cac23d512a69829ec7a,val
9688cd8e60887e6149750c59c7e03b0bbd615c9a5297f7b594d4d7a66eaccdec,train
9693cd0d78ef4d101b43694d678f630d35009b9204c35c05d9d03aae6037bc27,val
9697b4a188a4956da0b3416ef523885f74660c97a122e0625c96e17fcfb58524,train
969b2ac08e21c4f3f3375f7028102c6e83e63745b9b1d9aacbc625da9aa26993,val
96a83012df33805d794c4b7dcfb71cd6ada41aee9c838e7ff889e8045d3345ae,train
96a8b32fbf3e64f6e7743ac3b08d2f5249f2657d7a83b8356c74db0e81e6bbcc,train
96a9f65a2ac01ad025bef33075cf77ada6437e4c00c452a9d9122e3956066ac2,train
96befb268ba5067d09fd11a436687eca09b8c4cbdd16eabbb09005069743cbf0,train
96c5379558b2299bbdf9be102885404e003a0591de0e2f92637a3bfa7e3676a4,train
96c7cd272c7f79af6d074f677f0d302fb94317acd7765f7f0f36ec2683931426,train
96c8874619189bca96a5330c79c1079b07771055a67557f9711e3c6ce44ab98f,train
96c9b8df6c5b173f14a71169539bfcf7f3e5702bec96097a2954194ab37afdc1,train
96cf501897d3494d863624be87836891fc890aa36bb052426429ac6cf74ba78d,train
96d148a1fc50f5944fb11ac8714b8232a718bb86011820240f19b8e843c75272,test
96eadcea6029588b699491e5f21a908b058dd573e7921784cb24543bda216b66,train
96ece08fcc1ac69cef00c0a301e2b60dcd61f3270e9cbcc4da652fa20cdb138c,train
96ed8caa9c097dfe611d00c3b998d67fd566a40605ca5adbd45c2ca51d3a20b6,train
96eebf1ddf85bf1726ac88b2771c2c8ccd5a32244163c3a2684a7cb52566aa3f,test
96f3190bff1503738282da8e99f3e044d2a476918d366e6f262d295b51d853c6,train
96fbb1c8115813c7212c5ed976fc0c0de008ffdb51249e101d473af6e792d85d,train
96feedfcaf7fce2a6515f6b2769ac6f4f920d62865508ffebb515d243e90d9ad,test
9705be94d7db3670ad1f866c5874de7781cd12cc177629fbb2c72e646d71e826,train
9708297124359d76473207ec07a651a1ff571d79f5cb6a5d27dc8ae7bc3391c8,train
970e8b47e3f1d55b02a98523562bc5eb257c26409ff37c9c84791352aeab97ab,test
970fdd71d068457849728163842c83f2846693c0d0bdb1b99a18e2041db2df74,test
9711676162355022c6c90ff7df751bb19ebb1f23ea879cfdbdb350d65ff5789e,test
971222c0d06cf06da3ef756a85dfa0493183858e8b77f7e731549eed686aadd4,train
97149f2a4fae2eb0095eb315e0ce14dab4b3bb4c7155edb66b262dc969577a11,test
971b37d45b51dff66cfb477572347a449474fa7ed996aa281d4464ffc469350c,test
97211d376516fbf5c4bced9f5e9562b151310c183abe5353b850987cef6f38a4,train
972163f206e936b5261bbdff2179159db88009cb3a698a64e98777f34a2d688e,train
972944be5e382b4af86c01d1db70b65ad2e2eedd8ae4ca00c7a7759176b73ede,train
972b341aa089e2764c139214ee5f1bb8aa55d9e39b3833049b304edcfee838eb,train
972e788b36181c6e9fbc39bb6a317b5b61f961b6a718a88139dec8356c0d919a,val
972f76f559e1c3f761d5fe6a148db9cba96e0b06b322cc237008ba9955c49889,train
9731c186e3e04fa8bc228d53544169963dad7c542676ca5c2e27f0ac05a07d51,test
973beef6c836a16d9bab234f26a9446ee54bb021e0fde832a03e0097b2cfb424,train
973c5384a14f1c9c8e41a2f4634776ed76be58623756f2c3c981d151e5d04469,train
973d5d0bda00a2757f01b4d82daa3c61ccbf1841c25ebf2fb69e0b207e3be5d7,train
973e547aef3d048a2fbb4184c23f9ed487d5af129653b2b780a1625cff8c0d48,train
9740d03336936b1e07deab6139cc165afe77d9bf295f0a44f76b87089d469449,train
9748869385b5488da585a1a7a92bce90dbe008c3baf654b2f593edebecf107cb,train
974aa4a95d0797336bf99083eebc01824196ab73443f5027f15030a8d11e0ffd,train
974c5a9a6cbecab6738362f26202cd897a2d68e0b1068dddbd0617db25b72343,train
974df58e7387eb6da2ce68ac3299c2fd0dc243e43a7d6a25b9a360913908f13a,test
974f10e087fbff3c2066e0e9c9f73e29ca8893e3f61aaf7585d79833b0533642,train
974fcf1108ad17c2d93f9ae3c4997b84efef9bb24b037dfcc8bdda5c1637148e,train
975e5cc37dcc5710ae3c6a75fa923d150570a86fcbf43768715c61b7d4efedc1,train
976392eebfba3d76d4806f3c4f699a3f3782fe6d19595d0f7eafc645c303e744,train
976e26c848a8f9c4329551567717f20b4d599ebef2bc511ea0a71f3df2b34ac1,test
976f2b622ceb2f7c6732eb62e80eddcaba69f8fb68b756f2313c1f1445c9eee9,train
97718f61c83afcc57bded551d8db5f8ab7674cb4f6016ed53027daecc910c199,val
9771b5e523f5d0b36ba4326e88f2f83e8e3b24ad386e42d3cb9b1830ffbaec75,train
977fdb157cc2733d76bff1636cf0a80a095e5a6105ae2757905dbbb2acc92dcd,train
978713d502a8b8c4f15e65540bf851c81046239ca4892530ffedae5503d51038,train
9788318b66729ed55a3cb7cc0f1b575ce4a00152678048b3a18d8c0ba606962a,train
978bae50995ec03b98853b17ce8b6fbe31156c5fafe5fa3ccaaa342b994f07dc,test
9796657abc2857df4faab0bee857f12daf4af251ca0ddc3006f7bbf90af5287b,train
97973a3482c1dd6ecc6f6cea689476bbd58962140a376e7baa155f17c66ef351,train
979f6d6adaabe1c16a2c41e038eefafd39f90a8023f75ae527a7ce895e18fb28,train
97a3bd0044c45b95101816bcaea33752e3722c63e5b739cede8a3c8764fb62ad,train
97a429a14dc029d86aaba3bc5ba53f334e36045f02c5fc27ab01d4fa8b210e99,train
97ab8a216a78f45e329cb6a3b31c263fafba496b892c842e5c8f02a9f86e1b14,train
97aecd98a5a555b19a29d8180c268127f862ff4d3e366e55632cc379ca5f6ddc,train
97b0301c75b9df8c3cb6ac80b5bba661f1aa07973ff1148f644fcdd511c9e866,val
97b47a677a795a50101ba90d671aae86d0a72d00a928ab292376f597fce707f6,train
97b4ddb311342a7589717ebe32cd293e7e6987c0fa6b7d408665dd6228e4fab5,train
97c00353dba92a40e35899813fee3aa53e69671088829ca7f91c336d280ad833,train
97c732fb38c5a2ac8006717ce6c501aad679ec2476738ad0fc91d02d9e2dfb4d,train
97d2969f77f7ec833c1634c03f76d98167fc7f967f2481f0ec08178b8da02644,test
97d410aa190fdaff0a458b7930c3568f0b25cf72a94e81ab513dd2e068529e51,train
97d5ad242f3be4be43fbb4dc99d633a397dfb9d3ebd6ea1624277a9b7af7b4c3,train
97d6955b1529163a31779fbf3f6a94ef16fb6819d8f6b4e6bceab8d4fef73da5,train
97dae7e00784ebb9e53a47927adb08c5bf974735ec0a075d52237f56acab8315,train
97e06d777f2996d1e9fd30d65a0ad8774c14ae12d6f9e736cba9f176946941a9,val
97e68d4be78a969c44f55da8a4e3114fa42339b2105cb54b468a94d2aa5f2552,val
97ecf539046da6a3baee5cb1c50cfb27ccc4214907d806d375c151c832707202,train
97f06025e3d75e4f17b353cd3bd4485ff6afa49c0afea9ae50255237d07b3ff3,train
97f6f7df3cd0b4259be51bd31a7dfce40a96dc65ab843e9d2d40da107a1af3bd,train
97f809448f196978ea469b1e2ed6c4a48095b303a12976f98f108493a6a04ae5,test
980804b1e273f3fe3fb2663ef96ff6bc871c0f823547dbe7697ade3329d2b120,test
980b40f65fbad515682bf81059bf55c78d722aea42af1eba2032049efa113fbc,train
9811d7e17308d0e0cb7b06867ea62532be2fcd8caf6069e325b063e2a3fcd704,train
98179ead5c5d0c760f067ac50d53902360c66db8747deef1069cccc1e1386cf9,train
981ba3010b650ee21b120033d6bcfb085f6372c77ac31ba54dd4c4f8c01de699,train
9820707c48ff6078262e079c11001d6217cf5a2a73c0e630592d241abbace5bc,test
9823f083ac0407d9d5a015a273822e7f37bd95819c67353cec1e28059fe0af43,train
982985fef8c74e9d6f33c53bbd2743ec496f1a8c6d552449a598ff785377544d,val
9838a15470de179bedc1866b6b0b14b6c3bce33c3157adaaf4d0eaab8ad72d18,train
9838b6ee5cefecc8b7c62e9c975738831da242b5f786cbd09aaa0e95f863e9eb,test
983b4b430ad47f07e3f71bc6fea7f0e2a73a864d75677afa2551cd029fb95f52,val
983f53ead9703a6b18862e91227a295404578e0dc2a4d1d20f56da3fba9b58a5,train
98413e9434da96b3c88b1000bc40f7e862ba678c3919d0422511a7a7d38ff561,train
9842e47c45b8935ee578ede3cc1b421c7641de1dd39c3acef23b9dcbbc752b82,train
984c298c98bc304befbb1eef8ffa6684a23c0b8c0ca142e00dd922af9ccf8ec0,train
9853b730a3165b9ae7160b098509a22bd954f831882873ddcae331c94ba4a75b,train
985671ed66bfe289f020cc5165b1b4e3287b27d4991de719630fb986ed899a52,train
985e907ce2e127a26a40109a5644182b73946109001b463f0e1eec8a0cf0579d,train
985f02af5b05ec2744e64471b2da81ba962a2de67b9c2ea4c67636fa9e6c2c0d,train
9867b07e51673eb41a9d7fb5233568f2e87b5936847128925152be7562a3fd1f,train
9874627c8384265c50bcbad172aaa2fadc72701c7fb0ca1f5d544ee282f9c2b3,train
987654cfd4ef19bff7477fe1a22f33cd893fa3a1ccac17d80096e6f811c83aa1,test
987fa4d88cf51a73b551bb417175f686c5b7ad92b8497d338509c83351f79f54,train
988f697153037175ccd44b2350140ed5cc8b1993dfe71c2f8fbcd79f00d8205d,train
9896ad4a008ec3ccaaf2624c6f6eb36f1a94168afc588cc873919d6e9bd8c5f6,train
989f3c4b39b49249934816492cd4719107b7bc2ccc79ad50d7d232743b34a0b8,val
98aa7faaaa88bc5600a7bbcafb9bfa39bf14507d7d5352ae63fec61503dd593c,train
98c533f38b5102b1355451c4c6e864aa1ca6eef29ddb1b78a5ef87efba1074d9,test
98c55e316e2aa887e33c027b3899789f7998ddab11a86ea157a251605566d918,train
98c638c01115df4f425f224219e89c412ac927fc20f79cd2dd5ab82abd853aed,train
98d29402d6b2aca643627515864878e9e0e89423e9265c031c738693ee7c430a,train
98d866221882ce86264518ac722157efece1a909a670eeda97184f39a9a2b879,train
98d9f9897534b7e6d10c7e002c63a62029bde83cda9659f7efbaf7bb5ce78608,test
98de1e579acbb36b29245cba9f3a26598791c1ceceb34849b2ee0da8061333db,test
98e90ce2d1e17c7ea8da8d4c8f4e8a5cee42d3860b78fb76a4985aa4d7938f68,train
98eb186e03ac6a3de7745294cc52d0ae1c4cc1dbfee86b131a584e1caacf3b47,train
98ebfb506cce9e4c66be9d23c51ac67ad09a40492f9a8894f5e1347ac95f5d39,train
98f05e6468fd79da6563beb7cb7e6db895e7b957d41ce2193ad5b98258ba301d,train
98f8396091084d4695acbee4b1892b73635fc9f287e087e0756f1cad461fd2c9,train
98fc1c8088ad29b2b3c51cfbad86cd3d555641e6d0dc7633512d2e91228e66b0,val
98fd35e075b72fdd33b89fdd0dd18189f90841d965923c185287d2709bd59e3a,train
98fe1b740cf1c3e6425b787b8273c41b827da86395ede248ef35de56d30e1ba8,train
9902540c04a9a0a3b8c87c9065a55592a4646b1e55432997d2b17cf55d24e671,train
990f4b9a44b2785671cf13c0d9dfcc1f93da4f7e947b2d3cfab0f43017ee0e98,test
9917e3408bd1eb44e1973b81bb193e9d4a06dc6ddd96d5f8720ce3e8c828e358,train
991b357cd4b1cc41cac30480c2195b6a798841bfeb8a18cb252828c03d609dcb,train
9928010fee5f9087902423882df6cb90708f7c05c53a449f3c939f0fd5b861f5,train
99282cf814ddf55d29b0dd0bde8100801ff9fc343404e2662ce587f0516369cf,train
992a09639701adb59ea6a677d4d9480042cc543744037e9b6ec77362b1daf82e,train
993234667ce6efcba1d3a67311a6c15b15d9b4b7b5feb2aa32841cc8e5e666b6,train
9933578845bb1355cc11b1a0f8d6ad8b2f6ecc8a6895ecfbf262c71917504106,val
99366e923695fbfb624e459e7bd848aac30a20d2a6a0f245880e53f2ae20e27e,train
993a5429782ee2b176f15470997f05d127e0975940a8b642221be39ccf5e16c4,train
994ad4b8561cd4200e152799c4918815fb1e023b231366eb3afb174fe11b06d0,train
994fb1c4a7f48a8070b6a76fc7e595b12ca67286b360f81b6407cb7a4f206a84,test
994fe778f5daa4b3bcd1fede621c50633973bfff853d10f4a4bffe77bb0dc8be,test
99501661a44a570d961a3beb80a919d8a8f09a03780d058fd2fac6786202b9f6,val
9954c99c54dbe6e05cf766c1a642254a0c18cad63b47f69c0b5a018b5b93482b,train
9958d6ce4779512b536dbe66f5972efe5d2da3a0b089ccbaec43252692ddb087,train
995a49270dfce5c0fcdafa3bdf802366385ecdb9e4612e6f3f609934f916a44e,train
9964ea700a176e856f29534cd2a6298944cda295c219ea4d5821d016d14a8cc2,train
996fea6f628088db1254ae5bf3ae11cfc789617627d3bcaa2ec9c8bed15606d1,test
9976b6f03fea177eb58ee67055646f80510c323946636e190462bc10a916df62,train
9978e5fac9daf917a6a68ae5285380ca6f47949652eeccde28df455cb561f221,train
9980fa102084fbe7eda70c32c42216286383aff7f4680eed8a6b699672eab3bc,train
99811718150658af8002d570bbaec683a42e21f06cdebd9184ff5e85e0a66b90,train
998127ab7fe8c8287110b3262fc2b01b67d3f89a8422ea0814cd7ce2c6301198,train
9982ad87b98cf7cd1587461b1a18f0dd74d1f566a075defdb221d528f1a5c4ed,train
998454dfd0a2b9706941f9cbd8153de15f0a80cf205214f1da29848a033247d5,train
9984eac6b928c6aea7778f6004f02e04ac579ca7fab2785c565b3cde021c2d11,train
998f14c952b99513c8dbc5a9273725037af3219fc6cb651469e1ad8ca32852c5,train
9993ba6c4cfe68b88c21225229adc7576d74c82e09cd62517c6678309592c5b3,train
9994103e11453fe9e9b291a25ccebfc52674ad080c0029d4234626d6db3bcacb,train
999d3a0f4928e392ad5207af5831506365b99dae852f7eecffc2cafce46c2dbe,train
999f4c5ddd7d6af53bee68c5d9583c5bbb4d378b3d3be4f6aa2c892d854b5df7,train
99a47f7ab72574b2fedefea47f049dabc45a251e43aa6a2f1794b8704e75dacb,train
99b05811eec50ae7f2d3a7689b70a4bafe9d61f52586101d6e87bfac171d8e2c,train
99b14aacc5c6b32333d4c6ad2b4a33be407fa8d92490eb38f07c551fb613b74c,test
99b3cfde7df34f4963e2d3a943e0d49b6dbe14aae31c75b1549eb403606118ab,train
99b52afa4c3d751d6c76fde0d0a47d952ab3931199c0878dd2b55ab31519653a,train
99b778a987af0279c3d81e7e2490dc79d9ae9efa4e626b49c67d959d3a7ccb75,train
99b8a8dcf642dca6f616e9458ad90480e07602dbd871f349cdf625a782c871df,train
99c32cb6cecaf5e1522b95d782eaaa35618777aa199f6b4b3ed256bf3d48fc16,train
99c46cabfda3d571bf08f8edb5d5792b900c97b3260aeb2a855b8ee8dc36e426,test
99c79803576856cf243b7f8448b9b34109251c52486b09d198e9857a45b2fde7,train
99cac1c4061610e056f2319f66e433c50a497166d7d599feb2530931e0e3d328,train
99cdd8993bb91f7bd94bb056a2d223745d2c669b26376d67b8602d867b540575,test
99cf5b7979a03938a273135691d4de930505521c36f9cc8e68f21e31d92f817f,train
99d4b8375aac51e9e81593de4d0829f07d33d8af3f695c64b53973c528d200b6,train
99df6a9701746f9805eceb130e08470d02e471c310ca2bbd20228b838d871391,test
99e27388d566e1426d4c8a1c6ea2ffef6b17f28208f9a055d9ce9f4228452c61,train
99e32403540d56fc86e7d1b52f275a282b14c843a1f01bf6867f5a2ac2502b44,test
99e93d7410f599c4fb74a25bf370af478e9d5ec2e325516685d7cc452776dd9f,test
99f12a0e44fde0b2c660ede2396c9abef70278dc28174b1269f18240e7828bad,train
99f9c683057cc78b788b89888167023b23edc1814702049f336de17f801953fd,train
99fdb83e1c09390b5eab5b6ec8a1d97dddbcd87a578f1c36035919b929bbf4cb,train
99ffd87609eaefe9ee9dee2d39a6df34656c9c11be10a09356fb9f884b53f168,train
9a0f760606e3fb7afbf13230bf3a3b6b2a1de4a2f6fdb4063593c7cff1f1989f,train
9a114821a407336b3cd755c1fc065cd4f10f0d0952512ab337065be6daace929,train
9a168a628e87dbf6fd6a3ec672f7d8b1f5dcfa49ff402ead036f5cc36abc75ff,test
9a1a6034470b62729e249ac002614c08f01f3d8aefaa09813a95232c0858d2b9,train
9a1e91c45126d2d8869a5e6712d917fe00c6cc187e6af004ad438133b254f7c0,train
9a208b95dd4c0122afe638ceebdecdc68cca73fb113908f3b853be72a3e68092,train
9a29fadf31a2a61310acdb228f86b84bec81e58c9ddf55881d8360079fb34d74,train
9a2ba8c7d8cc98d3363541f0768277d92dccbcf4167ca0ab5d360b854f2c0bea,val
9a3153471fd3d46e694a1f42ec92da7571692d1c1f469b8e79d92e2ffeeede62,train
9a35c13582cdbf5758e8d08a7018736497cec410552a7e8af47c13076fbd3831,train
9a399b0f00f536bd4ea6ef9a6cab88e886b41b837b3ba9e0cc522f4a9f4a7fa3,train
9a3e1cbca683064d0bb9efe05c93e8e86e7800f4e2159b494601aea1cb44ab55,test
9a41d1ef01edcc230797576e3d67a7b1d3ba2d4e407c504c6ce976fe3da3c2b8,train
9a4781936309c0f66919da5dc56100b164a46ff5a7578257006ba4309c4d4850,train
9a47cd6d171a35d79a33996836fe8fd260abe56410b418bb43c1e24a54f1d3d1,test
9a49df4f19f3b0c8e21a359c661f8f77b4fa5b2ffa03d16ef7d9f6c38550d09f,train
9a4df931753f1df26054c73e4728088a634f9154b32264a9ad7781302d9cb154,test
9a53aac02acddb9ef7738771b6777601a201932e68346669ce3cfc9c724d59f7,train
9a5cdc45a426b88baf6a1511947ac014ceed7c320aa582e146ea26e45cedf329,train
9a5d2c38885f8ca5594be59348fab0f01a270d9a0eb52fadac8a312bced54639,test
9a5fc7af5e3af0d5efec5a73b8dd88b040ac1e2f46836cd8a06e982c856d03c5,train
9a6342880fa8ea142dc6856c3e1dbf04aa7232ab0b3ed4a67d5e28ffac34b177,train
9a78227806d13ca5b2bd85f503b6c9e96da982740d78667dcbf6be626e0d5acb,train
9a79fb39fb45e432d8b62be748b961d20a9c845ff6aa29fb5eb2c96b4a541311,test
9a7b3764fe198365cce6f0dc7173bc8271797f00c3a91dac7cb9dfe287420067,test
9a7d27861fe71a128e79911a6d992ae39f46d6443a9359d594bf30a894fd5a5a,train
9a7ed24606fb696d00923d8d5cb1494e2d2e6a28e387cc8aa89cd1fdbabd24b3,train
9a7fe4c89694707a27b4083e47bfee2e4a1bd4ccb707761febbd3591e19a0949,train
9a85f4853850900d3bd0509f8551c9d6a2bf7833bcf7ab130c6205ec6781ad2c,test
9a918f4a2f9129b0ba7ef63d68ed9a9511dd896f6cf1b23f3854a71c87b1d5ec,val
9a9edb84fcb976148c46eeccdbfd3e2fc0bded127f70e232367ae15d5072a7b7,train
9aa01db06991887abf5c707bc312062a994ed562c6025701ee5f9f7393210600,train
9aa8fd2f577551f451f4bea819709e70575142458d197645b23ce16c9d0ef806,train
9aaad61250cc06cc0032183df86f9410612e1281d2f0dc9883e5b61fbcf288de,train
9ab8947117fe0eed2a17582cba579bd008da95bf79562d7a8ceebb1ceaf8c0eb,train
9ab8dafa9a2dc44e151444df1ec743edce7927a7b9f633457a32f2f3851def28,train
9ac823287790c7a3f0583fdc0884f1e3f2df203db8a37e732c9f555d0b7c2093,val
9ad09512881dac57476a4a63a3a47ccfaadc049e95a8faa5ee72274ce7cdf004,train
9ae0ece9350379029adac376640a48f10fdaf51bb4222d438f8360913046abd2,train
9ae52195729ea8ee65a340d5262d83025b2b40ab099e7df64a979626fb5ce98f,val
9ae57e94c2a5bad20befe50629ba58f278dbe7c93df7e37ebb9179132655e7d1,train
9af57852d40dafd8d0706757e879fbaa4954ecef65af1123486dd5fcb6bf7cc8,test
9afa2eb09d37e8ca6d924a6bd7cf152374928c303f6b288cbbf449da5f84d5c8,train
9b0274ac7ebf8194d38443c5fa76491a0d511b7995424f8ed65cf568102f7bf2,train
9b0506b69e03745bf7b3eaa5512b583774ef1510ed606ef55b8338c1255ac458,train
9b08862a09273c688922430794e25cf28903840d605dfd4d78d46818ddae6f8b,train
9b0b4dd775a10d88b3a146c4578a2d44f46b234d0a2312c8723f1b3110710dff,train
9b0b77579158f029fa1a98460be54d08f20108c50f5f3512db436c8383c25098,train
9b19b1c6a721607541980f5bd0773272271c84212b924182102065b326f1ff27,train
9b1ca253a3910599b538e8436acefecae65545d0f8afca1606d8ea513c8e16e3,train
9b25395bf7cf270462815cc1c0484d20506d8df1d8fe4f1afe2f7920802ebe1a,train
9b32eea6f3c774467483dab042fce2c3359a34e6a117c29bc76e12c714a90ab0,train
9b36fc0686431d5dda007cfcd42ae4a123913cb56177b0691aff55bbcdf7f90f,train
9b3f300feebf073ab35f7a97f92538eb24dc5be1e6609f7ba741fee573daf459,train
9b51678da71dd7b05c21111dc88a80fc6012a06f60e5b15af8aa4d8a41e194ed,test
9b519fcbb4c97773d7e16e84ed802e1cab7ddcbaa4ebbcfe3aef1989a6d8202f,train
9b51b1131c2be89f1fa2acaa77302c887b0061a81fd8320f40f122de29ac7c5f,val
9b56bb88051e4eca9cb543042ec3dacfc42bbd725e611bd73546f952b0954e33,train
9b5776bbce2d8162523069a2dee2e58ab7433c7c17bf4a7b0be6c0b642cddf45,train
9b5c60bf2e5409df7d1174eeeb2b6548dc52f37b06416a8828b26c170dde43c9,test
9b5f321117ac30c23eab2156e1bd25e8189018cd5755ad4f41c2d41c1d46c3c4,train
9b63bc61798164e95ca68509127c0cf11f7b7f044aaa7ea8aa8e22bf4f2302c4,train
9b64206dc2395fa6c42e76812bf5c34726611e2894d9d4ab80305bdf93cb05e4,train
9b688be099656221dbaee75ce97d270ebe42c72929c044d98407b5cab137d45d,test
9b7139f8e399dac050a8260a3cdf1d07b47742ced13736eacbc6a7d8c4c8cae7,train
9b7af99faa702f3a5cc712d5f43cca48becb69a14835c6ad950378ef863a6a16,train
9b8aee0888c48aaaef9a69be30025753bd6a94110eb22a08e2638f0f59ff5873,train
9b8bdc9624a745f98f7ddd74870e84c8c2b4de7c1f448a9deedda945f8cc1980,val
9b8e8a3d9fb064d8fc342c3ad28de698b7a14e26de3b62e846043b2bed7a3a39,train
9b90b2f01ab334adf4cfda43c402ec1fcde5651f64686fa98fb210d9ac8e89eb,test
9b9c67ffd2b0a81b003b4f0678a93e55aed4ae6456d5522ffc632100111b5a74,train
9ba37fb093cf234a9af5a64e87ce08d65e2015e3e4c6d01842ca831bbe94e2cf,train
9ba73cec7250efb2e3156d2bc09b65a9b6f5f991eb965c366c083bc8280a7411,val
9babf0b7755c94d2b67617261ce9dec2f766387ab5a4ecb15c57323ab3596dbe,train
9bb0f3a51773ac311987dc4bd945b9f713e7243547610734ff211b5024febd68,train
9bb41c2b5c1756e4062720a4022fa6dc8f4734c4ebd7fb27a96b29033abdb52b,train
9bb97051940b51d82f0ec0e006f9d2bb1e5010cefebabfddb928afe9f263591f,train
9bbaa5dfb7f436bbee884afc97d46a2aa7f801373ec012ae2b538941872c9164,val
9bbb582eede03d69cbce336d392c46d583bc1f9692c4d0e6e5c3ede9896c2c8e,train
9bbc2ad90cea59d248068bb8f3297468e5f6cec17d53bfde77d1eca460ac527e,test
9bbd064f72aa66d1d9536b004b1259a42f642171f7bc092971d4b89c811e2e41,train
9bc0c970d2194b8cb49f76a66b6ef273bb131db1eb1ebc87695ba917726c097f,test
9bc63e8ec90854e769014580c61bcb081689829a07a8086cb682a2475bad285c,train
9bceea28b8dbffaacbe6493a5f34514f9fa7505ab8d8e62feb4a5bef4e857cbc,test
9bd199de447fee1feeddb75bd87d754052af79f428d1845417021de1f455450c,train
9bd6117364eb0783f891951ddf4c0ac60dad5f7f6a7cd2984dc19f91d8713813,train
9bd8d9c126e1a38d49496c1e770e0f71248c2adcc7461b6970cae55263c9dedb,train
9be3d30543732b177151f30f429a9ddffa6c314bb8bc5f83ef42f9090bb33041,test
9be4c4d78a80469d465ef9d4f6b74739e20aa81f4f4a232e6205c0ca523e5641,val
9bf65aa12e4ee4ec53ac54e03efbe60d13757aeb4916246abaf1dbb3b4011e41,train
9bf7d5e355d527fbf6c3b5735dda1dacea573bda516bee3e4fc897714ad76c1a,test
9bf89aeae5bebda87b09505410ba865b2c784c0bfbb592f03621982ca85ee988,test
9bfd5592202143f751f80682444c3f150aa6fa7e80aa5bd62bbedb5d48b1c902,train
9c0d4003ace9e2a119756dfd6919f5d7a205f1fedda41b8b784440d801d15bd6,train
9c0ecf8ec25a8a8bfba1e4b22881fdbbd1b24436944d21f5a42e27ced6ef0074,train
9c10903c27f05203af3d78b75d95ae52c718264861eca64bba7b49b6da64912e,train
9c171b5c4c145fb98b3614ae2dcbcbdb04ee6a26222f8d5e8bb39ed90b548cc8,test
9c1bc0253da26f814d83e84bfb9366fd8b85e10e8adf71413709491152f2d32a,train
9c1e4fd3043913843a68e296eaf043f9d7ef7c997490145d4deff68bc56c8785,train
9c2298a508fd6e74f2221a4e4ada781438d77fba826f55d8f17e563f22a3cc10,train
9c2a262e1bc62eb5a4c764e03c6162ca03669a383e133a15e92761e7b059c7dc,train
9c2d786f97c1ad81cb2b6bd96ca62bfc15dd5423802668aa001c9c57a20615be,test
9c2e04f03a5d9f4488bbb0b54686d9c6f5657edb914c481479abbe078cfd879e,val
9c2fda19d7088e397a9433a0766accac32d766c4818dcb260cd74ab29e74c665,train
9c3589c06706963d09bff48bb0ef71f4ce88c15ad7f98a6cecabca5c6810c1ca,train
9c38685e5c0b80ad995318d3b0df21205d288b5648c347f9036c91075a5571b9,test
9c3dfcae7d3c08ccba8afeaedad01b78fe40f0f77674feec581490cb6b5d643b,train
9c42ea5d14e1aad1a00621f7e24b39faf29351c3fe36381b7b0e914790e514af,test
9c4bf171e1d8d22962b99694dd7bbe4270b91bd038e4efce4ca247d4d89df69b,test
9c51a33d4729d5ad89e388d4ed5197b6531e6a7d6c421f6d93daded78d066b86,train
9c55d95a839483bbc035936d82a33245f8c5fcafc25ede4e9f26f1fe2f52c6a4,train
9c63e9e18e262d53d64955fe59d028a8f7d8ad34a2ab3bcbe7427bd066d41aa9,test
9c6a48eb543fad7aad5865244ce22568c1893bed50e66b6d43cfead65ac219a1,val
9c6ba47b0a93c6474bec1cfd2ca172b86803281e80df1a6afb27cb76aba9a713,train
9c795616d80baa21a4a12d3165de2da92eddbecaba2ff1b4df86b6a11348fc26,test
9c801eb857cf06810a7aeb0a91b1112bb67b487fd3d4b4b5d3d325d7994c6d16,val
9c84d98c8f8d95711e7a3d1b2d8818208b7b46609652e7439812d80d52ab3198,train
9c9f8349b71d29480d5a11bd96bde7632ae2638307b085824beea03217349443,train
9ca3731f5a070ce5272fe322448a03b6bb2a9dcb60d1aaec31261a28a78e727b,train
9ca753fdd12802ec7352df6e6a823d7122260147ceb6962383d1d97be8cf3f91,val
9cb1313ffa8025914431825cbcf506b012e44076d225e27e5b86129d5decd3af,train
9cbcde2ded99f05ebc9b35652a52f86596d58fb347777134ebc6ceafe7604082,train
9cbdffd018d118c4c2c2b95dbbc55988c0ae8f34236087bc485108377b300b91,train
9cc18ebc54d49bb2efa57b3aea3ec4a1adc8666dbfaa9ab730f0cdf0b2a47607,test
9cc90f836575a6e1eb16909eb539c57f629c0fcfa57a4ac93c1df61e7e015fcf,train
9cc9de5ccf0822ce3f9c790fc3ac2551158a5706943026accf561a2846c8eddf,train
9ccaf27d8497d19f2259908fb2debee0fdd3960d40820c7671ced60dbc876e20,val
9cd1dd14910747e55f2d00710caca6a3eca8cd02a42bf4708e474ecfd6702647,train
9cdc2519ec0fab8baaf70342efcc45134ccc5bdcda5cf472bd11e6b72feb0912,test
9ce2b4e7a04a2a61bf1125e1554e8123bb8139f503660086ac02669db57a2a68,train
9ce6d2e758d82609ac3e0eebbed5029646c2f798c4810bcdaaf3e83ffbc4ac04,test
9cea8b417fc8676ed1efe57bbfd3baf13b4b89521395f373b329581ed220097d,train
9ced1c3d1a6e1c6e546bf228a89db9109694fb6d2cd63b32c484c4b70b7a471f,train
9cf1ef6660391416576365a8c5d22cf745db4ff701b1eff5bdeadfdae97db6a0,test
9d01fa6cc6d7303b8aa22210d2428a3cd40fffc837e8af057fefb9c4d6ab58d5,val
9d03d6a2ed8a753cb6392ccb733b8c42b0c46353423e4031d8f0437446a8b2d1,val
9d08f1a3b52d1e62a0c1aa0012e7cf1ba62230d36caff0a7dc23ae6958e46976,train
9d0b02842d186ebc4d2962fc316453d5dd70f09f53d2fa92d44e670c2737a5e8,train
9d0c0962aad96be4f9dfd27cbdc3a5465bfd8aa7556d1fe8910651a011bb00fa,test
9d0ca19f115ffec4452d7be51068cf74dd277c3f6e425b335cd21f8dcb4467c5,test
9d0d2c0d2ab967d94e3c63f15bc98d1bb9e3a49bf7f295fbc8897c52c23797a4,train
9d1250d529229643a7b1e304557dc67cf799675ead5e9dfa8263bad0363c4292,val
9d12cf00dbea8a8d88ddd8baeb8959eff2dd091b62308f8a7c2e580605416e61,test
9d1a097886be7e65f9f22dee206a5cd5887f2d30d9184e4e3d3d47da25c66882,val
9d214fd76dd83861630519f84b7640edbf35da06568f71950ebb18dc4685ca62,test
9d236b9c029d7cfcaf7d38db55734f7c094c0b874ebc78aab630f56447116f6c,test
9d254d8fbf3d6bd92ddeeba70f1a86f7f88fdf416c155889c2d1f3262bac559d,test
9d2bfd02e3d0d443f46c887bfa00140f60d07fecafc62fedd312909700d01076,train
9d2c708dfaf1dbc7ead3741307b07d8a9f0db2683d21a93ecd7689acfed03221,train
9d2f2406b324f11bdd57e025668e76108f2e749c122fb73b9b62c85c7f132f52,test
9d3d8145a563b22ef9e4cfe2e46aa9705542419078b0f6cf39e11549409908f3,train
9d4de1cbb855e175901968c9c42f072eaaf227c9076f4161a7148de0f15cb105,test
9d57221888da762c888b6f9f365367e477f441142c3a1d7e19692486315916ac,test
9d58329341c3ddc6cd4820f59e1a53b8c5eca7cb3d551ee505eb39c6b464bca4,train
9d63501a851d120fd8b2f6501ae8a8c41c5a214a239fdca7e96aba50d4a7d481,train
9d64e37b799859801f426fb62b05b1db686cc20ad059527c6bb0246ad7fd36f4,train
9d66f0ba41e989f0badff5b767dba68e16d7166f981eb1068de5721b1e46879b,test
9d69cb9411cdf6042d0763d92ef43eb4534ce264960681c0fefedad79f85dcb4,train
9d75a6380436ff0728bda28ff197600342107dab673a01149b6a8a55deb2b54a,train
9d76500e16cbe2c30dbe8865436e0cb1e76d039c49e86e5da0096758c4cd9187,val
9d7ec07b51ea8033ceb599a86845df1b138f9086cd20c8eb4d0e23a89fc6381a,train
9d8350d71af30723fabaff81b5e6ae44e38211b0b46ef3481969c56396e0c9e5,train
9d8b8d3fc8e89a49b9bb7da38b5e9a58109a666089e025c7864a17d9df7fd9ff,train
9d93fa3a785555112c5b67563c1bb98aab421612471e75c9faf1acdbd9018e10,val
9d96a7aaded6a36d3a9dab2d91020ad46c8669eec50f646104dbc9b67253e4ee,train
9da48f9a2a9072ed0ff8383bd07c1113b821fc82f00e9bb096710abf4e0638ab,train
9da5b1c0b0550c11eb7a01341c5da4a0b80e06c5e2570068b564a31c0350054b,train
9dadec7d58368245f2aa2afe80137b0a9ab3f1f4129ba62f4aeda3e3d9b29b77,train
9dca79333031b664ea391e3502891f11d709e4a07acac1224d16339c75a59949,train
9dceb54babf498c470d76e0fa9bddeb42050b2eb6fe97be9c3d7d932ee4f7563,train
9ddbdee53fd436e11c1266782a0e40da9a940b6c284e6da859d6b17d42e00b24,test
9dddd924b2fe2f18ad930dbb69a7f2c146a4ca37f7bcf193a1b01d41ee9b4993,val
9dde3693e9fe4a96fcad9f679d7a18b3563bb07aa8982cc6f914cc090ef9078f,test
9de79e37f000fb3f1257bc05d89b8649ff9fae242b7f64da383854872d89ff7c,train
9def726e68d38e20b89604eb4bfd73660988dc5619f276c69bfecfb57a81ffc1,train
9dfb5ef6208e9d7619d7371e3672e1c9731437d16a9b02027dbd33f70cd55535,train
9dfda98435f94ed5e069a93fc67338fa0342242f4133d56ad4a33e9ce6229d79,test
9e155b16d784e3514e4c3932f7b0b00781ca718bef4957a55800de83cf1f0fdb,test
9e1a8a66992189d2805ac9f9b6c0f9a141014b83ec63b329e7763028d746270f,train
9e22d1eea36d7d2e26e6d6a5c279110ab26b61c7b3f93b936bfd5f694275e9f6,val
9e300e0f31dcf91fe9ad67a81fa45c164ba5d9038fa0b1a572b50cc950aac89c,test
9e34889665f81ca0baab250e564fb845b7dcfcb909a187dad3c356c805e07689,val
9e3fda87ab82b9741ad6cb14cf9c24ecf675b2df91a3b5e7a8f59e340916b0e5,train
9e4bb8f459bcfab8ee4585049846f0ddec05eb57fcb10492e19a320dcc274e9b,train
9e4ce36d2fef548cb26ba57a979d18ddc1222809297c32febec20837da91047f,val
9e4e3cc48e11cd7d870ed818bed175960dba9795836a5218acaf1e78029f4367,train
9e5bad357485d044a5bf0af43c9a2d4356ddc9aacc92eee33925bb3aa781a951,train
9e6b5abf514c409988692535492cdfddf479fffc43ad5d5fb55b1fe43f85214e,train
9e784498b65cbb237a565aded24fdda0ea270d98fbfc04c0f9af85de269409bb,test
9e8a87f88857b07f558a8c2d8466cf2fdf0e0af8637ecfbdf691a351f638ff3e,train
9e95c96091a524142491bbee914768f9431bb74e0203d765955f2141ef0b84df,test
9e9ad9bbb90cdfeb81dd339a26d2d6872d525e24bcbeff1d316183ca714bf6ee,train
9e9be5e43732a4e86827be6132e771a3b991679cc36e7238d0adc0297d8aaf5a,train
9ea40020c95108cb4848a0c9cb51f19dc7a469eefbd3564e0eebac6fde685ad0,train
9ea4e97518a458e931b29fd92d5b3b095970b7d11274b19446464ebc00a17dc1,train
9eaa1388d178777a3d3fa9be0306d777bd06f92b1e497a49a876928adddae561,test
9eac19ed02ef939a8c6a8d1dc01a9a2365facb6389d0001728a52aaa7988a792,train
9eaeb76a6189fa4b520869d420616c66cc2f5464acfe9f42ccbe1ff1dfc82dfa,val
9eb1ca2105a8e9586e7d7264a02c90fbea04707db7997a40a811f4898c863128,train
9eb3b0f1e7fde7aced5ee87960ed55eec2efd10ccfd5b0263e6936160c254c30,train
9ebb4767e7bb9804c88cd6c01c0c3a0f3f6d5fb578b6a9d0724bccd0bf42a0c5,train
9ec3c4457bd05e35df47f1ec37dd4c968d037f642238ae0892c6fca4e2665f05,train
9ecfee3d4f347ed0101d17054578689b55e6795c9b8690a5171eda1431e74957,train
9ed24d6b35ad20b103b7da699bd6f91ecc46c4e05ca47d214181d33ec2addd9e,train
9ed43c060d5d17ab1ee4064d09fe88de135172c8bd2452eba1ee8c8855ebf758,train
9ed6e2edfa1b471fa84c0d3df60741608a5fb83215fdee3013b8d8e4717447b0,train
9ed74079a01fb875f20a3aeeca5da12f88c1e0f2c468978aa6a5253c1f9d0ef0,train
9edc87d67990f5db3aa504bd3dd8ba52232f203269ba5eb19f18fc851391087c,train
9ede63e17cfafd56da455e68a834361f1dc8709ad19ca412cdc56409e83b6b85,test
9ee1159810a9c8cd48b5047759406a86235789dd0b2e63a7cf39a85b8e2287f0,train
9ee17fb565667851d9a6a87e4319f55a817f1199b08b0c676ef1b8d93444e3a8,train
9ee1e30f6864da89e1f4ab36e71b80b597809f27b47ee74aaa62ab6c37c158af,train
9ef2b03afc85ad8e168cd3106468201c88077ab0a4dfc7fbf39f17c250c8853a,train
9ef6676d65c5edd5c54a0919b6b6100c17598ac3a17878f9ea06056a262d4a3a,train
9efadf363a88f76995536447d550f7041b9b513bff13f9600fd03fa20e75f74e,train
9eff7095421f9a3a189e89a98b89ffde365284e6cbaa843794518258e035203d,train
9f005520c2190a95d38c37c21d35fc9a6c40d96f1eb6add76b70e6cab59c604c,test
9f02a6483d3efc09a3392338acad724297aa3e6103330856a6b92d1c4ef0a542,train
9f05a32f0a74aea9467f04d81cf98b418d610bf6636d9d46f13921dd11d7ce8c,train
9f0b014ec48e440fc9d0ea4ec86818048b43f17473d77c2703c89285be0b7b4b,test
9f152a825d6e2d695c4abc060ed1bb5d948319c54a586c35192fc6a4aa15b3cc,train
9f16528d44eef17c66a295b49b57ad5d4b82d6e50e54c9158099095472cf6667,train
9f171e968698c35b76a943d04b0124c7269d4875d6f01c5490874c7d56193395,test
9f181c946ed7e246cc8232434cc9546d945002ef35a3f5052c52dd8e7a716e41,train
9f2af975a9f6d434c8baef625230c3f0eeb106e717d7d670aa75ecb72b69fa24,train
9f2eee32423fcd0b102803c60e6ac9a7786a51b5fe03b713c562e2400bd9ecdf,train
9f2fda3583b2d81a56813928f517e37d10504ed05607324a1fc663eda8f12557,test
9f30b3807d28276f2412406c05d58f89f2d21d0ea37eee948d85ea36ce39ff0e,train
9f46ba6604e2f23baf2e3300c75caa13144b4aa26eb47697cf83c397ee72d9b4,test
9f5618d1c927d144417752f073c4ac1f64e836fa1f63baafd185b8330d402662,test
9f59c825f1b0dab7309a3025c06737d293bef7fee72e1c425e77c094a9477b5e,test
9f641793ba4f68818438df1929e31c428d83e995386cfee7d494f96cd038ddf4,train
9f69d0e678c0d7fa534f21a9b8bc459cfe048b52c3c7662d749d46c011b2e67b,test
9f69d7acb94ac9c50a6ae00843a7464caf7c318e3bba4dad80e7cbc2d06afe5b,train
9f752f52ec6698b5f94367f5cad5af918954327a01ada97fafdbb652cd97313d,train
9f774a349cdedfd3efa4efcc0b542202d8628236feb7fd52bfa5b86c60020522,train
9f8557cb90e1d57c9ca7ea95624468950e79885498d639bb15691a42ca7d657a,test
9f86b7c4327330d92d9c7d0682473856159cf6b89c150c38b20869332989b179,train
9f90abeccc8678dc37f325578d7728f81284e7c059f800c1e32a15e151244c08,val
9f90cf2fdb4a16b818648fbe629872be8e7ac442777e0a29c0647d837b573e1b,train
9f9512fc29e209142eb0eae49d40d0c7c94c47b143a1312c8d79fede9ba64ccd,train
9fa678229c9e2b7173d2038d19edbef51c218199835cdb57ace7d07fb46d19d3,train
9faf65723f161ad55f1d6a7bfe5b1d117d7d7033fec62d89c711e701c3bf363f,train
9fb9a5d88b1d1ded29af11582c949e9307cb9cd5029cb01bf2ff695b6e12bda9,test
9fba06b0b1043d637d8c32079737dfab98c35bc3f54eff6f5097bbaf214b3575,test
9fbc7744087d0d0ac1f9cf6a8b288ea14ab0b7e82d1f4616fb18e601c3502a4d,train
9fc0727047f64f8a7f7e43d8f1bd9821912e10400a18ef2c008e0657a8b4d82e,train
9fc15de5d063482f1281057a9a6f2f324a6c689100e605489d9f21caed795121,train
9fc836920cd2c7e7eaad36e64b29d45ca3d33dac246899fa2746aa5feb85d941,train
9fd08c5292b6ba427a95f8cfc37f55b613a0e8b2b6f9610150dd45dea4b78db0,train
9fd2979f55120418787d89ebea649283fc0808be6d51ff45fc23fbeb39a9e4ed,train
9fd3d7dcc969e9fa9402619dbf8bbb44018c41c16a046335ca5e11c98054f528,train
9fd557099b021db49362ad8c3ebf281c6ff7a8effd1e2a38a39b1d98d6655af6,train
9fd61d460da951c7d30818e11d63d0c9c2b891d82ab1784bf639793348bf3924,train
9fd673ea0ede2d99325af40804092249aa7d4d0720add776b9c435f4072ec80c,train
9fde1d2fff3590ca2cde6c2aec58dd5fd370c4fa0200c530fa2fd42371593a70,test
9fe7120b144567a4e85ee58ed0faa56d452bfc45344b8fbb9dd01390c92d96b2,train
9ff88e490750ae4e5d5bc108b79c73fd44b13ee0177499ae8243d5b3cb9ceaef,train
a00193cc64954d8b91508df5fb9678d9984bdd3a261dbdf5a26832edeec431ac,train
a003b8d6813a5393d01f6a60f715794b2c9dd3710292a974edd7f7fb0e62bccd,train
a007369fbec4e47c7e9012121783ca95cb034322bf9e19a6d47a73e733abf550,train
a0081d9397ba9f2d8c20589cf36079ee9f32db83b8698b2f9f9765f3ee06117d,train
a017074618d539481df3715e9435fcabe08736fb7aea03e51bf06cd484d65bd7,test
a01987377dd11aa13026d73430881c4dc87856fc04753b6c066a10a0ddaf3799,train
a01b4524925629af3f2b4ecc3883a0bc1c61801cf82a0d8d1eee981c8e542478,train
a02208651966fe7fc275586ab9a3c00dfade40b3add41a066ca5433319603b49,train
a03a352cd8d0227d99409f33a88144d5e1e52e86f91dc741681b1653472f94e8,train
a03dec9ee2bd6021a46b693cfed8c769f97df46dd0d3dc3ba228b5e6363b8367,val
a04256a4254518433da9590bdc348ccf51c55b8f1396767d101af57871a7af29,train
a044c0688dc5ad6fb82b23017282d660a6b74d0cbfe13698e3c6299c55ebccf3,train
a04a22ae06029b53bf1b87d147427873f8285fef433ca060e37c53f3ee73bb40,test
a04d9ef797581c0a22482ca870bb436edf9dee5a82c84bfbd8669cd75f53ebfe,train
a05f3eb80229213bc6a10362f39fcf748718556761beb0bb55247fa140c7adf7,train
a066e5035b96629d1ef9f9f7d6a7d84a194f5526c20e8d2439354133fa1016e1,train
a069c34c962a565344f0cde66595c82a8ac752fe6db0983bcd8d269d29c234c8,train
a06c43aed1d5be96e139f035e6720c75c8dd31d20ac0cc7a25d38803f4ac2c9e,train
a0769ade577c8d2fdf44f0b4a57ad3f03cd8048f4477e7702370a15c09f2c1e8,val
a0811ca39db6ed0112ed18a94dfcfd15893dc5487ec8bf0c83c7b57d3dda2f13,train
a0836dff94ffced68bd27a22101466258ee0dab7ffdc02eb1e968eecae2dd9d5,train
a08806df45a154a1d6af507b2953b499244a82618152a07cac631f6075427253,val
a08ab39c4e406a92344dff2a4c2c0214e25140af4c663a3b4e1304ab2c953100,test
a093667a5e0fe8cb8a58d93b06523366b4d378ca448704e202718ec91d907024,train
a0a5523700e2ee7f9e87d0e42dbd41fa346d94e73e793213ff4697f3c7ee1f8c,train
a0a8834489eab3d36259de8014603067fd5e6cab09a7941495d90c89911a0339,train
a0b08928440a909f84d3d4c5ac5c6ee25c5584e59d55828609beec0551656887,train
a0b7b9746dde00760c9eb8ab34bb402b53098bedb168c40644a92cee5cc9ba3f,train
a0ba7b81b719c71b12b06782f9f7eecf2813071be243f4b73a3f965c56215545,train
a0c0b04485fd7e23a042d03fcccbd3c5bb3f398fee96e4f3d0864aaa82eed19d,train
a0c39b17bfbd71c381ba73814242cf64696f9ac0b4d073cf812d74275d1d76dd,train
a0c583971f9c29d2ba31d8785411ad99d9f3a0e25b1ca34cb8007098827e491d,test
a0c5e5b7018d070ea9f3a8337ac42a9c2570b7a5e33635c37d9e567519fd5140,test
a0c773c0444f8b62ba0a8d75c480a7a8370bfd73e8afca0e31e6385042108da4,test
a0ce87ca6875b22945b2f0858f694bb662f58326e821cf4f6985e3571897f318,train
a0d841079abacd92a2d361bdb5401355061d517128d82572214b0bcb568cb420,train
a0de9f1dc2bb6516cfc4a9515bc3657a0e03981c295ef8f8d18bbc301908aaef,train
a0dec763265e9e957769dc477406266175a4e8993bba29184f16e0012783cdab,train
a0e6dc0459c6c920e7656ec7b209d368e1a9fbccb0bc79c230ca39f527e54cff,train
a0e739c64ea05f29a85c4974051f014e9eb45c23fe53901a08ef2ddcc6b55584,train
a0f02fcffebd7bf2773f2c23144fcb0a384f7a2b2b19d8d3b671544af2569307,train
a0f438b8e867f4c4a470aa0519f8220bb678b4cca9b1161944f4436a5958cccb,train
a0f87412f28119cbcdb3ee07106979392fd5e1b5194e3fd2508ccbf8c7e0c59a,test
a0fd0c082b0201b1546863b083044513faf4f2f559db38275a33bab80efd45f3,train
a1015c2920186d89d5ef9b2e729e8baabafb7f69ef3c17b66f22ca79e34ffa7f,val
a103f99deeeed33d9dd509d79695c3d87621b75fb4d6da1131cccf3007dae62a,train
a10e2598624d0c8583ebf368d64abda3766604cfa239365e3e6c51996086cb4f,train
a10f07cc0f3910a55dfa5e117d017cdf6e1299ef428a7a295a5e7f6f367acaf3,train
a1122713999a8d2fcf5bc7ead627bd0cd43b8a6f126c439a317524577ef9a1a9,val
a1177c442539d8bf6a3aa37e1aec1bc64ae8b6d8eba2f326f567a666eb3ed07c,train
a11b2191d7857b66e07042e9c33a81b7df0bef4718ca6c0c8a2d985d1f9a1802,train
a127ea2243a54d84cc9e6409b2923acb676fc288627d9a442bab57889c04a2ea,train
a12801b65ebff5ecf682481c2e1a1d5cc86aad5ffbd713d1696bbc38832b9b6a,train
a13a604ce688ee80719c7819db6bf2c910d0aa28f139e7763b056129464a6814,test
a13ef3d2b520c93abdc463bc44f5ef728a4f04390d5522e0c179f536ccd4f92b,train
a1486946aeddc8a599b7d9934d2e2dc2fbe2d1463bf214220c4a9c649782f859,val
a14c1c2e6113bfc8aa5c9adf6fd59616b72a8bba769c41189083f7137b687816,train
a14c2cf41fd789b0654f882eb4d0cebe327caf61a20750b2a13d58eaa0886ec2,val
a15191199610760d8ec4a03b4d9bf9e36e81dc0f5791baf38bd62abb03e83b06,test
a15c07029ff71d447e1344fb9eee3426927d5a276cbc02d72b6b21bf690300d4,test
a15dcc5bba5673e2467a904f3ad0e793d70f20975bc952e38c0e7de027384138,train
a15df5f43a20ed169745d30a79f9c4529bc497bbc2383befa9e75ac089cd78c9,val
a15fe84d26280c4bc2dbe28bf3bf0822dab9d202b4bab44f169c5406b6248938,train
a170a596163f426aab8f1addd91b45ca99b8e7cc9408ecfdf20589bcdeb6d334,train
a171d913df1cc16d6baee875607fe4fbfd9d5f79b2927337dde0873abd62c394,train
a17371a7d3587018d7345023e56f8eda7a716a0e8850b2ec029e63b826fa7de4,train
a178805d7abcaa8044ad5aeb20ae93841f8272aeef82621ceeb76f85d7aaa1f4,train
a182ecb68c621b23936f1cfa38e300682cce73b1cdfdb3402e1d381305adeb78,test
a1836901e568ded132d492c663aa7146b6222b46f0f40ce6da1bffecce7f93ae,train
a190c39d616956701f6ab31c8f0650df361b8a066da6020aed7b7fb843b18a8f,train
a19720a41f93fc71c16a4905adb7936a046520699785b2e0888ead4f615d8c96,train
a19b64a89419c41f2d2d37c3972fe2adec0f3802a790c4d9d7ddab925b620145,train
a1a51cf9a686088219f06fefc08a25b31e27eb81d8744eda3f87b434269369e6,train
a1a6ec72001196239257754083751fd200fcca8ef710a31b9030d042f0472637,train
a1aa051584c2e78a881ba58a5e731ed0e4e1aa8581c1a18351de973e0ca4a67d,train
a1b4fa2f167d69479866d40f3432355fdf26b0f32bf19407d946ec0f15450ae2,train
a1b8112962dd917b926f8060137d2764d6cc7c10f64a48fc401c0eeb03341193,train
a1bab6beda5e4039735a7e19de59625ed090e8b540e95727b9c380bdcd0d8509,train
a1bdbd6a18d4e336e2246b842091e4748bc6c78b0e820abc4a59c57c72b87c1a,train
a1be1710aeadd7cd45487ddf5b1065197401d48fd947181905148bb6e8410d01,train
a1c5e33c35554e9d2cf50d35e67d14b67873e199806f43ed639b16e74fddd6b7,train
a1c8b960b5f8ba796f0f419e86c37fb026ea80623f9c99f2ea0d9e37bcec9cb4,test
a1c9ab6b67e5acea73c2b6be4245a5ddcae4f8d607d8bfb7c66a913bd105154b,train
a1c9bb38c5e5c2aee282caf7ab2e0dd0cff1a7246214bb8c44c72eed7fbf5b0b,train
a1d15fa9ae662f6c48aedd9891602de3d6b6a25f07d8e2ce3564ca6a77aa0544,val
a1d2eb14ab231ab954070ad8887746d6bc066ff013b6f38df96057d6ac020c95,train
a1d48a5a37f4b29e4e2d7d97387675557a936cafba8b771b10a1675b263d9829,train
a1de6a726e8c6a9317ebf0ce89bee42feec2fab9f977e1de4368666e403fa517,val
a1e090808b077cbcddf6aa4815a4671095a9d0dbf55a5ae47047406f139f48ca,train
a1e1ea853364f732e8a249ea38d16fb1c49a9dad25fdca17a799dd7d1024e53a,test
a1e6a18db86c41ac2fec3e3bec398a36069d707e42948cd3150049f58dbdd4da,train
a1e6d78489d95c3cd2cb312e4676b9e1858cbbb7ae89ee811e1c578e158c6028,train
a1ed41eaf17a7c4611feda9535d9a2c0b4f9658f5d370f341d2a293ad985eed1,train
a1ee4b8d5e8b42b165a972a9c3b7a2c7a2a69dd8da6dc8e316074f3ae34397d0,train
a1eea5c2fade02ef44ced2c0c4754b9f745d74377bca83108dc06f4c3c637e77,train
a1f535e206e60dae29311d778a18b5f12cd1df65da8f4752c222f88b09c10baa,test
a1f8aa8a241e84001b6a2dcc4fc34fa96740658a8e665896c121111bad148d8e,train
a1fa4fb49fd4e0b440a8537bd35fb0cdd36ef3d5718e3cd86f9bbc4afb200637,train
a208f5c5c89338c5c3d9c5591390210607bf554c0ae1facedb80db9ca0ddd304,train
a21357d7a1f631cd4c0542a675c62e4c85b2dbe6588e2649f882ec92ee9834ce,train
a21365128b82de4fa61698ccfaba2f17761bb82e7859280b3cef6192d5cd6a22,train
a21474b5f84c4203c5141cc0814758f58f1c6953a77035ca0c4802e93a5d05e0,train
a21af83e67d90d59e095a41b398c16591d55b654ce90ac28623782ae010722df,train
a227f096a2b77fc1caaac14c2a0b7283422ac8dba27798138ef9ce25118f62aa,test
a22fb6f12e998230aa3213b18d850773d6433480e6eeb1be5126c063f32fd63f,test
a23009ab83bab34f6f7abea2edb7902b9fc90df2ba78e233315bf52feef3cda9,train
a23084a21a6bbd037ee9e4890c29e6997b50196ae6621dc3c0a74eea64edbef3,val
a230dcd744717b7a5bc84bc95973542d3ce8f07dd74b9c549d1be3463e6d2ca8,train
a235c5b0ffa7cffd4f18150cfed5f44e60de4ef166135cce72bae3281fa1f6a4,test
a23b179ab947c31e92c4768fe7edbc16e2500a9721e0f61a69ddeab2547efa3f,train
a23c80d7d93b474299f0970612a3dea39e9ab388351561f653b41312504dd723,val
a24262e8429b09a5829d2b54b887113ef9cf9f4484774f5805dd48c160421d6b,train
a2457c8d7b020140ddd518a7927af36a46669fa5a09d3bd306572bab72d79736,train
a2458f52713ca39139691f071bd74ea6d91b7c7eda34b1e8b336dbbd26f54c40,test
a24842ada566430b6b592320e0b5a9aaceab635383bef81c0448a1db5b8f9b84,train
a24a912449bf548390a6935388c64599d2a3ccc5aa0eee55f3e48ff663837100,train
a24eed16658396a93c0193fcd17d7532c4273f4b30e03b0edcd7bf169a9b3285,train
a25182ac816c83c87447e116541083529e4eb2784351b99aa963765ecd3e8000,train
a252bacc28468f839b9022d4e0dc853eb0e428ccc4e49fd4fb4ac21afc9e1300,train
a25686a13da9d75e2d1a7910918a2e8e58bfb6da393edf265022b512ce779521,train
a264dab61ee3b14d337e00a6511268f7ad08519848013ea95ed2d6ac88617aee,train
a26b6a2f025aa0f85b6ffdf1d7cbcc0b2dcf711266263dffc71f0375297d02d3,train
a26c1179d1195673d592953315e9027934ab9aee395b1176dfa6e223a2e9fcff,train
a26cb6c338d08467c9e2d756927527193891df2a6947ade31c17bed93127a38b,train
a27149b2e3ecb7bd6ea872f395dbea3a288437f5d698d076c995194716401a97,train
a2736e35b3405c370131973391ae11244bf95bf9a1cafecbe3c08b926c4b0c89,train
a27c18c6b79e1d2119d4beb42fb6f014ad6d4a91c84c036f9851bcd450d2354b,train
a27c1f79a058ee173375c8131de7b0634c9d626ea1550f68ce6dcfeee016b9ef,train
a27cf8a574a02a00a5ef26aaa07c9757fffdfa41711ce9e707a727c8f8ad90ae,train
a28313947ced95d02072e850997a88da64aac487df1e270950255a286ce29bb0,test
a2848f12a33c97a3b6d41ac5a9ed445b318f7df2d8988db93a2b70c02edb1338,test
a285eb4fe66fba690c09b2fc27da7d71e5b930744444381843b796930d016aad,train
a287228da6c421dbc8d857a0c7ead3dd0d205dda9b8fcea20e879f54c1484ef6,train
a28e59f1f14044c2a1838ef9db4dd7397926a5f220428c562559ca8348180a38,train
a28f1284219aee01ca6137e7734d49875db669c2ef48c150690e01856ad4ffe1,train
a28f16b24b1c60a4b382a77f5625a4dcf78c5ed1e3641fef432d693937800ee6,test
a2913a8c4d4620c20d6162854342c770616083dae93dd45b8f22003a6d112ae2,val
a29945995895daea3201b598601cd7cbcef3737d352de06ff9b509ad77ea8711,train
a29ea92a647713b09afec9f28c2a88fefd3f3ab68f292fca6b088efe133e82f7,train
a2a221ff9010a35e155a67618941a7ddb67c9f4c7093dadbf2e1aaca7710cb10,train
a2a32217e8b19476fc06cf05242b218cb27bbf12f71e3b5e7fcd6fd9e00e08f4,train
a2a46dfeb672454c891a27dc9ffde57e8daf233015b8de1f88beb09fa80282bd,train
a2aeb03abcd86b670dbc352a28a86d0a056476f6bc9cccff24e48872f05c949e,train
a2b07aac5f56e1f752ba33bb2e04f533b594142586caf89b58b17fa8ca4c4872,train
a2b78512d1bc74efab4e3e2f2313d37430e1f3557ed7b09eb17274ca2061ae5f,train
a2b7b9f238953469e48590782622f9f1a3b57787103629e22a8c20f707aaedc0,train
a2ba171ad40a57c02b5cba20b04fd4354a322cdc228a30e163976d46d0f54380,train
a2bc8870e4e0a1ed70ef3fe43971920a86d793a9c756fd4e3c2e41948946b125,train
a2bd00f557692b240370c386524ca7df2442b5982af3cb1a998dbca288188167,train
a2c9cd1182af3e380e4449b1761493363f0e7492f53da1ef67d1350e3c7b85dc,test
a2d49a17def47fe8fa313cb808f8cac6e0369d053d3dc21098369e0db95c2fd4,test
a2d7b953f36ce55f2b0ed24c5ade165ad04b6b8495d414c62e58e6964b945bff,train
a2dcfe03f0bc007a8afccb5cf9ae3adbc1bab5b08561d225c38b7133c3759784,train
a2e34a8858c94e77cec47225330383ae48485f7c1966463a7151952ec6665e9f,train
a2e36d93453866f7485081119355c3d2ef908673f14db9d9c1c7d61066bd95e0,test
a2ed41f23bf0cb76d337eee739d74afc0d617bdfa8cb15351d1bb457ebe3f406,train
a2eed5d4fe292b75c9c6af1b07e9581a93ba391578ee26196105af8fbdf21ebc,train
a2f4f87684df083e1130bfe2b0f644a553726e7d13f0e904ed6b0f73a3d5d4f1,train
a2f559f23b79b83292f7c68ea219e77291cf394f4a4613babbde74e65fee7fa8,train
a2f56507ed9964c1605b8e085a95548ca0470463f94ce6dd003342ca935dc607,test
a2f73b2cc647e80fb0612f662f67b52f0540c385842296109e323a24e541f493,train
a2fa1eca327019938a5f9b4c6f3971f0fb392e840bd50707f34607411e3e05ce,test
a2fba8ff1c7ee9397ccf9001058b92c5c84f37b9fa09010d057d0f2b12b4ffee,train
a2fbd17c3d936ba28f47d681b5c83ec51c07dc1ed73d2e6a14ed8c091d6b431d,test
a2fc3c0d84298989ed99d589be815f4b1644a3f3b643801ac852c0471784f21e,train
a305df2412f7d4905a8d7ad9caec6b8f6856254d032700d100b6a80873384c5c,train
a306783e3d11d269ba84cb506fe3505c022299f6374f388cb2e31acc06789462,train
a30bedcc2814c352eb2f2ea465a3c125aba7fcf189d3ce56e8ff71ded7d42baa,train
a312fc44b8f866f505e2e11ed45a1dec42d3667f07d28b20ece0b42af3b61508,val
a31a3a94c519ee684d418512e81e8abec25cfd12394e7419f95bf67230d1ad69,train
a31c56cda5dbc2fa8d7b8bb2ac52e867705b0ec70040b85a5090d83c264d9f23,train
a31f252924b3f5d0c125fef2dae708641961d8b8aab3d5a61776a30066627ab8,train
a3202d932fe2784630ebd3c8345da4f8fe9b0eb2fc66f26b500a2135ea5d2fbe,val
a32562f8168b4c2df9772f11475475a418584c27da9c29a5b6175dd8ca9fdc61,test
a328318db54af27c957467051c84bdd4a741bc1977c9ca40a320cb3d1fa504e8,train
a333a2036b14cbf1b65722c6a7fa0cfd54d9723dc22238cf19b2b28961c266af,test
a337ad91cc128f60eafd91d7b60ff43dfce4c209e9987908e036e365e1c6d183,train
a33b3e00429bede84a1fff871355c340515bcf1184bc981a41db67d28b5f831b,train
a33d894fc6941faa2ab7372a81f1dc8ca99c13154245301171f60c4d60eeb9f6,val
a34a26a34998ef6206a3b0d38a01603ac2475689b20217da32951e481b8daa4f,train
a34aff49478017927be40dea9d202940da1b4763e43020ff1da1565b66144105,train
a34b9f7463d626efdad351061945203436e4cd16b5d305fb3d4ff45f4dd9f819,train
a357931fa3eaf13cedf3b2568ae361e538b9c60de244bd4490c8dcd48734500e,train
a359edd99f2f3c90c90e8d296853a9f81ef726a3060087c0eab772d05d5ff2be,val
a35ab3f16eaa22bb31adc0bc4ffb870a1bceef731e84f37bb60899cc63a22a94,train
a35c556149673c3d24cd5dd88cd56d95c8b92b4476241ea4dd520f8054189691,test
a362dbf4f39bf3133cbc586060b2d90f5a398a33d49614d14a913db177a29ed4,test
a362e0aedd5141beee6b25b2b6be3113528c485fee161a5e0e1caca124379004,test
a36ce9162d9911e543945c9597ba3856a89ebeef4a63bfc62312d874e8cafefc,train
a372f43bfa8daf1a5e7872582e4eb2ee89f1c3deec182b39e9a6d9f77290b906,train
a374375f8ddf6d42f4b68cd6d575e54fa3ade1e3759ff4552c54b82954f1a840,train
a37c34d141f955e41fcbf4bbb15a469258d4a16b0e2e92ef9f87385190b410fe,train
a37ce34c64f46db17b835abb8bf508fcbfac287486ce489b5bdc9530f291b3e1,val
a386970f60c25859d11287ffe5200f5629c8d8f1f544c7d902240ea9650c1d30,train
a39d025dbffb1a2e4b861965944279bd3365fbff3711caec20b6773fe487b522,test
a3a08f011cbf4c7fec30b03035555e2072a105558a5ba140eb48e2518bb9cf8f,train
a3a62f436b1678a67f1d51e06f71d2371822a7aaf1eeaa81664d99445580df0e,val
a3a6b1c4faf6c191dde54acb91c62ca7fd659e6751d7407a3e5a4ddf0b8ab3a1,train
a3a9ffe99749e8ca32c267d22316bc73f735ef2d7d89a8d9d501e158537e45de,train
a3b1d26d8f50aea5cb731ad244b7e1ad324e09de6eeeef521fe0c5b641365d55,test
a3b6202e1bff3427486b99d0477f3494e77129c700d6e2ba96edc84e7be5d87b,train
a3bac42cffe13b91f6220f236adb9e11df51c9d51185086b810e98b4a50d97ea,val
a3bbb8f4873bf615b04964824dbbd0fd368eeec19f0b0535815bc3343f57323a,train
a3c675e07c5cafd4c79c6b5688346ab45233dfb8aab021c6f44328385e1d3827,train
a3c71ec37a501dff24317d0301b5a135f22e77c68ca104860b1e7f09d2f6598d,val
a3ca0b231f33dbee60d261401c11b0ba90013e252226bcaac357f145761b4cc1,val
a3cce1527487cb8cbfbcc3db8f91c39d304465b2cfe2ff6bad72caba27fc2260,val
a3cff30de50e056ee5a804e7eb0b0f6745f4b604f2eebb7344e81d66761198b9,train
a3d81b0a8d8370e6f85263e92813fb6c3d27882d109dcdedef2508d6d43e4ce7,train
a3d88de3ddb7f35af362b319b0e5412dfd175e63a3634ea36049536e2b42657f,train
a3dd5164f761af0ca7fab4b2f47468b2e9c1d471c64f08d0682df7560c4628d5,train
a3e00e703059c2a2ca44e517aefb2693694d1aca4885fce48685620ccf75bc02,train
a3e06a6bf2bd28cb8bf7267a018075b75c89c8c3d89b82d990bea35fed421bb5,train
a3e5dfffd81a96c1acccc4a37e3f4da9688e79eef470da8362c005b18796365b,test
a3e6592acc3edb8e8ace4c800b765f65245f0d291f11757b6e034f2bb7a4fb0b,train
a3e867c4e0c63df628a72a6132c455a0b002362174352019135649fee0a4a33b,train
a3ee8a73e8089a830f295a01e2b08230e1a6e8e43af7539d3c64b9827e61ca14,test
a3ef5bf0d4c5952642040e7b50c20c0f0cef79c05febd6745561832475e0608b,train
a3f5be1ece4def6a4136407c9cb56e5d7318247693812341ab05351dba3f5f00,train
a3fb69e482cca1a307c75dac1c7305e59896572549788a5cd5db33ab5996f467,train
a3fb89604a26eb899997a8b1b5692c8fce7dcaabb9f194c90004051cd2771e8a,train
a40548c617ebe71b6ca829fe76ec8fb581eec17b8349cad0ba744329b24d2c01,val
a40ac930d555b8da70253397731d3539763cee11aa1d713fecc9f9aaef57f3b2,train
a40e6e9effc25813f5357d9ccd5c786e5b11a55dfb1ef6313326c502c6c4490c,train
a4118433ce93088a6e3b4b231eedebfb944f869dff15ba5aa1b8494a27c0c34d,train
a4138aa9eb1660ea58c25f67c6844bf8c5b5ec7ff8bf5a1060bb6cb3f808e01f,train
a41dbc14192cb54a2640c20cf323cafc0ca841d68f54f0060709e33ec1167e6e,test
a4220492660cd7e352c25f3b826abcffad973d4e5eafae620b5b87dcc7e0f35e,train
a42324936f6732b1acdf963af5107fdd7844a68bc5eac370dae428e6ebfce964,test
a427bebf52ef3e125e3ef62e422102e4d3a3c2b0669fb5fa9d9093f1ea7fd69a,train
a4505852f52efa16b3886e36b392fc0ec9792f18ba72b3f25b2278293c7c9f5c,train
a45c2692ca3a9ead6bc2def0e43c161fc22beaca4f1e633fe5773b12f61b61b4,train
a463e120cac748e4efec282d1a43be04befa5e53bc4ec1e48eef1f942a2ea419,test
a465d7b3c4968eb05a20b34ef5643132d865c0a3eb4b809a2eb0a83770b733ab,train
a4743f4fa068394d71c264af3cd5f9363aec26735e1060b4443dc8984cd2ecae,train
a47962d3c0243aa1c522217cab1a8e8b6ab788b21cd75a54cd9b0f19f5739d59,train
a47c7f4d378c3583fd2c0af069f102b7d01446459ad5bf6d57f79436e423a81a,train
a48267cb5f7f9274412f0d7996eb54bad14790b01520d7d798560689a442f48f,train
a484cb59007d02a4191fc53f8d55b8a604eb6994587526af6f53628d7b5c57f6,val
a487611ec131b2c708a69943515088e3a4334c69fb06aa7e4379796345157bd4,test
a49386193b7976b142afbff31fc28429ccd676938874ff7ef3ccb8edf54f13eb,train
a4a5417dcf0056c533c6ca8332423d276f43ed3a7e59031003180f449a694f7f,train
a4a6aaf49175cb425550614176fc1b94aa279457725d2942db0b2dab488ba1b7,train
a4a700a14196103a7d53616fecc9feda2a33ea3b1ef1591cece17f2721de37d3,train
a4a89f8ea431283778799ddee4fc75374c38afd5bee81068dddc45fc773ce9d3,train
a4ad8bc92bf68b4ad2bb873ccf3d206fae7ada4b348e0dbadd6628cbb218d1de,train
a4b4e12c47b30ef100c04cd7ee1695fd660180a2b3a0d1b3b3df404b85b3cb8d,train
a4bad6cc610a1642a479a74280941a542a445d6910563abbdd823157354ab9d9,test
a4bf4bedf30913ce828a22b3df108e1b7f32c492867cc1f8eb57a78ce0804c35,test
a4c54cd044da21b17601dad5203d6551adff8dc5cae0dd02f99a891b9e07c3b2,test
a4c8a76634a18e3af31751bf099bceaa4e609201b00ae517e70c413bf5d3d90d,test
a4cd9348bfb6384613f8c644a488b02609b35390b3bc9c0523513f96c5c6b90a,train
a4d8d98199da8b6cad1038262d745c3cff8ebf4b366d7890cbb94cb4bbb033a8,train
a4d9253338f97ee23e6bf1698bd246dd42e755ac982bd3c54d169d386813801e,train
a4e3c702ef15ced96f2bc2d8bcc5b4ccef740d5bc834974a413289fbf7bc43b5,val
a4e6bf8ec867880be05704bb4f8440dbf3a77fae016a18b227de445b78f45931,test
a4e6ce00ba4b632fd0579007898e0cc8dae1f6d3f93f6caf8eb1b71f4cdc3ed7,train
a4e8ecd1a54628e8d9f58b29f9bb720fe3098fe657708adfecaddf1521d18d82,train
a4eaaf1e3ee8b293d65b26608ef568b05a5b9e561fc7fc278ebcab072e29bd1b,train
a4ecaea04a2eeee24cc7757dd73fe9c8e4a399af584291e510038ff172e203a9,train
a500b8241dc5dd67445cfecf7799c0e93486a5e8bce1b10dfef688259cdcec54,test
a5024290fd59053a0ca90473c103e69d4293ecf17a7a74c86fbb889d1949e18f,test
a50f92ac2be4b0ea32f58bded3bd5a9302aa7b26d8a740bd8953f313f7e0617d,train
a51233774e7201d726aa088ebeb3729b1a720296fd6bba41cb4601da9dc65ad4,val
a5129e9bf07a0de8054e92f826c2b943321a263332951a31a602384bbeec2afa,train
a513072dc086b6e54b2342dc9820edaebde72eed9f1acdd91cc343b67f272467,val
a5132a4a5188365998a6d45db2c60e5b7088fa57f80a5bff276df0c43483a601,test
a514a747cf832e08d9b14dd2ad584b72e7f160f4ca83ec351e21dbab7b814bce,train
a514dd087b636a64f11e80ef6fd8e6ee19b99da9c853fca54e7c2eb279237aa4,train
a5180b808c114ed5b33564a76c4462d04ba88be3ac6bbdf8e688170e72599786,train
a51dcd806b3db22bd8cbb54aada9de38b9d0b735704f0692d2d0bab5e21c4d09,train
a52447cabcecf4398703d17bf52f49857f122b81dda7c2b14a93644a6cd7dbbd,train
a5248a7b83b329664481f021788e2c0b581d92c723b256594b1c4c5c1566f101,train
a528010834871c81a2ad257cafb8581f57a83117f00df42e42c0f4e0f3bb5756,train
a52836adfc2bf4c8b0ab69a690dc185c718fd5673e683daae7649253f54abb55,train
a530644c3d1e1aaec873d44cf0e3fdc73748903e8b7df9deb5a3a4907228ba13,train
a531f01e59067189cc8ed41f0ed4cb8451685daa63a1c65b0e8e17d976fa1dc8,train
a534eaaaab2cd7ef6444c3e54efde55544b81e0040801fcfe10b7c429a8ad770,train
a539d9a4e8dbd15c73714e43d55fdd910c084e86e00f5f79629c737a2256a333,val
a53bb4f13c86b0dba29b676d41d48e54c56fcebe2018cdb0108a8ef55e5c42bd,test
a53c3a925920bde3a1b383c2ee9c0a43aa765dcd327f1f08ba3e7bf4764ff437,test
a5435364692cd0b3c68d68d59b5d55bb1412669e59abb481dca5ff57f2cd693d,test
a5572ef85c502bf0d9a6254f73842fc7f5ab5779ba80afa19734359950d87418,train
a55aa454dc4f1c34fa85e0eaf032f5bc86c588562de9791f852343f242d8ffb6,train
a56c504736d1970e20fdd7a5b35d346f070705eff7fede6ae7b7c03bad776e79,test
a56e6535f3a0fd86e355b13bb67b75d877e4fc1abac022b901503ae894c9dcbf,test
a570bccd58b5e6fbd0e18c264688b9ffc88bd5eb8fdc33bb50fdc69bb0e7e05a,train
a5765f5135321abb230fc4d17b34c0b14b11ecfb3ebbc713dd33ab30e33b278f,train
a57d21c4ba6daebeabef1378157c2463dba90bfab14d470a89d072feb6e28278,train
a57f8b1ee5b957eba354007f68d9150b8c80338772f2d33e823ab0aa9601c136,test
a58296e3a881131a2cdd7b2f8a350eec67c14a9ab067ea6d6cd7c1219c21a878,train
a5897be59e26233d376f1619621e99f560890c1f64e0626cdf89d3a819242bad,train
a5899fde75dc7df444f801356b4466b07a20522a0b6fbc778c8fa9312be565d3,test
a58efc7033cd5469f2815ce1749614c5a456646fb848d726590abdeec1ed2c90,train
a58f2f1a2a69fa79f4517724cceb55d9713cec96e69d2c9bae187a2b3fddb61f,train
a591e01e48bace9ba85b4fc01a1037f9bae5dca6ad034bd6577d3d4cd5a72165,train
a5971dc7713c0768a9793e2a68d1a0f4cdfd89baf459eff4915bddf1baf8123f,train
a598f476ea23214cee3d25dfadde26d592c15e661062ffa8b60afdda70ed1c22,test
a5991ac3d0e72690e55b8fe2f034ec884f85ba38528fe179c0e7535cc97ed3b9,train
a59e9852fe6d60f3333a7f44a0d953daa2dec6e770334b5f82e002466e506d50,train
a5a03e1d206bf4ce5b5847400f00ae519ece854b5bbbb3ed9ffaea45cf9db25b,train
a5a124b2a98a9f798ecf97e2a3dfa1d52839d3d4298d1859e0e51fdb7570565f,train
a5a4e37c45a3321e158b17b41a94619ddafb229cd44e31a1d322d09d464dba43,train
a5a8e16d99c36aa4505d7c7faceabfb25111363b2fcb2f4214c9b9b63fef17c4,test
a5b445c11e921ee8a2683ada2ab8a897f6bed8f03b94583b8ef50b984184ceb3,train
a5b4fd56838f5281cfdcc2038fe8d0c0b61e550d06877ee5a98deccd6b83d3aa,train
a5c3c6959788ab91b27863bc891426585a7841c1db210a062149144da38d4c3b,train
a5c4519d4641a6a721111a50655dfa7c5ade59b611904c80d1fd97dca4a41b53,test
a5c51744734a074ba1c6ae0b6d35006665a195fe6d9eef074ed8bfad3c8132b9,test
a5cc9bb73368247d0793d2c01bf6a04c04fc8d71fac2c179f76e22ff950521ad,train
a5d39ef752420f2ac9f614179bfd34ed58d541e01aee7736566fec93d9784278,train
a5d58692590a604c07ae8d80ff12f5f2599e7354ea41ee6d824c7f774e884908,train
a5d6e6cf02d722e0c63025f5bc691f29886fb63a5ad12242743d5779e759c6ae,train
a5de2f5ced605f9c152a9568df111b31e0dbfd23d41a299ba64e49bc57973d1d,train
a5e949a827853bcacd7346e48a833173d444a21eb4cf96c38f39926b9e5803f9,val
a5f2d4f006746f271804af5839df33f0d14c538e8ac50728ef5092bb7862f6b7,train
a5f2ee35bb4f7f128b3b91bb98accdca648270e8b564d5cb8182cb78e6658ad3,train
a5fe3fa4c7b8d9d2433f092dca511f7be896bf196c625e4ed0da661d67515d6a,train
a5ffa3cb1451679d0e5161b7d293c253152bf57d7093ff9fb78c2dd734fd76a8,test
a6004a7f97b02e68fe2f666d85bbf4a365269f69d027ba43d7a4a628be7180be,test
a6029ba235a8e23ae7666a9d9894f26dfa9f82136d58603fdf9b496ad646d1b4,train
a60ae54cf9e551c08c1ab032fb79dd21173ada8600cbec877b14aa0bc2dd4de5,train
a60d1f6d5b7683992a5b755fe0139b93071d34ce9a5ac50dfa2f5117facd879d,train
a60e82c246ebece24a5587bb03c434d723e101f5519ba80c957e2a564e6d58f6,train
a60f0ef9c01819f92f4f65f95038a4b08206096af7e27267e680d673ab18415a,val
a6240c60f401707e138046e130dc6590b312fd6557ddf2f8f841f7d828ef0b8c,train
a62e221cc66e9c6265c40ff1ea1b4a2add631b8541baf19787e5fe8b048ac5aa,train
a63ac22a7e647305143625745cbda3399741d62453c113c17916ca89b4088a3e,train
a642cbf74956a4b47b4512a9907fdea658642189dd59299cb1646d5b8483c3cb,train
a644a23d56887274cace0162d090586aa1d9f737cde89c90d51787eaf045f89f,train
a64510799b30630fa60da756241205816314b2a273b8d001d94c1d63a8f16fbb,train
a64d121a0896eee72713f5b6ad06e16c8a7759bb43f46607071fb7f859988b0a,train
a652df6153b0c79b0af460dfdb00a96af4e573d58b35628c2db5f175f3a5a8ca,train
a6544c5ab0efa043c8344904ff10a30c434ceafb18d4ea8f9d0866b86e33b7cd,train
a667c9ea1fdea8867ea20e9591fcbecefde103fd9df09accb433eb0147b36f4e,train
a6702ceff655ab545e8e51356b865ec76c9e00b2bd4bf9460e82fed0e4a4601d,train
a677a2367ea8ddb57055767bd112228e1b57edb5d44187fe5e97c61113a7e9db,test
a67bf8cbf877dac61e840538e21d54f52e85fcaa16328428e31183ec16939aa5,train
a67c7d3de2e3810f3da1f11854f3341db5a41e21f8f543c2adfa1d6f8a944114,train
a67da969c2f41cfb0733d92027bc91341acdd5617523213bd29cb518a8998e1a,train
a68ca167433d266355407ef2d64c59d0195fb18be17b8fc81ad34c2227dc61b4,test
a694a06047d8fe86363566c4ee62b318838fa0a71b17653fcbc41082043ef472,train
a697f0908929e9343f7c0342b224b045ef9cc43c08545db6f7bca9b42d6c2a7e,val
a69ae2ad81d3b1149f28bb6bd29ef54bedace8e6b35282e8b84a4431df5634d8,train
a69d068914c91ccc19d4ac21e0970a4a759a75c0ae843f5e53ead61829f3a2b8,train
a69ec6cf051e209674b44e98ea89fe0f58e3ec9868b8cd6d9a743d51412d917f,train
a69f0f21dbc6de0278c4886d1797e4b9ab0402d9ab06f485a5d8bae7fb14aded,train
a6a14744509f804a252f06b4b925b0529f87f25e161766e511bdeabc268cc98b,train
a6a6bda62bec24720548da595f003750643e8ccfb009d14810f783d0991c47ee,train
a6ab237edfc8f48f1404c75f88c4f32149246ecd53382356dca8e8bb4cd433e2,train
a6ad693add048afa6d01a29d15e776491417111f6c9764a4800cba6abab73d22,train
a6b50a1a4351f4540fcc43b296119b45ffe610c9f965abd80ed85c6f73d2da22,train
a6b6dc4bd7021e609733ab7450007124971d6d80997cf8463449c073bd4643cd,train
a6c637ddb04ae49cf9faa841d283dd8bcd4c324325a92354154604fef3cbb00c,val
a6d186812923efc30f4b96d7087806c342df42adf4b9468a3fd73bdf8e876a7e,train
a6d34deb04faea2ab77139833ac3e9ff7df9a7300d191f62acc4282396556746,train
a6d377cc1e55b357b2f611d8d59497c5eca9d18a6511b521afda87def1790bb2,train
a6d5223439daf11143271a74d2be90b810de080e8dac3407b61aae8eb8080767,train
a6dd5ac4b6d0123c9aac72edbbb3044043a26b5b13e82224fb0f5a4ffebcc621,train
a6de2f375d4e12d440b2a7da89e5213c83dc4bc271f14e9f0dca709da85cf1f7,train
a6e3323e41f52d7f8209431156b3fe145ff8e9757e5c1340a116f4768d1b46bc,train
a6e43da3e2fd08396ad588136339c5a5ae36dd1fca64f7a72f972c5218c5fe16,train
a6ea6062818ea0c898fd9e68bcd42302e1644082737d51956dca4f28e37a02b9,train
a6ed16213fd1adc2a65e85b4503ef89b28b8f867f4ad2d910afca1afe1792067,train
a6eeec3026d3f308eec8bfaf8a2a51830f003a5e9f2d3ffa5f02375de3ddde2c,train
a6f619829e55ef422245f4da15ee05089566aa75cb005202164032c00cb9edfe,test
a6fca798493ed6e1c6d8ca742f2287f9a32913a46c52b88381f549993462fdc8,train
a70200d1e27205884734e3d3641440222e6ef4cf51a70b3ff211f7a6f99b45b1,train
a7105319276e7fdf83f1751c78a0ae0d19fabfc4886b1fcbc11251a06f37bc97,train
a7117a6abaa7f7a8ea40f7beec924fff6ca8d6f8383903bbaebe65fa0266ca17,train
a713f4f9ca938ff4e9b5b2b5ab51e09460bd363123e418c120ccb55fd9eb12a5,train
a718f8ebb5b6b23bac7b0439978685a4db458a8d17a05bb51c85a001c32b12e9,train
a71f46b823c91f470236c30cb7a10f3d0fda130c63888987a128a0a52e25791d,train
a725c69c48c71e88b057ea7e9f34afd31f270759c1f21bad20a3c6d17aae9076,train
a729f2d1eac2d0c97e9b6b2526f174db41ef0594cba0d383f9673832b8330a7d,train
a731cd8fedb10030477c9ad0413a94e125f53b43b4c4a4975544d8b6201d6205,train
a7490163ea9a359c6164f5a7f601067d05b36f082b25fc6351f6d658fda29921,test
a74c662a8d7b67104395ecd97fded13b01808df8eb57752a92fcc6ade737866b,train
a74ed8055720be0290731987d2818ac67a453683840278138437f9f7b11470a9,train
a751bbb13ca54f99fe394496b09b7c02abdc058bc2021cc7d73f281889beff68,train
a7536490f33aeab100494a30b265ae4f633ade5344f9e39084217bd1be979c4a,train
a754c108564450e7c215ec6719254befc14c1476e08e6d8a1c2c649036d8a32a,train
a75a3770cfdc4b272082fd90098bc9347f75fba1382c3039431d37e0c801f324,train
a75eb17b6ec455894eed82ac18f1d3f73b93e1c69ece11ab5487fffd5d408037,train
a75fef051d0f029b59f0f0b8a0ad1f71937c1d607cc741f0bf19a072c8b9f47f,train
a7615e378c06dae0b78b06f3d34a26dab8672ac2f18f120a94883b8423cb43ea,test
a76f54a8f9527a2c1d27acde879d40142162a476a898501d653af776b4b105d9,train
a777e7046f5cd21d505ff226b6c7587eb65689f617681306dfcb553a33b906c0,train
a78358cd39a4f1fdef9b0475a6a3dbc96a07fabe4ec5977abb40ce8d37c7e02e,train
a789bcd9126667f94c2ee791b5512c0c9c79eecc660b25f0ae0188063c59e1d9,test
a78c7f3c5649590144972ded1ccdf92d136ca9f21d01b26cf23997fa560a1063,train
a78cfba58e1c99339cc0e4eb0f71b1218dc4816267cf52420b08af05a16cf348,train
a78d54a0c859facfa2512994cf6c69289e6d4548a8478955409d8604f43a4922,train
a78f914eb0b7edfb3ef691ea8029fa0bba408e958d7fd18f5bf992316fbafedc,train
a795476c90ae3af2ad2d1e31e537f7d2d8ef902026966e8ab6c82d2bc0914d28,train
a7997b6d27a2d8def6eb0314e7d7f3d7ae535a193b8dddae00a0f1d6ef0097b3,train
a7a70e509c9c39be4ec3f7514b90600d7331696b507d5354cc01c93428687b3b,train
a7a877c527af73dc3fbac35c5d76d85cf94a22de73f5e59e2f5029f5519c9cc9,test
a7a8ebadaee708a787a98f1290d3cc61896096720eec5ca076055c6e8f0a6092,train
a7ab389c329b0601ff50c03a71609f7382a012e327d84fbdb737241b6f8f0595,train
a7adc12feac4bd5e6dfe2fb44f96f64df00c81896fa33606aac9fe24ade4b6e4,train
a7b3e44d72c6abb7f456ebd9d4d725b71e0dfd3f7dee2d21d93b94b2eae75046,train
a7b9462a6edf69972cc9c34e541244d134912d5fb099047eb9975e6e2c195a0a,train
a7c06ad87ba11a239350c3ee72a4333dd29930198ff761b6cc0832e347db5615,train
a7c65fc4d5b8db5466faa84618fe7667e93a338dee45e65d8e01a3b24c600654,train
a7cc2fc87c355bdb3fc1970487ba04dede201240282f42328430ee8e841fa4a3,train
a7cdcb843f0672c8b4f32cb78bd500397dcbdce5292897d89b9ea141208cd703,test
a7ce18b392200b7a5acf53f6001cece5318fed29847a3d268fe42672afec7d3e,train
a7cf4959ff5165b55df0343e8e24809696cda936dc571d21aeb34089dd8c8567,train
a7d1638b6a6c1ad512882b576ec23dc4080a77a898f7afdba1133e36ad61cd95,test
a7d7bca78f1c95239c57e7acd3e67e95993a2583cc5997c12ccdb7965939fdc5,train
a7df4072c741aeb8d5945decb34eabf92a32276c3a28bf7423fcd2e9491c64a2,train
a7e211e51f0036f3698dc4d661121abde2db4008ca3c2c020c84cb32f51db302,train
a7e5d87454569c5877a52364fb494764cf196b245303cfbc195063502cd79874,train
a7e6b4004586021b172ad5b991b5cce996a8a44a82583de42083f2af4d387fb5,test
a7e7c2d703b8f20f81ebd3490dcc7ce04474f13334a981d078443f67d3395c82,train
a7e9ec0cfae3cc0b9dd5da1ae415ae7a1be81681aca05cd5a8752c2699198e3f,train
a7eb4e80597c50929c39042f7c85f05dde56d37c2e4200b046d01d54f4c59bcf,test
a7f11d13e3d209e10cd1b81b9ba20cdef8e5f2cf42d6db2667a9d7b3fd5c3cc7,train
a7f5f5d56ea9a9ace378b19f798c99183c8bd0347cb6b3da9605bfbcd8363ed6,train
a7f7071f0b7359b3580144752003f5aeeea559db9f69d029c012327d6e45506b,train
a7f7be119e27c1387720b797d42391f6bd38cd4a5ac0c5b9aee20151f7a9c107,train
a7f935e171af9b4eede00bab2c75c0363b5c122a4f552772dcc64aed411ba7b5,train
a7fbf8604ea0094672f35038e0f68f52807f10e704cfff879b6a69bd846281ef,train
a7fc00fc95754f0e05f62bfc238bb52d845f9cc46e583d8c944e02201acf08ef,train
a8003c17c478795758bedfc4efe43f218a65f19893d62c6c1106f80f38cdae48,train
a8079c972166fae99113090669d12a2a2350deb2b29dc5c366790f7c74bd48ab,train
a80affbde22200666bce4effe0769334e476e67c3d3e97c60adc371096a846ba,train
a812fa85e47b62945434aff939fa293b408814f52a274c094eecd9007480e351,train
a824098159c4dba29775792d7094903f53b66ad13631b1cc6a1bd6174c0f90a5,train
a82434608a81a2910a56591be5e1debdf5a08a1293b48f7f959492764320b200,test
a82b0d18cf9706327689055ddeef6f8678fc5f90e17eb0eb134c7afe47a5875d,test
a8355bfe1219c0028314933a303b575717dc98af34bfb241bf898b82bd45d775,train
a836dd826e503484b42999e80d897079764c6ed6d46a97cb5454ecf83f0f3157,train
a83c3a312a870e2a4b46486f28f47af563ee3c74e009bbfaf4e70a1d5750d04d,train
a83c6d54b57e44187221c7648d47f98a6a6487751ccdc13903f1a073f0028e31,train
a83e0a4d0a2f80533083c0585c20eb896dbbf296f63ff823add6506dbb96df30,train
a8414a3b8c54723ad22317438dafb95f6d304ac8456f40fbfb8353776c5551da,train
a8462790be5b8c26fa0442c79dad3a14c517bdb02cac3c64ce93871557fd063e,train
a846be23163b0b01aa22aa5fce15685098b271dac74e374a24b640e12399fe5c,train
a84aedf711794b52d25384d906203e1479d4f52205bc75f7ffdad759ea36a00b,test
a84ea53f862b6cab02becb7426d82a4dc47e07a8945e367c6d50b495e35ad3c2,train
a84ea90ec3b074516eef4b0c6a02443d789a2cb2cc7295441842c773cbc836bd,test
a8524478657c4083dba74a4e90c7d51a72d5dc48d4f373b7bccbead38a879629,train
a854f3552aa0d664b4b8cf179e68198b758ce37be482e9797b6a96e7420c3ace,train
a85a4499e9d2ebf10ba59d83192d9e81d67b9a87521fe08f075f9aacb8f7c00d,train
a85cdf17d2caba7b4e2702499bf0845f942ef8bebbecaf84971bcdb3d67716da,test
a85f75ed166a5cd2016bc02eba9d552d8acf59c2ec3f644648ac35e9e97936be,test
a86a55257c0469602b3f0258d5d757c8ddfcbf3dfb647cec2c5a12ba9bb15e57,test
a86db5525f23b90ed0fa7c7af5f4660338b56fabf6a9f7c6b020c07bc06d1422,train
a86ff174afc57aaeceb109f60a4c3f5601cb5ea33ef47df87822384e0d756c60,train
a87315e526ea5200cc12b12b066b0d1bb8a983ed36a706875ed9ebba8316e290,train
a88634c8f2645a0525e7e1f8fdf21ab5ecdc39f10cbc752e30cf4600c521e005,test
a88a2226cc10b28ded5f275f68ac7f02b2f6f7a2a5339925393f7f520bd9aceb,val
a88f14e463a0e43dabda537ddc78a06f6ffbf5de20fce9133c110ee6116dd23f,test
a891ea94a46d5652f3d7447c237a6c63a395ee21784a11859bf203daf9a037bb,train
a8920bdedaaf57263dfbd0c863db59c9e740ba3d8236b2551e76a3a0954720be,train
a895d94272979507d0b2518a6d736acb9f08200698748328ae0f540fc18dc09a,train
a89aa497b79b01c4685c2d219018fecf09c663bbd761bd118bf1968a18441dc5,val
a89c300eeb86812ea3df43bd0dd87c41a0b4ac4dd18eac63b0a61e05be94560f,test
a89cf4ff6b9a9b2efcb6413fc7a80e1c5ef280650657262409bbf94de408ba74,train
a8a297af3b84d2c75891ba5455f4f40981bce190d681292854e9d9e5d5551238,train
a8a688c559677751e476c1b98a23c519727630fec9dab60e7de06c5d35193ca0,test
a8aaee7062997177869dafaf7e16f59e48b8043bcf27139e7fb4ca16a0fd4dae,train
a8b316bdc695f95436f4856bdde9549beb78586654b539239b3c9cfb443dd7e5,test
a8b5bd734bfe4751637ede94499c3d0790d598b9ce08c9fbb7e5de9d2946ec78,train
a8c4af1d46a4b8972ecd027ecab791e1d997e8af5567c0b536cfa62d563fbedc,train
a8cb4b47c55e66f8eb3136ac8e6a7796be03b2aa6378c0a0e451f2e3f153a1bc,train
a8cb72ae29077c18abb97adce18a81d5dd7a13b67d8470731f709f637ad04bac,test
a8d4f52c0c3345c50f29833aabac275b59b305a3ae7df0f37c67021b2b96bd3c,train
a8d85358bba8cd3838168da61d83c5b8ad66cc83786a33a9b54f32cc97c57d13,test
a8dce08f230365daa2e21142ec22b591d2a84f58db2d32abf264da8e948945c2,train
a8dec01a62baed64d32b0a0c616b3c5e65d7110422a03d707bf4feaed3a2c0f6,test
a8e78c741baf4ca240fec47cfa982fe47415be2590e028d541d2215468bfcae4,train
a8e88d14469f379e748d214e659437b0eb29b29e864dd3696241035eca85f0ee,train
a8eb27aa08d791019e24231caea7cb3260384fd0b9b8ff66db5120c473a970d3,train
a8eb63d345c8e5929d2525ef1027265f1d994edaaba17003f6e2dce01b19d370,val
a8f3fe22cad31079c72bb99c4a3139112f9e5c7ba4f2e9c67796c8f3371b83aa,train
a8f700bde2ba95ad41a42674fbaa85aef403ad15ea428d0940239b2cb7d8afbb,val
a8faec89a35f56c1e601a20cfcbd2f12525927509870a0aaedf89417f7b23974,train
a901e675a9c5f3622a6520d7338cfbaf177754023d47743f580b64351d7e5b46,train
a902442f7d3d25140201b33a2fa6368b7b3d20d2cb5498208e10d3115c11e9de,train
a9032df2f947f3472737f21f00f34ef7521555ef141787bd1844704df509eb4b,train
a905bd2c2de8d0855ae34f6d29c614b6a884c5c7cb1715e40ab92f0535c11716,test
a90c63b2b8fd4250a8c8b890b0ff5a6b61acad92e8e2d0c6a4fd0064f449097b,train
a91b97bdbd9bbcccf48030474a3c5e50cf8d11acf0391d1e3048910149915d84,train
a92874110723f456dd57980196d30495555db72f83d0129d5dbf2cbd05c058d0,train
a93642e62f9cd626e9d4450e5f9bf38dc0111996d622497e49b26512e4316b71,train
a936a577e3a342554bd12ca06a5ee9ebb98a0d0c740a6c9587b08e6a29b4835b,train
a93724ed28e3f0cdd8d41ef1200b510ee627e8b4f70b2884cfccd4ba6eac72d6,test
a93dac314be1d4c288454bd659487c33006feb9fbf8aed5caf9bbab78b1a7feb,train
a93e65d7c396f6681fc5a73e8de2e44fb6ba0e95e40a5a0b17b4e7e0db2590ea,train
a95f2c059acca90443f2e0ffa600339ff500cc82fa40b7775257ad3538c7d0b7,val
a962cc566521a1afbdc1d00f5b53d81eda177e37b2391fc2e4d72dd60276e5cf,train
a970b476bffb65d328fda12b4e0686fe7f5b68d02e48287c8772f892f2e3a398,train
a97175fd12e1974d179d1d5b4fb6f799b37b7546b11babf124690de3d7a94c85,train
a973a2318e4d116667a8b92804c5264650cc768743ab1a5a74cbffac51a8deab,train
a974a188c08d178547dfd3cd0e08c52339503dcaa5c78139e3f042d0d9238bdf,train
a97985f057d99c69441759b2bbe3ffbd02e2fe980292fa0b9fe21f0cb1d8d6fa,train
a9958380cb51b8af4ac5ffee9370ef770e808cf2a16df9e36326337f4847c73d,train
a999a5bf3709eafde3ba8b9959326c4fcae479f5eb3e239e27e6aa0ecbf99c5e,test
a99a46e29f021a75f5c2657188aafdc2ffebf19f8f92d9dd036caeef0408b788,train
a99dfedb03055929f474b040776d3fb35b16011c797250555075e65bcc4ecb34,train
a9a29361d4b98de8b4e67eef58234a6a1d7337c73dc2910d4963d1ce26851379,train
a9a91ff3ad2daa0b52db5506c3d2be0ad950b622c7d9a8795508716de5705d56,test
a9ac1772102504bf59774b1fda964e25262c77ec523b772acbdf34c477d1cf7c,train
a9ac42e45c2e9e527fb7369bcbd8aefe65fdcc3bfdbff3920c1124b752cc6419,train
a9b038aad1e8dcffd04ebe4e1a7702c0082a046eb93ca645fd595f054b0f3d4e,val
a9b9eaa6a30a50f0ad576576737244d362027ad2ab6a7f62e47967b18d09a369,train
a9c1654279b7dbdf1a5a06ebf0c463bda1aa83533cd1638739fd7a213e94c184,test
a9c3d9efeba76eafdc45489aec6f1e3188f7467e420011a7fb2e8020551f4075,train
a9d643dd555876948d4230534d6321bbb9dd8ad659bb161f31a49e0e66a867b8,train
a9dbcad5f91cbde2e4c02afe04dcf22fdee43e374ccd0e0ad5fe653c24877138,test
a9e00d8e7cc4d77cd99816578345a05b5640f620995dfea0cd44018a73da8cac,train
a9e2fbaf7dc52d5963fbf4244334cb139f6c684381ebdc601c41aa71e397f4f2,test
a9e56dda63fd08343da801bf648952cf55390438ec53533d61e0e103add1d26e,train
aa08f1915b456e61c5cd1eeba21a29b1aac6e29e454a8742d89ccd6d484bc7f9,train
aa0a5f587f9b0dd05df4f5b67af9dbac0a6bf8eea205b904b01c9c5c02263969,test
aa0a66ff0387ecf04415dfd9dc87041d06c271d5e78697679504c3eb54c00730,train
aa0b295568ebfcf47fffe57b691d5995250136d1cd1d05f10f254b8970f59c54,test
aa0b5ff16ab12e55af089a65da0ac0b7d167fb64f06bc44655e5931fef42777e,test
aa18f62a7e02c9d8790ac251174bfe7dbb471903df98adbfd991605200cea167,train
aa20cbdd067e6dd49edeec9a4fb2a12bf7bb5ff30fc2340393e26e9b9d86e7d5,train
aa3a8806acb2b1c0b712f530442f369c70faf0d6564880a3a87b6a31c03ad60b,train
aa3bba2a8784503618534060cf608872774b63d7fc3173ace2a623d7571f73fd,train
aa412f6bff7f979e254dff84e96a94f9857a49b32cd0d2bf9a815d5a8c825195,train
aa4592a9c8e283c79d23f97c8d53e519b7954517545d54d72d1178845dccab4a,train
aa484cf5d6f7b5046aa4758dcd9116e051f154550cbdb68f0910d211d9f319c4,train
aa495601aa61742d236a17c354599a77540297658220582a92a5012ccc5e0b60,train
aa4e514215d84ed1fb609d61b447b3ae5bc10a38ca4ac722c55d47248505c756,train
aa518466c479892566d68c7ca586c64f919d4bf2889f3acef20579a9af104570,test
aa598e748ac236caafc69090e50685b5b44af88a3e107fe3c2fbb458d1867ca2,train
aa5a65535c7110bde808e2281b97850aa2d10c667c1d86d22012c1105f3f09da,train
aa5d4b419163e032387f3b768ee5079c6ea72ec771de7126658639d536fbecc0,train
aa613d9ac5cf344b8ec4aa99c46a5dec6391eb123baf955b815b7588ef94a633,test
aa624eb6b04f24dca3e53e8cbea0c67355d739d7133bf88fd30b6666230d8a01,test
aa62aef301f0e63407cf04875f04f45983586f476a044bc49b61287834fec721,train
aa658ca0cdcf3ad34188cfb5fc4fa22cb1cacd58a381f75eaa1ae25c97bb085d,test
aa7b9f83aa1bfd6f0a23c0c2e74b7c343fbc47db27799ebe41a267f7dc8cd2e0,train
aa7e24615d25e0cfe8c46a43a41470a1aa8ed100ad427441514ca0ecae1bd897,train
aa7f9065da1eb89806a835bb9403be68b834d028434217ce19bb4dad9ccc9379,val
aa8667c4e49aa27e4ecc8ae6dea85132039c830e8c163adbdbafd2c0f02dbd5b,train
aa88ea0582ecf53a0a03472f13a4a86bad1b3d9fe5c16edda579de19dec5a424,train
aa915aedd98d084e507a433a0e9fc7d1d777341ec541337910ff9ead50311a5b,train
aa93f17cd00b0932a015ab5473b712953d8c6e18e57a97caae7776e4295aa7e9,train
aa955b590f6685603c62deb283be18ec62fec7b3ec4a77b53b2ec4460bbeeb2d,test
aaad6fecdfcad1a0dd7041455dad4c82f861914f82ba9d123e24356e61ef6cab,train
aab00c1cda9ff539efbaaa4458008df4f43d2b97f86de6473169d31362a8913a,val
aab1209eb63c83eb4908e48bfbf20c8a4f9e99e46784d3be85a84bcf7531e0f1,test
aab1b5eacdf73d31cbe7f11df21b3226663c9073e6871b50a7c7e6a94b960b82,train
aab1f22159eba018cc8bc546311fe22e8049166019fd7ce3b63df3e88c3b4602,train
aab4d90cfe178d1e79c8c2ec3764dded77bd0f62053df0f2ab140ebfa5ac8286,test
aabb3f0ed49b041ce649d2e56d4572216d233e507b6a77ac8254293a1be89f70,train
aac1b4199bf9a178487085b332f0a992c76ccc1ef7a8cbaa397cc9fcadf6a191,train
aac7cff2c7aa2e543d67fe93624c200c3433b6124c5ac1a9d09482228ccc151a,train
aacb65c76cb0a0bea6291db12dbcc9b404c8d1c01668ac9734a46f2c0bc2f67c,train
aaf3486c5cb3ce17082e696759496049deca1de216d3910bc53bb73c13d7e956,train
aaf48e1d2ee409968c6362f677aae39b380ecc41e27db6e770d87b703ad4fd87,train
aaf5b9840a5c49e48addbd84d29168d99fc1f1b67e034bd262aab1fbf81b54d4,test
aafa12b9e0c8e3a065b3bd6e080ae0af8ae49bd66930dfddf43a1c2ea751f88e,test
aafe48fdffce8d589e5dec94d7a00c82ab941d53901cbdcf547ce06c6945d10e,val
aafed2c06302adc87d84edfed8a0c9a51aee1cd01f2425ea6ed529838bbfe399,val
ab07e770374e0d60c7ab6a60acc9b86629ae0e26c57cf7c179aa381d2d6095d3,train
ab098cd42e9ee5511c5a310c49e647b718630b2677a9a1cdfa267a6abc2c3a48,train
ab0fa80057f54415bca873f9b523b82158c0829d42f998178c6c6edbf6fb548f,train
ab101cfe12ffee802982219ef15a405e7857c69895d6c3bdea2e1b8476204cf2,train
ab14b024f985928c6c3d8e27d20dcd6fd099114fe1ace32aaf78fc843110be2c,train
ab220a0bbe05970b50877c36594c9055c336157486793f7372a2193e2513b297,train
ab3d434a0e55f867e1b60c9375cd9727547173938b09ed85f6624742b7d220c3,test
ab3f7708340e51a36afcd1c39c5cf4ba52065fd06371e125e1daec991294bffa,train
ab568196c5224a063a6f318997625a1afb89b78da6147168942ba45046875c64,train
ab57d1178a70129c142a963169d087f177e1e7735477c1d66c0ce7db67368802,train
ab60de5769677fc89549f6c6c43867e5e1bb8c52666a0ee41b41d309a6d7819a,test
ab66b4e749f08287bcabd1ba8497cdf5eb7c01060faca0a2e2e422e169232b43,train
ab71aad72a56b1fa9cb7a87c0455c71055dc17215c842d2759e81b1ade850ed4,test
ab791f02a556fe21a52988703ed5c72c194b90ee5db786e782a65c90770ea6c0,train
ab801d9befaee3a4fc1721a84791668f5f4230c063dfe13e8be795c06f96949d,train
ab81a4ef7e5100b2b66138370a40c29ae90e1f6d94deeb94ed2b157b15ad9ec4,test
ab92e4155099f2b3457c22f9be80edfbbd552415c158ae2e2b151b9df399ae80,val
ab947628a752d60636e0be9e5516821b031b6e92cf66d17cffb4c813f971be26,train
ab9da069136dfd2cc72391e1d9a9f6f29337197c2b4711f44096bd24d4938fac,train
aba616bbecff444f4858dbf759650ee71218b6c20bc96ee507ef36a9f86e8e68,test
abb2de0beb4e2ff74babfa5f798fc995279988b01d800df0810cf54fcb219846,train
abb82d87312c4ec7c7e8a80356fffde8bbe8d85623541d2eb447d91f93ce9e18,train
abbc00831727f72b1c707d31f508772ad511f72ea4b059b6f66b75438f410e30,train
abc18d869bf8998d99186b7ef2bfa814bd40c8848497e9db7265ba9dbbbf5fd0,test
abc34117c6a593f14c4db02255b23d682cfc6abbc5e8ef647be789fba6b34e4c,test
abc719e6cc8c2087eed2ffe57c5e47106ef478ca8561555a74934b729e8bcae3,test
abd12b87be4c110237d8ef15df072c66d3864e459dd743ed92a3f9d229c6ebdb,train
abd1995fea3092357e6099d28c82e2a137abb551a0917f180722557cb6013e68,train
abd4e3ad717fe1f744244540e6dae69ddac0d1cdb3eb400088cf7abd3addba7d,train
abd6c60ef05411c4e783c4dbf6afecfc3752911ce8b82d9d3d67788ab88e3fae,train
abdc176a2b81634912f093f06f9a4e9617a2f24bd70239a414450dc7f2fc5eee,val
abdc4ea1d44e46cf1c07c6e0cc9ede5455813629b604403ee802f125cb7ca1c7,val
abe06ef26c490cb1c3b0ec762bf17725ad2b29a2867084e74ce84ffb25f7bd24,train
abe35d875bdae518ccc65417cec5c8fe5706a0e3309941099ece07bcc64fe227,train
abe6761ae9550a7b90bd504a1053b0296f05155a9994d278dd7fb24a9f60f688,train
abe8cabae2f5dabe53fbf171cf69ff5e961ddbb841b7d12e5edd4c39811ef79c,train
abef0890f62bc869ed1b908bd19abbe71bb4dd0b202c5a15a137244cda5d5758,train
abef712dc8fa4302625924cacd13611b2baaf72d03a7d6577bab123e02f7a4f5,val
abf2f4d8f171c573ad961d7ef07adcf39a15b7c358dbfa99ac47be7e7be371af,test
abf631d37c887759d547febcb1314bf11e501e4266c76d7699aab2f77b5dcc49,test
abf744a6ef9c0bba3865576fcdff135707a9e14a619519e2ec50e0d60bd9b689,val
abf74e87b72c24162b23cbbf26937953f59fa619916fc86efe4379bf1f2c0ab9,train
abfa428f8958383669b29823cb42ea4dcdb5b37907912bd21682085f3ebd2cf6,train
abffe8fe5bff0130d384c9904051158465a72945f6c5ea138c728026939e025a,train
ac004e70065edfdfb0430c7fcfd7309309d89ec0c5a84be5b4a661597dfdcf08,train
ac016cb763e395e38ad35770ac519477d6a691f1f8571d1ef7fa5c8141756746,test
ac02fd857ed3a9a1852a594772a208065504cb16a8b6ea229070b98c62fb5ace,test
ac07ada0feb4787f5e13f8d3d1d669bee359502a2af6bdb9a9a44b8cf4c1b3b9,train
ac0ec567aa839c49f347d60e076db00fe9fd03b74899ed484f8793a60c5ce534,test
ac13a1dbd15bba3e282f59136a312439c864b4d7ca39614a4a5452bbc24ac3fa,test
ac17b89f97629793604f5ec7755a02fc812659a81c80e120bf7f5029525b8b11,train
ac1a32cdff5cc69f26d08188da703c44f4989f2742ab12694e37a81b13c141a4,train
ac1af8b70d5af15cdbf5245d69bd049cacec4a71681e95d1ef94ed2d7e671906,train
ac1e10d8a55aced4be142a8886052567575b2b44605e29e7ce9898915b1de10f,train
ac205d71f242dc6013c36c2aff8dc6c57f46dcc29c39de7d3c4d477eeb9a4a7f,test
ac24e594f42367131bbeec9eb13a369b31abe735b8111c2d34e506f20b7965ff,train
ac2c491582c768c28321883068dd8a301066a4fa614dfcfa7a847ed0b0a30fca,train
ac33553b59e4965d9b475c6015e5de5bd499265905931e82ca7350315dfadc1d,train
ac4531c9911b605d88d3d187be9dbdf4c9bb9055587684c8be77fd99023af20f,val
ac45982d83455d6ded8039d81846cfdba8bef43f716f8684b930509b80ab9c92,train
ac46f28f75c04f9dadd6e0ffa42851461b0ad99e7050c2bd9a7c787a96c5be49,train
ac4da4deba305962ad86cf768241d93602159da1e297dd12187cdfa132b2dc7d,val
ac50384daa8b3aa0b1d576ab7600b88bb68ecab6d04c3b1c0c81f72eab492424,train
ac599d2ec14707c96ea24fa9af602fff028531df94ae5b39b032207ba8e6409e,train
ac634671fd65316ec54905e6d5652c81b7bc3f226abbd3064c27d278199e5c07,train
ac716385afdcc5c5438cdba867e2e19f2ef50266d6672a7edf9d21588dc02b14,train
ac7ab794941cde16de6ed9ace8d33fb7bc3ee3617533fb80404b579ed0439987,test
ac7e26939dbd3221e5fb91b4e0299ab38bde2c13147c15439b3a1243df1f78f4,train
ac88b392b655ca177ec20eaab09d94f85bb427815d6bf89d549e26ac98d02a4f,test
ac8f02fdb995d5608aa0c6f303063cda78967520dd82413d2196f3fb165cee70,test
ac910d911ff68d9a0c8603b6c979615c3fe59b3812d052a66085253ea6bc3dd9,train
ac91caa0324bc2bdc97aa1835d92f56b75aee769baa467ded0996c81b11926b7,val
ac97159e38087bef0cca5bc202ab602f04065ff2edfc9bb20b6ce6e8e22ca804,train
ac9abc17dcb6f67d0d2f182bebb08b9942950c4c299de8ebb92ba7d38b805744,test
ac9bb54d7812418b187ee7a2ea778b38de880ffed6780504a001ff8686e0f31b,train
acab0bb1541b70fe1387657b2e45b1c9bff94b662a4b9ca84ec103ab937a0e5e,train
acaf200ab0ea5ad9e4838f989f6de9ae70097a95303aeae17ff907771e703ade,train
acba615fb0b1f99a32fb5478be02b2f37e7887bac67590f4122ff660ccb08bcc,train
acbb3e72891c83070bc04924950cc36d1d98f51ff5c2c8b9d1b52e174efdf431,train
acc337185bdd77b299cb82e8d5bba152f4dd924e509f854e8b554f4f40073ab8,val
acc34cd5f516cb8bfc2148f5770cff3f3673d764f60d8dd4c9b4fe074ce7e5ec,train
acc3b3ea13aadf0bfff9ebd2f7a44916bd08dea30c1458d0779a4ea4116caf64,train
accab0a3b242f0a32d0ce2c99f84241a2827994d56066fc236eefc68d768a2f9,train
acd1bf7ace599548df29796c1ecb9b03568ccbaf26d25e0317b5d49ab2bf6a7e,test
acd5288567f1918f944eb4d6c68c5f22790127493a1f891d0ac1b6ba270f029b,test
acf60f9619b976ea90ab810ec696ab860adfe9ff1865a92e0227a53eaa6a28b6,train
acf773058a3b6ee46a3dca32cda595934b3f1119412de6bdfcf25d5242f730f1,test
acff4d95e633b6071db40e5a4179fe0ee9e853c68ba05fe52d11692e2d161cdd,test
ad002d91b7404c326f4291e3e43b2e8c5d9ff1c1dae70c63a446772fb8d45a24,train
ad14aed08d195733e378ccebada74ff05475e77a7c658f4acc54aa36d5feb067,train
ad1bdbca2721c77b76267b1f1fb811af21683bc2b9a0b3ffcc53d49147d702ed,train
ad1c1bada414d0ae0b4e64688e6d1af659a740f217b49f30dfaecbfdcdca96bc,train
ad1fb28c7bd8d2ea761f9fa5468866087be1913b293c2a29d25998f03eab0e28,train
ad2004cf80d6e1a13819ce7f8afd1708ef7d6f905084141615acb80543afff60,test
ad23bc2387d97fa78d50039d011b61f74f996e7fa5ae8d55b3948ad16c482456,train
ad23dd5277e1cdb17fb21b80d407f5bb2d41b9e553f6f5eb77e7e5933eae6bff,val
ad28bfb3e0b52196624c006b109f5d2a49fdd0165a65fbdae924f818dbbc35b5,train
ad2abb5d729ad18bc487a3163a39314a99cf8c5cda93ab69931494ddc13de419,train
ad2cdb245d56c50c80a05d851e7042bdbcb896497a12c912b8204465794b5b4e,train
ad31863a270e958835aee22aa49c2acaee8c231aad68c8e6ad1250bbe648185a,train
ad3849c477c7d0be2406c105405fdc866fdea91b8ff691445ab6efc3ae0e1bdb,train
ad443d52282cc5a4ff50d608dfdaf082a789597b2c425fef12c9ca1e774ae579,test
ad4577426e1b78e0dbb2564255c25b245ee93ccccdf9e57b0b093468c4567f3f,train
ad46611fed439a7d1d760cc23077b93c91ad397cb4f22cab7a50565c4d06cce4,train
ad54fcbbb554dd034b32dfe5a8bb9de890fbf8cd2b31c260aefa6c5bf3e62fa7,test
ad5bb6d09b875d97e9b5d62426b731f1fe4257f4388ae9cf80f47ad1eecbfa00,train
ad61f3a3e1f6fe5198a2b0815c7ef888148af943de409ae13f1cb049bf0c050e,train
ad62c0bda06fd2601a0580e3892d51baf74d4c1cf37340f2486148f926c6e6c3,train
ad62f23e59d3494dbc48635f68d151e97362980d7748672d1dd766b31c0457de,test
ad67de7289cc6bfe81c61032ab197c1d80032c5993fc91297c8185c70d44530d,train
ad69f45253ca5673c58368c0f32183a975134810f037fdfb01ceb8540b3beb3c,train
ad6bc925546fa400fdf57998adb148acf4ef1fd14905b965a8402d8724e3745e,train
ad6c366d1ea9e9ff3382128e66e7413a632b4a0b8413348554b990ef39a11eeb,train
ad6f1f12316e76b0e6b46f67c1de846f3e6a018ef0241544bc081dcb420914fa,train
ad728643c5c15f14969f2271bcdd2342f7283e42d15b6c2740d25738f8c08ff9,train
ad72c5f758dbd7c4e9174cae02775f352743125dfca624f142bb312350caee90,test
ad7400b4be03d99e01e36cca04d13e70dd0237e1e1b43207171fee4021830139,train
ad76f447eab242e6cd9cd4a11cd05b50add7d83d019405b22fba8ac0994b9eed,train
ad7821852c6a99b8a42e998abfb2dacbc5730ece36b63a4d7c2eec6cba86a996,test
ad79215500d583f2570ff5e135fa8a3a00ac8b8a08f3b72c74a897c8198bbb10,train
ad808d9b30b90972d57229c5defb0c218628ad4038a4b170ccfe33f73f5de5ec,train
ad84f4be73383fcbc50bec795781f65baf3a6c4cac37eab2da602ab5d58e11b1,test
ad8c50e44f8d5f10f2d1036c1b1212fd6f3953321b2c9085fb803cbf86f788db,train
ad8ce26937b7ec701a29c904c2e0659f888791d81be2e3a17f94e3a7541b7ced,train
ad8f3b4a91136fc5dff58638828a5356fcffdc6a7497067c517bb4e9ce9e526e,train
ad8ff6282c40d8c61fe7d92c85ab0be2f1506e4e903edc1bbc162077a0941538,train
ad95945973107db2db490a51e5af3549288999cd4596ff010788f9ceed99b1ca,train
ad9a3a7fd60f0b537910ab8e9b26c0fe0d98dd3ee4abeba09e044a428e1944bc,train
ad9cb73a5878f896a0f4116dfcaa32d031823ae0679f25ab21e91b749dfdb9db,train
ad9ea5f64fca68fe048863728003a9332d36b7cc18dcaac0e25bae5f73f67e8d,test
ada2097107df816cd898e89f20235ce5acc4e9a31bf35096f2602998a570da2f,val
ada3bc96ca2b7b98656bcd1228693c97cd1c33a80988ec4e5cdb888711b9bcd1,train
ada6ac4313852332b4657b85e5dceb0dd415b54c238b7dc077708cf9a7d531ef,train
ada783aa41a68db0e391450999ffc247e7fe6667a5dc4e9e1789d3700ee412f5,train
adab2b8565d30fbb897a8084377e4df03899efe06f420821f367b281d28c032f,val
adac19a80c49489195aa5937c884f693fa6a414a0310ef84ff23b400a3fb305f,val
adb33949ffe59fc218ec0ed59077d62576bb3d546fa176be8fbd84af004d3ebd,train
adb4383291fb042cb77835b209a4359714fe5c8c32c1d5edce6de1f960c2f0b6,train
adbf5681ef7cbdf67d81893fb93ed54902db49ecd8d9e82e66723168e6b93ffb,train
adca330f2791482b2532ec6b6e88cd3a62361b82331cbab42e7913c2494a779b,train
adcd8eca744e21a0313002a0a07935c249d0f9702a99496cc3d98af0c37c17d0,test
adcd92bc1683b1c9bef89803e428572971bc7ba5b726784bc2b6768b3b4438af,train
add20c96ae8ca74b63c47251588fb73148391f241b2eab8bf6af41a27049b96a,train
ade7eef02bebacdd83fa3cd9378ce4a7c4b03abd26b2819091752bcdf0f87d23,train
adea8f575aee650d75e2021ef8d884b86765c3d5c71b74fbad4c4cf9bbfa6bbe,test
aded40a261a47d04c5f170e487b591b059dfd8b1246edaeece4873aefdc927b5,train
adf59a4498fedc18584507dcf5c577f5a2bdc196f48089507c1db97c35aa3a6a,train
adf956a4dbccb777558524603565ffcb85d7ea4fca804444d9b681e0d7ff8106,train
ae04881e87011537995ccb02d5f764c16a961560bc273756aa12dd62eca26d28,train
ae0befc45e02b0d8696b7ed4cca22c154731962eb31d311bfbcffb7c46158f5b,train
ae101d1c18637f9ccbfb4f04c8e5fe49902061256be4b783e1d5617be999db9a,train
ae120bbd32ba4f014a10beb60fa33385e1d88811202e977d9cfb8bb0eb23cab5,test
ae36738f549f4b7f2bfef49427a8d09f836f8288f50e6109873047bc9c4295fd,train
ae3a49d859ea6dbc6379b7b84b4c781210bf35a07b66cf92c8ac07ef5550cac2,train
ae3e0d480ab38ed356ba4411498fff0e3dbbba5cf4fbdae53754dc9e0dea742d,train
ae3f386e1b274ea17c9a5d198684fa98ac363da56a3af40febad6749315ff0f3,train
ae48417182f60faa38c51de9e1bf9b0104f97037998b3285a3adf4c2f41506fe,train
ae4adc3161055825dcc92df28fbc198a9d28c03e7b025631188ddeff76e8f140,train
ae4c4cadbe23aa72a0f534c03fb3b2774e8207f2c19d0aace3da8154cba817a2,train
ae4d26486f4423cd63a118094262ed902e7a33696bb6c5670d3402a33914ef6b,train
ae5b0a5e297f2166adbd37b2ec3446a3ba97731b9694121539bd21a06371cd42,train
ae5dac919df6e348aecb31f3e8efcab7b9b9345d08dbe52468e0b2121c0d97bb,train
ae64f9830839288d86f23389582c58f8f4223a20657c6a22be1c9c4d8de76c81,train
ae72758f14ee84216243ee32a9f0a68cf83d6e68ea3d23b618b21af33cd05ea7,train
ae73719170d539a8956e1ca54b81cd02bf0b1598a9d18c404479f651ed6ec801,train
ae812b4e599f6abb2c4a8656bdd3ce3836a32238521b7aba14096af4d5ee6358,train
ae843f5d4ae9932fa87717b59baa0c147de9657009dd05780c71ac0b8aea58d4,train
ae9598ed547cbf4b83fbf6c0edb93e63ac25a2aded3e7d49e784ba598dcde1ab,train
ae9f09a52037650b085371027d1d419aeedc39d8a891cd8306dd663000e7683f,train
aea2c8db84cbc21a57934634e55bf7660cce6570871a75924f5387f29bdc8ae4,train
aea39b2780171d4101066385e473f7229fb39a069b1d61deac996f8bdd471780,train
aea3d010cba3626dbe21529aa4ecb07b38ac046eb4c1d6fa3504e3a60e2a6296,test
aea83957f8494432fe76903166de87576697e499472b1eb4da5677b50211c107,val
aeabfe6a3ad0115dfef52c44c7dff44469889e33451eb1059414f816025208a4,train
aeacff4ea026e23a967d930e3c3537a47a6c36c9f6361ddadd0bee619a20f9b3,train
aead7879dea795b62aabf1cf7dc76adcad99313aa8f524f4705829f153c8b423,train
aeada10ff509afee533fe0a8766f88cf0cf71dc46934aac38588913c972a810e,train
aeae36fc2c7287b3083e99442877c9895d353b25bd8243048fa28c9527de3914,val
aeb2228109c83731257be196653bddc298a5937255e5fef68b380318565f6639,train
aeb2340a62978f1ef12becb72d3fbb75eabe06ee47daf9ffcacc72b22e7d2d31,train
aeb6c53f6a7dc4c76da77d0b102f8da24cfb578d4938131b0b4b169b1eae1dec,val
aeb9e2a626fcfe967d6d17ede4097410c75b05de5db098f46ecf9cdbbbc978e2,val
aec06eef730e3730f41dd61717665654938c80f48af7c027da83fbe4ebc331bd,val
aec6dcd9c60466956e62fa6a802c365bf98782926728af8a4d0dd11f6245f288,train
aec981beb33a514e3608d1309582f2406103e30eb4d82308512a4b7f2927d1a3,train
aecc7e8dba1c1e6ec6d5ee5d7fde4d3ae50a441fff54eb3219065edfd0b7f33b,train
aecd846bfce6d7569f6b4a917f9bc3525b4e978d65e7cf8c60939bf9dbeb54c4,train
aece2682a954947e173be6e8fa993b8d152d17159569db261c382ffb2864436f,test
aecec29edff79ec5c7404847584ce0e56c0d975f58a977352cabee5b178facf5,train
aed4e91875e2ed81ba16e44afbc04dabfd3d4fbfcc7df3e9c4509c1bb04ea240,test
aed6c6a96ef0dc504a38bc05a7b30d1baf3d5458a818b4b8058b4a3d3bbc7a67,train
aed98e4ff4bba94a1698aba3c66e5107140d27c0cfbc1fa98df1a15b38e929a8,train
aedbeadd71c5da4341d7e45adcfb635353ed751d56ea8c8863d2a072fbc97dcd,train
aeddbaa734e7fb1ce4a4f69c52e545bb16feabbde5df1fa57dcca0cc23f9a059,train
aee375281abc6e1318b08297ba8914c9c193fd1711d1ffdf15ddd9ab561e6596,train
aef88fd66e121c66098fdc24aba5d5c6fab416d4328995f7e7a61a5a8e3b972e,test
aefb1ad9acda6cfa5fa194bc47c330bf84599cce42ff8917cb6bc4ade45f5984,val
af12e6ae9a9bb247a30632f88ad59df1b63cf79d27ed34936f381f7fcfda2d15,train
af19f8755e6fca753bbef988f3a6c47816345e7d57a3cda97474dde973d4fca4,train
af21efee8364bc39a23f7fadb0536db4cd88f4347cf5c82d1b1376163306d8f3,train
af24cdbdf02277a69cedc9eff159f31eab07db51d9d316c4fabb97707bbcdc09,test
af2ba3c0c24c996353a03b93586b6ad8f31a88a77ab7cd0154b85777092a9dcd,train
af2c202dae1b6859cbf7a6696a2ff97db05bff8483c9b2669364bfbbf3b80869,train
af38e380c509e138e260c1f6a2358dd8e9beee98e676e92b39c5a170a9e97ac0,train
af3a0de513afb3052c9de2b169192dee385e8ef5a08182c233a80129593313c1,train
af3e72b51b96995efe01b680a602149daf3b61a3661f67b2e4d70331aed937ed,train
af4801da781e96fba44ffa3c00ebc061994aa509af2c30180ef95c52f1e2d2be,train
af49aa6c63c9cf99d63e5078ade827c7a12a042e580348f9649ea655a299405e,train
af4fb8542fc83bd57b0392f6818a28eea8e5f35efcf3fb6dcc66ab5870a7cdbd,train
af579790a498684b8e31b792df5248825d3c08e47e93e081dda0ed99febb5a66,test
af5c1ab352b13b484cfc194f2fe8789bbd46712737987c4c4f4917f2a8b2feee,test
af6228aaa49f1917985ef4ed157c2c1c623d680233522399d5b1bd69ca41de61,train
af6ae2d10437eda346235151e0e04035fd28078471c978ce5cd33598f8a599b5,test
af70bd33a14f1b3c1097efc5b20457d6f35431bdf453d9cdde286daa7fc6aa22,test
af8198fafe8caba74bf55baf0af5332ba3fe3dba0e793a7ed6f1074e030cd5e0,train
af841cfb379397d2a5123d0b54e62a7f4a82e12c1fe5eda3061cc58df417a4fd,test
af861c6e73bc584af402e2ac6efa69e457931f87a6e3c8dc234903a967f6b4d3,train
af8e54df2255b3fc5d4b6b14eaf2493c53f253b42fa20d586e5fb50a1daa74bc,train
af902e93dd473e4f259c7dd180bfa8ffb0346889b940f895c2b376e2b19a415c,train
af927abf0028fee2e2c47aee03a7dfe9328e3adab180c89693dbed5eb512e567,train
af972f18acced951634d3b7ec57b49b32f7e81c98ce6b97109904ab896a22b16,train
af9e5809a19c08beb14e7cf359e67b5c84deab79d67646bbd27220b75a1814ff,test
afae9bbd6d6bb46d61ce2847b4b68e1388df51f6595bb748cc23ef7463649cee,val
afb7e2740bacd5fefe691ce7804cc28e503f57edf3e84e3906121fd969e1e4cc,train
afbd1ded6de987aff29b6928c7c3e8ed551c264a7a2637de69a3278d10f57dd0,train
afbe5a0390bbe4de5d766432f06d8259b388e35da03883f18ff94ab4281f1d2e,train
afc8db40b5123a3a787dd24159635388b1044fa759d986f3dfad3f5da5fbcb21,train
afca1dcbbbae898abc204b1c02e605c84dd3b76c57c3d12a77d2655b80b916c9,val
afcb341d41befe6da38e8ae4b02faf308668a42f5941c28f4025f70c55d82f70,test
afd1148f3c13fa6c8a5122e4c0ad838126d03e894b7aed3be4ac25c480f1ec74,train
afd3441b8a363c58281752e5e4dfe5ba1d894b1ce6ff1c194e3762fa33423499,test
afd3bbdcfbbdbf372fe47f2063293c64fe6700feb5bae772c145a3681cf4a187,val
afd7c8e90ad7f87243b62fdba106374f7cb14d3c5f6f2810d34bdb751aed858f,train
afd808910907c5f33eace69bf13688e7274e045ad13396c808ce9d3824495e1c,train
afdbc4c833d445f7fdf0ab2d97fb686a6d8373027086cb1e0028e0c2f395b7e1,train
afe3d6f1b9e60ebf26cb723a4d3815c83b9d72dba8be97edc488c5eea4e8060c,train
afe88155433f79d762d69d9c0b2ccb243b5f0b486998911a8ac5e685c6a4642e,test
afe90551ecafbadab3ced0abd45964665ee3464fa322c9667f0e9847d46834a4,train
afecafa9fbc221b07fc1d1c44fd7009d27f21950b21d999ff707dbf71d51e1e9,train
aff081596d0ba9e48f0b3bde4175ba0205cb8f15e3bf52af0bb4cdcb401ead00,train
aff8a1990b03905f94758201897d64a53c9e6d76e5f536b63f3daf5b83d761a0,test
afff5160fba822badcc877ae833979bef5125f1e98a3c79cabd4641dcfb25f3d,train
b0003dd2f33741282601214a4c06841c7dba58e105406cb2b9abd9caae18b21a,train
b00075ea76a5f316ef5460f827a62973e976c0e607b9f97c9a22a4e833c14c2f,test
b00402d258455e063873a6ffb4ae37537acb241eccd34402b4c97d13a1475fd5,test
b0044fe9e20983758b12d4f9f5f8208f397758263290cc4a99146a52abeccdff,train
b004d7b79e85245e7f6a8a39773b3c2b19d580ba753ef37ed9373898bd813ded,test
b0065e54d0f16c08e15dad5e8515d29b37e8068a103bc0bc4b310935ccf334e5,train
b0131cf7c112ab284c4cdb669e137a68d6e661d825be7264e5586c3eb0c40f11,train
b025d3220a702ec6e59c7f1e83822915d6aa58fe471214dfb74d15e49dcfa056,train
b027143f05f4ab6c1e2199515de4bef8c90090d2744e07b7e87db2c184c21a05,train
b02bb1645a33d5909dd5888086d4ef16453169b313a1bcdf76fa3e54c03d4ebe,train
b03319a5289d4f683090a57f2e657a484e4f797dc958bccdb00968903b7e7f1a,train
b038e782af862e4c5879b438a3d022c60e3768fa64585f374036658a54d352e9,train
b03a4a6b712dccb2c4cea294b03030d0190ec3d5408b81fb70188719c3a18436,train
b045610f47575ca941fe8b570a822ba907a4e46dcadce0b4d5ec8c8e244b3609,train
b04c11502d4a334af5c8d45ca0c79b2914554ba16f595efb5703855c7f78f0cb,train
b04f3e29e1209571161a7cc14c14c345a4927e3f1a24946de8ab7dc183863ccf,train
b051e142e9b35e064e64644636bb8f930dd7a033ea7eb3bd673c6d87dd3d87db,test
b05908603ec79df11f50e03e5c8ca6f7ec24f380ab3f3b97e735ef2d1348c935,train
b05d65a6a7246f09e66e5db49604c547570b06f61574e6ee80fe0bb1f98b17b3,train
b05e58e4430ed321e4c38cfd4b9eda48a27b6175b897fdff5a97bdc6c924f421,test
b066680f4e614b1c7b1ba34f39090eee263dc0c300788a42de9749fc88c3162e,train
b0717129fd0a49df24deeaec5156c234b459781b5446b63b91aef6046aacc271,train
b08db0c9b5ef59c89d6f0453d068685e2d639262f338c8c47d7a1113d6135644,val
b092f561c08bcdd84f5ad3819a3c2e6ead9e950bd346d1f02ceb1f6f4d6d2971,train
b0a400f0b1a9aec2ccb87e308146eff5a98e1f86a78e33e9002f4c69bd40e4f3,train
b0a8bfa52ab9a579bd1d20773163047be23351c268fe3aa812925679f8cc93b1,test
b0aa836aaf1d9c6c665018da98d10d8d521616e1d7ef9fa9866be03fc60d7367,train
b0ad893058cbb278cc77313fd010ef441de016e897ad8759747a698021162ff8,test
b0ae293db5172712f7faa273eaae5dbbd1c24163a3031210622a568583c42b95,val
b0b2e4d8cac99b8fd30c7467ec058146c7bbeb8c5a40b94ca428f9cbd8925ea1,train
b0b3586d8f11e8f2a6787f5789ca4afc3d2bb56bf8e669a2661da698a27391b0,train
b0b482bf515bf2d3c267ccf9db3af3d26a7f374d706ff9e01d24f1212e989151,train
b0b5b78493abbb6c314a96e1d9db8d7a902b4adab9095e5895b98510f2a30843,train
b0b63786318eb50c60159a73be32a562250df987664d48b991ecb6d50e601ac7,train
b0b6f5380eb080f0451a0c7a55ccd6256bb5d08b6cc3247fd27b932c7644cbca,train
b0c016339c6ed7f7b75ee62d4609ca0dc2de64ad9cd0a5722565425e16376824,train
b0c1b2437d577083a269d42d2a5702daf5a5fa9b16d19a6fb5a7e10bfa1e88c9,train
b0cf045fe790924fa846ceba3e26c2ae94602b4219451de98917338c5a352769,train
b0d353d68a1fb734de4982b6117f311cef0f0e9f7df4b50a10196887a23650d1,train
b0d8368e1dfdad2900e7bf2d096a78af97f7ebfc38152978b72b5c3abcd71b21,train
b0db7ecc5a7ac3634f270ee5ccdcf90f95dc993120e5d89ed0e599563a0a9fa2,train
b0dcd170f14a9ae032198893b6d61d8a436b492d5a82dac27d17c33772ecc65b,test
b0df0fa2b7a4b2bd11e33a6ceeb0b1b28ebd3fc985d723a6838bf60b63316352,test
b0e17edd081fd341b60ab15b696253cbc0bf500c4d9e32e7647bc09232e2f7a9,train
b0e34ff3e569781776d995c5a63ae8c47fb2b3e42dc4b04e6e7015e56586a136,train
b0e8e82c1964a739430a0c7d753696c8c7df0f0238e0a41fe212b38579e45e06,train
b0ea81dcd0f1ce68ecca2c200c225cab0b408c3f212ee6c7a1205b87c7ddaf4f,train
b0f4b3ee8234f5d5d7277ed53b4925f236d98fed3557556a5ea62a1f911d929d,train
b108e7cf1bfdf7202e06868f8dbf5b1857cf14858da538b0568e7a22d1f8f61f,train
b10b894aa6419907bab974d14ba0c5e8feb87c88c6268c41e5170b92d0ef432c,train
b10e53c44e06d98eb7c36c12fbc9b8dd3e27eb44a8bc28533e2e498716f37d2b,test
b1148eda1ce1a7ee91c918b8adf4e84b4227f792d21ad20337f1aa1f51619580,train
b1176038ab5f300353cc380b826c68d3ddf5b9430ca8cc64c91184f5a44a5963,test
b1197c52269c6f639655b8f5d338589b65ff9301448a5fbd741bd60fdcd3f84e,train
b11cc2f8f3c2e8d2e0bd65d22da09a50fd2f92da1ba7094623780ec562917f81,train
b1226c8c6dec72812f8fe6d19e6470d25afe18823c01c1f96f68c63e5ca6c431,test
b12705797d6b57767f1966d32ca7ea28e2bdf2e71bd9b69fb8a70fb31ccc5546,test
b128dae1350ce4e13435dc27719b93498df517bea3eb9885717162fa7a5ba481,train
b12a5593055e09444d281a8aa52fd26bb4f6fb89b7bb6fe00eb3249ea0122337,train
b12b27db64a0371fccf498f894b7bc56382c2b1f9630e9336de427f892054ef6,train
b12d7bfe2341961289ac86affd4f30f46cb29925d37460ad99fe0f5d73e28531,train
b12dced4c5eb8d30884c637df709dda03646f5e705a3abf25ea058d6676bd1d7,train
b12e20e241b2eae370949fdb207061b014b7433c34dae86f47526c46dd351478,train
b1330c2e5c9c0fc44d35d32de9da6f10e523f648bc68119d74495ab5c1098574,val
b138a9ffd6f5d8a7d189f8d175059f4099620984d4df640fc6ab29f3fa54ab81,train
b13a3fbf05e69694e1e3217c3a876326891186dbad02d2c8f012e1fbccca8fca,train
b15d332b4a39560f1f09ebb5f11f7572961e5ece7fd2ec45f564d884e840029a,train
b15de1e9925f7cbd286435a8139ce27eabfa9528d39e07d11ee9cb0b025586b7,train
b15f8a05b880596ac8bacc3315ce8651740f81f011ae7a85610bcc4d3d43d02c,train
b1679d1398a29ab84a9a5bde7e62e7d0093960873ef62a3094b63863fab9436e,train
b1693843da495ebb6e1340cc68f8a1173fb24ef2282dae7a8c8b64dcd708d40c,train
b16bcbff9d5be5140a65d2cf95bc598ada65e4a104bb45a79a3d72eb7104f015,train
b1724a11cc778dd34625ad40fd8f4390858ce162dd6c5f65b1bba6794a1e6a11,test
b17cd2191a900a0671f4924ab1333bf48282b38c0b4896c379bff01da6184451,train
b17ece05c6a98f7c534b0624de98207dffd425a7c2691c7a1c7c712d9aca55c1,train
b180a8d65234b2163a95c98800a9c4e1896ec73c6ac69cf5d5f3bcfb06f9334c,train
b18427e5ecc60f66686a2041b59429c7476fcd436c3e07fddc4eddba8ee984ff,val
b184e512880bc0c4c41d6a48b92c5ba1781333e4f7c7a8b4b8a53f925a91fd4c,train
b194f723d91ba9e3634675df86182bf88841ba66f7ffd4826152f4fa6040cf7e,train
b1976da74d1f6ee57b05c4a1065751d57c6b725c7a5f97fe4a1da9dd391f8165,test
b1988a0199c74d70b0c2dfc1582065ae238fa562ec558f5ec3b778895548ea88,train
b19daded409ecdd095da61d93cb8408b9ad347e7007d9f52abd3f5f2069a624d,train
b1a00c707114121f8aa7e0ce7b69ab9e01bcdfad04733148ddbddf9da5b3cf5d,test
b1a3ae9800f09d75b4f9f90c0830f308f36aea77db2dc7e1f6fcef234568ec0f,train
b1a9a25416b86d7ac8cd68ed14322a56538554282cefb1346493829d46c87df1,train
b1b6ce3cef5579e9bfd1c4ba164576ea4c570806649c0d467d0ae7dbb5d91fb7,test
b1b735f83293ceed779a43012399ee533bbfa2362c46f007d676598a81fc11a7,test
b1b9a350fceee76c4af5b44db59c4084ceb2ea2c94f9fbf2ae9285f2b5ba50fe,train
b1c77b9f68989686d8b54f5458963368898cb4fe9783f9ed003bbd15db593020,train
b1cc3457687ad6dc4da5ad5f92191d1f63a26a7af45ed810903b8c879581ae98,train
b1e4a1a4a3b0b2acbd57ec1c282aca8c5341d4738a28dce0abb660561b417b16,train
b1e5474d1450891885c7e62dcc3aa0c50387d3c7405a706f3764b801aab492f8,train
b1ee30977419493151b68cf16be14e761513d69bb68df6f91ec3246d9b2dfdb2,train
b1fbfa12e43da2dae0953e524f07c235bb793b2831345da86b6b75ebe30a4199,train
b2013c2640d1df55ee893733f1458b33935df96866fdbd92f54452f73d6d4972,test
b206f16315bad981248150bded7efa3057ad8207a929fbc3996ac00e452de50d,train
b213ae25705d1e2158c522a4cf6de3c9674e7d21f24e79f20fb1bdac4d6dd0d0,train
b228430848ab3ec5d7f4fd87727222fe0341fdfd4bfb9cac3d570292545e7412,train
b2296fcb1a1244c6a8fe090f4bb1ff44cac6db76611b185531893264491e8ff6,test
b23636d5497ea79a96ac881f71399e7ae01388a0190de6ad5cc142557472f7f5,train
b239b8c5d44e3a7ab9c230c64524786964ec52a2055817508733e6280a16445b,train
b23fb8f9a988710749e1cb46ca011fc8df45ea7bbf24b0b4f45c6098ae82b7e9,val
b240a695323c8aa5c0359d6721440d5c37f43eae40e94042132cfe09d70974b2,train
b25125e4a8005de2ef23020344ec7b1abbe503a1d85a12805d54367e4cbf1745,test
b25f454b65b392ad7b57938615bd5608ead52082379effb79e8ec1da12d23b3d,test
b25f4a060ea1b24f846e01b29db0b981705f32806bb0dfdfbf12dd8a5d87a45a,train
b260eb454149eebba284e0342cd949127099fbe5b6b89f9316f785c941f161fe,train
b262f7ef3d17b5fa6889b8c81b9407b0a82d1b1fdbda1bc00ed283da3acc0177,train
b264fdf63b94e8d6f86b6cec1356a89f129803d042b3a4e9b304040fd9d0e00c,test
b26602aca0c76ddcbdedaa5308818c73d9a70d4f98820c723a61272515e2ad5d,train
b26f2390808fc43d2fe917eb523580feddf879add8e25ae14f5c1f5b89958f5f,train
b26f98786cb2fb04d92cda85b2cefc3668844cba904d0fc65d2f387ff53cfc3a,test
b270aaeb0ae606fa4f6c46781f01302ffb27ca8dc37da263edbfe1db7289e8b4,test
b27190195ea2251484f41cfecf514b3ad66d83420c868f9458e26e2f4da3cd86,test
b272982e1f77f2854b3fcdad23e49dde99414c0e6c3251c3b9fcda91777f380c,test
b274e41505ff368d7d5573d6df7d7f2a9243bf542f9844b07c9aef68f63abc40,test
b275ca1127b1d7361f98c5d1219a8cb6df01291db7ad873ce3c119f88bdd0132,train
b277026d9bda048ce757e9a32fd7e3d0002986f93e8b92acff51d65c464d87e9,train
b27927bb13bd445213969bc016b771c91a53bdf938fa81b3b93a5577685088c3,train
b28c240fbf2c043dfa389629e6f7a9bdc4aa836db59dbfa0b5550bca2c0ce222,train
b28c683d71d5f359e57b66eca06a59db3adabc8a6ef3b3a8acbd8b07e98b08d3,train
b28ffc8958864a8540ebdb1b0da2174e4db4422be9a54dda020cf3a3efb9c941,train
b29793ae6a37a3052380fce1faf6a4b903ee1966f4830569849035345e154f50,train
b2a81df167dece2d733b5eef65c07dc05f909e59be78bad707cf8fe606be9686,train
b2aa06504e03fd2fb698fc9bb4d2d94e6cf77e34327da76b292304b04d516b22,train
b2af3532bd9b616372ee33b7207e8b6924113d017168683f7dd3d7e2313d7914,train
b2b1492f14cfa55031cb2d8fdecfda075405e983e12cdbdb217ef64d1f26264d,train
b2b1f69e8a332836389377e1579b9c75c4fb239a5c8514f7d28045b1f31fd62e,train
b2b3e75b58839b08a2c6c1b3931d51de07ac86016292d586ee6b1a6a4e726b01,train
b2c5693a7749a4008d3f96c90d9985aad4fdffceb82b445d5eb8a2e7859185e5,val
b2ca7f03d2ef3c3b079601c0a4dfe37fc9155d6ae119fee2aa1b299c4ab28248,train
b2cbaad861b13ec03a5b1f584e279449165e9da878eac990bdc6ec9fe46ab7dd,test
b2ccc5e2e2480ed808bd2b820471157626f38108a38cffd011386fa4fa2f8576,train
b2d3f792d268dfc7c6023712a401825101b94769d61d96150b4765c9f8a963a1,train
b2dd2265d251a573cb5105e2e640df49a2faec9a42940dad50533948a7472b7a,train
b2e264c9470cccaf69bef16eca4a7ef7f8aa4b47e0f1057d94c79de2be3bdbc7,test
b2e525280a3c8a7524ac7c1b8937d28a0bcceb9b18388c829540e24f1c74d402,train
b2e8c67acc0f7e3f42d987f07f86c1167b9c912b291b4facf2afe3aac790adeb,train
b2e94890d8b4266d01ca364b6e54fb4a8284fc9ec1bcc30e02fcdc6fdfd3d3c9,train
b2e9857c7c8437f630f80f59314fc11c14f286f217684a08270eb2504972758c,train
b2eb14b71188e029e26bc1bb263bf034f738cc6bcd4caf33bd41b14e3a5a2b5e,test
b2f9a8cdbe56abc8d31297cab777c0eb8ac746a1df49d02e7a03f84e21cf5e91,train
b310e584fc433e49048ba107555d4a67127cdfc1cc329871cf0ebb554585a1a4,train
b31c31444e4fb42cc7a2095f7e98ce456b4970cc13c0eaaefe65d7871c31ff9c,train
b3252b31072f078ba1e59e9e324ddbebbbedc46a4fe524268bbfcaeaa55f1f07,train
b325a4e838a22eb0f80f8406bc8c480f0795e821a546ff72f53737933ccf6aac,train
b327178a292ec9d1a437c4486a84a3ea0aea7e635ba9581509d67e2083aa7804,train
b32cf60fac8ee520658aad95d3404e2ea9ae9b8928726378e1ec384e53cdacd3,test
b32f719c79d250ceadb36db9e4b84a48571712460462f92e7b2da31a453ced83,train
b3320a9183cabc01af0c46c2fc06b661d79b6b148ade4a304fc7410f11f8832e,train
b334719c219a936d7b204bedc5e7fc797ac7685f32f040a6e0b50134c489f7fe,train
b3354c82dd10e5f268cefd12ad2bb03670ce2d58868e139428668b2e4bf25f1e,train
b3360aef5e1f5f7b6a986dff63b1e673d396a4374d106f0b452cedea4cd54393,train
b33d2b6b7e85906044c195b5e9f723306b5586e13a1e6ae89ca4c19fd660e0b6,train
b34ffb9bd7796ca55e0324b9a90384661d1d9dd0c88f2bc49155ccfb52ca7b07,test
b3595306201c89948cd2fdf7c1172d14d23eebadc2420619c4c7ff0e24b8d459,train
b35de933bbbce51c2b5f8268d96015b76336115e8ef280e1582cc64a9fcf8e3e,train
b365b7feee6cb0e0a9c5409b9b92e9e5accd1e627ac0de62b81a972900cb1313,train
b36b0a45ff89663cd8fd2bd920fe252b68cf32f9a43bad699e8bb1c27c387545,test
b36c8ff2ef93b145836d13a2a5b9be54cbb076441a5a97f15c1fd675c44561cc,train
b36e422dd6e01ff94958bd9789ddc91b6b54457956c21d013d6b6c2b5907706a,test
b36f2713053c73f4e6f75849e46cfe6c035004e8c1fff99327eccb8525c2341f,train
b37c4f4851c1de526b16410c5b5f9e051ef1f64c87cd18b85e3b8df44c88ee0f,test
b37fd4f6a631e43d3d7529ff57765420f7037424051356c45c5ae2249615b04a,train
b3929f94db2db2175dfe1ec0767e66bfddf9b5cabad27f15085d763199d65b4d,train
b39bca08f0792b7057dafb15994edac4ce570f511db9d9a1f2b7af0eef485b11,train
b39c672cf986c3d3c1669eaca4d577cbd2b899d5aa93fe7a1c3c515bf5f26e43,test
b3a2641cb7fc387ca4feb56c92b07b79802f75a83ef27584f997662ce2424a46,train
b3a62a018b8b46a57765ba50d88950d8cf620ffc75c22d34f2af2c45698b6be8,train
b3ac893937865f096633741d1b5406332b58659e12ebc6d974cbd37b9861e4ee,train
b3b0978937f0d67ef89320e3b177c36f8196d356950e442abf86cd6e34ee3413,train
b3b9a47449742e0c620f57a526caa00271cdf90a391f6a8ccf5b2867522d61a7,train
b3c08346b74dcb34d8f00ce579398526526d7cece35e57cc5c9f17b3ae70dd81,train
b3c87630504799951c12d3e9d79bae819f7839a934304b37023447a86337c655,train
b3d378358c343c0ec5a7ee3c21062ab270658b0c57cbcbb0ddea280b7a6a1193,test
b3e5ec06d304dc7791adb946b669fd213759749d3f4633072ab1843ac2f97baa,train
b3e6a97e7cc121cce9d03e21b67ca298abb9e4040e98ee42a21de2aa07d56db7,val
b3ef78c54e045a9286367f3578696777dd4505b6ad0a4575af996d69b90e257a,train
b3efd8957b451c7799b49074ce8d7e28e76ef555bdf0795dcc2adec75b827efd,train
b3f03daa1fb04f3e9cf2474e80211e8873b98528bf43c9e2ab0316d0d866d781,train
b3f80ff2ddaefbf6d94094108bd923a67411ef8d72aaf156d981f7f568a852ca,test
b401751381ff9991bf5daf24513ed6274f9e150b267959d4de2c033aa1ef59be,train
b4056dd1059d123cb4be71c8bc827cb9cb2863f8058b3f6edf155f4e624148bc,train
b4084340426f59f135d4cfe4d556edc09ce234d7ba9304eb991439bf0abc6a10,train
b40a95fb089200eb983fc1f1e9494454d504c046394c6ab906e55261e793f7a2,test
b40b9bbca44233a5b506745066c30a753b1d50499b6d60fd373b3e29ed5066ef,train
b40c754a1d85d1d65a8df2215086a1fb693cab07d426a2a35ec1698718483cee,train
b414827700c585125bb15b2a913fd38a206731ac17e661670b7997f60a773971,train
b41ce9bd863874a62a96c1961e7eeb8764f4f7bc5a2544524fd5583840fdd5fe,train
b41f3dd3f40ac88eed45039e112f431bead31a80bcb409683721c9ec141c8544,train
b41f72258dbe6353840d32a1ebd919114eb53b47c8465ef34ede2b6b4a46baef,train
b42470f5f943c54e2c9520353af8eb77117dbe0880d1a735a6413f01a9f412ff,train
b42dd1084744c3ad213f1f3a946036e5f98189b349ce98fb8de746afa057a0ce,train
b43c5b7dcd9cfd8c22b270697bc86142e04a4cfc50c7b3d277faa08401c15299,train
b43e0117a9a52d777d81228809338a1e48dbb3d5011140e0719590f9bfd69d34,test
b441f71ceeff2cbaf3eb72984af80d6e7295836f37a7a97b1ac6cb14692c8cc0,train
b44d1fa63d290d83b9f48331cad188bee52844706055028c03802ca579f77de4,train
b44ef33d0e082a7d29a386e74e35f3da14d4f43386d09483e1f2fa7e19200cc3,train
b44f3a6a6dfce02db3ee22def0e393131352858e7fb6f8ccdfe7ec9947f0f0d8,train
b4555a6e1a243e79399238656a55d3f113f94720f297ce3731ef951df5d89257,test
b45835286fd0f20634f2717ce361856a7aba19f95cb703c222a42858a678243d,train
b459feb33d7032cd32e4b0eec0d977340a06f84795bf41bbaf622fd05c105bdf,train
b45f449348f27f96cd0f6c0914159e2dada248e34c5940ffd6abce8fb00f8ee5,train
b46f0325fe932ee3b43189aee4c6ffee3ef48c8b560295336383e90e5aed5f88,train
b46f6305ef3f3d8ea4aced5c12a0a97f4d68c288004167ee30faf4dbbab0d4d9,train
b47230cf837bdd7bc7850a7ae4d2ddb31d97fce3f641946d27c50ac821656881,val
b47e11a2b0d6fb51d2376fd4cce60c6c03a6891a6e6fb434426cdd7ed6eeccb7,train
b4812cdd845ecf4373428a375da15a593046111a15f26b7ea64e35cca212fd20,test
b4aa3302ec7c2c12488af7f95e12cc606b26221df80eb61165b168e88bce1c69,test
b4b2f9b9d990ff9e96399d4bc412a14b2b2447611722cd36f3688cc15c62364f,test
b4bbb66ad8a60879fe45e1926766216cbea7d86ecc2a066becea513b209e2fd0,test
b4c810672a2fe88f90427ef5fc062d01894079751fd6151e32d7661c839a9ed5,train
b4ca8a0525c8fff29bc7d5d98001f8c07435dd3ed0bedb1c122f624961e11f32,train
b4d1aab60c783beae40e97fc47b05c3b3c414ba057b9e09543058c308aa77fae,train
b4d33997a9dd1b9e44cba232a914469dfed84ce5ec4082c6a83ef67737f6131e,train
b4e81cbd634dff64d799bfe97f30480ed62cb384078ae5538fec59f094e56435,train
b4ef58406b1d658b8e10ae6d064afe52b88f2781a13661e27656bc64bf717115,train
b4fc557f232f1a5e4833263602a5e7de32d78b52be470fa6a7c2461d0bb392c5,train
b4fd8b9241817fe513bb754f886f08eae65e70b3a78ba3fb30abc0fb7ecb842f,train
b503345338c334b6b14f4b8372b68c3bdb28b87d0aa84f9025177f0cb7876e10,train
b50a00080e07da330cadcd8b305b40e8122ace0ec1093bd1772d7c07a78c60bf,test
b50af6454dc6cdd6dfc11489970c2c3e5ac46e4f826de9295753dbe9c5418cac,val
b510a89ef69b2bb90bb9ab4bffdd90cc5e15ecb5d26922df8f3811be4300d5dc,train
b510f088231f5fb245c8fa78f7fbd5d9ef2279237919a9438d7abb4a91753ccc,test
b5176899814f69351de2f500d692ba8be9d17c29ba1e240375abb2a0340c85d8,train
b519be770b852d9c4cdb012c7ad54747f01b7af3a44d720120683c1079bb950e,train
b51b3d2eab9ab7cf867f15bdd99bb86b1c072991b6db5a7e74d5246c0377d3f3,train
b51c670eec42debe68d5a4c4a5f737f3375a5abf3be0d4230bfd770af108c3bb,train
b52f8c48c6f1e7ebcf31d0c5f66f88909fe0ab948ebb8ea20462e160e0192c3b,train
b52f8c6013f7aaa1d819e63e600d2abdc43e5c9c1d859bc7758fce8722d76a48,train
b53caca035e6517e4cdd6f08bbd99444e0452917b949669364c38016a5ef0c71,train
b5401886236350a8b38f578c0c9f0d41ff191ebba194785481df14cc7ae83cfc,train
b5510b0eae6490ba47da4e63cfa4f43a82d0581ef412c6bb73779c9033b82ada,train
b5647bb4ed367ec7cce40eaa58fb24ee760a8013b779d711b9807da7d4e70b39,train
b56e373c3cf7f9c9fbeff57f69ff539eba4193712c43e1148506b26d53a1538f,train
b5709f0975ea7bd8aacac5dc70bf2666eaace0e68961def03175fe3a68f19b9a,val
b5710d4074f47b13cb959017ec18c0444546dd7c5729210affec027bd4a2f0fb,train
b571d2c4421d39c44f122874fe3ffeaf43d3f9f37fc3b60e826693af6c39f3d3,test
b5768afb5fe94892c8293fb38648c044c4951d924b1e599bc1df4c25f008246f,train
b580d7398de49b4d9695a37c6445c65bce3c3cf0f217e341ccc732a2991ba34f,train
b581d72bba1ecb1dfaf2202d6f57f3d8be064762b3bcf15f18a43ae97c364b32,train
b59128190ccda18cce5e6abb8dff495122b17c2a624f23cfe5f6d46e1469721b,test
b59ee0a59f5952aad73d214a485e5355d4a766a79ed857634877b48824bfb667,train
b59fcbbdfbecc27a46d64c6904600ba0e6a284769616ffebb6e0b32995ad7732,test
b5a8d79f76e81c1cf8db62e1922728e3f044ff3087340f558ffba7515a7c802c,val
b5ba3eacb74f019aac6f41d5eeb47e3ad2268cb26feacff5716a537644f1b02e,train
b5c08eb0729b67e56e1fc86bedf81442752272925b741bfe868b717be469bbfd,train
b5c71493df144ee1fc8141a5b3fede957cf32eef73c33707552b675c1738300c,train
b5cbaf745c6b9941ef988deedc43cd3df3b39b1103515c2afcba2d9fc868e062,train
b5d185b6aebd19ff1567ae86dac9a87afcdc004fe319b7e84674ec31abfaefc4,test
b5d434e3872f90c8b081c57bfbb0cc227ce148ebea124d853fe89ba4f892deeb,train
b5d4e9020e1b02828b017897077a4ef095e9725470227c1936c3f49799bc7bcc,train
b5d62afeda95c8c2aefe894ce559ad0e0a4b13c8cd3526bba4eb004d7f7774c3,val
b5d67da656ac17e31412d6d50e617f513be67adef9c0da26c239c98f1c006cd1,test
b5dabf7e2004583ee003a25b676b72b89a8fea75969dade3ae831f0f4bab4232,val
b5dca674dce202a3c52f01ae9f2f26c702acb5cfe9c66742d75a68f66b2dd151,train
b5e1123c93b21160bcac86b15afcc4aa816ef0d46945b6ba9b396a93f308860a,train
b5e25e9e5be18937d8cd57839e6294cb7b66563af9c5ce1f5eba0a5338faf6ca,test
b5e7114d2420171a88b51072d7fa4269ef71ed4fdf6131e5898f903d11020203,train
b5e7f1adb230e9affea9c47c5dcc76faab3a959c79471f4a7b79f3743b078b62,train
b5eca5647151a0cec69675a043fee35a494a2d7de06ef41444019e9498a196c9,train
b5efa358ba9d4689bb3e51fcc8a1bb24eb72608deffdd582acea9a639cecb423,train
b5f56208f6588300cf2f429b74eefab996fcc1e95a10318a045384865ed9a08c,train
b5f964d751bde6aeb8700c4a4c76b880d7179df3f7d92fb965ebb4a52b827efe,test
b5fce05fc060a20c3427ef4f4c93a4ec958ed13928447f70f18cf670abc1040b,train
b5fd4bddd538a336b74365a977235b8c04cdf84fe0c1b9baa56083b9c9a30c51,train
b604ffe35aea9217096b59534ac3ef98d36c132d1ca72b18abcbe0a664b723df,train
b607d142013791743a0a16564d746745efec8611762eb496eb63e6b7e5c74ff6,val
b60b6f6a1d2d4c03f0c3a07a1524fa4be0a761723e6e966312d9aa2102f4a55f,train
b60e44ab745426ca83eae48b963688d0b7a886a2f398f3a777e5ced33b28f0c1,train
b610a7e11c3b464e1b6c5367da509bb350b88d2aec74fef871825b93758c2cd7,train
b61632f49cc533380c7bc4a904b88e05f45220eb206a8d8a7cdfdfdf36705636,test
b6235ff405948bc106af74d040e1a5298ecbba173be2cdfaac857372c57f669b,train
b62b04306955424883044f827033f176b299372d65d36bb502113b9b94b18229,train
b62b21c0ee367baaf1f466e12e4382cfe096e1f29fa69033cc77139b732a545e,train
b62bc7d8ba9c1766e8dc7aa60dad79244476b4d25221be153f2e872949e41d06,test
b62d724ecfecd6d5426606a38a0e6594838c94a9575b37a72a05bf03861dbd32,train
b62fd3e4223737719cfafe517abb655187f8b8b8abcec003b5a4ecf5b951064f,train
b634839c714e2089c35175d41244fc3f3d5604c6c30bbb80c3c1cf69f7be27fa,train
b6382adad213acade6385c7ca23ad34b0507778006750ba5dda3b084d39544e3,train
b638cdd2d6310b279e718f23db3e0d9ec6369ae14c516fdebc742f3387a1bfcb,test
b640a60707a22a6608a537fcf9be7bcf0fd493ec295e5d662196ce21a867e0e8,train
b64712e24c4e9d3bf941fbe25e2b69294b73d0021de7fab7993a55b98f7189ef,train
b65b9f9ab933c0a25dc7802a886d9d911388cb7d7dfae3a638d3043f346fd88a,val
b6635ce837c9a7e198f82748edd2eb11434d3ce946fd253aca859866a667cae8,train
b67ca1a8537b0c94230f33867a0c42050dac341a4b91e9a5c7ac3c8456627615,train
b6816231497cbbd5c4d5b1853b18e93812c63644b5402bbf68954f61f6e35cb6,train
b68562b7f19c4dadbd78ea0d23b90049f6fb25e72413748b83d2071f1ae46f8b,val
b6856390206e8286a4bbcd9325629a4f502eea1c57cc7c5591c0e4dc6819fefb,test
b687f35cf4927f5076ad6d255838e98d32c73fcf567a25dbf4ccd1c492b06986,test
b68946ed5553fcd61184c7bdfcb07f21fc894dd300b1a5bbcad3a091affc5ed7,train
b695381a411dc3bdfccdcc5124887643140f7b5f803c43315616d7534e3ba7db,train
b695f8456b32f94256ae3ed00a3eba213aacc0a8647ca17f6760471f63842272,train
b697085455665443a5b10fa42e467c51287e1a6effebed2c4fa5dde38dbc6149,train
b697115f733ca7082a694a4f3e166c6ec51704e17e2cbfc35f3916293b6bcc56,test
b6980a9f56d79850dfdcfec1a650b5913662b4fb8fb1ce49e53aa612ba65cfa9,train
b69a81908fcb2a981011808ef9b939ff9115a623cdef7ab90fe6a64610a2dcc2,val
b69d738c3423028a2f6df1ee4020702b86423c94724f41f43a7f5342e32d7e7e,train
b69e534c224fa9a0d749c1d9c3abd57cccc2aa4c45e0e73ec4853ced7c6fab2b,train
b6aee1d7f9451d597f110a37c92f225f2ee736dfd5e71ba8d56bbb76c195919b,train
b6b0b4a741b5306ad38463feafa6e3d97d1d9346f799db5466c5301884b3e9bb,train
b6be7bc75f63be5670bda5e08586e5a7433fc813d951b279c6df7d86badbd7cf,train
b6cf802a55182c550415e535f1c3caa6f9596ccd7906a0fda62e0caf80674e9b,train
b6dfd8b5a74a20a4fbaa932ab392ca195cfaf919715c7a392c9a5f0b9fefad4d,train
b6e12966d698e7e8fb6052e096d34e43a032eb773d5df52afae31defda21c7ee,train
b6ee931c9c33b8a78a79e8b66f69409897bd2bee2e53d87967b07975ddb9adc0,train
b6f13d9045cfaebc05843ecead5784c604d27070401d41a17b9276bb7cf4eb02,test
b6f2f3722674ff4b395f51b48837b12a13de8c0e2962afc1d772ded85adfbdf6,train
b6f898629ee56ab2d966e3be3f6c9d2f2c991cd7f6e4e119013e21b652490140,test
b6fd5a111a986e7402758825bff199e6c491d7f73a3b898673da675d342c543d,train
b70162defd3d93f3adcf42cae1f7fa2f21144fd1cd348103b78abb29e262dc3a,train
b701957d5bf9ff3d9ac1c9bd2916e722dfb3ea31f661a046c787421a67fb98ac,val
b708ed23a3f1c1e7452bb800547fde13e766cda4e7c848bec2b68251c22f39f7,train
b70bc4e3899fee0413ff513dc05852ddf84c62ee8cf4e04c0ec4940b0d4d67fd,train
b71349cb84661c7557b23fa60ca971ca95f3beb513e4e283fd71761389f28525,train
b71beddd425ed50d12d5667ce3f1e2e01d2e68b425e0f5cb8ee4ef8c34d5f12c,train
b721392358e2b06e585f85aee09314fe291e9b408990261940077e53c7bd2b9b,train
b724fe564dc050a85038cf546643ce6406795b2c5cca053f211b36babce07488,train
b7255d57606ba9b76a2015e7056a30d8bddf0722c3ad43b3caac95fda2b33e39,train
b72abb0e910caefefafdec72fdd60b2bbed1a8ad9263a48b50c0bdf8e5ebb3f0,train
b733253f75d4fac293187b0184186ff3a8d35bf59ddde68a77cee212035e67c7,train
b734512178df6845414a50909802798ade10bab5ff013cbc32c232a94b79283b,test
b737e1a58b1dd30e0a5566f0c9c07834c80882d63c2900b8481fc4542353fa07,train
b7385ca6423538d20ecf47eba994e9c2e82f3eca15e401fd86a3e6ba30e528e9,train
b73b5e332258cdbfcff590b926d18bdcceb9255e8d585a7c0d70183ef48d48ba,train
b740c36dae2d03413bca6f893b3047d7fa9a72ca5432823d710240fca12485e4,train
b744ca3ae4584b3525b2ac6886f2412ce16938dce9e49de490ad8f80045be1d9,test
b7466bc61a4f70195b9c9ca2950d8c3c92d1f0ba7b7654cb6780db0942c91b55,train
b748f7dc4313d46c922ea4eccee90898e8d1b8f2fa4d41ce34fb398b56a41bb4,test
b753b35b9fe4a621e00d42adb30afb35b1b3228c3e6f4e7ba24b11b593d72943,train
b7600223213ddd55414333d401922df7497dee42b6f19c4f7e4f54b7e45aa7b2,test
b761e247180f3b3fd04dd502687c85279a7314eb212ff97ae72f53571cd2f0b4,test
b76f51859954decd08e2a74a0bdf339e629e4e8b2e39e06f324da603c44c11fa,test
b7732e22d20d841669814d10deb1a06045d4b3acaf3d69d7bec8d75fe99a2f4c,train
b7786f339e295e4339e27b4e65e34f61541803dfbf25265a39173698bf701b97,test
b77958ad60afcbe089e1e322cacb06c01efe26f404992241ea5ce52ec47cae18,train
b794899a293404a8c03e842c5925023c4c7149e1415601769d3fb03070315a6b,train
b7994cb49b290640b8dc145c8a0d1b346a4f64fdec88128fc9a613668d6928ac,train
b799b1ea589731b8cd4e735780a147c0dd4bad0bcf0504ecbbaec78fa7593bd1,train
b7a2e211eaa37ade7579e16ff9cee775bdbdd742ea6e5dcb49fccb7d4fb9c1ab,train
b7b66b013f035698586c2073677567cd898505fc99563149f9dae8a14b6de1c2,test
b7b7c8a3845f62e2391e874aea504b8e806f1e4f1e7e2057285af5dca23cc90a,test
b7b856da8cab14a04d7df3561369efbefc03a4c0ebca3cdb2a98271ff343bad8,test
b7b9b2d1bc86122376f07b4e2a71ef19543e748f49c7d133712974425c71ed7c,train
b7c4c02473d4838dd0fd749691637957044167a6eb7e9465339135c8ebf243fd,train
b7c79929187988ad6a3e7429a77940e880260af80688d90a1e81648e3ef68563,train
b7c7def133a3218366ba8cb14c4e7c049f8118001aea70fba66bf280b92bdb24,train
b7ca290374d1efc0d27eac00187cc9f55a91ba95b69fc1db28dbf3e7c633f2a2,train
b7cc6a1db62ca387bb241048927a317707707f8b92618e54613f917bb7f46357,val
b7d2280c07f9c83fdf8c2f506dc13417bf153e5be347c7d0f464c64a15f006e6,train
b7d34a7f26c0bcee1fb9f6247750dafe31c529687c911300c103e114bf6fed75,train
b7d65ab132d4d317fcd5f192970f62ec29ce2286392eb9599cb74f9dc93c901a,train
b7e493be01614f96b5e39c2c00c79b668f769eab58574510e96ca73c6f50a93d,train
b7ec0b098650155842e92ee2285adc88fb1c6e432e804ea657b8dfe93ebf560e,train
b7f48556f2371d49c0d9b40007ba648b48072fdaf73955f386a831f4341816ac,val
b7f8ac368816817373bbdc65e4b0e34d93f1a94e2a2643099bd40120542e55b1,train
b7ffeef879fc3e358122b8d864937248ad6063e6693d992dc82abf9d922d712c,train
b80eff8d1110b011d54d0c900f505b50cdcf6a73b7f9a5ae1d25777753b55d84,train
b81b5007620d79be5df7716c532538fb3f5fcd77df5032a15e8b02b405cf3122,train
b81fc02db5de1b36c8da572fd1a98f779d6e2d1977657421be9e35629785988e,test
b82e9c6515036883e06c83da3d9b5520bd4933767bd27db30743a2f92f0a665c,test
b83873ec40c0bd31c1bb7f63b373f6d87d3acd8d449464fb4a6afb133db1533a,test
b83981601212d7c1db0b65340b1873df8aefd140577a6f9fe99265dc5c8ca564,train
b841c7a071168a24e7a39c648d58c96d3415b4d8efd4b18b1433c9bbe123603b,train
b842813ed2fc41c26a211a7d03631d32ec3bb7288d31fbb534f43475932ac4d9,train
b8434f48be8ae79653f37392db22e24d67637351df3aa944b32fadcc831877c9,val
b84bf2757e6164a46a599146b6f170e5e3fc9cd037fb156d9dc2b19bdf6e3c04,train
b84d269f966bd98b862228514c4828146574132be4bca5ed4bb9b489ff5a80d6,train
b8551cec15ef74b5e1f0e93ce264c78ade8ca9b35e3f2122d427d18f4ad38179,train
b855fa985bab3c86d2f7f8dfb7c5c75e65ed44bb6f7e4b2f21702b611bb91509,test
b85cc567a3f02a4d670743c6626d2d7f95a41773886c2b6a435cad552e87926d,train
b8607fc8f983233f6da868fc45c4f8cdfb0e492fdc2be06742ee910fc180942f,test
b870d3f211dabfd7c4c0f43da0b81595901358fe4a334f87051d471e0dc130c8,train
b8879ab85eed430c9eca2269539ecc07c4ec8f91c7accfa8ce8041c51e00edb5,val
b894660303dbaf39f693c451f43336c6a29ad32e553985826423b60da905e654,train
b89ad349fa6da0b820d768924c52dc1727c674040b508a4b26840c0b11e8c5b2,train
b89c7a8e4ca2b5c1af93834c42e192e591c228c7f767238c013034ff18158c58,val
b89eefeec93109bac30c0836bb7105dfe97acdf17b956f4f94a20f4e4a0e41b1,train
b8a594842be8b70d83ef874a4f128211a01d1ad98954479e625c8340f8e780e9,train
b8a5c14bda5f4a6b655e4c2300591f00b105851d762fd256b7d092829dc5390f,train
b8a6b076f29cb5f8b49d517d52e1818fca787c2abca4d9b011919b222e0bcb10,val
b8a84fb070d85a105d2b417ecd5e43a8f4268b0e9c5286d689e64f9a46628b38,train
b8ab5616eb8eb6f0a0c6c25827d43c14137af965f422c7ccf7677d0d2911c996,train
b8afccf77724031f094ed878c37276a0d362be54e2d8afe182592b321f1ed187,train
b8b7eaddddf95a943b3b30cddcceda62ce14090be74d34c0d2d7f78c10e11a3c,train
b8bf3cc50199d47abfed5a6625f12aaad6f68c5c5aaf046b6fc82a18731ce3be,train
b8cce78424ce1e4659ceac4342d15b0526d9228940ab6aacfe7decb23c7fbb7d,val
b8cd27bd7a5e3e10d62dd6b8c0c5b8090c9580dfcb12c457883c1b29d5afd8f6,val
b8d4122a1ace8b273ef764f5743734363d5d7b861ef5a1454c9f118a69d73707,train
b8d60931079b9830dc24ffe81b35ea61f99e910a0a5b555db4ac32241c090765,train
b8dc81064baaca0d8f8b734c2d6124602bdecb1d47f23ff4cc8c64f146474c5f,train
b8e74495ec06815193488cc9299f513b97bfca9054247bc08a2da5f0e041c5c1,train
b8e7f6a8bc600bbb31d791c5a41630ffc5523e9a6b9b428e0f7f28b04777992c,train
b8eed6ff05d6cfb2e7c9535adf6af205fdde0786e7ef12b7c7000a31a0b74e3f,train
b8f014687037697cbfc54dbbe6410acf4fd84f6f53fa2c8e265ab83803e6e50b,train
b8f3d8cc8c188f5d95c607fd8e5887405f2efe9af4d071aaf7c5fba1a7d333d4,train
b8f5dbc9ce4ed8f57816a24ba843011a0162a8ee8146d7f0ab54536e4e4d804a,train
b8f6f002fc3db7f60de497aacae3fba9d1d48bc5e5602d3298035900136fbeb3,test
b8fb1f25399202bd12e9de3ef2b2ee2d60a2662c59e6315ba3dbd44e0715c692,train
b8fd38ee02a423933bef2875e43772daf0cb0d440b3cb84a71bf26b30b206c60,val
b900fcaa4de2195e2ef29964a43b816c07a2594e9221d1d874bbb1840da31329,train
b9068e27329a204fbe4a1180ef93a5c85068fd28a71e672cd9f5937f9e08739d,val
b907d4e5be0663983b77220f3bfdbe118f2404be50411943e4e12787ae8d64c0,test
b9126fdd9f0012d49afdc6e67ca10d3b03bfd66fb169d0c0bb8d4faf6207b44f,val
b917453d94948e9f25b520a3c0e6fb8b34427666bc658437350263671157b70a,train
b91e69e6aad989c86d7083f257b084012ed0052977239db991c6d09ebac62951,train
b92175e196dd09a0da5d1c176de4ee6aab42d4060b0e4d0de80058ab04205135,test
b924deb5a6d2b0de36fd5b77b37c1ee89caff83ecd608cce62385678ec853d01,train
b9253ddd914724b94f1fb167bbf2a51bc3577ee4f2b7c56cc85508cec9fe624e,train
b92ce612391e9cbc5322548cceae4f49e056068d4c5e28d635e05a05e65996ec,train
b9366c0f27186229276197b2eca0036e2afe19f1dc7e52985002f6bc0b4943a7,test
b939f7c56981fec5614d89bc85275b22bb2c7895bc6bcd385aea22c4fc409ca1,test
b943a072e2ecb39402af6cc64836402e93b054c6106a0f24b391329085e9f39a,train
b9451fa1bd39b3e37d3b62b1340c947ab6bf4a1c3a658e69142008d00cc85d84,train
b9489d5d9f5654d29e8a1f56decb30276950ea7a2b5c31778bce64ce2427e584,train
b94aba03a1e22f67328e9ef9a2cbfefbebaeed5ab7c80cf3af067b6a19f1da90,train
b94e0b1c40e36704ede082c7f6f01b21e07d1d8b47c9e3576f36ef2f1bc73baf,train
b95181cda0695b5a140070e419d98863577ed304d53e35b3d801a6b31521eeb7,train
b95d60ff3d1dee85905f90d33aa0fdf23ea2b5a0a7f3f02a0eaf17c23306234f,train
b95ee1a80e48e1ce1f46ad1d32b8abc487cb9a150d36d768afd7cbad037da037,train
b967909ead854e78a4812e815334563886cb946ef6d188614965b0ec596f9054,train
b96cb8838231793b45934ea2ab671f1e56001a75de2916384513855517ef8f9b,train
b9711e9cc0287d4ce0b9a635c82b3022bd7d898045f512b3dcad63c545fefd12,test
b97358acb618157d6870fc93e04678e5d0e295a2ec18f1ab578870d0bc822552,train
b9754922a54d00e9a3fcf23b8f433c87726dbac9b84abf1229dc0139ca5b20c3,train
b976d77c82720a0b4583f78869d1e6a573e38cdb759c2c9c8732f98d228558dd,train
b9865928cac51145a0dcd8b6fe4a51a542b811ded108c2d006a16e67e04ac6b0,test
b98a7145573bafe946e949706686c4ca54a63cb0e642202aafc1f2e79acc1a9d,train
b98aa57078d1e75c3513ebd6b7aff3a600310aa06c1e7621069a75874a427ca4,train
b98efdae57c596e8a0e220c6fb01da85be7afa949b59da1554539e46c2fc8a0d,train
b99c4545a92779833ceea072b459ea43df07b3c99419fbdaba3188fb0796f13c,train
b99c4708689f2731f3ed35c11ab5eaeb8d5f12a2af7ecd610847ad353c088b92,train
b99d0deb0d7b21be6c7ebff5f05b4fdb38d5890fd028d4104d63f47c455d0cc8,train
b99f7392578902e8a0416215b5a44c54020b1677e572a556e3de73381ed4d0d8,test
b9a9e98987e6a56084055e0eef285472ad545f1ffaf4c49f1c0976ec590ece90,test
b9add0eb23e6bf295d038d538f9a2a9a02cdc17e335a5e505595134bc4e643f9,val
b9b362ecbefecc826fe7d0ee4915fdba5358a09db0224fbb3f39788ee3e53048,train
b9ba55cdefc89a1bf516063a28dda8da210bde1ddba78930314d95b676435324,train
b9bb30ab7109c70a568db30b9c5fc2dfec62536d8f4bb44510c80cdbd4353a92,test
b9bc8806095d79405490451f8dc585bd5da1a427fc6831ffa59000f1ac23b97a,train
b9bd2c8d52fa62a1e144bad180c83a95264e3537467df1415161c8cc0ac4b802,val
b9bd4ba2777cee32f82902c789154ceba41e679b0b5d202441702cd1f0de0678,val
b9be6989d119df48711652e548461eb4de810773a980e0708d1042df3c636b6d,val
b9c6c82a317d31e5d936178091e53a56a756b95d9ae20d7dc3431fb8c9c70b2d,train
b9cec5d7bd32262db45c2df64e40fa88adc931887c0e3028e6d575fb2f8a6860,test
b9d192f9ad1ff814dcad241cc9707b4857cebc1abbecb22f79820deecb2cf216,train
b9d4d90f7027d56aa1e8b40253ab1682ee6b9fb0bf1292a0746d5f496465ae13,train
b9d82a527de4da9885a96998be09e050ae2770fa3bc81476740ae7f5fb896e2c,test
b9ec458e89adbd4c882808f7e68381a6a7fe299cf2d00e17e531a1e7c0cd4979,train
ba1432093886d46dd2030fce37197ef3b6d47fada15cb79c34c3bf6afd4d7626,test
ba15ad6c7e8d5f1e4ef6512a0e8c7187cc3535f4b7e76e4deec41e855a9b279f,test
ba15afd534b82199be2c045c83584cb7bacdb1484ead979ed953cd9778d1e324,train
ba16f0a05743f1d921d7a519ead9cca38e514d151798067070e4843f66251de0,train
ba1d81edcde2380411c9d796eac25da55ec76b4f610b8c06639427b56d15aadd,train
ba2e0c971db5638d4995afbb05790a4a39dda445db27b8a7b4c57d532118c545,train
ba2f90ba74dcbba57bcbafd9ec489c21e6c817fa5b5b21ff0afdbfdb6cbd20ff,train
ba313aaf2f68d720c38609b237ca62fe31c89e35443ab14690b0e5e6d5e9a427,val
ba32cd4d45f8be214bd6f1b77dcc5058d95c307601cbb7c2d3c145bd27732dd7,train
ba35ac0cffd871c1570ad89b05051762f7f159757316a296255c6b64b27be707,train
ba38334b1c2a900c92fa86e8567963cc0d617da23dcf98e2bf2638a8baa09604,train
ba4155caf1f6d069cceda0adce811d6e35dd4b8773e497ffd1e63a749964011a,val
ba473c501363ddd9281e9226afb29673a583fb297dcc27ee7c85a657a992cb12,train
ba481e028355e7db8d830f9ee136f23411309626a14f3e02e581afefcc4fc445,train
ba49ebe9e45930304fa59380097c5ae14926909448b80613dd101872425ec087,test
ba5042083be8c73bc2c2a883259c7a129fec924f4031611087cb1af198b9f4c8,test
ba53069f7ff8ac6456de9715cfac8f9124f0d6120a356e6acc71e167b53bb184,train
ba53dba548256395419aefc9d5644f197a7f3818c9ba1c6bff15c1c7f15af6e9,test
ba56d1268e360e02a23224d3bc97b325dae0e8b4caa8c3b54b63d133019b09e5,train
ba57101a0e78300b8f4e43b7c1ef4a77fd50ee194539b6e6b1de76725959e463,train
ba5b13a877831a423eb9e8b108b7902a4488c91526fa64a63a7be2b6934da828,train
ba5d58c2b54589f5a66981802046a6d3edc00e1cdf98f65c374f8021e4aea27e,train
ba5de92e1c145cecdef6f4e4effd93208616f41106cd4aee1f77137f1d8c8b71,val
ba645f6df8cbc3698321dde1abbca8a4d51b3e033a910cd7be1501c6d21271b3,test
ba64d29223b6048fa784eede285f60743f1cbbba63975bcba7cdc1d059c745d9,train
ba6b8696234c5f2b9a6f45ef8699b5e0740e941c73c1e2671acf8d36dc9d26d7,train
ba6bfb65c422e257158463eb4d92c9ac5778ca4eebad9aca720c14569f4ef71d,test
ba6c80f0ee9230cfd7617b91ebd2abbcddbe4a863216431647957ed8587943a5,val
ba6e46f024fe1acac2371e24e54ad2f7234b7fd068f1c5afdb3a66b3737cca95,test
ba72aa3ccf7f244b64b52cccf550cde4d13bc95487b06729c770c1ae2aef5e27,train
ba75b1c76055b03dcc7c2e6b94d302401896dc40999ced4ba8ec1f72bd806eb8,train
ba85dfd53bfb63252bdd839693ff65dc6dc11c0d706ac1275a3758cdbc88a36c,train
ba94d403b1b0ea882e6ee6e7b0b7a2b7020a72fefacdd2d548c4725b00606098,train
ba962785833dce4d8524f5f69b80f88e462b36a97e726f48f3b724ae198c2471,train
ba9662524084f7bde2aad7bf8dfb51c07b750b1f28bf39ded9171c07465fc4d9,val
ba98ea0b7e930d1ea9bfc71e25d02536825a0b40c85d31512ca905e6a6d18a69,train
ba9acb6088525d1572f7b79a8c735d915953644bf9225431112b87cb62ba3efb,train
ba9ba91d28f7fdfad97e01a8f05e72c0fad4ce124db8006e3b2c9698915dad21,val
ba9eb766ca8dfd3e489ee727f1883056f9dae1f990669c41b20acc93dc17a77f,train
baa32dc8392cc14de256a9dcdfe3bfb9b26eb06930e6663ce341c2058b12f1b6,train
baa66353a41e544cb749ed6a5da6e6cc77f03d8ca4a6addda6f49c8896f2194f,train
baa729dfdf590d6436a3f3a4021a078540acffe65858a4c26a73731a60118f76,test
baaf43d8c5c7380b1a3465299ee4d80c2816d42ae828d4bffe189eb706b2b7e7,train
bacdb4f99794bef4f232d04862beb9892bdbeea0ce1e8d5c754db43f83fee1e6,train
bad47a60c06a388da522003b0b26ba7ca1411f12114024a0647c1e784c14667b,train
bad5636d6b42a0397187ca2552568df7efbf723c3995f7b00f36935e488810a4,val
bae7f57d291e46ba36fb12ef227dcf06d53c1ecc241c98e563378e55f6c341b8,train
baec31105abb5f5861306590483152b69d63bbc8dd496fac53f5f382103e02d1,train
baeef86b55ef85c89d2b186036dd9701c0222a596759dbe1b9dcfc23503aaaf2,train
baf12ac6f583bc8e0291208ce79baa0d1a472437823953bcf104e488cb89a02f,train
baf313481debbc868d834f961c708b81be79b6dd43d36a912d6ec5c3893b7d70,val
baf8530ff4d291e431fa8ee51d1a808cfad6f6a1c8ab1fb4340af8ece04acb58,train
bafd53aa5f0c01c67fee1ecff8b65fd7c81b6b5288f4b288e94dca845990e76d,train
bafd8aa8e862f58f9f33c92dd001ca853e56c98bdbb17c6147a10cdc9b8c2770,train
bb0a01754490ec22511e52f51c283bacfe4a8add578bc357a5256c78c47b5747,test
bb0dd3351c7ad694b5b5e49431d9b4a8c0e1b83f831553deea385ea4350aeacc,test
bb2349c6bb355c175a0636593bf3efd2023fdf38309e86801c5e7d3697c2905e,train
bb3fb5ee5522f1dee87ff132861953c34f656344a23be9d2d7a117c98e38944c,test
bb3fff169789fcd7b17138d4d5536c31421247747b4e3c0b85aeca6811f1d143,train
bb4cac30fdf685ed931b083c53988bbaff54c3af07f76d28c535678572412842,train
bb4f0bb8a2044cdc24e50a5fd117820593e42445dc5da08d655634a1772073fa,train
bb5e69398c38b8e961bdc3acb72e9f3ff4103328779b4e2039a72c430414babe,train
bb5e934ed45e60c1a52ff671ac5243305f21a45ad83b4674be2012315f85a76a,train
bb6b7dced8e7a0dedf19618f98e2bfb7cf30aac9d1ebb1a10d8264862f23f24e,train
bb732eda8fefb4078a8f8ff79a93732113cf0cf7732b2a6a3a1d13663587e01c,train
bb73ce73d7c92677e264aabed124b0df71773ac42dc20efe4efe01568306136a,train
bb776b7e81a7b3f8930840a49f143312660ecf84cd5f12b6c40309aa978d2234,train
bb7fb407099a5934e65331ba658a10ea388e7ca95e8424730c3228936526c7ad,train
bb811d4512f2b9fbf79df2ce053b0e28fe2967b8869a8e540240efbae9bc47f3,train
bb8b76b81454329412834212145dc3bf4c0aece9d039e7ce578f749587c1b016,test
bb907a1322beb687685e55a55a099c3978c05e142f00004955d16e7c8cb9f92e,train
bb9c00ed8b704c497c45a7245c7e8b66e42e185b944b1cc3ac4c7715254435e8,train
bba0b26ebc45cc300e98a1333d5bac7a188f16f7c22f9ba0e21a3fc709b3f236,train
bba2946647a5cb539d541d4e690851e41347b8e7b12cfe58cdb7bbed30747ce0,train
bba35592c8c0920f71d5ee494cb8f6728b4064b2c338f2593e70e8366958b1e0,test
bba590b29f2d2a15163d983f02d574b31e3712522282b2b2f733068ef87742fa,test
bba655b86bca5b11604b1cc5e46b20f5ee1ec4aaa7c6acaadf4708f70f902607,train
bbaa860ff984b0ad5cf051e700bb1cab6e0696d0e20ac65fa24c6835bb3d0453,test
bbace3634b3edfff853e2bed21950c508f727acf376a79346f8d5f9ce8a51065,train
bbb2a11d39d1eea0947df4bc0913d86cb7125ca79c4fe4a555fa4d74ed56fede,train
bbb52522b4302e5568ba92bca3bc96df5dffff62eb3993ad59234c5945d80f89,train
bbb74179542fe08f08a65598f24462e63009ab8a64cf2d5780bf310af57f552b,train
bbc1758e2db1a7c898a16ec01c737f407fcf5cddea7a2fe3a323e384992c1836,train
bbc6db41ab6af996dfc0c54711621fcd374d3eed1ddb07f9364878a04b674c21,test
bbc837097cb76d22fc3dbc3f969e96031032cd9b5f15e13e34b5e5033fe1f2c8,train
bbc86dd1fd1b5e34622e00e48aaffb65744dd454ce375e57c8c6c0f3c91b01c4,train
bbc9a2df65ea7ed408dcb009435050339af9ef3cecef8d6db18434b061b28698,train
bbce809b2da5c05f24135338988f23c9d5e52f0ec0c7a3ad842c83c51dc5519b,test
bbd8d3a66b59d267f01fc0f2f83b9442100b96c6e77f6a8f1d7580c0c9039201,test
bbd96ab17d3a96fbf025ecaebd83e6f6de068f35bc727d0717db95b0c7098fef,train
bbda774bd5e89c514d16120ce29962fa59c36fce4c576503b13f76b3b3cfb5a7,train
bbdebe2f61299ccdd6dc55b8ae50608f52dda0de40864b4794d93a6e2caf0e72,train
bbe5c94e380d479c6f50eedd5c27e67824ef4cfce1e53233956b249efc8bb0a7,val
bc2042e7edf478a24a639e31e12816b9f4ba50341cf083fcb824f8b53040a251,train
bc237a2c0b6853f3fbf5936a9751312de945b7e8d5899ab0b7d23be9316a0241,train
bc25e30c91cacb21085132a633f7764c7e35b2c882140e5c0383397cecd71241,train
bc33a281483ae00db2827a8adbdf81436488126192f7172f7f18ae1fe5d14529,train
bc3909ca0464112146bf0e6dc30cecf726af9faa5038df34c61b2533109c1a67,train
bc3bf953143476ebe9401d86139838e6ea07b0afe4c7093424309a8910a4b1cc,train
bc44b825b6d6aa463f606f268326e057cb85078a55fe44fa638beb4dd96a9691,train
bc473e85504e5b3d19fca94eca0a5799ef9e93ea9cbba7d8ee7258d763520079,train
bc4eeff4a1671b0f80f4c6e664ed455de5276064b3bfd831e61b85a45771a77a,test
bc52763b8a29a7a2edbf2fc4fa7248a4147f7d5ded224afe366d84c88759af5e,train
bc5369c6175d454723d4020b58d2d903e245cc45a34a801866e98ecf9303d9f0,val
bc53eeb225cf0098d15af0739ea5cc459939a046935fa5be89ea25458ef5002b,test
bc5d752536085438f13a7a754a8f3343a2671924564f6454e32cbfab8dc6c5e9,test
bc5debc94c10e2f2dd93ef9b2d57594e19030132bc7769cd6b97cb2e98cf635f,test
bc66d89354311d3d0fb81fdc358c8f430a4cfe472691de83a69ccdceea0ce263,train
bc691b81c460c171dfd33c56fbe47fbd78803feeffb637ad66d268d760dd740c,test
bc6d38fab469bae4a7b02b0c00eb7347264ad71ed83e8b8bd5d32e415444e581,train
bc72c59d5b066195aefb17a6f3261cc23a054584cd24c2f58a5a8648648ba319,val
bc7332ad268f196586fadc08d81f5ea8dbf14601ff7d5abf65de4f7acb392582,val
bc737b91e0361b030c2bd610ee19ae151311f5489b3a8e18bc7613e8c7e282b5,train
bc740f9b6c0a1341812de61271c9afba37f7b1c8b490d5bee30bcb5dc95631e3,train
bc80ce2c58e4f392dc06ab6d7c6a4f5bf46dbf269f1c2cf47c890a06fb62220e,train
bc8bf96da5321cc068209f5eae14d531ec13c2318503456f23ca363b49c5fd50,train
bc8c62f011f9b56cc66f83a3317530de01a5fa9e5bd6996dc51257367c73743b,test
bc8f0846bd04e130232e8151f77a2d347f4c8da9cf8f3f847ddd5a5b73f468bf,val
bc9200399fcdb21a785cc3bba93dd925dd2a2eaef5639fbbc3c7c33ae9656ce8,train
bc94e9a1e9e24be94af440139f63b2d79e7cca99e2ea17fddaad5dbd51537368,test
bc955daffa859b88121732c1211d21cdc4a2a067034454ab07bc3c1c720e929e,val
bc98efd8be6fc4c6600bf8a89f771912bac2108baa5435fdf3c86e61b037dbe9,test
bc9e84390012b3674f9c63cc91a60ac832629f489bc6c5b1a16829e4c17b346c,train
bc9f8008d541393cdb0dee8f555cdcdc8e9687d76afa59b08b02e81aae1605d7,train
bca3b975e554d5bc5be57a0df5d1fab6f47692e0a136d62882f9ee7d4120ab76,test
bca71f25780051ace4a47777a3486dcbaa93e808cf39b44523c82ca12e976032,train
bca9237522b9789c0d15a15ec632e27f4f852caa144b5a8155eded9b05e7b467,test
bcaee27d6248b7263e0cda5e7894d12692519539d89f47f0eb0e9958f5031db8,test
bcaefdb0ee04cea1eb3991694d1ddd3dfcf1f3d7aeb982e4eb921e74d9350caa,train
bcb61f4d159ab4621aec37133b0a75eee8e5b1d42e5cc7517645640bdafbfb64,test
bcb985775ebbbc30f9f3f2c3c6881a3d2868f871c91c0be92f3efbb65bad0a99,train
bcc20bca04fb426299483fc2832a161307f25deed8e4efdfecac6c117233ca5c,val
bcc7badd9fa9c8bca891c7901057da730258a145b50311d3a8ef6aa4d69a203b,test
bce5bd13bf3d73706584a8b0812e4a5312016bdcf53453882eb8ec2d68bacba6,train
bce9f6dfe7531e4fe4a7f4c1320ecda30615f7a1a5bfc73b43ac82a7a81ebfc4,train
bce9fa27c07d7131b5ebcac9e9d6291c3a457b6057d494c366ec296b740d6cc5,train
bcf197d887d37e16f05457d1d2f3f01d5b24b63ff18ff5ec2a44a2a2e8cab58b,train
bcf24ca61f680b3419492c3fe77e93a790944df08a73962f20fa1b1f06e9db2b,train
bcf66d734995c7d0586f9ed698818399f3dec13aa969b8b97c0a5897b7600be3,train
bcfb58d20b7fc255c75ae23c199c2a7c7237b54a516fb17b84ea2534b2e4d549,val
bcfcda180942c23956a12b9d45979edc81a261bce502c836dec9690049e0c9b5,train
bcfe5d0971e4b1376e873f58fe2b6e69b3d844967051f0486959816fe18e3551,train
bd01dbdec6f17c0a51196d31adbf0e4afbc59e40dff496f2a75e47c2dd7d84f3,train
bd0482bb1cf36b40634b012b7b20c2745e519582ee6c16c05844e3c601b16af4,train
bd0523b00e03b40f5216e0fde366ea77dbab831c1e2c8149f63a5869c3078eaf,train
bd122e9acf75d35b350609715004526217eafefad3190b5c7858ca820cf84be7,train
bd131cabdc7a4f1138371737b7cc6bf6fdcf8bb6a0ec38462dfe569c892be0e6,train
bd2c044222a7537e6159f76908ad7e0c352fc03f84636d94b0c0ad3f43ba9db0,train
bd2fa20b3043efa827d0e4ff7cecbb104de9b67cf1e1ceb0e5ad28b26f7b4111,test
bd31f0f84396252e62ce9524ab00c0445856452ee4491e51c81d59c4548b44ae,test
bd321fafc8408a534c4cd5c50d4fc02a91288be1cd094c5ef79d3d821ad0974e,train
bd3798a2b94b9ab53f07602a5afd7990738cf302f2d6ed7c464cd1cb3471519b,train
bd3a346d32e1684ab1d20b67e7973f67f4211f5210b2b63a7d25a52bab3e0cb5,test
bd3bb6fa1983b70e1180742a0d04cff67f2f469820e124d38c7670c6d11a72a0,train
bd4bad1444712fee509a923b98ac2ecbddc25f61b24cad5e50035a0878792e81,train
bd4bfa3ce3eba515892b25c60c288e5e5ced8264c5d2dd4596bcc07ee7df55f7,train
bd54ac9f82f778792a2c243dbe7e56394bba9352a6b737592f395d56701dc3b2,train
bd55422f5d712982e58beddd704d74d1d48b2ec9b13e7ce0660d806acfde360d,train
bd62e0b0e86e37d69b00ee6c7d549847e83be429fc98a06d94253539a89bbcac,test
bd63afe8871e30f951c0e0fb9bb2112e99870f06266fe6d973c541a3fb5750ea,train
bd683d9f1b86029b345eb4e8e42cb06e8e8f3879f8c2b51446f503ea58308c16,test
bd68b919faf9e0fd22111b1eebf0c02fb7c0fc9512988cf9ad1ab86d71ddd17f,test
bd6d4e7da3eb703623b52725918f60c69d91e2769bef1f0dfd5caa0b4eb17af9,train
bd70056eb522426cae1acc23274f017349700087bb33ac7bb0d56f7628b50a16,train
bd7dcee74acc0f5fa4cbb120fbf7fca6c218d7e785bb68d3b3c7cbf564f68807,train
bd7f140f5f18bf899c9356c82af8c2a6046cbe3a42ae329f52d79aa3cb2c9c30,train
bd81a8e8f1e5c6f217beb9cb4b0da65c2eb61495b11a6ffa8bd34a5f3aeb87af,val
bd81fc8fd335dbb7f9cdfb892a43b1d4acae5ba4d6d84b344e064fef0e561823,train
bd8a7866414b9925abd884ec7036ee4c987a056a469066098b00219e0ac807aa,val
bd8b74e394a2b2e22260a24fbc607e6f88f03fd854419becf6ef68f360f4a40f,test
bd8f375575ad35c479feb6717e714c02a08fe2151c19385e5e9d6a31c73fd711,train
bd90ada5718acdc16ad9ab8bf07e041b239dfc7da565692fdda99134f8dc017c,train
bda4d49a264f52f4134a05370abcf6dc2d6ca0c3548c5d15288540232497afa8,train
bdaa4b35f48673c233c24fafc710ab697ad0d9c955e73c6b2ff555cdffaeafbb,train
bdab673b1a4e8cfc07bc16cf3aed8ffb4450928f8d4e989168f52a69f2fbc5d4,train
bdbd17f9b8d82462db543547034ef8d806c628df3400ecac4d605adf1590d9bf,train
bdbffd9999a5fdc334eb490a47602f8bd81938b10190cba8821a2aa982d9555d,train
bdc50b954b811fe187f868a57a41eefeab0d3dca38970ffc462dd69f13ea5a2b,train
bdc51434d68ce17e270bde81efd72380bc41cdf713b1f0b8756411fc86606f1d,train
bdd3284aa9f95ea38f2bbbcfc8cb771674c10e2dc3a00ce946a82166b7358485,train
bdd62fdd640198a08e1fd14610205e629b171f02b744913797fee5b99ff46cb5,train
bdd7d336687b3647a648ce0a4d4a527618a45e545ae2cda07e692dbc29269581,train
bde6080a94b8b4a15af2ebdcfeff80b131df5fb58e8331ac0d71ab670938bc24,train
bdea93aad076f8af3cb6855784f5b72e35fc5de9d0a389a650a526e6072de48c,train
bded617232075566d9fb080490d5e1915f0224a8fdba712af0e158b701bd9937,train
bdef591ee76837189cf9fd3f0229e18b68e36b69b134555bf31f173a197b55b8,train
bdfcd720ad3926a306bd63eba735868f79d724c1f9a5ed58b3c6b3c8604b1268,train
bdfe3399471e1c81c541dbc6078ed0f683594b626216560b4db3077db02500bf,train
bdff71f495b0d90f65210a02e424080360529b5d510ef52b436cf39cd7b730ad,train
be00f5f3bc96969a920f0dd344af06b3872195366db7d26a077472a4ccef9400,train
be068c7103ac8b1bb9bf6352ecfc20f7a19e702cd8ea2fec7b8f023bc42f5fb4,train
be0b8c7d043dd54a7e2ab5a19641ad46a9ad5833df338dc0510f80ed40899ca2,train
be0ebc58bb52900078cb930e90187fdb97373b9e3df12e148ed217b2769157c1,train
be0f93f4290e497ef235d259d8df1b6c16105f1336940b1d4dddff1c3ea3f1f1,train
be2c9c19cbd44718ed484177f815dfef76a65b1a4879363e3fd67d83eb065216,train
be2dad07ba7d2b5cb8cd2999d140e89119c6a2fba4799ece9e49f50a1bf0f2ef,train
be2ff3b116cf75edd96a35c4f6b85a914fb8d733f106cd9268b5f8441c089a32,train
be32d2315ebbade9a9537ad2ed647935975d5f16298a177a00614327486d43e3,test
be3482243f1f3abb74f9e47f4e5a8620af5a43c181967c476be69335884073b1,test
be3501d3334221d8ddca219e2e0bcaf5529fa78dac1d0f5a85be72ea68fa325b,train
be3562bd9627d5f5248fd21e386e37da899018450c20c61168d3be18dde89f16,train
be3f7d51d5c209d31848415eff769e68ab6e50c0efba1e3439480f07de01a0a6,train
be52647cc934348a90a1983efb93b9d077c9d415eda590a29b24d6b2b4af1a24,val
be646541cec07132f5dde50297cdd5926bbbeb185154e63ea0b2eaebb4fe3131,train
be6582a6bca16002f7ba7d1fd069d5ea2cfdefe731aba52126cf26caf93cf931,train
be72ab39ae6c977ea158175b9f28f56a3c6a5c61ab1a9e51a4ef3119c09e056e,train
be827249af7d2e7daeb9c6464c6ed083de59590e57f146a80a112de940b2bb64,train
be83c726da3727d1e320370f7e2710a86087b09548926c2ae8c1ec56a2e66a3b,train
be857aa1b26d52f90db68b6161f0a67c4c6c7bb9785cb1a75135207ef66b2359,train
be8e95817180d89703b5d76027173e5a97960a99f5266df1474e7fe92f5aee0b,train
be93104119ac61794dd0c83d00bf42a879f519ce28293ae909d0be56487f3d3b,train
be996d25a1d702dead45a939c8fb95dc2a803929c05dbdab4bd75531923b0e52,train
be9cd847d12c25c9946c9a909f41220d148b6e19c2c297cb2eb09207feaf5771,train
be9f1a0a325effe368029419693fdfcc03dc898d8907989769c2338da0e56050,test
beae762e0701468b48225e6dbd677900927f5932f5e7e43709c91f79b25a7af8,test
bec12566981d067380c600e6ccd89f7002fec48b0e6b9dc129dc5c4ca9a98dbe,train
bec46d8458f28fdf5a478d6a6a722663712fcc58e1e5d740cf7caf5ca8bbecf8,test
bec60e58e063f39d535f9d040d48e7cea35226f2d61e1cc88d81351b6682c4c0,train
becb4993c647baf569f976dfbeedccee99d3eb956db1f30760b95267b94db2db,train
becd185ad964f93a6eefb04d676ec2953b1482caffc24a69ed17fa6891499f55,test
bed5216c33b7bd035af5e8c43969da729e296cef1d36b6f58ead042c7252e680,train
beda34a1d0101dc281f15106075af03c7d314f58c5ebd71df43db30c4da085f8,train
bedd057b991af0a68d153b082071bc9b53ce7a124b57c16d911fd929dc3d2048,val
bee2891a19ecb000d9c8ccc4c5fc652841574e2ed2f633a418b39e53d2f7ec2b,train
beef47bd39b315b4c680572bdead14bb0bc916cea1df45f7a06215e31e9ae5a2,train
bf055cf8f549a5d5b6780d63bb417c599b1d23ec46e449cfb3d160e3ea154515,train
bf09d93b6e8af31faaa60483526ad5b2667809fe428abfe9b9fa5bba4104fbc8,test
bf0eaf387aad7ebeaaa955f391511002bca6247386858eabad45f9452d5d0444,test
bf0f9476539979387fef3a86ed9a350c8e0512e4ba4ba2ffa6ee3172cbe48b9d,train
bf17727d70f314f84b20db6765fc0cd8a10d74215d1b82e3abb2b619e515a5e8,train
bf1939df6cc3966d038c8dbfd8766475a14e891a28c4e5ec2785b2efea7dfcc9,val
bf19886083f4c33c59ce1e64ef71a11b4147426446223441796e800386dce90a,train
bf1b38cd76ab6d20390a76da6af427ddc4b1fb9d979e6a537f47af03f8c1381c,test
bf26cdd99b4d22a87375c953df03c2d541e9cc015e8d91eff38ccc64fdc0ff24,train
bf28c59040006d08b4d181a4107d4be658a1afd8ce2c4542ed1344c45de7a488,test
bf2a65a08e8f81950696e4be3482677860d19528a9795ac9d31c84e792c9379c,train
bf2b7c99d62ba742c4dfac4af014d3ea226e5f08ffc15623298df95ba4685053,train
bf2c80277406043f1ffd5ede8ce3012596635fa672772dda3a83d6988dae47fe,train
bf36c2215c3491cf40ee2a6dc67d5386caad0cd22150ede7e19bbf8d9239750c,train
bf3bee9c4bfa7f803ad9017b5e4d22bd3e5443f66f0b5549c6a177c6b11669be,train
bf43e427df132da2a3bbe6def0dd3d2363313daa3b5ba393498e75c196b18733,val
bf4bb7f0e1f4568f1222c42436a819e980b733d0cbc68d69b2394f34f6856e9d,train
bf56fae843a76a0f06f57df94957a70d1f7a3883fd2ff66bdda668f6ed3adb12,train
bf5b0f3400154286bb9718b831be467febd6c52ba05071008001ac20f5f52844,train
bf6137c52c5c3e5b95ede67d108aa26e1e3731e17eef5d91a7dc8c8b9e9fdb56,train
bf6240bcf0215806539d4bc3dbfe0a1d873f3729ae0e3a7337150ce8fd97e15f,train
bf6b2687577eb9fe5e84f5588885a2ad3ab0ce766afd4ae91f099f2d325cad98,train
bf6d05e1e96429f91244e6217e72eda93b2ee7dbf283cd461cb02f3bbbe5c9ea,test
bf720f12ae36252e8109d1668b6484f967d550c3660180274ddbbe5c353a24b6,test
bf74abcb107e072397bdf70bac431e33303e2e00debf565b3c00689a158b3645,train
bf8768769d2dba657a81ea59f0a847e5e6f993c69d18c40b7a2a8e9f35a836dc,train
bf884c02de83ecb9cb4c806125172f849766a85163c43791e446bd737f78ade7,train
bf8fcb08f80006d3d760159cd5b3d0195f39b670b1215e196c66ae7bd42e10a6,test
bf93490483bec69031b773189a306b8b77913aa6b20698b87d24c65fa7622587,train
bf9b8620324bac4e00bac98c5bf244e80464f236ac4899f59ebc8320cab3d5e1,test
bfa39651f1f53024e16b2b2e7f74dfbc4274937552c9146787f0309ba5565053,train
bfac8d091388571f89b7883ae531f76ee50600384d9740fbafcb3df805f70ea8,train
bfaccb4f779408e279eb8ea03152eef418befc41296a420486ead67797652a8d,train
bfb06a0b8bde3a3179245ae3b1a6de35be4720ff5d83ab62293835a80d4ed180,train
bfba92244a916002971959408278fd35ac84f2ed04fd7215de5b3ac6e2cd2abb,train
bfbe339535add01d8b18078c799ec156573a27defeb75146fd69948686be05d4,train
bfc3ff5cdc367e1ddc7358855ff385343151913b26c91ee3d19625b8c2312765,train
bfca821aa55a81612fc66f7ddd3362530cbd357b523fbe49f6461ced0f0ed015,train
bfdba7c5180d63b762fc3f8d26c8718dd8e22e8fa7a51e4a53d078dde6be6260,train
bfde123b32e699966f03137a0f52a92db38416d4bea3ff8429af6a61fe95ae9b,train
bfdfd41a4e1939c768308c7e385f7afa31c6e30c6872476e15e7cb917a28a626,train
bfe2997c3e1051ab48df0f283fcf2a85bcde62a0bf4380623e9bcf97ceb3304b,val
bfe38dce216cff1f1d8aa5b77cef9c06b0e0fb4f5abd32ace81aafb164cdbd80,train
bff0aec17b59adff6f2b7da40019aa18cf9968f9336367fb4f9ac9d335d262a9,test
c00b39e24fadd164fc920d263ca04ec0a86583dcd7fa356ffcb16af837f97a3a,train
c010fe4df76fdb8e3b83f9a91b95a094a23c740d266dc6079033276ff75e3e50,train
c01459c5fb82cab75a9092c11935a5238eec66cdb5e587d478d0702261277222,train
c0146005abb1bfb9bd2de555f2845a5fb62dfc50ac950dae6f4c501a67ab16e5,train
c0346bc238d05293bfa407e7c903f93eb95600c8e38feee9f4ebc40639e73198,train
c038db958b14897c15d634243ee782254899ac05914075f3f2461d31d90036aa,train
c03a3cd23aa6893545e989c273655f1f83ff1b484d5b7897f058d58bb64a6e60,test
c03c6cf57e1ca9840accc2f8eb2075cb9dfff09564a02921973ab4762827e10e,val
c03ddcf0035c8c8cb8f9cf63b7f3b94406b09f7b47089069d590432e2021dea1,train
c03f1b56a53ea6f45d8667af5a28555a8539b3c8a7b406151256f6b43450af6e,train
c0400a91cf319c045124bcf61e615c02f9464dde8dcdc140f44c9d288a866fd6,train
c044c979afccd2f16a3d48b0d0242c46f2d68e065ac979691b7d90e62473d278,test
c047c3b5c77a2894ffc5f645c0fc251333d12bba5421d50f56e31bb153fefa8c,test
c04861a745bedbd13e3f8a11750a4ec3ac81d4bb3074e4d73a19f80019922c5c,val
c04cab40f2b9a5598c8cb6dd3954c35712a20e66bfbcef9807a490f3460ae356,train
c059369918e68d3a65774010c8a3ca862cc4e68f9c1a4f6d7604f5ef29ed893c,test
c05dad6a8071c5276e4422ce5be92b333aa5a00c058d4266b8aa728b377da113,train
c05f8bab6409159b681776dc70b2139c27771d97a222d90aa5e76341ae7cf253,train
c060a059f759dfd7f421a65115fdf59430ad942b7ea5a64e3cab31aed87e83c1,train
c060f3be1e6e93095f38db5d8325821613019df01be04aebac222098cb984a0b,train
c066ec552dc57413f390409d3a4bd7c21fddb6992dbe29256ac2776e54486a32,test
c06923fa9494b6fea7d780e2c05b2615d46d489c5e24353dc29e0b9e40b87e78,train
c0696252784b0b90884e7569e6c311d03cdab6451f2fe4503915744b8c10466d,train
c070842eaaaeea449aa100165616fd76969424e5d6bf5cc4eee80d0c1ce170e1,test
c07330da8a9b9e8ce26177345f5267d44795ecf7a399321eba4b99377ab5dfbf,train
c0767be421ce061ac35390eae8a22c801da9c1e9c5cdaffb9876e233d5546baa,val
c081f17f72dc623af4ee780988c7a52d06d110f2d933d6b7cb3f5bb21f1d3ac9,train
c0893d8fee0ff460ad27a6ec3d8b854803e1c04607d850e89be7eea9c28b4d59,train
c090c9bed87bdafb0318fa36c230a9f8420521c02444cd2a1f932b007893e424,val
c0914dfe4e97a458c3d51c4f0ca195c61fc1ab9b98f1eb32bd8761f2bf537bc7,test
c0922594c03ad0a733b57c63f21d496d14bd5f6f6479bc99e2de50a698cf250b,val
c099508f96611946622d38e5d97bc082da4b096fba0e7a7b0bba59a98d3f15f8,train
c09a72ddc22b32dedc65e33ceba8e6897d006ccf9e1edebe19f63a8bc0bc663f,train
c09f2178fa4449fe2f6a8bfec1fc876fc88e23c8be7c4cdf1048c2916b0c265a,train
c0a0ff2ad153a13fddb8fcb943d9a3cdb9e4156d29c5eb2b350b4a34d9aaa05b,train
c0a42b69c921f7f24b93442e855788c1f0c6e70204b80006ee60b52ccd89bbaa,val
c0a9e8f6eb257f2a02aaab1cc323c32fd8b81f963816bf7d9792242f32580eeb,train
c0b1f90379afa40b23454b77e36a1ff5a9a03c05a87c387368085874552bb303,train
c0b3d206d1f0e40d72cd3d263bbe751bacfa4e92f4b3e4a3e2a14a7509d1287c,test
c0b91864898dbe87ab73d071e0ff9b588d5d089acae722e5dc2773658928824a,train
c0b9a7525fed8d1192289c5fac709000359f30b3e942dcb2fdca4bc13e441a9e,test
c0bc50e85bc006b7676aefd4126c1871e46e17a7bb39cd691461083c97ece666,train
c0bd46bbe6e0e7b55909a84d9a2e3ea8a4db9f911230239e8b117c032ca5ccf3,train
c0befcc092bc56a3dbd987a94556ac28f464ab6ac7409b148bbbbdd875ec9b77,train
c0bfcbcccbf943dc882d15b4e2a6c62f99bfac1b52c94999ab3fed3756a55bf6,train
c0cc0dd08aa00641441125b31a3d80135deff3efdddfeadd4fcc060c7d0f8d1d,train
c0d1a7ecbc6df607d5f46871cd622530dab7c26b4549ced4b0c708ff2d5098ec,val
c0d882d81533ad6c62ea88d29a34513c5112cd6e79e864189c50c9470aec56a0,val
c0de6af0292d50ed08b6f24b97c58433e346bbefcae953398b40f67e5fbe4c7f,train
c0e281eeb05acb3af3a5a7c058a949bfca8123e63a05e3d9735af1f5b9cd77a1,train
c0e4c9087d926379ebb3b5922cc50f5d08ca11350c64766fdf15ef9a930d0d08,train
c0e53b650ff0354574165ec93b881b1d05c50b07e01237977ea1695e8c0631f8,train
c0e869576a3785cba6af107d5805b6dd4370a8b6f3ab280579febe78f922130a,train
c0ec33d9411dc3a26923da359c4e6aa772873abe8884861fc58dbf2b7ca84332,test
c0eeb582a5e9cb7d057851e60f8bc225828883ad86fe871aaa3e6901dbb83650,train
c0f0c1f720c9e889b5846cc787921253b661c462943d6c5f057f0819f23bb030,val
c0f0eee7cf4c87baf35ec1a00c7b80c094c3a36a797655493474f442f8e7d43e,val
c0f1395afc5dfa514c7263edc55de01ae068f219aedf1a5e1e8065e815530b0e,val
c0f3cfa2ffb85c9fba9f605ce333bfe5c7faaf88330e2711ddba6d09473b8290,test
c0f8a086ab40c03d0f5cae75da3bcfc0ba65b4b435392a9b44002682f8f4a23f,train
c0fbb9832234305dff2ed891f2090fe92a31f58278f6d84dccb48bb33f79ed20,train
c0fcc1500b456ab5344099ca8f410c1806d3833233e46a78f28ac6fdf214479b,val
c0fe58a31ba2f31a9526eb94c5c5016e83a381e2ff58cc70dd902a98303ca116,train
c102c1b3f4ce5be0fca6207d5be2e2bc9d128b4eda045bd9f0cf8da6194b1227,train
c10796cd37120aedef57d149b4518820537ce607665e447c382353055f4e4c42,train
c10ad0612dfbb9b66ca53e3e71f9194c53596c3da173df0b45d03bbfa4170d0d,train
c10f5c5ad888c69e726a6f8d9f405ff4e57ff7e96a2a360ad215342f031e2097,train
c111743b1f345d433bdb5523befdbe62c3d0bf98d9e253104659290e1d087dc5,train
c11425e8e00e73948864ba601244cca3dadedaae5dbea566a5fbffa4c03f3e4d,test
c11972eff13dddc2358e8eaddbdbb477765a8c5024d66a5a05eb6dae30d99022,train
c11f00d6e78f1c390e76dc69b7da75f465702c0e225672edb560e51ca767dd34,train
c12228523a652e5f4ab7eaacd906215eca4d9b0a9021b3438fe6f56f5d455590,train
c122671e9820ceac1383dbc0759b8a28982806cdc5b5ec64d3e7db99da481109,train
c131efc2e00a0998e8f5fcebbfbeab065fa536ec3f88b2c15ddb1e5ec8d68ff5,val
c139b6118bf1a25cf9f071bd349b2a160da47bb58dd03f47527a7c34feee8350,train
c1408d16efc6eb346fc854f88f0aa2e70527d28f4a5060fef3f459ac97f7cfef,train
c14453f38f5b2a22b07564b9efed8aaa37c7d8bd21347fee1e6497fbec194d29,train
c14fd6aa937129e62bdc4de9212487dae1538888628ceea1d0d51162099557b9,train
c151e9276d8220655ed2a1e3c6c14aa73f2df42cf8180047ca31f48c6373e4c9,train
c152e193a1abee28ea2c932df32bcb8202b6f8bdd9994c931253ab25060cbce2,val
c15674fb9a18dd57e47016b87be561170fb2b6aadca470c9867de599a2095909,val
c1592748c7c981912e2ec57377c27ecac108779efb1f2820da5872573b0aa357,train
c1595fded6934870bee071d6e2b9cfc9decac335a41ac61466903e3822183699,train
c1626b8f762694481fdf145e15d784ad9e3c295fdfdded761d7c057bcf1b8fc9,test
c16eb3d427dfb5b1f1b375214d8ad63aa5e0b0a12f8d13e12359e4b42b24d2b1,train
c173bbe77e3bf4c3381519b0b4d15b4876ed6cee9f0cd642740f0b603bf79dcc,test
c1740078497078c9692fd0ee5205053472d899ba7af9d66b8fc356036f37807d,train
c1793a6a24288926df02c9e9fb3a699f09df69ef32891add7a145ffd1e6f7977,train
c17a833fe26c7e347ccede5afa7f583635e6efd99362ce323cc605b09f100d98,train
c1889fcf071d16eedefcd2ef7f35fbe5feb23f92e73b6457b4b95ce56dd5e134,train
c18d8da07989d75a92b35cd8c7da9b83dcd12ff7cf86e4f507952deda29f4321,train
c18ef74761b507e5ca3b3179cdfbc2ae4fec43fbdbe3f71ee0e33a22eb81135f,val
c1916efeec32eebf584de6143f9271e426593cb315ffdfb87a5a7efc4cdba70a,test
c198f2d175526cd8f7cbcea568e197940a890daca27b26a75f1682d2f50747fa,train
c1a341e19194dcdd6a5cfa99addd5efb20bbad5561864ca07a12a9201d400d8f,train
c1c3eeb65fdfbb39a5caa3b06025ff51fb4fd70b4b6cbf70898071f0960a6beb,val
c1c79e2d89f0f853145fdf8fca5c479e85e503a38df63a938ec6033cb1a67577,train
c1cc53135365ec64edfb9b11b0ce10ab7d0f38e028e5e23ab133bda96f42d647,train
c1cdf29b09c929d18af78cd99eca64746625265a12d81f2f8fe8d448c5ceee2a,train
c1cea44d04c8ed6f371261a251d2a8962de54cbcca91830be34d64e46d8d97ce,train
c1d3ba4a9a1fe96e44716b691a70ad0e7090c6260b9547533a51652909a4f472,train
c1d61dedf478bd78a9549c3bdb7c39cef66be6af7108748797cebea0e1ebe7c2,train
c1d76c0d649e7f4c6201b052ee3359ddee12b8a66c38398d0f9e7c190b57e1ec,train
c1e2176951c4792cb6480d278ef6f0c9cd08d87b7bfc4c20c7b1ddfee6886d95,train
c1e7443facc0cac6e509f5ca84ef2cb695cace998ff0bd56a9c76db9e1aff177,test
c1e79f00e03e8ec72825a7b4687300dc6a648716c50f10f928795a78950ebf8c,train
c1ed6b43ed2a1a39d59f26e9b5725b29c65567f17e7df8735936d7c43ebf2c7f,train
c1f25be3b855e5ff6703a57915ea4e6220f12119896d151065fa9b1d7f59412c,train
c1f3d70a3dca6ad98eaaac9744eff586812a638d2d8792bdda10ed0593f2ea1c,train
c1f750bf01c59678da8979dff06028ee290a9e77e41cd114b176194c222ab9c7,train
c207813ee8076968dba0f033ebbe45461e9a7debb27d8dcb261d033cbc475938,train
c20cc01c138f1bbfcb4ca12e61a514da22e9b89cd9bcd812a20c2a8b813c4f5e,train
c215345efb41791172088b21af5912b70006f5e1ca233ecf962681130b50cb44,train
c2156239fab08b279ff1c74a57f480af4bf77616b172fe4922cee2909942b499,train
c22609dd43f414453b60ea2f40e79165eb84561150f425e362ca19deadd1e777,train
c226e4fef0a6da20f8745d5b6be4c582a98347b254d72a650c3c88b07dd0a48f,train
c22b6cc6f89a080f2d6530322a37d8934e10e3c60119d83d06090fcd86cf9cfe,test
c23c2c35b59d796a3d73f569fb39c62789b72eb8d4b4bf32d5c0e87a4e5b078a,test
c23f54c820a29b7f907a9578ce5e08fa0ebe231a42cff3809b8c666177ca8490,train
c240eb80192b95a3ccce3ccad46a613a4cecf1a96308db81864f2ef8f6e0161c,train
c244e38584ee5f77f5d73f62c6fe289d8b6deb2e5dd1d04a60d5ac488a0c88dd,train
c2473538fbec4942f971b2dbfa4e9bab7ac59bfceba5e47acf73e1db745e9b27,train
c24adc136bf850892d54663571df52354a52ecdbc4d9b732bd256cc43480393f,test
c24adc15da23b440616b427b793d444c7d0bbd4b9589b8747e0723da4ad12c56,train
c252ff3fc8b88804cc84f172f04b262a3d1a0cff3406f47898cd4076bcf189c9,train
c25467158dc055bab99dc642459bb1da4b1efb25ed1553db11025f5b54ca7a15,val
c25be4e28600449f0b8c4b88395f4b01c0361a9b78114742254abb688ae90352,train
c260f6a800f5bc9c64d7710bc79e27c2150e226a73b7f605f995f6937e1e3747,train
c26b17318f522b5946fd2427048a7ad5e572248e290362e22a6031857883c7ba,test
c26c1fd81ef6a073a72c2d5760f53de5e9173d58e000b59160f82b3af6ebf0b0,train
c2744faea015b730f415b63960f5cd36a879d9a0485b4bb887323adc069f3c1f,train
c277e8c9861566d3d2342c31292f9a83cedb00166027af845e922dfd6dcf8471,val
c27b1ed4cf9ec638f85ed27d7fab5eb2fc97ec5a899f53e8d2adcf123837414c,train
c27b45e5e326fd52daed50d2c49a41c4e307924b72deaddba048cca223db4935,train
c2807a3af759da2c165dd9b4d7cff27938bd7575dc60c99cf5cb3a54522766b2,train
c284bf089345fa6e930e967893792fa929033268698677087da4bf37157c6b4f,train
c285ad1978d44535716a76a7b976fe9df9015d627a83cf186f288d5d7b99ac0c,train
c287dc9101ec29fa0769e40ae36ab3f3c6fb093946f6444c0cd2b0d3749e4c55,train
c2a742f8155ad113e74f3125e8eee819ec14a2840c8b3eada37fc0defcbaa5d0,val
c2a8d31006dcb7306a445b613ae580ad8fa66bb67640d372da3011e60f6b1b1b,test
c2af8b0dc6200e6bb39864a9ba77250b95156b2503216101462a4a8b32326ea5,train
c2b7ea4d661a50b612e9ee3ee704aa98d3fc9a06284e3682d089c51c1ea22baa,train
c2bb279cdbba6d6ce6bd76bbd25b0a53c9601bca7dd73446333543405219b17c,train
c2c7916a2d7309c97233544ed620e0224ada51e49c47d2af4c0fa16788fb9108,train
c2ca69e28b8dc6d1052cf42fa15a59c6b7b13d303fb6e9e65d6725989fca6cfe,train
c2cef7c7ca0ae5c0bdef612dcf4cd4e242276800e4aac3b08f73562c278bd636,train
c2cf8eab4f4652655378fbe17f33936c7dde5d49fc72c992fddaeed3d4c1a6c0,train
c2cfd0650d06ef6eda054a745798f9241a7d085868428f6e8c60820933e6ce80,train
c2d482064a4289535062b57174b1e6ea54c21609c2c910273bf21f0465f56d4a,train
c2f355d72f8487ed6c9211f9a5b1211d2ba84131ee8633487b1a58994ad845a0,train
c2f5b824abe9cae2f31296dd810414cd7d6c2dc07124fd214070eddf41421c7f,train
c2fb0e7dbd246ae08f731ee206656b431a97128eed6b6be24312b26a970a3b09,train
c30a9a359a03ffc307ae5a357ec315c430d278f30b59fa69b5082daff2cbbf94,train
c31d613b3cb8496d230d4b6751e3761b69d25264598b21621a203394c637f1a8,val
c3218c210d9547848bcb8289180013f9e4329d1a029aaa6f6f0e6cdf2f949673,train
c322cbd88da65dbef2fbc3a0240bd5860f3ec7c980b53540cf1251dbc56147d6,val
c32d11dd6c2c9f9912fb179ee56c2d5d203716a735de149374a7999c0555347e,train
c3352f7b93378a8bbeb299746b03949c8961fa488083d4a7d85f124ed0dee3e4,test
c33b59976ee663f8b4f5ef2d6e45dc613a95481d0114d96f349971a0db191f41,train
c3429c1da22cfb79179368500b6e6157b8125410cd57df2a8c33b8345d8f50cc,train
c3475622e291156e1e943ce49ee369bba322a526cb464b640f729c45f40a17ee,train
c34ec8eea7f0edd0be802f6937a352dd2c01f18bd7093d2916b5df782302df0a,train
c3540889ec41e222fc957ab8633b69427754209189a6659e17149a910b1046a6,test
c35665733c79a84a39539b6b89eb2ce8248ce69709e2db95ee8a6e2ef47f7e81,val
c35916d924e9e868394c994a84e4448be07145f1a2f78d0da19f99a48c4575e9,train
c35c0e281b4f22965001dc4aaf1f7836ba9fb11eecd96e2736160e7d7957be52,train
c368c34bf06e16be56de0e47ff36e51e69918c1233b75c0ffce1584ccf8ce0e0,test
c36900f585b2bb5a9970ea4c6706a2e7c59244d219487d654a5ce1e830c6ca25,train
c374d6d5b3de04549497c0db32db92397551ffb04cc150aba74cdb0cac1ea292,train
c37526c3d178f6e610be7f02bc6477ff7efb38d50209f3220acb72bb84ea8919,train
c388ced39083b93ea7b52436496e44ae920e9328fe2648f8dbe6321eaaa0a231,train
c38a6b3a71ab750cdc5599ccd2cd23e0f7e7426c4052de401dfb2ca5048ec37e,test
c3953c4c57941e3e4d4592012c730b236ca63c5887b4fae7422c96e3430ceead,train
c39f5db2db37c6d69c7f5c14ec894fe0c7cd65f86d9f5868b746fd5bc386df6d,train
c3a85b1c135a8bf61160f29359f68d521c445f3182ebf615c9b822e0027ede27,train
c3ae41cd9f23fdc7cf444f94e34484ba01b477c0ce97cea7848bb016e653f452,train
c3b9e110f9fdd201cafb706492c514bc4c0c1119f33cd75d3991f88141770298,train
c3bc9c85eaac4a69e3b5c27aac81b483374ca239e6e3cbdadaa31153fc8a5e2f,val
c3bee2a15888b466b1a13f93042ca7707b7dfd46b957eec937fa3706580cd2ac,test
c3c3603b6b96ded052033cb24a4f064f938e3c4925261dd0521cb52f3085ba85,train
c3c822bc83ba1b86b25d0916b52e457ea8b9bab7fb4166d0bde5b15c03b6bbe2,val
c3cbb168f04841a0b67137f0b862901523f56401240df27d17e9c1c55335aea7,train
c3df18f6f6ad4305608a06a32e10e2c0764d6241b4edeb1d2bc140b85a95452f,train
c3e36aad1a8ddf0b0f891baac4201c0559300c71637db752e7ebbe7cf6932188,train
c3ee80ee2d3e86c67ed785d20fe5a85e97f483466492eec09ff441df41a6b6a7,train
c409ea97dcb455d45abb7eae224f0179decd55b276a1df415aa616125caaac82,train
c40b87977586690678619eb989495ba173a9c64d73757dbaa6def299cf5889ea,train
c40d0280bb7405989c85b72d99d0df4463e076b9ad608ee182379938648dfaa7,train
c4110c1727c13ccef2b39bd91e8556841eae02dc878289b22f658e362cfbcabb,train
c4181a2392287bc31ce1f67d2dc308caffffa70fc9e678f46d44efbeb317a582,train
c419add805dd6fe8acc5f90f3e1c74875dde2704b4e8d1e6df9ba7b1ad8ba81e,train
c41ee82c716b91aae46bd09b2453cb76f69c06afd03aa6d286dbfcadf0c42d16,val
c41fb0e667d3ef7c78b6d4622e1d8e3cdc2dc690946d26f00ffbe5d8283dc557,train
c440215f2d5f2098662b5e34f6bfa6cd4bbd379bed2825da8240d980ff460413,train
c4403e52986d9f90c373b737c1515047dcf38326ba3139c7a87756d4074a032a,train
c44595ceb2f2391e230cc9358450e28401536c1d08097adaaffe13612f1f3230,train
c449570d3a8d0075ba2a92e0109e7e5ea79e6486c48b8689443e95c24843df6c,test
c44bec31f073b38952ce6b9854c9cb8ede7e4d4e875f38b2ca62de17569c9915,test
c4518889773702ffed078b353128f1aff3ee1e32e9efab7e2e9228819ca2164c,val
c45a81a39722b60235c23f61b4957cbe763bb9ac1d2f74eaa858806d1b4e3ebf,train
c45ad9fd8fd99578e7cb9e8d38ecdc9fb9673caf2fd12609f9bc91d2ae045c66,train
c45be8fd594d1d5fb83ebfd25bb593d4afeecc61184c97ffe68191cfd2a12ac0,train
c4622c9801afee552d05ccb5e8e2d169362c05263bc902feedd70789f7304f22,train
c46341b549c87c23829771622642de970d686c2e5a8ecf80a1e9000d077c7957,train
c464cd735760c5f9eba3bd2014552d9d1e593c6c47c6882dbb5a4fa7e1b0d213,train
c4650e5b3d5813357dfdea33fbc82ec86555cedd01538d62b648a06e3ae84134,train
c46aa45b40e8f7110376b23231e91add0fe48e1505855bca24eb6b765d8d7d84,train
c46ecca66e28defebea81cc98dc726c58e0d63fee10738ae580dd725c36a1ba2,train
c46ff9c730ccf587748960dae5be8c6ac24478c2ef50723c05f5539afc80b609,train
c4705b2cffba861ee816ecccf7e76e6a000d868ad9b3ad7d6bc30df26853db83,train
c47155140a700df03450995f3305a880324737024be3057e08e5e1083f958c6f,train
c471cce9492d06d97759e80784cd39db441b69a7eb84b7d3ab44b01aab468aa1,train
c47be52c157dcb01e61d48459ec448b726f8b7506ddb50be9a98a86dadb6463d,test
c480c57778f10342ec50e482d83e8d38129fae6be6c6a1eb3d8cb0c2bebeae81,train
c483c0855b1956aa541195e9a787aa7c9e37e2a840d2182153018bd75efcded1,train
c487bb10beba05b41e23ecae8a4ee38c5227f822a22af398eaa249750518f206,test
c489057d1346eb530d0ea9db2d4040af0c3806586e48ee0ab5e070098e9a55c3,train
c489bb2eb661efbcc193f36017bc12194984cedfd420299f769dbbe9cb925bbf,train
c48f245a1e9d047b1575b5d59848365d016c62386836c5f95fa70cf956f03bec,val
c4934f58cd4c4b058ee1060ab41aa5315cd1b6457f3256e58f55de8378cef28b,train
c4978f4e58e01121174d10d5ad8d1a571e7dac1c2abc663c622b6273a2d2296c,train
c49c96deea18e15334ab0f48e65e79d048fd8b826660fed822d0aaf25f791401,train
c49e9e7be5668143b7cc54f7c74992d1611cf8a971f5b3da76077d789d3573e4,train
c49f9155537a403f5f8bb3ad2035ffc2f1f0ea630ced9a3992b048e8ae8f1615,train
c4a24c73b69daafa6d5d3b05e37716a2da991123615fe21680ffbc90d190b624,train
c4a3c8d14b93638fd81f26cd4c7033e42b1ac0775123f53e312aefb9d8867c5e,train
c4b1298185f610a55d5e8c7cfcd473cbd465242132b0e25948c1861a08f84364,train
c4b5b28fc57c77a10c478c5f41c54f7875d797ab3399c2edf14fe5a2e9769efd,val
c4b90c39bfb03097c13912cecc123dff93d45e717c33b0cc0fca5be065d08684,train
c4bc94666da328507ec1755d72bfc2dcba78bdef9c2b0c0ed91d1d2e28a0b9b4,train
c4c16b164fe9a525571e8a98266d7d7685ba29df738e049aa885a8e779eb8a6d,train
c4c6f6b0746398800174064c2682ed12ef7cb259ecc6347474c0b3926a78cda0,test
c4c9c381252bc235664210ad0414e9ada6fc327c817e1530fae35f475ec405b6,val
c4d131cf798d38b24959125ba7dd624a2ccefc4d7de7fa53bf8517fe9f6a636f,test
c4d4d25b44c2dcc93cebf03daa70be641d2cb15f527c65b44ce014257faddc8e,test
c4dacd3cf04269d67a7c21a8fb438d9a46d6c0fe1c1d361a9bd4b6dae82d266f,val
c4dcfb1bb61e569b98dd4cac55c5ce882937b2deebff742b6717c253b66e498e,train
c4e0647b625afe56532561998e7ba13e4f18e05f843c618aa418654264f7e08a,val
c4ed038d839ebbc4fd20c4502d2daaf9d4111e7f591d973397f160cc6afd2445,train
c4eec2b20ac8e3b54fd31715c3709af5d42adfbb831a5392e6e1c270428a3a8c,test
c4f051d665c955d8a9758c1a5fe3d441243802a46950d0bb207f8e5e856c7759,test
c50aae0c4c3cf69de5323cae5a5a07250c98d7ca176d0f94e88bd57587737e7d,train
c50b5809905fc584ed26b8e5ba27258c116da76c1bd02023d60e0eda6b15183e,val
c5145031f84f5567cb78ab881d336dea6c4ccb6ff30f3069b295c1b6610ad19b,train
c51e06da82e274399944673f5cdb9434b3b81d8ef9699f7b6ed959c9baa41e99,train
c523f9c5a3e83291ac0762639b030e5e3163e8579f378ccb55fd566dcc6e0dba,train
c527eaf02699a77aaa53867366990f4cb1404315a73163ea4c02e03f9517a3ac,val
c52d95d90c03e8c55009df5de80af24e44f801ed623b92c207634bca5ca1d33a,test
c52e47a5f3f7ccd5fd3002fe15325ad1f8bf47907265db6709a1c77501818389,train
c52f291246b432a7c70b7c067e2ad8973e047bdfe0e71da79b997f419ef4da0d,test
c52f45d8be235e16859711ff133a6e28bae8d41e6556c7136dddeb15a16fd08c,test
c5376254e1b26a335b5e2352b3da24aae65286cbe5232f61f424b55bfd235c8b,train
c539ce50360a56886fd503026c72d1f39773cd9667518f53f986482eb6623740,val
c5406d6a9c49f67ad8710b48526ca1dbb2b33398e6c0a37afd8a09a077e0df7e,train
c546f8b91bdae0c931e17521906328f3f8c47eeeb22a8b9a1f03028b18755832,train
c54740bda21f1f05cfe3eae2c9ce2a6a96b1193450f73f8d5e649f069809aa2a,test
c54fa90c64b022575e18a36ca50adf78c9a75ecd701f88b8664df4327a4042cd,train
c55914c3f61b074f26f719f6d5feb7cf800e607ca2bef6de7b65a694d258c9be,train
c5659b13d6797300dcf86baf190e262fba58ed47e5b3b93766fd777ee533e046,train
c56835cc45e83cf35ef6cdfa46a1399810a63a8f6ca572b06e65ad528226e104,val
c5690162a2b79c765ccbc9da1110b0091dec9c93e88e733dec71901f5054779f,train
c5698333b4d2c8e1210f416c24474cfb6855af77c71cc809bb0c2e46e4183206,train
c575218c2ab3b7c99f088bdbc6f992c4a619ce8d1ad77af319f1806a538fdbda,train
c579f65fc1c9ad53f7d4604c28685397c694efe9afa03d2fb555ea7628fe8730,train
c57ab41c9171c4e1faf53056e3803ad0067fc3837ca376ecd8aa8d8b26471104,train
c57aec77d8ae529aa2dce19204199e18b3f31d497d405b091c8f905f45797b4d,train
c57b7e06ae1f646f4f5f9e7eeb51a05cbfb6fa41d51dd17f6c01cfbda7a2f672,test
c5860800d671a33be170077e922288b17497795b1a242d7366d40ae3b3437b7f,train
c587fce21ad8f9465b9be1fa7e1cd00056301e9110bbc05a93776e475ba5b979,train
c59addeb33fa75c4b438dd456ab774344b57f2c15ed5d8fc7561e183b114e2eb,val
c5a82e465ba7b18d45d696512de18ddde75b78ac785b493d79b9f44577f206c7,train
c5af42b9e62358e4d38459f934c6e49f910f083946ec6fb9a0b46669a3b958a6,train
c5b10f92ded72c7ab33951045b4f1e8556621f1775b283dccc3904257aa7782f,train
c5b1225a5b56774e1ee95e184487dd8fbfdf104f37b492284cfe3f51b187cd36,train
c5b90720a372404311e31bcf2426389008df59d18d811c73bd31ef40c35091e9,train
c5c5aa7e270d3b8a71bb82ff5e6f8a1ef3868e90f915fb28ff270228e961d2a7,test
c5c7ac8c6d11d5e18f37f043e1faa8a582c7e466480211aad43a5e54446650ab,train
c5d3dfa5a931570d2ebd2f2fe4f2ca9acdbd327196d22ba9c2c67fcc7a301829,test
c5d40dc6f414e1c2ee74daa04c00bc06a1fb695c78e02cf2ff544e4e0f0ff517,train
c5d636d174299f0fc463b5cbe17bfaec882914efcc3398e4cc6bb77d8376dbd7,train
c5d68ec651ad92263dd09ee9c7447197fbdb24d09a9ce980550685c681ae1a43,train
c5dc02b3392150f186556a41fefccb44fc92204b98becf5e85f900718e39b7f9,train
c5dea0f72ba507279cb9165213eb7310ff160f0d8c369eaff1dc5133c29da1e6,train
c5e312c8d93beb892b8be9f5d4b8bf5f139d30ad102662dafd3d0c3669869d9a,train
c5eac840d80538a0500d367731e4b27d38ca236364f1e7226b3fc89aefb5f1b2,val
c5ec351ad0dc444fe6cc3d155689ba80fbc940387df4f67cde19aeb3af96cc8c,train
c5ef5eb382080d31047f5da78698044c4238f92e926fffc2f92e195170de5a9b,train
c5f320c539bf2701ac9c0a6263215bd823cc9b5b48162345b91f3760cc33055d,train
c5f514c0615323a461a2a67841cdf174d0250ddf5581f901125d9c331dcdbc8e,train
c5fe4138cb4b321f586967cb5653c650303ec034408b5c9374e1097c03218bef,test
c600c4fa7e0abe1fd861bcdded6257f5eb5f69d55e4bfc3c21dbbb5de4075f35,train
c6050ffa8d7be37c651fb106ee7071c190b9bcf0fd28afec68a771179341fdf1,train
c60a260f90fcc272d4b05af1cbfe9b9332905e00c014e514abc5d83909233cf5,train
c60fc8a6cab2b90e41c4505d7c026f4294c3bef6bc301dd538ce1b4cd8b9beae,train
c612edd0d5dfcafb713529a21df4e7801cbf7a070a6e7f436e105631c78982e2,train
c6237ce3fdd40e4e7b9d8285bc8e2955c57150160ecb10ad5f008005917f4d56,train
c6248f9a890c52e7d5e151d90f8fbee87a39123c896f1adbe2257d1957146e61,train
c625eaa5cbb65c8b8a0f0756ccf61b7859640235f2f4d3d54f620a406b6ac322,train
c62cc9a387dd4cb9a38a9ae3e2fca792617c7687d3253ddb87d3e26e9cdc0e36,train
c6306a2511a826aad9d482fca4f004099aa096583308f7a7bc244db412d966fa,train
c630c42c7e1c366b3459e14c6b837d27f747037625be99b3f314504a377000e3,test
c6322d1b4bb66b35cba15043063bec6898404f06354b92e2f2e6092dece511b9,train
c63ca1952b683a177c02d37484b19918d02a649195f50d787b469baa6607e43d,test
c63f1b873caebc06655f688fbc7309cebae67ef7ae081a0c7b4937e43d63e97d,test
c646e5a5c44bf797822e7a9ef9aedf90c3cdd0f8f70e7cef5b4129fa6a1069d8,train
c64727b0224072f7abc9cab624b3723ef512bdaa0a53f87e6e023ef089392365,train
c649ca3de8777fd8ab95f0c09c5c3710c52655bd577267419fe631fd0bd0902a,train
c64a8bf1358d21f0beb97924b65acabce184b9afb3cff4fad19d45e86a36f4c9,train
c64be2e2a77d3541b262b17663f316d45d9062d140513e9278257a595da3e110,train
c64ea6fcfbe28e01d0db951ca3d33747ff38c3b056f1898a47801de715c96fbe,train
c659ac20d9123d89af976b8ea7ebe59878e3c956303d07eb756f9f066fd46b1f,train
c65c73db45fcb9bb81d2afcc7b8b919688d306b9c0a5471767a3b8ddcf6c3e61,train
c65f2ba5432c24e01abf73488049369a81922e3c9fed0910f778b00eb519b661,train
c6666b90854bc52642d08a61c8bb5334248f1b7c78e655cf343f4f671fe3d4b5,train
c66ab8793678ae5bc939bc312bf7f89f29a703e0e5d5465317f99b5f1ab5f052,train
c6700aa55479acc191c44546d7c3843a5612a13c4e2c241b9e0c2a92a60892e0,test
c6773cf4ea99e276cf3a7ba55a1eccdafb796461acc374306a9fe8b0746aba3e,test
c67cd16fb1cf43f5546f5b29daa0e34c4e22f56603452129ebcb0d539f3161db,train
c680cb96824da8cce5e94a9f92a6047f23a6c28fa9c0627ac44e85520a8d3783,test
c6911f20aac1d5a736bcae86a31815bd647847bad13d2cc3fbf6a221c89dcd1e,test
c695664f7928ccded42ea67413aa01592a0be4898bd8c5e77d384bb82d98104e,train
c69756d321b16c05759fe8963d56662b33757a8bcd6f11a80568cd11dc0f78c3,train
c698a33c5ac1151aa2d76dc1ba9c62e4ba763bd0cbca08fba276b85104c42b4e,train
c69cec65c27cb96993909034cc9efb9b99669bd7bae503b51271edd3bef5c591,train
c6a901592ff7e319b2885edc0c840ed0af1a634a7704c92ffce2157852ec4099,train
c6b05e5dca52c4101f61da375cfb99e09e5e480fd2469523304cc7ee5503989a,train
c6b7ab1a2a33b5fd637dda6f33104fe433b82b72b5b9b22fb7f8b61daf66c1f1,train
c6c190e1dd140c8ae1f5832f402c95fab9f97a649e0650f415f494ce0d370a14,val
c6c273ad6d9a14d63cdecbb4818f400a2202675fa4770c00fc5414e755d441d7,train
c6c5ade60f8325e2044cb408f1e94b5dfa7f0e2409564ec40ea4206b256e076a,train
c6c6d819544386253b0823fc2eef7a328f2295fb35642b549a1ca806bc09840a,train
c6c7c51ec10453140bdb2be0205ed43be3700600606cc6cbdd80898805ede77d,train
c6ca3bb22822781639e8d456f42e10a71ca9f58bacccecc15e4876841f77b8bd,train
c6cbf672f59c678dd3d39cdef085c369c203b5869fa826e54ff19f418205d294,train
c6cdd04928cc6a3143ff838d6b507181b979a02bffccc72b8697624966c8ecbf,train
c6cfbe90abfcaa16f42f995ef64f9fb6e538cd57662432eda7384dcad9e91ef8,test
c6d281864f11407c0d8b51c653e2aa8fac3f78b30ea5b3e578b710a756457ac8,test
c6da18d634478b0d8a53950052a832bdf6404815b77596e5eafc223f7780cdaa,train
c6db458f171ffdc2bef20dd72458b8bf3c80652df90eb0086dc2d6703f142e98,train
c6e7d150ff6f24b1ff0b21efce0a9f08da1c215fc1d9b10fa857c0d878414311,train
c6ed97c83c63320cf5549cb3dc646a2a7892e1d5ec319fe249f68daab3932f86,train
c6ef40d34f1a49ae6008f61039d443777ddb03e0ab8a2fa3efc6946a679b6959,train
c6f42097731ef27f5a2467d241fbfc27e7229a08c5a3ebf70fa55a2dfdd90604,test
c6f702ca1690f98f80b7f38e991e94fc0f0c6b70623f889556fa5cc4abfabc46,train
c6fbafea639ebc2883d965a5d40f511fc0ca2ae39a648f7e728696ce689d4a16,train
c7009c79d6d80bbecd0b2d85a1eb76ee643e0f074738ce7e36aeb21a8caf7362,train
c703bb19ed6279c0893049a9e229ce9cc07231bab8d01decebd400fba67eac1f,train
c706c5749ee4c5dc7f6f5dbca230b3d830734d1e4f9993614ade0fa2a98ebc3d,train
c70c161b9e1b410b9254b39bb8dcdeb92a9897017e2fb5a8945b9bb5346d6a72,train
c716dc0fc6eb48449fa608bb23733e5a11546d55cab4ee213387e314b3834072,val
c717208d2b468aebff9870281c05aba1ed71e5a485e9cc0e461bc7ff0858f430,val
c71d5890b134858e7215a21f210a0db116e18849d81b539e3ee42ac22ab88177,train
c71ff69b845d6ffb9613deb6e19411042a6664e85febc5cf2d8c7b6d7e4a3ac2,train
c7258eb499251d086ea07026162e95f499ef7905c110bf2c2711de18aa77a033,val
c72cc1b883142f885bd869c122c72f3377bb8c8585c113de2ad6c6a3f78e80a3,test
c72f5bd9c550e45490fb159498830a14d72706e02c6de4c465fc95d64b62fc1c,train
c731d1abc9899d122ccda194c8a7259fde3e232a613d53e26d62e112b3cabbb0,train
c73701b28f71827f93a24d9ef7899931fa4bdf7d5b18f7d4579a45d3d27f1eba,train
c7388874100d00d60638ba900d076c8619f991640253786ce17020ee1678c9e7,train
c73ada495b4b61f4c3ad499a9d97388fd74dee9df1017f81d814c781cac09f13,train
c74540bf78cc67a2acaa00155568d2947704726ec768f188f6b74ce4bda7e2c9,train
c74c0e2083d1d4aedf397e0f858ba7d34c92167444e790ac0f5da911465432f0,train
c74d7d29dcff6fbedf0edeff166610e35466fa6592f965e92a1691233f9a0fd2,train
c757d0b6373e49c51b312457059789702f286ce5ea11aa25a2696a0300047bbc,val
c7584e56a3366ed9beaa4978e5604e808053afe641e4547b3c1cf713f811ecf7,train
c75b2959dc3ab9e38eff583214af4e08dc68953e312b0cc1ede6e2464b4ea700,train
c766871171a82ba6f5a685ef43f72905bb1e482ebad2c18a19a23810c18f7762,train
c766ab4c6bdb38b3fa194ca0b867e0059193d41a4b1938a42994c91ae4d72ced,test
c766e9eb8b7d73e031115f41cf3a9ca3b44ac6fea0fd8dbf4ebfc931228d08ad,train
c76d8fc4b90580b849769ab02856577933b68989c364e3873c8702e4df775e9c,train
c76d9210516175f4d5ad2c94202b66badf3be3b2de9e8198dede0da1a0fdb61e,train
c77679ff297726039bd64e6f645334a8cb3633e9469fe72da682bdc8a373b129,train
c778b63a645f0d87404d781c2bb3737fd4d2facbb99d550235ed5e0664447772,train
c77cf191c5043e1c088ac684393efb644ca39fddfc077495b824849a47723a3f,train
c7823fa0a443568e616fcf772900c684757be0cf1331bc5433d620c9c6f89575,test
c789fe2888385390c6271b13c892b293c30fdbd31dced60be3a8075fd141216b,val
c79383e3d22fdc32c9c169526f64aa6bb6a7be0c18f97f2353174347c2637451,test
c79b7ec756cbf355fbde9dcf75a0dd97783c2222f7d8866ce75f740a67b1cdeb,test
c79f37ef7f617583a393f40265329cee42ab2857b3d719219e91e89ac4ebbf53,test
c7a0dfd77283a2479a7fa8a7a682fcf3dc586c07ebc6c955845f961a795497c0,train
c7a43975004e75eab1ff641f20ccde97a5b0b3c45df66311abe192f9db8abb04,train
c7a614466a844a2f13a80ebb1a6590ee520f168d122da1500683e427bbbe7334,val
c7b3dd882072bb424aacfc71b4753e647d47a2146a5b594ee31b2c62ffda5a77,test
c7b5b5971964991aaf29ca12b9b9b41b1462f8181b42c9263a9215512a8a5196,val
c7c60022c9353e4b165a4abc715d611a43ad57ab6148bef2514d02d6d17fafb5,train
c7c6ecee733b51295108c8222fdc53729941d09bb24356c3161d326ed8916940,val
c7c939c4986683daaf9fdcac25494e8eec8b65394feb7460f3f6a3204ed3a796,train
c7cf3431d3c6e3882377719beb56fe6e24eb8ec7ba8b8e487148209264825fa2,train
c7d197fe074c506d6ef9118095374d24cde83efed6288692229d79cc9dbe576b,test
c7d4c1c92b07abf4c6baffb1a79ff65fafea811257546ed300cffe88ec45704c,val
c7d84eb003617f4c90a2a8bee1ae36e2519814755e3dd91e5c900b20493e5214,test
c7dfbbc1c69271629201a0aec206d276366c21463c7d7109d004a99604f7f384,test
c7ecb8eabf0706b63da42e2b3c1944892fcc4e9e30c2f55ae34c9136b320b19b,train
c7ee853c1f0a8de2c933e06165c09f6e39cbcd39aab1181fc57be48305048157,val
c7f25635dab98c34dbf2ecfa304515e6333b8c5e700e79afd41402e1d92d9732,val
c7f67be22944a859aeeb03a587e06792e5423acc43955a0c7872ce5c105df3fe,train
c7f7ccf63be30772d68ce8429ffcce5aca3e7bb0aee15ac7061106dba98354e6,train
c7fa1c32db7c28ecd332dcec7073b2104c2f2fc352602932a8dc2118520f53c7,train
c7fdc04a56a228e498715b81167a8f8985a9b025cdcc1082d6e5494ee837840b,test
c803a5965f39009e5754a92a3bc3bfda5a8a4886e843a3775287bd7699cace10,train
c805221828c643dd7a7acd4f5584abdd7aef99a4ae4c1b5b8cb1a4a166ce7e78,val
c806eac247f287a156dd92eff312ddcc21b196128e3d99e23ce4dccd8cbeb57a,train
c80b071ba4322a6437d37c2f99ec1b216c4ec5fd60af736c0768727fc1547193,test
c80dead2c4b30f75a0b7e9527f9dbd0c0b7305ba06958ec618c43fb05ef0ffb5,val
c8105f1d601a1493c96c0d6168687b764d908a6531a87fc65c0ff7b6b975ab0f,test
c81ef49ac58814be9ac4cf16f3432f9c8641462b5f1c014be7f38ef67d810c2c,train
c82467879e8b7b47e2d47f6eeea946a786fd367f0d3205bf58b6983ae453b74c,test
c831b6c2cf1ffc20133fdf9f7ee8142149db74ce0f763abba6cd10b8cae246b5,train
c83968f50abd627f80fb5263415e29fa9158218e9e377c3a8d7ce54a5dc398a8,train
c83a8b6ffcaa7ca075e45e956c5fd3c4a8a8af396bfe2a13b256b4030e542e6e,test
c83b83fb9820b222dc3c4832558f309f62ff41ca4476c5ad9cd63c2ec346fc0c,train
c83e78203f63aeee6be6501ebc84c2de52da9e0e6ee26f70b5f948baa9143cc9,train
c84aa236662e7e24c16c6522851432b66c5db14e720eb58270e9a610168da7a1,train
c84c0a8e020dc1dd5ca9c27798bcd91056f242b7a1c0630ccb7b586c5106cb09,train
c85e3dbd023b4b906812659a14d1db262db2d95159626f771b9e2f559d0bb3cf,train
c85ff8269ad56a5b8faa60f71c3d7760e942f155e5621f77fc3d26f324627a7e,train
c8666809122c0a8baed22c8750b4041dc6d0c1b8962ad0c40ae4c51854b3fdcf,train
c86ebb2cc668507da8370fb58cfaf91b949513961dc2f0ce46cce03882b62162,train
c8713f3819417f50f22b2b5abc9e9e95005eaee2cc0e85474aa164090a332839,train
c876a43584553fc3ce339040015ab25f44e826b6affff18bd16ae4a48df48313,train
c877e398306c1c09fd4002034f42f18d221ba6898179f6e967afdb8d56d3edc7,test
c87844b694d4782dcfb123d710bcdce8cae194325df5eccb785789f86b469a1b,train
c8992d1146773a544ac6f48ba60dc8a8f7763761d1243dba1e4e5c7a0d223fdb,val
c89ca97620d1b1ce0ce6a2ea1d4192c07b152468f155421382655edf42fc1edf,train
c8a973a9d1a96010856a6f6f2d74cbccf93becf79bcb5a7304faad9d18611b0f,val
c8ab873d6d8b960aa22a5ca9990c9897ab70448748164df959fc11dea2a94fad,train
c8ae194224234b5fec8006a1fc02c0760aa34ade3fe98fd636c71f3954437fa7,train
c8b2ecd1cd047125ec166a2cd045d409fa3ca1d90dc4c321e6272e339172232a,train
c8b3db71930f2f9443c394222ce8e9c016c15e8dee7293245d1030016477dd5d,train
c8c1fe9cafa8694b03cd80848ac02dced5a5fca3324b66ae10e7fbc3701a9263,test
c8c2f8f8f1f7a46703dca58ae73511aad34c9d04deb1cdcc3c3d96eb5de55319,test
c8d0c4122e1df4b3201e0b7f5aee91383f5af57120d7bebaafc45977427c6e56,val
c8d199761df1f184c960ad126a43c586f948441be6cee7a0f1b4687f824643d9,train
c8d1f587b536b7a684bcb2d7b6bf9c94c8105af4d27d5379fc180fcafd1a31a1,train
c8d6c20ab241b713ea638b7001680de59199770b6f4ec357df74bf26cba84bb6,test
c8da364c0f8f24eec6d54b61de28434ecffc4d06c656f38d60be1b8bb00764c3,val
c8da806bec2eebf3e6df95caa82567bc3f32140aa4b09ade5aa205ff4b80400e,train
c8df27d2d30c2db3049c941c72a536e4cac2af45f3b83533fe41e8ccde53cf5a,val
c8df3ed923881bd5a6696a63a71f54a7abbcfd6c4eac1d23d28a9e63cae3cb00,train
c8e4ecf5a1fc1c24b9c7ea2be387c8cfca1f79aeb143659b64275e9db7b23749,train
c8e7adb46c77bc980f3cdf3f93748253622f26701d5e9d61c7a103bb05f45c3b,train
c8e7cca5543fc86d8dd6bf72ea2edd1d11263666f564cd484c8d68029f2e22f9,train
c8e8dcc3696b8af25928e23f3b481a4fbe155e6272ea301c89d8a5ff897bd1c5,train
c8f1701221946b03c196957fdd45bae34cabe6a2c28becf06cbe7602e36bf41e,test
c8f92345739bd5bd42aeb3ab907206e2d60a7d73e00b4e4aca87f4e567407f9a,test
c8fe8dcc6244bac69c91de874399c20237f262967ff03c9482e9b108aa58d50c,train
c90789a8e5bbb4b151bb29ad218c88ca52460e31f7028ae37f99491c2186193e,test
c9132ddeb3117c880b23bf856560a008665951e56a34510172da134473b6b1d4,test
c91426ca87fb5c2935478d3333267e18e219e01c5f5e23572ff0eff646d7f23b,val
c91a9945ebcab81fdf6c7309f47e6b9543ef78a9adc30e27a24e6a72db19467f,test
c91ecc9b07e37a75daefa4334bc4350917c9116ac1dda39c47ecb60c881dc3de,train
c92e8dc03c74ec32813ea2c543f5d90870beee1ea7118ab64053cbed0f3da60f,train
c92f52866379c2ca1ac71ea526d9fb23cdb588d561b9bbb8060746fe21e7aca2,test
c9346f9823ff95b821429d5dfaaa3a8adc71511d1c00e381caac3c94ccdd2e63,test
c93d283e8051fb1460fb9832854e36cfc30bf5f7c73a38ec71616a88bfadb11b,test
c940123803200ba04cb6548949a79ab485734cef6e228b3a79b87da788f959cf,train
c940f434facd8b7a0267350f8f7fae92f222fad846ead1c9d5f48d48add588d9,train
c9423a1d02599781c6d8f1c0b683292702f88c0fa4b8325236190c9a6dba52d8,train
c942482e1f5c3881c90264a1b9a5dfd3c9f745f1556c35787338da512518fed7,train
c9426d544cb6d7f2f8e20ed720bc04027c038bf8699bda820d7a8edef25ee731,val
c96957bb82f52d1119f39b60f6523b1b035e823955d25ecdbaf9979b36cbdf2e,train
c96bc3b8c47055bfb7d300d1bd6e1c905dba17d082ae67c9097841ee56a43113,train
c96ced450c27204f5307c89831c45e173d66363818b0c4df485881172ccef158,val
c97e1b2fff89a155f02fad1630443f4f0d274b01dce6396535b87f5cc2e3e7c4,train
c9806ac93ba021f4975469b5fb007eb25fa85455f04e4c9f420cb8e66719b0e4,train
c981660adf1fee5f05a3cf1c90392da6ffc132b409cd63193147fb730ad757bd,val
c987a168d02d690e92286708bc98da7ca8d511465424b65ca59337ee262c4fb1,test
c98f484e830daddfb2b8e41db0bf6f8366f9116e69e6203cccfdb0d04b400f64,test
c993443b5e25ec85716793073d455c06b7a64cb55cf27b15dfd17ebc337d67b8,train
c99945837c97fe9dc8a32e1b4883f0b9ca293480067772ed66fc41e18451d54e,train
c99a39f4457c641c6a4bb4b0119fe3b574f77332cbb995781b5212f4044feb45,test
c9a35da9acbcb3cb64761a1295411713602a57e519b5633b84b978673967a056,train
c9a52b2ae6eb5df5433289404670bec371c6a5c638c8a508e48b125498dcc504,val
c9a6e2570ae745abb2428f67ed63a431c8d65525ad768b83b4fdffad9ad9eb08,test
c9aa156b9c62c20c9c882fe98c6751b0c24d2642fcbc94f4d877c8bd8ce97105,train
c9b7cb55132010a0c08e064e00e1f4b3c117f803a3c25c8e21d1aa73cceafd09,train
c9ba2179a2ba974b6eeef6ebf6473abca19d096ce6074068d7d45497fc87f515,train
c9be0dcfa75c95974846d3e1dc416b0b98a954416db0a34de4ac3621fcf10ce8,test
c9c54246cc98776b42a5ef6ccd863e6a67fe93f9343eb2eb5f2583b6c01535e0,test
c9ccb4e3b93b72921805577c1763a45a3fa5f8790dba9123a1ced083e8b51d9b,test
c9cde5e05e2155939ea5c7c3841c92a2aba2d89dc5793ad8644730d7bda60e79,val
c9d13589ff7c8058be6e091a7a240ffc557339a383c1b71d7ff03bd49f081b90,val
c9d15f534a57eb80d29a0aed4a0d75395dc0ab90c9110ea7cb7affe6efc4d6db,train
c9db00d3489f24a6d5a4257535bd967536dfb8e9a1cf368d8a9bd78ef3157289,train
c9db8647cead364fc8d71ac8f48203da54c7d830181c7a893a41cad964a67cd4,test
c9e85fdb173b85cc2459d0f5984a133ef88f14674f6500d21147238bd649c44a,val
c9e9de64a5e294f70af5b8db0712f80ee1659b778f3cdb1b9066e4098023fa52,val
c9ea214c3b7e767b2f307a95c182ab3492b5af12cfd350885f32a597fef575cb,train
c9eb3191a52c02ff73a02c16e4ea905c4a67e6342ccc3abcb592d3ccc46faa3c,train
c9ecb14f1900aa824a99f0d6f48f93778b981abca8cb0faa81ae24796793eb81,train
c9f853c3f067c181adc487c3483f119fcf18f72a20388782c8ed5dcf9b6a42c6,val
c9ffae6c87f780d4e1764755e4c2471dd3792b13b2ba463c27c150532d4b5088,train
ca094ecbb10fc9efc7cef7715c75109215dce6bf5d48f5caeecc9b08bb40f5bf,train
ca1320ae2e7173ab9fcf99bdc176d316bb6c19930d6fef43459e3568d1ae0434,train
ca149798e41df84ddfc3f391bc16b463ce744e3919cfe859f322eaa29ac92cc8,train
ca1508bf66a6a6ec10e9ec771422ed66a19cf3afa6e4eb0b4abe55a8320d1b34,train
ca28ea14e37d5f47e6123c157d0693361e7077a9f854d5c05063da2622ef62fa,train
ca2a7e6ad56d8c071dd93f89b25ac1235f024f5299b40eb2a48bac27f4852f64,test
ca320b55a0c41a01b839542a71f1af03ad604d50d0e5d871288af66c0028c1cb,train
ca3c0509472fd054b592e4ee3070636b515454b962234db9b85e9b2694fd83bc,train
ca3d1250ab8acf5870f921bbb454a5c6eb5bb90f4a7b98e5ddf7af95c5503c9e,train
ca3e2fc16a51abadc7e96cb14c13f401deec89bfa073b60c0e7e8d52ad3613a2,train
ca43ab01a13816ef25b1eb3751ff505432ce902c22ae6ee80d2674b092665e33,train
ca52569ab450531d4be8c953864546b2c97957495c12ea51aed3fc87e8a79b17,test
ca53b3b4fc6cbe3a3fe177e107a67c75ddb8255653a000ea94a686a1bf6c84b4,val
ca5558e0037f73cf41859eeb372b72c4fea90b91f360ab4eaa9f6334f12d5fe4,train
ca69df3c173513aa7a72793121428beecea91edb7546a2a42e44101be65e47bd,train
ca6ac43e55c375b3c98d14cd661e4f8b37951a019d287e56a29d4de4e885b33c,train
ca7b2bfb2324520a65d000708f299e91fedcfd3bfe43203881f8c8c83096c938,train
ca7ccebf8566bca39285df7dc8a630c8588d2f4ca1b38a66fd0bee443381361a,train
ca884fec366bafd5e65920ebd02118f13aba0c47096450f5033cc0484bd16b64,train
ca8b7e0ebf9af1b0d8853556cbc9f33aa0145d283b9a1a582ddd95ad9b01ec14,train
ca8f1c097c4f4ae1afbb9e245fa8be474923cb164ca0c639a5fcabf91e2d8924,test
ca8f2289c2b6fef821abff8e04ff13eb4058bb199d69416a5f40bac90187cb06,train
ca9418c92fc4702f03d993d3d36fd5e08fcf40e3a983f396e616bdf2a125bc94,train
ca96488c5192f3d58fda11d9ebe5294f58882ec5cef944325fbf4d895c4c08b2,train
ca98489766df78a914f3507251583c30f61b101653c3a91146b669802bf0390f,test
ca9a5a98b159ef18b37c7bf0e219a97a1c25fc44e2130262505c5823e7206be3,train
ca9f52d80af2befef8c407c9de84c08487e5bb276792d34517a6ae963828b6d6,val
caa8f0eba8054426289b8a22543affacb388fb2bad4a1ab3106245c33a50dff9,train
caae6abf436a858f2953c932a5cbd3e76328eb01049574188d6f73918ea8f23f,train
cab52b7f733b560ecb9773483bcf91050165f2e68bdb5067f562a429b91c9992,train
cab67eded06eb896e109d831b06a614fdaaff21a514cbc95c5886d8e2e4f41d1,test
cabe25857582417ce84b504f08c2b1de1b833e1710871e438c9917e246a1b619,train
cac8163b0f966cdae2f405b45185115039e4aa689122f75c88c85f2f3a265153,train
cacfffa5dbd4f8b62c2e9819241208e1692703f2d467af863bbf92f5991c0a63,train
caeaa8c1bb598e3c8aceba249337f356b9dd05375fff131dcb4ac0affd97ef59,test
caf2c5bca523ef8f7faea8a94e4c8d5c0590866544be946cd3e4f0f1f8ae7d8a,val
caf3f287ec52b71ed0a2a13cfed6acf0831626c622ef61e40d5041bb862d5a7b,train
cb030ce8d9c7c65445b023871f75435efb29339e2eb1ceee9e90c76004c9e305,train
cb15ea2b0d451089a5264bc68edaf7b217803de5a52fb9bc9c0ba005c68f674f,test
cb16db56961d25406706802d1024ce6009a4cdb8fbf70e709991751be2f59d1e,train
cb1a980d110ee6b8cb9ee794da4597c4174269ddec497209dabcba5d55798723,train
cb1b1cc8b2d2d08754a93e681227e6ab3dc41e5660c8cf9f165ee5df141d0119,train
cb20ef065cfb1800f0a85a7db5168dfcd4ccec11df126a29d4a19b469356dd77,val
cb266e839080225a15896930ace813614c8b0b9daf52727ef3e611587783d98e,val
cb2a00a6f173fda4c1b1049b9b8456ba04a6e92a95bd3e02d22d00c65e3b463d,train
cb2ed72ae3c23e2dcc539bdf8b0a95e5721ee0b73945eabc28e59696ab60cb82,test
cb310dad4ca56ccb26c5fdfae5f107ac07a30830ccb4eaf62884fba8ec927a25,train
cb3126bd6f3a0bd5695eea128b86b7bc14663783d6f0d3725925911fef4aaad3,train
cb3589a6ac8c95d65343b6a5402c019996a83748456c18a0c80fa107d3d597c5,train
cb37f6769ecc9be8864c28690538eccb0a36a06733d41bc4f695856e6e8f794b,test
cb3e78317058e94e5acfb4049bf4592e40a08c91f84b11404979a60f3f79e6cc,test
cb566eceb3f045fc9b3ecf8facb50bef9637365ed9a7c617520180962cd686db,test
cb56aca3293ebb55e5bf530dd7d511c80c548f33bfea0b7c3ba2f1b9997a2014,train
cb65401f50dc0fabb38db3d6e02705527302d65ea7225849e5cdae6c9917bb15,train
cb684bd5d2d9e033fff05d9bcf8cbf97fd94e07fb47b9fde7dc664c1f7283ac3,train
cb6dc026af78dddb225258e26aa2332e3ee0b97881409d5ce7bfd5bdc0429095,train
cb6df9c9edc93419252ef92a9426ee88cd021c87c3a72e8e03f2ff3ea50ee7d7,train
cb6eddee843f270a804c078d970ff98d6a67b3a34ca70e192ee80a6678e2ed05,train
cb6fa1bec583b5a7c1da0cf3397090f0253ec131f4deeb0ec5d72011da676dab,train
cb7884efcf47a62c53305fac50454666907b6c6ca4c93546555a693dcd83d0d3,train
cb7d4f356fb840ef8d9673c470bd262581bb015963942cd044adf934de9b9487,train
cb834f9b15d70413f8872aeeeaf1de7b4b02a29824bfd547127a8d7606a3fcbc,train
cb864e8a451e1d35ebd0b267a60bf69c51ea53513fe1367bdefb946ef4377fe4,train
cb8918adeb69e5ba5929e405837a70f895f7363567f385ca662f6624f96450af,train
cb8b74711a197926b20313af614f1b82d9d820c751bdf72cea3fe1411ea044ad,train
cb8dc16e2b08dc1d7094179f11dbb2bb405b9bdd56f055e876b2d41dec5fc61c,train
cb94d3d4e9293fe5d902334ac6321817c04b5318647b587f4b92ded9d0c3f6c2,train
cb9db1e932932085e67c97b336a9f76d1d7277b58ed42741acf01b506c260f06,train
cb9ff343989673cae8e3c6317d324730dd9b663ba97c1584cbe1d1ca973decf0,train
cba4f515cdb7763aa506383fa2cd6996de1ebe08a3f30a3d075468a755f84055,train
cbb5f9f2cf18acdfa658c950d3fe6f7744d6e2c76993af889191f05c923b40e9,train
cbb7f7f3aea6ea67ad3a54bde5e14a347630aad115ae6daf24a88ee1d902eadc,train
cbc37864bf4443cf47a537da772f0fe036c6ec2f2d5b72cac2423e22d25b69b9,test
cbc9dc6ca5e3011ad64fcdc06d67634cf108bdac9542c85b103d42a9fa08a279,train
cbcbecf761db03854a5ab0c1a977665148ed2c95284eef034f3017a08cc2ecc7,test
cbd59ffecb74ed946701c7243475774f9a8c5aff61bafc1449277dce1b3585d3,train
cbd5a3e35eaebe6bc5bf7fa866125fde1349c4ef640caa1f9c54940dd47afd52,train
cbd620df7baf6b534a5a20193741a0a7f75d3bd593aef71fa8fa35516c653ecd,test
cbd70333fe2fe179b4b1e9406e61ad5b3a8495c802dd966f4a745aa2bcc7d478,train
cbdeed2b72e6d5dc8bb446e3363aa213b860eefdff4d303ac62cb62bf5d585d4,train
cbe04a1695cfa6230d0dd7e2119e4267dd905ce57ebb4257203fc12acd5d3233,train
cbe5d233dea64495b36fd91eed1dcbdf03a7b7c5e930a7af993f3cc4a5a1d8ce,train
cbe7ab7b2fedd6aba5ff59f7f44c7902eb01adf4a8596479428d032d1e835d2d,train
cbe7c4173aff2640f7a04eca10ac99e6c2f2abf95dce09843c3cf225f9b4bb72,train
cbf0e7bc06db15fd84a2b17e8d51c130390e7771d41924143e6b1202f3738ede,test
cbf186666bf34397b4629218edad5ee1a6047a9568a678013cbbb908137f3092,train
cbf732aa5b7ce8a906ca9be5ff2085e06be55279448f7ff39b6151b3cb6d9309,test
cbfac2d0acad511a024c9ae68c48fc041df1980623341b0475593a671d64db70,train
cbfbdf9890b4a72850b1198b646a2ef385a590575d64b69354639b2017507ffb,train
cc01c846f0f7ef98c556934d137449d4f08bc5ab1d6369dd808d66fc0f1e5dc1,train
cc02430ba8359a9dc3214ef5857c2a098bb9b367bf0608f37a34c78d89f1a5a3,train
cc0688a2a74b612dab5774f5cda31fef73fa374a3c035ee446ddc837c5a4a9ce,val
cc1602ab45586ab3894299cbfbaca78984359c92339842bc0adecb1f152f1124,test
cc2375f6a1f565f466569779daade52a9d5837095c0bbda6e31f332c73b1bd59,train
cc237d008383699849b1ca8fd5f1abb2677004469e46ae46867777743581c6bb,val
cc2414034214e6a59f3a403411fb2163a64d2cc48a91539910d62fe19ae88779,test
cc253918f82a0e98e3e814a5402577d377a925026554db343748707bc5b23a30,val
cc2552a4fbfeb75a78e0b02b6ab78757f42a5acfb8b3fd3353586da4c1eaeebe,train
cc264da72746dbb33eaabd420eb5df0ab00a81c150ef3835d8ca9bfe7ebe176d,train
cc32ba1f77245c93367ab37296bf5b34cdff52e96801514c56f00684d39be98d,test
cc438650238394bdd61b4b8c3c1e7a5647287a01557fb0583f5d786104d8e93e,train
cc45c1749fc8cc8d0c0510fc91891de906d7a536885bc30b59085ff82064c9ff,train
cc478a9b226357a41adc8c3cd8ad0f7ba5db4bdfb2547058b1c40492384dad63,train
cc4825a486eb5c5097f0bbff981aa69b5d4df9a9104c286e65b60ec489250ebb,train
cc4d425f1614cb69e22909c9d2a991957c7cf0a45610f3dacecab8ec58ec5cfc,train
cc560f6366e89200fe0e8b060d359f53efc0d30695d96757cb97e0c9cb6dcb4b,train
cc5b20682e8e1c9573e90d245d5d70b828883a7ab9767b429c584ce167c52da2,test
cc5c40859a0e88cbb18676f36259b88001e8d0c1bb3751af01fed0262d650db1,train
cc61c75291bfc6a14de62ddbff6ab6ee221aa578fdfdbf9c40d866626f61e757,val
cc6528596b8d21b63d002cf6d504f0bad9faa900eab13a41dc5a5ecb1966a131,train
cc7a1b46287984ccec13aa4075a6db0474216e23afe27bba74591f966fc84786,train
cc7f21a1cd2910b01f720c1ee1b83d96a7812fd446728baf3aa8e6408fd1c505,val
cc86273d6c891851c64765806bec171e1617188bcfa2e6a4a2df21af6d449d4b,train
cc98397eed65b4430be6ec6442da7f78a54ca7c4cd0b2a90c0335e3815ca7548,train
cca0b86f55b1684281b888ccfcfca90c4088e8d431a20cfc409bf4ca8cec5712,val
cca309e8eebc429e6fed478c98749740ef288217c16a0330a93eb1ca7e3ec2d5,test
cca5bd3c0c6f1783341cddbe63de49b4d10c3a860a9e2cb588a2ecb03f9f2532,test
cca909be2b42c622437fcf7c96e79e63d1dd6f3f49b4d564fd1ecda73537300d,train
cca9ab2f2eed8e52a162a7e4cb08c0718053438d5a7288d063906a1878fd62fe,train
cca9b311db378a99758b684504899df78b8770bdc551412f2458a044999a3533,val
ccaccf4c8ad9196297b4eb263bd97543d1b519c54234e588c8afdaf76b290400,train
ccaebb0176633fcb74c0624eeb9a7d65eddd645425dd7240b9b5b381150e58fa,train
ccb57965cba32919e45bc7db63ffe37bd0177cdeb34ce96596a8acc1cbc0ee86,train
ccb8f1087e0509ec8f0eb6619441fbe73af29ef63315e4f6ead3f8eaea3a852a,train
ccc1bf56ca08b4ca04c6832037c873763a690810b173c10464887a79b95d77f1,test
ccc1c99ef1b5f7852101504f78595ba7fbfc77f553bf6b7664660a4f9d08d52c,train
cccac142cb1d3f6e96970db62e1cb4f1d96335ba3e5187056b333bdb3fc422d4,val
ccd1731ea4f3d4f47c61595880823a29c33d6ceb951c89c57dc16a3528cbf160,test
cce88c7bfea0eb42a9080ff17a4b5e7bed915930513cd9d74e680fdbbc42e6fd,train
ccfbeffef84a3235867c7b91587d499e30e95362b813ae1d1f1c066bcfafecba,train
cd05595497174aa282e58fa8e3cb449dc649b7d533b2a4b27226e0d541c177f4,train
cd1d198286bb77355ebebbd67e506ef03b260ecafceefe7c7d91c0d4124fd956,train
cd256c33784208c0d58dd8f80b31cc052243ecdf7665ef4083bb05aef0600d34,test
cd276dfd3416175bb25816bc009ecc212d31b624f9bbdd98dcec8e9cd4771db8,train
cd29f1d0d3fc1d92d9baa179c307257c8649187362dffcaa8ecb2b1170a133c0,train
cd2bc132301c8cfb2e0025eaf1dfbd68717f0a1e1e3d878b6869d16b27ef7b46,train
cd3ca00d36c27b33d778589b351cff5e91898eb1f4bbf380f0f8c2b2423aa3fa,train
cd3e9628d29876a0fb0c47e9092bdd52fd46cf4539e46583b416a3bdd79964bd,train
cd4443b793e91207f323bfe1bb275d7814d6a4732cb659fc8285b03e622e575b,train
cd45a3d8c245477dc517d12366fd2e5cd10fb5674d80dfacb66d66c243305015,train
cd46afa70e1104779fb85ca0075a7708c9dff1e3123a6a433abb9cf5c3214d51,train
cd4b6fa82297ec9571b0e76f1685e57e424aa686168669fcd34938e9762c2df8,train
cd4bed95b78b73ad4392fed626172de2523421521cda2b9a0b8aaae3230e3be2,test
cd54af6cf6f903a14937554e7fb58713c74b7a6a29f7728b712c0514455b1cc2,train
cd56e76a349cac30bc6f4c144825aaff0fefb16842a6c5deb26861b34f41d8c2,test
cd59e0bce37e29bc88c5ee47da3dc63c4df4e0497221bd4e5e5d9eb05f3fa256,test
cd5f3b1b8695813d13030c776fcc007122aa42d277c24551ec41af3850a81ccf,train
cd612ebb040114ea4f3c43cce6dff562460d242d3a5fcecbbdd07f98bb24aa97,train
cd66148abba252c88a358ea761b9d2c075c9efa015d5100e1c34f071746053db,train
cd7051e0c644c0f045bb13807604850b2bf67ddc45201a0184002cb25972ec5e,train
cd73565991189ef3c745f9a932c74bc1f5e7d881081563f1c74fe0bfd8f0792f,train
cd74c3fdc0f1fdeee55553536caeb1e0078567bed4733fc76d40c8c416610671,train
cd79bb8b573f05ab2967c0927602358ee8aec9f0dc00f8be3c97b72c4f1b7b0c,train
cd834ee90eacf8296b1d9300102c7950f5bf72ef0ff48fbe06492edffb6a9527,test
cd8e52a1156da8dcf909a6089725cdd2635a91f18d14cb4df2b2fbe86a7d8f23,train
cd8eeb6933870afa6f0190f061aaec190ffa62f5e73a8ed19a01f05e5e8495b7,test
cd94a5820e8fda9d9fc20fd0e0cd7de610e940f5f040af96aea0fe7c7e5d22e5,train
cd98f22309218783c8c7a0de959c703a4316b78375d4f8b81d32f69452628171,train
cd9d573923f597cb3f248bd279602126391e597df81ac6102cef5466d547e807,test
cd9e0ae8e1b6e7f03da29eff9e76b1793eab703d0467d6a69b2a9c769f03083e,test
cd9fb9404001d08eaa737fd14836ad04255f8a2327b04a7540a0f8b5965491cf,train
cda0074184a94be8bc01aeca82c0b238fd4bba97d2c7103b7afb595392300875,val
cda03ce20a92840c0bce7757b807f120d683f32fb6d2828841c73e210d19a373,train
cda232ce9496c0bf9b078786a4e339d026abd3f7e827d05b025c26d77a2aed14,test
cda68bfdf87d54fd39d11796ebc39587d62e3c7c6a3ad6f004b5c81c2ae0b03c,train
cda6d1afeb780a903891b19b81af686a933a326bf482f2797963ef80dfce47f3,train
cda9dd2dd42d2e16682e569c2b3d858788a9a25c156e5298ec3e18488797e323,train
cdb094164a6062681c0d89c714317980406ba3db3384e7b2833a9bf65edc8c4d,test
cdb68ff1566a9a1fe6a7f837c7875f639026486267bf40bf7296fb6e54d9fcc6,train
cdbe9e26309d0eb5cc7d5b508cf02e714adb04ac46ed5a8a078ab61583edfb20,test
cdbf446184fdaf6ef846315203a7b7bd8e5cc9abdd38c05cef258568aff026a0,train
cdc71424251aea6924b8b3e21e0a29da6e9d03d7454204d892dc119b56ee698b,train
cdc86a1dab9f1727a18b17704eca9e9bb95a8facb40b5a004f81c1c1f67b9666,train
cdc9787450305319e796085b219809bffa93e3d57eb0a33f7c69af7c4a2e218a,val
cdca376b53a7248a4d029ff98e0cfce3e6ea777153ea3d5eb7152d0fff347c96,train
cdca4beea1576b1397e8cb89862bf42cff54b5b20863bec92dabe757a10581e5,test
cdd7f5f566ae0f70d2b64f93a116136e322aa97be3eaeda1905f1d07b7f14d37,train
cdd831ac8e883fa0d24b592b671b4d692f0b082996eab6aeb93d65b2df590105,train
cde4f7bc69f0ce433aff84ca7c59c4ab807c8c9ae189f9effd303b6c1f7a8d76,val
cde5e3fa6cb35e093fdd3200fb5332d55572736537adeca2ccd755a60e29bd9c,train
cdf129bec11a68ecbab867e18b0c89d63406793de8a2cf6c92bdde6998f5fba9,test
cdf2d2b3666ddbdebfeac955c368876e21063a6546afc1d51bd41a4f56e44ece,train
ce06c21d6c750d351c03831445dc7abec6db067014227711eda33359e56c149e,train
ce0dc4d66f2d385c0400850d65021b99260aed366ea3d33abddf9d3c9d5f5fd8,train
ce0e95bea4f7902fa947c94a02ec2aab52cb36468e17f46d4e2748862a4fd186,test
ce10924466fb3d2d91e068fa3a7509f587a46ef24b737af6e2340b28fe156fab,train
ce11349778f0e4861dc3a2f631b006e4d2858d51e772b7857eb2a9b50d883ab8,val
ce12d5986b3368f3c10c6b1f9255c4cdb8f95c2cf1f68b95d90592b9e14ceb77,train
ce17c20cc84b89a25a492cb443a46764fdf64c30c862f2f570234f954ebe3450,train
ce185bca005de0b4a12e27f9246ddabffdd40eee609c857bdeb373184501523d,train
ce1a6672ce3ca8b59257093f798d25a9d2a8b5dff6bef1e612d80adc0bf5712d,train
ce2f30937bc970f2e691da9b1a2ad173e7c38a52b048556576bb9ddf518e29aa,train
ce3331d41a48948300591db189f039900ee8d9ac76697681881d7abbddb65df5,train
ce33dbe3a192fc991b1fa1191ae3a72113e64d8a45e2400162fe04cc6d3474cb,train
ce3b6e922f7bf5c924a6097064a04e00fcf25e654affbac7a492c20de4a0edf1,train
ce43a119e75ceef532734c49a069e12758f7abc737ec2a770b9e62fe89e0c379,test
ce48d0c4b2234bb78b4fdb3b376ee5e34e2a0cb44576d9188cfa8bee4fc23dd4,train
ce4a60f454646759a55823c59a7f2f35324258ee6f5400197e7b984b3af40600,test
ce5308e68b69f81ad0e35bec3a8f889e5f17ce917adff05721d71e7293771c74,train
ce662f94a92b20e62513273dad286d25b9a543d266c9b6bd0e0119eb7d3d2a5a,test
ce6d1570736b6a040edfaddd34ea6e085a29c876eaebc3772b0b3e44472aed28,train
ce707bdd04a23b7c9d95717f4446e2acd1a9deb7bc9f70380db8ab5a0cade30d,train
ce70a1ab18b15297c5d15ee6025566162e656b653e62c4aed4a8ba7f1e2c6800,train
ce7cfc66aeb4c5a1b3c82411a45c3457ec94514205c1a68ce239f6571e5c67ec,train
ce7dda995d1f785b9c986977337627e7207e61d746a3a400760e178f4dc970cf,train
ce8c02b7ac847c8f6a4758b1a955b26fffb9847a19090d88f42ddf2dc7076804,train
ce92e97be0c88b2f993a7376ed7ead6027091c2e879e5c0f60fb90f4c013e491,train
ceb2d3690793c2f0eb13a32fbac9ccc76fbb5a1c00eb04a46966da28efb746fa,train
ceb8c4176bd9826905deb39a9243e07a2cb7efcc06a16e4fdc7240f7ef61f298,train
cebad12e140473c9b65de8e046626b5b63f3c50a9b878ce37346d27a17aba0c8,test
cebdfcc7f0631d843c248d6ac60cdebee419a143ea5f7279a3e7aa2534d1544c,test
cec39f972c125c81c250d11fa255b2a2f6856a26d5087e584d974aadbc843c35,train
cec41f2f4f57ef57d5a625184871f2e3963f2bacd997f5fcfd5a067716d1f32d,train
cec6766155f5c36ab0a6142b2e5f7c70b6de73debccbbc7c096af613fb3e5346,test
cecb122abf6ebf6663d215d361a3f3b97417652f724709b6019bf6b51cf70d5c,train
ceda07dcc8ef1369388e926ce96111785b79564db923444eaf4abfd2367e8465,train
cede5a9589bf7161e54c91be2b4b55ec003f9cda6d34e176ab6eb359cd571663,test
cee1d5e0a7920151a955cb12e9b41b3c89a2e2060fcb757d63e2ebaa8e562782,train
cee920bcbce95c29918264ac70edfecdab5819e1bb2caf183444e18d8ba704bf,test
ceeb004305c1f120dddf448b7f7ce6c0801c0e31f4975a69836b8eb05127a462,train
cef3c176b67e86c297f444b988a5e68d94433b7fd50efbccdc18ad7d2efc1e20,train
cef915aa499dea42bfe43a7c67cc9e4b305f85c01b9c9b787695e86197fa115e,test
cf0dd568b1510cfc115b877f20d01f717cbb059620da52982aa3dbb7d4e4d99f,train
cf0e417f7e9715879de2970c093a88751a619657f091edff3a9a69b72895f2f7,test
cf12b6f47791bc37a02ed40db0a8dc679df4f3d3d321323f0b73556a0f0bae8b,test
cf138df31c7156c093e250d324c8733137f32d1c72c1257f03b6bf5f64612abe,train
cf1b89d01bbd5daef0499135c012a917766b48245042c5e1263ed0ed0ca529b7,val
cf21d94c7e7149ee3bf38fa7601c88d494b9476fdb2a9d0b6ff812cb47c17a96,test
cf239539598fdedb382c8c380f622a761ed7047143e3677d75d71c616f655ba7,train
cf2598d97031501e8c1a7e2b034b55adfaeddca4d0993e826c1f5e2509c2f857,val
cf282602ad931dc7529988a20fdcbc2476d5821c5df8bc5345fcc2f1d196d2ad,test
cf28601203ecd7d7fcd17d5b68e9d33219c9550c962eddd5298860255866dc0d,test
cf2d6b72b5d163ee89e0fc5aab5a30797881fd52370b3b785d181b6312ae5669,val
cf302461b0dbff29fe4994fb015e29e8d623528f210cbab1b1b24e3447b951e6,val
cf3aa213c9f7bbd6f98efd560eb1f767500e80b58f8038bbf13af82a8f1b9ce3,train
cf3aca01d4fdd1e0328962370d4b7bb05ad9a819580bf4ea6ec443ea9b62d007,train
cf3b881e855e2af4a912f26f991080a62dd479d2ae1602481a28261c2d27641a,train
cf3f126cc19a05b35c2ea42d6c507bf5899146aa6fc4ffd14f3ce36d978f6448,train
cf3f889633cc86a9f46bf058398972d87cde7cce14f004f493935094611c0366,train
cf4c6b0038b8629a0f028caad6cdf337b6387d300ee2d2bd820b9ca84f35e650,test
cf51cc7ae886184cbf08b5ee1dc5839e1fa50945f27aeba4a729688b9685052d,val
cf56e122a35941268e868dc06062007e1d4b89998543285e593bf91065cb937a,train
cf5d0033acf6e5a166b944f7fc5969b48595787fc445d7576d1740ef4130b308,test
cf6777c56ac95f2951f3d2d176ec37172bc8779b7ac1a8df7d244dea6775e6c9,test
cf77baf070cf0a4093ed069e3ca1a32e0ac2e5df8bffdade548ffef3bb98f19a,test
cf79b4b61ca051e63420391d2ac3700e45a897a202dd01a2a72bc76b0ce699db,train
cf7f1a34fe3493fd59cbdf93556d37e08018b5c067c3e0a6e60beaf497067480,train
cf89460122d66cd8f5b04f8e50a30e7dc7d324851b21bf38d76a30f35bffe61d,train
cf9563c961999e04bb20d57f1c18dcd174fb19ae31dca48b50200665263c708a,train
cf99768325f6a9dfef92dcd7a68291d58ef41a4a1d6387731ac05a98c63ec486,test
cf9f1509d04f1b1f6c0a6553d721b2303ac2e8bebf815649be6cdc01fb1b030a,train
cfa156bc4e455bca1c629e77feecd764dd94f2df407275f6b8cda081d8321042,train
cfa460b893d41d97660d4050644c5a2b02e0b67f6f45480998c6ed995fd132c9,train
cfa69636c9c4e58c61b1919f2981dfa1f9fef9b8c0d8b293ea110e32cde4b8e2,train
cfa9e8fab8a5c0ea34f2b4251ccb3d6d366e72a3fd23a54f854f29a8fadbf1bb,train
cfb47c8b53ab85014713bd9ab6ca95bb4cc2e79bfb343e735df848ed8f22b6df,train
cfba55b5c74b2816d7b494e3f422554303aa09ae206c88dea3d2bb0f6c67e9a8,train
cfbb8920b10cbe5dae057236a885efcfa53972982aef480009e2d4f8be7aa804,test
cfc198031423f45fcc38ccb6d85c8c928e325182f199d0361b3ad1dac79b08f6,train
cfc8833668f01725b922c34a1a4c1028978568eff400c027e8af488cfe23b536,train
cfc9c211932254125746082de115ca8e3838a28ff8bf8e54187f3476256e5010,train
cfd1c93b6d5c90d2465c3ca4013c248e43cef45a8adf0eeddb77fe795030e06c,train
cfd27170baf910d61eab3999a6de0cce8c5a28f8a84cef764544ab7f1a85e74c,train
cfd5bc827ee0e1ac42488872716d60fba03255354708989a4c325fb991e0914b,train
cfd80dcc87d9a23b6d3e09407a30c990a5d9cbae7d141c246263a48c15fbb9ef,train
cfdddb2a7937da9eec9beba0903f3d978cab50791110ec7032cf861d7bb053da,test
cfe579290873cf1a69a0acb6a3b671e7f7ea2c383a616d09dcffb99bbed312c2,train
cfe733087234c961f4c5aad552ce5cc3961841dfeec334c398c97145506ef2e0,train
cfeb0c2eb6fd363785496f940cd1ea1ef05850de0c7284255a09556ff2c5a0f3,test
cfeb528227cc6423adf1b9214aeedefcedc29d56a9b3597be6d7e8f12933916f,train
cfeb8ac40d706be46995e1b66e1baeec1de60be5a2e30296d61c1fc971b686b2,train
cff02fe9f7044f33bc12ec2b7226be0831ac49da4e0d39b957fb89355559394b,train
cff0df64c4bce7d7da2278a01ece68510a3cd4431007599fe62de3d4e074f7d1,train
cff343623c4243e09e234e545ca8fa125a6d513467fd649577c4f52e955ac220,train
cff43d8ffd2822cf53a7562aeaf324ee21956d2a99052d572d45a18f89520aaf,val
cff4ec4322e6c6c98f01fa09bcef3c7eb3e0168b905517d4b2ec962771debf4c,train
cff70127c37ca35669821cbadcf93d3ba0cc9a333fb32d2145e8ce740729bd06,train
cffe435eac5174a82f0caf24489891a48f2e69273d78a59e5cc346e9b69110a8,val
d001b20e0d0b579755b6afc03a52d3fb4601b09af44edd0b8922b2f839cefdeb,val
d004bd22b2792d87961348f23a895460320c8cdf7d815f23358eb13534fc659e,test
d00bf7ca203f7ea333678dc9f93ab7bdefc0be0f803556e95e03c0086fa95eaa,train
d00dfb4a23be256d15890af83cf9e936f76cc8fc011a773368ce84deb64ffa47,train
d0121d7e025b17f72840a0025d7e88dd55c803094c31fae00d6ba9a4d92bb2de,train
d01854fa2fbc7485a521058f3d6f127b1c665767109a89bb424cb1f996bd365f,test
d0186437b0b319512e2fad8fabe71342a7d4d166b96d1ba2db987098fcc17b66,train
d01ef5feb0f88bbc92e9875d0b6700a3a51e935a1f1dbc42fa798b0d898ecae2,train
d027274f0ae91534df6e58ea7ede15f7c5ddeacf83510e1b863e6cde0e6716b0,train
d03250ddc89e711397d1bfd2db605dfdacfed6b249787b518755159850c391df,train
d032de5156457157deaf4fbf1abedb23b6fcb8396ba35699b948228657ab3f0f,train
d0355352d8997f7b6eda1fbea180f6c6402e29522cdbbdf6560c5a83e6eeebb0,train
d038bf00b1c1523b7e193c6ef8719e6a0f39878fb3e16e9db34a9261a08774d1,train
d043041938b344181df5f725444c95f9baa935457944e7459ce2151eb17f11a9,test
d04740bc42f1ad67fa61d4165e3673ff911f9651e9b487c5c1231133ec01df95,train
d048ead9d039039aca8f62310f3f272b3e685e1cf823551a56d6add14183b5df,train
d049cd602a929e46a8ca0e3aaa38d6086e9a37cab002a30068567d959698b468,train
d04c3415387427ba64ca8b1b1155f1a2f43051b06080b2ffcb19d983e40d962e,train
d04ca6e10a372e3a0db8cd304c169faf1ccce4469b5f08269ceb88c9ffd56834,train
d0516fe70a58bc4b5c91efa457bc6e2278969bdf8e817654e5fecbc7d9ea6b29,train
d052036e3642db3a3cc8226878ed9d37deea98eb3d6ffc2d274ef05bb17ce595,train
d05d01b82ff42ea61adbcc47a81941dac0124ffffb4c16b5aba9f1fbad998146,test
d06139a5b5c88ae3e2ee680017dc9b86ee5f15b07c5c1542fcdb5dd01e41c3c6,train
d06a339460cf8c0b1ba6c70e1c6eb9ffa15273fdd4c02cd581132d19e48aae02,test
d06d0e514f9d422a7308a4b11b311c531e8f36af764c2beb4448909fa4078a55,test
d06dbdadf3b378851d6faf83ee224d253c5287a6ec218c706dcb7655b5d37056,test
d0711fa14c915e545385a8fc52596101065239703064dbb5b8433a687f13de49,train
d075fd95b5fde66912303c87167e23e2484be8555229aa5fb36821d7327e72b5,test
d07e3e2337396396032133f511da670ec82ea00cfc2354b6601ce1903b3e2b06,test
d086e8d5ea811a0932b6462aa2b5aa1a6de2dcba2430fd70b0df3f19821b7b31,train
d0909aa43219bf0783a04a10f9399584cddf62b5c22e62f62f46429840c0a289,test
d093483de17b9ece3bd54a3c9ea0d43951b859d32ec6ccd5f071ae8de8fb9c3b,train
d094b6f000157920bab8f757709f6e9309bfdfcf0297c305d3ae061ab55f4327,train
d098379ad20310fa4bb12454ad6f7f610ba025a604a359e7eae807c7f3596151,train
d09e41539c1c2b3195d5a0fb47bd229f19bb7a91173a7a9c11c2df4461ba79d3,train
d09e695723b6dcf06291c3fa3b45151d483b24caf2dfa40da735b8e65c04cc7c,test
d09f5d3bfc58b4933afff122f71f55621904161c119f36f0a19cefab98367ad3,train
d0a7f0774b453b8b8a5b10ac34864feaca2774d2f8b71954f7ddf33963e187cf,train
d0a8146d33f74edad97452061514c00c05c63bb72b801c7e596bbcab4fa301f3,val
d0ac6ac75e460e0e5d4e9e243459544c2d02dee5ab252133015971c0cce47d35,train
d0b47171425ea9657de5866bf282472040d5700ad6ca185de00fd6e75b3d76a7,train
d0bf6d1051561bd95c751d82073fe5a6e06611d7ccd25214911e28d33fac4b00,val
d0cb9930dfb5c247a80f88fdcea71c954da75d62a84e2a249b257c711cc94660,train
d0d68ab6169b2751c0b4a8d624ce4e7a8c2af256f5030458fb5d12004c9e6818,val
d0e47fcd405b9050522fe4ceb34890225e6d8c63f27792e3595e9825edc97b97,test
d0eaf8d9d8592c92189b9e50749e829d130706af6a0c27d05c32ebf028da021e,train
d0f246a870fdfdf9ab9193905d7bf44468d8ccb4420c750aff22941f5de493ee,test
d0f9efe2616dbbe530e57703e58ab6e7e073d95d6f872b5d3ce2b5db8f89861d,train
d10730ba91a23220b7bde06f2e3124b49bdae8bd13709f753784b7da3f08c04b,train
d10878ff4bb7353d8b2567d89ecc1e1a582d69d9e7884a8a89dfcc9581082508,train
d11199f02b15c3680c6f160d1825c33061c906d623e87aef353e5d9f95c35db8,train
d111dab472acdaf05cf436777a24ff9c25cfa838d74db8b262aabd281f8c1283,train
d11209d1d752e7de2cd83060b7e03aa5f5232f2384309e318d849c3cf1dc277b,train
d11223992b7446a5def1506efa32009c71ed05bcdce3d1808c6fd6fbf0ff6d5f,train
d11c8769036e350f3c130b2229a20aaa8db8ade71592375a4da30d67f157998c,train
d1229f77220e9886ca1ed626f3fbd370a31edd87d84259a58787e7d3304a4eee,test
d12533bce220971a8d37ae3c28dcabce967c9ca05969606fc4e7e8019a0f854f,train
d12a60dbbcdae4b486c160716b09fad31f3068de2d886fdcfa9ecfd00ab70527,train
d12bc51504c1b17e1907e9b09e7ef12d999540128f900f44723b2d527c218949,train
d12da6ebe7ecd94065eac183b13945ee56916fdceff88af052fe3ec505316850,val
d13f67fc6e45133823015db1bf369f322c96faa28774307384d9a3cfa79597cc,val
d151a20814576699057e22f5de8c548706986711e85407779de6938be63c238d,train
d1534bbc1df8be64a13bca2ed8b7ff4d4f8d5b57443e894838aa4a68945d3290,test
d15b0b9f4b6b8d57d1672aff48861f97cfd13ecf5c298257285b6c0ea9933057,train
d15ea5fbbb90b829c95326fb64ae1d7a50990c8a0a5fc624ff3ff2322cb82240,train
d15f5e31b88311465e7b9a59361a57af0aec423dd12756da725a18338f706b58,val
d17beac5c6e886cb13fb84da0aebb14d9e5bed01e0d2b5255eae9698b43cec9e,train
d184306f75e8a77c8a265ed0eb09e36445aa6f33b1534b09a01a2c8469def2e9,test
d185253be03b465f93b7b10a11fe0c51b8465a73c5443badd901d69d10c1a656,train
d1869a0cddc269b50fc79d7c16d9e7a5f3f74348527b8e5edee24da76a30b76c,test
d186ad6a1652b2df5eb56df8135aa9cc5b78729d3f881b57393bfcd77b9407a9,train
d18857572c151de53a211f9967585a46e035a24e773dcef9c352e805d8d7af44,train
d188e11d20cf388e2effe90bc2173838c60b66c68d2c7aa75e8969d549819304,test
d18be77ee1640753c6c4586a88fde6b23793a48480622f7c36d91f283a41f935,test
d18f77a7653c96409a52eae30f5696443f328f9498f57a994214abe422665131,train
d1948c1a47579a52bd523bd023b888856956c331e7724381fdef25fcc77fad34,train
d1986589d91751f7b43735b92b9500c728a77336de53b4416df1b329a34d3d84,train
d19bec70468ef8d701062755c08ecb146747b808b1e0150a7512f841b8cbb61d,train
d19f162514729fd886cfb50c2d5012fca3a139d4ad3f64e0c266305102e172a6,train
d1a0db07551ef032bd1d7e7e077f09d825be3566a13e0b827edf9a9ccfeebcff,train
d1a18cdc3f888f98013a63ae8d09e60c286cd608c800b7d6dde0a4e0a3c49c0f,train
d1af54225a27e61cc2d99d7ff26584098b47cfd62a0da1a9d7732a8480b259ee,train
d1b7cebd23dad96559b681589af418bc940f6d47aaffc2bf876317c1802bd717,test
d1b903e5de52e6137560f4e7167bda6a5086f2171fe1fedb334c68db49c4a805,train
d1b98a3720c3658986fd60877a81d58ec524eaf482da0c4c191608a2c0188f08,test
d1bc187e8aac7c7018f9190f337acc6ab52d4d1f0a5ebca6e368c14e064b4369,val
d1c032746763f5602d24dd2bc4feb638c9ca3fed8f6fe86007158eb23e0c3edd,train
d1c57fef62209f9795527724ce69e754cc7cbfa5ae9124f6124d1d07af148589,test
d1c77f332137ef7349fe10c1a3c1a5ff592d157de174197ea27250fdd8f52ab2,train
d1d4b8bd1ff789f71752613511871dd89f9cf4eff9eb32cc5236d504fca5b5e9,train
d1dd43189fbafedc9ad6582b9d0506bc11c82bb0b388fcdcb49c8a48eada0ca1,train
d1e543171952fa7e15b6e02a961115e32c0f4a6f586ccfb59178287a9e7cc8cd,test
d1e624b8a9b2d22e9bfb6ef7f60dcccdddd3edaf91abc30e246fcc4eb6f6e25d,train
d1e86e1d9e4835d3687a8d94c04fcab6d178edb87199659308e1b4fc4c7e0ecb,test
d1eb19aef5767719361fde91e3928c15e05d8d86ea8e22ed8e01287d5bf9d76c,train
d1f603093ed2339d05ff045cd3c9d9e9ee7986ad9169e1a44a689ce4d22a467d,test
d1f7b235ce700ba6d096e99b00fdf885ede7570d613e1325fc9d6783631f31ba,train
d1f8b2e42e69f096a6a7686c01f7ea05aff3248869f6e3d240c52b7137e92eb2,train
d1f9ab0bfbf5f7dd8164b41927613fff013df671ecb19bd36b841654fe8abf5c,train
d2017c7738a26fbb4df2769735b154955c22aa9a984e59b2413fabb5a405d65c,train
d20604def3d65af75605b02e46c26ea5e68edb578df217cd1c653b56ee47c659,train
d21921545c183f79a6c6d4f1901ce1aa5a95a5fd3d19f80f08015d379f9c1858,val
d21b4da8f7a2b4403d7a7c383f2cebddfab435c33c3b712899bcd11464a67bdb,test
d21fd0e0a8fedc5fb60ec482812d5b1dc05d13b23b83294fb1a01fcfa112fb01,train
d221030cdca1b42af372e3e5f070c46afc1b9747f47667cc20f8287f039a7f59,test
d22230c80d2860b86263cfd48ec1885a7695461bd4b1036e94419f0a0b9f4a4e,train
d2227e04cbe2832b8b154a7f099776a2c2e2ecb652197eb087224d0901cf19c5,train
d22be77b36456bcf80b668055248473f9588b2e0b0a13865d6a80e19b367e2a1,train
d2329b289c353a52a47251baef74122e91acf3b85e097d541d485ccab4792b82,train
d23528adf31cdc93ba0c78438e68a75bf4e8cb4fdf81a0f79bebabd71d4dce1c,train
d236446af461d31bf7c0ac1d0f8d93661d61bd6c3add05e71785d2074a7545be,train
d23b030e83d9aa0595e0edd4af7ad14dc076b1e1ae1ac36b29b91e8d1b62557b,train
d23b7e6eafa2e65ffb30a6a4594eb0833a2fd64e3158c212deb70e11691b1135,train
d23f25ae2850a77963d70dfbf70a605831a15c6c350c27b85edfcf874c49a8f3,train
d244957d1813f31bb8b7fd96b4cc4fdbbc04443a6ad20c4cb89ac7a01d1d0232,train
d246f293828ffa127f16e5f5406dec90904c86eacfe60f00715af953cc6094df,train
d24912df1f3dc950db5eaf8cc72d580216311b525e70cc2e4e1477c2e4e72139,train
d24d4a1321492db6c008dcc21a98cfabf4303aeedb08c258cdf6fb19b37c277d,train
d2542b1bd34e23a49e42220d34bd9caca02eb22ec215461e93a35709d2624b95,train
d25d1698d082522359dd990f0b4eaba60feb1dbd39be96ef7d399e8e4562f096,train
d2624c2b5fa3ecd9582dbbddaa1dcca29f90ffa256d2a17d331ae751872fe34a,val
d2675d3afc6cdd7cd5e2b7a90d4f1ce47b706bd052d65951afee1260232118c5,train
d26bbdd5970e7f011b687b7c5b48d13ecf5dfb0f25cfbc6bae9b9370da0a7bd9,train
d26fa4eaefe59f30cc8b0db3da4687211fbfe7ae3390fb16f5cd3a1e91acb690,train
d2727894fd976757fc4a67b807beb96a694d68d4b1f9da0022818bea74376529,train
d273d639d22606dd604f0e7c9238d9c50a2b04e63c01e0414fbdc110616c1fe0,val
d275ccd654be8a6f1ee94940cd43a2f08ee58df764128b7a7ab4c1465a0ab8dc,train
d291ca14184394bd59eeda259b3e01b934eebae8821e342638503fa850f2b14d,train
d298160eb377ced413527953bed74957950184834d7925d50bc0b295ea43dcd1,train
d2ab112e9764b594e1ddfc981a7b6aa54b1cf49ce6c3af64fd7db40d85c9e0f9,train
d2af0155040531f7909734165fcbdb4425e4a8c5b30decccea19e0bd8ecd2337,test
d2ba818537a5243b08cb576e1b782a6985cf7bb657a813b40bfeca13a28c5a1e,train
d2bcf19c5c8d14b8f3a512a39fe9857da6ae2a7901fa4d8a12e6857dc55385de,test
d2bd812cd1140ac07c8004179aea0373861daa22a932ecf0899d13ed48e963d3,train
d2c875075e0927ab9be6fa26b389f4e173c0c78832f16dc8e065dcf481482b1e,train
d2ccde05090302c449203103a656c5c5f22d40995b7f244198bade7e74fcf9ce,test
d2cd25d36ad9dd8ccd5628f2c14bda5508ef7a2af95107922edd6ff7e49b6b01,val
d2d04a8bfcc7c09b39dc223312033fea7a69275fb41edf506c94f90b38e32fc2,train
d2d05fd4288121307299ad61d084e2d1148d8c5648ce4084bac841e92d3046f1,val
d2d4d87052bec618503ffe553b794a24bc4c72275690d5fbf775a38898f2e98b,test
d2d794fd1c914bdf30413e047482ef83eef01226ea49109dec4503a93766bbaf,test
d2d87b44630cb6b9e406e8a20cdcc569c28b829dc23f5aea1ab05b20bb123dba,val
d2daa59afa37b05a69b95ea3202f7d7cc5c938b4d756ce682317eea1a3935cca,val
d2dc805299c64df5b86a934be6ed7ec78832eaeccf86a6b7677873c2edbb3639,train
d2e31da0b93a3c2546be33a64318a6a3d7ff0d56bb5157479af881c8935b1ad2,train
d2e54d01f5b21be078d9128749563aa819a2764f617b34086ae986bdcd9d7d01,val
d2ec1132bb74d9317dd74b740f56958aec38982b64617c40e4cb2dc8d40aeaf7,train
d2eecfc79f6d88863c518c6bd58d7a18de5951ae591e7c4985ceeaea9223936a,train
d2f058417a49d8a850924086b948ff6e22c58c6277859da64f1c16764783d0b7,train
d2f1e8ab0ffb7e893f9a845f0db477f9c638273fb3f40828284246155db61b6f,train
d2fdc401e53350649590bd462e0db3515a90a1f9efdc9d7992381b754648fa1d,train
d303b3750e7a78e8fdb5b54e6be0df1aa5820113a79c6273c88f2a204e855209,train
d3075e1f29e5119030c0f9eb86619cb7faf67b0dd3b10a099f45bc6a885ae3b1,train
d3079a2b7081d31d4e3deca0e17e0537ad0bd5339023914a15bdca2bc36fd576,test
d308907a6f84a9aee5a00d07547764801b12befc47426015068abaa2939fe4b8,train
d30c8b75e96a890319b76bcc7e50f05e4a4cd40e05fe8cddec32890cf438aff1,train
d312191a9fb9eb82647f635f44bcc56feb14b5b197844ea3d3f2f2b41f3955e3,train
d316e7951d3cd49bb07c049fbd6e2fc6a8b7105d5aeb7356af92a402d4a66db9,test
d31c34acdf92ae59c3f1871c292401cf07aec6f9f93b0d05eb1514656b99edc9,test
d31d15550f5858d4c886644601db5c691b1ef55e08d186924ee40a73cd5602ed,train
d3211550f173fae848f819dace05385c2f293add31bbb519e3ad2c4405116e2e,train
d32726ab1db585341b8afb5d233d00dc1faa06c1296f6e6ae7e145436ae2a3dd,train
d3279f1ffc60108224ec262a582717ebb58ec1c088ce80efd5f488e23f091772,train
d32bc156c78e725859ce3d9c1eee6c354848cb2782f88d4a1683a0ef09cb8eba,train
d32bd51a0246715a940f2067d180569217d0866c5d25b8365f7434f97189b880,test
d33f047b6fd2ea09780d20986233a22573dbb7c314ac8fa601dc829ca50d389b,train
d33f223ca1fc0e61bb3c0b9add8c24d992f91f664eefe99c4ac2d5d97f4c3c99,train
d33f3ae305726b7f6442eb8bf5dd1131393c8742608583f04e9b87d2f6858c0c,train
d33fd2bf509054a8e29a8800b531859caf91d2ec17e24b7434da9b95d6c90dc1,train
d34d461e58e103c31bf6b1d4116efd83d8807666cdd4d88f7eca0441d234b539,train
d3555f1425aa2ce8daa7195ffd4afa6b26182b4cf9f3a18a5ba978068153eb90,train
d35613b81c92f07283ac1cd63beffe590f59858675cbc0b64d2262536738f50a,test
d3593a38f4a090f65c34d1cfefa463ee59ccbe5617882e4171cf7833a7de170d,val
d367c63f3d32e02bd9b7605a853bd6ef38918738355ffc60344b0345c712873b,train
d36bc81b91c54e115225a69ef84dd5c2337bc5dd95f17375b1a9ed1e2d3f299b,test
d36e30d200150f7d541e24a9fcc082d83cb54009424a0684ea9dc7f1bdd52cfe,train
d377ba21dbeffdb67a2a3b420d1bb9a70967fe2b1af87a153ef27e8a80f95427,test
d38b835ac35f2ec726b0f2298292bb0a5d0fbc5892f4ceb405006aced3e4d5c2,train
d38ed2f6fe1966e65e186caf8b835ada20f6d6453f78e37d06934de521b1b874,train
d3960876f36d140b14d95f44a64b7776bbcee06a3da3e884f7b405a59ccf7b58,val
d3968d4fa2fb8019fb2bca737c9129a1c564779a108898b9c26293d8e6cbc8ad,test
d39dcd3df0ac85b04a81e43ee467c0f24d3adfa079c0a3a113b3ba079807446f,test
d3a39f455e349ded0bd2702c73b229168c870f74bd710efe4fc105d6d6483733,val
d3a592de2f930b15fc4d6e20216c1c4a9f00c499402f9af17195c2e7dfe69615,train
d3b047b96a5081b4c66f0f8169d17fd8186bbf2365ae2db7ac8b2869ce0fd6fb,train
d3ba0ec448889f70bc2b81c730b0b11e60a4159ebb9809d272d956e30948c8b0,train
d3c45939f4f80494c3b7732aec0da0e89d412d0ae5530613579841f6c737f32c,train
d3c5815d6687ef4033cc5df4a18197e6977ed93842391ec99cd59979ca88b456,train
d3c64f66bc9a71fbe936cb627f4c611b174f61d7426ebbb02cf62b2504eb6b44,val
d3ceb4c33fe10c56c7af3a01e9ead485ca17db0979e81a097e75b977befc5bb7,train
d3d1e8fcdd03ab7e43c9d1bc19fedf867fac3c95974400a84cace4c7b152e7bc,train
d3d2c5ea9ead4f213c8b48d90f453fbab248e22f28c1f64a73c7f5e3ab159d3e,train
d3ddfe38217576f61e79c7e8451244e1790590c64489bbd3f79c2a98b5a93e43,train
d3deab26b4dccc65d3919e48e25fc68f844667299e09ac6cdcb24bace405df38,test
d3f0da0302aa20dc56393f7188f1ff8a6657c87b286a5e74a9335fb294e2fd27,train
d3f65e132a10dbe06ee41946723518b196dfd76223a057549d7430f2700caa51,train
d40e3302c4d8cadcd93d0637c9adab495d9321d43c00fe24e5803e17acaf8e7a,train
d412ff388fff6235e99eed93055fd1622572144cfa926a897339bef00611d9a6,train
d414b9739320a99fbb7d3b640c2a6291917c8a89332ac62be69374c172391174,train
d41c17d9e55b53eb0aec8573e33a7e7e911c90e12093302a177000dd12e9c0f4,val
d41eca994a43effa6cc51d1b85ddc9a26a22630e5d4ae98a24695ce6a000a88c,train
d422dda84a6e66da69e13303bfb51c277816aa9de07e9d0a80b7f4ba93b74dbd,test
d42b6825c9aaf4ada8468496d8fc9ab05d997f0c0e99b113e18cbab71bf6502c,train
d4324029ea0e9f263dfe34bf9834dbc9e89fa2c200340716dff93efc1e457c19,train
d43b3a293cefaabcb51ddd353b88517797fac5e36c03c1848008d03243ff974c,train
d446e751e62fd96366550f16e97ccb814d2ad44ff5cd18bf80cd84aaaccb8553,train
d44cec5542307926a102e3743a6dd693abdf7f48ab96cc3c1c8ff9c0382f47c5,train
d44d704c960ec9046a75c2500fb5a397f27b4e2a05e86964eb864f502b2fc683,test
d450c91bdea59e412d8737df0832cbb1f1a9367fedf3b944bdc6fdc6b0ccd433,test
d450ec923ebfb25535d4eedfb48829d2c9c7b3d20c3c858ef83338fc2803d2ca,val
d45185b703948657793cafe4fa50ff51ff3a5dd9e2d0130a44f24f76f63a175a,train
d454e3eac6d758ec4617bad2e82a77305fe49affdf676bdf437b1f88986f8e87,train
d45bccde611a9341af01bdd035fd7c6a0bc12aaac411a9bf28da75b9b60118c5,train
d45fa2697dc9081cd684055bf764be39ad7f6bc559a2c03f77cc6a96ca6fa9bd,train
d460fffaaa2c39dc671d7e8e107cfd5ef14a95f6a600f95d5cbb52a1f8eca76c,train
d4755938f899ad03317a8e3cd84ba40225ebc8afaa16a0169759260a6cfa4403,val
d476d526e402483e0372fae83e574d8fde5bb318d73e68f563d3ac7f0445bd60,train
d47beebe537801761a22b9526d3ca962e77354189cb1cc97d523ff5fd1156bca,train
d483c9843708f663930f95d162cd7ad480c4d740ea1c627e165167fb54bebdd0,train
d48465862270e642590a5d3452f424e3a978cc766c47df713486768ab9a167ec,train
d48a26b23f0d123c0df49e831b78758efb56dd55c56f4840125b9fdf88b78e90,train
d49a839bd6a3ccf306a406d0f56997dc4fa0a1bef91e646545375d3a82edd40c,train
d49b2165786d949f379a10da78bb80113fbde324dd1150c1a1e2e3d1e22f16d3,test
d49bcf483d9eb049e0f3a651c272cbce4492e78acf08c19c6401412914e73cd5,val
d4b0c55c676d77933c6ca196f385451d65bd02ddd2623f1606675f0389acd40f,train
d4b264f94ea9f34c205e4f427998a64039755808109c3a48c9ac3e60cea8a6de,test
d4c667624354238682f3b2f22ec907806c5e7f8157c3b8db9ed2d6458bebca78,test
d4c83d86f5604401a9c56d71e7b8c51a636d512c168e2b5c80322a08b5f12448,train
d4cbcfecd7240a947097aacd5755b0261c3946a9928f0b887c668e7b0e7f0bf5,test
d4cc2a3843be0c829ab6a639d9f140e54241d6048b009fb1149aab2b20f6c9d0,train
d4cd218495e4d315b12a744713a1e006d4efb9d21577667d5234ebf81b42bef3,test
d4d04fa468762544fa1a2ceeb877febc5c84e4d8ff8896541e7060a61707b0fc,test
d4d0d81ee93cc6ea01543d59bb4692047cd6b857457442cdeb1c58e71a970684,train
d4e7257cb0b78a156eb9362652e69451fdaf919425d6fd56ba5954cb122db3c0,train
d4e7aa08206f10e264505dd72d5769f98d9ad4e46c9cefb484e19f85d993da52,test
d4e8c7425415fc773fc44bc03d6275737383072ac521be08180f7c49a02941d0,train
d4f72de8fca628d88f466cd3dff7f9fc7483874586f04855427a6bb188cb5910,test
d4fe7b56f1846b90f4867e42799009f3be74df1ad55f1e19ac5bb492b1437e80,test
d50085571dd84f0482233ba34faf0f360dc9b37b071cbe5354b60049d9e63f91,train
d50457f3721eef552fd3ea9d6d2bb279365ef34f50407915e1eb3c0a023cc68b,train
d51360ba3c67bddae3c62cad8ce7c2560501b99704b0c5b3d3550a3e746993d2,test
d5142315550eca4887a724f23dd2c4dcde2c1cfb841ff3ebe09a2e9decf21942,train
d51d7dc9f7f737159398fccf94f21f5e20978d8a14410b3ec271d50d385938d3,train
d52014f1e697fd18f8786ff05fe9fca85705833450e8c6903b2734a057e359c5,train
d5241fba2c0c7df75cab3795c1cd39a687393fb211649726b9df0c22df74f506,train
d526308a5ccb02965ce00cf768f686b2e13c78ec3adf8ef1d30db8faa292c4f6,train
d52b22420ed9d0b057f839da5af73ccafabda90e0e42b2ace3e36b7d91db4595,test
d52fa7cc116ba7084c98f46637046f87ad366bfa909f3db5b70db299d545c808,test
d53df420bde08f5c718d2716cf2dc9de0492b1e1c25389f9a739ce4bb048bfad,test
d53e3863b6ee5ad358a9b4971f153c17f48247e0aff7c5bfd5a9cd25123b94b1,train
d5422e7a1b9905df08223cb8926428181af7638ede653e06d6e5aa4059ec53fc,test
d558a3f5ae4dc35d3ca414c283003507fb4b99d88ebc32e14cc090d128690c02,train
d558a91b0c05e9edb5efb3c746354b8487bc407bb23426b1dc3ecad54375bac3,train
d55b1bc47b47556ec27ba029dd100371438fadfcab0cf8354d4c44aa8839da66,val
d56d1d72980d0895a4e8fba73e47ee886f36ba9ba8404629ec0adad324d72c1a,train
d570c6a5826da004a26e577048a0b900c6f6e8eba2f184918ca0d0b967541897,train
d57da73ad8ccfd715b5253b7ec2184f74f82772d71eca02b250258c92237867c,train
d5809031d6fd4513ca93683838bed128119ae9a320189a47d2042050eb49294c,train
d58311d32158a1bee3a0b06961710fc77683efd4d28f150a8e72fc5df6feda5d,test
d5895a3fa834611e06b4bf13ec929ea1f816156bfd69b7ce916dd279a8ec5ed8,train
d58eee1bd4542e88c352909d8a60006ceb5e4eb20d6a46b21776d4dfcc1998f0,test
d594217168926ab12c70a1c66a542a6e3954ba65ea3c85507749c8b66038195c,val
d5948facca92b86897739d1db6c2e2a3b231d459d06f96be15a9707f7a8345dd,test
d595f9bab1d9cd7f2cfc585b99ec2ed1075c42a6b40e519743e4397d65a28013,val
d596f4f967d2a2f151e1d8aee9ef10673cd03f2432a95def181dc76a59e2ebe6,train
d59b5f7d6df675ffdc730caf262a3012821c50c090ebc1c078d429731345dcd4,train
d5ab8e6948899cac58a68ba4cc649a3e440412cd8869c236e8e9088bd1e065ef,train
d5b1d5a62999f18406865c722b3390b5293453739b683e9c02062b17b4b45295,train
d5c16f877e7563063040377b803636023e48991de9f687b128a7cebfb85fef3f,test
d5c88b18f1881e9331fe9228fa6857db626e7ba1d6a861e7f40869fcccacfcf4,train
d5caf1fa584b8625ec2a5916b9e488a73a2490cb6a97122d9b03c1594fa4a660,train
d5ce4ca1c08c72795bc2a4dd0430a55de62f57869f8d16d990bd83cca4906174,train
d5cf772a4c8386d375630b194692eb86110f1d29ef302989de0bd8c9e416518b,train
d5d54f5a2f14bb1bb0fb29e0910f4d805bf28a767496bfff127734ff45df1813,train
d5d8c1d9f49430db7d753c52597d64ee73f3f0884970db0abcaa24ed987e2b91,train
d5dfb7043baadde99cd95bc1b8f266dd288cc4261912ea02b8add0c134da55c8,test
d5e0d2f2d3600dd1d165c77e549eb4bf65f1a3fcdecd51402925b95c07bf9ded,train
d5e2237416340a325a3a2a982880b3b7b6a2335c4688838784b2bf6e20ec77c4,train
d5eb4bedd265ef8e8c5e50cf569e57154d8edf2d536a570b068fb27082fc55fe,train
d5ed1c7f1b1e1f77783a368250adb4f55f933ecc109898af35581ade824426da,train
d5f26dda52b76ca3cb0310a0558add2c8a565f2191ff27b3ecae6cc599dcd449,train
d5f8b2774e5600a2f1aa089695e73a9f2397749ce2a8503b20c7ee238136f587,test
d5fd083e02b13e0039a714bf2c3973f842a6218a5d0741c0b1b644e2d524d592,train
d6009ed488b635e924a25e2a9445ee680450d0d01464ed1c2fcea0c970104376,val
d600ca2612985d575ade4c4f1a5caaf1a394b63f8a55321e79e3230c893e0a37,test
d6022a9f272eff35302d81df6a029d51b5fc79d4da825acf7017c6462437dab8,test
d604deb0c33f0ebc9e54f855e6e7d6d12fffc2f4b8d1165847e59686af40cd2b,train
d604f4c2e8ad2c8a6cb49de46e6152994b2cc38119cf840861492adb2bb9f5e1,train
d60d902f0d37c56f38eaa9832478d70dd36da78c2852f61f83bd46bc60714175,train
d61616e743a5693f12c62b782ae7d053b56c9ce27a5cb34df57a231d818d9b25,train
d621f1583b1a644ef99362262dc5346f6298a963f0be6af97f63b78555d2db28,test
d6236129f6372f2de4fa1aaa21ddfa12719b496945a07efa2dce448d23ceffa3,test
d624457ddff6dd7317eae5c94acafeffa1e632edc08f10147e18f1d8ab8f692d,val
d6286538b385850b96f575e2e68e475c064f22478c5c1b3f1f5aa306676906c3,train
d630b0d383860217d72d6c41496e21f457416b8c1e9d9bd8fc89ef6bd1e8bd03,train
d63847156cd182b03ab61d13e86fbd95d01c6d6677011b5838be33de0a438387,test
d63ca132211a0fb63140419fa0140d7c3b79361a989c6679d48881d4fe6e434b,train
d63fe533f4f5c278f423a2ccf62d5130470b6eb0a74e971bae33d560315f89c6,train
d642c014c1c6215c2c430ee2d71b6077bd786e1b11509dd73aa713607a6cc30b,val
d6447f7b469efc83017d455232bd86ebb54e322bff734e7472387ed97cbe60f1,train
d64790d44aead85ca889fa43c13ffe120a2de69f391b4717545f88fef40290a6,train
d648a0d72c18d03f0c66df0f64af7fbc38b32428b5da32e875582fe9b44c5c57,test
d655b92e62acf38a3cad0e374944c02fc18d03a5752d67350b080a7df64b98f6,train
d655eed94c2dbaa8c4a49add12106724bb2b347ffa4de8492dab25eaf5206ece,train
d656603c11c6d0d671b5f5225187ee5f6d21c955132ee58fcbddc849857a88c9,test
d659368f5013bfd29357dec5a0e2d672190bffb3c556ca6c9890cadc6a349271,train
d6607dc6c8675be93fccfd807ddccd06887bc2f14a14cc02794116bd7c1a6511,val
d664c2b78e2c798b8a9d1dbdf66c3b37b14d66ce311124193340df2eee41cde1,train
d66921c0cd23dd737efda56f75778ae2eca5e4469ecd0d86c8b4328af48845f6,train
d66aae61d3b7a64d9ed2bc934a0362a784db228c7beedf248219185a176843ab,train
d66be23463c3f4f5c592d2ff951498365f8ea652540177d185d21ebe8c5790bf,train
d66caa17d814c5738788fe24eeed13a57abf5e31fa6e9ac5d3fc599cb9e77c3f,train
d678dc98b70a54f7986236dc5d13006f77022b9a0fea0bc614457910a873d49c,test
d67dc903f3ea0af1b6bf87a92b2ba872d65e6a507cd67651214c8893acac6a9c,train
d680e12cb8da1e2f12f48de861a7d243252f94ac64f2b462780cbd8d34b9e164,train
d6835b08e655c385856f7aa1f2289227f3daaf1f502945d731479c52a65c1650,train
d69372a61d9acb4744ffd2c524d53e4a55e78b2b30b3ee55076c969784765051,test
d693c1e726f90bba508b053485f02564fa16ba89d8a3ffc533aeef22e3821592,train
d696001db1f67d8a057c625f35c1dffb6810944b518a1df297292b168c045c36,train
d69d56cb99e23f5a28c13b79c628a22e88b18e44f309a8eb3e7668e0dd2bff9a,test
d69eb1c7328c7dbd79f9522abd9966918b1c16938b9136e35ad04ab900f3acfe,train
d6a3c35c68e0fde9f409e9c7d533a9d549c5b3fa59fcf14200aa893b4ff1b0d4,train
d6a446957d8d5e7ed0689d7a4209f7e9c14e1cd45d7b6760e0c203140daddeea,train
d6a8739e2c0981ab9396af2d3ee2451ffb579908cf1669f1b6db4ad04a2bac92,train
d6a9b02299b16d1c96c0552d75da80cc73b8d04155003557f2149d14a8a7efd2,train
d6be51b20062044cd41059349eb35633000a8c116a0ee7c722657fee938e62e2,test
d6c94253bbfbd864400a7c1450569df57d0244618b513834eb3eb58675272999,train
d6d0e731bda840e5c0afb0eaed2469eef5a664e253b65df265ef9963a77d3a19,val
d6d171111540c4c488f8959305285d57f7871fb230babf9a041b39830b31f1fc,train
d6d235aaae55fba1d6eba28b9ba0528a833e011b5a676637a337d9995b814b67,train
d6d35dd302c4585f06b95d77886f0456fb098beb351bdc9ba04d1017fc4b1614,test
d6d519a496cdd0a25654f9cfc5accab032dcb68a5d6117289543161087b38b23,train
d6da8d6974f62a1e798f8e22f41f9a0366944eda793cf55a5bb2b50a12b18342,train
d6de8cd98c71e7476f62b935195a9128897ef1454e14decc3210260083b5ffa0,train
d6e18376bbd9321457ee1711b3b626af2a6ba5543fd647e4347c7929497cc3c8,train
d6e39df2436810ee39a51eb5cc407dad3fbd134d4def5f9a66b262c3e332856d,train
d6e4da06f7e30b018395a0640998940a765bc53af08c5c69e4e9273ee67868d0,train
d6f1b7d7d172ae0fc8a60622b3be9c845ea8925e5dde58c33c04ad76f2a31f20,train
d6f347724b198f4df247ae61513af37c450d180033b062d6f293c0a0bd2838d6,test
d6f896f3cf8caaf330014a44daa6c51bec18a79b1d0503e50928a3727f62d51a,val
d6faee9e4fd54f8ee548362b1c9300aaea29a19f12afbf2cb598d6c27dff5af4,train
d6fb4fe385b26da4db80ff1ab41be17df834f3094d803374331e416b4eb2fa51,test
d6ffdcc605016bd3c12f4f42e33c6870bc7f149e38592f0b71c72e409a4b947b,train
d70670e89e7b72dbb43f8c49561fb674afcd8cc53afe3977b3fa884b1b83ee46,train
d7076f1999bc891c3806867c22f8c91db29ef96065a721106380f9e0468b8576,test
d70818af83be50da9bba7e5428f84183f0f260dda560cfbead54d9776787304a,train
d70adc9789aaa7039eaca9c7ad089282f85c575b91522e0a639303b7bfd6e285,val
d70c2bdd0801d21405cadc89f4ae4683708d58207227d34ae16d0667417ec3ec,train
d7172ac1ff4c19232e203fb173c353a7baadae7d909780080f95ab99c7b6ef42,train
d718bd2425a5edb76e1fd09036fc433632605288760d089abe1fb42b8380d579,test
d7190756a5f89b02fcc93be6f220371a6d670fd7b797194dfb0afa192eefee4a,train
d71944c2b471b575a6334fc2eaeee1c391b50f201e59da8fca8c7035c3daff09,train
d71a1c2412a3bb4c0a8e9debe246a7b5ad65fc3adc20de6784a6ae629b231564,train
d71e17ce997e8aa7ab856fc7f08b53ba7cb68fbf1d6ee6a965433b853654d6ea,train
d721868724909ba133a8fea26f18f795f73bf433b57cc73ac26de34e85d71eb9,train
d7237e0955a0c54c9d4e0d0ec4c45e3e013a0f622635ddfcebe7fcb41248df98,train
d723a924be53f4cb9ec2f5670993714bbac2ca6c2886712cc5e48a4315c037b8,train
d723bf2f7099a843e7b7e80c3027130c2cb911957d9fcb985d8de597090ea9d4,val
d72efbbbebf10ba8a5c58b37a878f1fae5214a7b3b390d31c71c97f7e337d125,train
d73377634a56e94f765c2279ebb164eaafc697f99dec4ff9965f8decf20abf62,train
d7376bbb4ec04e96a92be4320a95d1d5c9be4f3ebafa29f18d22e893e9f586ff,train
d74dc1f49a2e4b6a2115f0d3455179cf3eb6f417ac55a0f6550fc4bf46ebfedb,val
d750e308afb03539ad2bbc5546408fe38fb6b9a948135c9cab520beb1c91de30,train
d75233b0c6bb5b3242e7a942d9885f523eaaefd3c2bc66802f76c8c1560dc8c1,train
d7551b3bbdbd443fd3e0c2b60e71493f11318d035404272ab0f05f56fc0401d1,val
d757f0e38aa224688c1152e86c101d3adcc750280fc856e467eccea17e792089,train
d7629dcf07b80e2e16ef782b2c94f663317796ba906734995f842b1033e81433,train
d7670efdbcd54d494176eff2e9e81a7c086edb8b31545e668e47133e5210e6ef,train
d77106ab85833a91116d6c8ffb094fcb3c13d9997cde86e72c02b39009533c29,train
d77ea948fb0221238bc80976bef93259a5e12f218b0a277b7867cef723d9f07d,train
d77eea76b6d603f9dcbd94b76950bcaa2f650aa1432de69635ebc711b2c083c3,val
d7852b5f2f443b1dfbe3f7e2b78991e987a61b5c91eae65403161bfacbfe5444,train
d791f841fbb7c9c4ae62d5e8d6a18ceead69a86a66f610449f47e52a9fe23a91,test
d794d1075ac6c3ab0324e00cf30201d6d02d99f70df9424ea1f33ed2d4f2f31c,train
d79a909b9edaf3693c29d9566f5ee76f4f039914aba5225b21fdc4912b85a157,train
d7ab4cf67d6e1f580d4dd4776167fc7789daf5c50d0bbe0ba53ebf4f115cebe5,train
d7c8bbe9d82039bb7eb0777d18198e99069044984e1a03e421cb1fb829b7c381,train
d7cd79ccbf06ea710e62d126d0d93c6605e6acd899b04bdf1d8f4dfd9cf1fcf2,test
d7d6dab9d57ba20519fbbd35870a2882f67d7ee4fe3165975c89f7370db1fdbd,train
d7da1a22a5e222e98e19acf5a641d151e594df728126b850507374645d706fdb,test
d7dcb4b41de8f8f7fbeca35b355188c8cc156f91843d9b4d530099ab24138530,train
d7e168b7f825272061c2c1a19b308fe08f0763e2cbd657c0198814f19286aa35,train
d7e681043670d1be90f51bbc9961e95f1f5cf250e63dec253f1f8fb6e56c71f4,train
d7e6deebb6ee438863713822cc25d5fb54bc18d3bdaff6aceaf3291a4642bbfe,val
d7e89209902d09a07a9138903848aa61c940c572b6cb58ee7b754f32244dea80,train
d7e994fed35d662ca9a34bf3e48c3093c74bb3c56af09e29ba683d0d89a34cf2,train
d7f8f0e9a1f19b25a68091fe9c124cbc72dcb6301d7bfbdb9e13eabd3c2452a3,test
d801399b95f95f68426237f5452c5621982f0de94c38287634d5b32cc90f2493,train
d808b0c7252465bd2bbb3e150d8d5ab0acf0c4643fd4843d6ac910e738d6d9bf,val
d80a9d49b98a7e01e0a1a2fdd9f01bc0edbf447bb5f319d2de7782847038d5a2,train
d80c500adc7e17126196af6b6fe584d89e96e3bbb6fb61096063923098ccc57c,train
d8110cea5e60baf0506e9c17e3530ccfc3d3e396bc6a2e87b3267bd1486a645b,train
d814814dd17e570409cf25d97b20e8ae4809c09f5f489048f728d3a2abb5ae22,test
d81f9fe69fe54f034c20b5b98f8e1dd1d906de698278ab9d6c02270adcb75091,test
d81fbcdf3b704f8acfeee77d7b2f7b033cb1d2c6ab64bd804db8e353899e6854,train
d829639ed9f4ecbce0de71c52a3f70891c6644dff90cf58c5795aa0ee2616343,test
d82b8df0dc99e5fcb4eefb95be272ca83f1132fe8eb3f024f6cb7de4363e5a2c,test
d82ce526e590486a3fc7c94b124e31727e3cfb778bbb5bfd9ba040850fe208ce,test
d84488d21868363ccc722fe13a5c7792f5778d00cd3c460107e981f215f877ca,train
d84a9c88ee8638376e9d889e37721053b696dd06e380b170f52eaa1967daada9,test
d84d4f47a6cece79fdc07036d68a6d2cf3b51a4b82a1bdda50ac8aaf80c84ce4,train
d852bb81869de9d58cf39a8e82aced9b1c15d947b62b5d8daf6ff3b435554f17,train
d85676466d106a4cfee3d11475075d00bd2e39fa5972a3dfe53f9a1cae60ed61,test
d85e170bd2b9c6768832694229a64f44edefc6862a341ca9111a66962fa37b6b,train
d85f7b7af49760776f2506a5e9931aadbbe165f07ce64cbdd34c9f2b24b2e8f6,train
d865d9dad6287f53c6503bd12c54be2955c273ddfad70b17f8da413cb390bc57,train
d86d4a89e2209e0fe22462c132c00f88ba516ee014cc09324531a2a14a31f57d,train
d86f1d5d08f47950da38c013312c67d05607e5039c96334d2e3f974bbe52796c,train
d87b4808c2b69d1ca30e508c8bcbb68002a989450fa1dc8fe07440046a94589a,val
d8815b6b25e57150014ac31beab06a57abe8906c6895a32e6a394ce2fe7e814e,test
d88c113f9e1947895f3158a6fde864c162f31addc838542ceea22caf41c68780,train
d88e6742cf65d7a46cce6fae4e9fbe9a845df72b965447714bf885bbf061ee77,train
d8a8ec1f76122a97302d6dc089ceb324055d6f492879102ef015f8df4e154775,train
d8ad3841e1b958f0bcf65b20f3fc191f6ba07e2939f01301e0e0e057c45ee105,train
d8b173887a4c02b5f9e14ae45ac622f69a600dd1f80c2a954510b277063d1998,train
d8c08b36efa35c1ece2eee1793541eabc177cb7d6e442727c37fd750c7c96404,train
d8c6333daa37a411280ef24853bc71c63987e3aaa7a3afdbe1a9e9beb03e1403,val
d8cb7fe406e28d987a25f1d480e690af3bcfafbdbe8d5a7d94fb64fdd0e71317,train
d8cf80059963c1c90ad886bb8e521eafcd17f077ab6caf3ea3cab94c09e36d3c,test
d8d362020f6a7c668aa1d20eefcf41561cabc2bfcce08ea827b1048004167b96,train
d8db2b1bbcb2e14055de49b6c732a7d563e93de369a6d0f798784a9952bb9d38,test
d8de3ffd204d36f4fb3fccba9ec373c6cf09808ca7e6097523f50dfada498ad7,train
d8e5abf57cee2b2f59148180ccb9f4eebe72d2a19022ce0bdfb199c5c3f97e8a,train
d8eb8561b6568c05b083067492ba01e1354e96c5e7ead38812c66587d2b32bc7,train
d8f09837ae50a3b10cf2806b8918f6eabce8de0459f59a3ae7e546161079de73,train
d8f7c6ca5609fb41d3b91fa4dfca836cada86d8a9ee4f514f70e6d5d36290ef8,train
d8fa68264c6b19b2fb7fc09307a7f69b192bbce1e7d3b354a3993b7383aed20e,test
d8fddb3a6189a09fc9c99c34f774a6f8f65cbed8eb636e78b72b2d14c6e3680a,train
d8ff60316119873244038a94c15a9dda8c4166a782ca4e50542c1390a14917d3,train
d90e2ecfff004efda65215ffc98a821a136dafc6e3a7fd7864a0ea4843fa5b3d,train
d913eed986e075f90b66bf8dc65549361b3ec8f09a4819d5d5edc7f0adcc5f41,train
d9146504764d72e0bd61366f03917996de931bb55d47506939987ca3ebbe8f08,train
d9148ddcd748456f3ab19b5c3ea174503c16c062c34a3261bdb535f2c5ec0047,train
d915b23c10cab7e68eba885a6f7e0e62e785320aa3fdc7ca3b1e12b3a2d49dd1,train
d928ce34b91f4250fa5d41257f4ab5af6da45cbf0e4bd0dc9c36f188881dbc29,train
d92bd948d6a6dd73d626468c45079f593cc6feb2cb503bc972474e8f20793549,train
d9382930277b53907e04a0cca1f0f353a637d7608b83d4cc89be0a7bb7652f27,train
d9397f025fdc5e3acb9eb00a3938c550c1e04e6f04678deb1e5a57f74f0fc8e1,test
d93a51bd2cc78b2810e70cde01791ed4e0511b2b261c49de5d6bbdd53aff3d46,train
d9407eef1d6b9066c655249979042cde4feaad704cee7c85c6932400e66de6a3,train
d944c9a99a28984071dc12cab559e1bbbd7168b6fdfdb33472de49a9d71575cd,test
d94d1f33edfae095af03c8310d564d21a04c9dda1f4cba8ec05da084377f9b70,train
d94ff940187b1cba25c0e9cb8f5107858a76a2dbdedff531c631b91e0cd65df2,val
d9514743df3b064b71ed2a404e8a3db3b13dc555093484f361191798f225e99e,train
d95a05079b8b3776a217288e4cab4f0e86726dd6d47ee0c96f767da3846996d0,train
d9624c0c386c39fecc9e92906c83ec4390b39f7fcae10a0851436c17c2b4bf5f,train
d96b85f640f305b2626d5a1458332070c07d1511535ee1d32a2bc7f5e26fa4bd,test
d98b822365cc13e19dcc1d0ea02125f4c582b48a80c8f85a7eaf3245c2b9e2ec,train
d991d1ec199c962b897254a5228b2eb22fee6d1396c5b01c361578f145393652,train
d993af8a19ad6bc8ef1d452de6ebaf8c1366c2fa90647d7953a4f650e8b443a8,train
d99697256994ba892f8282ba44272219586a55cde8d7db0f3b980b064842b9a1,val
d997260d367a23471f8b23faf01d5dfafa710a40bda3a4791ae7b031e9acf011,train
d9a30758587414ff3bca8038d2bd804a01d702f76e1c65eea9498d711b95a4e5,train
d9a883446b9645231e623fb8ef0a29629157497108476cfdf6abb712b19639c8,train
d9a8d4ac5a1da94dee61e2f5bbb476f2d477a13e6085947895a432239c8c9126,train
d9aa2641f36434b83144b58435e2409e77e6ac0496881cf01584e1367ef64276,test
d9b04390b6583d654c0a14c5fb5e3dee056effb2fc4f849f66569cd5f22cb315,train
d9d70da2228772c8bca9b6b2e43863f8eec6cf3e507da9f633c9c24521bdda05,train
d9d9706bdf9a902662d3c1cb3369f1f3361eba2c96171490ca01fb3f66c0e76b,train
d9dafc4063a3e3684d57ab05b45bfebdda312cc82a1a52ad538b38c59ea35d89,test
d9dcae2c216f96548ce549146920073d43db22b59fe076a7057dcb206f2b9f22,train
d9e075fe3412ce631c81f18dd6582018e8dca09d5cc587c42ca4fd244aec8ff3,train
d9e2bf8fba0cfcb0cdc67265c928a5790185790ce14c20882877eeb2c2496f34,test
d9e428f645e7efc6305574e1ef6e1ab5dd8aafcdfcaf9b787f7f2f4da2e0ad50,test
d9ee9e968035631be72a6323f4b06a1755c6f3c21c39d2ef99b6ef5c4d9229d8,train
d9eebd4f9a8f9b180beb630af45c4be69b2d1ca54ece7fc40ba960656ab44146,train
d9eee0e75d3afc02315a1f15f6260311a6cd90c8b236ab74f73ebf050c1e9eb6,train
d9f5923a3a9187dfa14de2408bfb0f9e3cee2f9d275c2d7d48e40354923cd954,test
d9f88bd886fb742490afa43af8a4d613a7c837590c0987fc2bed26ef56569611,test
d9fe7928d9f6f2ad03bc960a88896fe9f208abf34a649c1ad46e04702b96353b,train
da03cf695c91fcc6fa6b66fe35e867fbcf576eec7854a1b2247023db6084a5f1,test
da04c765bfe158dfb30298c677be4624c5d435527c2acc104e9b78ab9fc01c25,train
da04dab4a71eb4b48d96e799d026ca5ab2f4ca7131153228368130d9718e3ea2,train
da1b4e8cf98250c291136d825c521c8ba24632b4a0de28f3ac6f940789c810c4,train
da1d23f99bbd397615931d46621d7d07978937554348e9b85e04546b23604d22,train
da22a83af943ed70a2362fdca7b87335ffa8f3f485968c97b6edba085f99364b,train
da2387fa24f54f019699309d23c21ab6947d52b4e54a8d12fef6e7a96fd301d3,train
da2a8cca6999ef7f20b5622293ef1a602ac1b017374d3297988af5a24ad95aeb,train
da363db3101f7376576b4485fb587f92bf379557ff0652198635db6cfc6781f7,train
da36a6ab68402575b131ed77583c3410ba56b2d07739484ed7c8c3ebb9148d4e,train
da45a0686f3579d0ceaa180035477a46d08eca54c4da4ad93447d4f27e9e1fdb,train
da51afe7b002313c9a4dcc2b830ca7d58dfc43ff9810f7735fbb14aa2f4eb065,train
da562bad3de17c44d9028e053629a5ea107fe5e6d80a35073ab1ba412966d6aa,train
da59f88639a9e5f252c7b223db27e21b3b1f1cbd95ab2e83d7c1c987ce4aff63,test
da5c27937ceb761f7ea58882b18135358ace22a385a2b8a0baab310ba8efd96f,train
da5cb5eb6cf5e26781cbddcd1cec0b84087f5e4730ce91684201050de66b9e53,train
da5e2e9f002a7a200bbed847fe2ba95e724943f0684351cfe74373dd48e56805,train
da62e0decfc70a38de54639da868900da2df18512a1c2fa4e3ede966861d8858,train
da6670b8b7064a661ebc9fd015c47d7a38ac58d5dc026db80da9b500f4bc7bd1,test
da6b16b07e90dc37bb917e578fc2f9579d37d51d241ec2bf453b97489f23ef57,train
da6b464d9378220af5641d4eeef45b3f2086fe3cf65ec5c192055508ac3d2170,train
da7f0357dabaccbc702b4e7c2be64e1729a9504a3a54d4175f0bc9ab8b464ba3,train
da8621e6a3cfe777c30ea29032244f0540a11b82d0f60b726948e7651c997543,test
da86a71f1d2f88cc4381c9d26b1b336732ed48cfd45c5893c8080e7edc1f51f5,train
da8d5ea6933e50af851d907d39271d38d35ac463c09c6974d52392bea8dd50f6,train
da971d8110902a46e34b32c913103de3eaabaac8b6c514e5fecbbe2dee912b43,val
da9a07575d9e6acec40f2a074ae7e1d6d25125e853700de7ce964b6e964bf6b4,train
daa0236dd2500ef0a7979be50750d921863cd4139d27384a1f7752828f3f3eea,train
dab2fa75a6f3759019b3c1baa214ca06bee80b636a2d5acd322bb5ed0f0ac03d,train
dab45ba2139f7e024e348691198f889b31fde9589426e7c56f71f292954fbcd6,train
dab577e1f5b59ac135210ce7600e0bc0435e024e30aff4a6baaa830d7ff0c8b8,train
dabf8254f32d9cc56618cb2d03a2c2ee031be1a35ec885ab86cecd53c905eb39,test
dac04b979712af0007fb2c0755d6dab4c757e6dddc92332b015ecdc7bdd56850,test
dac4727f4c0af5916252dd3d9c87784f8be34576915dec86238bab182e13612a,train
dac7aceea32f3bf0ea22d189aead1229b9e5bcf686eb28cde079d57561c4bf3d,test
dace874eac915cbde57356bfa84356dd9571bad325f1a2428f2046a3cb055070,train
dad284363c7f8b21b06eaa9edc41709d5df966e71872f7b27be48828b9eaad12,train
dad2899989c04c904afd127e85cc6f05d81f0c61c75f3889fbc1714632f78310,train
dad6c2cb39b3e2cf7a3e70b3ca7fb410016c8ca965ba0fb4473cc855e1cbfbe9,val
dae3292cea062c4a7ca25760ea34bda6d4f36e763a5de8750f4abb9f7e1e5f2a,test
dae4ae5498dd79caeded3b83c8e0b0253016c27b2e9917883c850e908a6663d2,train
daea7a51dadbc0044dcde7df6e8de67fcff6c087818d2a8679c0081c0f3b8584,train
daf0e9901bb9f19ca8a82130d6c8ea0d1b5b4cb92f3b887588e8ebe5a2c156d5,train
daf2d891ead9ebfbf2c16b4d0b21812ee225ccaee710874f9d95bc2a12daea81,train
daf92dfc5fef346066cedaf4149da3dc2f1e7d37a30ffc55a2a49d3458ac7560,val
dafa5b09493f9171c3e842cdd846c8038d4ce57016f99a61435ac7de51556978,train
dafd26163c116e1fc73e5a864e044765144caa00b88670d796284e82e1cb51ac,train
daff0fba221b6336eb4432bfe2d45caf9eeebbeb29edd7038f5483746ecb7f31,train
db01ba8349199d5ecd25b3f3b034811942fb032692a46f955c1a82fd0ac0529f,test
db0959d89380769578dfa9d75a7ae69f1f5b472c34e07ef0287debb04f916358,train
db0a7badd784b4e4b4b49f4718e0b48118d27fd0225f9cea42f87fb9f98641cc,val
db0e3a3a1d5793096ceae4370dafc352e0558a2c933ac098441ba5e05f07a363,val
db0e65c0b0ecf241b9d5779753684b73ad117554325397e5c2f6bf02ed163079,test
db1017e526d09e56349a1f693d12ab3361f9f5fa17b9403a6b2948f9d46c0c84,train
db13b2762daf8f698133dd44790ba95750ec777c57b04b840599dea22652b659,train
db1b11a6dae7997a898265c236440407be7d9a07d715e77ae851a9b85dcfe8ff,test
db1dbef75ac5a44d5b604c0f844d148eefcb0fb7757f4c675b0ca1c2d7b19d2b,val
db20e9b0df9a546eef8a2466d16036a38cbaa2c7f84c1bcb33d0794a0eb94570,val
db22ec157f75fe5072aff7f961c64fb3dec2cc118fe9456f2de46ddded761a4b,train
db2bbe13c4acb1c1a08f76fb908a256651605b68f5afbe0f059fbd1f1cc2361b,train
db2f29f4bb61e5b4b4e6f4941be49a20b462f7f1d0bd569b7b6906106e0e606b,train
db329a0fd21576a0099c9c43ffeb1d573c70e6475636f0f1a7567859c5c6387f,train
db33893e7d50ec8cc79042aeb515de550659f2ea8090670bdc021ff7b00b971d,test
db3700f979585251fa4ca9ad7642da2a6fbf07bb39ce72252546135abea7ee60,test
db3fb3e1518bc9b1e889f27b4fd53f271231c2796e4a1cc05fcd35ea67b37ad8,val
db437fb95ade72c4cc84c3dd8c1d6066c1207c69535f6249082f8971350f7cd7,train
db5a5470a479e73190a297552833d1ef79ffa4940f758122c5f980d5dd2c416c,train
db5b5815e5a07f22868e0695f7e907d9c7df6b8ffeebacf3bda86cdb5ff63579,test
db5c9b141f625f034efba5caa1e5b594163f26d05a2ffbf2a1fdf578d2132b0a,train
db5cd0e3ad9fca4086bd81b8388a9bc508db248481389b0e9ba5f31af2f9f035,train
db66cf306dcecdfcc68e31e42dfae377dfdd383a15842fc5b42efc4c998ed096,train
db6bab16cc3706cafd8fedc465905b98ac94f6c41fd68b31c4152b41fc5f1e5c,val
db6c965acd01f7c713bdadd1f51a2c1576f57883320e0f518c32115aac98ea08,train
db6d794dc589010263500fdadb1b11f3f1fb5d9c0e16c93bed31816c21d29c10,train
db6fdc9f31e77613c3a6f1c368dde82e00c074b60de85f91b0c68f8845876217,train
db76e6519b650865052acbc62752358653f1f0fbedc318f0ee06f31c598a7209,test
db76f543bfc6ef3c39c27f54e4826dd19a4cedc479a1bdfd1b38c2aba52a77ff,train
db76f96be03e14a67c248e909facdc0b27e5a30d558b6ddb1a6a0c4141bfca33,test
db7f0eb9c0a8be6280edb905d4ad0888f17e8048ebc73af79e8b4c049b20d333,train
db8427ada714644150494236d7d914d978845804e4c1799e58d1e47e346addc4,val
db85cc2c1de72b444a61e6540a4aa3fa22de2270a8137e30174ed05b3f71f47e,val
db8861433613e5d30a61d0279f358eb2d867a515bee42e6972de9489029c2b85,train
db9121cfb2eeeb7c7e7b46e0facd5f21cc70e8cec7d524166a8a0f38656a5d74,train
dbb36ac1b2f6f5dc45f882e8f8b505a86de265b8b4d600bdf714774941d78960,train
dbbc298eac244a5116a2dc07dcdc483911ac5839db2707324aa10976b7e7c054,train
dbbed2db2209c586ea01f0e836a837cc8b3e9fec156159a135f0aa9942fa26ad,train
dbc6af4cac02e7b6b9835ac8d2cada7dfb446a2924d799a294778b0ddcec32de,train
dbca0a32b6a63145240e9a0dfa553bb4d30e456b611e6a04b3e290ddc5c505ed,train
dbe0bcb579c6bee62abab707fddda77388f68599a8a6d82544f45b353bea05fe,test
dbfa5060adb9bade683cddac267b564a2e77feb9bb73677723d37284c4ad041c,val
dbfc0a158ded451570cfb04eb5de1230d8164c5ce3d0b2d2f7811f755ee60433,val
dbfdd642fee7e9e49868d91f21decc21e321b64d01f173c6cbf9b3a41e67da23,train
dc03a1d88014c41cfda69df67017154508a725f0473fcfe5ba96fd4f0c4ba991,train
dc04b9da07fc389cf252d1e2376c0cb8c8fa62915b28917a4dc7fc1849c38111,val
dc0699480261678f65875e8d9b0df91f9565e2a826f79d8e1a688ae2e2b4635d,train
dc0cbff71a8567a63a9f5d9c341ef3dfb215221ad3806019ffc168328bf78a83,test
dc17517a94fb24b4382939c07e55d0e55d1302c8ee91694600580d371211a8ce,test
dc1fe564840051d4b0a00c72c776b47c16b7ba8c6cf01bb92b546069bb2229ea,train
dc27e9d04cbbc8b817116565e0f64ebed68f3894a5d5e577ff7446751ba28f39,train
dc29d7305f5f10a24835314621d723d5834203a7c0a5657b4f8696e98ad2b47f,train
dc2c3c83b49bb9d2da7cba3a2b3a5cae3f11f60c481381a7e49a28c2128c7036,test
dc36a8cc35f7327a80aff14f5d9ad7f17ae0ee9a15bfd1bcbe35987b0fb88ebc,test
dc3c44e88da5fcff61d506a564b5504e56814777cdb1b1ca56364724745d7dc3,train
dc3c696408481c914f248097cbb28ad391c9d682da2a52d3ae86968ef9eed74e,train
dc3ec028f17bba7530d29700a3ee30c50df374a00347157fa80bf17d4fb493e0,train
dc46c4dc2fb20c9276177029d8727d30a5556ac11d6badd8d7bbec14e2a250a8,train
dc5911c433bf48d7264e4d27266a5823702e973cf2bbfb0be2c9873cb89ab1e5,train
dc5ab9f54c34795154b49e8feb7d60a22a39faf6c1495d05c681326d100aab9e,test
dc5f47b8bd153618efea82c1b6a58af035c8e92b3e701ef9e61dd01fbfa50665,train
dc604dd2228c2d7e4cb1b17c9dae8b3218009866dec2bbcfd60d053ce7d10b6d,train
dc63a6e60776af87576ffd7a4bfc0d4228de2588fcb11db7f0ff516ef3506564,train
dc663e1cc480ef3505663b77b4c1faf2e84d913c4787bcf4cdea88094bce622a,train
dc6943ffe607ed07bbad8bf9013ef016bd7bd64e5c81c4e4b6be8829a262e52a,train
dc69df71f59970736721dca44fff7c1ce27ba4dff6f9952951f57ce3142fd6cf,train
dc70932d0e585fa61c6cd6b4760c979b0dda3ff7c038997e45d8791884dfd0ea,test
dc7d9812e06f3a7e164c09a38b2214d96e8f694d77809e62022d27d3031f912d,train
dc9873665bd66f8bf752159c3baec300e4fd7fbb6a79ac4bc2c496f15f23cc0f,train
dca00ee75d636b0879a3447446715a50a2f183c1c3c1b63503a2c99754967764,train
dcafb0f0b63779060132478b60b0ca8619f6738321568589ae9f54032ddfa4d0,train
dcbac9c96c3c86a98e95e0098119584c68542ccc1e4247176fa4c18ac36b3b60,test
dcc395450ad8d88d78474d040a26cb50bac60f516f1fee48b67c17cbadd9d6e3,train
dcc50cf0d1f32dff77ddcde87f72198962c0af8d28b8129de675d5067e199515,train
dcc5d8b3cd4761e5a3499f7f686ff7a558f995c9455ae954283f8013d612dc17,train
dcceeb37a4c078990a04bfe20abae13b01bf90afb26438c6f972789968790b3f,train
dcd558883131771e7265e703cd97a49e817a81f1ae23f64a808fff99b9ba37ca,train
dcd630cf0f42eb6fe7add003d9fed75e5d7edb6eef57c06afb6f98fc9693b388,val
dcd9c10c16f3cf90f56c35e90fe4a9c763b42764eba281fc18ab600365753ca0,train
dcdf96c4cc8ea3e155976e98218bd1f99aff46171f6e4ee986229a587b924bd3,train
dce5e7fd45299f21b1943face4efd98544fcfdb6b631bb0cedf9a32a9b2ec2f9,val
dce6e1462f7cd6af6fedddb3689b8824928aa8bd796501044bb7fadbf2e17536,train
dcf3dde2ded9cd4d800619d959c55defe7d30f7c7fb3cd3a5fe3269e89da86f4,train
dcf47f002c4757167a0bb6e88c417d343f7115d2c8ef7e7033f9c971e0ef3df2,val
dcf6da8af7dfda41de96019f85b16dae2403f0e8e1faecec7196711f1560b73d,train
dcf775cf8b60c15d3cb7030ea93b555c0c75f15aaa8676855de3437964ef4a3f,train
dcfdaead1e6d5388931c24823f864cc2918b3a65d6c45a42730f3ab13d0b1600,train
dcfdee174c7026cb1236780ef960d42ef8bf8ca7d5f488cfc04daeeed4594544,train
dd0c08c0b18720a6f9187d33535e8f788eb7241d42f76c66b8ecaa9ae4d5c0e4,train
dd13f8f9cf49c7cb6ba6b4d94f793d030ae72247cfcc2fb6605e8cb7df185d8a,train
dd2209a0a2b4e2df230ebb288d51c9fb37ca478215aaa1fc044fdadbba110e94,test
dd2a67768d226fbc383a687886e1d04af7e5e9e74da16343ab2ddabf76916f52,train
dd2bf4894ebdc9b612c84185a997a174175b307f01e8501bade37fcc36089297,train
dd2bf863ecca7d9e4c7b02419b7a39998869df2b250f9ae076fb48fb06ccac50,train
dd2cf5de6c193fa95e6783675db1bfbfb26a796d6431e607435e308f05a838d1,test
dd2d40c78fd831ee09176772195361af57adbb53a0302b3d7102b1c761bec594,train
dd31a8c52f9531262171adca011b8868deda67b7e152d2e743256927082b3eb9,test
dd31e00e520a430d6e2d0d3a50601a8159ee44d08768d98405d8f052e600694a,test
dd33ab3763d19bbbca9cf102bd2e070379598ea792c5508c0e983f32a8542237,train
dd34be0d71708ced3958eb5c47d5981b273261cd3e0ac2d8ea5c30127af331f8,train
dd3c0e0e2940646487f5e6e873bdf367d299d2dad1b25f87aeb236b81ec44403,test
dd3e238e18f5bd6876022a3127986deeeb8d4c21d55d1b5876f6aa0f3b5729dc,train
dd4af509a3aaaace5b619389e091e756e013f3f483b54ac2a0176a3f0bb15c2a,train
dd4dd928a9dacc69150357b9e0cb6a6d380ab543e3f04e4882aa4db339ee3304,train
dd517df020512259ca13dc205b677b4be03f64f8cc090d27f036c483b0cf30a2,test
dd58c3230bd09e0d43e1fd4b2727e13c180e2b65b55e79ef7cb40994b62479bf,val
dd5b06added3e8c20737bb9375dee0687248b77a11a78d4b97c8cc95081d6486,val
dd5c57cc18e39d264b1d8f44c87576cde194d0c5d9cc0e01ff02193c9af6cd19,train
dd5d8e3ac0875d18e851877b8e8f62f842230381a20e3394fcc3e70a579dc72e,train
dd61c449bbd950457443f062a54b5d9c50e7263fddfef5ebc982e30a7fe3a57a,train
dd62cf37123bb38e80cf2cf35c9a050d836db00246231764675912e198f58e1a,train
dd68d6e7a3d3b3ae24a2d7d423ed4a0b9fa6ff9382b2dd9b4407f6835d311c85,train
dd7079f12157c64c42838a640baa2790f63f4854c56fa1d010550813d6d6ba1c,test
dd71086ffa9f49732eb5f0289d60047826e0b466e7c31065069a96362e5f2a56,val
dd734a79761a48556c49b4ae088c25e5dd1a4fffad61ea14c9291f9f401ae7f1,test
dd73c2bf9586fb592cc2957248af3ae0dd3e9f2310382abeef2fe50e6cce3025,train
dd75695ba8a59df74b5120f748163033a79a76b607a212b5916a3a00dcb87ac9,test
dd7b486d7177e61fe2a151222b2a0c5b7aff30ed4cfddaa6a2a1a55cf1b283ac,train
dd823e1a504318b3688ecc1e0d1da59401726c679ebb775aef48000d97ebcc37,train
dd86fee45941550c97d013503b13b6fe836b1ead209e895232ca2b9d952eea4b,val
dd87669850d90e8691241fc2b5a33325c27a08218f834e01c3e93758dcb03436,train
dd87ef4cedd3e0d3ba2a12d118bdae0583e63de090a0fb7b3b519e45c5f4a9d4,train
dd8913cec2758707ec2c4cd0d7d7e1c98b105a7391d2acfb4426ffaa3581a1f3,train
dd898d9397dbae95bb796b74b937ac98b1db073434b0b9f53006c8185c8c51e3,test
dd8b925e03946cc366b5a802553a2aa80de500c1ae6f855741bef32d2dfc9b6a,train
dd8d676294b13dd28bec96200fbf5cb045b1955f926525a851c3402aed3fa092,train
dd925a9e3eb7790a1e33adbf43e8f4081a13f49e519d6fe829a5077db0c5dfaf,train
dd95920b4abfb403cd1680172f816ff1a5d80a2cdfbab99bb2965ca311263d7e,train
ddaa26650af60a3bb7a983cfae2bafa071da5f4bfde44d4980d463dbe8abcd38,test
ddbbccfa24479b0d64a91fd383d8e03238ac15d0e01a925a74c2d038d055a442,train
ddc673691d9eeaadb5618471866b96e50ba4a3a51f8263318aeaec6e51316930,test
ddcd0a6793c6821424cf7957e78ef9777de04f797a88575d1b457ce966ce84c8,train
ddd12fe0c01186b2628e4b17550e81cd61249a43a0ad13a8b5eb4f1c471dbc3c,train
ddd3b267181c5609472af66859baadb615697bd808745983deab6d159811ca03,test
ddd818166e093bfd3c7ea08bef704b49be1e8028a8c97c258d8af5ff742d3824,train
ddd9e5c2207543b422215d4fcca7df0b0aa0429314863c69a818d5363cca7901,train
dddffef3a9ac775828cb1727df100106243f1e2b9ac06ddfc317bd7faab79449,test
dde11b47052f8f6f846cd4663d15f6a848ab27627c9bddf65ad7a045063300b5,train
dde64a99b3c6ecb3dcdc9182124e15490df4860c8f2c103b60b3f7ed9c746e0a,train
ddef986267e118b82a44db470a54bb051994b393b8166c76ae6450f087f8c22b,train
ddf0340c567a92daaeee1a29b2fa4e43071ddf253188770bf9babdab8d4c97be,train
ddf97ea54474fd17159620722a0b782576d9fcdc6cc92e2a6da75d55abf3ef2e,train
ddfb32099ad96dfcba1cd284028cb4869f0823ac1d9f2b98021dabbfeb685ee6,train
de08701370e74643415a637ec2a92841f21b770251de22975ffea2f266280eb0,train
de0bad7a6e61de0b11da3fdfa2dbb5e27a2d1b47d52bf4dd8bcb39a29f3f2fc3,train
de157e64fe8845932ab86d8009202de7fa5b4c77817f60e5510378b81f6f176f,train
de1a6b5b40571313371394cd849617e59a171ce50840bc899376691cf0a361c3,test
de1ce13d5c745b4216d37b8cfb90b4cacea2014f4b42683c67486aa02673a850,train
de32b05fd40f86170650be93d6ad69d0743f01c74aaa62438eb2d7b04c6dd1c9,train
de32fdb2471b78d84b9bd166bd7cfa8c2f1c9014375446b64d5eb06cd6809eb8,train
de33c2bed374a830171ebc6408d422f7744fd51b7495a33e3e03d106c69b80c8,train
de3445f15407a6c4e0ef200a551e227ffac3391bc212094fa01b4d97deb93ed9,train
de34d13c2d4a4fd16e62d5b161a2c02b76d07615b40dea137a5a7dd01a18be26,test
de3774e10c2b6e9c03e4c6a9491462a59754c5e6f2cfc8b26a3a04626fe2cfb1,val
de3ed956eae2308549c3279799e4b046f9d086f1ee20014b6f1b182b25e77f8f,train
de40f98f79c2e3e85ac7fb327fda9d86dd40b1acb1645af91c7e50e6f5b53ba9,train
de4d9f64a6cbb35bfa77f3551e509c7d7c46035c93b1aedeadddbfed90ab1ec9,test
de4da14b13627eb62146af4efcfa9c9495a9a0c57b05a294ce18d07b04fb7738,test
de4ee389d10545f3000ab94ac4f7a6ee5503d998cd5eedfd690cee744f8a3314,train
de500936023528207d6da5265d2916c21331f7f26dffe2d0084080ab42329b3c,train
de535e0cf17795e00aeac817c2df9038315ce3524acceb1319496892c7c98af2,test
de5de262b52bae5fd46af2d5884b1359a29777f040dae8d959098bdc1756f631,train
de65ff22199ae3d5364d1e1ecfa81aaa33f9fc067366a8aa4e743cce645b6722,train
de66570b61fbba4e6b1195292f5ebd3212fc404aeeaefbf2e8e0dab59d233703,train
de6acd68b53a86e01865d1586fbd408cc3df2e148f6f876897a732141a5d31c3,train
de6b689094e36fbfd83442db519d3aa0f4ab60d4495aea6e89704788285cbea2,train
de736ebe434cff4d1139c2f3a3a182eb2415ed7863aba049c6f0de4b36f8a911,train
de772d970548f5e3cd0288d552671b5f53c8f8c56580a58ba027a9c0a5463292,train
de7bc096a9eac931a8e73d7edae31d75ecb627291c2aa30cb2ec24bbadbc37d7,test
de82934be6d3c9a2fe4409fe0fc0df6f077e1aafe9c18b1d30d6eeb71b7ffde3,val
de852ee44c7fe3c23bc7ba989194dbfa26990dfbf8ad0e86a2f1bd77a34a00ad,train
de8e772ccdcbea657edb63268ebee5d08370cbab4f251a18bf2f6900c04c46d9,train
de986aafe357eed14321aa88b8925af4a9fb3af9f090ddaff11a57d334cf44dd,train
de9a087416694168ba060307b2c3ea59ab3c4aba8309422607533765c1597d23,train
de9b691e425653e796dde5f7fff9a6a443ebda3151046559a180b95375328569,test
dec09dc289feb12c50019a413411606144d5dd3b5798c9c32fc697a648e05f12,test
dec73099d7b8ae591af4fe78b49b3da665c58dd1b761b217e7978646236df283,train
dec77a90c524e09bbc199c40befeb7a052f8697fb4b818bcecdb930f6851f4e6,train
ded0ea1b16cb059dde19f24189acf7b024defc6141565fb61cfd131f9345bdd0,test
ded792b5eee0bd85d6aea06e1e20d23846481e756a94059ed276340a61088205,val
dee259f3e11e8151ce6f81a3d93ec73188248b48de312a4a550da1c713ba3224,train
def174c88205a87d149919052b0292263476ceb8bf7f331d45958407667c2da6,train
def704ec66cb84385a762afb1894fd222f86bea171a0670afe421234bc442139,train
def849811c6eaad5c517e103ddf2654b2bfa51ffcb5f32dc28478f1ae3dfae14,test
defdd8517084647e67c74fb5679b2d4e59bc578e77ac902d47df7e2772ec1d1d,train
deff8ff66bfccb33ef30e0637a5f15a1a0d976de4acf5e63312ad4c8a2128b9c,train
df055c046f416bc619be4a38aafe7b77f9d30836a24e75a60251f7774f971760,train
df0efa031cfabcd6586f0984efe99fda4ba0d771a1669d0c3e2879f2d3062054,test
df10682ea0aa51a137cd73bbc0950c9f6c84862d15afa18fc0a7467dc185bed2,train
df1a6213633a2031eae8bfa0c75a64fbd4b06af6ed41c78c9cf3db0bb48c32f0,train
df1def3cf562587dd114da16528f5975c973d661f8a120f94bec2cef7f931f0a,train
df27ad988dc6eebdee49d270e29c393d8e270315230b4ff7fd51112cb801a8dd,val
df28f218952f9b3d8a7e6a24567a84f7b605769b6a00dbbdee571c7c915b9a8f,test
df297c0db5c0dc94915af9a239d526cdbfc2c3821b525b6405976d2c1e5b1f1b,train
df2b6866a0d0b83511e36d8e24ab2e20aafb0595175b397b54c281e2636d4854,test
df3ba9d24424f31ca1d9240ea74978fe6ba300cc825195fed729f93494bc1b59,train
df44dc0c2f8a48fe67e00294784ef2ff41728a33d836a6c9c25987a35d2206ea,train
df4a5e2336dc80a55b6efec089a7410f5abc5b07c85a491b063ad414dde274a2,val
df5263052b7fdba2fc95318723c87f62bb5cce97895b684796b8ae898a7edaa5,test
df52703e32152bb0ec3a172d775e61dfa44d29cb039440ec967a554c65aa68bd,train
df55141e7ef7c4201cc704cfaa0b90d522e80b9f626c1d5e9c6c4ff7f5ffcf6c,train
df66d9e55255c9feff7d840c7015321e0dbcadb00183205199e85966498507d8,train
df73c98f2502592a8dd7d4c04988471c41899ed08bb86d2a08692253b59095ff,train
df78ad1bfca22bbb88ee6fafe4c9d24ef44a286db466df4a0455a6317e792216,test
df78f8f676dbb5722e2ffaecd12ace4b9b64b665a744d150056cea400dfb405a,train
df84c70f5912551f5a80ea77ff808683647980a896ae362f2fa37244d54c0846,train
df8d61d0b252ac0b249625dca7c4ba28e20c175e5738084c0718228565ef8b5f,train
df9897d3f50600868b97207bebde36902af4525baa80503845ad652e7351274a,train
df9affada401452740e174a606f1be38f1a97651313f815c616a17fd400a5019,train
dfa02dae2a0206fe2c5d78f5d7a829422dfb5f29f49cf1bea794b21ed7aa93a9,test
dfa64f085cb7337ebdab93749462c4bf3b941269f97928839cbe833cf2f89b4e,train
dfa6e6884480b27b084ddbb9187f0a1570780414d2dbe5b2a9510ec0b79fe2f2,train
dfa734823c213890a11569d00ff1cbc400c38c636ff46c4900bc7577f5e45a95,train
dfb8a1d78732f655903639dbeb7112f665885b1535c56e885d63bdafcd0a7834,test
dfc0e3edb8c59c27ff7c9712c80de065ab0c68f1def1c7943858008b2a89ba61,val
dfc4809d8308b8e134b80612fd1a65a633d7d6283337ac5d04253e6ad6398583,train
dfc688318f4ba001dbc0155bdc37dcae1660aa6ec2f39210bf70a17fc5b6ffba,train
dfc88e5f568cff96e7d56e6046851f1984288ac5d85d720cbca09773e5d9c2cd,train
dfcefd4b3145efc002a8f3146649e845dc58e1c772357bffc32c5a907ad06c30,val
dfd99fa8c035d584a6d5201bd95f58bf510bafe5446d0c6cb016cf22fb18287d,train
dfdd77cae4f5b388a2be29f98feb17adacf4e78d9984eab31fec3567c844eead,train
dfde5b38b34b69d2829c614b31a7d99598a84904d44d21be7187ddbf6d04252a,train
dfe13d899114a8b117e1eb3721efdd1a68e435da4a3f837b1a426c4ebc007c6e,train
dfe186687899585eaa5a57b852cffe0716201a7100b366beb1dae6c2e6cc1b69,val
dfe2c3e85d0f9510a8d38a88b94a4fe47cdf2ca1d4babfaf09d636fc536185f4,train
dfed4552acddc4e864687508846535c50b291e33266098713586ca52b6e01695,train
dfeeeab3ddbcea7c4a1e40e6e68ab506ac3888ce9f9a2407757ad552bf16b865,train
dff8b551cb66f7b884cb4f9ea00169275a46bbeff88fa22c04e29aa1d8fd1517,train
dff9c766c2cc92851cd8d96b8004b25b3c8693de7889f4d32b0acd01e03b2724,val
dffcf20df6a360e43685fa6103262983b2f09abb9c36476e4b9efb8b6e6e1fa8,train
e00602375d42047f429cb7d14523a6817b8877ab99b82911024a9c76d759ba88,test
e00fc382e2d31c69f16bf274ccac8ec0ae590af52592e2ed61c4b909baeec974,test
e01523178d696c96c00dac0d6882605b98b1145ff491590bba8fbf1bf62a1310,train
e0179031849937f3efd2bb7b8f823618a1db16ade5365c9c6c90fa4daaaa4346,train
e01eda47d5f5b972279e280010c17aae809c3ae1a982c06c0c0ffa000d225e4a,train
e028e7e217fead7e256d4c106bb2bce4d9e34f5bfebb0d4cbac376f3813bf75f,test
e029db3e8353a7c37531a66f1ae15758bf8e80dbba11699326a5b8db5cb1d4ce,train
e02b22ffb38b4d09d136651a50cac452309c9ce1d0fd7389320e2da5cfe7b495,train
e031cbc503ac316240ccb87c5126eefb7c7c9957da9ec242bf8c2cbb11d4d462,test
e032a9e4222b00d0925c6bf4490e76a741497c8904972bad8bc1ee3efabe1965,test
e03b21f0107c292860fd2de140cfa6dcb72049ee3a032e9fcf69145c06cd7e0d,train
e03c1aab5826552bce1119231345c19ab01c6a560d4047c429566137cebd6b34,train
e0415427755107c6996bd7661e183c2646d44032ce4c76ff2ad53602f0a49d7d,train
e0443b6029c7aa1331ae4b368bb1155c18fa7d93b2bff6088b4a4510e15c3f35,test
e044b56d397312f9744a97e4016c3f268357ad353683a230656c5b6c6743840f,train
e049cdf0e0ad0460034f219270b2d3c4b512ee0a057ce8e5dcb280abbd2fd570,test
e04bce2ab2210ea536a8f5d37632a0827ce2d60222dc423cc239d77f8fb73d08,train
e04c65d1ebcc941607c4c0342425eca1c956717badffcd84f9c0c357d3d38900,train
e04e697de7353fa1dffb925858c34dd86f5b38e7727b36e5818878da460bb400,train
e04f876219f2d652680dbda6b437d0505a0a8a61c5177c12ba80ae8c47529379,train
e05435903b038c6ca7879aeeb3ac3f6751b8c95950a75b36582364ef9951765f,train
e054b1e76cad6dbda3e2d3fcdaab4791461879f8a248ba2dfd0e8d64ee439c27,test
e05c51195765e7b31704480168008331f0cc8425525d8c36c7e7f4a0c9e15099,train
e05ec7f8cc6201463d7b022b3c4acdd293904663200cb9cc5944d383d27f3a69,train
e060e95659eb25216c12b48a907a607df6fac901af14f8c5d5483dc04c0b594f,train
e0642bc2457a4af921aa1e45eeb1971ef29b974db373c37b3c54f9b2bc1b6623,test
e06d3027c9a8011f952971836a9e9b6c77258b46d3c49396796c9cced564e86b,train
e06e66d84cc501f7b19aafc869794814a533943d2cd374671df126e907905c7c,train
e0707643afacfefd7ea5094ecde39daf93c5fca353de843710a33623ac906a5b,train
e0803bd74be4f9ad63eb6ddf1797c55c9197a20e55ff4eec50a46789e5bbb7c2,train
e080c52ce6b1449959f944564b4e224083d16570d2bbf85545d4d6790170b05b,train
e0818fe6c1830d7a814e7242167ad4e363b6716b22da836c22d7ce968b22b299,train
e0880d4589a8ca1f1f86de6d3e171eb9b9a1721d3661cfcd45a6aa0429c55d96,train
e0895e45ab338245053a9b492d13687830b197cc77238591d443bef47f8d4548,train
e089675b3674e246e0b9c1f327bbeff3eb71f44e416183aff2ce360dfdcf4ca1,train
e08be639dc203ef70a7db03317405018b01bac402dd19a57c14688c98b6d50fb,test
e08d2fc612a0f77acf901a4246bbcd2401b6c633c155891953d9a5527c9ecec9,train
e0a8d406f3cd6e8bcc38a74070400aedc191582b7087351b1ad68a827ed6a4dd,test
e0a94a74355e2ea266186f84b02adc286abb4a7a965b0ca090bf2f4f975d8e38,test
e0a985d04fb4ade8826ffdd47ff6c9e8a57d9095a8aefd4ce28ccd083b6b583f,train
e0b28596499abc029068a457277ce2eec579420abf76c106b9675427cfb42154,train
e0b5eb647a4b320373860e583cf00dbb1e82e82bf746114d8437f0f05e9165b1,test
e0b94da686bd6911db939df078315dd2f55d07be8aeff8cee4311f32851d5587,val
e0c44c2af162a150275d59d5e9e9a5bad1b5650bfa06ae2ae6f721de4771adb8,test
e0c85ebf8eb357388d1ff7d4ad9c0a6cb0af0a34b59a9b72afd18f32a029a782,train
e0cd6028a452dd63148edde29e3ac4127737e17c8a9e9c8b5e887fb377dd4c6a,train
e0d46b41631bf19b2acece96a856e06d76b0290f36dbea42664011cc20ce6afb,train
e0d6764c7fa84b5145030a2828af5e231b81f12d6ef0782b2bc0a55eaa3e2e74,train
e0e34399f2a26de63ab196eddf56bad13bb4cf5925bd5720e0befe49f9ea1f11,train
e0e347b0d8a95bae0d66f40c5d60f8f06f7077920a2a704acdcdc8a6f5bcffb5,train
e0e4222ff4679e1718b344a9c1fc59d1e28b3075e01131210b47191da6c37cd0,train
e0eb4939eeb3c41eaac16c64ebe2a76549e64bb9fc740a330e10e74f1bea3244,train
e0fc7300803ca6a92a8f4b53b54b165c7cab0bfe4265ee560f60c006f88690cf,test
e0fc9b5855a6b29f1add81862f9163c247d214ab4ac9704fdb046413ccbc1db0,train
e0fd8a224c061314f953ece53385dc8ac45ae568fdf61adb53e0a2b377093476,test
e0ff7d9420cbd77c55ca524434a21b7085b390a75cfc976af58b4a43f8f5cdf4,train
e103d41a56df6869ba7726bd2e38e9ab541cc29e0716882b67f1e94457394cb7,test
e1072c5f5946170ef54a3bbbf850021ea9100b42133a698b6bf6c301e8bdf1ea,train
e1077ff3bc99f041bfd4ba2c3f24ae2615c93ed06d57898d0adf50508970836f,train
e111c2ef11127bb35fa15c33daccfb343038c776dc5768959d3477cb825c0eaf,train
e1157d706567507d461b4507bbf2952a44bb231ec43026f93402624a675fcf08,train
e115c6afb83635b73b2806d0cd6bb05860612ef80bb1ade53449f081af0717e8,test
e118961dc5089acf4f179190ed79988cbb4e54b5aa0d372cd37f1108e38d5653,train
e11ca2aa23bb607a0ebb49be0271e1aa06b26e37db54c5c7ea726e306a0cbeea,val
e11f89c0d114fa0f0fc125aa5c2a1861dad1ea68956cda452c9971eb4af762b7,val
e123200c7a05d5fa3ed5b0fcc3926cb6cbc0561540f363fa737ac8529d0a36ca,train
e12dfb92801d10f380444b015c749b29aedbcedc43a478fef7e1fd1475c3c83e,train
e133e61f4883e8b715a74eee48b28ba4da3611bf83092504d5a9c379f6f417ee,train
e1362cb5690d97ac338324702bc8b902936a0502a502d66731f39eb56560b46d,train
e14077671053f4d202e26c4fbd1fdf3d5872d29bf752f4b18ff10766d7291442,train
e141609edf6d27ef571c932622db47671bb529c269f895d1b0c30f1a4ce25ab0,train
e1478fd8fd3d1f3708e355e4d7ef47cfe278f9de96f98cca92ae2ec0fa7103c8,test
e15a2db9c2da61dcea6ab4cbb8275de672d5046370552ed6d4d50a239ce5b5f8,train
e165db8bc57b9ce0cc65b5a51f2f9ff759a737022cb8e4bb691fbee344e01ee2,test
e168d1fbe43f3e7079b4a0f3046b9281d9ed046bf4aac686577ee4934c8f5638,train
e16b12a4e5959f6b48fb29d1f0532c69c6c6d9741930825f5f4f492e036a7e9b,train
e1728aa66fdb2df48eedbfe351faa4b4300c43251b5f6d88bc5e55a7356a07ae,train
e17b02387eacbf8e41177b9e8c038c07587db4f10eb5afc6263fe08f477fc235,train
e17c08d522bad2c84c25227f14f3e89537516e8c2b0fc57b43ffe2935f2226f9,train
e17cdc7fc49ac47d4baffb04f57c260e1f3fc761b6d5482c8fb2476e0dfdb629,train
e184b8428f212940fd922adf5753a9ed64a5a90d35c012c6376e43b119a619ce,train
e1868f6f1afd62c4b5eb2a619974842963692a978eba7d6d679e2bf812fa229b,train
e18d3b58c4e92748fecb312df34dac5ef5ebf66c95a53d274603ed4c7c01535f,train
e1971dca8a81c70a28a1915791b80714f56de30760e49fc0fc4cac1475cc5ba1,train
e197d193d2b1185f0732328c5f773f135e9c222080617004486e02b96e5da4f6,train
e19d0fbbb58c21e7b8e38bc9864164877d591f6e33cec1955f7098212ba688a9,train
e1ab9bb8cf9da5b927e1c2bdcb0db8d02677eeb00a76f98aa8dc4c66f0b14239,train
e1acd398d0e1a84b4bdefe1176df5e3bfe0568bd5ac691e44c5dc1ec566379d7,test
e1aed4ab690b45566df8f14bf02bc798413b491ff083126cc23ac8b907f5f972,train
e1b2bf977b01fa1591897eae10116d13e5c767a70b4aa6fefe19c7c2933d44c2,train
e1b3a816ff5ee40f35b2f2b78f3f81546b3bee37f2adf60e93b9beaa486cbda7,train
e1b581a7b4a7725f291cbe5c2a2b7e506f34a5b12199179f905e10de3bba0e00,train
e1bb2bf69fdf8ab8a623fbf0b5b9fc30f4d080aff1df93380ac4ef2f94bc23c7,train
e1bc9b580a27f2b7d280cf7a7ed2fc6e9aea9c0288a079faa7646447fad5e33d,test
e1c93473971b1f90b61128bfb6c0b3a03b45a6be9a7c12200ea8500d0ca8d912,train
e1ca8a60cfb392fa611c73cfa30fcaf23de84953b8b9c168ce350a655f0d3f6a,train
e1d05fa85da9a03a66545d90219fbf542befba9220681efbeef526e4579276cc,train
e1d799d4203ace7badd311480ca15c815539b86905ab902350694f3521ac9d74,test
e1d8a25cefa340d1a684672e6bd893311c5fe2d39113a887b0c6f41a5a0835f0,train
e1e04a72c5ceda28035164ea92754b2e470e7b639fd884a5dee1613042834773,train
e1e10ce9f6c6eb2e05885fcd53097538136949b1a466d9415b2fa45f4ad6909e,train
e1e2d07cc2266d7b910827ac27e1fe8b2e21c13354eaacbc8433abe4b82fcfaf,test
e1e31fa171619a1a6516d5b7f466333f4abe93240b07d03b708204594c34c2b5,train
e1ed7ef8ee26b39fc2ef9cb0099c8090395cbf0c8730324015b797c2602b9aec,test
e1f2f9373008f06f0130cbfa204e6c717821c2bdfc53eff5a0d51c55d1a8f6c6,train
e1fcaf56a2a38ce1e53e686dcd85bb437757f8017e895f28b887361b913a1848,train
e1fe3915ee802bb9af61c2b1e26f93ad6d0b9a0240c71aa9b29c453a3cfb07cf,train
e203e83a642d9bc921280b36f30a9662cf131cce7096660af1b2a2cee40dada5,val
e20b6cb481ed7850064d00904f1636f1da187c20b432c852f7c3f2b46ce14443,train
e20bf6b321d20da90989fbf224e105a3e22586cb4413ecec359a5adf4370493d,train
e20fcb8c7d2e2a91d7d7b7893c705ee5625044d7534f85fa4cb3e1abdc56b077,test
e21a5a89df1dd844219d42200e093c01c257a1f7d7e56986e0c5df56c214f1ff,val
e21e5c45abc685f786f3ef52233406163786e2d7a3cbc23da5cca65607fcba4f,train
e21eccc3fe469dd87b7b09a26e8f6a25f523e2910ca8a476b47fb9379e3463b3,train
e2268a72fdd87cbe96071376a1df656252ae5a88d800f12a0bd50117c2be5ddf,train
e2285ca643e076818b1b285d7178f8a80e1dc05678dd0cc03d3d8a3229dadd19,train
e22920658c1ac82fd2da783b6cc2c0eca784dafb6741c7f2e5236210df5b03b1,train
e22aa81f8858c33c21948356e0f1736ace48aa06b9cd05cf9aa969a9605ac9ef,test
e22b08a9e547d6bd2c8ea760bbb655ed865c7982811c9231673c9ba91a85a1a5,train
e236b75773c4ed9d3e048ef2fc266e0e2559c1b87c68be8fb898b4ee7a4e6c3f,val
e2394d3be02edfb432c81b891d4e57631f1c126c80d99cb7c9dd4ae06d043e12,train
e239b4a38f2790bcabda52b5bfa1032c7c08cdb5d2a58a6d6fa7e9fe9bc7ac11,train
e23a7bf82a2a9dfe9b80543d8081f75cf6108626e25d8908d2abecec1b9a4ff7,train
e23c4b8fca9ffceeb397ebde691a68417b8f677f66d1f5684bcc122bbf0dc41c,train
e23d537b7e9541ebcd3e62ec8b36273bd2b7297400f48cb5ebf1d78e06b7959d,train
e23f9aa70dc9a9b1d0386554860839b86b49512496340d9507b7da70b69894e5,test
e241f91899229748ca2f513ed400f4bc0293890962477b3dfdd647fc6d007014,test
e24557c1ead2d2e8f4b9757cc0ca25c5496966f417de96f31500b05f4544732d,train
e246844f1917ec1d24e6fa9eb4002464f41a3609744ff05d48205b0314f19f2e,test
e24a18abea59b52de89cef4f9260d715acb1bb2e0a780ea8b83dfafb31ce5bdd,test
e24c78b5ff439bd8c685121f65a04357f65b3e302b415d617adf33aaed9dbca5,train
e24f3eff689e447bd6d583bb34d44e551b16e8097b8557e89ecc74202b363a32,test
e2512086fef679e67958869ee1f613f7f4edc93b0b32547f28187fe9c7c3a837,train
e2549040ba7ac5f491fde5a97d450e2c68f95b876a3d40405f6364ab0536b6e3,train
e25e00f48ac7e45d438cce2de67efb6eaf5a28cb166bed1652eabb5e13d28c45,train
e25fe27777411a93fa070be04b3f08d45bb3073d67e63eee14df0de3ecffad32,train
e268258bd6f355bbae16d734c84f48fc8463dac6ecc0c8ae58b51a01a30dfa38,val
e26d0b6968386cc8038e32bb497538503f2177b08113fc4254163a51442b66d0,val
e26eb9fb54c328c52b20e2c6f806bf458adbeb6ae6e901f9d4b9da70f44157f4,train
e27340a0f447adcba5fbf84fd3aed6f4379e26ecbd14e5839f3981b57b03400d,test
e273aeeb589878111cff40d780d65b31be3b3b72b80016d9fbcd1a331e4bd7b3,train
e27b1fc50e1d21407faa2bb04b7546645e4c0974eec80205d6e2a6a9bf86a4c8,train
e2817bf20da825d864740cd57c6f9f390fd405b48169588f993da60c305f7627,train
e28668dfeb19530ae4d474c4eb7031826749625eab8ef7d38d06235142546a3f,train
e2909b9e5a16896e061ca65c5bc017cfdc1f549db962d344b3a7d153e323fc80,train
e29194bd55928b0d86aaea0f4560681fd4b247daa47984bb8c6b4fc25c2bc23d,train
e294ecddfa2e1e214e69001a9146f647adf2b132b52f767df6aee99a4fb2be92,train
e2994405f3c62becb05e564142e73a23f1ed7b266a015f08d9641a3786c99798,train
e2a3fcd7be53e5b00da0c63f378a01cdf5107f9b28929e4d04bcb6aa0e720c05,test
e2a4200ef09bc9160bdb034aa19852230bc37237bc38ddf63d6f0e58c9c4d964,train
e2a53fd93bdd1a8b9b6cd155d9714a568e6ea7b43aae2e195cd4e7272d94fce8,train
e2c347f0d42e127471f94950151b9070544973b986dc883f1256b68cb895badd,train
e2c645f36153ddb486d6888faaa2ba4d6ca05f63c92a5fb4f483e36129024c98,train
e2c841d66e9ef4d637609c99785753ef247c8a28b00aa5bf52467b9f5e67e8db,test
e2d0880d001a2acb9f7eb5dd32b5e8acdb3ae60bfc6425985f2b855ad75c577a,train
e2ec48c3fde69353f370ea6a6eb5c80f3cf1c0ea23574a4dca9dfb155b688c37,train
e2effa703be93468c95ab657a948065b1179d92eb6e88614f544be2a5fc84a16,train
e2fdd9bcd3c2015df19b18e5ac77562e4a2580a2efdf4cc1e8de85681b0e25af,train
e3065b691fc75fdf506e32efc71828790f90d7260e9bf32fabd5d81225908753,train
e3075f8acf5964c72adadb864aad72bc7738fda9cc00f3ec209be0278702a37a,train
e30ba32eb4cdfa22a76c974420b5a176e4461fdf15f2a05d72a04dbae3586483,train
e30da1560e1492d29eb2490dcf895a59426062a6308100ba478116ca3fbd7e39,train
e30eaabbc891ae35bc7080ed67f7ff897068f4ef683cc12a72e6e59307c3d51c,val
e31dad94d42bdc2c48b3df360f23e3a22b501d15862f75bd96db8713b861ed1a,val
e31f3ca28c5cb0c232b2dd3841c92a1a818f1c6bbbe3f5ce406a22ba4e0de649,val
e32778f0696cd09f50c212a22f7f553e2f6ac969294ba887b2afa6bd46799e68,val
e32a0fa114efff43f4c3e98435841518cfc86b596dc37f7de6b00d274dcb967a,val
e32c3dd2fdb586c39ca66a7620855ae30b8310c8e47f93627477822ad9937f8f,train
e32caf336041025682c82c637614bddc3663f46b23e0b471319981cc64cd5dec,train
e33726bf5c946340b03fedaafd8a93400c31b3de40eb60222715695bfbf79d43,val
e33869cc423043c200d0e43ecc05438edbbb899023a78a46e1aeb6aff97ff60c,train
e33890a976049dabd1f2fd6556b1b19e87a084832e357155ec04a9de62c9f675,train
e33ec06a7850c120d6140f564185d56b849f3abf73d95a4ed2484098344971b6,train
e33f3122e14ac17ce56af5358c0988e6dc4c9723e4eb047723a30c240539ad69,train
e342d356fd8f7ddef2d00bc760fbaa1d67ec76b5ada2a48bb3e8f806bfb4b172,test
e343332efa58e349ac0b4b87af96cf2557d449686e552038f7b0db2176c0628b,val
e35401d721a1380a94f97f8eb9b84a0ac17692fc53d2457bb8c2b0d27fc638ab,train
e35f94f92262ad81d979b59a90a1b7e4c773df6df307ec70184d19a8dcf29c94,val
e3606f6328bc472fb4a37bb49838d423f7cb9546dc860879e1bceea13f76f497,train
e361cfba4fac5e5bfa12ab398c21001ce23439ffecff0faf4ee35c59b5ec99b9,test
e3625b1141af3f683ee10899aca9531dce27b37fae330eb09337f958eda2acb0,train
e3654b7bf50e0c7d55bc0c03b09620f1296ad70a37f0c532b2648fd49b5f6905,train
e3683c2dc6810f3192256609871387864a7c6344fc131c702613070afa51d3a2,train
e3712efbab7f03e8b24955f71dabd0d910bf37ce06d581a0a7856d357556c848,train
e374d2fb1d80fd0004532b789be0d5b8221df3f64cce0de07b032ed61abee7f3,val
e379a1c6897afbc8f8416e925446068ae955ae0645e746f3bb98e332e0fe6024,train
e3828cf3e340c46fe776844358ce309b4d38fc1a676c17234121f337a0c38ed9,train
e38953f9d5ee6c88a5a9dc28e6446b4e1177db9c7bbf6ef515206e065717db16,train
e38d5315cee9246fc99323f4e81b100047d31c58bb97a2cf8a88c770e1b6312e,val
e392a0236f09686e606d4c90930ffc7913222f58576376a77c62fac2567816fd,train
e39cce233afc3a85b479cc6a9896cde4d7e81aa3661963120d25c93bf8aab7bb,train
e39d5c82af3557b9e6619dde5f5e8d5664fbafd319afabd28352b93153efdcbe,train
e3a03c95649ecc4ac36cead58b17e6e706544e0558e6da6afe78a3fc56e51078,train
e3a0d38791d8c0be1e2850c8562e7f849b91441ef7f9a80d09b906da4a22eec4,train
e3a573742bad5abf426a3404333f63ebc6b297ab152229fc968bb15f8c3c1263,train
e3a85ca50efde505e1d3c1b4ce35da6b3d1c5dc3a03a39971d42c7b7b8b63219,train
e3adf44c3b1fc6117233b146ded967d2f1703d06729842b28d719a07b2e9401d,val
e3b0e535312a34c8288222d342a140fdffd2e55c1774375f2856cda1943a8b45,train
e3b515cd1f30c6437c2e86be77588dd67554bc5cf30d5d7c270faeb8f9bbc908,train
e3bb3895acc242338958d92e70d70fdd79da43b4ac5a9d3c73f403e5feb43e1c,train
e3bfbc189899a4c357564792f21e8a55a3a7bff9cfec3a5ed1697caeffddd2f1,train
e3c766f0c2b4c91343d72b33c56b1e1a8b02d421395565682ae6f9361aeebc10,train
e3c9823192f6be34221826387edc451f9fbf8eabce70a82fdad452b6e90dfd26,train
e3cc4009533e35cdaa7417ce62e423a64a44687b99eded58b843b5d6a7da67f1,train
e3cf30c398a1279621395632890ed0a4e3cf8a88aa481b047515d1ff4b470162,test
e3db5c9bcb3cce9c2a91caee959c89f72a3f553d348f7ac3e937426e07e69019,train
e3dec31d9bd327e5f3d6ca4ef84da98120bdd42fc6322569a2b86cdcf8976498,test
e3e9793edeb1dc2f082b708084b7fddfb93577fff62332beb021fc492dce02ca,train
e3e97fd3a37540bef03f19053c6714ea063fb27b500223ed0269f499cb54574c,train
e3ec701416bdd668d2fff6e001dfa7fd5260a200e755afac3f5c9cf814fbabb3,train
e3f72b1084e9147e6b9463cfdd5ebb88325dae2de915ef0c56b50bea10282f43,test
e404b4ce5b57eb0944cf964ed9eb08c0c2a3ff7733de2b2b9994b6921d607b97,train
e40727d42ac620d06c343d596873f9cea981ffc54038937bd4c13c1245a5d98c,test
e40b0ddb2f32473fa959229354c6d453e0ef66a34584c19fdf08f4d028c008c8,train
e40e8774f70fb3eee5b9f5c9e4f4831250c527051844dbda2a142e94f6395fc5,train
e40eac02df9855775f344c9c2f0d3d31c3fcdffb1e1d4f9d24a13f73a84b7f9f,train
e41e69b2b2741557445d32d01af16c6cb53f26e079d0404c16a263115a06e7a5,train
e41f670d0aa28187b929f8b96401409147f31cbbea7d46f8fb2d91cbf22f8a9d,train
e41fd9f010ff6d23fbad5fbb43fb5c3ed30fddd00c69a526a684f5386fe47804,train
e41fe88c5575a9f357bf1fd396e2c87c0cf193e6228f36ef21b2c3c4ddc29bb2,train
e4212d337b9a30dfaf771c61cff6acad0bdaa0187990d4b892bf1aeaf7c6bd25,val
e421695d36b31dd0c7cb20dfdfca264ad9143597226e084278c10e22738093fc,train
e424f495fcd15c7f84cfb7fa73b2686912bad362bd9c3d73bd7a51d5f5a49359,train
e42575ad1e13baacef823f20608564598fd9fe17ab6907bdee64396d75ac2f64,train
e42c3e56a774ccfc19a65f6371ba582a6688e8220ae088742ec95d2a0038483f,train
e42c8dedddf53cdf3909ca7df6ad3465affddf58807d35c93c829708f41cc092,val
e42ceb9fdad24654f0e85dc3c349afd67779eaf68429846b8513d4ff196bed90,train
e42f158e5c986062e6cd7a1fabe5cdf6f5619ffc1a1343018a14fb00f1b66872,train
e42f645efa78866b9181ef0ba27e92e9fccb7112f0d3d3552ac593e55e38de87,train
e44ad83f2c4302455fcfc7f640d130990305402565f7508a346f752617ce5539,train
e4531f681a7017a885a38118e2395490d34844a68423847173c9fc057cf69a8d,train
e457d22ff7b38c5118032f281085db0233a3f0a9e389ae6483fc1d27d041dfed,train
e4629e5194ce74f884195e47bcd366c9d6495efc0914a753c533ff426999687f,train
e466c3229f6f0d26ea9c2d0299b085ccdf302476a3519a4b2bc383aeeef2fc23,train
e46f78a3d0e391861365636149480bda512ab25aafd80086748ca4cea6d9c7a3,train
e470ad591d79b62a52a5c5277d34a126f1a60fd97775cf046f34551a6e5a5e37,train
e4732f0dce53446c86256306e7ceec616504a7362c5a71f6e280f9477cbffe72,train
e487185a1f679ad533c5a9e64515b97d4ec32e3225f8f9a56c46cd14105ef4f2,train
e48c015c449b886539095f229471175c4b06ee15a2b79310948ca9947c7ba9c0,train
e494fc2dcc669c004c436b566751ac5d080eb053d936979c2aad4f178b8559ef,val
e4985e93e00d2560593715cea28006c7dbcf0c356c65a1b98c02a5200fde17d6,train
e4986351af62c3ded2714da93dc55f26c723e9bd1e275d2080920a66cf7e30ce,train
e498fc06781be14069871db3a96caeee640257f353c402f07f39faf5cc3ba0f2,train
e499e191d4917f288ce2de76c854e14b15db243610b9840b815e75acba44f4de,train
e49e58e092a5b68de118ed4090e7c8ec88fc64a05cad6a3e40607c403dcc4f89,val
e4a176a5fab3e6e50a3ba16607c4fe965b118da276f976310d0f801b7cf12d21,val
e4a32e31bd766ee6462da50122f91c387d768b0a89c8102bbbee71e5c7db5b86,train
e4a570797d94b8e72080f8613bb07701b47db056275d2a97d614eed4dca33d8c,test
e4ae2b2feeaf0824c90bec9d30b502ea2be1b8087c492eb569539c5dcb0f4c71,train
e4b66a760409a816c21ed30f6e43116a9e11c8cf2b8d1111c3cd0690f026ac32,train
e4ba697069cc637808c82921546cb9cfd192ef937694c0c16ad3197a6babe607,train
e4bfd88cda1a84b33627648778127d34ad573394bf8aadf7c3d562ed8dab55af,train
e4c19e86faa5699c77688d4dd4a3a882ff01fda6388477e16e1d3dfa4624b370,test
e4caec5c0d2260744466a0402273180d747934556e6942b3b04b13fe49d139ac,train
e4d0b3f7edf901e1a8c5f8560ddca2a049fae50928d0eb956b3b85aeeb32547a,val
e4d4654e406334d2a15f92e86f825ff16d5941a1a7fb0c397ad71cfdbfaebf95,train
e4d467a57f828a37896c6620a22d6c6e93a8d8d9ccc6991b6b2213db561a8d0e,train
e4d6134bf644de8ab4a288a0b6049c03ee774e8f210abaf4c471da9cfae275cd,test
e4d94ae109375f38f88d9b1eea8c574d962cd70b127928b633355d54a1409b14,test
e4dc672c7f2db860227d8d00989886918375d632a6c8f92ffb2f3e24deb4a5b9,train
e4e00b4d3a7d07fc19c3d7852a455bdb5bf6245f7a5a818ebe66fbdb8a35800c,train
e4e6f4e344819bd72863b5e77c75e098ca9a58c022f16a3f68ba13e40084e36d,train
e4e762708a4cedb3da55e835c0e9143ce3df2a9e7d0ff099dc2e97dfd7d4ac45,train
e4f3a4ba5cb82b92dd5af6e5dc2c41698a44bf93dab6de037f2cfcb64775f9c2,test
e4f865988089cbb9f2f87367bdaf6f82ce1f51335ba09e9ac4fa60a0010bb066,test
e4fb83617d157e3413323951bb0e02b82e847aafb0f1bc9c9446ab07a9dd968c,train
e50012c7a3817200358a37fe7375a33749b9534510e10676d27e7510a18d14bc,test
e5073d7678c4e0cccc02fb13595f4798e79ef9a3099e8819c3d1e11ca6dd5b3d,train
e511b5a1c16906ce530baf70896e8298e70dab61001edb44d324bfa769472bae,test
e512b23e1f4dc29055111002506a0bbc2a8b8945cada52b02880d3d8d336e7ab,train
e51b7b8b770430bfd44be50140267dc6f08d9edf0ecb6cea53fd4f354e08ad07,train
e51c3dadc1a2d40e1e28a5c275079447724d4a5ede8b0e6dcd681efb9a0d293a,test
e52096c6ebd86e62dd0caf614d19701cf4624420882cc2081673b426b73037dd,train
e52810431c3ad4bd12735ac5c3172ca486ee5ef2898ccc11387b946f330b08c4,test
e53309fce93e1d852c513edf954eb1d427c7d638f952c94e5fb18175b3fc07bb,train
e54eb872e37510aba455497734f39eb019943dbf6bd41f58c190237f331dfaf4,train
e54fb0f5e3010b95818897f7af524cb84e20c0733b35663ef5300dd3fc08cc71,train
e55a8005f0142aff135e81e18a9278f5f9d23558a8276e443d1afcede90888b4,train
e56797ef8bad232c3c0bfb5a71b75231ab6239fffa0d5638808c0500c84579a1,test
e56fd6ab109b932bc43386e446dd560a24a9b91f375040a9b75d297285449ebc,train
e57184596cdb435d4418143a4c2732596a82a28046c84c65ff780ccdc79e71b4,train
e5723db13c5db700e6e1a5e891d62add38cb3ea41dd0ebce9409249b1138dd0e,test
e57d9603b27ee5a884c59f2a346ee27844c8d51390d22f1dbed1efcb96c5ca1a,train
e57f7956b07307e288c707cdfac74eb4968fd5af7758477112553ac0efe55f5c,train
e58644b009eee886d86849ae5849ef7169f49203ac2b0770a8ea7c251dbd2ed1,train
e586fd8377415710583faba76b441983c58cb217501885880eb1a7aac95d233c,train
e58a3c94d0ccf9d3a6652f1482b88d4156f7dd4f7a74fb8e4e32ec42c6504067,test
e58c57a6c51eaf2a69f7b7acd22379c645f7dd7cabc1a90ec0ab077f659b5646,test
e591d43ce109840e7ef4be70ed82501a4400eca012f8e64ba2136b0afaad13d2,test
e596792fd7e795d651a48a4ca37341a74ebfca935f1b79b0cbcd1b60cafb38e4,train
e5a18d03d66497ebd178bc8a5a376290f305347587bc7fc0cd443af99eba8d1c,train
e5a21f1a779353dc3a6df5c97318856280da52accac2f619eba53e56b7e913fd,val
e5a41c9bd75f29d5330cb3bb747a5aff05adc4db592d85f8458049554c5d2b2f,train
e5ab4f4ba66059df88ab45318ac8c50fd4282815f989cf0040aba757db5dcab0,train
e5b678dedd1ceb51e71aea909d7b05503540953b2743e10deb19b83aa1c00a6c,train
e5bfd4241f8421aed296c3516ade9f07d0c3470359bf0e96984c1441b033a6da,train
e5c0fb23f4abe05b7d0318da73c9b721a78f1222ac081ff689747673a931034b,train
e5c43fe691c93de3081cc5609422535e1510aba59ef4c1bd1b049552796a63da,train
e5c87fb38ebb79b2d6ce9e6b8e5f363065e3b03be2a72778752f38ef3115e704,train
e5c95ff49e02490692515a33dc970964e6cfe1057caa44dd099bd27a5e21c7a9,train
e5d1a13bb63fd29988a7c3339244adc1ded981e582f72bce1d5548fa67f82b8d,train
e5d234c2a9b872b91a23410e8724ddd484fb0abae3282576f224aa1f086230c7,train
e5e309d8bbe25e81104f1ec121c976bd3208c0c22442e88876704c9c85fbc8c5,train
e5e408ac60f647fc079b51713c68837548391e32b07f0539d5f3db43538d9d38,train
e5e637c713e22a92b532f29130d45c0aee77dae6a910cee00181c1db37d5f867,test
e5f1ca59bf8d84486f26f37f711b0441f70bd29655edcbb28e8754c95d1b55d7,train
e5f6c28e9f1a93005e1dad99fdb22b7c96b73919ae290d1a17a5c39575a4d392,train
e5f79f26ac2cead4c5b91f738bdaf052e94737ec501a885a6a7c95fbd1e993d0,train
e60308b0096eaf1ddf6773537e644a34bf58805abcc3a7d7d55bddaf06f08b0b,train
e61778312200347d30830ac040f99e1b2c92b1e4a369de8c8bf249656ac6be4a,train
e61afce66221249acf3cf452eceebc90508e5ec55783c33c125cfa68a05b756b,train
e61b6e1605f53cd5e81e79e92bc809aec9eab470f84904f73c039f1015a4da11,val
e62195792031f5b0906732d4b8d6fabb5af7235b69aceacd03ef4c409003a61e,val
e625d009cc6ca1f63f6ddd05e37277415c39b31fd505a766c94d9b6f99a5efc5,val
e627da03cb90b28d6dabf957744ba92848a05322077f018a6199d4b7a2a40fa0,train
e62c4f8f717a0c3485700d31cf42d5dcdb5b1531ebe8f776297f9fc0cf16d5c1,train
e63228b35d887cb8624b85ba9ff2b3f61aedf2dd7541576d1541e4cd224d4504,test
e6356b6e5a3048f69be1c2b7245242951a697f311fb1d0a5e95fdb3dd3bf9b72,test
e65183c3052bbdfe8f448a8b9bfa6fca4dbd8e5098080f85843690a9bbb0caca,test
e65ed5b655db372a0852e763e0ea4cd99ab47c8a1483c887d1bdd70f5258b42d,train
e6787b01536a597147887b412b801b2825d6c72a47e952069756d64ca8dcd5f2,train
e679cf3fa978170d7e9913727efdde182cd64eeaf4b8f97029fa20c1f0d1f423,train
e67d087bafa55f5ed642225ca74106fe75be8edd74ba85b3154c71306165e24e,train
e67ed25d29f4d2447a6af064c4706765e1b6080d1040d981f34631fc463b0c67,train
e68a43dd48b8b4ad78c4bd2fe347fe06cb964d229e817de531bb17771907d060,train
e68ec9e0384d2cee6a49ed485e73d3069fc564f39dc42e1500a7f5417b0254f5,test
e692651e0a839dfc75b9435624967cfd56bc388ba6d774fb165801cacf1cac4d,train
e696a8180e549b66b9550e2f1e253aae7f40fd6e787a1e772ee9cfbcc8029b54,train
e6970446c1f1a7afa4ca9e1013a61c2f19c66a3050449ea0fac1b3738c5d2475,train
e699d1af809081f7400a32f30d58e6f91c0162202bd22462c1a9429b9d7459be,val
e69d8a1beed2aedf562f033fc9e7e60f0aae60874345a771782ab054d49d9868,train
e6abcc2e898d0cf3694a9780172608f8150ec83f8cfd9f091310c0cbf57b9e6d,train
e6b542a610fc0e848aac40810008dfaf30d4570b78071b7d0f1cdf33ec042504,train
e6b6dd9d2d6e33441a0e98ebe547fe7e3ac32c1d5e0fa89eeb8918c2438cca70,train
e6bc7b4ddefdffa663ce70fef93556f32bfe1cf2ea6c17787d2b179074c8c74e,test
e6bec55ac3a4dae5d16abc37af51ec092b77e7b3c406de74e82874eb5e340f54,val
e6c5377cdc856e656149eaf91f5a55b43774423e44afff1f91241c09cf33ac67,train
e6c6da2831a5025761411392048e16547be7c08fd9493935b30c9d646f39f276,train
e6cc94d9a571aec992562869306ffef8cf2c900d95a8a84a7264e1f5b6eb4cc5,train
e6d88173c910d7780785dbd60172a18dda3fc47242422ad364809e171edbd2ca,val
e6da0102346e463d79822c067771c554370d05d113c769a6ec4e8de7b7fb1b04,test
e6dadd5eaf0c6ae593d6cf309cc20b4df213f7069d446aa1ba8f920b2dd34c0b,train
e6dbd30b0dbbbd294e475026699ef79b857d558d4b956df9f2d10dc669413711,train
e6dc11bcf2390873361a7c9f793ec7c43010e56db5959364d89e0be2d8b6c96f,train
e6e3536e76a8f44c39b8373dcf8b19c23bcb983692d794451b32ebb41d59492a,train
e6e624753de6e0baf3970456f5ae81f630e7114c29a32464a4f839906660eddc,test
e6f1bce139da93193c395afec5f688875f7caf04c9ae9fac4ea46899e0bf5943,test
e6f31624e92f4c45211bbe86f1f4dcb6857800e78e35c3f964c2900271634eea,train
e701aa8b25c6afa531cb77fa149a8792e77e276bfb01a02b1657e68427724427,train
e705022043cf204b6a214f1817f5e2dd187ab42802cc87a5eecb89376f93ec38,test
e70b04f41fb64184e1c15a62a4137416233f80e620d9bfd621c1131d41198c76,train
e70d6f7cac8d40eaecae3bf04ac7fd9c950ea86ac1bbcc3aa2c8034655a12173,val
e70ff1ba1bd4dcfe01983652bc8d8b32d6f4bbd7a85a44614fcc21bc88b57637,train
e7109a5ced04a8d002a777553a6078353bae4d8fba9c42a1e58107790e5421f6,test
e7130373f700dc77f95b0b430f78e76da362731760ba083c097659b65f9c02d5,train
e71542021f5dbb55fa9c41f6713c8a8f0ef7d442513274cb511cf042367c8123,train
e7168eb982dc82c2988106bb4a6b164027c55addaaad81386540e26f5314b543,train
e71d5774b6ff5c813815bfc8b242d5acf557becce67b693d39afa3aec20286fb,train
e7285d2471eb14d278d647b58d6ce213f66fe70d55f8dbd322bc782f338cd24f,train
e728e42218611168d6cc4d29b57035a255c3b9bd0afbcc5a125e3848d76f3489,test
e73a6412e67405d7dc7dcff6b2197dbb98bb3772f038a61ba419cac47898aebe,train
e73b20278dcd8663c2f00b695a4fba8a1105b78f87fa19bf9836482e76127a12,train
e740a61ee68a6586285313d55e0dee3f64a7b0cc69facfbf89f5eaf1baac0a32,test
e741a14b8c8beb5fa3a544b3cf1cc10332c8a800c6f76a1358220c517c476698,val
e741c343657f5a5c84d133ebce26aa627c4d0045f2a060722ad84ef1a217dc48,train
e753f6f1d103ef91ca158bf51c1fbd8ba373eb8fa8b0e6405c5ab819e45e7650,train
e755583825b52ea50ff5b7bd11cf09e4ecd0dd6eec8914707694d1fbe2c7e398,train
e759bf449edeec2380e84ae4b4703f26ff41efe2f982ab5df62e37d86f36eb2f,train
e75dafab599c93bff5243941077f845ebeade3fe49f9e631aa08b6c59ca82211,train
e76219bac0c0836d06f9b1d33ee51a01899e3c973424a5733c9fce2cf106a5af,test
e7621c4f0c4b5865cd0411919d5bc390adab6c11cb807b099161e4c2f9730c38,train
e764a153b30add5be487ec9789ed2ca5385ce8323c1ad66e80837e0346065b9f,test
e769545f71ba7981ffc183c911635f1ec6c046f391a781c2f4fb74c759cf643e,train
e76d5cd24e047d87617183bc509cf51964828fc0845ef966a342e1299acba14d,test
e76da5daec32bedb57949080d267fcab7dc9070a59164c8fc56cdd258aa85f76,val
e76ff29362edcdefa9063880a67a4cb39eccf9f76c95e0894d1ce61f943b9d4a,train
e772504c94020a02bf4ce4a6c357bf7f43c14c1a1c4ceda7e8bd4a98ca566ea4,test
e777cdfa2c0d556060712be0c3e319108946e41f3b65d07cab542f79e63803e4,train
e77a3ac61e6e2c970d399fd151c401bc9d54b59bff8c8779c0febadd9b611c08,train
e77eebfa19297663e6019d51137522b5d8a07982f202ef52a21ed1a8bb6cb87d,train
e781139c243bb1087f427676675876276bf678fe4b5e9a46fd93f6a141f52e5a,train
e7880723c2d5fd6ebe343a32203edb7c7e099296da6ddf0c8b0fad2f248aa202,test
e7961ec1d58e94336bca9d7bbc40e32c5e9c0a2cfa65315f308bd0df6dbed5d8,train
e799a8652e78c6c269f4629884efbe8dae31f16230a2e62859f2aa95ca2894ca,train
e79c26843837b5c3a84ff019766c39141780244e8439bca8d60ed8cfcdc9b49a,train
e79d0e7321d2f695f712da76db08fd99984249dd6b56f2d556715da8983ae5a4,train
e79d0ffd6aab9bef4974cf6ab7cd23fea3ed2451efebed20b814f80c4ce4070d,test
e79e21e5ff615c864e77f7233eeaa799f7508fc9311d2d15610fe9ef8d796aba,train
e79f171f5a40ce78544b5f7eab957e8af54de0c749b388f259579a4e100ef591,train
e7a133a341e8f96f5953a2c800c2adfad060edd01b861acb2b9ab5d11ca0a1c3,train
e7a2dc2a17c7a4dd2ed8395f320923f8e78ea7ffab65512f8e8ce9c4e4209f19,train
e7a32f553e189a782fcfdfd61ea22c111136720e93891fb5205d4046e5a45240,val
e7a3eb35c2be1893ebd6b6271d09fe8d8140b00d89bc5b934708e13e99b4dc00,train
e7a511e7348fecc3ab699058347d010febac2dadb673d1923eb2ece63be5d102,train
e7ab03aaf99afce773e1538f04f0fc60857ba7874f1b32352607cc1af15e9137,train
e7af782b63a811e00b1f7ec501bf81388bbfa512890c95f762b84dec7203fd40,val
e7b0274536dc580065ca63ecddc3d9b0b1fc2eb6c53e130ded91d4f04401074c,train
e7b56bb8b7a89f32fc8461be9be9a792792a9c7dce9e472016378d4797ca2917,train
e7c06361cb9113f916f935d615cada1d40a453e3d89a3d5fa9c1824262fe48e6,val
e7c07291f33dd5fc2f4bf471576e028743024fd38c94eb986d3344feffe2ce61,test
e7ca4f7a6c75650c2e7bfbab966489875c590654cffbd328f1fd4d6050c895d9,train
e7cb961259e33f6667ab96604fdc89b1e344f74433645596a6b8cbf927f0f056,train
e7d97e2a0b4cff953b4dead591fbede0ecd057d232675355cd62d49d90253ac6,val
e7d9e6445861e32ef8f970add75d30e4ee4f9f3c44d3ee8442e4a75aeac24695,val
e7ddc946f57b009a8c1ca9da5754f890c5e8634eadb26442d5ed4889daa8fecb,train
e7eaf58b6587cc791f03716dc29228e4ad6a4ae1fa8d9c3403755a0c66357d5c,test
e7fa577815fb6140746601718bf5139a3f4a51ff2396922fc03d1dcae881e33a,test
e7fb91dc0523cdc17e22f13a7cf2c3186873b3d378bd6a55655e28c5d1261cd8,train
e808f93fa131121e90749acbb97567964746c9aa8c7a9c14cfa4cdc10f107f40,train
e80af2a966ed99fd12027c0d0f54cad5333ffff738a183f68359e2087a2d448f,train
e80b8505bb553a2ca9e3d01577eac46ed6cb4a1b2f16b4a18eb6f6462d900d26,test
e80ec4d63977e8ecb16815a812264dbfadd37a7f32bf31c355bacaa7542fa349,test
e81a33945571437b37a78584e5124efd5005fdd83f65c707f6efafc9fdec8049,train
e81c70cbc4f42badc733466e2347a9956543b083cb9eeba24a79e8f6a85a8e96,train
e82041bb5e4ebf4d677ff754f7192d1ed56ba5c75399f85340a3794197c1623a,test
e835ffc0044f6c1249ee40a3aa5c97db5adadca1c4307c4a214976ffda618278,test
e83840c104395441fdc1de9a6d022723e535da0f2c0af4d5ecfe0320329b966a,test
e83c3811720a3f85ca6d93db7587dd4e2686026c64695645e33296948bcd8cec,train
e841283f18de4d48666064045320bf684ff1b03d032e687b698b8f5c2b6e568c,train
e844092c66ab770263fc145b6e6f331ee14ac05d2e95dd071d8e1b487d77ed2a,train
e8472668c0e1e04926b88d91e8116964ab9898b43187db1dd668c5a6c6b10a41,test
e84788f2431a6369c8c9dbe4a547208a15ac896e9d938f5da068c751810b666a,test
e8485a3eaabc857bb5b0ab8b2299c6e8bd8c974036d3ab1695882b0e1565c47a,train
e84a4d77b02d793cff1d3be4bfa294827522f4984690ab6f66bfcf1d385361f6,test
e8506d08ba6da19893aba3490a174c2c6dc6362f26469bb3de59dcb62bdd4e57,train
e8560bdca27e713b0181fb00fb010700a7d10295e5b268ad8ae00b7fcee12c9f,train
e856107532161bcbd2588dc6663cb053310fa0f4bbc995e114c4bcdc06f833e2,train
e85983f8bc5cd6ee19c5e474bfb60eeee6ac07eb9afaefc3f03c231834d24e2a,train
e85c76c1013de7966b837b0354f886d1fbaa826ba85ffe5097855693b672782d,test
e85df6be104ae8a97a5a13f4d07098be80cc5de193b50241b2bee356a4f2ebbb,train
e866a6a96fc05f810c5c0abf233c8227070fa49181ceeb2660598db39c4420a0,test
e8798ce3cc3f107acd63376a72da81ede5e23532135ce5974cf1c535b429b806,train
e8816eeb0bcae4f5bfbd80d86eff1effc2625322c0dc40d69588690c9774e0ba,train
e886b432939b198864af57aba5f05311d63f663a8f7aeaac0af7615baf6669e2,train
e898d0a66d20177a6db9446fc1389feec6cbfea4dc9872c6684ef4aa3a0f79f2,train
e89aba1a213453fe020219d3ffa95cf6732439e557e79407e653b9d56e4a5157,train
e89c12165e0dca69aa42ac177efa7c3f6bc5a371b4b10b632e11a699cfaa897f,test
e8a09200338889f0c0234f90b00b3d0712bbdf9b78e6b2b3055694d62fc37ad7,train
e8a64a831511a62efe7cc7e8f6543f70bc35352c2ce52d3fa9229872aaba41b2,test
e8a65b75df8bff472b97d351ee920c315c9374122f00d6c6fb4d49510748aed6,val
e8a7177ee11fc20c97fb36176ee36c3d46a2e3350b30272a71e1ee8129e62749,train
e8b3593b80fede2e6d0a4a3e2f481db060607bf31f9245e08f4164bd07960da4,train
e8b504e6369f6db3e7d6d7cc457a92fd502fc0aa6297e57758ed995c7b72b115,train
e8c0de906f80b97fe59a2f21474b02211a0b4bcbbe42fe98abd5bcce3364d0e4,val
e8c2ff665a049a1bd4625d164512bd75965114a47ae312f020cc2f149ec6a6c4,train
e8c6716877d457236db9bcc86b387a897c00ccef6b8b807cecdf534a858b6625,train
e8c6d9235ca2bef89e8fcadf95e2544a2977ea18235cd44984bd793c8b85036a,test
e8d7f1e95f7dde1f25efdd9fc25e851f1d198d5b6ce13f450897d6afcec6afb9,test
e8d8adaada956048f99bf006fd83891049fbd387b98d00aea7b20af8bd94999a,test
e8dc9baf848ec711efea46b5eef497a864c18b0199e52ee61cc778486e20e0b8,train
e8e2215b2c31eded0bd5bca8c26e3e338ce0986231a6e666758dc10ca03dbc59,train
e8e9162ec09a941dacd8f2a1ef07bf4339948a940b5a958cbc2fafe221524ffd,train
e8ed3c19cf65f62d15c1cd0fc7947df3f802c502197c9c57d143ba41695bc221,val
e8ef0674ce9cb03dac9a654bb4e3ee49a6e0140ad91be686774bae15adfee75b,train
e8ef3e61267ddd227f31bb996b7b38c071f1487bebccc83183266d83e49144cf,train
e8fe1b9ad8a5630a617cda8fbf91022bc859278edb953d95b08c047b3edb7361,val
e8ff855d8f43f4e5790c9625cc3768e8b51d8855b401e46d1d68f9df8c2df561,train
e9059e7a31ed09819a04131de0e52eae3a825fa87d1c82cd85d79f22b529b088,train
e911a1a1b5e4994da3ddd3b50a9955d7af0881f8fb24b876f58033c10da1bf4f,train
e918f05d3ae55b25b9c81a9b1e4058807e56f3bee2a9c8a2092d61b66b88ef95,test
e92538f83af4e2fe384f593b3339631b5d9897bcfcffc622d6133dd986333008,test
e92e926954273f9423841e554129da8f94e1b65358ca784a197ce3c5cf60312b,test
e936b27c2e6f3b7040b30292c08c08b9f60485c444f5cc2933c8e06d603294b6,test
e9370be3f05e3e45f9258660bee78739df04aec435843fcaf20afd3016ed34bd,train
e9396e45454f0bab11c3fda6ff94c7350a2db2403c41d9ff6e455990e445b051,train
e942e1800367458d83daebbd9a39c4025fada736d622af3ae8fe1f2d3535f769,test
e9471a25338c61623548bd7d4b3c48a98e8ca5960cb92b06bb20387157a151fe,train
e950b2a4227f0132be72a2f706f3536629b881279a7109095e63eea11e35fe84,train
e957046544d92db1232fb79bac87dca9fb1a7d777f0dbf0e7a0183b7b622f747,val
e961857f98b9c757056c1bea0d6ac559261e7b53d6f016648359c41460a1d641,train
e96f5bc814842c4d87b371fe9f046efcd30b942ecf0c3de212fed0176cbb0699,train
e970d44798396e77106897753f353588107efa495725b1af71a0eb55bfda51ef,train
e971d895375332bcdd9ca7d74136a073893c9f54e6744b7b1bc267833f12d8ca,train
e971ece2a9661c3f197dc5f74399e681465889589911b694c2832de96d4e7d4a,train
e972e5514d1a5b5b641dd910aed57d2d48995f8a7c60665c12e4c23ca33c3137,train
e97446b5e14c5b25f8ccce85fad05a962368b5beef0dab919933bb247f263df8,test
e982e565bcdb7305141ab3cf852c1bed4a47a8b77f1fc539405ec6debf7d35f6,train
e987d608123b81681a3d9d9411078f46709dd14d7d96a178ca9793c273850c27,train
e98be503af7714f4a422a6a820852208a80a9c1af0ab8d979945fa38df09a8d4,train
e98d8371999fa5cefbc3968e388e5e88b87e08410554f0cb318d08ccd3c19156,train
e99346b0d5314c7d976cfe307ea8bb5ff2d1696172d4a956dbfdb0531636b37e,val
e9938e13c749a9224322a6069a99d111a57dea4e44cd3c8b814fbf2a3614b4f0,test
e9962809a6ec57c6dac13cc990786f18143fbf8e26e23b90c9927f27c3f46c32,test
e9a2bbe1ec4e976a3d73f4d6f4fd2a73dcad0bc57db171046d268f95c8967db2,train
e9a6db6129fc74f81c0b0b9f3d7fa51b45082366a32fa5d42891509fb6bfb49a,train
e9a905544f2bb9ae2e53cc01741142ace2d144025d11d025961c6976eb9a1ca6,train
e9aba8c6e3bb696b7ce424701a43bc54714926c315d467a5b02b6204381736b7,train
e9b3a3fe79f6ef33e019e73bdcd9d3a7f347720960808368ded2f45502e108e7,train
e9b7ce030b947dc68b514f8b62bae62aa28449dfeb902f54a2bd45f8866f6fe6,train
e9bd71d53bd8ded862876042319c2a76419f7695df1c42199d8891f40a8277ca,train
e9bd9064521d63639e294c1ebc16767cc1536d051abf58a2301d7171d41ab6c5,train
e9c64b2b9bffee4158a3cb3738476f644461b7261d1eeeb078337f42fbce2e4f,test
e9d196151cd70ae17318d5856352740db4b7578b491c98ad83cef63a1dfd9063,val
e9d92ce29a87fe425628cd14a7f810e49356ffcf8377c654680e9fff6ac86803,train
e9e423ca2a6ed9fca528a4087bf219a0800107c70e9438093474cef8908cb368,train
e9e76077c6b9292fdaa048f2b405ff866546420912c543028f3e33f9a5f38bdb,train
e9ecb9e79500bdc17d85aecdbd90ef4708710af58e6b2276aa208c610c91f87e,val
e9f848f89d908287c277b6f26f48819dbb5c44b5bf2b11149c7131135d4f1495,train
e9ff24a0fd5ef4d3f928d60fecaff5839b636a70e35d78147309ad318f11be13,val
ea142f80aaee7082450d0a448cdff3cb8b998869596c29cb439425f2c02fe5d4,train
ea157d6408c25305b5594645d07eb44aa2d83223f2c13c7f5a37bd114276f7ce,train
ea15995793b2f862a1da63b43271d12691f02493bec671c0a3a703fde34cbb51,train
ea159c09014bd468a919670c6ef8b7b3b3335114c280e2d5d9ecaeb9536025f4,train
ea16d23640e544601a1cd6879e438efb448aaf9694562e3a5f4c676315352aed,train
ea17c397b03d93bb50e33df0753938663803c1551814320892f93fd30c060c9b,train
ea1bccd02f604b6fb5d1fc710bd06dce5680f50fb0e3dd0d1617705809d480fd,train
ea2a366c4cee793f91e33356b999e845e212d3b706413b64bf7b81bc4650f99b,train
ea2eb38e758ddc9d666f748210b1a71425da9fa33f6d058259e0156a6cc71fa9,train
ea326889850abaecad5494ded1fa6efc7236dcd34a2717696cb2245517daa402,train
ea358b737e0d5c1ab4e0333abf632e9c24ae07359198a387b610f592d2f86ab4,train
ea36b4f5620440957bb31a9724127bbd6b67af8306d4a1dcf5a20dfcb9b4b470,train
ea3ac2ec3a69d6c8e3f98b766f0783e1b889f429e5a12eeb06ff3c95ba0a75d1,train
ea3e8939e24bad4991ba38e6a6f23f0d8fea4b1ff55c4de2584e1640bddbe7c4,train
ea3fb2f4047c6bf2226222c3d5003e7162bcd30f702786dd409456bb6699ae5a,train
ea43fffe7a6fdfcd4bbd531394a752c4192ac158ba1b0a8e60938d1e3c9f5223,test
ea47a89581241853ec9bdda182da72d0847238b2d01bdd56522a5ecacce26068,train
ea4a8f767f4fe9b64003d9f155bc5023ebcb2e1809dd497832f4f345696244ed,test
ea5111eba58ec6b116f0d41d489c50e4b932100e3f67ff79b57544efa5d4141a,val
ea5b01595420cd47ad1f84557eaab99b51aa98972464c5fec120166b6a144cae,train
ea604902af282a1faadf864286a0912e4c54e5e50ce76989d37bb77e39ae19ad,test
ea61d62820932846183d974bc532758b090ccb7c1f0d1ec948f34b3cae742667,train
ea62ef6d2bdacc9458c45051a1bf9f8fb1eed61a493478d1e1618772868139a8,test
ea657f1b402010d7b79b4ea95632716b400dc436904f724cbbdaaebdc2d4097b,train
ea6a3817c4c4b1053529ec8693baf31adc7b529b36852c7f5916128103650c02,train
ea6a53450c8ec4b104944f04b3296e5758661468b200477d18fb88cc4bece43a,test
ea6cfccda1cbd5ef07640d8872287167f089be677a76a4e2e93c66985b559eb0,test
ea75910a1f5175a924b830cbf127c0e02e5433b2db07876fe3e95cbd67c271ab,train
ea770fc874fbceac7ca9fceb6bdbf169ad24b452fb89f73533737aeabb6668a7,train
ea7aafb844713c385050d6c3a716d1255def63d800fc005f0d21e89f907c59bb,train
ea7f12615a63b447a12b653234fb9983ce4e70ddab7d7c42617f9b138b9498fa,val
ea860ffc722de50f62e8d276ecdde4543d4a6e52d6751211e6cb3b2b1a648204,train
ea8eaf9d924b030e7d3a7be0248d026cd21714246616b7810ae761a93e43cd1a,train
ea92b9a7caa65c39c97abdf49cecefefa0188f5ab208a75ddb809a6606136dce,train
ea92f4377fffd124ed4b966a36bffe7baed29df877063a8877edad0dd02a958c,train
eaa48adf7f429a7cd910b449aa8e525d6c116ed7019ffefef2bcae94c29af718,train
eaaf69a448f7a9125cc4e9b2afbd03c38bfca072b998aad72a35b3350551818f,train
eac14d344603c8142fa2bc56ca96167eb77061be4ccc02eee8a9463c0b2392de,train
eac15a213063603d865276e32da789d99706661e4457f7fb979de576a22e8f7b,train
eac22906804add1cf850b0a8975d7d838676cffd9cc37bdaaea65d2682581784,train
eac92f43befa82090a24dc30b914399f542c8988d4d82531bc4c7c9f985bcd8e,train
eace9c3dad1b24b1a7f0a5a815b3cc884fcbd162e22bb5895ea596dd009bdeaf,train
ead1a477d781e8596d0e3aa940900c959acc824cb353c186afbe2adfcc5a72ed,train
ead3057e27612c6efba4c5c97834fca2a00c7c5c27641bee0654849ecdea33a0,train
ead4b88f9f6d525bf93091254f33cb89670018f82bad5019f00aebbb989aac19,train
ead6e2a97378e70635d39f501ded57a6a7aed454e6d46ae7fcca3d48647c6dda,train
ead6f1da23b85ffb04cf0a788a81290ca04ec9f9b8bddecfa5815f79e1a88c42,test
eade3166f85d8158fc771d05d4d22eb9ffcab96fdb80cee886803e082abbe0f6,train
eadecdafb3433d979339c4e73e17db5568d5ad73e7434beabb7c7e7fb7276da0,test
eae1980bbc8ef109acfbf702fc4c6aee7d6c1af831a2084772703efce979bf4b,train
eae2559a21e1c6d7f2274b2d2906cd81e5188892f5af9715155872142ccd17c4,train
eae4cf347e2613206a0176bf6256e27ca9ee78020a78fa95bd36534f82ad7bbc,train
eaea3bc17f6974f603c95441e570924b933f91b5fdf288d9b9c82d33cfcab7c0,train
eaecd467c91ccffa48fa79c915e4ac7fe3c50118476be5a591e43decccbf8d71,val
eaf0b02980ec1d4cc0e67e4f4447a274043955b6c9b70d3889c0231cef4aaf9a,train
eaf7991e2d973d20264d2a1e5c518bcc1975a615dad5427524e3f18bad8f7a6b,test
eaf9afb0bc66beb38ed39149312fca7054e4a8896bffbd1f8bc75b65e0feb445,train
eafd813a8e54922547e07c51b6b6f84265e4ea94c4dd5bef7bd7322f2dcf81df,train
eafdde2430c08b3d74caaae4663213047253aa92b9c9af457de397f05cd2f5c4,val
eafee64ef9303c01fe9f8fa113343b1e6c62e2dfeceb756330f5135bee19031e,train
eaff3a84e419370ce9c3f5ba5affaeba7334f26bb4c10bcdabd081665ef680da,train
eb0062456298e9f5f252fc0593832aaf1bb51e5c97ab954d5d774be0e8b466da,val
eb014d8017991820b4a847716d3c2c3e120e3ba7df8884040a40da0aa3da2d99,train
eb021f7dd16aa971318b14170479f229d0a159b97e1088f247e2eefb19270ad9,train
eb0631da47633a8507951f6172572c9d9ff4acfbc881b7634603271fa63e889b,train
eb08a5f8c510430763a17ff4b6444656f096616f65965fde094d929ccccf5881,train
eb0e30395ea7177668a903972840b67a62d9097054bc7b1ca93cdb92d06e7d0f,train
eb208667269683f85357ea634a9478a18e15bb3f99498bd604b834389b94289c,train
eb20e1b5089d517d872fadce6787c315f101cdf95b0d14fdffe4ac3c97992c8b,train
eb27819592fb50452024ef11c0c42da80256daff841276bac237111cd52a9c1c,train
eb2a2a2368a6c3784c897947e0a3a2c2736caf6f60ee97c709e4776b0032e7d4,train
eb2c379a845f03adac6d08ca3166cc6cb41b47e1e352e70dd1dc2754703a92b1,test
eb3057b6248de5eb5183206408c5627c6aa66d742b08488c3652b1156b5269c9,val
eb375fcb64c3f29dcca123f31c104efdf65374528e75233440b070835ad5cb66,train
eb3f152ffdbf403f2a07fa12e91df562ebce3d177c2e94ddd2bee86d5765ee9a,train
eb486ede2bf2d3c62dbbabbaa142e1b115995dbe4ab04ec8738995d37a5254a2,test
eb4fb4159e7c0b932367cd06918eef2a6fc455dc191907f2fd93cdeeab279c0a,train
eb5b552edfd65bc334897ca9f0cbb4ad2048cdea9221df627b5587ad5fa5b3a1,train
eb5d27e4e74f60047fa962ca4f4e5f9b49255b01cc82c8caecdd95be84d45ef9,test
eb5df55e7f9dd9bd181dc87855e86650e426103aa50d5d86d22b5f1d3d57852d,train
eb6950a921c18ac002b5d946d83c45166495c57ce7314fc526250b13ca69342b,train
eb6f185052437ac017dff52fbd5ab607674c6ccc6fd7897e0de65d304289a7e1,train
eb70dd5d3142856329c8c6dbc1f2b4a8e544046894a1ab4c1586bf9408d523bf,test
eb720c32f7a8eb23b6d2760aa07ca9bbddde310526551d1b138620c476b36a8b,val
eb76428a2ac02bf526cf661fa6d0791faa4260e79f9411d52606bf22d85439b6,train
eb780edb71a37d371f17ea6be827f2293874e87bc04c3f8467498696069f299f,train
eb78886cc35a33dad15f132c07c3659e0891428e6866eaa45a6547063778f29c,train
eb79c635d4401bc3e1a5be6b3fe21d0fe3cd2c62098ea1c9f3adcc3942982c4d,test
eb86386f261859ece3e9b0decd868271f59787339e7f10d17e53f2aeac424f52,test
eb8af979b6d9fed9186238b62d29a7a653bf2954dcd7b6006c045bfb9ccef00b,train
eb9a8a839a76a9f67c338ab148eb3f44676795ff51269dcbbf0bcdacf9e14ccf,test
eba2e7223e3102fe2550934d8eb16c2bd5ece4574dfd258db11185090d88c379,train
ebadc3ffd265429182d142235bd853af23579243858afd6b4dea10807defbf6a,val
ebb933f36cb7cc0cce90842553fb996869ab420db1a9a78927c5345d22e7ae71,train
ebc0c71070cf29f61784f3a8f55aab0f6f4c090a0f1b7efef627e9071e9e7e94,train
ebc35bd9baf5625952f5011a4171a70229525b6e4cd64e884e9e9bfafb3990d0,test
ebcb918e92f3ed3290933850cf1f965de8ed68e5de13ad9a9c7ebebff9755af6,train
ebd9b5faad9d114069cd47f54e7b62eee462ece8476fb7021df5e510aa9663f6,test
ebd9d6c54a4a712f4b7371942fbe699fef21b9256512539d71a42b45ef4bd761,test
ebdd6aa9d8adf6c438a5274d10de0c4667d9aa02c9199bad051a70af1d5b8549,train
ebe30e7393b2aca4d0f81977b148f635c48d3af32f7ad2e05c69dd8276f3865c,train
ebeb1cc83dccc0813193d56fb2add5a53138f2af1ed348af0776638c3f373bd6,train
ebeef4891a6775c7d4b42f51dec8c85c50b697672160c432b269e09d771ec1a8,train
ebf60af75c913718de7f194081feffb9f34cb38ae8a22155be270478093385a6,test
ebfd5739a430f6adfe73c22d6a141e79145a7cf06f1f01f7a041f8353697da9c,train
ec088e37a6c66ad548d21adeb41839aada0e01544df6cadc4777e83fc554a178,train
ec111a482ee778de7268ddd0c14315744690e991f0e27d8d2a1de927853b1bb3,train
ec134921220640539dd7288dfff9890b61c6d20ada27050010a23f1d89091889,train
ec1827a974949a8fcf28fd9e34d4c81b7f8c131d4577592f6c47b3b1e5652ae4,train
ec1c557664f4c1a78d8a55903085c95ed4e06100d1a1839efc73faf39fb212c5,train
ec216ca176658addd0e1e53c2c31833bf3f173e082d37d4c43fbdd003ff67c66,train
ec2b9b5448a04c8f0a9459d58e4873c6fa67a7378787a8ec3224f8a708dd2a78,test
ec31e2589e17cbf3fac400fba5fba404a7c19f7495338564c61d9bc9e9609526,val
ec32a3f41ddb9cdb182996069a4f26bdc88c9036e925b152d5194cc45c06eaa7,train
ec35dea9efd3c32a65b186664a8b85137534668e4832d83d0e97e84ce795471c,train
ec37d88fb9ae63a4591cf53f39b0e7ea4749fe2f2568b102c6d489b21817e238,train
ec3a07e8fd4440292432e670a460277f4df75505e26b3079118066c2982fde8b,val
ec3c491fea4c55c8cf07c8ef6d4d2cf3884c5bb940345bbcfc202d0740b309eb,train
ec40fe16614f84a2b1b3ec6d77c50a9fae53208879cbbcdf89f2932c9a0f8599,test
ec4fbd5da2311d9948974be36e16f40674cfdfd79aeeddd29e05722c56fc2a1a,train
ec65b8b5ad4acc4c591b1830c04c173fc9095fa5f5ca2bfc7400a3b0acb3f0c3,test
ec7063537b8eb971eb4e6b86b90f711ef3bafb47ef60583d2c22b9411a66eb18,val
ec72264ab6fda71de1f9a27d4a9b57fef28c327e119b7dc973e8000f16972f6b,train
ec73a092aa9dbcb9c7e6924ad20c5001e181725d6a12469eee2bad3aacf315e7,test
ec86978155b40fcd5eaf68bab356150747443c8d486f2d76cff4d1261102f90c,test
ec954345c36f7fd0c532fbe8f948428233d7fdead9a6f20d2a078c13543664cf,train
ec97c17e2bd835fa8c608ce17f4e33becc9021b92fee3c8360eb5e3288a8d4cb,train
ec9eaeee0ea90c71c92e9ba4341471e762104ee1d6a347b37f07f68bed19ede5,train
eca26278913ce18476654ab9b7cf5872a924f7715f9853e8441a8ce96249d9b8,test
eca3a8445bbf6a29e729a52e62612d0ee569c7439df5f466aed92510684c561f,train
eca4bbcecf1ab486e8197ea7a06d2d89fffeaae85e97eac2c018e6c7d3db7372,train
ecb1b3ca3b1dae01d7d8bb071df8807a507b9681456d51105e8efb80107bccfc,train
ecb5e2b91504ec9cc5bf0ac52c1d82804d8ffd7eee0c57b6bbd6f2b23a4dc504,train
ecbf6ec8507180d4f761205d46376f7d85afe77eda261f4d5503818f7b836770,test
ecc50144fef68940767906f32008fb0fe3d56952c834674f564f9962ef484218,test
ecc59dcee222f57d73d81e2f4d338922d51b1e9e1aec3596d374bcd89f97a536,train
ecc885a110eb977c3da67015cbb51d28397883823ab34e4fc91c443a34928c80,test
ecc8d041da2a4d3a46f05a1dc3f588f6c01b7700361528c33b08df5aa58258c3,test
ecce689dfca633c6c2f59ebf392b19b9edd4139548eba7ba4afa75104d5433f0,test
ecd4a0cbaf9bb830d686d702eb3edc204f3e976ab2b26643ae2fb936f6b8a489,test
ecd5395c187f72361552fbd3da3f9da50715b6d8277336f0a61d00b13c1e816c,val
ecd905a0e991ad979e9a1ef6a8251eedb153ca626f477e564be3f8d1b19aa129,train
ece1a6aaf7aa3dae1979bbf748b04d0438b88740a4fd114195232cdc54837871,train
ece75a5038b25078386d778acb1f088cdde120d1f12a33920170e080db428d88,train
ecf335e0884220fa7fd5459cdd6abb77a9a6b5d40576db718f580676629789da,val
ecf4be7dc66b835080c6274e2f5e173b31281c92f476af18514164956f72f0da,test
ed0184bb536044f5a0128f212581be5c6c9202924be713a3d5f1e6a7dcec4911,train
ed02b9889054f237dca899e91dfb4946d5c7692774e9c8eac95c9cd9fe4ce2cc,train
ed05340a5fe42aaa4b7dd10806087a7faaaee44a87a58d07bb51f71200d1c101,test
ed0a0ea9afe3196e26e9b2bbba4aeb7770931eee6e81d00119e491a3b328a5d4,test
ed0a19b552efd796ea24bdc4bfb6e285b33f8b7c65212fd3f0cac99b14785d85,train
ed0aa0b8f9265a76f5c41c52bc1b326d3ae921300a141760746cb203c03cf260,test
ed0ba29a4858a1e342683a58557efb3303cd2dd30f67a9723893789a709d7a9c,val
ed0cd7910aafa1e5462cd99a80d21d409d1ebc748897ffb18fedce816509c41f,train
ed0d90cd2ade7e36dc7d9edf01f8e93f7452f88dc1cac828ad88ec69669e3810,train
ed1228d4206aca2c957673c52516b5c0afd0e1977caedf135b140fa1abbf1bcf,val
ed13365148dbe6c77e11f568d51d63c00f676b817e432c1bae66b95da08b4a6c,train
ed2129d0ffa8a3df9980eb0ebfd43c1d61b33eee7aeadabf45a0683307ba2c2a,test
ed24eac22e54b636f61525a2733adbd67916a1b688449453e62ecacd0d044b71,val
ed298c86b072b5eb53553785a0636e7702c25e2da966910851dfac34e8741c82,test
ed32f7c5c41fde68603d463fcd686976d8c71bb056fbd95e04792ae5f1cd0c3c,test
ed34cdf4c5bf7fd0aa363874329ea1c54013194c555d67d2c4d21232328d5968,train
ed36320adb352fbc099db3f4ac0ff010890b20291b62033409a12a08bdaaa995,train
ed3d5156a991fc3a7f7741303d0ffac8e7acc4b9689d57a0318c00d0a91031de,val
ed3d7124d55b9d0df9766b2ea1b1ace2ad880213bbff1711c3323c927c4f558f,train
ed413ffa82d7d24f786b0aee710a8257cbc206628e665b1a1e27d62a5981c300,train
ed4638296358f0211a75c1df998d03e9f6dd24bc33b2f8e99112a6c5f488be56,train
ed57fe06bac7ffa9c024dc510a712158e89fbea2d87ea9185c8cef795910289f,train
ed5bd01a2a2e4c13d60ba29a0893bf14f074c13f48112f5a0a068d84d2e6c01e,train
ed5eaa59b79c68e7056c9751be6e290483fab39a60f796aeb15e24d25f6a6624,train
ed61766dce2c8ad400a57362d9a0477040d4ee40fb706dbf19e5541518838435,train
ed6db029b5d4aa77f68ffcee8110fa5b5bca730bb662d5d01f06f4f4361f1fb4,val
ed7761dcaf36b37421cd80e6b5159acc1f711e89cb9c749d4872f818309594e4,train
ed8171f1912e8ed131b8308e32ff1dc0bb01b7a9abf89d4969216f24c4656fcc,val
ed84574f09b2ea24067c6c76759caee2cda3d604b1f59c567bcdcfed9025aff4,test
ed867ed44b5b5fecda6f1aee1ad35638d95bf7a7d7a67bc623b8ddc0628fdaf7,train
ed8962a281ebea1100fba4380d6e4340aef6dbd4d878890e86ab5afc0d387410,train
ed8bec1e450484b26662ac47cea07d8a507ac70ee1be2b5662caafb55017b40c,train
ed90dedf2bf76cbee7971a7fa5c1d43c0893c5d76ee4fd9ccb0ce706e277a3c8,train
ed96cd559a2e6553fb025255f6b5799e974f119353c65275756aa90f2789da8b,train
ed9a9511646efb2bf980cbbcbd7acfe0b362269b4a58c8b24a700166d10527a0,train
eda10b2b3d311f8648ea7922b3a820eca5a1163a941f71a639f35d0d5a945de3,train
eda46e3c84876094b233f015eda6d9c7b46a9bb78e548946d7a4c93669e30e1a,train
eda640f1eb2b92c059198e3d803f5caeef175af7117c767db9e918a2e6c9c694,train
eda7fadc478001ccc5d4409c336ce586d538edbef76904d6e7dc36af6410eda1,train
eda928fca9713a5b0d50a8871a6cc9cb156ba7f3977d05bb739692306203fe66,test
edb04674845110383f148f356bb0f4813e525b0eaee98d9de8aadb0ff99ac7ca,train
edb45e86a365da3dafeb41ff0608134b6d0c80dadcb8cad4df3290805e27744e,train
edbaba2ff4329b0b4d4505c1b6cfc2f1308bf1bea1202774c4fcad3c2ab7ed6d,test
edbc26bf1ffed3fe5883a16a6c073dc3ff7f3e4064f96514c4654717e1d27f09,train
edcd308181fc910388dd8bc313b1f190b6e348d8c67f699abc50cd7c22f2060f,train
edcd34c6fd5e503a0c37469c91408cfc80abd4ec0b9d299299e7a702e1dd873a,test
edce30dd670aa48a2a30a9f3c49eed152d4183159118d2e0f7b875d390077a30,train
edce86818f8da02df12053fdd18894d36befabeeb8cb6f8e61e014bfb6605d81,test
eddc5a33d27b32651c774e8c23fca26871cc559bc76e78cfceda3f9d2e7d7362,train
ede3084c9a83a8415e800b649bf27491ad894a50eb23f6c7a09330907ca014ab,train
ede825a20c763754014ad8b1a2c91fa573293cd737caca25942ad12a093c9a33,test
edf35feeb9c359c591d8987f2192e5d65a369db598f5012d2b3589bf906a51bd,train
ee0ec58ffd73c9c9d04bdcc7185d7d968eb7288dd33f1edb752ad95d286b6a07,train
ee121181efad7e7e956c7821850e3299a4c02e0b27171296f51c4b62e93251bd,train
ee19e5a1cef306ab8058f43858ccf0b7955a97ddf877de0e41f14203b9527063,train
ee26138cfbb828a084e3ec93bc6e6cd4a27b03eb8f01e58eabc98f7a317cec06,train
ee26eed152c6eb60a658e243988e0a45a976d84b4847b13f623251e10c558988,train
ee3335ea2aab796f0b7b49101ae0a438869147989c6f291ea66d76b2f85c9e2a,test
ee33872ac4fec477af82f4fbeca836e9778a68a9e05deb651b5d4199afdc7aea,train
ee3794b71dc21f6794591862ba100a03e4723448a40d326287720415e9e78a21,val
ee3ab235e397f2291ef898fce207333dcd30da85a2ee9d9e91b15690e442a4dc,train
ee3be0255c27cb70ab3ae6c9fa0710b6b1e892fc6dd0176a56e309f5f2ef0d4b,train
ee44193b47175d0b33c8672b0fc34209a06e644d395ba3fe9ff7c4694c38c800,train
ee44257e46a49eabd22c4bdb28aed8f7d7bdff9f4ee0394520da756c98dc24b1,train
ee493fe23576181513c00b3c7667c4d5c2436cbdce0f591c497d040ba53c029c,train
ee4b343347fcd93c7f0f2c1633764c0c3769db3b111c404e52edd3dcddfba181,val
ee586bb076f64e5e5f4b36a64c0d835a45eff4de2df4b0dff13a447d8929ecbc,train
ee5a99a76638b07104015e790722123406fce14293be90b2fd67073c70bc3f90,train
ee5e875ac448f403da307388e81b8e1ca50563e2ea92bc1bee4f106b87504c6a,train
ee61bef823e08d224ce5bf0e8c542a209a7bedbbed1da5948d1e662dcae0271e,test
ee62139419d795fa0da53446fe038d6b9beea015e162a3eb6b75f4cdb8f68fa9,train
ee87bf65e16d70d7edb4073600daa5d18b21aed3d37caa49853d82fc47ab2ca1,train
ee94dd27b6c808c90d58edca37a6975ea1565dc8f2fadfd102e00a219adba6ca,train
ee960c639a347ae12a0f8b4bdec66996e6d7208fa1430dc246c15c5a791c66f4,train
ee9acd2bf31ab2bcbdd8435a3c9237a92814413a9ba642297de9b6e14009f4af,val
ee9ad32822cf8564465af9736306b5b1977d75cafa3f87bfd81578fab601457b,train
ee9bab7bc4df95d8d9d30ec8ad3d96fbff7ceb107bfb07c61338676dc8e6a55c,train
eea375659b082816a7bd7ea2f0caa60549622a0413190bf4b56e56d7a88a4b8b,train
eea94149926d18337dafba4fc6621ac26d75801266b83053d3b8f70ac0aa1f36,test
eeacc5ee41a3f10a8e72a4b9003c5e99217b7014b88ab664d83de4cfc8d671c2,train
eeaf1ad14201c7e2c1b92c73855c568486e1520a3f226417ffa013f245a91153,train
eeb31c06fc0ac3cf612a7ccba6cb53ffa459ad12e3f4ca588bf930974c04ab74,train
eeb4ce6a0c6a7809cd6100ad187f62cad22a78fd4f22ca91b5faec385e88eef8,train
eec04c07cf5ece31ea89a5ed3b4dd97ec2dffb4d67c9c40c5a77e1775e23984a,train
eec5823fd3a0cfef5e55b96161a0b0e7f2f021124d54dec31428d6f31b5e4852,test
eecb4504d959d83d72486e8a66ebe0b45a860f6a1573a82dabc60ffbb6244543,train
eecd1cf961cf50dc39ccc173a39c748445776e93d46778b32263dd2079080708,test
eecef2241d8d9088acf92c8ddbedf87b4c8e07b30fc6f2bf1b7b8428baae0fc4,train
eed5244862b63bfed4531e8db035eb72785b8321f584d50ce76012dd259b2418,train
eed8d2f115ded96feff2d07176586c38d48ad5cb963acee264f86e74f305115c,test
eededc769ec7b2e9647e0c90ace87e53ee012160d43fac5f32c62157da435995,val
eee32697a8703854e52cee4dea31b30f13f88cc5de264d59e4cbf75e6f537e47,test
eee3c07cea8776d0d40d17e17ba3c1952b788d7a238a9ae136f697705deb53b7,test
eee7361b8587520c2f78f4ea2a6bd188ebf4228d2181558afe6791fc3532b36f,val
eee851d671394132866d8cde157f20eb4a2b123ca76ccc54009783f62658c380,train
eeea7e4d6240bb4cb3e3132850712a79d639d2452fffa7248df61c9f9301d11c,train
eeeb08a7316556f4f289d08073d38a34d2f71ccc754404eea2a7621074899ba0,train
eef6672fbeb80893c0bbf6346ccf0c69e9da0b0db14189910b12e81fc9bf69dc,train
eef6ce05cc9b8c53a055e5864a45bc553c92e8c29a1b5900fe249dccefc12ad0,train
eef8d7639d04e239bfdbcd32476f27c785d5f02f06a838f23c954adac4c70bb6,train
eef8e9a55ffaff1b6da0b02609bb3b4cef8c1c4e262227e133f96787ae5f873b,train
ef0a4e876e233c40a09c81a252259d3f7047499a86e5be355f0977d54d6adc4b,train
ef137d08d6e8047806a6d4a0993d553e5592033bccfc05618f5138e7de07be36,train
ef241f914717ef57d40e50ad708b7854a9a9268230bdb29735026f0769139623,test
ef27ec94d941d360b3e117a63ff70b8c44e1cf8f9ea93fb7fe147c97b8f3bc15,train
ef2f692a545870779dd0f98718e05ecd684f7cc1514d73dd739cb1ac692199e9,train
ef31e05322ebb24ab566408939c10194353183d800ad02b68d31ec806607a566,train
ef32e359c5365379c44ca1b65c505ba220c3b7f50c734175304e1ee05c6d3a3c,train
ef37d5bf9e111a5511a5908ee224db957738c0f6391f367a569b9dcf8ebe668e,train
ef3c8c104deb77bc317d62a7af4ecb03cbe51a36fade547d218d936c7cacef6d,train
ef4699c5a79c7ab2813e5c9f3c5078a8ae2a1e28c2d1a4c0b56da3c51c648aa1,val
ef4ba71663c8a048e4dd7ea7a8d253d4319ef8319e67cbfdac5de4ca98324604,train
ef55693ad1e02c9f9763830926de42f1f68ce789f27605c30b97b4e85eb9d99e,train
ef5b3a5fe4d1fb759b0dc5c680f32ff161bfd949b26d36a3a409406975c210c5,train
ef5de9e8ea8644ae9a342ce0e6577b90c06c24da553f7233b8850cc88cef8624,train
ef5f2a0256a20588258c34f16d9ec1ce05cce7776f6e5404f991502c22599cc2,train
ef67a09539a208a22635d7e1c85ecd0b744954bbb2959db3af48d7cae29f6020,train
ef75199ec80a812a5b1725d8bbbbfce011948c79a56f81b5236b985488d3f9d4,train
ef75bf9dbecfea0918a6d9426043d1bc4299e62e537b93efa01a8e7f1f6d9859,test
ef7639202e8c9d961c02624ab1eedcd7cb8df955ab6e539ae692d4fe7b056428,train
ef77245898d039fcd4be7ce8a41313751f7320f85da023dda8f352c01e8c40f5,train
ef77e9306ddaeaf10c9cd239d7ef2215f562ec53c31783ca9db0da43486a7172,train
ef7fb3c5b18da77873f67648427e17965c87218fdc90b17aa9cd6086a6a98856,val
ef85a96c15d49996d1d6b22ac969a454e2f0d0c08d7d597e3b745d40cdf26f53,train
efa2a041b8c9a1c906619b2430a8836e72ec9ef39b0404dca77fd092a2d6ca49,train
efa4ee28c5501090cb91d9d8b8a3fda794674b751ce19d6cf968283b85b7454a,test
efa88b0f32533003ab04eb77d7c996851f116474b15b48008f96746434a91002,train
efad98aa901d7a3da11d32b27e45d7ebbd160f2080eb5d0484eb225364a4ab73,test
efb58dc0a5ed3264842c3ca56a9431a8172997024e4e882280380e948e6ba8d8,train
efb5da1544f9c3b38e01dc449dab53eb50c38fbdaa0db0f5ab522bca7523367a,train
efb82dcbd50c2f88243f095c0975322adeda1f7f2708f449be4540e0d083dacf,val
efba58edc9110eaff40e1effe032ff6d6b3bc1072187b9bfc36319aca5cd8fd9,train
efc12d1c90e1748b9c9ff47947b0c5ef4fcc3b33cc2de566438ecee5a92b9d00,train
efc508bc7d196e38b1f3cdf3827bd2710cd6e7311fbe8de393b43e80799c81d2,train
efc94c52e67a011d3a56f5cd229c2d9fcf88893d2ee2d8e704a73d820d48ec32,train
efc997116f9f3ef94c5600889ebab4d1f73c567f6e3f8f54d9b32b7e025d328f,test
efcb980714d018c52492f11a2713c64874a60dc0d200f160b15b0b1ec040cc1e,test
efccb6849120b15428648c8025a16c35e540727825b509df7ab26e64c9c9c692,test
efce24df8a4fbb6d995b655d4e3a647a92949b0279b26726b7373d64907958c0,train
efd74c91b7e65698369519b24b010209e7f400b6d3c664596a4ff0bf5970b16c,val
efd9f2171c2da503ac22b667014203beac338afd7f63fdb3ccfbd5994da58902,train
efda4ced29314130b0a048fbf0749a002412fd950c0c1f5baa7dee6899a2b050,test
efdac1a7dc4c3a2153be56f98cba4ad99225924afa4b4ff049b0d7db525d31e5,train
efe2219109847f1888bc95939f6bf70215dc8dd8ce4c076414aaeecba399fa40,train
efe88e0eff415c7d9de3422c0625dbc11ca93d8a5abfe1e19cdf5551d403a6b8,train
eff2175c427b5f311ffb130f903e8263c05bbd69d4134e359644e968d3addd7e,test
eff2e4c68920374cf6de8e1a549e25247ad24d53c996c26a3108385790daa9b3,train
effbbd1b4c53225e7f18ae6baf7665e43540f381e0a808648e925b2ee652ea44,train
f003eb7354ded16df94550b054bb66d99e38b3f5683011f23a4791c7978a5561,train
f00527c137a6a00122b49e13781fd3ea9cb247f0bfea8fa2474c8ef5de0681bd,test
f009b7e5e8c138204f62129af98a729ce549909111cc8a0c68e5bcf5623f0c24,train
f00a4f8891be35d9502c87b6156d251189c52ca977fe2fc6d83c00b3fada8566,train
f00a9ac80fa3643be2159e2670e77627be4eff0e90d2d7b1c4bfb10715f3c90b,train
f00ab3173369cba362deab0b7b633f715f9891a7759e52b97b5d631c005dcf9a,train
f0171568fa4806f33eca71a73c8682be7ac0f7c7a457d9bfeb28a611f4e70421,train
f01878b22d22fa7d9b0e785a58b202fd16352fb9171cc0e146586d81aa08c5da,train
f01a8a4aa70a86ce85e909f511c7baf1208e8064c7594f363475a76c3eef0d09,train
f01d11033081e98268bf625e1aefe3323b30790a9eeac825f997e76dd8342ac5,train
f024a3c1ee300f6297f2ca624d4ea8be9b8f9ae0000d6b02cf372ea53b5f6d1b,val
f027e34debebb696d88e64bec84716075c6a1bfc2b0744ac9764b3c239b4cb30,test
f02f7bf559620cd527ccf71925561e2a6fac349e3392f589a9a25523651834db,train
f033e2eb12ba52486b4935406a3b9128aa9195a3a4566ac8a72bfd6398feae0c,train
f0347dc502a0ee8f5cf1a660d6150af471ced1c9e7e5bb09660ab1ac99c3362b,train
f03ef922038f6a28f88c9990ebfd4bcc5ebb206a369a3fd82319a8d3ee52df28,train
f03f14f1268e9b80a18cbf0af6a21825c298fc4a72244a821b64cfe3f44a79fb,train
f0414263c135cfd2d0f4a101e610e5a0b6bef583336db4f7c2de801675fea858,train
f042e2bcd317b15facc59c14d6afa8b7a5be4292664d446580aea5f80e1e55c6,train
f04510f846753c081ca0ed92d7b0fe98f4001961b835f381fcc2e0dbca4f3f5d,test
f04534bbbf43b65e6024d7fbcbcb99f85c93ce986666657f121455a68b6b6a65,train
f05c296242a4a41d62868e3171a3243115a941c005e1da839d2a5e2fdb0e8d2b,train
f05d62ae197aff19e8cc5e86332aa1c53e62db58077ec959ffaec27892444109,train
f06520b73fa6f4b8817522e5911d0f565c6cd2fce366a8342dfe971a98b8981f,val
f06de8f171ab023bba05b5695723048ceaeabc0f055946bcac56ed1ff0697331,test
f073cc603f2b6585d75a5b9e6834b2de4257e2908bca7d82c53dd4da6618bd5f,train
f07f3c9dd08877ad970000d1d46655a3ca1b0c49fced861e554ad88c3dcc9858,train
f09f4a7d706f5840b6ae44976b981b1eb2a522820d1b761dfd3720da4226327e,train
f0a76e50706b9f0217d89fc4a6d3e8a56a6d5f41f443bf676105539b2e9e27e8,train
f0a9820def09f86aac55d04afea76a8a12285a61b9ae471a92942dee38f737e3,train
f0a98d31e4e63b99f444bc7c884ebe0929b54727a995d516b2a0f93105f864eb,train
f0b2803683c56a61ab8121e4b23a5331002b4859e2db10c9348ea115fdc37f75,train
f0b375bf33283d67521ca7c6e2640e8a5a47f797647498b17c82957ff1eff862,train
f0c1402d0976737755a8d822e6d3d89b461787263b39bab20652611ccad699ea,train
f0ca21a3415cc9f91cdb569afa0ebc5ab29e39f37eb7faaf3b086c31bd0d5b11,train
f0cabeb1d5b413be44366fca9af3e3e1d7e610c357b61c7dd33cc95fe765ee07,train
f0ce0b074c4dcf920b39ea9db709ea6f29bf65d1e13904837cd7095758089a22,test
f0d059f202981fd0dacf799e6e761488ba9a157619196643c53dfd0e9c3f96a2,train
f0eef938c949d39f9a92ddecb851e815460a9549d9d91e1146b64e991a06400e,test
f0efa5e18b8c8055c3abe322a6ffc3281bb608f13bc0c009c4d668936afdcbd1,val
f0fc5c27c8bd3f20837c5fb9c720a9dd14ed9fd8b727661ceed6f3965a0f5320,test
f1060810a346abfaea3cd6c9c314681770325b2ee0ad56f2d189befd1e5d5e77,train
f10b531d65484311a32b37e4f8174d1f40a93036dc2c3efde40ebe9fdb5c705d,train
f11325fb04c1637de8c959b308e20cf8df6f8c1c6f0a9d23030cf48c64efe9d1,train
f114a818220e5b0b7cddd8dc03b52d8e247345ae61e174c16cef25287d7fc0c2,train
f11619b155145ffc656bd277619e05adda1d76560ee380bf5cc64429ee867ad1,test
f118bc56b3c0c97a7752b095bdc31bc0bf2f77c1861c3df37278ee9f6e93a7f3,train
f11bc75312dcd5e50c607d736071905f9ffb8318c15fd5b2e8fe1fe3a6ff4092,train
f127199b7a0f59ce95c922cc96027860f807de79ac04a11a750ad26a871fbc31,test
f1282a1aad8348a9274407e36fa0f38580d5946b3b16112c6ff381409832307b,test
f12e824409473639c7ba0168a9e9e0c040c33b15d33fbbcf09e54ff05df6f870,train
f1332e64f0634de374ace3b86e1624a94a919dab5b5eed6a3d89a715cdba05ae,train
f13e66482651db99688e9e7aadc234daac741b340ef135f2c2c057ca286a1643,test
f14060ad1eb2522bb008cefd0067ecb9dac2c4e6e2463580d4dc8b40a4d532cd,train
f148ebeae4987f21e02047357cbe911112b2aa2cc4e0a3eea5c4ada3d33e616a,train
f15207655bd42e3a8db64e5e6bc7edab5eb77e34bf5903c0cd6bd437e3cfada4,train
f15516f50f71497547d982ce72e6b233b0eedca44aa17c642ec094e5200242ae,train
f15518fe67b9f2e1a3fd84268c396c247bc643937bf891a946145f8256a143e6,train
f15a2960e1624f3fd1c76e60a31f6ea9b88ebe26c361fb02649f073d5ef16327,train
f15d3bf9975628423d827ef6684a0e71072128a26ea45a9c6f67fdae5bf6e85d,train
f1666945a9aa048f8066a1779f149f29eae786cccea539d79dba2368bed0bb61,test
f16aa49b639902069b9610c030e8375b53ad12bc57b147c122b67ddd57df67ca,train
f16bdce56c0b55f90b9849ef292080f42d82c1dbb6a73f5bf9ddd32bc8bf0dee,train
f16c4e66c6d1da318ce96ee4696b7e5742144afc39093befaa63bceb74b88777,val
f173dde4126e2d26aa068b88128de870acc0811a4ed38b41c5cdf7b0fbb521a7,train
f174a7d81578fad1858ffa86bb7809a37e393441fc462515a287d0cf425ed32b,test
f175db6fb8d024d4ca200a406878770ee637202011dcdcaf41d546dc62ad8636,train
f1777f4372cc81defb11f13ca62acab6a8fe11dd33e00207043d580b9b13d5d3,test
f18d9ee00de1600e26956a80ce1a5d8b476e01688da987bff79f9f893b6064ba,test
f18f1af53e1c57aeced4711267a6a7a656203a4636e9f39ffa7f3a238adfc351,train
f19fb5ec6e837b7508e664442339cad4493d2451035cc836dc7664d690e9afa5,val
f1a25c5db5f96177a6ad067309348910b29aee1a1b89a2c549d5d2b24a68e6f6,train
f1a432018df28636a22d55ab680e1cff5c0088b20ba530a371cd4933d10c1815,train
f1a5d077b5d7cb7d3b7367495ddaed5a10c94f32754d5434d842d25e60067f66,val
f1a83f23a853cf8ae7be8e4978905a0fb74114ae705b7681f0966745990c3cf4,train
f1aab8287e44e1359787946e642befdd6a792ad2a10628cee4375197e1e9fc79,train
f1beaf06f86d359de7d0ecc7e3b9c9fa803bc70bbaf92404cc21ce5cf61a3bb3,train
f1bf2d54ae27a75b6896ba8645fd494d0de31e4f80d6edd20f53cf0d6ad1433a,train
f1cadecad603e93bd73fd8b718d6bc3d3201457b0cda73cc626a3d2319f9fd49,train
f1cc9a186c6a3362944dcc7e5a70b39ce676252eb4fdc88d9d75a4bebd94bcb7,val
f1cd34f57da8cb1966684215fa812d90a5b6dd21ec0ff21b1ca037a32d082d23,val
f1e0f39205a2d2c3d309260b220f1bb5d4f06aac7f6ad9b185e7cf7e937da6f4,train
f1e43290e4a63fb5e389ee8b9a8e6004de4accbb0999b2609f721b0120a8e7e5,val
f1e70b3356b15a31abfbe0ba3e275970a9f4e7cf8b46354a3afc159596ef4abc,train
f1efd58ef0860a7ae3ba904921ab2bea8dfe0d4d48c34cca89f3fa475cfdbab1,train
f203c9f47c2c02d66b138abfd7dfecf91ab07a05c52a3d51d771d3bd7145c9ce,train
f2053591525a95fb49ef93104c5665931d1a78f79ff4a85ca43050e201b7aefb,train
f211d6fc9575549f52e84c8d35905cdf499c4a5ab9a8a33abaa7327a3da351ea,train
f22251a08121589e9a280e5850bb5d10624c53b10977d9600c245c0d820372c3,test
f22697b1daa23a4c977b2c5d2fc4d25db173556b70696a39251dcc548d52b164,test
f22b3729eb493d261dc63942d21f8c29f7c746ff254c64346044c05a493cbb9c,train
f238a32c5ff6d48efca8cd5bbca368d79cd03db5734dfacc3ec1f9afca346327,train
f23ba6de83b1771e2475ecf53e01a683fb286f1115a6105feadb70a95f22b2f6,train
f242aff79ca244d33aaf06d5032584f8d56ac04a684b6cd42f2d61cc6e009ce2,train
f2435fdf79960d2a5e4d3ebc0ab613f817f04cf75a5dd2848f999fb5a5e48107,train
f246e587ea45c14c4025e4fbd4ef2d152fe73c4e3c3fa6848dd9a84200495539,train
f24c04654aa7a136eaab3e07d890e3b61d25e5436aff877c7f81a078fa67ad49,train
f24d08d8e8c5bb0c449ae4c9f90ed31462fe53ad76e94eb5c67b6085484720fd,train
f24f649cc710ed5916a16105a09588c5ae3f402772e060a8afa4e784f2b41f76,train
f2537febafdfaea8991dd783a8872237091653a014aedc4b694175dd1c843a6e,train
f253ac18d11a855606ff3dce450f68efdec90b756c918ca66b90cab9f7ce96ed,test
f256f9eb0de1a0aedcf7eb11bb7c24a4a63c9d9ae0a521f19329f08640d7be85,train
f25b126ac030f2408e09d9baffdb2a2eeff86cb65ac9c5d56c79cb7dd3908c7c,test
f2613e7f7a6a8e664515cd147cab989d6ef9b5fb3953b45c74d16c55a5b36584,train
f2649602520255c60677eb4435dd21446a0cdeb9309711eef7bf3b9f0598f9c7,train
f269cd0b7ed033db0194069fb2e65ae5269d81cac7239ae1deae1742ebf7abb4,train
f269eb27099f77a941f4ff6f4ebddbb228d62916a8d02b5eb3b86b574f46ba36,train
f26bb05ac8c993cacc7fb7f18b09dd3f01a132d427e172e0b7d75798f62e9b4e,train
f26d19b194a97236702d2004d9414915d21e848b79be56eb186b92992959c679,train
f2705793922e998ced76dca1eaf2a3fdade5e1d396ea0f14a4205bacd8e332e2,train
f27120589c24b35c9e5c0cd0070f1b264a9cd7cf6d2832af3b7c95cbac34120d,train
f274707edafa49d9f0d52d6a03ec1894dc36644c190047b814e25b236794ab5b,train
f278d08f8a677a0e263c930d80210f0de355f03f7867410390df9efe22026bed,test
f281d84c80b8c664df4c54f3f0c6912214b2f261230045bcc02ddbd4b3a115c6,train
f29a713f4575b3db08aa2d8e9c043c4fdc1bf8592c8116103af0690d906d8052,train
f29e0b6c44f00ca6211a327685fa79e68fb4c8f516a0a0c2b2b61b72b6f839e0,train
f29e734e2b9dfed0ec3fa94284ac183663204bc6c7f867e56e20e4e8e391bb31,test
f29f45a8369832049d181724678c68935f88d8b0867e327acef66745c0b086ee,train
f29f49cf1cb418bb6b03de30181798167aeba125cd8822dfd7ac243e2c6b1303,train
f2a282cf01744a6789a5d5403f8da78a77b6a50fb777531e1009a8ee160927a8,train
f2a966a5182f27313a8bfba7bbb6d86feb265be487245037b2282641d7095522,train
f2b30983e091c9048942164eef2bee20ac8958185282101869695c76990ab3cc,val
f2bad507c4a2b96d86f72b39de17456546ae163cc18c77d1b0481e08effffe49,train
f2bec7daac00a444dbba242150a4b9173e300a7e5105df49b8ca38a0a8d2459b,train
f2c0b8ad7b3f1fe947f480507e40478dabcf7af828a1a93b97b294608a66ef1c,train
f2c496e8d624bde01fcc75886651f2c8a4d38dda5447b4eb241ac6fa6b3fef90,val
f2d33cea7383fd01d33fbf0ce7cc71af770bb9ae3a5fd296399f2ddcbda0767c,train
f2d4ab49cc932f52294ec57b093e38c88d1e6a16f2145aab4e4da2f69ff02720,train
f2d866c9458b8593067089b08687f801c0559ff0cd1b2191ec00de2ee7381d8d,test
f2de869fadf1ef49c1cb6e11a7df8b8f45c597d2c91def0895bce9ad98b047ec,test
f2eeead9eef530a61d7db99e47804d02de9b3b2dba2a82a3968be24a845dadd7,train
f2fe0be62b266ff8397b80378f59cb2e3274bf309cedbc6aaaa46f8bff1a1f49,train
f3023356a982bd123a3f5803092d17528a8f3b3508b9bbefac66a9c2138be743,train
f312072fe2df6a43f0823e4a552294cf50e960b1c3d8c20b56f73dc078f2702e,train
f316ff24bda8912ad45a660966f668c5444802aa456ec416ee51b116fcb32f9c,test
f3177321d9ce79dbe16a7f5c6fabbd8fd438d59183037bf365939a14b035faac,val
f31888edd27db58651fbcbc1ca0259ab83278ff19c7dfc001614e22156abc907,train
f31d58103c545d3b2a1afdda23d53a7a663b7a47664c97ed499c0fb02b5df538,train
f323fe8f8360278d4bbb522cf265e5f02da71c3b98eebd0a2169c1cf24fc92d3,train
f32494cabbb8cc8296ea546abad11248c0b474e738224ac5481d06bc8fbf778c,train
f3267ed75e827560376222f61f6faee74f2e42744239a52adfab861efd6d0b0a,train
f33516768bd73e6ce3082d62b1c4dae9508332ac9d9b08dfe1e5ed990212cf4a,val
f337589c0d53aa249056c06744c1f6c0da3909927e62737b6a08a0e9b5e2bf19,train
f34de2e592584086839e897e44074bb62c46a37412fd52dc4e5cb96d9d3877df,train
f34edde9383470a5a90ec226bc0ba9241a201e29c03438d93ac796f9ff9eb858,train
f355fe3c2fc196b6c43ca8eb659550d97c36b209428af976fd95b42d0ab6ae1f,test
f3570367d5bc295c9334a73f7dd7b8b82841aa6226d9635b2f78b0ddd28c76e8,train
f35ead5c42b17a86a240a590e05e63c2fd89682132273c82a78fe26b652e5460,train
f35eedce87f2ed68856be7651a1344f1bbeeafa3d6570eed997350b66115b4ac,val
f36b69b5f343f4edc8c2e58333aa9b19d665bebb831c803cb1597807e484e7a6,train
f373f97cb0b4abcf4bed924b624ab35e8c3be039c58984f1e39d01c42115ed0f,train
f37f0a33c7a1db76ff87740fea7336d3568091f187330042713041cf9f074a5e,train
f3831f63e532395b4d7c82fa16e0c6b1f712ac37daef6689edbd3ffe2f9e7bfc,test
f385048861ffe2e6f20c0c6fd1dcad1d78f89dd678fd542b5b32df282e604023,train
f38605f6600218ef96b5af10fd09dd5b6b3a6ec6b346f55c96bf5611faf97d97,train
f386c1b0a7caf2c9f3ab97678a4df6cd9c0eab9cc3cdf97b5e47b19581e082ef,train
f3939300b1b2ea4c120674bffae324a2dab35bbf992bdeb801d3b52eb030905a,train
f394919ab7083fddf7030bb39110c0c32ec7e695ae01acb3034323aeb9af2114,val
f3965110e8112940ebc39b20560cdab0c5fef16202fd5f98d24901220c0fc47b,train
f39696dd1f0cf06e550d7898bb49f61846e4d68cac44f603e335743ddac87cd2,train
f396eb81730be99d621f5bd4f164f3830e01ea1d6f85392467cf07e16e4a41b9,train
f3a2e7af397903d0d4a2323e924510bb80fbcffc863f2c90f4e3b9047cd1f6b4,train
f3aaae3bb4e8375058e0a5072795396d4edef88fd7378c00bfdb9134dc0629dc,val
f3af1616fee995ff7cbb4a3c27ec0c754643003bba26fb765f98bca822965e6a,train
f3b3be9ee5fe8cd0c8489ea325d8076b85da15ff78b3cf2dc5e916b1a189c7f1,train
f3bd70fd10b6b2ee38c51ae93ea58a26f83e84246f2c242b4ef3a456f6dbfd23,test
f3bfd2aa0c5fc051e1048e228087d3ec01cd017f5d44b7f8715cca4623a556ea,val
f3c2b32f6e2234c680e62606a2e88c4a0f3f5d29a5179757d3b9005c965f2695,train
f3c33b7d97b84551a13aeac9a4ce013aeae3e67397c214ddd569d0614e8ad91a,test
f3c88ea18b000be93a4a45b0b596e1244ad3c5919f1850e57442ff4b5d187489,train
f3cb9947e68d53ee5b2eb98f4cb4b16f09989fd9a810d7b8214afe790c4cde23,train
f3d85f7ffe1e365dccb9c73e2aba4faffc8eacff31e9c2b064c5414e1f89c513,train
f3eb13fc4c1c78d7c85154788bc3952df95ae5cbeba3c95eb2257c33a979621c,train
f3f2cacb2017decc5c6606175e3bfd00fef8ac613ddc17e8a07074f428a5fd85,train
f3f4f1ef2d07b94eb9e85971e6097a13ccea17e50d1bacfd80198d2ea871b135,train
f3f578d2969356a25194879eadfe17f49a6e6f9fef827c6ab0c67e2709a7a195,val
f3f72010d0bee5335337a942cca746f38d28c608ea693e92022bb4d6f137eeca,train
f3f92052fed77818b1ab0c090aaba609a8b782ea8beaa5dc55b15dc6bc159fa7,train
f40160f9a768b499ffef4400a4e56f257e539d58087d0459f3cbabda0f3a8d32,train
f40181e2f4cb46bbc1d67f94f4fd715ef79e9e78301283d90947e348c2ffc335,train
f4036e9596215bf8122722f7411153adf663dfec3d8bf0f86739c80117725427,val
f4061a75be6d32c4cfadbe8af1f120bcb286b82ee91063df0188f9ba2435b4ee,train
f40e3bc448a7f0d6babe0881d363879613600d45abe8ff3404bc58437a999201,val
f4153da8a2303942c480c471df622a7681fa088c33ad2aa375c751dc88ec18f8,test
f41c4374c9f6307cfb349fb1a524d086b4d3c43b911ae27d9fa93d2008978d77,train
f421fc277ca9f26c2dc05684006d4a4c08df6266c3806eafbef5d723b771b9ae,val
f424738d9e057a826421e320ec5af8cafc462ab152c3cf099d72bde2ca352ab7,train
f425a7a72738bca7d6ca0a39f79af7e0a962d85e337de6a45fe56a3351a5350f,test
f4286fcf3bebfff534be0100732dbf85f2205b372241350454d884e7974cf896,train
f436611e81dc327e0c05c341d473f7eb7a00d161247515e36eab59481741ab2e,train
f446b79c035d865be679a2c3d12a73633b9b963d973854989cb22dee303f54a9,train
f44cf555024c8b8758aba6aa6c7841d1cc414d01baae9cc101caadc7ead056c4,test
f4535cc25098bc474f9d2adf71fe1150de7e1ff5a1142eafaf90ca3563e7f7a8,train
f458c054b551e70178460f67f6a0ffdf26fa38fedb4fde7ec29fb04d5a8432d2,train
f4605cedb90207feb5394b532096243869364ccb2c3ed6437cf5d42eef10e465,train
f4674aad295e2939b93833527a179253a1ff379a2c43695af068740641b17b58,train
f4736e12b49dd0bf50af19b7f6b5a434458b11036ff6cc16e8967b7f9460716f,train
f475386785e75ea22e29fe883227c07389b53a0cd47a287d35bd91cb8837d2a6,train
f47aa0118c5468363b4ee7bacbcbc1caeba3eb13f91c8dc2e4d8d72b062af566,test
f482c783328205e569c8b0359a80a135a988d7705d8516de5b60e0649a89f2a1,test
f4897a275d1aca60f1a0d2cbe1d05a7c7fbe55912a1620174f17bb0cd6a6e552,train
f48ad12271640cc2a8a86e441828a0e9c7dae7981f677c388caedbd213c031a6,train
f48e758d3ffd13cf64d7d7b4f4f2b2760fd782466a0c1c4615c32ff7591accce,test
f48e9ab940a0e002a5ee8dbfc65c6bc8895902ba7b80267d21a29e58bcfbbfac,val
f490166e3fd0dd04259dd21b23c996e76922fb03b8c608dad94409ee44d25b80,train
f494bdab62367a79d428d0faed287aea5380b60502394f1b6dff8653669654fd,train
f49944d69c5402094b605380f7b0db597e570bb93bc11d1005cdf458d3a661ba,train
f4a86f4d97a1e7c6845e50e81f3eaa3a4ec96a7af670889df5062ed8fb29b124,train
f4a999deee1a3afd538c80a7af03827375b32a897d79a10bd1a10287f6618b90,test
f4abcaf36b9574418b1d694c726ee50470b3ed3350f7eb616e9773913732b7f0,train
f4b056a33c3c5a203e041de38cd83a41491f79d432b830e2f11806918f7235d5,test
f4b37e9de7693a8d55081a7069a46ec30c797edf53215264d2db139d2167cf00,train
f4b8b8244d64aa18f7c454ffd7ed9ee3b0090d04edfd80c17bbbc7a6bbc78c6a,train
f4bb2727e7e151210f37c7e000642d61a5e9434c7c42c1b13edaa817e0a1037c,train
f4bccea14fdfbd2d7d30003084cf841bea81244ee02007559e48d147aaea9488,train
f4bee7ea372a6c850dcc2cbea7adf2035a972f3b79374d787cac2ccf7e8080e9,train
f4c0786ba69690ac57a54ef26f7ec955069a39b651f9fee0c3a0389f941a61d2,train
f4cdf874723eda137cb2e805b8f8323135af6b6dd0c073e636febdf7255faec5,train
f4cfbcb261a8f023a1c471afec7e630a21bff3e6ad19a45af5d39a4edea2fc70,train
f4d81236def45e83c08c45107824aa047ff0df75015b0688ef8f188c3924b3af,val
f4dc346d8349b76315e6c51fde0bd253a6e280006a9884d7b9918bd9cb814757,train
f4ddd7f497486f8aa8bd23e878ef384e94809bfac283e896e9f966f8bd0732d4,train
f4dfc61a716f199a01db4c753fae089a546f2ffe65dcc8ce8bff366abf6067f3,train
f4e646dac4b9d5f673b3c8df4cd43320136f24f66595c1676a3a9f0831797c0f,val
f4e9714f96eea748f1065c3602311de1d56662cdaca05787cb49ce16647becbc,train
f4ef4a23e8e592b6272d3521dfc123d8c442440fe44047a9f460dfbbf039f1d0,train
f4f1c5a8800fe23902ce938cd714215101330bc970edd0120aed18d9dd2fb136,test
f4f9d6e5011d8a7dbcb9dbce24153feac007be5a55658519005d8c16a393f33b,val
f4f9d78d3514ce0c220142a6f5cd0fdcfa5f436e673052c86f76256e91e4f23d,train
f4fde6ef3e2c1bd1e20d7afde18134ab348d060457cafd7eb349dbee0d411703,test
f4fe8ae21a9ca9fa51324163507655d0f7cd9d76482e969afc3c0c30a0c4fe90,train
f503e9a84c73e20eb5bb794def8e7cdf055db39a487fdc53fb680dad3333bf68,train
f504421eb3c57553e5d60dc99f5ecd142e3c3a95f01e68d7e385eaf0317679bc,train
f5074716fd79a7cdaa2b5ef7256fba3683a373f00e8812d3968dda3558a0f333,train
f50f4b57974ad72aaab842aa3e8e8e40de1e7cccdffd0e9f4a071e2a40856b22,train
f51122f7ef52c7365632a12837c464b638b1d08af92b8904692a5284d3bfa0d0,train
f5199b2d8ef9590efcfc2f8a301a143158a6ab858e951b26763bdd10b48fde3c,train
f51b274e0065916d8864df92553aa8449ccbecb07c7bc08bca7e5eb0cb52bcf6,test
f51ee12799c72bfc60461870ca727df58e420aebf845355de1719c0602a469e6,train
f525e165cd95a398930bab16b7fbba838113359f051a4eb74f625ce3b9f949f5,train
f527981223001f3af7f82f2184da50886e427600943f10ea0146ae2c36b7a7e2,train
f52bdce7a6505a62e077e1139931037a589335e2eebd9ff9ecfc0d147f3edf41,train
f52d48e8a576aa1368cf7eb9c969505cb2c4846d1cd040d334fa331bf6ceb2d7,train
f52db889c28e8cc6dd172e82f9cbbedbce7110623f92fd4ae4557aada0d9021c,train
f52f0afeb413698cb7933b810cac955ef65c1b4a8ea0943a8950da0b6f93c832,train
f535a10287be4282d277f54a33191ca62304fa25522bca4b563186def071087e,train
f547330c82da791984eec0b59966dce92c113d977b36ce7dda007134cd33ece1,train
f5486c032a64032d3bbe5ab800b87fe66131c197030e2811897d3177d64228e6,train
f54d13a97bdea56aec889c69243540af06ef83c873db81fb90002346765a610a,train
f558d0865a49dc0d090d945e8ef63bc06e25d8a14cb552a13c908a0e378c7d2d,train
f55cd469b64a844fa9a012f325f0d192ba85c3d4c470efea49c7dc3b4fbbee15,train
f56d93da67bed5d0e1654e2fef439cdf59675aa9b6c0e017fba98f41de9e9bda,train
f56dc031491d85acdddada387398c1bce0ae8dc88ae0a9b1e5f1a672cdf6e60d,test
f574f897bd1ceafad4fe21cf636959e2adcd2535add7f8218b55d590e7e0eab4,train
f57ae8ab5d08c82e0bf4b6d8b31a34f5d4a9ae447573a34b6f98ca7fa39ae06a,train
f580ae3e983338cfc83b07d71b689d5f8751156243cc4def396f3e2ef63cba3c,train
f5815c4c60cab22a1df19655fb915503f8c3782ec723cd81c2704ff9d30ad19d,val
f58c325e5c62ec3cb5946bb078c9f286428d40096bd1a3e4d0525d0e87b1e9ed,train
f596fd89f696bc432504e0864622942b09b5f9d719fb69a7c70c32a225fb7ea9,train
f59bc020cae4e1a8d4b9085f0dd56b11c9c0e2a2014f96027714bea5e3961eca,test
f59ee438425365337e3bf3e26dbc5aa995e7c3e9e441b9d58333493670e3c736,val
f5a2a53cc13d68d0b8f957ce82183f9df16ebf248d80b42fcc43d60af8896fd3,train
f5a4106f43084aa0efccb2b598bfa596682919a394e452ad4c05caba2a3f1d5e,train
f5a807189aee1ec5dd077092668bc81e808f0b62d74963e48a3767c050b52e9f,test
f5aabceb8d47f952003e1f623448013db6b6bbb1aeaf64af8ae2e58a9ea06bd9,val
f5b01c55a57d1bb78e7a5350c3fd3e8d00a0a64af424f3bd117e26010d46cb1b,train
f5b1b176f5dd2c75970c2403154dd2cacdb97852d3c98f25c2133860e46df2e9,val
f5b62dbd9a4e2dabecb63c5cff15b262dc3dc367a26f0aaa8fb890ad87928693,val
f5b76a5e0a52dc368bb966105690af74b740d2942247212a0d06d4b4ce1d0856,test
f5c070db6f810cb4b590aba9d099ab3fcb385dd2a40c9fa1a43416176ea26af0,val
f5c484813d0cf0d739ff21493e28fa5747e14b0de457251e57cac4077f34d021,val
f5cd79a7c007e8332771fb992e4e3ff5b6a9a5f65a3612234f8b292d34db6677,train
f5d0cfefaea52bef7ecbe6632e2bd881167ea630fd5e1d134ebbe2bb86394bcf,train
f5d2e94f1cb3d3bb796cf58509b13eb97cf64333181a5add86330385d4e6c61d,train
f5d57f6429dcab91792e5eabd3f451e2521f3a9ba22b1554ba5c961ea5cf93a6,train
f5d88e12cb7f868c5b53ba18f59c47695aa1fb64157b22fd9d4c24e70af75194,train
f5d9b6d1c5dfb8bf000254ccf11069a7edbab78c1db6bf62c2a77e4d942a0a71,train
f5dceef5c64261fda0d96ce193aa9e7b345fb9f9515ed1b33ab853f898f923b8,train
f5e043050353f02cbbea5a8ad6b184fa67cd48cf1da2efb0b5cfcef9345293ff,val
f5e9854bb01cc14a90a14439be21ff25e11bc2ca83f20074489c40021c212bd8,val
f5eefea5b11ab5efd40109ce9eff0179d803a57de9cbb87ff63f99fdb153c623,val
f5f05266bba34252510643e0a856a8d3fa3ad4200e48c24c66b66e4b7568acb9,test
f5f11350a6839c9447717a6d0eb0c5a60e6ae2f5f5789d26621c1b4747cf4048,train
f5f199cab612374168898745c72350754e5685a5dbab8cb3f45883727e004fcb,train
f5f75c5feb1592517d3a0eafa5abde08522a3e75f3417d5f2d2601a57a41526e,train
f5fb2904a60ae51a57f7d14cf34e29a6722400d9e0591fd10446f0a23abeb2f9,train
f5fe6d56d69cb058e6c2a2e7558014c1c192270eef5692a208c96da294f9e8e9,train
f6006fdc7cf431fb2b5a3b75988f0505d2f47e81afa59ff319250fcf1c19de50,train
f60a7c155c38a0c5837a31c4f2f00c78af293156ccda9b67348bdba182afee23,train
f60a9c416f94549dabbfecae38ebd501b9b1076806246f78a1cd1745d399bfa7,train
f61002914245e9b603a4e43b1a3f66344e2fec0aafc923ef95bae49ef4ee91c7,train
f6108cda03c2cfbe7cad0a9ed8040742a1a6fc76ece19a059a95a07a106845ad,train
f610a1de29d8676f9f273903646d236ed1c09538ff0b93547e8ea6a7f0cbc9e8,train
f61169647960d867846cfce35e277093b77111ef3fe2a749b6a696dd81017bfe,train
f61233e8392f76ce7be9f8a1e5ccf1a0bfb5254ba347201f3c0e94b3f249b44d,train
f61c3788ef8d1c0e4cd87779bb3c2fb562a96f3d12a66c961c2efc6cc41cbfb3,test
f62077803ad35314c9c6ea66bbbcc512f2ee18e525559982fe6b5f56944e9e49,test
f620f9fb9037fd2c1d32aa2b688ae5338ad0f99adfb416f1dce9cd9ab8fe7b12,train
f621fe31a4243008058a831a4756ffc6a1ac56e65e3350e5fe4938eda25e2083,train
f622d364f3a848062bec68253c76dd513e557388119e9d3e3e0e9bb5d9ef6b81,train
f624f9437093090506213f46cb829057f11e768e18ba2c367588dcb6c09211ca,train
f629cbedaeb6fa21a0c2297e9db082ec70873a55d81d6e9d1ddec5c106fd1c2c,train
f62c47b286551f3969af69f4364d730213aae8e2ee3a7213c30e92d93eff7a94,test
f63328170ab7ccd88cd66a3accba3cf5c2d403c1d53a4b0489203a9d07667c95,train
f6588cf3e1414ea8920ce1cef60b2aca3e89827d69683334ca2e9fed60b33bef,train
f65e16bd5aac9185bb4048cc48e328c86478d2041009f737e8d4f14ab5cb2e25,test
f66c5aaeec9d048d35f77bf2cdb0c32b66dee3b35c0830701b6209014513e1b9,train
f66ccbb3fc4df78cbb6da48ec34d0e588fae740f274c22b586cec903476b18b4,train
f68015d115b41be77e18cf11ef91a9d7dbf44b7e3cecf9b17c3ccaebbc8eb508,train
f6834a6d7a7870ae87f8a3487082819c05928f955bd747dfcd7d0f953839011e,train
f68a445e4f90b1a57cf5a1d4e2000758f13078be72e9ad7ec7f5949f6b7c6ff1,train
f6954c3865e7fa8c163a3f6846a365a7923097b03ccc995e2883e8389077821a,train
f695aca5da267c8651f0bb51a401a6011c9a7fc5f3a31c7a2ce8821a252efa6e,train
f6999d49806661c48e89b07512c97a70c9f846c4c4a4512ed774dcdeeca775b2,train
f6a408bee66fcf1ce8a3f48fe7abc5474c88a039b1bdf75d374eed9fceff8c29,train
f6a415f482cc28dc783cbaffc65b929d15b25c81327e97ced4789ec1784bf6f1,test
f6a68ff144406ea1915f81359001095eb21749ba630723ced3bb3b947273f441,train
f6abd1d6f7522741a3a15b9530bbf9cd9321b70e6939c22d04f71e60d2738976,test
f6b744100a248bffc97172c75fdf041b3b3dd3a95bb364c296136010da6016d6,val
f6b82617b057715e8fc71b0fd84e5b03b3a30e6e6e2e809543d91e841d47ff6f,test
f6bcbe86a25f32e6147ecfb45c6c8bffffca128ec2d955eef22029a3cf1e1470,train
f6be0980a676b81a7d30516bb7d3459a2f38f50095c4da662f4a31b851e26d9c,train
f6c028a1a6f8611c06333d0629bc2ce51a33a355f1a0a2d9fa563e4cc4e79af1,val
f6cafc86fb9f4c69ff98db8400d957c5f6bc2458e043f00cea008bb33400c3f2,train
f6cf3b3ae8deed68b0625173a7001b272e909f63dff0e104ce26c2689d8bc008,val
f6d2af006ccb70cabda7d0cf26a0d38fc4725852f1c1f67126161bf413d8508f,train
f6d4668db7fe9bc0dc3e3efb2f2c1f14f4a663f21d3ad6c587ff2a20410b06b4,test
f6d7e4fafa9934ffce31e9a2a93fc78e9c0ad1e3c836cdccbe4780c920ca27af,val
f6d83e281be2103fc9545fae748ca0cd678e5c7dec20dbb254b9c1cbf4035379,test
f6db00e20c51cde1446d0b026be4d13695e53b2be40cd6ec9ef365afb4b80633,train
f6df82490cd1bf9fbf2197d897733485534256cd0476dfc9246da9af1280559c,train
f6e28598132e451b6efa607f79a62de6d8488fd3af08067f2429eef5fadd20ff,train
f6e7cf549f9fa22c6ca1d0f1f1063811bc4486e376272f3b8cb65e6838967657,train
f6e877da03601b59daff7634fb3b423af91fea0a3ab5ad54106e2cda0c79faa2,val
f6ed549ed652968751994ec1dadbdc40acd27729a4cbf6f988f83ce3f9047ab5,train
f6edbfba259516a76cbcc0caffcfbdf4303a460b02dee3d819f885931babc87b,test
f6f32d2e01fb587362c7605a000269ed156389a05876a004a40afc02f0105441,train
f6f8a0c0a1bddf4df4b542ecfd09a313a9319c88b12bdf08b73171a7310d1828,test
f6fb50ab4809b4248f3b48b820c04d7868a0f3d8c2af44b3d59b367e09af6788,val
f6ff8139eaf2eb3023ccb7a7e08a1e2c3ac082f270161db634284cc51481625f,train
f703d567bea62834df91f6372d580f10da98339994ca3a30e57a72973dc4e15e,train
f7049f00b43c5b103cfe1b348254dfd389c9cd471d9a2935d94a27f85e5995a2,val
f7061fd3e0e07c5ae502e5613dead0f389b004ee6e66596b7cc6ff95dbdccff4,test
f7067549506642bcdf88281809b82bce09aac9e68338d1f30e8b13b67016419b,train
f710370b54fee5beeff581222f0999951b235f3ba06482f82ec6f3528ffb3afc,test
f7166abd968618bc6a321344b949aa310c1c0c078745dcba860a339f6ad35958,train
f718e599205bac38561c400fddfb517f508c87b5d75a36534b8165db69f6dab3,train
f72038b7d0076872a1c6ba0e74c3338c624d336a341ad6e5f2ba6b00e4d17af0,train
f729480ef5fb2bdc70d8051009cdd0627c21167865d876bc3e043612f74a6830,train
f72b92feb6b61dc39423ff00eb9853917665ecc431c9198649abec6aec8b016a,train
f73a2f468640b85a573de0193b2e7180b8f61e7365027b179230d6a2f8de39f4,train
f73e33002d1416412b028e1fc5debc3fcb234f56fc74d1e056add0d2b69ecccf,train
f741bb734ee549622a7225c9b4dd3762586086814264b3236cd6168826cc5f99,train
f74690095dfadceafb84aa77e9e2ce531203af6eb624f985b22b511ba8124fdc,train
f747cd645a4ce40ac2a6b3e017a71e0c3ff34718f559e957c8b78ab6fb827bc8,val
f74c3a5eee83f55237bbfeee92fc46d40eafd8e78d7b767f16faf86286554dba,train
f751fb0c6ae45205e00fa4b8648ea70cdefaea5e5d0382a82809f09cd5eef857,train
f7575b42061db9a434265d870a5fda4ff33ffae012f2835c2f10311d2fb2ccee,train
f75d7d7d1b86cd759f5339a4a854ca31460c0e28a5cd0411ccbf3fe132570d3e,train
f76272db34ee1adbe5ab2318033ed16d746c0ca716061ec06c3df88db6339a7e,train
f762816023c50b0b4ebe544d500ded04f558a469decdb21bd8339a0dbc4ad0e5,val
f7635b5a6e024c147d10d1e61e41e03055bef39e052741e9d1b890a71e05d139,train
f7694159e3b166acb629c8a5a173f8610ba961d086b13bd980c0c736c6c9c38c,train
f76a518953053514967f50c92eb84cb344d0e125d28b16f1564405df70e1fe45,val
f76c70bf63e1f785e8d2fc7de4dcbf91c0fdcc3570f4ce9dadd14ea859a73b8f,test
f76e69fd5bf7765c3e92165f7bcd9d141d762c27a6046d76d6538b84348cb5e0,val
f76e85e7e08b065d610e149c67f1ed2dba4d3373b28463a9cc5e0c031da903dd,train
f76e976094705b125537f02ce5966ece79dd38b6bd746ef7e35665f8ef306a4f,train
f779fbf5b7928bba15560dc2b0e8d2efd514247769e2782d675915253975a10b,val
f77a8d66b76fe6e3c8e8a6db8adff920d015f9c2a6bd9a2d4b7d9bcd724b5606,train
f77eed905c2813808e9c773a26c1c1f13c2acaf47a2966e1cca61581158ae744,test
f77f4cba12ca168f7bea0520e8eda6ddb455ca1d0968307172f3177be6ec290e,train
f781847d84e275735f6b42030ea9cd70c6e64d731eaaa0c5c064c6b6b3b5aeea,train
f782e4702f2669b01533cfede90512e81a7d8d7abaff4da30814e370ecff80b9,train
f782f81b243222eecc05e0bb9922dc5d17b289da8633e13c27913fc84bc409e3,train
f78a034a9ba36427d44e14b61710692da386730f76d5831a8479f4eb41146bb6,train
f79992f01c2833859eddd3cd2e38cac7072e1c1dbfaab272f31fd463c2a5f032,train
f7a2d0827f804b87ebb93a28c75d25e103bd31ef16cd1ab9cdc4855ca24102ae,train
f7a70976651b15008727ad5a21e7a6f5aaa440a560f1d503548020cf8aa69ec9,train
f7a8d9e494716553ea48031f3e90ba4b98d06d314b263c7d5176989b094f79eb,train
f7a9ff19b7c46b290989851b194bfbb1e1d7217b4a3adc2eb1ee475f2c40a06c,train
f7af85371dd98128ab43bf38eccfb7738488c4964d3574696035f6df646db290,test
f7b0a1c77bdd673e6aa99bda42442c0afc7cf35302e8a92a91a843a178d19139,val
f7b5e39560ae93fbe9c2c7506220bfdeb76e5d6d6d3c5201322556686975e150,train
f7b8e20146c8c479354e46d1c50164595cfa146eeee0121d23b73dc621408345,train
f7b9135035340fc2aeafd79340be3dbd6543d5e63168f1e500d0738c5fb35545,train
f7bb5b309ea7465cac80c56bc0255390003e398fa6c488da4804d4590ad29645,train
f7bc80b97a164d56a56f3a614af1b44faaf01fdb8c32aad100c551d22be58054,train
f7bcbf950cfbde37a16af500e856eadedfdc2a64650c6da21ce09d6559234c02,val
f7bf429bcab498bd97b621b6e2afdf8fd6f6a8ad743a0c965ef781c2df35c409,train
f7c0dbe104d4299a3832c725a5a8fbec96279212bdec90530765bb1acb506018,train
f7c2b9893c02635676f427cc5f5477b6ad07c0256672795407dbfdd674306672,train
f7c472f16f7fdb3a2e9f6c8c26cc79b4766328f26064be9c2fa39873cddd2952,train
f7c53e98ac9a7ccc841bb079b22bcb1c6acebe9632458582984eb0e982426fd0,train
f7cd30c659617705aca47d8feefe0dd1ecf13d1b6ec4236338d4991c79338d72,train
f7d33abb35a3a65109455791b6f8eb6b8204f570ab95aa48be5461efe2b57ca9,train
f7d35a5d7a12dbbd3edf3baf7295d0f59d884ae27759389f5c4cff2d75a61637,train
f7d7025610a79b928d3f0c0a3a5847f6171b85bd9c8c558473c7a9c28f6ce6dd,train
f7daed202c94908ce85258b84e227fe6d6a7f0b9b9a02f73da831d2d9e264bb1,train
f7e0f3efaf873decadd552cf3ecdcdb061a35aa1494b8b6b3052ee77db9f08e5,train
f7e2e5d8962c250a3ef19d516f1adb6d9af233ea638001503749d223ba037838,test
f7e5e5547a25b49e3cd55ad0189a404d105fcf01dc06ec922202100623062193,train
f7e7e3705f9b6c94b78981d82adb431187c8d7b64e34313d015ccb8b673a3cfe,test
f7f2459011c8f2edac1aa51ddaa977bc9cce2d8acc6769daf3e5929ca64a789f,train
f7f251940ce043fb6c4900b24364284fba6352e1192acce4d43ad801e3db11f2,test
f7f95a9492ead7fa754be9192a54c2f87a31efab25c59ff587331a0d18d67fb6,train
f80746923b38b7db981ac26b7bc61331b628783e005cffb11fe106a55b173c6a,train
f81d728a3a193129f3d0d76de19c733c527eeaca4dd267b5303aeb47456560ba,test
f82f0b229b2a4e50c17d1474a3fe21c54cde3fd51d9d696e65e29285f7a956c5,val
f833c34096edd2296c33de730b4696adff7984620aaf70b063454d28770c197a,test
f834fc51768bf7828b2b02e98940bc40bf0579a78d9abb7e42e34ac79b847172,train
f83625398c0839c6f5ed39195d98f84c7e74c6aa300ebd35d23d68dc96d06506,test
f83663ebb6012c3695ba250417572e03273b609493c5f0084252db389ea597b8,test
f836fc3c11f8f8babb034fa261d84d181f9f621f03dd41f3b597418c07883660,test
f84476d9fee5a468df6425266f968ac4a6816f5c62f665b87802a787783678d1,val
f84629ce7f95d536841498d4a29105d5f6c023d73076eb91ddf5fe6d3eb7356d,val
f8477362253cf36a0c913ab425aeb6662c274745358378d5db6627c3a9925a77,train
f8502973758fc9ebba1287dbfdf0d6bef47dd246cb132eaa38ab97491230b546,train
f85129678b2d3fc481420294f7c6623b7f8446876ee86b50ab01d2413f65de3e,val
f85213dac6d96dcf1cb9247c879ed9616d715f06c90457dd45a36744316e3d64,test
f8527e318f5b20598b0ded9a022146a1abe369837ad284c08452fd1998748b24,train
f852c3edce5785fd573bc51366f638abb58b85a2e2e8ca23a3c3418da4e3490a,train
f8552f5ad93e622a0a4de0d736f084ed05c91c77e807cb651a75cd267f165595,train
f859ee21048b856f867f4142630fd5df8dc03dc7ca6d7160b8b2506d9b7c1fb3,train
f861bbeeb8cf1ceb5490ea60418ced5591b7bfdabca14df52b1b92cd683a4f5a,test
f864e8b5de60365bebf56acb027aa1a77379c8bfeb3968a453de56cbe773c852,train
f86ccf6f5ef11c3482856d1d69d228b5126015c6bfa9b5ff6f170a4b82f2b4db,train
f8715d201dce6ff7097fcde11cf7db48512c524d64fc168c5acf0a975c128d6d,train
f871bec6a10fb68c99d9c771218f372be9d107b63fbd71579b38b742194b6db4,test
f8741522c737ee8bb28e3ebeb0323083428bee2fa6214f275d1ebf4e77efc3e2,train
f877ee836df5a40e0595a151c1709ef0668d2265d8774bcf1635ae1090175fa0,train
f87b81f0f62148377d0ad4c8500ba13070da033bd42462d4d116b432aa71aa08,test
f88c2656c1ccd7b2b773071564e4c7fde6116c47fcf251ea400094809ae6b4cb,train
f88e4dddee8b2ddf26d2cbf128b228c9b133b2090c1afc7af3f6e1e0beedb617,train
f89095f8ed77477f3e7481782ededc41dedcdaec5e6cf6fcdae0e5a87477c1da,train
f896813e28c7ddc03532e0dfee32a692d328a8e7b24680d2b682444a930cdb91,test
f8a84fc9d72ddd63940ff97219dcb18f75898bdf6e6ba88d00915bcca84e3d86,train
f8a96079b30e84314a60552a8e8b64b9db86fbfe2eb9af946b4778115028fdd9,train
f8aabf81f5c66ae09eea45fd4e69c4ef424235f9d398157f4e7ab53b0d0753fe,train
f8ab27825210c7bd05a06b0e3136025e4ff8e8a44b4654d89cf6f80dd92fa8b6,test
f8ae4d84f0d6b44e3eef20cfd62df8cf305925b5be767fcc406b163b867c3b25,train
f8b013017cbe6a7280fdeb8fd4a953969db264bd534b83fdf3c18cc014a42b65,train
f8b4aacc692d86fe7f3bf898e43897acc05831f0e1d05148aa7efc88f43e9bd7,train
f8ba4f5b9b7e7663669372dc3f3396b475d804f7e8649b0d4219b374cc4d1269,train
f8c27037ba21688eb9c3bb94492321b56ae55e67e08f277708f2940f01586905,train
f8c6921bd03f9f0268422d98896176682726d841d15504603607afa80fd1e36b,train
f8c6f89642fe749209248a18278f21b64bee626526c9f36fb48cf318d6166f59,test
f8d149ff857907d9582ef0e96cf91e1c7729eb7bbdbe17974c2f819f1711de86,test
f8d32ed02643ee7ec9cda0b74357f52025913a2300e91ea9a8a0f635b8fc9fa2,train
f8da1bb93f8e17735fd309e78f0ebeb50c58eb91ef08c9f1d9fb784bbd7c9932,test
f8dab834605e30a2268e8679bdbf84192dce2c6c90ca888c2a7d4f54b94a2eb4,train
f8df4daf7d46c6fa4fbe5e85f044acdb72dce2c774c2fa0442fd46d4d357a4c5,train
f8dfd499c7e0a84feef7c403d42f076c94b89a46d37a4eaa6a97c6b730e6cdf7,val
f8e6afad36f465d7e1610c47dc13743a071aeba78c5ad67a932abe4699927b56,val
f8ee76c06b7fad118e364778030587c6359adf518c8d0ac7af02d936f04a7c9e,train
f8ee8bde62c49ccd532a4137dfc12160a474509df77cec9c58a125c379bf30cc,train
f8f5bd2b56593920b705b67d4c8cf3460d3abd908f3e3df5b5c21fca627309c4,test
f8f601df1c41920c6769fa05a0ce04feb30b784ad1acf669302710a8c9d05377,train
f8f7f90a34868b65771073357fbeb8811125116cd43720c670db68c1712b4313,train
f8faabdbb1fa8b17c4e25aa42504d62da7a58bafc26b421c31a0d83d221da5f5,train
f8fb16a8b5fcb8175cb71b2626108a27920cc4ca2db7f1c3f38c11e0fc519360,test
f902c07ee2f835fe8fb79bde987ec8041addfee9858d4aff5d6d6d342fc26b65,train
f90354bbc4868e904e9c03c4383a7f39fd1d77d3b031a70d185e955adcae2d3a,train
f90673a0dd2f345ebad5bbf78fd6c5a735b53bd651c1d2f67732494626b1b755,test
f910b277edb31b9f1227c729238f4f6d63653a8dd37d704a9b3545b87eb732ad,train
f913acc1393398a158348aafe5408ecf6ee47db7985b3784e0345fb90c315557,train
f91f2552cd326d258ba0cb2240761ddcd90f7b8d2929e8c9080171702bbaa100,train
f927b7730f49d838b6d5b837f629cd0a5befc5e7da0b7212e9586dd4a5aacbe8,train
f92f5c1b2aa1c9a1a7ca9c7c13ff01338d32acc340f7541cf804429251689143,train
f941f4e13afac896b8c95a4d205e07f980cfd9cf4aef6ea86369483b70020bea,train
f94bb6c77515421e2661d05cf1226c997a21316df6bf289047fd48e3fe33f5a1,train
f9505c6dea35b2adb4d3d67ce1fdc61afdcfd8bfd2ac04404917f8535cb3ecdd,val
f962777c1e12e506365de785a273058a8101b39742bf4fbe53f0f3884c905abf,train
f96bd1425c9e2e6c6c301214784855d156804d18614e8ac988f36317f368ebe2,train
f96e5a3709157887c9fd35e9add1457fed8ceb2c7641fec47346f4f0c9ddf122,train
f96f4598f2363a418d625e85f5b621536a10bbe54f355b70e432eff8d35d636d,train
f9730e385f1e5125470a63089b21eca5f9ffaea2c36e6af2c33903a28dce2b6a,test
f975a2a757a9998891ccc841abbbc15407fbdd85a8a8e39f4187e9cc3189eb26,val
f97d98a7f84c361d906ed0637389e64f20418cca84f41f93fd999b87b85bd90c,train
f991de18312f98c180865e92bba684ff4a60763f0aebbdfaeb003485f56a944d,train
f99fbdd59de3e66c88524874c25c4a1aedd2d1521e1d3fed0cf6f636fc2ad56c,train
f9a18ba81fa790153643a31d1ede8cbe033769dc78a3f4dc9c0cdcfb5cfcd229,train
f9a2ea9b691d49a7f2f162206c7b5e556efde173626b74b3d8d3d50f3a29625e,train
f9a6ae5d8b77d6e1c5f5f17dbcb3c595aaf6b502ccd2cce841a2d45229a23c33,train
f9aa0566404915e56e55bd146a5c61f176d6e5b90dc5172d255600f4dd86bcac,test
f9adf087ccfc0901d28d628d9d6a675487b8ff459540a97859fee12107eb2e6f,train
f9b00bfd727fab6f43c1f4416782b6993eb63448b6af517b10ba53f490767f7c,val
f9cd90323c66784ec5fa38ffbad38d50a53828b78a921ea7699195189eb7dce2,train
f9cef3e38f608fdced38b05226adfd69fdc7f353717c337d102c5b16f65dd511,train
f9d1c5eb66c3577fa36084a77a5b431683173c492466ea12cad2409fb78dce66,train
f9dac9b61e4cf9424c93814b38efc2c7ec46262e15d4f303eb7a02d2d2d92659,train
f9e561de343c17defeb0ea453cae2a28b5ffbd7146ce687b4c34c748fcb50aa4,test
f9ec0bb8365eed8794aa32203da73fff91177ae4cd13de3b959351bf76d89612,train
f9efca831af63fa39529a1bd0a6ed39ec1b6426f6d76a440f39a37a2628265fc,test
f9f14f437799023219088e73c5e603092f394d375290bd2777293781c9c48742,train
f9ffdfebf261546dc3a10b658b5e83664a7c3d2569ab81af0d9eb66a0e5ef078,test
fa0217fda1b5fc9a680de00e6c8ca4c07259f041394387fc2f338226e0486396,train
fa0824aa5aad74f46f00a6533ba1e6286cbb532940d070b23103295c385ba5ab,val
fa08a29548d00d6373fe17f2ce7dc195e9692e95bbe224f41b8a7ace65540dc1,train
fa0ae1ea48325577bd06cc8533bdc5a265ef7f51d47d472690918bd47b4b79d5,train
fa0ceba6cdd253e1e8ecfde8abb9d96780dbee73dab52420e07a55777e101fb3,train
fa2076c2e5b1dc226628d05cf4b86ef5c6fb7862ea5f60e2afbe0efb699042ba,val
fa2b830decc75e1a98c316f61c01047ddfd8c231d13dfb817b8079e13f5c19df,train
fa2ba643017f6958a5012321fd1525ea84dbdef6ce5ba15ffde31a8ddfa62f9d,train
fa2cb2619458a2956f50b588117cd1133f28363418e3d700c941db4ef6dab7b2,test
fa2f1579f9af734e5d52ea430e7742d99251ef47b1175f6106a38a64ee4a86c3,train
fa2fd4f4c695505863346db4390a176b0447135eab69f582a35da87385e54667,train
fa40c26cd77821d183159d13ccda8970375581443950928c272ecec677c40039,train
fa43337be0e8bf26aa117724b108c63c7f0dbe1688d3e49a88f8136c893b597b,train
fa45b410ad6c4575e668be6a5e9c224b5ca2aede98bedef913b51d99f2aadb1d,train
fa4c9a9df84c193caf16d9b74cf6e3a8603eb77816e0b7bbc5559d4f114f8023,train
fa4d547a82ca272b9e95caa5e2633756ebe9e540e86d8cb0655b2e1a565bb094,train
fa5272308d860ea1e9ce07677a443e007aab6738a14f71939c6acfc9dd480857,train
fa54ec790cfc15b8d3081afa64a14df914b3d491e14f8c9e0449f0073a3df1ee,train
fa595a845ace739c6297488b7037365876761ef23c3ab8ee7b642a3214347772,train
fa5eec560b8247ea5168d5800f9f9e805dcb038232f26f0794a1ffd3866655e1,test
fa66afa62c6cbc6ebf70d676447e7202125f4840aa272834adbc181e6d6fb920,test
fa672d47335f0ec614f2cd93468952dd45af3bd68663502ce75f4f73bce664f3,train
fa6c5be33c193536be0508b30be0d9fa349305b53091e6d76dfb39de67f25ea3,train
fa703b04fb11ed250d1e084580daab8962078d7bf73f743cb224c4bd10b8860a,train
fa716734a57be04ec7e6633fde4ad7f59ef510d1801e73141b894899e02aa803,train
fa889fbb1401be00561c251b0d470b0c1b36903c624892e5f476bc224c66e9a7,train
fa8bcc34972535b35130f0f65051663dd8a452de8209a46459633deb402196a1,train
fa934b22ebb8070813f5884c44a9d9184418288a963593538237c973100dc354,train
fa9e2c63fbc9619aabd64921dbbd6df2c541863a9521124fe897f8460fe1a0d4,train
faa8a8906990d2427e3797f880ec57a04f740c75ff4eb675cd6a83d2b81001da,train
fab0e3c44c52fb890e279a2002304d195035f477e276e22d8396f66b9712e62d,train
fac20ed8f31a150753168d5c8fcd0df950e855a14df0e0f4697f965bc229f863,test
fac2c36a0cdce102d63621a734c01ca10f632c3c5440e501b1dd69cb04318249,test
fac66599bca91ddbf70b4653290498e07aa1e7b2564a3e020f59a13cfd8d1cfa,train
fac6e54af20389ec1a1feeef412add3b68be53f4db390ed4e5a27193cd682d91,train
fad0d660e0153c60fa28c1c15675f226a9c6886d843a5c286bcc5b5f961d447a,train
fad0d7bccd83f3bdc3991932429f68f9ba2ff114b0d7f448c03570d9844b3ab7,test
fad0e19b70b39680b945075bfcfcc207a2cc504581694327f120a2aba4007ae0,train
fad39676c0e3f96fa1d29ff623d7b17d204937c9d811bd95b07e1eaf8edad21d,train
fad843af02bb490ce0b6f7c3e454ffda93e9d5ce62b0b1d926cede8a62caf1b8,train
fadb35c6bff8839c2ecca4c84064e5ee9710b027cec56c979bf7b45737da7170,train
fadce3380f9bad05a40aefcdf280384096d1f67d0db2816877923802160c47cc,test
fae1eb4217f76a59c6dee693de734e9e70f8b384205a01c5c3f3e35a63404587,val
fae68f96a5b787140e30a8c9a86df352e484ae809293379fe5f5138f242865a7,val
fae7fdb3363865a11163c6a04f530497ccc6bf91c16a29c96ebdbd0d6eb9efaa,train
faeaed22cf27ebb4997e791cc0ecb663a94cc683f06b47f94ee4a5fa42b4cb98,val
faec54171effa888ef69867b49ebedfb91426becf7f698c591e41b7940809a04,train
faed04b1a4e5d8a9c8e69f555f1c8ef2fedac2395be941bfeb2fbf669fca7da7,train
faf6d1a84e63ca228803baa8287f75cae5f48dba8b6e52c7aedcd7b3359600e5,train
faff523c353906a7fb483702da3379d51baa5a9fb0d981b30fe870088bacf3c9,train
faff52f336fd357b02cc54a754a7c70f5c73e54ecbde6cb104ad01201fd85098,test
fb12a4fbeeab6d6901f026897b038a49a3d3c88481f044e242138b92b6c3f19f,train
fb1572b8927316005f1638e4e554aa3bd6451e6aa68319232da4ccc3b4d368f3,train
fb1b6a77748edfb1dc47044efb497ebaa232c9e2a8be7ccb7ff9ae8fcf516592,train
fb1f4efce84a6ed8e2d91e9b2010244fe04246e125afb98bf4f24d5103558346,train
fb25ca414aa98cf44d1cfe71b905e77b4f14eb7771136fcb21e98bb9f7df2c62,test
fb2bf6f1ec7564aa1a2df9e9e3b5fb3d9d52106e18263449d77ebb9553fa5361,train
fb2c628095db198e780b7f418f5102f889468da5c2e7b3e522189c2b275a5c89,train
fb2fe51c25bcebb4faf4c843e59cfc759afc9496bfc59fa309713e76fab6bbd7,test
fb30502af1920e491f8e2618af0119fe651230abe416ba038346f14d2fe035aa,test
fb3b0be7220ba64425c44be601cb729fe6abc2ff4005df650487ea280e5ae74d,val
fb4ffd0c591492e146c4ca68e11681d5f7e883f8cd029f52b0011eb0c15089e2,train
fb4fff05f58f3451177cd62da134cc22e687c9116ebc27133ab1646bafb0728f,train
fb55342ec4a0641c8359e36be68ad32b9a3b8d5a97dd4679fbcc8591dcefd11c,train
fb586aa275e9e4b6383ebefd454a9c59b4dd90debc0094522a7b4212268a6a0f,train
fb58f637c3a0f9c2d97a057fb653945f2bc5afed4ebb821edb30856aec39972b,train
fb6487468917ae28c28c0517e2d221207dcad2b57e735d904ad0b45a8976d789,train
fb6d4033c7e7f038c7a362e5f941e1f7c650d07d1d724becbcb8931165cb73c5,train
fb79c89686fca75a0c3696820002395710656c0592be024cb3282615836fa85b,train
fb85f4bea65362864cb4de953279960720ac377afbde3b5b1f02e31656ade88d,val
fb897442025af6c0d67d57016bf141c5e30f2c7be9a167c1afb44da2ba3a127c,train
fb9793c2ce94bd94f08886ea1000fd04519fe5e45834727a15608cbe455e8c49,test
fba6766841bc713c56ad1ccaa7a42c95cad0cdf64c25bf892310cae49b64ea3b,train
fbb37a815fff90efc56ab0345056e28fe6d10d73d712fc425e6b342e53c87269,train
fbb81fbaa3f0805e41ecb1da5af670da6ad2bfcd6fc954598fdfd84b3236ba74,train
fbba3328500fdc6a2660bda9ff47397a6f094baf2cdf8cecd56f11928c6c6321,train
fbbb77e133db1be2b6d59460ea29ff7291645bb4e9a9d931ab3414c99a513dc2,train
fbbe7a6292cbd687993d187dc883dc1dbe1561d8919adf8f691c37caa358bd3e,train
fbc1340e170d6139ed0ffaa9dcecbda2ee961a4b3a61e0c9735568d001fcc8d4,train
fbc195625d1c94e87a4b5637a3a49352ac7e3140c68cc6dbfa6ce36bf4ffb9c9,train
fbc2e58d6adc08cec840ee81f79eb47768d8b52cbbbea9c3beedfeaa930a3cd1,test
fbc883ae96f5799be08e447016ca578e34e59d77b0e8f30bcca7828e4dfe505f,train
fbc90a4756cbc15d4928bbe08837d21399ede1ab93f0cafff1a5eea936770c40,train
fbda98528c81e543a5fba8947880aa4af6c8038f36d34a98ee5b0c6e525f39d2,train
fbdba38707bc159c67bedae33f895cc701264cc153e49e18a6261f2d51714835,train
fbdfd931277925af642d489623198a1be7d83c674b5eb84201c0ba68ebc08f6f,train
fbe1318e6fbe10093125c96859ef2dde88502afa10b5e4a8131acd018d31c25f,test
fbe2f334a74f60bad1ae78dcdaef6517add3029ffeebefce6f8d659a5ccce1f5,train
fbe5000fa1e9ec05d4d24de6de6782447d413d171b895c6b82f13a7e4f74f5d9,test
fbef53a4fc513da134e1f657f7e806572d33dac71510e8bd00d96450b8ebbb13,train
fbfa62b2002233fcc9e1e9eafb6b193ddaa3f27d77ceaea91ec9b568fb2f1369,test
fc003798229f49c0b7ed9d9e673216fa452bd0b84b7cd225bfd9469590b92fe1,train
fc017d1436637ff8921dbfe1557fed1705663888a381afe57c2a79e781ee3d96,train
fc0441e98ed9a02be43dfce895769981853cc480df5459f2905b60957bce1dae,train
fc05bce1ccbb72101526f21e3badf803515a8d637638414fd323caf2ccb39ff6,train
fc08781fef2264578609d8c23f7c86a211ab2b14a990f837e65ee24c80777720,train
fc09b01edda11159ab564916950588f5bb772d75080ccb6d0bae38202b9e621f,test
fc0e7de73641781eb6ddcbefc03346ba0658cf9a1820ffbafd89d8677201e67e,test
fc0ee9969583144d878d060721f97f70e373bb48145ed623870d952fc07687c6,val
fc158f20b7034c74d15a6cecc15abbafddfd6e0288e21159cfa339c850e0dcc3,test
fc16865196c3b474d80a7f8a863b2f34c41d283bee4e7a8410a58e508c0138a0,test
fc266dbc387b1748381e08a376bda54a6c945bf2f10524d7258b58e856392c7f,train
fc2cc2c56975e42bfb4dcdba1245ee16f74838b9fccd0ba73b95967a000ec6fd,train
fc2d82c47b74d47a93d60b96041e3b89706cc4072aebac0f415c2cb65cdca16c,train
fc34f0ae8b92caaca5e135114dfeb041bfe448856dd318e24e1adb24381dd95d,test
fc3ba228925fb5bba6f09c9d3eaaed6832a18e45f170514106f8059b908fdc7e,train
fc3d3784da851ef5cf8a31c8c8a2a1dfa8a28020b5d4b7c00884896735a64de8,train
fc40b7c5959fa19143713d1e96542f373b8e64017b34076b6df0d392cbe922c7,train
fc449b04e224e0d7cff9d4a10c650078b720c017dabcd9dcff0b27d936e9e7a4,train
fc4cc92abab7a197552291c99aa3cd0498602bfa18bfa58550cb17a4091ea239,train
fc4e18d2e1cdbc7dfcbd500b3fbf54a2662fab585e5fbd68297d4d870ca3baca,train
fc579452601ff16ccd7cfcb59a2b81279659b15524e003d992c28db3c3e0f6e3,test
fc57ca02a2fb67b836d6578f94511a7e118cafbf5182951ab555cebb5d2c69c4,test
fc6140fb17feaba0c166c60c362d93af18044ac92be5004ab6615c6a4746144a,test
fc699599ba136bd470cc7222f6e0da576b1bb9f3c5f26db04f84ffa83bc01210,train
fc6ccc4c6b5fbe257f59abff7b0fdca041d4302945255dea0f05fc72b89e48a0,train
fc7309d684fda18c9e031085ee985544031a95b8aeea68b0a84f79ede6d7120b,train
fc7660330d60d5e0b4ed6cb43aa8324823de717a1e00bc37019dbcf644181ce4,test
fc77e5eab48f07221c5fb1abb35810dc58e3c4737a86a6b927b7fb9e9c8b6998,train
fc8ccc9e4a7fc7b57aeb09f930ddd09a30054fcfed8e9b52485df1f2c11e29fb,train
fc8e7ad23f85109976f99142ed485b87dc040c805504f9bab8e330127a2653e1,train
fc90d173f26d977c34ef737555a6cc664499a2958c69e1d09c600abab262ec21,train
fc91e6c7a7e4cc5182005d8e2ecf3e68dc91f7467330f575ac1d73cdd0db9d4c,train
fc928acef855b539a1ccd4b2d869e7987af98d0b3ceb6acace491571c21706ba,train
fc93ed69da67db5e9d59866d2391e4865d74f216cc79d320f64c2716afac4149,train
fc975a057454322bcab87e21bb493f157339a57e870cf0861b3ee1e5eaa3203f,train
fca7cb2808f0a3a554b58a5c88bb3d67a50d1baee93d868df606d4e303b8d168,train
fcaf2496602ca38ef6c5a262ebf00a7be4d4b689079202e92fd45cc18f9ba168,val
fcb2ba8943e71dd59b2e5295358c1987f8e88375ac647a57d0397c4f863c5f5d,train
fcb87637c69e40600161a77dcedf996b1d486655d863dc4de61e2f1fb1451cd1,test
fcb8e82cc5dff4151697ed1e61c325c9574527e72ce484fa228246174d35ba9d,train
fcc39a782f243a01f89a3387b011fba6ed44f326611e97885584fc598993d750,train
fcc4438453ddead6ceb94ed96d8ad91416fc58a3c9ed2150fa76f4210e5f85b4,test
fcc4e4b31c5dfc4b76258a7ba35b2496eddd2f7905df32d15d2fbdf97b9d43fe,train
fcc9d9574e9f7b279e3cb4d2290e342ee070fcea8fedd27445e38cbf395d81a7,train
fcdc8854e99281af90b3feef728b743a2ee5f048a3b49682e823994f8b2c6aa9,test
fcdef6135ec27472390767b09af4182c3b81d45609a5694445c3aa516cacba01,train
fce75a31eda3ba9ae342a1e1da11a0c8ff0303c4cce78ada650635a37657a48f,test
fce9c8b1bca310f6934806319c8ebd8ee37b783f676d703f1e35e5c74087c357,test
fcebd46ed97ed5a67cb8bfd412d997bdfd6b53dc4fa04623f0d48a91c6d0bfe6,test
fceec5bdb2c3a7fd7a651d5c56f93e68abe4ab72618e28221da1243e1361771f,train
fcf69f6f33279d765ce2c7528347f09ab5235a79640735db1357b10e0e728711,test
fcfaa4a5d0f3a39277cbbdddd8dae8460660b0d47c4ea294683057d50b672991,test
fcfabaed98697122aade8869ee28ee1a99665d4507f89f76c298f712d315b755,train
fcfbdc80cb3cac017c7927b8daaf736d9669e3c8834fbf7278e0f45f3b1fe086,test
fd02d97eefbc78ee3666c942468e5719dd4309a45c5d513de65c0176b4d6d5c9,val
fd055916364b8105c13efda85156baf79f7b248028e52ac7fac91a16c371e871,train
fd0eae64e758614b641352d4d71dc596209840da9685e660ac6fa9013492b667,train
fd16753e3876b2e2d7c4e83771b6fd583652eae177e8ec470f14e94f4f3d90cf,val
fd1ca007d03fc9720a477a9d75cab50a0d2c17052cc6a0563f875db698cf008f,train
fd1d78f6c7f6a270aed8d61c00fff5f24cee4418ece19f54fdfecb07006a8245,train
fd28763c970dc0f84890c7361fdf7160fd694a2a7e92ccb7c3e25d97f98e4317,test
fd2bd4699ac1da106b69719cfa6c032a61835901fc9bd29d0d72cf9eaad6c737,train
fd2c8e0d73119345ea07ca1f76ae5f2e9a88237604e2c4449cc9f3340619a896,train
fd2e70a2dcc3450c1488c467f4f2985fb30da1fe31cd03a78d8c1b1ac6de9e2a,test
fd324f2756ed1f541be7aa70176f95199af44a2ccc5f0c4f58a2c646c6cf2511,val
fd328be059e40830ea419c1d68855f6272a1a531f136e32cd461c3d24ea544d4,train
fd3352e7970972730aea5e1ca3cb591141a572573453236ece1195583845cf29,train
fd37b2fb06d36c4db1233dce97eb466fda23e34f6cc596601f54bbfa0cfedd32,train
fd3bb9d64f4d4e0e814619b9de9ee40ae67d32ae892c60757312d2e46153da1a,train
fd4a2650613139717046fcd0601514a7c9099a80769cd2d3aedd9175729e87ea,train
fd4a69cf62e41d873ac86704c46b799eb87953a54bd18e4a54078cd248a856a0,train
fd4db4c9c3002471f4619f6480bdca68c171ae367b8e9e0af926a62e60577722,val
fd50cc9a0be52b2c56ca734f8dc80da4aa5d27678bca03691e9f6f0c76782896,train
fd5809c8272f68a6c27633136f4ffa8a932e3395ddf6f62bf6f1cf690b12fcd1,train
fd5c2ae9c1fe0dafd7d075123e3cee7c1180ed2d19c8a81e719356df33c81f45,train
fd5ed4c4ed0ce9d2e3928e25d205d13ff130d19eb1ebce45b10ffd79a9ec6b8c,val
fd64723feb49b8d0a382f1eea55a9c35027f725022577d442365e50d212cf6e5,train
fd656fd903aa96ffa298e4397d1f719389099c118c64d02160b963c177d0a62e,train
fd6e4a766330849b56832c0ed9f1529d6c85a47de63af82b52a313f90ef0bddb,test
fd7907960267ed300198c150bfdc54461585100f2cdd31a8ba12e9a05f3dfcfa,test
fd7b95ffd81ddb242576362e5de4b45e35fc9de3dab21de3c906ee00559fffd3,train
fd8158dfd01f3a6f47778de9baf1a44ef56d5eec380970bd8ba2dee4944c7177,train
fd83a5c23fc90c0153a1ced9f6f43339f584c34012d72ecea71ffc205478bc4d,train
fd8498d210b3ff02a5805d7f428cb51b99a457167e258d8f5c952fc7f3d77c1f,train
fd8875a4ea50645d873d8e245ca4df4ce64f64fea07944cdcd2319aba92d09fe,train
fd8f9e806658f918c015c0718b11ab6fba58b04ef6ff4a6ae206d92378952b4d,train
fd9128a3e1d788288ed86c7328e49c057e7882f7b2545b1d7fd4df25964138c2,train
fd94ddce351801c317fbc8b0ec377486672f73c49858bf6be805dc9af0dd8b47,train
fd9fa97079099802486dd563ff2f73842b0f6bc7eb0d6ae492e8e979c9e2569a,train
fda279a5e4418a384705a218b1be518614ec2d9e2d3c848f7e381278e7f7a5e8,test
fda6f831c64aa59a4e630d96e4f6ebc562801e82738ad365cb19088dba341dd3,val
fda9219946501323ccb087ddedb47b9500488af222601af5f76eb3c73335f0d5,train
fdad90324147fb3487433dbbc3cde5bc6e3ead1c5c3c77b463e8dff33054ab08,test
fdbda6a87700049f9160fff88aa62700f4d2e22da1aa05d37fafac12dd00166f,train
fdc0dfd1fe9279eda5da667d2b651271a843d7d4ad055b832e532d005a135f12,train
fdc51ccc8ad9cf8770ef825aa30f2ac28c352f446f4f0c0e0890f8899851efdb,train
fdc7b055604c2ae9f7f0652ec9cda3e668d77bdd4272e1149cadaffd2009a02e,train
fdd54361abc5f463d4f5b9ef1d73b77a59b3bfc88883837310b4cfc7f983c83e,test
fddf287897ba11add2b085a395cadf829ae01125c9dc9bb115fa3327e1fbd68d,train
fddfe23e198fff8788ace6ab08a181316f895b58e11cc8e902fc1fda6f58289b,test
fde12580e561117a5d79b51dbe7ccb5866439a17314d34d4957406b9c47def46,train
fde62e4a3c160ff96a06f7a77bfc4c6175ef62447261bd29bfb63d1764b54f3b,val
fde9d9c9d5ad6d11cacd9fde7128faea20b99c65db7d9d844eddf2b1e93042c7,train
fdeffa1968d5219c3afd5b11b0d3f4e84171fc062d3aad0be7394a2737fc158c,test
fdf14e2fd33ded52d06f5f31f7785f8d869d3fcb66d78d191f08f564ca8d434d,test
fdf568c552f265687c05da672be6e48519b8f0ccd3e469889671d4905f89e574,test
fdf85796d2c4a62584db329bbebfb54acb68bd2a5c7ded4a12c670bd5f30c4b1,test
fdfca84946461faea6ab0637d2663061135a2b7302a22266617e9bf36fd4f466,train
fdfe3d26b06c49cdf06f5187a875d2a28dd06629cc28cc5d66589464e7b49f08,train
fdff11c71b30b18c5fa32164080c863ab8601e82a990b771d3996776265f627c,test
fe0816917f52a7bc3ff83f2314c5c2e9520690e054e439c511eb56d014dbace7,train
fe08ca3222515c91a1de97f0b748ff2617b1bd242c9628c2424c1957c9ad1756,train
fe09a1695002b1103109bf5c8a1bf8c9e7097ffed972e50b2540b2b82f69bcbb,train
fe16d0a1219c8c4684d862bb9cb6517255fdf4df2dba0b21f57accb816ced9bd,train
fe1f643b1894fed6121fd9095a23304da9b712d03117f019ca09f8ffe36a3ea5,train
fe20cb3ecbc2bfaa860ecf39094a8b69962eab774cfdfe26b92841375215cd2e,train
fe217b00bb9992482f0ed09107261a2fe2a43ea9ba3906ee2202c7c7f9abcdb9,train
fe242ae167edbc373ddc380ac098759709daff61aee09f2dbbfa5442984b9a98,train
fe26517872ed6565f89d6f7d7c093a1dcb09bbcb0d5a7da6459a813a3076b616,test
fe308ae1f807b6f157a1f1a42919aad677b4f50e2930d68690f59059ee1c8d50,train
fe39fa89529229d6024696b0f881403c8ec02883d6856a5acb55c918b450ca78,train
fe3a05c8e8ee6a18e93028ca7a79fc524200077e05f858e49ead96bc318567de,train
fe3bb3d9296a2b0b6c506549f11651ca2d70bea3b26661217a08214d8fb602cf,train
fe4646797505a0bc3de17d81dab710adde3fce0a967b97096447ea922a777bbf,val
fe55f06ec7307bca58f0ba8c91d2dc9040384e9ce758d0f75b7bd46ea6c60808,val
fe5b7c83d069d651560a270b0b9fbf3f247f8dd4dd9b232bd1e34a2a911aae20,val
fe5c3d4118aa79fc0fc1a47f5ef9d2ba6b2f2c0595300edcb9030da04dcff911,train
fe5fb2c49a3f138d5af654a67a981e9575018b072e5fcdf439223a07ed7f9cf3,train
fe7182cf1588ad72b85ddc17dead6308dcce6e7e33b66c6a6a3b6cf17438b8af,test
fe771efbaaf695e27076d9474662144141860fef07539cb984572e4bb157bd8d,test
fe7847957fb88c93a8dd72bdc80eaf10aee2d2ab9dea518173b2462ca28855e9,train
fe795187adc27d1180b9a7c1ebc8993d6f959c5f33e8d3f3e149c338790036a6,train
fe7da3f1f770d1065f92560248a219c11ef9f28e0131d286d5d42c5d1efdac7b,train
fe86df716fdbd2e96a7f1094e4a48e64844ec9af827646ebbe46ad33fce08c7d,test
fe8882d220d4b65920a493766ef701310c6a356d9b35fc6c65bf29d5fbe1bead,train
fe8bc0bcf51a9540d9e02f4c5c24f0aef234654a14c4599376720022a509264f,test
fe8c2206dc961015e5ab4c4180947fccbfd63277d83e1b28f3df7e13d4da2e84,train
fe92012e911e5620ad1d99ff8e14997f44382e3e9db199cf0198e02f8e9ef128,train
fe9b064b003341c799d17e7672125fc2849f321fd0839c66f2044c8afcbdb787,train
fea3f63f87a4661847372967aa35a6ae47a405d85d38174209bf1e4cd0272301,val
fea87695058b5e00282a7237cd77c71d061a69e6df013fc7d52fd51cf18aaa45,train
fea8a5e45118c3a2e78746a0f9400a3d8f93fd42c60aa2946c98060bae350c52,test
fea9507935ea3abfb692e78593b455e346ed528d3c20a8ab22c249c26926efe2,train
feb7671d15608bb422680f2f8f177efa4c58d59b4fabd015feb85f04fee7b074,train
fed6d656ea1dd95dc03c39eec828b0cafad575652be6542daf77b0a86ac6771a,train
fee30670d76c0697740896d58406e1e3f32984712e931bc7bf22abc8656fe1c9,val
fee406721f7b22df43ddfbfff57c87f28d9e94c0502fc79e4f7755532659b367,test
fee9152d016521e46c1e01c6c3f4b173c6dbf5e8c4d928e626211e2c58c06567,val
feeb6df86c8e5e27a942dcccf128c63f65a5e2f1a7f9c11531dd9267b0512674,train
feed569904976a2d9cf2547664c5935847ed501c47b00c7aeb8f822499489110,train
feef80950c8a6c2cc1280f59c3f1e4ee055289d80c48c3b8ea3e92fd2cdb9690,test
fef9d393a1688c4a5899ae796b7a9c48b291dc6b2d6ecc5b5ea5a1f82ad5f20d,train
fef9f6f86fba468007abc74a876ed181aa73cb751a68bfb006e479da38bf494e,train
fefde2efee554260dfa7e037c1518612af05c5278fd05cee7d6dc7b676864d90,train
ff01f51bd85debc7263cd12329d324252e4038a38577f1f2b0857931074c7e2c,train
ff03b8d392bddc8e08b97568d0a130fc79da07d94864f0ebb39e4861dd2ae2e0,val
ff0efcdbfd67cf4df948bc83ec324b91b7270969140c542be4e665250d453434,val
ff0f3280fcdf022b478228b0d8f2aa907c2ce3034bf6f95a2a6541f59ee86137,train
ff1138dc87fa59ae7729bce60ec44d50257a1d50b38a7869ac67b256a008fa17,train
ff2558b6573b5598fa41d839eb9a1f1a8f5d76fbfb4acdd66726173ef4777872,test
ff3e17b2b9128ad726346943798881be072bbbbbd9da87ae3a4d0672767849bf,train
ff41bbdf82bc7d27231ca3e30abf60b90b0e5f360598c5e8bb1b457208b7e42c,val
ff4abdbb479e99b1143e99965bac1f18eaecdcce2c77a08655d97a1c85a96e49,test
ff4d48d6a028d4dd4b5ce2e7d1a4a710fc12bbc427ef45f1fe2f700999e067c7,train
ff524ad7eaf7dba1174a0bc69c426589dd16e8ce40a09ad9b9045d7b867f2f27,train
ff531088f2347e4e23695cceee0c27b54cc9d923bb9b75f695660a97e7b22d0d,train
ff577a56b29bf85f68b6570c37171989ee04430a4136cec92625c697ff36d358,train
ff62d79bf2d28089157f7f4f997c0bdb20e673012244f300a61ae26018a091d2,train
ff6b4b85e940373bc5f50f349b0bc6bf4806801c8844bb668e42add3b6476871,train
ff6c1680ebb117c90ae5a3e7b28e1a39cd537969999fb0e4f8a72bc9d1863a1b,test
ff6d12487ea42cd46d8a855f61b9d899f9217997dd1b3518933bb86b9feea827,test
ff6dc41f77aed2edafc8a807cb8cdcab21fcecd42f2e97f8394bbb0697d81d86,train
ff6fb361ac452b63b6153169a0da4e33540b40c74fce476e7ed81fdbf176663e,train
ff700cb6f0059ab214ad873417378b3d4e4682295e8c930a34f405f0906b6b6c,train
ff74c4264e931be9c0b9a49df117f83aef4a1f04b7e1c65456928b02f2f2746c,train
ff75f973cb6a3fb68896beb9b1dbd157cb3cb0099c9fbcccabcee557cbb2d14b,train
ff79505dc493bb884e80677e8dbb42631dd0c555a0b521a95dac9b979c175d83,train
ff79c5381ba3921ee798bd4cc1b9d776899c6d7a63a64ee4577ce3eabd87ce27,train
ff7e7000d838fbc4eec72aaa9d817294c521d4a18f30a36ef9353a0d73194208,train
ff8037186421ee94a4b652314d37f6653946eafe4a4548d2b34995dce740fa72,train
ff84323fa572ae371a394075746e063fa39dda85a7b830e26f86060e1b0fbd3c,train
ff8573f54e273569b907972d1f3bd44239a4563c323e221b655a30be09feab8d,train
ff8d1c391e42a483ffb4c9b46f13d0d858b59eb1e828f671930f31b0faf0da5c,test
ff90145b1f3201aa707e40f56158bceac62f4c3cff94f1f475a7892c7e1aa7e7,test
ff92bafce69cd11c55065d8ae62841d553ec2e87e83822fdd1629eb3dd0767ef,test
ff93b81802fecd3b7db8ec80d192108630aa935d0a12b8bbf9330584739d6158,train
ff973c546b66520a18ad5a960efae74eabbcdab381ffc9c36c6a02176b91263f,val
ff9f9d8903d187fdefc9289ad827dfde71d42e73ca31a8842a6466e7f0fd5b88,train
ffa0912adc13ecdb771a849b24aee455f4e8ce8b82c8bbd5f347ae72e6a7fbef,train
ffacd1ac4b29e036f9b778e5508e71bb13cdabb07488fbeb5034e1ff6f57b8ed,train
ffb87b484a5c9af156012d3d63b8d8dca915c521eee9bfe6e28004dc5dc6046c,train
ffb9aa5966c9515977f679039a04a895e32596eef2f9f3c513e76bd7e2eb1e88,train
ffbcbeb3f1cc34a3e0c081582962a6a698280f3d7b2ca6dcb987e12481c726b9,test
ffc079c0e21572bd9e5114c2749a5caa1753037d06eed51bc2a12f6ce1de6549,test
ffc4162c9b088814d0e075d1b440107cd2d4a31f13cbf4b33fdf85173fe067dd,train
ffcad38cd57a4b429daaea1e95dac50b375dd3d47ef56eeb0f9f909b89a601a9,val
ffcd9b367587ad2a92282364f3984a5e388b52439589a5776aecf6c366aca088,test
ffd03873969c71d5db5355c5ece6aad6d57c1fd975ee8acf9251d4f9275eb080,train
ffda4d1468e5e21387cd245d695fe3432c35291d51079c60d441f7bd12d530a0,train
ffdd0783bb17c5aec1be519b84143e31d33d43f36e54b561334d637d6b50ea01,test
ffe079ebd1a1d0771e656c0f6ff37c61d1d0190428b26e77d0609999e04c1bc4,train
ffe1cfb71f7bab8169d2ad3748cc67d0ab8adb0c319f2e5f58140bbdb25aa884,train
ffe3a861ebbee0ccf9b7bb5c36bd22f4af85fe0d618486b2854bf4fb79fce302,train
ffe573454eaa4ce3cd51c449152a76b20a59ee24f07a63a777752ca01a711e4c,train
ffee57bd03300bd54e2ccc3c67a19fb6e2de185c40c5a60a1a4a704cc5e11b36,test
ffef81a7807036e7ac57fe12147d48bfcd47a053946bb8b2df4a32f04c595211,train
ffefef7d290aa31696e907b16ee5bb51b795e191ad10f293ab5880aa3f870219,train
fff19fd87a9d94d119de6e817447bcc15e44ce816cb089e25323a6b3672c8f69,train
