Drug_ID,Drug,Y,split,d3d_asphericity,d3d_eccentricity,d3d_inertial_shape_factor,d3d_npr1,d3d_npr2,d3d_pmi1,d3d_pmi2,d3d_pmi3,d3d_radius_of_gyration,d3d_spherocity_index
CHEMBL1204759,Cc1nn(-c2ccccc2)c(NC(=O)NS(=O)(=O)c2ccc(Cl)cc2)c1C#N,3.0,train,0.3705775064960468,0.9576828727306193,0.0004103136895293,0.287825494490027,0.8672293689105087,2113.5764929151887,6368.287879927317,7343.256707193543,4.361982350498636,0.1628528170761819
CHEMBL1807872,O=c1[nH]c2c(O)ccc([C@@H](O)CNCCCOCCNCCc3cccc(Cl)c3)c2s1,3.0,train,0.8383730834201689,0.9983619822830028,0.0007323499334057,0.0572132181576369,0.9659698166195496,1319.0003474532905,22269.583232323475,23054.11913413276,7.074284146205755,0.0818098989901972
CHEMBL945,N=C(N)NC(=O)c1nc(Cl)c(N)nc1N,3.0,train,0.3941259681023366,0.9598812732972049,0.0012233434310069,0.2804067423820919,0.721898018923427,590.1025015756982,1519.199657006753,2104.451899275675,3.029035306454948,0.0240212044141435
CHEMBL213029,COc1ccc2c(c1)c(CC(=O)O)c(C)n2-c1ccnc2cc(Cl)ccc12,3.0,train,0.2863049571930814,0.936483724384181,0.0003894270926836,0.3507110405498138,0.8140005515096084,2090.251466327212,4851.475002659482,5960.038962703597,4.115697305025686,0.2777997220562813
CHEMBL2216830,C=CC(=O)Nc1cccc(CN2C(=O)N(c3c(Cl)c(OC)cc(OC)c3Cl)Cc3cnc(NCCCCN(CC)CC)nc32)c1,87.1,train,0.2639086147309368,0.9260463024767036,9.793634424270404e-05,0.3774099172905047,0.7269889698270731,7423.076442647913,14298.76229732024,19668.472137509118,5.614084517839484,0.1296064948619442
CHEMBL2031235,Cc1ccc(NC(=O)c2ccno2)cc1-n1cnc2ccc(N3CCN(C)CC3)cc2c1=O,3.0,train,0.7231992512055309,0.9946776676865808,0.0006820446401936,0.1030356123172179,0.947451855966544,1389.134669686017,12773.624491398825,13482.08292691326,5.576460353618306,0.0876435369174467
CHEMBL337962,CNC(=O)c1cccc(NC(=O)Nc2cccc(C#N)c2)c1CN1CCC(Cc2ccc(F)cc2)CC1,14.0,train,0.2780023922424419,0.9307085085734196,0.0001431969361931,0.3657617695564166,0.7233680191787438,5051.5607275492175,9990.485013455682,13811.068154212991,5.373713135753295,0.1924446201673561
CHEMBL345937,CC1Sc2c(C(=O)O)c(=O)c3cc(F)c(N4CCNCC4)cc3n21,13.8,train,0.4997248320047612,0.9778246253351184,0.0007557850919605,0.2094254093662838,0.8281785068089997,1095.7857142440555,4333.314564604968,5232.343666224058,3.9060666119679337,0.1259834353079916
CHEMBL1016,CCOc1nc2cccc(C(=O)O)c2n1Cc1ccc(-c2ccccc2-c2nnn[nH]2)cc1,3.0,train,0.3644314436737281,0.9564139629505748,0.0003500426791827,0.2920142658727084,0.8153784923341161,2329.3687907938483,6504.193235393371,7976.900662138339,4.368377076838359,0.2098120595959789
CHEMBL1734492,NC(=O)NC(=O)C(Nc1ccc2c(c1)CCC2)c1ccccc1,27.54,train,0.3457230960908626,0.9522837987545923,0.0006632770690253,0.3052139686015748,0.8123777930614715,1224.7940280148846,3259.993223745488,4012.902927171482,3.7059286350096032,0.2164642196699725
CHEMBL1934415,Cc1ccc(S(=O)(=O)Nc2c(C(=O)N[C@@H](C)C(C)(C)C)c(C)nn2C2CCCCC2)cc1,33.0,train,0.2541983421101288,0.9254854292176492,0.0003403872128221,0.3787832101688557,0.8596471774949968,2525.4978598273087,5731.608605361325,6667.396526634538,4.024873465303099,0.2748235973027824
CHEMBL1017,CCCc1nc2c(C)cc(-c3nc4ccccc4n3C)cc2n1Cc1ccc(-c2ccccc2C(=O)O)cc1,3.0,train,0.3062219667962432,0.9420881016336652,0.0001689406310644,0.3353654853443883,0.7959931605183801,4711.673891016649,11183.202672126235,14049.370304693728,5.393796680137808,0.2559117832661262
CHEMBL390191,Cc1nc(CSc2nc(N[C@H](C)CO)c3sc(N)nc3n2)cs1,3.0,train,0.4203545557601896,0.96666205540143,0.0004825675437264,0.2560556006946202,0.8049723433605364,1668.1029501993744,5244.082680269319,6514.612239194116,4.2682005864963415,0.1557980531258983
CHEMBL2207671,CS(=O)(=O)c1ccc2c(C(=O)NC[C@@H](O)CN3CCC(Oc4ccc(Cl)c(Cl)c4)CC3)c[nH]c(=O)c2c1,6.0,train,0.8288807296028592,0.9981342304774612,0.0005386600504169,0.0610578246350643,0.9805334827782044,1820.3196654722876,29232.68871800211,29813.044869386184,7.316701878104578,0.1187073701494633
CHEMBL2207667,NC(=O)c1c(OC2CCN(C[C@H](O)CNC(=O)c3c[nH]c(=O)c4ccccc34)CC2)ccc(Cl)c1Cl,10.0,train,0.6517373124421847,0.9910209950429404,0.0003567803986723,0.1337063475834278,0.889499486615598,2493.1287983466373,16585.87513814311,18646.300967805717,5.946617308588829,0.0782668632806124
CHEMBL2207283,Cc1c(Cl)ccc(OC2CCN(C[C@H](O)CNC(=O)c3c[nH]c(=O)c4ccc(S(C)(=O)=O)cc34)CC2)c1Cl,3.0,train,0.748495508940412,0.9956564768061076,0.0003519691694398,0.0931030622162815,0.9740700666009418,2767.4869027624213,28954.21576391077,29724.982582564848,7.2624646337642,0.1237947082404948
CHEMBL2207666,O=C(NC[C@@H](O)CN1CCC(Oc2ccc(Cl)c(Cl)c2)CC1)c1c[nH]c(=O)c2ccccc12,17.25,train,0.6854637008677915,0.9926351422705838,0.0005191500053207,0.1211423721472295,0.990460102676938,1907.849547386413,15598.578970369876,15748.82110668694,5.822984497725339,0.2274591606727714
CHEMBL2207286,CN(C)S(=O)(=O)c1ccc2c(C(=O)NC[C@@H](O)CN3CCC(Oc4ccc(Cl)c(Cl)c4)CC3)c[nH]c(=O)c2c1,86.0,train,0.7789229812788007,0.9967570483936156,0.0003738929340947,0.0804697861165765,0.9679973851412172,2588.969453207189,31143.5606065168,32173.18670956264,7.426256736783484,0.0975758912326012
CHEMBL2207672,Cc1c(Cl)ccc(OC2CCN(C[C@H](O)CNC(=O)c3c[nH]c(=O)c4cc(S(C)(=O)=O)ccc34)CC2)c1Cl,13.0,train,0.7687661242398106,0.9963819344857904,0.0003889284418786,0.0849884735146723,0.982320432097543,2525.7099412749963,29192.85849319304,29718.26456959436,7.26188238550945,0.1192600905184499
CHEMBL2207282,NS(=O)(=O)c1ccc2c(C(=O)NC[C@@H](O)CN3CCC(Oc4ccc(Cl)c(Cl)c4)CC3)c[nH]c(=O)c2c1,3.0,train,0.3656082122841066,0.9559555140332276,0.0001464552794445,0.2935115929387929,0.7726199790125746,5275.466899811537,13886.780704651386,17973.623620759845,5.71015016731452,0.1623125327407999
CHEMBL2207284,CNS(=O)(=O)c1ccc2c(C(=O)NC[C@@H](O)CN3CCC(Oc4ccc(Cl)c(Cl)c4)CC3)c[nH]c(=O)c2c1,14.0,train,0.7965778368377664,0.9972492212075124,0.0004347985981254,0.0741214597873655,0.9943782228914116,2286.9858071725107,30681.11298992144,30854.5705080992,7.395274295629996,0.138257074206463
CHEMBL2207656,O=C(NC[C@@H](O)CN1CCC(Oc2ccc(Cl)c(Cl)c2)CC1)c1c[nH]c(=O)c2c(F)cccc12,6.0,train,0.7750725594786021,0.9966442099393024,0.0005693248210407,0.0818554750426865,0.9597741692548104,1685.8112166976637,19766.522143847767,20594.97200179384,6.430742792177066,0.1120424469079736
CHEMBL2207670,CS(=O)(=O)c1ccc2c(C(=O)NC[C@@H](O)CN3CCC(Oc4ccc(C#N)c(Cl)c4)CC3)c[nH]c(=O)c2c1,3.0,train,0.8480286018012412,0.9985582257349804,0.00059238638462,0.0536793239246561,0.9759240520514202,1647.445109119788,29951.593814429296,30690.49661340981,7.463964292551338,0.0582349754272941
CHEMBL2207669,N#Cc1ccc(OC2CCN(C[C@H](O)CNC(=O)c3c[nH]c(=O)c4ccccc34)CC2)cc1Cl,21.5,train,0.832287632782882,0.9982277324466836,0.0007983322645781,0.0595096141337903,0.9643329311966872,1207.934307535833,19574.1620649772,20298.13711814931,6.535075153231023,0.0680125011431709
CHEMBL2207280,O=C(NC[C@@H](O)CN1CCC(Oc2ccc(Cl)c(Cl)c2)CC1)c1c[nH]c(=O)c2ccc(F)cc12,8.0,train,0.7009895502294333,0.9936468626681926,0.0004727179083768,0.1125429354053743,0.9469332237322828,2003.1676544340728,16854.59862813308,17799.14169839944,6.004404888239738,0.1370526656994016
CHEMBL2207276,Cc1cc(Cl)ccc1OC1CCN(C[C@H](O)CNC(=O)c2c[nH]c(=O)c3cc(S(C)(=O)=O)ccc23)CC1,14.0,train,0.8625650680779791,0.9988356165723826,0.0007420690379919,0.0482432489211512,0.976904315759566,1316.460148240433,26657.73199569301,27287.96624771384,7.100427124995114,0.0733135001694742
CHEMBL2207278,O=C(NC[C@@H](O)CN1CCC(Oc2ccc(Cl)c(Cl)c2)CC1)c1c[nH]c(=O)c2cc(F)ccc12,9.0,train,0.7494901371722914,0.995654798051872,0.0005072274109432,0.0931210132906966,0.9863433680040996,1944.578204419012,20597.08918229347,20882.270668045752,6.535166523975706,0.1797307400186568
CHEMBL2207281,O=C(NC[C@@H](O)CN1CCC(Oc2ccc(Cl)c(Cl)c2)CC1)c1c[nH]c(=O)c2cc(S(=O)(=O)NCCO)ccc12,6.0,train,0.8452867041629977,0.9984940086637496,0.0004606602276064,0.0548608664039859,0.9846288626989422,2137.42972301959,38362.04448136067,38960.91810289554,8.047222181456144,0.0931928458945813
CHEMBL1429296,COc1ccccc1CN1C(=O)c2ccccc2C1C(=O)NC1CCC(C)CC1,150.0,train,0.196417136559574,0.890777647050125,0.0002612031394859,0.454439416771744,0.6858496785238043,2625.7329060957154,3962.812210102929,5777.960293912113,3.969074226190269,0.2361827312695468
CHEMBL522460,Cc1ccccc1CN1CCC(N2CCC(n3c(=O)[nH]c4ccccc43)CC2)CC1,24.0,train,0.6954591953048179,0.9933418204536466,0.0007925478863562,0.1152042869768104,0.9558945257688302,1206.1031796622651,10007.504557392109,10469.2560608013,5.176699150779056,0.1811184228934085
CHEMBL598191,N=C(N)c1cc2c(OCc3ccccc3)cccc2s1,11.0,train,0.4123848718122875,0.9642015401422752,0.0007251124613257,0.2651704923012071,0.7505680520663524,1035.1057140764794,2929.878331313854,3903.5478838297854,3.7327088722757336,0.0409303644154856
CHEMBL1892766,N#Cc1cn(Cc2ccco2)c(=O)[nH]c1=O,3.0,train,0.3014580384324812,0.940853085969074,0.0013690186553249,0.3388148028384684,0.8029361253525272,586.5048823326285,1389.9214372431566,1731.0485770370772,2.9215289754475897,0.3624778810610083
CHEMBL134074,Cc1ccc2c(c1)C1(CCN(CCc3nc(-c4ccccc4)oc3C)CC1)OC(=O)N2,79.43,train,0.7028390820021279,0.9937616129626128,0.0007380830486573,0.1115251388788469,0.93641870895498,1268.7172678716936,10652.760426507206,11376.065348369024,5.28210636980205,0.130488394534234
CHEMBL2158817,O=C(O)C(c1ccccc1)N1CCO[C@@H](CN2CCC(Oc3ccc(Cl)c(Cl)c3)CC2)C1,3.0,train,0.7392460208535723,0.9953412748109391,0.0006291687896318,0.096414452535574,0.9533705441864546,1515.2858182051768,14983.530239589978,15716.376314495812,5.7964826468202055,0.1489668086349863
CHEMBL1208,CCn1nc(C(=O)O)c(=O)c2cc3c(cc21)OCO3,3.0,train,0.3931519746318822,0.9614380474126996,0.0010566498367265,0.2750216009466447,0.7752703536275851,733.7060269931387,2068.275833780833,2667.8123626204933,3.2295109518805,0.1097444387290132
CHEMBL437526,CCO[C@@H]1OC(=O)C[C@@H]1NC(=O)[C@@H]1CCCN2C(=O)CC[C@H](NC(=O)c3nccc4ccccc34)C(=O)N12,3.0,train,0.4966063995667298,0.9773698971918532,0.0003210066696971,0.2115374294615172,0.9098154649599078,2834.257200382472,12190.046173606604,13398.372134885369,5.21002800470101,0.2551717067124025
CHEMBL1084863,NS(=O)(=O)c1ccc(Nc2nccc(-c3ccccc3)n2)cc1,3.0,train,0.7992962930301923,0.9973965883578072,0.0017655534166321,0.0721113412176388,0.9491926682128768,537.6176440039507,7076.594574080776,7455.382675262824,4.8047783350415365,0.0511686933158628
CHEMBL1300857,Cc1[nH]c2ccc(-c3nnc(SCC(=O)N4CCCc5ccccc54)o3)cc2c1C,150.0,train,0.5808078383390967,0.9853188164298348,0.0007075035502106,0.1707244270434354,0.980822126385992,1386.3140702176422,7964.45791464714,8120.185811869432,4.56861134057797,0.2125367632596167
CHEMBL1276308,CC#C[C@]1(O)CC[C@H]2[C@@H]3CCC4=CC(=O)CCC4=C3[C@@H](c3ccc(N(C)C)cc3)C[C@@]21C,79.0,train,0.137188129282139,0.8556401891845826,0.0002100366752597,0.5175711223128387,0.740557197683614,3525.8470777432185,5044.893964884383,6812.294824308356,4.231281023836703,0.4824589154021848
CHEMBL70972,CC1=C(C)C(=O)C(C(CCCCCC(=O)O)c2ccccc2)=C(C)C1=O,3.0,train,0.2958844326177214,0.9394427409640648,0.0003876227072588,0.3427059037278535,0.8312621049787581,2144.513439001641,5201.698412745652,6257.591175623933,4.380665877437993,0.2917121282097671
CHEMBL1478592,Cc1c(C(=O)Nc2ccccc2)sc2ncnc(O)c12,5.0,train,0.6658216502571301,0.9918150007264728,0.0016712289988036,0.1276832186857252,0.8730987615217605,522.4291597062962,3572.3743262231524,4091.603932637256,3.787559668815629,0.0084201365733362
CHEMBL2070137,CCS(=O)(=O)c1ccc2[nH]c(-c3cccc(-c4ccccc4)c3)nc2c1,14.45,train,0.751207868129974,0.995811570280951,0.0011537442425964,0.0914292977911715,0.9518483143604765,825.0080730356183,8588.959585431327,9023.454111175306,5.043228537877929,0.0989109212274492
CHEMBL2158834,O=C(O)c1cccnc1N1CCC(CN2CCC(Oc3ccc(Cl)c(Cl)c3)CC2)CC1,4.0,train,0.7625602692171718,0.9961813564704496,0.0007077266151652,0.0873081039806421,0.9749983764445066,1377.6483115826302,15384.652808431105,15779.157360788427,5.919168138869205,0.1666010887392287
CHEMBL2011440,COc1nc(Cl)c(Cl)nc1NS(=O)(=O)c1ccc(Cl)s1,10.0,train,0.2954378291527818,0.9371452295156724,0.0004796989982154,0.348939563242716,0.7394707562120055,1541.5307494136111,3266.803277907576,4417.758579990399,3.508943712766273,0.1904775251767863
CHEMBL2011441,COc1nc(Br)cnc1NS(=O)(=O)c1ccc(Cl)s1,3.0,train,0.5361810377700501,0.9818290833348596,0.00088454792681,0.189767360517633,0.8987545599186508,1016.0608969598766,4812.151899076821,5354.244766794156,3.8125264015458575,0.2189218752422078
CHEMBL2208435,O=C(NC[C@@H](O)CN1CCC(Oc2ccc(Cl)c(Cl)c2)CC1)c1cnnc2ccccc12,8.0,train,0.6964878814212284,0.993423333410812,0.0004878594656754,0.1144992604122423,0.9468520899709636,1940.8295966135615,16049.69807852635,16950.586314931756,6.062262667435028,0.189236140346241
CHEMBL255536,COc1ccc(CC(=O)NC(N/C(=N/C#N)Nc2ccccc2C)C(C)(C)C)cc1OC,150.0,train,0.2202858625370976,0.910483841310118,0.0002455987709632,0.4135446465778173,0.7647218040845613,3113.703709042147,5757.823580761653,7529.304840018613,4.3291942952902245,0.2444372047735723
CHEMBL1397672,Cc1[nH]c2nc(NCc3cccc(Br)c3)nn2c(=O)c1Cc1ccccc1,15.0,train,0.7728878055785101,0.996562214135008,0.0009191676736982,0.0828477721989597,0.9653256507046392,1050.2171457146917,12236.91986712146,12676.468151643048,5.531334985678851,0.1262364387456038
CHEMBL114500,COc1ccnc(NC2CCN(C(=O)c3ccc(C#N)cc3)CC2)c1,3.0,train,0.7528838717342989,0.9958136959081184,0.0013608648216346,0.0914061433483182,0.9780888054711632,718.725908644111,7690.705894548922,7862.993474139774,4.917975706610146,0.1400777196455396
CHEMBL112747,COc1ccnc(NC2CCN(C(=O)c3ccccc3)CC2)c1,3.0,train,0.7927554894537338,0.9971514221926632,0.0020019123958878,0.0754257331363034,0.9873571628535665,493.20697792856015,6456.303733198172,6538.974928321553,4.653907586178039,0.1248780480339269
CHEMBL570015,COc1cccc(Nc2c(C(N)=O)cnc3c(C)cc(S(=O)(=O)c4cccc(C(=O)N(C)C)c4)cc23)c1,150.0,train,0.4602619903708143,0.9726065299484034,0.0003144372601155,0.232457604525482,0.91023711593617,2894.813151601912,11335.25564658124,12453.08002511306,5.0721183523985856,0.2749781030124711
CHEMBL1945037,O=c1[nH]c2c(O)ccc([C@@H](O)CNCCc3cccc(CNCCCc4ccccc4)c3)c2s1,9.0,train,0.6712659024246391,0.9917959233354116,0.0004764223655957,0.1278313203219712,0.9943829150409216,2087.1877284715665,16235.956981807623,16327.670896416672,6.022765227778772,0.2130583369392494
CHEMBL1921926,C[C@@](C(=O)O[C@H]1C[N+]2(CCCc3ccc4ncsc4c3)CCC1CC2)(c1ccccc1)N1CCCCC1,38.0,train,0.5730716184205897,0.985039345691865,0.0003610879945703,0.1723295895629717,0.9426197987222064,2610.4988614860918,14279.079510482965,15148.29152733621,5.5569823812191546,0.220477239381025
CHEMBL2171015,O=C(NS(=O)(=O)N1CCC(N2CCC(Oc3ccc(Cl)c(Cl)c3)CC2)CC1)c1ccccc1,12.0,train,0.8013357453911992,0.9974338696301522,0.0006353432272148,0.0715938245564539,0.9705333184925676,1527.573250048059,20707.941568906896,21336.66219833697,6.5201872687708535,0.1301128364542323
CHEMBL1448843,O=C(CSc1ccccc1)N1CCN(C(=O)c2ccco2)CC1,12.3,train,0.3792772592582943,0.9590094218155464,0.000756616960824,0.2833741852551342,0.9012090863086564,1191.103468427497,3788.041834206447,4203.288550631718,3.7276744086691775,0.4049836450653649
CHEMBL2169919,CC(C)N(CCCNC(=O)Nc1ccc(C(C)(C)C)cc1)C[C@H]1O[C@@H](n2ccc3c(N)ncnc32)[C@H](O)[C@@H]1O,150.0,train,0.6743686926163632,0.9923221418186502,0.0003427942439535,0.1236800988698133,0.916545147625191,2673.74719322695,19814.101365719045,21618.249157783725,6.392426681351633,0.0932873083966626
CHEMBL855,Cc1ccc(/C(=C\CN2CCCC2)c2ccccn2)cc1,8.0,train,0.1949459054064005,0.8770057417369258,0.0003639807471075,0.4804798944393663,0.6242097290430159,1714.9526012115848,2227.96023499166,3569.2494546782777,3.673107572978561,0.2153083386112691
CHEMBL1069,CCCCC(=O)N(Cc1ccc(-c2ccccc2-c2nnn[nH]2)cc1)[C@H](C(=O)O)C(C)C,3.0,train,0.3541230986237175,0.9512975994114952,0.0004705543812833,0.3082740296455837,0.9738340372840428,2069.5462119129693,6537.672165281524,6713.332985890132,4.193862226729601,0.310353321974975
CHEMBL1345333,c1ccc(Nc2[nH]nnc2-c2ccccc2)cc1,119.0,train,0.4521993118021677,0.9717884275046632,0.0013765648584795,0.2358543028397279,0.8450268232943529,613.8663340772254,2199.3811940973037,2602.735361136792,3.385415676683903,0.1628736635130095
CHEMBL1232461,CCNC(=O)C[C@@H]1N=C(c2ccc(Cl)cc2)c2cc(OC)ccc2-n2c(C)nnc21,14.13,train,0.1718109527581376,0.872499478380192,0.0002045715443274,0.4886150429799443,0.6745931130938051,3297.590167349972,4552.728469294071,6748.851093979364,4.149686841957256,0.3084305887432562
CHEMBL2153435,CCNC(=O)C[C@H]1N=C(c2ccc(Cl)cc2)c2cc(OC)ccc2-n2c(C)nnc21,11.48,train,0.0905971705699254,0.7829355702279469,0.0001732320067741,0.6221027992798616,0.6919690019477153,3994.463926345484,4443.068283295078,6420.906530189907,4.186372162467068,0.4093690052531692
CHEMBL1800657,CCCN(CCNCCc1ccc(O)c2[nH]c(=O)sc12)C(=O)CCOCCc1ccccc1,150.0,train,0.6922371611999545,0.9932357067177806,0.0003964946365705,0.1161155928410598,0.9360985580658844,2360.9362440880004,19033.35253863299,20332.63738591657,6.651134198914611,0.1048129716060723
CHEMBL1800660,CCCCN(CCNC[C@H](O)c1ccc(O)c2[nH]c(=O)sc12)C(=O)CCOCCc1ccccc1,150.0,train,0.653606598106997,0.9909898770567817,0.0003793310072566,0.1339367894604939,0.9540398043510244,2515.0588433324588,17914.915360368257,18777.95379046547,6.251323484091808,0.1604270144356686
CHEMBL1800658,CC(C)N(CCNCCc1ccc(O)c2[nH]c(=O)sc12)C(=O)CCOCCc1ccccc1,60.0,train,0.5590111537115975,0.9840243085989724,0.0002868774683567,0.1780341542691013,0.9012517624944966,3141.5913130328604,15903.491773991944,17646.003520674454,6.236885924921243,0.1365538601130462
CHEMBL1800659,CCCCN(CCNCCc1ccc(O)c2[nH]c(=O)sc12)C(=O)CCOCCc1ccccc1,141.0,train,0.283768815616135,0.935480044412695,0.0002084627572529,0.353379521910399,0.8661447881962826,4154.913806236635,10183.829892636282,11757.653029170522,5.183386325570043,0.3697843485079665
CHEMBL1800656,CCN(CCNCCc1ccc(O)c2[nH]c(=O)sc12)C(=O)CCOCCc1ccccc1,82.0,train,0.4269416667284387,0.9676747820629478,0.0002358291465043,0.2522013405186944,0.8013886900667491,3398.174915805248,10797.955866507344,13474.05572395583,5.498572246009234,0.1165676155612942
CHEMBL1800472,CN(CCNC[C@H](O)c1ccc(O)c2[nH]c(=O)sc12)C(=O)CCOCCc1ccccc1,35.0,train,0.8060389900515441,0.9975749534465504,0.0007418792213078,0.0696003754020984,0.9614046421756092,1295.9045280723178,17900.602143412507,18619.217505445333,6.41425649372853,0.0765993915874147
CHEMBL1783112,COc1ccc2nc(C)cc(-n3cc(CNC(C)=O)nn3)c2c1,7.08,train,0.3915857000420326,0.9610078090668904,0.0005370540661883,0.2765212304913586,0.7693237421163766,1432.4884412039094,3985.398756425272,5180.392256531185,4.125548886441108,0.0811579237498953
CHEMBL72,CNCCCN1c2ccccc2CCc2ccccc21,10.47,train,0.1639140335880058,0.8689953452832712,0.0005437340468996,0.4948202601713155,0.686942249678944,1263.379134699952,1753.9065694031024,2553.208177576536,3.2335123522846745,0.3456058706706045
CHEMBL11,CN(C)CCCN1c2ccccc2CCc2ccccc21,13.49,train,0.1868427336366598,0.8835338466066792,0.0004761881827753,0.4683673151495575,0.6778098891761342,1423.4076226456043,2059.9212023362584,3039.084019325914,3.410268109377333,0.2785891152660071
CHEMBL1081917,Cc1cc(CN(CC(=O)Nc2ccc(Cl)cc2Cl)C2CCCCC2)ccc1OCC(=O)O,101.0,train,0.4036126464173249,0.9635542693541866,0.0002267580683929,0.2675129342841571,0.7867411434455972,3469.517750884748,10203.664992274427,12969.532707526443,5.271369005995271,0.1291598264226736
CHEMBL1807820,O=c1[nH]c2c(O)ccc([C@@H](O)CNCCCSCCOCCc3cccc4ccccc34)c2s1,70.0,train,0.7335625870912719,0.994965366475157,0.0004670506839732,0.1002193569873442,0.9945318489776208,2129.3874157663804,21131.08352969424,21247.266793332965,6.680302693744239,0.1568581950940263
CHEMBL2171043,O=C(NS(=O)(=O)c1cccc(Cl)c1)N1CCC(N2CCC(Oc3ccc(Cl)c(Cl)c3)CC2)CC1,6.0,train,0.8052841583708519,0.9975201454222912,0.0005724701185655,0.0703815279508116,0.9853908014225586,1721.2964824986857,24099.3591608386,24456.651235273945,6.77977772151276,0.1542069990435636
CHEMBL2171034,O=C(NS(=O)(=O)c1ccc(F)cc1)N1CCC(N2CCC(Oc3ccc(Cl)c(Cl)c3)CC2)CC1,11.0,train,0.8472869124294484,0.9985295269314948,0.0007241548363958,0.0542105510575703,0.9900028018942458,1367.1148104479205,24966.49575499119,25218.611207181373,6.970868307231417,0.1315499431757094
CHEMBL2171041,CN(C)c1ccccc1S(=O)(=O)NC(=O)N1CCC(N2CCC(Oc3ccc(Cl)c(Cl)c3)CC2)CC1,33.0,train,0.8542301709056609,0.9986717803326208,0.0007129781452995,0.0515235399334477,0.987167025253852,1384.5684215736164,26527.68601984112,26872.54065543718,7.022019745182088,0.1050571422805325
CHEMBL2171036,COc1ccc(S(=O)(=O)NC(=O)N2CCC(N3CCC(Oc4ccc(Cl)c(Cl)c4)CC3)CC2)cc1,3.0,train,0.7861056466601875,0.9969387132874882,0.0005183282610425,0.0781869678954725,0.9900046509245158,1909.9955092805767,24184.39400234376,24428.56604740105,6.823944866750691,0.1445658523947076
CHEMBL2171033,O=C(NS(=O)(=O)c1ccccc1)N1CCC(N2CCC(Oc3ccc(Cl)c(Cl)c3)CC2)CC1,3.0,train,0.6844296985233937,0.9928336129821478,0.0004095719220595,0.1195048824643359,0.9345388623657216,2281.7454323194293,17843.45322597469,19093.323931768016,6.185873783173572,0.1695923726390548
CHEMBL2171035,O=C(NS(=O)(=O)c1ccc(Cl)cc1)N1CCC(N2CCC(Oc3ccc(Cl)c(Cl)c3)CC2)CC1,5.0,train,0.8390376692308484,0.9983589341052448,0.0006358742771177,0.0572663836141191,0.9857919061557576,1550.2937320002352,26686.98312552496,27071.619232090085,7.110938908045602,0.1307403664459814
CHEMBL2171013,Cc1ccc(S(=O)(=O)N(C)C(=O)N2CCC(N3CCC(Oc4ccc(Cl)c(Cl)c4)CC3)CC2)cc1,10.0,train,0.8574430971431322,0.9987325555269874,0.0007809787763517,0.0503317248912952,0.9881449063869732,1265.26473741442,24840.493907319717,25138.51333621284,6.885010296572803,0.0913513676987136
CHEMBL2171050,Cc1ccc(S(=O)(=O)NC(=O)N2CCC(N3CCC(Oc4ccc(F)c(F)c4)CC3)CC2)cc1,3.0,train,0.812081662425528,0.9977129259557682,0.0007091938958357,0.0675937673219936,0.980944180999046,1383.18192917196,20073.21560020203,20463.157832037286,6.5165287981782765,0.118187014091204
CHEMBL2171040,COc1ccccc1S(=O)(=O)NC(=O)N1CCC(N2CCC(Oc3ccc(Cl)c(Cl)c3)CC2)CC1,3.0,train,0.8545146810794003,0.9986842279366216,0.0007310094039552,0.0512817011285111,0.979061211439881,1339.3277926966384,25570.210472281637,26117.070284784502,6.990980018969629,0.0941302534476971
CHEMBL2171014,Cc1c(Cl)ccc(OC2CCN(C3CCN(C(=O)NS(=O)(=O)c4ccc(N(C)C)cc4)CC3)CC2)c1Cl,9.0,train,0.7366043231977611,0.9951918982360484,0.0004063352713757,0.0979442988914165,0.969496237824998,2385.951469441669,23617.208958952917,24360.289434373248,6.649284318215921,0.1511748529002853
CHEMBL2171046,Cc1ccc(S(=O)(=O)NC(=O)N2CCC(N3CCC(Oc4ccc(Cl)cc4Cl)CC3)CC2)cc1,3.0,train,0.7858889469996564,0.9969337233702148,0.0005644038702986,0.0782505668171178,0.9892877204276876,1752.8010924236892,22159.898229742445,22399.85170356942,6.63194537593912,0.137237820482543
CHEMBL2171039,O=C(NS(=O)(=O)c1ccccc1Cl)N1CCC(N2CCC(Oc3ccc(Cl)c(Cl)c3)CC2)CC1,3.0,train,0.8320870141802651,0.998184933756888,0.0006740573814988,0.0602232348911737,0.9971647656334064,1479.347000719884,24494.74373020641,24564.3895316008,6.797364223367737,0.1165509109412755
CHEMBL2171048,Cc1ccc(S(=O)(=O)NC(=O)N2CCC(N3CCC(Oc4ccc(Cl)cc4C)CC3)CC2)cc1,6.0,train,0.7454932080855982,0.9955933156690936,0.0005030301633285,0.0937760619509067,0.9512005089070436,1890.9412958715848,19180.42073347061,20164.434894499227,6.3828958773845565,0.1242964002653612
CHEMBL2171038,Cc1ccccc1S(=O)(=O)NC(=O)N1CCC(N2CCC(Oc3ccc(Cl)c(Cl)c3)CC2)CC1,3.0,train,0.79717470528485,0.9972951393772757,0.0006239293439333,0.0735010542404694,0.9817934034209552,1573.5650406048176,21018.960784769435,21408.74109719121,6.464339829996022,0.1316239986292726
CHEMBL2171037,CN(C)c1ccc(S(=O)(=O)NC(=O)N2CCC(N3CCC(Oc4ccc(Cl)c(Cl)c4)CC3)CC2)cc1,10.5,train,0.7599916853966046,0.9961264554285988,0.0004305962120506,0.0879322739115511,0.9575220811726928,2223.712272369046,24214.69965748672,25288.92036393624,6.823262290654209,0.1256519121046836
CHEMBL2171044,N#Cc1cccc(S(=O)(=O)NC(=O)N2CCC(N3CCC(Oc4ccc(Cl)c(Cl)c4)CC3)CC2)c1,3.0,train,0.7887334650639533,0.997046408674903,0.0005356467199192,0.0768014254325943,0.9791483192279676,1827.974078466348,23305.006859456094,23801.304053538563,6.747065333505015,0.1458911533846958
CHEMBL2171047,Cc1ccc(S(=O)(=O)NC(=O)N2CCC(N3CCC(Oc4ccc(Cl)c(C)c4Cl)CC3)CC2)cc1,3.0,train,0.7904464680062344,0.9970993664889358,0.000558733828758,0.0761107965229816,0.9789741735347636,1752.1297676047463,22536.7473410764,23020.77822921865,6.615410867518534,0.1089345274564142
CHEMBL1020,Cc1ccc(C(=O)c2ccc(CC(=O)O)n2C)cc1,4.0,train,0.4946309119305966,0.9771458765728934,0.0013933718257901,0.2125698376924435,0.9079926319688536,651.6513504598311,2783.5304916879727,3065.587091441789,3.554321899673789,0.2413663100054118
CHEMBL1405928,c1ccc(CSc2nc3cccnc3[nH]2)cc1,28.0,train,0.4219947371730021,0.9670579292194056,0.0014789348005468,0.2545564014788773,0.8809656772622317,595.6758045969934,2061.507530656461,2340.054310700262,3.217764419728115,0.2634418879766909
CHEMBL1945040,COc1ccccc1CNCc1ccc(CCNC[C@H](O)c2ccc(O)c3[nH]c(=O)sc23)cc1,22.0,train,0.6230506921917938,0.9888514617178878,0.0003815017045506,0.1489052942591243,0.966944512614016,2534.574553875287,16458.736197894807,17021.38642206121,6.127515141888958,0.1886321469091685
CHEMBL1778630,O=C(O)COc1ccc(C(F)(F)F)cc1-c1ccccc1-c1ccccc1,3.0,train,0.0406517420989825,0.7041130776448684,0.0002971681811783,0.7100878634996317,0.8137988540571112,2738.512753385247,3138.4827921747096,3856.5829584646426,3.6153492430316536,0.7459027320526743
CHEMBL1240967,CC(C)(Cc1cccc(CC(=O)NCc2cccc(-c3ccc(O)cc3)c2)c1)NC[C@H](O)c1ccc(O)c(NS(C)(=O)=O)c1,99.0,train,0.6523177869314731,0.9910284477915964,0.0002334137271535,0.1336510967698325,0.9233614010648296,3955.900162021861,27330.30707834473,29598.710804704577,7.019839148366322,0.121624196610519
CHEMBL2348645,CNc1nc(C)c(-c2nc(Nc3cccc(N4CCCCC4)c3)ncc2C#N)s1,95.5,train,0.5931784158233375,0.986961610355259,0.0005553560071584,0.1609558314723451,0.8784861366968201,1581.8432237578963,8633.594258670142,9827.809339294943,4.971151629942948,0.0926125394548197
CHEMBL1831130,COc1ccc2nc(C)cc(N3CC(CNC(=O)C4CC4)OC3=O)c2c1,8.91,train,0.4256067254447647,0.9676589849658978,0.0005161397694236,0.2522619448406124,0.8200347071204369,1588.7841931579835,5164.703623200386,6298.152478614366,4.285115225417852,0.0974747895121151
CHEMBL106309,O=C(O)CCCCCCc1ccc(Cc2ccc3ccccc3n2)cc1,5.37,train,0.8384500114560052,0.998335369051207,0.0016211339664202,0.0576757392790961,0.993717295214176,612.9766668256647,10561.20862950378,10627.981097206848,5.6012333937262575,0.1224606834173435
CHEMBL1916278,Cc1ccc(S(=O)(=O)Nc2c(C(=O)NC3CCOCC3)c(C)nn2-c2ccccc2)cc1,6.0,train,0.3015699049376377,0.9406270542808454,0.0003869179729101,0.3394418135040816,0.8789082286040167,2271.562165989525,5881.699307648055,6692.0517025879335,4.040991134297807,0.3632125816017652
CHEMBL256963,Clc1ccc2ncc(-c3cccc(NC4CNC4)n3)n2c1,3.0,train,0.3032558967338709,0.9408879540599608,0.0005983990673703,0.3387179621821984,0.7788670542686764,1301.584672735857,2992.936699913564,3842.679804609025,3.684105571047064,0.1756743380392922
CHEMBL2107729,O=C(Nc1ccc(S(=O)(=O)N2CCOCC2)cc1)c1cc(Cl)ccc1NS(=O)(=O)c1ccc(Cl)s1,3.0,train,0.5839778689118504,0.9862109990972856,0.0003047220161455,0.1654927951891978,0.8964342763511821,2941.8100066747984,15935.07029403491,17776.060905319817,5.638166257600531,0.1571123248781627
CHEMBL402986,C[C@H](CO)Nc1nc(SCc2ccccc2)nc2[nH]c(=O)sc12,4.0,train,0.1240138073272412,0.8446280681155841,0.0003617110513595,0.5353535528520721,0.7517599294408649,2078.3438233785314,2918.474338487534,3882.1892790404554,3.569399086631168,0.3276426492211768
CHEMBL271012,C[C@H](CO)Nc1nc(SCc2ccccc2F)nc2[nH]c(=O)sc12,3.0,train,0.162609567562493,0.8773803229944027,0.0003730761485669,0.4797955489812691,0.7560424692571177,2026.5097947463596,3193.2923772362583,4223.694444538236,3.5896177307606347,0.2747445214322878
CHEMBL403225,C[C@H](CO)Nc1nc(SCc2cccc(Cl)c2F)nc2[nH]c(=O)sc12,8.67,train,0.1874054418911088,0.8954785402922958,0.0004039491938543,0.445104688669957,0.8348558009890683,2066.7346628993405,3876.448544234715,4643.255206039436,3.6336945005271777,0.3811540171900061
CHEMBL2349318,CCC[C@H](CO)Nc1nc(S[C@@H](C)c2cccc(C#N)c2)nc2[nH]c(=O)sc12,52.48,train,0.3458293809152588,0.952140477626951,0.0003524927166849,0.3056607774385219,0.7986464527091564,2265.710509482807,5919.966822135848,7412.499989268375,4.332249105761613,0.2535233863626743
CHEMBL1921923,C[C@@](C(=O)O[C@H]1C[N+]2(CCCc3cncnc3)CCC1CC2)(c1ccccc1)N1CCCCC1,79.0,train,0.5639918038684405,0.984289134549267,0.0004677165589978,0.1765641515377761,0.9341749550374318,1997.3099884234016,10567.473365237713,11312.092352994288,5.0743508613865655,0.2352889271625831
CHEMBL2031227,Cc1ccc(NC(=O)c2ccc(C#N)cc2)cc1-n1cnc2ccc(N3CCN(C)CC3)cc2c1=O,7.0,train,0.7586097126814951,0.9960839304106778,0.0006058900136722,0.0884126890079469,0.9528891798115564,1572.7098290267325,16950.26127899077,17788.2818255349,6.159411742835425,0.0793214435705656
CHEMBL2031224,COc1ccccc1C(=O)Nc1ccc(C)c(-n2cnc3ccc(N4CCN(C)CC4)cc3c2=O)c1,7.0,train,0.7043753122481641,0.9937368716780258,0.0005432243615372,0.1117453796251591,0.968754248111459,1783.3409484251565,15460.318139444766,15958.968097000792,5.859231447342123,0.1485868284216241
CHEMBL2031229,Cc1ccc(NC(=O)c2ccccc2F)cc1-n1cnc2ccc(N3CCN(C)CC3)cc2c1=O,3.0,train,0.7124182217624845,0.9941541545147587,0.0005783761110201,0.1079699822221212,0.9603666007183952,1660.453435783165,14769.32744597176,15378.843282267078,5.807644402422925,0.1181449704713758
CHEMBL2031225,COc1cccc(C(=O)Nc2ccc(C)c(-n3cnc4ccc(N5CCN(C)CC5)cc4c3=O)c2)c1,16.0,train,0.7608329591569648,0.9961315001049914,0.0005956125751702,0.0878751073887225,0.969931858901796,1628.461015324595,17974.330463755374,18531.539405362742,6.27931824560604,0.0997313408255743
CHEMBL38182,N#Cc1ccc(NC(=O)Nc2ccccc2Br)c2nn[nH]c12,23.0,train,0.6173686133793224,0.9887477846745742,0.0009997095263692,0.1495921732615773,0.9085109215304068,908.7748966742118,5519.2186919932365,6075.01633848935,4.183638927374966,0.0832296545405545
CHEMBL2069623,Nc1ncnc2c1c(COc1cccc(Cl)c1)nn2C1CCOCC1,46.77,train,0.51989753682785,0.9801563694890252,0.0006579091853539,0.1982258594384034,0.8907829113672424,1353.9602899571444,6084.396316306241,6830.391825733881,4.452840136332723,0.1831491388605077
CHEMBL480601,CC1(C)[C@@H]2CC[C@@]1(CS(=O)(=O)NC1CCN(c3ccc(C(F)(F)F)cn3)CC1)C(=O)C2,75.0,train,0.740485093570717,0.9953434719896044,0.0007476348422408,0.0963917671156583,0.9720398627340536,1300.1532403447495,13111.086300156096,13488.218747818204,5.509650655069666,0.1876945559685973
CHEMBL66089,Nc1ncnc2nc(-c3ccc(N4CCOCC4)nc3)cc(-c3cccc(Br)c3)c12,7.59,train,0.4720923407168403,0.9744723576438872,0.0003090790591791,0.2245075147694707,0.8363696076679588,2706.005414566316,10080.823749940517,12053.072777296124,5.177385608839174,0.0977928139586385
CHEMBL2147569,C[C@]12Cc3cnn(-c4ccc(F)cc4)c3C=C1CC[C@@]2(O)CCc1ccc(F)cc1C(N)=O,104.71,train,0.6779437928223521,0.9924323193545436,0.0006953499215444,0.1227928804962291,0.9507890672472588,1367.3533825033974,10587.45948375821,11135.445124975204,5.067970330732179,0.2016795224555222
CHEMBL141157,C#CC[C@@H](C(=O)N[C@H](/C=C/C(=O)OCC)C[C@@H]1CCNC1=O)n1cccc(NC(=O)c2cc(C)on2)c1=O,20.89,train,0.2307056234877968,0.915115664080758,0.0001762345118025,0.4031914202386171,0.8957187172001583,5082.538647161334,11291.224883856155,12605.770837468172,5.260818040395139,0.376219945631579
CHEMBL554,CS(=O)(=O)CCNCc1ccc(-c2ccc3ncnc(Nc4ccc(OCc5cccc(F)c5)c(Cl)c4)c3c2)o1,36.31,train,0.7818624636304438,0.9968742336542292,0.0003524891849182,0.0790048243861923,0.950785678568738,2697.3470938950945,32461.29596425856,34141.54913768165,7.722152401973352,0.0520636019025142
CHEMBL233263,C[C@H](CO)Nc1nc(SCc2ccco2)nc2nc(N)sc12,5.0,train,0.1093135089755265,0.8311487109863236,0.0004229141862243,0.5560501957789176,0.7701575083857933,1821.0727695411729,2522.277444421001,3275.0150676418803,3.359882210190498,0.3932400166945961
CHEMBL1945035,O=c1[nH]c2c(O)ccc([C@@H](O)CNCCc3ccccc3CNCCc3ccccc3F)c2s1,27.5,train,0.763245638615075,0.9961796996258248,0.0005779080441053,0.0873270064378796,0.9843448137909514,1703.289690862155,19199.379916640417,19504.730098286323,6.47702198376849,0.1205566641713684
CHEMBL1575409,COc1ccc(CNC(=O)CSc2nc3cccnc3s2)cc1,150.0,train,0.6053356676820545,0.9878922428071634,0.0007642350998782,0.1551416017753858,0.8923627383562087,1167.6547419745116,6716.261602813375,7526.3806007691155,4.72278892263245,0.100712670613499
CHEMBL2011934,COc1ccc(-c2nc3c(NCCCN(C)C(=O)C4CCC4)c(Br)cnc3[nH]2)cc1,150.0,train,0.4496749377361839,0.9713283832956664,0.0003113122014938,0.2377418175337001,0.8237918021450458,2646.19182348759,9169.23725790614,11130.527439130432,4.928208990023485,0.1359799277953901
CHEMBL1144,CC[C@H](C)C(=O)O[C@H]1C[C@H](O)C=C2C=C[C@H](C)[C@H](CC[C@@H](O)C[C@@H](O)CC(=O)O)[C@H]21,3.0,train,0.4318712034270812,0.9686422926176468,0.0003767498160657,0.2484594714484209,0.881911320060388,2340.8407448470184,8308.855924487221,9421.41883825494,4.861995118486332,0.2648556145128518
CHEMBL1201391,CCC(C)(C)C(=O)O[C@H]1C[C@@H](C)C=C2C=C[C@H](C)[C@H](CC[C@@H](O)C[C@@H](O)CC(=O)O)[C@H]21,17.5,train,0.3030871736407949,0.941441758338492,0.0002965061482286,0.3371756451117551,0.8142440406819847,2746.128690910384,6631.614572216458,8144.504891508976,4.47964419698575,0.2966116589107515
CHEMBL1865796,Cc1ccccc1Nc1nc(N)nc(C)c1Br,150.0,train,0.237336690033718,0.9190855321640956,0.0008735883873703,0.3940580979584624,0.8073445443485604,924.170417121471,1893.4363947267536,2345.2643706839585,2.9673745298495926,0.3975747702486537
CHEMBL570899,Cc1cc(Nc2cncc(N[C@@H](C)c3ncc(F)cn3)n2)n[nH]1,15.85,train,0.3650718785473147,0.9566195654354236,0.0006239238083142,0.2913400196096333,0.8543445224730394,1369.3090583950525,4015.451413712496,4700.037640657094,4.005226415710903,0.2460817740201909
CHEMBL2181753,CCN(Cc1cc(C(F)(F)F)ccc1-c1cc(CC(=O)O)ccc1OC)C(=O)NCc1ccccc1,67.61,train,0.280690220519142,0.9337757441297332,0.0002685639080517,0.3578587146835508,0.8967539381418864,3339.070929698161,8367.338513999171,9330.69614540714,4.584253013375283,0.4351399210212536
CHEMBL320714,Oc1nc2c(O)ccc(CCNCCCCCCOCCc3ccccc3)c2s1,29.0,train,0.7859591416274007,0.9969370723723092,0.0007896618142776,0.078207887899679,0.9888549404631776,1252.251182194739,15833.37437526176,16011.827142053256,6.318046642007354,0.1491399406960495
CHEMBL322479,CC(C)(CCCCCOCCc1ccccc1)NCCc1ccc(O)c2nc(O)sc12,48.67,train,0.7058848867000099,0.9938244334251514,0.0005511781413175,0.1109639379581349,0.9653596142011918,1751.4475662870664,15237.173247423898,15783.934839694151,6.08446205615109,0.1745729007596229
CHEMBL1000,O=C(O)COCCN1CCN(C(c2ccccc2)c2ccc(Cl)cc2)CC1,3.0,train,0.3203746315811048,0.9446468579306888,0.0002844393162588,0.328088880947948,0.7506612648609231,2639.091088862623,6038.191386202775,8043.82971235566,4.636618917162771,0.2322485809672073
CHEMBL1818218,CC(C)CNc1nc(N2CCN(CC3CCCOC3)CC2)ncc1C(=O)NCc1ccccc1,95.5,train,0.6047809968627664,0.9877611140364532,0.0004181250123074,0.15597429787457,0.92563733490239,2213.7813038121985,13137.796765498731,14193.24423304958,5.626513497685764,0.1367370215212517
CHEMBL44793,O=C(/C=C/c1c(C(=O)O)[nH]c2cc(Cl)cc(Cl)c12)Nc1ccccc1,3.0,train,0.4627176917921153,0.9730062131990472,0.0004746018769774,0.2307789181793914,0.8084564288442763,1703.4412800746532,5967.434395218762,7381.2690236744975,4.478642669622047,0.0815513034271779
CHEMBL402501,C[C@H](Cc1cccc(CC(=O)NC23CC4CC(CC(C4)C2)C3)c1)NC[C@H](O)c1ccc(O)c(CO)c1,129.0,train,0.7173934239022991,0.9943573082847392,0.000482126941312,0.1060827198969196,0.9682024898972684,2008.1899743301133,18328.47550687288,18930.415587774038,6.312852765939444,0.1601654998421475
CHEMBL1486517,O=C(C1CCN(c2nnc(-n3cccc3)s2)CC1)N1CCN(Cc2ccc3c(c2)OCO3)CC1,150.0,train,0.8021513507128405,0.9974145330869408,0.0007629158689132,0.0718627106847472,0.993392790046086,1302.1000486740031,17999.55481704304,18119.27265569141,6.23954762310986,0.1512288284472644
CHEMBL1922094,Cc1c(CN2CCN(C(=O)[C@H](C)O)CC2)sc2c(N3CCOCC3)nc(-c3cnc(N)nc3)nc12,10.96,train,0.4907303357357979,0.9768072825526334,0.0002751759431006,0.2141203697739655,0.8356573587011963,3036.811100872834,11851.901554760074,14182.728640337296,5.399287897803259,0.0951633413578687
CHEMBL1924047,C[C@@](C(=O)O[C@H]1C[N+]2(CCc3ccccc3)CCC1CC2)(c1ccccc1)N1CCCCC1,85.0,train,0.3089228719789033,0.9428088581969356,0.0003108383387967,0.3333338520243485,0.8736343026612543,2810.5744807514425,7366.231367312331,8431.710321897166,4.559056510869872,0.3475282561532661
CHEMBL1924049,C[C@@](C(=O)O[C@H]1C[N+]2(CCc3ccccc3F)CCC1CC2)(c1ccccc1)N1CCCCC1,88.0,train,0.5637426369322661,0.984346477584473,0.0004956574755307,0.1762441830729187,0.9230704123110198,1862.315122600848,9753.7856745092,10566.675677632657,4.880575975954716,0.2189811488051486
CHEMBL1934414,Cc1ccc(S(=O)(=O)Nc2c(C(=O)N[C@@H](C)C(C)(C)C)c(C)nn2C2CCCC2)cc1,21.0,train,0.3849723550689437,0.960454847112868,0.0003641439456712,0.2784357855186676,0.8081846835096712,2219.409914999266,6442.035086799756,7970.99378179773,4.315144506127309,0.1477211321420402
CHEMBL315708,c1ccc(-c2[nH]nc3ccccc23)cc1,3.0,train,0.4994915581755512,0.9779164181637036,0.0026339757177682,0.2089963614177827,0.8595319784062487,326.3249439271746,1342.065109431934,1561.3905510768805,2.883404237583161,0.1464593449109686
CHEMBL550902,O=C(O)c1cncc(-c2ccc(Cl)c(C(=O)NCC34CC5CC(CC(C5)C3)C4)c2)c1,66.0,train,0.7266781423533323,0.994806312801081,0.0008658556782149,0.1017860501793719,0.9571616234432422,1105.4516907674283,10395.294179392997,10860.542174682598,5.129508284196819,0.1409067188507062
CHEMBL521809,O=C(c1cccc(Cc2n[nH]c(=O)c3ccccc23)c1)N1CCN(c2ncccn2)CC1,150.0,train,0.6666784782657821,0.9916706638696362,0.0006845238865393,0.1287994348603862,0.973650380153156,1422.3760474969488,10752.352918841025,11043.340749427602,5.217334995365099,0.1982448485514046
CHEMBL2018953,O=C([C@H]1CCCCN1)N1CCN(c2nc(NCc3ccc(Cl)cc3Cl)c3cccnc3n2)CC1,24.0,train,0.4468882786037567,0.9709512166909324,0.0002266996685416,0.2392775267474945,0.8275377124937457,3650.370191615713,12624.750176864049,15255.800414001633,5.612804617906472,0.1138893557843337
CHEMBL2208430,O=C(NC[C@@H](O)CN1CCC(Oc2ccc(Cl)c(Cl)c2)CC1)c1c[nH]c2ccccc12,3.0,train,0.4805010752754613,0.9756021466523056,0.0002952475622277,0.2195460121419052,0.8661323671773101,2933.5800798553582,11573.285408741627,13362.028538961653,5.489676563953397,0.2021320693478714
CHEMBL564737,O=C(NCC1(O)CCCCCC1)c1cc(-c2ccccc2C(=O)O)ccc1Cl,3.0,train,0.5885563388622065,0.985917509488479,0.0007394565500824,0.1672323667357337,0.9869184580023695,1334.6537506393854,7876.432339378276,7980.83395392263,4.624806784757358,0.2013837693329435
CHEMBL1363924,CCn1c(SCC(=O)Nc2cc(C)on2)nnc1-c1cccnc1,7.76,train,0.7907333196065802,0.9971033923032684,0.0016293175264527,0.0760580374274442,0.981270900808358,602.2588506395888,7770.106945642424,7918.411663121277,4.863224701750315,0.0890036847307641
CHEMBL1916085,Cc1ccc(S(=O)(=O)Nc2c(C(=O)N(C)C3CCCCC3)cnn2-c2ccccc2)cc1,94.0,train,0.3874398626420785,0.9609998426203666,0.0003631388939418,0.2765489151734832,0.815916709134116,2246.844727308964,6628.983356131601,8124.583406517741,4.33378178459604,0.1452949855585467
CHEMBL1916275,Cc1ccc(S(=O)(=O)Nc2c(C(=O)N(C)C3CCCCC3)c(C)nn2-c2ccccc2)cc1,53.0,train,0.3906217170755678,0.9615644189077605,0.0003619493911484,0.2745794389435976,0.8124570946189777,2244.6704276560645,6641.787968709475,8174.939960151752,4.275793166658878,0.1469405155797111
CHEMBL1916084,Cc1ccc(S(=O)(=O)Nc2c(C(=O)NC3CCCCC3)cnn2-c2ccccc2)cc1,60.0,train,0.3359993811546205,0.9498170214119704,0.0004177503495289,0.3128060514697449,0.8764593818485359,2098.045837272816,5878.569001418064,6707.177905973925,4.091599172047768,0.2691808142307543
CHEMBL1916276,Cc1ccc(S(=O)(=O)Nc2c(C(=O)NC3CCCCC3C)cnn2-c2ccccc2)cc1,59.0,train,0.4402202143213759,0.9699479040009422,0.0003755862367686,0.2433126867308382,0.8244695260140371,2195.153723169637,7438.318872668283,9021.945187749294,4.539832324790956,0.1107070659223845
CHEMBL1916274,Cc1ccc(S(=O)(=O)Nc2c(C(=O)NC3CCCCC3)c(C)nn2-c2ccccc2)cc1,38.0,train,0.3816086537794057,0.9595618167067006,0.000324556808561,0.2814979927433519,0.7908240761587231,2436.627595843277,6845.319743300792,8655.932399719828,4.451669121644887,0.109159567401812
CHEMBL1916277,Cc1ccc(S(=O)(=O)Nc2c(C(=O)NC3CCCCC3C)c(C)nn2-c2ccccc2)cc1,58.0,train,0.4189172238359414,0.9665492706695816,0.0003458567416289,0.2564810078116895,0.8166558696379626,2361.254737413798,7518.422348196722,9206.35316259928,4.522381347123158,0.1141648537411971
CHEMBL1605684,CC(=O)c1cn(Cc2ccccc2)c(=O)n(Cc2ccc(F)cc2)c1=O,33.11,train,0.3735799399476715,0.958262328871488,0.000518664968973,0.285890379456518,0.8119843694783986,1565.5276875283837,4446.403599432937,5475.97191099776,4.0374671693226905,0.1948064259653496
CHEMBL1917432,Cc1c(Sc2ccc(Cl)cc2)c2c(S(C)(=O)=O)cccc2n1CC(=O)O,3.0,train,0.1600891766322992,0.8683463533811596,0.0002582392431081,0.4959582750289003,0.6994443878430607,2708.513157894507,3819.7857018879376,5461.171421601298,3.824173298837189,0.3097042445194607
CHEMBL1917435,CNC(=O)c1cccc2c1c(Sc1ccc(Cl)cc1)c(C)n2CC(=O)O,3.0,train,0.1217227078518077,0.8436016129990809,0.0003001352304406,0.536969569477963,0.7620383674394317,2538.983398652179,3603.1888472669393,4728.356210428378,3.7385634891711095,0.4602366255221423
CHEMBL1917418,Cc1ccc2c(c1)c(Sc1ccc(Cl)cc1)c(C)n2CC(=O)O,7.0,train,0.2554976755901555,0.9242759337317776,0.0005525181378589,0.3817250297324643,0.9149905417657952,1656.0371127570304,3969.502068145234,4338.2984708068,3.79536724860792,0.3183903939478351
CHEMBL1917423,Cc1c(Sc2ccc(Cl)cc2)c2cccc(Cl)c2n1CC(=O)O,3.0,train,0.33369196090149,0.9470292910310936,0.0006198515474764,0.3211471966702258,0.9544434557972896,1539.7936162021854,4576.2377984315535,4794.666222116653,3.8593234743572618,0.3451865327943998
CHEMBL1917434,CCN(C(C)=O)c1cccc2c1c(Sc1ccc(Cl)cc1)c(C)n2CC(=O)O,32.0,train,0.2455025314960208,0.922125088881502,0.000392992993658,0.3868918717875605,0.8631508555386547,2196.351765725617,4900.03291330675,5676.913695751195,3.913857036063056,0.4622712363968571
CHEMBL1917431,Cc1c(Sc2ccc(Cl)cc2)c2cc(S(C)(=O)=O)ccc2n1CC(=O)O,3.0,train,0.2390105303008011,0.9165171370305564,0.0002989268031939,0.3999954218854417,0.7290467752650043,2438.8805803803284,4445.195932497333,6097.271235966348,3.9792154955231176,0.223179004621441
CHEMBL1917436,CC(=O)Nc1ccc2c(c1)c(Sc1ccc(Cl)cc1)c(C)n2CC(=O)O,36.0,train,0.289256016623428,0.9374306639319772,0.0003576277445952,0.348172012545598,0.8202196320839874,2293.501118075321,5403.003617373142,6587.264442385226,4.285493526938288,0.2254684136062562
CHEMBL1917430,Cc1c(Sc2ccc(Cl)cc2)c2ccc(S(C)(=O)=O)cc2n1CC(=O)O,3.0,train,0.3870330718685892,0.9609328611005128,0.0004273168492297,0.27678156813123,0.8700110761531036,2035.9858913155413,6399.7407352505925,7355.930183726044,4.388856848372814,0.1944762272752287
CHEMBL1917442,Cc1ccc2c(c1)c(Sc1ccccc1Cl)c(C)n2CC(=O)O,3.0,train,0.2415937693845871,0.9206824398134248,0.0005572875124157,0.3903124966218727,0.8580260238997185,1539.64695921559,3384.614046587547,3944.65197128231,3.580763855579681,0.3212600731903615
CHEMBL1917443,Cc1ccc2c(c1)c(Sc1ccc(S(C)(=O)=O)cc1)c(C)n2CC(=O)O,3.0,train,0.3048898993955222,0.9391080209395576,0.0004898167711459,0.3436220671129654,0.9522539546389052,1944.1023883504345,5387.5445284514735,5657.676192580824,4.083434993264977,0.3866401968377954
CHEMBL1917421,Cc1c(Sc2ccc(Cl)cc2)c2cc(Cl)ccc2n1C(C)C(=O)O,3.0,train,0.2313121724066346,0.9162417554982653,0.0004267797584864,0.4006258172927164,0.8688863298233735,2035.9126986358144,4415.533488362219,5081.831002289799,3.894040717937333,0.3372443636275911
CHEMBL1917428,Cc1c(Sc2ccc(Cl)cc2)c2c(C#N)c(Cl)ccc2n1CC(=O)O,4.0,train,0.2384509995388092,0.9191420500572276,0.0003528832940799,0.3939262517484672,0.7877095351442729,2232.209765548548,4463.609391250972,5666.567677682663,3.974595136398364,0.2569709686902326
CHEMBL1917426,Cc1c(Sc2ccc(Cl)cc2)c2cc(F)ccc2n1CC(=O)O,3.0,train,0.234627024875696,0.9162440185103174,0.0005287328655285,0.4006206416849551,0.9083307792362492,1717.9389412991177,3895.098392003613,4288.193773724946,3.761932577410256,0.3716140838004115
CHEMBL1917441,Cc1ccc2c(c1)c(Sc1cccc(Cl)c1)c(C)n2CC(=O)O,12.0,train,0.3342430889201384,0.9494372959487808,0.0006089420798617,0.3139567184525076,0.8729379954553677,1433.532062119158,3985.850695902833,4566.018109709632,3.799471896632978,0.3079279732718337
CHEMBL1917427,Cc1c(F)ccc2c1c(Sc1ccc(Cl)cc1)c(C)n2CC(=O)O,3.0,train,0.2735932944652816,0.9322581468407608,0.0004183717737097,0.3617937916120597,0.8002873791747595,1912.861788161754,4231.2476959609785,5287.1603452301815,3.963477726441368,0.260080522304733
CHEMBL1420171,Cc1ccc2c(c1)c(Sc1ccccc1)c(CC(=O)O)n2C,3.0,train,0.1626079576338807,0.8662672005588145,0.0003971051092772,0.4995809616428501,0.6786321096538058,1708.9483207330975,2321.4399531452377,3420.763503703776,3.458861872668733,0.2656308842554656
CHEMBL1917419,Cc1c(Sc2ccc(Cl)cc2)c2cc(Cl)ccc2n1CC(=O)O,3.0,train,0.1918940064907468,0.8979557374768892,0.0003967651054207,0.440085779743377,0.8309404976396296,2094.288248354056,3954.294820211892,4758.818268509557,3.8410110850988177,0.3512504421003046
CHEMBL1917444,COc1ccc(Sc2c(C)n(CC(=O)O)c3ccc(C)cc23)cc1,3.0,train,0.256173825234856,0.9264559083327408,0.0004912943114402,0.3764033075244636,0.8336355768938191,1696.8150403572747,3758.004663544066,4507.970590154799,3.819648381157133,0.2712734454674283
CHEMBL1917424,Cc1c(Sc2ccc(Cl)cc2)c2ccc(Cl)cc2n1CC(=O)O,3.0,train,0.3745020942804678,0.9584333375631412,0.0005329704096354,0.2853165565605652,0.8730352096530185,1638.0556853995708,5012.258334971756,5741.186929864881,4.112887951437141,0.2461096432211088
CHEMBL1917425,Cc1c(Sc2ccc(Cl)cc2)c2c(Cl)cccc2n1CC(=O)O,3.0,train,0.2100787569576479,0.9068256737228348,0.0004667565171443,0.4215058688525308,0.8618615815847452,1846.490728951642,3775.556967612733,4380.69992709321,3.695256388543712,0.3759807239563937
CHEMBL1934413,Cc1ccc(S(=O)(=O)Nc2c(C(=O)N[C@@H](C)C(C)(C)C)c(C)nn2C2CCC2)cc1,11.0,train,0.3659969080217898,0.9566474187521372,0.0003778808548235,0.2912485471120378,0.8061897701839538,2133.449630731928,5905.4896051968135,7325.185488088391,4.214059626075216,0.1548699152740198
CHEMBL329785,Nc1nc2ccccc2s1,17.78,train,0.4573682886555739,0.9715035749122224,0.0044937634066893,0.2370249015035592,0.7635671628434872,169.9170814615758,547.381743383249,716.8743890777412,2.1849533307349147,0.0030496854760119
CHEMBL565755,CCOc1ccc2nc(N)sc2c1,19.95,train,0.6942070884744768,0.9933491597994472,0.0044371140868901,0.1151409862982442,0.8887682342101688,200.30321889538683,1546.131780590632,1739.6343850707597,2.995452527380108,0.0334057316835991
CHEMBL304087,COc1cc(NC(=O)Nc2cccc(CNC(=O)O[C@H]3CCOC3)c2)ccc1-c1cnco1,120.0,train,0.7215036376633881,0.9945832897856818,0.0004874431903382,0.1039426749660143,0.9555726367555992,1960.377446431184,18022.27089244098,18860.17891181037,6.551593808355046,0.1307162313658115
CHEMBL559078,CCCCC(CC)CNC(=O)c1cc(-n2ncc(=O)[nH]c2=O)ccc1Cl,24.0,train,0.3652273830324032,0.9556039981631548,0.0003272120870311,0.2946540322048776,0.7624976249956353,2330.2856319090056,6030.249260789368,7908.548253935724,4.633692011323343,0.1120281488765471
CHEMBL423,CC(C)NCC(O)COc1ccc(CCOCC2CC2)cc1,3.0,train,0.5805826042973937,0.9859375131949448,0.0007420958729744,0.1671143921838208,0.8919903381491325,1201.9880053690788,6415.735194016207,7192.606152358968,4.907851489024655,0.1248798163678754
CHEMBL2208432,O=C(NC[C@@H](O)CN1CCC(Oc2ccc(Cl)c(Cl)c2)CC1)n1c(=O)[nH]c2ccccc21,3.0,train,0.8454270451356074,0.998494922959154,0.0009079794514658,0.0548442232581826,0.9864956903131124,1086.473585630752,19542.6509154519,19810.173635172283,6.494625285630668,0.0906322341233277
CHEMBL495383,O=C(Nc1cccc(CCO)c1)c1cc2cc(Cl)ccc2[nH]1,10.0,train,0.687931551400598,0.993045741638938,0.0011659671632575,0.1177291595687806,0.9147975982135564,784.5826426687236,6096.487223236084,6664.301737500715,4.638551870001768,0.0959464362671133
CHEMBL496929,O=C(Nc1ccc(CCO)cc1)c1cc2cc(Cl)ccc2[nH]1,10.72,train,0.8651526304156083,0.9988842433649135,0.0025880625197164,0.047225717117944,0.9711429542599422,375.2393718704802,7716.369266407182,7945.657467378145,5.047218696550893,0.0503195121498333
CHEMBL57531,Nc1ncc2cc(-c3c(Br)cccc3Br)c(N)nc2n1,21.88,train,0.2319547579026842,0.9136042084561954,0.0004239015872514,0.4066046609313875,0.7304036168356908,1723.0499691486727,3095.19799052964,4237.654249220298,3.385481413461952,0.2269236295377099
CHEMBL1363,COc1ccc(C[C@@H](C)NC[C@H](O)c2ccc(O)c(NC=O)c2)cc1,9.0,train,0.7174874459891059,0.9942510498061522,0.0011463922501787,0.107074039614485,0.992763847867146,865.9896712598459,8029.240713701677,8087.76501174141,4.9653931553090365,0.218623569775255
CHEMBL2070946,N#Cc1cnc(N2CCN(C(=O)[C@@H]3CCCC[C@H]3C(=O)NC3(C#N)CC3)CC2)s1,6.76,train,0.5565784247340767,0.9836647579256328,0.0005603902348833,0.1800101219795881,0.9255903300891948,1651.6888990434545,8492.78505262967,9175.533469338709,4.839123082436244,0.2449366425794121
CHEMBL2070942,CC(C)(C)c1csc(N2CCN(C(=O)[C@@H]3CCCC[C@H]3C(=O)NC3(C#N)CC3)CC2)n1,150.0,train,0.4619887824107713,0.9731489834037524,0.0003586019224422,0.2301761414661463,0.8690095589940069,2423.326548490743,9149.053945333157,10528.139593682252,4.990937816295867,0.1670704667680902
CHEMBL2070938,N#CC1(NC(=O)[C@@H]2CCCC[C@H]2C(=O)N2CCN(c3nccs3)CC2)CC1,6.92,train,0.5173469012625989,0.9798654955779772,0.0005654092777995,0.1996587352852983,0.8937751461670556,1580.7578355371793,7076.284759057039,7917.298651012623,4.624472950210986,0.1740346760200872
CHEMBL114,CC(C)(C)NC(=O)[C@@H]1C[C@@H]2CCCC[C@@H]2CN1C[C@@H](O)[C@H](Cc1ccccc1)NC(=O)[C@H](CC(N)=O)NC(=O)c1ccc2ccccc2n1,150.0,train,0.081157725660108,0.7882386024033426,9.629093674521995e-05,0.6153697308782949,0.7536776584799855,7827.0882385760915,9586.27186284689,12719.32603413036,4.739031502390493,0.5706102179114471
CHEMBL1351332,O=C(NCc1ccccc1)c1cc(-c2ccco2)on1,70.79,train,0.5623574847707217,0.9842456514026894,0.0012727662278154,0.1768063847684679,0.9189349629316012,721.9982294068496,3752.519554344678,4083.552923455354,3.9937903550865848,0.2143431154111948
CHEMBL1739708,COc1ccc(-c2nc(N)s[n+]2-c2ccccc2)cc1,19.0,train,0.274480893905844,0.926697268999342,0.0005550790266106,0.3758086901990972,0.6877760033214618,1239.0596119639354,2267.631084693964,3297.048855649139,3.4587688186469703,0.1560763564305366
CHEMBL1645392,Cc1noc(C)c1-c1ccc(CNS(=O)(=O)c2c(C)noc2C)cc1,60.26,train,0.6301545102317321,0.989468911742188,0.0009450931617593,0.1447455446489809,0.9507878279615296,1006.0255077833558,6608.264245637807,6950.303791547053,4.4887590482425015,0.1545752218782707
CHEMBL1924032,CC(C(=O)OC1CC[N+](C)(C)CC1)(c1ccccc1)N1CCC(F)(F)CC1,41.0,train,0.4021464990070967,0.9637165819865976,0.0005390945332305,0.2669276111684014,0.8722190248225914,1617.9333513098711,5286.797584297636,6061.318813096247,4.122389017598712,0.2775167149705417
CHEMBL5,CCn1cc(C(=O)O)c(=O)c2ccc(C)nc21,4.0,train,0.3558439965754519,0.9521338186154936,0.0011492456870639,0.3056815196387871,0.724631855901278,630.5282360924269,1494.6956769179824,2062.69661586837,3.0027324799303767,0.0952412270121093
CHEMBL110999,CN(CCCOCCOCCc1ccccc1)CCc1ccc(O)c2nc(O)sc12,35.0,train,0.7781572048604869,0.9967458601228636,0.0007232787348755,0.0806082522322161,0.9593789659575176,1326.4304889629627,15786.839134656497,16455.26918437313,6.243517557760002,0.1250491534028472
CHEMBL108546,Oc1nc2c(O)ccc(CCNCCCOCCOCCc3ccccc3)c2s1,21.0,train,0.7775207653145441,0.9967237686422272,0.000701323691128,0.0808809558773657,0.960355720928285,1369.3473257456003,16259.211132612872,16930.404826345628,6.440735060244434,0.1033786874915707
CHEMBL1689114,O=C(O)COc1ccc(Cl)cc1CN1CCCN(S(=O)(=O)c2ccccc2)CC1,3.0,train,0.4928481554891726,0.9764484060820556,0.00048932686284,0.215751037679574,0.9472274486173932,1935.776513718817,8498.780204740326,8972.26977231862,4.701789123532833,0.3006418187925205
CHEMBL313907,O=S(=O)(Nc1nc(-c2ccccc2)nn1Cc1ccccc1)c1ccccc1,5.0,train,0.1998250718062797,0.8753228527042127,0.0002114160440328,0.4835389369365811,0.6067603699240965,2869.9826103545056,3601.3474351556047,5935.370227963504,3.985845159770717,0.1524503355773354
CHEMBL376488,COc1nc2ccc(Br)cc2cc1[C@@H](c1ccccc1)[C@@](O)(CCN(C)C)c1cccc2ccccc12,19.95,train,0.2224189474390944,0.912083017785974,0.0002166916110843,0.4100055715065719,0.8789839964679346,4056.382210965242,8696.21120975063,9893.480705786513,4.514744508564367,0.5902094622461287
CHEMBL1173055,CNCc1ccc(-c2[nH]c3cc(F)cc4c3c2CCNC4=O)cc1,5.5,train,0.5992497321093968,0.9874323293297368,0.0009596335384437,0.1580423835382463,0.8793796570184244,916.3702828107996,5098.868841123396,5798.256532805565,4.273893346668867,0.1043835247971271
CHEMBL1703518,CCN(CC)S(=O)(=O)c1ccc(-c2nnc(SCC(=O)N3CCc4ccccc43)o2)cc1,150.0,train,0.4978845630843168,0.9776398105104056,0.0003624118541919,0.2102864734241793,0.8937591164345431,2466.142059363289,10481.59166915374,11727.535391155236,5.109433702468411,0.2142873030183524
CHEMBL35,NS(=O)(=O)c1cc(C(=O)O)c(NCc2ccco2)cc1Cl,6.31,train,0.5148893525773305,0.9796258905498658,0.0008636844344231,0.2008310597601442,0.846871112317582,980.5330263746216,4134.744375206421,4882.37739493925,3.8876288902446254,0.116596041381159
CHEMBL440405,CS(=O)(=O)NC(=O)CCCc1c(-c2ccc(F)cc2)[nH]c2ccc(C#N)cc12,3.0,train,0.2218731784648434,0.8924119289534509,0.000168229912422,0.4512216185662883,0.6178898294636787,3672.889206015204,5029.548212593719,8139.878620367177,4.591518373083316,0.1876157700551723
CHEMBL403313,CN(C)S(=O)(=O)NC(=O)CCCc1c(-c2ccc(F)cc2)[nH]c2ccc(C#N)cc12,8.86,train,0.2998414696929191,0.9358804523400704,0.0002007576970309,0.352317724401917,0.6979153942680308,3476.4066563299725,6886.504862357523,9867.248836916751,4.858641172659239,0.1311796482314816
CHEMBL257178,N#Cc1ccc2[nH]c(-c3ccc(F)cc3)c(CCCC(=O)NS(=O)(=O)C(F)(F)F)c2c1,40.4,train,0.2248034569141831,0.9063547606595322,0.0001748660941796,0.4225175118617003,0.6891351250044928,3940.930505923713,6427.74218958932,9327.259569808482,4.660412662947604,0.2863719219772392
CHEMBL257830,N#Cc1ccc2[nH]c(-c3ccc(F)cc3)c(CCCC(=O)NS(N)(=O)=O)c2c1,3.0,train,0.2612040609102335,0.9189408586325202,0.0001914820602127,0.3943953579033692,0.6624849772715322,3459.775691444013,5811.552733519905,8772.353989753836,4.746588409898218,0.2008414465971105
CHEMBL1371,O=c1[nH]c2cc(Cl)ccc2o1,30.13,train,0.6377867514223337,0.9900850200543664,0.0054680047476909,0.140469402589833,0.8595305974101788,157.1927306341764,961.8604420569388,1119.053172691102,2.5689443303957,3.1899793039120125e-14
CHEMBL1922660,CCOc1ccc(-c2ccc(Cn3c(CC(C)(C)C(=O)O)c(SC(C)(C)C)c4cc(OCc5ccc(C)cn5)ccc43)cc2)cn1,9.77,train,0.4090044759758668,0.9650136166155034,0.000140235452754,0.2621997706838548,0.850441510509368,6064.383105751866,19669.746908290035,23128.8650250726,6.188952160286749,0.2108279533716017
CHEMBL1683035,COc1cc2nnc(C(N)=O)c(Nc3ccc(F)cc3F)c2cc1N1CCN(C)CC1,33.0,train,0.1907444440506535,0.8876449617900122,0.0002142913319235,0.460528415853797,0.6877619773388769,3209.47175588176,4793.086734824371,6969.10688981386,4.179973537417727,0.2449505904969069
CHEMBL1455229,O=C(NCc1cccnc1)c1cc(-c2ccco2)on1,13.8,train,0.5808073225970732,0.9858308564205892,0.0013350472188969,0.1677424291258712,0.9258421610824092,693.4901986818076,3827.668810943717,4134.256325580118,4.009064447035541,0.2218539723597901
CHEMBL1276946,Cc1c2c(=O)n(-c3ccccc3Cl)[nH]c2cc(=O)n1Cc1ccccn1,3.0,train,0.5378933283124006,0.9815839111516116,0.0008236105834011,0.1910314774279496,0.9495951109586604,1152.9661348416205,5731.259682894121,6035.477243672989,4.196544848597431,0.2450254797356454
CHEMBL222659,O=C(Nc1ccccn1)c1ccc2[nH]c(-c3ccc(NC(=O)C45CC6CC(CC(C6)C4)C5)cc3)nc2c1,146.0,train,0.9013792062687804,0.9994183930217408,0.001162103167306,0.0341009631805474,0.9842567675291412,846.9616082458938,24445.869471186077,24836.8822828158,7.140504288590913,0.0465982583749705
CHEMBL323776,CN(CCNCCc1ccc(O)c2nc(O)sc12)C(=O)CCOCCc1ccccc1,35.0,train,0.72708044398289,0.994866380572738,0.0005916210154707,0.1011972569099581,0.9345650640981772,1579.668469610732,14588.36938504358,15609.795342736088,5.985033000187674,0.0878941826237534
CHEMBL111732,CN(CCc1ccc(O)c2nc(O)sc12)CCN(C)C(=O)CCOCCc1ccccc1,150.0,train,0.6855148100094313,0.9926722395701848,0.0005459733220631,0.120838010521168,0.9851935996988812,1804.4720499823336,14711.880035187209,14932.983770584597,5.862051528776098,0.1767007897549087
CHEMBL111775,O=C(CCOCCc1ccccc1)NCCNCCc1ccc(O)c2nc(O)sc12,25.0,train,0.7630351429220914,0.9962101144894544,0.0006732350621383,0.0869793526585939,0.9702284719363836,1441.143705223329,16075.523813655527,16568.802378652083,6.298930658292847,0.1156485822132053
CHEMBL393717,O=C(NCC12CC3CC(CC(C3)C1)C2)c1cc(N2CCNCC2)ccc1Cl,11.0,train,0.6706386562386377,0.9920796164283452,0.0009306606736484,0.125610647109978,0.9341653978962084,1003.7658454332584,7464.998723975985,7991.088880820859,4.60582367171735,0.1406411523400263
CHEMBL219861,CC(C)Cn1c(=O)n(C)c(=O)c2c(C(=O)N3C[C@H](O)CO3)c(Cc3ccnc4ccccc34)sc21,30.0,train,0.1617297260794776,0.8539384039371838,0.0001512980056689,0.5203740983957742,0.6358685725289613,4202.755811073742,5135.536811908621,8076.41238107379,4.195926398214127,0.232970178891029
CHEMBL453,Cc1noc(NS(=O)(=O)c2ccc(N)cc2)c1C,3.0,train,0.3826325106623065,0.9601559707682118,0.0011707318238512,0.2794646879270311,0.8586892498047022,733.4636611995146,2253.656322972969,2624.5307292312496,3.2398336728538317,0.1823556479192045
CHEMBL223713,CCc1cccc2c1N(C)Cc1cc3c(cc1-2)OCO3,44.67,train,0.5304071851868801,0.9812999524730552,0.0014890553133639,0.1924848131058131,0.8611288161295315,578.3054587704644,2587.1936961514807,3004.42122907929,3.3970548370197604,0.1478796479557595
CHEMBL518924,NCCCCN(Cc1nc2ccccc2[nH]1)[C@H]1CCCc2cccnc21,46.0,train,0.2224831098780561,0.9118889256269824,0.0003620800397967,0.4104370686461784,0.7740942708887372,2137.909262612655,4032.148746523385,5208.860080948639,4.034809935368344,0.3278481057111991
CHEMBL1088913,NCCCCN(Cc1nc2ccccc2[nH]1)C1CCCc2cccnc21,39.25,train,0.3126716013763209,0.9423113475402108,0.000601915019209,0.3347376947655465,0.9301194661309836,1545.267083305604,4293.759014982395,4616.35216908548,3.8676081871679817,0.4196106006168653
CHEMBL1290746,Cc1ccc(C(=O)Nc2ccon2)cc1NC(=O)c1cnn(-c2ccccc2F)c1N,3.0,train,0.7042487251771874,0.9938524283998322,0.0006525705784195,0.1107129195882581,0.9159343592764312,1403.5789990635726,11611.889885862003,12677.64416550019,5.527897050482819,0.042521459233672
CHEMBL232656,C[C@@H]1CN(Cc2ccc(F)cc2)CCN1C(=O)COc1ccc(Cl)cc1NC(N)=O,21.0,train,0.7167443149741893,0.994387929952421,0.0006734505508563,0.1057952965161453,0.9482378482415094,1408.0289147223568,12620.091368186677,13308.993510004284,5.6061811643050135,0.1502606369819721
CHEMBL557697,O=C(O)c1cccc(-c2ccc3c(C(=O)NCC45CC6CC(CC(C6)C4)C5)c(Cl)ccc3n2)c1,33.0,train,0.7359693716346445,0.99520784633751,0.0006921918001844,0.0977821179370488,0.953298717903722,1377.217582828572,13426.787879867494,14084.5546392768,5.514506222745701,0.1023457921998573
CHEMBL1405150,CCC(=O)NC(c1cccs1)c1cc(Cl)c2cccnc2c1O,21.38,train,0.226757699254725,0.9139890788612864,0.0005249564044642,0.4057387875496959,0.8794143905772485,1675.2141379716013,3630.9257715476474,4128.799585783789,3.687997340418148,0.3337222565884859
CHEMBL183630,Cc1ccc(NC(=O)c2cccc(N3CCOCC3)c2)cc1NC(=O)c1ccc(OCc2cscn2)cc1,23.0,train,0.7511115578814535,0.9958121800357737,0.0003716135156811,0.0914226563407555,0.9490982242706294,2553.9927484361265,26514.10579567896,27936.103047769087,7.342786313696328,0.0971842830761064
CHEMBL396043,C[C@H](CO)Nc1nc(SCc2cccc(F)c2F)nc2nc(NC3CC3)sc12,66.0,train,0.2994818205541889,0.9393153837948776,0.0002540308384291,0.3430548203513273,0.7627326753638611,3002.5200093046474,6675.668096385045,8752.303804475692,4.664655550243311,0.153538206679215
CHEMBL430381,OCC(CO)Nc1nc(SCc2cccc(F)c2F)nc2nc(NC3CC3)sc12,46.0,train,0.1840529251074472,0.8823028733170468,0.0001984219816672,0.4706821005057269,0.6811857055314996,3433.0153333203675,4968.366057293562,7293.702755281634,4.225527804432155,0.1973215881381399
CHEMBL514980,CN(CCOc1ccccc1-c1cc(C(N)=O)c(NC(N)=O)s1)Cc1ccccc1,150.0,train,0.2557417416081075,0.9261463327542948,0.0002542765439229,0.3771643810406426,0.8060134638550719,3169.8301833905152,6774.037884748274,8404.373113507078,4.648684534438149,0.2765015761513372
CHEMBL445,CNCCC=C1c2ccccc2CCc2ccccc21,3.0,train,0.1787862241191004,0.8715958803085694,0.0004759068589859,0.4902250722159463,0.6479500786206583,1361.5060728507735,1799.5570135946753,2777.308118282094,3.3575615167746857,0.2568422756057516
CHEMBL1080786,N#C[C@]1(NC(=O)[C@@H](N)Cc2cccs2)C[C@H]1c1ccccc1,41.0,train,0.3503586316917769,0.9526023532822322,0.0007709608226496,0.3042182711823099,0.9087331309806912,1178.702087425844,3520.911594945152,3874.527597717756,3.7103428551513247,0.3894351334274978
CHEMBL398295,CCCSc1nc(N[C@@H]2C[C@H]2c2ccccc2)c2nnn([C@@H]3C[C@H](O)[C@@H](O)[C@H]3O)c2n1,3.0,train,0.2809266824604831,0.9336092372822392,0.0002257345651952,0.3582928858647292,0.7617678908798543,3374.617840298506,7174.788046727395,9418.601299196793,4.749781648018398,0.1994982496148588
CHEMBL274713,CCCSc1nc(N[C@@H]2C[C@H]2c2ccccc2)c2nnn([C@@H]3C[C@H](OCCO)[C@@H](O)[C@H]3O)c2n1,3.0,train,0.4664443778738438,0.973767776823763,0.0003025573649742,0.2275440986264111,0.8633139608822002,2853.3893430616213,10825.905266574391,12539.939995307912,5.190507789835836,0.13887898255172
CHEMBL249584,OC[C@H]1C[C@@H](n2nnc3c(N[C@@H]4C[C@H]4c4ccccc4)nc(SCCC(F)(F)F)nc32)[C@H](O)[C@@H]1O,3.0,train,0.1948664226432838,0.8506806082455474,7.526080416779215e-05,0.5256828918226134,0.5566611781222031,7396.428782253513,7832.297424690696,14070.134100444278,5.356666740761944,0.1682266253461916
CHEMBL2325697,C[C@@H]1COCCN1c1cc(C2(S(C)(=O)=O)CC2)nc(-c2cccc3[nH]ccc23)n1,7.41,train,0.187643683884624,0.8706862819409521,0.0001963242731344,0.4918387931424693,0.620690533624982,3161.557782516124,3989.8214912619146,6428.036638420112,4.057006230634589,0.2459149462558919
CHEMBL2325704,CS(=O)(=O)C1(c2cc(N3CCOCC3)nc(-c3cccc4[nH]ccc34)n2)CC1,11.22,train,0.2009683230412193,0.8672701224523343,0.0001844550112197,0.4978378598514914,0.581362552503971,3151.7850811395183,3680.575479457916,6330.946951442621,4.064057949065267,0.1508180126152503
CHEMBL2325719,Cc1ccc2[nH]ccc2c1-c1nc(N2CCOCC2)cc(C2(S(C)(=O)=O)CC2)n1,5.75,train,0.1844300101975258,0.881825564852051,0.000228953273608,0.4715757342923417,0.677096702933138,2957.357596433976,4246.225860082881,6271.22513178474,4.041349701497398,0.2956435876922264
CHEMBL415506,CCOC(=O)c1c(-c2ccccc2)nc2ccc(C)cn12,150.0,train,0.2970211827459403,0.934604549230403,0.0006156116147866,0.3556885386933841,0.6927224729258693,1125.2589397065035,2191.502032252381,3163.6075310161063,3.399792322053383,0.0847610762996478
CHEMBL1468936,CCOC(=O)c1c(-c2ccccc2)nc2cc(C)ccn12,150.0,train,0.2698507470094635,0.9268527411545202,0.0005971137217951,0.3754250873534584,0.7086224371273219,1186.7461946728122,2240.0074183877696,3161.073233114824,3.427864334113604,0.1621759623701377
CHEMBL191553,CC(=O)Nc1ccc(CNc2[nH]nc3ccnc(Oc4ccccc4)c23)cc1,12.0,train,0.6512142048655005,0.990959600475237,0.0007987036447368,0.1341606135419724,0.9237673496845136,1156.5833657724538,7963.693086082662,8620.886080031336,4.873933262585934,0.1449303397503602
CHEMBL1896341,Cc1ccc(CNC(=O)C2CCCN2S(=O)(=O)c2ccc(F)cc2)cc1,150.0,train,0.2838561890226919,0.935728568909032,0.0004140598004711,0.3527209170540571,0.8145946149087312,1967.335669828015,4543.4817298180105,5577.598533875738,4.006953644964265,0.3178803766357712
CHEMBL505,CN(C)CCC(c1ccc(Cl)cc1)c1ccccn1,3.0,train,0.3059438001574363,0.9419860293818444,0.0007278470558409,0.3356520824446452,0.7945862531210878,1091.6939853565827,2584.357668993075,3252.4570603151906,3.550589568467643,0.3866961332793312
CHEMBL2171026,O=C(c1ccc(-c2nn[nH]n2)cc1)N1CCC(N2CCC(Oc3ccc(Cl)c(Cl)c3)CC2)CC1,28.0,train,0.7356460458138901,0.9952302506597944,0.0004181301588957,0.0975538219222748,0.9179567656545828,2195.3852075125983,20658.01897602564,22504.34851503565,6.725286751354152,0.0690105250634697
CHEMBL2324355,Cc1nocc1C(=O)Nc1ccc(-c2ccccc2OC(F)(F)F)c(N)n1,3.0,train,0.5740232225572772,0.985049177076986,0.0008077661522979,0.1722733837246841,0.9509336603238394,1177.2388055856875,6498.252848274778,6833.550140671017,4.379055579868585,0.2375697565115648
CHEMBL1645107,Nc1nc2ccc(-c3ccncc3)cc2s1,20.42,train,0.6907704804941238,0.9931847118117356,0.0031267853528087,0.116550968350502,0.9219929873231844,294.8692933126917,2332.6054211206715,2529.960046543204,3.368292502842445,0.1062994972204144
CHEMBL318021,CC(CCc1cccc(OCc2ccc3ccccc3n2)c1)CC(=O)O,6.17,train,0.5812373257583482,0.9860000217769476,0.0005594779024955,0.166745186005052,0.8791724558819194,1571.415871762615,8285.369936542022,9424.0554070029,5.252522205482308,0.1190553961159422
CHEMBL2048873,N[C@@H]1CCCN(c2c(/C=C3\SC(=O)NC3=O)cccc2-c2ccncc2)C1,8.51,train,0.3111899475198064,0.9437539370827496,0.0004855393919945,0.3306486144546948,0.8418452302893232,1733.835079438402,4414.416779398071,5243.739134663667,3.8692153072054234,0.3225541376239041
CHEMBL1916271,CCN(C(=O)c1cnn(-c2ccccc2)c1NS(=O)(=O)c1ccc(-c2cnco2)cc1)C1CCCCC1,137.0,train,0.3027323461280622,0.940527507918026,0.0003053183131315,0.3397175398025651,0.8975376614075169,2939.67843658604,7766.664361212995,8653.301911624885,4.316063633478931,0.3629144399741311
CHEMBL2207662,O=C(NC[C@@H](O)CN1CCC(Oc2ccc(Cl)c(Cl)c2)CC1)c1c[nH]c(=O)cc1C(F)(F)F,6.0,train,0.726358060488857,0.9947210979910224,0.0005376559549605,0.102615482318872,0.9785435879565416,1820.0181341399357,17355.734581970828,17736.291766230057,6.025578447774772,0.1717858552264973
CHEMBL2207664,Cc1c(Cl)ccc(OC2CCN(C[C@H](O)CNC(=O)c3c[nH]c(=O)cc3C(F)(F)F)CC2)c1Cl,6.0,train,0.794532273764065,0.9972046486409776,0.0006460463203056,0.0747187307763203,0.9875042519205216,1528.5347518942206,20201.555232817056,20457.183038481704,6.354692113617888,0.130742589780109
CHEMBL2207663,Cc1cc(Cl)ccc1OC1CCN(C[C@H](O)CNC(=O)c2c[nH]c(=O)cc2C(F)(F)F)CC1,3.0,train,0.6988771691020624,0.993442392364011,0.0006624924451346,0.1143337791471545,0.9732410817835744,1469.0598948425943,12505.048393627356,12848.870262145574,5.242886111874318,0.232568642936128
CHEMBL2207665,Cn1cc(C(=O)NC[C@@H](O)CN2CCC(Oc3ccc(Cl)c(Cl)c3)CC2)c(C(F)(F)F)cc1=O,4.0,train,0.7053287676151717,0.9937833906062672,0.0004391765696736,0.1113309146423916,0.96879915457126,2205.944536820625,19196.08052415261,19814.303546381398,6.281139499517087,0.1782629961985853
CHEMBL2207661,O=C(NC[C@@H](O)CN1CCC(Oc2ccc(Cl)c(Cl)c2)CC1)c1c[nH]nc1C1CC1,9.0,train,0.7759253264856624,0.9966528065010896,0.0007404233342794,0.0817507387948359,0.9710354355472272,1311.459796836563,15577.522035853624,16042.176696749391,6.026457768048868,0.1502726290403135
CHEMBL1770475,CSCCC(NC(=O)c1ccccc1)c1nc2ccccc2n1Cc1ccc(C#N)cc1,150.0,train,0.1879810385566133,0.8945972584097378,0.000325451819301,0.4468732988731602,0.8847918317412811,2718.6568925671813,5382.8353985708445,6083.730890663128,4.012311498484657,0.4841358494098565
CHEMBL1608462,Cc1cc(C)c(CNC(=O)c2cc(C3CC3)nc3c2cnn3C(C)C)c(O)n1,97.72,train,0.5162760473946503,0.9797386667092284,0.000596989000481,0.2002801661543737,0.8956558815055947,1500.288750352007,6709.313603093937,7490.950198211842,4.548384599865592,0.1772802031057225
CHEMBL376632,Cc1cc(N2CCC[C@@H]2C(=O)NCCc2ccc3c(c2)OCO3)nc(-n2ccnc2)n1,150.0,train,0.354132655956687,0.9542485299508092,0.0003269526249186,0.2990146201889125,0.8553905097973197,2616.252155828738,7484.307168387958,8749.579382358737,4.734490184843638,0.282003847470735
CHEMBL282625,N=C(N)c1cc2c(/C=C/c3ccc4c(c3)OCO4)cccc2s1,7.0,train,0.610388738484339,0.988181345033747,0.0008429972293123,0.1532893646907531,0.8502189875025249,1008.5667638505032,5594.01243862941,6579.496013211299,4.521544269398481,0.0191684619465338
CHEMBL1519272,O=C(NS(=O)(=O)c1ccccc1Cl)c1ccc[nH]1,3.0,train,0.3716946147666242,0.9579166173779392,0.0011318680177584,0.2870466062353056,0.8667690633152066,765.786337025181,2312.376776539152,2667.811847938832,3.1765436580762705,0.1362630281754668
CHEMBL235789,O=C(NCC12CC3CC(CC(C3)C1)C2)c1cc(CN2CCNCC2)ccc1Cl,18.0,train,0.6721587022350141,0.992117098258566,0.000839786290928,0.1253142583387981,0.948608128520895,1129.582774532567,8550.754047969538,9014.000397932696,4.822105803003872,0.138975076549473
CHEMBL393384,O=C(NCC12CC3CC(CC(C3)C1)C2)c1cc(OC2CCNCC2)ccc1Cl,28.0,train,0.7211358758011082,0.994573501705626,0.0009713253959932,0.1040362903270257,0.9530597729232396,981.1951554593855,8988.571479394453,9431.277800997274,4.906404558392836,0.1291625118340789
CHEMBL1951032,COc1c(Nc2ccc(S(C)(=O)=O)nc2C)ncnc1OC1CCN(C(=O)OC(C)C)CC1,19.95,train,0.6723742062304298,0.9920540059500184,0.0005071482877186,0.1258127548324129,0.964889657773064,1902.57895203283,14591.356467462423,15122.305799337542,5.7414170862827145,0.1973790722830221
CHEMBL2147033,O=C1COC2(CCN(S(=O)(=O)c3ccc(-c4ccc5cnccc5c4)cc3)CC2)CN1C1CC1,114.82,train,0.5399908790685473,0.9820382159286226,0.0003773342418789,0.1886821201272872,0.9261997848149144,2454.587159126998,12049.038335265628,13009.113727740098,5.366932390893917,0.2225066087933219
CHEMBL12610,CN(C)CCCOc1nn(Cc2ccccc2)c2ccccc12,17.78,train,0.3286144054348636,0.9479879920101252,0.000532783103876,0.3183060901154903,0.7960894679202425,1494.209298546761,3737.045323292361,4694.252937493657,4.004903777153267,0.2293897678842696
CHEMBL305513,Nc1nc2ccccc2[nH]1,3.0,train,0.5057957295566091,0.9781421537799608,0.0062039971560143,0.2079373150704299,0.7928859251841703,127.8024320845351,487.32354541469175,614.61999757594,2.14889699414231,0.0043503761862778
CHEMBL1483,CCCSc1ccc2nc(NC(=O)OC)[nH]c2c1,34.67,train,0.6869976620377106,0.9928127849345948,0.0020447397098054,0.1196777927203455,0.9749683394182914,476.81782416748695,3884.4489998233935,3984.179632069925,3.9656105753229194,0.1733533768196211
CHEMBL472,COc1ccc(Cl)cc1C(=O)NCCc1ccc(S(=O)(=O)NC(=O)NC2CCCCC2)cc1,22.0,train,0.5784512316277524,0.985766575100067,0.0002908099034694,0.1681197769909416,0.8752118272262019,3009.5667884230334,15667.451475366504,17901.325128364824,6.084541109704925,0.0889801709342434
CHEMBL2098096,Cc1cc(OCC(=O)NCc2ccccc2)c2cc(Br)ccc2n1,125.89,train,0.2186574785436919,0.8857293605168665,0.0002437573776911,0.4642020033545557,0.5996720587323713,2460.1185999475065,3178.065529436155,5299.672517932839,3.767676375141704,0.1676226097859704
CHEMBL2098183,COc1ccc2nc(C)cc(OCC(=O)NCc3ccccc3)c2c1,150.0,train,0.3222277608641606,0.9463370039784718,0.0004598244082169,0.3231814891064304,0.7940213191393614,1726.7924558817172,4242.538851745817,5343.104460147618,4.100538382049348,0.2227469044928643
CHEMBL295467,CNCCC(Oc1ccccc1OC)c1ccccc1,3.0,train,0.1803920537367427,0.8586822624137029,0.000404494093126,0.5125083142897144,0.6027837360952405,1490.2164119053195,1752.7095489244048,2907.6921688004445,3.3664445768627504,0.2203277053585645
CHEMBL1738761,N#Cc1ccc(Cl)cc1O[C@H](CCN)c1ccccc1,4.0,train,0.1489534294886502,0.8704693504013226,0.0005938995264442,0.4922226224097175,0.812121448478241,1367.4391244938329,2256.1471007835275,2778.0907707967967,3.3409584965472363,0.4034790751593042
CHEMBL1773254,O=C(O)CCc1ccc(OCc2cccc(Br)c2)cc1,3.0,train,0.7627612787283985,0.996198096916035,0.0014763649736384,0.0871168852798933,0.9711667519193822,657.8093962267278,7333.16638517386,7550.88286401983,4.814890534565993,0.1747389625821792
CHEMBL1789274,CNCC[C@@H](Oc1cc(OC)ccc1C#N)c1ccccc1,26.0,train,0.124346353484425,0.8416388718348177,0.0004287791982247,0.540040747922428,0.7303699126354585,1703.370675768058,2303.69781619742,3154.1521307809385,3.475853062803315,0.3325160450772024
CHEMBL1789186,N#Cc1cc(F)c(Cl)cc1O[C@H](CCN)c1ccccc1,3.0,train,0.1298354552261142,0.8535509658843915,0.0005671917345085,0.5210093556144866,0.8884069364379626,1566.3256045289863,2670.8436552789717,3006.3291333447123,3.447354172320675,0.4770885036959344
CHEMBL1789328,N#Cc1cc(Cl)ccc1O[C@H](CCN)c1ccccc1,3.0,train,0.2762503503038198,0.9311118033831314,0.0008362421662238,0.3647338887471426,0.9281631441789324,1109.9214816804993,2824.4927165035265,3043.0994100742023,3.4879845126640743,0.4489030488671851
CHEMBL1789224,CNCC[C@@H](Oc1cc(C(F)(F)F)ccc1C#N)c1ccccc1,3.0,train,0.2844992683540305,0.9328561598406614,0.0004434329196621,0.3602490597452467,0.7235844690499666,1631.778871089066,3277.5376259938034,4529.585371417743,3.757084121867554,0.1887144416536619
CHEMBL12,CN1C(=O)CN=C(c2ccccc2)c2cc(Cl)ccc21,5.75,train,0.1606044400359139,0.8402236996410982,0.0003873789049464,0.5422399234300492,0.6042713661115152,1559.8974502624803,1738.3474040446176,2876.766137755093,3.2928735502706283,0.3435759205858804
CHEMBL580,O=C1Nc2ccc(Cl)cc2C(c2ccccc2Cl)=NC1O,7.94,train,0.0891092299482546,0.77842051887783,0.0003857980127125,0.6277431766176115,0.6888734070497011,1785.580496400537,1959.462031502431,2844.444293320005,3.202934415868197,0.3577127530166016
CHEMBL1096435,CS(=O)(=O)c1ccc([C@@H](CC2CCCC2)C(=O)Nc2nccs2)cc1,29.51,train,0.2173012610691271,0.8913888535671801,0.0002191432181596,0.4532393536931544,0.6247708695286023,2850.970587981014,3929.939796135296,6290.209719765722,4.15525387072814,0.1723898279053148
CHEMBL1094168,CS(=O)(=O)c1ccc([C@H](CC2CCCC2)C(=O)Nc2nccs2)cc1,43.65,train,0.2200720935877347,0.9039818050664152,0.0002600534156549,0.4275709252379835,0.6886353596188026,2648.0535081015423,4264.890740235351,6193.249708519472,4.160825050789726,0.2339603053349188
CHEMBL1738764,Cc1ccc(CO)cc1N(c1ccnc(Nc2cc(N3CCOCC3)cc(S(C)(=O)=O)c2)n1)C(C)C,150.0,train,0.3725364018622176,0.9577208611454572,0.0002032347964363,0.2876990652171188,0.7883885701022875,3879.200727072711,10630.265732871178,13483.536083598956,5.230269936285123,0.1808369460026063
CHEMBL441550,CC(C)n1c(=O)n(C)c(=O)c2c(C(=O)N3CCS(=O)(=O)C3)c(Cc3ccccc3C(F)(F)F)sc21,6.0,train,0.1319050530232168,0.8440050237469083,0.000158519889484,0.536335268176521,0.7034396556113226,4437.54823385808,5820.141964552634,8273.832613964098,4.1829449553368,0.3045407356086026
CHEMBL2326624,COc1cccc2c1c(NS(=O)(=O)c1ccc(Cl)s1)nn2Cc1cccc(CNC(=O)[C@@H]2COCCN2)c1,40.5,train,0.2322198594715047,0.9171218960405224,0.0001527246279619,0.3986068587004462,0.8261040653276024,5409.108382528821,11210.259751106656,13570.033391206083,5.11874289606364,0.3015447960973792
CHEMBL2326623,COc1cccc2c1c(NS(=O)(=O)c1ccc(Cl)s1)nn2Cc1cccc(CNC(=O)[C@H]2COCCN2)c1,58.5,train,0.3514281872898982,0.9536221077977216,0.0002274536269035,0.3010064376710752,0.8588222784273165,3775.8126353880257,10773.032083726104,12543.959739206792,4.849121274821677,0.2704874999716661
CHEMBL371888,COc1cc2ncnc(Nc3ccc(OCc4ccccn4)c(C)c3)c2cc1OC,15.0,train,0.7596366654288431,0.9961280808355496,0.0008920957065074,0.0879138588101144,0.9476070094986612,1062.2257259913615,11449.532044695245,12082.574242198469,5.527699095071911,0.0852525892696132
CHEMBL2147475,COc1cc(-n2cnc3cc(-c4ccc(Cl)cc4)sc3c2=O)ccc1OC[C@H](OP(=O)(O)O)C1CC1,3.0,train,0.7800871281792943,0.996813660394399,0.0005222333191369,0.0797654464735188,0.954913392123986,1828.518704440472,21890.14260954564,22923.694222002727,6.517970719185254,0.1028692386687358
CHEMBL2207285,O=C(NC[C@@H](O)CN1CCC(Oc2ccc(Cl)c(Cl)c2)CC1)c1c[nH]c(=O)c2cc(S(=O)(=O)NC3CC3)ccc12,21.0,train,0.8002868705315596,0.997366159305024,0.0004141353018869,0.0725309883645972,0.991058070444086,2393.077977000541,32698.84080975825,32993.86966810747,7.473344154110562,0.1281844835776419
CHEMBL1921931,C[C@@](C(=O)O[C@H]1C[N+]2(CCOc3ccc(Cl)cc3)CCC1CC2)(c1ccccc1)N1CCCCC1,100.0,train,0.419354887929547,0.966738264840092,0.0002617782121892,0.25576772136837,0.8361159254243247,3193.9859258414435,10441.280408214345,12487.83821802634,5.120882288823254,0.2540640740875007
CHEMBL1359777,Cc1cc(C(=O)Cn2cc(C(F)(F)F)ccc2=O)c(C)n1Cc1ccccc1,40.74,train,0.6529007051447272,0.9910404598957234,0.0007716280554662,0.1335619962776572,0.9317631555385142,1207.5288721526242,8424.034857803395,9040.96154449755,4.902900384799467,0.1740464502325575
CHEMBL1917461,Cc1ccc2c(n1)c(Sc1ccc(Cl)cc1)c(C)n2CC(=O)O,5.0,train,0.3195549815014928,0.9459366752024434,0.0005416041404175,0.3243513627332972,0.8515034773706703,1572.187902245833,4127.386592616883,4847.175263877612,3.899243530968498,0.1833412514489999
CHEMBL315970,CC(C)Cn1c(=O)n(C)c(=O)c2cn(Cc3cccc4ccccc34)cc21,14.0,train,0.3200173721448952,0.9460723225743992,0.0004711405975623,0.3239554914778907,0.8201709909195943,1740.8200336866785,4407.303254925459,5373.639526050404,3.992301728782728,0.2438184628815463
CHEMBL1790041,CNC(=C[N+](=O)[O-])NCCSCc1ccc(CN(C)C)o1,3.0,train,0.593321593127102,0.9867446732010166,0.0009151505704359,0.1622804668141526,0.9445706512736612,1032.147803638123,6007.725650738119,6360.271349355697,4.616266595401696,0.2257905357707439
CHEMBL1951909,CCN(C(=O)Cc1ccc(S(C)(=O)=O)cc1)C1CCN(CC[C@@H](c2cc(F)cc(F)c2)N2CCN(S(C)(=O)=O)CC2)CC1,7.5,train,0.5518969155916752,0.9832205891630458,0.0001866471442571,0.1824205938096715,0.9253646609195572,4957.829194776639,25149.572402490077,27178.012587489924,6.685583863748652,0.2171247992966506
CHEMBL1951898,CCN(C(=O)Cc1ccc(S(C)(=O)=O)cc1)C1CCN(CC[C@@H](c2ccccc2)N2CCN(S(=O)(=O)C(F)(F)F)CC2)CC1,18.0,train,0.7184208847464956,0.9944788601788996,0.0002512100109419,0.1049371081042193,0.9408142090956924,3745.13024209477,33576.98539945829,35689.28389350367,7.443900803485,0.1224127672801
CHEMBL2181926,CCOC(=O)C1=C(C)NC(C)=C(C(C)=O)[C@H]1c1cccc2c(=O)cc(C)oc12,150.0,train,0.0989140769892501,0.8207471056547543,0.0003429343871103,0.571291684307888,0.7898457651208441,2303.1979142607,3184.3122677654155,4031.562120584675,3.5324500506420984,0.464653368532842
CHEMBL2314383,CC(C)c1ccc(Sc2cnc(O)c(C(=O)NCc3ccccc3)c2)cc1,150.0,train,0.6684969683714608,0.9918927664723995,0.0007877058147416,0.1270776920617064,0.9520993679867984,1208.6991744487898,9055.890938907289,9511.497689632806,5.111212911238112,0.1323265101227685
CHEMBL190243,C[C@@H](C(=O)NCCN1CCCC1)c1ccc(OS(=O)(=O)C(F)(F)F)cc1,3.0,train,0.7537771606801172,0.9958817712784812,0.001076840275241,0.0906614451419955,0.965347892796444,896.4633985113392,9545.392215694965,9888.033409430906,5.07663330383985,0.1371419395805678
CHEMBL1340633,COc1cc(-c2ccc(Nc3ccccc3C(=O)O)c(OC)c2)ccc1Nc1ccccc1C(=O)O,6.61,train,0.670175287468921,0.9920344176437252,0.0005143837058742,0.1259671155908358,0.9403610113135652,1828.1314135239445,13647.240367235485,14512.767121397364,5.563002855845289,0.1316872196912235
CHEMBL1951902,CCN(C(=O)Cc1ccc(S(C)(=O)=O)cc1)C1CCN(CCC(c2ccccc2)N2CCC(C(C)=O)CC2)CC1,21.0,train,0.6688630208616466,0.9920056667384032,0.0003023091064605,0.1261933324660865,0.922628536203313,3051.937624391638,22313.419322157923,24184.618670022228,6.605573972595028,0.1284092941050071
CHEMBL257269,C[C@H](CO)Nc1nc(SCc2cccc(F)c2F)nc2[nH]c(=O)ccc12,9.0,train,0.0976911396395866,0.8155598713408481,0.00031070302472,0.5786727021888103,0.7624657016830251,2454.00154172942,3233.4202051843886,4240.74184326864,3.621942948475218,0.3003464933239457
CHEMBL217899,CCc1nn(C2CCCC2)c2c1CCn1c(-c3cccs3)nnc1-2,22.0,train,0.4152427294891433,0.9657515691642196,0.0005994030442337,0.2594685080252467,0.7997350416438711,1334.2191858005094,4112.336576947517,5142.123782014764,3.9491759525530967,0.1450121148950457
CHEMBL1689112,O=C(O)COc1ccc(C(F)(F)F)cc1CN1CCN(C(=O)c2ccccc2)CC1,4.7,train,0.3758650219892604,0.9582646073265734,0.0003027231511135,0.2858827423004894,0.7819739649219407,2583.132350616311,7065.631978604789,9035.635833873452,4.702849548000749,0.1500277054726857
CHEMBL240317,O=C(c1ccccc1)N1CCN(Cc2ccccc2)CC1,20.0,train,0.5423888747304279,0.9824409974304606,0.0011121115981475,0.1865735419823544,0.9008641144572186,810.048304466721,3911.291176216191,4341.710490458143,4.020273915728303,0.2372320448794697
CHEMBL2170985,Nc1ncnc2c1ncn2[C@@H]1O[C@H](CSCCCNC(=O)NCc2ccccc2)[C@@H](O)[C@H]1O,21.38,train,0.777106160727532,0.9967259856995722,0.0007046350060162,0.0808536296724905,0.946094243990703,1342.6727822388834,15711.044711099625,16606.215301373308,5.961486667675612,0.077518892167885
CHEMBL563784,O=C(NCC12CC3CC(CC(C3)C1)C2)c1cc(N2CCNCC2)ncc1Cl,10.0,train,0.6861061460358431,0.9929100752237054,0.0009911193689209,0.1188679204800668,0.9393439542368488,947.7606670723824,7489.600634741619,7973.224931038595,4.593080637718038,0.1401889088774087
CHEMBL562698,O=C(NCC12CC3CC(CC(C3)C1)C2)c1ccnc(N2CCNCC2)c1Cl,73.0,train,0.5426303931678228,0.9821025492838488,0.0007363851955579,0.188346974199655,0.9468956978601376,1285.8700902355029,6464.584109327596,6827.134312614076,4.328972887805644,0.2040545725073282
CHEMBL60088,N=C(N)c1cc2c(I)cccc2s1,4.0,train,0.4266737471368409,0.96633858540364,0.0011334520165863,0.2572736643344822,0.7431021699282458,655.6097294407652,1893.6450951315103,2548.29708721529,2.9044353793613698,0.0017985282234917
CHEMBL1807822,O=c1[nH]c2c(O)ccc([C@@H](O)CNCCCOCCOCCc3cccc4ccccc34)c2s1,35.0,train,0.7911731603349388,0.997137624565972,0.0005899600641992,0.0756079207155595,0.9699890441757962,1644.1605170213802,21093.262098516487,21745.87664177127,6.788736291589638,0.0918933069885112
CHEMBL22442,CCCc1cc(OCc2ccccc2)cc(=O)n1Cc1ccc(-c2ccccc2-c2nn[nH]n2)cc1,20.42,train,0.4929300052828204,0.9757986945039904,0.0003850440638132,0.2186707749204459,0.9823622948343946,2551.2983763614216,11461.519394722412,11667.303860287697,5.185204998563006,0.2601324719526605
CHEMBL53366,Cc1nccn1CCC(C(N)=O)(c1ccccc1)c1ccccc1,3.0,train,0.1183472476815464,0.8424615853350098,0.0004349680995062,0.5387564173490853,0.785369269216058,1805.579007075508,2632.073084671824,3351.3828307785884,3.491836762479311,0.47150670857326
CHEMBL416,COc1c2occc2cc2ccc(=O)oc12,6.0,train,0.3968833959240277,0.960466952976382,0.0015136085979789,0.278394023355862,0.723534662901647,478.0196570419524,1242.3535076257851,1717.061491765272,2.8195669948241395,0.0199333313318768
CHEMBL2057371,CC(C)(C)NS(=O)(=O)c1cncc(-c2ccc3nc(NC(=O)NCC(=O)N4CCCC4)nn3c2)c1,5.0,train,0.7050530163636363,0.9938566142677429,0.0004347564271833,0.1106753372538761,0.941989385829918,2166.706060983813,18441.4537357881,19577.13538304966,6.335482091350721,0.094642819715959
CHEMBL2018954,COc1ccc(COc2nc(Br)cnc2NS(=O)(=O)c2ccc(C)cc2)cc1OCCN(C)C,7.0,train,0.3519388171133226,0.9537313395703608,0.000236705078984,0.3006601601830963,0.8175143247607422,3453.725320425807,9390.901413468087,11487.139893501531,4.696925090203247,0.1827328692908768
CHEMBL1381233,O=C(Nc1ccncc1)c1cccc2ccccc12,60.26,train,0.5486640196111102,0.9830120101296336,0.0016737921837025,0.1835412431604875,0.909404707123832,543.3199628834278,2692.0256352873143,2960.206401175738,3.5322364190918223,0.1615539400018989
CHEMBL196707,Cc1c(CC(=O)O)c2cc(F)ccc2n1S(=O)(=O)c1ccc(S(C)(=O)=O)cc1,5.0,train,0.3373335648011566,0.9492389608505482,0.0004414844862347,0.314555869764612,0.9179459145311516,2079.225755722346,6067.655927964489,6610.036421441665,4.164414771041004,0.3628153604692759
CHEMBL1962788,O=c1c2c3n(c(=O)cc2[nH]n1-c1ccccc1Cl)CCCN(Cc1ccccc1)C3,32.36,train,0.2726325838727247,0.926853314708289,0.0002591707976474,0.3754236713557862,0.696707888650906,2688.219100975672,4988.772943666783,7160.494412266471,4.198321635842307,0.1581232777041435
CHEMBL1956112,CN1CCC[C@H]1CCN1CCCc2cc(NC(=N)c3cccs3)ccc21,9.33,train,0.6504843862088792,0.990946063054984,0.0007116291452776,0.1342605679856437,0.8910372260701014,1252.1089558838123,8309.779315901158,9325.962005595708,5.062068994082918,0.0762616854906005
CHEMBL556680,O=C(CC12CC3CC(CC(C3)C1)C2)Nc1cccc2c(=O)n(C[C@H]3CCCN3)ccc12,15.0,train,0.6798053566971267,0.9925415152653396,0.0007337769882734,0.1219070977211074,0.948964780699022,1293.2604808606875,10067.163205003291,10608.574111241163,5.116682022468667,0.150882134272176
CHEMBL2158816,O=C(O)C(c1ccccc1)N1CCCC(CN2CCC(Oc3ccc(Cl)c(Cl)c3)CC2)C1,3.0,train,0.7430108265686477,0.9954853193332032,0.0005562100405407,0.0949156414510812,0.9565977357077722,1719.8498156879348,17333.333202962473,18119.772351476247,6.239399375741073,0.1520720987857895
CHEMBL168634,Cc1ccc(S(=O)(=O)N2N=Cc3ccccc3B2O)cc1,14.13,train,0.359245229708524,0.9551817232003909,0.0008894579386449,0.2960200595634222,0.8764523789386486,985.3781059887516,2917.494802283381,3328.754502117228,3.4708456142279256,0.2616739691516516
CHEMBL1078685,N#Cc1cc(-c2n[nH]c(-c3ccncc3)n2)ccn1,5.0,train,0.7479891314659691,0.9957058564699646,0.0025784945065941,0.0925734702353443,0.9074265298517848,351.92106383441217,3449.611523962128,3801.532587465316,3.913232078624155,1.5671168101070152e-10
CHEMBL495727,O=C(Nc1c[nH]nc1-c1nc2ccc(CN3CCOCC3)cc2[nH]1)NC1CC1,8.32,train,0.4221164153267181,0.9666850734780856,0.0003737828481558,0.255968686980787,0.7872114143438187,2106.066177802916,6477.03964920661,8227.827405939683,4.694267099817838,0.0965626826042815
CHEMBL361812,O=C(O)CCn1c2c(c3ccccc31)C[C@H](NS(=O)(=O)c1ccc(F)cc1)CC2,3.0,train,0.3461086835428537,0.951861174649902,0.0003796916479573,0.3065294507777493,0.8975007597460727,2363.7621859065707,6920.960946256265,7711.370571111708,4.517161453747181,0.3272423414878915
CHEMBL1807818,O=c1[nH]c2c(O)ccc([C@@H](O)CNCCCSCCOCCc3ccccc3)c2s1,33.0,train,0.6374040223286123,0.9899849339135418,0.0004536579475544,0.141173052046771,0.9466536216875004,2086.7123055833536,13992.711306162746,14781.236753966466,5.864799028266225,0.1520350037182789
CHEMBL1834184,CCC(=O)N[C@H]1CC[C@@H](C(=O)N(C)c2ccc(-c3nc4ccccc4o3)cc2)C1,10.96,train,0.6426373291616764,0.9903543075550338,0.0006334908905153,0.1385580943402053,0.9415697061744268,1486.319251423518,10100.262907831802,10727.047441733132,5.33851311983313,0.1722334972809257
CHEMBL1088752,Cc1c(F)cc(C(=O)NC2CC2)cc1-c1ccc(C(=O)NCC(C)(C)C)cn1,6.92,train,0.5196835816780954,0.9801795965666236,0.0004638508226245,0.1981109751490087,0.8644048760884294,1863.540677146039,8131.067180415269,9406.549413753484,5.029615924086516,0.1116902288269747
CHEMBL1916260,CCC(CC)NC(=O)c1cnn(-c2ccccc2)c1NS(=O)(=O)C1CCCC1,3.0,train,0.229406700938892,0.9090436683148284,0.0002693608039479,0.4167008628461436,0.6935549827347074,2574.81776327316,4285.51473868987,6179.055511636527,4.014532874392271,0.1993516814402204
CHEMBL1290184,Cc1cccc(CN2CCC3(CC2)CCN(C(=O)c2ccccc2)CC3)c1,13.5,train,0.7392789170146372,0.9952693357996394,0.0011734879523618,0.0971542547547194,0.9794088459444864,834.6134649045599,8413.710882098001,8590.601276410052,4.9602682183520885,0.1900658021411997
CHEMBL1290183,O=C(c1ccccc1)N1CCC2(CCN(Cc3cccc(Cl)c3)CC2)CC1,5.0,train,0.7201670026340271,0.9945243411594304,0.0008929566085284,0.1045051904998069,0.95530387965848,1069.8211654794045,9779.45980515791,10237.014643606446,5.247139570852619,0.1764647835658266
CHEMBL1464,CC(=O)CC(c1ccccc1)c1c(O)c2ccccc2oc1=O,5.25,train,0.1630839445618059,0.8806621049194837,0.0005754282052373,0.4737449281615415,0.8318850155052026,1445.6799439682309,2538.5801749279854,3051.5998336456505,3.377797353358302,0.3897441107331955
CHEMBL103667,Cc1ccc(-n2nc(C(C)(C)C)cc2NC(=O)Nc2ccc(OCCN3CCOCC3)c3ccccc23)cc1,124.0,train,0.5853710636443883,0.9862707260198724,0.0002803200199922,0.1651364738518831,0.9143096449352808,3261.66374046586,18058.824600544853,19751.322432810102,6.238441933665307,0.1314344826417006
CHEMBL1256967,CC1(C)[C@H](NC(=O)/C(=N\OCc2cc(=O)c(O)cn2O)c2csc(N)n2)C(=O)N1OS(=O)(=O)O,7.94,train,0.4074739624033885,0.9646252424255656,0.0002816812535007,0.2636250019922598,0.8767494793894487,3112.558853289134,10351.576419411049,11806.76654250161,4.936587682626405,0.2845976845654007
CHEMBL1221681,O=c1[nH]c2c(O)ccc([C@@H](O)CN[C@H]3CCC[C@@H]3OCc3ccccc3)c2s1,26.0,train,0.4071246551309621,0.9639543672269748,0.0003458401752106,0.2660676190445629,0.7760026658209477,2243.8187389545005,6544.236120503109,8433.264998619354,4.636784996494509,0.0947117025014291
CHEMBL553,C#Cc1cccc(Nc2ncnc3cc(OCCOC)c(OCCOC)cc23)c1,18.62,train,0.4049961131360142,0.963809165574343,0.0003250449495463,0.2665931213570385,0.787435498523986,2422.543403990859,7155.460963536117,9087.043925437349,4.870332925701485,0.1033684027036544
CHEMBL129198,CN1CCN(C(=O)c2cc3cc(Cl)ccc3[nH]2)CC1,19.25,train,0.6553429276076873,0.99121357139208,0.0016513706385399,0.1322711453347169,0.9229438227240538,558.8956235409717,3899.7867750318737,4225.378272235157,3.953807162713297,0.1632709733906895
CHEMBL129660,O=C(c1cc2ccccc2[nH]1)N1CCNCC1,10.67,train,0.5967734138767786,0.9871982271708152,0.0023517237537815,0.1594981513084066,0.9115892928927268,387.6260089761463,2215.4220380030865,2430.2852778941,3.313041838196684,0.1491807072550425
CHEMBL128613,CN1CCN(C(=O)c2cc3cc(Br)ccc3[nH]2)CC1,20.5,train,0.7070956916085779,0.9939728160097624,0.0015025994742266,0.1096268262498863,0.9317882095644148,620.1174867600384,5270.773427214128,5656.621722738978,4.233137872003042,0.1625598045270859
CHEMBL341087,CC1CN(C(=O)c2cc3ccccc3[nH]2)CCN1,8.0,train,0.5298506416317328,0.980353740064052,0.002071473046264,0.1972474191020633,0.975440262683027,470.8920854375802,2328.684966351414,2387.316840855204,3.2648159591910395,0.3086927243771943
CHEMBL1945883,O=C(Nc1ccccc1)c1ccc2cccc(O)c2n1,150.0,train,0.5853776027849812,0.9861852622333588,0.0013847648243123,0.1656460942905735,0.8343539057636359,602.523902336947,3034.892995115958,3637.4168972557222,3.709890611117025,7.028346499507888e-11
CHEMBL1945031,Cc1cccc2c(CCNCc3cccc(CCNC[C@H](O)c4ccc(O)c5[nH]c(=O)sc45)c3)c[nH]c12,16.0,train,0.8492363316786135,0.9985725404861276,0.0006615547434992,0.0534123711052153,0.987206426411551,1492.2520564054034,27580.89164413489,27938.32263064792,7.427809312108946,0.0799890805802017
CHEMBL1297,CC(C(=O)O)c1cccc(Oc2ccccc2)c1,10.23,train,0.4879954553291574,0.9758299715775468,0.0016282339607952,0.2185311569798789,0.9472175613527888,581.7453659363324,2521.5600121553143,2662.0705897324106,3.449414733757744,0.3084167147562022
CHEMBL1072,CCCCNc1cc(C(=O)O)cc(S(N)(=O)=O)c1Oc1ccccc1,4.0,train,0.16138992621277,0.8698461748110287,0.0003065829246538,0.4933230505121581,0.7023133316856508,2290.7777152904323,3261.237697501865,4643.565130216788,3.74014201240748,0.2381700764904735
CHEMBL2171215,O=C(NS(=O)(=O)Cc1ccccc1)N1CCC(N2CCC(Oc3ccc(Cl)c(Cl)c3)CC2)CC1,3.0,train,0.8766529413674383,0.9990727987124712,0.0008405019282769,0.043052791696122,0.9789686283861904,1164.7428702430811,26484.849998871738,27053.82913294317,7.207735414337064,0.0635401118186484
CHEMBL2216839,C[C@H]1CN(Cc2nnc(-c3cc(-c4cccc5[nH]ccc45)cc4[nH]ncc34)o2)C[C@@H](C)O1,107.15,train,0.5685614568311002,0.984912525457104,0.0004917463232839,0.1730529317801621,0.8899387968713134,1809.7518064360056,9306.796069201137,10457.793391995374,5.01741920945919,0.1156113462534631
CHEMBL217943,O=C(NCc1ccccc1)c1ccc2cccnc2c1O,49.0,train,0.5172979573174367,0.9797285884856018,0.0012406114712135,0.2003294608988165,0.9144125001936466,737.0659722331744,3364.369551305369,3679.268984832219,3.738774546696852,0.2223426195221982
CHEMBL426823,CCOc1nc2ccc(OCCC3CCN(c4ccc(C)nn4)CC3)cc2o1,6.0,train,0.7833481808304824,0.9969051079952572,0.0009840691037089,0.0786142840262774,0.9641594040271452,979.7679862046205,12016.29613961968,12462.97665036452,5.769135496313857,0.0916127767652186
CHEMBL2181927,CCOc1ncc(C)c2c1[C@H](c1ccc(C#N)cc1OC)C(C(N)=O)=C(C)N2,97.72,train,0.0981881583852821,0.8168305741198727,0.0003253213067258,0.5768776414310051,0.766233863890158,2355.314109615945,3128.430192595493,4082.866002179151,3.555249772882612,0.4925120945835913
CHEMBL1807869,O=c1[nH]c2c(O)ccc([C@@H](O)CNCCCSCCNCCc3cccc(Cl)c3)c2s1,20.0,train,0.6301574674839563,0.9896152117439624,0.0003294820948241,0.1437418960670572,0.9174394311767416,2784.489493022332,17772.135518542702,19371.45375989291,6.435298639905586,0.1309293665003729
CHEMBL1807870,O=c1[nH]c2c(O)ccc([C@@H](O)CNCCCSCCNCCc3ccccc3Cl)c2s1,11.0,train,0.7222219784353983,0.9946248788668716,0.0005550070560509,0.1035439536576677,0.9517676522728952,1714.874868519595,15762.991173283428,16561.805957199933,5.941856817769992,0.1376653177902986
CHEMBL1807871,O=c1[nH]c2c(O)ccc([C@@H](O)CNCCCSCCNCCc3cccc(Cl)c3Cl)c2s1,35.0,train,0.788484830778714,0.9970627616461444,0.0005296892965796,0.0765888329886537,0.9654935800073856,1822.7545586476328,22977.99503700753,23799.22095062689,6.859004939976567,0.1037856387693226
CHEMBL450470,COc1ccc(N(C(C)=O)C(C(=O)NC2CCCC2)c2ccccc2F)c(OC)c1,150.0,train,0.1278068050536377,0.8479163032541314,0.0003663596115343,0.5301301186273498,0.9333683347650572,2547.683492882568,4485.553670139178,4805.770137111261,3.7791351928153447,0.5530512002742329
CHEMBL1782167,Cc1ccc(C(=O)NC2CC2)cc1-c1ccc(C(=O)NCC2CC2)nc1,3.0,train,0.6373993659034968,0.990085342531924,0.0007643405939941,0.1404671296191491,0.9220105785740558,1206.2823639340943,7917.90295217176,8587.648706175658,5.034243166597616,0.1110933121524113
CHEMBL1857945,CN(C)CCNc1cc(-c2ccccc2)nc2cc(-c3ccc(F)cc3)nn12,11.22,train,0.3186320462991063,0.9409319648266508,0.0002534979752808,0.3385956845080252,0.6925466878248541,2731.961417275757,5587.817321265287,8068.5063108387185,4.671701914132959,0.0940002008798283
CHEMBL2323239,O=C(CSc1nc2c(c(=O)n1-c1ccccc1)SCC2)Nc1ncc(-c2ccccc2)s1,150.0,train,0.5518233569938008,0.9833968679599612,0.0004091969783186,0.1814679037365526,0.8625153434480611,2107.8243221445887,10018.470383512316,11615.411203540643,4.9801649415358575,0.111828496856623
CHEMBL15770,CC1=C(CC(=O)O)c2cc(F)ccc2/C1=C\c1ccc([S+](C)[O-])cc1,3.0,train,0.5142879822778328,0.9795944192351316,0.0006698034893951,0.2009845113519581,0.8654557414209485,1292.1039605250887,5563.905316021705,6428.873308861072,4.317019873233866,0.1722371654205257
CHEMBL212777,Cc1ccc2c(c1)c(-c1ccnc3cc(Cl)ccc13)c(C)n2CC(=O)O,4.0,train,0.2485366122551423,0.9211100678868258,0.0004856628526259,0.3893022512618277,0.9250912206393572,1904.801274459062,4526.341500346514,4892.859643850289,3.9394765249834096,0.4453338373702489
CHEMBL213495,Cc1ccc2c(c1)c(-c1ccnc3c(C#N)cccc13)c(C)n2CC(=O)O,3.0,train,0.2976205803150861,0.9397356933080308,0.0005111826022629,0.3419017793502613,0.8634368750455406,1689.096755686021,4265.635666332733,4940.298230959558,3.9150954232741,0.3860245017546553
CHEMBL214350,Cc1ccc2c(c1)c(-c1ccnc3c(C(F)(F)F)cccc13)c(C)n2CC(=O)O,5.6,train,0.4530177704547115,0.971709035033125,0.0005645538023002,0.2361811830671377,0.8970694273052362,1588.9883721448034,6035.336390831016,6727.836449583335,4.2441694040622,0.3130654798040438
CHEMBL379828,COc1ccc2c(c1)c(-c1ccnc3cc(Cl)ccc13)c(C)n2CC(=O)O,4.0,train,0.2710041228925022,0.9316355403557056,0.0003850044427624,0.3633940284954235,0.8325510209009117,2162.445230312637,4954.253077831646,5950.690051968947,4.142030140517931,0.3218548978257086
CHEMBL378730,Cc1ccc2c(c1)c(-c1ccnc3c(Cl)cccc13)c(C)n2CC(=O)O,7.0,train,0.3282005781430641,0.9477151747559338,0.0005425693794177,0.3191174510071956,0.88595514211619,1632.8882088166602,4533.333105212711,5116.887853243228,3.932356970411625,0.4369209655090191
CHEMBL384962,Cc1ccc2c(c1)c(-c1ccnc3ccc(C(F)(F)F)cc13)c(C)n2CC(=O)O,23.0,train,0.1861782554968494,0.8853947952030685,0.0004126853422992,0.464839818246368,0.9876931166750412,2393.3321963221038,5085.359823824795,5148.724576459632,3.980992070972954,0.5007562117096549
CHEMBL214304,Cc1ccc2c(c1)c(-c1ccnc3cc(C(F)(F)F)ccc13)c(C)n2CC(=O)O,3.0,train,0.3001639339861599,0.9376815882160104,0.0004487524379934,0.3474956677725642,0.9522222925321429,2121.932299220133,5814.608428108077,6106.356124729984,4.198193106507278,0.4640880831388167
CHEMBL211677,Cc1ccc2c(c1)c(-c1cc(C)nc3ccccc13)c(C)n2CC(=O)O,3.0,train,0.227492385032296,0.914506526648426,0.0005067327305082,0.4045711466694477,0.8726890732857837,1722.1880899828957,3714.8836258927536,4256.823810003431,3.751403430977586,0.5105880579283972
CHEMBL213494,Cc1ccc2c(c1)c(-c1ccnc3c(S(C)(=O)=O)cccc13)c(C)n2CC(=O)O,3.0,train,0.4686319487562124,0.9738238235947744,0.0005594582577852,0.2273041147873346,0.905082272262276,1617.7833818117376,6441.709427954023,7117.2639497764185,4.310122581887481,0.3054050661325815
CHEMBL211631,COc1cccc2c(-c3c(C)n(CC(=O)O)c4ccc(C)cc34)ccnc12,5.0,train,0.3026002606198945,0.9410539294083878,0.0005068544741665,0.3382565623088975,0.8717617599293743,1719.9448843041312,4432.677282261417,5084.734713094698,3.948361106360425,0.3398302634915757
CHEMBL209689,Cc1ccc2c(c1)c(-c1ccnc3c(C)cccc13)c(C)n2CC(=O)O,5.0,train,0.3186007084318247,0.9456795648992036,0.0005672336975976,0.3251002315164557,0.8524499315285171,1502.8196229153457,3940.564664252026,4622.6347360791615,3.822728700996235,0.3132174679943045
CHEMBL213854,Cc1ccc2c(c1)c(-c1ccnc3c(F)cccc13)c(C)n2CC(=O)O,3.0,train,0.2689910874650917,0.930593068446335,0.0005343178788586,0.3660553796348784,0.8680685791941914,1624.629482824983,3852.667889431291,4438.206821179539,3.772399389969366,0.4386134983075336
CHEMBL223402,O=C(Nc1ccccc1F)N[C@H]1N=C(c2ccccc2)c2ccccc2NC1=O,11.22,train,0.48474846211216,0.9761139040082788,0.0005216440539783,0.2172593988800402,0.8763894871114798,1680.052672751901,6777.06238617683,7732.934369755583,4.565289898839843,0.1451804492632864
CHEMBL2181928,C[C@@H]1CN(c2ccc3c(n2)NC(=O)CO3)[C@H](c2ccccc2)CO1,11.75,train,0.1881649836517012,0.8948577411672205,0.0004566799629714,0.4463514568959082,0.7795580591267164,1707.0117419964963,2981.3160457716044,3824.366910030231,3.6168551171653904,0.3538123008488444
CHEMBL2152523,c1ccc([C@H]([C@@H](c2ccccc2)N2CCCCC2)N2CCCCC2)cc1,13.8,train,0.033515522140146,0.6750149292037472,0.0003189760608298,0.7378040697584015,0.8140883585911719,2552.192651929239,2816.07328012962,3459.173995563579,3.558605226662612,0.7021383697474238
CHEMBL154,COc1ccc2cc([C@H](C)C(=O)O)ccc2c1,3.0,train,0.6550755855248056,0.9910953755277708,0.0026522721449449,0.1331538831858348,0.9511713988695516,358.6251134456278,2561.8024999673303,2693.3132167472463,3.4913959371512524,0.1565568974421593
CHEMBL296419,COc1ccc(CCN2CCC(Nc3nc4ccccc4n3Cc3ccc(F)cc3)CC2)cc1,66.0,train,0.6210755936515538,0.9889896666932498,0.000392835940031,0.1479845910018155,0.9167679489702394,2333.717095481916,14457.431146162318,15770.000644548758,5.958361293436754,0.1346941579041874
CHEMBL682,CCN(CC)Cc1cc(Nc2ccnc3cc(Cl)ccc23)ccc1O,150.0,train,0.5637714926349493,0.9840503565461152,0.0007870704944723,0.1778901227765718,0.957150822410828,1216.0928774906697,6543.276712895957,6836.202361938162,4.52845944050949,0.3107482918158332
CHEMBL481230,COc1cc2c(Nc3ccc(F)c(Cl)c3)c(C(N)=O)cnc2cc1OCCN(C)CCO,27.54,train,0.4621132728131699,0.9731324311004472,0.000325776219994,0.2302461108043593,0.8778397594084311,2694.609690739454,10273.5091348764,11703.171364440856,5.162179724471037,0.1374455861723454
CHEMBL1831078,NC(=O)Nc1cc(-c2ccsc2)sc1C(N)=O,45.0,train,0.406452420109988,0.9624194873098296,0.0008454693121228,0.2715671748320933,0.7288506498232052,862.066356960028,2313.6729424295136,3174.412951392351,3.446268897969953,0.0029079187169293
CHEMBL1917438,Cc1c(Sc2ccc(Cl)cc2)c2c(-c3ccccc3)cccc2n1CC(=O)O,3.0,train,0.1865880496745466,0.8944404147224584,0.0003230247582201,0.4471871470772797,0.7919274588136057,2451.599881003574,4341.558733250856,5482.268211478596,3.8789549784138178,0.3738351504704992
CHEMBL2171017,COc1ccc(C(=O)NCCN2CCN(Cc3ccc(Cl)c(Cl)c3)CC2)cc1Cl,50.5,train,0.830552810813714,0.99816494532428,0.0008510095572825,0.0605536285104093,0.987039107962022,1159.8449153894464,18905.758726968597,19154.011806081373,6.551988775035679,0.1181174599785436
CHEMBL1870384,COc1ccc(C=NN=Cc2ccc(OC)c(OC)c2)cc1OC,19.0,train,0.7182641925291676,0.9944923695480212,0.0010851510642334,0.1048090020502153,0.906415895515192,835.2900581224121,7223.808749607374,7969.640410488918,4.940310778936236,0.0334189673144215
CHEMBL521509,O=C(NC1CC1)c1cn(-c2cccc(C#Cc3cccnc3)c2)c2ncccc2c1=O,7.0,train,0.5738566090744748,0.9851680832686214,0.0005226333155594,0.1715920968717115,0.9351813582004768,1789.3642260431534,9752.081230626023,10428.010722317513,5.198688106626075,0.1901987675084856
CHEMBL1222381,O=C(NC1CC1)c1cc(-c2cccs2)on1,38.9,train,0.6100794281698203,0.988198727558816,0.0019276544133868,0.1531772661041343,0.860179720790249,446.2312927133749,2505.8490632227213,2913.169193201384,3.538022918881302,0.0516203470404326
CHEMBL1917454,Cc1c(Oc2ccc(Cl)cc2)c2cc(F)ccc2n1CC(=O)O,3.0,train,0.3729688432035544,0.9579658219775552,0.000535895992082,0.2868823520589358,0.7978983066927016,1488.905157869763,4141.052580488663,5189.950330454238,4.026138892012956,0.215419038301444
CHEMBL1917459,CCS(=O)(=O)Nc1cccc2c1c(Oc1ccc(Cl)cc1)c(C)n2CC(=O)O,3.0,train,0.2095867902065856,0.8944237064056031,0.0002271975066504,0.4472205646207065,0.6616129940726394,2912.0609808912545,4308.0697465770445,6511.464836955811,4.029320340729906,0.2797638180378599
CHEMBL1917456,Cc1c(Oc2ccc(Cl)cc2)c2c(NS(C)(=O)=O)cccc2n1CC(=O)O,3.0,train,0.1905114364940432,0.8899950975555878,0.0002787950002273,0.455970093676131,0.7053679773584319,2530.059638025412,3913.9037279444537,5548.740308004666,3.829610878608373,0.2597711308930827
CHEMBL1917458,CCS(=O)(=O)c1ccc(Oc2c(C)n(CC(=O)O)c3ccc(C(F)(F)F)cc23)cc1,3.0,train,0.3786871963214043,0.9589227238062576,0.0003267769392527,0.2836674281054978,0.7870166052548374,2408.4214971063598,6682.006895661221,8490.299761207167,4.462456388430075,0.1501394340000024
CHEMBL1944692,O=c1[nH]c2c(O)ccc([C@@H](O)CNCCc3ccc(CNCCc4ccccc4F)cc3)c2s1,22.0,train,0.7413535930409637,0.9954026475578766,0.0004860911397901,0.0957787514784444,0.9636050511479808,1982.3546908590745,19943.953787167517,20697.228354508406,6.652266834568578,0.1061056318578512
CHEMBL1944694,COc1ccccc1CCNCc1ccc(CCNC[C@H](O)c2ccc(O)c3[nH]c(=O)sc23)cc1,25.0,train,0.7871970747918605,0.9970055720099354,0.0006189294045009,0.0773297444787023,0.9757811480163672,1576.5629180329672,19893.772887118917,20387.53559398057,6.511382963122845,0.1331275637857065
CHEMBL2335881,COCCNCc1ccc(Nc2ncc3cc(-c4ccncc4)ccc3n2)cc1,42.66,train,0.7368568413621459,0.9952416425097907,0.0008532663206827,0.0974375339097505,0.9545292253506524,1118.6767861490464,10958.915350727602,11480.963662167364,5.52794201254636,0.1274930075972432
CHEMBL2335890,COCCN(C)c1ccc(Nc2ncc3cc(-c4ccncc4)ccc3n2)cc1,75.86,train,0.8398320571039223,0.9983937282037988,0.001310763072499,0.0566565396341793,0.9655441911397584,736.6275503160798,12553.65147313242,13001.633263738762,5.839830396713359,0.0562960417945411
CHEMBL139,O=C(O)Cc1ccccc1Nc1c(Cl)cccc1Cl,66.5,train,0.1466898268869161,0.8678343248746666,0.0006158546499229,0.49685368527297,0.7878033074432308,1279.2033112712986,2028.2844414411477,2574.607674628614,3.151323346717993,0.2604905466441328
CHEMBL686,Cc1cccc(Nc2ccccc2C(=O)O)c1C,9.0,train,0.409926289530718,0.9651238215736986,0.0012765255376966,0.2617938292454189,0.8279837859929741,648.6229703535402,2051.420784910386,2477.6098513211628,3.2755319238426988,0.1720873483604879
CHEMBL1164729,Cc1nc(-c2ccc(OCC(C)C)c(C#N)c2)sc1C(=O)O,3.0,train,0.7124621561529145,0.9942335585443186,0.001413140595525,0.1072363327622748,0.9077737068525504,642.3803192174796,5437.858126665816,5990.3234535400425,4.367600050796174,0.0491558174326393
CHEMBL1916270,CCC(CC)NC(=O)c1cnn(-c2ccccc2)c1NS(=O)(=O)c1ccc(-c2cnco2)cc1,27.0,train,0.5023938907301603,0.9782546046548534,0.0004019367555432,0.20740763841184,0.8657073044419364,2153.83960909931,8990.000062057481,10384.572263546665,4.737711577589968,0.1437713041212497
CHEMBL256668,C[C@H](CO)Nc1nc(SCc2cccc(F)c2F)nc2[nH]c(=O)cnc12,6.18,train,0.4277555357319949,0.9681130781696412,0.0004820806409025,0.2505136081671058,0.8446517811026539,1752.0964532433431,5907.508980144717,6994.017075809319,4.394539955355358,0.1223576877168288
CHEMBL1917439,Cc1c(Sc2ccc(Cl)cc2)c2cc(-c3ccccc3)ccc2n1CC(=O)O,16.0,train,0.2167875668475669,0.9096546352298872,0.0002673339588051,0.415365435014495,0.78412672599,2933.13550397709,5537.172200037115,7061.578207331413,4.363234292695508,0.2746335897709406
CHEMBL1916288,Cc1nn(-c2ccc(F)cc2)c(NS(=O)(=O)c2ccc(C#N)cc2)c1C(=O)N[C@@H](C)C(C)(C)C,5.0,train,0.4287706383408874,0.9680576256383224,0.0003286585099232,0.2507278074795333,0.8092194245293528,2462.189172336501,7946.670635179502,9820.16792268838,4.57344310899979,0.1190446098399042
CHEMBL1916272,CCC(CC)NC(=O)c1c(C)nn(-c2ccccc2)c1NS(=O)(=O)c1ccc(C)cc1,23.6,train,0.2295656815188101,0.9158816920252478,0.0003601555706652,0.4014482858513276,0.8483625176920142,2355.5446223559074,4977.865983709328,5867.616590666575,3.870632130103568,0.3683749030814771
CHEMBL1916264,CCC(CC)NC(=O)c1cnn(-c2ccccc2Cl)c1NS(=O)(=O)c1ccc(C)cc1,72.0,train,0.3109274930039378,0.9432330826863856,0.0002958005784641,0.3321315277505852,0.7880314831164227,2664.063360552408,6320.886834654125,8021.10952427555,4.294795732822763,0.1578832617777592
CHEMBL1916083,CNC(=O)c1cnn(-c2ccccc2)c1NS(=O)(=O)c1ccc(C)cc1,14.0,train,0.2300020179056336,0.90414144361436,0.0003109562409727,0.4272332500390638,0.6554984349190718,2108.008615194362,3234.2902803784123,4934.093062751125,3.724345063168662,0.0842463197713562
CHEMBL1916284,Cc1ccc(S(=O)(=O)Nc2c(C(=O)N[C@@H](C)C(C)(C)C)c(C(F)(F)F)nn2-c2ccccc2)cc1,120.0,train,0.1653260200028534,0.8820247584022095,0.0002448097799774,0.4712030619229079,0.8148477204412837,3328.493332727576,5755.93714015554,7063.819405469271,3.984502205950218,0.3415498553593035
CHEMBL1916279,Cc1ccc(S(=O)(=O)Nc2c(C(=O)NCC(C)(C)C)c(C)nn2-c2ccccc2)cc1,27.0,train,0.3180663958831181,0.944230327998557,0.00031845329932,0.3292857234799856,0.7557858155101141,2373.301884841247,5447.268960008395,7207.424177882706,4.129795585953861,0.1284959640554397
CHEMBL1916082,CCC(CC)NC(=O)c1cnn(-c2ccccc2)c1NS(=O)(=O)c1ccc(C)cc1,54.5,train,0.3358559738738358,0.9488724752163498,0.000321691251077,0.3156596676434886,0.7595343388409871,2361.0661971626937,5681.15295314562,7479.784208064623,4.265578985917318,0.1091271981640896
CHEMBL1916281,Cc1ccc(S(=O)(=O)Nc2c(C(=O)NC(C)C(C)(C)C)c(C)nn2-c2ccccc2)cc1,31.0,train,0.4056111341863702,0.9641720969203516,0.0003656432578631,0.2652775292410044,0.8043912321076666,2199.934539497824,6670.780068880917,8292.954724782532,4.34487480140436,0.1112965058344912
CHEMBL1916282,Cc1ccc(S(=O)(=O)Nc2c(C(=O)N[C@@H](C)C(C)(C)C)c(C)nn2-c2ccccc2)cc1,39.83,train,0.2472917493830919,0.9225268612653248,0.0003536885800038,0.385932883081953,0.8759662840921886,2476.6597894755523,5621.367258012979,6417.332904357965,3.9956376994939857,0.3679071619437859
CHEMBL1916280,CCC(C)NC(=O)c1c(C)nn(-c2ccccc2)c1NS(=O)(=O)c1ccc(C)cc1,15.67,train,0.2381114996524367,0.9190066384522242,0.0003978917540557,0.3942420556976929,0.8712013404468075,2189.54359211169,4838.48256381133,5553.8052332769,3.8403962072100737,0.3774638479666348
CHEMBL1916283,Cc1ccc(S(=O)(=O)Nc2c(C(=O)N[C@H](C)C(C)(C)C)c(C)nn2-c2ccccc2)cc1,42.0,train,0.2249730841943966,0.9140087879670318,0.0003080314061301,0.4056943868468447,0.8207143743086833,2664.3853775156435,5390.016349549509,6567.4691686614,4.01027051916895,0.3341151638581237
CHEMBL1916289,Cc1nn(-c2ccc(F)cc2)c(NS(=O)(=O)c2ccc(C(F)(F)F)cc2)c1C(=O)N[C@@H](C)C(C)(C)C,10.0,train,0.2634242087922644,0.928872980191004,0.0002277429289531,0.3703984161292845,0.8049236612390858,3534.351933291828,7680.603842700331,9542.027663687932,4.439610181137199,0.3163495576244007
CHEMBL1916273,Cc1ccc(S(=O)(=O)Nc2c(C(=O)NC(C)C)c(C)nn2-c2ccccc2)cc1,12.0,train,0.2880465709934288,0.9340319526127034,0.0003153245498784,0.3571894616285598,0.7242783398217506,2296.929750953168,4657.518335290466,6430.564161889351,4.02786138278434,0.1092019497080342
CHEMBL1683934,O=C(Nc1ccccc1-c1ccccc1)OC1CCN(CCCCCCCCCNC[C@H](O)c2ccc(O)c3[nH]c(=O)ccc23)CC1,19.5,train,0.8703398294845661,0.9989737776125722,0.0003663707829643,0.0452922912035488,0.9684630990057004,2643.3961004471416,56522.45694159166,58363.04656276736,9.57607665911135,0.0417353444341204
CHEMBL1900528,C[N+]1(C)[C@H]2C[C@H](OC(=O)C(O)(c3cccs3)c3cccs3)C[C@@H]1[C@H]1O[C@@H]21,3.0,train,0.214187411953886,0.9076420301933126,0.0005153341617018,0.4197450952978031,0.8959125722346726,1738.5080183235566,3710.70730306402,4141.818541298523,3.495310107380787,0.3672881342435857
CHEMBL833,Clc1ccccc1CN1CCc2sccc2C1,35.0,train,0.4610977960934969,0.9730142446488212,0.0013106353087235,0.2307450534908257,0.8392119367221579,640.3092692043294,2328.783104039453,2774.9642279104705,3.2996108580031938,0.2086484291589819
CHEMBL1771,COC(=O)[C@H](c1ccccc1Cl)N1CCc2sccc2C1,150.0,train,0.306374060063573,0.9421018013465492,0.0007511917999759,0.3353269984650615,0.8732546062444697,1162.4921974286533,3027.348441296468,3466.74202420291,3.448973854233817,0.277104144023114
CHEMBL387125,CON(C)C(=O)c1c(Cn2c(C)nc(Cl)c2Cl)sc2c1c(=O)n(C)c(=O)n2CC(C)C,41.0,train,0.2325066182002039,0.9163593385557116,0.000263072717048,0.40035679417457,0.7770894762359818,2953.8961126630966,5733.48976823901,7378.159071218588,4.0555171210335335,0.241537024017976
CHEMBL186995,O=C(NCc1ccccc1Cl)c1cccnc1Oc1ccccc1,36.0,train,0.1976920547130265,0.8989540276658188,0.0004063472733829,0.438042984355876,0.7581325820167394,1865.7257761446272,3229.060960954841,4259.229899294242,3.7154910195882542,0.2454846687507067
CHEMBL190747,COc1ccc(OC)c(CNC(=O)c2cccnc2Oc2ccccc2)c1,43.5,train,0.2041062074627789,0.8889162989316398,0.0002853368354531,0.4580696600885891,0.64933937291021,2275.694169941326,3225.9238146428206,4968.008947593723,3.790188638276267,0.2069568729226933
CHEMBL1645105,COc1ccc(-c2ccc3nc(N)sc3c2)cn1,7.76,train,0.7495267135714815,0.9957662077461,0.0027112656971089,0.0919220295193186,0.9367958227897764,345.5197414951597,3521.2609231614383,3758.834996376402,3.849349769506753,0.0734231908963646
CHEMBL2216859,CC(C)N1CCN(Cc2cnc(-c3cc(-c4cccc5[nH]ccc45)cc4[nH]ncc34)o2)CC1,35.48,train,0.6191665498299675,0.9886383317440248,0.0005401362875691,0.1503138350465168,0.9580273546695134,1773.6770824655675,11304.555983330312,11799.825890389107,5.313677014650341,0.1629380361593048
CHEMBL481,CCc1c2c(nc3ccc(OC(=O)N4CCC(N5CCCCC5)CC4)cc13)-c1cc3c(c(=O)n1C2)COC(=O)[C@]3(O)CC,13.49,train,0.8075536335012602,0.9976209926343504,0.0005004631666088,0.0689373270097804,0.9547934582776696,1907.8196398495957,26423.6196950836,27674.697041545056,6.908739796313982,0.0524516078419918
CHEMBL2208431,O=C(NC[C@@H](O)CN1CCC(Oc2ccc(Cl)c(Cl)c2)CC1)c1n[nH]c(=O)c2ccccc12,3.0,train,0.5984864202317474,0.987031159991672,0.0003804284595274,0.1605287799912971,0.9604927450267904,2524.7657502279158,15106.44500081234,15727.807501961908,5.826196181607747,0.2927746755172457
CHEMBL2180612,COC(=O)C1=C(C)NC2=C(C(=O)CC(C)(C)C2)C1c1ccc(-c2ccc(C(F)(F)F)cc2)cc1,9.12,train,0.4850943314225519,0.9761760547127196,0.0003361141087064,0.2169799765082241,0.8685585774900062,2584.118175915962,10344.078947093843,11909.477627849305,5.143056367723658,0.1828371788727955
CHEMBL2180273,CCOC(=O)C1=C(C)NC2=C(C(=O)CC(C)(C)C2)C1c1ccc(-c2ccccc2)cc1,150.0,train,0.2881330092398982,0.9361153618933364,0.000304504463572,0.3516930895359019,0.7685485018249346,2523.9318097648143,5515.502205808984,7176.518063222175,4.278896762734276,0.1983445527947666
CHEMBL1537460,COc1ccccc1C(=O)Nc1ccc(Cc2ccncc2)cc1,7.0,train,0.6821544143710828,0.9926870775583398,0.0012026892216691,0.1207160554718494,0.9436598503979174,784.6248502071868,6133.558339616765,6499.755539064631,4.590476234508882,0.123961924080127
CHEMBL2346974,CC(=O)N1CCN(CCOc2ccc(C3CCN(c4ccc5nnc(C(F)(F)F)n5n4)CC3)cc2)CC1,150.0,train,0.7031752374476119,0.9937469692077628,0.00044337672553,0.1116555470650056,0.9493569235200058,2141.197020175485,18205.635717682104,19176.80828637097,6.179236271665797,0.1249536133450076
CHEMBL2346975,CC(=O)N1CCN(CCOc2ccc(C3(O)CCN(c4ccc5nnc(C(F)(F)F)n5n4)CC3)cc2)CC1,89.13,train,0.8208478213866641,0.9979573711633396,0.0006186486650216,0.0638833729600767,0.9635305559149218,1557.476174108088,23490.868035418905,24379.99282037622,6.805866167705537,0.0646323859835788
CHEMBL2325503,CS(=O)(=O)c1ccc(-c2nnc(/C=C/c3nnc(-c4ccc(C#N)cc4)o3)n2-c2ccccc2Cl)nc1,3.0,train,0.7234039497545468,0.9945915638632512,0.0005367571578052,0.1038634733294248,0.9780668998987704,1822.177656462128,17159.1763147383,17543.969964134627,5.87025283496283,0.1364325412930482
CHEMBL361546,O=c1c2sccc2n(CC2COc3ccccc3O2)c(=O)n1O,3.0,train,0.4498389487392638,0.9713064851034802,0.0008230073596068,0.2378312679105144,0.8180917848442103,994.0273015724016,3419.254232093713,4179.548426518968,3.59553701033732,0.124200717044947
CHEMBL2103840,CCc1cnn2c(NCc3ccc[n+]([O-])c3)cc(N3CCCC[C@H]3CCO)nc12,150.0,train,0.4693930971676849,0.9740563975262329,0.0004227121333305,0.2263054008153979,0.8258313255383104,1953.649447040181,7129.237334474628,8632.800808115993,4.726559737532092,0.1238662079967551
CHEMBL95,Nc1c2c(nc3ccccc13)CCCC2,30.5,train,0.4416578297525902,0.9693795957399348,0.002073749704579,0.2455670974765972,0.769930464864046,371.2745386600626,1164.0630242411385,1511.906694647663,2.7721149036366426,0.0814461981006696
CHEMBL42,CN1CCN(C2=Nc3cc(Cl)ccc3Nc3ccccc32)CC1,15.14,train,0.289156873179284,0.9346897766842792,0.0004561779566842,0.3554645149123782,0.7295131008363451,1599.1853401659707,3281.97782724972,4498.860710639904,3.788134170866761,0.2091623761471628
CHEMBL254370,CC[C@@H](Nc1c(Nc2cccc(C(=O)N(C)C)c2O)c(=O)c1=O)c1ccccc1,3.0,train,0.5749767600170405,0.985024955399387,0.0006970941118289,0.1724118245377497,0.9617063411642804,1379.593264159153,7695.31668681396,8001.732293350275,4.658491750360837,0.1558535362996996
CHEMBL2151321,CC(C)Oc1cc(-n2cnc3ccc(N[C@@H](C)c4ccc(F)cn4)nc32)n[nH]1,150.0,train,0.3758363712108037,0.9573655966305752,0.0003072005896908,0.2888790653338919,0.748971889448071,2438.0548559555336,6321.103780685855,8439.707644226773,4.74827679626447,0.1076442000245197
CHEMBL86276,Nc1nc(-c2ccccc2)nn1Cc1ccccc1,9.0,train,0.6174823585035333,0.9886439438009024,0.0019489525335769,0.1502769190055427,0.9380530249669276,481.3113756266347,3004.424064888535,3202.829674787798,3.6552469161445154,0.1850532396412476
CHEMBL314034,CSc1nc(-c2ccccc2)nn1Cc1ccccc1,116.0,train,0.3834726155569513,0.960170850369114,0.0008177467204668,0.2794135610550289,0.8084802254278525,988.6682577782852,2860.701294897168,3538.368911105114,3.6231895814588313,0.1799224419540483
CHEMBL1770298,Cc1ccc(C(NC(=O)c2ccccc2O)C(=O)Nc2c(C)cccc2C)s1,43.0,train,0.1668565622337058,0.8449494911886821,0.0001806536911551,0.5348461062212077,0.6003737057349012,3323.34037514487,3730.505192495365,6213.638533567945,4.100699904266217,0.2390833330252068
CHEMBL1689111,O=C(O)COc1ccc(Cl)cc1CN1CCN(S(=O)(=O)Cc2ccccc2)CC1,5.0,train,0.4947144312526411,0.9773347817951712,0.0004308432699141,0.2116996086283223,0.87631749947247,2033.9588910073064,8419.447635950244,9607.759334965496,4.780397050848501,0.141633046567142
CHEMBL1689137,C[C@H]1CN(Cc2cc(Cl)ccc2CC(=O)O)CCN1S(=O)(=O)Cc1ccccc1,3.0,train,0.5818934395735182,0.9860496302334408,0.0005103061667998,0.1664515746891416,0.8895404756976989,1743.1505507293468,9315.640137405331,10472.41850360855,4.96361255105486,0.155708589109179
CHEMBL2312113,COc1cc(O)c(C(CC(=O)N2CC(C)CC(C)C2)c2ccc3c(c2)OCO3)c(OC)c1,150.0,train,0.1524748654234863,0.8707782619485767,0.0002129985562297,0.4916759283489643,0.7652949319530014,3592.958306850949,5592.4494660228775,7307.574155432044,4.321728060312783,0.4360573720607127
CHEMBL1783119,COc1ccc(C(=O)NCc2cn(-c3cc(C)nc4ccc(OC)cc34)nn2)cc1,64.57,train,0.5905779037598904,0.986757750438932,0.0005321874697024,0.1622009307886326,0.882350565630991,1657.9694484807862,9019.123833341451,10221.70119751853,5.089265003798303,0.0872164224728749
CHEMBL271703,C[C@H](CO)Nc1nc(SCc2cccc(F)c2F)nc2nc(N)cnc12,12.0,train,0.2063264175695265,0.9051687793426006,0.0003717733197206,0.4250523272532763,0.8039764323949449,2162.544727521487,4090.402248030091,5087.714120979014,3.871007685843791,0.321096041857118
CHEMBL2207655,CC1(O)CN(S(=O)(=O)c2ccc3c(C(=O)NC[C@@H](O)CN4CCC(Oc5ccc(Cl)c(Cl)c5)CC4)c[nH]c(=O)c3c2)C1,18.33,train,0.7325529848277266,0.9949760222130936,0.0003133460818461,0.1001135116805384,0.9821832325181588,3134.49980523608,30751.624824212275,31309.45816023563,7.139275151758013,0.1440629972069194
CHEMBL2207654,O=C(NC[C@@H](O)CN1CCC(Oc2ccc(Cl)c(Cl)c2)CC1)c1c[nH]c(=O)c2cc(S(=O)(=O)N3CCC3)ccc12,48.0,train,0.7521315921426281,0.9957959194343522,0.0003326495922933,0.0915996006426508,0.9743930575533338,2929.1875899673623,31159.306720892047,31978.16987646849,7.361696966492755,0.1397569986911554
CHEMBL235392,O=C(NCC12CC3CC(CC(C3)C1)C2)c1cc(CN2CC3CNCC(C2)O3)ccc1Cl,15.0,train,0.267083743950025,0.9255975040119307,0.0002114950229467,0.378509260873342,0.7053352397621765,3334.9968710133157,6214.618929520502,8810.872588212003,4.5470145048617,0.2023485156042702
CHEMBL642,CCCC(=O)Nc1ccc(OCC(O)CNC(C)C)c(C(C)=O)c1,3.0,train,0.5338717686377898,0.9816589406661144,0.0006388085886801,0.1906455460016891,0.871575890843483,1364.3772270567842,6237.535164383235,7156.617375392004,4.683363870383361,0.1188994657050061
CHEMBL1789148,CCC(CCNC)Oc1cc(Cl)ccc1C#N,3.0,train,0.1791459407609897,0.8741512559952916,0.0005487747424568,0.4856537672476699,0.6574601441872513,1198.051027720127,1621.8772601981466,2466.8830111414627,3.234004504837892,0.269715934571012
CHEMBL1241590,CS(=O)(=O)c1ccc([C@@H](O)[C@@H](CF)NC(=O)C(Cl)Cl)cc1,8.71,train,0.7018344169181335,0.9935813396054028,0.0013028339775334,0.1131199433695633,0.975318535210319,748.6130635438375,6454.531135942379,6617.869857820876,4.392191368234791,0.2049583188655493
CHEMBL189475,C[C@@H](C(=O)NS(C)(=O)=O)c1ccc(OS(=O)(=O)C(F)(F)F)cc1,3.0,train,0.37112395985966,0.9579033047900628,0.0006302845856171,0.2870910285471768,0.8367625925152176,1327.5948858814374,3869.4407977208816,4624.299451639876,3.617048828353731,0.2744344056895798
CHEMBL1459588,CCCCCOc1ccc(C(=O)NC(C(=O)O)C(C)C)cc1,5.5,train,0.7148142346166362,0.9941956209250704,0.0013335692167875,0.1075874868812054,0.978497140411676,733.743046925442,6673.317632247041,6819.966412410182,4.810577480983721,0.1397796561764927
CHEMBL132227,CC(=O)NCc1cccc(C(=O)O)c1,38.9,train,0.5423255371108623,0.9823787030244572,0.0027724181789212,0.1869012676361107,0.9115194522709746,328.7813718728539,1603.470216103237,1759.117934464618,3.0908145948912766,0.2632106215312731
CHEMBL894,CC(NC(C)(C)C)C(=O)c1cccc(Cl)c1,12.02,train,0.4592616933237552,0.9726875793885558,0.0014519241454804,0.232118230441368,0.8862026374909319,610.3642812536116,2330.305701748135,2629.540472081906,3.4083573267638885,0.3186182691490278
CHEMBL16073,CCOc1ccc(NC(C)=O)cc1,24.55,train,0.7355016680096207,0.995219734548046,0.0051195283231974,0.0976610463087346,0.9076484575784284,177.2914222323404,1647.7223213681398,1815.375002965576,3.186888425559479,0.038522200467316
CHEMBL782,CCCCNC(=O)NS(=O)(=O)c1ccc(C)cc1,6.31,train,0.2620366841355628,0.9284684363664456,0.0007831101222474,0.3714113119861151,0.8117679105616115,1036.5948383247744,2265.613347924393,2790.961946693553,3.356914304668444,0.2955601349488685
CHEMBL112,CC(=O)Nc1ccc(O)cc1,3.0,train,0.6533915840154584,0.9910842989277514,0.0061480305886229,0.1332363029316244,0.8698360175921537,141.48205755543952,923.668600801118,1061.8881974535632,2.652449289840219,0.0262216887308787
CHEMBL457,Cc1ccc(C)c(OCCCC(C)(C)C(=O)O)c1,29.51,train,0.4403013146420929,0.9697386965565364,0.0013607206299008,0.2441451625587328,0.9037262894482784,664.1527067272849,2458.4237303218724,2720.318927341077,3.416140054414977,0.2914139681444559
CHEMBL369274,CCCN(CCC)CCc1ccc(O)c(NC(C)=O)c1,36.0,train,0.4331427299708065,0.968630329398979,0.000717214329315,0.2485061065012801,0.8003999769217441,1115.9843636784385,3594.414123294985,4490.772397468991,4.065135768971831,0.1123230341832634
CHEMBL309339,O=C(NO)c1ccccc1O,3.0,train,0.4175420876297996,0.964675796184878,0.0032951696723204,0.2634399518961998,0.7382068640152978,224.02696596059187,627.7644784181878,850.3910069375604,2.35747984863578,0.0019617264530852
CHEMBL1610669,CC(C)CCOc1ccc(N)cc1,51.29,train,0.6401964460329213,0.9903051658779568,0.0036880961693886,0.1389088853725084,0.8942197537949146,242.4610727933231,1560.8323415501684,1745.4684208509875,3.1461403960947822,0.1097165988204691
CHEMBL1290284,COc1cc(C(=O)OCCCCNC(=N)N)cc(OC)c1O,3.0,train,0.534827304390547,0.981733529835405,0.0007932333954372,0.1902610743082149,0.8543483890439955,1077.0454118022494,4836.365062302962,5660.88158451939,4.311378533217712,0.1009755552763492
CHEMBL364714,C[C@@H](C(N)=O)c1ccc(OS(=O)(=O)C(F)(F)F)cc1,3.0,train,0.5461637983418757,0.9823374486556996,0.0015708900785797,0.1871179760702077,0.95727906196709,609.3864077571768,3117.5671148474125,3256.696232800912,3.427380911965323,0.3352314679428413
CHEMBL1290353,CCC(NC(=O)Nc1cc(Cl)ccc1Cl)(C(F)(F)F)C(F)(F)F,7.41,train,0.3769170622794548,0.9589438135333108,0.0006005547391084,0.2835961256544074,0.8706085233897792,1449.6738876496863,4450.337393753459,5111.754909572604,3.790937703620385,0.1766616561198871
CHEMBL714,CC(C)(C)NCC(O)c1ccc(O)c(CO)c1,3.0,train,0.3373582442221618,0.947715426185886,0.0013248911054159,0.3191167043094178,0.9605733733842184,725.0206220402079,2182.384987314917,2271.9607348953527,3.2895641277558925,0.3780839804751273
CHEMBL1688458,O=C(O)CCc1ccc(OCc2cccc(Oc3ccccc3)c2)cc1,4.9,train,0.6168448970048834,0.9884317933506828,0.0007580949742846,0.1516660472668602,0.9626103238128262,1269.7753664982708,8059.146386031838,8372.179465217216,5.040194757321764,0.2027665896677821
CHEMBL521851,CS(=O)(=O)N1CCN(Cc2cc3nc(-c4cccc5[nH]ncc45)nc(N4CCOCC4)c3s2)CC1,14.79,train,0.4372588932284242,0.9692019413039368,0.0002150694988226,0.2462673282688565,0.7963137029499363,3702.587802125847,11972.442402060047,15034.831571663592,5.467524144447454,0.0895773752803658
CHEMBL1916267,CCC(CC)NC(=O)c1cnn(Cc2ccccc2)c1NS(=O)(=O)c1ccc(C)cc1,59.0,train,0.2145386511454484,0.9050796627017664,0.0003948019742603,0.4252420536161222,0.9428997666336242,2388.285338238677,5295.60439502679,5616.296219834007,3.8851419489507215,0.3365787600259662
CHEMBL1921925,C[C@@](C(=O)O[C@H]1C[N+]2(CCCc3cc4ccccc4s3)CCC1CC2)(c1ccccc1)N1CCCCC1,72.0,train,0.4637375743502044,0.9733991795944388,0.0002694909932007,0.2291157724052925,0.8644189173237989,3207.5985436730666,12101.780821210794,13999.902800227172,5.320148621545487,0.2049347326655902
CHEMBL1439884,CCCCn1c(SCC(=O)Nc2cc(C)on2)nnc1-c1ccco1,150.0,train,0.2584112402326321,0.9261665303676808,0.0004618946916294,0.3771147809708496,0.8941929778669088,1935.923910951341,4590.351941127288,5133.513743395236,4.016243747647559,0.4473047338457723
CHEMBL550438,CC1CCC(CC(=O)Nc2cccc3ncccc23)CC1,38.0,train,0.5747740935369486,0.9854141723307228,0.0011895271473203,0.1701731734726604,0.9047614883980548,760.6060025079773,4043.9218759951673,4469.599919814471,4.05227761453903,0.179378958622929
CHEMBL555033,O=C(CC1CCCCC1)Nc1c(Cl)ccc2nc(NCCCO)ccc12,25.0,train,0.3936341101346881,0.9611506720868096,0.0003514018298725,0.2760242481143178,0.7602844652962687,2163.575714935618,5959.378629940351,7838.353803030938,4.607688173095927,0.0752874417854072
CHEMBL1587607,O=C(Nc1ccccc1Cl)c1cc[nH]n1,138.04,train,0.488620360068317,0.9759551527250934,0.0017114029684609,0.2179714198452162,0.782028580183216,456.95174929286793,1639.4320318025905,2096.3837810358536,3.075420229874284,3.682997456810019e-11
CHEMBL1770471,CSCCC(NC(=O)c1sccc1Cl)c1nc2ccccc2[nH]1,63.0,train,0.2933043045535615,0.9386757267209112,0.0004305782877119,0.3448012181895087,0.8277489227343493,1922.4121288904691,4615.049149466581,5575.421510935262,4.068375467622522,0.2793622493978039
CHEMBL1322390,COc1ccc2nc(NC(=O)CCc3ccc(OC)c(OC)c3)sc2c1,104.71,train,0.8246435564801462,0.9980074114014258,0.0014078152900792,0.0630968048939503,0.9965152388369118,707.8451597018907,11179.30598174414,11218.399424370196,5.569439693353186,0.08760118422988
CHEMBL1082812,N#Cc1c(-c2ccccc2)nc(SCCc2ccccc2)[nH]c1=O,49.0,train,0.3046123757893784,0.9374167063499595,0.0004183664157355,0.3482095901263972,0.6993060333668908,1671.5157026586148,3356.8892094912308,4800.3149541397415,3.839195804094614,0.1570426277267593
CHEMBL1934419,Cc1ccc(S(=O)(=O)Nc2c(C(=O)N[C@@H](C)C(C)(C)C)c(C)nn2C2CCS(=O)(=O)CC2)cc1,3.0,train,0.3755209750656432,0.9587611610991996,0.0003183927327699,0.2842130116087489,0.8562246041044813,2689.2090050410447,8101.553488568694,9461.948943924644,4.452985842133347,0.25556947493026
CHEMBL2170989,Nc1ncnc2c1ncn2[C@@H]1O[C@H](CSCCCNC(=O)Nc2ccccc2)[C@@H](O)[C@H]1O,9.77,train,0.8065844618105343,0.9975800018448192,0.0008013275910243,0.0695279793988782,0.9703763886597044,1210.960909781347,16900.935200493575,17416.886270117673,6.217521338524382,0.0647513631785115
CHEMBL2170994,Nc1ncnc2c1ncn2[C@@H]1O[C@H](CSCCCNC(=O)Nc2ccc(Cl)cc2)[C@@H](O)[C@H]1O,21.38,train,0.7950722415389244,0.997233037031648,0.0006903017744636,0.074338885199038,0.9818060660066922,1422.28529945396,18784.359368010977,19132.453972720657,6.310210405948489,0.1380332835136987
CHEMBL2170992,CC(C)c1ccc(NC(=O)NCCCSC[C@H]2O[C@@H](n3cnc4c(N)ncnc43)[C@H](O)[C@@H]2O)cc1,125.89,train,0.6755822621696856,0.9923651791285968,0.0004377401086361,0.1233343068779643,0.930420719429485,2125.509408604108,16034.613913745572,17233.724033550832,5.939699821230463,0.0981987939058294
CHEMBL213100,COc1ccc(N(C(=O)Oc2c(C)cccc2C)c2ccnc(Nc3ccc(N4CCN(C)CC4)cc3)n2)c(OC)c1,27.54,train,0.4544308216380114,0.9721137907294504,0.0001872215918678,0.2345096541160265,0.8507977956340663,4544.335870375525,16486.78795638583,19378.03323067953,5.960623408502769,0.1721388159508184
CHEMBL578194,C[C@H](Nc1nc(Nc2cc(C3CC3)[nH]n2)cnc1C#N)c1ccc(F)cn1,17.38,train,0.3404549898432872,0.9506279774775708,0.0003791939118556,0.3103328027084848,0.7840026847525978,2067.55082357711,5223.313109022425,6662.366354868682,4.375627568956331,0.1670654682723485
CHEMBL239767,O=C(Nc1ccc([N+](=O)[O-])cc1O)Nc1ccccc1Br,3.0,train,0.6743000856621465,0.9922957614066245,0.0010703662839076,0.1238915731373514,0.877734513771762,820.0319152125624,5809.679352270855,6618.948282329422,4.337213748080165,0.0028265219623634
CHEMBL2141746,CCCNC(=O)CSc1ccc(S(=O)(=O)N2CCCC2)cn1,12.59,train,0.7057353550344477,0.9938387618362416,0.0011907358498645,0.1108355334349331,0.9595505280741816,805.8466772318524,6976.558696661944,7270.652761417266,4.681127150122006,0.116402904109622
CHEMBL2031466,Cc1ccc(C(=O)NC(C)C)cc1-n1cnc2ccc(N3CCN(C)CC3)cc2c1=O,3.0,train,0.6034238972267225,0.987451375025846,0.0005687574186982,0.1579233420351967,0.957262245959418,1683.076500611348,10202.073805768729,10657.553715119811,5.183307966035617,0.1842946173708945
CHEMBL1951893,CCN(C(=O)Cc1ccc(S(C)(=O)=O)cc1)C1CCN(CCC(c2ccccc2)N2CCN(c3ccccc3)CC2)CC1,26.33,train,0.5995963384725054,0.987274245449555,0.0002117179147632,0.1590269293925149,0.9407060634852604,4443.204839502419,26283.28264774828,27939.952412308547,6.975527219823026,0.205237411272841
CHEMBL1929039,Cc1cc(F)ccc1-n1nc(C(F)(F)F)cc1-c1ccc2c(c1)NC(=O)CO2,14.45,train,0.2546461887858445,0.9237354664748578,0.0003157382718432,0.3830310535406716,0.7453437316618834,2360.637902116288,4593.58750890156,6163.045738184846,4.093912047085786,0.3230243460609446
CHEMBL2361207,COc1ccc(C#Cc2ccc([C@@H]3[C@H](CO)N4CCCCN(C(=O)Nc5cccc(F)c5)C[C@@H]34)cc2)cc1,50.12,train,0.701317227033854,0.9936081036068772,0.0003746798458231,0.1128846156335973,0.9633114117861322,2571.0254301767272,21940.085661632547,22775.693709422736,6.784798951840446,0.1418502354579731
CHEMBL370657,Cn1c(-c2ccccc2C(F)(F)F)nnc1C12CCC(c3noc(-c4ccc(F)cc4)n3)(CC1)CC2,3.0,train,0.8094932262928854,0.9976399229763786,0.0008410152745155,0.0686628289810829,0.9831325526416508,1168.9829928570714,16737.8077894064,17024.975670302403,5.92516541874107,0.1224111370540685
CHEMBL383696,CC(C)Cn1c(=O)n(C)c(=O)c2c(SC3CCCC3)c(Cc3ccccc3C(F)(F)F)sc21,7.0,train,0.2354911620760851,0.9182289199914958,0.0002766899896931,0.3960500605873596,0.8572346040187344,3098.177151148474,6705.881219676848,7822.690764277983,4.2126852412242615,0.3991646824640925
CHEMBL401158,CCCCNc1nc(SCCC)nc2c1nnn2[C@@H]1C[C@H](CO)[C@@H](O)[C@H]1O,6.0,train,0.3219943913798192,0.9423250914151344,0.0002582423992464,0.3346990022235771,0.6991292431123753,2707.2597108465243,5655.004705656185,8088.639920826801,4.554586817151719,0.0899177039194023
CHEMBL426658,Clc1cccc(-c2cnc3ccc(NC4CCOCC4)nn23)c1,9.12,train,0.30038106793435,0.937291600930288,0.0004213589051016,0.3485462018521184,0.7157918323428514,1698.7699172281168,3488.678474532737,4873.872984990589,3.911511641681539,0.1497603497744736
CHEMBL343199,CCOC(=O)Nc1cc2c(c(N)n1)N=C(c1ccccc1)CCN2,66.07,train,0.7248849505806054,0.9947774730567336,0.0014393466982162,0.102067522252964,0.9294813496632536,645.76613182574,5880.691159413117,6326.852240277507,4.444290071562298,0.0881866122343282
CHEMBL272705,C[C@H](CO)Nc1nc(SCc2ccco2)nc2[nH]c(=O)sc12,8.28,train,0.3430803879562009,0.9488975266394816,0.0004001436512468,0.3155843531252369,0.7190741271410306,1797.0399502786336,4094.6419582829217,5694.325249279686,4.137402168844296,0.1061697724963325
CHEMBL206229,CC(C)Cn1c(=O)n(C)c(=O)c2c(SC(C)C)c(Cc3ccccc3C(F)(F)F)sc21,6.67,train,0.2009140682600337,0.8949089735553513,0.0002273332528954,0.4462487300263247,0.6967661533786665,3064.954838344608,4785.575060049418,6868.265682602174,3.954608390295824,0.1804910075128767
CHEMBL54,O=C(CCCN1CCC(O)(c2ccc(Cl)cc2)CC1)c1ccc(F)cc1,8.0,train,0.8770083464621659,0.999069506809827,0.0018731953243557,0.0431291150241794,0.9935408221055828,530.3989440862442,12218.49793708829,12297.932470649748,5.772207980222921,0.1177422952518638
CHEMBL1738840,COc1ccnc(CCc2nc3cccnc3[nH]2)c1,3.0,train,0.7875964095849248,0.997058320121682,0.0027583461188372,0.0766466325165637,0.9374111689132246,339.8453741941493,4156.410255913644,4433.924401319352,4.190326916610936,0.0456319308628415
CHEMBL1800528,COc1ccnc(CCc2nc3c(C)ccnc3[nH]2)c1,3.0,train,0.683003564347063,0.9927863947064952,0.0016043486198537,0.1198965157361938,0.8939626620870065,557.2122237176267,4154.640523149562,4647.443007798915,4.176188231093222,0.048880534869323
CHEMBL1800526,COc1ccnc(CCc2nc3cc(Br)cnc3[nH]2)c1,23.5,train,0.8320643526656167,0.998227674612887,0.0019923222079935,0.0595105842430424,0.9501558716394916,476.9087388713135,7614.404130602043,8013.847367446572,4.916116881058303,0.0449865563397125
CHEMBL403963,C(=C/c1nn[nH]n1)\c1ccccc1,3.0,train,0.7699911423713425,0.9964934887890252,0.0061873798108431,0.0836703460078704,0.9163296543862114,148.09655822006908,1621.9039896980742,1770.0005472206185,3.2061325720190106,9.303666028562707e-10
CHEMBL1389370,CCN(CC)CCNc1ncnc2c1sc1nc(N3CCOCC3)c3c(c12)CCCC3,9.55,train,0.3611336519325444,0.9553776753230024,0.0003139326495342,0.2953870300037152,0.7898119689095916,2515.8643743530847,6726.970358151188,8517.179560393839,4.48927317247542,0.1881987877477151
CHEMBL2151326,COc1cc(Nc2nc3c(cc2F)ncn3[C@@H](CO)c2ccc(F)cn2)n[nH]1,7.24,train,0.5387883449536204,0.981727990513504,0.0006377505817866,0.1902896545856273,0.945196232277466,1482.078196823497,7361.696728225375,7788.537953105511,4.633504029876429,0.2061464193159776
CHEMBL2208434,O=C(NC[C@@H](O)CN1CCC(Oc2ccc(Cl)c(Cl)c2)CC1)c1cc(=O)[nH]c2ccccc12,3.0,train,0.7228209467926604,0.994675813934529,0.0004885725643907,0.1030535063628711,0.9394664404277748,1922.8800569250327,17529.54699171468,18659.04542980036,6.233664034355678,0.1001200247403937
CHEMBL174107,CSc1ccc(N2C(N)=NC(N)=NC2(C)C)cc1,11.48,train,0.584848593132861,0.9860632423346866,0.0019381595114123,0.1663709172794482,0.9419541195978144,486.0044356779462,2751.646067808293,2921.2102909886544,3.4194168254094195,0.3060309496677571
CHEMBL93484,CC1N=C(N)N=C(N)N1c1ccc(Cl)cc1,3.31,train,0.5682721872184815,0.9846847993881048,0.0022365949400889,0.1743440445039853,0.9333437286168552,417.3056604428055,2234.0288261564565,2393.5756545631034,3.2576364081032763,0.3045550677622626
CHEMBL127066,Oc1nc(-c2ccccc2)nc2ccccc12,150.0,train,0.5511750433977165,0.9830843208464894,0.0019618552382059,0.1831535369732082,0.8168464630272688,416.36428984140576,1856.9431041758355,2273.3073940161566,3.1982405738556454,1.1101699855826282e-12
CHEMBL336718,COc1ccc(-c2nc(O)c3ccccc3n2)cc1,150.0,train,0.6749121269296279,0.992327927201356,0.0020450854273419,0.1236336721781762,0.8773149479441651,428.98694412216025,3044.1274769293304,3469.822877249172,3.7095500738989062,0.0087501153533811
CHEMBL1921919,Cc1cc(CCC[N+]23CCC(CC2)[C@@H](OC(=O)[C@](C)(c2ccccc2)N2CCCCC2)C3)ccn1,81.0,train,0.373932389626617,0.9583024878245197,0.0002570413108851,0.2857557380514633,0.8090207206365717,3147.4346199468305,8910.896564139317,11014.42316227432,4.919477518614014,0.208659174020322
CHEMBL1921917,C[C@@](C(=O)O[C@H]1C[N+]2(CCCc3ccncc3)CCC1CC2)(c1ccccc1)N1CCCCC1,45.0,train,0.5398686930190645,0.9821234844737112,0.0004329915739016,0.1882377784750336,0.9130495625361656,2108.7005326888243,10228.276781043043,11202.323729975944,5.043729021134545,0.2306646675647344
CHEMBL361431,CCCN1CCC(Oc2nccc(Nc3cc(NC(=O)c4cccc(N5CCOCC5)c4)ccc3C)n2)CC1,54.0,train,0.7644981767871326,0.9962260129202424,0.0004462411130724,0.0867970689657044,0.983955581382267,2204.986390894291,24996.335614162752,25403.926851096003,7.040217006588549,0.1165344804200211
CHEMBL1092926,Fc1cc(-c2cccc3ncc(-c4cnn(C5CCNCC5)c4)nc23)cc(F)c1CN1CCOCC1,3.0,train,0.4494751562419404,0.9713357516205182,0.0002582945958753,0.2377117111624979,0.8292876072451109,3210.627014609539,11200.681622631417,13506.38973110912,5.334326893626606,0.1090512092814506
CHEMBL298019,CCOC(=O)c1ccc(OCCC2CCN(c3ccc(C)nn3)CC2)cc1,150.0,train,0.684417746660078,0.992804082638731,0.0007530744895904,0.1197499624044524,0.9449962089219835,1254.8509104802315,9902.544680231384,10478.92529804732,5.411156036385784,0.1353016665563516
CHEMBL108922,CCO/N=C/c1ccc(OCCC2CCN(c3ccc(C)nn3)CC2)cc1,15.0,train,0.8120615597392252,0.9976986830021652,0.0012720005510921,0.0678036719930804,0.9888380732129736,777.3880855350012,11337.305400179535,11465.280016314391,5.656517159284957,0.1211651079389306
CHEMBL1890087,CC(C)Nc1nc(NCc2ccccc2)c2sccc2n1,150.0,train,0.4326786653567679,0.9687070781639072,0.0010201028729098,0.2482067620254248,0.8892431695125433,871.7191110108071,3123.082783379217,3512.0683413190545,3.546534033456953,0.2097963868369804
CHEMBL1891338,COc1cccc(CNc2nc(NC(C)C)nc3ccsc23)c1OC,112.2,train,0.2795132229734688,0.9332574620319471,0.0005741022338839,0.3592081702323714,0.9009953513650772,1569.3987902985125,3936.4945780108687,4369.050930225974,3.711314332763421,0.4070732239372889
CHEMBL1868114,COCCNc1nc(NCc2ccccc2F)c2sccc2n1,150.0,train,0.3588174415264102,0.9539591693487832,0.0004703615056348,0.2999364986382611,0.7537356313969795,1602.4602829256637,4026.95710133052,5342.665164796477,4.062528444027758,0.0899633740345823
CHEMBL1921913,C[C@@](C(=O)O[C@H]1C[N+]2(CCc3c[nH]c4ccccc34)CCC1CC2)(c1ccccc1)N1CCCCC1,66.0,train,0.2518722879544259,0.9191695932923644,0.0003136708805656,0.3938619793363528,0.9768146754282396,3114.1388504622537,7723.35663264157,7906.675469689906,4.388300615155252,0.5233218629675798
CHEMBL60066,O=C(Nc1ccc(F)cc1)c1ccc(Cl)[n+]([O-])c1,3.0,train,0.7760840162124695,0.9966985837821862,0.0026408221292287,0.0811907204462719,0.9315278127682616,352.7415960575563,4047.12023297447,4344.604828220285,4.049240222227676,0.0418554542687047
CHEMBL595134,N#CC1=C2C(=NC1=O)c1cccc3c(N4CCSCC4)ccc2c13,114.82,train,0.5764507891364563,0.9855962379289962,0.0009785374636506,0.1691155101704443,0.8723306687031499,891.4637416627498,4598.343233601206,5271.330469714347,4.029376408087008,0.1752130869254446
CHEMBL1681882,CCNC(=O)c1cnc(N2CCN(C3CCN(Cc4ccc(Cl)cc4F)CC3)[C@@H](CC)C2)c(Cl)c1,11.0,train,0.74955755721222,0.9957092493969943,0.0005273049464867,0.0925369691813728,0.9700028159091374,1839.5481065972424,19282.74568731856,19879.061556378845,6.263868382904133,0.10769347215386
CHEMBL1086310,CC(C)c1ccc(NC(=O)Cn2cnc3c2c(=O)n(C)c(=O)n3C)cc1,18.2,train,0.3953453024925821,0.9614888927946316,0.0006100753762834,0.2748437902382983,0.933193289856734,1529.6360517641538,5193.663273933221,5565.4743024679965,4.157974145122168,0.3248312501241215
CHEMBL1947155,C[C@@H](NCc1ccccc1-c1ccc(CCNC[C@H](O)c2ccc(O)c3[nH]c(=O)sc23)cc1)c1ccccc1,104.5,train,0.7001090577193204,0.993595768141416,0.0003974966343709,0.1129931393115061,0.9496099054894565,2388.975964519398,20077.283043085044,21142.66387389529,6.356178292212443,0.127509327632076
CHEMBL1614705,O=C(CO)N1CCC(c2[nH]nc(-c3ccc(Cl)cc3F)c2-c2ccncn2)CC1,3.0,train,0.6257854125541507,0.989315565221016,0.0007475852366266,0.1457899599129582,0.9177122440770832,1227.5687093796264,7727.245660237365,8420.11829972742,4.570619638988417,0.1848141916425116
CHEMBL257167,NC(=O)Nc1sc(-c2ccc(F)cc2)cc1C(N)=O,3.0,train,0.4939653938839626,0.9770039608458968,0.0010243429006353,0.2132211539492021,0.8114239890839164,792.1409799204911,3014.5329482508077,3715.1144023412007,3.669553282781382,0.0731035669514633
CHEMBL453222,COCCOc1ccc(-c2cc(C(N)=O)c(NC(N)=O)s2)cc1,20.0,train,0.5985522008135034,0.9873307772541008,0.0007792048581897,0.158675569281516,0.8568914267435586,1099.699800042757,5938.679375250332,6930.492230292318,4.563455756640204,0.0505697577732053
CHEMBL452021,CN(C)CCOc1ccc(-c2cc(C(N)=O)c(NC(N)=O)s2)cc1,9.0,train,0.7703123054728924,0.9965003226273708,0.0013169121511051,0.0835889167506409,0.947246531553462,719.293637588938,8151.181159664573,8605.13170346143,5.007772681938486,0.0779853806024774
CHEMBL404609,NC(=O)Nc1sc(-c2ccccc2)cc1C(N)=O,21.0,train,0.4110426787014736,0.9643956281309788,0.0009732698412907,0.2644637450424062,0.7659609795432747,786.9975489299883,2279.365035006635,2975.82395955179,3.400222805475967,0.0729582376164624
CHEMBL452273,COCCNCc1ccc(-c2cc(C(N)=O)c(NC(N)=O)s2)cc1,3.0,train,0.6045448227334286,0.98777482334759,0.0007774630043422,0.1558874541476561,0.9181021305823016,1180.8949434951746,6954.903263670291,7575.304567977833,4.7482307140891375,0.153988720864605
CHEMBL452529,CN(C)CCCOc1ccc(-c2cc(C(N)=O)c(NC(N)=O)s2)cc1,6.0,train,0.6739825392134177,0.9922983002193349,0.0008359993757256,0.1238712371045794,0.9186262217556812,1098.8360140321256,8148.9423977189535,8870.79228170155,4.9994234391133086,0.1205708566559915
CHEMBL444884,NC(=O)c1sc(-c2ccc(Cl)cc2)cc1N,31.0,train,0.7218620722198031,0.9946514656759616,0.0026787269013258,0.1032882463238722,0.9219641585317206,344.17997522456653,3072.194683666014,3332.2278911130943,3.653986733135537,0.101389643254462
CHEMBL1831214,NC(=O)Nc1cc(-c2ccccc2)sc1C(N)=O,27.0,train,0.3787279050390604,0.9575647082024809,0.0008618034842518,0.2882183713872135,0.7383460240433883,856.7452296672348,2194.7748538662577,2972.5559323080797,3.3951231580231087,0.0673536702215517
CHEMBL1609158,CCCC(=O)Nc1ccc(Cl)c(-c2nc3ncccc3o2)c1,150.0,train,0.5570691876123811,0.9838316557919934,0.0008444076782776,0.1790957092215906,0.8468659080611581,1002.91118833562,4742.331895644043,5599.861619770819,4.238485479326281,0.0610114641852882
CHEMBL14762,CC[C@H](CO)Nc1nc(NCc2ccccc2)c2ncn(C(C)C)c2n1,123.03,train,0.2856897595561189,0.93474354899485,0.0003443742599634,0.3553230890506726,0.7523876563372063,2184.7964375069614,4626.251211486332,6148.760113912517,4.275647474530135,0.2122725307135826
CHEMBL1194759,CCCC1CCCCC(N)=N1,3.0,train,0.3593414837900276,0.9554113439947324,0.0029854637855246,0.29527811257555,0.827955686925648,277.3290002511788,777.6266276716269,939.2128587933224,2.542397695327066,0.2986112923939852
CHEMBL492112,O=C(CC12CC3CC(CC(C3)C1)C2)Nc1ccc2[nH]ncc2c1,21.0,train,0.7228993185876708,0.9946552988236256,0.0016567569735858,0.1032513269749321,0.9515464792265376,574.3428242025432,5293.0447312472925,5562.570874677328,4.29771932571629,0.1558625103788888
CHEMBL2164670,COc1ccccc1C(C#N)NC(=O)[C@@H]1CCCC[C@H]1C(=O)N1CCN(Cc2ccc(F)cc2)CC1,127.0,train,0.4928900477820112,0.9770996688388022,0.0003392427013924,0.2127821354228386,0.8811212866829716,2597.318330111307,10755.37880285463,12206.468014572469,5.093465098008822,0.2102200220150678
CHEMBL1829763,C[C@@H](c1ccc(-c2ccc(F)cc2F)cc1)N1CC[C@](CCO)(c2ccc(F)cc2)OC1=O,14.13,train,0.4989432916501087,0.977798555237978,0.0003660120722698,0.209547095838913,0.8873333797241049,2424.328176448486,10265.88942097347,11569.371394734866,5.1605260244584175,0.196702441675343
CHEMBL1829783,C[C@@H](c1ccc(-c2ccc(F)cc2F)cc1)N1CC[C@@](CCO)(c2ccc(F)cc2)OC1=O,3.0,train,0.5994455214176333,0.9874373887846628,0.0004816368909353,0.1580107693485689,0.8990639356035223,1866.6841193527653,10621.227766897722,11813.65122800518,5.164988485385727,0.1599787089860866
CHEMBL190,Cn1c(=O)c2nc[nH]c2n(C)c1=O,4.79,train,0.2610710149718598,0.9027080831135657,0.0013466795052261,0.430253549295566,0.5762006379690457,427.8676817557069,573.0054559633953,994.4547405971076,2.3531765607489112,0.0582036273632712
CHEMBL178737,O=C1NC(=O)C(c2cnc3ccccn23)=C1c1cn2c3c(cccc13)CN(C(=O)N1CCOCC1)CC2,42.0,train,0.4057365140315084,0.9644481062495583,0.0003077492667269,0.2642723034138093,0.8478155776176868,2754.890650543061,8838.002234787662,10424.43954571104,4.708644658563864,0.210417909667347
CHEMBL257027,C[C@H](CO)Nc1nc(SCc2ccccc2)nc2[nH]c(=O)[nH]c12,3.0,train,0.3849490065402206,0.9597421259723236,0.0004633337646534,0.2808826296411451,0.7688832297647649,1659.458663323984,4542.573310239189,5908.014552000258,4.274457474140413,0.1450151343734524
CHEMBL2361579,Cc1cc2cc(C)c3nnc(SCC(=O)N4CCN(C(=O)c5ccco5)CC4)n3c2cc1C,150.0,train,0.5370366308645619,0.9819576830695864,0.0004276607528703,0.1891007896879598,0.8865623970649624,2073.050639121472,9719.096080398886,10962.675737855285,4.954129393407628,0.1155452125556014
CHEMBL1308362,Cc1ccc2cc(C)c3nnc(SCC(=O)N4CCN(C(=O)c5ccco5)CC4)n3c2c1,79.43,train,0.6412106894970571,0.9903183852828442,0.0005896518921669,0.1388146093564371,0.927063069597064,1572.220969545507,10499.96109825266,11326.048294444876,5.101457464946717,0.1167444673186057
CHEMBL1951916,CCN(C(=O)Cc1ccc(S(C)(=O)=O)cc1)C1CCN(CC[C@@H](c2cc(C)cc(C)c2)C2CCN(S(C)(=O)=O)CC2)CC1,150.0,train,0.641763767470938,0.9903997156150892,0.0002245199886769,0.1382331483745854,0.9055930264759018,4033.462819111645,26424.02234548896,29178.69459343955,6.869324205154357,0.1311740354124912
CHEMBL1951918,CCN(C(=O)Cc1ccc(S(C)(=O)=O)cc1)C1CCN(CC[C@@H](c2cccc(C(F)(F)F)c2)C2CCN(S(C)(=O)=O)CC2)CC1,17.33,train,0.6758092981768474,0.992328438078319,0.0002519348846843,0.1236295716284888,0.9469681500436344,3758.781366185134,28791.22033562553,30403.57834030521,6.844783313160144,0.1715929819064526
CHEMBL1952100,CCN(C(=O)Cc1ccc(S(C)(=O)=O)cc1)C1CCN(CC[C@@H](c2cc(Cl)cc(Cl)c2)C2CCN(S(C)(=O)=O)CC2)CC1,17.5,train,0.5817698925720259,0.9858581620154518,0.000166237546071,0.1675818736842233,0.934353802501482,5620.594291631089,31337.65921843871,33539.39282372536,7.238496400772006,0.1877365726576395
CHEMBL1951906,CCN(C(=O)Cc1ccc(S(C)(=O)=O)cc1)C1CCN(CC[C@@H](c2ccccc2)C2CCN(S(C)(=O)=O)CC2)CC1,30.5,train,0.7800277764797244,0.9967764691324864,0.0004280171671277,0.0802288637821413,0.976341951140724,2281.0812886139843,27759.527569574308,28432.17741196211,6.958201507437961,0.1518662706818543
CHEMBL1951908,CCN(C(=O)Cc1ccc(S(C)(=O)=O)cc1)C1CCN(CC[C@@H](c2ccccc2)C2CCN(S(=O)(=O)C(F)(F)F)CC2)CC1,27.5,train,0.6094766230133707,0.9879935183519768,0.0002066980791564,0.1544953322740916,0.9473005475314636,4583.01572708094,28101.12929435822,29664.428430434185,6.884056022440672,0.2529812699634297
CHEMBL1963231,CC(C(=O)O[C@@H]1CC[N+](C)(C)C1)(c1ccccc1)C1CCCC1,42.0,train,0.3071395763453172,0.9423762080834736,0.0006862954548007,0.3345550514313207,0.8695530109217502,1267.024289377245,3293.1644015697857,3787.192224288822,3.6315938794052927,0.3638989307350663
CHEMBL1201335,C[N+]1(C)CCC(OC(=O)C(O)(c2ccccc2)C2CCCC2)C1,3.0,train,0.3164272474099281,0.9448677366316458,0.0005848659110776,0.3274522259392821,0.7965677007689156,1361.9663681562952,3313.1502322052256,4159.28266863832,3.724446600198064,0.2190716482613279
CHEMBL652,O=C(NCC1CCCCN1)c1cc(OCC(F)(F)F)ccc1OCC(F)(F)F,3.0,train,0.3389673761754735,0.950101837262426,0.0002966377382598,0.3119398961828425,0.7764034332672689,2617.345445734084,6514.44722198431,8390.54406878412,4.598322616542759,0.1907716417611984
CHEMBL787,CC(C)(O)c1ccccc1CC[C@@H](SCC1(CC(=O)O)CC1)c1cccc(/C=C/c2ccc3ccc(Cl)cc3n2)c1,30.0,train,0.4891999496735399,0.975870606766715,0.0002427971428866,0.2183496252544608,0.9540557872516684,3929.435807641188,17169.25764605781,17996.073055137567,5.774608133934645,0.3212711599903979
CHEMBL290548,COC(=O)N1CCN(c2ccnc(-n3ccnc3)n2)C(CC(=O)NCc2ccc3c(c2)OCO3)C1,17.0,train,0.2553417699905603,0.9192780908570364,0.000184266011334,0.3936086783472164,0.6853945007740697,3719.5926465878456,6476.961727053359,9449.976210399149,4.52621301742522,0.1606148065407679
CHEMBL2164850,O=C(Nc1cc(-c2ccncc2)c[nH]c1=O)[C@H](Cc1ccccc1)NC1(c2ccccn2)CC1,19.05,train,0.2846617245946383,0.934901997373014,0.0003032382905367,0.35490598094136,0.901677909245282,2973.4962153002884,7554.496104712641,8378.26459676257,4.575562316264145,0.3494554413785713
CHEMBL1463345,C[C@]12CC[C@H]3[C@@H](C=CC4=CC(=O)CC[C@@]43C)[C@@H]1CC[C@@]21CCC(=O)O1,14.45,train,0.613570986386493,0.9882315178331,0.0012356586560694,0.152965575085662,0.9570327610161644,774.5122460117282,4845.754300118427,5063.310784652001,3.961032358927013,0.3137784077887797
CHEMBL2178393,Nc1nnc(CCSCCc2nnc(NC(=O)Cc3ccccc3)s2)s1,54.95,train,0.4404590801519988,0.9700767543832044,0.000378823621168,0.2427984567606395,0.848535894144486,2239.923401629705,7828.119798515702,9225.443322475116,4.871099133081486,0.1807451088841084
CHEMBL837,CCc1c2c(nc3ccc(O)cc13)-c1cc3c(c(=O)n1C2)COC(=O)[C@]3(O)CC,25.12,train,0.5378459794656291,0.982027044074861,0.0006098643842134,0.1887402572468072,0.8519639683515005,1396.9728195396274,6305.864601306719,7401.5625490690545,4.386985049672379,0.1022883592939992
CHEMBL341226,COc1cccc(NC(=O)CC23CC4CC(CC(C4)C2)C3)c1C,150.0,train,0.7272644068253232,0.9948408610945711,0.0016584030606418,0.1014478245040869,0.95348916939803,574.9441688976316,5403.792942157754,5667.387858814747,4.31020397485602,0.137176964013873
CHEMBL424451,COc1ccc(C)c(NC(=O)CC23CC4CC(CC(C4)C2)C3)c1,150.0,train,0.5254197978478723,0.9803476742196152,0.0010695664957586,0.1972775649996498,0.9418204543778776,880.5627869914116,4203.884228568888,4463.572869996518,3.902687320945721,0.2495685689520949
CHEMBL2348651,CNc1nc(C)c(-c2nc(Nc3cccc(N4CCCN(C(C)=O)CC4)c3)ncc2C#N)s1,150.0,train,0.5996392341577002,0.9874639922202776,0.0003899088257148,0.1578444299568129,0.886920462649141,2274.6868092124014,12781.358694510482,14410.941265616835,5.643623485119392,0.1047736534359535
CHEMBL2312185,CNc1nc(C)c(-c2nc(Nc3cccc(N4CCCNCC4)c3)ncc2C#N)s1,27.54,train,0.5959450992915506,0.987122922854171,0.0005432958718863,0.1599635432710787,0.914480414588691,1683.2088405413183,9622.577037626,10522.452842201086,5.094336123375625,0.1670271824951641
CHEMBL1829876,CN(CC(=O)N(Cc1ccc(C2CCCCC2)cc1)c1ccc(C(=O)O)c(O)c1)S(=O)(=O)c1c(F)c(F)c(F)c(F)c1F,128.82,train,0.3214586548880057,0.9458031638925528,0.0001478519521078,0.3247404735644096,0.7781693576935466,5263.165934568528,12612.023409904308,16207.298944905371,5.21501370368312,0.135362487650578
CHEMBL272282,Cn1c(=N)n(CC(=O)c2ccc(Cl)cc2)c2ccccc21,3.0,train,0.3197458626117826,0.944790722851022,0.0008220929602525,0.3276743658186325,0.9146405334088288,1112.575557304188,3105.542597596944,3395.3695295163784,3.5636025620704075,0.360118877065086
CHEMBL1302675,CCn1c(SCC(=O)Nc2cc(C)on2)nnc1-c1ccccc1,32.36,train,0.7915589305494004,0.997110884519504,0.0016659796907945,0.0759597523214258,0.9890767985212606,593.6907898616319,7730.485787567126,7815.860001088638,4.8476306874417325,0.12311038491872
CHEMBL1645135,C[C@H](NC(=O)c1cccc2c1N(Cc1ccc(Cl)cc1)CC2)c1ccc(C(=O)O)cc1,15.85,train,0.34607148124506,0.9522539559041474,0.0002816885824052,0.3053070642237127,0.8027576706205096,2849.8054971416177,7493.122468108439,9334.227180061029,4.756198477703732,0.2356574899497294
CHEMBL550637,Cc1ccc(C(=O)N2CC3CNCC(C2)O3)cc1NC(=O)CC12CC3CC(CC(C3)C1)C2,71.25,train,0.5016872744039789,0.977915656791,0.0004615796223684,0.2089999239306741,0.9167147642424474,1986.0382040667955,8711.154098895722,9502.578597710735,4.804271110366185,0.2043102799239463
CHEMBL392559,O=C(NCC12CC3CC(CC(C3)C1)C2)c1cc(CN2C[C@@H]3C[C@H]2CN3)ccc1Cl,13.0,train,0.7138786776413113,0.9941958293558552,0.0009292256356739,0.1075855607942966,0.9678508286863516,1041.567076423151,9370.045112057527,9681.29058149936,4.9261750983896775,0.1538967730246789
CHEMBL2031221,Cc1ccc(NC(=O)c2cccc(N3CCOCC3)c2)cc1-n1cnc2ccc(N3CCN(C)CC3)cc2c1=O,14.0,train,0.621777285724713,0.9888308064727,0.0003012756251158,0.1490423972249162,0.9576621221153958,3178.691013410168,20424.470071141728,21327.42811841172,6.458057696756457,0.170496406665418
CHEMBL1596896,Cc1cccc(NC(=O)Nc2cccc3ccccc23)c1,70.79,train,0.6721460641722848,0.9922061111841548,0.0015439212353274,0.1246075155390589,0.8978198208274596,581.5191865257726,4189.951541812453,4666.80668505498,4.13247543280741,0.0516426874698092
CHEMBL211175,CCN(C(=O)Cc1ccc(S(C)(=O)=O)cc1)C1CCN(CC[C@H](c2ccc(S(C)(=O)=O)cc2)c2cc(F)c(F)c(F)c2)CC1,18.0,train,0.4550461410534042,0.972013252291473,0.0001231851203931,0.2349260253138281,0.8146670550761952,6613.3560001095775,22933.530883104875,28150.80190147117,6.658025335669032,0.1093494804815984
CHEMBL198114,CCN(C(=O)Cc1ccc(S(C)(=O)=O)cc1)C1CCN(CCC(c2ccccc2)c2ccc(NS(C)(=O)=O)cc2)CC1,3.0,train,0.674910261913842,0.992179383779829,0.0002486409389056,0.1248201522282307,0.9684860920740992,3895.1191880819865,30222.43358372672,31205.851928139396,7.306409752662261,0.2485634794224249
CHEMBL198497,CCN(C(=O)Cc1ccc(S(C)(=O)=O)cc1)C1CCN(CCC(c2ccccc2)c2ccc(NC(C)=O)cc2)CC1,3.0,train,0.6991572415143399,0.993522430722371,0.0003382854007363,0.1136361722846716,0.9575062714371232,2830.46879750953,23849.726457990204,24908.16736081958,6.693210321336378,0.1603897168706905
CHEMBL180155,C=CCN(C(=O)Cc1ccc(S(C)(=O)=O)cc1)C1CCN(CCC(c2ccccc2)c2ccccc2)CC1,10.0,train,0.540687251095077,0.9822931369488304,0.0002297022801588,0.1873504553056279,0.8958335652633197,3899.976807560909,18648.100546444726,20816.47894155801,6.391664938905575,0.1803625245687319
CHEMBL180334,CN(C(=O)Cc1ccc(F)cc1)C1CCN(CCC(c2ccccc2)c2ccccc2)CC1,3.0,train,0.5027844158217538,0.9782669487785256,0.0003269351499733,0.2073494078302456,0.8827848415760202,2700.1833288590897,11495.961995438018,13022.38263959594,5.532679595954214,0.2036009245451491
CHEMBL360106,CCN(C(=O)Cc1ccc([N+](=O)[O-])cc1)C1CCN(CCC(c2ccccc2)c2ccccc2)CC1,13.0,train,0.7348166236072731,0.9951494185870674,0.0005539830424639,0.0983749698135736,0.9580367288315144,1729.3611092688714,16841.595613519432,17579.279694277033,6.100827050840637,0.1683512445089188
CHEMBL182878,CC(=O)Nc1ccc(CC(=O)N(C)C2CCN(CCC(c3ccccc3)c3ccccc3)CC2)cc1,26.0,train,0.7375401224722707,0.9952830609296688,0.0005242528495294,0.0970135486747577,0.9475455851887976,1807.4209535327811,17653.346037668693,18630.60343862114,6.275235243940117,0.1101983125190075
CHEMBL379082,CCN(C(=O)Cc1ccc(S(C)(=O)=O)cc1)C1CCN(CC[C@H](c2ccc(S(C)(=O)=O)cc2)c2cccc(Cl)c2)CC1,12.0,train,0.5841266812265666,0.9862377896463348,0.0001666209081925,0.1653330646710208,0.88097357746502,5287.293095575006,28173.22428990969,31979.647302223813,7.199511976213879,0.1433714512175058
CHEMBL181913,CN(C(=O)Cc1ccc(S(N)(=O)=O)cc1)C1CCN(CCC(c2ccccc2)c2ccccc2)CC1,12.0,train,0.7592887232666974,0.9960808701509296,0.0004884803346616,0.0884471600412749,0.96755400136506,1980.742995591126,21668.031061321388,22394.64777237379,6.7472871277792486,0.146226957514725
CHEMBL370826,CCN(C(=O)Cc1ccc(S(C)(=O)=O)cc1)C1CCN(CCC(c2ccc(NC(C)=O)cc2)c2cccc(F)c2)CC1,23.5,train,0.6854168745971974,0.9928566507168592,0.0002638363718676,0.1193133317249192,0.945170940369862,3582.413348391513,28378.999599971525,30025.25616040028,7.224817064553602,0.1411086180512369
CHEMBL370552,CCN(C(=O)Cc1ccc(S(C)(=O)=O)cc1)C1CCN(CCC(c2ccccc2)c2ccc(NC(=O)C(C)(C)C)cc2)CC1,3.0,train,0.6692160237239537,0.9920356084986578,0.000217448538798,0.1259577368433472,0.9161317438102252,4213.09680384134,30643.228581859952,33448.49557817269,7.434761590169407,0.1035005907677588
CHEMBL182682,COc1ccc(CC(=O)N(C)C2CCN(CCC(c3ccccc3)c3ccccc3)CC2)cc1OC,112.0,train,0.69984059075505,0.9935768324036284,0.0004543322958528,0.1131595250554367,0.9514542427271148,2094.181398531484,17608.04294377209,18506.45270475947,6.265488850042586,0.1513177991644216
CHEMBL212731,CCN(C(=O)Cc1ccc(S(C)(=O)=O)cc1)C1CCN(CC[C@H](c2ccc(S(C)(=O)=O)cc2)c2cccc(F)c2)CC1,3.0,train,0.6195219886862908,0.9889107274069824,0.0001988691611409,0.1485111888693666,0.9028851106347509,4540.096138862741,27601.861084252825,30570.734591966,7.141575435603183,0.1473734047371777
CHEMBL197714,CCN(C(=O)Cc1ccc(S(C)(=O)=O)cc1)C1CCN(CCC(c2ccccc2)c2ccc(C)cc2)CC1,66.0,train,0.7815167250054761,0.9968458632319008,0.0004977664323116,0.0793619868542011,0.9648808752365484,1938.4209392256123,23567.268998102867,24425.055572093454,6.845533470309113,0.1248499697850759
CHEMBL198150,CCN(C(=O)Cc1ccc(S(C)(=O)=O)cc1)C1CCN(CCC(c2ccccc2)c2ccc(S(C)(=O)=O)cc2)CC1,18.5,train,0.6589225217216259,0.9912820443186878,0.0002690810792237,0.1317570059289557,0.9605427478991888,3569.7149374837345,26024.147794586894,27093.169826647,6.891392705020383,0.2574071171634415
CHEMBL211866,CCN(C(=O)Cc1ccc(S(C)(=O)=O)cc1)C1CCN(CC[C@@H](c2ccccc2)c2ccc(S(C)(=O)=O)cc2)CC1,4.0,train,0.6709486162809917,0.9918708085228702,0.0002707134780446,0.1272489654189285,0.9815512308225977,3625.7937281593418,27968.02539703997,28493.69907427158,7.095079573280208,0.2214115692651586
CHEMBL382435,CCN(C(=O)Cc1ccc(S(C)(=O)=O)cc1)C1CCN(CC[C@H](c2ccc(S(C)(=O)=O)cc2)c2cc(F)cc(Cl)c2)CC1,6.5,train,0.4072980399258166,0.9643721632553076,0.0001285118752603,0.26454929736871,0.8970993076655852,6980.672454186422,23671.793831917963,26387.038346419256,6.627761861086488,0.2996867369286758
CHEMBL369311,CCN(C(=O)Cc1ccc(S(C)(=O)=O)cc1)C1CCN(CCC(c2ccccc2)c2ccccc2)CC1,16.0,train,0.6316460514125456,0.989509128520522,0.00033438261192,0.1444703588095398,0.9604315826429612,2872.2533660705994,19094.59399739927,19881.264155072724,6.351191122551112,0.2273504960222921
CHEMBL198758,CCN(C(=O)Cc1ccc(S(C)(=O)=O)cc1)C1CCN(CCC(c2ccccc2)c2ccc(C#N)cc2)CC1,3.0,train,0.6411237970574925,0.9901197964803016,0.0003007820075061,0.1402240657583637,0.9651095314976916,3208.667764071182,22084.05401574073,22882.432817205638,6.655852894723123,0.2215596427917973
CHEMBL380005,CCN(C(=O)Cc1ccc(S(C)(=O)=O)cc1)C1CCN(CC[C@@H](c2ccc(F)cc2)c2ccc(S(C)(=O)=O)cc2)CC1,8.5,train,0.5855820989419392,0.9860719489211448,0.0001956276872348,0.1663193060076168,0.9485630909500276,4848.818203381816,27654.09556389069,29153.670248959294,7.081186563186156,0.2716289265296984
CHEMBL192307,CCCCc1nc2c(N)nc3ccccc3c2n1CC(C)C,3.0,train,0.1812278536826865,0.887015527687374,0.000489808834021,0.4617395950549287,0.7282765078182263,1486.85866246949,2345.1405205865944,3220.123806563768,3.448995714554448,0.3099276525908255
CHEMBL373351,CCc1nc2c(N)nc3ccccc3c2n1CC(C)(C)O,3.0,train,0.2233991788607578,0.9004671089547168,0.0005344589331751,0.434924114864575,0.6534570328954588,1222.6515309853978,1836.9876822111416,2811.1835816832145,3.2129054438371667,0.2009498380311617
CHEMBL413065,CCc1nc2c(N)nc3ccccc3c2n1CC(C)C,3.0,train,0.2325961517753685,0.8994165932040648,0.0005350154295177,0.4370924294347751,0.6229869448608963,1164.427996819603,1659.6568400583317,2664.031491749651,3.1976765207049147,0.1519876558932476
CHEMBL383322,CCOCc1nc2c(N)nc3ccccc3c2n1CC(C)(C)O,3.0,train,0.2910343242515022,0.9356727649258516,0.0005711820945022,0.3528689232222246,0.7368649014273652,1290.0700293651882,2693.9389174373905,3655.9468529699534,3.485754157390595,0.1991214696395335
CHEMBL1082983,CCCCc1nc2c(N)nc3ccccc3c2n1CC(C)(C)O,3.0,train,0.1366180391583181,0.8483067611670556,0.0004173315325889,0.5295050886991173,0.7015892343711531,1681.131617395028,2227.4834926006297,3174.911163791108,3.366994661877228,0.3668985434516861
CHEMBL2023489,COc1ccc2c(Oc3ccc(CC(=O)Nc4cn(C)nc4C)c(OC)c3)ccnc2c1,24.55,train,0.620987360135453,0.9887615850138712,0.0005798315410149,0.14950092976586,0.9592936369079262,1654.435071311835,10615.914155666882,11066.386502765688,5.194240355711406,0.1926098258435932
CHEMBL2220442,CC(C)n1c(/C=C/C(O)CC(O)CC(=O)O)c(-c2ccc(F)cc2)c2ccccc21,8.33,train,0.2638728208676241,0.9257646817172808,0.0002709026614684,0.3781001905380398,0.722987746379601,2668.810053251618,5103.189615350077,7058.473177318103,4.245138165535808,0.2316641592127103
CHEMBL2031559,O=C(Nc1cccc(-c2nnn[nH]2)c1)c1cc(C(F)(F)F)cc2[nH]cnc12,4.47,train,0.6507667589447,0.9909437769668048,0.000802601375029,0.1342774399918452,0.8768348093186631,1092.491038016066,7133.991913007439,8136.07288076399,4.681475353730735,0.0095418052796056
CHEMBL1945033,O=c1[nH]c2c(O)ccc([C@@H](O)CNCCc3cccc(CNCCc4ccccn4)c3)c2s1,25.0,train,0.6811592761030839,0.9924418656792802,0.000530780972528,0.1227157008985793,0.9835429730522888,1853.01098561948,14851.530167284684,15100.031797487223,5.850518947872328,0.1669906748514124
CHEMBL2057372,CC(C)(C)NS(=O)(=O)c1cncc(-c2ccc3nc(NC(=O)NCC(=O)N4CCOCC4)nn3c2)c1,5.0,train,0.8118148457928362,0.9976751284314028,0.0006644100275855,0.0681493808437315,0.997073941883247,1500.6906887100313,21956.17277830672,22020.60635225957,6.6345683705430245,0.1056522059150925
CHEMBL210887,O=C(Nc1nc2ccccc2n1CCCO)c1cccc([N+](=O)[O-])c1,112.2,train,0.4680066305595357,0.9737623844913406,0.0006886598307361,0.227567173708641,0.9026489063660212,1310.7326231024394,5199.042328910191,5759.761400300192,4.245640512917754,0.2290057092981465
CHEMBL210730,O=C(Nc1nc2ccccc2[nH]1)c1ccccc1,64.0,train,0.7660339248333253,0.9963637156911486,0.0033624519560213,0.0852017960733697,0.9254408705074896,275.2279832133317,2989.458393032355,3230.3072927749645,3.699646886499477,0.0244214644436847
CHEMBL271023,[O-][S+](c1ccccc1)c1ccc2nnnn2n1,150.0,train,0.3335529073117896,0.9493279092849646,0.0013411090713723,0.3142873218133973,0.8682491878480418,647.4113152926218,1788.5365068597869,2059.934557834347,3.027421654883677,0.2711002638786328
CHEMBL459353,COc1ccc(N(C(=O)c2occc2CO)C(C(=O)NC[C@@H](C)O)c2ccccc2F)c(OC)c1,12.0,train,0.0382847172485555,0.6829357172967214,0.0001818422405916,0.7304784774655669,0.7867244288605789,4326.411873836759,4659.540308797522,5922.709576396378,3.9143954338443,0.6367209333689119
CHEMBL469727,COCc1ccoc1C(=O)N(c1ccc(OC)cc1OC)C(C(=O)NC[C@@H](C)O)c1ccccc1F,76.0,train,0.0532818312078735,0.7451785564333961,0.0001808380761409,0.6668649931071805,0.832859722236785,4605.555091105524,5751.960852003907,6906.278090332005,4.152800858907024,0.6462161373073178
CHEMBL513412,COc1ccc(N(C(=O)c2occc2C)C(C(=O)NC[C@@H](C)O)c2ccccc2F)c(OC)c1,126.0,train,0.088371653557729,0.7989078878189364,0.0002850755651527,0.6014533953521966,0.9621928174171612,3375.220239944533,5399.6081777440695,5611.773523978672,3.9100803911545694,0.7274426843294075
CHEMBL469728,COc1ccc(N(C(=O)c2occc2Cl)C(C(=O)NC[C@@H](C)O)c2ccccc2F)c(OC)c1,145.0,train,0.0481881821377997,0.7259995211323991,0.0002026281655817,0.6876952052439563,0.8035997935891598,3965.883969200284,4634.296581895376,5766.921070495769,3.825308212585089,0.5683166230411959
CHEMBL2021706,CCC[C@@H](CNC(=O)c1nc(Cl)c(N)nc1N)[N+](C)(C)CCCc1ccc(OC)cc1,87.1,train,0.7077329258357585,0.993995580651198,0.000577628091608,0.1094202250312433,0.936309954609802,1620.956404670735,13870.540087523685,14814.047441484368,5.802784056088899,0.1467871324210151
CHEMBL1082376,CCCCCCc1nc2c(N)nc3ccccc3c2n1Cc1ccccc1,3.0,train,0.3395956337520057,0.9494968363098364,0.0004138338188246,0.3137766049877078,0.7515200893364251,1815.994863519928,4349.453083414073,5787.540672737758,4.083056015851591,0.1542871042110151
CHEMBL1083637,CCc1nc2c(N)nc3ccccc3c2n1Cc1ccccc1,3.0,train,0.1928197373473409,0.887028640427084,0.0004429616063491,0.4617144042176713,0.6761103495207347,1526.34074788821,2235.093311180133,3305.8114149036373,3.418478406061743,0.2705714731356527
CHEMBL1086473,CCCCc1nc2c(N)nc3ccccc3c2n1Cc1ccccc1,6.0,train,0.2126712576402942,0.8898281210317951,0.0003148491226192,0.4562958634713063,0.6298178665154425,2000.3799320637424,2761.092356718061,4383.953684887029,3.720008657051148,0.1797232483888075
CHEMBL91428,COc1cc2ncnc(Nc3cc4ccccc4cn3)c2cc1OC,30.9,train,0.2900906984025291,0.9375727368442908,0.0005727652572223,0.3477892510218023,0.8565199905632543,1495.41191572434,3682.8343491964206,4299.76461702261,3.77604593232492,0.3372286680201664
CHEMBL1631889,C(#Cc1n[nH]c2ccccc12)c1ccccc1,35.0,train,0.6859241922287832,0.9929004213791494,0.0026593095814176,0.1189485318325006,0.9393693305462464,353.23804987213634,2789.618209824647,2969.671373241954,3.7420478740555834,0.144879613561244
CHEMBL1945289,COc1ccc(CNCc2cccc(CCNC[C@H](O)c3ccc(O)c4[nH]c(=O)sc34)c2)cc1,62.0,train,0.5673976485981722,0.9845639750658088,0.000338149207265,0.1750250810672961,0.9385951722043988,2775.6834913075654,14884.970248961235,15858.775635934891,5.911433627764112,0.1914503497734891
CHEMBL1945044,COc1cccc(CNCc2cccc(CCNC[C@H](O)c3ccc(O)c4[nH]c(=O)sc34)c2)c1,35.0,train,0.782273188521272,0.9968031911359008,0.0005858339846197,0.0798961710051539,0.9944284647303716,1697.457796641602,21127.4248743412,21245.7965793142,6.778278074805234,0.1321785958415017
CHEMBL1945291,COc1ccccc1CN(C)Cc1cccc(CCNC[C@H](O)c2ccc(O)c3[nH]c(=O)sc23)c1,45.0,train,0.3804820380782457,0.9594633049267386,0.000219407201912,0.2818335794383988,0.7984174827690782,3638.975730109669,10308.998126062465,12911.789068431606,5.215978069379139,0.1867352169195329
CHEMBL1945041,O=c1[nH]c2c(O)ccc([C@@H](O)CNCCc3cccc(CNCc4ccccc4Cl)c3)c2s1,47.0,train,0.6307621332074763,0.9895420994292324,0.0004341900093172,0.1442443532939404,0.9453884203480252,2177.361063269559,14270.589379239003,15094.948353593734,5.708259408418107,0.172480785278137
CHEMBL1945290,CCOc1ccccc1CNCc1cccc(CCNC[C@H](O)c2ccc(O)c3[nH]c(=O)sc23)c1,44.0,train,0.7714126135968133,0.9964233489960272,0.0005557177097953,0.0845015359359907,0.9985295145505074,1796.828672093662,21232.589938189987,21263.858132173424,6.698130028813786,0.1499718232520924
CHEMBL1917445,Cc1ccc2c(c1)c([S+]([O-])c1ccc(Cl)cc1)c(C)n2CC(=O)O,3.0,train,0.1699612891884907,0.8807301244609851,0.0004689862077016,0.4736184623374997,0.9319135106396832,1987.0808465917316,3909.8718376240017,4195.530800857465,3.734390567434898,0.3824777097133462
CHEMBL2031233,Cc1ccc(NC(=O)C2CC2)cc1-n1cnc2ccc(N3CCN(C)CC3)cc2c1=O,4.0,train,0.6332811656756153,0.9896208266643448,0.0006199143803881,0.1437032338960349,0.9605857225389222,1549.5457968525538,10357.954574311292,10782.95703472898,5.212806765042775,0.1620352626360591
CHEMBL267144,CC(C)[C@H]1C(=O)N[C@H](CO)Cc2ccccc2N1C,30.9,train,0.1036613198967577,0.8127890758120286,0.0006304259701953,0.5825580814310521,0.7139388889790415,1132.470619441317,1387.8698821913629,1943.9617362433744,2.9168814553573155,0.5225221197167929
CHEMBL98760,CC(C)NC(=O)c1ccc2c(Nc3ccc(Cl)cc3)nc(N3CCOCC3)nc2c1,3.0,train,0.4318028432597514,0.9680313956026232,0.0002969818101505,0.2508290595757145,0.7771328024154398,2616.769027104903,8107.42204570642,10432.479520240806,4.9836168709268085,0.0823112081203109
CHEMBL1944691,O=c1[nH]c2c(O)ccc([C@@H](O)CNCCc3cccc(CNCCc4ccccc4F)c3)c2s1,17.0,train,0.6785965538229505,0.9924702379190588,0.0003838760303916,0.1224860271414118,0.9502899893949572,2475.51270243558,19205.904499038472,20210.57226043887,6.594933369190352,0.1249290145484652
CHEMBL1944693,COc1ccccc1CCNCc1cccc(CCNC[C@H](O)c2ccc(O)c3[nH]c(=O)sc23)c1,19.0,train,0.6087585342131533,0.9878026020594486,0.0004730966041861,0.1557113334493757,0.9647038132017998,2039.1264800161769,12633.332765799749,13095.555955014212,5.303433021423761,0.2602174003407182
CHEMBL1947157,O=c1[nH]c2c(O)ccc([C@@H](O)CNCCc3cccc(CNCCc4c(Cl)cccc4Cl)c3)c2s1,63.0,train,0.3141571373449955,0.94456427833774,0.0002410271779242,0.328326550995049,0.838561362870115,3479.115384796012,8885.823366447516,10596.5094027637,4.643310094877438,0.2425705668257492
CHEMBL1944690,O=c1[nH]c2c(O)ccc([C@@H](O)CNCCc3cccc(CNCCc4ccccc4Cl)c3)c2s1,19.0,train,0.6791683006126038,0.9925753899591871,0.0003568852369958,0.1216309798010676,0.9227229287752038,2585.4892080783943,19614.165554669296,21256.831214441136,6.6050590477302,0.0843857208340835
CHEMBL2030560,Nc1nc2ccc(C(=O)c3ccccc3)cc2[nH]1,3.0,train,0.5275483907650252,0.98100999236382,0.001653334577428,0.1939571985834443,0.8657181759006932,523.6194704446283,2337.149103668812,2699.665051201266,3.42314455453429,0.1398011141618846
CHEMBL370492,CCc1nc2cc(O)ccc2c(Oc2ccc(/C=C/C(=O)O)cc2)c1-c1ccccc1,11.22,train,0.3136438147868063,0.9441906909354896,0.0003088269252531,0.3293993611875446,0.8006863543590406,2592.6701621070342,6302.124001300096,7870.902216567716,4.513709171227771,0.285031969159693
CHEMBL2163360,N#CC1(NC(=O)[C@@H]2CCCC[C@H]2C(=O)N2CCc3[nH]c4ncccc4c3C2)CC1,7.0,train,0.3456271062298637,0.9506628579913547,0.0005051810679545,0.3102259344988891,0.937312078354031,1855.3982676926223,5605.873052730439,5980.796772164342,4.143487483687637,0.3552161392359401
CHEMBL1956334,CC(=O)c1ncccc1NC(=O)[C@H]1CC[C@H](N2C(=O)[C@H]3[C@H]4CC[C@H](C4)[C@H]3C2=O)CC1,16.6,train,0.6447254277970182,0.990558087762818,0.0007497883131475,0.1370936715084591,0.9220657059721992,1229.768042264388,8271.183677523695,8970.27578832118,4.749122279250007,0.1506269791979224
CHEMBL552512,O=C(CC1CCCCCC1)Nc1cccc2c(=O)n([C@H]3CCNC3)ccc12,3.0,train,0.6029832035555893,0.9876483063269386,0.0007711246775463,0.1566870224668583,0.9199820095274032,1193.0392533340553,7004.88548730633,7614.154858207234,4.638258643897652,0.1595187888469345
CHEMBL184721,Cc1ccc(NC(=O)c2cccc(N3CCOCC3)c2)cc1NC(=O)c1ccc(OCc2ccccn2)cc1,30.33,train,0.7280514126945558,0.9948431574003932,0.0004144828522018,0.1014253034189035,0.9650546798182672,2328.334392343647,22153.93916282108,22956.149144826653,6.736950280114312,0.1132051475107122
CHEMBL512504,N#Cc1c(O)c2c(-c3ccc(-c4ccccc4O)cc3)csc2[nH]c1=O,3.0,train,0.5717036403548783,0.9851951285216456,0.0007496943279351,0.1714367485028168,0.8792779177382679,1172.8485663750705,6015.395498752361,6841.290310378233,4.411820708788442,0.150045715798447
CHEMBL2332936,CC(=O)Nc1ccc(O)cc1OC[C@@H](O)CN1CCC2(CC1)Cc1cc(F)ccc1O2,3.0,train,0.5936515441584509,0.9867405251025936,0.0005391043680204,0.1623056872702192,0.9486012172914824,1759.587333292561,10283.969184105488,10841.193324070417,5.15565223441365,0.2264488200504939
CHEMBL2332935,CC(=O)Nc1ccc(O)cc1OC[C@@H](O)CN1CCC2(CC1)Cc1cc(Cl)ccc1O2,8.0,train,0.7115613938421288,0.9941640367337348,0.0006624780653133,0.1078789509834307,0.9418921263724714,1421.7710376976574,12413.496179783247,13179.318344651208,5.497483280469773,0.1381025703024494
CHEMBL1689116,O=C(O)COc1ccc(Cl)cc1CN1CCC(S(=O)(=O)c2ccccc2)CC1,3.0,train,0.3987148926796687,0.9631079263062576,0.0004024695918642,0.269115444161163,0.8707567682658656,2163.534303877313,7000.386560305864,8039.4282484273,4.504541316849924,0.2443301986388547
CHEMBL408,Cc1c(C)c2c(c(C)c1O)CCC(C)(COc1ccc(CC3SC(=O)NC3=O)cc1)O2,48.98,train,0.583293611782369,0.9858258212430115,0.0004765235483688,0.1677720184373482,0.954393060913582,2002.824549133964,11393.329291288464,11937.774652701612,5.356077095068356,0.2763390151021123
CHEMBL669,CN(C)CCC=C1c2ccccc2C=Cc2ccccc21,4.07,train,0.2616605220681477,0.9280033700853138,0.0006673687866147,0.3725717985976665,0.7910491904344752,1185.325424713297,2516.6980462560614,3181.468455676937,3.5351787688867486,0.2818767333862105
CHEMBL1779512,COC[C@@H](O)Cn1c(=O)cnn(-c2ccc(Cl)c(C(=O)NCC3(O)CCCCCC3)c2)c1=O,7.5,train,0.3775603595208393,0.9584382811992088,0.0002254025384234,0.2852999494074729,0.7745444318062967,3436.272001299718,9328.937317746548,12044.418544189588,5.0786187782962,0.1170058345620093
CHEMBL560423,O=C(NCC1(O)CCCCCC1)c1cc(-n2ncc(=O)[nH]c2=O)ccc1Cl,3.0,train,0.6416052227731193,0.9903910537928624,0.0007751917512735,0.1382951935790367,0.8865923326837378,1143.7071295290823,7332.156278422659,8270.042507843524,4.616680458959901,0.0807090225667389
CHEMBL583042,Cc1cnc(Nc2ccc(F)cc2Cl)nc1-c1c[nH]c(C(=O)N[C@H](CO)c2cccc(Cl)c2)c1,25.12,train,0.6306598890162067,0.989513167477964,0.0003723451622865,0.1444426923998819,0.9492266603420234,2549.3191707202195,16753.23051905829,17649.346798815994,6.076613898205538,0.1549102919946207
CHEMBL436826,CCOc1ccc(-n2c([C@@H](C)N(Cc3cccnc3)C(=O)Cc3ccc(C(F)(F)F)cc3)nc3ccccc3c2=O)cc1,17.03,train,0.157093769411654,0.8753777679401609,0.0001189530527291,0.4834395136892535,0.7839768149729296,6590.640567736906,10687.809445892664,13632.813167136466,5.132951571345997,0.4378579590582894
CHEMBL2023704,COc1ccc(-c2ccnc(N)n2)cc1,41.0,train,0.6671633654212247,0.9919217640752358,0.0033189573940863,0.1268511488078542,0.8894693665095947,267.996620894992,1879.1693008256077,2112.685800748526,3.253396228396015,0.0427872348863118
CHEMBL1071,O=C(O)CCc1nc(-c2ccccc2)c(-c2ccccc2)o1,3.0,train,0.3235703093347278,0.9443771905727034,0.0005075529725327,0.3288642910472462,0.7261993837755042,1430.7854018697851,3159.465790110828,4350.686410231848,3.903949717814098,0.1308041331855828
CHEMBL218628,CNc1nc2ccccc2n1Cc1sc2c(c1C(=O)N1C[C@H](O)CO1)c(=O)n(C)c(=O)n2CC(C)C,20.0,train,0.138369563994076,0.8508269682433068,0.0001621195841087,0.5254459725889075,0.7055191055841924,4351.84379150022,5843.2438339830405,8282.19078368494,4.245394877514575,0.3702393577327008
CHEMBL2103876,Cc1ccc2c(NC[C@](O)(CC(C)(C)c3cc(F)cc4c3OCC4)C(F)(F)F)cccc2n1,150.0,train,0.5643398767964867,0.9844611937806926,0.0004971468935636,0.1756022720237221,0.9125256132428528,1835.5251235739609,9538.39417741543,10452.74131376842,4.85767980854157,0.1672897428496641
CHEMBL605846,COc1ccc(CC(C)(C)NC[C@H](O)c2cc(O)cc3c2OCC(=O)N3)cc1,14.0,train,0.5225036336013856,0.980429349800704,0.0005283728210596,0.1968712524706665,0.8926903993896649,1689.5085511767163,7660.885194738717,8581.794091183783,4.816772224159632,0.1971653513658934
CHEMBL1934422,Cc1ccc(S(=O)(=O)Nc2c(C(=O)N[C@@H](C)C(C)(C)C)c(C)nn2C2CCOCC2)cc1,7.0,train,0.2374615963013318,0.91838399919013,0.0002833711579057,0.395690320871693,0.7761915879803094,2739.1340520210706,5373.123115181237,6922.418637855096,4.031082731805853,0.2729926869541046
CHEMBL119385,O=c1ncn2nc(Sc3ccc(F)cc3F)ccc2c1-c1c(Cl)cccc1Cl,3.0,train,0.4680267443319263,0.9727342088113616,0.0005862861272832,0.231922743619798,0.9673874045179258,1650.0260870925906,6882.526607205547,7114.550566879965,4.234716114591486,0.2581019872198332
CHEMBL206200,COCCNc1nc(N)c2nc(O)n(Cc3ccccc3)c2n1,5.5,train,0.416950996673271,0.966146663055692,0.0006648907346898,0.2579934601232193,0.808713878902292,1216.3109466092722,3812.684023517134,4714.503018907357,3.936737077167707,0.1253085731129988
CHEMBL2208429,O=C(NC[C@@H](O)CN1CCC(Oc2ccc(Cl)c(Cl)c2)CC1)c1n[nH]c2ccccc12,3.0,train,0.7996141869617344,0.9973564508018686,0.0007461016077177,0.0726643657090564,0.9866037249312386,1322.3449925931156,17954.199181483225,18197.984386015312,6.359038844701638,0.1540162164311653
CHEMBL1201753,O=C(O)C[C@H](O)C[C@H](O)/C=C/c1c(C2CC2)nc2ccccc2c1-c1ccc(F)cc1,3.0,train,0.2906241443009121,0.9363030605896818,0.0002809542693824,0.3511930789898836,0.7530674258937118,2680.391465660924,5747.594762512076,7632.244557240077,4.364943131470599,0.2093857210121504
CHEMBL1789187,N#Cc1ccc(C(F)(F)F)nc1O[C@H](CCN)c1ccno1,3.0,train,0.128656850166959,0.8538000627349802,0.000514577108128,0.5206010496279698,0.8127397185679435,1579.4323255549268,2465.741059657781,3033.8631216429844,3.3668220222968834,0.477099992067686
CHEMBL1922055,C[C@@](C(=O)O[C@H]1C[N+]2(Cc3cc(-c4ccccc4)on3)CCC1CC2)(c1ccccc1)N1CCCCC1,150.0,train,0.5349106387138055,0.9809406368834944,0.000381302777917,0.194307660452706,0.9731923241964512,2552.282282108559,12783.137424142966,13135.263304401617,5.332258515676909,0.3074847170777353
CHEMBL1917422,Cc1c(Sc2ccc(Cl)cc2)c2cc(Cl)ccc2n1Cc1nnn[nH]1,11.0,train,0.2717546710262972,0.930229951435194,0.00031103545985,0.3669771620317489,0.7532237703049898,2421.665268224351,4970.488718289185,6598.953610129128,4.233624454685209,0.2391287919483224
CHEMBL1201016,COCC1=C(C(=O)OC(C)OC(=O)OC(C)C)N2C(=O)[C@@H](NC(=O)/C(=N\OC)c3csc(N)n3)[C@H]2SC1,150.0,train,0.3830585387871841,0.960171733376654,0.0002175559759225,0.2794105266887268,0.869101104337459,3994.839032354285,12425.870477447455,14297.381990925049,5.248292223837606,0.3023752995185016
CHEMBL29609,Cc1cc(CCCOc2c(C)cc(-c3noc(C(F)(F)F)n3)cc2C)on1,14.45,train,0.833935873546971,0.998258605194676,0.001374122931712,0.0589894664730893,0.97309656435331,708.1583036685631,11681.855312804242,12004.826386955385,5.655484757040044,0.0725379592592285
CHEMBL1531981,Cc1oc(-c2ccccc2)cc1C(=O)Nc1cccc(C(=O)O)c1,4.17,train,0.7425561669888656,0.9955004602801322,0.0013977195120721,0.0947567073195621,0.9333738407429488,667.7833661771161,6577.809032251104,7047.346674099293,4.715945579288122,0.0610089440333395
CHEMBL1835918,Cc1ccc(N2CC(COc3ccc(-c4noc(C)n4)cc3)C2)nn1,26.33,train,0.8594886710431417,0.9987838607059368,0.0020009710473587,0.0493031397919391,0.9679308051927964,483.73053996480144,9496.711426906486,9811.353638047394,5.415842212823724,0.0530297552477833
CHEMBL1927039,N#Cc1ccc(Nc2nccc(NC3CC3)n2)cc1,45.0,train,0.8024009613088706,0.9974801573278782,0.0031792070421356,0.0709460057871567,0.954854941994033,300.34374274429683,4042.295318453184,4233.41299361306,4.1308413039055125,0.0617666920224468
CHEMBL1221702,C[C@H]1CN=C(N)c2sccc2O1,7.0,train,0.2805265068053649,0.9257224860202252,0.0017095653106757,0.3782034887154455,0.6584779676659354,385.1727474545355,670.6119205975721,1018.4272724790584,2.385504178721837,0.1351871301140837
CHEMBL2348642,CNc1nc(C)c(-c2nc(Nc3cccc(N4CCNCC4)c3)ncc2C#N)s1,17.78,train,0.5962429598855588,0.9872016470336186,0.0005573661991748,0.1594769829602712,0.8804275058687855,1579.6212744372012,8720.644152244075,9905.01102488699,4.985135603821667,0.0966838145431861
CHEMBL1643194,Cc1cc(CN2Cc3ccccc3C2C(=O)Nc2ccc(Cl)cc2Cl)ccc1OCC(=O)O,6.0,train,0.3932712521522064,0.9613735516877194,0.0003012596919918,0.2752469693118166,0.9208781660425546,3056.75863888042,10226.823919060278,11105.5124295212,5.012423091287635,0.3749580011531234
CHEMBL2036958,CC1(CCCc2cc(=O)oc3[nH]c(=O)[nH]c(=O)c23)CC1,3.0,train,0.4908538278941274,0.97687254773444,0.0010864412490348,0.2138224157632318,0.8484950555359777,780.9856780472221,3099.125430334933,3652.496747169936,3.692100605193128,0.1796051906802294
CHEMBL1947153,O=c1[nH]c2c(O)ccc([C@@H](O)CNCCc3cccc(CN4CCC(c5ccccc5)CC4)c3)c2s1,27.0,train,0.7199797409838813,0.9943962681802828,0.0004785398544868,0.1057168947194678,0.9869629867504424,2062.446789952004,19254.80926418134,19509.150315329905,6.366245754123025,0.1669649250805396
CHEMBL2207659,Cc1cc(Cl)ccc1OC1CCN(C[C@H](O)CNC(=O)c2c[nH]nc2C(F)(F)F)CC1,3.0,train,0.8077022588268334,0.997581295065342,0.000873461917627,0.0695094219207365,0.9883921536325248,1131.5801338171025,16090.551389517514,16279.52157489489,6.028681010436936,0.1403649214629319
CHEMBL2207658,O=C(NC[C@@H](O)CN1CCC(Oc2ccc(Cl)c(Cl)c2)CC1)c1c[nH]nc1C(F)(F)F,3.0,train,0.8099077237508462,0.9976484211524852,0.000773068750909,0.0685392425691549,0.9846800874707308,1273.7290005744237,18299.23320839367,18583.937505426205,6.295970860218279,0.1729993570289232
CHEMBL2207660,Cc1c(Cl)ccc(OC2CCN(C[C@H](O)CNC(=O)c3c[nH]nc3C(F)(F)F)CC2)c1Cl,3.0,train,0.7244337088285752,0.9947174231530206,0.0005480114024356,0.102651098756004,0.953699298059244,1740.2909753712784,16168.499916162353,16953.456869544596,5.932200443572509,0.1574085419427468
CHEMBL551707,O=C(NCC12CC3CC(CC(C3)C1)C2)c1c(Cl)ccc2nc(N3CCC[C@H](NCCc4nnn[nH]4)C3)ccc12,15.0,train,0.5509537259868853,0.9827817518625342,0.0003238471544182,0.1847702037829914,0.9600813977788922,2964.612733755956,15404.375159105208,16044.863690456434,5.597792882709473,0.1944789068681643
CHEMBL1644331,c1ccc(Sc2ccc3ccccc3n2)cc1,61.0,train,0.5007150543748803,0.9771499683224532,0.0019352599285702,0.2125510277731643,0.9639703605905772,498.10898596073713,2259.044822509211,2343.47954549682,3.2781096834796024,0.2097064411877686
CHEMBL257025,C[C@H](CO)Nc1nc(SCc2cccc(F)c2F)nc2[nH]ncc12,14.0,train,0.2962730135937337,0.9387234413461796,0.0006554543205098,0.344671293651191,0.8937957999328598,1363.6279019988451,3536.136933733917,3956.3141088820794,3.549898915724796,0.3555092606547758
CHEMBL594684,Cc1cc(NS(=O)(=O)c2ccc(Cl)cc2)no1,3.0,train,0.3030053589060403,0.9409794507728554,0.0008384954172484,0.3384636955763725,0.7856110648425011,936.9294675700286,2174.71523924172,2768.183057194728,3.283328859609533,0.2909549125165325
CHEMBL443,Cc1cc(NS(=O)(=O)c2ccc(N)cc2)no1,3.0,train,0.2668555559865848,0.9296797287965086,0.0009499027612857,0.3683688394325045,0.785352586342814,826.771558469632,1762.6550138146958,2244.412311701842,3.0890722554328387,0.2604235781326831
CHEMBL259081,O=c1nc(NCc2ccccc2)sn1Cc1ccccc1,150.0,train,0.6131526960068038,0.9883119025904455,0.0012623138006082,0.1524453449537034,0.9405801966267432,745.1239114818662,4597.37747574873,4887.810196553754,4.147356456024156,0.1623884113843521
CHEMBL1289545,Cc1nc(C(=O)N2CCOC3(CCN(Cc4ccc(Cl)cc4)CC3)C2)cs1,11.0,train,0.5481858425804592,0.9830636159484673,0.0004795349194891,0.1832646365186815,0.8716019095872638,1817.5984149722349,8644.45143071065,9917.889503941222,5.0101374196228985,0.1873691185563923
CHEMBL1299757,Nc1nc(-c2ccccn2)nc(N)c1Cc1ccc(Cl)cc1Cl,37.15,train,0.5561841009036389,0.9833890039035365,0.0009444109256422,0.1815105148513727,0.9518255245288456,1007.8510303992412,5285.08409797748,5552.5765613331305,4.136044586320129,0.2069417818729188
CHEMBL1628691,Clc1cccc(-n2nnnc2NCc2ccccc2Oc2ccccn2)c1Cl,150.0,train,0.2845243092845255,0.9334567218829992,0.0004837668222659,0.3586900449851448,0.9371565086336324,1937.2070706377383,5061.378870702801,5400.782925876763,3.873190900897488,0.4952539183220535
CHEMBL2158815,O=C(O)C(c1ccccc1)N1CCC(N2CCC(Oc3ccc(Cl)c(Cl)c3)CC2)CC1,6.0,train,0.7064071822164458,0.993937945328705,0.0005403912320634,0.1099425342429031,0.9332971481420884,1727.0767783895176,14661.075833781866,15708.904568033471,5.884875135005726,0.134540105377281
CHEMBL1939418,Nc1nc(Nc2ccc(F)c(Cl)c2)c2nc[nH]c2n1,15.0,train,0.5634995519516206,0.9844577909234624,0.0013264275507441,0.1756213480477142,0.8612917962285584,649.3319561595066,3184.4892041101957,3697.340689943292,3.675908141722774,0.0810386946300807
CHEMBL1939414,Nc1nc(Nc2cccc(Br)c2)c2nc[nH]c2n1,16.0,train,0.6349161950221412,0.9899624758673432,0.0014250643742808,0.1413304509813791,0.8893378046079098,624.0685127341907,3927.0215101278704,4415.669152689637,3.833133064890101,0.0812890964873041
CHEMBL564607,O=C(O)c1ccc(-c2ccc(Cl)c(C(=O)NCC34CC5CC(CC(C5)C3)C4)c2)cc1,40.0,train,0.2737990502534527,0.9261656397237396,0.0002069363861958,0.3771169683203289,0.6847562009823207,3309.017875348907,6008.402431210263,8774.513356127154,4.619290739827429,0.1737093600111607
CHEMBL71,CN(C)CCCN1c2ccccc2Sc2ccc(Cl)cc21,37.15,train,0.1871316702973654,0.8763570311094193,0.0003463179210758,0.4816620745139523,0.6427204047235553,1855.86816508609,2476.434000707568,3853.0502260508174,3.582571105910144,0.2916971960413553
CHEMBL280148,CN(C)CCNc1cc(-c2ccc(N3CCN(C)CC3)cc2)nc2ccccc12,11.0,train,0.4597879917075318,0.97240745112704,0.000352341645829,0.2332889817214127,0.7932729812562305,2251.431219235411,7655.73899889115,9650.82535241209,5.010340506418579,0.0670025300428865
CHEMBL193544,CN1CCC(Oc2cccc3ncnc(Nc4ccc(OCc5ccccn5)c(Cl)c4)c23)CC1,22.0,train,0.3022215494836712,0.9382417328967074,0.0001846753254823,0.3459804194618295,0.722431175066797,3911.898750846769,8168.316622404565,11306.705613374605,4.956523550384795,0.1392400821645831
CHEMBL2107366,Cc1cccc([C@H](C)c2c[nH]c(=S)[nH]2)c1C,24.55,train,0.5247297717991345,0.9797250994042588,0.0021212497703883,0.200346523796434,0.9788049521542082,461.42843045542105,2254.336258179432,2303.1516679783485,3.2863723925567303,0.4832672370397295
CHEMBL1423878,Oc1ncnc2c1c(-c1ccccc1)cn2-c1ccc(Br)cc1,60.26,train,0.5834186013481056,0.9861125538032692,0.000726593462923,0.1660783888156269,0.850005055196681,1169.8495769245333,5987.401860632618,7043.960296503419,4.403295791863483,0.0780692179092757
CHEMBL2137199,OC(c1ccc(-c2ccc(CN3CCN(Cc4ccncc4)CC3)cc2)c(F)c1)(C(F)(F)F)C(F)(F)F,48.98,train,0.8156237297312467,0.9977842226463924,0.0006514008311722,0.0665330371915653,0.9933465081874016,1524.938963310372,22767.528108506533,22920.026315944207,6.689733626198486,0.1169316547139744
CHEMBL407960,COc1ccc(OC)c(CNc2n[nH]c3ccnc(Oc4ccccc4)c23)c1,74.0,train,0.1946366881392386,0.8987080023087195,0.00036265425016,0.4385475191883664,0.7869584287564912,2169.996431612756,3893.9839071251754,4948.144355322854,3.8246044385231,0.3769981497519044
CHEMBL2331843,CCc1[nH]c2nc(Sc3cnc4ccc[n+]([O-])c4c3)nc(N3CC[C@@H](N)C3)c2c1Cl,51.29,train,0.2739096504587531,0.932600973428648,0.0003131600668402,0.3609091635854345,0.8330252118184084,2660.06205779526,6139.7686252442845,7370.447542448086,4.277186249339136,0.2300159925580176
CHEMBL2181808,Cc1c(CC(=O)O)c2cc(F)ccc2n1Cc1nc2ccccc2s1,3.0,train,0.4108006281113578,0.96528053593892,0.0005950145638881,0.2612154033311804,0.8294506193508824,1394.0005332489134,4426.441132236068,5336.593920081879,3.9674263958397193,0.2159507537105623
CHEMBL2335901,C[C@@H](NC(=O)C1CCNCC1)c1ccc(Nc2ncc3cc(-c4ccncc4)ccc3n2)cc1,4.17,train,0.7596392940211437,0.9960899429430832,0.0005957469056029,0.08834492383632,0.9691548856012588,1626.7896257395164,17846.086058684512,18414.070159294395,6.4697985499265895,0.117244238540169
CHEMBL471412,COc1ccc(N(C(=O)c2ccccc2)C(C(=O)NC2CCCC2)c2ccccc2F)c(OC)c1,150.0,train,0.0262335781928201,0.6504952196674338,0.0001930167721002,0.7595103483098943,0.8459311768646363,4382.68222838848,4881.365400134991,5770.404890652346,3.971691299287567,0.7744091801473916
CHEMBL1852508,Cc1cc(-c2ccc(Cl)c(C(=O)NCC3(O)CCCCCC3)c2)nn1C[C@H](O)CN,3.0,train,0.6894481308761101,0.9930177385835391,0.0007107135363212,0.1179651256025868,0.9593498987016352,1349.8404767515055,10977.560681769211,11442.707917753492,5.227233923882757,0.1487194018041516
CHEMBL560241,Cc1cc(-c2ccc(Cl)c(C(=O)NCC3(O)CCCCCC3)c2)n[nH]1,12.0,train,0.4229064123304417,0.96729622469556,0.0004963828231597,0.253649391266206,0.8311301704796933,1674.373349966202,5486.400739450432,6601.132932382798,4.360599708580399,0.1487852194714718
CHEMBL1770476,CCOc1ccc2oc(C(=O)NC(CCSC)c3nc4cnccc4[nH]3)c(C)c2c1,17.0,train,0.4931015089716031,0.9771027958190872,0.0004214925349445,0.2127677757615641,0.8864858921236024,2103.2066255697114,8762.90121995648,9884.98666229724,4.943714241000954,0.2095888617372199
CHEMBL1299863,CCc1c(C)nc(SCC(=O)Nc2nc(-c3ccc(OC)cc3)cs2)nc1O,66.07,train,0.6930522455659751,0.993307677827013,0.0007409493241894,0.115498299424307,0.9092038952298824,1227.0797280562197,9659.585241231218,10624.223336382533,5.081501688975153,0.0535462327261071
CHEMBL1384203,CC(NCC(O)c1ccc([N+](=O)[O-])cc1)C12CC3CC(CC(C3)C1)C2,30.5,train,0.4000559145979477,0.963412128628556,0.0006003357781976,0.2680243839865974,0.8600138214388556,1432.5546680239454,4596.659438750735,5344.866936045566,4.063281536469013,0.3168463843588949
CHEMBL184012,Cc1ccc(NC(=O)c2ccnc(N3CCOCC3)c2)cc1NC(=O)c1ccc(OCc2ccccn2)cc1,7.0,train,0.7104818468221566,0.9940830263127564,0.0003619313214378,0.1086229110126946,0.9540761660642276,2636.0696340784343,23153.597951963915,24268.08128692446,6.9139103497682575,0.1164089557527914
CHEMBL105462,C[C@H](NC(=O)[C@@H](Cc1c[nH]c2ccccc12)NC(=O)[C@@H](N)Cc1c[nH]cn1)C(=O)N[C@@H](Cc1c[nH]c2ccccc12)C(=O)N[C@H](Cc1ccccc1)C(=O)N[C@@H](CCCCN)C(N)=O,61.66,train,0.3896363848431016,0.9602782784208928,8.816472886305759e-05,0.2790441326976904,0.937217057384209,10630.294784209536,35703.648381588166,38095.38900330916,6.953710370695547,0.3289598978764911
CHEMBL188705,COc1ccc(OC)c(CNc2[nH]nc3cccc(Oc4ccc(S(C)(=O)=O)cc4)c23)c1,103.0,train,0.2554534464585165,0.922984310504754,0.0002010890220384,0.3848375794566636,0.7279662944351082,3620.1195224670487,6847.888914339494,9406.876343984251,4.68100483805228,0.2115241127108502
CHEMBL189181,CC(=O)Nc1ccc(CNc2[nH]nc3cccc(Oc4ccc(F)cc4)c23)cc1,28.0,train,0.5969729564145146,0.9872227102000196,0.0006183470208665,0.1593465420563878,0.9087901402016476,1469.708932903209,8382.089563738844,9223.350026529752,4.942583898852461,0.1490184720524666
CHEMBL185658,CC(=O)Nc1ccc(CNc2[nH]nc3cccc(Oc4ccc(S(C)(=O)=O)cc4)c23)cc1,75.0,train,0.2111035241957628,0.8784711778981646,0.0001224736336911,0.4777953428008809,0.5920147289575922,4833.813704348954,5989.361246671333,10116.912559282571,4.820778868036042,0.1609017414398604
CHEMBL359806,COc1ccc(OC)c(CNc2[nH]nc3cccc(Oc4ccccc4)c23)c1,11.0,train,0.3998153929544125,0.9633649018490428,0.0004968306770444,0.2681940824950918,0.8609159149666091,1732.8155340327105,5562.4212774248135,6461.050586619198,4.2802811103652605,0.2411354187579499
CHEMBL1486510,CCOC(=O)c1c(C)n(Cc2ccco2)c2ccc(O)cc12,150.0,train,0.2851367141169293,0.934750870450805,0.0005829002534063,0.3553038280000123,0.7567426531357869,1298.2369602922174,2765.0455872106104,3653.8783373090255,3.590389443384153,0.2347767139702738
CHEMBL513370,COc1ccc(N(C(=O)c2ccoc2Cl)C(C(=O)NC[C@@H](C)O)c2ccccc2F)c(OC)c1,48.0,train,0.1473041123980625,0.8639162657738638,0.0002785319411323,0.5036354690957964,0.9384886154767152,3369.411104742103,6278.656204136038,6690.178336310162,4.0792898212979125,0.446255123702033
CHEMBL1231533,O=C1NC(=O)/C(=C/c2ccc3c(c2)OC(F)(F)O3)S1,19.5,train,0.6613288412050997,0.9914489886048324,0.0018952669384581,0.1304948389571598,0.9565463791290458,504.70272008608106,3699.545233305436,3867.606750729582,3.761632404919095,0.1937363630138252
CHEMBL1924046,CC(C)=CCC[N+]12CCC(CC1)[C@@H](OC(=O)[C@](C)(c1ccccc1)N1CCCCC1)C2,56.0,train,0.4031190088956545,0.9639603192083712,0.0003630928271609,0.2660460542682313,0.8318442507455589,2290.9960993988857,7163.240736673579,8611.276366042519,4.606705688934098,0.2035442958701132
CHEMBL243001,Cc1nc2ccc(Oc3ccc(F)cc3)cc2c(=O)n1C[C@H]1CCCN(C(C)C)C1,7.41,train,0.4645133894176391,0.9733882474565284,0.0003845336054978,0.229162212664977,0.8233733089127946,2141.225882837437,7693.36366488586,9343.71272618054,4.839054099521195,0.1255219852977791
CHEMBL205133,Nc1c(C(=O)c2cccc(OC[C@H](O)CO)c2)cnn1-c1ccc(F)cc1,3.0,train,0.6320857722270397,0.9896067017158604,0.0007593276613408,0.1438004725967779,0.9499832535971442,1251.084745048775,8264.990616267416,8700.143486710682,4.952356273732533,0.1956471210898056
CHEMBL203567,Nc1c(C(=O)c2cccc(OC[C@@H](O)CO)c2)cnn1-c1ccc(F)cc1,3.0,train,0.4329612677828857,0.968913795877021,0.0004549497481995,0.2473985775205315,0.8382894726005669,1842.5979482748185,6243.48966657254,7447.892250398658,4.573241456569661,0.1901320462603167
CHEMBL193240,O=C(Nc1c(Cl)cncc1Cl)c1ccc(OC(F)F)c(OCC2CC2)c1,5.0,train,0.4814371892913525,0.9757248693251988,0.0005194287359964,0.2189999529231086,0.8606919927647767,1656.997260872849,6512.167036707805,7566.199164684865,4.417297680919072,0.1194740070240096
CHEMBL1789327,Cc1ccc(C#N)c(S[C@H](CCN)c2ccccc2)n1,3.0,train,0.0853748865267672,0.805007780464338,0.0005766542627467,0.5932642525821695,0.826375161570702,1433.0513358809278,1996.1391977914436,2415.5362970945976,3.211198765835463,0.4029051959186142
CHEMBL1916086,Cc1ccc(S(=O)(=O)Nc2c(C(=O)NCc3ccccc3)cnn2-c2ccccc2)cc1,150.0,train,0.3101994264035282,0.942711232852118,0.0002909945000024,0.3336098491568253,0.774622748350418,2661.984155521395,6180.973037297579,7979.333230866436,4.340115345328873,0.1601616193352497
CHEMBL1263,OCc1cc(C(O)CNCCCCCCOCCCCc2ccccc2)ccc1O,58.0,train,0.6998676522121906,0.9936156004009996,0.0004686304075102,0.1128186094567774,0.9370214731249572,1999.4892736540487,16606.87357979412,17723.04483525907,6.611347374416066,0.1101368935113388
CHEMBL143305,Cc1cc(CCCOc2c(Cl)cc(C3=NCCO3)cc2Cl)on1,66.07,train,0.3794055665998468,0.959000386579122,0.0005720620629346,0.2834047609711145,0.9031514219136284,1578.7647537411474,5031.191527349694,5570.706534115212,4.140675021751456,0.1660842777060816
CHEMBL1743245,Cc1ccccc1/N=N/c1ccc(NC(=O)c2ccnn2C)c(C)c1,4.0,train,0.7975128835449925,0.9973488358722734,0.0015883738491368,0.0727688091438978,0.940909566529835,592.3728642605878,7659.453294519189,8140.477647355621,4.958216179865613,0.0379202382885012
CHEMBL549620,O=C(CC12CC3CC(CC(C3)C1)C2)Nc1c(Cl)ccc2nc(CN3CCN(CCO)CC3)ccc12,79.5,train,0.5083028893697488,0.9788978541927742,0.0002914080338054,0.2043501677434649,0.8835127861892678,3031.8751842618667,13108.384108536977,14836.665992209955,5.581998313415752,0.1597431055074706
CHEMBL1868126,COc1cccc2sc(NC(=O)c3ccccc3)nc12,74.0,train,0.6100675922158123,0.988208930115028,0.0013766124504611,0.1531114314507955,0.8637053530385259,627.4135852462788,3539.255475646518,4097.757948582088,3.812171206774561,0.0493815797472121
CHEMBL1427959,O=C(Nc1nc2ccccc2s1)c1ccccc1,150.0,train,0.7284979646814671,0.9949357711384168,0.0026574576194803,0.1005127420241018,0.9157738460683372,344.6052495269514,3139.70615445913,3428.473272018776,3.6866030876185314,0.035272015434256
CHEMBL1367530,Cc1ccc(-c2nnc(SCC(=O)N3CCN(c4ccccc4)CC3)o2)cc1,150.0,train,0.7580433027036875,0.9960730208082912,0.0008903393366481,0.0885355138791544,0.9455089919096732,1061.964750955814,11341.18024649826,11994.788355837984,5.56080951621752,0.065275809993015
CHEMBL75435,C[C@H](C(=O)O)c1cccc(C(=O)c2ccccc2)c1,3.0,train,0.5508239513085773,0.9830070884321856,0.0016568784009583,0.1835676008779254,0.9383169441785634,566.3161180903887,2894.7592430486493,3085.054853808301,3.5877068597541664,0.2645066311181661
CHEMBL372052,C[C@@H](C(=O)O)c1cccc(C(=O)c2ccccc2)c1,3.0,train,0.4925432079295835,0.9757525006801466,0.0015454573754305,0.2188768087679468,0.9821732085371142,635.5226770738312,2851.8021180648275,2903.5633361577934,3.5449102056328123,0.2865985180098536
CHEMBL335744,CC(C)C(=O)Nc1nc(-c2ccccn2)cc2ccccc12,104.71,train,0.2721965789573625,0.9194996509351312,0.0004216979228932,0.3930908189339609,0.6353646256450287,1506.681895148626,2435.2956929224893,3832.9104180928425,3.652763720129537,0.0834814939693689
CHEMBL153064,CC(=O)c1cc2ccc(O)cc2oc1=O,28.18,train,0.555673697357505,0.9836013160391112,0.0025863005421881,0.1803564556264308,0.8291552713264703,320.5950962779243,1473.8763473532265,1777.5637426695016,2.957571162545697,0.0308585181893652
CHEMBL379350,CCN(CC)c1ccc2cc(C(C)=O)c(=O)oc2c1,120.23,train,0.598454001146318,0.9873716518803558,0.0016587756728106,0.1584210246875633,0.8797236801655937,530.3451784260754,2945.046044508334,3347.6944078099355,3.627187177686696,0.1109811930871377
CHEMBL1082152,Cn1cc(C2=C(c3cccc(NCC(O)CO)c3)C(=O)NC2=O)c2cc(F)ccc21,29.0,train,0.3341043189742205,0.9496519759380478,0.0003843493333334,0.313306757981633,0.8413603352408485,2189.0511112475488,5878.522342395693,6986.925929557759,4.287806965428442,0.2514023259335946
CHEMBL574059,Cn1c(=O)c(-c2c(Cl)cccc2Cl)cc2cnc(Nc3ccc(F)cc3)nc21,131.83,train,0.6304757330778435,0.989106400242495,0.0007911408991982,0.1472023403323925,0.9967358888182444,1259.871522036578,8530.836931521177,8558.773720524456,4.700450390469118,0.0966262477236124
CHEMBL551360,O=C(CC12CC3CC(CC(C3)C1)C2)Nc1cccc2c(=O)n(C(CO)CO)ccc12,42.0,train,0.6581212128297353,0.99133786495739,0.0006924148339551,0.1313363525522294,0.9376933267935617,1354.2363346512325,9668.750115462812,10311.207128374328,5.097522266688738,0.1371288383928006
CHEMBL475534,CCOC(=O)C1=C(C)NC(C)=C(C(=O)OC)C1c1cccc([N+](=O)[O-])c1,85.0,train,0.0769220139245056,0.7691272274168449,0.0003109774922809,0.6390956955308625,0.7219959112988416,2321.698287561662,2622.857081671729,3632.786613643441,3.4497645937855075,0.3540957986817657
CHEMBL193,COC(=O)C1=C(C)NC(C)=C(C(=O)OC)C1c1ccccc1[N+](=O)[O-],150.0,train,0.075998906400311,0.7640865100181464,0.0003608242710543,0.6451137924492771,0.7156429674317465,1983.355957016164,2200.1928329009943,3074.428078007816,3.2369954779495425,0.4306459151783041
CHEMBL24646,COc1ccc(-c2nc3cc(C4=NNC(=O)CC4C)ccc3[nH]2)cc1,14.0,train,0.7923976407859565,0.9972014625522952,0.0015210413167668,0.0747612405164845,0.93633341709406,615.5871025807278,7709.807532572338,8234.04077203606,4.976090469378962,0.0405532127246703
CHEMBL2158827,O=C(O)Cc1ccc(N2CCC(CN3CCC(Oc4ccc(Cl)c(Cl)c4)CC3)CC2)cc1,3.0,train,0.6561223648572103,0.9912782085300004,0.0003778850390422,0.1317858615085574,0.9132632667218964,2416.7754008906245,16748.01964554576,18338.65464189945,6.267074373965657,0.1297512906904809
CHEMBL2158828,O=C(O)COc1ccccc1N1CCC(CN2CCC(Oc3ccc(Cl)c(Cl)c3)CC2)CC1,8.5,train,0.7875378622016792,0.9970291062529464,0.0005908856761839,0.077025718331289,0.9684828486474882,1639.0359213004613,20608.417714058665,21279.07349401062,6.641234196114185,0.1213567941741251
CHEMBL2158826,O=C(O)Cc1cccc(N2CCC(CN3CCC(Oc4ccc(Cl)c(Cl)c4)CC3)CC2)c1,3.0,train,0.7938501825530377,0.9972135884496642,0.0006199456721472,0.07459932312926,0.9726053385858456,1568.8557599203605,20454.30740605744,21030.428884749606,6.714813203060149,0.1633826141151804
CHEMBL2158825,O=C(O)Cc1ccccc1N1CCC(CN2CCC(Oc3ccc(Cl)c(Cl)c3)CC2)CC1,3.0,train,0.7961343637587206,0.9972641626863312,0.0007262841494107,0.0739201584246886,0.9819759787122458,1352.0548114797912,17961.072798946203,18290.74558677106,6.275459480598679,0.1335832775520771
CHEMBL2158829,O=C(O)COc1cccc(N2CCC(CN3CCC(Oc4ccc(Cl)c(Cl)c4)CC3)CC2)c1,12.0,train,0.7581017400729068,0.9960558815759012,0.0005173522385633,0.0887281284489538,0.9586395718369896,1852.9726951585149,20019.95288488852,20883.71216152214,6.58223767389159,0.1501916337197932
CHEMBL2158822,O=C(O)c1ccccc1N1CCC(CN2CCC(Oc3ccc(Cl)c(Cl)c3)CC2)CC1,8.0,train,0.818528859804473,0.997868900319276,0.0008860575354983,0.0652507300771301,0.9881866962950662,1115.2624482103006,16890.041121320075,17091.953559630616,6.153769616454598,0.1351843319146704
CHEMBL2158823,O=C(O)c1cccc(N2CCC(CN3CCC(Oc4ccc(Cl)c(Cl)c4)CC3)CC2)c1,6.0,train,0.8270374059454518,0.9981038803659384,0.0008398854646042,0.0615519617758599,0.9674290683099764,1151.8583295947203,18104.07334672376,18713.59248936997,6.400622616691357,0.100982822467184
CHEMBL2158824,O=C(O)c1ccc(N2CCC(CN3CCC(Oc4ccc(Cl)c(Cl)c4)CC3)CC2)cc1,3.0,train,0.8036810537710409,0.9974806840016026,0.0006842607164246,0.0709386005197104,0.9824949177760084,1435.8487842318764,19886.41054189826,20240.726116846963,6.696656335489695,0.1546942152347892
CHEMBL2059909,CC(C)(C)NS(=O)(=O)c1cncc(-c2ccc3nc(N)nn3c2)c1,3.0,train,0.579311072758803,0.9855486181428328,0.000984286174197,0.1693928017264982,0.947050151961067,962.1695161304904,5379.347747816039,5680.108636989251,4.165504762874424,0.1595794798997607
CHEMBL2059910,CNC(=O)Nc1nc2ccc(-c3cncc(S(=O)(=O)NC(C)(C)C)c3)cn2n1,3.0,train,0.6738328761729715,0.9921516396320136,0.0007881642552218,0.1250404893444796,0.9621061942284987,1220.6924988721844,9392.444164047434,9762.377812751864,5.024984727004345,0.1399362484196981
CHEMBL2062774,CCOc1noc2cc(OCCC3CCN(c4ccc(C)nn4)CC3)ccc12,30.2,train,0.6589738564025721,0.991447000332069,0.0006848322975768,0.1305099441902505,0.9139290791750508,1334.5297562759158,9345.38405370083,10225.502466927028,5.227802001378236,0.1005965489317654
CHEMBL1091137,CC/C(=C(/c1ccc(O)cc1)c1ccc(/C=C/C(=O)O)cc1)c1ccccc1,33.88,train,0.4646169782720081,0.97352489214265,0.0005020387734506,0.2285810236625995,0.8592969328870697,1711.6146766532347,6434.415326197825,7487.999875176381,4.593638803527986,0.2434550392854982
CHEMBL33899,CC/C(=C(\c1ccccc1)c1ccc(/C=C/C(=O)O)cc1)c1ccccc1,31.62,train,0.3194685041195881,0.9448650953972574,0.0003799306944325,0.3274598471567645,0.7634899935883707,2009.5507016845584,4685.373995212759,6136.785071919147,4.254518226070632,0.2439047653351192
CHEMBL284275,COc1ccc(Cc2c(N)n[nH]c2N)cc1,5.37,train,0.4977867473626555,0.9773370629643732,0.0021360640564793,0.211689077082813,0.9270146143398466,433.9825912654189,1900.4674686863325,2050.0943990399865,3.169276758544868,0.2555026342668214
CHEMBL1945299,COc1ccccc1CNCCc1cccc(CCNC[C@H](O)c2ccc(O)c3[nH]c(=O)sc23)c1,56.0,train,0.5096238622361199,0.9785630556337596,0.0002939085265617,0.2059474354021427,0.941859865580299,3204.602046080354,14655.613683491349,15560.29109963373,5.818234015962345,0.226747375073756
CHEMBL841,CN(C)C(=O)C(CCN1CCC(O)(c2ccc(Cl)cc2)CC1)(c1ccccc1)c1ccccc1,45.71,train,0.4838125498634812,0.9749622686970776,0.0003877483578044,0.2223703546272475,0.9649732809767037,2488.658588886636,10799.501794087308,11191.503440547624,5.065317669325297,0.4013066160960553
CHEMBL551170,O=C(NCC12CC3CC(CC(C3)C1)C2)c1cc(-n2ncc(=O)[nH]c2=O)ccc1Cl,83.83,train,0.2885975046512223,0.931607455466918,0.0002534606895367,0.3634660216835326,0.6889885185751925,2718.324959323388,5152.874202807622,7478.897055445293,4.301030273592623,0.164743351552033
CHEMBL1643199,Cc1cc(CN2CCc3ccccc3C2C(=O)Nc2ccc(Cl)cc2Cl)ccc1OCC(=O)O,15.0,train,0.265339593857449,0.9270661244403136,0.0001490575405721,0.3748978539752087,0.7351332815863325,4931.875829728303,9670.863742325491,13155.252230530074,5.271781038042391,0.194995142568627
CHEMBL564885,O=C(NCC12CC3CC(CC(C3)C1)C2)c1ccnc(NCC2CCNCC2)c1Cl,68.0,train,0.589876373842403,0.986422353004108,0.0006192829488408,0.1642283212294375,0.9496016599294352,1533.3889972375594,8866.368030761521,9336.934006012983,4.8646960251187785,0.1661888329892181
CHEMBL2139925,CCc1nc2ccc(C(=O)NCc3ccc4c(c3)OCO4)cn2c1N(C)Cc1cccs1,150.0,train,0.4109834850235579,0.96534976237336,0.0002985142124397,0.2609594533365237,0.8532128032397249,2858.19826220808,9344.943516449932,10952.652703951877,5.080545943645796,0.1873851403215691
CHEMBL1921936,C[C@@](C(=O)O[C@H]1C[N+]2(CCCOc3ccc(F)cc3)CCC1CC2)(c1ccccc1)N1CCCCC1,66.0,train,0.5829054505546029,0.9861154248370856,0.0003500578568911,0.1660613407701317,0.8996540856978185,2570.015407417211,13923.318039385013,15476.30168164619,5.678875450713865,0.1616319162475917
CHEMBL2058529,O=C(O)CCc1ccc(OCc2cc(Cl)ccc2-c2ccccc2)cc1,3.0,train,0.3509555305077997,0.9534409450298904,0.0003660339152116,0.3015797810538857,0.8096858043726577,2212.0513174427783,5938.947710679678,7334.879379886323,4.5942245108616016,0.2302187204306849
CHEMBL375166,Cc1n[nH]c(C)c1Cc1sc2c(c1C(=O)N1C[C@H](O)CO1)c(=O)n(C)c(=O)n2CC(C)C,4.0,train,0.2767210963241214,0.93298777770083,0.0003240978164675,0.3599080530647605,0.7855810350854361,2423.901042122878,5290.71431828431,6734.778567699152,3.956427965844302,0.2219732901068419
CHEMBL20210,CCOC(=O)/C=C/[C@H](C[C@@H]1CCNC1=O)NC(=O)[C@@H](CC(=O)[C@@H](NC(=O)c1cc(C)on1)C(C)C)Cc1ccc(F)cc1,104.71,train,0.1681035344382157,0.8829625137239168,0.000142321452121,0.4694434996443576,0.8772880667378993,6164.130942058956,11519.42357573374,13130.719557792994,5.073019122830797,0.4348192351787225
CHEMBL171951,CCCS(=O)(=O)N1N=Cc2cc(Cl)ccc2B1O,9.77,train,0.6836187868788423,0.9927877493650552,0.0020396871176119,0.1198852981423011,0.9357201672892208,458.7567177385304,3580.6551705599472,3826.6303278822097,3.704790804267628,0.1092207347426054
CHEMBL1532611,Nc1ccc(OCCc2ccccc2)cc1,57.54,train,0.6474596666688818,0.9906759872849806,0.002787007164674,0.1362390847625186,0.9386517105096278,336.7955857477744,2320.433620097347,2472.092251168967,3.467687035795088,0.1303857512082954
CHEMBL111402,Oc1nc2c(O)ccc(CCNCCCSCCOCCc3cccc4ccccc34)c2s1,36.0,train,0.7403328494458997,0.9953554300101166,0.0004624211097592,0.0962682084043107,0.9658533573936916,2088.687858338852,20955.684269633544,21696.548559070543,6.80787945931082,0.1070986876146657
CHEMBL187857,CSc1nccc(Nc2cc(NC(=O)c3cc(F)cc(N4CCOCC4)c3)ccc2C)n1,83.0,train,0.2739082891300057,0.9316898909135944,0.0002578274580852,0.3632546588406191,0.891516668015904,3457.8034265119304,8486.303793863926,9518.951353708777,4.864313683202295,0.3445564945432189
CHEMBL1213118,CN1CCN(c2nc3ccccc3cc2Cn2nc(-c3ccc4nc(N)sc4c3)c3c(N)ncnc32)CC1,72.0,train,0.2351263721024257,0.917655265946882,0.0001883446872433,0.3973774186839979,0.8759185639015075,4650.614661457591,10251.110214097496,11703.268587478164,5.045037827309344,0.3843899502938264
CHEMBL551765,O=C(NCC1CCCCCC1)c1cc(-c2cccnc2N2CCC(C(=O)O)CC2)ccc1Cl,24.0,train,0.5628073732993837,0.9842823589081344,0.0004194971275399,0.1766019194183299,0.9196733445538569,2192.323341871548,11416.757795177318,12413.92703483834,5.261490809532092,0.1392473377901151
CHEMBL108246,Cc1ccccc1CCOCCCS(=O)(=O)CCNCCc1ccc(O)c2nc(O)sc12,150.0,train,0.6236405697142886,0.9890528625251525,0.0004116576649076,0.1475616316350622,0.9439838193584964,2293.1282466712546,14669.639638609371,15540.138864433531,5.826978597043079,0.162503319775857
CHEMBL82663,O=S(=O)(CCCOCCc1ccccc1)CCNCCc1ccc(O)c2nc(O)sc12,111.0,train,0.5673388220539977,0.9847098544190392,0.0003468353970334,0.1742024759009894,0.9165762347095484,2642.6836549820905,13904.630353179697,15170.184242869773,5.842391493513172,0.177934120887333
CHEMBL421604,CS(=O)(=O)Nc1ccc(CCOCCCS(=O)(=O)CCNCCc2ccc(O)c3nc(O)sc23)cc1,28.0,train,0.7090198274571611,0.9940763916212044,0.0002913744821205,0.1086836124784477,0.915750994219305,3142.8661410384866,26481.29490473935,28917.571558101507,7.244547029165899,0.0729236401444365
CHEMBL576981,C[C@@H](O)[C@H]1C(=O)N2C(C(=O)O)=C(SC3CN(C4=NCCS4)C3)[C@H](C)[C@H]12,23.44,train,0.5302802121454193,0.980854253635548,0.0007304741213285,0.1947432492412819,0.9434023117218844,1291.4931332626086,6256.430516794554,6631.773570042888,4.299704682667564,0.228765917062068
CHEMBL2107486,C[C@@H](O)[C@H]1C(=O)N2C(C(=O)OCOC(=O)C(C)(C)C)=C(SC3CN(C4=NCCS4)C3)[C@H](C)[C@H]12,150.0,train,0.1902493102035006,0.8919032236296632,0.0001960138239366,0.4522263146688998,0.7230250453605742,3688.6431315901,5897.448425772278,8156.630899046114,4.222191502445616,0.249431241354109
CHEMBL1645494,CNC(=O)Cc1ccc2c(=O)cc(-c3cccnc3)[nH]c2c1,3.0,train,0.441847491750345,0.9702858899441984,0.0007893689710634,0.2419613435555254,0.8506352752610409,1077.614279815302,3788.442839942997,4453.662985914156,3.9857601158188616,0.2021893725398519
CHEMBL491758,Fc1cnc(Nc2ccccc2)nc1Nc1ccccc1,7.0,train,0.5241666654672867,0.9805592272113964,0.001012470013168,0.1962233470578603,0.8349676580205299,824.6838396802359,3509.186570047355,4202.781432716371,3.9022275428841695,0.0664457144699924
CHEMBL103355,Cc1ccc(F)c(Nc2ccnc(Nc3ccc(S(N)(=O)=O)cc3)n2)c1,18.0,train,0.8419578157309664,0.9984361879157426,0.00162188977,0.0559032974007786,0.970407249614528,598.3188670179951,10386.023600234455,10702.747330422426,5.3887858402928295,0.0573824361793821
CHEMBL100391,CN(C)CC(O)COc1ccc(Nc2ncc(Cl)c(Nc3ccccc3)n2)cc1,5.0,train,0.499644356067737,0.977935298831891,0.0003710926963997,0.2089079972106862,0.861509571882185,2321.548174459504,9573.76453073462,11112.777899632983,5.27196910781079,0.1192848658363151
CHEMBL2018964,COc1cccc2c1c(NS(=O)(=O)c1ccc(Cl)s1)nn2Cc1cccc(CNC(C)=O)c1,44.0,train,0.2926658404243473,0.9380417116913184,0.0002014942467093,0.3465223616553791,0.7889733220769898,3915.612157477158,8915.192419593874,11299.738749244943,4.887804577094588,0.1715417628430385
CHEMBL2018969,COc1cccc2c1c(NS(=O)(=O)c1ccc(Cl)s1)nn2Cc1cccc(CNC(=O)C(C)(C)O)c1,50.0,train,0.6269050212234781,0.9890750853928733,0.000396539440383,0.1474126027688298,0.973374518721974,2454.6726494131194,16208.355078631748,16651.71500473741,5.670842505220882,0.1480304947151771
CHEMBL1951904,CCN(C(=O)Cc1ccc(S(C)(=O)=O)cc1)C1CCN(CCC(c2ccccc2)C2CCN(Cc3ccccc3)CC2)CC1,150.0,train,0.4786073458759866,0.974813206434336,0.000173489777995,0.2230228969438084,0.9335395715108876,5380.94856249836,22523.82371583351,24127.336861981992,6.499369927011211,0.2558558298026625
CHEMBL451,CNC1=Nc2ccc(Cl)cc2C(c2ccccc2)=[N+]([O-])C1,5.75,train,0.1618342081678024,0.8422138407733057,0.0003537741832542,0.5391436231746387,0.6057433952782147,1712.2317680340389,1923.741726861155,3175.836074906917,3.3707666383621597,0.3321068872424102
CHEMBL1807827,O=c1[nH]c2c(O)ccc([C@@H](O)CNCCSCCCNCCc3cccc(Cl)c3)c2s1,8.0,train,0.6743956306468112,0.9920023578946588,0.0004216500167266,0.1262193405601426,0.9913857015143612,2351.205175350787,18467.46450920218,18627.931067588288,6.396380509269632,0.1761916957494217
CHEMBL1807825,CCOc1ccc(CCNCCCSCCNC[C@H](O)c2ccc(O)c3[nH]c(=O)sc23)cc1,75.0,train,0.6328764288522176,0.9898255956023496,0.000299284769377,0.1422859455127372,0.9015032810126472,3012.192310651452,19084.81713571818,21169.991876546974,6.633192038432589,0.0974247356406144
CHEMBL1807824,CCc1ccc(CCNCCCSCCNC[C@H](O)c2ccc(O)c3[nH]c(=O)sc23)cc1,68.0,train,0.787907567381169,0.9970395596732128,0.0005509991058721,0.0768902883766611,0.96906436813201,1758.7403641937367,22165.77224143939,22873.37453565301,7.013594921940391,0.0794423199457539
CHEMBL1807823,O=c1[nH]c2c(O)ccc([C@@H](O)CNCCSCCCNCCc3ccccc3)c2s1,5.0,train,0.7403277919616668,0.9953097781968726,0.0005796115205925,0.0967390584288074,0.9801549428170756,1691.054970431033,17133.67811061703,17480.581245015113,6.368137772315298,0.1315755361548694
CHEMBL1807829,O=c1[nH]c2c(O)ccc([C@@H](O)CNCCSCCCNCCc3cccc(Cl)c3Cl)c2s1,10.5,train,0.795585010350461,0.9972842449251388,0.000551813313975,0.0736487258823666,0.9573931679428648,1734.994686964218,22553.98229658192,23557.70132039201,6.805640574435639,0.0666538097309889
CHEMBL1807826,O=c1[nH]c2c(O)ccc([C@@H](O)CNCCSCCCNCCc3cccc(C(F)(F)F)c3)c2s1,13.0,train,0.8485452412404202,0.998560932480738,0.0007089088419952,0.0536289485557824,0.9848558025467922,1389.2559158590984,25512.65290113106,25904.96277237389,7.155897007359656,0.1023743690195322
CHEMBL128,CNS(=O)(=O)Cc1ccc2[nH]cc(CCN(C)C)c2c1,3.0,train,0.3842258922729191,0.9603189184262192,0.0007534443642495,0.2789042396821827,0.8088003932533288,1073.4706258755537,3112.9805174112944,3848.886008684544,3.6878727553319104,0.2112668442790988
CHEMBL1917440,Cc1c(Sc2ccc(Cl)cc2)c2c(-c3cnccn3)cccc2n1CC(=O)O,8.0,train,0.2437118931687577,0.921495708894933,0.0003451139051908,0.3883885406242371,0.7992736792417532,2315.970661337683,4766.089103782919,5963.025215974038,3.989059909926133,0.3066075253444864
CHEMBL1766793,CC(C)S(=O)(=O)c1ccc(-c2cnc(N)c(C(=O)Nc3ccccc3)n2)cc1,10.0,val,0.4502273144687269,0.9711400389104506,0.0003792658574672,0.2385100099052626,0.7983464796465108,2104.978510266681,7045.835032544191,8825.535293477991,4.761343179738332,0.0735361349240146
CHEMBL1766779,CS(=O)(=O)c1ccc(-c2cnc(N)c(C(=O)Nc3ccccc3)n2)cc1,4.17,val,0.4451673895857244,0.9701046877678796,0.0004178658354574,0.2426868244688717,0.7799266159069866,1866.4522191751855,5998.248014655212,7690.785123007723,4.594691585157601,0.0598393965182031
CHEMBL1077827,CCOc1ccc(-n2c([C@@H](C)N(CC3CCN(C)CC3)C(=O)Cc3ccc(F)c(C(F)(F)F)c3)nc3ncccc3c2=O)cc1,21.38,val,0.0775390573723271,0.7922701386548711,0.0001043285755236,0.6101704904334455,0.8898005848576149,8528.829042202437,12437.437058798743,13977.78026948473,5.284452201702626,0.6681736306839794
CHEMBL464081,CC1(C)[C@@H]2CC[C@@]1(CS(=O)(=O)N1CCN(c3ccc(C(F)(F)F)cn3)CC1)C(=O)C2,51.0,val,0.7502498820643617,0.9957288969319832,0.000922355779584,0.0923253151341304,0.9725605859932046,1054.4310639348057,11107.442113141196,11420.822798199231,5.144633745855635,0.1671760992287113
CHEMBL465305,CC(=O)c1ccc(N2CCN(S(=O)(=O)C[C@]34CC[C@H](CC3=O)C4(C)C)CC2)nc1,150.0,val,0.6967863749840396,0.9931959110521869,0.0009339331099133,0.1164554948004459,0.9975198586517896,1068.0849067919748,9148.86761742702,9171.61451782252,4.806927240462466,0.1671174191818877
CHEMBL480208,CC1(C)[C@@H]2CC[C@@]1(CS(=O)(=O)N1CCN(c3ccc(C#N)cn3)CC1)C(=O)C2,103.0,val,0.635768061638141,0.98974149377918,0.0008702903561631,0.1428697850903313,0.967517092075446,1111.717583934774,7528.574102198351,7781.3344734289,4.516472297134635,0.2335638175287036
CHEMBL259850,COc1ccc(CNC(=O)Nc2ncc([N+](=O)[O-])s2)cc1,56.0,val,0.6413964717706596,0.9902677942972148,0.0012106185066704,0.1391750537191533,0.9428034585972804,778.7783297566351,5275.621479240164,5595.674720041149,4.346595335882337,0.1664412998490489
CHEMBL380947,CC(C)(CO)Nc1nc(SCc2cccc(F)c2F)nc2nc(N)sc12,31.0,val,0.4309927318729121,0.9686112646294454,0.0004442226217495,0.2485804055691968,0.8394051916532688,1889.6047849775864,6380.808909902243,7601.583804044363,4.46833103311211,0.1466756898338741
CHEMBL373067,Nc1nc2nc(SCc3ccccc3)nc(O)c2s1,3.0,val,0.2655134029008767,0.9283663808948612,0.000891778475597,0.3716663326482203,0.9043831306649348,1014.1342894146704,2467.713276692162,2728.614890105049,3.270158906166195,0.4203292016968132
CHEMBL274737,CC[C@H](CO)Nc1nc(SCc2ccccc2)nc2nc(N)sc12,8.71,val,0.3691080226513586,0.9562369754016692,0.000400690471673,0.2925933131065503,0.7565747161979872,1888.1774578740096,4882.364908326693,6453.248838213927,4.276724216503982,0.0907400591695928
CHEMBL232846,C[C@H](CO)Nc1nc(SCc2ccccc2F)nc2nc(N)sc12,8.13,val,0.1313283789785127,0.8556417182791696,0.0004069584325975,0.5175685944300236,0.7987115012974653,1962.6365675714696,3028.7394101116643,3792.03179770372,3.4665478094062725,0.3876857065635934
CHEMBL370387,Nc1nc2nc(SCc3cccc(F)c3F)nc(O)c2s1,3.0,val,0.3473510776807815,0.9523237706307164,0.0008119540775678,0.3050892261154022,0.888480448138041,1094.2496289931505,3186.6723486819237,3586.6544450810675,3.4718558296511293,0.3696001278737124
CHEMBL380732,CC[C@H](CO)Nc1nc(SCc2cccc(F)c2F)nc2nc(N)sc12,62.0,val,0.1379607506106477,0.8614180891554623,0.0003403236575265,0.5078965206375726,0.8005570126330185,2352.340176558268,3707.80729523037,4631.534340115833,3.6673516889645543,0.4428630527587213
CHEMBL395340,CC[C@H](CO)Nc1nc(SCc2cccc(F)c2F)nc2nc(NC(C)C)sc12,42.0,val,0.2793973934888472,0.9297953780451328,0.0001963881913277,0.3680768329654942,0.7039811132165392,3584.640748799384,6855.958209838566,9738.838274386668,4.791063500923425,0.1293520071318448
CHEMBL1921946,C[C@@](C(=O)O[C@H]1C[N+]2(CC(=O)Nc3ccccn3)CCC1CC2)(c1ccccc1)N1CCCCC1,66.0,val,0.2597125908044669,0.9275993574025488,0.0002507115004695,0.3735765412152886,0.8520442641858905,3398.5049053997336,7751.22710337613,9097.211763736545,4.603831251640038,0.3449391315405957
CHEMBL414017,Nc1nc(N)c2cc(NCc3ccc(Cl)c(Cl)c3)ccc2n1,35.0,val,0.7456208526481648,0.9955200328285366,0.0014023986085133,0.094550855295282,0.981229242776818,699.6792757923549,7261.126975829932,7400.031164258205,4.79383109592164,0.1319503601678968
CHEMBL1412343,Cc1ccccc1NC(=O)CCS(=O)(=O)c1ccc(Br)s1,46.77,val,0.7692406346698165,0.996437359859946,0.0014035204408326,0.0843361599513554,0.96574205416214,688.0854927835875,7879.337850137797,8158.843053566477,4.640837244546125,0.1284064597982681
CHEMBL1490317,Cc1cc(C)nc(SCC(=O)Nc2cc(C)on2)n1,150.0,val,0.7290823797805862,0.9949280541488248,0.0019946622161724,0.1005891001432711,0.949279829246476,475.9100671531463,4491.260252257446,4731.228994744933,4.1739722932812695,0.0692948940185287
CHEMBL479,CSc1ccc2c(c1)N(CCC1CCCCN1C)c1ccccc1S2,50.0,val,0.2245858768778276,0.8938937250385596,0.000234461787598,0.4482789403225273,0.6176510553940995,2634.3356916345974,3629.660182184311,5876.554650859235,4.047241338405426,0.1783344282097534
CHEMBL1770297,CCOc1ccc2oc(C(=O)NC(CCSC)c3nc4ccccc4[nH]3)c(C)c2c1,37.0,val,0.4820326753958985,0.9757082806058192,0.0003741061037645,0.2190738486383892,0.8301918167856858,2219.1346477150323,8409.526907611786,10129.61912847029,4.950333994968068,0.1025421138807602
CHEMBL2208423,N#Cc1cccc(C(=O)NC[C@@H](O)CN2CCC(Oc3ccc(Cl)c(Cl)c3)CC2)c1,4.0,val,0.571410138365564,0.9851686317199756,0.0003743585666125,0.1715889479977979,0.8745360773775203,2336.0920661998907,11906.342545986225,13614.466977382895,5.573690126231529,0.1245067295052508
CHEMBL550175,C[C@@H]1CN(c2ccc(F)cc2C(F)(F)F)CCN1S(=O)(=O)c1ccc(C(N)=O)cc1Cl,6.31,val,0.5410324083648813,0.981316855340275,0.0005575502327326,0.1923986211620906,0.9898576229397746,1775.3694014049772,9133.968449982864,9227.5578207459,4.580507299638545,0.2516453402235774
CHEMBL1874317,N#CCC(CNc1ncc(C(F)(F)F)cc1Cl)OC(=O)c1c(F)cccc1F,150.0,val,0.5672528054558874,0.9843145955043364,0.0005832322178325,0.1764221558567248,0.9624375953729668,1650.1790640949296,9002.238764569534,9353.581788418149,4.881760883644394,0.1948515291916573
CHEMBL324875,Cc1ccc(CCOCCNS(=O)(=O)CCCNCCc2ccc(O)c3nc(O)sc23)cc1,150.0,val,0.7890691686273552,0.997051538697157,0.000620486959304,0.0767347977232729,0.9816206380091352,1582.0165489217616,20237.755753184163,20616.67712511544,6.556084035754177,0.1069873464149211
CHEMBL2031237,Cc1ccc(NC(=O)c2cncs2)cc1-n1cnc2ccc(N3CCN(C)CC3)cc2c1=O,3.0,val,0.743070147475404,0.9954212817457032,0.0006714445154345,0.0955848934075965,0.9801921081848408,1459.825921059946,14970.041772656356,15272.558968443933,5.8666034428932505,0.1439317711016976
CHEMBL98345,O=C(NO)c1ccc(NS(=O)(=O)c2ccccc2)cc1,12.0,val,0.3736918228270272,0.9582143049416496,0.0009453819704584,0.2860512992545068,0.8780871160264835,928.8172859914396,2851.1756251319284,3247.030474645908,3.466924691175936,0.3545795313503543
CHEMBL1164033,CN(C)CCOc1cc(NS(=O)(=O)c2c(Cl)cc(C(F)(F)F)cc2Cl)ccc1Cl,14.13,val,0.4219671348480565,0.9668191061984598,0.0003790172242016,0.2554619656418763,0.9025365500407898,2381.254709312678,8412.87431853671,9321.366894400557,4.522514377669583,0.1749733261435477
CHEMBL1536083,CCOC(=O)CN(c1ccccc1C)S(=O)(=O)c1ccc(Cl)cc1,94.0,val,0.3001519113562988,0.9405457724134842,0.0005181336246942,0.3396669692435845,0.8081985308831006,1559.8264470095871,3711.4278309519946,4592.222936728925,3.6615273592024384,0.3519255796127708
CHEMBL62136,O=S(=O)(c1ccccc1)N(CC(F)(F)F)c1ccc(C(O)(C(F)(F)F)C(F)(F)F)cc1,3.0,val,0.526853673594419,0.980457323480114,0.0005597946487668,0.196731890740192,0.9456677656090484,1689.3119069506336,8120.329705835505,8586.873742709928,4.371481185181699,0.2595777317215873
CHEMBL1778617,O=C(O)COc1ccc(-c2nccs2)cc1-c1ccccc1,9.0,val,0.3901930848682952,0.9601740537198274,0.0005560342938141,0.2794025528931939,0.7492117273944978,1347.4199986034002,3613.076739014063,4822.504249338312,3.963585643802092,0.0946971400679429
CHEMBL1917448,COc1cccc(S(=O)(=O)c2c(C)n(CC(=O)O)c3ccc(C)cc23)c1,3.0,val,0.217491633280767,0.9082551649095886,0.0004916706285191,0.4184167245881264,0.9151387071812122,1861.2840672167808,4070.9010774998287,4448.397871879902,3.728131931709724,0.3883960729043876
CHEMBL1917447,Cc1c(S(=O)(=O)c2ccc(Cl)cc2)c2cc(F)ccc2n1CC(=O)O,3.0,val,0.2669965330023354,0.9302789336234936,0.0004243380486709,0.3668529755315276,0.8315479574634264,1959.6356255770224,4441.918453735136,5341.746575007976,3.921527864562079,0.2780402445229285
CHEMBL1917450,Cc1c(S(=O)(=O)c2ccc(Cl)cc2)c2c(NS(C)(=O)=O)cccc2n1CC(=O)O,3.0,val,0.2399825625074541,0.9202739921042769,0.0003292624353037,0.3912745576401018,0.8208401952041335,2492.966421896584,5229.900601585176,6371.399246944236,3.927189672101564,0.295238786566961
CHEMBL1917446,Cc1ccc2c(c1)c(S(=O)(=O)c1ccc(Cl)cc1)c(C)n2CC(=O)O,7.0,val,0.1804938867250101,0.8907268403212388,0.0004142132321341,0.4545389927512734,0.8738566295311856,2109.678208561201,4055.8814934002494,4641.358040135469,3.781610424507192,0.3538092427345682
CHEMBL1917449,CC(=O)Nc1cccc2c1c(S(=O)(=O)c1ccc(Cl)cc1)c(C)n2CC(=O)O,3.0,val,0.1560390817267498,0.8727643286030649,0.0002641552427594,0.4881418100491304,0.7572093072174456,2866.531435482422,4446.5854751516,5872.33335983638,3.957823619645594,0.30731655223911
CHEMBL1873475,C=CC(=O)N1CCC[C@@H](n2nc(-c3ccc(Oc4ccccc4)cc3)c3c(N)ncnc32)C1,150.0,val,0.3335913631637799,0.9494858748688616,0.0002843565954055,0.3138097726720958,0.8207014662852028,2886.169969487773,7548.152199778701,9197.195947442886,4.720473215058198,0.2664203049634167
CHEMBL1916285,Cc1nn(-c2ccccc2)c(NS(=O)(=O)c2cccc(CN3CCOCC3)c2)c1C(=O)N[C@@H](C)C(C)(C)C,9.0,val,0.387139086608438,0.9596349119782795,0.0003171144336897,0.2812487079302579,0.9426433964802828,2972.565409629083,9962.95831761616,10569.170011498143,4.666435709522279,0.2504492498385045
CHEMBL1956163,O=C1[C@H]2[C@H]3CC[C@H](C3)[C@H]2C(=O)N1[C@H]1CC[C@H](C(=O)Nc2cccc3cccnc23)CC1,24.55,val,0.6687862425394282,0.9919912402287752,0.0006953554338666,0.1263066875085263,0.9275473494795852,1333.9183161649216,9795.779012077426,10560.947662212067,5.096691120772378,0.1059425178540783
CHEMBL205807,CC(C)Cn1c(=O)n(C)c(=O)c2c(C(=O)N3CC[C@@H](O)C3)c(Cc3c[nH]c4ccccc34)sc21,107.0,val,0.2407984140403369,0.9202456741620036,0.0002722640342932,0.3913411544753755,0.7943274643592351,2917.4895113165294,5921.794882333398,7455.105291002834,4.1173395728924245,0.2809029937775286
CHEMBL1922056,C[C@@](C(=O)O[C@H]1C[N+]2(Cc3nc(-c4ccccc4)no3)CCC1CC2)(c1ccccc1)N1CCCCC1,53.0,val,0.6263813707446046,0.9891447419839274,0.0004755405295355,0.1469444772883604,0.9598132676794644,2018.3627011073731,13183.55977210767,13735.54650268744,5.370496431996075,0.2152317258492555
CHEMBL1518,CCCc1cc(=O)[nH]c(=S)[nH]1,3.0,val,0.4150558915277603,0.9644177937796112,0.0021966685133463,0.2643829023240103,0.7430105444824187,338.2442730744792,950.5874218640984,1279.3727207818804,2.746457087372063,0.0800274310826353
CHEMBL1916261,CCC(CC)NC(=O)c1nnn(-c2ccccc2)c1NS(=O)(=O)c1ccc(C)cc1,35.0,val,0.2371538651955292,0.9189754513354746,0.0003430953156899,0.3943147471789009,0.8048575901916353,2345.871696246285,4788.288172957729,5949.236524957969,3.9116677057694624,0.3042828461579747
CHEMBL275224,c1ccc2c(c1)[nH]c1cnccc12,89.0,val,0.5168294377960695,0.979433626650942,0.0036912770266953,0.2017666250532606,0.7982333749491792,216.24856903893752,855.5271470012237,1071.7757160375463,2.52429584029845,5.36258013663104e-12
CHEMBL1164165,O=c1[nH]c(-c2ccc([N+](=O)[O-])cc2)nc2ccccc12,53.7,val,0.6965428140611296,0.9934586682495656,0.0019186008291948,0.1141922697900314,0.8858077304189057,461.6946458793292,3581.439331794688,4043.133976829256,3.8896012821025896,5.722800250042017e-10
CHEMBL1975242,O=C(Nc1nc2c(=O)[nH]cnc2s1)c1ccccc1,3.0,val,0.6905505067562826,0.9931785052251316,0.0020221873931694,0.1166038453858755,0.898929485656173,444.5332260959525,3427.0226935407622,3812.3376173818674,3.7563030522151992,0.0338603179366852
CHEMBL2208422,N#Cc1cccc(S(=O)(=O)NC[C@@H](O)CN2CCC(Oc3ccc(Cl)c(Cl)c3)CC2)c1,7.0,val,0.6837659857071998,0.9925409359183144,0.0004734641669534,0.1219118145480431,0.9905158877194012,2092.060934817912,16997.692977472838,17160.44456046932,6.116963483527792,0.2205683128825813
CHEMBL1963462,C[C@@](C(=O)OC1CC[N+](C)(C)CC1)(c1ccccc1)C1CCCC1,35.0,val,0.3965759198408724,0.9625607542184196,0.0007213855030559,0.2710660333543605,0.8869201058615728,1229.4676038046537,4022.781917106828,4535.67563811062,3.848130986070231,0.3046357187024616
CHEMBL2017291,COc1cc2c(cc1-c1c(C)noc1C)ncc1[nH]c(=O)n([C@H](C)c3ccccn3)c12,7.59,val,0.2926610236319962,0.9378560520597988,0.0003597637023298,0.3470245317190242,0.7810863759313189,2171.1094556591866,4886.755435042594,6256.357280865295,4.002966469679207,0.318125886443565
CHEMBL1951575,CC(C)(C)NC(=O)c1ccc(Oc2cc(F)c(CC(=O)O)cc2Cl)c(NS(=O)(=O)c2ccc(C3CC3)cc2Cl)c1,3.0,val,0.1865493877542093,0.8914237337139107,0.0001166036135435,0.4531707481419677,0.7406837513899267,6352.1509229473695,10382.256565089892,14017.1247791073,5.022621583310641,0.213124530761076
CHEMBL1689130,C[C@H]1CN(Cc2cc(Cl)ccc2OCC(=O)O)CCN1C(=O)Cc1cccc(Cl)c1,3.0,val,0.5112436480541164,0.9792519214917152,0.0003534888251303,0.2026466734362629,0.8575072894244221,2425.839880817001,10265.035914499298,11970.785602754955,5.226842865328979,0.1716494017108986
CHEMBL1689135,C[C@H]1CN(Cc2cc(Cl)ccc2CC(=O)O)CCN1C(=O)Cc1ccc(Cl)cc1,3.0,val,0.4698795528795279,0.9725100705794588,0.0004171525718355,0.232860822427337,0.987759504873413,2367.861476982214,10044.101260711705,10168.569587188038,5.0925150010374844,0.3550376007330221
CHEMBL1689128,C[C@H]1CN(Cc2cc(Cl)ccc2OCC(=O)O)CCN1C(=O)Cc1ccc(Cl)cc1,3.0,val,0.6106008602961411,0.9881430195677898,0.0004667623255651,0.1535362266028785,0.936889206892774,2007.208284769587,12248.130747998508,13073.190146591469,5.5022004500140005,0.2174588931171875
CHEMBL1689133,C[C@H](Oc1ccc(Cl)cc1CN1CCN(C(=O)Cc2ccc(Cl)cc2)[C@@H](C)C1)C(=O)O,3.0,val,0.0508187682177113,0.7408711464929045,0.0002141264571278,0.6716471873642362,0.87490353489185,4085.919818724843,5322.415934942962,6083.431741535808,4.079745100336657,0.6084854638914627
CHEMBL1689136,C[C@H]1CN(Cc2cc(Cl)ccc2CCC(=O)O)CCN1C(=O)Cc1ccccc1,3.0,val,0.472076543022074,0.9742193370700912,0.0004594659235527,0.2256029327795007,0.911812387222155,1984.5049229587428,8020.712093426955,8796.450021766133,4.759860150085753,0.2408920112763319
CHEMBL1689125,C[C@H]1CN(Cc2cc(Cl)ccc2OCC(=O)O)C[C@@H](C)N1C(=O)Cc1ccccc1,3.0,val,0.5153439525926673,0.9796779655788536,0.0004454956238005,0.2005768774292758,0.8856240556591458,1987.952312760908,8777.574026722401,9911.173901198395,4.898027797224964,0.2078023130526222
CHEMBL1689129,C[C@H]1CN(Cc2cc(Cl)ccc2OCC(=O)O)CCN1C(=O)Cc1ccccc1Cl,7.0,val,0.2687731326993846,0.9292914077795283,0.000311023678138,0.3693473695955373,0.9102325849044116,2926.570061653821,7212.341690804902,7923.625027731026,4.4731931481326015,0.384630073791947
CHEMBL1689127,C[C@H]1CN(Cc2cc(Cl)ccc2OCC(=O)O)CCN1C(=O)Cc1ccc(F)cc1,3.0,val,0.5804674730308418,0.9859331266160384,0.0004445087699722,0.1671402699564737,0.8877357951393409,1997.1164915257864,10607.328784692234,11948.745159056343,5.313084964236467,0.1573874453304684
CHEMBL1689126,C[C@H]1CN(Cc2cc(Cl)ccc2OCC(=O)O)CCN1C(=O)Cc1ccccc1,3.0,val,0.4923503740972062,0.9768061618800892,0.0004417750080541,0.2141254821666243,0.9144875215866975,2070.0300037673915,8840.688126424255,9667.36879152278,4.9678554308635485,0.2382014133728196
CHEMBL49,O=C1CC2(CCCC2)CC(=O)N1CCCCN1CCN(c2ncccn2)CC1,116.0,val,0.7380874191859031,0.995252188581362,0.0009806744088616,0.0973297545666723,0.9698202192115364,988.931913026352,9853.987292442138,10160.632968091164,5.219301997605064,0.1153770752731186
CHEMBL511782,COc1ccc(N(C(=O)c2ccccc2)C(C(=O)NC[C@@H](C)O)c2ccccc2F)c(OC)c1,104.0,val,0.0419268104126745,0.7106327963094694,0.0002055599727523,0.7035630951161268,0.821432690291898,3996.073161974161,4665.544783161049,5679.765169198631,3.920581692989352,0.671570408560916
CHEMBL112246,CCOC(=O)N1CCC(Nc2cc(OC)ccn2)CC1,4.0,val,0.7190309291531555,0.9944280787270218,0.0019040590863248,0.1054172483006661,0.9693156931778086,509.07857856909857,4680.997305680584,4829.177262501944,4.234831282999878,0.1850030684042273
CHEMBL1221660,CCOC(=O)N1CCC(Nc2cc(Cl)ccn2)CC1,34.0,val,0.7395675910368174,0.9953717478602498,0.0020333000755868,0.0960993421498359,0.9431054103386904,463.8299194802784,4551.961509338558,4826.567061792007,4.164470302288258,0.1265891184681678
CHEMBL109244,O=C(NCCCCCCNCCc1ccc(O)c2nc(O)sc12)Nc1ccccc1,11.0,val,0.8001215319851767,0.9974225257479252,0.0006699397806287,0.0717516907858576,0.9404999459265287,1403.857440804451,18401.348214993974,19565.49630299657,6.777457110271803,0.0441439427772569
CHEMBL1921939,C[C@@](C(=O)O[C@H]1C[N+]2(CCOCCc3ccccc3)CCC1CC2)(c1ccccc1)N1CCCCC1,102.0,val,0.5861711089248461,0.9863315270502148,0.0004028539602055,0.1647729308678797,0.9155220382410484,2272.5903892666706,12627.1140187264,13792.255665397532,5.401529762977748,0.1791229716295148
CHEMBL1089518,CCCCOc1nc(N)c2[nH]c(=O)n(Cc3cccc(CC(=O)O)c3)c2n1,3.0,val,0.3375064538742802,0.9490750936208682,0.0005030980118705,0.3150499431336885,0.9248510739021074,1838.311923482675,5396.49282170653,5834.985733365469,4.1946924003912,0.307191569055104
CHEMBL210884,COCCOc1nc(N)c2[nH]c(=O)n(Cc3ccccc3)c2n1,3.0,val,0.2713114875111931,0.9288831192638694,0.0004859612487014,0.3703729886838728,0.730532328692845,1503.2728034280826,2965.0903691745298,4058.807875730867,3.6770774561892017,0.1902159959904317
CHEMBL957,COc1ccccc1Oc1c(NS(=O)(=O)c2ccc(C(C)(C)C)cc2)nc(-c2ncccn2)nc1OCCO,15.14,val,0.1798745595874406,0.8911460837372719,0.000196314821574,0.4537164945643074,0.8381203081012155,4269.266586094336,7886.332256753473,9409.54679241716,4.42119051502502,0.3088944460984255
CHEMBL398338,CC(C)(C)c1ccc2c(c1)CC[C@H]2NC(=O)Nc1cccc2[nH]ncc12,8.32,val,0.6882643190487533,0.9930629692459532,0.0009459011394994,0.1175837536074215,0.9146186193297674,966.9283407500266,7521.197757985105,8223.315816046517,4.8969055733162445,0.085219413591749
CHEMBL2338020,CCc1[nH]c2nc(Sc3cnc4ccc[n+]([O-])c4c3)nc(N3C[C@H]4[C@H](N)[C@H]4C3)c2c1Cl,33.88,val,0.2619132437836568,0.9283289987151347,0.0002607936642525,0.3717596940828242,0.8039389775961205,3082.662992984129,6666.3303588283125,8292.08502710179,4.457670193425508,0.2311314878598668
CHEMBL1916266,CCC(CC)NC(=O)c1cnn(-c2ccccn2)c1NS(=O)(=O)c1ccc(C)cc1,3.0,val,0.2116729893380854,0.8982497332476602,0.0002243547344446,0.4394853998945895,0.6783352681631936,3023.494332946812,4666.6916344008005,6879.624064125898,4.1278950727305626,0.1885533965315467
CHEMBL1644374,c1ccc(Oc2nccc3ccccc23)cc1,150.0,val,0.5317363223466277,0.981391611267998,0.0022027343173584,0.1920169402235186,0.8947565640364467,406.20267137321497,1892.8148012214144,2115.4522663488538,3.158448512282554,0.1787370947058307
CHEMBL1460615,O=S1(=O)CC(O)C(N2CCC(c3ccccc3)CC2)C1,5.25,val,0.6780437362796523,0.992407237131766,0.0017783629678786,0.1229954295431129,0.9580843998551823,538.7451364881209,4196.605619285972,4380.204520520638,3.9279719771647903,0.2570378071807135
CHEMBL1198335,COc1cccc(Nc2nc(NCC3CCCO3)c3ccccc3n2)c1,112.2,val,0.3888359741870452,0.9595935707393785,0.0003642898473244,0.2813897279497768,0.739817564513361,2030.8487045327067,5339.418583007636,7217.209808366488,4.562253507602474,0.0567998106030948
CHEMBL1573309,CCN(CC)CCn1c2ccccc2c2cnc(N)c(C#N)c21,71.0,val,0.2740569923673775,0.919002121264186,0.0003956470264346,0.3942525854219933,0.62748656892531,1585.9756980353493,2524.2154039241686,4022.7401333025614,3.637105631551101,0.0715822697244313
CHEMBL1779497,O=C(NCC1CCCCC1)c1cc(-n2ncc(=O)[nH]c2=O)ccc1Cl,8.5,val,0.2506932828951754,0.9128021394932316,0.0002663923261562,0.4084020741090562,0.6496748886482516,2438.789803078882,3879.5603504419855,5971.541178871799,4.115429909990559,0.1526818656950892
CHEMBL244183,c1cn(-c2ccc(Oc3cc(Oc4ccc5c(c4)OCO5)ncn3)cc2)cn1,13.0,val,0.7280290540185297,0.9948789603472524,0.0009702883171952,0.1010735091820303,0.9512066838011703,980.3340583865996,9225.961542661546,9699.218581805128,5.156194642418982,0.1009225388618074
CHEMBL1934420,Cc1ccc(S(=O)(=O)Nc2c(C(=O)N[C@@H](C)C(C)(C)C)c(C)nn2C2CCN(C)CC2)cc1,5.0,val,0.2936690503212985,0.938434322633858,0.0003418268002229,0.3454576994405136,0.8716306126835466,2549.918883232734,6433.746771558678,7381.276744916839,4.14757629299029,0.2778612729489132
CHEMBL1934421,Cc1ccc(S(=O)(=O)Nc2c(C(=O)N[C@@H](C)C(C)(C)C)c(C)nn2C2CCN(CC(F)(F)F)CC2)cc1,3.0,val,0.4459144532029638,0.9707625158563528,0.0002956968186412,0.2400419501009036,0.8858681127704435,2995.8662282572177,11056.160644517851,12480.59444192101,4.939841208910136,0.2164351027037401
CHEMBL558748,O=C(NCC1CCCCC1)c1c(Cl)ccc2ncccc12,150.0,val,0.3437978147690064,0.9518804230016,0.0007132669791655,0.3064696727349947,0.8170151475831283,1145.454887788178,3053.6593909744206,3737.5798967836417,3.6201228117497353,0.2320377088026597
CHEMBL700,Nc1ccc(S(=O)(=O)Nc2ccccn2)cc1,3.0,val,0.1545809670468533,0.8680511634921244,0.0008058433310422,0.4964747501736309,0.7249124665301562,899.5699767008005,1313.4796692049126,1811.9148584821205,2.8412486701927766,0.4103294608582169
CHEMBL2171018,COc1cccc(C(=O)NCCN2CCC(Oc3ccc(Cl)c(Cl)c3)CC2)c1,9.0,val,0.83928372615666,0.9983774211783611,0.0010058194867581,0.0569431723848004,0.9724567957316388,966.8303393742702,16511.210992786182,16978.86329270164,6.37938010758667,0.0758154958955125
CHEMBL258282,CN1CCN(CCOc2n[nH]c3ncnc(Nc4ccc(OCc5ccccn5)c(Cl)c4)c23)CC1,30.2,val,0.4282319543164011,0.9674249282370636,0.0001964234877693,0.2531580696432805,0.7748793784013852,3944.942568739205,12074.885267537178,15582.92245749044,5.650027289357933,0.0713820985802933
CHEMBL1689115,O=C(O)COc1ccc(Cl)cc1CN1CCCN(S(=O)(=O)Cc2ccccc2)CC1,5.0,val,0.2785549186875031,0.9328424823488825,0.0002934494805371,0.3602844752763778,0.7617611886701777,2595.885285862056,5488.564722342771,7205.098925982659,4.108207894142684,0.2978040746678654
CHEMBL46,Cc1nccn1CC1CCc2c(c3ccccc3n2C)C1=O,6.46,val,0.3708009204756,0.9578382240285418,0.000894193038148,0.2873080865375166,0.8374533962029539,936.5465402609532,2729.871234380471,3259.729134490125,3.435761440261816,0.2249980303545553
CHEMBL153370,CC(C)C[C@H](NC(=O)N1CCOCC1)C(=O)NCC#N,3.0,val,0.3192902605512777,0.9457347042145772,0.0006645186017315,0.3249397932604843,0.8044238177708082,1210.5361921769402,2996.8140728152925,3725.4168842488543,3.748073284831885,0.2724253369400726
CHEMBL1916287,Cc1nn(-c2ccc(F)cc2)c(NS(=O)(=O)c2cccnc2)c1C(=O)N[C@@H](C)C(C)(C)C,3.0,val,0.3332788804241736,0.94847610771046,0.0002966748419803,0.3168486596190933,0.767006428376999,2585.3436821843948,6258.430211392307,8159.553792313412,4.301173850558823,0.1537755652054124
CHEMBL192,CCCc1nn(C)c2c(=O)[nH]c(-c3cc(S(=O)(=O)N4CCN(C)CC4)ccc3OCC)nc12,131.83,val,0.2254366039672541,0.9127666385807504,0.0002704752197092,0.4084814114424271,0.8968872372787534,3315.968236361241,7280.746460193103,8117.794698789141,4.44034082724174,0.44380011408637
CHEMBL422648,Cc1oc(=O)oc1CN1CCN(c2cc3c(cc2F)c(=O)c(C(=O)O)c2n3C(C)S2)CC1,15.49,val,0.7206106588430978,0.994596140637245,0.0006652622902181,0.1038196370129353,0.9233608043663236,1387.965044679669,12344.413416973128,13369.00305774269,5.4188672280452295,0.0751522396733742
CHEMBL1425658,c1csc(Cn2nnnc2CN2CCN(c3nc4ccccc4s3)CC2)c1,99.0,val,0.651315540833876,0.9909746748631396,0.0007511258988745,0.1340492214818685,0.9199898779622586,1224.8144809555524,8405.993801412109,9137.050311935012,4.858539863644964,0.1130101040037483
CHEMBL1672434,C[C@H]1C[C@@H](NS(=O)(=O)c2cc(Br)ccc2Br)CN1C#N,16.0,val,0.2417917071028769,0.911878360629616,0.0002771266193802,0.4104605406314277,0.6708438087847494,2420.7122732737307,3956.336067961121,5897.551734327138,3.808480784399998,0.1968771782348403
CHEMBL2023265,O=C(O)CSCC(=O)Nc1nc(-c2ccc(F)cc2)cs1,3.0,val,0.5015113755611986,0.97815276838584,0.0008628248864462,0.2078873774405691,0.8645296560149839,1001.9758001831932,4166.860944288715,4819.801050545449,3.9118334648745288,0.1812602215570867
CHEMBL406366,O=C(O)CSCC(=O)Nc1nc(-c2ccccc2)cs1,17.78,val,0.5060921533985924,0.9786315634798,0.0008473357920991,0.2056216500300538,0.8422314111732971,993.9759644600692,4071.350361682164,4834.004416921996,4.006286474116455,0.10407082008464
CHEMBL435859,OB1c2ccccc2N=C(S)N1c1cccnc1,14.79,val,0.4204783400149034,0.9666497512360652,0.0012342372105038,0.2561020469173437,0.8023849548726936,650.1059504964685,2036.825710807126,2538.4644844572003,3.200221362208292,0.153731199302084
CHEMBL2017259,N#Cc1ccc(C(=O)Nc2ccc(-n3ccnc3)nc2)cc1,6.31,val,0.8605832874682088,0.9988057452512056,0.0030567681727403,0.0488577860037035,0.959564084564678,313.9145758981275,6165.264071326574,6425.0675598426,4.722572206301005,0.0285677092660497
CHEMBL412142,Cc1c[nH]c(-c2cnc(NCCNc3ccc(C#N)cn3)nc2-c2ccc(Cl)cc2Cl)n1,96.0,val,0.568108698244781,0.9848810507158564,0.0003475930132895,0.173231971474179,0.8727447996530724,2510.823768848794,12649.5609815001,14493.99754261322,5.644695476646981,0.0609193713164338
CHEMBL569738,Cc1cc(Nc2cncc(N[C@@H](C)c3ccc(F)cn3)n2)n[nH]1,34.67,val,0.4559635723548752,0.9721422490786774,0.0007639666678526,0.234391654194962,0.8960919021148686,1172.94633368443,4484.236927461957,5004.2154346877805,4.1246221997958,0.2490115331198713
CHEMBL203059,O=C(Nc1cc(-c2ccnc(Nc3ccccc3)c2)ccn1)C1CCOCC1,12.59,val,0.7350446828138961,0.9951800958571192,0.0009215701001032,0.0980641464033364,0.948047671984038,1028.7309363420454,9945.387841196296,10490.387915180434,5.353675205788672,0.107310015754998
CHEMBL205078,O=C(Nc1cc(-c2ccnc(Nc3ccc(F)cc3)c2)ccn1)C1CCOCC1,6.03,val,0.6666745056711888,0.9918563812711882,0.0006324725688508,0.1273613714264385,0.9330532205850338,1475.246938029704,10807.703240553245,11583.158390232771,5.514326725314864,0.1282932335268032
CHEMBL1945298,O=c1[nH]c2c(O)ccc([C@@H](O)CNCCOc3cccc(CNCCc4ccccc4F)c3)c2s1,14.0,val,0.6230297880229873,0.9886314067537346,0.0004111528852505,0.1503593747663639,0.9903285824612374,2408.6626118594354,15864.441001677764,16019.37102759398,5.87013001753652,0.2323455062760893
CHEMBL1934426,Cc1nn(C2CCOCC2)c(NS(=O)(=O)c2ccc(C3CC3)cc2)c1C(=O)N[C@@H](C)C(C)(C)C,3.0,val,0.3353171015246645,0.949514641572121,0.0002633426298971,0.3137227206310799,0.7895314575801106,2998.1148813183463,7545.217023103265,9556.575549540636,4.535041879767678,0.1781760143116298
CHEMBL1950720,CN[C@@H](C)C(=O)N[C@H](C(=O)N1CC[C@H]2CCN(CCc3ccccc3)C[C@H]21)C1CCCCC1,21.38,val,0.3223654040994368,0.9466393558833548,0.0002661313888315,0.322294787256553,0.8552775351674218,3213.7416744509874,8528.344753529293,9971.435473117925,4.886605073024112,0.2884579403773487
CHEMBL406852,COc1nc(N)nc2c1ncn2[C@@H]1O[C@H](CO)[C@@H](O)[C@H]1O,42.66,val,0.4680165144223818,0.9739736530774382,0.0010557956331224,0.2266612518958417,0.8478708674733778,803.0634346969599,3004.0162812016715,3543.011555702489,3.5160504358881357,0.1294296010946863
CHEMBL551984,N#Cc1cccc(NCC(=O)Nc2c(Cl)ccc3nc(N4CC[C@@H](O)C4)ccc23)c1,30.0,val,0.4122849716792413,0.9654249536328128,0.0002991185495305,0.2606811441264614,0.8144221552490224,2722.740386804147,8506.407709062601,10444.715500724107,5.068209793205476,0.1314810764608956
CHEMBL2041980,CS(=O)(=O)c1ccc(-c2cnc(N)c(-c3ccc(C(F)(F)F)nc3)c2)cc1,6.17,val,0.6299279103399534,0.9896309474105548,0.000612076005258,0.1436335195115956,0.8988773045275831,1468.5713813411426,9190.511304429228,10224.433588585733,5.151991724315527,0.1197987879943455
CHEMBL46740,Cc1c(-c2ccc(O)cc2)n(Cc2ccc(OCCN3CCCCCC3)cc2)c2ccc(O)cc12,38.02,val,0.4395330142055998,0.9696981234177418,0.000252144989806,0.2443062615654993,0.8082509253636851,3205.500636698779,10604.92203213979,13120.82881608572,5.349107303681034,0.1239125221217505
CHEMBL360227,CCN(CC)CCN1C(=O)[C@@](O)(c2ccccc2Cl)c2c1cc(C(N)=O)cc2C(F)(F)F,93.33,val,0.2041553672284443,0.8996449135850553,0.0002355004219487,0.4366222961101946,0.72311501929221,3070.546597362074,5085.306869965094,7032.500687017437,4.020145728406872,0.1900165980488465
CHEMBL2216870,CC[C@H](Nc1ncnc2[nH]cnc12)c1nc2cccc(F)c2c(=O)n1-c1ccccc1,21.88,val,0.0741970554381846,0.7845522456695428,0.0003389995841212,0.6200627176462693,0.9143490046720232,2697.1980129187245,3977.3078566586073,4349.879352780908,3.642606171721409,0.7786986479511347
CHEMBL1526668,O=C(c1csc2c1CCCC2)N1CCCCC1,117.49,val,0.4417940699909141,0.969941821938101,0.0015508938590741,0.2433369311374607,0.9058371918641632,584.07426566569,2174.253575803737,2400.2697121866267,3.216035888826217,0.2435871355372827
CHEMBL2171169,CC(C)N(CCCNC(=O)Nc1ccc(C(C)(C)C)cc1)C[C@H]1O[C@@H](n2cnc3c(N)ncnc32)[C@H](O)[C@@H]1O,112.2,val,0.7274300495429695,0.994799794635511,0.0004386580286202,0.1018497353611938,0.9700606656848232,2211.4280427875533,21062.5913920434,21712.653792816214,6.450022157599169,0.144379336622466
CHEMBL379866,CC(C)c1nnc2ccc(-c3ocnc3-c3cc(F)ccc3F)cn12,3.0,val,0.4499846839263615,0.9713033114645014,0.0007900555866944,0.2378442287256379,0.8931276626394455,1130.4618025374575,4244.991408087175,4752.9503179221,3.857478099726572,0.2309521516758693
CHEMBL511444,CN[C@@H](C)C(=O)N[C@H](C(=O)N1CC[C@H]2CC[C@H](NC(=O)c3cccc4ccccc34)[C@H]21)C(C)(C)C,85.11,val,0.1809530030276005,0.8916923195417756,0.0002448497089687,0.4526420299422138,0.8461339727715013,3455.7279089089216,6459.870252781761,7634.571428000388,4.281762034203852,0.5067891927598033
CHEMBL2158819,O=C(O)C(c1ccccc1)N1CCC(CN2CCC(Oc3ccc(Cl)c(Cl)c3)CC2)CC1,3.0,test,0.7695937000523144,0.9964707508678758,0.0005936035611116,0.0839407092227104,0.9521141606329224,1603.9562816131927,18193.1925867845,19108.205023114544,6.383133462897847,0.1250002634888637
CHEMBL2158833,O=C(O)c1ccc(CN2CCC(CN3CCC(Oc4ccc(Cl)c(Cl)c4)CC3)CC2)cc1,3.0,test,0.7400441617645834,0.9953525634212536,0.0004984204610345,0.0962978426068785,0.962526465746879,1931.153596200728,19302.472365384958,20053.96532178164,6.575654910919988,0.1436549720441545
CHEMBL2158821,O=C(O)[C@@H](c1ccccc1)N1CCC(CN2CCC(Oc3ccc(Cl)c(Cl)c3)CC2)CC1,3.0,test,0.7408594588050756,0.9953113372150812,0.0005575417750171,0.0967230169666292,0.9855513098255344,1767.672583449521,18011.55593153613,18275.6146250007,6.312977014503992,0.1706103694325944
CHEMBL2158831,O=C(O)c1ccccc1CN1CCC(CN2CCC(Oc3ccc(Cl)c(Cl)c3)CC2)CC1,3.0,test,0.7713682987466168,0.996507215825201,0.0005986179547784,0.0835066991822002,0.9672473029947996,1615.800687690314,18715.610515697797,19349.354046013214,6.446429827108652,0.1321355123204647
CHEMBL2158832,O=C(O)c1cccc(CN2CCC(CN3CCC(Oc4ccc(Cl)c(Cl)c4)CC3)CC2)c1,3.0,test,0.7923461095834301,0.99719256580116,0.0006800612501935,0.0748798151099414,0.953526947907628,1402.1192174031212,17854.724347409996,18724.928945730917,6.306913202177271,0.1231295513556559
CHEMBL1090089,Cn1c(=O)c(Oc2ccc(F)cc2F)cc2cnc(NC(CCO)CCO)nc21,4.57,test,0.700943779561994,0.993476086984184,0.0008618294390098,0.1140406269300284,0.9868466103043644,1145.060223793363,9908.738936854204,10040.8096186277,5.094478899470412,0.1819549489578811
CHEMBL1916263,CCC(CC)NC(=O)c1cn(-c2ccccc2)nc1NS(=O)(=O)c1ccc(C)cc1,9.0,test,0.179501151859279,0.8885162568121243,0.0002358723418998,0.458845138778402,0.7574231908070134,3211.157292569166,5300.709971988119,6998.346546981694,4.263958744159877,0.2909903765073799
CHEMBL23,COc1ccc([C@@H]2Sc3ccccc3N(CCN(C)C)C(=O)[C@@H]2OC(C)=O)cc1,43.65,test,0.3466670322079818,0.9502816793073976,0.0005123401777769,0.311391602283543,0.9547437526736304,1863.4957672385856,5713.580356238212,5984.41240410121,4.044476077263729,0.2759042166810315
CHEMBL1458025,Cc1sc2ncnc(SCC(=O)N3CCN(C(=O)c4ccco4)CC3)c2c1C,77.62,test,0.7007409304458757,0.9936402487664155,0.0009123726160804,0.1126013145190404,0.9448452299577972,1035.5913946835349,8689.71728821713,9196.974290281669,4.765952044081877,0.0961353036132526
CHEMBL2171021,Cc1c(Cl)ccc(OC2CCN(C3CCN(C(=O)c4cccc(S(C)(=O)=O)c4)CC3)CC2)c1Cl,13.5,test,0.8502332679276388,0.9986008810056398,0.0008233346815665,0.0528798681424224,0.978179103710609,1188.0698403830468,21977.07998214871,22467.33742193143,6.589258401186746,0.1111138837179784
CHEMBL2171023,O=C(O)c1ccccc1C(=O)N1CCC(N2CCC(Oc3ccc(Cl)c(Cl)c3)CC2)CC1,3.0,test,0.7986213911438392,0.9973597348171792,0.0007087655233184,0.0726192768168748,0.9681522434988102,1365.9697200928676,18210.95867415806,18810.015466519384,6.340755716746306,0.1288991042865307
CHEMBL2171024,O=C(O)c1cccc(C(=O)N2CCC(N3CCC(Oc4ccc(Cl)c(Cl)c4)CC3)CC2)c1,3.0,test,0.7793108271307456,0.9967692196988368,0.0006284127033434,0.0803188810988549,0.9682348225740164,1540.7626507588334,18573.715561974102,19183.069157331654,6.415521669424087,0.1454130236332274
CHEMBL2171022,O=C(O)COc1cccc(C(=O)N2CCC(N3CCC(Oc4ccc(Cl)c(Cl)c4)CC3)CC2)c1,3.0,test,0.6440948006774888,0.990506259189464,0.0003303752515896,0.1374676343962259,0.9262373334692392,2803.5917612248577,18890.20181702154,20394.558861353536,6.439983314073989,0.1630974929183121
CHEMBL552513,O=C(Cc1ccc(F)c(C(F)(F)F)c1)Nc1cccc2c(=O)n([C@@H]3CNC[C@H]3O)ccc12,8.0,test,0.3689325135304656,0.9568053257127204,0.0002695592631951,0.2907293736239518,0.7794434886351618,2891.547778385022,7752.220079608748,9945.839810892783,4.786197008713886,0.1314378941547462
CHEMBL2216902,CC(C)c1nc2ccccc2n1-c1nc(N2CCOCC2)c2nc(OC3CN(C4CCS(=O)(=O)CC4)C3)n(C)c2n1,20.42,test,0.4880614299672329,0.9764993787058432,0.0001985077520862,0.2155202157272086,0.838870697203848,4225.883817572612,16448.43427976421,19607.830306375803,5.889247315876468,0.0975638037522808
CHEMBL1188966,CN(C)c1nc(NC[C@H]2CC[C@H](CNS(=O)(=O)c3ccc(Br)cc3OC(F)(F)F)CC2)nc2ccccc12,117.49,test,0.5908082124792878,0.9865823888571637,0.0002615927921994,0.1632641724227721,0.9386191181873074,3588.092432881753,20628.23769200861,21977.21875924129,6.120793351355132,0.1512160933880736
CHEMBL551813,CN(C)c1nc(Cc2ccc(NC(=O)c3ccc(C(F)(F)F)cc3)cc2)nc(N(C)C)c1CC(=O)O,3.0,test,0.619193078001351,0.9885161615013752,0.0003775862572572,0.1511151827269086,0.973104832205148,2577.1722712414244,16595.67718686667,17054.356979462624,6.009842069873848,0.2820603139935713
CHEMBL2094588,O=C(CN1C2=NCCN2c2ccccc21)c1ccc(Cl)cc1,4.0,test,0.595680472271031,0.9871589119908164,0.001063440963865,0.1597412985959089,0.8851192120636543,832.3162659135788,4611.826271281214,5210.401275246017,4.133651672856603,0.1484624210289551
CHEMBL1643200,Cc1cc(CN2Cc3ccccc3C[C@H]2C(=O)Nc2ccc(Cl)cc2Cl)ccc1OCC(=O)O,11.0,test,0.3659041358493126,0.9555531075967374,0.0001723814069265,0.2948190267981667,0.7561062281847399,4386.240034035365,11249.149839700944,14877.737307769446,5.527219370362926,0.1201449990235596
CHEMBL350563,CCO/N=C(\c1ccc(Br)cc1)C1CCN(C2(C)CCN(C(=O)c3c(Cl)cncc3Cl)CC2)CC1,4.0,test,0.6129631996059447,0.9883356472085604,0.0002856919211466,0.1522913275824861,0.9337430053705522,3268.356352615013,20039.2558903902,21461.211248846463,6.199738125965257,0.2324996385550241
CHEMBL1801962,COc1ccccc1C(=O)/C=C/c1ccccc1C(F)(F)F,150.0,test,0.308426539346524,0.9428933241562508,0.0007573745831533,0.3330948502477561,0.8569796771715876,1131.513647584415,2911.1353709037703,3396.9713033473627,3.484969182930993,0.239141647237842
CHEMBL589973,CCCCNC(=O)c1ccc(Oc2ccc(CC(=O)O)cc2OC)c(NS(=O)(=O)c2ccc(Cl)cc2Cl)c1,3.0,test,0.1681514426966334,0.8776961258834758,0.0001221274158562,0.4792176025660345,0.7221466081427457,5913.058939959835,8910.556361818386,12338.985271612672,4.832874589918341,0.2371583359454851
CHEMBL2171277,Cc1ccc(NC(=O)[C@H]2CCCN2S(=O)(=O)c2cccc3cccnc23)c(C)c1,150.0,test,0.3484324485730428,0.9530206471267152,0.0004381011618699,0.3029053418977236,0.8395211439643432,1916.2723522144536,5311.0689537509625,6326.3075527452565,4.067994257269817,0.2560026293095759
CHEMBL2171278,Cc1ccc(NC(=O)[C@@H]2CCCN2S(=O)(=O)c2cccc3cccnc23)c(C)c1,150.0,test,0.4024297572918063,0.9638545631944828,0.0004922161698521,0.2664289417634136,0.8547659210324228,1736.5661133994224,5571.3073944933785,6517.933456874504,4.1086340468365465,0.1925085407452554
CHEMBL201799,CCCCCSc1nc(O)c2sc(N)nc2n1,18.0,test,0.4794472450891502,0.9754724103205408,0.0012300786648374,0.2201217315565063,0.861465632697725,700.3337732157122,2740.817423053866,3181.574887057133,3.499562123686609,0.1418449055375077
CHEMBL723,COc1ccccc1OCCNCC(O)COc1cccc2[nH]c3ccccc3c12,41.69,test,0.5733193398449605,0.9849544078481948,0.000485478673004,0.172814393093898,0.954222810542092,1965.529823663558,10852.99296524143,11373.646537621406,5.455087857676882,0.2182943583657888
CHEMBL2170837,CCn1c(C)c(C(=O)O)c(-c2cccc(N3CCN(c4ccc(NS(=O)(=O)c5ccc(N[C@H](CCN6CCC(O)CC6)CSc6ccccc6)c(S(=O)(=O)C(F)(F)F)c5)cc4)CC3)c2)c1-c1ccc(Cl)cc1,15.14,test,0.6254692399616012,0.9890187116932356,8.731066784866778e-05,0.1477903512434156,0.967797766881094,11084.53057029114,72586.4973091802,75001.72018695963,8.628157807877486,0.1403249894668214
CHEMBL1526762,Cc1cc(C)nc(SCC(N)=O)n1,3.0,test,0.1521361937113432,0.87081046063529,0.0016781407820884,0.491618898790673,0.8994877362284314,536.0025486711746,980.6940300767204,1090.280601477446,2.5705780817605786,0.233325319854996
CHEMBL2348176,Nc1nccc(-n2ccc3ccccc32)n1,112.0,test,0.4567107784297368,0.971410436599534,0.0017632448566297,0.2374063260856854,0.7635188664920723,433.01919391470886,1392.6264289509352,1823.958110359798,2.946118317427391,0.004635039569784
CHEMBL1209914,CC(=O)N1N=C(c2ccc(Br)cc2)CC1c1ccc(C)cc1,41.69,test,0.5520476713436785,0.9834125886413854,0.0007272479291076,0.1813826907443191,0.8888868836362805,1222.2611410210225,5989.832283188403,6738.576520203616,4.418713132166746,0.2854942356942895
CHEMBL1209915,COc1ccc(C2CC(c3ccc(Br)cc3)=NN2C(C)=O)cc1,12.3,test,0.5551748197156428,0.9837163908027288,0.0006380064458472,0.1797277453985687,0.8815607582467159,1381.7427143327552,6777.418546300637,7687.97667421114,4.607448748674309,0.2332508101383913
CHEMBL1409708,CN(C)c1ccnc2sc(C(N)=O)c(N)c12,3.0,test,0.3078343401145916,0.939162355286042,0.0011073115376815,0.3434735367005359,0.7109172282796311,642.0209706909743,1328.8469713431452,1869.2006867787688,2.85051042968068,0.1813887884027524
CHEMBL568904,Cc1ccc2c(N)c(C(N)=O)sc2n1,13.0,test,0.513968333058185,0.9791347729407848,0.0024363074576428,0.2032119494965736,0.7990999948774866,327.99636694895617,1289.7956827738833,1614.0604317881734,2.792255243949193,0.0187459446414541
CHEMBL22,COc1cc(Cc2cnc(N)nc2N)cc(OC)c1OC,3.0,test,0.33283944271846,0.9491088370217072,0.0008134549094065,0.3149482743043723,0.8716621779749457,1071.5556177672604,2965.6758896911088,3402.3225564071126,3.579461806640867,0.3559760952930596
CHEMBL8232,COc1cccc(Oc2cncnc2O)c1,3.0,test,0.576626689794657,0.9850374944767007,0.0026915027642651,0.1723401708107066,0.9734877342564596,361.6892938700929,2043.052931525476,2098.694066326311,3.212311843642876,0.2436275624039396
CHEMBL1761322,CCS(=O)(=O)CCCC12CCC(c3nnc(-c4ccccc4C(F)(F)F)n3C)(CC1)CC2,3.0,test,0.7373479904985062,0.9951712249649746,0.0007522098615297,0.0981541288062411,0.9841551423088648,1308.3518212688878,13118.359752270251,13329.564809765754,5.436433063463524,0.160378366662944
CHEMBL472455,COc1ccc(N(C(=O)c2ccco2)C(C(=O)NC2CCCC2)c2ccccc2F)c(OC)c1,150.0,test,0.0641881659285217,0.7607973831250235,0.0002094402724835,0.6489894774417505,0.7782726445230784,3715.9646294106665,4456.210338703423,5725.770229832717,3.85949325480424,0.497308789017695
CHEMBL561771,COc1cccc(NC(=O)c2cccc(Cc3c(C)nn(CCO)c3-c3ccccc3)c2)c1,146.0,test,0.6043066997835121,0.9877250305538744,0.0004924137149104,0.1562026376773068,0.9256107962944516,1879.7421116972237,11138.797773893515,12033.997246451829,5.326356843308483,0.1586613622274166
CHEMBL1922054,Cc1ccc2nc(C[N+]34CCC(CC3)[C@@H](OC(=O)[C@](C)(c3ccccc3)N3CCCCC3)C4)oc2c1,150.0,test,0.6128158176838531,0.9883050477883512,0.0004724661048681,0.1524897783986344,0.9374172538552796,1984.0941904540025,12197.04131606411,13011.325816654014,5.274841587964547,0.1927869787853183
CHEMBL1458496,O=C(c1cccc(Cl)c1Cl)N1CCN(c2ccccn2)CC1,150.0,test,0.5284570160011943,0.9803856975266028,0.0009615607973388,0.1970885184004297,0.96372214103522,1002.2477452308352,4900.784432907261,5085.267033133524,4.0423803761177135,0.2358083504620211
CHEMBL1094250,Cc1cc2c(C(=O)NC[C@H](C)c3ccccc3)c(O)c(O)cc2c(O)c1-c1c(C)cc2c(C(=O)NC[C@H](C)c3ccccc3)c(O)c(O)cc2c1O,34.67,test,0.5619150227129849,0.9842599280624482,0.0001857828314085,0.1767268910225725,0.9085790247588832,4890.543533385388,25143.00595904568,27672.888404746165,6.416582867901888,0.145102484796696
CHEMBL365123,Cc1cn(Cc2ccccc2)c(=O)[nH]c1=O,20.0,test,0.3823564098547896,0.9600007533980474,0.001720413618929,0.2799974169080514,0.8730207853410255,507.44819486170354,1582.203244908975,1812.3317010040305,3.0037216174689747,0.3022056166770059
CHEMBL9967,CN1CCN(CC(=O)N2c3ccccc3C(=O)Nc3cccnc32)CC1,3.0,test,0.3429419979571825,0.951695783225506,0.00055311802395,0.3070425641353178,0.8558555633611113,1547.329008100445,4313.050679674377,5039.460937469621,3.9381115899955015,0.2230665535060342
CHEMBL521096,CCOc1cc2ncc(C(N)=O)c(Nc3ccc(C)cc3F)c2cc1N1CCN(C)CC1,26.0,test,0.2689813315250416,0.9302704055475444,0.0002722109637923,0.3668746005959087,0.7802274709173759,2866.2602712520334,6095.6386699910045,7812.642975546444,4.3783641373115305,0.2548793434547857
CHEMBL2012204,Cc1cc([C@H](O)[C@](C)(OCc2ccc(-c3ccccc3)cc2)C(=O)NO)no1,15.85,test,0.4394138169487214,0.9694850409585752,0.0005306256465901,0.245150474928256,0.912624196480186,1719.9021614291291,6402.697480223724,7015.699895880126,4.448929482322287,0.2382485569942581
CHEMBL2070950,N#CC1(NC(=O)[C@@H]2CCCC[C@H]2C(=O)N2CCN(c3nc4ccncc4s3)CC2)CC1,17.78,test,0.5442331948017416,0.9825404533970028,0.0004783445819955,0.1860490726620587,0.9158423887504312,1914.608052901386,9424.82103028298,10290.87662468008,4.965961031120049,0.1492527668480588
CHEMBL2031236,Cc1ccc(NC(=O)c2cscn2)cc1-n1cnc2ccc(N3CCN(C)CC3)cc2c1=O,3.0,test,0.7171465254718652,0.9943573773251596,0.0005942084146787,0.1060820727504439,0.9650187991424004,1624.0409514634373,14773.750249264142,15309.287510661325,5.867033863049745,0.1374959582119318
CHEMBL108,NC(=O)N1c2ccccc2C=Cc2ccccc21,7.0,test,0.1825323340621231,0.8896133241628357,0.0009518818818407,0.4567144988632936,0.747651477146592,785.4456434245687,1285.791445172644,1719.7738310902032,2.832399786535455,0.3457291714593472
CHEMBL379787,O=C(Nc1nc2ccccc2n1CCN1CCOCC1)c1cccc([N+](=O)[O-])c1,56.23,test,0.267816015826361,0.915381472987662,0.0002159462469267,0.4025875791811488,0.6208908741306854,2875.2103033360504,4434.294376838205,7141.825659858018,4.274744377247469,0.0791544705236973
CHEMBL1513,CCCCC1=NC2(CCCC2)C(=O)N1Cc1ccc(-c2ccccc2-c2nn[nH]n2)cc1,17.78,test,0.3781294505863455,0.9590299700920576,0.0003498424777234,0.2833046354460641,0.8848809663960591,2529.369709917279,7900.298241715959,8928.091508050256,4.752442423458692,0.2883722808583707
CHEMBL1824832,CCOc1ccc(Oc2ccc(S(=O)(=O)NC(=O)c3cccc(-c4ccc(Cl)c(Cl)c4)c3)cc2)cc1,11.48,test,0.7612315628828218,0.9961351818144027,0.000502177949209,0.087833362406245,0.9742782693604228,1940.1056356515528,21520.327917499853,22088.48189914688,6.479599583520228,0.0812984919151157
CHEMBL1807821,O=c1[nH]c2c(O)ccc([C@@H](O)CNCCCOCCOCCc3ccccc3)c2s1,9.0,test,0.8180070812389013,0.9978757828174531,0.0008464582968919,0.0651453917514913,0.9743813736978516,1151.1274415711166,17217.444053418883,17670.12847143965,6.4543931890266455,0.0803598628622393
CHEMBL2171025,O=C(c1ccc(-c2noc(=O)[nH]2)cc1)N1CCC(N2CCC(Oc3ccc(Cl)c(Cl)c3)CC2)CC1,3.0,test,0.7821230877796923,0.9968490137348648,0.0005184249233105,0.0793224042489086,0.9739711004344794,1878.711953535933,23068.02430046084,23684.505926480168,6.855261334445153,0.1481121307935057
CHEMBL380936,Nc1nc(NCc2ccccc2)nc2c1nc(O)n2Cc1ccccc1,11.0,test,0.4051095387361041,0.9642313092978434,0.0005006630584684,0.2650622232038481,0.8188212836832713,1635.473737942934,5052.250333321998,6170.150231801084,4.308086449949353,0.1846533377191092
CHEMBL1194325,O=C(O[C@H]1C[N+]2(CCCOc3ccccc3)CCC1CC2)C(O)(c1cccs1)c1cccs1,140.0,test,0.4890978554353481,0.9766649970918402,0.0003219151377013,0.2147684414796451,0.8716631635221135,2707.742076829078,10989.692007028256,12607.727923963665,5.20937425619125,0.1786737869530058
CHEMBL1214,CC1(C)S[C@@H]2[C@H](NC(=O)C(C(=O)O)c3ccccc3)C(=O)N2[C@H]1C(=O)O,6.92,test,0.4084016936534899,0.9642529685130002,0.0006385486974045,0.264983419696152,0.9167841274297202,1435.7309491915605,4967.31209442363,5418.19163945377,3.952186358972402,0.342596992624068
CHEMBL2326864,CC(=O)Nc1nc(CCc2ccc(NC(=N)N)cc2)cs1,3.98,test,0.816764651713652,0.9978625182362236,0.0019657606801387,0.0653482570483891,0.9506091576850464,483.5833615402109,7034.598820957762,7400.095784989743,4.95841648680898,0.0470509353193097
CHEMBL2364624,O=C(O)C[C@H]1CC[C@H](c2ccc(-c3ccc(Nc4ccc(C(F)(F)F)nc4)cn3)cc2)CC1,3.0,test,0.8437366263355586,0.998472539215198,0.0008124624314197,0.0552502346886877,0.9720642366557758,1196.442074197981,21050.02011505004,21654.968181392112,6.942081074792042,0.0754047818967331
CHEMBL208487,CC(C)Cn1c(=O)n(C)c(=O)c2c(C(=O)N3CC[C@@H](O)C3)c(Cc3ccccc3C(F)(F)F)sc21,27.0,test,0.2585103122083899,0.9264292363477878,0.0003110289681383,0.3764689496360284,0.8870473405145715,2851.976604700009,6719.912133138144,7575.595829237207,4.101963669214234,0.3564784074368278
CHEMBL383669,CC(C)Cn1c(=O)n(C)c(=O)c2c(C(=O)N3CCCC3)c(Cc3ccccc3C(F)(F)F)sc21,150.0,test,0.2793142747455945,0.9341756606490748,0.0003221731607177,0.356813445726005,0.858329030733401,2664.185398998635,6408.804652985409,7466.605955887793,4.093374057003537,0.3164504066435862
CHEMBL2169920,O=C1COc2c(CCNCCN(C(=O)CCNCCc3ccc(Cl)c(Cl)c3)C3CCCCC3)ccc(O)c2N1,38.0,test,0.296426524532989,0.939554390903482,0.0001449444453643,0.3423996882796283,0.8179642065599367,5643.2946050722985,13481.358634451104,16481.5997158957,5.552035272484102,0.3496023343379508
CHEMBL1934417,COCCC(C)n1nc(C)c(C(=O)N[C@@H](C)C(C)(C)C)c1NS(=O)(=O)c1ccc(C)cc1,3.9,test,0.1675072255120219,0.8825754774015553,0.0002365635413724,0.4701707420601761,0.7856092353597978,3320.9227034809987,5548.936401994972,7063.227050091435,4.140763208526415,0.3236009413255075
CHEMBL1934269,Cc1ccc(S(=O)(=O)Nc2c(C(=O)N[C@@H](C)C(C)(C)C)c(C)nn2CC(F)(F)F)cc1,17.0,test,0.204872660731433,0.8917169231972849,0.0001849110096548,0.4525935581551812,0.6615720810308122,3577.786321461707,5229.777356577913,7905.075662245699,4.259732542228575,0.1731157559482105
CHEMBL1934268,CCn1nc(C)c(C(=O)N[C@@H](C)C(C)(C)C)c1NS(=O)(=O)c1ccc(C)cc1,4.2,test,0.4103417379251247,0.9652434220112642,0.0004721103113741,0.2613525134066719,0.8433576015009684,1786.357088973884,5764.390058254581,6835.048439707414,4.20623849527551,0.1631729470253906
CHEMBL1934416,COCC(C)n1nc(C)c(C(=O)N[C@@H](C)C(C)(C)C)c1NS(=O)(=O)c1ccc(C)cc1,6.0,test,0.3611147234647449,0.9557861805345272,0.0003552502535159,0.2940625394354412,0.8267503254913797,2327.233597467982,6542.965785084415,7914.077059716424,4.31557144567033,0.2037319644154714
CHEMBL1934271,CCC(CC)n1nc(C)c(C(=O)N[C@@H](C)C(C)(C)C)c1NS(=O)(=O)c1ccc(C)cc1,43.0,test,0.4071801037106974,0.9646916911983512,0.000398419598853,0.2633817399381838,0.838778924868976,2105.265221097756,6704.535018755934,7993.208722790974,4.327458620649049,0.1765980116029814
CHEMBL1934270,Cc1ccc(S(=O)(=O)Nc2c(C(=O)N[C@@H](C)C(C)(C)C)c(C)nn2C(C)(C)C)cc1,37.0,test,0.1539250852231412,0.8741019119618748,0.0003124672378264,0.4857425732881512,0.8109340235481634,2595.2609598024114,4332.717632805803,5342.873164759343,3.7572881088988095,0.3615978931434312
CHEMBL1934266,CCC(CC)NC(=O)c1c(C)nn(C(C)C)c1NS(=O)(=O)c1ccc(C)cc1,7.5,test,0.162463263358416,0.8796880651324189,0.0003562099708534,0.4755511624037744,0.7974954990494624,2238.835418162928,3754.5091049141024,4707.87497783889,3.627802095916049,0.3339215992762318
CHEMBL1916269,CCC(CC)NC(=O)c1cnn(C)c1NS(=O)(=O)c1ccc(C)cc1,13.0,test,0.308318421209468,0.9426152124427998,0.0004349310637712,0.3338810585693885,0.7929702455488127,1823.2090361012688,4330.136376225653,5460.654293817515,3.991576143821099,0.2108989281569735
CHEMBL1082811,N#Cc1c(-c2ccccc2)nc(SCc2ccccc2)[nH]c1=O,6.0,test,0.1679842236910662,0.8832961912235917,0.0005578770401853,0.4688153565849736,0.8660201451170559,1552.3495012976095,2867.5808535347683,3311.2172617499223,3.478940552638424,0.4387427408604494
CHEMBL550777,NC1CCN(c2nccc(C(=O)NCC34CC5CC(CC(C5)C3)C4)c2Cl)CC1,41.0,test,0.698873816541138,0.9933985576496924,0.0009512948044914,0.1147140168397506,0.9818182574251474,1032.0862184777422,8833.454885935012,8997.036690987043,4.837813994535679,0.1606805457549921
CHEMBL2031241,Cc1ccc(C(=O)Nc2nccs2)cc1-n1cnc2ccc(N3CCN(C)CC3)cc2c1=O,7.0,test,0.71382253184325,0.994098028804054,0.0006231850835357,0.1084855249694372,0.9889456889777208,1586.921309744416,14466.25241902776,14627.954376323349,5.771333107926501,0.1796316502249527
CHEMBL1090090,NC(=O)c1ccc(N(C(N)=O)c2c(F)cccc2F)nc1-c1ccc(F)cc1F,5.13,test,0.4015753500526193,0.9635548295726248,0.0005347205583033,0.2675109164263579,0.8792585509539922,1644.3327964494315,5404.615599267555,6146.787646709341,4.039592791184252,0.2097915826319625
CHEMBL1523918,O=S(=O)(Nc1nnc(-c2ccccc2)s1)c1ccc(Cl)cc1,16.0,test,0.7044880440758308,0.9938515235798716,0.0012411159254396,0.1107210417128031,0.9300012684336548,749.3266739802752,6293.968576275099,6767.698916019385,4.430215651447503,0.042564613756567
CHEMBL2031238,Cc1ccc(NC(=O)c2ccoc2)cc1-n1cnc2ccc(N3CCN(C)CC3)cc2c1=O,6.0,test,0.6913788187169692,0.9930893199521168,0.0005960468706184,0.1173609926553196,0.9661697935120236,1620.962781852359,13344.51286410435,13811.767821468624,5.69586068454896,0.1281465688189765
CHEMBL1770469,CSCCC(NC(=O)c1cnccn1)c1nc2ccccc2[nH]1,31.0,test,0.3701646845678276,0.957504056176824,0.0007030452027758,0.2884198023800194,0.8766668065245947,1246.9565300540992,3790.188433862012,4323.408170189091,3.7808356471747393,0.2184986218684949
CHEMBL578288,N#CN=C(N)c1sc(Nc2ccccc2)nc1N,3.0,test,0.7197994815375742,0.9945523810169892,0.0023784728844516,0.104238003690774,0.8985113233585482,377.7681592387332,3256.288077880363,3624.092421794612,3.748239404216633,0.0140804203892171
CHEMBL2031464,Cc1ccc(C(=O)NC2CCC2)cc1-n1cnc2ccc(N3CCN(C)CC3)cc2c1=O,5.0,test,0.7318437608381547,0.994936714866924,0.000754404652271,0.1005033999913077,0.9843366565921304,1304.7860370809055,12779.15697796686,12982.50643454603,5.600026964162225,0.1548288935806652
CHEMBL550436,C[C@H](CO)n1ccc2c(NC(=O)Cc3ccc(Cl)c(C(F)(F)F)c3)cccc2c1=O,3.0,test,0.7317752799051981,0.9949339854356852,0.0007509064056257,0.1005304164174392,0.9842832056930808,1310.7934601688253,12833.847057980396,13038.774799518676,5.56528453086885,0.1483948767661773
CHEMBL560219,O=C(Cc1ccc(Cl)c(C(F)(F)F)c1)Nc1cccc2c(=O)n(CCO)ccc12,3.0,test,0.6954337795157358,0.9933425186853372,0.0007842530462038,0.115198266357922,0.9553420247169538,1218.1553254287364,10102.191741315204,10574.424111938606,5.076447352228767,0.1251962567792891
CHEMBL1163803,CCN(C(=O)NCc1c(F)cccc1F)C1CCN(CCC(c2ccccc2)c2ccccc2)CC1,6.0,test,0.5692155268069522,0.9849298613704692,0.0003357612190268,0.172954237244272,0.9048396707990484,2694.8903551805142,14098.779773617973,15581.522593022011,5.738174642367976,0.1601137254142227
CHEMBL1163492,CCN(C(=O)NCc1ccc(F)cc1)C1CCN(CCC(c2ccccc2)c2ccccc2)CC1,105.0,test,0.3312461433453879,0.94821929060979,0.0002437582450866,0.3176163990027378,0.7758886368677812,3183.025200202226,7775.647263349943,10021.602191185317,4.706176755419869,0.2153976005585576
CHEMBL180184,CCN(C(=O)NCc1ccccc1)C1CCN(CCC(c2ccccc2)c2ccccc2)CC1,4.0,test,0.5833786861335032,0.9861446644316758,0.0003880907698452,0.1658876150076838,0.9033999137945709,2327.80571966413,12676.89264432234,14032.42622757767,5.644793059773761,0.1733946753732579
CHEMBL182380,CCN(C(=O)NCc1ccc(S(C)(=O)=O)cc1)C1CCN(CCC(c2ccccc2)c2ccccc2)CC1,3.0,test,0.7776659123300841,0.9967156258614012,0.0004811644532127,0.0809812395787788,0.9682138798726606,2012.2306903760532,24058.284289814525,24848.10927620524,6.906519952322295,0.1412494705791805
CHEMBL1091644,C[C@]1(O)C[C@@H](c2nc(-c3ccc4ccc(-c5ccccc5)nc4c3)c3c(N)nccn32)C1,17.38,test,0.517711550961283,0.9799667386101824,0.0004114339261063,0.1991612191610663,0.8635549298747391,2098.890915601314,9100.705474046144,10538.652677677635,5.078043679395719,0.113334489254973
CHEMBL6966,COc1ccc(CCN(C)CCCC(C#N)(c2ccc(OC)c(OC)c2)C(C)C)cc1OC,127.7,test,0.3932902916583357,0.9617379062419188,0.0002964441686123,0.2739711658138686,0.9017216691995148,3041.7925689697013,10011.456003050644,11102.601107432756,5.154377130067167,0.3061628955021253
CHEMBL1938400,CC(C)(C)c1cc(NC(=O)NCc2ccccc2Sc2ccc3nnc(-c4ccccc4SCCO)n3c2)n(-c2ccc(O)c(Cl)c2)n1,150.0,test,0.5544455590086698,0.9833026460427862,0.0001659621856132,0.1819777631614788,0.9440518724765352,5688.355265917367,29509.662866533126,31258.518442551576,6.888345021155364,0.2042469376483686
CHEMBL216981,CC[C@@H](Nc1c(Nc2cccc(C(=O)N(C)C)c2O)c(=O)c1=O)c1ccc(C)o1,3.0,test,0.4879894243677569,0.976520227310676,0.0004697407270315,0.2154257311769084,0.846918235658996,1802.948279598748,7088.056601224934,8369.23365537128,4.659910001728163,0.1263286961073658
CHEMBL2177757,O=C(Cc1ccccc1)Nc1nnc(CCSCCc2nnc(NC(=O)Cc3ccccc3)s2)s1,20.42,test,0.7485285940491222,0.9957093626619452,0.0004674087492192,0.0925357504283755,0.9519775244362214,2036.7131039510264,20953.038038923794,22010.013368049385,6.548409534374898,0.0906310733250535
CHEMBL203125,O=CN(O)CCCP(=O)(O)O,3.02,test,0.5999618613234038,0.9870107428148684,0.0042124622003742,0.1606542671952468,0.9747762200277716,231.40295951882268,1404.0467528251943,1440.3785443034226,2.8981567508136687,0.3593786509701479
CHEMBL205526,CC(C)Cn1c(=O)n(C)c(=O)c2c(SCCCO)c(Cc3cccc4ccccc34)sc21,33.0,test,0.1273697399668053,0.852638894195257,0.0002210519008527,0.522500637421132,0.8129048174381485,3677.438711461268,5721.347363584094,7038.1516271668725,4.1876842265466845,0.4605558418470806
CHEMBL2152252,CNC(=O)c1nc(-c2ccc(Cl)c(S(=O)(=O)Nc3cccc(F)c3F)c2)cnc1N,51.29,test,0.4550591725416373,0.9721527482767628,0.0004349440004172,0.2343481043617314,0.8760367717157733,2014.136925386466,7529.218188961915,8594.637156857543,4.470124415910539,0.1606129159790905
CHEMBL1164184,O=C(Nc1ncc(F)s1)C(CC1CCOCC1)c1ccc(S(=O)(=O)C2CC2)cc1,33.11,test,0.2442333962203621,0.9165367792022884,0.0002002583532613,0.3999504123882053,0.7031169399631167,3511.0492446999388,6172.460696445166,8778.711400082258,4.587957664452442,0.2568775939933606
CHEMBL633,CCCCc1oc2ccccc2c1C(=O)c1cc(I)c(OCCN(CC)CC)c(I)c1,27.0,test,0.3377690331621061,0.9505382585504712,0.0002047622768238,0.3106074999607026,0.834020008376402,4073.113570103692,10936.81966560919,13113.378043411743,4.668001672798232,0.1179000482158087
CHEMBL2164678,N#CC1(NC(=O)[C@@H]2CCCC[C@H]2C(=O)N2CCc3[nH]c4ccc(F)cc4c3C2)CC1,12.5,test,0.340995567203301,0.9490230826188404,0.0004639967212353,0.3152065809221522,0.951119315906301,2049.840596661883,6185.2864248907445,6503.165608614434,4.247415874346001,0.3635766628309428
CHEMBL1779503,O=C(NCCc1ccccc1)c1cc(-n2ncc(=O)[nH]c2=O)ccc1Cl,3.0,test,0.5607079279171883,0.9841863137880992,0.0005781993938908,0.1771363874312484,0.8534922401069431,1476.120952606926,7112.360124191119,8333.245212985106,4.77683032162372,0.0807914190564166
CHEMBL51478,COc1ccnc(CSc2nc3ccccc3[nH]2)c1,86.0,test,0.7123526527287263,0.9941223145923934,0.0020644523775429,0.1082627527336275,0.9683464471828616,469.0572946687925,4195.440752696171,4332.582377827332,4.071691747993062,0.1454001894223103
CHEMBL1939560,C[C@H](c1nc2ncccc2c(=O)n1-c1ccc(Cl)cc1)N(CC1CCS(=O)(=O)CC1)C(=O)Cc1ccc(C(F)(F)F)c(F)c1,5.25,test,0.2712536686273828,0.9270347600634564,0.0001018316250049,0.3749754040388383,0.7046663539389673,6919.916616325639,13004.139362385496,18454.32138159361,5.428882750234716,0.2023358978781553
CHEMBL2071614,CC(C)(O)c1ccc(Nc2nc3ccc(C#N)cc3[nH]2)cc1,3.0,test,0.6787191882385164,0.9925614261953905,0.0013444277658425,0.1217448776292967,0.913908829288326,679.7753308193187,5102.90608414616,5583.605191909423,4.409087287161421,0.102006178225426
CHEMBL2097971,COc1ccc2nc(C)cc(OCC(=O)Nc3ccccc3OC)c2c1,138.04,test,0.446053715037564,0.9708726704328684,0.0005655979666415,0.239596030448234,0.8705646608811268,1539.193406317347,5592.610959765608,6424.118978256186,4.385688343238517,0.1820608044296496
CHEMBL2098332,Cc1cc(OCC(=O)Nc2ccccc2)c2cc(Br)ccc2n1,123.03,test,0.309500236110761,0.933454422734587,0.0002861809517759,0.3586960282429107,0.6423444598074115,2244.5395328416835,4019.468910213856,6257.497591586573,4.106666290387427,0.0127666866403008
CHEMBL564535,CN(C)C[C@H](O)Cc1ccc(Cl)c(C(=O)NCC23CC4CC(CC(C4)C2)C3)c1,11.0,test,0.5774431149173608,0.985604306141742,0.0006054227888197,0.1690684823225647,0.9144062881647556,1510.3598758603273,8168.776042145244,8933.420677301174,4.793692339207552,0.1471103164427761
CHEMBL336619,O=C(NCC12CC3CC(CC(C3)C1)C2)c1ccccc1Cl,69.0,test,0.5271936932764997,0.9806594341138474,0.0012431383127014,0.1957219310233493,0.930887754497714,748.8207426209851,3561.522492523336,3825.9419305016568,3.65915336284605,0.2535474339273276
CHEMBL129982,Nc1ccc(Cl)c(C(=O)NCC23CC4CC(CC(C4)C2)C3)c1,19.0,test,0.5525344488831816,0.9831945405591292,0.0011535955880986,0.1825609361685098,0.9359868401819004,811.3647883523569,4159.853583264946,4444.350502253341,3.8425226472309872,0.2315085355365398
CHEMBL550167,O=C(NCC12CC3CC(CC(C3)C1)C2)c1cc(OCCCNCCCO)ccc1Cl,27.0,test,0.506556832514077,0.9786902150169576,0.0003834314505862,0.2053423069658594,0.8859358935148997,2310.545710739857,9968.697678514302,11252.1659315146,5.2006825996692,0.1686516281949319
CHEMBL205742,CC(C)Cn1c(=O)n(C)c(=O)c2c(C(=O)N3CC[C@@H](O)C3)c(Cc3ccnc4ccccc34)sc21,39.0,test,0.1895248993605512,0.8913201681249174,0.0002012268752346,0.4533744124824083,0.7215445132446507,3585.726371805019,5706.676685625593,7908.973848285166,4.178486117056481,0.2741906171620776
CHEMBL1807817,O=c1[nH]c2c(O)ccc([C@@H](O)CNCCSCCCOCCc3ccccc3)c2s1,75.0,test,0.6516397789804874,0.990979333462858,0.0004541574084049,0.134014777728091,0.92623540782626,2039.4589864321656,14095.603172029649,15218.164899471922,5.911417743844647,0.114674632481468
CHEMBL506,COc1cc(NC(C)CCCN)c2ncccc2c1,3.0,test,0.4029753704518463,0.9631512026904268,0.0008118622992774,0.2689605189539617,0.772554542515081,951.5832219363712,2733.30057343441,3538.0033680677675,3.731597378939082,0.1165069268818988
CHEMBL103482,CCOC(=O)c1cnc2c(N)cccc2c1O,20.42,test,0.5458532883761905,0.9825870535559692,0.0018600508880827,0.1858028045649447,0.8172413723257892,439.3650612259022,1932.5182223649044,2364.6847648757016,3.193370553497133,0.0236998120381266
CHEMBL1043,Nc1ccc(S(=O)(=O)c2ccc(N)cc2)cc1,3.0,test,0.3618082760445661,0.955706682298582,0.0012972317790221,0.294320806960427,0.8789634902368195,677.56857675764,2023.4996202010464,2302.142970302275,3.1740585769264715,0.3444976230730966
CHEMBL1539037,COc1ccc(NC(=O)CCc2c(C)nc3nc(C)nn3c2C)cc1,3.98,test,0.7941589177578057,0.997211960950512,0.0015233640064885,0.074621075690681,0.9786930121433424,642.4551243004023,8426.122713304823,8609.566645266603,5.103264315394914,0.1222485415489733
CHEMBL1399574,CCOc1ccc(NC(=O)CCc2c(C)nc3nc(C)nn3c2C)cc1,3.0,test,0.8192403109796221,0.99789756679808,0.0015087008475246,0.0648108492343018,0.9814880303623176,650.5517856456742,9851.881255771665,10037.698831777732,5.390603242581849,0.1022079703092362
CHEMBL244521,CC(C)c1nc2ccc(-c3ccc(F)cc3)cc2c(=O)n1C[C@H]1CCCN(C(C)C)C1,12.88,test,0.5182519002431084,0.9800260283469302,0.000430993416816,0.1988692629908958,0.8685684090254335,2015.2707097985044,8801.764776718543,10133.645991792926,4.984876249323721,0.1795671886067004
CHEMBL244936,Cc1nc2ccc(-c3ccc(Cl)cc3)cc2c(=O)n1C[C@H]1CCCN(C(C)C)C1,3.0,test,0.4938043330144655,0.9772085452176908,0.000409193648872,0.2122815563197253,0.842931146044098,2059.981009890016,8179.806967687661,9704.003709052333,4.931937846952038,0.1383942109258675
CHEMBL1534781,COc1cnc(-c2ccccn2)nc1N(C)c1ccccc1,104.0,test,0.2347541457454789,0.908091682113522,0.0004472548691463,0.4187714136330633,0.6665317258531317,1490.2727098876005,2371.9719373767216,3558.6782224667554,3.5626105868206803,0.2046647492130866
CHEMBL2147032,O=C1COC2(CCN(S(=O)(=O)c3ccc(-c4ccc5cccnc5c4)cc3)CC2)CN1C1CC1,56.23,test,0.433821350490032,0.9689210894089708,0.0002687050274779,0.2473700113161125,0.8172262707428976,3041.3508761386083,10047.58750385159,12294.74365125078,5.155093159231392,0.1381097618546327
CHEMBL585640,CCn1c(SCC(=O)Nc2cccc(C)c2)nnc1-c1ccccc1,150.0,test,0.7502946638923697,0.9957273411541632,0.0012596833380497,0.0923420926666748,0.9737080412610856,772.9784239018458,8150.728290200113,8370.81336993356,4.953161550135446,0.1230798795115375
CHEMBL1940652,COc1ccncc1-c1ccccc1CN(C(=O)c1ccc(-c2ccc(C#N)cc2)o1)c1ccc(N2CCNCC2)cc1,54.95,test,0.1793967981049406,0.8658157323572285,7.520263402002476e-05,0.5003629858439931,0.6256969737682928,8320.147052318458,10404.228488567642,16628.222485890623,5.570393829138468,0.2280990063234935
CHEMBL2325699,CS(=O)(=O)C1(c2cc(N3CC4CCC(C3)O4)nc(-c3cccc4[nH]ccc34)n2)CC1,8.91,test,0.2187939673882517,0.8951570990441485,0.0002022087451121,0.4457507913967899,0.638241951734281,3156.3518747934404,4519.37768773377,7080.978734558835,4.168958784259882,0.1800155084165977
CHEMBL956,CC(C(=O)O)c1ccc(C(=O)c2cccs2)cc1,3.0,test,0.6590662451013061,0.9914134596280672,0.0020772499695341,0.1307644908540034,0.9319049746334716,448.6243775670642,3197.16221480468,3430.7813584342744,3.686783031472002,0.1745608661130131
CHEMBL267744,O=C(O)COc1ccc(C(=O)c2cccs2)c(Cl)c1Cl,82.0,test,0.3395933733798,0.9507471090250924,0.000736458910875,0.3099676348918211,0.8719216450940401,1183.9379389924638,3330.3512988245698,3819.5534169419298,3.5471391224978803,0.2325978040658514
CHEMBL1472189,COc1ccc(CC(=O)Nc2nc3ccccc3[nH]2)cc1,11.22,test,0.582045746378771,0.9860411666949074,0.0011983214288827,0.1665017044445667,0.900814823617378,751.730547335076,4067.0455756859305,4514.851964085144,4.072994307847518,0.1468766192620557
CHEMBL1934418,Cc1ccc(S(=O)(=O)Nc2c(C(=O)N[C@@H](C)C(C)(C)C)c(C)nn2C2CCSCC2)cc1,25.0,test,0.2780907940837509,0.9310178821260682,0.0002397227341186,0.3649735650173733,0.7278427894804902,3036.1859176870157,6054.865994487864,8318.920077245835,4.264416181616905,0.2026896066868619
CHEMBL2347404,Fc1cccc(COc2ccc(Nc3ncnc4ccc(-c5cccc(N6CCOCC6)c5)cc34)cc2Cl)c1,63.1,test,0.6851806050964877,0.9927930882938174,0.0003342694694786,0.1198410774151529,0.9589013257757962,2868.6476430870557,22953.31523606597,23937.09823844039,6.7812853986808,0.1303343560018492
CHEMBL1927707,O=C(CCc1ccccc1O)Nc1ccccc1,30.0,test,0.7424783854126396,0.995395640801058,0.0027311806713673,0.0958515428892566,0.9806698888943556,359.0644512006562,3673.636175806696,3746.047693937552,4.014858102551476,0.1472685408901262
CHEMBL1465276,O=C(C1CCN(c2nnc(-n3cccc3)s2)CC1)N1CCc2ccccc2C1,83.18,test,0.7339721989239255,0.995070962351032,0.0009344223298182,0.0991654167832248,0.972835348916028,1041.1088411224985,10213.515110081207,10498.708873460975,5.257347778069523,0.1618316405591397
CHEMBL1770477,CCOc1ccc2oc(C(=O)NC(CCSC)c3nc4ncccc4[nH]3)c(C)c2c1,150.0,test,0.4894691219124413,0.9764470666356492,0.0004679091924064,0.21575709967145,0.9145841179018332,1954.618829346096,8285.53656215265,9059.348834047849,4.76766719157442,0.23040848769405
CHEMBL1529362,Nc1nnc(-c2ccccc2)s1,3.0,test,0.6360787154591601,0.9899746266471264,0.0047209520508561,0.1412453135324593,0.8593627425530413,182.03166083781824,1107.5144610240352,1288.762481991913,2.6970027042533795,0.0028548224462096
CHEMBL511115,COc1ccc([C@]2(C#N)CC[C@@H](C(=O)O)CC2)cc1OC1CCCC1,13.0,test,0.5278990765278316,0.9810199325917598,0.000778997305162,0.1939069154456827,0.8872293186792871,1138.9375968312318,5211.257296998566,5873.630624330524,4.2186537761557945,0.1457681812274264
CHEMBL1922048,C[C@@](C(=O)O[C@H]1C[N+]2(CC(=O)Nc3ccncn3)CCC1CC2)(c1ccccc1)N1CCCCC1,37.0,test,0.4320330558209072,0.9686780565624874,0.0003207276013163,0.2483200006731687,0.8805491081586201,2745.473431487493,9735.519390366668,11056.191301726849,4.958704110395388,0.2530002234809697
CHEMBL2323231,O=C(CSc1nc2c(c(=O)n1-c1ccccc1)SCC2)Nc1ccc(-c2ccccc2)cn1,150.0,test,0.3932432013948079,0.9613755346975624,0.0003177039075947,0.2752400430260396,0.920533642106406,2897.4577274658595,9690.477030121529,10527.021052644362,4.945235459432329,0.2425103122383967
CHEMBL168899,O=C1Nc2ccccc2B(O)N1c1ccccc1,5.13,test,0.5135659814801896,0.979485486893772,0.0017634425189754,0.2015147164960176,0.8480993760591555,480.9339498924375,2024.0694571679187,2386.5946778231546,3.205322495452532,0.1211187482260046
CHEMBL1600648,Cc1nc2ncnn2c(O)c1CCOC(=O)c1c(F)cccc1F,150.0,test,0.6730063750409196,0.9922152079303412,0.0012263064526632,0.1245350599299239,0.9332653619435738,761.0376345298956,5703.2137282616095,6111.031182368506,4.336979627262549,0.0983380115504015
CHEMBL1904754,Cc1nc2ncnn2c(O)c1CCOC(=O)c1ccccc1F,150.0,test,0.3197894934965037,0.9459414888979152,0.0007990597275841,0.3243373237566028,0.8583969988159341,1074.2588684967725,2843.1528569960265,3312.1654210322827,3.380627708033369,0.3426322751010069
CHEMBL2158775,COc1ccccc1C[C@@H](C(=O)O)N1CCC(CN2CCC(Oc3ccc(Cl)c(Cl)c3)CC2)CC1,8.0,test,0.8504987806531754,0.9986102084309286,0.0007717783066403,0.0527034307947525,0.9722716976354184,1259.7810657153375,23240.41256786573,23903.20794525523,6.812429693342634,0.089830116534594
CHEMBL2158792,Cc1cc(OC2CCN(CC3CCN([C@@](C)(Cc4ccc(F)cc4)C(=O)O)CC3)CC2)ccc1Cl,3.0,test,0.79507985305865,0.9972447693214744,0.0006391085198696,0.0741813322943136,0.9757122356693294,1526.6769340961644,20080.48815572367,20580.338568726303,6.475419162984053,0.1410824946196315
CHEMBL2158783,Cc1c(Cl)ccc(OC2CCN(CC3CCN([C@@H](Cc4ccc(F)cc4)C(=O)O)CC3)CC2)c1Cl,3.0,test,0.8336438221212648,0.9982395547585214,0.0006975378592548,0.0593109712912296,0.9846928513446942,1411.669400133491,23436.82351698479,23801.1512777609,6.816735589751758,0.118583328160728
CHEMBL2158836,O=C(O)[C@@H](Cc1ccccc1)N1CCC(CN2CCC(Oc3ccc(Cl)c(Cl)c3)CC2)CC1,3.0,test,0.8109148947356192,0.997659791507026,0.0006998453732468,0.0683735358904131,0.9928990325893776,1418.7405826273884,20602.505540210583,20749.84954560928,6.596545216972395,0.1393353919118029
CHEMBL2158793,Cc1cc(F)ccc1OC1CCN(CC2CCN([C@@](C)(Cc3ccc(F)cc3)C(=O)O)CC2)CC1,3.0,test,0.5588761944510244,0.9840560786876514,0.0003406497870427,0.1778584661968124,0.8822130233196701,2589.7947301780946,12845.891947361868,14560.986527975065,5.55180440320487,0.1792616932356086
CHEMBL2158778,O=C(O)[C@H](Cc1ccc(F)cc1)N1CCC(CN2CCC(Oc3ccc(Cl)cc3)CC2)CC1,3.0,test,0.7548171167665504,0.9959453551835558,0.0005912114093997,0.0899602661640182,0.9526215162265326,1611.304350830507,17062.679550013516,17911.28927845466,6.205682039396348,0.1504322096913627
CHEMBL2158840,O=C(O)[C@H](Cc1cccc(F)c1)N1CCC(CN2CCC(Oc3ccc(Cl)c(Cl)c3)CC2)CC1,8.0,test,0.6721077317558123,0.9920605371136596,0.0003894583995217,0.125761244832249,0.9606448070199496,2466.617251546127,18841.599864602995,19613.49265297357,6.337405998128386,0.1774894095095981
CHEMBL2158772,Cc1ccccc1C[C@@H](C(=O)O)N1CCC(CN2CCC(Oc3ccc(Cl)c(Cl)c3)CC2)CC1,3.0,test,0.514505731067598,0.979581793730844,0.0002455168703302,0.2010460379889697,0.8462438723977171,3446.7850264606277,14508.222779672677,17144.25740958761,5.892226712976222,0.1655845407373561
CHEMBL2158790,Cc1c(OC2CCN(CC3CCN([C@@](C)(Cc4ccc(F)cc4)C(=O)O)CC3)CC2)ccc(Cl)c1Cl,3.0,test,0.7714625831787604,0.9965120991405056,0.0004751699365327,0.0834484048174841,0.9663719311212076,2033.739630441708,23551.66522794817,24371.222372552744,6.8169657305811695,0.1473914957957555
CHEMBL2158835,O=C(O)[C@H](Cc1ccccc1)N1CCC(CN2CCC(Oc3ccc(Cl)c(Cl)c3)CC2)CC1,3.0,test,0.8464913227583464,0.9985144678969832,0.0008365572555885,0.0544872223590496,0.9888001147940024,1181.9873752673277,21449.969401042144,21692.9277010762,6.715296024425812,0.1188852978098021
CHEMBL2158774,Cc1ccc(C[C@@H](C(=O)O)N2CCC(CN3CCC(Oc4ccc(Cl)c(Cl)c4)CC3)CC2)cc1,14.0,test,0.8610782675422816,0.9987965998160828,0.0008335265929984,0.0490443900546398,0.9921849959132836,1190.34594006668,24081.110609483883,24270.786908360547,7.000326090026639,0.1004957977214501
CHEMBL2158770,N#Cc1cccc(C[C@@H](C(=O)O)N2CCC(CN3CCC(Oc4ccc(Cl)c(Cl)c4)CC3)CC2)c1,3.0,test,0.848792541543871,0.9985653275541234,0.0007483068800454,0.0535470504017396,0.9854817808861458,1316.948710703177,24237.16994722301,24594.234431639048,6.967728344240135,0.111503583434021
CHEMBL2158838,O=C(O)[C@H](Cc1ccc(Cl)cc1)N1CCC(CN2CCC(Oc3ccc(Cl)c(Cl)c3)CC2)CC1,3.0,test,0.7961847199402855,0.9972751007229592,0.0005354612932611,0.0737724438934442,0.9769815324613494,1824.5605140030736,24162.97784053208,24732.276954772424,6.944174039220027,0.1306389447275563
CHEMBL2158782,Cc1cc(OC2CCN(CC3CCN([C@@H](Cc4ccc(F)cc4)C(=O)O)CC3)CC2)ccc1Cl,3.0,test,0.694332442695814,0.9933622425721488,0.0004164527138968,0.1150280619328662,0.92407269840157,2218.9138588025644,17825.5434593084,19290.19598798063,6.341682140283393,0.1275782669481703
CHEMBL2158769,N#Cc1ccccc1C[C@@H](C(=O)O)N1CCC(CN2CCC(Oc3ccc(Cl)c(Cl)c3)CC2)CC1,6.0,test,0.811061496262041,0.997658172633104,0.0006683140879016,0.0683971532914607,0.9955230674500772,1489.6035942856076,21681.234789825827,21778.736725166927,6.596683809730944,0.1483283667397326
CHEMBL272842,O=C(O)[C@H](Cc1ccccc1)N1CCC(CN2CCC(Oc3ccc(CO)c(Cl)c3)CC2)CC1,3.0,test,0.8055053036447426,0.9975371922703996,0.0007034356075784,0.0701395041135017,0.9793060888427824,1392.1758840358775,19437.923566870108,19848.67018425193,6.46229219934641,0.1098123154765163
CHEMBL2158780,Cc1cc(Cl)ccc1OC1CCN(CC2CCN([C@@H](Cc3ccc(F)cc3)C(=O)O)CC2)CC1,3.0,test,0.8260703797214138,0.998054354624878,0.000834265680286,0.0623498613817091,0.9895651873564008,1186.151139547166,18825.605199875165,19024.118310151254,6.317551114587331,0.1566574917815675
CHEMBL2158785,Cc1c(OC2CCN(CC3CCN([C@@H](Cc4ccc(F)cc4)C(=O)O)CC3)CC2)ccc(C#N)c1Cl,5.5,test,0.799203289115102,0.9973589177869822,0.0006629933433156,0.0726304971123007,0.9792847764068968,1477.0657749133857,19915.43614093424,20336.71575494736,6.370980028110291,0.1518391575792912
CHEMBL2158839,O=C(O)[C@H](Cc1ccccc1F)N1CCC(CN2CCC(Oc3ccc(Cl)c(Cl)c3)CC2)CC1,4.0,test,0.6254579566242604,0.9892892581183064,0.0003376134442686,0.1459683656541074,0.9189667918874742,2721.949636449168,17136.461820873872,18647.531088340133,6.147499815288216,0.1403669985218404
CHEMBL2158781,Cc1cc(F)ccc1OC1CCN(CC2CCN([C@@H](Cc3ccc(F)cc3)C(=O)O)CC2)CC1,3.0,test,0.6452241855012109,0.9905285256645884,0.0004808423813644,0.1373071004891481,0.9398779313128612,1954.648691003032,13379.724439585822,14235.59804292506,5.593383819346313,0.1889975393975593
CHEMBL2158773,Cc1cccc(C[C@@H](C(=O)O)N2CCC(CN3CCC(Oc4ccc(Cl)c(Cl)c4)CC3)CC2)c1,3.0,test,0.7895197545272656,0.9970952868291592,0.0006178332735848,0.0761642237738722,0.9648099093190816,1561.6023781319352,19781.590019365285,20503.09582052927,6.43367186968502,0.1208292381365925
CHEMBL2158779,O=C(O)[C@H](Cc1ccc(F)cc1)N1CCC(CN2CCC(Oc3ccc(Cl)cc3Cl)CC2)CC1,3.0,test,0.6642224333001353,0.9917173743314834,0.0003711242391389,0.1284392831226807,0.9319647170346308,2511.193338373635,18221.400276589982,19551.59883580968,6.287847152448888,0.1555012596808051
CHEMBL2158771,N#Cc1ccc(C[C@@H](C(=O)O)N2CCC(CN3CCC(Oc4ccc(Cl)c(Cl)c4)CC3)CC2)cc1,3.0,test,0.8725216445654042,0.9990003058263056,0.0008434154389539,0.044703343934744,0.9883832209576372,1171.881821588999,25910.10487033424,26214.63448684421,7.1831132102999895,0.1120506070667167
CHEMBL81,O=C(c1ccc(OCCN2CCCCC2)cc1)c1c(-c2ccc(O)cc2)sc2cc(O)ccc12,21.0,test,0.3655795599839175,0.956649607584983,0.0002269923623235,0.29124135748121,0.814841349088329,3589.730247958051,10043.42468187416,12325.619819258156,5.235088179820428,0.1926391479348237
CHEMBL1916286,Cc1nn(-c2ccccc2)c(NS(=O)(=O)C2CCCCC2)c1C(=O)N[C@@H](C)C(C)(C)C,14.0,test,0.2431503207828734,0.9165767079705898,0.0002382229525808,0.3998588981200694,0.7084535704072152,2973.90978800381,5269.051201025447,7437.398047125128,4.189820124780465,0.1767794438734124
CHEMBL564366,Cc1ccc2nc(CCNCCCO)ccc2c1NC(=O)CC12CC3CC(CC(C3)C1)C2,33.0,test,0.6874223683570431,0.9929900825144184,0.000576150628198,0.118197698911648,0.9348882326207074,1622.645514671554,12834.363201225677,13728.23269499071,5.687821573805517,0.1024774909146069
CHEMBL100979,Cc1nc2ccccn2c1-c1ccnc(N)n1,50.12,test,0.3765108839419718,0.9589926021729605,0.0015747450723012,0.2834311009355432,0.8427621760954861,535.1737185396565,1591.3009057116997,1888.196873148948,2.9851955778678745,0.2338693968096136
CHEMBL243978,c1cn(-c2ccc(Oc3nccc(Oc4ccc5c(c4)OCO5)n3)cc2)cn1,13.0,test,0.8485791365950661,0.9985611038291436,0.0016928434617586,0.0536257579855303,0.9853687992797928,582.0791003653121,10695.654583895905,10854.468491100355,5.436944721590615,0.0681353338763623
CHEMBL244184,Cc1cnc(Oc2ccc(-n3ccnc3)cc2)nc1Oc1ccc2c(c1)OCO2,3.0,test,0.6963304533599206,0.9934483163452238,0.0008131240249052,0.1142822941266058,0.9330505100576958,1147.488552150968,9368.597183424656,10040.825316997409,5.144389279388763,0.1086830988922744
CHEMBL390674,Cc1cc(Oc2ccc3c(c2)OCO3)nc(Oc2ccc(-n3ccnc3)cc2)n1,3.0,test,0.7546670657304139,0.9958889157601474,0.0010444469595543,0.0905829314279357,0.975532660493534,934.0183831927344,10058.90871428427,10311.196253742386,5.237050118913251,0.1358549778348825
CHEMBL272551,O=S(=O)(c1ccccc1)N1CCN(Cc2ccccc2)CC1,64.0,test,0.4475163691269725,0.97073802011202,0.000903339538738,0.2401409925626933,0.911306550439206,1008.8195095636592,3828.3502431856487,4200.946697179525,3.779095681888665,0.3109004698767497
CHEMBL1689117,O=C(O)COc1ccc(Cl)cc1CN1CCN(S(=O)(=O)c2ccc(F)cc2)CC1,11.0,test,0.4545098168710582,0.9721184263468708,0.0003617325269228,0.2344904372397385,0.8461816038773801,2339.2466557420744,8441.399616637234,9975.872292610697,4.840735790406218,0.2422068766380066
CHEMBL1689122,CC1CN(S(=O)(=O)c2ccccc2)CCN1Cc1cc(Cl)ccc1OCC(=O)O,3.0,test,0.4311744600127844,0.968614149571228,0.0004044068251532,0.2485691639170207,0.8685508048115772,2147.71549536136,7504.551218690693,8640.313470573232,4.564816973936373,0.1951831167317243
CHEMBL1689119,C[C@H]1CN(Cc2cc(Cl)ccc2OCC(=O)O)CCN1S(=O)(=O)c1ccccc1,5.0,test,0.3109507889379435,0.941493175431269,0.0002880171135907,0.3370320468684629,0.7366650329246418,2557.712712763522,5590.499589776616,7588.930300630278,4.233980228083081,0.1802388915731376
CHEMBL1689120,C[C@@H]1CN(Cc2cc(Cl)ccc2OCC(=O)O)CCN1S(=O)(=O)c1ccccc1,8.0,test,0.4164745004396361,0.9662018567034708,0.0003855917304833,0.2577866794517623,0.8724607401097255,2262.654178335341,7657.792649492615,8777.234662191824,4.615085637560241,0.2655598291534811
CHEMBL1689124,CCC[C@H]1CN(Cc2cc(Cl)ccc2OCC(=O)O)CCN1S(=O)(=O)c1ccccc1,11.0,test,0.3596827543978195,0.9547217656001116,0.0003380849859922,0.2975001685535749,0.908449597496198,2687.04507782263,8205.18869374192,9032.07917792738,4.618748173794188,0.3290224430732004
CHEMBL1689109,O=C(O)COc1ccc(Cl)cc1CN1CCN(S(=O)(=O)c2ccccc2)CC1,3.6,test,0.3665383539983423,0.9568470586997994,0.0003562259550776,0.2905919927622621,0.8145875694559251,2286.7159392648923,6410.1228712308,7869.163625357325,4.415170006236602,0.2710135889756767
CHEMBL1689134,C[C@H]1CN(Cc2cc(Cl)ccc2OC(C)(C)C(=O)O)CCN1S(=O)(=O)c1ccccc1,3.0,test,0.2851798799102688,0.9361655662356532,0.0002696482699859,0.3515594296768032,0.8179364512976338,3033.3458150514766,7057.367551775391,8628.259005426486,4.4768609796241785,0.2946168605515487
CHEMBL1689110,O=C(O)COc1ccc(C(F)(F)F)cc1CN1CCN(S(=O)(=O)c2ccccc2)CC1,6.33,test,0.4460713744346702,0.970792162147021,0.0003135049654926,0.2399220246536613,0.8217863150016923,2621.286440265169,8978.489271333112,10925.576524494232,4.956453314767449,0.1454734173491565
CHEMBL1689123,CC[C@H]1CN(Cc2cc(Cl)ccc2OCC(=O)O)CCN1S(=O)(=O)c1ccccc1,9.0,test,0.2270975579485147,0.9118559719031348,0.0002266967161898,0.4105102757600464,0.7358929879971291,3246.156364174276,5819.1569064021,7907.612929211389,4.328460290060889,0.3697666228741428
CHEMBL1778635,N#Cc1ccc(F)c(-c2cc(C(F)(F)F)ccc2OCC(=O)O)c1,3.0,test,0.2810414184312975,0.9335041309268622,0.0004670627901043,0.3585666430978819,0.7581267133071501,1623.1794297675565,3431.9301861593626,4526.855637612836,3.7579951074358,0.1546993782409732
CHEMBL1778646,CCS(=O)(=O)c1ccc(-c2cc(Cl)ccc2OCC(=O)O)c(Cl)c1,3.0,test,0.3190256025174598,0.9458567196556916,0.0004512360987755,0.3245844510788745,0.8334822457418983,1847.108970234244,4743.08774657457,5690.688398950427,3.971752510712319,0.2417170525264664
CHEMBL1778643,CCc1ccc(OCC(=O)O)c(-c2ccc(S(C)(=O)=O)cc2)c1,3.0,test,0.2938748146253134,0.934231693743038,0.0003709935054882,0.356666710538024,0.7004414018084418,1888.015265621955,3707.786626043965,5293.500093613796,4.035119811096269,0.1386751527415744
CHEMBL1778623,CCN(CC)S(=O)(=O)c1ccc(-c2cc(C(F)(F)F)ccc2OCC(=O)O)cc1,9.0,test,0.3802271826103148,0.9596406621460462,0.0003506779935997,0.2812290873218809,0.8190743431242342,2335.687890523905,6802.6463510314425,8305.285604581124,4.4962156375250295,0.2381798359640834
CHEMBL1778618,N#Cc1ccc(OCC(=O)O)c(-c2ccccc2)c1,6.0,test,0.1709066133959075,0.8428715634733639,0.0004183335611433,0.5381147902520121,0.5873483193319816,1404.0191222685798,1532.476502621702,2609.1442712642106,3.308873055691464,0.3079982470125255
CHEMBL1778636,N#Cc1cccc(-c2cc(Cl)ccc2OCC(=O)O)c1,3.0,test,0.1882787132917068,0.8852872563557304,0.0004577168338445,0.4650445932748207,0.6826731416394146,1491.4748402530631,2189.44554908522,3207.165209147304,3.4598942852977093,0.2385885028750607
CHEMBL1778638,CCS(=O)(=O)c1ccc(-c2cc(C(F)(F)F)ccc2OCC(=O)O)c(Cl)c1,3.0,test,0.3387183885610997,0.9507423908305288,0.0003783542581981,0.3099821063833357,0.825686756704439,2182.311256748257,5812.933929404789,7040.120096640442,4.216677591559217,0.1896785874475448
CHEMBL212521,CC[C@H](N)C(=O)N[C@H](C#N)Cc1ccc(-c2ccccc2)cc1,28.67,test,0.5086179453868577,0.9789543536907362,0.0008066472885872,0.2040793311189371,0.8755461866948,1085.413909006255,4656.669559849117,5318.58813459986,4.241563164879032,0.1309115027014339
CHEMBL1778642,CS(=O)(=O)c1ccc(-c2cc(Cl)ccc2OCC(=O)O)c(Cl)c1,10.0,test,0.3092703663803715,0.9432368827871268,0.0004742716512403,0.3321207355014502,0.8278249643705783,1745.4658363105802,4350.647337849095,5255.515990819425,3.8892503706209016,0.2486014539456471
CHEMBL1778622,CCSc1ccc(-c2cc(C(F)(F)F)ccc2OCC(=O)O)cc1,134.0,test,0.3158757096510473,0.9432727241913952,0.0003863440101318,0.3320189268649359,0.7462789225822964,1931.6435689725108,4341.755137508298,5817.871852101662,4.118826041423852,0.2071612193106631
CHEMBL1778639,CCS(=O)(=O)c1ccc(-c2cc(C(F)(F)F)ccc2OCC(=O)O)c(C)c1,3.0,test,0.2962183837764719,0.9372353027861812,0.0002913980383218,0.3486975583672691,0.7365863401094405,2527.766982754847,5339.637705509231,7249.167429192182,4.333991674072589,0.2202316587181318
CHEMBL1778637,CS(=O)(=O)c1ccc(-c2cc(C(F)(F)F)ccc2OCC(=O)O)c(Cl)c1,3.0,test,0.2866495236866451,0.9356353468168346,0.0003380571583284,0.3529681257379223,0.7679109036874643,2271.541615874587,4941.923782390212,6435.54318431914,4.0859232513351325,0.1628688913779792
CHEMBL1778644,CCS(=O)(=O)c1ccc(-c2cc(Cl)ccc2OCC(=O)O)c(F)c1,3.0,test,0.3475207284047214,0.9528124306605008,0.0005277458740238,0.3035596679053856,0.8405680172737026,1592.751471204729,4410.388097333201,5246.913999461755,3.884398368501576,0.2515734647030018
CHEMBL1778652,CCS(=O)(=O)c1ccc(-c2cc(C(F)(F)F)ccc2CCC(=O)O)c(C)c1,3.0,test,0.3354316543777317,0.9495668466434766,0.000352539163744,0.3135646723653101,0.7908421897058464,2243.274708281855,5657.768360915755,7154.105375966551,4.335814836693756,0.2494084977783399
CHEMBL1778612,O=C(O)COc1ccc([N+](=O)[O-])cc1-c1ccccc1,3.0,test,0.1948728575331776,0.864937977651117,0.0003925253946422,0.5018787650586503,0.5877385059617963,1497.3260685398757,1753.4836054648267,2983.4417647953205,3.377550429507486,0.2140529188068937
CHEMBL1778647,CCS(=O)(=O)c1ccc(-c2cc(Cl)ccc2OCC(=O)O)c(C(F)(F)F)c1,4.0,test,0.2440393359670308,0.9218930960606446,0.0003628041177271,0.3874443436620531,0.8286992805001661,2284.150702841416,4885.537948773572,5895.429215076521,3.930701551614225,0.2451518220459761
CHEMBL2046990,Nc1ccc(-c2ccccc2Cl)cc1,39.81,test,0.4380994399165371,0.9697164823730162,0.0021768662040546,0.2442333798114082,0.8583638244219692,394.3117049744089,1385.817546141869,1614.4873615510207,2.886786756596858,0.2263108480516853
CHEMBL1778645,CCS(=O)(=O)c1ccc(-c2cc(Cl)ccc2OCC(=O)O)c(C)c1,3.0,test,0.3240569448731477,0.947074446946392,0.0004621660612484,0.3210140058333678,0.8150700594094638,1763.5870042202332,4477.832549928349,5493.800806733887,3.98852939864307,0.298073762463264
CHEMBL1778616,O=C(O)COc1ccc(Br)cc1-c1ccccc1,3.0,test,0.3511946108259195,0.9515768784093076,0.00061140915049,0.3074108724114972,0.7356219304635213,1203.1581959052214,2879.109472550018,3913.8439914860446,3.607896880963008,0.1682884786132597
CHEMBL1777822,Cc1ccc(C#N)cc1-c1cc(C(F)(F)F)ccc1OCC(=O)O,3.0,test,0.1494716901084554,0.8574681960221515,0.0003166398799498,0.5145369693331249,0.6889123631982946,2175.696767278135,2913.0353908118614,4228.455673647682,3.7275455229101486,0.4677367435662965
CHEMBL1778627,CN(c1ccc(-c2cc(C(F)(F)F)ccc2OCC(=O)O)cc1)S(C)(=O)=O,13.0,test,0.3885800271488264,0.961031642389066,0.0003815931437543,0.276438387940196,0.7997381538452493,2095.787534275218,6063.127722607576,7581.391100893758,4.417082271909431,0.1847500651176699
CHEMBL1778653,CCS(=O)(=O)c1ccc(-c2cc(C(F)(F)F)ccc2OCC(N)=O)c(C)c1,3.0,test,0.3278548227308824,0.9471989666587168,0.0003285718308977,0.3206464058127882,0.7693772268898017,2341.579997249681,5618.520252107371,7302.685933167234,4.360235859980825,0.2007729222374638
CHEMBL1778624,O=C(O)COc1ccc(C(F)(F)F)cc1-c1ccc(Cl)cc1,11.0,test,0.2684290763891899,0.920677269234956,0.0003278628738581,0.3903246929340546,0.6540374769551426,1994.850680281805,3342.619950652704,5110.746812574409,3.9746256319430806,0.146897859422993
CHEMBL1778641,CCS(=O)(=O)c1ccc(-c2cc(Cl)ccc2OCC(=O)O)cc1,3.0,test,0.3838934616320647,0.9601965647329598,0.000488368236,0.2793251815984792,0.8038335850387899,1645.9579591468655,4736.688183831681,5892.622891096429,4.159125009441367,0.1598299693530039
CHEMBL1778621,CS(=O)(=O)c1ccc(-c2cc(C(F)(F)F)ccc2OCC(=O)O)cc1,3.0,test,0.3049388925196762,0.9381823088940991,0.0003120657230695,0.3461415249260584,0.7088080101898788,2271.34208530798,4651.11911751007,6561.888481288617,4.243939730101949,0.133048108930603
CHEMBL1778649,CCS(=O)(=O)c1ccc(-c2cc(C(F)(F)F)ccc2O[C@@H](C)C(=O)O)c(C)c1,3.0,test,0.2972321606886261,0.9391451905285564,0.0003170398855861,0.3435204667950386,0.7786028694053115,2455.851471072528,5566.285526012629,7149.068857483274,4.268063058315113,0.3223432738198077
CHEMBL1778628,N#Cc1cccc(-c2cc(C(F)(F)F)ccc2OCC(=O)O)c1,3.0,test,0.2116706951153974,0.8927548066567434,0.0003141229062643,0.4505428450117485,0.6462949500066493,2057.4588389388014,2951.3846955399254,4566.621935556762,3.860474405623458,0.1944611814974477
CHEMBL1778625,COc1ccc(-c2cc(C(F)(F)F)ccc2OCC(=O)O)cc1,12.0,test,0.2423223273513951,0.9122194624883462,0.0003532170265975,0.4097019065826676,0.6716642563167302,1901.562511826608,3117.416711577061,4641.331859271981,3.847618343998139,0.1685285859285063
CHEMBL1778633,Cc1cc(N(C)S(C)(=O)=O)ccc1-c1cc(C(F)(F)F)ccc1OCC(=O)O,3.0,test,0.333632472761209,0.9487939821140268,0.0003179373734203,0.3158955199179117,0.7754650989465387,2439.049837406861,5987.4164217072375,7721.064983892997,4.39804071344695,0.2246934691206852
CHEMBL1778620,Nc1ccc(OCC(=O)O)c(-c2ccccc2)c1,3.0,test,0.2143143052089793,0.8815237094402535,0.000508384528542,0.4721397565283985,0.5948674085924145,1170.1131234233164,1474.2714458296994,2478.319411241819,3.244871447219142,0.1539794549922722
CHEMBL563,CC(C(=O)O)c1ccc(-c2ccccc2)c(F)c1,23.5,test,0.6431714458716179,0.990215149980132,0.0023957748162185,0.1395491194878154,0.9707969176196796,405.2120888189112,2818.9260401745373,2903.7237232750285,3.5416762878072965,0.1681300155733821
CHEMBL1778629,CCS(=O)(=O)c1cccc(-c2cc(C(F)(F)F)ccc2OCC(=O)O)c1,12.0,test,0.2929039830978188,0.9385475434094276,0.0004327712885436,0.3451499800957961,0.8395009165182694,1939.8258127136685,4718.196846504051,5620.24025664226,3.975891671220544,0.3603472671747696
CHEMBL110861,Oc1nc2c(O)ccc(CCNCCOCCCOCCc3ccccc3)c2s1,56.0,test,0.6744838571973691,0.9923351571703932,0.0004996216533736,0.1235756280324352,0.9075042775182078,1816.3829997965688,13339.000320468422,14698.553660757583,5.986264303567609,0.0858480088201509
CHEMBL250961,Cc1ccc(F)cc1S(=O)(=O)N[C@@H]1CCN(Cc2ccc(-c3ccccc3)cc2)C1,144.54,test,0.7444453626167578,0.9955145835707032,0.0007843758938336,0.0946082126353185,0.967966335542466,1234.0592605562615,12626.04785577522,13043.891499283756,5.629030461797969,0.1307457899911169
CHEMBL1829174,Cc1cc(OCCCS(C)(=O)=O)cc(C)c1-c1cccc(COc2ccc3c(c2)OC[C@H]3CC(=O)O)c1,5.5,test,0.5228945849788573,0.9804396229578022,0.0002394812462312,0.1968200846823381,0.8993886623380462,3755.570327497331,17161.446600410825,19081.235197915456,6.1741457694309,0.1748822248381937
CHEMBL38380,O=S(=O)(c1cccc2cnccc12)N1CCCNCC1,10.0,test,0.3181123094993363,0.9455579726147154,0.0010204095699519,0.3254537147195424,0.851464133587587,834.4337006048411,2183.076535273366,2563.9089765004187,3.0947846573703,0.2304171403357508
CHEMBL591931,N=C(N)c1cc2c(-c3ccccc3)cccc2s1,5.0,test,0.3098663283805919,0.940519655347412,0.0008242371452202,0.3397392793086864,0.72379473922657,878.138947539358,1870.8238618515647,2584.7436579197624,3.2509088094956167,0.1756289139479292
CHEMBL402728,Cc1nc(CSc2nc(N[C@H](C)CO)c3sc(=O)[nH]c3n2)cs1,3.0,test,0.4823984192829272,0.9758347962687504,0.000570814716997,0.2185096116676025,0.8494572160153775,1488.1487647764045,5785.185819041537,6810.44990844696,4.365552639920108,0.1519908206428397
CHEMBL560993,Cc1c(Cc2ccc3ccccc3n2)c2cc(F)ccc2n1CC(=O)O,3.0,test,0.2964822912365317,0.9395559406585496,0.0004702313530176,0.3423954356781461,0.815907068563974,1735.118390826104,4134.679415531488,5067.586217642009,3.962023025727616,0.3128520850214216
CHEMBL1924034,CN(C)C(C)(C(=O)OC1CC[N+](C)(C)CC1)c1ccccc1,3.0,test,0.3936925262925847,0.9619495751714546,0.0008737313507669,0.2732270389757538,0.8926654670708906,1021.6704096600428,3337.919617511289,3739.2727070131073,3.64110031235651,0.3196345223787571
CHEMBL17157,CC(C)(C)c1ccc(C(O)CCCN2CCC(C(O)(c3ccccc3)c3ccccc3)CC2)cc1,95.5,test,0.6227093368823349,0.9889521796392692,0.0003982100137007,0.1482349027278624,0.9496731281943426,2384.854964767253,15278.67346355148,16088.349780520302,5.981470181265401,0.1843481727448906
CHEMBL914,CC(C)(C(=O)O)c1ccc(C(O)CCCN2CCC(C(O)(c3ccccc3)c3ccccc3)CC2)cc1,3.0,test,0.7108493425509799,0.9940809722705324,0.000482867237676,0.1086417073212341,0.9602006531417692,1988.539661052856,17575.175578707705,18303.648847979704,6.143413856643911,0.1500429624744043
CHEMBL1489611,Cc1cc(C)cc(-c2nnc(SCC(=O)N3CCN(C(=O)c4ccco4)CC3)o2)c1,67.61,test,0.4800967287980822,0.9755328195800776,0.0003837949169984,0.2198538558273284,0.8742834536073341,2277.996437380695,9058.811295729996,10361.412260923984,5.0435758524525225,0.1540484367533868
CHEMBL1921944,C[C@@](C(=O)O[C@H]1C[N+]2(CC(=O)Nc3cccc(F)c3)CCC1CC2)(c1ccccc1)N1CCCCC1,34.0,test,0.6478284058221102,0.9905197262947852,0.0004882184100619,0.1373705638807085,0.9708494576981624,1988.555608902414,14053.870639870518,14475.849503167645,5.554236049356583,0.2229731781029786
CHEMBL1921942,C[C@@](C(=O)O[C@H]1C[N+]2(CC(=O)Nc3ccccc3)CCC1CC2)(c1ccccc1)N1CCCCC1,62.0,test,0.5202263407972906,0.9801985922218954,0.000378043081057,0.1980169684805179,0.8890531596962813,2351.724457462559,10558.731787916531,11876.378451344362,5.099174084122272,0.1808839867087962
CHEMBL20921,Nc1ccc2nc(SCC(=O)NC3CCN(Cc4ccc(Cl)c(Cl)c4)CC3)sc2c1,59.0,test,0.5845700030992808,0.9862456242462933,0.0003994348584831,0.1652863232546464,0.9024656762122352,2259.3563306899,12336.11770551098,13669.348353820233,5.417784328895021,0.187791227695214
CHEMBL1346,NC(=O)C(c1ccccc1)(c1ccccc1)[C@@H]1CCN(CCc2ccc3c(c2)CCO3)C1,9.5,test,0.5921716974848905,0.9866024602884736,0.0005727148792491,0.1631428372706893,0.9507135746663766,1660.0120044248758,9673.706631062822,10175.206170225883,5.0211626417857085,0.2071035857864893
