Drug_ID,Drug,Y,split,d3d_asphericity,d3d_eccentricity,d3d_inertial_shape_factor,d3d_npr1,d3d_npr2,d3d_pmi1,d3d_pmi2,d3d_pmi3,d3d_radius_of_gyration,d3d_spherocity_index
Zileuton,C[C@H](c1cc2ccccc2s1)N(O)C(N)=O,1,train,0.5640862561551885,0.9842587590208178,0.0023479900346327,0.1767334017405868,0.9388958538578772,399.8721630029111,2124.3200901417104,2262.5726606555804,3.1825692822143155,0.1956892316459428
Risperidone.mol,Cc1nc2n(c(=O)c1CCN1CCC(c3noc4cc(F)ccc34)CC1)CCCC2,1,train,0.7769647475800292,0.996718470887636,0.0009369137719315,0.0809462154236532,0.9495868354366984,1013.5263925932576,11889.76303261453,12520.985536985288,5.564887803483576,0.095771736971183
Alprazolam.mol,Cc1nnc2n1-c1ccc(Cl)cc1C(c1ccccc1)=NC2,1,train,0.1630003588742512,0.8649980464937599,0.0004035055310088,0.501775228127076,0.6715165516475101,1664.2065598668778,2227.177006091561,3316.6375432256546,3.4164421529255105,0.3932322863642936
Tilidine,CCCC(=O)[C@]1(c2ccccc2)CCC=C[C@@H]1N(C)C,1,train,0.1297177888013928,0.8496534199967424,0.0006144998846458,0.5273415078370366,0.7474819825434742,1216.4070347616523,1724.2002163889024,2306.6779623529205,3.109168187852726,0.4278012818156272
Zaleplon.mol,CCN(C(C)=O)c1cccc(-c2ccnc3c(C#N)cnn23)c1,1,train,0.5879066307730174,0.9862007444363868,0.0012456892982467,0.1655538935607275,0.956162073211096,767.5766939291074,4433.164978669373,4636.415836680696,4.013536833476866,0.265401640887936
Terfenadine.mol,CC(C)(C)c1ccc([C@H](O)CCCN2CCC(C(O)(c3ccccc3)c3ccccc3)CC2)cc1,1,train,0.7054707198355464,0.993861482673254,0.0004881138361308,0.1106316105754658,0.9481166979711276,1942.408978787924,16646.511584694257,17557.450069507355,6.190009536489509,0.1127622501597946
Ipratropium,CC(C)[N+]1(C)[C@@H]2CC[C@@H]1CC(OC(=O)[C@@H](CO)c1ccccc1)C2,0,train,0.0,0.0,0.0,0.0,0.0,0.0,0.0,0.0,0.0,0.0
Amobarbital.mol,CC[C@]1(CCC(C)C)C(=O)N=C(O)N=C1O,1,train,0.1817775827829696,0.8893858152059884,0.0012782506704408,0.4571573817739133,0.9147456389355066,715.6230464717844,1431.9205747957153,1565.375678054117,2.8643330273095478,0.3803859617100888
Chlorhexidine,N=C(NCCCCNC(=N)NC(=N)Nc1ccc(Cl)cc1)NC(=N)Nc1ccc(Cl)cc1,0,train,0.9390393885214696,0.9997834123212288,0.0014505946887719,0.0208117382099642,0.9953141835097058,686.1421672185387,32814.511889724155,32968.998566877315,8.343603929807722,0.0617088003078575
Ramipril.mol,CCOC(=O)[C@@H](CCc1ccccc1)N[C@H](C)C(=O)N1[C@H](C(=O)O)C[C@@H]2CCC[C@@H]21,1,train,0.4657757014782528,0.9735747773945798,0.0004748875252546,0.2283684584637169,0.8883204643630214,1870.5912813497423,7276.33109607398,8191.11051470771,4.562133883650715,0.1822104909466883
Amygdalin,N#C[C@H](O[C@@H]1O[C@@H](CO[C@@H]2O[C@@H](CO)[C@@H](O)[C@H](O)[C@@H]2O)[C@@H](O)[C@H](O)[C@@H]1O)c1ccccc1,0,train,0.4452380421216668,0.9707798340609846,0.0003557352023911,0.2399719020646523,0.844250261447229,2373.2547573935067,8349.398126079528,9889.71932536549,4.746633706345655,0.1694275667545423
Azimilide,CN1CCN(CCCCN2C(=O)CN(/N=C/c3ccc(-c4ccc(Cl)cc4)o3)C2=O)CC1,1,train,0.6342486059175348,0.9898988378624064,0.0003895884179263,0.141775494351658,0.9133904635961944,2344.5010723314363,15104.478606485927,16536.715904627123,6.0914174348861785,0.1167718741106694
Glipizide.mol,Cc1cnc(C(=O)NCCc2ccc(S(=O)(=O)NC(=O)NC3CCCCC3)cc2)cn1,1,train,0.5974582515071909,0.9872959902502536,0.0003737336562172,0.1588918740394595,0.8813942806400965,2358.348695595725,13082.072727878403,14842.475172833872,5.82958879592112,0.0824655024036599
Floxacillin.mol,Cc1onc(-c2c(F)cccc2Cl)c1C(=O)N[C@@H]1C(=O)N2[C@H]1SC(C)(C)[C@H]2C(=O)O,1,train,0.4435688884754165,0.9700272498037829,0.0004663775269547,0.2429961617764971,0.919319225351275,1971.191089232136,7457.541106509348,8112.025617281958,4.395812236569045,0.1975102042669818
Mibefradil.mol,CCC(=O)O[C@@]1(CCN(C)CCCc2nc3ccccc3[nH]2)CCc2cc(F)ccc2[C@@H]1C(C)C,1,train,0.509741250088758,0.9789941757206988,0.000313766777864,0.2038882142374829,0.8981103571039956,2862.350065287192,12608.410196272762,14038.820615463392,5.546369840779407,0.2472281778044694
Dienogest.mol,C[C@@]12CCC3=C4CCC(=O)C=C4CC[C@@H]3[C@H]1CC[C@]2(O)CC#N,1,train,0.4505383217245019,0.9700129713977516,0.0010298858636272,0.24305315328155,0.9723909809552032,944.1735393186806,3777.387051738903,3884.6380989962336,3.717183064075765,0.3900373412575436
Bepridil.mol,CC(C)COC[C@@H](CN1CCCC1)N(Cc1ccccc1)c1ccccc1,1,train,0.1306933163205912,0.8509753633479159,0.0003596505617727,0.5252056082858242,0.929204139550136,2583.6304410871244,4571.0100255048965,4919.274281018486,4.0582896006062885,0.5247748336386125
Chlorpheniramine.mol,CN(C)CCN(c1ccc(Cl)cc1)c1ccccn1,1,train,0.2933209073946503,0.9325089422190006,0.0005207097155942,0.3611468851888392,0.6819619493787148,1309.6777896690428,2473.094619198196,3626.440773493668,3.66511243220984,0.1457495925179959
Guanadrel,N=C(N)NC[C@@H]1COC2(CCCCC2)O1,1,train,0.6166460662684674,0.9884821299260944,0.0029625277471203,0.1513376318592706,0.9540681733937716,322.04531225779846,2030.2497074986636,2127.9922799193096,3.240871786590034,0.2651576527913911
Sibutramine,CC(C)C[C@@H](N(C)C)C1(c2ccc(Cl)cc2)CCC1,1,train,0.424371251170879,0.9667574896421894,0.0011326657804296,0.2556950453581998,0.9303176669674258,821.3523203769109,2988.3980480767063,3212.234008000777,3.541998690540894,0.4919748799984644
Aminopyrine,Cc1c(N(C)C)c(=N)n(-c2ccccc2)n1C,1,train,0.418660210067415,0.9666282960134628,0.0015669833098565,0.2561830153349541,0.8374764886114572,534.4514414056697,1747.1514100828915,2086.209504197166,3.079327472223149,0.2116505865512318
Imatinib.mol,Cc1ccc(NC(=O)c2ccc(CN3CCN(C)CC3)cc2)cc1Nc1nccc(-c2cccnc2)n1,1,train,0.6050936287773333,0.9878725669273508,0.000293107704119,0.1552668397062516,0.8787296373019311,2997.975232152419,16966.98208950148,19308.535150353226,6.307257903068008,0.0733102202932832
Nicardipine.mol,COC(=O)c1c(C)cc([N+](=O)[O-])c(C(=O)OCCN(C)Cc2ccccc2)c1C1C=C(C)NC(C)=C1,1,train,0.3504014712812351,0.9533926923375022,0.0002848470618446,0.3017322889540474,0.8181462563458034,2872.229929448617,7788.043408574803,9519.13346564658,4.521361398321047,0.2068061638389655
Norgestimate,C#C[C@@]1(OC(C)=O)CC[C@@H]2[C@@H]3CCC4=CC(=NO)CC[C@@H]4[C@@H]3CC[C@@]21CC,1,train,0.4613114498725271,0.9729665263338996,0.0006912471631058,0.2309461812495393,0.8872927168909874,1283.6113683335377,4931.620918252765,5558.054094631617,3.991385695400223,0.2831892409758006
Doxepin.mol,CN(C)CCC[C@@H]1c2ccccc2COc2ccccc21,1,train,0.1417772014435917,0.8495251022255272,0.0004485014602029,0.5275481975030408,0.6853197869620562,1528.0213059996322,1985.0001210460296,2896.4582065334885,3.374699547228994,0.3713719194163409
Nateglinide.mol,CC(C)[C@H]1CC[C@@H](C(=O)N[C@H](Cc2ccccc2)C(=O)O)CC1,1,train,0.4333947942643153,0.9689992965287644,0.000724897702756,0.2470634803583072,0.8542001161068288,1178.3733247590708,4074.121474232456,4769.51641355541,3.97318826269972,0.207407506232316
Chlorpromazine.mol,CN(C)CCCN1c2ccccc2Sc2ccc(Cl)cc21,1,train,0.1871316702973654,0.8763570311094193,0.0003463179210758,0.4816620745139523,0.6427204047235553,1855.86816508609,2476.434000707568,3853.0502260508174,3.582571105910144,0.2916971960413553
Trimeprazine,C[C@@H](CN(C)C)CN1c2ccccc2Sc2ccccc21,1,train,0.2871644235890376,0.9309764713853136,0.0005137662047881,0.3650791828178513,0.6871708956428013,1337.5167327834274,2517.543082325207,3663.634618823921,3.549088182698444,0.1445539422540958
Promethazine.mol,C[C@@H](CN1c2ccccc2Sc2ccccc21)N(C)C,1,train,0.1507750518316454,0.8696358820528247,0.0006693303485458,0.4936936627567802,0.7671759519108178,1146.1843222521404,1781.1147171282278,2321.6508712140626,3.037631184393935,0.4138979521817419
Tramadol.mol,COc1cccc([C@@]2(O)CCCC[C@H]2CN(C)C)c1,1,train,0.1479087228349527,0.8696750263214781,0.0007139794987135,0.4936247041961499,0.8118558529436972,1137.0856647936537,1870.144756560389,2303.542863895673,3.175204212122744,0.5181025571499052
Ketoprofen.mol,C[C@H](C(=O)O)c1cccc(C(=O)c2ccccc2)c1,1,train,0.5508239513085773,0.9830070884321856,0.0016568784009583,0.1835676008779254,0.9383169441785634,566.3161180903887,2894.7592430486493,3085.054853808301,3.5877068597541664,0.2645066311181661
Anagrelide.mol,O=C1CN2Cc3c(ccc(Cl)c3Cl)N=C2N1,1,train,0.5926495972403351,0.9868066376425864,0.0019372453364608,0.1619032424151333,0.8418021340992038,434.53563586173067,2259.3310680748177,2683.9217632686145,3.240327107441496,0.0458716851600228
Propoxyphene.mol,CCC(=O)O[C@@](Cc1ccccc1)(c1ccccc1)[C@@H](C)CN(C)C,1,train,0.1067722376794478,0.8309583444271396,0.0004095832676122,0.5563346383489951,0.7987718286006602,1950.2062016771088,2800.05893302794,3505.4552911978167,3.4870328104599766,0.507334717143954
Venlafaxine.mol,COc1ccc([C@H](CN(C)C)C2(O)CCCCC2)cc1,1,train,0.2553166733175678,0.9248097509579348,0.0006463835028436,0.3804299206596696,0.7625962782651972,1179.7892039481794,2364.963445851596,3101.1998265078946,3.4610201458739103,0.2781079582851489
Oxybutynin.mol,CCN(CC)CC#CCOC(=O)[C@](O)(c1ccccc1)C1CCCCC1,1,train,0.4865055974122944,0.9763524932186232,0.0006162530341761,0.2161846640855409,0.8677643116661323,1408.1298809768775,5652.227284812932,6513.551212956078,4.357155708614711,0.1502745331345535
Fluoxetine.mol,CNCC[C@@H](Oc1ccc(C(F)(F)F)cc1)c1ccccc1,1,train,0.4907928242463427,0.9768390226425196,0.0008310508943906,0.2139755215972308,0.8825404538006965,1061.9571674341894,4380.034470617692,4962.984361515549,4.101038258067369,0.2427938566476932
Pralidoxime,C[n+]1ccccc1/C=N/O,0,train,0.422245784698634,0.9656662522763082,0.0037742329040482,0.2597858526067764,0.7445779527029341,197.27928075246885,565.4264907016304,759.3919329051364,2.3555339232169543,0.0352991397830796
Labetalol.mol,C[C@@H](CCc1ccccc1)NC[C@@H](O)c1ccc(O)c(C(N)=O)c1,1,train,0.761232023841193,0.9960734520252436,0.0013565764527272,0.0885306623182876,0.994090892882522,732.7938583070688,8228.377398604698,8277.288784675646,5.123004373264746,0.1486745936484454
Pramipexole.mol,CCCN[C@@H]1CCc2nc(N)sc2C1,1,train,0.5202332396230551,0.980230132899967,0.0022117476274834,0.1978607756856148,0.8778142273158621,396.8871567479204,1760.7996917278567,2005.8910381436228,3.1385833189560755,0.2019765299154777
Vancomycin,CN[C@H](CC(C)C)C(=O)N[C@@H]1C(=O)N[C@H](CC(N)=O)C(=O)N[C@H]2C(=O)N[C@@H]3C(=O)N[C@H](C(=O)N[C@@H](C(=O)O)c4cc(O)cc(O)c4-c4cc3ccc4O)[C@H](O)c3ccc(c(Cl)c3)Oc3cc2cc(c3O[C@@H]2O[C@@H](CO)[C@@H](O)[C@H](O)[C@H]2O[C@@H]2C[C@@](C)(N)[C@H](O)[C@H](C)O2)Oc2ccc(cc2Cl)[C@@H]1O,0,train,0.171056460880636,0.8479640937383774,1.4634045384755337e-05,0.5300536724997312,0.5977540628517503,40846.80941842958,46063.91305478559,77061.64778709327,7.521345492491803,0.1648732446321707
Dihydrocodeine,COc1ccc2c3c1O[C@H]1[C@@H](O)CC[C@@H]4[C@H](C2)N(C)CC[C@]341,1,train,0.1659189525542506,0.879817945757373,0.0006317449621358,0.4753108270629613,0.7580027810112939,1199.8556798118816,1913.4719647131624,2524.360085012212,3.0582569632353898,0.4036132889701979
Protriptyline.mol,CNCCCC1c2ccccc2C=Cc2ccccc21,1,train,0.2334779482260563,0.9155195435756182,0.0006183062544182,0.4022734956855743,0.7497494227116899,1212.5858623525664,2259.993661123012,3014.3319790085043,3.509209482538099,0.2774658555357056
Zopiclone.mol,CN1CCN(C(=O)O[C@@H]2c3nccnc3C(=O)N2c2ccc(Cl)cn2)CC1,1,train,0.1844417381239926,0.8573296672263331,0.0001883870536962,0.5147677551028085,0.5906316954804582,3135.2032100506576,3597.254041792433,6090.519810092806,4.060765674021448,0.2077198516397984
Flucytosine.mol,Nc1nc(=O)[nH]cc1F,1,train,0.3523313714513895,0.9490662430957988,0.0042252401035751,0.3150766037268175,0.6857948424093401,162.30908199253736,353.2814877082626,515.1416514990273,1.998043317950536,0.0055518769029377
Granisetron.mol,CN1[C@H]2CCC[C@@H]1C[C@H](NC(=O)c1nn(C)c3ccccc13)C2,1,train,0.5950537243275528,0.9869989048454278,0.0011776807568439,0.1607269791725271,0.9264361078949,786.6614976180904,4534.3452594961,4894.396085013669,4.043388039541697,0.1977230726631252
Clonazepam.mol,O=C1CN=C(c2ccccc2Cl)c2cc([N+](=O)[O-])ccc2N1,1,train,0.1137315558873219,0.7976773164006299,0.0003550570858227,0.6030844873646556,0.6426655660829291,1810.0344754245912,1928.8289703180576,3001.295031371205,3.2671702077029274,0.3014717561234339
Lorazepam.mol,O=C1Nc2ccc(Cl)cc2C(c2ccccc2Cl)=N[C@H]1O,1,train,0.089108686315047,0.7784200945797833,0.0003857994675228,0.6277437027596543,0.6888746727293051,1785.5770438266456,1959.4602005430047,2844.436409281343,3.2029312157031704,0.3577148950243671
Flurazepam.mol,CCN(CC)CCN1C(=O)CN=C(c2ccccc2F)c2cc(Cl)ccc21,1,train,0.3223984909604313,0.9467268410837164,0.0004250392683447,0.3220377126543522,0.839620584242322,1975.3953264414451,5150.274371363766,6134.049674367381,4.134282185995418,0.2511614387855843
Desmethyldiazepam.mol,O=C1CN=C(c2ccccc2)c2cc(Cl)ccc2N1,1,train,0.1785265848393933,0.8450548466663791,0.0003992634182468,0.5346796294283732,0.5762989351603909,1443.405302922357,1555.7595488878628,2699.570403431123,3.2442541911992824,0.2529981126324718
Nitrazepam.mol,O=C1CN=C(c2ccccc2)c2cc([N+](=O)[O-])ccc2N1,1,train,0.1800363766433023,0.850207127370909,0.0003752381958481,0.5264483265883815,0.5837075660997632,1555.5654316598325,1724.756763702338,2954.830233273959,3.3292473371211635,0.2649198584276676
Camazepam,CN(C)C(=O)O[C@@H]1N=C(c2ccccc2)c2cc(Cl)ccc2N(C)C1=O,1,train,0.2232731120063414,0.9129340199693592,0.0003826494266218,0.4081071858992264,0.7965979654365863,2081.795790128612,4063.526318991108,5101.100549213727,3.888870607720701,0.2464262464090554
Temazepam.mol,CN1C(=O)[C@@H](O)N=C(c2ccccc2)c2cc(Cl)ccc21,1,train,0.1305853232360956,0.820618014252321,0.0003805698584954,0.5714770990027314,0.6384053423906281,1677.4984359362768,1873.9577932737484,2935.372981460906,3.2839915134591,0.4084214055263583
Lormetazepam.mol,CN1C(=O)[C@@H](O)N=C(c2ccccc2Cl)c2cc(Cl)ccc21,1,train,0.0970634071828664,0.8071919225228644,0.0003876320962002,0.5902890819029623,0.7279583264686162,1877.9619479512903,2315.946675475014,3181.427550543801,3.316884781633044,0.4848363793983417
Diazepam.mol,CN1C(=O)CN=C(c2ccccc2)c2cc(Cl)ccc21,1,train,0.1606044400359139,0.8402236996410982,0.0003873789049464,0.5422399234300492,0.6042713661115152,1559.8974502624803,1738.3474040446176,2876.766137755093,3.2928735502706283,0.3435759205858804
Oxazepam.mol,O=C1Nc2ccc(Cl)cc2C(c2ccccc2)=N[C@H]1O,1,train,0.1638754156825909,0.8381291156642273,0.0003697765563569,0.5454718924710055,0.5928107039527729,1603.1592424171797,1742.289515121513,2939.031808137383,3.310489514499746,0.2477977032997747
Rimiterol,Oc1ccc([C@H](O)[C@@H]2CCCCN2)cc1O,1,train,0.4868906567242311,0.976263707057856,0.0020196564507271,0.216585258689627,0.8986896237677894,444.97153139298587,1846.3458711564276,2054.486690761549,3.119628958892391,0.2539143419602646
Methylphenidate.mol,COC(=O)[C@H](c1ccccc1)[C@@H]1CCCCN1,1,train,0.1998096734046311,0.8993760060147428,0.0008896484266242,0.4371759369006593,0.7475046794321737,840.2248091063765,1436.6572438426313,1921.9374585507048,2.999721928891353,0.3436737227558513
Gliquidone,COc1ccc2c(c1)C(=O)N(CCc1ccc(S(=O)(=O)NC(=O)NC3CCCCC3)cc1)C(=O)C2(C)C,1,train,0.5355158660116677,0.981702053342546,0.0002689695384037,0.1904234188933416,0.9098807605414784,3382.839432084037,16163.875920000892,17764.82877864306,5.946159068029504,0.1694391782284811
Phenindione.mol,O=C1c2ccccc2C(=O)C1c1ccccc1,1,train,0.4216787248025446,0.9670580042575364,0.0018418639379946,0.2545561164093897,0.8738582330843144,474.44233803487657,1628.6992002532584,1863.8025466724796,2.987438655993165,0.2058861820855586
Nedocromil.mol,CCCc1c2oc(C(=O)O)cc(=O)c2cc2c(=O)cc(C(=O)O)n(CC)c12,0,train,0.3877537764130743,0.9604752912924612,0.0005039873119413,0.2783652543272265,0.7773439501552108,1542.3879366346537,4307.168055988435,5540.878082512163,3.916213401140301,0.1749835461619976
Linezolid.mol,CC(=O)NC[C@H]1CN(c2ccc(N3CCOCC3)c(F)c2)C(=O)O1,1,train,0.6105686161428672,0.988248103403298,0.0009741418982419,0.1528583858340277,0.9111705665701216,935.3571263227288,5575.552025403884,6119.109012038967,4.326592457101643,0.1503514923434014
Propafenone.mol,CCCNC[C@H](O)COc1ccccc1C(=O)CCc1ccccc1,1,train,0.2582677481584675,0.9237570871527168,0.0003776398755333,0.3829789079507224,0.7237940755495458,1916.625130032549,3622.241030426229,5004.518761328652,3.929260648310561,0.165061978847264
Bezafibrate.mol,CC(C)(Oc1ccc(CCNC(=O)c2ccccc2)cc1)C(=O)O,1,train,0.8455228695435644,0.998488150590238,0.0019703207862245,0.0549673824270932,0.9937042179608992,504.3362608303864,9117.426508757357,9175.19151470092,5.357999547296656,0.1120557019622308
Gliclazide.mol,Cc1ccc(S(=O)(=O)NC(=O)NN2C[C@H]3CCC[C@H]3C2)cc1,1,train,0.5306116105488466,0.9811917387764252,0.0009261691666048,0.1930356748295385,0.9103920705331388,982.9652112803784,4635.846377877152,5092.142745885663,4.069274551945576,0.2067945364828033
Oseltamivir,CCOC(=O)C1=C[C@H](OC(CC)CC)[C@H](NC(C)=O)[C@@H](N)C1,1,train,0.2923576515497866,0.9357022268436508,0.0004781516864031,0.3527907916596365,0.7298486368041843,1526.3956136899253,3157.785815878872,4326.6311076581405,3.7975588788264094,0.1586070529275316
Vitamin_A,CC(=CCO)/C=C/C=C(C)\C=C\C1=C(C)CCCC1(C)C,1,train,0.5902370037864126,0.986526707370636,0.0010527002711514,0.1636002923116317,0.9398847820875772,892.8322788969251,5129.32746045056,5457.400266719731,4.476271167035833,0.2232289584843904
Isotretinoin.mol,CC(=CC(=O)O)/C=C/C=C(C)\C=C/C1=C(C)CCCC1(C)C,1,train,0.6992674357005926,0.9934549058118634,0.0013621817490248,0.1142249977821926,0.974746209933762,715.5772059283366,6106.423137986498,6264.6287574705775,4.666793420899186,0.2162929538475831
Glycopyrrolate.mol,C[N+]1(C)CC[C@H](OC(=O)[C@@](O)(c2ccccc2)C2CCCC2)C1,0,train,0.2423596932959735,0.921080157398839,0.0005809714664668,0.389373013505212,0.8063877388674558,1387.9988698437369,2874.532213026348,3564.7022821348087,3.50572125241654,0.2950539446581187
Pizotyline,CN1CCC(=C2c3ccccc3CCc3sccc32)CC1,1,train,0.1921910237002,0.8864968789572009,0.0004729447455141,0.4627345714328484,0.6752957077567727,1427.8532834162231,2083.750065640638,3085.685340074989,3.3413734263486425,0.2993162289549707
Moxonidine.mol,COc1nc(C)nc(Cl)c1NC1=NCCN1,1,train,0.278628527426562,0.930514235738622,0.0009860914839938,0.3662557263549174,0.717280789609603,727.397813744948,1424.546950830958,1986.038064125907,2.9258845868355667,0.1769809524734212
Oxytetracycline.mol,CN(C)[C@H]1C(O)=C(C(N)=O)C(=O)[C@@]2(O)C(=O)C3=C(O)c4c(O)cccc4[C@@](C)(O)[C@@H]3[C@H](O)[C@@H]12,1,train,0.3856503288133325,0.960766149064208,0.0004689405100423,0.2773597065406799,0.8512907387588315,1815.3491125814348,5571.789451428408,6545.107561668049,3.889641007519197,0.2202783469086835
Antipyrine.mol,Cc1cc(=O)n(-c2ccccc2)n1C,1,train,0.3955570870056032,0.962216345695992,0.0022169800045627,0.2722860702927191,0.7927560664645961,357.5837692866096,1041.0988048947445,1313.2650116922684,2.683992060761019,0.1647194914703252
Bumetanide.mol,CCCCNc1cc(C(=O)O)cc(S(N)(=O)=O)c1Oc1ccccc1,1,train,0.16138992621277,0.8698461748110287,0.0003065829246538,0.4933230505121581,0.7023133316856508,2290.7777152904323,3261.237697501865,4643.565130216788,3.74014201240748,0.2381700764904735
Fenoprofen.mol,C[C@H](C(=O)O)c1cccc(Oc2ccccc2)c1,1,train,0.4256152004550581,0.9671464200178774,0.0014046827609586,0.2542199878974964,0.9205670278734128,655.3558237200342,2373.137406822391,2577.9083271150143,3.4015252390545583,0.3576959829479583
Fenclofenac,O=C(O)Cc1ccccc1Oc1ccc(Cl)cc1Cl,1,train,0.3307388745425184,0.9484059251161624,0.0008394753950286,0.3170586715492203,0.8832537883863122,1052.149703990042,2931.0512387435974,3318.4700448311373,3.505240047983676,0.3114770680449018
Bicalutamide,C[C@@](O)(CS(=O)(=O)c1ccc(F)cc1)C(=O)Nc1ccc(C#N)c(C(F)(F)F)c1,1,train,0.6029853190802441,0.9876437361199318,0.0006271261031067,0.1567158272257854,0.9211279431208484,1468.808168815742,8633.2074515428,9372.430307881948,4.756549506381975,0.1781148867019059
Carteolol.mol,CC(C)(C)NC[C@H](O)COc1cccc2c1CCC(=O)N2,1,train,0.7009716052947917,0.9936847684866894,0.0014595641723002,0.1122077576531786,0.9280481939617424,635.8392536445655,5258.900840160451,5666.624723130749,4.446481264400604,0.1034222107774325
Cinoxacin,CCn1nc(C(=O)O)c(=O)c2cc3c(cc21)OCO3,1,train,0.3931519746318822,0.9614380474126996,0.0010566498367265,0.2750216009466447,0.7752703536275851,733.7060269931387,2068.275833780833,2667.8123626204933,3.2295109518805,0.1097444387290132
Triamcinolone,C[C@@]12C=CC(=O)C=C1CC[C@@H]1[C@H]3C[C@@H](O)[C@@](O)(C(=O)CO)[C@]3(C)C[C@@H](O)[C@@]12F,1,train,0.2316401690818958,0.9148617473069088,0.0005397704580588,0.4037672390307935,0.9106043843804384,1687.021530698894,3804.690063726175,4178.20310223394,3.501115185216093,0.5578843804301604
Prednisolone.mol,C[C@@]12C=CC(=O)C=C1CC[C@H]1[C@H]2[C@H](O)C[C@]2(C)[C@@H]1CC[C@@]2(O)C(=O)CO,1,train,0.464277907085247,0.972757220373163,0.0008617826925243,0.2318262069134494,0.939157733834968,1089.784863378914,4414.858424702171,4700.870008996769,3.762529500006776,0.3285733797076515
Dexamethasone.mol,C[C@@H]1C[C@@H]2[C@@H]3CCC4=CC(=O)C=C[C@]4(C)[C@]3(F)[C@@H](O)C[C@]2(C)[C@@]1(O)C(=O)CO,1,train,0.2829482827751317,0.9323819917739468,0.0006248473493284,0.3614745100496683,0.9483502485409292,1517.731089937772,3981.859346494472,4198.722310265332,3.515050119656498,0.495979666307158
Methylprednisolone.mol,C[C@H]1C[C@H]2[C@H]([C@H](O)C[C@]3(C)[C@@H]2CC[C@@]3(O)C(=O)CO)[C@]2(C)C=CC(=O)C=C12,1,train,0.4537054052537776,0.9716008969330998,0.0007558544718789,0.2366256475507168,0.915264524652705,1210.9004559799932,4683.745154914906,5117.367743158343,3.8344739563316095,0.3248291380071374
Chloroquine.mol,CCN(CC)CCCCN(C)c1ccnc2cc(Cl)ccc12,1,train,0.5992395851516924,0.9873071274097216,0.000859520849463,0.1588226563370721,0.9306673588875012,1082.774617356688,6344.8315035551805,6817.507289757804,4.718722240343722,0.2226716604167291
Nitroxoline,O=[N+]([O-])c1ccc(O)c2ncccc12,1,train,0.2648984459670715,0.9187889361291,0.0013832284714246,0.394749149266666,0.6502894973342006,470.124430466951,774.4588687292119,1190.944759071201,2.5306044666057965,0.0333871972644959
Hydroxychloroquine.mol,CCN(CCO)CC[C@H](C)Nc1ccnc2cc(Cl)ccc12,1,train,0.6794369691468797,0.9923750555510552,0.0012344165409347,0.1232548137803964,0.9788110965475056,792.9342033980734,6296.977564713453,6433.291967085741,4.583494257416038,0.2811888902701296
Isradipine.mol,COC(=O)C1=C(C)NC(C)=C(C(=O)OC(C)C)[C@H]1c1cccc2nonc12,1,train,0.139218327568449,0.846540589694519,0.0003124259781212,0.5323241775456532,0.683460321009232,2187.591201984113,2808.6866015339083,4109.509382178119,3.5012804049206,0.26547543483572
Zanamivir.mol,CC(=O)N[C@H]1[C@@H]([C@@H](O)[C@H](O)CO)OC(C(=O)O)=C[C@H]1NC(=N)N,0,train,0.088579605318832,0.7884477287955498,0.0003640787795012,0.6151017630905793,0.7130794603688942,1958.5856153049003,2270.5627872541654,3184.1651785616505,3.339777404546096,0.4401995313083204
Domperidone.mol,O=c1[nH]c2ccccc2n1CCCN1CCC(Nn2c(=O)[nH]c3cc(Cl)ccc32)CC1,1,train,0.7275813606569915,0.994766193627157,0.0007171557938974,0.102177394841215,0.9807082959697506,1367.496859559585,13125.36414699921,13383.555743270734,5.622328150972726,0.1714838271928196
Dipyridamole.mol,OCCN(CCO)c1nc(N2CCCCC2)c2nc(N(CCO)CCO)nc(N3CCCCC3)c2n1,1,train,0.191165021537419,0.8804079052969488,0.0001457396289374,0.4742171657486039,0.6480879383944925,4446.888901252806,6077.331797411355,9377.325880291372,4.440575937494934,0.242174549884108
Ritodrine.mol,C[C@H](NCCc1ccc(O)cc1)[C@@H](O)c1ccc(O)cc1,1,train,0.6521792929247715,0.9910167852447606,0.0013263305017509,0.133737546572157,0.9246250450635868,697.1301978224268,4819.76869696027,5212.673745635791,4.320796500255048,0.1679951320045727
Fenoterol.mol,C[C@@H](Cc1ccc(O)cc1)N[C@@H](O)Cc1cc(O)cc(O)c1,1,train,0.3501594798992125,0.9528778015639756,0.0005932790519024,0.3033544054181594,0.7848012288060655,1322.8197191345473,3422.236573866948,4360.641202197489,3.874038078146045,0.2080467987502458
Alcuronium.mol,C=CC[N@+]12CC[C@@]34c5ccccc5N5C=C6[C@H]7C[C@H]8[C@]9(CC[N@@+]8(CC=C)C/C7=C\CO)c7ccccc7N(C=C([C@@H]53)[C@H](C[C@H]41)/C(=C/CO)C2)[C@@H]69,0,train,0.0,0.0,0.0,0.0,0.0,0.0,0.0,0.0,0.0,0.0
Viloxazine.mol,CCOc1ccccc1OC[C@H]1COCCN1,1,train,0.4364694636285634,0.9694551053963528,0.0013634184552187,0.2452688292893055,0.839150907098065,615.4756845823991,2105.7587322069166,2509.392189646806,3.3198151876061823,0.1918547056089351
Aztreonam.mol,C[C@@H]1[C@@H](NC(=O)/C(=N\OC(C)(C)C(=O)O)c2csc(N)n2)C(=O)N1S(=O)(=O)O,0,train,0.356565389862752,0.9547915884749828,0.0003905675407221,0.2972760040390397,0.8239380945309167,2109.5918339946634,5847.000942973115,7096.4080697129575,4.157501212433954,0.2379541460487436
Neomycin.mol,NC[C@@H]1O[C@@H](O[C@H]2[C@@H](N)C[C@H](N)[C@H](O)[C@H]2O[C@@H]2O[C@H](CO)[C@H](OC[C@@H]3O[C@@H](CN)[C@@H](O)[C@@H](O)[C@@H]3N)[C@H]2O)[C@@H](N)[C@H](O)[C@@H]1O,0,train,0.3483741319127634,0.9525517747935878,0.0001880940101124,0.3043766028090628,0.8889961168613904,4726.339325371603,13804.271643902888,15527.932442088731,5.20456277739027,0.2745445960116255
Tenidap,NC(=O)N1C(=O)[C@@H](C(=O)c2cccs2)c2cc(Cl)ccc21,1,train,0.1542727129141681,0.8623467041358148,0.0004138918361366,0.5063182416880686,0.6925044537153149,1673.153208768912,2288.414584782766,3304.5485447859974,3.3654884485800363,0.4136074747446198
Urapidil.mol,COc1ccccc1N1CCN(CCCNc2cc(=O)n(C)c(=O)n2C)CC1,1,train,0.7222611885913324,0.9945322023961416,0.0008419396950948,0.1044303518957966,0.9799563168971472,1163.9269684115588,10922.088879294131,11145.485457838502,5.475159220702758,0.1667700522910188
Betaxolol.mol,CC(C)NC[C@H](O)COc1ccc(CCOCC2CC2)cc1,1,train,0.8205389645117439,0.9979401173831676,0.0018403147947838,0.0641523352440859,0.9737518705469728,529.1224486739767,8031.414167299197,8247.906279027547,5.228448033390558,0.091684207412176
Quinagolide,CCCN1C[C@@H](NS(=O)(=O)N(CC)CC)C[C@@H]2Cc3c(O)cccc3C[C@@H]21,1,train,0.3303780112852346,0.94839864352306,0.0005023312846392,0.3170804518787302,0.8783214498884762,1748.4904419584816,4843.365937564861,5514.343226138724,3.911810360370376,0.374723204348922
Genaconazole.mol,C[C@@H]([C@](O)(Cn1cncn1)c1ccc(F)cc1F)S(C)(=O)=O,1,train,0.1726517450132073,0.8805415975202764,0.000467450406341,0.4739688755988513,0.7202476606891234,1540.8001595864862,2341.4147376859614,3250.8467093745603,3.2808277847364398,0.3620796345441304
Trihexyphenidyl.mol,O[C@](CCN1CCCCC1)(c1ccccc1)C1CCCCC1,1,train,0.2418928425377556,0.9185232116341826,0.0004821368023899,0.3953670569094326,0.7413409372119781,1537.6153273037976,2883.1364877120204,3889.083069599352,3.7124128545296697,0.2512134994735025
Trimipramine.mol,C[C@@H](CN(C)C)CN1c2ccccc2CCc2ccccc21,1,train,0.2673546950276194,0.9229379437566776,0.0004833426366983,0.3849487653885847,0.6762904098109545,1399.1946053644808,2458.1502219185504,3634.7554042732686,3.566866969282648,0.1572600002903781
Imipramine.mol,CN(C)CCCN1c2ccccc2CCc2ccccc21,1,train,0.1868427336366598,0.8835338466066792,0.0004761881827753,0.4683673151495575,0.6778098891761342,1423.4076226456043,2059.9212023362584,3039.084019325914,3.410268109377333,0.2785891152660071
Clomipramine.mol,CN(C)CCCN1c2ccccc2CCc2ccc(Cl)cc21,1,train,0.1818672878964777,0.8537810067321985,0.0002688148661158,0.5206323007107352,0.587771515822227,2186.5290573956,2468.497434178227,4199.756823406241,3.749861484024191,0.2246183792140142
Desipramine.mol,CNCCCN1c2ccccc2CCc2ccccc21,1,train,0.1639140335880058,0.8689953452832712,0.0005437340468996,0.4948202601713155,0.686942249678944,1263.379134699952,1753.9065694031024,2553.208177576536,3.2335123522846745,0.3456058706706045
Moxalactam.mol,CO[C@@]1(NC(=O)[C@@H](C(=O)O)c2ccc(O)cc2)C(=O)N2C(C(=O)O)=C(CSc3nnnn3C)CO[C@H]21,0,train,0.6344631187492022,0.9898462182733264,0.000473380296259,0.1421424080631619,0.934520450270061,1974.1431100011291,12979.075936549563,13888.48786861628,5.263728237228252,0.1767678055260363
Erythromycin.mol,CC[C@@H]1OC(=O)[C@H](C)[C@@H](O[C@H]2C[C@@](C)(OC)[C@H](O)[C@H](C)O2)[C@H](C)[C@@H](O[C@@H]2O[C@@H](C)C[C@@H](N(C)C)[C@@H]2O)[C@](C)(O)C[C@@H](C)C(=O)[C@@H](C)[C@H](O)[C@]1(C)O,1,train,0.2060593036341857,0.8865855683759986,6.990078292655149e-05,0.4625646224555089,0.6331582609882341,9057.956641966766,12398.527248127642,19582.035033035827,5.2875130268373765,0.1690283752648806
Almotriptan.mol,CN(C)CCc1c[nH]c2ccc(CS(=O)(=O)N3CCCC3)cc12,1,train,0.1425838475837926,0.8657184625804566,0.0005048591719558,0.5005312613087525,0.8206286809510722,1625.460577000105,2664.9675501861407,3247.470642992348,3.351825235292158,0.4348281743692936
Oxamniquine,CC(C)NC[C@@H]1CCc2cc(CO)c([N+](=O)[O-])cc2N1,1,train,0.4821434720778279,0.9752907935001368,0.0011291085050437,0.2209250282649598,0.9327171202226509,826.0650912256807,3487.5408144360167,3739.119545273811,3.7965566454668775,0.2845124190475684
Hydralazine.mol,NNc1nncc2ccccc12,1,train,0.3502133703787585,0.9487227970913756,0.0023724611629432,0.316109244216484,0.6880779767694569,290.02707716228014,631.3046774599022,917.4900211512264,2.395800639869198,0.035245783634546
Zotepine.mol,CN(C)CCOC1=Cc2ccccc2Sc2ccc(Cl)cc21,1,train,0.1863990618343769,0.8890632681655118,0.0003581692448033,0.4577843435492952,0.718053294111089,2004.787693330013,3144.5907390102225,4379.327780820301,3.788953554589386,0.2323610812972578
Cimetidine.mol,C/N=C(\NC#N)NCCSCc1nc[nH]c1C,1,train,0.6189223036263759,0.9884593518110146,0.0020291703335445,0.1514863354146135,0.9770774467389876,481.5157360556556,3105.746565604215,3178.6083856194778,3.6614050456435328,0.2744994536666115
Tinidazole.mol,CCS(=O)(=O)CCn1c([N+](=O)[O-])cnc1C,1,train,0.1077797833017624,0.8334392433523385,0.0010531609517684,0.5526110998163912,0.8495588450125408,806.6752224206386,1240.1453218866102,1459.7521162507628,2.6627809419980237,0.6709668660252766
Metronidazole.mol,Cc1ncc([N+](=O)[O-])n1CCO,1,train,0.1611486009058176,0.8638261696495986,0.001622917423901,0.5037899846448943,0.6729864404011779,414.676945659697,553.9450367848444,823.1147071174703,2.287842015835311,0.3096878226911649
Clozapine.mol,CN1CCN(C2=Nc3cc(Cl)ccc3Nc3ccccc32)CC1,1,train,0.289156873179284,0.9346897766842792,0.0004561779566842,0.3554645149123782,0.7295131008363451,1599.1853401659707,3281.97782724972,4498.860710639904,3.788134170866761,0.2091623761471628
Cilazaprilat.mol,O=C(O)[C@H](CCc1ccccc1)N[C@@H]1CCCN2CCC[C@@H](C(=O)O)N2C1=O,0,train,0.1769236941298435,0.8878257179155311,0.0003997348261795,0.460179850284399,0.8915614609253103,2230.382249769062,4321.18628357379,4846.762083108697,3.825415893035098,0.4944893625048241
Cilazapril.mol,CCOC(=O)[C@H](CCc1ccccc1)N[C@@H]1CCCN2CCC[C@@H](C(=O)O)N2C1=O,1,train,0.229842698880586,0.9078726781302896,0.0002576465867102,0.4192459902068659,0.6820575697853437,2647.2602586905005,4306.7410084014045,6314.336500593076,3.986225848123477,0.1800734797312853
Nefazodone.mol,CCc1nn(CCCN2CCN(c3cccc(Cl)c3)CC2)c(=O)n1CCOc1ccccc1,1,train,0.5039813625373893,0.978333996220786,0.0003098668826598,0.2070328279251078,0.8977879971544583,2897.3344600366936,12564.152883541225,13994.56544681299,5.5977757168161295,0.2155478807576958
Zonisamide.mol,NS(=O)(=O)Cc1noc2ccccc12,1,train,0.4254267900441609,0.9677402273908656,0.0023402835031652,0.2519500988082276,0.8556095719893672,365.60082179451496,1241.5615795914532,1451.0842564614063,2.684218529531492,0.2236390060592134
Zomepirac,Cc1cc(CC(=O)O)n(C)c1C(=O)c1ccc(Cl)cc1,1,train,0.315826842250563,0.9439869881296888,0.000649912622922,0.3299826756692518,0.7662097559057258,1178.9427207318824,2737.469209396377,3572.7412608580703,3.582678486955343,0.2910699724520919
Tolmetin.mol,Cc1ccc(C(=O)c2ccc(CC(=O)O)n2C)cc1,1,train,0.4946309119305966,0.9771458765728934,0.0013933718257901,0.2125698376924435,0.9079926319688536,651.6513504598311,2783.5304916879727,3065.587091441789,3.554321899673789,0.2413663100054118
Pimozide.mol,O=c1[nH]c2ccccc2n1C1CCN(CCC(c2ccc(F)cc2)c2ccc(F)cc2)CC1,1,train,0.5320853499196584,0.9814736975530052,0.0003559132186813,0.1915969232833139,0.8769791519598569,2464.025234041554,11278.358353187818,12860.463476221928,5.451781851279913,0.1715256100440291
Oxaprozin.mol,O=C(O)CCc1nc(-c2ccccc2)c(-c2ccccc2)o1,1,train,0.3235703093347278,0.9443771905727034,0.0005075529725327,0.3288642910472462,0.7261993837755042,1430.7854018697851,3159.465790110828,4350.686410231848,3.903949717814098,0.1308041331855828
Tamoxifen.mol,CCC(=C(c1ccccc1)c1ccc(OCCN(C)C)cc1)c1ccccc1,1,train,0.3291658783802983,0.9479353487986286,0.0003500548606815,0.3184628306380859,0.7858975083602444,2245.0695494706047,5540.346926795782,7049.706695667705,4.468246701795327,0.2140956234979845
Toremifene.mol,CN(C)CCOc1ccc(C(=C(CCCl)c2ccccc2)c2ccccc2)cc1,1,train,0.4151061402195299,0.966052515690526,0.0004206282272736,0.2583457700989236,0.846634611980777,2012.7860116958884,6596.1765248177535,7791.054643260345,4.494286122462585,0.2119396202640654
Thiabendazole,c1ccc2[nH]c(-c3cscn3)nc2c1,1,train,0.7344983092525458,0.9951735970830335,0.0046186883202012,0.0981300752512511,0.9018699247539176,195.2653788759288,1794.597345441593,1989.8627243072367,3.14441093440123,6.74237376914602e-12
Cycloserine.mol,N[C@H]1CONC1=O,1,train,0.2145453531155335,0.8767323071377493,0.0043345040553392,0.4809786498597616,0.5799386018602425,133.7958378758182,161.32394062614938,278.17417241873187,1.6756206311186372,0.3450667613394966
Sulfamethazine.mol,Cc1cc(C)nc(NS(=O)(=O)c2ccc(N)cc2)n1,1,train,0.30458367472232,0.9417679126158848,0.000891427323234,0.3362635852528778,0.805242603101758,903.31828755304,2163.155337654591,2686.339904672474,3.2146942969300194,0.2084714711502817
Glymidine,COCCOc1cnc(NS(=O)(=O)c2ccccc2)nc1,1,train,0.5125399249490238,0.9794008328076192,0.0008830921902502,0.2019257504523432,0.8691814285556255,984.2476676294856,4236.655265048249,4874.304864162331,4.039426211244591,0.1136915046482265
Ciprofibrate.mol,CC(C)(Oc1ccc([C@@H]2CC2(Cl)Cl)cc1)C(=O)O,1,train,0.6539338773492193,0.9909269563366092,0.0017953953229993,0.1344015148927408,0.9682309078014928,539.285635535692,3885.023326379413,4012.496704118768,3.819499160246607,0.2566020314526432
Tiacrilast,CSc1ccc2ncn(/C=C/C(=O)O)c(=O)c2c1,1,train,0.7104898136501616,0.9941433382293436,0.0021699277347021,0.1080695287961262,0.9072613879625564,418.1067292948728,3510.074447091958,3868.8678848931927,3.855309682981008,0.0415559877229255
Norgestrel.mol,C#C[C@@]1(O)CC[C@@H]2[C@@H]3CCC4=CC(=O)CC[C@@H]4[C@@H]3C=C[C@@]21CC,1,train,0.3587132487078483,0.9528765651690124,0.0009793450603793,0.3033582890769669,0.9616925767211408,981.975215506386,3113.012926563002,3237.0146156027504,3.436446389504409,0.4206002318700598
Ziprasidone.mol,O=C1Cc2cc(CCN3CCN(c4nsc5ccccc45)CC3)c(Cl)cc2N1,1,train,0.6391768817466105,0.9901106886953392,0.0006415564885084,0.1402883606406503,0.9451034890512642,1473.141501925278,9924.352718769824,10500.810581846776,5.14924574198395,0.1459716106324808
Levobunolol,CC(C)(C)NC[C@H](O)COc1cccc2c1CCCC2=O,1,train,0.6229793126757505,0.988948995159071,0.0013933895617623,0.1482561464960692,0.9531160258577426,684.0269598777725,4397.504406979456,4613.818556898135,4.0787649566612485,0.2083469938288323
Bendroflumethiazide.mol,NS(=O)(=O)c1cc2c(cc1C(F)(F)F)N[C@H](Cc1ccccc1)NS2(=O)=O,1,train,0.5303352870287664,0.9812385562929228,0.0006665730188468,0.1927975509288967,0.8966633797382884,1345.1840299349174,6256.185583478958,6977.184219684502,4.158949267211638,0.161962914498081
Astemizole.mol,COc1ccc(CCN2CCC(Nc3nc4ccccc4n3Cc3ccc(F)cc3)CC2)cc1,1,train,0.6210755936515538,0.9889896666932498,0.000392835940031,0.1479845910018155,0.9167679489702394,2333.717095481916,14457.431146162318,15770.000644548758,5.958361293436754,0.1346941579041874
Etodolac.mol,CCc1cccc2c1N[C@@H]1[C@H]2CCOC1(CC(=O)O)CC(=O)O,1,train,0.1341982138203761,0.8548078632641681,0.0006267041834365,0.518944618337783,0.921498372078392,1470.3880976593125,2610.9919834153698,2833.42007162358,3.2903083429267554,0.4974962843033967
Cefotaxime,C=C(N[C@@H]1C(=O)N2C(C(=O)O)=C(COC(C)=O)CS[C@@H]12)C(=NOC)c1csc(N)n1,0,train,0.6144308006843074,0.9885069833024208,0.0005303528787979,0.1511752094833913,0.9189082737896486,1732.6355913677976,10531.708114121764,11461.10924726816,5.114493783351983,0.1324122492587431
Ceftriaxone.mol,CON=C(C(=O)N[C@H]1C(=O)N2C(C(=O)O)=C(CSc3nc(=O)c(O)nn3C)CS[C@@H]12)c1csc(N)n1,0,train,0.528535043835314,0.98076264312202,0.0003284987749902,0.1952040928267368,0.934846302774373,2845.813664912844,13628.804317079204,14578.657771478123,5.291172395315128,0.2334238508673193
Pentamidine.mol,N=C(N)c1ccc(OCCCCCOc2ccc(C(=N)N)cc2)cc1,0,train,0.853438034305567,0.9986612806514504,0.0015442016465432,0.0517266520045983,0.981703992664134,635.7356209674409,12065.428037505091,12290.291297239311,6.058551078549989,0.0810839669761234
Clopenthixol,OCCN1CCN(CC/C=C2\c3ccccc3Sc3ccc(Cl)cc32)CC1,1,train,0.4865663078165287,0.9763435033037816,0.0004305211528636,0.2162252611433242,0.8461361457661453,1965.3764748560257,7690.942615219378,9089.485957671164,4.834798761784976,0.1404040734799508
Flupentixol.mol,OCCN1CCN(CC/C=C2\c3ccccc3Sc3ccc(C(F)(F)F)cc32)CC1,1,train,0.470087894540423,0.9742476195035004,0.0003621379158179,0.2254807661237721,0.8475507210874381,2340.408678757512,8797.269485200217,10379.637780159048,4.975888807822271,0.1494696696404692
Mianserin.mol,CN1CCN2c3ccccc3Cc3ccccc3[C@H]2C1,1,train,0.1351373167480702,0.8138591809229901,0.0004779376035702,0.5810621598653278,0.6140238267839668,1284.7363802245295,1357.6150764608042,2211.0136728268308,3.029693928875447,0.4016108075876916
Paroxetine.mol,Fc1ccc([C@H]2CCNC[C@@H]2COc2ccc3c(c2)OCO3)cc1,1,train,0.5383923660194783,0.9820950877639004,0.000734493157161,0.1883858768326776,0.8570253887361857,1166.8255590682347,5308.248925878664,6193.805919456463,4.385422507037834,0.1505506449520768
Famciclovir.mol,CC(=O)OCC(CCn1cnc2cnc(N)nc21)COC(C)=O,1,train,0.5039711917417349,0.978369879762923,0.0007681587003986,0.2068631875725682,0.8377263245454805,1090.5641296657548,4416.417878630734,5271.910108622789,4.095356352700011,0.0949126913838569
Riboflavin,Cc1cc2nc3c(=O)[nH]c(=O)nc-3n(C[C@@H](O)[C@H](O)[C@H](O)CO)c2cc1C,1,train,0.1849494350374724,0.861259754394113,0.0002290757300245,0.5081649687463631,0.5993493420122954,2616.380801004245,3085.86031698337,5148.683915498593,3.7967452748210944,0.217566962148765
Meptazinol.mol,CC[C@]1(c2cccc(O)c2)CCCCN(C)C1,1,train,0.2235831989629839,0.9122334785300475,0.0012145437895427,0.4096706978159034,0.8895715607663316,732.4326783649805,1590.4268582621264,1787.8571307878087,2.9678040198524984,0.51241176697491
Tolazoline,c1ccc(CC2=NCCN2)cc1,1,train,0.4836196323915117,0.9744308242484684,0.0044144920248088,0.2246877138484672,0.9879974792818856,223.80773908515,984.1280516523206,996.083565281586,2.62261379082068,0.3607629499463988
Azelastine.mol,CN1CCC[C@@H](N2N[C@@H](Cc3ccc(Cl)cc3)c3ccccc3C2=O)CC1,1,train,0.5192462068657775,0.9801300897886636,0.0005901724330662,0.198355758905221,0.8734573905360926,1480.003710098861,6517.17996866619,7461.3599235404145,4.486908617027376,0.1897185735918643
Letrozole.mol,N#Cc1ccc(C(c2ccc(C#N)cc2)n2cncn2)cc1,1,train,0.2772560806219061,0.9308916443037044,0.0005203684406446,0.3652954236854677,0.7303730092146087,1403.5689949025411,2806.300993603372,3842.2846383946594,3.756492779021994,0.2798860267494475
Lincomycin.mol,CCC[C@@H]1C[C@H](C(=O)N[C@@H]([C@H](C)O)[C@@H]2O[C@@H](SC)[C@@H](O)[C@@H](O)[C@@H]2O)N(C)C1,0,train,0.2198779740610575,0.9109076828832984,0.0003789089819167,0.4126102195343451,0.8798220584700245,2321.9878663718846,4951.249502834188,5627.557817138859,3.983262523950008,0.3867243527383865
Clindamycin.mol,CCC[C@@H]1C[C@H](C(=O)N[C@@H]([C@H](C)Cl)[C@@H]2O[C@@H](SC)[C@@H](O)[C@@H](O)[C@@H]2O)N(C)C1,1,train,0.3941401820476334,0.9620275363652686,0.0004605678590099,0.2729524121068944,0.8931073925691027,1939.143983014618,6344.929554269747,7104.32990148922,4.254925079557099,0.2330720124708903
Cephradine.mol,CC1=C(C(=O)O)N2C(=O)[C@H](NC(=O)[C@@H](N)C3=CCC=CC3)[C@@H]2SC1,1,train,0.3490275299146413,0.9519184838302353,0.0006872245510433,0.3063514324143861,0.923006585013318,1343.0931470826197,4046.606896117465,4384.158208426084,3.739806329142969,0.3096340944902638
Naratriptan.mol,CNS(=O)(=O)CCc1ccc2[nH]c(C3CCN(C)CC3)cc2c1,1,train,0.7025624140223593,0.9936872361414184,0.0013590506210016,0.1121859025440771,0.9586215598177388,705.3611874377629,6027.267476595964,6287.431588479941,4.405170405945276,0.1690697681470594
Propiverine,CCCOC(C(=O)OC1CCN(C)CC1)(c1ccccc1)c1ccccc1,1,train,0.1122011353973706,0.8345542753379912,0.0004159696851262,0.5509257313967831,0.9139008903547232,2197.0372434170254,3644.546221884873,3987.900942377101,3.657027273535392,0.5410060694735924
Praziquantel.mol,O=C(C1CCCCC1)N1CC(=O)N2CCc3ccccc3[C@@H]2C1,1,train,0.5371726254345626,0.981990554666884,0.0009837473650934,0.1889300149394621,0.8705928870901193,884.9760802229746,4077.9856018848495,4684.147622105163,3.929334968132043,0.1498512292994745
Flumazenil.mol,CCOC(=O)c1ncn2c1CN(C)C(=O)c1cc(F)ccc1-2,1,train,0.5252470670778081,0.9807357451725174,0.0011061327043555,0.1953391874174432,0.848480743665733,767.0695752188565,3331.864805161644,3926.859660676358,3.637456547603723,0.1052928860799521
Tibolone,C#C[C@@]1(O)CC[C@@H]2[C@H]3[C@@H](C)CC4=C(CCC(=O)C4)[C@@H]3CC[C@@]21C,1,train,0.5255094656948144,0.9806250068426384,0.0011759378821283,0.1958943489610541,0.9142282905559066,777.4460747035913,3628.29861935921,3968.7008779316848,3.6607551741286,0.2990374493879718
Enoximone.mol,CSc1ccc(C(=O)c2[nH]c(=O)[nH]c2C)cc1,1,train,0.6528892066893782,0.9910489537794086,0.0022867781141944,0.1334989558488735,0.9287683220020246,406.1471098734975,2825.614382708771,3042.324243593884,3.5543954580328365,0.1905950067998857
Streptozocin.mol,CN(N=O)C(=O)N[C@H]1[C@@H](O)O[C@@H](CO)[C@@H](O)[C@H]1O,0,train,0.4565104236404805,0.972176389415697,0.0015434097882259,0.2342500114464436,0.9007048216294403,583.5811257000804,2243.903129328872,2491.274694488133,3.1665429527818003,0.3117065189970429
Moxifloxacin.mol,COc1c2c(cc(F)c1N1C[C@@H]3CCCN[C@@H]3C1)C(=O)C(C(=O)O)=C[C@@H]2NC1CC1,1,train,0.3770230879690101,0.9590364573403496,0.0004114020204689,0.2832826741826478,0.8228530683437243,2000.1191715243276,5809.759464077781,7060.506532195263,4.230375217419566,0.1998594755359799
Amitriptyline.mol,CN(C)CCC=C1c2ccccc2CCc2ccccc21,1,train,0.2588189827101217,0.9261289486735312,0.000645716508622,0.3772070657196915,0.763461202573742,1182.3473496178497,2393.0525470854063,3134.478266895643,3.47760683243933,0.2755207401756768
Nortriptyline.mol,CNCCC=C1c2ccccc2CCc2ccccc21,1,train,0.1787862241191004,0.8715958803085694,0.0004759068589859,0.4902250722159463,0.6479500786206583,1361.5060728507735,1799.5570135946753,2777.308118282094,3.3575615167746857,0.2568422756057516
Vecuronium.mol,CC(=O)O[C@@H]1[C@H]([N+]2(C)CCCCC2)C[C@@H]2[C@@H]3CC[C@@H]4C[C@@H](OC(C)=O)[C@@H](N5CCCCC5)C[C@]4(C)[C@@H]3CC[C@@]12C,0,train,0.550271689411523,0.983220909092136,0.0003317698283339,0.1824188694297647,0.897108369479441,2704.008299924597,13297.903251934207,14823.073448362202,5.256317775761372,0.1701008737416851
Atracurium.mol,COc1ccc(C[C@H]2c3cc(OC)c(OC)cc3CC[N@@+]2(C)CCC(=O)OCCCCCOC(=O)CC[N@+]2(C)CCc3cc(OC)c(OC)cc3[C@@H]2Cc2ccc(OC)c(OC)c2)cc1OC,0,train,0.7638047535293272,0.996260303667668,0.000136411787476,0.0864025887112524,0.9588680424863693,7029.216904403392,78007.98047685808,81354.23960379513,9.46248059765914,0.0920953383071216
Ketoconazole,CC(=O)N1CCN(c2ccc(OC[C@@H]3CO[C@@](Cn4ccnc4)(c4ccc(Cl)cc4Cl)O3)cc2)CC1,1,train,0.7430270379060528,0.995491834652857,0.0004492854554642,0.0948472832478032,0.9537042887084014,2122.7134711558847,21344.216426856405,22380.329709707825,6.567719155166164,0.1046695925599466
Cilomilast,COc1ccc([C@]2(C#N)CC[C@H](C(=O)O)CC2)cc1OC1CCCC1,1,train,0.4807940094910959,0.9755995883900116,0.0006614129209919,0.2195573800473131,0.8390059722421682,1268.5055668156986,4847.4059316587845,5777.558315472447,4.161257593179848,0.1527641313234435
Sulbactam,CC1(C)[C@H](C(=O)O)N2C(=O)C[C@@H]2S1(=O)=O,0,train,0.1328857965703996,0.854107902891051,0.0012552400075533,0.520095847146515,0.7601194762573316,605.5570820586692,885.0209717761594,1164.3182413030863,2.385627385430966,0.5423277758840584
Stavudine.mol,Cc1cn([C@H]2C=C[C@H](CO)O2)c(=O)nc1N,1,train,0.4816651760304334,0.9757486678897096,0.0020327356565369,0.2188938946418036,0.8667641551431919,426.4027899327785,1688.4466082143597,1947.9885020573136,3.0166263801973834,0.1851665789653994
Cinchonine,C=C[C@@H]1CN2CC[C@@H]1C[C@H]2[C@@H](O)c1ccnc2ccccc12,1,train,0.4053158970073675,0.9641971055407188,0.0009962663521411,0.2651866166813473,0.8820223630438823,885.3278655334476,2944.639461065734,3338.5088456302924,3.4892412454816184,0.2447884997679079
Molecule-618,C=C[C@H]1CN2CC[C@@H]1C[C@@H]2[C@@H](O)c1ccnc2ccc(OC)cc12,1,train,0.305733595825211,0.942256562943936,0.0006060138348978,0.3348918774605928,0.839182506481702,1384.7580008188845,3469.9697669870297,4134.940540568443,3.7222055194820856,0.2676938035622048
Quinidine.mol,C=C[C@@H]1CN2CC[C@@H]1C[C@@H]2[C@@H](O)c1ccnc2ccc(OC)cc12,1,train,0.2481487352771385,0.9226970839788402,0.0005362920226961,0.3855257335340211,0.7786469195805759,1451.9084502991377,2932.421739983972,3766.048084494501,3.544193278999492,0.2575924008989292
Piroxicam.mol,CN1C(C(=O)Nc2ccccn2)=C(O)c2ccccc2S1(=O)=O,1,train,0.498207885690962,0.9777136800708168,0.0008961968631898,0.2099427536315094,0.8395333285963398,936.7733397416736,3746.0327944160185,4462.041787762267,3.714734613187988,0.0612336066863534
Alfacalcidol,C=C1/C(=C\C=C2/CCC[C@]3(C)[C@@H]2CC[C@H]3[C@@H](C)CCCC(C)C)C[C@H](O)C[C@H]1O,1,train,0.6621582603124827,0.9913494534473892,0.0007698371823303,0.1312488519933151,0.980902897500786,1274.1692919164493,9522.645961208316,9708.041423336386,5.058624273349653,0.2179565419686894
Miconazole.mol,Clc1ccc(CO[C@H](Cn2ccnc2)c2ccc(Cl)cc2Cl)c(Cl)c1,1,train,0.3272821565921252,0.9479694956728208,0.0003878068082223,0.3183611711151626,0.8391632185943683,2163.869227672762,5703.708964729027,6796.900577080781,4.197601393831953,0.2878821812289773
Propantheline,CC(C)[N+](C)(CCOC(=O)C1c2ccccc2Oc2ccccc21)C(C)C,0,train,0.1968259626501085,0.900580192772789,0.0004387457150929,0.4346899083085852,0.8285499933501811,1888.4514762146916,3599.523311107242,4344.364661150782,3.6525524049591778,0.3714822832043422
Hydroflumethiazide.mol,NS(=O)(=O)c1cc2c(cc1C(F)(F)F)NCNS2(=O)=O,1,train,0.343402858072055,0.9513860943011584,0.0007962723481987,0.3080008109898207,0.7873729746687103,988.8237064238944,2527.82796463368,3210.4581258929693,3.186328210203419,0.1541989834237732
Hydrochlorothiazide.mol,NS(=O)(=O)c1cc2c(cc1Cl)NCNS2(=O)=O,1,train,0.3673947802895123,0.9567232882462698,0.001013970147325,0.2909992263344437,0.791477772442112,780.5730519089984,2123.0510752053824,2682.388753198575,3.062765384071871,0.1404630461636116
Polythiazide,CN1[C@H](CSCC(F)(F)F)Nc2cc(Cl)c(S(N)(=O)=O)cc2S1(=O)=O,1,train,0.5977491245332326,0.9873063512567964,0.0006680158792709,0.1588274811485449,0.8990574470246445,1345.8623887891808,7618.376836056594,8473.737536204138,4.452059960567061,0.1490323968146686
Indobufen.mol,CC[C@@H](C(=O)O)c1ccc(N2Cc3ccccc3C2=O)cc1,1,train,0.7151364336023396,0.9942571683996608,0.001774088095036,0.107017209297798,0.96711093176412,545.1312899681385,4926.333187289634,5093.865683333186,4.22928423908875,0.1291972023062395
Indoprofen,C[C@H](C(=O)O)c1ccc(N2Cc3ccccc3C2=O)cc1,1,train,0.7154928478052118,0.9943122801356388,0.0019928161906565,0.1065039415771402,0.9553353301658872,479.3895867792681,4300.101971645334,4501.144086128011,4.06144434391363,0.1255262635764593
Finasteride.mol,CC(C)(C)NC(=O)[C@@H]1CC[C@@H]2[C@@H]3CC[C@@H]4NC(=O)C=C[C@@]4(C)[C@@H]3CC[C@@]12C,1,train,0.6503139299912809,0.990653230402605,0.0010778106866109,0.1364044614112133,0.974583227973295,904.224869988744,6460.510041168784,6628.997766156725,4.333689146531936,0.2555177650921741
Diacetylmorphine.mol,CC(=O)Oc1ccc2c3c1O[C@H]1[C@H](OC(C)=O)C=C[C@H]4[C@H](C2)N(C)CCC[C@@]341,1,train,0.1455458136384445,0.8603975305706592,0.0003242479038618,0.5096234780579791,0.7229630514035472,2229.6614497516334,3163.046670165198,4375.115248316656,3.568888071988965,0.3957765485490213
Dextromoramide.mol,C[C@H](CN1CCOCC1)C(C(=O)N1CCCC1)(c1ccccc1)c1ccccc1,1,train,0.1354279044963249,0.8573475979682177,0.000311479170075,0.5147378908319526,0.7702685423415317,2472.9375712538326,3700.574704598868,4804.265656948066,3.739371418194685,0.4326965747174381
Trospium_chloride.mol,CC[C@@H]1C[C@H](OC(=O)C(O)(c2ccccc2)c2ccccc2)C[C@H](C)[N+]12CCCC2,0,train,0.3811022094916214,0.9592592295908512,0.0004638312344039,0.2825273976887315,0.9075480946841916,1956.63428283455,6285.194745384122,6925.467401891514,4.308341339713382,0.351946675924879
Amantadine.mol,NC12CC3CC(CC(C3)C1)C2,1,train,0.0482382350286634,0.711736391707299,0.0032996959083765,0.7024466589852033,0.9979841896602992,302.4473216234381,429.69475521649946,430.5626879347276,1.9605039859030613,0.8493093634447221
Penbutolol.mol,CC(C)(C)NC[C@H](O)COc1ccccc1C1CCCC1,1,train,0.4384288421800399,0.969766053460942,0.0008346441004236,0.2440364758694676,0.8448019578632027,1012.1702860349692,3503.916520211816,4147.618844390982,3.855369371621995,0.1847234369907227
Telmisartan.mol,CCCc1nc2c(n1Cc1ccc(-c3ccccc3C(=O)O)cc1)=C[C@H](c1nc3ccccc3n1C)CC=2C,1,train,0.457952189315059,0.9725517868583238,0.0002579867655522,0.2326865313650134,0.8780565047083537,3403.494372390487,12843.289015846687,14626.950483229532,5.4661741616256965,0.2390701337085451
Clonidine.mol,Clc1cccc(Cl)c1N=C1NCCN1,1,train,0.192564718866336,0.8881777380393568,0.0009338556400544,0.4595000605563523,0.6840305518788501,732.4799707146767,1090.399592116523,1594.0802484939968,2.72488711748794,0.2608164928314313
Ethinyl_Estradiol.mol,C#C[C@@]1(O)CC[C@@H]2[C@@H]3CCc4cc(O)ccc4[C@@H]3CC[C@@]21C,1,train,0.3624876870280695,0.9527565807894972,0.0011272641347603,0.3037349136373795,0.985553280991443,874.2878005259405,2836.8724557224955,2878.456711004675,3.334023541816189,0.5029719541585903
Estramustine,C[C@@]12CC[C@@H]3c4ccc(OC(=O)N(CCCl)CCCl)cc4CC[C@@H]3[C@H]1CC[C@@H]2O,1,train,0.7091537920993309,0.9938386956752308,0.0008037237459558,0.1108361266851026,0.995016355128256,1238.0079102240825,11114.048778977096,11169.714670212144,5.1676243432747375,0.1816714006402667
Mestranol,C#C[C@@]1(O)CC[C@@H]2[C@@H]3CCc4cc(OC)ccc4[C@@H]3CC[C@@]21C,1,train,0.6386872114951565,0.9900890803351664,0.0014956531222775,0.1404407811181081,0.9429412448788425,630.4545023400555,4232.969572962249,4489.112758564442,3.881172780227664,0.225943716186743
Trandolapril.mol,CCOC(=O)[C@@H](CCc1ccccc1)N[C@H](C)C(=O)N1[C@H](C(=O)O)C[C@@H]2CCCC[C@@H]21,1,train,0.437845150753167,0.969592771464892,0.0004334416267552,0.2447240436144964,0.8789655915261991,2027.8753522269412,7283.439061342681,8286.3756346776,4.520677844899481,0.2290610443011399
Tesaglitazar,CCO[C@H](Cc1ccc(OCCc2ccc(OS(C)(=O)=O)cc2)cc1)C(=O)O,1,train,0.7223333059173683,0.994648374114072,0.0007595072172977,0.1033180132998743,0.9430241408588224,1241.626306348999,11332.811611602116,12017.520146707167,5.486563513674785,0.1128875413296799
Trimethoprim.mol,COc1cc(Cc2cnc(N)nc2N)cc(OC)c1OC,1,train,0.33283944271846,0.9491088370217072,0.0008134549094065,0.3149482743043723,0.8716621779749457,1071.5556177672604,2965.6758896911088,3402.3225564071126,3.579461806640867,0.3559760952930596
Dantrolene,O=C1CN(/N=C/c2ccc(-c3ccc([N+](=O)[O-])cc3)o2)C(=O)N1,1,train,0.8071991022145161,0.9976150620600666,0.0017797055928824,0.0690230972275905,0.9328716987328424,524.1719206050948,7084.369865214762,7594.152416498164,4.918161683508867,0.0093515179639308
Meropenem.mol,C[C@H](O)[C@H]1C(=O)N2C(C(=O)O)=C(S[C@@H]3CC[C@H](C(=O)N(C)C)N3)[C@@H](C)[C@H]12,0,train,0.4682936117680611,0.973938393567275,0.0007073808129331,0.2268127102602403,0.8848229764895796,1250.8439023398028,4879.688724332308,5514.875691510453,3.8966972564819793,0.1586540528090396
Sulpiride.mol,CCN1CC[C@H](CNC(=O)c2cc(S(N)(=O)=O)ccc2OC)C1,1,train,0.6264133841984104,0.9893759224733136,0.0009628260905046,0.145379792371842,0.910775394140791,945.9396698145868,5926.123304710796,6506.679190978138,4.426290333856924,0.1196411006390126
Nicotinic_acid,O=C(O)c1cccnc1,1,train,0.4576092866479193,0.9715254586991824,0.0060098499146442,0.236935187549978,0.7630648124510673,126.96902972430397,408.9118203822444,535.8808501059882,2.0863429052329394,9.272473541033926e-13
Pirbuterol,CC(C)(C)NC[C@@H](O)c1ccc(O)c(CO)n1,1,train,0.5207026523419463,0.9802863578960216,0.0015091447600479,0.1975820247971792,0.8736928101272025,578.932408114021,2559.995440061249,2930.086422124196,3.553566811735798,0.1731021004600691
Isoniazid.mol,NNC(=O)c1ccncc1,1,train,0.5385173644221927,0.982000942931024,0.0059251997808826,0.1888760124594426,0.8328666456898973,140.56347068281178,619.8279220833417,744.2102829918384,2.342127500292277,0.0502838869736319
Nicorandil.mol,O=C(NCCO[N+](=O)[O-])c1cccnc1,1,train,0.5075755773738378,0.9781957179273604,0.0021975391489042,0.2076851882744068,0.9508310687338772,432.6799225433617,1980.909262667402,2083.345115452709,3.2630217265989723,0.2908630292189862
Protionamide,CCCc1cc(C(N)=S)ccn1,1,train,0.475783406012222,0.9749333766574824,0.0026995460389216,0.2224969911689583,0.8845651353630788,327.6718094855802,1302.7010252564494,1472.702204933436,2.933676246900393,0.1718948781408285
Betahistine,CNCCc1ccccn1,1,train,0.488462887268144,0.976513269270206,0.0051830333419457,0.2154572694044327,0.8904990257829799,171.8103988597298,710.1036471263608,797.4221493414833,2.4829527856520417,0.2531011852207601
Risedronic_acid.mol,O=P(O)(O)C(O)(Cc1cccnc1)P(=O)(O)O,0,train,0.2751741052210518,0.932734955457077,0.0011924193102738,0.3605627585712155,0.8643983047563839,724.9113607174789,1737.8726349495378,2010.4998186447483,2.810724783303367,0.3539682577108866
Ethionamide,CCc1cc(C(N)=S)ccn1,1,train,0.4267058062886326,0.9678824644681098,0.0031789345102548,0.2514031323892723,0.8726544107184749,274.5116037790032,952.867052826632,1091.9179931057888,2.641092619906188,0.2073530227601345
Dapsone.mol,Nc1ccc(S(=O)(=O)c2ccc(O)cc2)cc1,1,train,0.360341626673631,0.9552496116571384,0.0013060281515066,0.2958009118121275,0.8885276572446892,680.3281048878329,2043.571581610392,2299.9526969677863,3.174315847569677,0.3739836869909036
Mifepristone.mol,C#C[C@@]1(O)CC[C@@H]2[C@@H]3CC[C@@H]4CC(=O)CCC4=C3[C@H](c3ccc(N(C)C)cc3)C[C@@]21C,1,train,0.2078663263725052,0.8989040745780015,0.000244450027808,0.4381454834949992,0.6982835029523963,2856.549083728456,4552.554290027574,6519.63603719553,4.08379848609882,0.260689935215406
Cymarin,C=C[C@@]12CC[C@@H](O[C@H]3C[C@@H](OC)[C@@H](O)[C@H](C)O3)C[C@]1(O)CC[C@@H]1[C@@H]2CC[C@]2(C)[C@H](C3=CC(=O)OC3)CC[C@@]12O,1,train,0.6828399627329924,0.9926125091741972,0.0005031822222709,0.1213276828712419,0.9702016013544228,1928.131715337028,15418.38130896702,15891.93553942049,5.513538864953179,0.2186691359827592
Trapidil.mol,CCN(CC)c1cc(C)nc2ncnn12,1,train,0.1615853293437306,0.8778513941541957,0.0012115196300495,0.4789331161879861,0.7721316166616699,637.3248914093898,1027.4893969735465,1330.7179434199604,2.70124856297946,0.4934566577962564
Citalopram.mol,CN(C)CCC[C@@]1(c2ccc(F)cc2)OCc2cc(C#N)ccc21,1,train,0.1861429769108142,0.8919224280536578,0.0003801517338014,0.4521884367549303,0.749766760812914,1972.2828916639728,3270.212227675902,4361.639377198136,3.847462232778796,0.3965485067069501
Desogestrel.mol,C#C[C@@]1(O)CC[C@H]2[C@@H]3CCC4=CCCC[C@@H]4[C@@H]3C(=C)C[C@]21CC,1,train,0.4071017099976778,0.9624140026088812,0.0011141286121658,0.2715866115668308,0.9780168710034026,877.831212953229,3161.1784218986604,3232.2330172642414,3.421935402335769,0.4732550339789472
Metolazone.mol,Cc1ccccc1N1C(=O)c2cc(S(N)(=O)=O)c(Cl)cc2N[C@@H]1C,1,train,0.5348294475590596,0.9817074506226462,0.000845158142494,0.1903955918396866,0.8950176007966119,1058.994235274625,4978.153488506195,5562.073286687749,3.981554205253058,0.2485405657063821
Megestrol_acetate,CC(=O)O[C@]1(C(C)=O)CC[C@@H]2[C@H]3C=C(C)C4=CC(=O)CC[C@@]4(C)[C@H]3CC[C@]21C,1,train,0.447753426920731,0.97027831280876,0.0007166711172509,0.241991726496973,0.9416709742755196,1313.9513391967992,5113.025373400732,5429.736620409767,3.9265393503060113,0.3189463763834739
Hydroxyprogesterone_caproate,CCCCCC(=O)O[C@]1(C(C)=O)CC[C@@H]2[C@@H]3C=CC4=CC(=O)CC[C@]4(C)[C@@H]3CC[C@@]21C,1,train,0.5250588419377664,0.9805932755174928,0.0005357582979943,0.1960531254784642,0.9119787524284844,1702.220489803979,7918.205409177019,8682.445054878568,4.631649774946362,0.2104657454945836
Diltiazem.mol,CC(C)CCC[C@H](C)[C@@H]1CC[C@@H]2[C@@H]3CC=C4C[C@@H](O)CC[C@]4(C)[C@@H]3CC[C@]12C,1,train,0.6565680674979606,0.9909540847590984,0.0009205449027906,0.1342013483511152,0.98724565555703,1072.4579024491,7889.484107049067,7991.409293766516,4.682156364363249,0.2373093963637818
Benzbromarone,CCc1oc2ccccc2c1C(=O)c1cc(Br)c(O)c(Br)c1,1,train,0.2467030402852076,0.9227646994464404,0.0003720052880343,0.3853638663075723,0.8060574232427195,2166.7902289827525,4532.22915115594,5622.712502197499,3.811473349615552,0.1991569179460076
Hexobarbital.mol,CN1C(=O)[C@@](C)(C2=CCCCC2)C(=O)N=C1O,1,train,0.1454666147696328,0.8627835072139609,0.0012689493979281,0.5055735551624283,0.935371219003308,737.1225523495937,1363.7644083748708,1457.9926992280566,2.7443306999927217,0.4656999218383928
Quinalbarbitone,C=CC[C@@]1([C@@H](C)CCC)C(=C)NC(O)=NC1=O,1,train,0.1173806449497984,0.8365553458364396,0.0008429066795111,0.5478824265775231,0.744320160274184,883.0398172972729,1199.6448625756243,1611.7323251512,2.7958400054330217,0.4014563243918059
Cicaprost.mol,CCC#CC[C@H](C)[C@@H](O)C#C[C@H]1[C@@H](O)C[C@H]2C/C(=C/COCC(=O)O)C[C@H]12,1,train,0.4229897764457592,0.9668674157042384,0.0003894150095812,0.2552790638681661,0.910979670549414,2339.354283053838,8348.135416131552,9163.909674402254,5.148349136745078,0.2993126982927168
Naloxone.mol,C=CCN1CC[C@@]23c4c5ccc(O)c4O[C@H]2C(=O)CC[C@@]3(O)[C@@H]1C5,1,train,0.1841907400286838,0.8917095143880029,0.0005500439400421,0.4526081549750422,0.7632344984520221,1387.5882323029068,2339.894226161337,3065.7605636368203,3.221050291393919,0.386936778890334
Oxycodone.mol,COc1ccc2c3c1O[C@@H]1C(=O)CC[C@]4(O)[C@H](C2)N(C)CC[C@@]314,1,train,0.178194000134292,0.8887070717110871,0.0006484868623964,0.4584754526588142,0.7732095368817774,1192.328760561851,2010.8382322726488,2600.638166443235,3.0334155852308657,0.4232630660417582
Sulfamethizole,Cc1nnc(NS(=O)(=O)c2ccc(N)cc2)s1,1,train,0.6059333496445981,0.9878782031405114,0.0019884920753196,0.1552309755167257,0.91858642173204,461.95126102495954,2733.6177877320583,2975.8961411357327,3.378506762282968,0.070768188835264
Netilmicin,CCN[C@@H]1C[C@H](N)[C@H](O[C@@H]2C[C@@H](N)C=C(CN)O2)[C@H](O)[C@@H]1O[C@@H]1OC[C@@](C)(O)[C@@H](NC)[C@@H]1O,0,train,0.1134434342469281,0.7971889597969701,0.0001616721977787,0.6037298753398119,0.6426650309378744,3975.11161329842,4231.470616729094,6584.255269893695,3.9433597349092695,0.3339841010355007
Ivermectin,CC[C@@H](C)[C@H]1[C@H](C)[C@H]2C[C@]3(C[C@@H]4C[C@H](C/C=C(/C)[C@@H](O[C@@H]5C[C@@H](OC)[C@@H](O[C@H]6C[C@@H](OC)[C@@H](O)[C@H](C)O6)[C@H](C)O5)[C@@H](C)C=CC=C5CO[C@@H]6[C@@H](O)C(C)=C[C@H](C(=O)O4)[C@]56O)O3)O[C@@H]12,1,train,0.3856868548446955,0.9603219136528984,6.990680954978295e-05,0.2788939263555863,0.7894480159799048,11292.86289939627,31966.017787331733,40491.60570459325,6.870498042866497,0.1345582155929175
Etoricoxib,Cc1ccc(-c2c(-c3ccc(S(C)(=O)=O)cc3)cc(Cl)c[n+]2[O-])cn1,1,train,0.2782783208615167,0.928829994605122,0.0003195633709033,0.3705061957941445,0.6968258321618752,2180.556019897237,4101.058984678099,5885.342929889269,4.028541363224861,0.1958504945499777
Perindopril.mol,CCC[C@@H](N[C@H](C)C(=O)N1[C@H](C(=O)O)C[C@@H]2CCCC[C@@H]21)C(=O)OCC,1,train,0.2742510458990326,0.9319624601299792,0.0004867839329489,0.3625547860785689,0.8858968612173715,1819.897497131164,4446.890628266209,5019.648249069798,3.913451866160696,0.350951717532505
Acipimox.mol,Cc1cnc(C(=O)O)c[n+]1[O-],1,train,0.4860826221538323,0.9756860295070574,0.0040419756764641,0.2191729267604766,0.784451357105987,194.0762191305957,694.6266390162962,885.4935780580788,2.3991052915990028,0.0375334619364184
Dicyclomine,CCN(CC)CCOC(=O)C1(C2CCCCC2)CCCCC1,1,train,0.2855221570603578,0.9350312357997318,0.0005349625676066,0.3545653509281841,0.7608223952902468,1422.1974421388252,3051.7354887361403,4011.101023875528,3.702419950388469,0.2143556355369579
Lansoprazole.mol,Cc1cnc(CS(=O)c2nc3ccccc3[nH]2)cc1OCC(F)(F)F,1,train,0.4032800343634056,0.962765062440916,0.0006432590562746,0.2703394801784217,0.9420591898945894,1464.5097969555193,5103.416311972064,5417.299004899156,4.027898017030946,0.3533359088727856
Omeprazole.mol,COc1ccc2[nH]c(S(=O)Cc3ncc(C)c(OC)c3C)nc2c1,1,train,0.7336650680744985,0.9951019266507388,0.0013826105501358,0.0988542137492756,0.9578446132168266,692.7797658731236,6712.666478438789,7008.095452867832,4.56766350173303,0.0783410825084516
Pantoprazole.mol,COc1ccnc(CS(=O)c2nc3cc(OC(F)F)ccc3[nH]2)c1OC,1,train,0.6376428962404147,0.9900850608437912,0.0007868628604237,0.1404691150892117,0.9272411370760332,1178.4024684766937,7778.672515375246,8389.05027434886,4.756349729422983,0.1227527252575916
Rabeprazole.mol,COCCCOc1ccnc(CS(=O)c2nc3ccccc3[nH]2)c1C,1,train,0.7863313042104908,0.9969783476948572,0.0014248802552996,0.0776799473972027,0.975901049913771,684.9003951623415,8604.473060564338,8816.95235528706,5.018573852687563,0.0835950043254369
Poldine,C[N+]1(C)CCC[C@@H]1COC(=O)C(O)(c1ccccc1)c1ccccc1,0,train,0.3400163620605286,0.9510549629568326,0.0005875855153794,0.3090217750178423,0.8271076230080923,1407.6378694835348,3767.592145302639,4555.141363103816,3.780310789761027,0.2380554505436729
Mefenamic_acid,Cc1cccc(Nc2ccccc2C(=O)O)c1C,1,train,0.409926289530718,0.9651238215736986,0.0012765255376966,0.2617938292454189,0.8279837859929741,648.6229703535402,2051.420784910386,2477.6098513211628,3.2755319238426988,0.1720873483604879
Diclofenac.mol,O=C(O)Cc1ccccc1Nc1ccc(Cl)cc1Cl,1,train,0.2701462315158356,0.9267844098820972,0.0008492250065469,0.3755937400962544,0.96805637017839,1139.9291856873383,2938.0567138155493,3035.0058161118604,3.465397720855706,0.3393402450331965
Meclofenamic_acid,Cc1ccc(Cl)c(Nc2ccccc2C(=O)O)c1Cl,1,train,0.138632774717627,0.8616077354728746,0.0006658452641432,0.5075747335844298,0.792584110396459,1190.3427914536762,1858.7347241826749,2345.1576934250115,3.017809863703257,0.3615138162690832
Clavulanic_acid.mol,O=C(O)[C@@H]1C(=CCO)O[C@H]2CC(=O)N21,1,train,0.1167947756534268,0.8424497738471286,0.0013707523103399,0.5387748867058689,0.8121181855437161,592.4616573086669,893.0425266840787,1099.646015297864,2.547561360764933,0.3374992478173292
Clobazam,CN1C(=O)CC(=O)N(c2ccccc2)c2cc(Cl)ccc21,1,train,0.1631184299959365,0.8351382465068176,0.0003518390928035,0.55004009783062,0.5887523555906788,1673.356848720989,1791.1290291633595,3042.2452023421115,3.289025368629231,0.3135696096057697
Mebendazole.mol,COC(=O)Nc1nc2ccc(C(=O)c3ccccc3)cc2[nH]1,1,train,0.7670157419553213,0.9963711592356326,0.0020461625790435,0.085114705212682,0.9598020945010276,469.07420961128827,5289.549058959158,5511.083054792703,4.368285840421075,0.0917681065743234
Ticarcillin,CC1(C)S[C@H]2[C@@H](NC(=O)[C@@H](C(=O)O)c3ccsc3)C(=O)N2[C@@H]1C(=O)O,0,train,0.5233457127479169,0.9800375738937228,0.00086684292063,0.1988123581584042,0.9484086165972432,1094.095128455224,5219.2391701186525,5503.154525150298,3.9202861329983834,0.2282548419429362
Papaverine.mol,COc1ccc(Cc2nccc3cc(OC)c(OC)cc23)cc1OC,1,train,0.2688337534844127,0.9308929590354252,0.0005057861477363,0.3652920733033641,0.837097076165563,1655.041522809666,3792.664886341549,4530.734838681275,3.8341243475375513,0.3457816185885241
Sulfinpyrazone.mol,O=C1C(CCS(=O)c2ccccc2)C(=O)N(c2ccccc2)N1c1ccccc1,1,train,0.3432340146694368,0.9517666288609408,0.000442646991116,0.3068228873253754,0.8554706105942609,1932.6249308444692,5388.463175127924,6298.829098739904,4.103153879121848,0.2174451796231029
Cefmetazole,CO[C@@]1(NC(=O)CSCC#N)C(=O)N2C(C(=O)O)=C(CSc3nnnn3C)CS[C@H]21,0,train,0.3092782676440205,0.942956931647299,0.0003257209939203,0.3329147414253549,0.8705574156936121,2672.7089501220357,6989.016426721139,8028.208479681581,4.33097896178464,0.2472362895080871
Ceftizoxime.mol,CO/N=C(\C(=O)N[C@@H]1C(=O)N2C(C(=O)O)=CCS[C@@H]12)c1csc(N)n1,1,train,0.5658318531622378,0.984663402037968,0.0007541852536273,0.1744648522970036,0.8938926441082289,1185.2428031560376,6072.740780015528,6793.590729313872,4.280704114884716,0.1418643867880658
Cefpodoxime_proxetil.mol,COCC1=C(C(=O)O[C@H](C)OC(=O)OC(C)C)N2C(=O)[C@H](NC(=O)C(=NOC)c3csc(N)n3)[C@@H]2SC1,1,train,0.468183038110178,0.973990734731581,0.0002156785511517,0.2265878387227232,0.8456390733114201,3920.830647255455,14632.769410071673,17303.80001573428,5.670355557502863,0.134169780123926
Acetazolamide.mol,CC(=O)Nc1nnc(S(N)(=O)=O)s1,1,train,0.614038681569584,0.9885031152956828,0.0034238106518578,0.1512004995055565,0.9106702326681118,265.9814824087767,1601.9882160621328,1759.1309769383531,2.856557335334867,0.0778084011664079
Dihydroergotamine.mol,CN1C[C@@H](C(=O)N[C@]2(C)O[C@@]3(O)[C@@H]4CCCN4C(=O)[C@@H](Cc4ccccc4)N3C2=O)C[C@@H]2c3cccc4[nH]cc(c34)C[C@@H]21,1,train,0.5236644155032509,0.9796912896104504,0.0003300472104484,0.2005117878365565,0.9738105692559876,2950.519011910005,14329.564508849571,14714.940421932031,5.235226397599195,0.2902532612534999
Disopyramide.mol,CC(C)N(CC[C@](C(N)=O)(c1ccccc1)c1cccnc1)C(C)C,1,train,0.142455099064383,0.8650614961237575,0.0004620337603503,0.501665832924793,0.8680270368160973,1878.709114584742,3250.7103309482577,3744.941336011591,3.6153015455937223,0.5093741314963882
Streptomycin.mol,CN[C@@H]1[C@H](O[C@H]2[C@@H](O[C@H]3[C@@H](O)[C@@H](O)[C@@H](NC(=N)N)[C@@H](O)[C@@H]3NC(=N)N)O[C@@H](C)[C@@]2(O)C=O)O[C@@H](CO)[C@@H](O)[C@H]1O,0,train,0.154007731270603,0.8708814921880569,0.0002318522774481,0.4914930585108028,0.917515888157669,3957.329633575795,7387.515958993248,8051.649082423031,4.08358778791351,0.5591605947724847
Valsartan.mol,CCCCC(=O)N(Cc1ccc(-c2ccccc2-c2nnn[nH]2)cc1)[C@H](C(=O)O)C(C)C,1,train,0.3541230986237175,0.9512975994114952,0.0004705543812833,0.3082740296455837,0.9738340372840428,2069.5462119129693,6537.672165281524,6713.332985890132,4.193862226729601,0.310353321974975
Phenprocoumon,CC[C@H](c1ccccc1)c1c(O)c2ccccc2oc1=O,1,train,0.3115821408120922,0.9401824999144478,0.0010581305657278,0.3406712005066166,0.9702727418870084,916.9688253165572,2611.6380106146507,2691.6534886216405,3.330887129229975,0.4096445918382173
Tianeptine.mol,CN1c2ccccc2N(CCCCCCC(=O)O)c2ccc(Cl)cc2S1(=O)=O,1,train,0.3226164437466516,0.9467839186866982,0.0003103996524964,0.321869867052291,0.8307146766870319,2676.274506127534,6907.202999286342,8314.77183818747,4.599959195785843,0.2527030911520111
Lamotrigine.mol,Nc1nnc(-c2cccc(Cl)c2Cl)c(N)n1,1,train,0.4623704361418911,0.9731025749544164,0.0016972579831691,0.2303722609540571,0.8888718795946023,523.7105309912162,2020.692778365734,2273.3228767314968,3.0669356321725334,0.1906489078373733
Cyproheptadine,CN1CCC(=C2c3ccccc3C=Cc3ccccc32)CC1,1,train,0.1484417888642972,0.8577339885722225,0.0004643095564454,0.5140937704815985,0.6943969738021532,1495.547451398832,2020.0665404990425,2909.0946774122863,3.343211150126413,0.3792287909867993
Tiagabine.mol,Cc1ccsc1C(=CCCN1CCC[C@H](C(=O)O)C1)c1sccc1C,1,train,0.3811409201669189,0.959163262944319,0.0005443581741825,0.282853027238542,0.9127309443759448,1676.7102758152685,5410.531994055987,5927.8498525710565,4.162646567761645,0.2877636823969259
Lynestrenol.mol,C#C[C@@]1(O)CC[C@@H]2[C@@H]3CCC4=CCCC[C@@H]4[C@@H]3CC[C@@]21C,1,train,0.504271559550459,0.9780075384479672,0.0014701797229863,0.2085695441308441,0.9360172351274996,636.6685790130273,2857.237692606141,3052.548164048435,3.392270312668144,0.2874311185705219
Ethynodiol_diacetate,C#C[C@@]1(OC(C)=O)CC[C@@H]2[C@@H]3CCC4=C[C@@H](OC(C)=O)CC[C@@H]4[C@@H]3CC[C@@]21C,1,train,0.5649681680901496,0.9840871715397352,0.0007903807203934,0.1776863495345759,0.9637203921919278,1219.3116144232552,6613.200565682702,6862.156927738501,4.371270679024221,0.2777852251177959
Atropine.mol,CN1[C@H]2CC[C@@H]1C[C@@H](OC(=O)[C@@H](CO)c1ccccc1)C2,1,train,0.6331770691156069,0.9894492870099716,0.0016899169659358,0.1448796343019233,0.9813110070984252,580.6859312492722,3933.151120568127,4008.05768213872,3.837271964271751,0.2619575342353157
Rizatriptan.mol,CN(C)CCc1c[nH]c2ccc(Cn3cncn3)cc12,1,train,0.5303202312525939,0.9810422286721222,0.001355949320156,0.1937940803069984,0.925658910048856,682.6648284630023,3260.7537858881237,3522.6299347305167,3.72280513847696,0.2399332408674938
Anastrozole.mol,CC(C)(C#N)c1cc(Cn2cncn2)cc(C(C)(C)C#N)c1,1,train,0.1639658101852987,0.8696065304010723,0.0004076477526301,0.4937453617846032,0.6899217534221853,1692.4458652616577,2364.8935449500805,3427.770661266461,3.5716861246604585,0.2573099236196528
Diazoxide.mol,CC1=Nc2ccc(Cl)cc2S(=O)(=O)N1,1,train,0.3957851288406962,0.9622286580563182,0.0016850829428821,0.2722425565835313,0.7909923987962552,469.4085843889383,1363.8522457360052,1724.229269221218,2.776870624187821,0.0828289994298313
Phenylbutazone.mol,CCCC[C@@H]1C(=O)C(=O)N(c2ccccc2)N1c1ccccc1,1,train,0.1475053273759394,0.8696053425188547,0.0005463131126318,0.4937474539303118,0.8308917081672293,1520.9074960042285,2559.424696289489,3080.3348632940824,3.4073593388771344,0.4209773046359213
Phthalylsulfathiazole,O=C(O)c1ccccc1C(=O)Nc1ccc(S(=O)(=O)Nc2nccs2)cc1,0,train,0.7149395763568187,0.9943293530574911,0.000927665303195,0.1063444293241112,0.9363192672785589,1009.3287568842616,8886.72747689267,9491.129561738297,4.901763713567182,0.0706874895763593
Pentobarbital.mol,CCC[C@H](C)C1(CC)C(=O)NC(=O)NC1=O,1,train,0.0808855072468789,0.7983675064349567,0.0010132911157412,0.6021705112913032,0.8280825818946962,817.2208055815196,1123.8117808406569,1357.1252498383878,2.69961276739747,0.3750184524132462
Ofloxacin.mol,C[C@H]1COc2c(N3CCN(C)CC3)c(F)cc3c(=O)c(C(=O)O)cn1c23,1,train,0.513487039605493,0.9794808324938205,0.0007758921494833,0.2015373384194918,0.8493566265541248,1094.683877288458,4613.42306318257,5431.667828270699,3.925955355467184,0.1609604636727104
Pyrazinamide,NC(=O)c1cnccn1,1,train,0.442252075513636,0.9690532505990248,0.005848585598705,0.246851772332028,0.7531482276716369,128.77442160347223,392.8925706461768,521.6669922477371,2.0584541330648976,4.500708633673021e-12
Aminoglutethimide,CC[C@@]1(c2ccc(N)cc2)CCC(=O)NC1=O,1,train,0.2105167795167735,0.9067730794857344,0.0011895007451659,0.4216190013744139,0.8718759129227053,732.9763486621861,1515.7391413986124,1738.480349018413,2.929611775960177,0.486380677343974
Phenglutarimide,CCN(CC)CC[C@]1(c2ccccc2)CCC(=O)NC1=O,1,train,0.1840301493341423,0.8926037866197747,0.0005838752824088,0.450841968002137,0.782083340301069,1339.469855744584,2323.6014687265088,2971.04074334587,3.391451045200421,0.3825208021449597
Chlorthalidone.mol,NS(=O)(=O)c1cc([C@@]2(O)NC(=O)c3ccccc32)ccc1Cl,1,train,0.3203128942084554,0.9448439848228048,0.0007656835129541,0.3275207540663086,0.9178282972545474,1198.7045322595488,3359.191520218432,3659.9345762890607,3.482650082973859,0.4478157507743635
Zolpidem.mol,CCCN(CCC)C(=O)Cc1c(-c2ccc(C)cc2)nc2ccc(C)cn12,1,train,0.2006206523132362,0.8791936161663949,0.0002393225816303,0.4764646737086159,0.6180065766025645,2582.3161876012814,3349.4369569585897,5419.743225665684,3.951448854254908,0.2017885936255099
AAFC,N=c1nc2n(cc1F)[C@H]1O[C@@H](CO)[C@H](O)[C@H]1O2,1,train,0.4410724828011427,0.9699515255505424,0.0017867683405061,0.2432982492377935,0.8951622343220024,500.9951284834261,1843.3010512925523,2059.1809848732864,3.008890952677366,0.3377405360591265
Ketorolac.mol,O=C(c1ccccc1)c1ccc2n1CC[C@@H]2C(=O)O,1,train,0.438764915378101,0.9695515721124662,0.0014391817370532,0.2448872169269862,0.8994645661229661,624.9833102834183,2295.547922314689,2552.127130709965,3.2740230290965955,0.2869938983388222
Meperidine.mol,CCOC(=O)C1(c2ccccc2)CCN(C)CC1,1,train,0.1291141503361373,0.8285723285541013,0.000581033601404,0.5598820378922995,0.6615696043146241,1138.6081677823274,1345.4058248856595,2033.657254068496,3.022016921213092,0.3494649711905618
Repaglinide.mol,CCOc1cc(CC(=O)N[C@H](CC(C)C)c2ccccc2N2CCCCC2)ccc1C(=O)O,1,train,0.5238207740105401,0.9802369470716288,0.0004464033996585,0.1978270143223439,0.936251736179058,2097.322146056993,9925.952263390467,10601.798511903778,4.999483277506776,0.2766073330105812
Tranexamic_acid.mol,NC[C@H]1CC[C@@H](C(=O)O)CC1,1,train,0.5768298470407994,0.9856094818157728,0.0049215677765112,0.1690383073591428,0.898141966328604,182.4910286951823,969.619572688863,1079.5838620618551,2.664146744222101,0.2437267046618435
Lactulose.mol,OC[C@@H]1O[C@@H](O[C@@H]2[C@H](CO)O[C@@](O)(CO)[C@H]2O)[C@@H](O)[C@@H](O)[C@@H]1O,0,train,0.3360286681637791,0.9500691495987076,0.0006709438523572,0.3120394381817607,0.8198196159457524,1221.8900479756874,3210.265457778016,3915.819279433343,3.491998271391445,0.2258818060378955
Pheniramine.mol,CN(C)CC[C@H](c1ccccc1)c1ccccn1,1,train,0.1656566070097008,0.8678731443249093,0.0006031249942567,0.4967858747585272,0.674904044728524,1119.0118982885408,1520.223691185609,2252.503452986579,3.1900286194659286,0.3327889905427861
Allopurinol.mol,O=c1[nH]cnc2[nH]ncc12,1,train,0.2908814672290835,0.9236385945704464,0.00298014128242,0.3832645908767601,0.6167354091242093,206.9483795155482,333.0137887670253,539.96216828205,1.9917290965976264,2.2755449515008e-12
Phenytoin.mol,O=C1NNC(=O)C1(c1ccccc1)c1ccccc1,1,train,0.0854722549265013,0.8053354134125253,0.000812266578613,0.5928194260512023,0.8312415188761129,1023.3604838148532,1434.939014381388,1726.2600360981842,2.879880663035648,0.4836143135509252
Timolol.mol,CC(C)(C)NC[C@H](O)COc1nsnc1N1CCOCC1,1,train,0.4676703483209068,0.9738627598094244,0.0008551492047391,0.22713723837445,0.8312045911411726,971.999490305018,3557.014449548279,4279.3488961181065,3.730747298891317,0.1711561057632024
Tetrahydrocannabinol.mol,CCCCCc1cc(O)c2c(c1)OC(C)(C)[C@@H]1CCC(C)=C[C@@H]21,1,train,0.4402909703117363,0.9700320824758396,0.0007647106880967,0.2429768692027821,0.8652010117266657,1131.409597373408,4028.765090012623,4656.449813867521,3.950728377239364,0.19071421429387
Progesterone.mol,CC(=O)[C@@H]1CC[C@@H]2[C@@H]3CCC4=CC(=O)CC[C@]4(C)[C@@H]3CC[C@@]12C,1,train,0.5351236066619834,0.9813328361944984,0.0012207270259646,0.1923170939008321,0.9463675167869126,775.2490906303135,3814.9003913788206,4031.098197802785,3.70238129719206,0.3115381369502024
Fludrocortisone_acetate,CC(=O)OCC(=O)[C@@]1(O)CC[C@@H]2[C@@H]3CCC4=CC(=O)CC[C@]4(C)[C@]3(F)[C@@H](O)C[C@@]21C,1,train,0.4972350329968421,0.9764131388532128,0.0006934882229808,0.2159105886120838,0.9795211280011756,1412.4553172522872,6407.88316358092,6541.852932419065,4.122736692429304,0.3443966373130154
Hydrocortisone,C[C@@]12CCC(=O)C=C1CC[C@H]1[C@H]2[C@H](O)C[C@]2(C)[C@@H]1CC[C@@]2(O)C(=O)CO,1,train,0.463035863958865,0.9724960544311418,0.0008455128283318,0.232919351097889,0.9439137232454988,1116.3801324077122,4524.1690841539385,4792.990050614261,3.793736753632088,0.345652138598909
Norethindrone.mol,C#C[C@@]1(O)CC[C@@H]2[C@@H]3CCC4=CC(=O)CC[C@@H]4[C@@H]3CC[C@@]21C,1,train,0.5846413916924621,0.98596440060484,0.0015596464615692,0.16695568495843,0.951790044381724,610.2601248644858,3479.004093054916,3655.222192741943,3.602159875272973,0.2843973380835271
Testosterone.mol,C[C@@]12CCC(=O)C=C1CC[C@H]1[C@H]2CC[C@@]2(C)[C@H](O)CC[C@H]12,1,train,0.5301413663866033,0.9811492451180304,0.0014208267695158,0.1932515428251985,0.9093668832721092,640.0265695880436,3011.7170517188138,3311.8833631613784,3.474415742164396,0.2914341405350828
Corticosterone,C[C@@]12CCC(=O)C=C1CC[C@H]1[C@H]2[C@H](O)C[C@@]2(C)[C@@H](C(=O)CO)CC[C@H]12,1,train,0.455707518061949,0.9708472458710518,0.0009170521121484,0.2396990304206374,0.9706595436130794,1058.4562542896576,4286.211182916625,4415.771947146463,3.7530880096652126,0.3777679622117873
Levonorgestrel.mol,C#C[C@@]1(O)CC[C@@H]2[C@@H]3CCC4=CC(=O)CC[C@@H]4[C@@H]3CC[C@@]21CC,1,train,0.5352524157291196,0.9815704318424124,0.0012370067552282,0.1911007256205474,0.9241697509043494,747.101620098942,3613.0094006971,3909.465114132525,3.63776196390397,0.2777976551822666
Saccharin.mol,O=C1NS(=O)(=O)c2ccccc21,1,train,0.2017550993817427,0.8909647194020309,0.0017154552632323,0.4540725369154804,0.6676312613762273,389.1860520560802,572.2274608574254,857.1010585661604,2.2278958486760434,0.0906530899451622
Levosimendan,C[C@H]1CC(=O)NN=C1c1ccc(NN=C(C#N)C#N)cc1,1,train,0.7046969436205869,0.9938129365488648,0.0017064602238736,0.1110668589099481,0.9520506876073576,557.9096859616334,4782.329358690477,5023.187757690896,4.299640230586066,0.1326767835017222
Iotroxic_acid,O=C(COCCOCCOCC(=O)Nc1c(I)cc(I)c(C(=O)O)c1I)Nc1c(I)cc(I)c(C(=O)O)c1I,0,train,0.7066109231871854,0.9939290753779328,0.0001207784993035,0.1100226936516629,0.9428828753095724,7806.711299994832,66902.6920987369,70955.46419460746,7.739780830135696,0.181431744110254
Gallopamil.mol,COc1ccc(CCN(C)CCC[C@](C#N)(c2cc(OC)c(OC)c(OC)c2)C(C)C)cc1OC,1,train,0.2333609690863631,0.9174210432788812,0.0002149603137156,0.3979178675921569,0.8526156724266494,3966.3864351934913,8498.746884652573,9967.85205749748,4.8108327078013975,0.4328122040978363
Amrinone.mol,Nc1cc(-c2ccncc2)c[nH]c1=O,1,train,0.5903015405864483,0.9866028581679496,0.0036485358615377,0.1631404310857143,0.9288337827467268,254.57712846907327,1449.4251097846634,1560.4784588028822,2.952818903662692,0.2646829294213465
Milrinone.mol,Cc1[nH]c(=O)c(C#N)cc1-c1ccncc1,1,train,0.4343558999494976,0.9691426143846829,0.0017913369584218,0.2465006957061623,0.8437267331218911,471.0039220455754,1612.1601575876464,1910.761025222537,3.074774913732751,0.3061103012375391
Sumatriptan.mol,CNS(=O)(=O)Cc1ccc2[nH]cc(CCN(C)C)c2c1,1,train,0.3842258922729191,0.9603189184262192,0.0007534443642495,0.2789042396821827,0.8088003932533288,1073.4706258755537,3112.9805174112944,3848.886008684544,3.6878727553319104,0.2112668442790988
Pindolol.mol,CC(C)NC[C@H](O)COc1cccc2[nH]ccc12,1,train,0.5694365314194416,0.984991287413188,0.0016425316886539,0.1726040663487114,0.8885744293467613,540.9785610132892,2784.9848865672693,3134.2167798083733,3.606585420615849,0.1498924164421402
Midazolam.mol,Cc1ncc2n1-c1ccc(Cl)cc1C(c1ccccc1F)=NC2,1,train,0.1385931565985906,0.8482952891862304,0.0003944821907498,0.5295234672273267,0.6930397221531492,1756.8339925201865,2299.3423661102747,3317.76418091395,3.364159728243093,0.4013193212582311
Isocarboxazid,Cc1cc(C(=O)NNCc2ccccc2)no1,1,train,0.8165437822578869,0.997856476835162,0.0040116754325504,0.0654404434437732,0.95200360553983,237.30823231993,3452.2732564758217,3626.323720190349,3.977163740364359,0.0464811322832782
Cisapride.mol,COc1cc(N)c(Cl)cc1C(=O)N[C@@H]1CCN(CCCOc2ccc(F)cc2)C[C@@H]1OC,1,train,0.7055810282173374,0.9938998255555204,0.0005192212047893,0.1102866118833383,0.9325840386294346,1796.1208633762856,15188.005325668191,16285.937456091502,5.975039241342751,0.117720199359158
Misoprostol.mol,CCCC[C@](C)(O)C/C=C/[C@@H]1[C@H](CCCCCCC(=O)OC)C(=O)C[C@H]1O,1,train,0.3539542423703802,0.9520617019178852,0.0002293087468229,0.3059060570521939,0.7323700034462506,3193.8162568725065,7646.318760708022,10440.51329891639,5.273979472327895,0.0984179604010079
Guanoxan,N=C(N)NC[C@@H]1COc2ccccc2O1,1,train,0.6021166213514887,0.9875589659467524,0.0031799265146389,0.1572491296579452,0.925163499393856,290.9386412342611,1711.715746972229,1850.176480258573,3.0489164081053537,0.1907051533808278
Minoxidil.mol,Nc1nc(N2CCCCC2)cc[n+]1[O-],1,train,0.5637854949263441,0.984501177576486,0.0031419221584594,0.1753779671181994,0.8773428314404812,279.23760907897827,1396.9093074782147,1592.2046176460733,2.900562876436719,0.1609844329393447
Bromhexine,CN(Cc1cc(Br)cc(Br)c1N)C1CCCCC1,1,train,0.1865956057092301,0.8928547533251039,0.000391831369168,0.4503447451284047,0.7592326878680425,1937.651621614766,3266.671732587873,4302.596272245371,3.5549415331542846,0.4921295853339619
Mefloquine.mol,O[C@@H](c1cc(C(F)(F)F)nc2c(C(F)(F)F)cccc12)[C@@H]1CCCCN1,1,train,0.2814961179608476,0.9333719977079468,0.000402152434028,0.3589104538665276,0.7515207906867679,1868.746095005332,3912.95803112352,5206.719600595096,3.810880640564157,0.2079564438346197
Ticlopidine,Clc1ccccc1CN1CCc2sccc2C1,1,train,0.4610977960934969,0.9730142446488212,0.0013106353087235,0.2307450534908257,0.8392119367221579,640.3092692043294,2328.783104039453,2774.9642279104705,3.2996108580031938,0.2086484291589819
Acrivastine,Cc1ccc(C(=CCN2CCCC2)c2cccc(/C=C/C(=O)O)n2)cc1,1,train,0.1648944805414734,0.8726405424117478,0.0002341979643199,0.488363065494649,0.7032526238998166,3002.8127099307253,4324.1106188069,6148.73016019191,4.39736158375931,0.3036988494173563
Sulfisomidine,Cc1cc(NS(=O)(=O)c2ccc(N)cc2)nc(C)n1,1,train,0.1400138865461073,0.8591988210032743,0.0006440115874969,0.5116418532397281,0.7491833580768986,1163.3072643750509,1703.3994331800654,2273.674948616815,3.0387656835090358,0.4837633023184331
Carvedilol.mol,COc1ccccc1OCCNC[C@@H](O)OCc1cccc2[nH]c3ccccc3c12,1,train,0.4802718159154398,0.9755699459014656,0.0004361136423065,0.2196890544697469,0.8681006867570713,1990.5377923188896,7865.60454137642,9060.705355227446,4.823793703913828,0.1690490672310935
Maprotiline.mol,CNCCC[C@]12CC[C@H](c3ccccc31)c1ccccc12,1,train,0.1943252637966095,0.8941289567172668,0.0005710774685753,0.4478095675169213,0.7218366976717826,1263.9908548177611,2037.462016696438,2822.607971121561,3.322331100100807,0.3031433012527065
Benzydamine.mol,CN(C)CCCOc1nn(Cc2ccccc2)c2ccccc12,1,train,0.3286144054348636,0.9479879920101252,0.000532783103876,0.3183060901154903,0.7960894679202425,1494.209298546761,3737.045323292361,4694.252937493657,4.004903777153267,0.2293897678842696
Bephenium,C[N+](C)(CCOc1ccccc1)Cc1ccccc1,0,train,0.5592425003317144,0.9836542849689508,0.0015299521133191,0.1800673420202054,0.9543267188521504,623.7624763181685,3305.836531429525,3464.051111767817,3.797359332623596,0.318645788319746
Flunarizine,Fc1ccc(C(c2ccc(F)cc2)N2CCN(CCCc3ccccc3)CC2)cc1,1,train,0.4604556886587082,0.9729290632775048,0.0003736690211928,0.2311039545961021,0.8399950794446019,2247.9655304662324,8170.695251203451,9727.075135494662,4.977779009697446,0.2053424093686482
Isosorbide-2-mononitrate.mol,O=[N+]([O-])O[C@H]1CO[C@@H]2[C@H](O)CO[C@@H]12,1,train,0.4544081297257328,0.9720220547841804,0.0032243949938002,0.2348896017561012,0.8828383606913327,273.7996933963793,1029.0828996629705,1165.6526783194113,2.5411483287137493,0.3087286255825984
Isosorbide_dinitrate.mol,O=[N+]([O-])O[C@@H]1CO[C@@H]2[C@@H]1OC[C@H]2O[N+](=O)[O-],1,train,0.4635578147061413,0.9727167405193164,0.0021717778200179,0.2319959971927896,0.9354928345782246,430.7497875498608,1736.9409154681368,1856.7121534942085,2.9191379926822445,0.3497250191820291
Phenobarbital.mol,CCC1(c2ccccc2)C(=O)NC(=O)NC1=O,1,train,0.1130967886792203,0.8315968347857713,0.0012457631878519,0.555379783908531,0.9476022246790116,760.6599985611856,1297.8562197352628,1369.6213304848409,2.716730417324308,0.5781187804743092
Nadolol.mol,CC(C)(C)NC[C@H](O)COc1cccc2c1C[C@H](O)[C@@H](O)C2,1,train,0.6438836112462865,0.9904617139329664,0.0011554347973137,0.1377882187742143,0.9352029732314427,809.3948489397145,5493.564515025798,5874.194877763993,4.436020454912897,0.1211243735956672
Tolterodine,Cc1ccc(O)c([C@@H](CCN(C(C)C)C(C)C)c2ccccc2)c1,1,train,0.1956442608925489,0.8998381818182734,0.0004771143760641,0.4362238491210492,0.8112734782305101,1700.375253671713,3162.2969471358338,3897.941978866612,3.668423368801855,0.4025767662920128
Methadone.mol,CCC(=O)C(C[C@H](C)N(C)C)(c1ccccc1)c1ccccc1,1,train,0.0324285232396104,0.6838510075118075,0.0004611038534619,0.7296216824663901,0.8722694095443179,1891.69837336088,2261.5427458098484,2592.711289727907,3.3014847079163103,0.7443972041162642
Modafinil,NC(=O)CS(=O)C(c1ccccc1)c1ccccc1,1,train,0.1781245640072356,0.8868229378308861,0.0006189213426381,0.4621093776769698,0.7465746936253205,1206.2513314585185,1948.7955919567985,2610.315630300255,3.2473807646980584,0.4229614794904388
Orphenadrine.mol,Cc1ccccc1[C@@H](OCCN(C)C)c1ccccc1,1,train,0.1944999482894288,0.8962151701445191,0.0005337415833538,0.4436196217513722,0.7437517186707501,1393.4678163864614,2336.22236829429,3141.132060131087,3.5710853961395483,0.3703183559640508
Bifemelane.mol,CNCCCCOc1ccccc1Cc1ccccc1,1,train,0.2822176877646077,0.932970988662812,0.0005827642509254,0.3599515721781682,0.7384176588901827,1267.094983464724,2599.3644245520672,3520.181828342006,3.7027072995626353,0.2041154550509542
Meloxicam.mol,Cc1cnc(NC(=O)C2=C(O)c3ccccc3S(=O)(=O)N2C)s1,1,train,0.5582472412800609,0.9839734455391737,0.0009341318692345,0.1783150539740461,0.8563443899220391,916.7275179507252,4402.513694657106,5141.05510174231,3.857896353828431,0.055209666332715
Sudoxicam,CN1C(C(=O)Nc2nccs2)=C(O)c2ccccc2S1(=O)=O,1,train,0.5042906899357883,0.9783786757178008,0.0009137377445542,0.2068215822893784,0.8327821355576703,911.4017019882332,3669.825205527573,4406.705005829747,3.649672833582538,0.0641431345825624
Moricizine.mol,CCOC(=O)Nc1ccc2c(c1)N(C(=O)CCN1CCOCC1)c1ccccc1S2,1,train,0.4538146371049396,0.9717545816076224,0.0003614231299489,0.2359937141633122,0.8066026737843247,2231.7406024853867,7627.863918070415,9456.779857030338,4.752987321795862,0.0910993420005922
Carbimazole.mol,CCOC(=O)n1ccn(C)c1=S,1,train,0.4529585174796545,0.9715907859549944,0.0026246593233715,0.236667160052586,0.8030559517396486,305.9657855740536,1038.1991531032277,1292.8104833221043,2.6607632010545834,0.1236933980978123
Methimazole.mol,Cn1cc[nH]c1=S,1,train,0.2859948095882412,0.922932600417968,0.0042945377050432,0.3849615761160159,0.6236003371630953,145.20779184934793,235.2225093983727,377.2007412126415,1.821512585085639,0.080156587481393
Pelrinone,Cc1nc(NCc2cccnc2)c(C#N)c(=O)[nH]1,1,train,0.5031626847370632,0.9783194021150062,0.0014027078615733,0.2071017804011756,0.8480457987660422,604.5776330182144,2475.6403383681595,2919.229529785261,3.526171000916149,0.1505886634281807
Nalbuphine.mol,Oc1ccc2c3c1O[C@@H]1[C@@H](O)CC[C@]4(O)[C@@H](C2)N(CC2CCC2)CC[C@@]314,1,train,0.3539841510910931,0.954177215001348,0.0006613630770061,0.2992421133000349,0.8610595582907513,1301.9468250157397,3746.3101222723785,4350.814164015555,3.6259333692194167,0.3156473724134741
Primidone.mol,CCC1(c2ccccc2)C(=O)NCNC1=O,1,train,0.1742143782435087,0.8810060417329545,0.001623301308223,0.4731050141670787,0.9586938804420893,590.582829931646,1196.7494065697829,1248.3123455611476,2.6371046682696133,0.4439067429193385
Benorylate,CC(=O)Nc1ccc(OC(=O)c2ccccc2OC(C)=O)cc1,1,train,0.6099064826236555,0.9880775892779016,0.0012402450788663,0.1539567392703882,0.9392022326298864,757.2714849942292,4619.681299981432,4918.729044165209,4.05346216271168,0.150373716370041
Salsalate,O=C(Oc1ccccc1C(=O)O)c1ccccc1O,1,train,0.4140093136374573,0.9658640922252962,0.0013631612981426,0.2590493299543627,0.8531127201764833,625.834023705697,2061.024309295146,2415.8874443564528,3.143290076487043,0.1407862562971786
Ondansetron.mol,Cn1c2c(c3ccccc31)C(=O)[C@@H](Cn1ccnc1)CC2,1,train,0.5050602887563213,0.9785144718852874,0.0011424071805528,0.206178147025957,0.8421795186427045,737.1973259439088,3011.2429375454963,3575.5357033599616,3.6206751471747176,0.1121247048605328
Mitoxantrone,O=C1c2c(O)ccc(O)c2C(=O)c2c(NCCNCCO)ccc(NCCNCCO)c21,0,train,0.3805898138110999,0.9586380270437784,0.0002536064340908,0.2846280609947159,0.7593741424523301,2994.301564841883,7988.654298873532,10520.050462970592,4.918181741597267,0.0713092115280818
Oxatomide,O=c1[nH]c2ccccc2n1CCCN1CCN(C(c2ccccc2)c2ccccc2)CC1,1,train,0.4671033048163637,0.9737382335541728,0.0004095356938706,0.2276704910935963,0.8908188180585089,2175.192129504082,8510.993552776235,9554.12411619849,4.870813261699252,0.2435708689741391
Amoxapine.mol,Clc1ccc2c(c1)C(N1CCNCC1)=Nc1ccccc1O2,1,train,0.1706005112292326,0.8434867242829766,0.0003065477553436,0.5371500218359616,0.5892207385753093,1922.1172828841363,2108.4451624489066,3578.3621050863985,3.4819976642604185,0.1997771048929437
Delmopinol,CCCC(CCC)CCC[C@@H]1COCCN1CCO,1,train,0.3241428471730416,0.9470368856046252,0.0007765289121284,0.3211248002012489,0.808863232026082,1041.639556998589,2623.727404897013,3243.721930993163,3.567421859709813,0.2493254153780154
Furosemide.mol,NS(=O)(=O)c1cc(Cl)cc(NCc2ccco2)c1C(=O)O,1,train,0.3708417853381544,0.9569697652776707,0.0005940516225694,0.2901876433351353,0.7698414061537437,1295.916679469712,3437.949001945873,4465.7886344701055,3.72924989884092,0.1358502400108777
Trofosfamide,O=[P@@]1(N(CCCl)CCCl)OCCCN1CCCl,1,train,0.1339960820441828,0.8462071553822412,0.0004394721406606,0.5328540608646005,0.703829900012181,1601.534738821318,2115.416054560329,3005.578556017183,3.2229617530057557,0.6643391073122009
Riluzole.mol,Nc1nc2ccc(OC(F)(F)F)cc2s1,1,train,0.6949051064374749,0.9933895900535632,0.0034653508647401,0.1147916476631175,0.9251278572518644,266.9651337949689,2151.523104829955,2325.6494634386595,3.182499510744715,0.0360773078993038
Tetrabenazine.mol,COc1cc2c(cc1OC)[C@@H]1CC(=O)[C@H](CC(C)C)CN1CC2,1,train,0.5534384058703833,0.9835215908769536,0.0010033631558649,0.180790708497052,0.8968355462991663,893.8294585134676,4433.9559117181325,4944.001082489492,4.0223947825236746,0.1513536654946424
Diphemanil,C[N+]1(C)CCC(=C(c2ccccc2)c2ccccc2)CC1,0,train,0.1688556630835174,0.8711008522332939,0.0004604756619578,0.4911041694370238,0.6785586708263499,1473.603768636293,2036.078446894081,3000.593072393491,3.419284551461695,0.3549686619317229
Succinylsulfathiazole,O=C(O)CCC(=O)Nc1ccc(S(=O)(=O)Nc2nccs2)cc1,0,train,0.7608257032613562,0.9961730297040104,0.0012835871071926,0.0874030599597795,0.9454412350355326,736.5618038212511,7967.408713209994,8427.185548883484,4.909321333115947,0.0576982702624475
Fluorescein.mol,O=C1OC2(c3ccc(O)cc3Oc3cc(O)ccc32)c2ccccc21,1,train,0.1148969856658998,0.7991359625220116,0.0003097111150532,0.6011503251300943,0.6418306004748734,2072.3524900438665,2212.5900751906083,3447.311601462398,3.410874216535124,0.3375810639482524
Procyclidine.mol,O[C@@](CCN1CCCC1)(c1ccccc1)C1CCCCC1,1,train,0.176925106794412,0.8822454499773992,0.0004613601299894,0.4707897258800115,0.7113841217561608,1541.9280417067732,2329.921545569865,3275.194756692202,3.5258947995323715,0.3186091794284615
Triazolam.mol,CC1=NNC2=CN=C(c3ccccc3Cl)c3cc(Cl)ccc3N21,1,train,0.1331953997629522,0.8518863942151372,0.0003962800892317,0.523726618906402,0.7398288714636321,1866.9342507163744,2637.27641472266,3564.711403469878,3.428533262586157,0.3380808540708633
Terazosin.mol,COc1cc2nc(N3CCN(C(=O)[C@@H]4CCCO4)CC3)nc(N)c2cc1OC,1,train,0.6789604446515888,0.9925704012037696,0.0007630288762417,0.121671683863533,0.8915595295062406,1168.4479542865645,8561.900972330383,9603.285803105144,4.995046422125749,0.04840924740963
Tacrine.mol,Nc1c2c(nc3ccccc13)CCCC2,1,train,0.4416578297525902,0.9693795957399348,0.002073749704579,0.2455670974765972,0.769930464864046,371.2745386600626,1164.0630242411385,1511.906694647663,2.7721149036366426,0.0814461981006696
Acarbose.mol,C[C@@H]1O[C@@H](O[C@H]2[C@@H](O)[C@H](O)[C@H](O[C@H]3[C@@H](O)[C@H](O)[C@@H](O)O[C@@H]3CO)O[C@@H]2CO)[C@@H](O)[C@@H](O)[C@@H]1N[C@@H]1C=C(CO)[C@H](O)[C@H](O)[C@H]1O,0,train,0.6626069033873796,0.9914068883615283,0.0003252542928867,0.1308143023882013,0.9765938150170116,3002.554728331243,22415.56407369451,22952.80159367387,6.120582075815493,0.1792342629077369
Quetiapine.mol,OCCOCCN1CCN(C2=Nc3ccccc3Sc3ccccc32)CC1,1,train,0.4077077084266329,0.9636110919954404,0.0005601564196932,0.2673081805395324,0.9408169697611436,1679.561166640349,5911.377811699157,6283.238931372538,4.253009198458411,0.3183673142970645
Sulfisoxazole.mol,Cc1nsc(NS(=O)(=O)c2ccc(N)cc2)c1C,1,train,0.5799877206544001,0.985860487661243,0.0016735904978185,0.1675681916962053,0.9038434190656,540.06247062451,2913.0344191052463,3222.941449434641,3.4321111785895684,0.073283032058713
Sorivudine,O=C1NC(=O)N([C@H]2O[C@@H](CO)[C@@H](O)[C@@H]2O)C[C@H]1C=CBr,1,train,0.6445021628628872,0.9905481662918983,0.0012108693322501,0.1371653391194646,0.9203730796106724,760.0928152175995,5100.1876248231765,5541.435030868797,4.029228620128079,0.2275033879674801
Lamivudine.mol,NC1=NC(=O)N([C@H]2CS[C@H](CO)O2)CC1,1,train,0.3661615861822522,0.9560356140291932,0.001828733407473,0.2932505834739685,0.9130011886987822,499.2533001080701,1554.3664093030536,1702.4801594380738,2.8496225904715438,0.3596182067799269
Gestodene.mol,C#C[C@@]1(O)C=C[C@@H]2[C@@H]3CCC4=CC(=O)CC[C@@H]4[C@@H]3CC[C@@]21CC,1,train,0.4019713223666227,0.9629617817033904,0.0010094421953786,0.2696379182878995,0.9231147208571288,914.4800218212451,3130.753921529676,3391.5112074290337,3.4609052741911546,0.3814578302563912
Piretanide.mol,NS(=O)(=O)c1cc(C(=O)O)cc(N2CCCC2)c1Oc1ccccc1,1,train,0.1279096559263206,0.8193495082911597,0.0002786278411995,0.5732943251620715,0.6432822334768122,2308.750736133571,2590.603578120846,4027.164817096145,3.5093588829767546,0.3425352769411757
Sulfamethoxazole.mol,Cc1cc(NS(=O)(=O)c2ccc(N)cc2)no1,1,train,0.2668555559865848,0.9296797287965086,0.0009499027612857,0.3683688394325045,0.785352586342814,826.771558469632,1762.6550138146958,2244.412311701842,3.0890722554328387,0.2604235781326831
Nicotine.mol,CN1CCC[C@@H]1c1cccnc1,1,train,0.4594141205238998,0.972634566605442,0.0040010784280673,0.2323402673757702,0.8958070227286756,223.8913929916104,863.2316921888258,963.635772311068,2.5140197498834924,0.321667938168494
Pancuronium.mol,CC(=O)O[C@@H]1[C@H]([N+]2(C)CCCCC2)C[C@@H]2[C@@H]3CC[C@@H]4C[C@@H](OC(C)=O)[C@@H]([N+]5(C)CCCCC5)C[C@]4(C)[C@@H]3CC[C@@]12C,0,train,0.6120938248638079,0.9881528692384294,0.0003959352122364,0.1534728217498447,0.9527160039284572,2406.242169134181,14937.272917274542,15678.620759682584,5.36855796834429,0.2151483614530609
Glimepiride.mol,CCC1=C(C)CN(C(=O)NCCc2ccc(S(=O)(=O)NC(=O)N[C@H]3CC[C@H](C)CC3)cc2)C1=O,1,train,0.6972640485907832,0.9934786996236902,0.0004163588148703,0.1140178643635358,0.9406345750085954,2259.19217130443,18638.0816706238,19814.370177125893,6.441233496624653,0.1028017730452528
Scopolamine.mol,CN1[C@H]2C[C@H](OC(=O)[C@@H](CO)c3ccccc3)C[C@@H]1[C@@H]1O[C@H]12,1,train,0.0,0.0,0.0,0.0,0.0,0.0,0.0,0.0,0.0,0.0
Biperiden.mol,O[C@](CCN1CCCCC1)(c1ccccc1)[C@@H]1C[C@H]2C=C[C@H]1C2,1,train,0.0,0.0,0.0,0.0,0.0,0.0,0.0,0.0,0.0,0.0
Ketotifen,CN1CCC(=C2c3ccccc3CC(=O)c3sccc32)CC1,1,train,0.1687015448392315,0.8797520439348953,0.00048380269484,0.4754327935601142,0.7366603416829496,1522.6462141275997,2359.2673781760523,3202.652898059028,3.3834333577812448,0.3943435218936371
Nabumetone.mol,COc1ccc2cc(CCC(C)=O)ccc2c1,1,train,0.5784955724789239,0.9854572652226592,0.00219611938577,0.1699234487052258,0.9493763400816454,432.29723585758165,2415.2803555549585,2544.0705161740675,3.436381535323316,0.2549123248053493
Propranolol.mol,CC(C)N[C@@H](C)[C@@H](O)c1cccc2ccccc12,1,train,0.4363881627872829,0.969332292307822,0.0014222241268196,0.2457537529505162,0.8839493903671051,621.5260827727643,2235.5613917109285,2529.06039200106,3.326660357156624,0.2040909721265607
Terbinafine,CN(C/C=C/C#CC(C)(C)C)Cc1cccc2ccccc12,1,train,0.6659957413951169,0.991760664556727,0.0012276712893713,0.1281045832045029,0.949012392109387,773.0183155096639,5726.601987183302,6034.27524740186,4.637190621354072,0.1710637401805879
Tolrestat,COc1ccc2c(C(=S)N(C)CC(=O)O)ccc(C(F)(F)F)c2c1,1,train,0.339443181376802,0.9507121759736252,0.0005112138941905,0.3100747626871533,0.8026809733954189,1570.1470216616924,4064.591161173987,5063.769163457768,3.868992435366149,0.1431529280373284
Naproxen.mol,COc1ccc2cc([C@H](C)C(=O)O)ccc2c1,1,train,0.6550755855248056,0.9910953755277708,0.0026522721449449,0.1331538831858348,0.9511713988695516,358.6251134456278,2561.8024999673303,2693.3132167472463,3.4913959371512524,0.1565568974421593
Oxyfedrine.mol,COc1cccc(C(=O)CCN[C@@H](C)[C@@H](O)c2ccccc2)c1,1,train,0.7658807434073197,0.996336837408196,0.0015594096787906,0.0855155332289643,0.9565793982914584,613.4240484086747,6861.780368639899,7173.247072742408,4.834298281349011,0.1091008766136943
Mezlocillin,CC1(C)S[C@H]2[C@@H](NC(=O)[C@@H](NC(=O)N3CCN(S(C)(=O)=O)C3=O)c3ccccc3)C(=O)N2[C@@H]1C(=O)O,0,train,0.4766160455166626,0.9741982805959648,0.0003458503306895,0.2256938414841352,0.9543709573489906,2759.4912384389927,11668.808850552068,12226.701536439425,4.969830851496327,0.2841618038969756
Azlocillin.mol,CC1(C)S[C@H]2[C@@H](NC(=O)[C@@H](NC(=O)N3CCNC3=O)c3ccccc3)C(=O)N2[C@@H]1C(=O)O,0,train,0.4214420809261266,0.9665276055064425,0.0004358669425421,0.256562639123437,0.915985365550178,2101.5252044758204,7502.909773657887,8191.080399140804,4.390908979416394,0.2460555249538012
Dolasetron.mol,O=C(O[C@H]1C[C@@H]2C[C@H]3C[C@H](C1)N2CC3=O)c1c[nH]c2ccccc12,1,train,0.0,0.0,0.0,0.0,0.0,0.0,0.0,0.0,0.0,0.0
Indomethacin.mol,COc1ccc2c(c1)c(CC(=O)O)cn2C(=O)c1ccccc1,1,train,0.3297890901424092,0.9457469804643238,0.0005025628767163,0.3249040611359206,0.721647702150894,1435.9351547531046,3189.370121267168,4419.566655254563,3.8236797440315726,0.1015712868751937
Perphenazine.mol,OCCN1CCN(CCCN2c3ccccc3Sc3ccc(Cl)cc32)CC1,1,train,0.4451726269771583,0.9702467628063208,0.0003664106419199,0.2421181927568747,0.7878012547731879,2150.050147684389,6995.807233171846,8880.167670189832,4.7234094310779335,0.1104568326591652
Trifluoperazine,CN1CCN(CCCN2c3ccccc3Sc3ccc(C(F)(F)F)cc32)CC1,1,train,0.1608089297042092,0.8630226298847776,0.0001942908420295,0.5051652603918467,0.6707525518167,3452.3117240628176,4583.939316780502,6834.024416851087,4.271476663471721,0.3056573137190842
Cotinine.mol,CN1C(=O)CC[C@@H]1c1cccnc1,1,train,0.4699706650589051,0.973461932948943,0.0036288044087042,0.2288490006517561,0.9446004243648172,260.30623808189875,1074.4437697201884,1137.4584872145092,2.648507354103674,0.3683257796938392
Pentazocine.mol,CC(C)=CCN1CC[C@]2(C)c3cc(O)ccc3C[C@@H]1[C@H]2C,1,train,0.0,0.0,0.0,0.0,0.0,0.0,0.0,0.0,0.0,0.0
Galantamine.mol,COc1ccc2c3c1O[C@@H]1C[C@@H](O)C=C[C@]31CCN(C)C2,1,train,0.1682206786617748,0.835669719647413,0.0003906077610391,0.5492323002741318,0.5793084152065229,1483.0949944910271,1564.3096926937774,2700.305487770452,3.1624235162015384,0.2622371953865853
Phenazopyridine,Nc1ccc(/N=N/c2ccccc2)c(N)n1,1,train,0.6981662551435517,0.993548838879315,0.0034003143156216,0.1134050473372547,0.92708691923765,272.647418204385,2228.894223988967,2404.191211997471,3.391552462004336,0.0851300147745695
Oxcarbazepine.mol,N=C1Cc2ccccc2N(C(N)=O)c2ccccc21,1,train,0.1369259814654232,0.8502023900330333,0.0007222760666029,0.5264559772498721,0.709228991325945,981.9361655739342,1322.8410852023171,1865.181910752392,2.8804753562728886,0.4009208953699037
Flecainide.mol,O=C(NC[C@@H]1CCCCN1)c1cc(OCC(F)(F)F)ccc1OCC(F)(F)F,1,train,0.3344680332505572,0.948913048228684,0.0002907622804599,0.3155376790517217,0.7722318878208332,2655.887436978799,6499.892423185335,8417.021526432209,4.604939482388849,0.1895225998773506
Mebeverine,CCN(CCCCOC(=O)c1ccc(OC)c(OC)c1)[C@@H](C)Cc1ccc(OC)cc1,1,train,0.6867478122467218,0.9929490967243172,0.0005211380188857,0.1185415172602507,0.9372864194005446,1798.537787368721,14220.714242913344,15172.218383371448,6.02549216576398,0.1387581621422017
Trovafloxacin.mol,N[C@H]1[C@@H]2CN(c3nc4c(cc3F)c(=O)c(C(=O)O)cn4-c3ccc(F)cc3F)C[C@H]12,1,train,0.2725364132116989,0.9233055330716528,0.0002465748553514,0.3840662606885315,0.662582357378611,2687.144868986205,4635.801069114541,6996.565811766044,4.146819469029955,0.1046482405373002
Doxazosin.mol,COc1cc2nc(N3CCN(C(=O)[C@@H]4COc5ccccc5O4)CC3)nc(N)c2cc1OC,1,train,0.759594024701184,0.9960921195493512,0.0007540394332312,0.0883203791414028,0.967502508752208,1283.0927218305085,14055.594409815829,14527.70848929724,5.751163414574028,0.1063132579723218
Acetohexamide,CC(=O)c1ccc(S(=O)(=O)N=C(O)NC2CCCCC2)cc1,1,train,0.4176307649201239,0.9662436087432268,0.0007049976760872,0.2576301390809437,0.890119659424278,1262.5852390953755,4362.268898456006,4900.766826425883,4.027792639950113,0.2326252450539394
Obidoxime,ON=Cc1cc[n+](COC[n+]2ccc(/C=N/O)cc2)cc1,0,train,0.6852071157348796,0.9928487805029912,0.0012685498879037,0.1193788048764242,0.9441281245499832,744.2577809140353,5886.092624260049,6234.421442604142,4.723440542364237,0.1898479726631491
Ethylmorphine,CCN1CC[C@]23[C@@H]4C=C[C@H](O)[C@@H]2OC2=C(O)C=C[C@H](C[C@@H]41)[C@@H]23,1,train,0.1095104824159643,0.8172931698845878,0.0005348931008387,0.5762220704381273,0.7020268110138317,1312.461891755639,1599.0075419114423,2277.701530518808,2.934083401653548,0.5041384498898845
Ergotamine.mol,CN1C[C@@H](C(=O)N[C@]2(C)O[C@@]3(O)[C@@H]4CCCN4C(=O)[C@@H](Cc4ccccc4)N3C2=O)C=C2c3cccc4[nH]cc(c34)C[C@@H]21,1,train,0.5622266030682211,0.9840868524616364,0.0003289217851305,0.17768811668806,0.938893467458982,2854.45814142833,15082.78748222139,16064.429037983824,5.406244753296138,0.1819940451001128
Mivacurium.mol,COc1cc2c(cc1OC)[C@H](Cc1cc(OC)c(OC)c(OC)c1)[N@+](C)(CCCOC(=O)CC/C=C/CCC(=O)OCCC[N@+]1(C)CCc3cc(OC)c(OC)cc3[C@@H]1Cc1cc(OC)c(OC)c(OC)c1)CC2,0,train,0.7915739977548322,0.9971639500489816,0.0001167472069785,0.0752599277352285,0.9593872522417036,8217.646289545666,104755.68248427984,109190.19638785878,10.388552431956745,0.0646283064191641
Diethylstilbestrol,CCC(=C(CC)c1ccc(O)cc1)c1ccc(O)cc1,1,train,0.159288683432564,0.8465974162427771,0.000436066176476,0.532233797133416,0.6221521157910188,1426.7378424504643,1667.7782811623315,2680.6599846435934,3.28028791016886,0.365945684236451
Torsemide.mol,Cc1cccc(Nc2ccncc2S(=O)(=O)NC(=O)NC(C)C)c1,1,train,0.3787973784062462,0.9582026788150724,0.0006805940840776,0.2860902415525903,0.9330602315071308,1370.9496649116777,4471.241678098166,4792.018271827927,3.906439354043104,0.2137398618962793
Fluvastatin.mol,CC(C)n1c(/C=C/[C@H](O)C[C@@H](O)CC(=O)O)c(-c2ccc(F)cc2)c2ccccc21,1,train,0.2481543094998573,0.9198671553537784,0.0002473047333999,0.3922300555813489,0.7239052485993285,2927.1791067116183,5402.442492067901,7462.91383094817,4.380667196053423,0.252597611856203
Fluconazole.mol,OC(Cn1cncn1)(Cn1cncn1)c1ccc(F)cc1F,1,train,0.2689808710025561,0.9308575917029352,0.0007080448775778,0.3653821889050035,0.8110457753448046,1145.472273055996,2542.6265320180028,3134.997566490056,3.3374846091596417,0.3686104276147422
Tropisetron.mol,CN1[C@@H]2CC[C@@H]1CC(OC(=O)c1cn(C)c3ccccc13)C2,1,train,0.0,0.0,0.0,0.0,0.0,0.0,0.0,0.0,0.0,0.0
Losartan.mol,CCCCc1nc(Cl)c(CO)n1Cc1ccc(-c2ccccc2-c2nnn[nH]2)cc1,1,train,0.4205197545699612,0.966849337480212,0.000396794591839,0.2553475251771108,0.876435576968011,2208.789119090236,7581.281097781501,8650.129338665824,4.669159380281791,0.172323493145676
Isoxicam,Cc1cc(NC(=O)C2=C(O)c3ccccc3S(=O)(=O)[C@@H]2C)no1,1,train,0.4862576476169268,0.9759840777695672,0.000987419368399,0.2178418691167681,0.9199549528043032,931.676025654528,3934.505233934103,4276.8455367738725,3.697663499868916,0.2590822765063214
Raffinose.mol,OC[C@@H]1O[C@@H](OC[C@@H]2O[C@@H](O[C@]3(CO)O[C@@H](CO)[C@H](O)[C@@H]3O)[C@@H](O)[C@@H](O)[C@@H]2O)[C@@H](O)[C@@H](O)[C@@H]1O,0,train,0.5516811711912646,0.9829227118501088,0.0004513212217174,0.1840188646015076,0.9543328323189454,2114.5312615420994,10966.085527287243,11490.83962734533,4.935106783051873,0.2165434518184497
Buspirone.mol,O=C1CC2(CCCC2)CC(=O)N1CCCCN1CCN(c2ncccn2)CC1,1,train,0.7380874191859031,0.995252188581362,0.0009806744088616,0.0973297545666723,0.9698202192115364,988.931913026352,9853.987292442138,10160.632968091164,5.219301997605064,0.1153770752731186
Acetanilide,CC(=O)Nc1ccccc1,1,val,0.5651148163431634,0.9844413219945692,0.0060355247683749,0.1757136407612817,0.8284603292475969,137.2640095172136,647.1767702597942,781.180157229202,2.406548294571052,0.0303501720769197
Acitretin.mol,COc1cc(C)c(/C=C/C(C)=C/C=C/C(C)=CC(=O)O)c(C)c1C,1,val,0.6590500162970993,0.9912816779562024,0.0008734661647944,0.1317597622506046,0.9619884368489732,1101.3459657883425,8041.013932945137,8358.742813254345,5.177483043143717,0.227549899672135
Atenolol.mol,CC(C)NC[C@H](O)COc1ccc(CC(N)=O)cc1,1,val,0.7178424318101712,0.99438832985801,0.0018560666458917,0.1057915376681781,0.9652768975424484,520.0658606085228,4745.252517460486,4915.94953690665,4.371866804892668,0.1566704208119796
Ibuprofen.mol,CC(C)Cc1ccc([C@H](C)C(=O)O)cc1,1,val,0.6228994082565074,0.9885515248122544,0.0030874529943669,0.1508836730443902,0.9967787583575562,322.8482377468393,2132.8236453028494,2139.716188191262,3.3374308319231534,0.2657463299546946
Fenfluramine.mol,CCNC[C@H](C)c1cccc(C(F)(F)F)c1,1,val,0.2314636055650239,0.9161278112699456,0.0009821755600234,0.4008863098407564,0.7834041391234292,797.6212919661161,1558.6958353041412,1989.644625886462,3.0653265903018685,0.3482482467831675
Metaproterenol.mol,CC(C)NC[C@@H](O)c1cc(O)cc(O)c1,1,val,0.4305832259504001,0.968262876846516,0.0017157110823901,0.2499339939282145,0.8996521625406554,524.3611070503434,1887.468753232289,2097.9983507203474,3.267046652111665,0.2664073608299426
Lidocaine.mol,CCN(CC)CC(=O)Nc1c(C)cccc1C,1,val,0.4595011347809468,0.9728178725032264,0.0015183811701336,0.2315715590013077,0.8635635874461054,568.739658020203,2120.9118318369315,2455.999607520849,3.313440506771401,0.1918239127767594
Mexiletine.mol,Cc1cccc(C)c1OC[C@H](C)N,1,val,0.3710065001679824,0.9576480403366908,0.0021654400493412,0.2879413670164394,0.8036867705005498,371.1424709010193,1035.913307367901,1288.951548527689,2.7422068170971587,0.2048894811644256
Chlorphenesin,OC[C@H](O)COc1ccc(Cl)cc1,1,val,0.7332386415272193,0.99513018418239,0.0039996903789763,0.0985693488317863,0.9273913345512088,231.8657812679388,2181.5130045526903,2352.3111800568927,3.429166097573721,0.0872307696826887
Oxprenolol.mol,C=CCOc1ccccc1OC[C@@H](O)CNC(C)C,1,val,0.2613350181744217,0.9281112133846284,0.0006772784860037,0.3723030695410827,0.8030100860526272,1185.6423947418125,2557.278946431587,3184.616221948661,3.612954113599912,0.2586203419368923
Rivastigmine.mol,CCN(C)C(=O)Oc1cccc([C@@H](C)N(C)C)c1,1,val,0.4450551538771638,0.9701705356404244,0.0013247241415752,0.2424234554971359,0.9246610051951604,698.0026831062783,2662.349075366577,2879.270414139133,3.530183573273848,0.3004621389458795
Tolmesoxide.mol,COc1cc(C)c(S(C)=O)cc1OC,1,val,0.3274727741982861,0.9463318207171458,0.0013737617740514,0.3231966662856715,0.7468622995018954,543.6621644371836,1256.3272355193037,1682.1403843214275,2.850431311814099,0.1583111680328414
Metoclopramide.mol,CCN(CC)CCNC(=O)c1cc(Cl)c(N)cc1OC,1,val,0.6329283680836888,0.9898325548166288,0.001168961079714,0.1422375246732922,0.8913575422984483,762.5211461415963,4778.478649263163,5360.900000847484,4.264016065112335,0.1023679940356199
Diatrizoate,CC(=O)Nc1c(I)c(NC(C)=O)c(I)c(C(=O)O)c1I,0,val,0.1980120555981684,0.8559739734428344,0.0001531671510287,0.5170189133759865,0.5613347054335444,3664.8504699823775,3978.979696492269,7088.426313172853,3.4639013519978503,0.107056639907472
Clofibrate.mol,CCOC(=O)C(C)(C)Oc1ccc(Cl)cc1,1,val,0.3451436702971166,0.9522113884908718,0.0012941527321096,0.3054398003343474,0.855370761997127,660.9503969463847,1850.9625924960276,2163.9301630726586,3.103689678234859,0.3991384342932443
Metoprolol.mol,COCCc1ccc(OC[C@@H](O)CNC(C)C)cc1,1,val,0.6711427958750453,0.992059367164293,0.0015412312262906,0.1257704735682531,0.9486025676995258,615.4836156431638,4642.18128159667,4893.7051613243175,4.357042600582957,0.13165793949492
Bupropion.mol,C[C@@H](NC(C)(C)C)C(=O)c1ccc(Cl)cc1,1,val,0.6691108188707888,0.9918368814706896,0.0026820082122402,0.1275131387524326,0.9699079298866456,361.6349590057711,2750.7174389685224,2836.060366358694,3.5221663662486784,0.2557230504830718
Iohexol,CC(=O)N(C[C@H](O)CO)c1c(I)c(C(=O)NC[C@H](O)CO)c(I)c(C(=O)NC[C@H](O)CO)c1I,0,val,0.165539971236873,0.8612345269698825,9.42889134541544e-05,0.5082077228407326,0.6486263899365093,6879.137389274164,8779.854870644123,13536.07408959037,4.216293810259854,0.2560752855936793
Tolbutamide.mol,CCCCNC(=O)NS(=O)(=O)c1ccc(C)cc1,1,val,0.2620366841355628,0.9284684363664456,0.0007831101222474,0.3714113119861151,0.8117679105616115,1036.5948383247744,2265.613347924393,2790.961946693553,3.356914304668444,0.2955601349488685
Chloramphenicol.mol,O=C(N[C@H](CO)[C@@H](O)c1ccc([N+](=O)[O-])cc1)C(Cl)Cl,1,val,0.2790883792971664,0.9342637694526764,0.0006145690888194,0.3565826819800375,0.8405498693633315,1367.7060637364473,3224.007253570061,3835.5930695843927,3.6110991219661903,0.33719833298903
Gemfibrozil.mol,Cc1ccc(C)c(OCCCC(C)(C)C(=O)O)c1,1,val,0.4403013146420929,0.9697386965565364,0.0013607206299008,0.2441451625587328,0.9037262894482784,664.1527067272849,2458.4237303218724,2720.318927341077,3.416140054414977,0.2914139681444559
Acebutolol.mol,CCCC(=O)Nc1ccc(OC[C@@H](O)CNC(C)C)c(C(C)=O)c1,1,val,0.5385490318770644,0.9821274550898792,0.0006452445953186,0.1882170607534749,0.8716628817640096,1350.9030344276473,6256.2449294395765,7177.367604295173,4.687485129121861,0.1158911894851987
Acetaminophen.mol,CC(=O)Nc1ccc(O)cc1,1,val,0.6533915840154584,0.9910842989277514,0.0061480305886229,0.1332363029316244,0.8698360175921537,141.48205755543952,923.668600801118,1061.8881974535632,2.652449289840219,0.0262216887308787
Chlorguanide,CC(C)NC(=N)NC(=N)Nc1ccc(Cl)cc1,1,val,0.792131627771311,0.997156495321914,0.0029232495801068,0.0753586347893727,0.9758519664488514,333.8243758212356,4322.83804641924,4429.809228289154,4.231464870717352,0.1125668166104916
Baclofen.mol,N[C@H](CCC(=O)O)c1ccc(Cl)cc1,1,val,0.4561708542866594,0.9721261555525318,0.0017899113772428,0.2344583922376307,0.9008663173306296,503.3021907030365,1933.852683692976,2146.6588843316995,3.2751621535373667,0.4525286905730234
Isoproterenol.mol,CC(C)N[C@@H](O)c1ccc(O)c(O)c1,1,val,0.5292063562488345,0.980891373530828,0.0027349431815574,0.1945561958221978,0.9291829110396126,339.74486830489883,1622.5909661125152,1746.2557122333274,3.0661868231124183,0.225542778097942
Chorpropamide.mol,CCCNC(=O)NS(=O)(=O)c1ccc(Cl)cc1,1,val,0.5118649794920563,0.9792754124651436,0.0011923266902635,0.2025331245530537,0.8898343458467068,746.3007857770901,3278.8911590749835,3684.833221350891,3.732269608564723,0.2215983157839437
Diethylpropion,CCN(CC)[C@H](C)C(=O)c1ccccc1,1,val,0.3739082772263681,0.957129993490395,0.0019492367231363,0.2896587225703321,0.934941705265496,479.6450293431487,1548.1672282363827,1655.8970677179798,2.995243583829475,0.3075664490071383
Albuterol.mol,CC(C)(C)NC[C@@H](O)c1ccc(O)c(C(=O)O)c1,1,val,0.3718152258972283,0.957828710972656,0.0010928611190426,0.2873397996039877,0.8049950139102757,736.5940647750804,2063.6004835983517,2563.494739643641,3.2538754684577,0.2187586263255659
Aspirin.mol,CC(=O)Oc1ccccc1C(=O)O,1,val,0.1972922116456339,0.8865230864340856,0.0014201282679323,0.462684360249385,0.6582515890340346,463.51558792108807,659.4341596648047,1001.796532891786,2.4283459606697444,0.0974302637444106
Ibutilide.mol,CCCCCCCN(CC)CCC[C@@H](O)c1ccc(NS(C)(=O)=O)cc1,1,val,0.7515525815794558,0.9958290411140934,0.0008413821931597,0.0912388123212111,0.9489328195515452,1127.8261261840353,11729.999532610162,12361.25391695655,5.726020293261079,0.1212365628329756
Mifobate,COP(=O)(C[C@H](c1ccc(Cl)cc1)P(=O)(OC)OC)OC,1,val,0.1668340073112856,0.8481680065277273,0.0002880516035575,0.5297273191961892,0.6077374267176915,2109.8213626030256,2420.523464200448,3982.844165568955,3.454557051535421,0.3186452372785938
Tiludronic_acid,O=P(O)(O)C(Cc1ccc(Cl)cc1)P(=O)(O)O,0,val,0.4438106675595588,0.970577222237458,0.0010739965530971,0.2407900655629714,0.8554630273245886,796.5230659797193,2829.834494059203,3307.956514391215,3.396356095477323,0.2423913288004872
Bretylium.mol,CC[N+](C)(C)Cc1ccccc1Br,0,val,0.1538340343598334,0.8650195447898229,0.0009818448786779,0.5017381659108738,0.708964385631814,722.073721651834,1020.3021959120916,1439.1444994840188,2.557697317899959,0.4836270859949642
Mesalamine.mol,Nc1ccc(O)c(C(=O)O)c1,1,val,0.338775373742432,0.9447564674667124,0.0024575793410426,0.3277731184521064,0.6728829506910398,273.7990751523697,562.080046268115,835.3310864703408,2.335933497685968,0.0025688620712727
Methoxyamphetamine,COc1cccc(C[C@H](C)N)c1,1,val,0.5074700720418808,0.978823827438618,0.003416073104647,0.2047044572998214,0.8758506871452316,256.39108424048703,1096.997643686078,1252.4939008287563,2.808083974370683,0.1855560037085106
Phenylpropanolamine.mol,C[C@H](N)[C@@H](O)c1ccccc1,1,val,0.4509752347515647,0.9715298753830204,0.0042393978045592,0.2369170767130416,0.8824521471667826,208.1550700945689,775.3214377665543,878.5988455643921,2.4813887415423816,0.2157885310986741
Practolol.mol,CC(=O)Nc1ccc([C@H](O)CNC(C)C)cc1,1,val,0.7275129040105891,0.9948513435869096,0.00265139284511,0.1013449760142082,0.9535819232789924,359.6532007837582,3384.072939824268,3548.8014791511305,3.9280625868999257,0.1201291003402997
Edrophonium.mol,CC[N+](C)(C)c1cccc(O)c1,0,val,0.4302324844805493,0.9684999787607258,0.0032297708190807,0.2490136364548606,0.8580377262142557,265.6652048328557,915.4148003069274,1066.87010645304,2.600191573941316,0.2738845707942895
Gallamine_triethiodide,CC[N+](CC)(CC)CCOc1cccc(OCC[N+](CC)(CC)CC)c1OCC[N+](CC)(CC)CC,0,val,0.2167701843133561,0.9015731386325836,0.0001192878783217,0.4326267163458493,0.6829492321589604,5725.219039579834,9037.892943941906,13233.623406195273,5.234815158814774,0.1950087231497237
Sotalol.mol,CC(C)NC[C@H](O)COc1cccc(NS(C)(=O)=O)c1,1,val,0.7860877383544341,0.9969390631782408,0.0020960245710889,0.0781825064147435,0.9896554691849644,472.15833384567816,5976.708842421018,6039.181339889089,4.544062223934263,0.1512930345502397
Neostigmine.mol,CN(C)C(=O)Oc1cccc([N+](C)(C)C)c1,0,val,0.4606568050654869,0.9729787740386452,0.0017388570471347,0.2308945760953585,0.8630451052467641,496.3289573854729,1855.194195150143,2149.591236740403,3.174713622118469,0.1911312557226207
Guanabenz,N=C(N)N/N=C/c1c(Cl)cccc1Cl,1,val,0.3700379184658242,0.9551958718149144,0.0011295447590191,0.2959744017102582,0.7242296360789385,641.1694891204157,1568.899009804143,2166.30048212103,3.077195935673726,0.0408203701136413
Probenecid.mol,CCCN(CCC)S(=O)(=O)c1ccc(C(=O)O)cc1,1,val,0.3152060808206589,0.9427107174819068,0.0009581488213504,0.3336113054810172,0.9381692056792142,979.1476906029444,2753.522425779636,2934.9955307754367,3.417996047333011,0.2858139922328399
Procarbazine,CNNCc1ccc(C(=O)NC(C)C)cc1,1,val,0.7145669141273322,0.9942238697048398,0.0028677568096918,0.1073261240757986,0.9689210057315584,337.86721470140463,3050.2046383507145,3148.04263743641,3.842821357802301,0.1566005662952414
Propofol,CC(C)c1cccc(C(C)C)c1O,1,val,0.3127437773618631,0.9441333647738442,0.0022600982424931,0.3295636350097188,0.8500902192012177,376.1297642811588,970.2048399740564,1141.2963213312862,2.641391361737812,0.3417496721665145
Chlorambucil.mol,O=C(O)CCCc1ccc(N(CCCl)CCCl)cc1,1,val,0.3101829322173519,0.9430189851503188,0.0006108537744814,0.3327389271577087,0.7875058510306592,1289.188810692303,3051.172101129751,3874.475468514281,3.6744532092249713,0.2716783055846588
Pseudoephedrine.mol,CN[C@@H](C)[C@@H](O)c1ccccc1,1,val,0.4082051097634395,0.964868821861448,0.0029434632952095,0.2627321004363597,0.8387119799964213,284.9405261351231,909.6072861256584,1084.528786782728,2.62610524188333,0.1907190236954817
Alprenolol.mol,C=CCc1ccccc1OC[C@@H](O)CNC(C)C,1,val,0.4535564235222158,0.9717693221157506,0.001189274104601,0.235933008700975,0.8988974722768962,755.8370848228083,2879.7159360666965,3203.608892983548,3.703209443720637,0.2233595881063093
Selegiline.mol,C#CCN(C)[C@@H](C)Cc1ccccc1,1,val,0.5546727510354506,0.983535155571968,0.0027982636078098,0.1807168994699286,0.9181644419384408,328.11935207814975,1667.068894351899,1815.653948471759,3.189648509772995,0.2498200709204359
Guanfacine.mol,NC(N)=NC(=O)Cc1c(Cl)cccc1Cl,1,val,0.2999921201327103,0.939630151306075,0.0010488752123641,0.3421917280656015,0.7677136938781202,731.9399722944379,1642.121342335564,2138.9762295893893,3.028072824355601,0.2480840779495945
Amphetamine,C[C@H](N)Cc1ccccc1,1,val,0.4911657335382137,0.9766601345344554,0.0056371924948997,0.2147905528908086,0.9144198883832442,162.2119324842213,690.5788695094855,755.2098092818993,2.438505281331952,0.2747739958552097
Recainam,Cc1cccc(C)c1NC(=O)NCCCNC(C)C,1,val,0.6875403580129317,0.9928949676046696,0.0017458825102471,0.1189940473524707,0.9643730792585906,552.3699754126366,4476.616653779326,4641.996702376788,4.284743223560097,0.1653564515519403
Benserazide,N[C@H](CO)C(=O)NNCc1ccc(O)c(O)c1O,1,val,0.6621702879713578,0.9916413885185584,0.0019173375456563,0.1290246355429274,0.906340763752214,472.7079829034313,3320.563646265222,3663.703299097156,3.8070802228755167,0.1092455284662614
Bisoprolol.mol,CC(C)NC[C@H](O)COc1ccc(COCCOC(C)C)cc1,1,val,0.7985890202476138,0.9973500075912493,0.0015341613561349,0.072752748111226,0.9741137515883824,634.9486953852759,8501.565532374176,8727.487440262072,5.238813123320746,0.101463243547914
Tocainide.mol,Cc1cccc(C)c1NC(=O)[C@@H](C)N,1,val,0.3839219365396889,0.960428008763695,0.0020858349489901,0.2785283468198595,0.8324872354518205,399.1146259462548,1192.904906721309,1432.9407778533414,2.804775561599232,0.2078340046589709
Methocarbamol,COc1ccccc1OC[C@H](O)COC(N)=O,1,val,0.4355626183592324,0.9684478206242332,0.0014864459810718,0.2492164094279773,0.9376822593728948,630.821618352226,2373.4803086019324,2531.2202346552594,3.387169568216017,0.294960617493457
Moxisylyte,CC(=O)Oc1cc(C(C)C)c(OCCN(C)C)cc1C,1,val,0.2603578282482317,0.9275739442920644,0.0007728841023557,0.3736396363750269,0.8679917328069194,1123.0554880883926,2608.9386249314894,3005.718287770645,3.4725106010933446,0.3490773153781654
Diloxanide,CN(C(=O)C(Cl)Cl)c1ccc(O)cc1,1,val,0.5937097391515489,0.9866951009768326,0.0025587741827074,0.1625816032284041,0.954665982127854,373.0950501922484,2190.783861433816,2294.817142798762,3.221520196066709,0.1128531105107032
Ethacrynic_acid,CCC(=O)C(=O)c1ccc(OCC(=O)O)c(Cl)c1Cl,1,val,0.3832622842034688,0.9602262204365578,0.0009148802953029,0.2792232182074461,0.8671815564344,947.8634099855408,2943.7726290648397,3394.643955723392,3.4554735595208586,0.2236195306433059
Felbamate.mol,NC(=O)OCC(COC(N)=O)c1ccccc1,1,val,0.2241343604202245,0.9103121059393876,0.0008072160290043,0.4139225407974268,0.733099785187584,908.1828889000566,1608.4861662305727,2194.0889886074606,3.144273581772874,0.3099142368661779
Flutamide,CC(C)C(=O)Nc1ccc([N+](=O)[O-])c(C(F)(F)F)c1,1,val,0.5251773848569249,0.9807610892702572,0.0013079665689931,0.1952118996716612,0.8633248475901407,660.0511573126304,2919.0769914491325,3381.203494371044,3.549581279007572,0.1064278413487712
Fluvoxamine.mol,COCCCC/C(=N\OCCN)c1ccc(C(F)(F)F)cc1,1,val,0.4826415746307863,0.975867382703813,0.0007026631196477,0.2183640340688221,0.8694030042211606,1237.2970487721018,4926.222287033806,5666.21263455016,4.310498821820238,0.215898259075018
Terbutaline.mol,CC(C)(C)NC[C@@H](O)c1cc(O)cc(O)c1,1,val,0.5065646465525917,0.9782534551436936,0.0018121730562534,0.2074130600985036,0.9380472476654944,517.6366817884721,2341.0660081470864,2495.680269808654,3.447233386987365,0.2620394762853903
Trazodone.mol,O=c1n(CCCN2CCN(c3cccc(Cl)c3)CC2)nc2ccccn12,1,test,0.7104959975583541,0.9940776772167856,0.0008846295724891,0.1086718531142262,0.9560653202906152,1080.7521588956763,9508.162687382235,9945.09735432307,5.254424671442395,0.1489334483209681
Lisuride.mol,CCN(CC)C(=O)N[C@H]1C=C2c3cccc4[nH]cc(c34)C[C@@H]2N(C)C1,1,test,0.5249759777297707,0.9807375358225806,0.0007734344895319,0.1953301969196065,0.8610738623539554,1113.3119533821025,4907.811689239785,5699.6407669640375,4.1611416824379,0.1443624922586561
Methylergonovine.mol,CC[C@H](CO)NC(=O)[C@H]1C=C2c3cccc4[nH]cc(c34)C[C@@H]2N(C)C1,1,test,0.3931135720336246,0.962137500798338,0.0005932486399692,0.2725645420034096,0.827553617679285,1394.952405996465,4235.319464475157,5117.879221351597,3.978973199525357,0.1813103407897052
Methysergide.mol,CC[C@H](CO)NC(=O)[C@H]1C=C2c3cccc4c3c(cn4C)C[C@@H]2N(C)C1,1,test,0.4145577266426397,0.9659436223326776,0.0005825011893489,0.2587526202279418,0.8365108823767556,1436.0672521745255,4642.603747203147,5549.962164284394,4.0557905110504695,0.1699906578062972
Moclobemide.mol,O=C(NCCN1CCOCC1)c1ccc(Cl)cc1,1,test,0.5331879511772188,0.9815136786656976,0.0011978829636217,0.1913920024246818,0.900855923749034,752.0400165182764,3539.749285205467,3929.317876352881,3.910936537614736,0.3153994209663823
Nafronyl,CCN(CC)CCOC(=O)[C@H](Cc1ccc2ccccc2c1)C[C@H]1CCCO1,1,test,0.3151245883862369,0.9437623407384956,0.0003380637966725,0.3306246273401236,0.7650499882174682,2263.0343614063586,5236.556107324042,6844.724119955849,4.324382490605132,0.1792449259276838
Levamisole.mol,c1ccc([C@@H]2CN3CCSC3=N2)cc1,1,test,0.5438085739247561,0.982262635148806,0.0031174612792872,0.1875103079580521,0.9431698981524134,302.5442222551157,1521.7862228395163,1613.480483018554,2.9006407139784307,0.1924553625418114
Nefopam.mol,CN1CCO[C@H](c2ccccc2)c2ccccc2C1,1,test,0.245264441678735,0.9221458807501932,0.0009510805806437,0.386842312338568,0.8018785940705037,843.123716738826,1747.696255145723,2179.5023187663,3.068334436394476,0.3815134074938964
Cyclopenthiazide.mol,NS(=O)(=O)c1cc2c(cc1Cl)N[C@H](CN1CCCC1)NS2(=O)=O,1,test,0.4515530297205687,0.971655053470187,0.0006795832150933,0.2364031663617222,0.8750802232770987,1287.6719198500757,4766.502278594291,5446.931780430551,3.8856286326265375,0.2360857733945621
Fusidic_acid.mol,CC(=O)O[C@H]1C[C@@]2(C)[C@@H](C[C@@H](O)[C@@H]3[C@]4(C)CC[C@@H](O)[C@@H](C)[C@@H]4CC[C@]32C)/C1=C(/CCC=C(C)C)C(=O)O,1,test,0.4768215677330902,0.9749171983831126,0.0003813963331359,0.2225678689676982,0.9052351785702868,2373.4763549695444,9653.479192609931,10664.056613284158,4.685810496942898,0.2342002888418534
Chlordiazepoxide.mol,CNC1=Nc2ccc(Cl)cc2C(c2ccccc2)=[N+]([O-])C1,1,test,0.1618342081678024,0.8422138407733057,0.0003537741832542,0.5391436231746387,0.6057433952782147,1712.2317680340389,1923.741726861155,3175.836074906917,3.3707666383621597,0.3321068872424102
Gentamicin_C1.mol,CN[C@@H](C)[C@H]1CC[C@H](N)[C@H](O[C@H]2[C@@H](N)C[C@H](N)[C@H](O[C@@H]3OC[C@@](C)(O)[C@@H](NC)[C@@H]3O)[C@H]2O)O1,0,test,0.5785438262846495,0.9855976065940047,0.0005127931072575,0.1691075334695927,0.9321368656164208,1817.764030802988,10019.688841405989,10749.160569655169,4.862695092933244,0.1982663434135597
Gentamicin_C1a.mol,CC[C@@H]1CC[C@H](N)[C@H](O[C@@H]2[C@@H](N)C[C@H](N)[C@H](O[C@@H]3OC[C@@](C)(O)[C@H](NC)[C@@H]3O)[C@H]2O)O1,0,test,0.3789352559320834,0.9592467419364876,0.0003342201815628,0.2825697932975733,0.8048126444106457,2408.0312584575886,6858.532125200765,8521.899069097235,4.452905229820269,0.1609695048836747
Amikacin.mol,NCC[C@@H](O)C(=O)N[C@@H]1C[C@H](N)[C@H](O[C@@H]2O[C@@H](CN)[C@@H](O)[C@H](O)[C@@H]2O)[C@H](O)[C@@H]1O[C@@H]1O[C@@H](CO)[C@@H](O)[C@H](N)[C@@H]1O,0,test,0.2535654286416464,0.923834218428739,0.0001456961288211,0.3827928119233184,0.7553164956497536,5184.190559906433,10229.305578688503,13543.071861404069,4.972273913972816,0.2436136365092096
Arbekacin.mol,NCC[C@@H](O)C(=O)N[C@@H]1C[C@H](N)[C@H](O[C@@H]2O[C@@H](CN)CC[C@@H]2N)[C@H](O)[C@@H]1O[C@@H]1O[C@@H](CO)[C@@H](O)[C@H](N)[C@@H]1O,0,test,0.1642144971739679,0.8715704396427442,0.0001328615807704,0.4902703017121819,0.6998503652810812,5267.514967253503,7519.26490566852,10744.103709438736,4.614115514261866,0.3000059651248688
Tobramycin.mol,NC[C@@H]1O[C@@H](O[C@@H]2[C@@H](N)C[C@H](N)[C@H](O[C@@H]3O[C@@H](CO)[C@@H](O)[C@H](N)[C@@H]3O)[C@H]2O)[C@@H](N)C[C@@H]1O,0,test,0.5082421264142235,0.9781146753928353,0.0004792131432309,0.2080665321025192,0.96103982232849,2005.4538067319684,9263.003283776792,9638.521805822356,4.7285778710690005,0.2963763197764871
Kanamycin.mol,CC(=O)NC[C@@H]1O[C@@H](O[C@H]2[C@@H](N)C[C@H](N)[C@H](O[C@@H]3O[C@@H](CO)[C@@H](O)[C@H](N)[C@@H]3O)[C@@H]2O)[C@@H](O)[C@@H](O)[C@@H]1O,0,test,0.5492316644402456,0.982876661499813,0.0004143852356909,0.1842646691012196,0.935597883453405,2257.7973413879013,11463.892802525668,12253.012758227982,4.966433355131128,0.2415345937734018
Nalidixic_acid,CCN1C[C@@H](C(=O)O)C(=O)c2ccc(C)nc21,1,test,0.3328580689564987,0.947896370497152,0.001170564896024,0.3185788298024935,0.7525105789677319,642.8610506976087,1518.4930579228198,2017.9026054435487,2.9866896152558358,0.1431641886770538
Pentolinium,C[N+]1(CCCCC[N+]2(C)CCCC2)CCCC1,0,test,0.617155364409957,0.988345921369283,0.0018699128379919,0.1522246356957481,0.9751158102721202,521.4766113479678,3340.4585669620114,3425.7044463567954,3.8929569619290527,0.2628502417054827
Tubocurarine,COc1cc2c3cc1Oc1cc(ccc1O)C[C@@H]1c4c(cc(OC)c(O)c4Oc4ccc(cc4)C[C@@H]3[N+](C)(C)CC2)CC[N+]1(C)C,0,test,0.2596673420428368,0.9242178433006968,0.000137425484601,0.3818656545496189,0.7229256739850594,5260.492084738494,9958.855268976537,13775.766482436968,4.817087631348558,0.1791196038207333
Nitrofurantoin.mol,O=C1CN(/N=C/c2ccc([N+](=O)[O-])o2)C(=O)N1,1,test,0.6775683471353684,0.992477932184455,0.0022855835529287,0.1224236665308969,0.8804830047435641,385.233348225356,2770.6359855451733,3146.722844868659,3.6375678787210193,0.0198770858026264
Moexipril_diacid,COc1cc2c(cc1OC)CN(C(=O)[C@@H](C)N[C@H](CCc1ccccc1)C(=O)O)[C@@H](C(=O)O)C2,0,test,0.543401232657158,0.9821851070652302,0.0004525774632605,0.187915979786878,0.946510605824172,2091.378123438082,10534.024710766116,11129.32559439589,5.024236449538145,0.1824813450324857
Haloperidol.mol,O=C(CCCN1CCC(O)(c2cccc(Cl)c2)CC1)c1ccc(F)cc1,1,test,0.17985971728987,0.8809677029232221,0.0002778869804572,0.4731764009396299,0.6897289635465889,2482.0485019185817,3617.9757428754015,5245.503573275737,3.8848830104374894,0.3881241712129771
Sulindac.mol,CC1=C(CC(=O)O)c2cc(F)ccc2/C1=C/c1ccc(S(C)=O)cc1,1,test,0.5533603449106637,0.9835511360009752,0.0006918107084604,0.1806299058051888,0.8756457831286036,1265.7303109360698,6135.924194881506,7007.313131753345,4.49595153164737,0.1477118931546985
Nifedipine.mol,COC(=O)C1=C(C)NC(C)=C(OC(C)=O)[C@H]1c1ccccc1[N+](=O)[O-],1,test,0.0492397658202911,0.7076383339271286,0.0003696390993042,0.7065748285615882,0.7536226931056125,2038.806756439281,2174.562376694915,2885.4788962547505,3.201313767417281,0.5686068398189534
Nitrendipine.mol,CCOC(=O)C1=C(C)NC(C)=C(C(=O)OC)[C@@H]1c1cccc([N+](=O)[O-])c1,1,test,0.1530851495087747,0.8449274419187794,0.0002850266859362,0.5348809380531219,0.634065442181145,2224.5827266955325,2637.0934724367626,4159.024127486475,3.5377995742239783,0.2439823100748399
Nisoldipine.mol,COC(=O)C1=C(C)NC(C)=C(C(=O)OCC(C)C)[C@H]1c1ccccc1[N+](=O)[O-],1,test,0.1642975050654927,0.8808084604922437,0.0004600385552184,0.4734727615452483,0.8685194464255579,1887.9275151472552,3463.138523525333,3987.404700928782,3.4671456917359715,0.3256447916624805
Nilvadipine.mol,COC(=O)C1=C(C#N)NC(C)=C(C(=O)OC(C)C)[C@H]1c1cccc([N+](=O)[O-])c1,1,test,0.1561333311273993,0.8359692225997238,0.0002182597024953,0.5487763286312679,0.605648801616195,2774.899785401529,3062.476717655048,5056.522376470854,3.759536795108804,0.2549999598514788
Lacidipine.mol,CCOC(=O)C1=C(C)NC(C)=C(C(=O)OCC)C1c1ccccc1/C=C/C(=O)OC(C)(C)C,1,test,0.1831919589439927,0.8928385221306555,0.0002706462827732,0.4503769236978589,0.8547984233925717,3158.360109858756,5994.448428322281,7012.704123308018,4.212221893028497,0.4119771261121265
Felodipine.mol,CCOC(=O)C1=C(C)NC(C)=C(C(=O)OC)[C@@H]1c1cccc(Cl)c1Cl,1,test,0.1223398883044242,0.8220993717394679,0.0002926324635263,0.569344028672974,0.6669529971156072,2279.149035887858,2669.8888612243218,4003.113971705465,3.413003225005278,0.2675649618339925
Netivudine,CC#Cc1cn([C@@H]2O[C@H](CO)[C@@H](O)[C@H]2O)c(=O)[nH]c1=O,0,test,0.29184690488757,0.9354636517641124,0.000697026065631,0.3534229141243551,0.728414992117244,1045.0326437329636,2153.842930170532,2956.889895840933,3.302231537627103,0.1580617262710099
Zatebradin,COc1ccc(CCN(C)CCCN2CCc3cc(OC)c(OC)cc3CC2=O)cc1OC,1,test,0.8157816035571561,0.9977920546296248,0.0007592560205099,0.0664154780001754,0.9914380008516402,1305.801961485563,19492.77073937461,19661.10913907921,6.656353302643557,0.1282911369354905
Coumarin.mol,O=c1ccc2ccccc2o1,1,test,0.4619982602576114,0.9721958905785784,0.0043129781209645,0.2341690635889477,0.7658309364227226,177.5642989469768,580.7096430829545,758.273942021082,2.277828828224393,2.0524156188734723e-11
Nizatidine.mol,CN/C(=C\[N+](=O)[O-])NCCSCc1csc(CN(C)C)n1,1,test,0.7452065999242661,0.995601056494096,0.0012264066463289,0.0936938434895265,0.9366929160481656,763.770254223572,7635.701130133469,8151.765641986381,4.996663264422402,0.0876067873668981
Clomethiazole.mol,Cc1ncsc1CCCl,1,test,0.2883271674276506,0.9369560768673992,0.0029666055015284,0.3494471491102084,0.8014082117177345,270.14316912202383,619.5356139693805,773.0587295099846,2.267773061768962,0.2848970688508206
Famotidine.mol,NC(N)=Nc1nc(CSCCC(N)=NS(N)(=O)=O)cs1,1,test,0.5229637867616008,0.9805081816248318,0.0009182668224243,0.1964782577456491,0.8841126106842071,962.8057870478672,4332.432238231218,4900.317206060873,3.8867075665776896,0.1451965986307232
Cefpirome,CO/N=C(\C(=O)N[C@@H]1C(=O)N2C(C(=O)O)=C(C[n+]3ccccc3)CS[C@@H]12)c1csc(N)n1,0,test,0.4900610331404333,0.9767920841933913,0.0004073202755318,0.2141896922289466,0.8647824956918347,2123.1020099909497,8571.941234435346,9912.251088729205,4.654849195858241,0.1518901748677754
Ceftazidime.mol,CC(C)(O/N=C(\C(=O)N[C@@H]1C(=O)N2C(C(=O)O)=C(C[n+]3ccccc3)CS[C@@H]12)c1csc(N)n1)C(=O)O,0,test,0.4654422689732306,0.973628115341782,0.0002897788768032,0.2281409498884619,0.8658419801144499,2987.940286283884,11339.849927006086,13096.90473255541,5.004102166404072,0.1676957141287563
Chlorzoxazone,O=c1[nH]c2cc(Cl)ccc2o1,1,test,0.6377867514223337,0.9900850200543664,0.0054680047476909,0.140469402589833,0.8595305974101788,157.1927306341764,961.8604420569388,1119.053172691102,2.5689443303957,3.1899793039120125e-14
Codeine.mol,COc1ccc2c3c1O[C@H]1[C@@H](O)C=C[C@@H]4[C@H](C2)N(C)CC[C@]341,1,test,0.1689120387793665,0.8814373874165037,0.0006351023996389,0.4723008914498982,0.7531433004200959,1185.8612104887202,1891.0051665705728,2510.8172183378497,3.0548983683282,0.3858583235017483
Morphine.mol,CN1CC[C@@]23c4c5ccc(O)c4O[C@H]2[C@@H](O)C=C[C@@H]3[C@@H]1C5,1,test,0.114569389779126,0.8232389239888671,0.0005916142484536,0.5676950537301275,0.6996794507123516,1182.661595019404,1457.620618225682,2083.269155241964,2.876972509154528,0.5001891425983815
Levetiracetam.mol,CC[C@@H](C(N)=O)N1CCCC1=O,1,test,0.0997444866852946,0.8222761179821595,0.0020946462405058,0.5690887327967316,0.8944010811717207,426.9938588559568,671.0794767234694,750.3115669810169,2.330162029713638,0.4922639972186035
Telithromycin.mol,CC[C@@H]1OC(=O)[C@@H](C)C(=O)[C@H](C)[C@@H](O[C@@H]2O[C@@H](C)C[C@@H](N(C)C)[C@@H]2O)[C@](C)(OC)C[C@H](C)C(=O)[C@H](C)[C@H]2N(CCCCn3cnc(-c4cccnc4)c3)C(=O)O[C@]12C,1,test,0.5358953519779164,0.981800355668452,0.0001447725216499,0.1899159330053721,0.8986982553300649,6207.657676249273,29375.16107810554,32686.344836974145,6.483573895717291,0.2190718583030468
Topiramate.mol,CC1(C)O[C@H]2CO[C@]3(COS(N)(=O)=O)OC(C)(C)O[C@H]3[C@@H]2O1,1,test,0.1158444556259466,0.8117896978334995,0.0003714980180889,0.583949900669052,0.6636178022228425,1786.3293205077096,2030.0370568833896,3059.0455079469134,3.182732930728531,0.3812289751144578
Propylthiouracil.mol,CCCc1cc(=O)[nH]c(=S)[nH]1,1,test,0.4150558915277603,0.9644177937796112,0.0021966685133463,0.2643829023240103,0.7430105444824187,338.2442730744792,950.5874218640984,1279.3727207818804,2.746457087372063,0.0800274310826353
Almitrine.mol,C=CCNc1nc(NCC=C)nc(N2CCN(C(c3ccc(F)cc3)c3ccc(F)cc3)CC2)n1,1,test,0.3133095423062907,0.9429405739161408,0.0002466659015088,0.3329610698906092,0.9173557073499166,3719.0211607629935,10246.43898670169,11169.537513754503,5.129902263560536,0.363123017981485
Cyproterone_acetate,CC(=O)O[C@]1(C(C)=O)CC[C@@H]2[C@@H]3C=C(Cl)C4=CC(=O)[C@H]5C[C@@H]5[C@]4(C)[C@@H]3CC[C@@]21C,1,test,0.0,0.0,0.0,0.0,0.0,0.0,0.0,0.0,0.0,0.0
Proxyphylline.mol,C[C@H](O)Cn1cnc2c1c(=O)n(C)c(=O)n2C,1,test,0.366162953420567,0.9561311535868312,0.0013250468666875,0.2929389307359388,0.7750775312159572,584.9434844169389,1547.682824757163,1996.810334998522,2.943856833741683,0.1844216734461672
Caffeine.mol,Cn1c(=O)c2c(ncn2C)n(C)c1=O,1,test,0.2744051114737161,0.9152675402814412,0.0012791599868558,0.4028465336913802,0.605382884474271,473.2659641443904,711.2066023552295,1174.8046081164953,2.464657529565873,0.0665002644286896
Pentoxifylline.mol,CC(=O)CCCCn1c(=O)c2c(ncn2C)n(C)c1=O,1,test,0.3167808617815,0.943664527341244,0.0009609039901384,0.3309037017590258,0.9243788049314764,961.9887256356512,2687.3135109507184,2907.1561318954377,3.432050661748404,0.297718487561201
Naltrexone.mol,O=C1CC[C@]2(O)[C@H]3Cc4ccc(O)c5c4[C@]2(CCN3CC2CC2)[C@@H]1O5,1,test,0.0,0.0,0.0,0.0,0.0,0.0,0.0,0.0,0.0,0.0
Loratadine,CCOC(=O)N1CCC(=C2c3ccc(Cl)cc3CCc3cccnc32)CC1,1,test,0.3428105202951602,0.9509494201356804,0.00035870173201,0.3093464083250578,0.774108008251546,2158.082716561564,5400.383092872768,6976.265631291489,4.356632519727662,0.2128927029829351
Azatadine,CN1CCC(=C2c3ccccc3CCc3cccnc32)CC1,1,test,0.1245324975427059,0.8333713652746547,0.0004510117532333,0.5527134588014462,0.6929537099908423,1536.4426869654596,1926.285027380679,2779.81775637818,3.2783859209410213,0.4194636228698013
Piroximone.mol,CCc1[nH]c(=O)[nH]c1C(=O)c1ccncc1,1,test,0.3436819067235148,0.9518773685570686,0.0014542327422364,0.3064791595343318,0.8203942120166313,564.1423055534714,1510.1159991857153,1840.719957633126,3.0018692895166,0.2771420586432811
Sultopride,CCN1CCC[C@@H]1CNC(=O)c1cc(S(=O)(=O)CC)ccc1OC,1,test,0.5837935809605841,0.9860423182435656,0.0008547232876968,0.1664948847047709,0.9323952434485576,1090.8738031006203,6109.04981866095,6551.995906871011,4.404287852171961,0.2006088097322984
Remoxipride,CCN1CCC[C@@H]1CNC(=O)c1c(OC)ccc(Br)c1OC,1,test,0.4417863779175762,0.9700113474658972,0.0006877009579343,0.2430596342204821,0.8998069267091201,1308.427618614832,4843.799909857402,5383.154725839595,3.941423884841592,0.3722849971582649
Tamsulosin.mol,CCOc1ccccc1OCCN[C@@H](C)Cc1ccc(OC)c(S(N)(=O)=O)c1,1,test,0.6302867217656223,0.989654976217183,0.0006284284813476,0.1434678641667425,0.8989335787123824,1430.4469090653815,8962.820814211926,9970.50396876944,4.992377879259141,0.1021376668922684
Amosulalol.mol,COc1ccccc1OCCNC[C@@H](O)c1ccc(C)cc1S(N)(=O)=O,1,test,0.4093957853232294,0.9640668857747364,0.0005281397627807,0.2656596313943868,0.9344611454952674,1769.344426132743,6223.69161073301,6660.193032888953,4.388274087187535,0.2744842102616692
Dofetilide.mol,CN(CCOc1ccc(NS(C)(=O)=O)cc1)CCc1ccc(NS(C)(=O)=O)cc1,1,test,0.8534084673379342,0.9986679691665716,0.0009179090468478,0.0515973580788339,0.9709008471358356,1057.7309924877704,19903.18797096468,20499.712230841316,6.851737530683142,0.0481274121840775
Flurbiprofen.mol,C[C@H](C(=O)O)c1ccc(-c2cccc(F)c2)cc1,1,test,0.6832508026585395,0.9926800196516588,0.0023478932846357,0.1207740807639718,0.960953637504238,409.2833536313486,3256.5126967151705,3388.834351231444,3.800069273134554,0.1707371115803917
Diflunisal.mol,O=C(O)c1cc(-c2ccc(F)cc2F)ccc1O,1,test,0.5366516093968903,0.9819374637329076,0.0015937861668866,0.1892057539235648,0.8673503590559719,544.2074834607798,2494.736795221037,2876.273433421207,3.4381650107714457,0.1098607714721415
Cefodizime.mol,CON=C(C(=O)N[C@H]1C(=O)N2C(C(=O)O)=C(CSc3nc(C)c(CC(=O)O)s3)CS[C@@H]12)c1csc(N)n1,0,test,0.2818653577216564,0.9334668978003302,0.0002513311752974,0.358663562006273,0.916673590005727,3647.2737173202095,9321.71496175286,10169.066790387866,4.448239863624882,0.3297158631161349
Itraconazole.mol,CC[C@H](C)n1ncn(-c2ccc(N3CCN(c4ccc(OC[C@@H]5CO[C@@](Cn6cncn6)(c6ccc(Cl)cc6Cl)O5)cc4)CC3)cc2)c1=O,1,test,0.8563837639914413,0.998712558328052,0.0004043370409349,0.050726973474056,0.9879619183639474,2443.4118528431545,47588.05219717578,48167.901325570325,8.341527635904951,0.0804650647810369
Glyburide.mol,COc1ccc(Cl)cc1C(=O)NCCc1ccc(S(=O)(=O)NC(=O)NC2CCCCC2)cc1,1,test,0.5784512316277524,0.985766575100067,0.0002908099034694,0.1681197769909416,0.8752118272262019,3009.5667884230334,15667.451475366504,17901.325128364824,6.084541109704925,0.0889801709342434
Capecitabine,CCCCCOC(=O)Nc1nc(=O)n([C@@H]2O[C@@H](C)[C@@H](O)[C@H]2O)cc1F,1,test,0.7269341283937343,0.9948698130063692,0.0011729934667861,0.1011635070995067,0.91997129146473,784.2936192861567,7132.291421179395,7752.732598670263,4.669268010904254,0.059030993433001
Zalcitabine.mol,Nc1ccn([C@H]2CC[C@H](CO)O2)c(=O)n1,1,test,0.5963260868777966,0.986850090066552,0.003321989618301,0.1616381753659648,0.9611974069312992,289.3438924781752,1720.61209260589,1790.071508930807,2.9992303652677297,0.2561857629356781
Metyrapone,CC(C)(C(=O)c1cccnc1)c1cccnc1,1,test,0.2465542790665574,0.9227994599947668,0.0012660246223869,0.3852806206304269,0.8441788571906997,666.7949755977945,1460.9980111628615,1730.6735399946442,2.9199152429475297,0.4174722332377781
Nilutamide,CC1(C)NC(=O)N(c2ccc([N+](=O)[O-])c(C(F)(F)F)c2)C1=O,1,test,0.4964517444214385,0.9775538170429476,0.0010285894001833,0.2106858675487351,0.8545758477243661,830.8231132578654,3369.952501237903,3943.421183984647,3.5828349162646016,0.153699875540022
Lomefloxacin.mol,CCn1cc(C(=O)O)c(=O)c2cc(F)c(N3CCN[C@@H](C)C3)c(F)c21,1,test,0.5124883829191291,0.9793890925005044,0.0008156029361981,0.2019826861169988,0.8571358885752961,1050.9230049743774,4459.708111670288,5203.035097600537,3.904651022910026,0.1860130823837529
Pefloxacin.mol,CCn1cc(C(=O)O)c(=O)c2cc(F)c(N3CCN(C)CC3)cc21,1,test,0.5769279615074041,0.9856163055440303,0.0009606752310481,0.1689985155134103,0.8613257157415922,896.583661058706,4569.570100882498,5305.275364904375,4.019416105910072,0.0892299461117086
Amphotericin_B.mol,C[C@@H]1OC(=O)C[C@H](O)C[C@H](O)CC[C@@H](O)[C@H](O)C[C@H](O)C[C@@]2(O)C[C@@H](O)[C@@H](C(=O)O)[C@H](C[C@@](O)(O[C@@H]3O[C@@H](C)[C@@H](O)[C@H](N)[C@@H]3O)C=CC=CC=CC=CC=CC=CC=C[C@@H](C)[C@H](O)[C@@H]1C)O2,0,test,0.5158942310262994,0.9797209057164789,7.515626807485353e-05,0.2003670304767791,0.8432404902774301,11219.82918893187,47218.41833754372,55996.38404698598,7.80151635953147,0.0865232852869699
Triamcinolone_acetonide.mol,CC1(C)O[C@H]2C[C@H]3[C@@H]4CCC5=CC(=O)C=C[C@H]5[C@]4(F)[C@H](O)C[C@]3(C)[C@@]2(C(=O)CO)O1,1,test,0.4482837871093589,0.970730753471452,0.000635458394044,0.2401703650843441,0.9200517835881784,1447.8552682781117,5546.487059254805,6028.450961340076,3.9351922405467072,0.3372527846610527
Budesonide.mol,CCC[C@@H]1O[C@@H]2C[C@@H]3[C@@H]4CCC5=CC(=O)C=C[C@]5(C)[C@@H]4[C@@H](O)C[C@]3(C)[C@]2(C(=O)CO)O1,1,test,0.3250090827083225,0.9464985244662038,0.0004521481084818,0.3227081393198799,0.903570326960862,1998.3945747220216,5595.427630316213,6192.57567823891,4.001318745743404,0.3971405822647039
Flunisolide.mol,CC1(C)O[C@H]2C[C@H]3[C@@H]4C[C@H](F)C5=CC(=O)C=C[C@]5(C)[C@H]4[C@H](O)C[C@@]3(C)[C@@]2(C(=O)CO)O1,1,test,0.4313076169863871,0.9684343296341792,0.0005328681471654,0.2492688291503733,0.8947515511501951,1679.1237305320828,6027.221965889485,6736.196163215973,4.076711047025109,0.3279120445691906
Butylscopolamine,CCCC[N+]1(C)[C@@H]2C[C@@H](OC(=O)[C@@H](CO)c3ccccc3)C[C@@H]1[C@H]1O[C@H]12,0,test,0.0,0.0,0.0,0.0,0.0,0.0,0.0,0.0,0.0,0.0
Oxitropium.mol,CC[N+]1(C)[C@@H]2C[C@@H](OC(=O)[C@@H](CO)c3ccccc3)C[C@@H]1[C@H]1O[C@H]12,0,test,0.0,0.0,0.0,0.0,0.0,0.0,0.0,0.0,0.0,0.0
Sulfasalazine.mol,O=C(O)c1cc(N=Nc2ccc(S(=O)(=O)Nc3ccccn3)cc2)ccc1O,1,test,0.4760642888428701,0.9747599504864852,0.0006128355041755,0.2232555462414868,0.9110119170249724,1486.552118501224,6065.993512960599,6658.522681865554,4.223171331599441,0.2113728869046465
Ropinirole.mol,CCCNC(Cc1cccc2c1CC(=O)N2)NCCC,1,test,0.202100953360794,0.8840075951839702,0.0004133673600303,0.4674725357248849,0.6328075266460372,1530.8599271106136,2072.2921884902325,3274.759071646402,3.533739002726936,0.1968769723170247
Glibornuride,Cc1ccc(S(=O)(=O)NC(=O)N[C@@H]2[C@H]3CC[C@](C)([C@H]2O)C3(C)C)cc1,1,test,0.0,0.0,0.0,0.0,0.0,0.0,0.0,0.0,0.0,0.0
Ketanserin.mol,O=C(c1ccc(F)cc1)C1CCN(CCn2c(=O)[nH]c3ccccc3c2=O)CC1,1,test,0.6964342573983188,0.993292892809818,0.0008700869962906,0.115625382565867,0.978162769515218,1124.2126059639304,9510.56672653313,9722.887665461456,5.073550660739837,0.1941070298731008
Carbamazepine.mol,NC(=O)N1c2ccccc2C=Cc2ccccc21,1,test,0.1825323340621231,0.8896133241628357,0.0009518818818407,0.4567144988632936,0.747651477146592,785.4456434245687,1285.791445172644,1719.7738310902032,2.832399786535455,0.3457291714593472
Eflornithine.mol,NCCC[C@](N)(C(=O)O)C(F)F,1,test,0.246603543438536,0.9228463254929156,0.002067389020607,0.3851683521841109,0.8405581182400645,406.5795599481575,887.2840873009682,1055.5892186952367,2.539393136161576,0.4119665364652096
Metformin.mol,CN(C)C(=N)NC(=N)N,1,test,0.4342608716402745,0.9690883931427456,0.0057568143368439,0.2467137739892351,0.87032539516902,151.18177246031357,533.3197807780947,612.7820511023033,2.2409216910105085,0.2625809805861419
Carmustine,O=NN(CCCl)C(=O)NCCCl,1,test,0.4694424533586688,0.9737021456458118,0.0022850133488608,0.2278247825956214,0.9246523081755258,404.659477650964,1642.355654956115,1776.187265672567,2.988401888075588,0.2093579960376518
Chloral_hydrate,OC(O)C(Cl)(Cl)Cl,1,test,0.0246047582690019,0.6484214110536872,0.0025950550184018,0.7612815994670732,0.8754863686627251,337.3671704278107,387.9777984265304,443.156869500039,1.87943803236618,0.7230951381365981
Fosmidomycin,O=CN(O)CCCP(=O)(O)O,0,test,0.5999618613234038,0.9870107428148684,0.0042124622003742,0.1606542671952468,0.9747762200277716,231.40295951882268,1404.0467528251943,1440.3785443034226,2.8981567508136687,0.3593786509701479
Valproic_acid.mol,CCCC(CCC)C(=O)O,1,test,0.1514133215196734,0.8447013897555826,0.0014796281760282,0.5352378556725854,0.6380568409329451,431.2278255241749,514.0665241821969,805.6751235995623,2.463885819470787,0.3464861413862846
Acamprosate.mol,CC(=O)NCCCS(=O)(=O)O,0,test,0.6718556243409417,0.9919470993627604,0.0054831825426846,0.1266528802112543,0.9780104136748842,178.3654667816391,1377.333730282777,1408.3017021336525,2.859759376302141,0.227490965178484
Disulfiram,CCN(CC)C(=S)SSC(=S)N(CC)CC,1,test,0.2064266240377544,0.9045729920271052,0.000871913933071,0.4263187798996553,0.8782213598644644,1007.2340016075236,2074.913084527245,2362.631085228292,3.0298747008331395,0.3385613399661437
Ethyl_alcohol,CCO,1,test,0.4291888679560864,0.9682817954694262,0.0574536747566304,0.2498606903106294,0.8722137446457461,15.181165492727494,52.99441535215887,60.7585189725287,1.1829448714364277,0.4814783012301125
Edetic_acid,O=C(O)CN(CCN(CC(=O)O)CC(=O)O)CC(=O)O,0,test,0.2127689522001523,0.8915440903537161,0.0004512276085974,0.452933918972034,0.6373266826074522,1412.428385285264,1987.438475037323,3118.3983493461287,3.33947513197133,0.2949939106408928
Etidronate.mol,CC(O)(P(=O)(O)O)P(=O)(O)O,0,test,0.1464309752794767,0.8642103298723313,0.0024962543932304,0.5031307044317175,0.9284436582591687,371.93471177336727,686.343372389629,739.2407350560425,2.088621074450655,0.5815845175272228
Pamidronic_acid,NCCC(O)(P(=O)(O)O)P(=O)(O)O,0,test,0.0815522965607344,0.7700889167854731,0.0009690604642766,0.6379365644358197,0.7031215226779619,725.5703318810167,799.7097909152067,1137.3706608629634,2.3798217408433766,0.4067914612989723
Glycine,NCC(=O)O,1,test,0.380668540444314,0.9583027414884728,0.0152190886064495,0.2857548873697123,0.748191967034986,49.16141737409414,128.71932972317742,172.04051285565114,1.5266716360126678,0.2792214436421041
Clodronate.mol,O=P(O)(O)C(Cl)(Cl)P(=O)(O)O,0,test,0.0595901503323867,0.7585469937962879,0.0015324674934836,0.6516183378348205,0.9059169788871388,591.1492300745392,821.8493763696648,907.2016481899416,2.1765132978227824,0.5257917934218674
Alendronic_acid.mol,NCCCC(O)(P(=O)(O)O)P(=O)(O)O,0,test,0.1705749028660762,0.884369437127054,0.0011284231773964,0.4667876376636145,0.781451691937758,692.5165200352725,1159.3456266003325,1483.5793927651682,2.587487687584682,0.3656978119743951
Ethambutol.mol,CC[C@@H](CO)NCCN[C@H](CC)CO,1,test,0.5866262098405659,0.9860952055906654,0.0024202418215417,0.1661813633085948,0.955909407181061,394.9644199487937,2271.9166398325983,2376.7070632063246,3.513223229521208,0.2396152767770128
Bethanechol,C[C@@H](C[N+](C)(C)C)OC(N)=O,0,test,0.3093689416079863,0.9432341739814508,0.002753862077375,0.3321284285235606,0.8205241118841521,297.9539602311012,736.0960026450953,897.1046578446228,2.447244342358844,0.354793939424545
Carnitine.mol,CC(=O)O[C@H](CC(=O)O)C[N+](C)(C)C,0,test,0.1546441674102214,0.8244816001846477,0.0007178202722857,0.5658887619991784,0.5879730596828732,819.1090198812652,851.0754568300231,1447.473558208697,2.762628328224324,0.3055231931569792
Mesna.mol,O=S(=O)(O)CC[S],1,test,0.5410216984317249,0.9813634850525984,0.0084376300384441,0.1921606364618376,0.9871115385431204,116.98919412744708,600.9627441622166,608.8093601349028,2.1675784095090487,0.4094570886339813
Bromazepam,O=C1CN=C(c2ccccn2)c2cc(Br)ccc2N1,1,test,0.2286136370988559,0.9020130067082182,0.0004354838588202,0.4317088552823535,0.6469878137856515,1485.6757619864625,2226.5332329430303,3441.3835709132627,3.363527749165365,0.1974104860776381
Lucifer_Yellow_CH.mol,NNC(=O)NNN1C(=O)c2cc(S(=O)(=O)O)cc3c(N)c(S(=O)(=O)O)cc(c23)C1=O,0,test,0.2353888239794694,0.8986070881823914,0.000157904520105,0.4387542604560825,0.6126367122077163,3879.792116147179,5417.390325999453,8842.745166996572,4.438459788402548,0.0860436713158787
Irbesartan.mol,CCCCC1=NC2(CCCC2)C(=O)N1Cc1ccc(-c2ccccc2-c2nn[nH]n2)cc1,1,test,0.3781294505863455,0.9590299700920576,0.0003498424777234,0.2833046354460641,0.8848809663960591,2529.369709917279,7900.298241715959,8928.091508050256,4.752442423458692,0.2883722808583707
Imipenem.mol,C[C@H](O)[C@@H]1C(=O)N2C(C(=O)O)=C(SCC/N=C/N)C[C@@H]12,0,test,0.4626099010831498,0.9729340840251524,0.0007449070450017,0.2310828166310453,0.8035748935701562,1078.7586168798668,3751.310259175139,4668.277081814566,3.983069753458617,0.0827901789862483
Ximoprofen,C[C@H](C(=O)O)c1ccc([C@@H]2CCCC(=NO)C2)cc1,1,test,0.5941829781232859,0.9869437812387802,0.0015454775582503,0.1610651193589055,0.9236042634601208,597.6173892203074,3426.9491172190496,3710.408508055808,3.847045333358425,0.2075765892349658
Tenoxicam.mol,CN1C(C(=O)Nc2ccccn2)=Cc2sccc2S1(=O)=O,1,test,0.5094902843660775,0.97895117574944,0.0010568395538826,0.2040945748881849,0.9005091689070759,852.0774658733902,3759.549076982904,4174.914822406272,3.697281612437297,0.1873143808678507
Lornoxicam,CN1C(C(=O)Nc2ccccn2)=C(O)c2sc(Cl)cc2S1(=O)=O,1,test,0.5834563281043231,0.9861780933581428,0.0009402621647458,0.1656887690234264,0.8899765196511829,946.5195485045545,5084.111485195412,5712.635527944127,3.973827404125996,0.1306580991858187
Feprazone,CC(C)=CCC1C(=O)N(c2ccccc2)N(c2ccccc2)C1=O,1,test,0.2211756277954613,0.9085587717833102,0.000440069560358,0.4177570564521954,0.7281634147364444,1654.6552643723296,2884.1150829366384,3960.8074569092864,3.642024368500658,0.2419741202702477
Oxyphenbutazone,CCCC[C@@H]1C(=O)N(c2ccccc2)N(c2ccc(O)cc2)C1=O,1,test,0.2592908972141869,0.92200047987984,0.000408810130869,0.3871887331797561,0.6973235324577091,1705.7393635897904,3072.021721041099,4405.446794852588,3.762315183040438,0.1508237626785947
Isoxepac,O=C(O)Cc1ccc2c(c1)C(=O)c1ccccc1CO2,1,test,0.5892189137718988,0.9866325219522946,0.0016498990409617,0.1629609358897244,0.8989471602120573,544.8497986204277,3005.574167439651,3343.438080087655,3.584527038233857,0.1161168759041441
Sparfloxacin.mol,C[C@H]1CN(c2c(F)c(N)c3c(=O)c(C(=O)O)cn(C4CC4)c3c2F)C[C@H](C)N1,1,test,0.4368661828010732,0.9691680071252444,0.0005211091982968,0.2464008400247084,0.7981026282173271,1531.545846486127,4960.741064005045,6215.6681216368725,4.023972621975818,0.1274694427458226
Gatifloxacin.mol,COc1c(N2CCN[C@@H](C)C2)c(F)cc2c(=O)c(C(=O)O)cn(C3CC3)c12,1,test,0.4117883265229375,0.9654025133169808,0.0005781850654834,0.260764236967527,0.8218839146443209,1421.489352993054,4480.289351214378,5451.243504568734,3.888603043403094,0.2191528561385219
Dothiepin,CN(C)CC/C=C1\c2ccccc2CSc2ccccc21,1,test,0.2059995203238685,0.9052249821967912,0.0006281684081885,0.4249326200785475,0.8235336098605386,1311.0076838077937,2540.7766770213216,3085.213094644176,3.4263209177654,0.3410909239615154
Reproterol,Cn1c(=O)c2c(ncn2CCCNC[C@@H](O)c2cc(O)cc(O)c2)n(C)c1=O,1,test,0.5778414125296071,0.9850885331842066,0.0006204230552929,0.1720481961224483,0.9781514616437345,1576.58786742187,8963.428630375893,9163.640787606964,5.029835241560723,0.2763150213767715
Bornaprine,CCN(CC)CCCOC(=O)[C@@]1(c2ccccc2)C[C@@H]2CC[C@@H]1C2,1,test,0.0,0.0,0.0,0.0,0.0,0.0,0.0,0.0,0.0,0.0
Methsuximide,CN1C(=O)C[C@@](C)(c2ccccc2)C1=O,1,test,0.2624999016957368,0.92496904191467,0.0019980327091015,0.3800424601270988,0.952013415578856,476.4753906390957,1193.5796961473534,1253.7425172959531,2.6819643059557845,0.3933751247293398
Ketazolam,CC1=CC(=O)N2CC(=O)N(C)c3ccc(Cl)cc3[C@]2(c2ccccc2)O1,1,test,0.103244564049243,0.7955459141995889,0.0002960040767957,0.6058933061194357,0.6712328235163095,2267.6472256137417,2512.1902397904896,3742.651062011792,3.3990768449913444,0.5489020796194167
