Drug_ID,Drug,Y,split,d3d_asphericity,d3d_eccentricity,d3d_inertial_shape_factor,d3d_npr1,d3d_npr2,d3d_pmi1,d3d_pmi2,d3d_pmi3,d3d_radius_of_gyration,d3d_spherocity_index
CHEMBL110861,Oc1nc2c(O)ccc(CCNCCOCCCOCCc3ccccc3)c2s1,150.0,train,0.6744838571973691,0.9923351571703932,0.0004996216533736,0.1235756280324352,0.9075042775182078,1816.3829997965688,13339.000320468422,14698.553660757583,5.986264303567609,0.0858480088201509
CHEMBL1956334,CC(=O)c1ncccc1NC(=O)[C@H]1CC[C@H](N2C(=O)[C@H]3[C@H]4CC[C@H](C4)[C@H]3C2=O)CC1,150.0,train,0.6447254277970182,0.990558087762818,0.0007497883131475,0.1370936715084591,0.9220657059721992,1229.768042264388,8271.183677523695,8970.27578832118,4.749122279250007,0.1506269791979224
CHEMBL2110732,COc1cc2ncnc(Nc3ccc(F)c(Cl)c3)c2cc1NC(=O)/C=C/CN1CCCCC1,9.77,train,0.5724781372181251,0.985228729645576,0.0003291598377008,0.1712435408445078,0.8573460976043935,2604.649776208663,13040.411978436818,15210.20742366996,5.7296061402004845,0.077561666658727
CHEMBL2110732,COc1cc2ncnc(Nc3ccc(F)c(Cl)c3)c2cc1NC(=O)/C=C/CN1CCCCC1,3.0,train,0.5724781372181251,0.985228729645576,0.0003291598377008,0.1712435408445078,0.8573460976043935,2604.649776208663,13040.411978436818,15210.20742366996,5.7296061402004845,0.077561666658727
CHEMBL1683035,COc1cc2nnc(C(N)=O)c(Nc3ccc(F)cc3F)c2cc1N1CCN(C)CC1,16.0,train,0.1907444440506535,0.8876449617900122,0.0002142913319235,0.460528415853797,0.6877619773388769,3209.47175588176,4793.086734824371,6969.10688981386,4.179973537417727,0.2449505904969069
CHEMBL1807817,O=c1[nH]c2c(O)ccc([C@@H](O)CNCCSCCCOCCc3ccccc3)c2s1,150.0,train,0.6516397789804874,0.990979333462858,0.0004541574084049,0.134014777728091,0.92623540782626,2039.4589864321656,14095.603172029649,15218.164899471922,5.911417743844647,0.114674632481468
CHEMBL1824041,N#Cc1ccc2c(c1)N(CCN1CCC(NCc3ccc4c(n3)NC(=O)CO4)CC1)C(=O)CO2,8.51,train,0.6399828703640392,0.9902903788999772,0.0004229803067043,0.1390142635060865,0.8902244728761953,2104.647565775072,13477.816754755151,15139.795821620295,5.763031849542539,0.0961233100937319
CHEMBL2,COc1cc2nc(N3CCN(C(=O)c4ccco4)CC3)nc(N)c2cc1OC,12.02,train,0.7105936341393166,0.9941465891119612,0.0009120476830464,0.1080396193859152,0.9216877249134438,1010.5696687203643,8621.186043819336,9353.695195006483,4.975822447910179,0.0708597971829406
CHEMBL2,COc1cc2nc(N3CCN(C(=O)c4ccco4)CC3)nc(N)c2cc1OC,5.37,train,0.7105936341393166,0.9941465891119612,0.0009120476830464,0.1080396193859152,0.9216877249134438,1010.5696687203643,8621.186043819336,9353.695195006483,4.975822447910179,0.0708597971829406
CHEMBL1089773,CN1CCN(c2ccc(-c3cnc4cccc(-c5cc(F)c(CN6CCOCC6)c(F)c5)c4n3)cc2)CC1,14.45,train,0.3610882113019928,0.9547566468620408,0.0001712026373478,0.2973882063444216,0.7636334499205452,4460.407046001218,11453.433417742894,14998.60098969552,5.475097179566042,0.0892300487303117
CHEMBL1984039,Cc1nn(C)c(C)c1-c1cccc2c(CCCOc3cccc4ccccc34)c(C(=O)O)[nH]c12,61.66,train,0.6866951762889089,0.9929603403007744,0.0006178460137002,0.1184472987862972,0.9310280105685608,1506.8932872007197,11844.591423336944,12722.057004604709,5.361375935144882,0.1221189695122474
CHEMBL1934422,Cc1ccc(S(=O)(=O)Nc2c(C(=O)N[C@@H](C)C(C)(C)C)c(C)nn2C2CCOCC2)cc1,3.0,train,0.2374615963013318,0.91838399919013,0.0002833711579057,0.395690320871693,0.7761915879803094,2739.1340520210706,5373.123115181237,6922.418637855096,4.031082731805853,0.2729926869541046
CHEMBL2107486,C[C@@H](O)[C@H]1C(=O)N2C(C(=O)OCOC(=O)C(C)(C)C)=C(SC3CN(C4=NCCS4)C3)[C@H](C)[C@H]12,150.0,train,0.1902493102035006,0.8919032236296632,0.0001960138239366,0.4522263146688998,0.7230250453605742,3688.6431315901,5897.448425772278,8156.630899046114,4.222191502445616,0.249431241354109
CHEMBL576981,C[C@@H](O)[C@H]1C(=O)N2C(C(=O)O)=C(SC3CN(C4=NCCS4)C3)[C@H](C)[C@H]12,4.79,train,0.5302802121454193,0.980854253635548,0.0007304741213285,0.1947432492412819,0.9434023117218844,1291.4931332626086,6256.430516794554,6631.773570042888,4.299704682667564,0.228765917062068
CHEMBL1934418,Cc1ccc(S(=O)(=O)Nc2c(C(=O)N[C@@H](C)C(C)(C)C)c(C)nn2C2CCSCC2)cc1,5.0,train,0.2780907940837509,0.9310178821260682,0.0002397227341186,0.3649735650173733,0.7278427894804902,3036.1859176870157,6054.865994487864,8318.920077245835,4.264416181616905,0.2026896066868619
CHEMBL196945,O=C(O)C1(c2ccc(-c3ccc(Cl)c(Cl)c3)c(F)c2)CC1,38.9,train,0.6757394445365524,0.9923110878222314,0.0013519350934578,0.1237687560940148,0.9504947030089964,703.0623789622312,5399.238775421607,5680.451199074703,4.256531118985385,0.1733522585922327
CHEMBL1359777,Cc1cc(C(=O)Cn2cc(C(F)(F)F)ccc2=O)c(C)n1Cc1ccccc1,150.0,train,0.6529007051447272,0.9910404598957234,0.0007716280554662,0.1335619962776572,0.9317631555385142,1207.5288721526242,8424.034857803395,9040.96154449755,4.902900384799467,0.1740464502325575
CHEMBL2139925,CCc1nc2ccc(C(=O)NCc3ccc4c(c3)OCO4)cn2c1N(C)Cc1cccs1,150.0,train,0.4109834850235579,0.96534976237336,0.0002985142124397,0.2609594533365237,0.8532128032397249,2858.19826220808,9344.943516449932,10952.652703951877,5.080545943645796,0.1873851403215691
CHEMBL1322390,COc1ccc2nc(NC(=O)CCc3ccc(OC)c(OC)c3)sc2c1,150.0,train,0.8246435564801462,0.9980074114014258,0.0014078152900792,0.0630968048939503,0.9965152388369118,707.8451597018907,11179.30598174414,11218.399424370196,5.569439693353186,0.08760118422988
CHEMBL2059909,CC(C)(C)NS(=O)(=O)c1cncc(-c2ccc3nc(N)nn3c2)c1,20.0,train,0.579311072758803,0.9855486181428328,0.000984286174197,0.1693928017264982,0.947050151961067,962.1695161304904,5379.347747816039,5680.108636989251,4.165504762874424,0.1595794798997607
CHEMBL2059910,CNC(=O)Nc1nc2ccc(-c3cncc(S(=O)(=O)NC(C)(C)C)c3)cn2n1,3.0,train,0.6738328761729715,0.9921516396320136,0.0007881642552218,0.1250404893444796,0.9621061942284987,1220.6924988721844,9392.444164047434,9762.377812751864,5.024984727004345,0.1399362484196981
CHEMBL1645107,Nc1nc2ccc(-c3ccncc3)cc2s1,29.51,train,0.6907704804941238,0.9931847118117356,0.0031267853528087,0.116550968350502,0.9219929873231844,294.8692933126917,2332.6054211206715,2529.960046543204,3.368292502842445,0.1062994972204144
CHEMBL1940832,O=CNc1cc([C@@H](O)CNCCc2ccc(NC[C@H](O)c3ccccc3)cc2)ccc1O,3.0,train,0.5973522305014672,0.9871316128991856,0.0004035499606388,0.1599099084330065,0.9352551886848782,2317.569768076244,13554.626926952358,14492.971641261229,5.904278064509574,0.199694017993088
CHEMBL2207654,O=C(NC[C@@H](O)CN1CCC(Oc2ccc(Cl)c(Cl)c2)CC1)c1c[nH]c(=O)c2cc(S(=O)(=O)N3CCC3)ccc12,3.0,train,0.7521315921426281,0.9957959194343522,0.0003326495922933,0.0915996006426508,0.9743930575533338,2929.1875899673623,31159.306720892047,31978.16987646849,7.361696966492755,0.1397569986911554
CHEMBL139,O=C(O)Cc1ccccc1Nc1c(Cl)cccc1Cl,87.1,train,0.1466898268869161,0.8678343248746666,0.0006158546499229,0.49685368527297,0.7878033074432308,1279.2033112712986,2028.2844414411477,2574.607674628614,3.151323346717993,0.2604905466441328
CHEMBL139,O=C(O)Cc1ccccc1Nc1c(Cl)cccc1Cl,80.0,train,0.1466898268869161,0.8678343248746666,0.0006158546499229,0.49685368527297,0.7878033074432308,1279.2033112712986,2028.2844414411477,2574.607674628614,3.151323346717993,0.2604905466441328
CHEMBL1346,NC(=O)C(c1ccccc1)(c1ccccc1)[C@@H]1CCN(CCc2ccc3c(c2)CCO3)C1,5.05,train,0.5921716974848905,0.9866024602884736,0.0005727148792491,0.1631428372706893,0.9507135746663766,1660.0120044248758,9673.706631062822,10175.206170225883,5.0211626417857085,0.2071035857864893
CHEMBL1346,NC(=O)C(c1ccccc1)(c1ccccc1)[C@@H]1CCN(CCc2ccc3c(c2)CCO3)C1,50.96,train,0.5921716974848905,0.9866024602884736,0.0005727148792491,0.1631428372706893,0.9507135746663766,1660.0120044248758,9673.706631062822,10175.206170225883,5.0211626417857085,0.2071035857864893
CHEMBL2103840,CCc1cnn2c(NCc3ccc[n+]([O-])c3)cc(N3CCCC[C@H]3CCO)nc12,150.0,train,0.4693930971676849,0.9740563975262329,0.0004227121333305,0.2263054008153979,0.8258313255383104,1953.649447040181,7129.237334474628,8632.800808115993,4.726559737532092,0.1238662079967551
CHEMBL1669164,O=C(CN1CCOCC1)Nc1ccc(-c2cccc3c(=O)cc(N4CCOCC4)oc23)cc1OCCN1CCCC1,5.5,train,0.2170947747843567,0.9093334736634204,0.0001330120203843,0.4160680637530563,0.7718270224986681,5802.686255485853,10764.272592004949,13946.483186293886,5.20720745126995,0.2745031386639795
CHEMBL1269858,CN(c1ccnc(Nc2cc(N3CCOCC3)cc(N3CCOCC3)c2)n1)c1cccc2[nH]ncc12,51.29,train,0.3937115476305297,0.9613686655576188,0.0002009853687698,0.2752640348537445,0.7679868730850145,3821.108361198249,10660.895323992696,13881.611388965184,5.398693432930376,0.0950562811421424
CHEMBL1924032,CC(C(=O)OC1CC[N+](C)(C)CC1)(c1ccccc1)N1CCC(F)(F)CC1,38.0,train,0.4021464990070967,0.9637165819865976,0.0005390945332305,0.2669276111684014,0.8722190248225914,1617.9333513098711,5286.797584297636,6061.318813096247,4.122389017598712,0.2775167149705417
CHEMBL1789155,N#Cc1ccc(Cl)cc1S[C@H](CCN)c1ccccc1,150.0,train,0.1768207677892361,0.8748948200680706,0.0004672575275497,0.4843129709372424,0.6685046386412626,1430.6984890040928,1974.815117062425,2954.078405613224,3.2404116244832992,0.2800314875306266
CHEMBL1683934,O=C(Nc1ccccc1-c1ccccc1)OC1CCN(CCCCCCCCCNC[C@H](O)c2ccc(O)c3[nH]c(=O)ccc23)CC1,25.33,train,0.8703398294845661,0.9989737776125722,0.0003663707829643,0.0452922912035488,0.9684630990057004,2643.3961004471416,56522.45694159166,58363.04656276736,9.57607665911135,0.0417353444341204
CHEMBL1770298,Cc1ccc(C(NC(=O)c2ccccc2O)C(=O)Nc2c(C)cccc2C)s1,70.0,train,0.1668565622337058,0.8449494911886821,0.0001806536911551,0.5348461062212077,0.6003737057349012,3323.34037514487,3730.505192495365,6213.638533567945,4.100699904266217,0.2390833330252068
CHEMBL1622829,Cc1cc(C)nc(Nc2cccc(C(F)(F)F)c2)n1,36.31,train,0.6390637705813385,0.990227768954168,0.001619997782795,0.1394595482283343,0.8851326387501822,546.3789198668161,3467.799955205444,3917.830846348654,3.85225044544002,0.0327989806343153
CHEMBL1916287,Cc1nn(-c2ccc(F)cc2)c(NS(=O)(=O)c2cccnc2)c1C(=O)N[C@@H](C)C(C)(C)C,12.0,train,0.3332788804241736,0.94847610771046,0.0002966748419803,0.3168486596190933,0.767006428376999,2585.3436821843948,6258.430211392307,8159.553792313412,4.301173850558823,0.1537755652054124
CHEMBL1916277,Cc1ccc(S(=O)(=O)Nc2c(C(=O)NC3CCCCC3C)c(C)nn2-c2ccccc2)cc1,17.0,train,0.4189172238359414,0.9665492706695816,0.0003458567416289,0.2564810078116895,0.8166558696379626,2361.254737413798,7518.422348196722,9206.35316259928,4.522381347123158,0.1141648537411971
CHEMBL1916084,Cc1ccc(S(=O)(=O)Nc2c(C(=O)NC3CCCCC3)cnn2-c2ccccc2)cc1,27.0,train,0.3359993811546205,0.9498170214119704,0.0004177503495289,0.3128060514697449,0.8764593818485359,2098.045837272816,5878.569001418064,6707.177905973925,4.091599172047768,0.2691808142307543
CHEMBL1916275,Cc1ccc(S(=O)(=O)Nc2c(C(=O)N(C)C3CCCCC3)c(C)nn2-c2ccccc2)cc1,21.0,train,0.3906217170755678,0.9615644189077605,0.0003619493911484,0.2745794389435976,0.8124570946189777,2244.6704276560645,6641.787968709475,8174.939960151752,4.275793166658878,0.1469405155797111
CHEMBL1916085,Cc1ccc(S(=O)(=O)Nc2c(C(=O)N(C)C3CCCCC3)cnn2-c2ccccc2)cc1,48.44,train,0.3874398626420785,0.9609998426203666,0.0003631388939418,0.2765489151734832,0.815916709134116,2246.844727308964,6628.983356131601,8124.583406517741,4.33378178459604,0.1452949855585467
CHEMBL1916276,Cc1ccc(S(=O)(=O)Nc2c(C(=O)NC3CCCCC3C)cnn2-c2ccccc2)cc1,5.0,train,0.4402202143213759,0.9699479040009422,0.0003755862367686,0.2433126867308382,0.8244695260140371,2195.153723169637,7438.318872668283,9021.945187749294,4.539832324790956,0.1107070659223845
CHEMBL1916274,Cc1ccc(S(=O)(=O)Nc2c(C(=O)NC3CCCCC3)c(C)nn2-c2ccccc2)cc1,12.0,train,0.3816086537794057,0.9595618167067006,0.000324556808561,0.2814979927433519,0.7908240761587231,2436.627595843277,6845.319743300792,8655.932399719828,4.451669121644887,0.109159567401812
CHEMBL1770476,CCOc1ccc2oc(C(=O)NC(CCSC)c3nc4cnccc4[nH]3)c(C)c2c1,21.0,train,0.4931015089716031,0.9771027958190872,0.0004214925349445,0.2127677757615641,0.8864858921236024,2103.2066255697114,8762.90121995648,9884.98666229724,4.943714241000954,0.2095888617372199
CHEMBL100979,Cc1nc2ccccn2c1-c1ccnc(N)n1,21.38,train,0.3765108839419718,0.9589926021729605,0.0015747450723012,0.2834311009355432,0.8427621760954861,535.1737185396565,1591.3009057116997,1888.196873148948,2.9851955778678745,0.2338693968096136
CHEMBL304087,COc1cc(NC(=O)Nc2cccc(CNC(=O)O[C@H]3CCOC3)c2)ccc1-c1cnco1,13.0,train,0.7215036376633881,0.9945832897856818,0.0004874431903382,0.1039426749660143,0.9555726367555992,1960.377446431184,18022.27089244098,18860.17891181037,6.551593808355046,0.1307162313658115
CHEMBL1809071,COc1cc(N2CCN(C(=O)[C@@H](C)O)CC2)ccc1Nc1ncc(Cl)c(-c2cnc3ccccn23)n1,12.59,train,0.7363470864280989,0.9952492032405912,0.0005058526155478,0.0973602765452528,0.9371565110218744,1852.627587992116,17832.75549529256,19028.577708805275,6.17297677932806,0.0764351709183097
CHEMBL1809069,COc1cc(N2CCN(C(=O)CO)CC2)ccc1Nc1ncc(Cl)c(-c2cnc3ccccn23)n1,12.3,train,0.6242835578700106,0.9889744818874796,0.0004133116176579,0.1480860363957088,0.9626045485032828,2329.0043332389755,15139.240803697125,15727.373018584378,5.796711541877893,0.1961988083920799
CHEMBL1086310,CC(C)c1ccc(NC(=O)Cn2cnc3c2c(=O)n(C)c(=O)n3C)cc1,16.6,train,0.3953453024925821,0.9614888927946316,0.0006100753762834,0.2748437902382983,0.933193289856734,1529.6360517641538,5193.663273933221,5565.4743024679965,4.157974145122168,0.3248312501241215
CHEMBL1609158,CCCC(=O)Nc1ccc(Cl)c(-c2nc3ncccc3o2)c1,81.0,train,0.5570691876123811,0.9838316557919934,0.0008444076782776,0.1790957092215906,0.8468659080611581,1002.91118833562,4742.331895644043,5599.861619770819,4.238485479326281,0.0610114641852882
CHEMBL168899,O=C1Nc2ccccc2B(O)N1c1ccccc1,7.94,train,0.5135659814801896,0.979485486893772,0.0017634425189754,0.2015147164960176,0.8480993760591555,480.9339498924375,2024.0694571679187,2386.5946778231546,3.205322495452532,0.1211187482260046
CHEMBL2153581,O=C(CCCc1ccc2cccnc2n1)NCc1cc(-c2ccc(F)c(C(F)(F)F)c2)no1,19.95,train,0.5817857777720612,0.9860407613456632,0.0003389167191216,0.1665041049489909,0.8894997077638186,2624.53770374365,14020.828622875631,15762.600595028489,5.945405569764783,0.1220031485721547
CHEMBL245196,Cc1ccc(-c2cc(-c3ccccc3)nn2-c2ccc(S(N)(=O)=O)cc2)cc1,13.49,train,0.2931640831723356,0.9318954637921684,0.0002370256906375,0.3627269559373541,0.6759648272736247,2851.863126969425,5314.628908811636,7862.286163981607,4.536204563638963,0.1029879672894748
CHEMBL196707,Cc1c(CC(=O)O)c2cc(F)ccc2n1S(=O)(=O)c1ccc(S(C)(=O)=O)cc1,3.0,train,0.3373335648011566,0.9492389608505482,0.0004414844862347,0.314555869764612,0.9179459145311516,2079.225755722346,6067.655927964489,6610.036421441665,4.164414771041004,0.3628153604692759
CHEMBL196707,Cc1c(CC(=O)O)c2cc(F)ccc2n1S(=O)(=O)c1ccc(S(C)(=O)=O)cc1,7.9,train,0.3373335648011566,0.9492389608505482,0.0004414844862347,0.314555869764612,0.9179459145311516,2079.225755722346,6067.655927964489,6610.036421441665,4.164414771041004,0.3628153604692759
CHEMBL361812,O=C(O)CCn1c2c(c3ccccc31)C[C@H](NS(=O)(=O)c1ccc(F)cc1)CC2,6.0,train,0.3461086835428537,0.951861174649902,0.0003796916479573,0.3065294507777493,0.8975007597460727,2363.7621859065707,6920.960946256265,7711.370571111708,4.517161453747181,0.3272423414878915
CHEMBL361812,O=C(O)CCn1c2c(c3ccccc31)C[C@H](NS(=O)(=O)c1ccc(F)cc1)CC2,3.81,train,0.3461086835428537,0.951861174649902,0.0003796916479573,0.3065294507777493,0.8975007597460727,2363.7621859065707,6920.960946256265,7711.370571111708,4.517161453747181,0.3272423414878915
CHEMBL1644374,c1ccc(Oc2nccc3ccccc23)cc1,150.0,train,0.5317363223466277,0.981391611267998,0.0022027343173584,0.1920169402235186,0.8947565640364467,406.20267137321497,1892.8148012214144,2115.4522663488538,3.158448512282554,0.1787370947058307
CHEMBL1924047,C[C@@](C(=O)O[C@H]1C[N+]2(CCc3ccccc3)CCC1CC2)(c1ccccc1)N1CCCCC1,76.0,train,0.3089228719789033,0.9428088581969356,0.0003108383387967,0.3333338520243485,0.8736343026612543,2810.5744807514425,7366.231367312331,8431.710321897166,4.559056510869872,0.3475282561532661
CHEMBL1924049,C[C@@](C(=O)O[C@H]1C[N+]2(CCc3ccccc3F)CCC1CC2)(c1ccccc1)N1CCCCC1,130.0,train,0.5637426369322661,0.984346477584473,0.0004956574755307,0.1762441830729187,0.9230704123110198,1862.315122600848,9753.7856745092,10566.675677632657,4.880575975954716,0.2189811488051486
CHEMBL2158829,O=C(O)COc1cccc(N2CCC(CN3CCC(Oc4ccc(Cl)c(Cl)c4)CC3)CC2)c1,3.0,train,0.7581017400729068,0.9960558815759012,0.0005173522385633,0.0887281284489538,0.9586395718369896,1852.9726951585149,20019.95288488852,20883.71216152214,6.58223767389159,0.1501916337197932
CHEMBL2158826,O=C(O)Cc1cccc(N2CCC(CN3CCC(Oc4ccc(Cl)c(Cl)c4)CC3)CC2)c1,3.0,train,0.7938501825530377,0.9972135884496642,0.0006199456721472,0.07459932312926,0.9726053385858456,1568.8557599203605,20454.30740605744,21030.428884749606,6.714813203060149,0.1633826141151804
CHEMBL2158827,O=C(O)Cc1ccc(N2CCC(CN3CCC(Oc4ccc(Cl)c(Cl)c4)CC3)CC2)cc1,9.0,train,0.6561223648572103,0.9912782085300004,0.0003778850390422,0.1317858615085574,0.9132632667218964,2416.7754008906245,16748.01964554576,18338.65464189945,6.267074373965657,0.1297512906904809
CHEMBL2158828,O=C(O)COc1ccccc1N1CCC(CN2CCC(Oc3ccc(Cl)c(Cl)c3)CC2)CC1,3.0,train,0.7875378622016792,0.9970291062529464,0.0005908856761839,0.077025718331289,0.9684828486474882,1639.0359213004613,20608.417714058665,21279.07349401062,6.641234196114185,0.1213567941741251
CHEMBL2158825,O=C(O)Cc1ccccc1N1CCC(CN2CCC(Oc3ccc(Cl)c(Cl)c3)CC2)CC1,3.0,train,0.7961343637587206,0.9972641626863312,0.0007262841494107,0.0739201584246886,0.9819759787122458,1352.0548114797912,17961.072798946203,18290.74558677106,6.275459480598679,0.1335832775520771
CHEMBL1399574,CCOc1ccc(NC(=O)CCc2c(C)nc3nc(C)nn3c2C)cc1,4.17,train,0.8192403109796221,0.99789756679808,0.0015087008475246,0.0648108492343018,0.9814880303623176,650.5517856456742,9851.881255771665,10037.698831777732,5.390603242581849,0.1022079703092362
CHEMBL1539037,COc1ccc(NC(=O)CCc2c(C)nc3nc(C)nn3c2C)cc1,3.09,train,0.7941589177578057,0.997211960950512,0.0015233640064885,0.074621075690681,0.9786930121433424,642.4551243004023,8426.122713304823,8609.566645266603,5.103264315394914,0.1222485415489733
CHEMBL1484,COC(=O)C1=C(C)NC(C)=C(C(=O)OCCN(C)Cc2ccccc2)C1c1cccc([N+](=O)[O-])c1,150.0,train,0.3111799887419136,0.9429573997289136,0.0002846401788314,0.3329134156150601,0.8964111115661992,3149.278205369058,8479.826418200897,9459.751567988757,4.689237885915903,0.4245544360345424
CHEMBL1389370,CCN(CC)CCNc1ncnc2c1sc1nc(N3CCOCC3)c3c(c12)CCCC3,26.3,train,0.3611336519325444,0.9553776753230024,0.0003139326495342,0.2953870300037152,0.7898119689095916,2515.8643743530847,6726.970358151188,8517.179560393839,4.48927317247542,0.1881987877477151
CHEMBL1214827,CC(C)c1cc(C(=O)N2Cc3ccc(CN4CCN(C)CC4)cc3C2)c(O)cc1O,23.44,train,0.5424450558905364,0.9821847411942256,0.0005409641322577,0.1879178920838352,0.9373372606410066,1732.7160984387012,8642.813854332362,9220.602036477132,4.891334002872214,0.231262216962416
CHEMBL723,COc1ccccc1OCCNCC(O)COc1cccc2[nH]c3ccccc3c12,26.3,train,0.5733193398449605,0.9849544078481948,0.000485478673004,0.172814393093898,0.954222810542092,1965.529823663558,10852.99296524143,11373.646537621406,5.455087857676882,0.2182943583657888
CHEMBL51628,O=c1ccc2ccc(O)cc2o1,123.03,train,0.5040895981709912,0.9779213437599364,0.0037405990710037,0.2089733126950904,0.7910266873050428,211.47058861156484,800.4796259124604,1011.9502145238904,2.498211090920943,5.796148589556761e-13
CHEMBL379350,CCN(CC)c1ccc2cc(C(C)=O)c(=O)oc2c1,150.0,train,0.598454001146318,0.9873716518803558,0.0016587756728106,0.1584210246875633,0.8797236801655937,530.3451784260754,2945.046044508334,3347.6944078099355,3.627187177686696,0.1109811930871377
CHEMBL153064,CC(=O)c1cc2ccc(O)cc2oc1=O,150.0,train,0.555673697357505,0.9836013160391112,0.0025863005421881,0.1803564556264308,0.8291552713264703,320.5950962779243,1473.8763473532265,1777.5637426695016,2.957571162545697,0.0308585181893652
CHEMBL191528,CCOc1ccc2ccc(=O)oc2c1,35.48,train,0.5598411507583304,0.9839492991863956,0.0027244637133213,0.1784482463646002,0.825308372161759,302.92507407104847,1401.0033993707684,1697.55142032677,2.9903084173683467,0.0335484714683867
CHEMBL191528,CCOc1ccc2ccc(=O)oc2c1,64.57,train,0.5598411507583304,0.9839492991863956,0.0027244637133213,0.1784482463646002,0.825308372161759,302.92507407104847,1401.0033993707684,1697.55142032677,2.9903084173683467,0.0335484714683867
CHEMBL3144574,O=c1c2ccccc2[nH]n1Cc1c[nH]c2ccccc12,4.37,train,0.3794414261465364,0.9580735345676388,0.0012630087520541,0.286522429071568,0.9424204383088248,746.1709483612775,2454.2816926639225,2604.232243804194,3.320082662943186,0.340954545230876
CHEMBL1807872,O=c1[nH]c2c(O)ccc([C@@H](O)CNCCCOCCNCCc3cccc(Cl)c3)c2s1,3.0,train,0.8383730834201689,0.9983619822830028,0.0007323499334057,0.0572132181576369,0.9659698166195496,1319.0003474532905,22269.583232323475,23054.11913413276,7.074284146205755,0.0818098989901972
CHEMBL1455229,O=C(NCc1cccnc1)c1cc(-c2ccco2)on1,150.0,train,0.5808073225970732,0.9858308564205892,0.0013350472188969,0.1677424291258712,0.9258421610824092,693.4901986818076,3827.668810943717,4134.256325580118,4.009064447035541,0.2218539723597901
CHEMBL574059,Cn1c(=O)c(-c2c(Cl)cccc2Cl)cc2cnc(Nc3ccc(F)cc3)nc21,6.17,train,0.6304757330778435,0.989106400242495,0.0007911408991982,0.1472023403323925,0.9967358888182444,1259.871522036578,8530.836931521177,8558.773720524456,4.700450390469118,0.0966262477236124
CHEMBL2011934,COc1ccc(-c2nc3c(NCCCN(C)C(=O)C4CCC4)c(Br)cnc3[nH]2)cc1,138.04,train,0.4496749377361839,0.9713283832956664,0.0003113122014938,0.2377418175337001,0.8237918021450458,2646.19182348759,9169.23725790614,11130.527439130432,4.928208990023485,0.1359799277953901
CHEMBL479,CSc1ccc2c(c1)N(CCC1CCCCN1C)c1ccccc1S2,114.0,train,0.2245858768778276,0.8938937250385596,0.000234461787598,0.4482789403225273,0.6176510553940995,2634.3356916345974,3629.660182184311,5876.554650859235,4.047241338405426,0.1783344282097534
CHEMBL1090089,Cn1c(=O)c(Oc2ccc(F)cc2F)cc2cnc(NC(CCO)CCO)nc21,3.0,train,0.700943779561994,0.993476086984184,0.0008618294390098,0.1140406269300284,0.9868466103043644,1145.060223793363,9908.738936854204,10040.8096186277,5.094478899470412,0.1819549489578811
CHEMBL108922,CCO/N=C/c1ccc(OCCC2CCN(c3ccc(C)nn3)CC2)cc1,26.0,train,0.8120615597392252,0.9976986830021652,0.0012720005510921,0.0678036719930804,0.9888380732129736,777.3880855350012,11337.305400179535,11465.280016314391,5.656517159284957,0.1211651079389306
CHEMBL298019,CCOC(=O)c1ccc(OCCC2CCN(c3ccc(C)nn3)CC2)cc1,150.0,train,0.684417746660078,0.992804082638731,0.0007530744895904,0.1197499624044524,0.9449962089219835,1254.8509104802315,9902.544680231384,10478.92529804732,5.411156036385784,0.1353016665563516
CHEMBL900,Cc1ccccc1C(OCCN(C)C)c1ccccc1,150.0,train,0.2303821506955679,0.914501563093984,0.0005888119924083,0.4045823662725054,0.755391670813397,1282.9080938445572,2395.3048113237264,3170.944165620055,3.565450752296112,0.3125287162829775
CHEMBL1951575,CC(C)(C)NC(=O)c1ccc(Oc2cc(F)c(CC(=O)O)cc2Cl)c(NS(=O)(=O)c2ccc(C3CC3)cc2Cl)c1,6.0,train,0.1865493877542093,0.8914237337139107,0.0001166036135435,0.4531707481419677,0.7406837513899267,6352.1509229473695,10382.256565089892,14017.1247791073,5.022621583310641,0.213124530761076
CHEMBL1807822,O=c1[nH]c2c(O)ccc([C@@H](O)CNCCCOCCOCCc3cccc4ccccc34)c2s1,118.0,train,0.7911731603349388,0.997137624565972,0.0005899600641992,0.0756079207155595,0.9699890441757962,1644.1605170213802,21093.262098516487,21745.87664177127,6.788736291589638,0.0918933069885112
CHEMBL223402,O=C(Nc1ccccc1F)N[C@H]1N=C(c2ccccc2)c2ccccc2NC1=O,9.12,train,0.48474846211216,0.9761139040082788,0.0005216440539783,0.2172593988800402,0.8763894871114798,1680.052672751901,6777.06238617683,7732.934369755583,4.565289898839843,0.1451804492632864
CHEMBL202626,O=C(Nc1ccccc1F)NC1N=C(c2ccccc2)c2ccccc2NC1=O,16.22,train,0.4024791830272746,0.9610522593585844,0.0005810420760279,0.276366703460747,0.9912727169986484,1706.0257043259903,6119.176854591507,6173.050816044854,4.245034248929813,0.3147924671224958
CHEMBL1770471,CSCCC(NC(=O)c1sccc1Cl)c1nc2ccccc2[nH]1,150.0,train,0.2933043045535615,0.9386757267209112,0.0004305782877119,0.3448012181895087,0.8277489227343493,1922.4121288904691,4615.049149466581,5575.421510935262,4.068375467622522,0.2793622493978039
CHEMBL2098332,Cc1cc(OCC(=O)Nc2ccccc2)c2cc(Br)ccc2n1,150.0,train,0.309500236110761,0.933454422734587,0.0002861809517759,0.3586960282429107,0.6423444598074115,2244.5395328416835,4019.468910213856,6257.497591586573,4.106666290387427,0.0127666866403008
CHEMBL2097971,COc1ccc2nc(C)cc(OCC(=O)Nc3ccccc3OC)c2c1,150.0,train,0.446053715037564,0.9708726704328684,0.0005655979666415,0.239596030448234,0.8705646608811268,1539.193406317347,5592.610959765608,6424.118978256186,4.385688343238517,0.1820608044296496
CHEMBL554,CS(=O)(=O)CCNCc1ccc(-c2ccc3ncnc(Nc4ccc(OCc5cccc(F)c5)c(Cl)c4)c3c2)o1,91.2,train,0.7818624636304438,0.9968742336542292,0.0003524891849182,0.0790048243861923,0.950785678568738,2697.3470938950945,32461.29596425856,34141.54913768165,7.722152401973352,0.0520636019025142
CHEMBL203567,Nc1c(C(=O)c2cccc(OC[C@@H](O)CO)c2)cnn1-c1ccc(F)cc1,3.0,train,0.4329612677828857,0.968913795877021,0.0004549497481995,0.2473985775205315,0.8382894726005669,1842.5979482748185,6243.48966657254,7447.892250398658,4.573241456569661,0.1901320462603167
CHEMBL2105659,CCc1c(C(=O)C(N)=O)c2c(OCC(=O)OC)cccc2n1Cc1ccccc1,50.12,train,0.3850117378032204,0.9603065779468134,0.0005146641239541,0.2789467267276691,0.8912241705136681,1731.6617363310727,5532.593311548748,6207.858241052831,4.132563609730668,0.2726341117021105
CHEMBL1921913,C[C@@](C(=O)O[C@H]1C[N+]2(CCc3c[nH]c4ccccc34)CCC1CC2)(c1ccccc1)N1CCCCC1,53.0,train,0.2518722879544259,0.9191695932923644,0.0003136708805656,0.3938619793363528,0.9768146754282396,3114.1388504622537,7723.35663264157,7906.675469689906,4.388300615155252,0.5233218629675798
CHEMBL551170,O=C(NCC12CC3CC(CC(C3)C1)C2)c1cc(-n2ncc(=O)[nH]c2=O)ccc1Cl,37.0,train,0.2885975046512223,0.931607455466918,0.0002534606895367,0.3634660216835326,0.6889885185751925,2718.324959323388,5152.874202807622,7478.897055445293,4.301030273592623,0.164743351552033
CHEMBL551170,O=C(NCC12CC3CC(CC(C3)C1)C2)c1cc(-n2ncc(=O)[nH]c2=O)ccc1Cl,15.3,train,0.2885975046512223,0.931607455466918,0.0002534606895367,0.3634660216835326,0.6889885185751925,2718.324959323388,5152.874202807622,7478.897055445293,4.301030273592623,0.164743351552033
CHEMBL1809057,COc1cc(C(CO)CO)ccc1Nc1ncc(Cl)c(-c2cnc3ccccn23)n1,19.95,train,0.6378653717807459,0.9900770099895224,0.0006182786010387,0.1405258491887068,0.9334185378690047,1509.7053921982754,10027.955767101064,10743.257563745085,5.114579884104749,0.1492790198742061
CHEMBL2062774,CCOc1noc2cc(OCCC3CCN(c4ccc(C)nn4)CC3)ccc12,29.51,train,0.6589738564025721,0.991447000332069,0.0006848322975768,0.1305099441902505,0.9139290791750508,1334.5297562759158,9345.38405370083,10225.502466927028,5.227802001378236,0.1005965489317654
CHEMBL2062774,CCOc1noc2cc(OCCC3CCN(c4ccc(C)nn4)CC3)ccc12,8.13,train,0.6589738564025721,0.991447000332069,0.0006848322975768,0.1305099441902505,0.9139290791750508,1334.5297562759158,9345.38405370083,10225.502466927028,5.227802001378236,0.1005965489317654
CHEMBL1916532,COc1ccc2ncc(F)c(CCN3CCC(NCc4cc5c(cn4)OCCO5)CC3)c2n1,138.04,train,0.6313941713525886,0.9893034701202644,0.0005110145130054,0.1458720124218583,0.9835475264674584,1924.6958773887663,12977.334294485769,13194.415059021692,5.56561839770259,0.216401627750148
CHEMBL95,Nc1c2c(nc3ccccc13)CCCC2,13.8,train,0.4416578297525902,0.9693795957399348,0.002073749704579,0.2455670974765972,0.769930464864046,371.2745386600626,1164.0630242411385,1511.906694647663,2.7721149036366426,0.0814461981006696
CHEMBL2169919,CC(C)N(CCCNC(=O)Nc1ccc(C(C)(C)C)cc1)C[C@H]1O[C@@H](n2ccc3c(N)ncnc32)[C@H](O)[C@@H]1O,33.88,train,0.6743686926163632,0.9923221418186502,0.0003427942439535,0.1236800988698133,0.916545147625191,2673.74719322695,19814.101365719045,21618.249157783725,6.392426681351633,0.0932873083966626
CHEMBL2147474,COc1cc(-n2cnc3cc(-c4ccc(Cl)cc4)sc3c2=O)ccc1OC[C@H](O)C1CC1,9.77,train,0.8386728878558727,0.998371373246443,0.0009544991866345,0.0570491111412928,0.9596508948617676,1005.3972892793944,16912.277668252915,17623.364661884712,6.155753762314535,0.0467427794493053
CHEMBL2147474,COc1cc(-n2cnc3cc(-c4ccc(Cl)cc4)sc3c2=O)ccc1OC[C@H](O)C1CC1,22.91,train,0.8386728878558727,0.998371373246443,0.0009544991866345,0.0570491111412928,0.9596508948617676,1005.3972892793944,16912.277668252915,17623.364661884712,6.155753762314535,0.0467427794493053
CHEMBL2147475,COc1cc(-n2cnc3cc(-c4ccc(Cl)cc4)sc3c2=O)ccc1OC[C@H](OP(=O)(O)O)C1CC1,12.3,train,0.7800871281792943,0.996813660394399,0.0005222333191369,0.0797654464735188,0.954913392123986,1828.518704440472,21890.14260954564,22923.694222002727,6.517970719185254,0.1028692386687358
CHEMBL1924034,CN(C)C(C)(C(=O)OC1CC[N+](C)(C)CC1)c1ccccc1,16.0,train,0.3936925262925847,0.9619495751714546,0.0008737313507669,0.2732270389757538,0.8926654670708906,1021.6704096600428,3337.919617511289,3739.2727070131073,3.64110031235651,0.3196345223787571
CHEMBL402728,Cc1nc(CSc2nc(N[C@H](C)CO)c3sc(=O)[nH]c3n2)cs1,3.3,train,0.4823984192829272,0.9758347962687504,0.000570814716997,0.2185096116676025,0.8494572160153775,1488.1487647764045,5785.185819041537,6810.44990844696,4.365552639920108,0.1519908206428397
CHEMBL1164184,O=C(Nc1ncc(F)s1)C(CC1CCOCC1)c1ccc(S(=O)(=O)C2CC2)cc1,5.5,train,0.2442333962203621,0.9165367792022884,0.0002002583532613,0.3999504123882053,0.7031169399631167,3511.0492446999388,6172.460696445166,8778.711400082258,4.587957664452442,0.2568775939933606
CHEMBL1289545,Cc1nc(C(=O)N2CCOC3(CCN(Cc4ccc(Cl)cc4)CC3)C2)cs1,47.0,train,0.5481858425804592,0.9830636159484673,0.0004795349194891,0.1832646365186815,0.8716019095872638,1817.5984149722349,8644.45143071065,9917.889503941222,5.0101374196228985,0.1873691185563923
CHEMBL240317,O=C(c1ccccc1)N1CCN(Cc2ccccc2)CC1,150.0,train,0.5423888747304279,0.9824409974304606,0.0011121115981475,0.1865735419823544,0.9008641144572186,810.048304466721,3911.291176216191,4341.710490458143,4.020273915728303,0.2372320448794697
CHEMBL1689112,O=C(O)COc1ccc(C(F)(F)F)cc1CN1CCN(C(=O)c2ccccc2)CC1,3.0,train,0.3758650219892604,0.9582646073265734,0.0003027231511135,0.2858827423004894,0.7819739649219407,2583.132350616311,7065.631978604789,9035.635833873452,4.702849548000749,0.1500277054726857
CHEMBL1773082,Cc1cc(Nc2nc(N[C@@H](C)c3ccc(F)cn3)c(C#N)cc2Cl)n[nH]1,6.17,train,0.3431671737282288,0.948639464659381,0.0003260425595492,0.316359235823396,0.7138940016607384,2189.5730503638674,4940.974973543577,6921.16051129347,4.347011485414572,0.0936666234563874
CHEMBL111775,O=C(CCOCCc1ccccc1)NCCNCCc1ccc(O)c2nc(O)sc12,71.99,train,0.7630351429220914,0.9962101144894544,0.0006732350621383,0.0869793526585939,0.9702284719363836,1441.143705223329,16075.523813655527,16568.802378652083,6.298930658292847,0.1156485822132053
CHEMBL323776,CN(CCNCCc1ccc(O)c2nc(O)sc12)C(=O)CCOCCc1ccccc1,140.0,train,0.72708044398289,0.994866380572738,0.0005916210154707,0.1011972569099581,0.9345650640981772,1579.668469610732,14588.36938504358,15609.795342736088,5.985033000187674,0.0878941826237534
CHEMBL111732,CN(CCc1ccc(O)c2nc(O)sc12)CCN(C)C(=O)CCOCCc1ccccc1,150.0,train,0.6855148100094313,0.9926722395701848,0.0005459733220631,0.120838010521168,0.9851935996988812,1804.4720499823336,14711.880035187209,14932.983770584597,5.862051528776098,0.1767007897549087
CHEMBL2170994,Nc1ncnc2c1ncn2[C@@H]1O[C@H](CSCCCNC(=O)Nc2ccc(Cl)cc2)[C@@H](O)[C@H]1O,93.33,train,0.7950722415389244,0.997233037031648,0.0006903017744636,0.074338885199038,0.9818060660066922,1422.28529945396,18784.359368010977,19132.453972720657,6.310210405948489,0.1380332835136987
CHEMBL2170989,Nc1ncnc2c1ncn2[C@@H]1O[C@H](CSCCCNC(=O)Nc2ccccc2)[C@@H](O)[C@H]1O,28.18,train,0.8065844618105343,0.9975800018448192,0.0008013275910243,0.0695279793988782,0.9703763886597044,1210.960909781347,16900.935200493575,17416.886270117673,6.217521338524382,0.0647513631785115
CHEMBL2170992,CC(C)c1ccc(NC(=O)NCCCSC[C@H]2O[C@@H](n3cnc4c(N)ncnc43)[C@H](O)[C@@H]2O)cc1,109.65,train,0.6755822621696856,0.9923651791285968,0.0004377401086361,0.1233343068779643,0.930420719429485,2125.509408604108,16034.613913745572,17233.724033550832,5.939699821230463,0.0981987939058294
CHEMBL1465276,O=C(C1CCN(c2nnc(-n3cccc3)s2)CC1)N1CCc2ccccc2C1,46.77,train,0.7339721989239255,0.995070962351032,0.0009344223298182,0.0991654167832248,0.972835348916028,1041.1088411224985,10213.515110081207,10498.708873460975,5.257347778069523,0.1618316405591397
CHEMBL235392,O=C(NCC12CC3CC(CC(C3)C1)C2)c1cc(CN2CC3CNCC(C2)O3)ccc1Cl,9.0,train,0.267083743950025,0.9255975040119307,0.0002114950229467,0.378509260873342,0.7053352397621765,3334.9968710133157,6214.618929520502,8810.872588212003,4.5470145048617,0.2023485156042702
CHEMBL1681882,CCNC(=O)c1cnc(N2CCN(C3CCN(Cc4ccc(Cl)cc4F)CC3)[C@@H](CC)C2)c(Cl)c1,38.0,train,0.74955755721222,0.9957092493969943,0.0005273049464867,0.0925369691813728,0.9700028159091374,1839.5481065972424,19282.74568731856,19879.061556378845,6.263868382904133,0.10769347215386
CHEMBL1762530,Cc1ccc(CO)cc1N(C)c1ccnc(Nc2cc(N3CCOCC3)cc(N3CCOCC3)c2)n1,31.62,train,0.5111871761593687,0.9791878244393376,0.0002585500474694,0.2029561639117107,0.8393484885364303,3246.3675669432314,13425.725329203782,15995.412528369692,5.769998168200971,0.1095137492400287
CHEMBL1945035,O=c1[nH]c2c(O)ccc([C@@H](O)CNCCc3ccccc3CNCCc3ccccc3F)c2s1,107.0,train,0.763245638615075,0.9961796996258248,0.0005779080441053,0.0873270064378796,0.9843448137909514,1703.289690862155,19199.379916640417,19504.730098286323,6.47702198376849,0.1205566641713684
CHEMBL1534781,COc1cnc(-c2ccccn2)nc1N(C)c1ccccc1,150.0,train,0.2347541457454789,0.908091682113522,0.0004472548691463,0.4187714136330633,0.6665317258531317,1490.2727098876005,2371.9719373767216,3558.6782224667554,3.5626105868206803,0.2046647492130866
CHEMBL1241982,COc1ccc2nc(C)cc(-n3cc(CN4CCN(C(C)=O)CC4)nn3)c2c1,5.13,train,0.5566816703779387,0.9838090490361509,0.0005628488492933,0.1792198511175159,0.9012357339988344,1601.2038314199085,8051.909993749738,8934.299528962256,4.9424757250160765,0.163889215607531
CHEMBL550175,C[C@@H]1CN(c2ccc(F)cc2C(F)(F)F)CCN1S(=O)(=O)c1ccc(C(N)=O)cc1Cl,63.1,train,0.5410324083648813,0.981316855340275,0.0005575502327326,0.1923986211620906,0.9898576229397746,1775.3694014049772,9133.968449982864,9227.5578207459,4.580507299638545,0.2516453402235774
CHEMBL2348651,CNc1nc(C)c(-c2nc(Nc3cccc(N4CCCN(C(C)=O)CC4)c3)ncc2C#N)s1,150.0,train,0.5996392341577002,0.9874639922202776,0.0003899088257148,0.1578444299568129,0.886920462649141,2274.6868092124014,12781.358694510482,14410.941265616835,5.643623485119392,0.1047736534359535
CHEMBL2312185,CNc1nc(C)c(-c2nc(Nc3cccc(N4CCCNCC4)c3)ncc2C#N)s1,19.5,train,0.5959450992915506,0.987122922854171,0.0005432958718863,0.1599635432710787,0.914480414588691,1683.2088405413183,9622.577037626,10522.452842201086,5.094336123375625,0.1670271824951641
CHEMBL957,COc1ccccc1Oc1c(NS(=O)(=O)c2ccc(C(C)(C)C)cc2)nc(-c2ncccn2)nc1OCCO,4.79,train,0.1798745595874406,0.8911460837372719,0.000196314821574,0.4537164945643074,0.8381203081012155,4269.266586094336,7886.332256753473,9409.54679241716,4.42119051502502,0.3088944460984255
CHEMBL103482,CCOC(=O)c1cnc2c(N)cccc2c1O,150.0,train,0.5458532883761905,0.9825870535559692,0.0018600508880827,0.1858028045649447,0.8172413723257892,439.3650612259022,1932.5182223649044,2364.6847648757016,3.193370553497133,0.0236998120381266
CHEMBL1944691,O=c1[nH]c2c(O)ccc([C@@H](O)CNCCc3cccc(CNCCc4ccccc4F)c3)c2s1,22.0,train,0.6785965538229505,0.9924702379190588,0.0003838760303916,0.1224860271414118,0.9502899893949572,2475.51270243558,19205.904499038472,20210.57226043887,6.594933369190352,0.1249290145484652
CHEMBL1944693,COc1ccccc1CCNCc1cccc(CCNC[C@H](O)c2ccc(O)c3[nH]c(=O)sc23)c1,29.0,train,0.6087585342131533,0.9878026020594486,0.0004730966041861,0.1557113334493757,0.9647038132017998,2039.1264800161769,12633.332765799749,13095.555955014212,5.303433021423761,0.2602174003407182
CHEMBL1944690,O=c1[nH]c2c(O)ccc([C@@H](O)CNCCc3cccc(CNCCc4ccccc4Cl)c3)c2s1,42.0,train,0.6791683006126038,0.9925753899591871,0.0003568852369958,0.1216309798010676,0.9227229287752038,2585.4892080783943,19614.165554669296,21256.831214441136,6.6050590477302,0.0843857208340835
CHEMBL1944691,O=c1[nH]c2c(O)ccc([C@@H](O)CNCCc3cccc(CNCCc4ccccc4F)c3)c2s1,3.0,train,0.6785965538229505,0.9924702379190588,0.0003838760303916,0.1224860271414118,0.9502899893949572,2475.51270243558,19205.904499038472,20210.57226043887,6.594933369190352,0.1249290145484652
CHEMBL1947157,O=c1[nH]c2c(O)ccc([C@@H](O)CNCCc3cccc(CNCCc4c(Cl)cccc4Cl)c3)c2s1,78.0,train,0.3141571373449955,0.94456427833774,0.0002410271779242,0.328326550995049,0.838561362870115,3479.115384796012,8885.823366447516,10596.5094027637,4.643310094877438,0.2425705668257492
CHEMBL1947157,O=c1[nH]c2c(O)ccc([C@@H](O)CNCCc3cccc(CNCCc4c(Cl)cccc4Cl)c3)c2s1,5.17,train,0.3141571373449955,0.94456427833774,0.0002410271779242,0.328326550995049,0.838561362870115,3479.115384796012,8885.823366447516,10596.5094027637,4.643310094877438,0.2425705668257492
CHEMBL14762,CC[C@H](CO)Nc1nc(NCc2ccccc2)c2ncn(C(C)C)c2n1,107.15,train,0.2856897595561189,0.93474354899485,0.0003443742599634,0.3553230890506726,0.7523876563372063,2184.7964375069614,4626.251211486332,6148.760113912517,4.275647474530135,0.2122725307135826
CHEMBL2031221,Cc1ccc(NC(=O)c2cccc(N3CCOCC3)c2)cc1-n1cnc2ccc(N3CCN(C)CC3)cc2c1=O,6.0,train,0.621777285724713,0.9888308064727,0.0003012756251158,0.1490423972249162,0.9576621221153958,3178.691013410168,20424.470071141728,21327.42811841172,6.458057696756457,0.170496406665418
CHEMBL1481,CCC1=C(C)CN(C(=O)NCCc2ccc(S(=O)(=O)NC(=O)N[C@H]3CC[C@H](C)CC3)cc2)C1=O,23.2,train,0.6972640485907832,0.9934786996236902,0.0004163588148703,0.1140178643635358,0.9406345750085954,2259.19217130443,18638.0816706238,19814.370177125893,6.441233496624653,0.1028017730452528
CHEMBL2059859,Cc1ccc(-c2nc3ccccc3[nH]2)cc1NC(=O)c1ccc(OCc2ccccn2)cc1,10.23,train,0.7770059794846015,0.9967282397711936,0.0006820382384119,0.0808258377167717,0.9293919540168392,1362.6683984476915,15668.91332383309,16859.316735110442,6.244995829328314,0.0280347824360358
CHEMBL521096,CCOc1cc2ncc(C(N)=O)c(Nc3ccc(C)cc3F)c2cc1N1CCN(C)CC1,12.0,train,0.2689813315250416,0.9302704055475444,0.0002722109637923,0.3668746005959087,0.7802274709173759,2866.2602712520334,6095.6386699910045,7812.642975546444,4.3783641373115305,0.2548793434547857
CHEMBL2147032,O=C1COC2(CCN(S(=O)(=O)c3ccc(-c4ccc5cccnc5c4)cc3)CC2)CN1C1CC1,89.13,train,0.433821350490032,0.9689210894089708,0.0002687050274779,0.2473700113161125,0.8172262707428976,3041.3508761386083,10047.58750385159,12294.74365125078,5.155093159231392,0.1381097618546327
CHEMBL2147032,O=C1COC2(CCN(S(=O)(=O)c3ccc(-c4ccc5cccnc5c4)cc3)CC2)CN1C1CC1,9.12,train,0.433821350490032,0.9689210894089708,0.0002687050274779,0.2473700113161125,0.8172262707428976,3041.3508761386083,10047.58750385159,12294.74365125078,5.155093159231392,0.1381097618546327
CHEMBL49,O=C1CC2(CCCC2)CC(=O)N1CCCCN1CCN(c2ncccn2)CC1,38.9,train,0.7380874191859031,0.995252188581362,0.0009806744088616,0.0973297545666723,0.9698202192115364,988.931913026352,9853.987292442138,10160.632968091164,5.219301997605064,0.1153770752731186
CHEMBL403963,C(=C/c1nn[nH]n1)\c1ccccc1,3.0,train,0.7699911423713425,0.9964934887890252,0.0061873798108431,0.0836703460078704,0.9163296543862114,148.09655822006908,1621.9039896980742,1770.0005472206185,3.2061325720190106,9.303666028562707e-10
CHEMBL2331843,CCc1[nH]c2nc(Sc3cnc4ccc[n+]([O-])c4c3)nc(N3CC[C@@H](N)C3)c2c1Cl,112.2,train,0.2739096504587531,0.932600973428648,0.0003131600668402,0.3609091635854345,0.8330252118184084,2660.06205779526,6139.7686252442845,7370.447542448086,4.277186249339136,0.2300159925580176
CHEMBL1981917,NC1=Nc2ccccc2Sc2cccc(F)c21,13.18,train,0.2216498061953655,0.9125501845567742,0.0011699637092036,0.4089647425700623,0.8222797187090857,702.8249784506644,1413.1260361230886,1718.546625887338,2.801449765715824,0.2224494864228216
CHEMBL2000014,NC1=Nc2ccccc2Sc2ccccc21,7.94,train,0.2084186639477156,0.9064153696971632,0.0013175422960422,0.4223874732715867,0.8287405351556433,629.0048810160084,1234.1318687108526,1489.165566734435,2.7215133910797347,0.2399632448852507
CHEMBL71,CN(C)CCCN1c2ccccc2Sc2ccc(Cl)cc21,14.45,train,0.1871316702973654,0.8763570311094193,0.0003463179210758,0.4816620745139523,0.6427204047235553,1855.86816508609,2476.434000707568,3853.0502260508174,3.582571105910144,0.2916971960413553
CHEMBL71,CN(C)CCCN1c2ccccc2Sc2ccc(Cl)cc21,150.0,train,0.1871316702973654,0.8763570311094193,0.0003463179210758,0.4816620745139523,0.6427204047235553,1855.86816508609,2476.434000707568,3853.0502260508174,3.582571105910144,0.2916971960413553
CHEMBL60066,O=C(Nc1ccc(F)cc1)c1ccc(Cl)[n+]([O-])c1,149.0,train,0.7760840162124695,0.9966985837821862,0.0026408221292287,0.0811907204462719,0.9315278127682616,352.7415960575563,4047.12023297447,4344.604828220285,4.049240222227676,0.0418554542687047
CHEMBL1630742,NCCCCCc1c[nH]c2ccc(F)cc12,74.13,train,0.5378468294859372,0.9820443357164512,0.0015251568591466,0.1886502655371409,0.8584673795320462,562.8715331040484,2561.389715838409,2983.6773963789187,3.723350818780317,0.1451603093457347
CHEMBL500,CC(C)NCC(O)COc1cccc2[nH]ccc12,7.59,train,0.5563041840083852,0.9836656377599496,0.0016222867248531,0.1800053140613123,0.9217669967438632,568.1899399301946,2909.573738090524,3156.517588901075,3.654860839178802,0.1698239896264689
CHEMBL500,CC(C)NCC(O)COc1cccc2[nH]ccc12,150.0,train,0.5563041840083852,0.9836656377599496,0.0016222867248531,0.1800053140613123,0.9217669967438632,568.1899399301946,2909.573738090524,3156.517588901075,3.654860839178802,0.1698239896264689
CHEMBL128,CNS(=O)(=O)Cc1ccc2[nH]cc(CCN(C)C)c2c1,8.0,train,0.3842258922729191,0.9603189184262192,0.0007534443642495,0.2789042396821827,0.8088003932533288,1073.4706258755537,3112.9805174112944,3848.886008684544,3.6878727553319104,0.2112668442790988
CHEMBL278390,O=C(O)c1cc2ccccc2[nH]1,10.96,train,0.6060768771161185,0.9878386433159094,0.0050080803830884,0.1554825223997327,0.8445174776007265,168.63097494451887,915.9344948068658,1084.565469750887,2.5941749257213926,4.464298044480158e-13
CHEMBL1738797,CCc1cc2c(cc1N1CCC(N3CCOCC3)CC1)C(C)(C)c1[nH]c3cc(C#N)ccc3c1C2=O,5.01,train,0.6735705081032963,0.9922837337709582,0.0004910215134437,0.123987869138743,0.9101879372555002,1853.662033811936,13607.62818688462,14950.349955104715,5.613046845100798,0.1164073504406926
CHEMBL1073,Cc1cnc(C(=O)NCCc2ccc(S(=O)(=O)NC(=O)NC3CCCCC3)cc2)cn1,4.27,train,0.5974582515071909,0.9872959902502536,0.0003737336562172,0.1588918740394595,0.8813942806400965,2358.348695595725,13082.072727878403,14842.475172833872,5.82958879592112,0.0824655024036599
CHEMBL2048865,N[C@@H]1CCCN(c2ccccc2/C=C2\SC(=O)NC2=O)C1,5.13,train,0.2188822058345959,0.9105596554916764,0.0005835995628833,0.413377689033745,0.7823397800024907,1340.5420938584402,2537.048889224589,3242.898998714487,3.42563792703018,0.2867735275344466
CHEMBL1201335,C[N+]1(C)CCC(OC(=O)C(O)(c2ccccc2)C2CCCC2)C1,91.0,train,0.3164272474099281,0.9448677366316458,0.0005848659110776,0.3274522259392821,0.7965677007689156,1361.9663681562952,3313.1502322052256,4159.28266863832,3.724446600198064,0.2190716482613279
CHEMBL1963231,CC(C(=O)O[C@@H]1CC[N+](C)(C)C1)(c1ccccc1)C1CCCC1,119.0,train,0.3071395763453172,0.9423762080834736,0.0006862954548007,0.3345550514313207,0.8695530109217502,1267.024289377245,3293.1644015697857,3787.192224288822,3.6315938794052927,0.3638989307350663
CHEMBL256668,C[C@H](CO)Nc1nc(SCc2cccc(F)c2F)nc2[nH]c(=O)cnc12,23.22,train,0.4277555357319949,0.9681130781696412,0.0004820806409025,0.2505136081671058,0.8446517811026539,1752.0964532433431,5907.508980144717,6994.017075809319,4.394539955355358,0.1223576877168288
CHEMBL256668,C[C@H](CO)Nc1nc(SCc2cccc(F)c2F)nc2[nH]c(=O)cnc12,42.0,train,0.4277555357319949,0.9681130781696412,0.0004820806409025,0.2505136081671058,0.8446517811026539,1752.0964532433431,5907.508980144717,6994.017075809319,4.394539955355358,0.1223576877168288
CHEMBL1916261,CCC(CC)NC(=O)c1nnn(-c2ccccc2)c1NS(=O)(=O)c1ccc(C)cc1,56.0,train,0.2371538651955292,0.9189754513354746,0.0003430953156899,0.3943147471789009,0.8048575901916353,2345.871696246285,4788.288172957729,5949.236524957969,3.9116677057694624,0.3042828461579747
CHEMBL2171277,Cc1ccc(NC(=O)[C@H]2CCCN2S(=O)(=O)c2cccc3cccnc23)c(C)c1,150.0,train,0.3484324485730428,0.9530206471267152,0.0004381011618699,0.3029053418977236,0.8395211439643432,1916.2723522144536,5311.0689537509625,6326.3075527452565,4.067994257269817,0.2560026293095759
CHEMBL2171278,Cc1ccc(NC(=O)[C@@H]2CCCN2S(=O)(=O)c2cccc3cccnc23)c(C)c1,150.0,train,0.4024297572918063,0.9638545631944828,0.0004922161698521,0.2664289417634136,0.8547659210324228,1736.5661133994224,5571.3073944933785,6517.933456874504,4.1086340468365465,0.1925085407452554
CHEMBL1643194,Cc1cc(CN2Cc3ccccc3C2C(=O)Nc2ccc(Cl)cc2Cl)ccc1OCC(=O)O,15.0,train,0.3932712521522064,0.9613735516877194,0.0003012596919918,0.2752469693118166,0.9208781660425546,3056.75863888042,10226.823919060278,11105.5124295212,5.012423091287635,0.3749580011531234
CHEMBL2216902,CC(C)c1nc2ccccc2n1-c1nc(N2CCOCC2)c2nc(OC3CN(C4CCS(=O)(=O)CC4)C3)n(C)c2n1,10.0,train,0.4880614299672329,0.9764993787058432,0.0001985077520862,0.2155202157272086,0.838870697203848,4225.883817572612,16448.43427976421,19607.830306375803,5.889247315876468,0.0975638037522808
CHEMBL1421,Cc1nc(Nc2ncc(C(=O)Nc3c(C)cccc3Cl)s2)cc(N2CCN(CCO)CC2)n1,28.18,train,0.8247195420587927,0.9980512913061448,0.000839788641148,0.0623988775711327,0.9638888178677344,1147.775488544327,17729.933644549506,18394.168825166747,6.179568695317602,0.0648677415343247
CHEMBL2035029,NC1(c2ccc(-c3ncc4cnccc4c3-c3ccccc3)cc2)CCC1,150.0,train,0.4743871507782679,0.9747998093026694,0.000642632841761,0.2230814465245359,0.8438331650325326,1313.087520893213,4966.915967160782,5886.135047760645,4.160329741299688,0.1727665707560082
CHEMBL2163360,N#CC1(NC(=O)[C@@H]2CCCC[C@H]2C(=O)N2CCc3[nH]c4ncccc4c3C2)CC1,3.0,train,0.3456271062298637,0.9506628579913547,0.0005051810679545,0.3102259344988891,0.937312078354031,1855.3982676926223,5605.873052730439,5980.796772164342,4.143487483687637,0.3552161392359401
CHEMBL521809,O=C(c1cccc(Cc2n[nH]c(=O)c3ccccc23)c1)N1CCN(c2ncccn2)CC1,100.0,train,0.6666784782657821,0.9916706638696362,0.0006845238865393,0.1287994348603862,0.973650380153156,1422.3760474969488,10752.352918841025,11043.340749427602,5.217334995365099,0.1982448485514046
CHEMBL1868114,COCCNc1nc(NCc2ccccc2F)c2sccc2n1,147.91,train,0.3588174415264102,0.9539591693487832,0.0004703615056348,0.2999364986382611,0.7537356313969795,1602.4602829256637,4026.95710133052,5342.665164796477,4.062528444027758,0.0899633740345823
CHEMBL1890087,CC(C)Nc1nc(NCc2ccccc2)c2sccc2n1,144.54,train,0.4326786653567679,0.9687070781639072,0.0010201028729098,0.2482067620254248,0.8892431695125433,871.7191110108071,3123.082783379217,3512.0683413190545,3.546534033456953,0.2097963868369804
CHEMBL1891338,COc1cccc(CNc2nc(NC(C)C)nc3ccsc23)c1OC,150.0,train,0.2795132229734688,0.9332574620319471,0.0005741022338839,0.3592081702323714,0.9009953513650772,1569.3987902985125,3936.4945780108687,4369.050930225974,3.711314332763421,0.4070732239372889
CHEMBL2057372,CC(C)(C)NS(=O)(=O)c1cncc(-c2ccc3nc(NC(=O)NCC(=O)N4CCOCC4)nn3c2)c1,5.0,train,0.8118148457928362,0.9976751284314028,0.0006644100275855,0.0681493808437315,0.997073941883247,1500.6906887100313,21956.17277830672,22020.60635225957,6.6345683705430245,0.1056522059150925
CHEMBL2057372,CC(C)(C)NS(=O)(=O)c1cncc(-c2ccc3nc(NC(=O)NCC(=O)N4CCOCC4)nn3c2)c1,3.39,train,0.8118148457928362,0.9976751284314028,0.0006644100275855,0.0681493808437315,0.997073941883247,1500.6906887100313,21956.17277830672,22020.60635225957,6.6345683705430245,0.1056522059150925
CHEMBL1916270,CCC(CC)NC(=O)c1cnn(-c2ccccc2)c1NS(=O)(=O)c1ccc(-c2cnco2)cc1,52.0,train,0.5023938907301603,0.9782546046548534,0.0004019367555432,0.20740763841184,0.8657073044419364,2153.83960909931,8990.000062057481,10384.572263546665,4.737711577589968,0.1437713041212497
CHEMBL1423878,Oc1ncnc2c1c(-c1ccccc1)cn2-c1ccc(Br)cc1,52.48,train,0.5834186013481056,0.9861125538032692,0.000726593462923,0.1660783888156269,0.850005055196681,1169.8495769245333,5987.401860632618,7043.960296503419,4.403295791863483,0.0780692179092757
CHEMBL20210,CCOC(=O)/C=C/[C@H](C[C@@H]1CCNC1=O)NC(=O)[C@@H](CC(=O)[C@@H](NC(=O)c1cc(C)on1)C(C)C)Cc1ccc(F)cc1,150.0,train,0.1681035344382157,0.8829625137239168,0.000142321452121,0.4694434996443576,0.8772880667378993,6164.130942058956,11519.42357573374,13130.719557792994,5.073019122830797,0.4348192351787225
CHEMBL20210,CCOC(=O)/C=C/[C@H](C[C@@H]1CCNC1=O)NC(=O)[C@@H](CC(=O)[C@@H](NC(=O)c1cc(C)on1)C(C)C)Cc1ccc(F)cc1,40.74,train,0.1681035344382157,0.8829625137239168,0.000142321452121,0.4694434996443576,0.8772880667378993,6164.130942058956,11519.42357573374,13130.719557792994,5.073019122830797,0.4348192351787225
CHEMBL2336326,C[C@H]1COCCN1c1nc(N2CCOC[C@@H]2C)c2ccc(-c3cccc(C(=O)NCCO)c3)nc2n1,10.0,train,0.4577456688181381,0.9723361707470494,0.0002572730145742,0.233585896528375,0.8094811556268647,3146.3896707797658,10903.6683490257,13469.947105293471,5.285314929599741,0.114675288190921
CHEMBL2336319,COc1ccc(-c2ccc3c(N4CCOC[C@@H]4C)nc(N4CCOC[C@@H]4C)nc3n2)cc1C(C)O,38.02,train,0.4440904163270289,0.9703782064053242,0.0002719590114086,0.2415908453016915,0.8085940304807074,2973.220215400816,9951.238485363376,12306.84139412628,5.128895283901375,0.1329995262656584
CHEMBL2336322,COc1ccc(-c2ccc3c(N4CCOC[C@@H]4C)nc(N4CCOC[C@@H]4C)nc3n2)cc1C(=O)N(C)C,4.27,train,0.4923061672500111,0.9770213593156856,0.0002815890156154,0.2131414165312089,0.8408866869495761,2986.219775340411,11781.25065628259,14010.50919122121,5.329415238462937,0.1187388522639028
CHEMBL1956112,CN1CCC[C@H]1CCN1CCCc2cc(NC(=N)c3cccs3)ccc21,40.74,train,0.6504843862088792,0.990946063054984,0.0007116291452776,0.1342605679856437,0.8910372260701014,1252.1089558838123,8309.779315901158,9325.962005595708,5.062068994082918,0.0762616854906005
CHEMBL87543,CC(C)N1CCC(N(C(=O)Cc2ccccc2)c2ccc(Cl)cc2)CC1,28.18,train,0.2145900158418212,0.8957473105566397,0.0002232143377367,0.4445635563454867,0.6534001849767751,2927.23214647342,4302.318529432721,6584.507669806744,4.315222344310816,0.2502890263725489
CHEMBL1519272,O=C(NS(=O)(=O)c1ccccc1Cl)c1ccc[nH]1,3.31,train,0.3716946147666242,0.9579166173779392,0.0011318680177584,0.2870466062353056,0.8667690633152066,765.786337025181,2312.376776539152,2667.811847938832,3.1765436580762705,0.1362630281754668
CHEMBL594671,CC(C)[C@H](C(=O)Nc1nccs1)c1ccc(Cl)cc1,12.02,train,0.3311292395494217,0.9485266208045322,0.0006671874133286,0.3166974101964447,0.7912639443597622,1185.969532027157,2963.1278930264016,3744.803379640869,3.65899603484109,0.3039513838045474
CHEMBL2177390,CC(C)NC[C@@H](C(=O)N1CCN(c2ncnc3c2[C@H](C)C[C@H]3O)CC1)c1ccc(Cl)cc1,3.0,train,0.3535310261621542,0.953343232147759,0.0002372960203567,0.3018885253169853,0.772312213308985,3254.6361803616683,8326.2365448681,10780.920463751563,4.940862087715963,0.1771977314298571
CHEMBL1549615,COc1cc2cc(-c3ccc(O)cc3O)nc(C)c2cc1OC,150.0,train,0.5793355579722469,0.985808936349698,0.0010036251960124,0.1678712036445704,0.8585079747228693,855.4069568339411,4374.625773400845,5095.614603711743,4.072192296180981,0.0662515091828149
CHEMBL513370,COc1ccc(N(C(=O)c2ccoc2Cl)C(C(=O)NC[C@@H](C)O)c2ccccc2F)c(OC)c1,33.0,train,0.1473041123980625,0.8639162657738638,0.0002785319411323,0.5036354690957964,0.9384886154767152,3369.411104742103,6278.656204136038,6690.178336310162,4.0792898212979125,0.446255123702033
CHEMBL23,COc1ccc([C@@H]2Sc3ccccc3N(CCN(C)C)C(=O)[C@@H]2OC(C)=O)cc1,9.33,train,0.3466670322079818,0.9502816793073976,0.0005123401777769,0.311391602283543,0.9547437526736304,1863.4957672385856,5713.580356238212,5984.41240410121,4.044476077263729,0.2759042166810315
CHEMBL23,COc1ccc([C@@H]2Sc3ccccc3N(CCN(C)C)C(=O)[C@@H]2OC(C)=O)cc1,150.0,train,0.3466670322079818,0.9502816793073976,0.0005123401777769,0.311391602283543,0.9547437526736304,1863.4957672385856,5713.580356238212,5984.41240410121,4.044476077263729,0.2759042166810315
CHEMBL2164678,N#CC1(NC(=O)[C@@H]2CCCC[C@H]2C(=O)N2CCc3[nH]c4ccc(F)cc4c3C2)CC1,41.41,train,0.340995567203301,0.9490230826188404,0.0004639967212353,0.3152065809221522,0.951119315906301,2049.840596661883,6185.2864248907445,6503.165608614434,4.247415874346001,0.3635766628309428
CHEMBL1077827,CCOc1ccc(-n2c([C@@H](C)N(CC3CCN(C)CC3)C(=O)Cc3ccc(F)c(C(F)(F)F)c3)nc3ncccc3c2=O)cc1,19.95,train,0.0775390573723271,0.7922701386548711,0.0001043285755236,0.6101704904334455,0.8898005848576149,8528.829042202437,12437.437058798743,13977.78026948473,5.284452201702626,0.6681736306839794
CHEMBL260091,C[C@@H](O)[C@H](NC(=O)c1ccc(C#Cc2ccc(CN3CCOCC3)cc2)cc1)C(=O)NO,38.9,train,0.7923533445683233,0.997179524172341,0.0007189075458522,0.0750532915428998,0.9656186156237884,1343.1749620585886,17280.984227882906,17896.28322018151,6.46049766454245,0.0990290235204497
CHEMBL260091,C[C@@H](O)[C@H](NC(=O)c1ccc(C#Cc2ccc(CN3CCOCC3)cc2)cc1)C(=O)NO,15.14,train,0.7923533445683233,0.997179524172341,0.0007189075458522,0.0750532915428998,0.9656186156237884,1343.1749620585886,17280.984227882906,17896.28322018151,6.46049766454245,0.0990290235204497
CHEMBL2031238,Cc1ccc(NC(=O)c2ccoc2)cc1-n1cnc2ccc(N3CCN(C)CC3)cc2c1=O,3.0,train,0.6913788187169692,0.9930893199521168,0.0005960468706184,0.1173609926553196,0.9661697935120236,1620.962781852359,13344.51286410435,13811.767821468624,5.69586068454896,0.1281465688189765
CHEMBL1689111,O=C(O)COc1ccc(Cl)cc1CN1CCN(S(=O)(=O)Cc2ccccc2)CC1,3.0,train,0.4947144312526411,0.9773347817951712,0.0004308432699141,0.2116996086283223,0.87631749947247,2033.9588910073064,8419.447635950244,9607.759334965496,4.780397050848501,0.141633046567142
CHEMBL1689137,C[C@H]1CN(Cc2cc(Cl)ccc2CC(=O)O)CCN1S(=O)(=O)Cc1ccccc1,8.7,train,0.5818934395735182,0.9860496302334408,0.0005103061667998,0.1664515746891416,0.8895404756976989,1743.1505507293468,9315.640137405331,10472.41850360855,4.96361255105486,0.155708589109179
CHEMBL1689111,O=C(O)COc1ccc(Cl)cc1CN1CCN(S(=O)(=O)Cc2ccccc2)CC1,9.0,train,0.4947144312526411,0.9773347817951712,0.0004308432699141,0.2116996086283223,0.87631749947247,2033.9588910073064,8419.447635950244,9607.759334965496,4.780397050848501,0.141633046567142
CHEMBL1689137,C[C@H]1CN(Cc2cc(Cl)ccc2CC(=O)O)CCN1S(=O)(=O)Cc1ccccc1,9.0,train,0.5818934395735182,0.9860496302334408,0.0005103061667998,0.1664515746891416,0.8895404756976989,1743.1505507293468,9315.640137405331,10472.41850360855,4.96361255105486,0.155708589109179
CHEMBL2171169,CC(C)N(CCCNC(=O)Nc1ccc(C(C)(C)C)cc1)C[C@H]1O[C@@H](n2cnc3c(N)ncnc32)[C@H](O)[C@@H]1O,26.92,train,0.7274300495429695,0.994799794635511,0.0004386580286202,0.1018497353611938,0.9700606656848232,2211.4280427875533,21062.5913920434,21712.653792816214,6.450022157599169,0.144379336622466
CHEMBL2325716,CS(=O)(=O)C1(c2cc(N3CCOCC3)nc(-c3cccc4[nH]ncc34)n2)CC1,3.0,train,0.1936241132295097,0.8651100077580741,0.0001928776192129,0.5015821712110837,0.5907765539131555,3062.960629251372,3607.6348586147874,6106.597891738797,3.999055116311192,0.2209579695321043
CHEMBL91428,COc1cc2ncnc(Nc3cc4ccccc4cn3)c2cc1OC,3.0,train,0.2900906984025291,0.9375727368442908,0.0005727652572223,0.3477892510218023,0.8565199905632543,1495.41191572434,3682.8343491964206,4299.76461702261,3.77604593232492,0.3372286680201664
CHEMBL1672434,C[C@H]1C[C@@H](NS(=O)(=O)c2cc(Br)ccc2Br)CN1C#N,39.0,train,0.2417917071028769,0.911878360629616,0.0002771266193802,0.4104605406314277,0.6708438087847494,2420.7122732737307,3956.336067961121,5897.551734327138,3.808480784399998,0.1968771782348403
CHEMBL521509,O=C(NC1CC1)c1cn(-c2cccc(C#Cc3cccnc3)c2)c2ncccc2c1=O,29.0,train,0.5738566090744748,0.9851680832686214,0.0005226333155594,0.1715920968717115,0.9351813582004768,1789.3642260431534,9752.081230626023,10428.010722317513,5.198688106626075,0.1901987675084856
CHEMBL1987793,Cc1ccccc1-c1c(C(=O)O)n(CCCOc2cccc3ccccc23)c2ccccc12,123.03,train,0.5702348500028356,0.984610899052908,0.000505167909307,0.1747609151561762,0.9604320825736604,1901.213566576701,10448.483309513183,10878.940321854394,5.164060481511581,0.2632762610702545
CHEMBL294099,O=c1cc(-c2ccc(Br)cc2)oc2ccccc12,3.0,train,0.7567230137195495,0.9960301769543268,0.0020623712351911,0.0890162153561482,0.9109837846860098,441.71668472750537,4520.488043690196,4962.204728208504,4.059325128255988,1.7863097584036402e-10
CHEMBL2111112,COc1ccc(CCO[C@@H]2CCCC[C@H]2N2CC[C@@H](O)C2)cc1OC,6.46,train,0.5551043210429738,0.9835905745240716,0.0007617720254426,0.1804150262794269,0.9157751951232356,1202.1643805981278,6102.109912438005,6663.327359087124,4.470337897176274,0.2136005420113711
CHEMBL1201016,COCC1=C(C(=O)OC(C)OC(=O)OC(C)C)N2C(=O)[C@@H](NC(=O)/C(=N\OC)c3csc(N)n3)[C@H]2SC1,114.82,train,0.3830585387871841,0.960171733376654,0.0002175559759225,0.2794105266887268,0.869101104337459,3994.839032354285,12425.870477447455,14297.381990925049,5.248292223837606,0.3023752995185016
CHEMBL1672,COCC1=C(C(=O)O)N2C(=O)[C@@H](NC(=O)/C(=N\OC)c3csc(N)n3)[C@H]2SC1,3.0,train,0.3175547548364497,0.9450665322630272,0.0003541541064309,0.3268780347413038,0.7910133101092641,2233.5285564832,5404.923637911539,6832.91111392923,4.114243132355617,0.2085210277417136
CHEMBL84,CC[C@@]1(O)C(=O)OCc2c1cc1n(c2=O)Cc2cc3c(CN(C)C)c(O)ccc3nc2-1,3.24,train,0.6514078090468521,0.9909925394885872,0.0007127203215051,0.133917088819764,0.913352029429295,1281.5013152710835,8740.197665097488,9569.363600756184,4.821025441344856,0.1123680064207171
CHEMBL837,CCc1c2c(nc3ccc(O)cc13)-c1cc3c(c(=O)n1C2)COC(=O)[C@]3(O)CC,23.99,train,0.5378459794656291,0.982027044074861,0.0006098643842134,0.1887402572468072,0.8519639683515005,1396.9728195396274,6305.864601306719,7401.5625490690545,4.386985049672379,0.1022883592939992
CHEMBL62136,O=S(=O)(c1ccccc1)N(CC(F)(F)F)c1ccc(C(O)(C(F)(F)F)C(F)(F)F)cc1,5.37,train,0.526853673594419,0.980457323480114,0.0005597946487668,0.196731890740192,0.9456677656090484,1689.3119069506336,8120.329705835505,8586.873742709928,4.371481185181699,0.2595777317215873
CHEMBL1536083,CCOC(=O)CN(c1ccccc1C)S(=O)(=O)c1ccc(Cl)cc1,150.0,train,0.3001519113562988,0.9405457724134842,0.0005181336246942,0.3396669692435845,0.8081985308831006,1559.8264470095871,3711.4278309519946,4592.222936728925,3.6615273592024384,0.3519255796127708
CHEMBL1164033,CN(C)CCOc1cc(NS(=O)(=O)c2c(Cl)cc(C(F)(F)F)cc2Cl)ccc1Cl,12.88,train,0.4219671348480565,0.9668191061984598,0.0003790172242016,0.2554619656418763,0.9025365500407898,2381.254709312678,8412.87431853671,9321.366894400557,4.522514377669583,0.1749733261435477
CHEMBL62136,O=S(=O)(c1ccccc1)N(CC(F)(F)F)c1ccc(C(O)(C(F)(F)F)C(F)(F)F)cc1,14.13,train,0.526853673594419,0.980457323480114,0.0005597946487668,0.196731890740192,0.9456677656090484,1689.3119069506336,8120.329705835505,8586.873742709928,4.371481185181699,0.2595777317215873
CHEMBL101,CCCCC1C(=O)N(c2ccccc2)N(c2ccccc2)C1=O,8.71,train,0.1868103782460569,0.8881937590449179,0.0004530731309282,0.4594690918806816,0.7088055289210053,1564.4395585076031,2413.401528694968,3404.885303827724,3.4597887541792764,0.2534895315582406
CHEMBL1643349,CC1(C)C(=O)Nc2ccccc21,3.0,train,0.2804812453952593,0.934078755044632,0.0027509310607311,0.3570670516503449,0.7807721597668537,283.8210564096555,620.6105496882315,794.8676728862258,2.29578932308477,0.3494448422616607
CHEMBL370492,CCc1nc2cc(O)ccc2c(Oc2ccc(/C=C/C(=O)O)cc2)c1-c1ccccc1,38.9,train,0.3136438147868063,0.9441906909354896,0.0003088269252531,0.3293993611875446,0.8006863543590406,2592.6701621070342,6302.124001300096,7870.902216567716,4.513709171227771,0.285031969159693
CHEMBL370492,CCc1nc2cc(O)ccc2c(Oc2ccc(/C=C/C(=O)O)cc2)c1-c1ccccc1,102.33,train,0.3136438147868063,0.9441906909354896,0.0003088269252531,0.3293993611875446,0.8006863543590406,2592.6701621070342,6302.124001300096,7870.902216567716,4.513709171227771,0.285031969159693
CHEMBL1231206,Cc1ccc(-c2ccc3c(ccc4sc5c(c43)NC[C@@H](C)NC5=O)n2)cn1,6.92,train,0.6632439696092307,0.991702082983448,0.0008878225973238,0.128557296978002,0.8928655216149614,1005.6801035548708,6984.722853903483,7822.816185431751,4.595017941574878,0.0648802656175646
CHEMBL2041980,CS(=O)(=O)c1ccc(-c2cnc(N)c(-c3ccc(C(F)(F)F)nc3)c2)cc1,4.79,train,0.6299279103399534,0.9896309474105548,0.000612076005258,0.1436335195115956,0.8988773045275831,1468.5713813411426,9190.511304429228,10224.433588585733,5.151991724315527,0.1197987879943455
CHEMBL454616,Cc1ccc(NC(=O)c2cccc(N(C)S(C)(=O)=O)c2)cc1NC(=O)c1ccc2ncccc2c1,3.0,train,0.590588928651249,0.9867563316443454,0.0003282471763166,0.1622095618630256,0.8890829793543586,2708.5776923689064,14845.920899395627,16698.01497063475,5.92063477968676,0.1203869091676229
CHEMBL454616,Cc1ccc(NC(=O)c2cccc(N(C)S(C)(=O)=O)c2)cc1NC(=O)c1ccc2ncccc2c1,72.44,train,0.590588928651249,0.9867563316443454,0.0003282471763166,0.1622095618630256,0.8890829793543586,2708.5776923689064,14845.920899395627,16698.01497063475,5.92063477968676,0.1203869091676229
CHEMBL345083,CC1CCC2C(C)C(=O)OC3OC4(C)CCC1C32OO4,18.2,train,0.160088053039896,0.8594735502537089,0.0006176074725139,0.5111802191148298,0.65912888339733,1067.2294503082112,1376.1130216041845,2087.775329327585,2.832725877992751,0.2529842222686408
CHEMBL1738764,Cc1ccc(CO)cc1N(c1ccnc(Nc2cc(N3CCOCC3)cc(S(C)(=O)=O)c2)n1)C(C)C,53.7,train,0.3725364018622176,0.9577208611454572,0.0002032347964363,0.2876990652171188,0.7883885701022875,3879.200727072711,10630.265732871178,13483.536083598956,5.230269936285123,0.1808369460026063
CHEMBL1807818,O=c1[nH]c2c(O)ccc([C@@H](O)CNCCCSCCOCCc3ccccc3)c2s1,113.0,train,0.6374040223286123,0.9899849339135418,0.0004536579475544,0.141173052046771,0.9466536216875004,2086.7123055833536,13992.711306162746,14781.236753966466,5.864799028266225,0.1520350037182789
CHEMBL1934419,Cc1ccc(S(=O)(=O)Nc2c(C(=O)N[C@@H](C)C(C)(C)C)c(C)nn2C2CCS(=O)(=O)CC2)cc1,4.0,train,0.3755209750656432,0.9587611610991996,0.0003183927327699,0.2842130116087489,0.8562246041044813,2689.2090050410447,8101.553488568694,9461.948943924644,4.452985842133347,0.25556947493026
CHEMBL564737,O=C(NCC1(O)CCCCCC1)c1cc(-c2ccccc2C(=O)O)ccc1Cl,12.5,train,0.5885563388622065,0.985917509488479,0.0007394565500824,0.1672323667357337,0.9869184580023695,1334.6537506393854,7876.432339378276,7980.83395392263,4.624806784757358,0.2013837693329435
CHEMBL1596896,Cc1cccc(NC(=O)Nc2cccc3ccccc23)c1,91.2,train,0.6721460641722848,0.9922061111841548,0.0015439212353274,0.1246075155390589,0.8978198208274596,581.5191865257726,4189.951541812453,4666.80668505498,4.13247543280741,0.0516426874698092
CHEMBL1921946,C[C@@](C(=O)O[C@H]1C[N+]2(CC(=O)Nc3ccccn3)CCC1CC2)(c1ccccc1)N1CCCCC1,64.0,train,0.2597125908044669,0.9275993574025488,0.0002507115004695,0.3735765412152886,0.8520442641858905,3398.5049053997336,7751.22710337613,9097.211763736545,4.603831251640038,0.3449391315405957
CHEMBL398338,CC(C)(C)c1ccc2c(c1)CC[C@H]2NC(=O)Nc1cccc2[nH]ncc12,20.42,train,0.6882643190487533,0.9930629692459532,0.0009459011394994,0.1175837536074215,0.9146186193297674,966.9283407500266,7521.197757985105,8223.315816046517,4.8969055733162445,0.085219413591749
CHEMBL1865796,Cc1ccccc1Nc1nc(N)nc(C)c1Br,150.0,train,0.237336690033718,0.9190855321640956,0.0008735883873703,0.3940580979584624,0.8073445443485604,924.170417121471,1893.4363947267536,2345.2643706839585,2.9673745298495926,0.3975747702486537
CHEMBL1082152,Cn1cc(C2=C(c3cccc(NCC(O)CO)c3)C(=O)NC2=O)c2cc(F)ccc21,41.0,train,0.3341043189742205,0.9496519759380478,0.0003843493333334,0.313306757981633,0.8413603352408485,2189.0511112475488,5878.522342395693,6986.925929557759,4.287806965428442,0.2514023259335946
CHEMBL560219,O=C(Cc1ccc(Cl)c(C(F)(F)F)c1)Nc1cccc2c(=O)n(CCO)ccc12,32.0,train,0.6954337795157358,0.9933425186853372,0.0007842530462038,0.115198266357922,0.9553420247169538,1218.1553254287364,10102.191741315204,10574.424111938606,5.076447352228767,0.1251962567792891
CHEMBL550436,C[C@H](CO)n1ccc2c(NC(=O)Cc3ccc(Cl)c(C(F)(F)F)c3)cccc2c1=O,29.0,train,0.7317752799051981,0.9949339854356852,0.0007509064056257,0.1005304164174392,0.9842832056930808,1310.7934601688253,12833.847057980396,13038.774799518676,5.56528453086885,0.1483948767661773
CHEMBL560219,O=C(Cc1ccc(Cl)c(C(F)(F)F)c1)Nc1cccc2c(=O)n(CCO)ccc12,11.0,train,0.6954337795157358,0.9933425186853372,0.0007842530462038,0.115198266357922,0.9553420247169538,1218.1553254287364,10102.191741315204,10574.424111938606,5.076447352228767,0.1251962567792891
CHEMBL2152523,c1ccc([C@H]([C@@H](c2ccccc2)N2CCCCC2)N2CCCCC2)cc1,12.02,train,0.033515522140146,0.6750149292037472,0.0003189760608298,0.7378040697584015,0.8140883585911719,2552.192651929239,2816.07328012962,3459.173995563579,3.558605226662612,0.7021383697474238
CHEMBL553,C#Cc1cccc(Nc2ncnc3cc(OCCOC)c(OCCOC)cc23)c1,7.41,train,0.4049961131360142,0.963809165574343,0.0003250449495463,0.2665931213570385,0.787435498523986,2422.543403990859,7155.460963536117,9087.043925437349,4.870332925701485,0.1033684027036544
CHEMBL31815,C=CC(=O)Nc1ccc2ncnc(Nc3cccc(C)c3)c2c1,15.49,train,0.526502578784504,0.9808287056268812,0.0007959477146091,0.1948718815486138,0.8397638025570824,1055.048952517472,4546.535463244422,5414.064585065721,4.25403690605839,0.0829123829100675
CHEMBL31815,C=CC(=O)Nc1ccc2ncnc(Nc3cccc(C)c3)c2c1,150.0,train,0.526502578784504,0.9808287056268812,0.0007959477146091,0.1948718815486138,0.8397638025570824,1055.048952517472,4546.535463244422,5414.064585065721,4.25403690605839,0.0829123829100675
CHEMBL553,C#Cc1cccc(Nc2ncnc3cc(OCCOC)c(OCCOC)cc23)c1,9.77,train,0.4049961131360142,0.963809165574343,0.0003250449495463,0.2665931213570385,0.787435498523986,2422.543403990859,7155.460963536117,9087.043925437349,4.870332925701485,0.1033684027036544
CHEMBL1761322,CCS(=O)(=O)CCCC12CCC(c3nnc(-c4ccccc4C(F)(F)F)n3C)(CC1)CC2,3.0,train,0.7373479904985062,0.9951712249649746,0.0007522098615297,0.0981541288062411,0.9841551423088648,1308.3518212688878,13118.359752270251,13329.564809765754,5.436433063463524,0.160378366662944
CHEMBL1689117,O=C(O)COc1ccc(Cl)cc1CN1CCN(S(=O)(=O)c2ccc(F)cc2)CC1,3.0,train,0.4545098168710582,0.9721184263468708,0.0003617325269228,0.2344904372397385,0.8461816038773801,2339.2466557420744,8441.399616637234,9975.872292610697,4.840735790406218,0.2422068766380066
CHEMBL1689109,O=C(O)COc1ccc(Cl)cc1CN1CCN(S(=O)(=O)c2ccccc2)CC1,3.0,train,0.3665383539983423,0.9568470586997994,0.0003562259550776,0.2905919927622621,0.8145875694559251,2286.7159392648923,6410.1228712308,7869.163625357325,4.415170006236602,0.2710135889756767
CHEMBL1689124,CCC[C@H]1CN(Cc2cc(Cl)ccc2OCC(=O)O)CCN1S(=O)(=O)c1ccccc1,10.0,train,0.3596827543978195,0.9547217656001116,0.0003380849859922,0.2975001685535749,0.908449597496198,2687.04507782263,8205.18869374192,9032.07917792738,4.618748173794188,0.3290224430732004
CHEMBL1689122,CC1CN(S(=O)(=O)c2ccccc2)CCN1Cc1cc(Cl)ccc1OCC(=O)O,7.0,train,0.4311744600127844,0.968614149571228,0.0004044068251532,0.2485691639170207,0.8685508048115772,2147.71549536136,7504.551218690693,8640.313470573232,4.564816973936373,0.1951831167317243
CHEMBL1689120,C[C@@H]1CN(Cc2cc(Cl)ccc2OCC(=O)O)CCN1S(=O)(=O)c1ccccc1,7.48,train,0.4164745004396361,0.9662018567034708,0.0003855917304833,0.2577866794517623,0.8724607401097255,2262.654178335341,7657.792649492615,8777.234662191824,4.615085637560241,0.2655598291534811
CHEMBL272551,O=S(=O)(c1ccccc1)N1CCN(Cc2ccccc2)CC1,150.0,train,0.4475163691269725,0.97073802011202,0.000903339538738,0.2401409925626933,0.911306550439206,1008.8195095636592,3828.3502431856487,4200.946697179525,3.779095681888665,0.3109004698767497
CHEMBL1689110,O=C(O)COc1ccc(C(F)(F)F)cc1CN1CCN(S(=O)(=O)c2ccccc2)CC1,3.0,train,0.4460713744346702,0.970792162147021,0.0003135049654926,0.2399220246536613,0.8217863150016923,2621.286440265169,8978.489271333112,10925.576524494232,4.956453314767449,0.1454734173491565
CHEMBL1689119,C[C@H]1CN(Cc2cc(Cl)ccc2OCC(=O)O)CCN1S(=O)(=O)c1ccccc1,3.0,train,0.3109507889379435,0.941493175431269,0.0002880171135907,0.3370320468684629,0.7366650329246418,2557.712712763522,5590.499589776616,7588.930300630278,4.233980228083081,0.1802388915731376
CHEMBL1689134,C[C@H]1CN(Cc2cc(Cl)ccc2OC(C)(C)C(=O)O)CCN1S(=O)(=O)c1ccccc1,17.0,train,0.2851798799102688,0.9361655662356532,0.0002696482699859,0.3515594296768032,0.8179364512976338,3033.3458150514766,7057.367551775391,8628.259005426486,4.4768609796241785,0.2946168605515487
CHEMBL1689123,CC[C@H]1CN(Cc2cc(Cl)ccc2OCC(=O)O)CCN1S(=O)(=O)c1ccccc1,4.0,train,0.2270975579485147,0.9118559719031348,0.0002266967161898,0.4105102757600464,0.7358929879971291,3246.156364174276,5819.1569064021,7907.612929211389,4.328460290060889,0.3697666228741428
CHEMBL255536,COc1ccc(CC(=O)NC(N/C(=N/C#N)Nc2ccccc2C)C(C)(C)C)cc1OC,26.0,train,0.2202858625370976,0.910483841310118,0.0002455987709632,0.4135446465778173,0.7647218040845613,3113.703709042147,5757.823580761653,7529.304840018613,4.3291942952902245,0.2444372047735723
CHEMBL1807820,O=c1[nH]c2c(O)ccc([C@@H](O)CNCCCSCCOCCc3cccc4ccccc34)c2s1,14.78,train,0.7335625870912719,0.994965366475157,0.0004670506839732,0.1002193569873442,0.9945318489776208,2129.3874157663804,21131.08352969424,21247.266793332965,6.680302693744239,0.1568581950940263
CHEMBL1807820,O=c1[nH]c2c(O)ccc([C@@H](O)CNCCCSCCOCCc3cccc4ccccc34)c2s1,85.0,train,0.7335625870912719,0.994965366475157,0.0004670506839732,0.1002193569873442,0.9945318489776208,2129.3874157663804,21131.08352969424,21247.266793332965,6.680302693744239,0.1568581950940263
CHEMBL403313,CN(C)S(=O)(=O)NC(=O)CCCc1c(-c2ccc(F)cc2)[nH]c2ccc(C#N)cc12,44.0,train,0.2998414696929191,0.9358804523400704,0.0002007576970309,0.352317724401917,0.6979153942680308,3476.4066563299725,6886.504862357523,9867.248836916751,4.858641172659239,0.1311796482314816
CHEMBL403313,CN(C)S(=O)(=O)NC(=O)CCCc1c(-c2ccc(F)cc2)[nH]c2ccc(C#N)cc12,3.0,train,0.2998414696929191,0.9358804523400704,0.0002007576970309,0.352317724401917,0.6979153942680308,3476.4066563299725,6886.504862357523,9867.248836916751,4.858641172659239,0.1311796482314816
CHEMBL257830,N#Cc1ccc2[nH]c(-c3ccc(F)cc3)c(CCCC(=O)NS(N)(=O)=O)c2c1,19.6,train,0.2612040609102335,0.9189408586325202,0.0001914820602127,0.3943953579033692,0.6624849772715322,3459.775691444013,5811.552733519905,8772.353989753836,4.746588409898218,0.2008414465971105
CHEMBL257178,N#Cc1ccc2[nH]c(-c3ccc(F)cc3)c(CCCC(=O)NS(=O)(=O)C(F)(F)F)c2c1,9.8,train,0.2248034569141831,0.9063547606595322,0.0001748660941796,0.4225175118617003,0.6891351250044928,3940.930505923713,6427.74218958932,9327.259569808482,4.660412662947604,0.2863719219772392
CHEMBL440405,CS(=O)(=O)NC(=O)CCCc1c(-c2ccc(F)cc2)[nH]c2ccc(C#N)cc12,14.3,train,0.2218731784648434,0.8924119289534509,0.000168229912422,0.4512216185662883,0.6178898294636787,3672.889206015204,5029.548212593719,8139.878620367177,4.591518373083316,0.1876157700551723
CHEMBL511444,CN[C@@H](C)C(=O)N[C@H](C(=O)N1CC[C@H]2CC[C@H](NC(=O)c3cccc4ccccc34)[C@H]21)C(C)(C)C,12.02,train,0.1809530030276005,0.8916923195417756,0.0002448497089687,0.4526420299422138,0.8461339727715013,3455.7279089089216,6459.870252781761,7634.571428000388,4.281762034203852,0.5067891927598033
CHEMBL2177601,Cc1c(C(=O)NC2C3CC4CC(C3)CC2C4)cnn1-c1ccc(C(=O)O)cc1,3.0,train,0.6655593794838073,0.991816303282698,0.000834259709979,0.1276731003095144,0.9229592350356528,1106.3212378538626,7997.686285661567,8665.264924027362,4.838790553145731,0.1452229837623561
CHEMBL2177621,CSc1c(C(=O)NC2C3CC4CC(C3)CC2C4)cnn1-c1ccc(C(=O)O)cc1,12.3,train,0.7475951916779427,0.995656943531976,0.0010339432320988,0.0930980708530739,0.960384225713072,928.8558558128155,9581.922629650162,9977.176189598196,4.989248522543713,0.1325157060275468
CHEMBL296035,CCc1cccc2cc(C(O)CNC(C)(C)C)oc12,150.0,train,0.5358387988666102,0.981849832394008,0.0013201919189944,0.1896599763467724,0.8613891520587952,652.4726743630359,2963.371052432773,3440.223324556686,3.674029481079764,0.1341496475432825
CHEMBL296035,CCc1cccc2cc(C(O)CNC(C)(C)C)oc12,8.71,train,0.5358387988666102,0.981849832394008,0.0013201919189944,0.1896599763467724,0.8613891520587952,652.4726743630359,2963.371052432773,3440.223324556686,3.674029481079764,0.1341496475432825
CHEMBL2062571,CC(=O)Nc1ccc2ccn(-c3cc(NC4COC4)n4ncc(C#N)c4n3)c2c1,21.88,train,0.2243107072749907,0.902097876209778,0.0002445607118302,0.4315314840632235,0.6604777554655039,2700.669909416871,4133.4930726944285,6258.33805679216,4.110690893684405,0.1688306349969921
CHEMBL1231533,O=C1NC(=O)/C(=C/c2ccc3c(c2)OC(F)(F)O3)S1,4.17,train,0.6613288412050997,0.9914489886048324,0.0018952669384581,0.1304948389571598,0.9565463791290458,504.70272008608106,3699.545233305436,3867.606750729582,3.761632404919095,0.1937363630138252
CHEMBL399539,COC(=O)C1=C(C)NC(C)=C(C(=O)OC(C)C)[C@@H]1c1cccc2nonc12,125.89,train,0.1384626520942964,0.8455807939332832,0.0003155822117501,0.5338474697244134,0.6826927276848404,2163.280128809453,2766.437410756543,4052.243855208674,3.477392693386008,0.2614587623581922
CHEMBL399539,COC(=O)C1=C(C)NC(C)=C(C(=O)OC(C)C)[C@@H]1c1cccc2nonc12,150.0,train,0.1384626520942964,0.8455807939332832,0.0003155822117501,0.5338474697244134,0.6826927276848404,2163.280128809453,2766.437410756543,4052.243855208674,3.477392693386008,0.2614587623581922
CHEMBL2325014,Nc1[nH]ncc1-c1cc(Cl)ccc1Oc1cc(F)c(S(=O)(=O)Nc2cscn2)cc1Cl,5.62,train,0.4234840844408767,0.967424456454403,0.0003332522414044,0.2531598725191314,0.8569114902769149,2571.3600204628565,8703.701440704395,10157.060022490485,4.627799720130074,0.1779636762814416
CHEMBL213100,COc1ccc(N(C(=O)Oc2c(C)cccc2C)c2ccnc(Nc3ccc(N4CCN(C)CC4)cc3)n2)c(OC)c1,35.48,train,0.4544308216380114,0.9721137907294504,0.0001872215918678,0.2345096541160265,0.8507977956340663,4544.335870375525,16486.78795638583,19378.03323067953,5.960623408502769,0.1721388159508184
CHEMBL1945034,O=c1[nH]c2c(O)ccc([C@@H](O)CNCCc3ccc(CNCCc4ccccn4)cc3)c2s1,3.0,train,0.7850028995046305,0.996933860559968,0.0007127053518067,0.0782488189623216,0.9772664944097388,1371.2068976784994,17125.300749267204,17523.67532011905,6.226192775722403,0.1263660294188258
CHEMBL300138,Cn1cc(C2=C(c3cn(C4CCN(Cc5ccccn5)CC4)c4ccccc34)C(=O)NC2=O)c2ccccc21,6.0,train,0.555913473332412,0.983385680789744,0.0003713575585063,0.1815285179185126,0.9497156898141388,2557.4158060333148,13379.814611050791,14088.231619790602,5.395929140644463,0.2295376816003023
CHEMBL1916542,COc1ccc2ncc(=O)n(CCN3CCC(NCc4cc5c(cn4)OCCO5)CC3)c2c1,150.0,train,0.5113941054367246,0.97826465599696,0.0003896388761382,0.2073602247952803,0.9740033359458302,2499.759124652197,11741.758714218391,12055.152462918688,5.396268124921424,0.3053574584684977
CHEMBL376408,CN(C)CC[C@H](CSc1ccccc1)Nc1ccc(S(=O)(=O)NC(=O)c2ccc(N3CCN(Cc4ccccc4-c4ccc(Cl)cc4)CC3)cc2)cc1[N+](=O)[O-],9.55,train,0.6824465823298876,0.99266676572249,0.0001395989351517,0.1208829691480616,0.9537914515599988,6832.3691045603255,53908.79535603113,56520.52685926172,8.48982454859661,0.1046443853003457
CHEMBL1684984,CS(=O)(=O)N1CCc2c(-c3cnc(N)nc3)nc(N3CCOCC3)nc21,3.0,train,0.2317239832488636,0.9001374791415311,0.0002550276556168,0.4356059212691325,0.6286522740294364,2465.035693909153,3557.4592053864453,5658.866359592408,3.93381127914622,0.1176504376624415
CHEMBL1684984,CS(=O)(=O)N1CCc2c(-c3cnc(N)nc3)nc(N3CCOCC3)nc21,5.37,train,0.2317239832488636,0.9001374791415311,0.0002550276556168,0.4356059212691325,0.6286522740294364,2465.035693909153,3557.4592053864453,5658.866359592408,3.93381127914622,0.1176504376624415
CHEMBL232846,C[C@H](CO)Nc1nc(SCc2ccccc2F)nc2nc(N)sc12,5.75,train,0.1313283789785127,0.8556417182791696,0.0004069584325975,0.5175685944300236,0.7987115012974653,1962.6365675714696,3028.7394101116643,3792.03179770372,3.4665478094062725,0.3876857065635934
CHEMBL389792,CC(CO)(CO)Nc1nc(SCc2cccc(F)c2F)nc2nc(N)sc12,4.92,train,0.1716875695965639,0.8837694070475619,0.0002838985359895,0.4679226807569823,0.7597054146415275,2675.97510495656,4344.633975409393,5718.840344792646,3.924964235139384,0.3206856766022857
CHEMBL380947,CC(C)(CO)Nc1nc(SCc2cccc(F)c2F)nc2nc(N)sc12,5.88,train,0.4309927318729121,0.9686112646294454,0.0004442226217495,0.2485804055691968,0.8394051916532688,1889.6047849775864,6380.808909902243,7601.583804044363,4.46833103311211,0.1466756898338741
CHEMBL389792,CC(CO)(CO)Nc1nc(SCc2cccc(F)c2F)nc2nc(N)sc12,7.0,train,0.1716875695965639,0.8837694070475619,0.0002838985359895,0.4679226807569823,0.7597054146415275,2675.97510495656,4344.633975409393,5718.840344792646,3.924964235139384,0.3206856766022857
CHEMBL397237,C[C@H](CO)Nc1nc(SCc2cccc(F)c2F)nc2nc(N)sc12,7.59,train,0.0764347618206496,0.7805267256058043,0.000293281115236,0.6251224125042083,0.7572701912763513,2582.0625738787467,3127.89780064957,4130.491120187383,3.582108282739377,0.336381890974329
CHEMBL2349316,CC(C)C[C@H](CO)Nc1nc(S[C@@H](C)c2ccccc2F)nc2nc(N)sc12,30.9,train,0.216246653857936,0.9101139597953798,0.0003259257494133,0.4143580338132396,0.8272604797502054,2538.1869374827684,5067.457542150853,6125.588815364409,4.035584743404723,0.392355980930395
CHEMBL380732,CC[C@H](CO)Nc1nc(SCc2cccc(F)c2F)nc2nc(N)sc12,5.16,train,0.1379607506106477,0.8614180891554623,0.0003403236575265,0.5078965206375726,0.8005570126330185,2352.340176558268,3707.80729523037,4631.534340115833,3.6673516889645543,0.4428630527587213
CHEMBL2349335,CC(C)C[C@H](CO)Nc1nc(SCc2ccccc2)nc2nc(N)sc12,20.42,train,0.0601213026949573,0.7509179230298264,0.0003032510755288,0.6603955427412966,0.7771937671464536,2562.8722529380634,3016.1444347548227,3880.813977483254,3.484536989329292,0.5497575308389687
CHEMBL397237,C[C@H](CO)Nc1nc(SCc2cccc(F)c2F)nc2nc(N)sc12,17.16,train,0.0764347618206496,0.7805267256058043,0.000293281115236,0.6251224125042083,0.7572701912763513,2582.0625738787467,3127.89780064957,4130.491120187383,3.582108282739377,0.336381890974329
CHEMBL232846,C[C@H](CO)Nc1nc(SCc2ccccc2F)nc2nc(N)sc12,19.0,train,0.1313283789785127,0.8556417182791696,0.0004069584325975,0.5175685944300236,0.7987115012974653,1962.6365675714696,3028.7394101116643,3792.03179770372,3.4665478094062725,0.3876857065635934
CHEMBL1645495,O=c1cc(-c2cccnc2)[nH]c2cc(Cc3ccccc3)ccc12,50.0,train,0.4015672154767615,0.9636541922239042,0.0005981192567854,0.2671527611859822,0.8254488193666705,1380.073973546585,4264.153688868825,5165.8607884865805,4.159715005142837,0.2070441008436997
CHEMBL1645496,O=c1cc(-c2cccnc2)[nH]c2cc(C(O)c3ccccc3)ccc12,46.0,train,0.5669662956612416,0.9845903405173136,0.000894932486192,0.1748767033083603,0.9301925766318434,1039.399721189961,5528.706148464359,5943.614566871071,4.364767554723091,0.2064710258767258
CHEMBL1896341,Cc1ccc(CNC(=O)C2CCCN2S(=O)(=O)c2ccc(F)cc2)cc1,150.0,train,0.2838561890226919,0.935728568909032,0.0004140598004711,0.3527209170540571,0.8145946149087312,1967.335669828015,4543.4817298180105,5577.598533875738,4.006953644964265,0.3178803766357712
CHEMBL556680,O=C(CC12CC3CC(CC(C3)C1)C2)Nc1cccc2c(=O)n(C[C@H]3CCCN3)ccc12,43.0,train,0.6798053566971267,0.9925415152653396,0.0007337769882734,0.1219070977211074,0.948964780699022,1293.2604808606875,10067.163205003291,10608.574111241163,5.116682022468667,0.150882134272176
CHEMBL1962788,O=c1c2c3n(c(=O)cc2[nH]n1-c1ccccc1Cl)CCCN(Cc1ccccc1)C3,3.0,train,0.2726325838727247,0.926853314708289,0.0002591707976474,0.3754236713557862,0.696707888650906,2688.219100975672,4988.772943666783,7160.494412266471,4.198321635842307,0.1581232777041435
CHEMBL1235773,COc1ccc2ncc(C#N)c(CCN3CCC(NCc4cc5c(cn4)OCS5)CC3)c2c1,72.44,train,0.7202456453285817,0.9945440811126496,0.0005870494045043,0.1043171640900736,0.948815973961808,1616.2455266654488,14700.548916574857,15493.572325929865,5.870034776416767,0.1178189336179149
CHEMBL1916263,CCC(CC)NC(=O)c1cn(-c2ccccc2)nc1NS(=O)(=O)c1ccc(C)cc1,7.0,train,0.179501151859279,0.8885162568121243,0.0002358723418998,0.458845138778402,0.7574231908070134,3211.157292569166,5300.709971988119,6998.346546981694,4.263958744159877,0.2909903765073799
CHEMBL2335890,COCCN(C)c1ccc(Nc2ncc3cc(-c4ccncc4)ccc3n2)cc1,40.74,train,0.8398320571039223,0.9983937282037988,0.001310763072499,0.0566565396341793,0.9655441911397584,736.6275503160798,12553.65147313242,13001.633263738762,5.839830396713359,0.0562960417945411
CHEMBL1458025,Cc1sc2ncnc(SCC(=O)N3CCN(C(=O)c4ccco4)CC3)c2c1C,102.33,train,0.7007409304458757,0.9936402487664155,0.0009123726160804,0.1126013145190404,0.9448452299577972,1035.5913946835349,8689.71728821713,9196.974290281669,4.765952044081877,0.0961353036132526
CHEMBL1094168,CS(=O)(=O)c1ccc([C@H](CC2CCCC2)C(=O)Nc2nccs2)cc1,35.48,train,0.2200720935877347,0.9039818050664152,0.0002600534156549,0.4275709252379835,0.6886353596188026,2648.0535081015423,4264.890740235351,6193.249708519472,4.160825050789726,0.2339603053349188
CHEMBL1096435,CS(=O)(=O)c1ccc([C@@H](CC2CCCC2)C(=O)Nc2nccs2)cc1,20.89,train,0.2173012610691271,0.8913888535671801,0.0002191432181596,0.4532393536931544,0.6247708695286023,2850.970587981014,3929.939796135296,6290.209719765722,4.15525387072814,0.1723898279053148
CHEMBL1800657,CCCN(CCNCCc1ccc(O)c2[nH]c(=O)sc12)C(=O)CCOCCc1ccccc1,107.0,train,0.6922371611999545,0.9932357067177806,0.0003964946365705,0.1161155928410598,0.9360985580658844,2360.9362440880004,19033.35253863299,20332.63738591657,6.651134198914611,0.1048129716060723
CHEMBL1800658,CC(C)N(CCNCCc1ccc(O)c2[nH]c(=O)sc12)C(=O)CCOCCc1ccccc1,99.0,train,0.5590111537115975,0.9840243085989724,0.0002868774683567,0.1780341542691013,0.9012517624944966,3141.5913130328604,15903.491773991944,17646.003520674454,6.236885924921243,0.1365538601130462
CHEMBL1800659,CCCCN(CCNCCc1ccc(O)c2[nH]c(=O)sc12)C(=O)CCOCCc1ccccc1,25.92,train,0.283768815616135,0.935480044412695,0.0002084627572529,0.353379521910399,0.8661447881962826,4154.913806236635,10183.829892636282,11757.653029170522,5.183386325570043,0.3697843485079665
CHEMBL1800660,CCCCN(CCNC[C@H](O)c1ccc(O)c2[nH]c(=O)sc12)C(=O)CCOCCc1ccccc1,150.0,train,0.653606598106997,0.9909898770567817,0.0003793310072566,0.1339367894604939,0.9540398043510244,2515.0588433324588,17914.915360368257,18777.95379046547,6.251323484091808,0.1604270144356686
CHEMBL1800656,CCN(CCNCCc1ccc(O)c2[nH]c(=O)sc12)C(=O)CCOCCc1ccccc1,135.0,train,0.4269416667284387,0.9676747820629478,0.0002358291465043,0.2522013405186944,0.8013886900667491,3398.174915805248,10797.955866507344,13474.05572395583,5.498572246009234,0.1165676155612942
CHEMBL1800659,CCCCN(CCNCCc1ccc(O)c2[nH]c(=O)sc12)C(=O)CCOCCc1ccccc1,150.0,train,0.283768815616135,0.935480044412695,0.0002084627572529,0.353379521910399,0.8661447881962826,4154.913806236635,10183.829892636282,11757.653029170522,5.183386325570043,0.3697843485079665
CHEMBL1800472,CN(CCNC[C@H](O)c1ccc(O)c2[nH]c(=O)sc12)C(=O)CCOCCc1ccccc1,43.0,train,0.8060389900515441,0.9975749534465504,0.0007418792213078,0.0696003754020984,0.9614046421756092,1295.9045280723178,17900.602143412507,18619.217505445333,6.41425649372853,0.0765993915874147
CHEMBL1173055,CNCc1ccc(-c2[nH]c3cc(F)cc4c3c2CCNC4=O)cc1,12.02,train,0.5992497321093968,0.9874323293297368,0.0009596335384437,0.1580423835382463,0.8793796570184244,916.3702828107996,5098.868841123396,5798.256532805565,4.273893346668867,0.1043835247971271
CHEMBL2048873,N[C@@H]1CCCN(c2c(/C=C3\SC(=O)NC3=O)cccc2-c2ccncc2)C1,8.91,train,0.3111899475198064,0.9437539370827496,0.0004855393919945,0.3306486144546948,0.8418452302893232,1733.835079438402,4414.416779398071,5243.739134663667,3.8692153072054234,0.3225541376239041
CHEMBL459353,COc1ccc(N(C(=O)c2occc2CO)C(C(=O)NC[C@@H](C)O)c2ccccc2F)c(OC)c1,8.0,train,0.0382847172485555,0.6829357172967214,0.0001818422405916,0.7304784774655669,0.7867244288605789,4326.411873836759,4659.540308797522,5922.709576396378,3.9143954338443,0.6367209333689119
CHEMBL469727,COCc1ccoc1C(=O)N(c1ccc(OC)cc1OC)C(C(=O)NC[C@@H](C)O)c1ccccc1F,34.5,train,0.0532818312078735,0.7451785564333961,0.0001808380761409,0.6668649931071805,0.832859722236785,4605.555091105524,5751.960852003907,6906.278090332005,4.152800858907024,0.6462161373073178
CHEMBL469728,COc1ccc(N(C(=O)c2occc2Cl)C(C(=O)NC[C@@H](C)O)c2ccccc2F)c(OC)c1,59.0,train,0.0481881821377997,0.7259995211323991,0.0002026281655817,0.6876952052439563,0.8035997935891598,3965.883969200284,4634.296581895376,5766.921070495769,3.825308212585089,0.5683166230411959
CHEMBL513412,COc1ccc(N(C(=O)c2occc2C)C(C(=O)NC[C@@H](C)O)c2ccccc2F)c(OC)c1,87.0,train,0.088371653557729,0.7989078878189364,0.0002850755651527,0.6014533953521966,0.9621928174171612,3375.220239944533,5399.6081777440695,5611.773523978672,3.9100803911545694,0.7274426843294075
CHEMBL24850,O=C(O)c1cc2cc(OCc3ccccc3)ccc2[nH]1,25.7,train,0.7980227823598816,0.9973486051160808,0.0026419256586393,0.0727719717542969,0.9632805332345762,364.61303522472485,4826.372441596122,5010.3498151154,4.368446608717508,0.1143492899332489
CHEMBL1689125,C[C@H]1CN(Cc2cc(Cl)ccc2OCC(=O)O)C[C@@H](C)N1C(=O)Cc1ccccc1,20.0,train,0.5153439525926673,0.9796779655788536,0.0004454956238005,0.2005768774292758,0.8856240556591458,1987.952312760908,8777.574026722401,9911.173901198395,4.898027797224964,0.2078023130526222
CHEMBL1689133,C[C@H](Oc1ccc(Cl)cc1CN1CCN(C(=O)Cc2ccc(Cl)cc2)[C@@H](C)C1)C(=O)O,4.7,train,0.0508187682177113,0.7408711464929045,0.0002141264571278,0.6716471873642362,0.87490353489185,4085.919818724843,5322.415934942962,6083.431741535808,4.079745100336657,0.6084854638914627
CHEMBL1689130,C[C@H]1CN(Cc2cc(Cl)ccc2OCC(=O)O)CCN1C(=O)Cc1cccc(Cl)c1,12.0,train,0.5112436480541164,0.9792519214917152,0.0003534888251303,0.2026466734362629,0.8575072894244221,2425.839880817001,10265.035914499298,11970.785602754955,5.226842865328979,0.1716494017108986
CHEMBL1689128,C[C@H]1CN(Cc2cc(Cl)ccc2OCC(=O)O)CCN1C(=O)Cc1ccc(Cl)cc1,3.0,train,0.6106008602961411,0.9881430195677898,0.0004667623255651,0.1535362266028785,0.936889206892774,2007.208284769587,12248.130747998508,13073.190146591469,5.5022004500140005,0.2174588931171875
CHEMBL1689136,C[C@H]1CN(Cc2cc(Cl)ccc2CCC(=O)O)CCN1C(=O)Cc1ccccc1,3.0,train,0.472076543022074,0.9742193370700912,0.0004594659235527,0.2256029327795007,0.911812387222155,1984.5049229587428,8020.712093426955,8796.450021766133,4.759860150085753,0.2408920112763319
CHEMBL1689127,C[C@H]1CN(Cc2cc(Cl)ccc2OCC(=O)O)CCN1C(=O)Cc1ccc(F)cc1,3.0,train,0.5804674730308418,0.9859331266160384,0.0004445087699722,0.1671402699564737,0.8877357951393409,1997.1164915257864,10607.328784692234,11948.745159056343,5.313084964236467,0.1573874453304684
CHEMBL1689133,C[C@H](Oc1ccc(Cl)cc1CN1CCN(C(=O)Cc2ccc(Cl)cc2)[C@@H](C)C1)C(=O)O,3.0,train,0.0508187682177113,0.7408711464929045,0.0002141264571278,0.6716471873642362,0.87490353489185,4085.919818724843,5322.415934942962,6083.431741535808,4.079745100336657,0.6084854638914627
CHEMBL1689135,C[C@H]1CN(Cc2cc(Cl)ccc2CC(=O)O)CCN1C(=O)Cc1ccc(Cl)cc1,13.5,train,0.4698795528795279,0.9725100705794588,0.0004171525718355,0.232860822427337,0.987759504873413,2367.861476982214,10044.101260711705,10168.569587188038,5.0925150010374844,0.3550376007330221
CHEMBL1689135,C[C@H]1CN(Cc2cc(Cl)ccc2CC(=O)O)CCN1C(=O)Cc1ccc(Cl)cc1,3.0,train,0.4698795528795279,0.9725100705794588,0.0004171525718355,0.232860822427337,0.987759504873413,2367.861476982214,10044.101260711705,10168.569587188038,5.0925150010374844,0.3550376007330221
CHEMBL1689129,C[C@H]1CN(Cc2cc(Cl)ccc2OCC(=O)O)CCN1C(=O)Cc1ccccc1Cl,13.0,train,0.2687731326993846,0.9292914077795283,0.000311023678138,0.3693473695955373,0.9102325849044116,2926.570061653821,7212.341690804902,7923.625027731026,4.4731931481326015,0.384630073791947
CHEMBL1689126,C[C@H]1CN(Cc2cc(Cl)ccc2OCC(=O)O)CCN1C(=O)Cc1ccccc1,3.0,train,0.4923503740972062,0.9768061618800892,0.0004417750080541,0.2141254821666243,0.9144875215866975,2070.0300037673915,8840.688126424255,9667.36879152278,4.9678554308635485,0.2382014133728196
CHEMBL1689126,C[C@H]1CN(Cc2cc(Cl)ccc2OCC(=O)O)CCN1C(=O)Cc1ccccc1,4.0,train,0.4923503740972062,0.9768061618800892,0.0004417750080541,0.2141254821666243,0.9144875215866975,2070.0300037673915,8840.688126424255,9667.36879152278,4.9678554308635485,0.2382014133728196
CHEMBL1080786,N#C[C@]1(NC(=O)[C@@H](N)Cc2cccs2)C[C@H]1c1ccccc1,136.0,train,0.3503586316917769,0.9526023532822322,0.0007709608226496,0.3042182711823099,0.9087331309806912,1178.702087425844,3520.911594945152,3874.527597717756,3.7103428551513247,0.3894351334274978
CHEMBL602745,CS(=O)(=O)N1CC[C@H](N(Cc2ccccc2Cl)c2ccc(C#N)c(Cl)c2)C1,72.44,train,0.3335285507973834,0.9495170508024896,0.0003960109374302,0.3137154287492765,0.8358266852637372,2110.61515292373,5623.276082304335,6727.80156633784,4.127916746917009,0.2830527765664241
CHEMBL1830707,c1ccc(Nc2nc3c(s2)CCCc2n[nH]cc2-3)nc1,36.31,train,0.600882903383758,0.9875589910183512,0.001493743894227,0.1572489722027341,0.8855396693788055,592.832327416513,3338.505402379723,3770.023543633727,3.686374715475341,0.0837081495685414
CHEMBL2314383,CC(C)c1ccc(Sc2cnc(O)c(C(=O)NCc3ccccc3)c2)cc1,30.9,train,0.6684969683714608,0.9918927664723995,0.0007877058147416,0.1270776920617064,0.9520993679867984,1208.6991744487898,9055.890938907289,9511.497689632806,5.111212911238112,0.1323265101227685
CHEMBL652,O=C(NCC1CCCCN1)c1cc(OCC(F)(F)F)ccc1OCC(F)(F)F,3.0,train,0.3389673761754735,0.950101837262426,0.0002966377382598,0.3119398961828425,0.7764034332672689,2617.345445734084,6514.44722198431,8390.54406878412,4.598322616542759,0.1907716417611984
CHEMBL1823817,COC[C@H](O)Cn1c(=O)cnn(-c2ccc(Cl)c(C(=O)NCC3(O)CCCCCC3)c2)c1=O,5.0,train,0.4184806675969185,0.9665220657449584,0.0002613332601797,0.2565835077086955,0.8222438431258301,3146.3421171893065,10082.722998562864,12262.44876487312,5.147937944731905,0.1397629172884424
CHEMBL1823817,COC[C@H](O)Cn1c(=O)cnn(-c2ccc(Cl)c(C(=O)NCC3(O)CCCCCC3)c2)c1=O,3.0,train,0.4184806675969185,0.9665220657449584,0.0002613332601797,0.2565835077086955,0.8222438431258301,3146.3421171893065,10082.722998562864,12262.44876487312,5.147937944731905,0.1397629172884424
CHEMBL1779512,COC[C@@H](O)Cn1c(=O)cnn(-c2ccc(Cl)c(C(=O)NCC3(O)CCCCCC3)c2)c1=O,3.0,train,0.3775603595208393,0.9584382811992088,0.0002254025384234,0.2852999494074729,0.7745444318062967,3436.272001299718,9328.937317746548,12044.418544189588,5.0786187782962,0.1170058345620093
CHEMBL1779512,COC[C@@H](O)Cn1c(=O)cnn(-c2ccc(Cl)c(C(=O)NCC3(O)CCCCCC3)c2)c1=O,8.0,train,0.3775603595208393,0.9584382811992088,0.0002254025384234,0.2852999494074729,0.7745444318062967,3436.272001299718,9328.937317746548,12044.418544189588,5.0786187782962,0.1170058345620093
CHEMBL560423,O=C(NCC1(O)CCCCCC1)c1cc(-n2ncc(=O)[nH]c2=O)ccc1Cl,3.0,train,0.6416052227731193,0.9903910537928624,0.0007751917512735,0.1382951935790367,0.8865923326837378,1143.7071295290823,7332.156278422659,8270.042507843524,4.616680458959901,0.0807090225667389
CHEMBL1938400,CC(C)(C)c1cc(NC(=O)NCc2ccccc2Sc2ccc3nnc(-c4ccccc4SCCO)n3c2)n(-c2ccc(O)c(Cl)c2)n1,25.12,train,0.5544455590086698,0.9833026460427862,0.0001659621856132,0.1819777631614788,0.9440518724765352,5688.355265917367,29509.662866533126,31258.518442551576,6.888345021155364,0.2042469376483686
CHEMBL1938400,CC(C)(C)c1cc(NC(=O)NCc2ccccc2Sc2ccc3nnc(-c4ccccc4SCCO)n3c2)n(-c2ccc(O)c(Cl)c2)n1,70.79,train,0.5544455590086698,0.9833026460427862,0.0001659621856132,0.1819777631614788,0.9440518724765352,5688.355265917367,29509.662866533126,31258.518442551576,6.888345021155364,0.2042469376483686
CHEMBL2035037,Cn1cnc2c(-c3ccc(C4(N)CCC4)cc3)c(-c3ccccc3)ccc21,3.31,train,0.2771565640640024,0.9284554929262464,0.0003370360932883,0.371443666866297,0.6969573380943478,2067.9011891406403,3880.100905703093,5567.200018744677,4.035943883343728,0.1633847552398327
CHEMBL1807829,O=c1[nH]c2c(O)ccc([C@@H](O)CNCCSCCCNCCc3cccc(Cl)c3Cl)c2s1,3.0,train,0.795585010350461,0.9972842449251388,0.000551813313975,0.0736487258823666,0.9573931679428648,1734.994686964218,22553.98229658192,23557.70132039201,6.805640574435639,0.0666538097309889
CHEMBL1807825,CCOc1ccc(CCNCCCSCCNC[C@H](O)c2ccc(O)c3[nH]c(=O)sc23)cc1,8.0,train,0.6328764288522176,0.9898255956023496,0.000299284769377,0.1422859455127372,0.9015032810126472,3012.192310651452,19084.81713571818,21169.991876546974,6.633192038432589,0.0974247356406144
CHEMBL1807826,O=c1[nH]c2c(O)ccc([C@@H](O)CNCCSCCCNCCc3cccc(C(F)(F)F)c3)c2s1,6.0,train,0.8485452412404202,0.998560932480738,0.0007089088419952,0.0536289485557824,0.9848558025467922,1389.2559158590984,25512.65290113106,25904.96277237389,7.155897007359656,0.1023743690195322
CHEMBL1807823,O=c1[nH]c2c(O)ccc([C@@H](O)CNCCSCCCNCCc3ccccc3)c2s1,3.0,train,0.7403277919616668,0.9953097781968726,0.0005796115205925,0.0967390584288074,0.9801549428170756,1691.054970431033,17133.67811061703,17480.581245015113,6.368137772315298,0.1315755361548694
CHEMBL1807823,O=c1[nH]c2c(O)ccc([C@@H](O)CNCCSCCCNCCc3ccccc3)c2s1,9.0,train,0.7403277919616668,0.9953097781968726,0.0005796115205925,0.0967390584288074,0.9801549428170756,1691.054970431033,17133.67811061703,17480.581245015113,6.368137772315298,0.1315755361548694
CHEMBL1807827,O=c1[nH]c2c(O)ccc([C@@H](O)CNCCSCCCNCCc3cccc(Cl)c3)c2s1,7.0,train,0.6743956306468112,0.9920023578946588,0.0004216500167266,0.1262193405601426,0.9913857015143612,2351.205175350787,18467.46450920218,18627.931067588288,6.396380509269632,0.1761916957494217
CHEMBL1807829,O=c1[nH]c2c(O)ccc([C@@H](O)CNCCSCCCNCCc3cccc(Cl)c3Cl)c2s1,19.44,train,0.795585010350461,0.9972842449251388,0.000551813313975,0.0736487258823666,0.9573931679428648,1734.994686964218,22553.98229658192,23557.70132039201,6.805640574435639,0.0666538097309889
CHEMBL1807827,O=c1[nH]c2c(O)ccc([C@@H](O)CNCCSCCCNCCc3cccc(Cl)c3)c2s1,3.0,train,0.6743956306468112,0.9920023578946588,0.0004216500167266,0.1262193405601426,0.9913857015143612,2351.205175350787,18467.46450920218,18627.931067588288,6.396380509269632,0.1761916957494217
CHEMBL2153595,FC(F)(F)Oc1ccc(-c2nnc(CCCCc3ccc4cccnc4n3)o2)cc1Cl,24.55,train,0.7084573036909796,0.9940154504933076,0.0005364068228608,0.109239572411222,0.943406034525371,1758.7509970396704,15188.784313332668,16099.943987504988,6.067534652520891,0.1143272337787154
CHEMBL511058,COc1ccccc1SC[C@@H](C)CN[C@@H]1COc2ccccc2SC1,51.29,train,0.7227096203644584,0.9946738114863878,0.0009709127343813,0.1030728322262552,0.9375800993118604,965.6687631244904,8784.00054871098,9368.800121886145,5.045131328094446,0.0788388468139195
CHEMBL1669162,NC(=O)COc1cc(-c2cccc3c(=O)cc(N4CCOCC4)oc23)ccc1NC(=O)CN1CCOCC1,3.0,train,0.307215264295245,0.9413847153310826,0.0001660470050701,0.3373348747773,0.7588600052431467,4570.151716514008,10280.897751367542,13547.818675822076,5.212766448926725,0.1696119096461973
CHEMBL1669157,O=C(CN1CCOCC1)Nc1ccc(-c2cccc3c(=O)cc(N4CCOCC4)oc23)cc1O,18.62,train,0.3643638299396961,0.9564398733375604,0.0002702534767101,0.2919293899045305,0.820643303289358,3036.568902939682,8536.105035498824,10401.723868681838,4.8582611024457245,0.1774987113264827
CHEMBL1669161,C=CCOc1cc(-c2cccc3c(=O)cc(N4CCOCC4)oc23)ccc1NC(=O)CN1CCOCC1,83.18,train,0.4106028469144864,0.9652857594159088,0.0002477511937777,0.2611961000261155,0.8524855214274191,3440.8936983459103,11230.305729363678,13173.602890708837,5.247663690612532,0.2052121727325355
CHEMBL1669160,CC(C)COc1cc(-c2cccc3c(=O)cc(N4CCOCC4)oc23)ccc1NC(=O)CN1CCOCC1,150.0,train,0.3814338207534012,0.9596177502905626,0.0002515856666928,0.2813072578645621,0.8901363781803682,3538.104494907779,11195.571506502672,12577.36654847075,5.116577090895807,0.3186049311441526
CHEMBL1669158,CCOc1cc(-c2cccc3c(=O)cc(N4CCOCC4)oc23)ccc1NC(=O)CN1CCOCC1,51.29,train,0.4370122527263785,0.9694427915263492,0.0002939380863118,0.2453174962321264,0.8820996821703158,3000.9710318190446,10790.732964537878,12233.008562012386,5.134616299519065,0.247122399490658
CHEMBL1669159,CC(C)Oc1cc(-c2cccc3c(=O)cc(N4CCOCC4)oc23)ccc1NC(=O)CN1CCOCC1,87.1,train,0.3923825481268278,0.9620410742912195,0.0002423878664994,0.2729046928445833,0.8396748565588318,3464.1785856908523,10658.606221515833,12693.730362722892,5.139619011870211,0.2278769967157084
CHEMBL1669156,COc1cc(-c2cccc3c(=O)cc(N4CCOCC4)oc23)ccc1NC(=O)CN1CCOCC1,27.54,train,0.4623914420497146,0.9732201669676478,0.0003122951453298,0.2298749803859995,0.85116775288121,2725.523485106431,10091.910378187014,11856.54689575094,5.072188246588269,0.1654691005323355
CHEMBL1669163,COCCOc1cc(-c2cccc3c(=O)cc(N4CCOCC4)oc23)ccc1NC(=O)CN1CCOCC1,43.65,train,0.2605659842928466,0.9237383168317884,0.0002120182625922,0.3830241794153143,0.9601345693695404,4528.546539484274,11351.800526522611,11823.13489032753,5.143493177722919,0.4524027336182794
CHEMBL1322893,COc1ccccc1-c1csc(-n2ncc(C#N)c2N)n1,54.95,train,0.5235758445200311,0.9805895983487928,0.0010563576803281,0.1960715165702375,0.8604263542108507,814.5217952536169,3574.389748060577,4154.207655969426,3.790219622786197,0.1093665457269037
CHEMBL1945033,O=c1[nH]c2c(O)ccc([C@@H](O)CNCCc3cccc(CNCCc4ccccn4)c3)c2s1,3.0,train,0.6811592761030839,0.9924418656792802,0.000530780972528,0.1227157008985793,0.9835429730522888,1853.01098561948,14851.530167284684,15100.031797487223,5.850518947872328,0.1669906748514124
CHEMBL1945033,O=c1[nH]c2c(O)ccc([C@@H](O)CNCCc3cccc(CNCCc4ccccn4)c3)c2s1,10.0,train,0.6811592761030839,0.9924418656792802,0.000530780972528,0.1227157008985793,0.9835429730522888,1853.01098561948,14851.530167284684,15100.031797487223,5.850518947872328,0.1669906748514124
CHEMBL1934421,Cc1ccc(S(=O)(=O)Nc2c(C(=O)N[C@@H](C)C(C)(C)C)c(C)nn2C2CCN(CC(F)(F)F)CC2)cc1,3.0,train,0.4459144532029638,0.9707625158563528,0.0002956968186412,0.2400419501009036,0.8858681127704435,2995.8662282572177,11056.160644517851,12480.59444192101,4.939841208910136,0.2164351027037401
CHEMBL1934420,Cc1ccc(S(=O)(=O)Nc2c(C(=O)N[C@@H](C)C(C)(C)C)c(C)nn2C2CCN(C)CC2)cc1,3.0,train,0.2936690503212985,0.938434322633858,0.0003418268002229,0.3454576994405136,0.8716306126835466,2549.918883232734,6433.746771558678,7381.276744916839,4.14757629299029,0.2778612729489132
CHEMBL945,N=C(N)NC(=O)c1nc(Cl)c(N)nc1N,3.0,train,0.3941259681023366,0.9598812732972049,0.0012233434310069,0.2804067423820919,0.721898018923427,590.1025015756982,1519.199657006753,2104.451899275675,3.029035306454948,0.0240212044141435
CHEMBL1381233,O=C(Nc1ccncc1)c1cccc2ccccc12,25.12,train,0.5486640196111102,0.9830120101296336,0.0016737921837025,0.1835412431604875,0.909404707123832,543.3199628834278,2692.0256352873143,2960.206401175738,3.5322364190918223,0.1615539400018989
CHEMBL787,CC(C)(O)c1ccccc1CC[C@@H](SCC1(CC(=O)O)CC1)c1cccc(/C=C/c2ccc3ccc(Cl)cc3n2)c1,14.0,train,0.4891999496735399,0.975870606766715,0.0002427971428866,0.2183496252544608,0.9540557872516684,3929.435807641188,17169.25764605781,17996.073055137567,5.774608133934645,0.3212711599903979
CHEMBL787,CC(C)(O)c1ccccc1CC[C@@H](SCC1(CC(=O)O)CC1)c1cccc(/C=C/c2ccc3ccc(Cl)cc3n2)c1,43.65,train,0.4891999496735399,0.975870606766715,0.0002427971428866,0.2183496252544608,0.9540557872516684,3929.435807641188,17169.25764605781,17996.073055137567,5.774608133934645,0.3212711599903979
CHEMBL1198335,COc1cccc(Nc2nc(NCC3CCCO3)c3ccccc3n2)c1,150.0,train,0.3888359741870452,0.9595935707393785,0.0003642898473244,0.2813897279497768,0.739817564513361,2030.8487045327067,5339.418583007636,7217.209808366488,4.562253507602474,0.0567998106030948
CHEMBL1957266,Cc1sc2c(c1C)C(c1ccc(Cl)cc1)=N[C@@H](CC(=O)OC(C)(C)C)c1nnc(C)n1-2,16.6,train,0.2995330622141354,0.9403897109976606,0.0003226096021889,0.3400987966014237,0.8553137289290357,2651.23456687491,6667.584085329408,7795.483528223138,4.327200067759806,0.3866145037031987
CHEMBL562551,COc1cc(NC(=O)c2ccccn2)ccc1Cl,150.0,train,0.6718101344288381,0.9921553559533274,0.0018485189376494,0.1250109981286693,0.8758589225503772,473.81658078338273,3319.679757330602,3790.199165482227,3.799257380016079,0.0107665497084881
CHEMBL556667,O=C(Nc1cccc(Cl)c1)c1ccccn1,150.0,train,0.6609136039867439,0.9915266028583568,0.0023041683418741,0.1299037944948748,0.8700962055274861,377.6183318358445,2529.289301714357,2906.9076334852,3.5346418994887028,4.117675797736095e-11
CHEMBL1916260,CCC(CC)NC(=O)c1cnn(-c2ccccc2)c1NS(=O)(=O)C1CCCC1,5.29,train,0.229406700938892,0.9090436683148284,0.0002693608039479,0.4167008628461436,0.6935549827347074,2574.81776327316,4285.51473868987,6179.055511636527,4.014532874392271,0.1993516814402204
CHEMBL288470,Cc1c(N(C)C)c(=O)n(-c2ccccc2)n1C,3.47,train,0.4096351273998619,0.9649395228198407,0.0014799562335391,0.2624723172073926,0.8108554083046118,547.891478091579,1692.600472694923,2087.425767109231,3.058705206189676,0.1716933173882135
CHEMBL277474,Cc1cc(=O)n(-c2ccccc2)n1C,4.47,train,0.3955570870056032,0.962216345695992,0.0022169800045627,0.2722860702927191,0.7927560664645961,357.5837692866096,1041.0988048947445,1313.2650116922684,2.683992060761019,0.1647194914703252
CHEMBL277474,Cc1cc(=O)n(-c2ccccc2)n1C,3.0,train,0.3955570870056032,0.962216345695992,0.0022169800045627,0.2722860702927191,0.7927560664645961,357.5837692866096,1041.0988048947445,1313.2650116922684,2.683992060761019,0.1647194914703252
CHEMBL1771,COC(=O)[C@H](c1ccccc1Cl)N1CCc2sccc2C1,137.0,train,0.306374060063573,0.9421018013465492,0.0007511917999759,0.3353269984650615,0.8732546062444697,1162.4921974286533,3027.348441296468,3466.74202420291,3.448973854233817,0.277104144023114
CHEMBL833,Clc1ccccc1CN1CCc2sccc2C1,150.0,train,0.4610977960934969,0.9730142446488212,0.0013106353087235,0.2307450534908257,0.8392119367221579,640.3092692043294,2328.783104039453,2774.9642279104705,3.2996108580031938,0.2086484291589819
CHEMBL833,Clc1ccccc1CN1CCc2sccc2C1,56.23,train,0.4610977960934969,0.9730142446488212,0.0013106353087235,0.2307450534908257,0.8392119367221579,640.3092692043294,2328.783104039453,2774.9642279104705,3.2996108580031938,0.2086484291589819
CHEMBL235789,O=C(NCC12CC3CC(CC(C3)C1)C2)c1cc(CN2CCNCC2)ccc1Cl,4.46,train,0.6721587022350141,0.992117098258566,0.000839786290928,0.1253142583387981,0.948608128520895,1129.582774532567,8550.754047969538,9014.000397932696,4.822105803003872,0.138975076549473
CHEMBL235789,O=C(NCC12CC3CC(CC(C3)C1)C2)c1cc(CN2CCNCC2)ccc1Cl,4.0,train,0.6721587022350141,0.992117098258566,0.000839786290928,0.1253142583387981,0.948608128520895,1129.582774532567,8550.754047969538,9014.000397932696,4.822105803003872,0.138975076549473
CHEMBL1172,Clc1ccc2c(c1)CCc1cccnc1C2=C1CCNCC1,26.92,train,0.2120591867256563,0.9033353222852222,0.0004640602127362,0.4289350714407179,0.7190755351059683,1549.5306759140756,2597.6649477589326,3612.506365379433,3.5330310677973875,0.3657514246822465
CHEMBL1583280,O=C(O)C1CSC(c2ccccc2Cl)N1C(=O)c1ccc(Cl)cc1,15.49,train,0.3255058425898747,0.946385309095893,0.0005996296433102,0.3230400079362784,0.9124500425693196,1521.689350666788,4298.122457534963,4710.529077769681,3.7112673861107335,0.4340791864272327
CHEMBL2364624,O=C(O)C[C@H]1CC[C@H](c2ccc(-c3ccc(Nc4ccc(C(F)(F)F)nc4)cn3)cc2)CC1,11.48,train,0.8437366263355586,0.998472539215198,0.0008124624314197,0.0552502346886877,0.9720642366557758,1196.442074197981,21050.02011505004,21654.968181392112,6.942081074792042,0.0754047818967331
CHEMBL2364624,O=C(O)C[C@H]1CC[C@H](c2ccc(-c3ccc(Nc4ccc(C(F)(F)F)nc4)cn3)cc2)CC1,3.0,train,0.8437366263355586,0.998472539215198,0.0008124624314197,0.0552502346886877,0.9720642366557758,1196.442074197981,21050.02011505004,21654.968181392112,6.942081074792042,0.0754047818967331
CHEMBL1921944,C[C@@](C(=O)O[C@H]1C[N+]2(CC(=O)Nc3cccc(F)c3)CCC1CC2)(c1ccccc1)N1CCCCC1,67.0,train,0.6478284058221102,0.9905197262947852,0.0004882184100619,0.1373705638807085,0.9708494576981624,1988.555608902414,14053.870639870518,14475.849503167645,5.554236049356583,0.2229731781029786
CHEMBL1921942,C[C@@](C(=O)O[C@H]1C[N+]2(CC(=O)Nc3ccccc3)CCC1CC2)(c1ccccc1)N1CCCCC1,64.0,train,0.5202263407972906,0.9801985922218954,0.000378043081057,0.1980169684805179,0.8890531596962813,2351.724457462559,10558.731787916531,11876.378451344362,5.099174084122272,0.1808839867087962
CHEMBL458997,CNC(=O)c1ccccc1Nc1nc(Nc2ccc(N3CCOCC3)cc2OC)ncc1Cl,16.22,train,0.6131615216171076,0.9884253765800892,0.0005031579893505,0.1517078604835915,0.9155893438266448,1819.685592210144,10982.191245935384,11994.66913849832,5.141852833669901,0.1413362643188872
CHEMBL93,CC(c1cc2ccccc2s1)N(O)C(N)=O,7.76,train,0.3795888872152431,0.9592760601846108,0.0016294366102054,0.2824702468521082,0.8883127832280558,545.165597522711,1714.4374483771269,1929.9929942998249,2.977439135080789,0.3149279869915941
CHEMBL1575409,COc1ccc(CNC(=O)CSc2nc3cccnc3s2)cc1,60.26,train,0.6053356676820545,0.9878922428071634,0.0007642350998782,0.1551416017753858,0.8923627383562087,1167.6547419745116,6716.261602813375,7526.3806007691155,4.72278892263245,0.100712670613499
CHEMBL1575409,COc1ccc(CNC(=O)CSc2nc3cccnc3s2)cc1,150.0,train,0.6053356676820545,0.9878922428071634,0.0007642350998782,0.1551416017753858,0.8923627383562087,1167.6547419745116,6716.261602813375,7526.3806007691155,4.72278892263245,0.100712670613499
CHEMBL437765,CO[C@H]1/C=C/O[C@@]2(C)Oc3c(C)c(O)c4c(O)c(cc(O)c4c3C2=O)NC(=O)/C(C)=C\C=C\[C@H](C)[C@H](O)[C@@H](C)[C@@H](O)[C@@H](C)[C@H](OC(C)=O)[C@@H]1C,3.0,train,0.288824000651284,0.932718914666747,0.0001074783291322,0.3606042515319057,0.7016169232073224,6527.985026114022,12701.305515141294,18102.906436577152,5.172114612985459,0.1299029159153137
CHEMBL2070938,N#CC1(NC(=O)[C@@H]2CCCC[C@H]2C(=O)N2CCN(c3nccs3)CC2)CC1,36.31,train,0.5173469012625989,0.9798654955779772,0.0005654092777995,0.1996587352852983,0.8937751461670556,1580.7578355371793,7076.284759057039,7917.298651012623,4.624472950210986,0.1740346760200872
CHEMBL2070946,N#Cc1cnc(N2CCN(C(=O)[C@@H]3CCCC[C@H]3C(=O)NC3(C#N)CC3)CC2)s1,5.25,train,0.5565784247340767,0.9836647579256328,0.0005603902348833,0.1800101219795881,0.9255903300891948,1651.6888990434545,8492.78505262967,9175.533469338709,4.839123082436244,0.2449366425794121
CHEMBL2070942,CC(C)(C)c1csc(N2CCN(C(=O)[C@@H]3CCCC[C@H]3C(=O)NC3(C#N)CC3)CC2)n1,150.0,train,0.4619887824107713,0.9731489834037524,0.0003586019224422,0.2301761414661463,0.8690095589940069,2423.326548490743,9149.053945333157,10528.139593682252,4.990937816295867,0.1670704667680902
CHEMBL2349321,CC(C)C[C@H](CO)Nc1nc(SCc2ccccc2)nc2[nH]c(=O)sc12,13.49,train,0.2231080658884742,0.9131859839922924,0.0003495635210591,0.4075430758092068,0.8200185250170456,2345.835522346313,4720.061998716352,5756.043131608809,4.0516550057246565,0.2569749769979843
CHEMBL402986,C[C@H](CO)Nc1nc(SCc2ccccc2)nc2[nH]c(=O)sc12,19.45,train,0.1240138073272412,0.8446280681155841,0.0003617110513595,0.5353535528520721,0.7517599294408649,2078.3438233785314,2918.474338487534,3882.1892790404554,3.569399086631168,0.3276426492211768
CHEMBL271012,C[C@H](CO)Nc1nc(SCc2ccccc2F)nc2[nH]c(=O)sc12,28.0,train,0.162609567562493,0.8773803229944027,0.0003730761485669,0.4797955489812691,0.7560424692571177,2026.5097947463596,3193.2923772362583,4223.694444538236,3.5896177307606347,0.2747445214322878
CHEMBL402986,C[C@H](CO)Nc1nc(SCc2ccccc2)nc2[nH]c(=O)sc12,3.0,train,0.1240138073272412,0.8446280681155841,0.0003617110513595,0.5353535528520721,0.7517599294408649,2078.3438233785314,2918.474338487534,3882.1892790404554,3.569399086631168,0.3276426492211768
CHEMBL271012,C[C@H](CO)Nc1nc(SCc2ccccc2F)nc2[nH]c(=O)sc12,30.12,train,0.162609567562493,0.8773803229944027,0.0003730761485669,0.4797955489812691,0.7560424692571177,2026.5097947463596,3193.2923772362583,4223.694444538236,3.5896177307606347,0.2747445214322878
CHEMBL2349318,CCC[C@H](CO)Nc1nc(S[C@@H](C)c2cccc(C#N)c2)nc2[nH]c(=O)sc12,22.39,train,0.3458293809152588,0.952140477626951,0.0003524927166849,0.3056607774385219,0.7986464527091564,2265.710509482807,5919.966822135848,7412.499989268375,4.332249105761613,0.2535233863626743
CHEMBL403225,C[C@H](CO)Nc1nc(SCc2cccc(Cl)c2F)nc2[nH]c(=O)sc12,17.0,train,0.1874054418911088,0.8954785402922958,0.0004039491938543,0.445104688669957,0.8348558009890683,2066.7346628993405,3876.448544234715,4643.255206039436,3.6336945005271777,0.3811540171900061
CHEMBL403225,C[C@H](CO)Nc1nc(SCc2cccc(Cl)c2F)nc2[nH]c(=O)sc12,19.91,train,0.1874054418911088,0.8954785402922958,0.0004039491938543,0.445104688669957,0.8348558009890683,2066.7346628993405,3876.448544234715,4643.255206039436,3.6336945005271777,0.3811540171900061
CHEMBL2349334,CC[C@H](CO)Nc1nc(SCc2ccccc2)nc2[nH]c(=O)sc12,10.0,train,0.3592345325247604,0.954451686856566,0.0004329046063841,0.2983655098309044,0.7669949746953305,1771.7413106357708,4554.53675757599,5938.157234192005,4.113076203966909,0.1658604641529398
CHEMBL8,O=C(O)c1cn(C2CC2)c2cc(N3CCNCC3)c(F)cc2c1=O,4.17,train,0.4699616586025636,0.9738980807103366,0.0007252057262178,0.2269857449020157,0.8021571615332416,1106.109801030827,3908.941060250287,4873.036416927009,3.8627769061921966,0.0909822280991056
CHEMBL1232461,CCNC(=O)C[C@@H]1N=C(c2ccc(Cl)cc2)c2cc(OC)ccc2-n2c(C)nnc21,10.23,train,0.1718109527581376,0.872499478380192,0.0002045715443274,0.4886150429799443,0.6745931130938051,3297.590167349972,4552.728469294071,6748.851093979364,4.149686841957256,0.3084305887432562
CHEMBL646,Cc1nnc2n1-c1ccc(Cl)cc1C(c1ccccc1Cl)=NC2,150.0,train,0.1171426651181882,0.8353801636759073,0.0003996338790566,0.5496726135954149,0.7389093009208725,1848.9656148901624,2485.5120232182826,3363.757933647189,3.348853931004255,0.423896044508538
CHEMBL661,Cc1nnc2n1-c1ccc(Cl)cc1C(c1ccccc1)=NC2,3.98,train,0.1630003588742512,0.8649980464937599,0.0004035055310088,0.501775228127076,0.6715165516475101,1664.2065598668778,2227.177006091561,3316.6375432256546,3.4164421529255105,0.3932322863642936
CHEMBL1232461,CCNC(=O)C[C@@H]1N=C(c2ccc(Cl)cc2)c2cc(OC)ccc2-n2c(C)nnc21,3.0,train,0.1718109527581376,0.872499478380192,0.0002045715443274,0.4886150429799443,0.6745931130938051,3297.590167349972,4552.728469294071,6748.851093979364,4.149686841957256,0.3084305887432562
CHEMBL2153435,CCNC(=O)C[C@H]1N=C(c2ccc(Cl)cc2)c2cc(OC)ccc2-n2c(C)nnc21,6.31,train,0.0905971705699254,0.7829355702279469,0.0001732320067741,0.6221027992798616,0.6919690019477153,3994.463926345484,4443.068283295078,6420.906530189907,4.186372162467068,0.4093690052531692
CHEMBL661,Cc1nnc2n1-c1ccc(Cl)cc1C(c1ccccc1)=NC2,42.66,train,0.1630003588742512,0.8649980464937599,0.0004035055310088,0.501775228127076,0.6715165516475101,1664.2065598668778,2227.177006091561,3316.6375432256546,3.4164421529255105,0.3932322863642936
CHEMBL1069,CCCCC(=O)N(Cc1ccc(-c2ccccc2-c2nnn[nH]2)cc1)[C@H](C(=O)O)C(C)C,3.0,train,0.3541230986237175,0.9512975994114952,0.0004705543812833,0.3082740296455837,0.9738340372840428,2069.5462119129693,6537.672165281524,6713.332985890132,4.193862226729601,0.310353321974975
CHEMBL1229592,C=CC(=O)Nc1cccc(Oc2nc(Nc3ccc(N4CCN(C)CC4)cc3OC)ncc2Cl)c1,79.43,train,0.7845301969069656,0.9969493976102493,0.0006498284581322,0.0780506156577971,0.9588779466955734,1475.5862638758665,18128.071315682653,18905.504478598665,6.236944719556688,0.0828961779224639
CHEMBL1229592,C=CC(=O)Nc1cccc(Oc2nc(Nc3ccc(N4CCN(C)CC4)cc3OC)ncc2Cl)c1,3.31,train,0.7845301969069656,0.9969493976102493,0.0006498284581322,0.0780506156577971,0.9588779466955734,1475.5862638758665,18128.071315682653,18905.504478598665,6.236944719556688,0.0828961779224639
CHEMBL115,CC(C)(C)NC(=O)[C@@H]1CN(Cc2cccnc2)CCN1C[C@@H](O)C[C@@H](Cc1ccccc1)C(=O)N[C@H]1c2ccccc2C[C@H]1O,10.23,train,0.2727749998797537,0.9265428077862644,0.0001003169568452,0.3761893477220549,0.6926490299512577,6904.605679171629,12712.9288876294,18354.070153716984,5.561602868586675,0.1518487164478504
CHEMBL115,CC(C)(C)NC(=O)[C@@H]1CN(Cc2cccnc2)CCN1C[C@@H](O)C[C@@H](Cc1ccccc1)C(=O)N[C@H]1c2ccccc2C[C@H]1O,53.7,train,0.2727749998797537,0.9265428077862644,0.0001003169568452,0.3761893477220549,0.6926490299512577,6904.605679171629,12712.9288876294,18354.070153716984,5.561602868586675,0.1518487164478504
CHEMBL143305,Cc1cc(CCCOc2c(Cl)cc(C3=NCCO3)cc2Cl)on1,150.0,train,0.3794055665998468,0.959000386579122,0.0005720620629346,0.2834047609711145,0.9031514219136284,1578.7647537411474,5031.191527349694,5570.706534115212,4.140675021751456,0.1660842777060816
CHEMBL2337981,CC(C)(C)NC(=O)NCCN1CCC(CO)(CNC(=O)c2cc(Cl)cc(Cl)c2)CC1,7.08,train,0.4923613000878796,0.9770374505688638,0.0002989276218342,0.2130676422779744,0.8432842049947449,2821.0313915460456,11165.145438562186,13240.074191395252,5.443458557926195,0.1222243566409587
CHEMBL38182,N#Cc1ccc(NC(=O)Nc2ccccc2Br)c2nn[nH]c12,69.0,train,0.6173686133793224,0.9887477846745742,0.0009997095263692,0.1495921732615773,0.9085109215304068,908.7748966742118,5519.2186919932365,6075.01633848935,4.183638927374966,0.0832296545405545
CHEMBL1091678,CC(=O)N[C@@H](CCN)C(=O)N[C@H](C(=O)N[C@@H](CCN)C(=O)N[C@H]1CCNC(=O)[C@H]([C@@H](C)O)NC(=O)[C@H](CCN)NC(=O)[C@H](CCN)NC(=O)[C@H](CC(C)C)NC(=O)[C@@H](Cc2ccccc2)NC(=O)[C@H](CCN)NC1=O)[C@@H](C)O,3.0,train,0.3383657929343577,0.9504354732330316,4.647423115595286e-05,0.3109218731776571,0.8011082222039282,17237.686396912337,44413.89781686036,55440.57168040707,7.277912898955106,0.1949310777440143
CHEMBL1091289,CCCCCCCC(=O)N[C@@H](CCN)C(=O)N[C@H](C(=O)N[C@@H](CCN)C(=O)N[C@H]1CCNC(=O)[C@H]([C@@H](C)O)NC(=O)[C@H](C)NC(=O)[C@H](CCN)NC(=O)[C@H](CC(C)C)NC(=O)[C@@H](Cc2ccccc2)NC(=O)[C@H](CCN)NC1=O)[C@@H](C)O,3.0,train,0.6575743301547916,0.9912023357981838,8.786334115809602e-05,0.1323553153757878,0.9600551291045945,10926.68587889378,79258.02445003825,82555.70127932038,8.627252385865143,0.1458497018367792
CHEMBL1090941,CCCCCCCC(=O)N[C@@H](CCN)C(=O)N[C@H](C(=O)N[C@@H](C)C(=O)N[C@H]1CCNC(=O)[C@H]([C@@H](C)O)NC(=O)[C@H](CCN)NC(=O)[C@H](CCN)NC(=O)[C@H](CC(C)C)NC(=O)[C@@H](Cc2ccccc2)NC(=O)[C@H](CCN)NC1=O)[C@@H](C)O,3.0,train,0.4926312848799069,0.977086697046663,5.575296512942492e-05,0.2128416934118945,0.8752914439459015,15699.45996439831,64562.55238871882,73761.20586494524,8.14645428902667,0.1459187803039507
CHEMBL1091291,CCCCCCCC(=O)N[C@@H](CCN)C(=O)N[C@H](C(=O)N[C@@H](CCN)C(=O)N[C@H]1CCNC(=O)[C@H](C)NC(=O)[C@H](CCN)NC(=O)[C@H](CCN)NC(=O)[C@H](CC(C)C)NC(=O)[C@@H](Cc2ccccc2)NC(=O)[C@H](CCN)NC1=O)[C@@H](C)O,3.0,train,0.6153021610596652,0.9884562480114364,8.74861455510704e-05,0.1515065865470999,0.9430023515654128,10778.876422380858,67089.53085929516,71144.60610615074,8.016260789689202,0.134185414582799
CHEMBL1090630,CCCCCCCC(=O)N[C@@H](C)C(=O)N[C@H](C(=O)N[C@@H](CCN)C(=O)N[C@H]1CCNC(=O)[C@H]([C@@H](C)O)NC(=O)[C@H](CCN)NC(=O)[C@H](CCN)NC(=O)[C@H](CC(C)C)NC(=O)[C@@H](Cc2ccccc2)NC(=O)[C@H](CCN)NC1=O)[C@@H](C)O,3.0,train,0.3919089926864813,0.9618312753182192,5.787817677313834e-05,0.2736431943603347,0.8732082728693159,15087.00379923816,48143.33702360543,55133.85353692194,7.141438515256172,0.2233113964846772
CHEMBL1090940,CCCCCCCC(=O)N[C@@H](CCN)C(=O)N[C@@H](C)C(=O)N[C@@H](CCN)C(=O)N[C@H]1CCNC(=O)[C@H]([C@@H](C)O)NC(=O)[C@H](CCN)NC(=O)[C@H](CCN)NC(=O)[C@H](CC(C)C)NC(=O)[C@@H](Cc2ccccc2)NC(=O)[C@H](CCN)NC1=O,3.0,train,0.5220732485965776,0.980435621109339,5.272528171174997e-05,0.1968400184412325,0.8685731717380963,16473.561516211535,72690.97863974422,83690.10349960817,8.633765812758686,0.1075555054342484
CHEMBL183630,Cc1ccc(NC(=O)c2cccc(N3CCOCC3)c2)cc1NC(=O)c1ccc(OCc2cscn2)cc1,20.0,train,0.7511115578814535,0.9958121800357737,0.0003716135156811,0.0914226563407555,0.9490982242706294,2553.9927484361265,26514.10579567896,27936.103047769087,7.342786313696328,0.0971842830761064
CHEMBL377957,COc1ccc(C)c(Nc2ncc3ccn(-c4ccccn4)c3n2)c1,83.18,train,0.2805684955434565,0.9251931024317722,0.0003678806449744,0.3794966708848342,0.6540025846817764,1777.7575243925326,3063.6843616555047,4684.514149353443,3.791200884815784,0.0703423865123319
CHEMBL377957,COc1ccc(C)c(Nc2ncc3ccn(-c4ccccn4)c3n2)c1,102.33,train,0.2805684955434565,0.9251931024317722,0.0003678806449744,0.3794966708848342,0.6540025846817764,1777.7575243925326,3063.6843616555047,4684.514149353443,3.791200884815784,0.0703423865123319
CHEMBL445,CNCCC=C1c2ccccc2CCc2ccccc21,144.0,train,0.1787862241191004,0.8715958803085694,0.0004759068589859,0.4902250722159463,0.6479500786206583,1361.5060728507735,1799.5570135946753,2777.308118282094,3.3575615167746857,0.2568422756057516
CHEMBL2323231,O=C(CSc1nc2c(c(=O)n1-c1ccccc1)SCC2)Nc1ccc(-c2ccccc2)cn1,150.0,train,0.3932432013948079,0.9613755346975624,0.0003177039075947,0.2752400430260396,0.920533642106406,2897.4577274658595,9690.477030121529,10527.021052644362,4.945235459432329,0.2425103122383967
CHEMBL976,O=C(C1CCCCC1)N1CC(=O)N2CCc3ccccc3C2C1,17.38,train,0.5471197600740981,0.9829596281981116,0.0010143371770049,0.1838215692801855,0.8789848017639385,866.5607666667161,4143.658150061578,4714.140838096545,3.94503592287668,0.1458306552633393
CHEMBL318021,CC(CCc1cccc(OCc2ccc3ccccc3n2)c1)CC(=O)O,104.71,train,0.5812373257583482,0.9860000217769476,0.0005594779024955,0.166745186005052,0.8791724558819194,1571.415871762615,8285.369936542022,9424.0554070029,5.252522205482308,0.1190553961159422
CHEMBL1945031,Cc1cccc2c(CCNCc3cccc(CCNC[C@H](O)c4ccc(O)c5[nH]c(=O)sc45)c3)c[nH]c12,24.0,train,0.8492363316786135,0.9985725404861276,0.0006615547434992,0.0534123711052153,0.987206426411551,1492.2520564054034,27580.89164413489,27938.32263064792,7.427809312108946,0.0799890805802017
CHEMBL436826,CCOc1ccc(-n2c([C@@H](C)N(Cc3cccnc3)C(=O)Cc3ccc(C(F)(F)F)cc3)nc3ccccc3c2=O)cc1,43.36,train,0.157093769411654,0.8753777679401609,0.0001189530527291,0.4834395136892535,0.7839768149729296,6590.640567736906,10687.809445892664,13632.813167136466,5.132951571345997,0.4378579590582894
CHEMBL552513,O=C(Cc1ccc(F)c(C(F)(F)F)c1)Nc1cccc2c(=O)n([C@@H]3CNC[C@H]3O)ccc12,3.0,train,0.3689325135304656,0.9568053257127204,0.0002695592631951,0.2907293736239518,0.7794434886351618,2891.547778385022,7752.220079608748,9945.839810892783,4.786197008713886,0.1314378941547462
CHEMBL2018954,COc1ccc(COc2nc(Br)cnc2NS(=O)(=O)c2ccc(C)cc2)cc1OCCN(C)C,31.0,train,0.3519388171133226,0.9537313395703608,0.000236705078984,0.3006601601830963,0.8175143247607422,3453.725320425807,9390.901413468087,11487.139893501531,4.696925090203247,0.1827328692908768
CHEMBL217943,O=C(NCc1ccccc1)c1ccc2cccnc2c1O,22.77,train,0.5172979573174367,0.9797285884856018,0.0012406114712135,0.2003294608988165,0.9144125001936466,737.0659722331744,3364.369551305369,3679.268984832219,3.738774546696852,0.2223426195221982
CHEMBL193,COC(=O)C1=C(C)NC(C)=C(C(=O)OC)C1c1ccccc1[N+](=O)[O-],150.0,train,0.075998906400311,0.7640865100181464,0.0003608242710543,0.6451137924492771,0.7156429674317465,1983.355957016164,2200.1928329009943,3074.428078007816,3.2369954779495425,0.4306459151783041
CHEMBL193,COC(=O)C1=C(C)NC(C)=C(C(=O)OC)C1c1ccccc1[N+](=O)[O-],22.39,train,0.075998906400311,0.7640865100181464,0.0003608242710543,0.6451137924492771,0.7156429674317465,1983.355957016164,2200.1928329009943,3074.428078007816,3.2369954779495425,0.4306459151783041
CHEMBL475534,CCOC(=O)C1=C(C)NC(C)=C(C(=O)OC)C1c1cccc([N+](=O)[O-])c1,75.0,train,0.0769220139245056,0.7691272274168449,0.0003109774922809,0.6390956955308625,0.7219959112988416,2321.698287561662,2622.857081671729,3632.786613643441,3.4497645937855075,0.3540957986817657
CHEMBL103667,Cc1ccc(-n2nc(C(C)(C)C)cc2NC(=O)Nc2ccc(OCCN3CCOCC3)c3ccccc23)cc1,69.18,train,0.5853710636443883,0.9862707260198724,0.0002803200199922,0.1651364738518831,0.9143096449352808,3261.66374046586,18058.824600544853,19751.322432810102,6.238441933665307,0.1314344826417006
CHEMBL103667,Cc1ccc(-n2nc(C(C)(C)C)cc2NC(=O)Nc2ccc(OCCN3CCOCC3)c3ccccc23)cc1,42.66,train,0.5853710636443883,0.9862707260198724,0.0002803200199922,0.1651364738518831,0.9143096449352808,3261.66374046586,18058.824600544853,19751.322432810102,6.238441933665307,0.1314344826417006
CHEMBL51,O=C(c1ccc(F)cc1)C1CCN(CCn2c(=O)[nH]c3ccccc3c2=O)CC1,30.2,train,0.6964342573983188,0.993292892809818,0.0008700869962906,0.115625382565867,0.978162769515218,1124.2126059639304,9510.56672653313,9722.887665461456,5.073550660739837,0.1941070298731008
CHEMBL51,O=C(c1ccc(F)cc1)C1CCN(CCn2c(=O)[nH]c3ccccc3c2=O)CC1,24.55,train,0.6964342573983188,0.993292892809818,0.0008700869962906,0.115625382565867,0.978162769515218,1124.2126059639304,9510.56672653313,9722.887665461456,5.073550660739837,0.1941070298731008
CHEMBL2088413,Cc1ccc(CCNC(=O)c2ccc3sc(CO)nc3c2)cc1,150.0,train,0.8340663351994766,0.9982611340888118,0.0018773328799833,0.0589466552716899,0.9735688046433676,518.5914629333165,8565.108034360741,8797.640180652937,5.233545247830765,0.0829851186061811
CHEMBL2088413,Cc1ccc(CCNC(=O)c2ccc3sc(CO)nc3c2)cc1,42.66,train,0.8340663351994766,0.9982611340888118,0.0018773328799833,0.0589466552716899,0.9735688046433676,518.5914629333165,8565.108034360741,8797.640180652937,5.233545247830765,0.0829851186061811
CHEMBL217899,CCc1nn(C2CCCC2)c2c1CCn1c(-c3cccs3)nnc1-2,6.0,train,0.4152427294891433,0.9657515691642196,0.0005994030442337,0.2594685080252467,0.7997350416438711,1334.2191858005094,4112.336576947517,5142.123782014764,3.9491759525530967,0.1450121148950457
CHEMBL217899,CCc1nn(C2CCCC2)c2c1CCn1c(-c3cccs3)nnc1-2,73.0,train,0.4152427294891433,0.9657515691642196,0.0005994030442337,0.2594685080252467,0.7997350416438711,1334.2191858005094,4112.336576947517,5142.123782014764,3.9491759525530967,0.1450121148950457
CHEMBL1614705,O=C(CO)N1CCC(c2[nH]nc(-c3ccc(Cl)cc3F)c2-c2ccncn2)CC1,3.0,train,0.6257854125541507,0.989315565221016,0.0007475852366266,0.1457899599129582,0.9177122440770832,1227.5687093796264,7727.245660237365,8420.11829972742,4.570619638988417,0.1848141916425116
CHEMBL1213082,Cc1ccccc1-n1c(Cn2cnc3c(N)ncnc32)nc2cccc(C)c2c1=O,23.99,train,0.1800502171565688,0.8905364765946293,0.0003675916558652,0.4549118418489709,0.7887973834918557,2145.8522545491405,3720.814645907619,4717.072753761278,3.64894818543125,0.4436583041849219
CHEMBL1213082,Cc1ccccc1-n1c(Cn2cnc3c(N)ncnc32)nc2cccc(C)c2c1=O,10.96,train,0.1800502171565688,0.8905364765946293,0.0003675916558652,0.4549118418489709,0.7887973834918557,2145.8522545491405,3720.814645907619,4717.072753761278,3.64894818543125,0.4436583041849219
CHEMBL1669154,O=C(CN1CCOCC1)Nc1ccc(-c2cccc3c(=O)cc(N4CCOCC4)oc23)cc1OCC1CC1,95.5,train,0.3756162247384699,0.9587066229788372,0.00024951803923,0.2843969251882191,0.8677397114913044,3477.6632349671786,10610.897041791724,12228.202652562428,5.032311323965074,0.2657300540342894
CHEMBL1477,COCc1c(C(C)C)nc(C(C)C)c(/C=C/[C@@H](O)C[C@@H](O)CC(=O)O)c1-c1ccc(F)cc1,10.72,train,0.3325700358035089,0.9484592549727908,0.0002432520895621,0.3168991032749363,0.7725976204713144,3176.119152201721,7743.35450610439,10022.49334055759,4.773353216063754,0.1998377945648053
CHEMBL1477,COCc1c(C(C)C)nc(C(C)C)c(/C=C/[C@@H](O)C[C@@H](O)CC(=O)O)c1-c1ccc(F)cc1,10.0,train,0.3325700358035089,0.9484592549727908,0.0002432520895621,0.3168991032749363,0.7725976204713144,3176.119152201721,7743.35450610439,10022.49334055759,4.773353216063754,0.1998377945648053
CHEMBL1367530,Cc1ccc(-c2nnc(SCC(=O)N3CCN(c4ccccc4)CC3)o2)cc1,150.0,train,0.7580433027036875,0.9960730208082912,0.0008903393366481,0.0885355138791544,0.9455089919096732,1061.964750955814,11341.18024649826,11994.788355837984,5.56080951621752,0.065275809993015
CHEMBL1934414,Cc1ccc(S(=O)(=O)Nc2c(C(=O)N[C@@H](C)C(C)(C)C)c(C)nn2C2CCCC2)cc1,8.0,train,0.3849723550689437,0.960454847112868,0.0003641439456712,0.2784357855186676,0.8081846835096712,2219.409914999266,6442.035086799756,7970.99378179773,4.315144506127309,0.1477211321420402
CHEMBL2180273,CCOC(=O)C1=C(C)NC2=C(C(=O)CC(C)(C)C2)C1c1ccc(-c2ccccc2)cc1,117.49,train,0.2881330092398982,0.9361153618933364,0.000304504463572,0.3516930895359019,0.7685485018249346,2523.9318097648143,5515.502205808984,7176.518063222175,4.278896762734276,0.1983445527947666
CHEMBL2180612,COC(=O)C1=C(C)NC2=C(C(=O)CC(C)(C)C2)C1c1ccc(-c2ccc(C(F)(F)F)cc2)cc1,12.3,train,0.4850943314225519,0.9761760547127196,0.0003361141087064,0.2169799765082241,0.8685585774900062,2584.118175915962,10344.078947093843,11909.477627849305,5.143056367723658,0.1828371788727955
CHEMBL2181928,C[C@@H]1CN(c2ccc3c(n2)NC(=O)CO3)[C@H](c2ccccc2)CO1,52.48,train,0.1881649836517012,0.8948577411672205,0.0004566799629714,0.4463514568959082,0.7795580591267164,1707.0117419964963,2981.3160457716044,3824.366910030231,3.6168551171653904,0.3538123008488444
CHEMBL2312113,COc1cc(O)c(C(CC(=O)N2CC(C)CC(C)C2)c2ccc3c(c2)OCO3)c(OC)c1,150.0,train,0.1524748654234863,0.8707782619485767,0.0002129985562297,0.4916759283489643,0.7652949319530014,3592.958306850949,5592.4494660228775,7307.574155432044,4.321728060312783,0.4360573720607127
CHEMBL203059,O=C(Nc1cc(-c2ccnc(Nc3ccccc3)c2)ccn1)C1CCOCC1,16.22,train,0.7350446828138961,0.9951800958571192,0.0009215701001032,0.0980641464033364,0.948047671984038,1028.7309363420454,9945.387841196296,10490.387915180434,5.353675205788672,0.107310015754998
CHEMBL205078,O=C(Nc1cc(-c2ccnc(Nc3ccc(F)cc3)c2)ccn1)C1CCOCC1,14.79,train,0.6666745056711888,0.9918563812711882,0.0006324725688508,0.1273613714264385,0.9330532205850338,1475.246938029704,10807.703240553245,11583.158390232771,5.514326725314864,0.1282932335268032
CHEMBL205078,O=C(Nc1cc(-c2ccnc(Nc3ccc(F)cc3)c2)ccn1)C1CCOCC1,150.0,train,0.6666745056711888,0.9918563812711882,0.0006324725688508,0.1273613714264385,0.9330532205850338,1475.246938029704,10807.703240553245,11583.158390232771,5.514326725314864,0.1282932335268032
CHEMBL203059,O=C(Nc1cc(-c2ccnc(Nc3ccccc3)c2)ccn1)C1CCOCC1,150.0,train,0.7350446828138961,0.9951800958571192,0.0009215701001032,0.0980641464033364,0.948047671984038,1028.7309363420454,9945.387841196296,10490.387915180434,5.353675205788672,0.107310015754998
CHEMBL2348645,CNc1nc(C)c(-c2nc(Nc3cccc(N4CCCCC4)c3)ncc2C#N)s1,150.0,train,0.5931784158233375,0.986961610355259,0.0005553560071584,0.1609558314723451,0.8784861366968201,1581.8432237578963,8633.594258670142,9827.809339294943,4.971151629942948,0.0926125394548197
CHEMBL216981,CC[C@@H](Nc1c(Nc2cccc(C(=O)N(C)C)c2O)c(=O)c1=O)c1ccc(C)o1,75.93,train,0.4879894243677569,0.976520227310676,0.0004697407270315,0.2154257311769084,0.846918235658996,1802.948279598748,7088.056601224934,8369.23365537128,4.659910001728163,0.1263286961073658
CHEMBL450470,COc1ccc(N(C(C)=O)C(C(=O)NC2CCCC2)c2ccccc2F)c(OC)c1,150.0,train,0.1278068050536377,0.8479163032541314,0.0003663596115343,0.5301301186273498,0.9333683347650572,2547.683492882568,4485.553670139178,4805.770137111261,3.7791351928153447,0.5530512002742329
CHEMBL2337977,CC(C)(C)NC(=O)NCCN1CC(NC(=O)c2cc(Cl)cc(Cl)c2)C1,3.31,train,0.7456015982602539,0.995597145876482,0.000850208513143,0.0937353888486257,0.9514280011691948,1119.052545888983,11358.548142984137,11938.421119649409,5.614260223288742,0.1141525370238802
CHEMBL1916086,Cc1ccc(S(=O)(=O)Nc2c(C(=O)NCc3ccccc3)cnn2-c2ccccc2)cc1,40.0,train,0.3101994264035282,0.942711232852118,0.0002909945000024,0.3336098491568253,0.774622748350418,2661.984155521395,6180.973037297579,7979.333230866436,4.340115345328873,0.1601616193352497
CHEMBL42,CN1CCN(C2=Nc3cc(Cl)ccc3Nc3ccccc32)CC1,150.0,train,0.289156873179284,0.9346897766842792,0.0004561779566842,0.3554645149123782,0.7295131008363451,1599.1853401659707,3281.97782724972,4498.860710639904,3.788134170866761,0.2091623761471628
CHEMBL42,CN1CCN(C2=Nc3cc(Cl)ccc3Nc3ccccc32)CC1,6.76,train,0.289156873179284,0.9346897766842792,0.0004561779566842,0.3554645149123782,0.7295131008363451,1599.1853401659707,3281.97782724972,4498.860710639904,3.788134170866761,0.2091623761471628
CHEMBL1689116,O=C(O)COc1ccc(Cl)cc1CN1CCC(S(=O)(=O)c2ccccc2)CC1,3.0,train,0.3987148926796687,0.9631079263062576,0.0004024695918642,0.269115444161163,0.8707567682658656,2163.534303877313,7000.386560305864,8039.4282484273,4.504541316849924,0.2443301986388547
CHEMBL254328,C[C@]12CC[C@H]3[C@@H](CC=C4C[C@@H](O)CC[C@@]43C)[C@@H]1CC=C2c1cccnc1,54.95,train,0.6014821134955971,0.987407368546306,0.0010284504297665,0.1581982570714969,0.942943003994581,916.8579998635344,5464.945395934782,5795.626430000205,4.173765516878561,0.2550611136368229
CHEMBL1351332,O=C(NCc1ccccc1)c1cc(-c2ccco2)on1,138.04,train,0.5623574847707217,0.9842456514026894,0.0012727662278154,0.1768063847684679,0.9189349629316012,721.9982294068496,3752.519554344678,4083.552923455354,3.9937903550865848,0.2143431154111948
CHEMBL1144,CC[C@H](C)C(=O)O[C@H]1C[C@H](O)C=C2C=C[C@H](C)[C@H](CC[C@@H](O)C[C@@H](O)CC(=O)O)[C@H]21,26.98,train,0.4318712034270812,0.9686422926176468,0.0003767498160657,0.2484594714484209,0.881911320060388,2340.8407448470184,8308.855924487221,9421.41883825494,4.861995118486332,0.2648556145128518
CHEMBL1144,CC[C@H](C)C(=O)O[C@H]1C[C@H](O)C=C2C=C[C@H](C)[C@H](CC[C@@H](O)C[C@@H](O)CC(=O)O)[C@H]21,3.0,train,0.4318712034270812,0.9686422926176468,0.0003767498160657,0.2484594714484209,0.881911320060388,2340.8407448470184,8308.855924487221,9421.41883825494,4.861995118486332,0.2648556145128518
CHEMBL1201391,CCC(C)(C)C(=O)O[C@H]1C[C@@H](C)C=C2C=C[C@H](C)[C@H](CC[C@@H](O)C[C@@H](O)CC(=O)O)[C@H]21,46.28,train,0.3030871736407949,0.941441758338492,0.0002965061482286,0.3371756451117551,0.8142440406819847,2746.128690910384,6631.614572216458,8144.504891508976,4.47964419698575,0.2966116589107515
CHEMBL481230,COc1cc2c(Nc3ccc(F)c(Cl)c3)c(C(N)=O)cnc2cc1OCCN(C)CCO,12.59,train,0.4621132728131699,0.9731324311004472,0.000325776219994,0.2302461108043593,0.8778397594084311,2694.609690739454,10273.5091348764,11703.171364440856,5.162179724471037,0.1374455861723454
CHEMBL682,CCN(CC)Cc1cc(Nc2ccnc3cc(Cl)ccc23)ccc1O,32.36,train,0.5637714926349493,0.9840503565461152,0.0007870704944723,0.1778901227765718,0.957150822410828,1216.0928774906697,6543.276712895957,6836.202361938162,4.52845944050949,0.3107482918158332
CHEMBL2172005,COc1ccc(N2CCN(C(=O)[C@@H]3CCCC[C@H]3C(=O)NC3(C#N)CC3)[C@H](C)C2)cc1OC,3.0,train,0.6301126141705898,0.9893571291501596,0.0005175548815348,0.1455076321013926,0.966601296538196,1867.63052774542,12406.593822618875,12835.275378847604,5.46065690984525,0.2277494830833661
CHEMBL522460,Cc1ccccc1CN1CCC(N2CCC(n3c(=O)[nH]c4ccccc43)CC2)CC1,19.0,train,0.6954591953048179,0.9933418204536466,0.0007925478863562,0.1152042869768104,0.9558945257688302,1206.1031796622651,10007.504557392109,10469.2560608013,5.176699150779056,0.1811184228934085
CHEMBL1770469,CSCCC(NC(=O)c1cnccn1)c1nc2ccccc2[nH]1,74.0,train,0.3701646845678276,0.957504056176824,0.0007030452027758,0.2884198023800194,0.8766668065245947,1246.9565300540992,3790.188433862012,4323.408170189091,3.7808356471747393,0.2184986218684949
CHEMBL70972,CC1=C(C)C(=O)C(C(CCCCCC(=O)O)c2ccccc2)=C(C)C1=O,85.0,train,0.2958844326177214,0.9394427409640648,0.0003876227072588,0.3427059037278535,0.8312621049787581,2144.513439001641,5201.698412745652,6257.591175623933,4.380665877437993,0.2917121282097671
CHEMBL59356,C[C@H](C#Cc1ccc(Cc2ccc(F)cc2)s1)N(O)C(N)=O,3.0,train,0.7764767473608017,0.996651578285333,0.0015996704629398,0.0817657110368075,0.9798380806263004,612.5249564373186,7340.182945159943,7491.220325370686,4.924881380038605,0.1407017693677524
CHEMBL1921931,C[C@@](C(=O)O[C@H]1C[N+]2(CCOc3ccc(Cl)cc3)CCC1CC2)(c1ccccc1)N1CCCCC1,60.0,train,0.419354887929547,0.966738264840092,0.0002617782121892,0.25576772136837,0.8361159254243247,3193.9859258414435,10441.280408214345,12487.83821802634,5.120882288823254,0.2540640740875007
CHEMBL2334144,Cc1c(Cl)cccc1S(=O)(=O)N1CCC[C@H](C(=O)NC2CCCCC2)C1,18.62,train,0.5512246314746103,0.9831630638983776,0.0006856550064222,0.1827303745575829,0.9243965490415532,1348.1948507384675,6820.24907175737,7378.0555312856195,4.414065869297592,0.1679440768396455
CHEMBL2058631,CC1CNC(Nc2c(Cl)cccc2Cl)=N1,3.0,train,0.231742700263961,0.9145928138926248,0.0009871003539503,0.4043760437711048,0.7465842806991556,756.3408094337917,1396.403589857995,1870.3897549922983,2.870523663369514,0.2239010333591208
CHEMBL2071614,CC(C)(O)c1ccc(Nc2nc3ccc(C#N)cc3[nH]2)cc1,4.79,train,0.6787191882385164,0.9925614261953905,0.0013444277658425,0.1217448776292967,0.913908829288326,679.7753308193187,5102.90608414616,5583.605191909423,4.409087287161421,0.102006178225426
CHEMBL1801962,COc1ccccc1C(=O)/C=C/c1ccccc1C(F)(F)F,150.0,train,0.308426539346524,0.9428933241562508,0.0007573745831533,0.3330948502477561,0.8569796771715876,1131.513647584415,2911.1353709037703,3396.9713033473627,3.484969182930993,0.239141647237842
CHEMBL1448843,O=C(CSc1ccccc1)N1CCN(C(=O)c2ccco2)CC1,64.57,train,0.3792772592582943,0.9590094218155464,0.000756616960824,0.2833741852551342,0.9012090863086564,1191.103468427497,3788.041834206447,4203.288550631718,3.7276744086691775,0.4049836450653649
CHEMBL655,Cc1ncc2n1-c1ccc(Cl)cc1C(c1ccccc1F)=NC2,32.36,train,0.1385931565985906,0.8482952891862304,0.0003944821907498,0.5295234672273267,0.6930397221531492,1756.8339925201865,2299.3423661102747,3317.76418091395,3.364159728243093,0.4013193212582311
CHEMBL655,Cc1ncc2n1-c1ccc(Cl)cc1C(c1ccccc1F)=NC2,121.0,train,0.1385931565985906,0.8482952891862304,0.0003944821907498,0.5295234672273267,0.6930397221531492,1756.8339925201865,2299.3423661102747,3317.76418091395,3.364159728243093,0.4013193212582311
CHEMBL1164729,Cc1nc(-c2ccc(OCC(C)C)c(C#N)c2)sc1C(=O)O,7.0,train,0.7124621561529145,0.9942335585443186,0.001413140595525,0.1072363327622748,0.9077737068525504,642.3803192174796,5437.858126665816,5990.3234535400425,4.367600050796174,0.0491558174326393
CHEMBL1164729,Cc1nc(-c2ccc(OCC(C)C)c(C#N)c2)sc1C(=O)O,12.73,train,0.7124621561529145,0.9942335585443186,0.001413140595525,0.1072363327622748,0.9077737068525504,642.3803192174796,5437.858126665816,5990.3234535400425,4.367600050796174,0.0491558174326393
CHEMBL1272,CCOc1cc(CC(=O)N[C@@H](CC(C)C)c2ccccc2N2CCCCC2)ccc1C(=O)O,29.51,train,0.4152482735680666,0.9649396157763912,0.0004038851167336,0.2624719754665442,0.9417567586514604,2331.7441510786207,8366.362960544739,8883.783295088715,4.651118816811055,0.3757206828930654
CHEMBL559968,O=C(NCCc1ccccc1Cl)c1cc(-n2ncc(=O)[nH]c2=O)ccc1Cl,8.0,train,0.3186973949041753,0.945181767448758,0.0003547986541911,0.3265446776207531,0.7822419866177325,2204.749024206465,5281.504721665581,6751.753053427644,4.19134018241415,0.2482263675764611
CHEMBL1486510,CCOC(=O)c1c(C)n(Cc2ccco2)c2ccc(O)cc12,150.0,train,0.2851367141169293,0.934750870450805,0.0005829002534063,0.3553038280000123,0.7567426531357869,1298.2369602922174,2765.0455872106104,3653.8783373090255,3.590389443384153,0.2347767139702738
CHEMBL1090488,C[C@H]1CN(C(=O)[C@@H]2CN(C(C)(C)C)C[C@H]2c2ccc(F)cc2F)C[C@@H](C)[C@]1(O)c1ccccc1,25.12,train,0.4106847878287084,0.9651632425627428,0.0003378295039813,0.261648457296755,0.879255130589156,2602.6593895058204,8746.092543567287,9947.161226920402,4.756695255792225,0.2665766450795
CHEMBL210730,O=C(Nc1nc2ccccc2[nH]1)c1ccccc1,150.0,train,0.7660339248333253,0.9963637156911486,0.0033624519560213,0.0852017960733697,0.9254408705074896,275.2279832133317,2989.458393032355,3230.3072927749645,3.699646886499477,0.0244214644436847
CHEMBL210887,O=C(Nc1nc2ccccc2n1CCCO)c1cccc([N+](=O)[O-])c1,85.11,train,0.4680066305595357,0.9737623844913406,0.0006886598307361,0.227567173708641,0.9026489063660212,1310.7326231024394,5199.042328910191,5759.761400300192,4.245640512917754,0.2290057092981465
CHEMBL394859,O=C([C@@H]1CCCN1)N1CCN(c2nc(NCc3ccc(Cl)cc3Cl)c3cccnc3n2)CC1,6.0,train,0.4855177794815055,0.9761882542066196,0.0002647229306928,0.2169250846468258,0.8390587634321691,3169.5734148760243,12259.800909715905,14611.37341509574,5.557000849900516,0.0861421758140071
CHEMBL1950864,CN[C@@H](C)C(=O)N[C@H](C(=O)N[C@H]1C[C@@H]2CC[C@H]1N(CCc1ccccc1)C2)C1CCCCC1,19.95,train,0.4125306643285479,0.965243719954693,0.0003017466317473,0.2613514130209095,0.7960461201117871,2638.127608921206,8035.43100520178,10094.177714318086,4.778996215507939,0.1197547468499331
CHEMBL1526762,Cc1cc(C)nc(SCC(N)=O)n1,3.0,train,0.1521361937113432,0.87081046063529,0.0016781407820884,0.491618898790673,0.8994877362284314,536.0025486711746,980.6940300767204,1090.280601477446,2.5705780817605786,0.233325319854996
CHEMBL1852508,Cc1cc(-c2ccc(Cl)c(C(=O)NCC3(O)CCCCCC3)c2)nn1C[C@H](O)CN,3.0,train,0.6894481308761101,0.9930177385835391,0.0007107135363212,0.1179651256025868,0.9593498987016352,1349.8404767515055,10977.560681769211,11442.707917753492,5.227233923882757,0.1487194018041516
CHEMBL560241,Cc1cc(-c2ccc(Cl)c(C(=O)NCC3(O)CCCCCC3)c2)n[nH]1,57.0,train,0.4229064123304417,0.96729622469556,0.0004963828231597,0.253649391266206,0.8311301704796933,1674.373349966202,5486.400739450432,6601.132932382798,4.360599708580399,0.1487852194714718
CHEMBL1276946,Cc1c2c(=O)n(-c3ccccc3Cl)[nH]c2cc(=O)n1Cc1ccccn1,3.0,train,0.5378933283124006,0.9815839111516116,0.0008236105834011,0.1910314774279496,0.9495951109586604,1152.9661348416205,5731.259682894121,6035.477243672989,4.196544848597431,0.2450254797356454
CHEMBL190243,C[C@@H](C(=O)NCCN1CCCC1)c1ccc(OS(=O)(=O)C(F)(F)F)cc1,6.0,train,0.7537771606801172,0.9958817712784812,0.001076840275241,0.0906614451419955,0.965347892796444,896.4633985113392,9545.392215694965,9888.033409430906,5.07663330383985,0.1371419395805678
CHEMBL585640,CCn1c(SCC(=O)Nc2cccc(C)c2)nnc1-c1ccccc1,150.0,train,0.7502946638923697,0.9957273411541632,0.0012596833380497,0.0923420926666748,0.9737080412610856,772.9784239018458,8150.728290200113,8370.81336993356,4.953161550135446,0.1230798795115375
CHEMBL361546,O=c1c2sccc2n(CC2COc3ccccc3O2)c(=O)n1O,134.9,train,0.4498389487392638,0.9713064851034802,0.0008230073596068,0.2378312679105144,0.8180917848442103,994.0273015724016,3419.254232093713,4179.548426518968,3.59553701033732,0.124200717044947
CHEMBL361546,O=c1c2sccc2n(CC2COc3ccccc3O2)c(=O)n1O,14.79,train,0.4498389487392638,0.9713064851034802,0.0008230073596068,0.2378312679105144,0.8180917848442103,994.0273015724016,3419.254232093713,4179.548426518968,3.59553701033732,0.124200717044947
CHEMBL2018969,COc1cccc2c1c(NS(=O)(=O)c1ccc(Cl)s1)nn2Cc1cccc(CNC(=O)C(C)(C)O)c1,25.0,train,0.6269050212234781,0.9890750853928733,0.000396539440383,0.1474126027688298,0.973374518721974,2454.6726494131194,16208.355078631748,16651.71500473741,5.670842505220882,0.1480304947151771
CHEMBL2018964,COc1cccc2c1c(NS(=O)(=O)c1ccc(Cl)s1)nn2Cc1cccc(CNC(C)=O)c1,13.0,train,0.2926658404243473,0.9380417116913184,0.0002014942467093,0.3465223616553791,0.7889733220769898,3915.612157477158,8915.192419593874,11299.738749244943,4.887804577094588,0.1715417628430385
CHEMBL2018969,COc1cccc2c1c(NS(=O)(=O)c1ccc(Cl)s1)nn2Cc1cccc(CNC(=O)C(C)(C)O)c1,40.0,train,0.6269050212234781,0.9890750853928733,0.000396539440383,0.1474126027688298,0.973374518721974,2454.6726494131194,16208.355078631748,16651.71500473741,5.670842505220882,0.1480304947151771
CHEMBL2018964,COc1cccc2c1c(NS(=O)(=O)c1ccc(Cl)s1)nn2Cc1cccc(CNC(C)=O)c1,150.0,train,0.2926658404243473,0.9380417116913184,0.0002014942467093,0.3465223616553791,0.7889733220769898,3915.612157477158,8915.192419593874,11299.738749244943,4.887804577094588,0.1715417628430385
CHEMBL605846,COc1ccc(CC(C)(C)NC[C@H](O)c2cc(O)cc3c2OCC(=O)N3)cc1,14.0,train,0.5225036336013856,0.980429349800704,0.0005283728210596,0.1968712524706665,0.8926903993896649,1689.5085511767163,7660.885194738717,8581.794091183783,4.816772224159632,0.1971653513658934
CHEMBL1532611,Nc1ccc(OCCc2ccccc2)cc1,150.0,train,0.6474596666688818,0.9906759872849806,0.002787007164674,0.1362390847625186,0.9386517105096278,336.7955857477744,2320.433620097347,2472.092251168967,3.467687035795088,0.1303857512082954
CHEMBL1498024,N#Cc1ccccc1CSc1nc(O)cc(O)n1,3.0,train,0.5268704810037365,0.980553908480566,0.0015573439893379,0.1962499237286118,0.9375823735524088,602.0393567325949,2876.238004748927,3067.7176596773465,3.552875209102301,0.1924366304458689
CHEMBL1917433,Cc1c(Sc2ccc(Cl)cc2)c2c(NS(C)(=O)=O)cccc2n1CC(=O)O,5.0,train,0.1822898791209493,0.8808514866842306,0.000222072014269,0.4733927105545465,0.6796026274642832,3060.28037662144,4393.338846077722,6464.57013044526,4.046850537079801,0.3659422889364366
CHEMBL1917443,Cc1ccc2c(c1)c(Sc1ccc(S(C)(=O)=O)cc1)c(C)n2CC(=O)O,3.0,train,0.3048898993955222,0.9391080209395576,0.0004898167711459,0.3436220671129654,0.9522539546389052,1944.1023883504345,5387.5445284514735,5657.676192580824,4.083434993264977,0.3866401968377954
CHEMBL1917433,Cc1c(Sc2ccc(Cl)cc2)c2c(NS(C)(=O)=O)cccc2n1CC(=O)O,4.76,train,0.1822898791209493,0.8808514866842306,0.000222072014269,0.4733927105545465,0.6796026274642832,3060.28037662144,4393.338846077722,6464.57013044526,4.046850537079801,0.3659422889364366
CHEMBL1917426,Cc1c(Sc2ccc(Cl)cc2)c2cc(F)ccc2n1CC(=O)O,34.0,train,0.234627024875696,0.9162440185103174,0.0005287328655285,0.4006206416849551,0.9083307792362492,1717.9389412991177,3895.098392003613,4288.193773724946,3.761932577410256,0.3716140838004115
CHEMBL1929039,Cc1cc(F)ccc1-n1nc(C(F)(F)F)cc1-c1ccc2c(c1)NC(=O)CO2,28.18,train,0.2546461887858445,0.9237354664748578,0.0003157382718432,0.3830310535406716,0.7453437316618834,2360.637902116288,4593.58750890156,6163.045738184846,4.093912047085786,0.3230243460609446
CHEMBL1929039,Cc1cc(F)ccc1-n1nc(C(F)(F)F)cc1-c1ccc2c(c1)NC(=O)CO2,10.72,train,0.2546461887858445,0.9237354664748578,0.0003157382718432,0.3830310535406716,0.7453437316618834,2360.637902116288,4593.58750890156,6163.045738184846,4.093912047085786,0.3230243460609446
CHEMBL495727,O=C(Nc1c[nH]nc1-c1nc2ccc(CN3CCOCC3)cc2[nH]1)NC1CC1,3.0,train,0.4221164153267181,0.9666850734780856,0.0003737828481558,0.255968686980787,0.7872114143438187,2106.066177802916,6477.03964920661,8227.827405939683,4.694267099817838,0.0965626826042815
CHEMBL1294,C=C[C@H]1CN2CC[C@H]1C[C@@H]2[C@@H](O)c1ccnc2ccc(OC)cc12,72.44,train,0.387932505558846,0.9611103587864296,0.0007474653269717,0.276164585407725,0.8693042252822142,1163.0027426209776,3660.872000233449,4211.266773775279,3.731607819669352,0.251026026125964
CHEMBL1294,C=C[C@H]1CN2CC[C@H]1C[C@@H]2[C@@H](O)c1ccnc2ccc(OC)cc12,6.17,train,0.387932505558846,0.9611103587864296,0.0007474653269717,0.276164585407725,0.8693042252822142,1163.0027426209776,3660.872000233449,4211.266773775279,3.731607819669352,0.251026026125964
CHEMBL1790041,CNC(=C[N+](=O)[O-])NCCSCc1ccc(CN(C)C)o1,3.0,train,0.593321593127102,0.9867446732010166,0.0009151505704359,0.1622804668141526,0.9445706512736612,1032.147803638123,6007.725650738119,6360.271349355697,4.616266595401696,0.2257905357707439
CHEMBL2164850,O=C(Nc1cc(-c2ccncc2)c[nH]c1=O)[C@H](Cc1ccccc1)NC1(c2ccccn2)CC1,150.0,train,0.2846617245946383,0.934901997373014,0.0003032382905367,0.35490598094136,0.901677909245282,2973.4962153002884,7554.496104712641,8378.26459676257,4.575562316264145,0.3494554413785713
CHEMBL6966,COc1ccc(CCN(C)CCCC(C#N)(c2ccc(OC)c(OC)c2)C(C)C)cc1OC,26.3,train,0.3932902916583357,0.9617379062419188,0.0002964441686123,0.2739711658138686,0.9017216691995148,3041.7925689697013,10011.456003050644,11102.601107432756,5.154377130067167,0.3061628955021253
CHEMBL6966,COc1ccc(CCN(C)CCCC(C#N)(c2ccc(OC)c(OC)c2)C(C)C)cc1OC,104.71,train,0.3932902916583357,0.9617379062419188,0.0002964441686123,0.2739711658138686,0.9017216691995148,3041.7925689697013,10011.456003050644,11102.601107432756,5.154377130067167,0.3061628955021253
CHEMBL583042,Cc1cnc(Nc2ccc(F)cc2Cl)nc1-c1c[nH]c(C(=O)N[C@H](CO)c2cccc(Cl)c2)c1,12.88,train,0.6306598890162067,0.989513167477964,0.0003723451622865,0.1444426923998819,0.9492266603420234,2549.3191707202195,16753.23051905829,17649.346798815994,6.076613898205538,0.1549102919946207
CHEMBL583042,Cc1cnc(Nc2ccc(F)cc2Cl)nc1-c1c[nH]c(C(=O)N[C@H](CO)c2cccc(Cl)c2)c1,8.51,train,0.6306598890162067,0.989513167477964,0.0003723451622865,0.1444426923998819,0.9492266603420234,2549.3191707202195,16753.23051905829,17649.346798815994,6.076613898205538,0.1549102919946207
CHEMBL2170837,CCn1c(C)c(C(=O)O)c(-c2cccc(N3CCN(c4ccc(NS(=O)(=O)c5ccc(N[C@H](CCN6CCC(O)CC6)CSc6ccccc6)c(S(=O)(=O)C(F)(F)F)c5)cc4)CC3)c2)c1-c1ccc(Cl)cc1,17.38,train,0.6254692399616012,0.9890187116932356,8.731066784866778e-05,0.1477903512434156,0.967797766881094,11084.53057029114,72586.4973091802,75001.72018695963,8.628157807877486,0.1403249894668214
CHEMBL2169920,O=C1COc2c(CCNCCN(C(=O)CCNCCc3ccc(Cl)c(Cl)c3)C3CCCCC3)ccc(O)c2N1,22.0,train,0.296426524532989,0.939554390903482,0.0001449444453643,0.3423996882796283,0.8179642065599367,5643.2946050722985,13481.358634451104,16481.5997158957,5.552035272484102,0.3496023343379508
CHEMBL1689115,O=C(O)COc1ccc(Cl)cc1CN1CCCN(S(=O)(=O)Cc2ccccc2)CC1,18.0,train,0.2785549186875031,0.9328424823488825,0.0002934494805371,0.3602844752763778,0.7617611886701777,2595.885285862056,5488.564722342771,7205.098925982659,4.108207894142684,0.2978040746678654
CHEMBL38043,COc1ccc(/C=C2\NC(=O)NC2=O)cc1,39.81,train,0.5990149148523046,0.9873987411923032,0.0023381970575666,0.1582520960109364,0.9019382897487884,385.74092240431,2198.4827791185776,2437.50908915388,3.3921299955117483,0.1400434942337897
CHEMBL1427959,O=C(Nc1nc2ccccc2s1)c1ccccc1,64.57,train,0.7284979646814671,0.9949357711384168,0.0026574576194803,0.1005127420241018,0.9157738460683372,344.6052495269514,3139.70615445913,3428.473272018776,3.6866030876185314,0.035272015434256
CHEMBL1868126,COc1cccc2sc(NC(=O)c3ccccc3)nc12,16.0,train,0.6100675922158123,0.988208930115028,0.0013766124504611,0.1531114314507955,0.8637053530385259,627.4135852462788,3539.255475646518,4097.757948582088,3.812171206774561,0.0493815797472121
CHEMBL1427959,O=C(Nc1nc2ccccc2s1)c1ccccc1,77.62,train,0.7284979646814671,0.9949357711384168,0.0026574576194803,0.1005127420241018,0.9157738460683372,344.6052495269514,3139.70615445913,3428.473272018776,3.6866030876185314,0.035272015434256
CHEMBL379787,O=C(Nc1nc2ccccc2n1CCN1CCOCC1)c1cccc([N+](=O)[O-])c1,150.0,train,0.267816015826361,0.915381472987662,0.0002159462469267,0.4025875791811488,0.6208908741306854,2875.2103033360504,4434.294376838205,7141.825659858018,4.274744377247469,0.0791544705236973
CHEMBL631,CCCNCC(O)COc1ccccc1C(=O)CCc1ccccc1,38.02,train,0.2125255483010583,0.905435613839518,0.0002978606847664,0.4244836265288162,0.7415306165807194,2489.521627072668,4348.946323819891,5864.823685734474,4.312994873722301,0.2332553775180263
CHEMBL2178393,Nc1nnc(CCSCCc2nnc(NC(=O)Cc3ccccc3)s2)s1,72.44,train,0.4404590801519988,0.9700767543832044,0.000378823621168,0.2427984567606395,0.848535894144486,2239.923401629705,7828.119798515702,9225.443322475116,4.871099133081486,0.1807451088841084
CHEMBL2011441,COc1nc(Br)cnc1NS(=O)(=O)c1ccc(Cl)s1,3.0,train,0.5361810377700501,0.9818290833348596,0.00088454792681,0.189767360517633,0.8987545599186508,1016.0608969598766,4812.151899076821,5354.244766794156,3.8125264015458575,0.2189218752422078
CHEMBL464081,CC1(C)[C@@H]2CC[C@@]1(CS(=O)(=O)N1CCN(c3ccc(C(F)(F)F)cn3)CC1)C(=O)C2,141.0,train,0.7502498820643617,0.9957288969319832,0.000922355779584,0.0923253151341304,0.9725605859932046,1054.4310639348057,11107.442113141196,11420.822798199231,5.144633745855635,0.1671760992287113
CHEMBL480208,CC1(C)[C@@H]2CC[C@@]1(CS(=O)(=O)N1CCN(c3ccc(C#N)cn3)CC1)C(=O)C2,150.0,train,0.635768061638141,0.98974149377918,0.0008702903561631,0.1428697850903313,0.967517092075446,1111.717583934774,7528.574102198351,7781.3344734289,4.516472297134635,0.2335638175287036
CHEMBL1300857,Cc1[nH]c2ccc(-c3nnc(SCC(=O)N4CCCc5ccccc54)o3)cc2c1C,150.0,train,0.5808078383390967,0.9853188164298348,0.0007075035502106,0.1707244270434354,0.980822126385992,1386.3140702176422,7964.45791464714,8120.185811869432,4.56861134057797,0.2125367632596167
CHEMBL2181926,CCOC(=O)C1=C(C)NC(C)=C(C(C)=O)[C@H]1c1cccc2c(=O)cc(C)oc12,45.71,train,0.0989140769892501,0.8207471056547543,0.0003429343871103,0.571291684307888,0.7898457651208441,2303.1979142607,3184.3122677654155,4031.562120584675,3.5324500506420984,0.464653368532842
CHEMBL2181926,CCOC(=O)C1=C(C)NC(C)=C(C(C)=O)[C@H]1c1cccc2c(=O)cc(C)oc12,104.71,train,0.0989140769892501,0.8207471056547543,0.0003429343871103,0.571291684307888,0.7898457651208441,2303.1979142607,3184.3122677654155,4031.562120584675,3.5324500506420984,0.464653368532842
CHEMBL1600648,Cc1nc2ncnn2c(O)c1CCOC(=O)c1c(F)cccc1F,64.34,train,0.6730063750409196,0.9922152079303412,0.0012263064526632,0.1245350599299239,0.9332653619435738,761.0376345298956,5703.2137282616095,6111.031182368506,4.336979627262549,0.0983380115504015
CHEMBL1904754,Cc1nc2ncnn2c(O)c1CCOC(=O)c1ccccc1F,129.0,train,0.3197894934965037,0.9459414888979152,0.0007990597275841,0.3243373237566028,0.8583969988159341,1074.2588684967725,2843.1528569960265,3312.1654210322827,3.380627708033369,0.3426322751010069
CHEMBL2170985,Nc1ncnc2c1ncn2[C@@H]1O[C@H](CSCCCNC(=O)NCc2ccccc2)[C@@H](O)[C@H]1O,14.45,train,0.777106160727532,0.9967259856995722,0.0007046350060162,0.0808536296724905,0.946094243990703,1342.6727822388834,15711.044711099625,16606.215301373308,5.961486667675612,0.077518892167885
CHEMBL1309980,N=c1c(S(=O)(=O)c2ccc(Cl)cc2)cc2c(=O)n3ccccc3nc2n1C1CCCC1,35.48,train,0.2318697740443476,0.9159705144159388,0.0003126232047331,0.4012455815589755,0.8861077491265834,2834.4273096515976,6259.52812653997,7064.071082450015,4.21407806063416,0.2593936310950943
CHEMBL1302675,CCn1c(SCC(=O)Nc2cc(C)on2)nnc1-c1ccccc1,150.0,train,0.7915589305494004,0.997110884519504,0.0016659796907945,0.0759597523214258,0.9890767985212606,593.6907898616319,7730.485787567126,7815.860001088638,4.8476306874417325,0.12311038491872
CHEMBL505,CN(C)CCC(c1ccc(Cl)cc1)c1ccccn1,23.0,train,0.3059438001574363,0.9419860293818444,0.0007278470558409,0.3356520824446452,0.7945862531210878,1091.6939853565827,2584.357668993075,3252.4570603151906,3.550589568467643,0.3866961332793312
CHEMBL1922094,Cc1c(CN2CCN(C(=O)[C@H](C)O)CC2)sc2c(N3CCOCC3)nc(-c3cnc(N)nc3)nc12,3.0,train,0.4907303357357979,0.9768072825526334,0.0002751759431006,0.2141203697739655,0.8356573587011963,3036.811100872834,11851.901554760074,14182.728640337296,5.399287897803259,0.0951633413578687
CHEMBL1078685,N#Cc1cc(-c2n[nH]c(-c3ccncc3)n2)ccn1,3.0,train,0.7479891314659691,0.9957058564699646,0.0025784945065941,0.0925734702353443,0.9074265298517848,351.92106383441217,3449.611523962128,3801.532587465316,3.913232078624155,1.5671168101070152e-10
CHEMBL2030560,Nc1nc2ccc(C(=O)c3ccccc3)cc2[nH]1,3.0,train,0.5275483907650252,0.98100999236382,0.001653334577428,0.1939571985834443,0.8657181759006932,523.6194704446283,2337.149103668812,2699.665051201266,3.42314455453429,0.1398011141618846
CHEMBL1502752,Nc1c(-c2ccccc2)nc(Cl)nc1-c1ccccc1,46.77,train,0.341279913845292,0.9505003196575332,0.0007225035865697,0.3107235786529999,0.770664599173795,1066.6585100743157,2645.5538285356424,3432.821270591456,3.5608875618518585,0.2290383015421071
CHEMBL1957840,O=c1cc(N2CCOCC2)nc2n(Cc3cccc(Cl)c3Cl)ccn12,24.55,train,0.4078472655914428,0.964805335793905,0.0005125080730171,0.2629651384187839,0.8379820855169479,1635.0612402720717,5210.39418498542,6217.7870804614495,4.150012642458136,0.2444831106457905
CHEMBL1951032,COc1c(Nc2ccc(S(C)(=O)=O)nc2C)ncnc1OC1CCN(C(=O)OC(C)C)CC1,6.31,train,0.6723742062304298,0.9920540059500184,0.0005071482877186,0.1258127548324129,0.964889657773064,1902.57895203283,14591.356467462423,15122.305799337542,5.7414170862827145,0.1973790722830221
CHEMBL1526668,O=C(c1csc2c1CCCC2)N1CCCCC1,150.0,train,0.4417940699909141,0.969941821938101,0.0015508938590741,0.2433369311374607,0.9058371918641632,584.07426566569,2174.253575803737,2400.2697121866267,3.216035888826217,0.2435871355372827
CHEMBL1645392,Cc1noc(C)c1-c1ccc(CNS(=O)(=O)c2c(C)noc2C)cc1,19.05,train,0.6301545102317321,0.989468911742188,0.0009450931617593,0.1447455446489809,0.9507878279615296,1006.0255077833558,6608.264245637807,6950.303791547053,4.4887590482425015,0.1545752218782707
CHEMBL131087,Clc1ccc(Cn2c(-c3nn[nH]n3)cc3ccccc32)cc1Cl,12.88,train,0.2164954038314649,0.9016292169521196,0.0003546129402305,0.4325098324180709,0.6844100677006788,1930.0200022474448,3054.0926966141446,4462.37254643926,3.704345961147596,0.2401214237499563
CHEMBL256963,Clc1ccc2ncc(-c3cccc(NC4CNC4)n3)n2c1,19.05,train,0.3032558967338709,0.9408879540599608,0.0005983990673703,0.3387179621821984,0.7788670542686764,1301.584672735857,2992.936699913564,3842.679804609025,3.684105571047064,0.1756743380392922
CHEMBL472658,O=C(c1ccc(O)cc1O)N1CCCC1,150.0,train,0.4488046960340134,0.97130977219978,0.0021144945942421,0.2378178429580324,0.8536796351046272,403.7275088946635,1449.235045562655,1697.633381385555,2.9269166982845736,0.1823430522471607
CHEMBL1088751,CNC(=O)c1ccc(C)c(-n2c(C)cc(OCc3ccc(F)cc3F)c(Br)c2=O)c1,3.0,train,0.6152121288616762,0.9882365820363952,0.0005791565281708,0.1529328543022171,0.9711518968469216,1676.8383841135876,10648.233728898822,10964.539907166814,4.939331074413803,0.1388919907923462
CHEMBL2105717,COc1cc2nccc(Oc3ccc(NC(=O)C4(C(=O)Nc5ccc(F)cc5)CC4)cc3)c2cc1OC,3.16,train,0.580365181473845,0.9859200233397876,0.0002977785875435,0.167217545663345,0.8915580148447578,2994.029967699769,15963.345256617144,17904.998879289706,6.062267875774162,0.1287064132812013
CHEMBL2105717,COc1cc2nccc(Oc3ccc(NC(=O)C4(C(=O)Nc5ccc(F)cc5)CC4)cc3)c2cc1OC,6.76,train,0.580365181473845,0.9859200233397876,0.0002977785875435,0.167217545663345,0.8915580148447578,2994.029967699769,15963.345256617144,17904.998879289706,6.062267875774162,0.1287064132812013
CHEMBL578194,C[C@H](Nc1nc(Nc2cc(C3CC3)[nH]n2)cnc1C#N)c1ccc(F)cn1,3.0,train,0.3404549898432872,0.9506279774775708,0.0003791939118556,0.3103328027084848,0.7840026847525978,2067.55082357711,5223.313109022425,6662.366354868682,4.375627568956331,0.1670654682723485
CHEMBL578194,C[C@H](Nc1nc(Nc2cc(C3CC3)[nH]n2)cnc1C#N)c1ccc(F)cn1,7.94,train,0.3404549898432872,0.9506279774775708,0.0003791939118556,0.3103328027084848,0.7840026847525978,2067.55082357711,5223.313109022425,6662.366354868682,4.375627568956331,0.1670654682723485
CHEMBL173706,CC(C)(C)NCC(O)COc1nsnc1N1CCOCC1,150.0,train,0.5038358461396693,0.9784193240138628,0.0007806596099202,0.2066292002507282,0.8600137814580778,1101.6501565207932,4585.190843325599,5331.531822143375,4.172602048202529,0.165028033435292
CHEMBL173706,CC(C)(C)NCC(O)COc1nsnc1N1CCOCC1,4.57,train,0.5038358461396693,0.9784193240138628,0.0007806596099202,0.2066292002507282,0.8600137814580778,1101.6501565207932,4585.190843325599,5331.531822143375,4.172602048202529,0.165028033435292
CHEMBL369533,CCN(CC)CCN1C(=O)C(O)(c2ccccc2Cl)c2c1cc(C(N)=O)cc2C(F)(F)F,15.14,train,0.1911787564315328,0.8908468886248776,0.0002281223977536,0.4543036660950193,0.7089766138874035,3107.8781429131195,4850.088358468944,6840.970863446863,3.968274486333448,0.1936580612253752
CHEMBL360227,CCN(CC)CCN1C(=O)[C@@](O)(c2ccccc2Cl)c2c1cc(C(N)=O)cc2C(F)(F)F,56.23,train,0.2041553672284443,0.8996449135850553,0.0002355004219487,0.4366222961101946,0.72311501929221,3070.546597362074,5085.306869965094,7032.500687017437,4.020145728406872,0.1900165980488465
CHEMBL360227,CCN(CC)CCN1C(=O)[C@@](O)(c2ccccc2Cl)c2c1cc(C(N)=O)cc2C(F)(F)F,11.48,train,0.2041553672284443,0.8996449135850553,0.0002355004219487,0.4366222961101946,0.72311501929221,3070.546597362074,5085.306869965094,7032.500687017437,4.020145728406872,0.1900165980488465
CHEMBL560993,Cc1c(Cc2ccc3ccccc3n2)c2cc(F)ccc2n1CC(=O)O,4.04,train,0.2964822912365317,0.9395559406585496,0.0004702313530176,0.3423954356781461,0.815907068563974,1735.118390826104,4134.679415531488,5067.586217642009,3.962023025727616,0.3128520850214216
CHEMBL560993,Cc1c(Cc2ccc3ccccc3n2)c2cc(F)ccc2n1CC(=O)O,10.0,train,0.2964822912365317,0.9395559406585496,0.0004702313530176,0.3423954356781461,0.815907068563974,1735.118390826104,4134.679415531488,5067.586217642009,3.962023025727616,0.3128520850214216
CHEMBL29609,Cc1cc(CCCOc2c(C)cc(-c3noc(C(F)(F)F)n3)cc2C)on1,13.49,train,0.833935873546971,0.998258605194676,0.001374122931712,0.0589894664730893,0.97309656435331,708.1583036685631,11681.855312804242,12004.826386955385,5.655484757040044,0.0725379592592285
CHEMBL1829174,Cc1cc(OCCCS(C)(=O)=O)cc(C)c1-c1cccc(COc2ccc3c(c2)OC[C@H]3CC(=O)O)c1,5.25,train,0.5228945849788573,0.9804396229578022,0.0002394812462312,0.1968200846823381,0.8993886623380462,3755.570327497331,17161.446600410825,19081.235197915456,6.1741457694309,0.1748822248381937
CHEMBL1829174,Cc1cc(OCCCS(C)(=O)=O)cc(C)c1-c1cccc(COc2ccc3c(c2)OC[C@H]3CC(=O)O)c1,10.0,train,0.5228945849788573,0.9804396229578022,0.0002394812462312,0.1968200846823381,0.8993886623380462,3755.570327497331,17161.446600410825,19081.235197915456,6.1741457694309,0.1748822248381937
CHEMBL2088415,O=S(=O)(Nc1ccc(C(F)(F)F)cc1)c1ccc2sc(CO)nc2c1,15.49,train,0.4039379215760287,0.9641179169192216,0.0004672716556864,0.2654743721630039,0.8357020256484259,1788.4714715271637,5630.032079525758,6736.889353782987,4.268849348547852,0.2065976138077747
CHEMBL2035040,NC(=O)c1cnc(-c2ccc(C3(N)CCC3)cc2)c(-c2ccccc2)c1,5.13,train,0.4197083413154127,0.966582089954072,0.0005335499503103,0.2563572963268609,0.8071237078919187,1512.7425415790742,4762.768162792544,5900.914712606017,4.210423623500447,0.1627546949917856
CHEMBL2035040,NC(=O)c1cnc(-c2ccc(C3(N)CCC3)cc2)c(-c2ccccc2)c1,3.0,train,0.4197083413154127,0.966582089954072,0.0005335499503103,0.2563572963268609,0.8071237078919187,1512.7425415790742,4762.768162792544,5900.914712606017,4.210423623500447,0.1627546949917856
CHEMBL336718,COc1ccc(-c2nc(O)c3ccccc3n2)cc1,150.0,train,0.6749121269296279,0.992327927201356,0.0020450854273419,0.1236336721781762,0.8773149479441651,428.98694412216025,3044.1274769293304,3469.822877249172,3.7095500738989062,0.0087501153533811
CHEMBL346886,Cc1cccc2c(O)nc(-c3ccc(C(F)(F)F)cc3)nc12,45.71,train,0.6526611070402533,0.9910721049964392,0.00131520742062,0.1333269766323636,0.8851150400400809,672.9851323548692,4467.732468074783,5047.629139679369,4.09172633880728,0.0211630559342648
CHEMBL472455,COc1ccc(N(C(=O)c2ccco2)C(C(=O)NC2CCCC2)c2ccccc2F)c(OC)c1,150.0,train,0.0641881659285217,0.7607973831250235,0.0002094402724835,0.6489894774417505,0.7782726445230784,3715.9646294106665,4456.210338703423,5725.770229832717,3.85949325480424,0.497308789017695
CHEMBL1778636,N#Cc1cccc(-c2cc(Cl)ccc2OCC(=O)O)c1,5.0,train,0.1882787132917068,0.8852872563557304,0.0004577168338445,0.4650445932748207,0.6826731416394146,1491.4748402530631,2189.44554908522,3207.165209147304,3.4598942852977093,0.2385885028750607
CHEMBL1956129,C[C@@](CCc1ccc(-c2ccc(Cl)cc2)cc1)(C(=O)NO)S(C)(=O)=O,3.0,train,0.7569536849441603,0.9960205839826156,0.0010871518315751,0.0891234889517285,0.95478686738589,878.2461102995073,9408.71887209086,9854.260875886344,5.13527761123987,0.1396924825133344
CHEMBL1778639,CCS(=O)(=O)c1ccc(-c2cc(C(F)(F)F)ccc2OCC(=O)O)c(C)c1,3.0,train,0.2962183837764719,0.9372353027861812,0.0002913980383218,0.3486975583672691,0.7365863401094405,2527.766982754847,5339.637705509231,7249.167429192182,4.333991674072589,0.2202316587181318
CHEMBL898,O=C(O)c1cc(-c2ccc(F)cc2F)ccc1O,10.23,train,0.5366516093968903,0.9819374637329076,0.0015937861668866,0.1892057539235648,0.8673503590559719,544.2074834607798,2494.736795221037,2876.273433421207,3.4381650107714457,0.1098607714721415
CHEMBL1778639,CCS(=O)(=O)c1ccc(-c2cc(C(F)(F)F)ccc2OCC(=O)O)c(C)c1,4.0,train,0.2962183837764719,0.9372353027861812,0.0002913980383218,0.3486975583672691,0.7365863401094405,2527.766982754847,5339.637705509231,7249.167429192182,4.333991674072589,0.2202316587181318
CHEMBL1778628,N#Cc1cccc(-c2cc(C(F)(F)F)ccc2OCC(=O)O)c1,3.0,train,0.2116706951153974,0.8927548066567434,0.0003141229062643,0.4505428450117485,0.6462949500066493,2057.4588389388014,2951.3846955399254,4566.621935556762,3.860474405623458,0.1944611814974477
CHEMBL1778644,CCS(=O)(=O)c1ccc(-c2cc(Cl)ccc2OCC(=O)O)c(F)c1,3.0,train,0.3475207284047214,0.9528124306605008,0.0005277458740238,0.3035596679053856,0.8405680172737026,1592.751471204729,4410.388097333201,5246.913999461755,3.884398368501576,0.2515734647030018
CHEMBL1778644,CCS(=O)(=O)c1ccc(-c2cc(Cl)ccc2OCC(=O)O)c(F)c1,4.24,train,0.3475207284047214,0.9528124306605008,0.0005277458740238,0.3035596679053856,0.8405680172737026,1592.751471204729,4410.388097333201,5246.913999461755,3.884398368501576,0.2515734647030018
CHEMBL212521,CC[C@H](N)C(=O)N[C@H](C#N)Cc1ccc(-c2ccccc2)cc1,91.0,train,0.5086179453868577,0.9789543536907362,0.0008066472885872,0.2040793311189371,0.8755461866948,1085.413909006255,4656.669559849117,5318.58813459986,4.241563164879032,0.1309115027014339
CHEMBL2089277,N#Cc1cccc(-c2cccc(C(=O)O)c2)c1,8.13,train,0.4654806581978647,0.9736327376446738,0.0014765741753279,0.2281212225693563,0.8472106507024982,573.7677557000153,2130.894040386492,2515.187974348029,3.419296421731004,0.1452474711831794
CHEMBL898,O=C(O)c1cc(-c2ccc(F)cc2F)ccc1O,6.31,train,0.5366516093968903,0.9819374637329076,0.0015937861668866,0.1892057539235648,0.8673503590559719,544.2074834607798,2494.736795221037,2876.273433421207,3.4381650107714457,0.1098607714721415
CHEMBL2046990,Nc1ccc(-c2ccccc2Cl)cc1,123.03,train,0.4380994399165371,0.9697164823730162,0.0021768662040546,0.2442333798114082,0.8583638244219692,394.3117049744089,1385.817546141869,1614.4873615510207,2.886786756596858,0.2263108480516853
CHEMBL2035024,NC1(c2ccc(-c3ncc4cccn4c3-c3ccccc3)cc2)CCC1,3.0,train,0.4466726752967224,0.9709742934295816,0.0006677115499178,0.239183865465304,0.8387232544600876,1256.116139616444,4404.702694094435,5251.675890314834,4.0092601441372535,0.1830865703067609
CHEMBL2057371,CC(C)(C)NS(=O)(=O)c1cncc(-c2ccc3nc(NC(=O)NCC(=O)N4CCCC4)nn3c2)c1,3.0,train,0.7050530163636363,0.9938566142677429,0.0004347564271833,0.1106753372538761,0.941989385829918,2166.706060983813,18441.4537357881,19577.13538304966,6.335482091350721,0.094642819715959
CHEMBL2057371,CC(C)(C)NS(=O)(=O)c1cncc(-c2ccc3nc(NC(=O)NCC(=O)N4CCCC4)nn3c2)c1,4.79,train,0.7050530163636363,0.9938566142677429,0.0004347564271833,0.1106753372538761,0.941989385829918,2166.706060983813,18441.4537357881,19577.13538304966,6.335482091350721,0.094642819715959
CHEMBL1783287,COc1ncccc1-c1cccc2c(N)c3c(nc12)CN(C1CCC1)C3=O,4.88,train,0.3378806026628134,0.9504334063970392,0.0004827277284643,0.3109281910739521,0.8104332645701601,1678.8620515921652,4375.948184483485,5399.516993918572,3.986274132684664,0.2436159235266544
CHEMBL2181927,CCOc1ncc(C)c2c1[C@H](c1ccc(C#N)cc1OC)C(C(N)=O)=C(C)N2,26.92,train,0.0981881583852821,0.8168305741198727,0.0003253213067258,0.5768776414310051,0.766233863890158,2355.314109615945,3128.430192595493,4082.866002179151,3.555249772882612,0.4925120945835913
CHEMBL2181927,CCOc1ncc(C)c2c1[C@H](c1ccc(C#N)cc1OC)C(C(N)=O)=C(C)N2,4.68,train,0.0981881583852821,0.8168305741198727,0.0003253213067258,0.5768776414310051,0.766233863890158,2355.314109615945,3128.430192595493,4082.866002179151,3.555249772882612,0.4925120945835913
CHEMBL1829173,CC#C[C@@H](CC(=O)O)c1ccc(OCc2cccc(-c3ccc(C(F)(F)F)cc3)c2)cc1,15.49,train,0.4325679771534432,0.9687169135673532,0.0002824987862835,0.2481683730223121,0.8159893359200621,2888.4702361197874,9497.426610377714,11639.155307917068,5.234312059199818,0.1347864013874368
CHEMBL2103876,Cc1ccc2c(NC[C@](O)(CC(C)(C)c3cc(F)cc4c3OCC4)C(F)(F)F)cccc2n1,50.12,train,0.5643398767964867,0.9844611937806926,0.0004971468935636,0.1756022720237221,0.9125256132428528,1835.5251235739609,9538.39417741543,10452.74131376842,4.85767980854157,0.1672897428496641
CHEMBL1194325,O=C(O[C@H]1C[N+]2(CCCOc3ccccc3)CCC1CC2)C(O)(c1cccs1)c1cccs1,64.0,train,0.4890978554353481,0.9766649970918402,0.0003219151377013,0.2147684414796451,0.8716631635221135,2707.742076829078,10989.692007028256,12607.727923963665,5.20937425619125,0.1786737869530058
CHEMBL1194325,O=C(O[C@H]1C[N+]2(CCCOc3ccccc3)CCC1CC2)C(O)(c1cccs1)c1cccs1,79.99,train,0.4890978554353481,0.9766649970918402,0.0003219151377013,0.2147684414796451,0.8716631635221135,2707.742076829078,10989.692007028256,12607.727923963665,5.20937425619125,0.1786737869530058
CHEMBL51478,COc1ccnc(CSc2nc3ccccc3[nH]2)c1,150.0,train,0.7123526527287263,0.9941223145923934,0.0020644523775429,0.1082627527336275,0.9683464471828616,469.0572946687925,4195.440752696171,4332.582377827332,4.071691747993062,0.1454001894223103
CHEMBL1458496,O=C(c1cccc(Cl)c1Cl)N1CCN(c2ccccn2)CC1,150.0,train,0.5284570160011943,0.9803856975266028,0.0009615607973388,0.1970885184004297,0.96372214103522,1002.2477452308352,4900.784432907261,5085.267033133524,4.0423803761177135,0.2358083504620211
CHEMBL258282,CN1CCN(CCOc2n[nH]c3ncnc(Nc4ccc(OCc5ccccn5)c(Cl)c4)c23)CC1,13.49,train,0.4282319543164011,0.9674249282370636,0.0001964234877693,0.2531580696432805,0.7748793784013852,3944.942568739205,12074.885267537178,15582.92245749044,5.650027289357933,0.0713820985802933
CHEMBL2216839,C[C@H]1CN(Cc2nnc(-c3cc(-c4cccc5[nH]ccc45)cc4[nH]ncc34)o2)C[C@@H](C)O1,54.95,train,0.5685614568311002,0.984912525457104,0.0004917463232839,0.1730529317801621,0.8899387968713134,1809.7518064360056,9306.796069201137,10457.793391995374,5.01741920945919,0.1156113462534631
CHEMBL1800526,COc1ccnc(CCc2nc3cc(Br)cnc3[nH]2)c1,29.0,train,0.8320643526656167,0.998227674612887,0.0019923222079935,0.0595105842430424,0.9501558716394916,476.9087388713135,7614.404130602043,8013.847367446572,4.916116881058303,0.0449865563397125
CHEMBL1738840,COc1ccnc(CCc2nc3cccnc3[nH]2)c1,18.89,train,0.7875964095849248,0.997058320121682,0.0027583461188372,0.0766466325165637,0.9374111689132246,339.8453741941493,4156.410255913644,4433.924401319352,4.190326916610936,0.0456319308628415
CHEMBL1800526,COc1ccnc(CCc2nc3cc(Br)cnc3[nH]2)c1,3.2,train,0.8320643526656167,0.998227674612887,0.0019923222079935,0.0595105842430424,0.9501558716394916,476.9087388713135,7614.404130602043,8013.847367446572,4.916116881058303,0.0449865563397125
CHEMBL1800528,COc1ccnc(CCc2nc3c(C)ccnc3[nH]2)c1,3.0,train,0.683003564347063,0.9927863947064952,0.0016043486198537,0.1198965157361938,0.8939626620870065,557.2122237176267,4154.640523149562,4647.443007798915,4.176188231093222,0.048880534869323
CHEMBL1643200,Cc1cc(CN2Cc3ccccc3C[C@H]2C(=O)Nc2ccc(Cl)cc2Cl)ccc1OCC(=O)O,31.0,train,0.3659041358493126,0.9555531075967374,0.0001723814069265,0.2948190267981667,0.7561062281847399,4386.240034035365,11249.149839700944,14877.737307769446,5.527219370362926,0.1201449990235596
CHEMBL2017259,N#Cc1ccc(C(=O)Nc2ccc(-n3ccnc3)nc2)cc1,20.42,train,0.8605832874682088,0.9988057452512056,0.0030567681727403,0.0488577860037035,0.959564084564678,313.9145758981275,6165.264071326574,6425.0675598426,4.722572206301005,0.0285677092660497
CHEMBL1363,COc1ccc(C[C@@H](C)NC[C@H](O)c2ccc(O)c(NC=O)c2)cc1,3.91,train,0.7174874459891059,0.9942510498061522,0.0011463922501787,0.107074039614485,0.992763847867146,865.9896712598459,8029.240713701677,8087.76501174141,4.9653931553090365,0.218623569775255
CHEMBL2338020,CCc1[nH]c2nc(Sc3cnc4ccc[n+]([O-])c4c3)nc(N3C[C@H]4[C@H](N)[C@H]4C3)c2c1Cl,58.88,train,0.2619132437836568,0.9283289987151347,0.0002607936642525,0.3717596940828242,0.8039389775961205,3082.662992984129,6666.3303588283125,8292.08502710179,4.457670193425508,0.2311314878598668
CHEMBL271023,[O-][S+](c1ccccc1)c1ccc2nnnn2n1,150.0,train,0.3335529073117896,0.9493279092849646,0.0013411090713723,0.3142873218133973,0.8682491878480418,647.4113152926218,1788.5365068597869,2059.934557834347,3.027421654883677,0.2711002638786328
CHEMBL2017974,Nc1cc(C(F)(F)F)c(-c2cc(N3CCOCC3)nc(N3CCOCC3)n2)cn1,3.0,train,0.1893461724680334,0.8804795757129716,0.0002149867606971,0.4740840819435992,0.6538957201145958,3041.562736208378,4195.173243347387,6415.660959842617,4.078362074027928,0.1749599081966054
CHEMBL2017974,Nc1cc(C(F)(F)F)c(-c2cc(N3CCOCC3)nc(N3CCOCC3)n2)cn1,15.85,train,0.1893461724680334,0.8804795757129716,0.0002149867606971,0.4740840819435992,0.6538957201145958,3041.562736208378,4195.173243347387,6415.660959842617,4.078362074027928,0.1749599081966054
CHEMBL1425658,c1csc(Cn2nnnc2CN2CCN(c3nc4ccccc4s3)CC2)c1,150.0,train,0.651315540833876,0.9909746748631396,0.0007511258988745,0.1340492214818685,0.9199898779622586,1224.8144809555524,8405.993801412109,9137.050311935012,4.858539863644964,0.1130101040037483
CHEMBL2137046,CCC(=C(c1ccc(O)cc1)c1ccc(OCCN(C)C)cc1)c1ccccc1,56.23,train,0.4580439805418921,0.9726207218600154,0.0004745509321775,0.2323982173092184,0.859471568786498,1811.1260783805703,6698.034906974914,7793.201253221185,4.586290182837737,0.2111549349450528
CHEMBL1091137,CC/C(=C(/c1ccc(O)cc1)c1ccc(/C=C/C(=O)O)cc1)c1ccccc1,54.95,train,0.4646169782720081,0.97352489214265,0.0005020387734506,0.2285810236625995,0.8592969328870697,1711.6146766532347,6434.415326197825,7487.999875176381,4.593638803527986,0.2434550392854982
CHEMBL1091137,CC/C(=C(/c1ccc(O)cc1)c1ccc(/C=C/C(=O)O)cc1)c1ccccc1,69.18,train,0.4646169782720081,0.97352489214265,0.0005020387734506,0.2285810236625995,0.8592969328870697,1711.6146766532347,6434.415326197825,7487.999875176381,4.593638803527986,0.2434550392854982
CHEMBL33899,CC/C(=C(\c1ccccc1)c1ccc(/C=C/C(=O)O)cc1)c1ccccc1,107.15,train,0.3194685041195881,0.9448650953972574,0.0003799306944325,0.3274598471567645,0.7634899935883707,2009.5507016845584,4685.373995212759,6136.785071919147,4.254518226070632,0.2439047653351192
CHEMBL1439884,CCCCn1c(SCC(=O)Nc2cc(C)on2)nnc1-c1ccco1,150.0,train,0.2584112402326321,0.9261665303676808,0.0004618946916294,0.3771147809708496,0.8941929778669088,1935.923910951341,4590.351941127288,5133.513743395236,4.016243747647559,0.4473047338457723
CHEMBL1773254,O=C(O)CCc1ccc(OCc2cccc(Br)c2)cc1,150.0,train,0.7627612787283985,0.996198096916035,0.0014763649736384,0.0871168852798933,0.9711667519193822,657.8093962267278,7333.16638517386,7550.88286401983,4.814890534565993,0.1747389625821792
CHEMBL1789274,CNCC[C@@H](Oc1cc(OC)ccc1C#N)c1ccccc1,142.0,train,0.124346353484425,0.8416388718348177,0.0004287791982247,0.540040747922428,0.7303699126354585,1703.370675768058,2303.69781619742,3154.1521307809385,3.475853062803315,0.3325160450772024
CHEMBL1773254,O=C(O)CCc1ccc(OCc2cccc(Br)c2)cc1,128.82,train,0.7627612787283985,0.996198096916035,0.0014763649736384,0.0871168852798933,0.9711667519193822,657.8093962267278,7333.16638517386,7550.88286401983,4.814890534565993,0.1747389625821792
CHEMBL1789178,CNCC[C@@H](Oc1cc(Cl)ccc1C#N)c1ccccc1,150.0,train,0.188619135018167,0.8855603846359101,0.0004299753090983,0.4645242783359108,0.6830204589973813,1588.5108854963926,2335.691555285079,3419.6509409303567,3.493944693030238,0.3208625492265069
CHEMBL1921917,C[C@@](C(=O)O[C@H]1C[N+]2(CCCc3ccncc3)CCC1CC2)(c1ccccc1)N1CCCCC1,82.0,train,0.5398686930190645,0.9821234844737112,0.0004329915739016,0.1882377784750336,0.9130495625361656,2108.7005326888243,10228.276781043043,11202.323729975944,5.043729021134545,0.2306646675647344
CHEMBL1921919,Cc1cc(CCC[N+]23CCC(CC2)[C@@H](OC(=O)[C@](C)(c2ccccc2)N2CCCCC2)C3)ccn1,36.08,train,0.373932389626617,0.9583024878245197,0.0002570413108851,0.2857557380514633,0.8090207206365717,3147.4346199468305,8910.896564139317,11014.42316227432,4.919477518614014,0.208659174020322
CHEMBL594684,Cc1cc(NS(=O)(=O)c2ccc(Cl)cc2)no1,8.51,train,0.3030053589060403,0.9409794507728554,0.0008384954172484,0.3384636955763725,0.7856110648425011,936.9294675700286,2174.71523924172,2768.183057194728,3.283328859609533,0.2909549125165325
CHEMBL443,Cc1cc(NS(=O)(=O)c2ccc(N)cc2)no1,3.0,train,0.2668555559865848,0.9296797287965086,0.0009499027612857,0.3683688394325045,0.785352586342814,826.771558469632,1762.6550138146958,2244.412311701842,3.0890722554328387,0.2604235781326831
CHEMBL1934426,Cc1nn(C2CCOCC2)c(NS(=O)(=O)c2ccc(C3CC3)cc2)c1C(=O)N[C@@H](C)C(C)(C)C,3.0,train,0.3353171015246645,0.949514641572121,0.0002633426298971,0.3137227206310799,0.7895314575801106,2998.1148813183463,7545.217023103265,9556.575549540636,4.535041879767678,0.1781760143116298
CHEMBL1537460,COc1ccccc1C(=O)Nc1ccc(Cc2ccncc2)cc1,103.2,train,0.6821544143710828,0.9926870775583398,0.0012026892216691,0.1207160554718494,0.9436598503979174,784.6248502071868,6133.558339616765,6499.755539064631,4.590476234508882,0.123961924080127
CHEMBL855,Cc1ccc(/C(=C\CN2CCCC2)c2ccccn2)cc1,84.0,train,0.1949459054064005,0.8770057417369258,0.0003639807471075,0.4804798944393663,0.6242097290430159,1714.9526012115848,2227.96023499166,3569.2494546782777,3.673107572978561,0.2153083386112691
CHEMBL1299863,CCc1c(C)nc(SCC(=O)Nc2nc(-c3ccc(OC)cc3)cs2)nc1O,66.07,train,0.6930522455659751,0.993307677827013,0.0007409493241894,0.115498299424307,0.9092038952298824,1227.0797280562197,9659.585241231218,10624.223336382533,5.081501688975153,0.0535462327261071
CHEMBL551707,O=C(NCC12CC3CC(CC(C3)C1)C2)c1c(Cl)ccc2nc(N3CCC[C@H](NCCc4nnn[nH]4)C3)ccc12,13.0,train,0.5509537259868853,0.9827817518625342,0.0003238471544182,0.1847702037829914,0.9600813977788922,2964.612733755956,15404.375159105208,16044.863690456434,5.597792882709473,0.1944789068681643
CHEMBL1573309,CCN(CC)CCn1c2ccccc2c2cnc(N)c(C#N)c21,77.0,train,0.2740569923673775,0.919002121264186,0.0003956470264346,0.3942525854219933,0.62748656892531,1585.9756980353493,2524.2154039241686,4022.7401333025614,3.637105631551101,0.0715822697244313
CHEMBL1956163,O=C1[C@H]2[C@H]3CC[C@H](C3)[C@H]2C(=O)N1[C@H]1CC[C@H](C(=O)Nc2cccc3cccnc23)CC1,150.0,train,0.6687862425394282,0.9919912402287752,0.0006953554338666,0.1263066875085263,0.9275473494795852,1333.9183161649216,9795.779012077426,10560.947662212067,5.096691120772378,0.1059425178540783
CHEMBL2324355,Cc1nocc1C(=O)Nc1ccc(-c2ccccc2OC(F)(F)F)c(N)n1,74.13,train,0.5740232225572772,0.985049177076986,0.0008077661522979,0.1722733837246841,0.9509336603238394,1177.2388055856875,6498.252848274778,6833.550140671017,4.379055579868585,0.2375697565115648
CHEMBL2178579,O=C(Nc1ccc(Cl)c(S(=O)(=O)N2CCNCC2)c1O)Nc1cccc(F)c1Cl,3.0,train,0.5384296908354247,0.9816801606244808,0.0005030686923621,0.1905362491398781,0.9461401231050872,1880.737436993981,9339.121338845567,9870.759215026204,4.7707874533111765,0.1787127603555877
CHEMBL2178579,O=C(Nc1ccc(Cl)c(S(=O)(=O)N2CCNCC2)c1O)Nc1cccc(F)c1Cl,41.35,train,0.5384296908354247,0.9816801606244808,0.0005030686923621,0.1905362491398781,0.9461401231050872,1880.737436993981,9339.121338845567,9870.759215026204,4.7707874533111765,0.1787127603555877
CHEMBL589973,CCCCNC(=O)c1ccc(Oc2ccc(CC(=O)O)cc2OC)c(NS(=O)(=O)c2ccc(Cl)cc2Cl)c1,3.0,train,0.1681514426966334,0.8776961258834758,0.0001221274158562,0.4792176025660345,0.7221466081427457,5913.058939959835,8910.556361818386,12338.985271612672,4.832874589918341,0.2371583359454851
CHEMBL1412343,Cc1ccccc1NC(=O)CCS(=O)(=O)c1ccc(Br)s1,150.0,train,0.7692406346698165,0.996437359859946,0.0014035204408326,0.0843361599513554,0.96574205416214,688.0854927835875,7879.337850137797,8158.843053566477,4.640837244546125,0.1284064597982681
CHEMBL1761870,C[C@H]1CN(C(=O)N[C@H](Cc2ccc(F)cc2)C(=O)N2CCC(C(=O)NC(C)(C)C)(C3CCCCC3)CC2)C[C@@H](C)N1,10.72,train,0.2586263389045286,0.92615307637124,0.0002049550294948,0.3771478213222076,0.896898279207738,4376.0735290003695,10406.775794400844,11603.07253972381,4.803479023135257,0.4308999755981292
CHEMBL334167,Cn1sc(=O)c2cc(S(N)(=O)=O)ccc21,17.38,train,0.4970047578711197,0.9775898090013694,0.0018523177252945,0.2105188004351775,0.8436205383571797,455.440514786971,1825.105270788218,2163.419674848514,3.015860663251751,0.1383597318224513
CHEMBL334167,Cn1sc(=O)c2cc(S(N)(=O)=O)ccc21,27.54,train,0.4970047578711197,0.9775898090013694,0.0018523177252945,0.2105188004351775,0.8436205383571797,455.440514786971,1825.105270788218,2163.419674848514,3.015860663251751,0.1383597318224513
CHEMBL1017,CCCc1nc2c(C)cc(-c3nc4ccccc4n3C)cc2n1Cc1ccc(-c2ccccc2C(=O)O)cc1,3.98,train,0.3062219667962432,0.9420881016336652,0.0001689406310644,0.3353654853443883,0.7959931605183801,4711.673891016649,11183.202672126235,14049.370304693728,5.393796680137808,0.2559117832661262
CHEMBL1921939,C[C@@](C(=O)O[C@H]1C[N+]2(CCOCCc3ccccc3)CCC1CC2)(c1ccccc1)N1CCCCC1,77.0,train,0.5861711089248461,0.9863315270502148,0.0004028539602055,0.1647729308678797,0.9155220382410484,2272.5903892666706,12627.1140187264,13792.255665397532,5.401529762977748,0.1791229716295148
CHEMBL2326624,COc1cccc2c1c(NS(=O)(=O)c1ccc(Cl)s1)nn2Cc1cccc(CNC(=O)[C@@H]2COCCN2)c1,20.0,train,0.2322198594715047,0.9171218960405224,0.0001527246279619,0.3986068587004462,0.8261040653276024,5409.108382528821,11210.259751106656,13570.033391206083,5.11874289606364,0.3015447960973792
CHEMBL2326623,COc1cccc2c1c(NS(=O)(=O)c1ccc(Cl)s1)nn2Cc1cccc(CNC(=O)[C@H]2COCCN2)c1,28.0,train,0.3514281872898982,0.9536221077977216,0.0002274536269035,0.3010064376710752,0.8588222784273165,3775.8126353880257,10773.032083726104,12543.959739206792,4.849121274821677,0.2704874999716661
CHEMBL2326624,COc1cccc2c1c(NS(=O)(=O)c1ccc(Cl)s1)nn2Cc1cccc(CNC(=O)[C@@H]2COCCN2)c1,26.0,train,0.2322198594715047,0.9171218960405224,0.0001527246279619,0.3986068587004462,0.8261040653276024,5409.108382528821,11210.259751106656,13570.033391206083,5.11874289606364,0.3015447960973792
CHEMBL2326623,COc1cccc2c1c(NS(=O)(=O)c1ccc(Cl)s1)nn2Cc1cccc(CNC(=O)[C@H]2COCCN2)c1,16.0,train,0.3514281872898982,0.9536221077977216,0.0002274536269035,0.3010064376710752,0.8588222784273165,3775.8126353880257,10773.032083726104,12543.959739206792,4.849121274821677,0.2704874999716661
CHEMBL141157,C#CC[C@@H](C(=O)N[C@H](/C=C/C(=O)OCC)C[C@@H]1CCNC1=O)n1cccc(NC(=O)c2cc(C)on2)c1=O,150.0,train,0.2307056234877968,0.915115664080758,0.0001762345118025,0.4031914202386171,0.8957187172001583,5082.538647161334,11291.224883856155,12605.770837468172,5.260818040395139,0.376219945631579
CHEMBL141157,C#CC[C@@H](C(=O)N[C@H](/C=C/C(=O)OCC)C[C@@H]1CCNC1=O)n1cccc(NC(=O)c2cc(C)on2)c1=O,38.02,train,0.2307056234877968,0.915115664080758,0.0001762345118025,0.4031914202386171,0.8957187172001583,5082.538647161334,11291.224883856155,12605.770837468172,5.260818040395139,0.376219945631579
CHEMBL564607,O=C(O)c1ccc(-c2ccc(Cl)c(C(=O)NCC34CC5CC(CC(C5)C3)C4)c2)cc1,3.0,train,0.2737990502534527,0.9261656397237396,0.0002069363861958,0.3771169683203289,0.6847562009823207,3309.017875348907,6008.402431210263,8774.513356127154,4.619290739827429,0.1737093600111607
CHEMBL257025,C[C@H](CO)Nc1nc(SCc2cccc(F)c2F)nc2[nH]ncc12,17.78,train,0.2962730135937337,0.9387234413461796,0.0006554543205098,0.344671293651191,0.8937957999328598,1363.6279019988451,3536.136933733917,3956.3141088820794,3.549898915724796,0.3555092606547758
CHEMBL17157,CC(C)(C)c1ccc(C(O)CCCN2CCC(C(O)(c3ccccc3)c3ccccc3)CC2)cc1,87.1,train,0.6227093368823349,0.9889521796392692,0.0003982100137007,0.1482349027278624,0.9496731281943426,2384.854964767253,15278.67346355148,16088.349780520302,5.981470181265401,0.1843481727448906
CHEMBL914,CC(C)(C(=O)O)c1ccc(C(O)CCCN2CCC(C(O)(c3ccccc3)c3ccccc3)CC2)cc1,3.0,train,0.7108493425509799,0.9940809722705324,0.000482867237676,0.1086417073212341,0.9602006531417692,1988.539661052856,17575.175578707705,18303.648847979704,6.143413856643911,0.1500429624744043
CHEMBL17157,CC(C)(C)c1ccc(C(O)CCCN2CCC(C(O)(c3ccccc3)c3ccccc3)CC2)cc1,34.67,train,0.6227093368823349,0.9889521796392692,0.0003982100137007,0.1482349027278624,0.9496731281943426,2384.854964767253,15278.67346355148,16088.349780520302,5.981470181265401,0.1843481727448906
CHEMBL412142,Cc1c[nH]c(-c2cnc(NCCNc3ccc(C#N)cn3)nc2-c2ccc(Cl)cc2Cl)n1,108.0,train,0.568108698244781,0.9848810507158564,0.0003475930132895,0.173231971474179,0.8727447996530724,2510.823768848794,12649.5609815001,14493.99754261322,5.644695476646981,0.0609193713164338
CHEMBL1916286,Cc1nn(-c2ccccc2)c(NS(=O)(=O)C2CCCCC2)c1C(=O)N[C@@H](C)C(C)(C)C,15.0,train,0.2431503207828734,0.9165767079705898,0.0002382229525808,0.3998588981200694,0.7084535704072152,2973.90978800381,5269.051201025447,7437.398047125128,4.189820124780465,0.1767794438734124
CHEMBL1783119,COc1ccc(C(=O)NCc2cn(-c3cc(C)nc4ccc(OC)cc34)nn2)cc1,13.8,train,0.5905779037598904,0.986757750438932,0.0005321874697024,0.1622009307886326,0.882350565630991,1657.9694484807862,9019.123833341451,10221.70119751853,5.089265003798303,0.0872164224728749
CHEMBL1922055,C[C@@](C(=O)O[C@H]1C[N+]2(Cc3cc(-c4ccccc4)on3)CCC1CC2)(c1ccccc1)N1CCCCC1,110.0,train,0.5349106387138055,0.9809406368834944,0.000381302777917,0.194307660452706,0.9731923241964512,2552.282282108559,12783.137424142966,13135.263304401617,5.332258515676909,0.3074847170777353
CHEMBL473,CN(CCOc1ccc(NS(C)(=O)=O)cc1)CCc1ccc(NS(C)(=O)=O)cc1,13.18,train,0.8534084673379342,0.9986679691665716,0.0009179090468478,0.0515973580788339,0.9709008471358356,1057.7309924877704,19903.18797096468,20499.712230841316,6.851737530683142,0.0481274121840775
CHEMBL473,CN(CCOc1ccc(NS(C)(=O)=O)cc1)CCc1ccc(NS(C)(=O)=O)cc1,4.68,train,0.8534084673379342,0.9986679691665716,0.0009179090468478,0.0515973580788339,0.9709008471358356,1057.7309924877704,19903.18797096468,20499.712230841316,6.851737530683142,0.0481274121840775
CHEMBL1263,OCc1cc(C(O)CNCCCCCCOCCCCc2ccccc2)ccc1O,85.0,train,0.6998676522121906,0.9936156004009996,0.0004686304075102,0.1128186094567774,0.9370214731249572,1999.4892736540487,16606.87357979412,17723.04483525907,6.611347374416066,0.1101368935113388
CHEMBL1363924,CCn1c(SCC(=O)Nc2cc(C)on2)nnc1-c1cccnc1,75.86,train,0.7907333196065802,0.9971033923032684,0.0016293175264527,0.0760580374274442,0.981270900808358,602.2588506395888,7770.106945642424,7918.411663121277,4.863224701750315,0.0890036847307641
CHEMBL1473,CCC(=O)O[C@]1(C(=O)SCF)[C@H](C)C[C@H]2[C@@H]3C[C@H](F)C4=CC(=O)C=C[C@]4(C)[C@@]3(F)[C@@H](O)C[C@@]21C,150.0,train,0.4210004673131704,0.9663539312178048,0.0004595056738118,0.2572160174248367,0.9216560773316382,2005.755597501132,7187.02067852003,7797.942047241483,4.119595347729269,0.4278842664687218
CHEMBL650,C[C@H]1C[C@H]2[C@@H]3CC[C@](O)(C(=O)CO)[C@@]3(C)C[C@H](O)[C@@H]2[C@@]2(C)C=CC(=O)C=C12,9.12,train,0.4861362221930657,0.9759171009015432,0.0007908408468107,0.2181417249586314,0.9243182860985844,1168.779141626441,4952.394748051068,5357.888968046298,3.9149448158066495,0.2836500660042179
CHEMBL650,C[C@H]1C[C@H]2[C@@H]3CC[C@](O)(C(=O)CO)[C@@]3(C)C[C@H](O)[C@@H]2[C@@]2(C)C=CC(=O)C=C12,150.0,train,0.4861362221930657,0.9759171009015432,0.0007908408468107,0.2181417249586314,0.9243182860985844,1168.779141626441,4952.394748051068,5357.888968046298,3.9149448158066495,0.2836500660042179
CHEMBL384467,C[C@@H]1C[C@H]2[C@@H]3CCC4=CC(=O)C=C[C@]4(C)[C@@]3(F)[C@@H](O)C[C@]2(C)[C@@]1(O)C(=O)CO,31.0,train,0.501967727192767,0.9777396509660607,0.0008208684897723,0.2098217694348364,0.9354133078005256,1139.5410098638267,5080.22512765111,5430.995139032653,3.8526590888942938,0.3212824501677079
CHEMBL1473,CCC(=O)O[C@]1(C(=O)SCF)[C@H](C)C[C@H]2[C@@H]3C[C@H](F)C4=CC(=O)C=C[C@]4(C)[C@@]3(F)[C@@H](O)C[C@@]21C,107.15,train,0.4210004673131704,0.9663539312178048,0.0004595056738118,0.2572160174248367,0.9216560773316382,2005.755597501132,7187.02067852003,7797.942047241483,4.119595347729269,0.4278842664687218
CHEMBL1703518,CCN(CC)S(=O)(=O)c1ccc(-c2nnc(SCC(=O)N3CCc4ccccc43)o2)cc1,150.0,train,0.4978845630843168,0.9776398105104056,0.0003624118541919,0.2102864734241793,0.8937591164345431,2466.142059363289,10481.59166915374,11727.535391155236,5.109433702468411,0.2142873030183524
CHEMBL2164377,O=C(NCc1ccc(OC(F)(F)F)cc1)C1c2ccccc2C(=O)N1CC1CC(F)(F)C1,10.0,train,0.3469181003296067,0.952574792379524,0.0003373284030895,0.304304559484584,0.8143416153557952,2414.091454787944,6460.288134487275,7933.1425689999905,4.300511134642612,0.238988794165699
CHEMBL19490,Cc1cc(CC(=O)O)n(C)c1C(=O)c1ccc(Cl)cc1,3.0,train,0.315826842250563,0.9439869881296888,0.000649912622922,0.3299826756692518,0.7662097559057258,1178.9427207318824,2737.469209396377,3572.7412608580703,3.582678486955343,0.2910699724520919
CHEMBL1020,Cc1ccc(C(=O)c2ccc(CC(=O)O)n2C)cc1,7.33,train,0.4946309119305966,0.9771458765728934,0.0013933718257901,0.2125698376924435,0.9079926319688536,651.6513504598311,2783.5304916879727,3065.587091441789,3.554321899673789,0.2413663100054118
CHEMBL1020,Cc1ccc(C(=O)c2ccc(CC(=O)O)n2C)cc1,9.12,train,0.4946309119305966,0.9771458765728934,0.0013933718257901,0.2125698376924435,0.9079926319688536,651.6513504598311,2783.5304916879727,3065.587091441789,3.554321899673789,0.2413663100054118
CHEMBL1916278,Cc1ccc(S(=O)(=O)Nc2c(C(=O)NC3CCOCC3)c(C)nn2-c2ccccc2)cc1,14.0,train,0.3015699049376377,0.9406270542808454,0.0003869179729101,0.3394418135040816,0.8789082286040167,2271.562165989525,5881.699307648055,6692.0517025879335,4.040991134297807,0.3632125816017652
CHEMBL284275,COc1ccc(Cc2c(N)n[nH]c2N)cc1,3.63,train,0.4977867473626555,0.9773370629643732,0.0021360640564793,0.211689077082813,0.9270146143398466,433.9825912654189,1900.4674686863325,2050.0943990399865,3.169276758544868,0.2555026342668214
CHEMBL1743245,Cc1ccccc1/N=N/c1ccc(NC(=O)c2ccnn2C)c(C)c1,51.0,train,0.7975128835449925,0.9973488358722734,0.0015883738491368,0.0727688091438978,0.940909566529835,592.3728642605878,7659.453294519189,8140.477647355621,4.958216179865613,0.0379202382885012
CHEMBL376488,COc1nc2ccc(Br)cc2cc1[C@@H](c1ccccc1)[C@@](O)(CCN(C)C)c1cccc2ccccc12,14.13,train,0.2224189474390944,0.912083017785974,0.0002166916110843,0.4100055715065719,0.8789839964679346,4056.382210965242,8696.21120975063,9893.480705786513,4.514744508564367,0.5902094622461287
CHEMBL2035032,NC1(c2ccc(-c3c(-c4ccccc4)ccc4ccnn34)cc2)CCC1,10.23,train,0.2878276489666513,0.9341812672389628,0.0004168518341966,0.3567987667296595,0.7279431629887394,1746.287537373101,3562.787184201108,4894.320553232837,3.876810464094583,0.2060468662404277
CHEMBL426823,CCOc1nc2ccc(OCCC3CCN(c4ccc(C)nn4)CC3)cc2o1,4.0,train,0.7833481808304824,0.9969051079952572,0.0009840691037089,0.0786142840262774,0.9641594040271452,979.7679862046205,12016.29613961968,12462.97665036452,5.769135496313857,0.0916127767652186
CHEMBL564885,O=C(NCC12CC3CC(CC(C3)C1)C2)c1ccnc(NCC2CCNCC2)c1Cl,4.0,train,0.589876373842403,0.986422353004108,0.0006192829488408,0.1642283212294375,0.9496016599294352,1533.3889972375594,8866.368030761521,9336.934006012983,4.8646960251187785,0.1661888329892181
CHEMBL345937,CC1Sc2c(C(=O)O)c(=O)c3cc(F)c(N4CCNCC4)cc3n21,3.0,train,0.4997248320047612,0.9778246253351184,0.0007557850919605,0.2094254093662838,0.8281785068089997,1095.7857142440555,4333.314564604968,5232.343666224058,3.9060666119679337,0.1259834353079916
CHEMBL2335901,C[C@@H](NC(=O)C1CCNCC1)c1ccc(Nc2ncc3cc(-c4ccncc4)ccc3n2)cc1,3.0,train,0.7596392940211437,0.9960899429430832,0.0005957469056029,0.08834492383632,0.9691548856012588,1626.7896257395164,17846.086058684512,18414.070159294395,6.4697985499265895,0.117244238540169
CHEMBL464552,CNC(=O)c1c(F)cccc1Nc1nc(Nc2cc3c(cc2OC)CCN3C(=O)CN(C)C)nc2[nH]ccc12,21.88,train,0.2273530937809434,0.9071593351097536,0.000152381056248,0.4207872867889782,0.6857605062323772,4500.300254619487,7334.176382456217,10694.952998607,4.599045159224297,0.1996210708748456
CHEMBL521851,CS(=O)(=O)N1CCN(Cc2cc3nc(-c4cccc5[nH]ncc45)nc(N4CCOCC4)c3s2)CC1,33.11,train,0.4372588932284242,0.9692019413039368,0.0002150694988226,0.2462673282688565,0.7963137029499363,3702.587802125847,11972.442402060047,15034.831571663592,5.467524144447454,0.0895773752803658
CHEMBL2179283,CCCC(C)(C)C[C@H](c1ccc(C(=O)O)c(Oc2cccc(Cl)c2)c1)N1CCC[C@H](n2cc(C)c(=O)[nH]c2=O)C1,52.48,train,0.1521933621334919,0.8727928353254961,0.0001368185000906,0.4880908384762836,0.8087885519632743,5911.397591899869,9795.45265253774,12111.265211111118,4.948016155543045,0.4517124476202796
CHEMBL2179279,CCC(C)(C)C[C@H](c1ccc(C(=O)O)c(Oc2cccc(Cl)c2)c1)N1CCC[C@H](n2cc(C)c(=O)[nH]c2=O)C1,117.49,train,0.2356725166521993,0.9139945098871856,0.0001314725974144,0.4057265531069954,0.7151544449098108,5439.5703665578,9588.065893773586,13406.986367794652,5.065470099845413,0.2429115604229739
CHEMBL2179278,Cc1cn([C@H]2CCCN([C@@H](CC(C)(C)C)c3ccc(C(=O)O)c(Oc4cccc(Br)c4)c3)C2)c(=O)[nH]c1=O,3.0,train,0.3686878364159013,0.957087326237638,0.0001940836303223,0.2897996721103885,0.885178582687193,4560.810106534143,13930.766024019244,15737.802852988978,5.411132492062225,0.3646056137024344
CHEMBL2179269,Cc1cn([C@H]2CCCN([C@H](C)c3ccc(C(=O)O)c(Oc4cccc(Cl)c4)c3)C2)c(=O)[nH]c1=O,3.39,train,0.6440140397742267,0.9904133718424956,0.0004752929845895,0.1381352702085116,0.9478027609127404,1994.1442260742224,13682.641661889522,14436.169872213755,5.577769340083266,0.2066890258337831
CHEMBL2179277,Cc1cn([C@H]2CCCN([C@H](CC(C)(C)C)c3ccc(C(=O)O)c(Oc4cccc(Br)c4)c3)C2)c(=O)[nH]c1=O,48.98,train,0.4172080482771454,0.9642994614814698,0.0002334241488714,0.2648141774651559,0.9773422068864208,4186.979845965763,15452.76828459678,15811.010898450417,5.506826922190318,0.3976761690387074
CHEMBL2179280,CCC(CC)C[C@H](c1ccc(C(=O)O)c(Oc2cccc(Cl)c2)c1)N1CCC[C@H](n2cc(C)c(=O)[nH]c2=O)C1,36.31,train,0.4073810332246996,0.9624136823246898,0.0002591152098292,0.2715877465465465,0.9795788316267982,3780.4759985806,13635.64560173574,13919.90635311184,5.31762851629296,0.3411492862155731
CHEMBL2179282,CCC(C)(CC)C[C@H](c1ccc(C(=O)O)c(Oc2cccc(Br)c2)c1)N1CCC[C@H](n2cc(C)c(=O)[nH]c2=O)C1,69.18,train,0.2929992159832011,0.9378878867823248,0.0001607208575393,0.3469384842115171,0.8878882897537003,5524.412346645478,14138.128958235786,15923.31954525236,5.389489756028033,0.5433564704052147
CHEMBL2179275,Cc1cn([C@H]2CCCN([C@H](CC(C)C)c3ccc(C(=O)O)c(Oc4cccc(Cl)c4)c3)C2)c(=O)[nH]c1=O,9.12,train,0.2368605223469643,0.9182563798630876,0.0001639245581969,0.3959863897165367,0.779688582898263,4756.386666368057,9365.221825607188,12011.490268069248,4.983953274393624,0.2895265782157142
CHEMBL2179276,Cc1cn([C@H]2CCCN([C@@H](CC(C)C)c3ccc(C(=O)O)c(Oc4cccc(Cl)c4)c3)C2)c(=O)[nH]c1=O,9.55,train,0.4207924133300484,0.966988313162284,0.0002492975571567,0.2548207256240367,0.8555712855103209,3431.9280753018074,11522.842610130132,13468.009977984622,5.19770693783547,0.2099184135741679
CHEMBL2179281,CCCCC[C@H](c1ccc(C(=O)O)c(Oc2cccc(Br)c2)c1)N1CCC[C@H](n2cc(C)c(=O)[nH]c2=O)C1,30.2,train,0.351788024086286,0.953439629867718,0.000178872697812,0.3015839388921584,0.8824929719108927,4933.637065383711,14436.776879279008,16359.084251989629,5.528433834769247,0.4101505825448031
CHEMBL212689,CCN(C(=O)Cc1ccc(S(C)(=O)=O)cc1)C1CCN(CC[C@H](c2ccc(S(C)(=O)=O)cc2)c2cc(F)cc(F)c2)CC1,5.79,train,0.6224640312394709,0.9889789866052175,0.0002156560165477,0.1480559490642543,0.9422657297977076,4369.299520975776,27807.333834659177,29511.13784073316,6.981568803259338,0.1685132481985527
CHEMBL1213118,CN1CCN(c2nc3ccccc3cc2Cn2nc(-c3ccc4nc(N)sc4c3)c3c(N)ncnc32)CC1,81.0,train,0.2351263721024257,0.917655265946882,0.0001883446872433,0.3973774186839979,0.8759185639015075,4650.614661457591,10251.110214097496,11703.268587478164,5.045037827309344,0.3843899502938264
CHEMBL1213118,CN1CCN(c2nc3ccccc3cc2Cn2nc(-c3ccc4nc(N)sc4c3)c3c(N)ncnc32)CC1,7.59,train,0.2351263721024257,0.917655265946882,0.0001883446872433,0.3973774186839979,0.8759185639015075,4650.614661457591,10251.110214097496,11703.268587478164,5.045037827309344,0.3843899502938264
CHEMBL1938680,O=C(Nc1ccc(N2CCNCC2)cc1)c1ccc(-c2ccc(Cl)cc2)o1,3.0,train,0.8719786004208475,0.9990020025117752,0.0015846083113648,0.044665411421621,0.9604192343693974,606.0925135134266,13032.520898348026,13569.616717333927,5.96872209080246,0.0251807898830522
CHEMBL2017459,CCN(C(=O)c1ccc(-c2ccc(Cl)cc2)o1)c1ccc(N2CCNCC2)cc1,3.0,train,0.8034370096427721,0.9975070371222636,0.0010001423138255,0.0705670666214981,0.9573116582875212,957.1754389890629,12985.026169297384,13564.053103171793,5.792322944682284,0.0828153146778236
CHEMBL241970,Cc1ccc(-c2cc(C(F)(F)F)nn2-c2ccc(S(C)(=O)=O)cc2)cc1,17.38,train,0.2733874931512592,0.9254227644160468,0.0002666858676305,0.3789362836949793,0.6788139132438131,2545.368898903443,4559.689576479147,6717.142190987207,4.262441999658154,0.1488979800043477
CHEMBL285831,NS(=O)(=O)c1ccc(-n2nc(C(F)(F)F)cc2-c2ccc(C(F)(F)F)cc2)cc1,18.2,train,0.2143408279040801,0.8630545425460907,0.000121025776146,0.5051107369583011,0.5474499575486289,4523.416209189577,4902.576465920671,8955.296092949618,4.594668737631641,0.1565456217382151
CHEMBL397229,Cc1ccc(-c2cc(C(F)(F)F)nn2-c2ccc(C(=O)O)cc2)cc1,10.72,train,0.242389651112396,0.9045328648959832,0.0002607487192905,0.4264039121807692,0.6238954430197344,2392.707602618927,3500.9044877612814,5611.364094625298,4.075647377502354,0.1315189040831338
CHEMBL397230,Cc1ccc(-c2cc(C(F)(F)F)nn2-c2ccc([S+](C)[O-])cc2)cc1,14.79,train,0.2590897478951133,0.9172084195934426,0.0002644686085037,0.3984077246074674,0.6557832793261675,2479.626156904546,4081.4905742099336,6223.840562698944,4.188420013718579,0.1488871350215094
CHEMBL242403,O=C(O)c1ccc(-n2nc(C(F)(F)F)cc2-c2ccc(C(F)(F)F)cc2)cc1,9.33,train,0.230309708900386,0.8914464644816644,0.0001698744778375,0.4531260320960832,0.5951708493126605,3503.5919279274776,4601.889178036486,7732.047332881016,4.447826576147775,0.1318003078291695
CHEMBL118,Cc1ccc(-c2cc(C(F)(F)F)nn2-c2ccc(S(N)(=O)=O)cc2)cc1,25.7,train,0.276561580442894,0.9266450395056772,0.0002677792158116,0.3759374559145739,0.679687124373099,2538.2370409631203,4589.079933927984,6751.753519180851,4.2656655854302725,0.1408758360100439
CHEMBL244131,Cc1ccc(-c2cc(C(F)(F)F)nn2-c2ccc(CC(=O)O)cc2)cc1,4.79,train,0.2715888898594473,0.9250045716691762,0.0002853956699538,0.3799559742800786,0.6810853534384407,2386.460010232705,4277.819193699323,6280.885607219228,4.238240236123766,0.1372650771993533
CHEMBL2326864,CC(=O)Nc1nc(CCc2ccc(NC(=N)N)cc2)cs1,12.88,train,0.816764651713652,0.9978625182362236,0.0019657606801387,0.0653482570483891,0.9506091576850464,483.5833615402109,7034.598820957762,7400.095784989743,4.95841648680898,0.0470509353193097
CHEMBL2220442,CC(C)n1c(/C=C/C(O)CC(O)CC(=O)O)c(-c2ccc(F)cc2)c2ccccc21,3.0,train,0.2638728208676241,0.9257646817172808,0.0002709026614684,0.3781001905380398,0.722987746379601,2668.810053251618,5103.189615350077,7058.473177318103,4.245138165535808,0.2316641592127103
CHEMBL2171999,Cc1nn(C)c2ccc(N3CCN(C(=O)[C@@H]4CCCC[C@H]4C(=O)NC4(C#N)CC4)[C@H](C)C3)cc12,3.0,train,0.6584335267754412,0.9911716513542332,0.0005969845726354,0.1325849069529499,0.9735924306228873,1630.850235081986,11975.597229319856,12300.421462457429,5.291643655579694,0.2439003780285692
CHEMBL2035033,NC1(c2ccc(-c3c(-c4ccccc4)ccn4ccnc34)cc2)CCC1,9.12,train,0.2975725957269341,0.9376225784466024,0.000430191045949,0.3476548581382765,0.7362397616409632,1711.4251181514203,3624.339460698685,4922.770610243326,3.887271637334017,0.2050241011930905
CHEMBL2035033,NC1(c2ccc(-c3c(-c4ccccc4)ccn4ccnc34)cc2)CCC1,150.0,train,0.2975725957269341,0.9376225784466024,0.000430191045949,0.3476548581382765,0.7362397616409632,1711.4251181514203,3624.339460698685,4922.770610243326,3.887271637334017,0.2050241011930905
CHEMBL1608462,Cc1cc(C)c(CNC(=O)c2cc(C3CC3)nc3c2cnn3C(C)C)c(O)n1,128.82,train,0.5162760473946503,0.9797386667092284,0.000596989000481,0.2002801661543737,0.8956558815055947,1500.288750352007,6709.313603093937,7490.950198211842,4.548384599865592,0.1772802031057225
CHEMBL1091644,C[C@]1(O)C[C@@H](c2nc(-c3ccc4ccc(-c5ccccc5)nc4c3)c3c(N)nccn32)C1,16.98,train,0.517711550961283,0.9799667386101824,0.0004114339261063,0.1991612191610663,0.8635549298747391,2098.890915601314,9100.705474046144,10538.652677677635,5.078043679395719,0.113334489254973
CHEMBL1201753,O=C(O)C[C@H](O)C[C@H](O)/C=C/c1c(C2CC2)nc2ccccc2c1-c1ccc(F)cc1,14.5,train,0.2906241443009121,0.9363030605896818,0.0002809542693824,0.3511930789898836,0.7530674258937118,2680.391465660924,5747.594762512076,7632.244557240077,4.364943131470599,0.2093857210121504
CHEMBL1201753,O=C(O)C[C@H](O)C[C@H](O)/C=C/c1c(C2CC2)nc2ccccc2c1-c1ccc(F)cc1,7.11,train,0.2906241443009121,0.9363030605896818,0.0002809542693824,0.3511930789898836,0.7530674258937118,2680.391465660924,5747.594762512076,7632.244557240077,4.364943131470599,0.2093857210121504
CHEMBL1783112,COc1ccc2nc(C)cc(-n3cc(CNC(C)=O)nn3)c2c1,6.76,train,0.3915857000420326,0.9610078090668904,0.0005370540661883,0.2765212304913586,0.7693237421163766,1432.4884412039094,3985.398756425272,5180.392256531185,4.125548886441108,0.0811579237498953
CHEMBL81,O=C(c1ccc(OCCN2CCCCC2)cc1)c1c(-c2ccc(O)cc2)sc2cc(O)ccc12,30.0,train,0.3655795599839175,0.956649607584983,0.0002269923623235,0.29124135748121,0.814841349088329,3589.730247958051,10043.42468187416,12325.619819258156,5.235088179820428,0.1926391479348237
CHEMBL33,C[C@H]1COc2c(N3CCN(C)CC3)c(F)cc3c(=O)c(C(=O)O)cn1c23,3.0,train,0.513487039605493,0.9794808324938205,0.0007758921494833,0.2015373384194918,0.8493566265541248,1094.683877288458,4613.42306318257,5431.667828270699,3.925955355467184,0.1609604636727104
CHEMBL54,O=C(CCCN1CCC(O)(c2ccc(Cl)cc2)CC1)c1ccc(F)cc1,14.24,train,0.8770083464621659,0.999069506809827,0.0018731953243557,0.0431291150241794,0.9935408221055828,530.3989440862442,12218.49793708829,12297.932470649748,5.772207980222921,0.1177422952518638
CHEMBL1945037,O=c1[nH]c2c(O)ccc([C@@H](O)CNCCc3cccc(CNCCCc4ccccc4)c3)c2s1,19.0,train,0.6712659024246391,0.9917959233354116,0.0004764223655957,0.1278313203219712,0.9943829150409216,2087.1877284715665,16235.956981807623,16327.670896416672,6.022765227778772,0.2130583369392494
CHEMBL2179285,Cc1cn([C@H]2CCCN([C@H](CC3CCOCC3)c3ccc(C(=O)O)c(Oc4cccc(Cl)c4)c3)C2)c(=O)[nH]c1=O,19.05,train,0.28593012277253,0.935652473694798,0.0001577857729359,0.3529227230836876,0.7756077881450055,4915.574919800102,10802.81302857101,13928.190502583437,5.108240828359024,0.2837754627563155
CHEMBL1082,CC1(C)S[C@@H]2[C@H](NC(=O)[C@H](N)c3ccc(O)cc3)C(=O)N2[C@H]1C(=O)O,3.0,train,0.4483157780540884,0.9700090868160928,0.0007924478924012,0.2430686559271058,0.9583962344527404,1209.4123079167869,4768.595923597197,4975.599602934732,3.871442272183385,0.3442989109247305
CHEMBL1214,CC1(C)S[C@@H]2[C@H](NC(=O)C(C(=O)O)c3ccccc3)C(=O)N2[C@H]1C(=O)O,3.39,train,0.4084016936534899,0.9642529685130002,0.0006385486974045,0.264983419696152,0.9167841274297202,1435.7309491915605,4967.31209442363,5418.19163945377,3.952186358972402,0.342596992624068
CHEMBL443684,CC1(C)CCC(c2ccc(Cl)cc2)=C(CN2CCN(c3ccc(C(=O)NS(=O)(=O)c4ccc(N[C@H](CCN5CCOCC5)CSc5ccccc5)c(S(=O)(=O)C(F)(F)F)c4)cc3)CC2)C1,9.77,train,0.6180901723049713,0.988629150324946,9.12358579166292e-05,0.1503742103147184,0.9480231912814588,10390.905647511496,65508.70333178533,69100.3173068331,8.624781750276949,0.1076058946019748
CHEMBL2219422,Cn1ncc(Cl)c1-c1cc(C(=O)N[C@H](CN)Cc2cccc(F)c2)sc1Cl,7.08,train,0.6327673540543934,0.9898101651243983,0.0006076410770577,0.1423932477907958,0.9081104818241548,1494.4850111536834,9531.052382144446,10495.4766770218,5.018034700244895,0.1168293842747478
CHEMBL379866,CC(C)c1nnc2ccc(-c3ocnc3-c3cc(F)ccc3F)cn12,3.0,train,0.4499846839263615,0.9713033114645014,0.0007900555866944,0.2378442287256379,0.8931276626394455,1130.4618025374575,4244.991408087175,4752.9503179221,3.857478099726572,0.2309521516758693
CHEMBL75474,C[C@]12CCC3C(CC=C4C[C@@H](O)CC[C@@]43C)C1CC=C2n1cnc2ccccc21,34.67,train,0.6320593412005248,0.9897371080763352,0.0008624516091374,0.142900164089104,0.919755548824164,1066.443078173363,6864.001485984732,7462.854118966529,4.450661854114174,0.1763873726673858
CHEMBL243001,Cc1nc2ccc(Oc3ccc(F)cc3)cc2c(=O)n1C[C@H]1CCCN(C(C)C)C1,10.47,train,0.4645133894176391,0.9733882474565284,0.0003845336054978,0.229162212664977,0.8233733089127946,2141.225882837437,7693.36366488586,9343.71272618054,4.839054099521195,0.1255219852977791
CHEMBL1934271,CCC(CC)n1nc(C)c(C(=O)N[C@@H](C)C(C)(C)C)c1NS(=O)(=O)c1ccc(C)cc1,15.0,train,0.4071801037106974,0.9646916911983512,0.000398419598853,0.2633817399381838,0.838778924868976,2105.265221097756,6704.535018755934,7993.208722790974,4.327458620649049,0.1765980116029814
CHEMBL1934417,COCCC(C)n1nc(C)c(C(=O)N[C@@H](C)C(C)(C)C)c1NS(=O)(=O)c1ccc(C)cc1,9.9,train,0.1675072255120219,0.8825754774015553,0.0002365635413724,0.4701707420601761,0.7856092353597978,3320.9227034809987,5548.936401994972,7063.227050091435,4.140763208526415,0.3236009413255075
CHEMBL1934268,CCn1nc(C)c(C(=O)N[C@@H](C)C(C)(C)C)c1NS(=O)(=O)c1ccc(C)cc1,5.5,train,0.4103417379251247,0.9652434220112642,0.0004721103113741,0.2613525134066719,0.8433576015009684,1786.357088973884,5764.390058254581,6835.048439707414,4.20623849527551,0.1631729470253906
CHEMBL1934267,Cc1ccc(S(=O)(=O)Nc2c(C(=O)N[C@@H](C)C(C)(C)C)c(C)nn2C(C)C)cc1,3.0,train,0.3749226989009123,0.9586506243841324,0.0004220157014759,0.2845856292364624,0.8292234786927846,1964.9114376374948,5725.344255830904,6904.464722654172,4.165422897702991,0.1839866483565247
CHEMBL1934266,CCC(CC)NC(=O)c1c(C)nn(C(C)C)c1NS(=O)(=O)c1ccc(C)cc1,59.87,train,0.162463263358416,0.8796880651324189,0.0003562099708534,0.4755511624037744,0.7974954990494624,2238.835418162928,3754.5091049141024,4707.87497783889,3.627802095916049,0.3339215992762318
CHEMBL1916269,CCC(CC)NC(=O)c1cnn(C)c1NS(=O)(=O)c1ccc(C)cc1,27.0,train,0.308318421209468,0.9426152124427998,0.0004349310637712,0.3338810585693885,0.7929702455488127,1823.2090361012688,4330.136376225653,5460.654293817515,3.991576143821099,0.2108989281569735
CHEMBL1934267,Cc1ccc(S(=O)(=O)Nc2c(C(=O)N[C@@H](C)C(C)(C)C)c(C)nn2C(C)C)cc1,10.0,train,0.3749226989009123,0.9586506243841324,0.0004220157014759,0.2845856292364624,0.8292234786927846,1964.9114376374948,5725.344255830904,6904.464722654172,4.165422897702991,0.1839866483565247
CHEMBL1934270,Cc1ccc(S(=O)(=O)Nc2c(C(=O)N[C@@H](C)C(C)(C)C)c(C)nn2C(C)(C)C)cc1,53.0,train,0.1539250852231412,0.8741019119618748,0.0003124672378264,0.4857425732881512,0.8109340235481634,2595.2609598024114,4332.717632805803,5342.873164759343,3.7572881088988095,0.3615978931434312
CHEMBL1934269,Cc1ccc(S(=O)(=O)Nc2c(C(=O)N[C@@H](C)C(C)(C)C)c(C)nn2CC(F)(F)F)cc1,18.0,train,0.204872660731433,0.8917169231972849,0.0001849110096548,0.4525935581551812,0.6615720810308122,3577.786321461707,5229.777356577913,7905.075662245699,4.259732542228575,0.1731157559482105
CHEMBL1934416,COCC(C)n1nc(C)c(C(=O)N[C@@H](C)C(C)(C)C)c1NS(=O)(=O)c1ccc(C)cc1,3.0,train,0.3611147234647449,0.9557861805345272,0.0003552502535159,0.2940625394354412,0.8267503254913797,2327.233597467982,6542.965785084415,7914.077059716424,4.31557144567033,0.2037319644154714
CHEMBL2070137,CCS(=O)(=O)c1ccc2[nH]c(-c3cccc(-c4ccccc4)c3)nc2c1,24.55,train,0.751207868129974,0.995811570280951,0.0011537442425964,0.0914292977911715,0.9518483143604765,825.0080730356183,8588.959585431327,9023.454111175306,5.043228537877929,0.0989109212274492
CHEMBL222989,O=C(O)CN1C(=O)C(=O)c2ccccc21,26.92,train,0.2336662503380011,0.9115496165767336,0.0012425160908537,0.4111900977878844,0.6987810136495335,562.3919229644771,955.7350726868768,1367.7175739153895,2.651951636206098,0.2443805751872557
CHEMBL1916285,Cc1nn(-c2ccccc2)c(NS(=O)(=O)c2cccc(CN3CCOCC3)c2)c1C(=O)N[C@@H](C)C(C)(C)C,10.0,train,0.387139086608438,0.9596349119782795,0.0003171144336897,0.2812487079302579,0.9426433964802828,2972.565409629083,9962.95831761616,10569.170011498143,4.666435709522279,0.2504492498385045
CHEMBL1945041,O=c1[nH]c2c(O)ccc([C@@H](O)CNCCc3cccc(CNCc4ccccc4Cl)c3)c2s1,60.0,train,0.6307621332074763,0.9895420994292324,0.0004341900093172,0.1442443532939404,0.9453884203480252,2177.361063269559,14270.589379239003,15094.948353593734,5.708259408418107,0.172480785278137
CHEMBL1945291,COc1ccccc1CN(C)Cc1cccc(CCNC[C@H](O)c2ccc(O)c3[nH]c(=O)sc23)c1,33.0,train,0.3804820380782457,0.9594633049267386,0.000219407201912,0.2818335794383988,0.7984174827690782,3638.975730109669,10308.998126062465,12911.789068431606,5.215978069379139,0.1867352169195329
CHEMBL1945289,COc1ccc(CNCc2cccc(CCNC[C@H](O)c3ccc(O)c4[nH]c(=O)sc34)c2)cc1,13.0,train,0.5673976485981722,0.9845639750658088,0.000338149207265,0.1750250810672961,0.9385951722043988,2775.6834913075654,14884.970248961235,15858.775635934891,5.911433627764112,0.1914503497734891
CHEMBL12,CN1C(=O)CN=C(c2ccccc2)c2cc(Cl)ccc21,6.17,train,0.1606044400359139,0.8402236996410982,0.0003873789049464,0.5422399234300492,0.6042713661115152,1559.8974502624803,1738.3474040446176,2876.766137755093,3.2928735502706283,0.3435759205858804
CHEMBL13280,CN1C(=O)CN=C(c2ccccc2F)c2cc([N+](=O)[O-])ccc21,5.01,train,0.1409361856130714,0.80929842873094,0.0003179640216212,0.5873976959893796,0.5938175652790011,1867.56212936062,1887.9733513361296,3179.382796548092,3.3268544114467065,0.3401390098886393
CHEMBL580,O=C1Nc2ccc(Cl)cc2C(c2ccccc2Cl)=NC1O,17.38,train,0.0891092299482546,0.77842051887783,0.0003857980127125,0.6277431766176115,0.6888734070497011,1785.580496400537,1959.462031502431,2844.444293320005,3.202934415868197,0.3577127530166016
CHEMBL452,O=C1CN=C(c2ccccc2Cl)c2cc([N+](=O)[O-])ccc2N1,3.72,train,0.1137315558873219,0.7976773164006299,0.0003550570858227,0.6030844873646556,0.6426655660829291,1810.0344754245912,1928.8289703180576,3001.295031371205,3.2671702077029274,0.3014717561234339
CHEMBL568,O=C1Nc2ccc(Cl)cc2C(c2ccccc2)=NC1O,8.51,train,0.1493907019368573,0.8233590974529628,0.0003773458248087,0.5675207455604089,0.5973340981818621,1582.9884920141246,1666.1470275871577,2789.30506840058,3.24503900775026,0.3028579393772032
CHEMBL580,O=C1Nc2ccc(Cl)cc2C(c2ccccc2Cl)=NC1O,4.57,train,0.0891092299482546,0.77842051887783,0.0003857980127125,0.6277431766176115,0.6888734070497011,1785.580496400537,1959.462031502431,2844.444293320005,3.202934415868197,0.3577127530166016
CHEMBL2181753,CCN(Cc1cc(C(F)(F)F)ccc1-c1cc(CC(=O)O)ccc1OC)C(=O)NCc1ccccc1,25.12,train,0.280690220519142,0.9337757441297332,0.0002685639080517,0.3578587146835508,0.8967539381418864,3339.070929698161,8367.338513999171,9330.69614540714,4.584253013375283,0.4351399210212536
CHEMBL2181753,CCN(Cc1cc(C(F)(F)F)ccc1-c1cc(CC(=O)O)ccc1OC)C(=O)NCc1ccccc1,18.2,train,0.280690220519142,0.9337757441297332,0.0002685639080517,0.3578587146835508,0.8967539381418864,3339.070929698161,8367.338513999171,9330.69614540714,4.584253013375283,0.4351399210212536
CHEMBL254370,CC[C@@H](Nc1c(Nc2cccc(C(=O)N(C)C)c2O)c(=O)c1=O)c1ccccc1,65.0,train,0.5749767600170405,0.985024955399387,0.0006970941118289,0.1724118245377497,0.9617063411642804,1379.593264159153,7695.31668681396,8001.732293350275,4.658491750360837,0.1558535362996996
CHEMBL1916280,CCC(C)NC(=O)c1c(C)nn(-c2ccccc2)c1NS(=O)(=O)c1ccc(C)cc1,17.32,train,0.2381114996524367,0.9190066384522242,0.0003978917540557,0.3942420556976929,0.8712013404468075,2189.54359211169,4838.48256381133,5553.8052332769,3.8403962072100737,0.3774638479666348
CHEMBL1916289,Cc1nn(-c2ccc(F)cc2)c(NS(=O)(=O)c2ccc(C(F)(F)F)cc2)c1C(=O)N[C@@H](C)C(C)(C)C,5.01,train,0.2634242087922644,0.928872980191004,0.0002277429289531,0.3703984161292845,0.8049236612390858,3534.351933291828,7680.603842700331,9542.027663687932,4.439610181137199,0.3163495576244007
CHEMBL1916273,Cc1ccc(S(=O)(=O)Nc2c(C(=O)NC(C)C)c(C)nn2-c2ccccc2)cc1,51.0,train,0.2880465709934288,0.9340319526127034,0.0003153245498784,0.3571894616285598,0.7242783398217506,2296.929750953168,4657.518335290466,6430.564161889351,4.02786138278434,0.1092019497080342
CHEMBL1916083,CNC(=O)c1cnn(-c2ccccc2)c1NS(=O)(=O)c1ccc(C)cc1,64.0,train,0.2300020179056336,0.90414144361436,0.0003109562409727,0.4272332500390638,0.6554984349190718,2108.008615194362,3234.2902803784123,4934.093062751125,3.724345063168662,0.0842463197713562
CHEMBL1916082,CCC(CC)NC(=O)c1cnn(-c2ccccc2)c1NS(=O)(=O)c1ccc(C)cc1,47.91,train,0.3358559738738358,0.9488724752163498,0.000321691251077,0.3156596676434886,0.7595343388409871,2361.0661971626937,5681.15295314562,7479.784208064623,4.265578985917318,0.1091271981640896
CHEMBL1916288,Cc1nn(-c2ccc(F)cc2)c(NS(=O)(=O)c2ccc(C#N)cc2)c1C(=O)N[C@@H](C)C(C)(C)C,6.0,train,0.4287706383408874,0.9680576256383224,0.0003286585099232,0.2507278074795333,0.8092194245293528,2462.189172336501,7946.670635179502,9820.16792268838,4.57344310899979,0.1190446098399042
CHEMBL1916279,Cc1ccc(S(=O)(=O)Nc2c(C(=O)NCC(C)(C)C)c(C)nn2-c2ccccc2)cc1,18.0,train,0.3180663958831181,0.944230327998557,0.00031845329932,0.3292857234799856,0.7557858155101141,2373.301884841247,5447.268960008395,7207.424177882706,4.129795585953861,0.1284959640554397
CHEMBL1916283,Cc1ccc(S(=O)(=O)Nc2c(C(=O)N[C@H](C)C(C)(C)C)c(C)nn2-c2ccccc2)cc1,8.0,train,0.2249730841943966,0.9140087879670318,0.0003080314061301,0.4056943868468447,0.8207143743086833,2664.3853775156435,5390.016349549509,6567.4691686614,4.01027051916895,0.3341151638581237
CHEMBL1916282,Cc1ccc(S(=O)(=O)Nc2c(C(=O)N[C@@H](C)C(C)(C)C)c(C)nn2-c2ccccc2)cc1,6.99,train,0.2472917493830919,0.9225268612653248,0.0003536885800038,0.385932883081953,0.8759662840921886,2476.6597894755523,5621.367258012979,6417.332904357965,3.9956376994939857,0.3679071619437859
CHEMBL1916289,Cc1nn(-c2ccc(F)cc2)c(NS(=O)(=O)c2ccc(C(F)(F)F)cc2)c1C(=O)N[C@@H](C)C(C)(C)C,3.0,train,0.2634242087922644,0.928872980191004,0.0002277429289531,0.3703984161292845,0.8049236612390858,3534.351933291828,7680.603842700331,9542.027663687932,4.439610181137199,0.3163495576244007
CHEMBL1916288,Cc1nn(-c2ccc(F)cc2)c(NS(=O)(=O)c2ccc(C#N)cc2)c1C(=O)N[C@@H](C)C(C)(C)C,3.0,train,0.4287706383408874,0.9680576256383224,0.0003286585099232,0.2507278074795333,0.8092194245293528,2462.189172336501,7946.670635179502,9820.16792268838,4.57344310899979,0.1190446098399042
CHEMBL1916281,Cc1ccc(S(=O)(=O)Nc2c(C(=O)NC(C)C(C)(C)C)c(C)nn2-c2ccccc2)cc1,7.0,train,0.4056111341863702,0.9641720969203516,0.0003656432578631,0.2652775292410044,0.8043912321076666,2199.934539497824,6670.780068880917,8292.954724782532,4.34487480140436,0.1112965058344912
CHEMBL1916282,Cc1ccc(S(=O)(=O)Nc2c(C(=O)N[C@@H](C)C(C)(C)C)c(C)nn2-c2ccccc2)cc1,12.15,train,0.2472917493830919,0.9225268612653248,0.0003536885800038,0.385932883081953,0.8759662840921886,2476.6597894755523,5621.367258012979,6417.332904357965,3.9956376994939857,0.3679071619437859
CHEMBL1916272,CCC(CC)NC(=O)c1c(C)nn(-c2ccccc2)c1NS(=O)(=O)c1ccc(C)cc1,13.49,train,0.2295656815188101,0.9158816920252478,0.0003601555706652,0.4014482858513276,0.8483625176920142,2355.5446223559074,4977.865983709328,5867.616590666575,3.870632130103568,0.3683749030814771
CHEMBL1916264,CCC(CC)NC(=O)c1cnn(-c2ccccc2Cl)c1NS(=O)(=O)c1ccc(C)cc1,56.0,train,0.3109274930039378,0.9432330826863856,0.0002958005784641,0.3321315277505852,0.7880314831164227,2664.063360552408,6320.886834654125,8021.10952427555,4.294795732822763,0.1578832617777592
CHEMBL1916272,CCC(CC)NC(=O)c1c(C)nn(-c2ccccc2)c1NS(=O)(=O)c1ccc(C)cc1,3.0,train,0.2295656815188101,0.9158816920252478,0.0003601555706652,0.4014482858513276,0.8483625176920142,2355.5446223559074,4977.865983709328,5867.616590666575,3.870632130103568,0.3683749030814771
CHEMBL1916284,Cc1ccc(S(=O)(=O)Nc2c(C(=O)N[C@@H](C)C(C)(C)C)c(C(F)(F)F)nn2-c2ccccc2)cc1,18.84,train,0.1653260200028534,0.8820247584022095,0.0002448097799774,0.4712030619229079,0.8148477204412837,3328.493332727576,5755.93714015554,7063.819405469271,3.984502205950218,0.3415498553593035
CHEMBL403,CC1(C)[C@H](C(=O)O)N2C(=O)C[C@H]2S1(=O)=O,3.0,train,0.0452380212780554,0.7219948174609261,0.001179342834557,0.69189846333083,0.824904813285621,699.4614196264761,833.9216262742116,1010.9307314533372,2.335415539639534,0.5602809891792878
CHEMBL481,CCc1c2c(nc3ccc(OC(=O)N4CCC(N5CCCCC5)CC4)cc13)-c1cc3c(c(=O)n1C2)COC(=O)[C@]3(O)CC,3.0,train,0.8075536335012602,0.9976209926343504,0.0005004631666088,0.0689373270097804,0.9547934582776696,1907.8196398495957,26423.6196950836,27674.697041545056,6.908739796313982,0.0524516078419918
CHEMBL841,CN(C)C(=O)C(CCN1CCC(O)(c2ccc(Cl)cc2)CC1)(c1ccccc1)c1ccccc1,13.8,train,0.4838125498634812,0.9749622686970776,0.0003877483578044,0.2223703546272475,0.9649732809767037,2488.658588886636,10799.501794087308,11191.503440547624,5.065317669325297,0.4013066160960553
CHEMBL841,CN(C)C(=O)C(CCN1CCC(O)(c2ccc(Cl)cc2)CC1)(c1ccccc1)c1ccccc1,91.2,train,0.4838125498634812,0.9749622686970776,0.0003877483578044,0.2223703546272475,0.9649732809767037,2488.658588886636,10799.501794087308,11191.503440547624,5.065317669325297,0.4013066160960553
CHEMBL1090090,NC(=O)c1ccc(N(C(N)=O)c2c(F)cccc2F)nc1-c1ccc(F)cc1F,3.0,train,0.4015753500526193,0.9635548295726248,0.0005347205583033,0.2675109164263579,0.8792585509539922,1644.3327964494315,5404.615599267555,6146.787646709341,4.039592791184252,0.2097915826319625
CHEMBL1924046,CC(C)=CCC[N+]12CCC(CC1)[C@@H](OC(=O)[C@](C)(c1ccccc1)N1CCCCC1)C2,101.0,train,0.4031190088956545,0.9639603192083712,0.0003630928271609,0.2660460542682313,0.8318442507455589,2290.9960993988857,7163.240736673579,8611.276366042519,4.606705688934098,0.2035442958701132
CHEMBL1221681,O=c1[nH]c2c(O)ccc([C@@H](O)CN[C@H]3CCC[C@@H]3OCc3ccccc3)c2s1,108.0,train,0.4071246551309621,0.9639543672269748,0.0003458401752106,0.2660676190445629,0.7760026658209477,2243.8187389545005,6544.236120503109,8433.264998619354,4.636784996494509,0.0947117025014291
CHEMBL1643199,Cc1cc(CN2CCc3ccccc3C2C(=O)Nc2ccc(Cl)cc2Cl)ccc1OCC(=O)O,20.0,train,0.265339593857449,0.9270661244403136,0.0001490575405721,0.3748978539752087,0.7351332815863325,4931.875829728303,9670.863742325491,13155.252230530074,5.271781038042391,0.194995142568627
CHEMBL550637,Cc1ccc(C(=O)N2CC3CNCC(C2)O3)cc1NC(=O)CC12CC3CC(CC(C3)C1)C2,16.25,train,0.5016872744039789,0.977915656791,0.0004615796223684,0.2089999239306741,0.9167147642424474,1986.0382040667955,8711.154098895722,9502.578597710735,4.804271110366185,0.2043102799239463
CHEMBL2348642,CNc1nc(C)c(-c2nc(Nc3cccc(N4CCNCC4)c3)ncc2C#N)s1,12.3,train,0.5962429598855588,0.9872016470336186,0.0005573661991748,0.1594769829602712,0.8804275058687855,1579.6212744372012,8720.644152244075,9905.01102488699,4.985135603821667,0.0966838145431861
CHEMBL2035022,NC(=O)c1ccn2c(-c3ccccc3)c(-c3ccc(C4(N)CCC4)cc3)nc2c1,3.72,train,0.4675826720859908,0.9737488199803528,0.0004471802870891,0.2276252085927013,0.8173617159155324,1827.8124942312984,6563.350192596581,8029.921226791162,4.633284067564517,0.1157766474402362
CHEMBL2035021,NC1(c2ccc(-c3nc4ccccn4c3-c3ccccc3)cc2)CCC1,18.2,train,0.435809370164002,0.9691705763495148,0.0005761318465954,0.246390734278603,0.8114999743090466,1408.5317086781988,4639.068302436152,5716.658594334641,4.162789924281785,0.1405083555174706
CHEMBL2035021,NC1(c2ccc(-c3nc4ccccn4c3-c3ccccc3)cc2)CCC1,150.0,train,0.435809370164002,0.9691705763495148,0.0005761318465954,0.246390734278603,0.8114999743090466,1408.5317086781988,4639.068302436152,5716.658594334641,4.162789924281785,0.1405083555174706
CHEMBL2323239,O=C(CSc1nc2c(c(=O)n1-c1ccccc1)SCC2)Nc1ncc(-c2ccccc2)s1,128.82,train,0.5518233569938008,0.9833968679599612,0.0004091969783186,0.1814679037365526,0.8625153434480611,2107.8243221445887,10018.470383512316,11615.411203540643,4.9801649415358575,0.111828496856623
CHEMBL1951444,N#Cc1ccc(-c2ccc(NC(=O)Nc3ccc(-c4ccnc5[nH]cnc45)cc3)cc2)cc1,67.61,train,0.9008981508951388,0.9994143419294592,0.0014424154709621,0.0342194848837011,0.9759277499665584,676.5926805510155,19296.186795859736,19772.14685874128,6.794443643878154,0.0293923525786397
CHEMBL1922054,Cc1ccc2nc(C[N+]34CCC(CC3)[C@@H](OC(=O)[C@](C)(c3ccccc3)N3CCCCC3)C4)oc2c1,150.0,train,0.6128158176838531,0.9883050477883512,0.0004724661048681,0.1524897783986344,0.9374172538552796,1984.0941904540025,12197.04131606411,13011.325816654014,5.274841587964547,0.1927869787853183
CHEMBL1405928,c1ccc(CSc2nc3cccnc3[nH]2)cc1,91.0,train,0.4219947371730021,0.9670579292194056,0.0014789348005468,0.2545564014788773,0.8809656772622317,595.6758045969934,2061.507530656461,2340.054310700262,3.217764419728115,0.2634418879766909
CHEMBL2177110,CCCSc1c(C(=O)NC2CCCCC2)cnn1-c1cccc(C(=O)O)c1,16.98,train,0.4258984457832216,0.9667118061027424,0.0005817680772504,0.2558677078913505,0.9444734091413816,1623.4534792717025,5992.583647176272,6344.893979200658,4.244275228515349,0.3508805071826018
CHEMBL57531,Nc1ncc2cc(-c3c(Br)cccc3Br)c(N)nc2n1,120.23,train,0.2319547579026842,0.9136042084561954,0.0004239015872514,0.4066046609313875,0.7304036168356908,1723.0499691486727,3095.19799052964,4237.654249220298,3.385481413461952,0.2269236295377099
CHEMBL2098096,Cc1cc(OCC(=O)NCc2ccccc2)c2cc(Br)ccc2n1,51.29,train,0.2186574785436919,0.8857293605168665,0.0002437573776911,0.4642020033545557,0.5996720587323713,2460.1185999475065,3178.065529436155,5299.672517932839,3.767676375141704,0.1676226097859704
CHEMBL2098183,COc1ccc2nc(C)cc(OCC(=O)NCc3ccccc3)c2c1,120.23,train,0.3222277608641606,0.9463370039784718,0.0004598244082169,0.3231814891064304,0.7940213191393614,1726.7924558817172,4242.538851745817,5343.104460147618,4.100538382049348,0.2227469044928643
CHEMBL2153439,Cc1cccc(-c2ccc(CNC(=O)CCCc3ccc4cccnc4n3)cc2)c1,60.26,train,0.8665875715417942,0.9989075193754896,0.0012522018352482,0.0467308007111581,0.9752217130057348,778.8055292319631,16252.836475249647,16665.78610637853,6.526898240340734,0.060266497517487
CHEMBL1464,CC(=O)CC(c1ccccc1)c1c(O)c2ccccc2oc1=O,3.0,train,0.1630839445618059,0.8806621049194837,0.0005754282052373,0.4737449281615415,0.8318850155052026,1445.6799439682309,2538.5801749279854,3051.5998336456505,3.377797353358302,0.3897441107331955
CHEMBL251074,CC(=O)C[C@@H](c1ccccc1)c1c(O)c2ccccc2oc1=O,3.0,train,0.1630879770222379,0.8806647876416306,0.0005754367550231,0.4737399411155045,0.831890401951879,1445.6678248131748,2538.602054622856,3051.606375871737,3.3778012666971096,0.3897445157038286
CHEMBL251073,CC(=O)C[C@H](c1ccccc1)c1c(O)c2ccccc2oc1=O,3.47,train,0.2973422084875199,0.9373340453662936,0.0008159823661695,0.3484320412896306,0.9412607164637754,1153.5307078783376,3116.1690427258727,3310.6332689980045,3.5060583584431746,0.376868922467886
CHEMBL406852,COc1nc(N)nc2c1ncn2[C@@H]1O[C@H](CO)[C@@H](O)[C@H]1O,10.47,train,0.4680165144223818,0.9739736530774382,0.0010557956331224,0.2266612518958417,0.8478708674733778,803.0634346969599,3004.0162812016715,3543.011555702489,3.5160504358881357,0.1294296010946863
CHEMBL477,Nc1ncnc2c1ncn2[C@@H]1O[C@H](CO)[C@@H](O)[C@H]1O,3.0,train,0.4511665547679826,0.9716463965006106,0.0013899720167305,0.2364387450638711,0.8598368449431221,618.6001117962235,2249.6108591028183,2616.3229365352786,3.2033181229803853,0.1544655180262536
CHEMBL1963249,C[C@@H]1CN[C@@H](C2CC2)C(=O)N(C)[C@H](C)C(=O)N[C@H](Cc2ccc(F)cc2)C(=O)NCCCc2ccccc2O1,26.92,train,0.3044596902828671,0.9419063201628632,0.0002179339157657,0.3358756973007338,0.8353320375112833,3832.960255755204,9532.676897646948,11411.841602589298,4.795728434412409,0.3394809301510795
CHEMBL1213085,Cc1ccccc1-n1c(Cn2nc(-c3ccc(O)c(F)c3)c3c(N)ncnc32)nc2cccc(C)c2c1=O,39.81,train,0.3394679505273214,0.9504223654828772,0.000279698481566,0.3109619384907615,0.8903782349216551,3183.350263241773,9114.896190444231,10237.105797230384,4.711798898215447,0.3273168938307044
CHEMBL1213085,Cc1ccccc1-n1c(Cn2nc(-c3ccc(O)c(F)c3)c3c(N)ncnc32)nc2cccc(C)c2c1=O,44.67,train,0.3394679505273214,0.9504223654828772,0.000279698481566,0.3109619384907615,0.8903782349216551,3183.350263241773,9114.896190444231,10237.105797230384,4.711798898215447,0.3273168938307044
CHEMBL435859,OB1c2ccccc2N=C(S)N1c1cccnc1,3.0,train,0.4204783400149034,0.9666497512360652,0.0012342372105038,0.2561020469173437,0.8023849548726936,650.1059504964685,2036.825710807126,2538.4644844572003,3.200221362208292,0.153731199302084
CHEMBL35,NS(=O)(=O)c1cc(C(=O)O)c(NCc2ccco2)cc1Cl,3.0,train,0.5148893525773305,0.9796258905498658,0.0008636844344231,0.2008310597601442,0.846871112317582,980.5330263746216,4134.744375206421,4882.37739493925,3.8876288902446254,0.116596041381159
CHEMBL1645135,C[C@H](NC(=O)c1cccc2c1N(Cc1ccc(Cl)cc1)CC2)c1ccc(C(=O)O)cc1,13.18,train,0.34607148124506,0.9522539559041474,0.0002816885824052,0.3053070642237127,0.8027576706205096,2849.8054971416177,7493.122468108439,9334.227180061029,4.756198477703732,0.2356574899497294
CHEMBL108,NC(=O)N1c2ccccc2C=Cc2ccccc21,5.25,train,0.1825323340621231,0.8896133241628357,0.0009518818818407,0.4567144988632936,0.747651477146592,785.4456434245687,1285.791445172644,1719.7738310902032,2.832399786535455,0.3457291714593472
CHEMBL108,NC(=O)N1c2ccccc2C=Cc2ccccc21,19.95,train,0.1825323340621231,0.8896133241628357,0.0009518818818407,0.4567144988632936,0.747651477146592,785.4456434245687,1285.791445172644,1719.7738310902032,2.832399786535455,0.3457291714593472
CHEMBL2336324,C[C@H]1COCCN1c1nc(N2CCOC[C@@H]2C)c2ccc(-c3ccc4nc[nH]c(=O)c4c3)nc2n1,150.0,train,0.4547921870068577,0.9719642068174515,0.0003062133501187,0.2351288597040399,0.8132918364941937,2655.9646605175803,9186.76839216988,11295.783358370729,4.942831409007639,0.1248009875933503
CHEMBL335744,CC(C)C(=O)Nc1nc(-c2ccccn2)cc2ccccc12,61.66,train,0.2721965789573625,0.9194996509351312,0.0004216979228932,0.3930908189339609,0.6353646256450287,1506.681895148626,2435.2956929224893,3832.9104180928425,3.652763720129537,0.0834814939693689
CHEMBL9967,CN1CCN(CC(=O)N2c3ccccc3C(=O)Nc3cccnc32)CC1,6.76,train,0.3429419979571825,0.951695783225506,0.00055311802395,0.3070425641353178,0.8558555633611113,1547.329008100445,4313.050679674377,5039.460937469621,3.9381115899955015,0.2230665535060342
CHEMBL2132954,O=C1NC(=O)C(=CC=Cc2ccccc2)S1,10.47,train,0.5819030932599225,0.9860337660310928,0.0019920422976695,0.1665455260478046,0.8990253971700533,451.3083874884627,2436.1969482838576,2709.81994051837,3.4786440434240298,0.220052130351752
CHEMBL5,CCn1cc(C(=O)O)c(=O)c2ccc(C)nc21,3.46,train,0.3558439965754519,0.9521338186154936,0.0011492456870639,0.3056815196387871,0.724631855901278,630.5282360924269,1494.6956769179824,2062.69661586837,3.0027324799303767,0.0952412270121093
CHEMBL2035031,NC1(c2ccc(-c3ncc4cccnc4c3-c3ccccc3)cc2)CCC1,19.5,train,0.4751489352010834,0.9748876647240496,0.0006431070333365,0.2226971961406092,0.8407739957130366,1307.362463991289,4935.833866543936,5870.583404947004,4.151367787383445,0.1506452332104764
CHEMBL1397672,Cc1[nH]c2nc(NCc3cccc(Br)c3)nn2c(=O)c1Cc1ccccc1,3.0,train,0.7728878055785101,0.996562214135008,0.0009191676736982,0.0828477721989597,0.9653256507046392,1050.2171457146917,12236.91986712146,12676.468151643048,5.531334985678851,0.1262364387456038
CHEMBL1529080,Cn1sc(=O)c2cc(S(=O)(=O)NC3CC3)ccc21,150.0,train,0.5407879649453707,0.9820322816815786,0.0015230484825093,0.1887130036199755,0.9357586551469452,614.3984685275584,3046.5769374932142,3255.729370747632,3.487376540570589,0.1785183878656156
CHEMBL1531981,Cc1oc(-c2ccccc2)cc1C(=O)Nc1cccc(C(=O)O)c1,66.07,train,0.7425561669888656,0.9955004602801322,0.0013977195120721,0.0947567073195621,0.9333738407429488,667.7833661771161,6577.809032251104,7047.346674099293,4.715945579288122,0.0610089440333395
CHEMBL1431736,CC(NC(=O)c1cc(O)nc2ccccc12)c1ccccc1,5.25,train,0.4050810561713034,0.9635743374447748,0.0008934479580036,0.2674406405501291,0.920991306929694,1030.8281514096934,3549.885927710308,3854.418495593136,3.798291772889526,0.3244795127826028
CHEMBL1016,CCOc1nc2cccc(C(=O)O)c2n1Cc1ccc(-c2ccccc2-c2nnn[nH]2)cc1,3.0,train,0.3644314436737281,0.9564139629505748,0.0003500426791827,0.2920142658727084,0.8153784923341161,2329.3687907938483,6504.193235393371,7976.900662138339,4.368377076838359,0.2098120595959789
CHEMBL1088913,NCCCCN(Cc1nc2ccccc2[nH]1)C1CCCc2cccnc21,30.72,train,0.3126716013763209,0.9423113475402108,0.000601915019209,0.3347376947655465,0.9301194661309836,1545.267083305604,4293.759014982395,4616.35216908548,3.8676081871679817,0.4196106006168653
CHEMBL518924,NCCCCN(Cc1nc2ccccc2[nH]1)[C@H]1CCCc2cccnc21,30.51,train,0.2224831098780561,0.9118889256269824,0.0003620800397967,0.4104370686461784,0.7740942708887372,2137.909262612655,4032.148746523385,5208.860080948639,4.034809935368344,0.3278481057111991
CHEMBL1939560,C[C@H](c1nc2ncccc2c(=O)n1-c1ccc(Cl)cc1)N(CC1CCS(=O)(=O)CC1)C(=O)Cc1ccc(C(F)(F)F)c(F)c1,5.13,train,0.2712536686273828,0.9270347600634564,0.0001018316250049,0.3749754040388383,0.7046663539389673,6919.916616325639,13004.139362385496,18454.32138159361,5.428882750234716,0.2023358978781553
CHEMBL1939560,C[C@H](c1nc2ncccc2c(=O)n1-c1ccc(Cl)cc1)N(CC1CCS(=O)(=O)CC1)C(=O)Cc1ccc(C(F)(F)F)c(F)c1,7.08,train,0.2712536686273828,0.9270347600634564,0.0001018316250049,0.3749754040388383,0.7046663539389673,6919.916616325639,13004.139362385496,18454.32138159361,5.428882750234716,0.2023358978781553
CHEMBL2103846,CC(=O)[C@@]1(O)CC[C@H]2[C@@H]3CCC4=CC(=O)CCC4=C3[C@@H](c3ccc(N(C)C)cc3)C[C@@]21C,150.0,train,0.1464606498097805,0.822795855125453,0.0001490799870224,0.5683370309845864,0.6028888657798583,4044.063041735568,4289.920324477895,7115.607150795079,4.220878572630176,0.3716278234039231
CHEMBL1276308,CC#C[C@]1(O)CC[C@H]2[C@@H]3CCC4=CC(=O)CCC4=C3[C@@H](c3ccc(N(C)C)cc3)C[C@@]21C,26.92,train,0.137188129282139,0.8556401891845826,0.0002100366752597,0.5175711223128387,0.740557197683614,3525.8470777432185,5044.893964884383,6812.294824308356,4.231281023836703,0.4824589154021848
CHEMBL2152917,CO[C@H]1CC[C@]2(CC1)Cc1ccc(OCC(C)C)cc1C21N=C(C)C(N)=N1,7.24,train,0.39422864023501,0.9620560356369856,0.000573609754628,0.2728519457406295,0.8922374942993706,1555.4782447483312,5086.480170644328,5700.814192569306,4.086757381968516,0.2688297862909531
CHEMBL1257599,CNc1ncnc2c(CNc3cc(NC(=O)c4ccc5c(c4)OCCO5)ccc3C)cccc12,41.69,train,0.5774083664310378,0.9856386685865348,0.0004252950113638,0.1688680401584708,0.9050058418171968,2127.948406718891,11404.204948188884,12601.250092805956,5.355872345181118,0.147750930494939
CHEMBL1171837,Cc1ccc(C(=O)Nc2ccc(CN3CCN(C)CC3)c(C(F)(F)F)c2)cc1C#Cc1cnc2cccnn12,3.0,train,0.5679324696302304,0.9848617740527128,0.0002618763392727,0.1733415299625093,0.8869058400391665,3386.7352907944187,17328.30735209251,19537.9335322984,6.147459141497027,0.0976884455858405
CHEMBL1171837,Cc1ccc(C(=O)Nc2ccc(CN3CCN(C)CC3)c(C(F)(F)F)c2)cc1C#Cc1cnc2cccnn12,4.68,train,0.5679324696302304,0.9848617740527128,0.0002618763392727,0.1733415299625093,0.8869058400391665,3386.7352907944187,17328.30735209251,19537.9335322984,6.147459141497027,0.0976884455858405
CHEMBL571,CC(C(=O)O)c1cccc(C(=O)c2ccccc2)c1,53.7,train,0.4925492745129453,0.9757533480444194,0.0015454710639825,0.2188730311849913,0.9821705818211046,635.5153484984136,2851.8108248035755,2903.5799662374866,3.5449152000528525,0.2865899839504371
CHEMBL75435,C[C@H](C(=O)O)c1cccc(C(=O)c2ccccc2)c1,21.0,train,0.5508239513085773,0.9830070884321856,0.0016568784009583,0.1835676008779254,0.9383169441785634,566.3161180903887,2894.7592430486493,3085.054853808301,3.5877068597541664,0.2645066311181661
CHEMBL372052,C[C@@H](C(=O)O)c1cccc(C(=O)c2ccccc2)c1,21.3,train,0.4925432079295835,0.9757525006801466,0.0015454573754305,0.2188768087679468,0.9821732085371142,635.5226770738312,2851.8021180648275,2903.5633361577934,3.5449102056328123,0.2865985180098536
CHEMBL672,CC(C)OC(=O)C(C)(C)Oc1ccc(C(=O)c2ccc(Cl)cc2)cc1,54.0,train,0.7231633198763818,0.9945697183093948,0.0011082460994122,0.1040724527527375,0.980696324558112,884.9084378263822,8338.67588965771,8502.811401291832,4.956095777856198,0.1858867568992508
CHEMBL571,CC(C(=O)O)c1cccc(C(=O)c2ccccc2)c1,3.0,train,0.4925492745129453,0.9757533480444194,0.0015454710639825,0.2188730311849913,0.9821705818211046,635.5153484984136,2851.8108248035755,2903.5799662374866,3.5449152000528525,0.2865899839504371
CHEMBL551984,N#Cc1cccc(NCC(=O)Nc2c(Cl)ccc3nc(N4CC[C@@H](O)C4)ccc23)c1,8.0,train,0.4122849716792413,0.9654249536328128,0.0002991185495305,0.2606811441264614,0.8144221552490224,2722.740386804147,8506.407709062601,10444.715500724107,5.068209793205476,0.1314810764608956
CHEMBL11,CN(C)CCCN1c2ccccc2CCc2ccccc21,5.62,train,0.1868427336366598,0.8835338466066792,0.0004761881827753,0.4683673151495575,0.6778098891761342,1423.4076226456043,2059.9212023362584,3039.084019325914,3.410268109377333,0.2785891152660071
CHEMBL72,CNCCCN1c2ccccc2CCc2ccccc21,150.0,train,0.1639140335880058,0.8689953452832712,0.0005437340468996,0.4948202601713155,0.686942249678944,1263.379134699952,1753.9065694031024,2553.208177576536,3.2335123522846745,0.3456058706706045
CHEMBL72,CNCCCN1c2ccccc2CCc2ccccc21,6.92,train,0.1639140335880058,0.8689953452832712,0.0005437340468996,0.4948202601713155,0.686942249678944,1263.379134699952,1753.9065694031024,2553.208177576536,3.2335123522846745,0.3456058706706045
CHEMBL11,CN(C)CCCN1c2ccccc2CCc2ccccc21,150.0,train,0.1868427336366598,0.8835338466066792,0.0004761881827753,0.4683673151495575,0.6778098891761342,1423.4076226456043,2059.9212023362584,3039.084019325914,3.410268109377333,0.2785891152660071
CHEMBL169901,N=C(N)N1CCc2ccccc2C1,3.98,val,0.5195065695330205,0.980116765075472,0.0034222288911857,0.1984215885885197,0.8449758317131782,246.90804109844396,1051.4547780205617,1244.3607717024877,2.693544481237347,0.1397424943244806
CHEMBL1916271,CCN(C(=O)c1cnn(-c2ccccc2)c1NS(=O)(=O)c1ccc(-c2cnco2)cc1)C1CCCCC1,35.0,val,0.3027323461280622,0.940527507918026,0.0003053183131315,0.3397175398025651,0.8975376614075169,2939.67843658604,7766.664361212995,8653.301911624885,4.316063633478931,0.3629144399741311
CHEMBL1916271,CCN(C(=O)c1cnn(-c2ccccc2)c1NS(=O)(=O)c1ccc(-c2cnco2)cc1)C1CCCCC1,9.5,val,0.3027323461280622,0.940527507918026,0.0003053183131315,0.3397175398025651,0.8975376614075169,2939.67843658604,7766.664361212995,8653.301911624885,4.316063633478931,0.3629144399741311
CHEMBL960,Cc1oncc1C(=O)Nc1ccc(C(F)(F)F)cc1,23.99,val,0.7671229915411183,0.9963993858987308,0.0025159887337131,0.0847836292018232,0.9365009532256404,372.21985165391897,4111.4570013700895,4390.232585678399,4.052208559478175,0.0275839289091822
CHEMBL960,Cc1oncc1C(=O)Nc1ccc(C(F)(F)F)cc1,3.0,val,0.7671229915411183,0.9963993858987308,0.0025159887337131,0.0847836292018232,0.9365009532256404,372.21985165391897,4111.4570013700895,4390.232585678399,4.052208559478175,0.0275839289091822
CHEMBL1944692,O=c1[nH]c2c(O)ccc([C@@H](O)CNCCc3ccc(CNCCc4ccccc4F)cc3)c2s1,14.0,val,0.7413535930409637,0.9954026475578766,0.0004860911397901,0.0957787514784444,0.9636050511479808,1982.3546908590745,19943.953787167517,20697.228354508406,6.652266834568578,0.1061056318578512
CHEMBL1944694,COc1ccccc1CCNCc1ccc(CCNC[C@H](O)c2ccc(O)c3[nH]c(=O)sc23)cc1,29.0,val,0.7871970747918605,0.9970055720099354,0.0006189294045009,0.0773297444787023,0.9757811480163672,1576.5629180329672,19893.772887118917,20387.53559398057,6.511382963122845,0.1331275637857065
CHEMBL1605684,CC(=O)c1cn(Cc2ccccc2)c(=O)n(Cc2ccc(F)cc2)c1=O,150.0,val,0.3735799399476715,0.958262328871488,0.000518664968973,0.285890379456518,0.8119843694783986,1565.5276875283837,4446.403599432937,5475.97191099776,4.0374671693226905,0.1948064259653496
CHEMBL2089280,Cc1ccc(-c2cccc([S@]3(=O)=NC(=O)[C@H](C)N3)c2)cc1,19.5,val,0.57001213172097,0.9845532206458718,0.0012929260565995,0.175085566840448,0.963765006318927,745.4138629193383,4103.158297230399,4257.426105251834,3.893239388925783,0.1780098847374362
CHEMBL2338400,CC(C)(C)NC(=O)NCCN1CCN(CC(=O)NC23CC4CC(CC(C4)C2)C3)CC1,33.88,val,0.7355827421586568,0.9951647471410524,0.0007716486256587,0.0982197844005217,0.9643211699166804,1249.6894802260897,12269.442749843682,12723.398731258583,5.591944810664133,0.12957490560776
CHEMBL1188966,CN(C)c1nc(NC[C@H]2CC[C@H](CNS(=O)(=O)c3ccc(Br)cc3OC(F)(F)F)CC2)nc2ccccc12,50.12,val,0.5908082124792878,0.9865823888571637,0.0002615927921994,0.1632641724227721,0.9386191181873074,3588.092432881753,20628.23769200861,21977.21875924129,6.120793351355132,0.1512160933880736
CHEMBL1560,C[C@H](CS)C(=O)N1CCC[C@H]1C(=O)O,57.11,val,0.3289400042985886,0.9455317689065168,0.0019557465692052,0.3255298357885389,0.960161808727611,490.9438798697627,1448.056404838142,1508.1378905885458,2.8164009246526494,0.5280234883899073
CHEMBL511782,COc1ccc(N(C(=O)c2ccccc2)C(C(=O)NC[C@@H](C)O)c2ccccc2F)c(OC)c1,150.0,val,0.0419268104126745,0.7106327963094694,0.0002055599727523,0.7035630951161268,0.821432690291898,3996.073161974161,4665.544783161049,5679.765169198631,3.920581692989352,0.671570408560916
CHEMBL137,Cc1ncc([N+](=O)[O-])n1CCO,3.0,val,0.1611486009058176,0.8638261696495986,0.001622917423901,0.5037899846448943,0.6729864404011779,414.676945659697,553.9450367848444,823.1147071174703,2.287842015835311,0.3096878226911649
CHEMBL2035025,NC1(c2ccc(-c3ncc4nccn4c3-c3ccccc3)cc2)CCC1,16.22,val,0.4278667967378836,0.968079730328028,0.0006395980300005,0.2506424459823445,0.8294296096171697,1296.798255642644,4291.383555224607,5173.897224630468,3.975751013558721,0.2066599997501943
CHEMBL2035025,NC1(c2ccc(-c3ncc4nccn4c3-c3ccccc3)cc2)CCC1,3.0,val,0.4278667967378836,0.968079730328028,0.0006395980300005,0.2506424459823445,0.8294296096171697,1296.798255642644,4291.383555224607,5173.897224630468,3.975751013558721,0.2066599997501943
CHEMBL2035035,NC1(c2ccc(-c3c(-c4ccccc4)ccn4ncnc34)cc2)CCC1,3.0,val,0.2976705370051291,0.9376742428243402,0.0004286172677666,0.3475154879193156,0.7366835170572607,1718.744372796143,3643.494156346238,4945.806539693541,3.890982200644543,0.2095001139171952
CHEMBL106309,O=C(O)CCCCCCc1ccc(Cc2ccc3ccccc3n2)cc1,150.0,val,0.8384500114560052,0.998335369051207,0.0016211339664202,0.0576757392790961,0.993717295214176,612.9766668256647,10561.20862950378,10627.981097206848,5.6012333937262575,0.1224606834173435
CHEMBL1486517,O=C(C1CCN(c2nnc(-n3cccc3)s2)CC1)N1CCN(Cc2ccc3c(c2)OCO3)CC1,50.12,val,0.8021513507128405,0.9974145330869408,0.0007629158689132,0.0718627106847472,0.993392790046086,1302.1000486740031,17999.55481704304,18119.27265569141,6.23954762310986,0.1512288284472644
CHEMBL46740,Cc1c(-c2ccc(O)cc2)n(Cc2ccc(OCCN3CCCCCC3)cc2)c2ccc(O)cc12,17.78,val,0.4395330142055998,0.9696981234177418,0.000252144989806,0.2443062615654993,0.8082509253636851,3205.500636698779,10604.92203213979,13120.82881608572,5.349107303681034,0.1239125221217505
CHEMBL46740,Cc1c(-c2ccc(O)cc2)n(Cc2ccc(OCCN3CCCCCC3)cc2)c2ccc(O)cc12,35.48,val,0.4395330142055998,0.9696981234177418,0.000252144989806,0.2443062615654993,0.8082509253636851,3205.500636698779,10604.92203213979,13120.82881608572,5.349107303681034,0.1239125221217505
CHEMBL2216830,C=CC(=O)Nc1cccc(CN2C(=O)N(c3c(Cl)c(OC)cc(OC)c3Cl)Cc3cnc(NCCCCN(CC)CC)nc32)c1,39.81,val,0.2639086147309368,0.9260463024767036,9.793634424270404e-05,0.3774099172905047,0.7269889698270731,7423.076442647913,14298.76229732024,19668.472137509118,5.614084517839484,0.1296064948619442
CHEMBL2035017,NC1(c2ccc(-c3nc4ccccc4cc3-c3ccccc3)cc2)CCC1,13.49,val,0.353136969440107,0.9528330763568128,0.0004176952643938,0.3034948576177402,0.7576195556832648,1813.8093013398643,4527.844088568031,5976.40867979518,4.192121583257625,0.1495694806505527
CHEMBL2035017,NC1(c2ccc(-c3nc4ccccc4cc3-c3ccccc3)cc2)CCC1,147.91,val,0.353136969440107,0.9528330763568128,0.0004176952643938,0.3034948576177402,0.7576195556832648,1813.8093013398643,4527.844088568031,5976.40867979518,4.192121583257625,0.1495694806505527
CHEMBL2070950,N#CC1(NC(=O)[C@@H]2CCCC[C@H]2C(=O)N2CCN(c3nc4ccncc4s3)CC2)CC1,6.61,val,0.5442331948017416,0.9825404533970028,0.0004783445819955,0.1860490726620587,0.9158423887504312,1914.608052901386,9424.82103028298,10290.87662468008,4.965961031120049,0.1492527668480588
CHEMBL2070950,N#CC1(NC(=O)[C@@H]2CCCC[C@H]2C(=O)N2CCN(c3nc4ccncc4s3)CC2)CC1,4.9,val,0.5442331948017416,0.9825404533970028,0.0004783445819955,0.1860490726620587,0.9158423887504312,1914.608052901386,9424.82103028298,10290.87662468008,4.965961031120049,0.1492527668480588
CHEMBL1084102,O=C(O)CC[C@@H](Cc1ccc(OCc2ccccc2)cc1)NC(=O)CCCCCCc1ccccc1,17.38,val,0.4370832997126958,0.9695660741046204,0.000196318249048,0.2448297938269643,0.8548143545923985,4354.227682538492,15202.628193315772,17784.713267437874,6.18773381236492,0.1803472545962219
CHEMBL250961,Cc1ccc(F)cc1S(=O)(=O)N[C@@H]1CCN(Cc2ccc(-c3ccccc3)cc2)C1,150.0,val,0.7444453626167578,0.9955145835707032,0.0007843758938336,0.0946082126353185,0.967966335542466,1234.0592605562615,12626.04785577522,13043.891499283756,5.629030461797969,0.1307457899911169
CHEMBL2023489,COc1ccc2c(Oc3ccc(CC(=O)Nc4cn(C)nc4C)c(OC)c3)ccnc2c1,23.44,val,0.620987360135453,0.9887615850138712,0.0005798315410149,0.14950092976586,0.9592936369079262,1654.435071311835,10615.914155666882,11066.386502765688,5.194240355711406,0.1926098258435932
CHEMBL408,Cc1c(C)c2c(c(C)c1O)CCC(C)(COc1ccc(CC3SC(=O)NC3=O)cc1)O2,150.0,val,0.583293611782369,0.9858258212430115,0.0004765235483688,0.1677720184373482,0.954393060913582,2002.824549133964,11393.329291288464,11937.774652701612,5.356077095068356,0.2763390151021123
CHEMBL408,Cc1c(C)c2c(c(C)c1O)CCC(C)(COc1ccc(CC3SC(=O)NC3=O)cc1)O2,28.18,val,0.583293611782369,0.9858258212430115,0.0004765235483688,0.1677720184373482,0.954393060913582,2002.824549133964,11393.329291288464,11937.774652701612,5.356077095068356,0.2763390151021123
CHEMBL98406,Nc1nc2ccc(F)cc2s1,5.75,val,0.5461056394898345,0.9825858968921394,0.0044078565004993,0.1858089212838554,0.814602627096585,184.80697522805076,810.2100076053998,994.6076536644111,2.4319953794964326,0.0028858235602069
CHEMBL565755,CCOc1ccc2nc(N)sc2c1,74.13,val,0.6942070884744768,0.9933491597994472,0.0044371140868901,0.1151409862982442,0.8887682342101688,200.30321889538683,1546.131780590632,1739.6343850707597,2.995452527380108,0.0334057316835991
CHEMBL565755,CCOc1ccc2nc(N)sc2c1,12.02,val,0.6942070884744768,0.9933491597994472,0.0044371140868901,0.1151409862982442,0.8887682342101688,200.30321889538683,1546.131780590632,1739.6343850707597,2.995452527380108,0.0334057316835991
CHEMBL17357,NCCc1ccc(O)c2nc(O)sc12,150.0,val,0.2786362140144351,0.9244760696533744,0.0010686063532339,0.381240077429235,0.6538515812531069,611.8731928500296,1049.402406402669,1604.9550639481342,2.786969163415456,0.10294855695461
CHEMBL2062583,CC(=O)Nc1ccc2c(c1)c(-c1cc(NC3CC3)n3ncc(C#N)c3n1)cn2CCCO,12.3,val,0.196211067834333,0.8981404812182234,0.0001948240511666,0.4397086262482215,0.757848083162555,3889.910299188316,6704.351217913068,8846.56353544542,4.75739107600345,0.2667717953207426
CHEMBL2169908,Cc1noc2cc(N3CCN(C(=O)[C@@H]4CCCC[C@H]4C(=O)NC4(C#N)CC4)[C@H](C)C3)ccc12,30.2,val,0.5803488259635481,0.985863361178798,0.0004508347740524,0.1675512849405892,0.911527014441372,2021.8649201522676,10999.524682389803,12067.140642157325,5.282398925981258,0.1588940987012071
CHEMBL2169908,Cc1noc2cc(N3CCN(C(=O)[C@@H]4CCCC[C@H]4C(=O)NC4(C#N)CC4)[C@H](C)C3)ccc12,9.33,val,0.5803488259635481,0.985863361178798,0.0004508347740524,0.1675512849405892,0.911527014441372,2021.8649201522676,10999.524682389803,12067.140642157325,5.282398925981258,0.1588940987012071
CHEMBL1852688,CCN1CCN(c2ccc(Nc3cc(N(C)C(=O)Nc4c(Cl)c(OC)cc(OC)c4Cl)ncn3)cc2)CC1,87.1,val,0.8267112895277916,0.9980861249596632,0.0005818989645061,0.0618392040941953,0.9776984595886892,1680.1859415893152,26564.30060794785,27170.238786223785,7.030969437031691,0.0852648655829973
CHEMBL1852688,CCN1CCN(c2ccc(Nc3cc(N(C)C(=O)Nc4c(Cl)c(OC)cc(OC)c4Cl)ncn3)cc2)CC1,28.84,val,0.8267112895277916,0.9980861249596632,0.0005818989645061,0.0618392040941953,0.9776984595886892,1680.1859415893152,26564.30060794785,27170.238786223785,7.030969437031691,0.0852648655829973
CHEMBL259081,O=c1nc(NCc2ccccc2)sn1Cc1ccccc1,19.95,val,0.6131526960068038,0.9883119025904455,0.0012623138006082,0.1524453449537034,0.9405801966267432,745.1239114818662,4597.37747574873,4887.810196553754,4.147356456024156,0.1623884113843521
CHEMBL1078178,N#CCNC(=O)c1ccc(-c2ccnc(Nc3ccc(N4CCOCC4)cc3)n2)cc1,5.13,val,0.8396892578504237,0.998384945824654,0.0010773649405052,0.0568110900326937,0.9740485746190342,904.1027213696276,15501.19820887936,15914.194233015662,6.244120272530618,0.0512568817558872
CHEMBL77131,CCNC(=O)OC1CCN(c2nncc3cc(OC)c(OC)cc23)CC1,64.57,val,0.5899299984929745,0.986701738559228,0.0007174047937582,0.1625413151300206,0.8746469843918884,1219.1819625428911,6560.509407162862,7500.751187891142,4.604178391211015,0.1018277723992803
CHEMBL77131,CCNC(=O)OC1CCN(c2nncc3cc(OC)c(OC)cc23)CC1,33.88,val,0.5899299984929745,0.986701738559228,0.0007174047937582,0.1625413151300206,0.8746469843918884,1219.1819625428911,6560.509407162862,7500.751187891142,4.604178391211015,0.1018277723992803
CHEMBL471412,COc1ccc(N(C(=O)c2ccccc2)C(C(=O)NC2CCCC2)c2ccccc2F)c(OC)c1,150.0,val,0.0262335781928201,0.6504952196674338,0.0001930167721002,0.7595103483098943,0.8459311768646363,4382.68222838848,4881.365400134991,5770.404890652346,3.971691299287567,0.7744091801473916
CHEMBL2021706,CCC[C@@H](CNC(=O)c1nc(Cl)c(N)nc1N)[N+](C)(C)CCCc1ccc(OC)cc1,23.99,val,0.7077329258357585,0.993995580651198,0.000577628091608,0.1094202250312433,0.936309954609802,1620.956404670735,13870.540087523685,14814.047441484368,5.802784056088899,0.1467871324210151
CHEMBL1309788,Cc1ccc(-n2c(C)cc(/C=C3\SC(=O)NC3=O)c2C)cc1,17.78,val,0.6879253767851322,0.9930385745124234,0.0014430104292047,0.1177895985659783,0.9221276378476984,639.0304735052122,5002.713891719284,5425.18593564327,4.208692999472727,0.0965582005080811
CHEMBL1470412,Cc1cc(NC(=O)Nc2cccc3ccccc23)no1,95.5,val,0.7030805448602401,0.9937853221942696,0.0018480519607089,0.1113136711784821,0.8932111883684557,483.3257978448796,3878.337725201273,4342.01650819608,4.035029646345111,0.0136697148064133
CHEMBL1734492,NC(=O)NC(=O)C(Nc1ccc2c(c1)CCC2)c1ccccc1,54.95,val,0.3457230960908626,0.9522837987545923,0.0006632770690253,0.3052139686015748,0.8123777930614715,1224.7940280148846,3259.993223745488,4012.902927171482,3.7059286350096032,0.2164642196699725
CHEMBL1734492,NC(=O)NC(=O)C(Nc1ccc2c(c1)CCC2)c1ccccc1,13.8,val,0.3457230960908626,0.9522837987545923,0.0006632770690253,0.3052139686015748,0.8123777930614715,1224.7940280148846,3259.993223745488,4012.902927171482,3.7059286350096032,0.2164642196699725
CHEMBL2151326,COc1cc(Nc2nc3c(cc2F)ncn3[C@@H](CO)c2ccc(F)cn2)n[nH]1,27.54,val,0.5387883449536204,0.981727990513504,0.0006377505817866,0.1902896545856273,0.945196232277466,1482.078196823497,7361.696728225375,7788.537953105511,4.633504029876429,0.2061464193159776
CHEMBL2151325,CCOc1cc(Nc2nc3c(cc2F)ncn3[C@@H](CO)c2ccc(F)cn2)n[nH]1,30.2,val,0.522063347269035,0.9800441429784312,0.0005855657531561,0.1987799733717461,0.9362279858177596,1598.843478758136,7530.346162971921,8043.282487859462,4.625143065861837,0.1886256176516345
CHEMBL492234,COC(=O)c1ccc(C)c(NS(=O)(=O)c2ccc3c(c2)c(=O)sn3C)c1,150.0,val,0.2348352275783807,0.9174602201023306,0.0004325877072582,0.3978275311360227,0.8784946859163446,2030.789759339899,4484.450854115087,5104.698896883393,3.8476037792330287,0.374835223621762
CHEMBL2058529,O=C(O)CCc1ccc(OCc2cc(Cl)ccc2-c2ccccc2)cc1,13.8,val,0.3509555305077997,0.9534409450298904,0.0003660339152116,0.3015797810538857,0.8096858043726577,2212.0513174427783,5938.947710679678,7334.879379886323,4.5942245108616016,0.2302187204306849
CHEMBL2058529,O=C(O)CCc1ccc(OCc2cc(Cl)ccc2-c2ccccc2)cc1,21.38,val,0.3509555305077997,0.9534409450298904,0.0003660339152116,0.3015797810538857,0.8096858043726577,2212.0513174427783,5938.947710679678,7334.879379886323,4.5942245108616016,0.2302187204306849
CHEMBL2207669,N#Cc1ccc(OC2CCN(C[C@H](O)CNC(=O)c3c[nH]c(=O)c4ccccc34)CC2)cc1Cl,15.0,val,0.832287632782882,0.9982277324466836,0.0007983322645781,0.0595096141337903,0.9643329311966872,1207.934307535833,19574.1620649772,20298.13711814931,6.535075153231023,0.0680125011431709
CHEMBL2207669,N#Cc1ccc(OC2CCN(C[C@H](O)CNC(=O)c3c[nH]c(=O)c4ccccc34)CC2)cc1Cl,3.0,val,0.832287632782882,0.9982277324466836,0.0007983322645781,0.0595096141337903,0.9643329311966872,1207.934307535833,19574.1620649772,20298.13711814931,6.535075153231023,0.0680125011431709
CHEMBL324875,Cc1ccc(CCOCCNS(=O)(=O)CCCNCCc2ccc(O)c3nc(O)sc23)cc1,150.0,val,0.7890691686273552,0.997051538697157,0.000620486959304,0.0767347977232729,0.9816206380091352,1582.0165489217616,20237.755753184163,20616.67712511544,6.556084035754177,0.1069873464149211
CHEMBL1809045,COc1cc(C2CCN(C(C)=O)CC2)ccc1Nc1ncc(Cl)c(-c2cnc3ccccn23)n1,23.99,val,0.7567422910802908,0.9960071662661212,0.0006584353390906,0.0892733148624575,0.9580425644615572,1455.0290781548044,15614.742115818764,16298.589118109405,5.914360788206139,0.1110067677714818
CHEMBL1818218,CC(C)CNc1nc(N2CCN(CC3CCCOC3)CC2)ncc1C(=O)NCc1ccccc1,89.13,val,0.6047809968627664,0.9877611140364532,0.0004181250123074,0.15597429787457,0.92563733490239,2213.7813038121985,13137.796765498731,14193.24423304958,5.626513497685764,0.1367370215212517
CHEMBL1934415,Cc1ccc(S(=O)(=O)Nc2c(C(=O)N[C@@H](C)C(C)(C)C)c(C)nn2C2CCCCC2)cc1,8.0,val,0.2541983421101288,0.9254854292176492,0.0003403872128221,0.3787832101688557,0.8596471774949968,2525.4978598273087,5731.608605361325,6667.396526634538,4.024873465303099,0.2748235973027824
CHEMBL1807870,O=c1[nH]c2c(O)ccc([C@@H](O)CNCCCSCCNCCc3ccccc3Cl)c2s1,12.0,val,0.7222219784353983,0.9946248788668716,0.0005550070560509,0.1035439536576677,0.9517676522728952,1714.874868519595,15762.991173283428,16561.805957199933,5.941856817769992,0.1376653177902986
CHEMBL339053,O=C(N[C@H](Cc1ccc(Cl)cc1)C(=O)N1CCC(Cn2cncn2)(C2CCCCC2)CC1)[C@H]1Cc2ccccc2CN1,40.74,val,0.2578984375731507,0.9250141825125502,0.0001197561683064,0.3799325757955462,0.7466424083578771,6234.688525164942,12252.392009405956,16409.986724907805,5.441943082264836,0.2480297672280842
CHEMBL339053,O=C(N[C@H](Cc1ccc(Cl)cc1)C(=O)N1CCC(Cn2cncn2)(C2CCCCC2)CC1)[C@H]1Cc2ccccc2CN1,27.54,val,0.2578984375731507,0.9250141825125502,0.0001197561683064,0.3799325757955462,0.7466424083578771,6234.688525164942,12252.392009405956,16409.986724907805,5.441943082264836,0.2480297672280842
CHEMBL244936,Cc1nc2ccc(-c3ccc(Cl)cc3)cc2c(=O)n1C[C@H]1CCCN(C(C)C)C1,3.8,val,0.4938043330144655,0.9772085452176908,0.000409193648872,0.2122815563197253,0.842931146044098,2059.981009890016,8179.806967687661,9704.003709052333,4.931937846952038,0.1383942109258675
CHEMBL244521,CC(C)c1nc2ccc(-c3ccc(F)cc3)cc2c(=O)n1C[C@H]1CCCN(C(C)C)C1,29.51,val,0.5182519002431084,0.9800260283469302,0.000430993416816,0.1988692629908958,0.8685684090254335,2015.2707097985044,8801.764776718543,10133.645991792926,4.984876249323721,0.1795671886067004
CHEMBL1950720,CN[C@@H](C)C(=O)N[C@H](C(=O)N1CC[C@H]2CCN(CCc3ccccc3)C[C@H]21)C1CCCCC1,10.47,val,0.3223654040994368,0.9466393558833548,0.0002661313888315,0.322294787256553,0.8552775351674218,3213.7416744509874,8528.344753529293,9971.435473117925,4.886605073024112,0.2884579403773487
CHEMBL280148,CN(C)CCNc1cc(-c2ccc(N3CCN(C)CC3)cc2)nc2ccccc12,3.0,val,0.4597879917075318,0.97240745112704,0.000352341645829,0.2332889817214127,0.7932729812562305,2251.431219235411,7655.73899889115,9650.82535241209,5.010340506418579,0.0670025300428865
CHEMBL1829876,CN(CC(=O)N(Cc1ccc(C2CCCCC2)cc1)c1ccc(C(=O)O)c(O)c1)S(=O)(=O)c1c(F)c(F)c(F)c(F)c1F,74.13,val,0.3214586548880057,0.9458031638925528,0.0001478519521078,0.3247404735644096,0.7781693576935466,5263.165934568528,12612.023409904308,16207.298944905371,5.21501370368312,0.135362487650578
CHEMBL1900528,C[N+]1(C)[C@H]2C[C@H](OC(=O)C(O)(c3cccs3)c3cccs3)C[C@@H]1[C@H]1O[C@@H]21,3.0,val,0.214187411953886,0.9076420301933126,0.0005153341617018,0.4197450952978031,0.8959125722346726,1738.5080183235566,3710.70730306402,4141.818541298523,3.495310107380787,0.3672881342435857
CHEMBL1900528,C[N+]1(C)[C@H]2C[C@H](OC(=O)C(O)(c3cccs3)c3cccs3)C[C@@H]1[C@H]1O[C@@H]21,135.0,val,0.214187411953886,0.9076420301933126,0.0005153341617018,0.4197450952978031,0.8959125722346726,1738.5080183235566,3710.70730306402,4141.818541298523,3.495310107380787,0.3672881342435857
CHEMBL1013,N[C@@H](C(=O)N[C@@H]1C(=O)N2C(C(=O)O)=C(Cl)CC[C@H]12)c1ccccc1,3.0,val,0.6381964914282062,0.9900955060539308,0.0010985632198356,0.1403954731884565,0.9342494302237946,850.4284627001707,5659.102025727265,6057.37808624797,4.238434422922312,0.1659320425107719
CHEMBL81945,Nc1ccc2c(c1)Cc1cc(N)ccc1-2,61.66,val,0.6565423928895563,0.99127334328837,0.0036398934372549,0.1318224521312556,0.8706133752424821,239.18650099247256,1579.6927122411005,1814.4595031073652,3.042494440780775,0.0172438101197981
CHEMBL223228,O=C1Nc2ccc(Cl)cc2[C@@](C#CC2CC2)(C(F)(F)F)O1,8.51,val,0.1054714542830572,0.780761766262656,0.0003483729157657,0.6248288280340605,0.6400843600342824,1837.3539706074257,1882.2139563134765,2940.571702474759,3.247913923953518,0.259202826532995
CHEMBL1945883,O=C(Nc1ccccc1)c1ccc2cccc(O)c2n1,139.0,val,0.5853776027849812,0.9861852622333588,0.0013847648243123,0.1656460942905735,0.8343539057636359,602.523902336947,3034.892995115958,3637.4168972557222,3.709890611117025,7.028346499507888e-11
CHEMBL2147033,O=C1COC2(CCN(S(=O)(=O)c3ccc(-c4ccc5cnccc5c4)cc3)CC2)CN1C1CC1,150.0,val,0.5399908790685473,0.9820382159286226,0.0003773342418789,0.1886821201272872,0.9261997848149144,2454.587159126998,12049.038335265628,13009.113727740098,5.366932390893917,0.2225066087933219
CHEMBL397983,CCOc1ccc(-n2c([C@@H](C)N(Cc3cccnc3)C(=O)Cc3ccc(OC(F)(F)F)cc3)nc3ncccc3c2=O)cc1,20.0,val,0.3969414152199032,0.962216950820776,0.0001790620227586,0.2722839318673956,0.7792252454564145,4351.705813727031,12453.76107065684,15982.235102460414,5.211533291341193,0.132684030828467
CHEMBL451,CNC1=Nc2ccc(Cl)cc2C(c2ccccc2)=[N+]([O-])C1,3.89,val,0.1618342081678024,0.8422138407733057,0.0003537741832542,0.5391436231746387,0.6057433952782147,1712.2317680340389,1923.741726861155,3175.836074906917,3.3707666383621597,0.3321068872424102
CHEMBL1921926,C[C@@](C(=O)O[C@H]1C[N+]2(CCCc3ccc4ncsc4c3)CCC1CC2)(c1ccccc1)N1CCCCC1,66.0,val,0.5730716184205897,0.985039345691865,0.0003610879945703,0.1723295895629717,0.9426197987222064,2610.4988614860918,14279.079510482965,15148.29152733621,5.5569823812191546,0.220477239381025
CHEMBL2172001,Cc1nnc(C)c2cc(N3CCN(C(=O)[C@@H]4CCCC[C@H]4C(=O)NC4(C#N)CC4)[C@H](C)C3)ccc12,3.0,val,0.4774034405874496,0.9751820394129824,0.0003312812839109,0.2214045844293567,0.8758690492212224,2643.8832851681486,10459.11287338756,11941.41165587169,5.136560419932108,0.2216678925991158
CHEMBL2172001,Cc1nnc(C)c2cc(N3CCN(C(=O)[C@@H]4CCCC[C@H]4C(=O)NC4(C#N)CC4)[C@H](C)C3)ccc12,11.48,val,0.4774034405874496,0.9751820394129824,0.0003312812839109,0.2214045844293567,0.8758690492212224,2643.8832851681486,10459.11287338756,11941.41165587169,5.136560419932108,0.2216678925991158
CHEMBL551813,CN(C)c1nc(Cc2ccc(NC(=O)c3ccc(C(F)(F)F)cc3)cc2)nc(N(C)C)c1CC(=O)O,4.47,val,0.619193078001351,0.9885161615013752,0.0003775862572572,0.1511151827269086,0.973104832205148,2577.1722712414244,16595.67718686667,17054.356979462624,6.009842069873848,0.2820603139935713
CHEMBL551813,CN(C)c1nc(Cc2ccc(NC(=O)c3ccc(C(F)(F)F)cc3)cc2)nc(N(C)C)c1CC(=O)O,18.62,val,0.619193078001351,0.9885161615013752,0.0003775862572572,0.1511151827269086,0.973104832205148,2577.1722712414244,16595.67718686667,17054.356979462624,6.009842069873848,0.2820603139935713
CHEMBL2070947,CS(=O)(=O)c1ccc2nc(N3CCN(C(=O)[C@@H]4CCCC[C@H]4C(=O)NC4(C#N)CC4)CC3)sc2c1,3.0,val,0.6383229271825769,0.990170838667462,0.0003843165057961,0.1398631840498944,0.9109543846635896,2370.323342674176,15438.347530463832,16947.443022808577,5.805217085737204,0.1230507574511462
CHEMBL2107366,Cc1cccc([C@H](C)c2c[nH]c(=S)[nH]2)c1C,25.7,val,0.5247297717991345,0.9797250994042588,0.0021212497703883,0.200346523796434,0.9788049521542082,461.42843045542105,2254.336258179432,2303.1516679783485,3.2863723925567303,0.4832672370397295
CHEMBL1429296,COc1ccccc1CN1C(=O)c2ccccc2C1C(=O)NC1CCC(C)CC1,150.0,val,0.196417136559574,0.890777647050125,0.0002612031394859,0.454439416771744,0.6858496785238043,2625.7329060957154,3962.812210102929,5777.960293912113,3.969074226190269,0.2361827312695468
CHEMBL507674,CCN1CCN(C(=O)N[C@@H](C(=O)N[C@@H]2C(=O)N3C(C(=O)O)=C(CSc4nnnn4C)CS[C@H]23)c2ccc(O)cc2)C(=O)C1=O,3.0,val,0.587514494340074,0.986023767812899,0.0002691352949791,0.1666047097415143,0.9704568823218116,3605.832829904519,21003.63964327247,21643.04259764885,5.984722415481616,0.1881984471899742
CHEMBL1256967,CC1(C)[C@H](NC(=O)/C(=N\OCc2cc(=O)c(O)cn2O)c2csc(N)n2)C(=O)N1OS(=O)(=O)O,11.48,val,0.4074739624033885,0.9646252424255656,0.0002816812535007,0.2636250019922598,0.8767494793894487,3112.558853289134,10351.576419411049,11806.76654250161,4.936587682626405,0.2845976845654007
CHEMBL1256967,CC1(C)[C@H](NC(=O)/C(=N\OCc2cc(=O)c(O)cn2O)c2csc(N)n2)C(=O)N1OS(=O)(=O)O,3.0,val,0.4074739624033885,0.9646252424255656,0.0002816812535007,0.2636250019922598,0.8767494793894487,3112.558853289134,10351.576419411049,11806.76654250161,4.936587682626405,0.2845976845654007
CHEMBL1209914,CC(=O)N1N=C(c2ccc(Br)cc2)CC1c1ccc(C)cc1,30.9,val,0.5520476713436785,0.9834125886413854,0.0007272479291076,0.1813826907443191,0.8888868836362805,1222.2611410210225,5989.832283188403,6738.576520203616,4.418713132166746,0.2854942356942895
CHEMBL1209915,COc1ccc(C2CC(c3ccc(Br)cc3)=NN2C(C)=O)cc1,16.6,val,0.5551748197156428,0.9837163908027288,0.0006380064458472,0.1797277453985687,0.8815607582467159,1381.7427143327552,6777.418546300637,7687.97667421114,4.607448748674309,0.2332508101383913
CHEMBL391379,Clc1ccc(COc2ccc(Br)cc2CN2CCOCC2)cc1,54.95,val,0.1601119626709722,0.8742341181956784,0.0002608201110274,0.4855045896617503,0.7415548581254263,2843.165947611148,4342.623253833128,5856.1051906676585,4.054316725358315,0.3674974505175773
CHEMBL2036958,CC1(CCCc2cc(=O)oc3[nH]c(=O)[nH]c(=O)c23)CC1,3.0,val,0.4908538278941274,0.97687254773444,0.0010864412490348,0.2138224157632318,0.8484950555359777,780.9856780472221,3099.125430334933,3652.496747169936,3.692100605193128,0.1796051906802294
CHEMBL2036958,CC1(CCCc2cc(=O)oc3[nH]c(=O)[nH]c(=O)c23)CC1,42.66,val,0.4908538278941274,0.97687254773444,0.0010864412490348,0.2138224157632318,0.8484950555359777,780.9856780472221,3099.125430334933,3652.496747169936,3.692100605193128,0.1796051906802294
CHEMBL1857945,CN(C)CCNc1cc(-c2ccccc2)nc2cc(-c3ccc(F)cc3)nn12,23.99,val,0.3186320462991063,0.9409319648266508,0.0002534979752808,0.3385956845080252,0.6925466878248541,2731.961417275757,5587.817321265287,8068.5063108387185,4.671701914132959,0.0940002008798283
CHEMBL108546,Oc1nc2c(O)ccc(CCNCCCOCCOCCc3ccccc3)c2s1,144.0,val,0.7775207653145441,0.9967237686422272,0.000701323691128,0.0808809558773657,0.960355720928285,1369.3473257456003,16259.211132612872,16930.404826345628,6.440735060244434,0.1033786874915707
CHEMBL110999,CN(CCCOCCOCCc1ccccc1)CCc1ccc(O)c2nc(O)sc12,150.0,val,0.7781572048604869,0.9967458601228636,0.0007232787348755,0.0806082522322161,0.9593789659575176,1326.4304889629627,15786.839134656497,16455.26918437313,6.243517557760002,0.1250491534028472
CHEMBL267894,CCC1(CCC(C)C)C(=O)N=C(O)NC1=O,11.75,val,0.1927054367967397,0.8943524144081672,0.001297406132092,0.4473631174362524,0.9335457924667224,719.5478496478236,1501.5338577010043,1608.4201437333654,2.908954294199351,0.3923044307801999
CHEMBL1916266,CCC(CC)NC(=O)c1cnn(-c2ccccn2)c1NS(=O)(=O)c1ccc(C)cc1,9.95,val,0.2116729893380854,0.8982497332476602,0.0002243547344446,0.4394853998945895,0.6783352681631936,3023.494332946812,4666.6916344008005,6879.624064125898,4.1278950727305626,0.1885533965315467
CHEMBL1688458,O=C(O)CCc1ccc(OCc2cccc(Oc3ccccc3)c2)cc1,97.72,val,0.6168448970048834,0.9884317933506828,0.0007580949742846,0.1516660472668602,0.9626103238128262,1269.7753664982708,8059.146386031838,8372.179465217216,5.040194757321764,0.2027665896677821
CHEMBL1688458,O=C(O)CCc1ccc(OCc2cccc(Oc3ccccc3)c2)cc1,150.0,val,0.6168448970048834,0.9884317933506828,0.0007580949742846,0.1516660472668602,0.9626103238128262,1269.7753664982708,8059.146386031838,8372.179465217216,5.040194757321764,0.2027665896677821
CHEMBL1874317,N#CCC(CNc1ncc(C(F)(F)F)cc1Cl)OC(=O)c1c(F)cccc1F,150.0,val,0.5672528054558874,0.9843145955043364,0.0005832322178325,0.1764221558567248,0.9624375953729668,1650.1790640949296,9002.238764569534,9353.581788418149,4.881760883644394,0.1948515291916573
CHEMBL12610,CN(C)CCCOc1nn(Cc2ccccc2)c2ccccc12,7.76,val,0.3286144054348636,0.9479879920101252,0.000532783103876,0.3183060901154903,0.7960894679202425,1494.209298546761,3737.045323292361,4694.252937493657,4.004903777153267,0.2293897678842696
CHEMBL12610,CN(C)CCCOc1nn(Cc2ccccc2)c2ccccc12,150.0,val,0.3286144054348636,0.9479879920101252,0.000532783103876,0.3183060901154903,0.7960894679202425,1494.209298546761,3737.045323292361,4694.252937493657,4.004903777153267,0.2293897678842696
CHEMBL1669155,CC1(COc2cc(-c3cccc4c(=O)cc(N5CCOCC5)oc34)ccc2NC(=O)CN2CCOCC2)COC1,95.5,val,0.2576956600430554,0.92656831714952,0.0001500765302801,0.3761265128313964,0.7902798877544772,5265.8459405975245,11064.075508905227,14000.198765456367,5.252780144646652,0.2958979946741941
CHEMBL2158051,CN[C@@H](C)C(=O)N[C@H]1CN(C(=O)CC(C)C)CC[C@H]2CC[C@@H](C(=O)NC(c3ccccc3)c3ccccc3)N2C1=O,16.98,val,0.1801398433533038,0.890531606570472,0.0001889311082499,0.4549213752935929,0.8734830614638163,4623.288719124082,8877.060089351455,10162.830260812314,4.589431558595148,0.4637772322037009
CHEMBL1290184,Cc1cccc(CN2CCC3(CC2)CCN(C(=O)c2ccccc2)CC3)c1,10.2,val,0.7392789170146372,0.9952693357996394,0.0011734879523618,0.0971542547547194,0.9794088459444864,834.6134649045599,8413.710882098001,8590.601276410052,4.9602682183520885,0.1900658021411997
CHEMBL1290183,O=C(c1ccccc1)N1CCC2(CCN(Cc3cccc(Cl)c3)CC2)CC1,3.0,val,0.7201670026340271,0.9945243411594304,0.0008929566085284,0.1045051904998069,0.95530387965848,1069.8211654794045,9779.45980515791,10237.014643606446,5.247139570852619,0.1764647835658266
CHEMBL512504,N#Cc1c(O)c2c(-c3ccc(-c4ccccc4O)cc3)csc2[nH]c1=O,52.48,val,0.5717036403548783,0.9851951285216456,0.0007496943279351,0.1714367485028168,0.8792779177382679,1172.8485663750705,6015.395498752361,6841.290310378233,4.411820708788442,0.150045715798447
CHEMBL2062570,CC(=O)Nc1ccc2ccn(-c3cc(Nc4ccn(C)n4)n4ncc(C#N)c4n3)c2c1,42.66,val,0.2694856128050697,0.9238774504886562,0.0002409812141438,0.3826884587736877,0.6776547400393916,2812.0645936939204,4979.5306273936,7348.182390200862,4.289407432950909,0.1304401571105671
CHEMBL1644,CC1=C(C(=O)O)N2C(=O)[C@@H](NC(=O)[C@H](N)c3ccc(O)cc3)[C@H]2SC1,3.0,val,0.268274776996071,0.9300156032389008,0.0005323179335893,0.3675200371846186,0.8827144020779614,1658.2465973406654,3982.79823022025,4511.989632031051,3.737605485714143,0.3720534553462988
CHEMBL113,Cn1c(=O)c2c(ncn2C)n(C)c1=O,3.0,val,0.2744051114737161,0.9152675402814412,0.0012791599868558,0.4028465336913802,0.605382884474271,473.2659641443904,711.2066023552295,1174.8046081164953,2.464657529565873,0.0665002644286896
CHEMBL1770477,CCOc1ccc2oc(C(=O)NC(CCSC)c3nc4ncccc4[nH]3)c(C)c2c1,46.0,val,0.4894691219124413,0.9764470666356492,0.0004679091924064,0.21575709967145,0.9145841179018332,1954.618829346096,8285.53656215265,9059.348834047849,4.76766719157442,0.23040848769405
CHEMBL165790,CC(C)Oc1ccc2c(=O)c(-c3ccccc3)coc2c1,109.65,val,0.7583245956879807,0.99607790112703,0.0023439770756181,0.0884805904499431,0.9498553745142702,405.23236527975945,4350.243800710947,4579.901232790878,4.080576986220483,0.0982711553269092
CHEMBL1444,N#Cc1ccc(C(c2ccc(C#N)cc2)n2cncn2)cc1,3.0,val,0.2772560806219061,0.9308916443037044,0.0005203684406446,0.3652954236854677,0.7303730092146087,1403.5689949025411,2806.300993603372,3842.2846383946594,3.756492779021994,0.2798860267494475
CHEMBL2087361,C#Cc1cccc(Nc2ncnc3cc4c(cc23)OCCOCCOCCO4)c1,21.88,val,0.5487553123368445,0.983111403968494,0.0005447681782513,0.1830081074354264,0.8643945494570716,1586.7199736806197,7494.488173143595,8670.21683310116,4.761855617946308,0.1206526320701471
CHEMBL2087361,C#Cc1cccc(Nc2ncnc3cc4c(cc23)OCCOCCOCCO4)c1,3.55,val,0.5487553123368445,0.983111403968494,0.0005447681782513,0.1830081074354264,0.8643945494570716,1586.7199736806197,7494.488173143595,8670.21683310116,4.761855617946308,0.1206526320701471
CHEMBL1072,CCCCNc1cc(C(=O)O)cc(S(N)(=O)=O)c1Oc1ccccc1,144.54,val,0.16138992621277,0.8698461748110287,0.0003065829246538,0.4933230505121581,0.7023133316856508,2290.7777152904323,3261.237697501865,4643.565130216788,3.74014201240748,0.2381700764904735
CHEMBL1082723,C[C@H]1Cc2c([nH]c3cc(Cl)c(F)cc23)[C@@]2(N1)C(=O)Nc1ccc(Cl)cc12,8.71,val,0.2698123363094157,0.931197377276138,0.0004026305434206,0.364515355717756,0.8425091185688208,2092.511689279989,4836.44968936589,5740.530972034603,4.028987642041623,0.307244047243513
CHEMBL1082724,C[C@@H]1Cc2c([nH]c3cc(Cl)c(F)cc23)[C@]2(N1)C(=O)Nc1ccc(Cl)cc12,7.24,val,0.2683012504649666,0.9306067169461965,0.0004074824292579,0.3660206802553948,0.8514976462388716,2089.654878590608,4861.299665718141,5709.1169742991815,4.027489418059244,0.3074757570439133
CHEMBL1416617,Cc1nn(-c2ccccc2)c(N)c1-c1ccccc1,32.36,val,0.5866426076272706,0.9864410164172686,0.0017918346670121,0.1641161818032152,0.8777322764180657,489.851152328508,2619.840178556303,2984.782773680829,3.496046287026328,0.1062182246601211
CHEMBL1624302,Nc1nc(-c2ccc(Cl)c(Cl)c2)c(-c2ccncc2)s1,19.05,val,0.2896670037663317,0.935035977353586,0.0005076646975002,0.3545528466313929,0.7328605068496673,1443.5916274231715,2983.9029690746474,4071.583802354818,3.631572119010129,0.2364126165456269
CHEMBL2152915,CO[C@H]1CC[C@]2(CC1)Cc1ccc(-c3cc(Cl)cc(C#N)c3)cc1C21N=C(C)C(N)=N1,12.59,test,0.4711976843458004,0.97361864861069,0.0004579607972338,0.2281813469096318,0.945361936985051,2064.2857264098907,8552.395624092409,9046.6891986023,4.7653258649481485,0.2639265711512177
CHEMBL386630,C[C@]12CC[C@H]3[C@@H](CCC4=CC(=O)CC[C@@]43C)[C@@H]1CC[C@@H]2O,150.0,test,0.5301423313602156,0.9811493467248208,0.0014208290162292,0.1932510269609386,0.9093667868999624,640.0254897055479,3011.7196905000205,3311.886615924245,3.4744169425237685,0.2914335849172604
CHEMBL2018953,O=C([C@H]1CCCCN1)N1CCN(c2nc(NCc3ccc(Cl)cc3Cl)c3cccnc3n2)CC1,9.88,test,0.4468882786037567,0.9709512166909324,0.0002266996685416,0.2392775267474945,0.8275377124937457,3650.370191615713,12624.750176864049,15255.800414001633,5.612804617906472,0.1138893557843337
CHEMBL2016681,CC(C)(C)S(=O)(=O)N[C@H]1CC[C@H](C(=O)Nc2ccc(C(F)(F)F)cn2)CC1,5.75,test,0.816297105755902,0.9978047086035798,0.0012515279195218,0.0662250971197854,0.991852554616571,792.5133264270626,11869.463414490278,11966.963596800697,5.497515227040456,0.1527767985820912
CHEMBL217354,CC(C)c1ccccc1Cc1cc(C(=O)Nc2ccc(S(=O)(=O)c3ccccc3C(C)(C)C)cc2)c(O)c(O)c1O,3.0,test,0.6214338008709249,0.98901113908104,0.000281713578963,0.1478410185761161,0.91802651147161,3258.7229726400324,20235.210168583195,22042.076035631977,6.2996423901966585,0.1338284077636729
CHEMBL550902,O=C(O)c1cncc(-c2ccc(Cl)c(C(=O)NCC34CC5CC(CC(C5)C3)C4)c2)c1,7.0,test,0.7266781423533323,0.994806312801081,0.0008658556782149,0.1017860501793719,0.9571616234432422,1105.4516907674283,10395.294179392997,10860.542174682598,5.129508284196819,0.1409067188507062
CHEMBL1947153,O=c1[nH]c2c(O)ccc([C@@H](O)CNCCc3cccc(CN4CCC(c5ccccc5)CC4)c3)c2s1,29.0,test,0.7199797409838813,0.9943962681802828,0.0004785398544868,0.1057168947194678,0.9869629867504424,2062.446789952004,19254.80926418134,19509.150315329905,6.366245754123025,0.1669649250805396
CHEMBL2147569,C[C@]12Cc3cnn(-c4ccc(F)cc4)c3C=C1CC[C@@]2(O)CCc1ccc(F)cc1C(N)=O,52.48,test,0.6779437928223521,0.9924323193545436,0.0006953499215444,0.1227928804962291,0.9507890672472588,1367.3533825033974,10587.45948375821,11135.445124975204,5.067970330732179,0.2016795224555222
CHEMBL114,CC(C)(C)NC(=O)[C@@H]1C[C@@H]2CCCC[C@@H]2CN1C[C@@H](O)[C@H](Cc1ccccc1)NC(=O)[C@H](CC(N)=O)NC(=O)c1ccc2ccccc2n1,25.7,test,0.081157725660108,0.7882386024033426,9.629093674521995e-05,0.6153697308782949,0.7536776584799855,7827.0882385760915,9586.27186284689,12719.32603413036,4.739031502390493,0.5706102179114471
CHEMBL114,CC(C)(C)NC(=O)[C@@H]1C[C@@H]2CCCC[C@@H]2CN1C[C@@H](O)[C@H](Cc1ccccc1)NC(=O)[C@H](CC(N)=O)NC(=O)c1ccc2ccccc2n1,150.0,test,0.081157725660108,0.7882386024033426,9.629093674521995e-05,0.6153697308782949,0.7536776584799855,7827.0882385760915,9586.27186284689,12719.32603413036,4.739031502390493,0.5706102179114471
CHEMBL193240,O=C(Nc1c(Cl)cncc1Cl)c1ccc(OC(F)F)c(OCC2CC2)c1,150.0,test,0.4814371892913525,0.9757248693251988,0.0005194287359964,0.2189999529231086,0.8606919927647767,1656.997260872849,6512.167036707805,7566.199164684865,4.417297680919072,0.1194740070240096
CHEMBL1782167,Cc1ccc(C(=O)NC2CC2)cc1-c1ccc(C(=O)NCC2CC2)nc1,21.0,test,0.6373993659034968,0.990085342531924,0.0007643405939941,0.1404671296191491,0.9220105785740558,1206.2823639340943,7917.90295217176,8587.648706175658,5.034243166597616,0.1110933121524113
CHEMBL1921925,C[C@@](C(=O)O[C@H]1C[N+]2(CCCc3cc4ccccc4s3)CCC1CC2)(c1ccccc1)N1CCCCC1,65.0,test,0.4637375743502044,0.9733991795944388,0.0002694909932007,0.2291157724052925,0.8644189173237989,3207.5985436730666,12101.780821210794,13999.902800227172,5.320148621545487,0.2049347326655902
CHEMBL415506,CCOC(=O)c1c(-c2ccccc2)nc2ccc(C)cn12,125.89,test,0.2970211827459403,0.934604549230403,0.0006156116147866,0.3556885386933841,0.6927224729258693,1125.2589397065035,2191.502032252381,3163.6075310161063,3.399792322053383,0.0847610762996478
CHEMBL1468936,CCOC(=O)c1c(-c2ccccc2)nc2cc(C)ccn12,147.91,test,0.2698507470094635,0.9268527411545202,0.0005971137217951,0.3754250873534584,0.7086224371273219,1186.7461946728122,2240.0074183877696,3161.073233114824,3.427864334113604,0.1621759623701377
CHEMBL1478592,Cc1c(C(=O)Nc2ccccc2)sc2ncnc(O)c12,150.0,test,0.6658216502571301,0.9918150007264728,0.0016712289988036,0.1276832186857252,0.8730987615217605,522.4291597062962,3572.3743262231524,4091.603932637256,3.787559668815629,0.0084201365733362
CHEMBL453,Cc1noc(NS(=O)(=O)c2ccc(N)cc2)c1C,3.0,test,0.3826325106623065,0.9601559707682118,0.0011707318238512,0.2794646879270311,0.8586892498047022,733.4636611995146,2253.656322972969,2624.5307292312496,3.2398336728538317,0.1823556479192045
CHEMBL2165066,N#Cc1ccc2ccc(=O)n(CCN3CC[C@@H](NCc4ccc5c(n4)NC(=O)CO5)[C@@H](F)C3)c2c1,16.6,test,0.634821199456049,0.9896815593661438,0.0005573832732089,0.1432843712712524,0.9668615527854482,1734.644003970738,11705.118850918312,12106.302931579845,5.177380627052841,0.1962067153367694
CHEMBL1460615,O=S1(=O)CC(O)C(N2CCC(c3ccccc3)CC2)C1,75.86,test,0.6780437362796523,0.992407237131766,0.0017783629678786,0.1229954295431129,0.9580843998551823,538.7451364881209,4196.605619285972,4380.204520520638,3.9279719771647903,0.2570378071807135
CHEMBL109980,CC(C)(N)C(=O)N[C@H](COCc1ccc(F)cc1F)C(=O)N1CCC2=NN(CC(F)(F)F)C(=O)[C@]2(Cc2ccccn2)C1,15.49,test,0.4698738004418776,0.974227137572636,0.0002099609292952,0.2255692452818605,0.8523064339489055,4059.3573138092192,15338.156369384144,17996.058410963076,5.533638309520385,0.1588173851268417
CHEMBL2031559,O=C(Nc1cccc(-c2nnn[nH]2)c1)c1cc(C(F)(F)F)cc2[nH]cnc12,17.38,test,0.6507667589447,0.9909437769668048,0.000802601375029,0.1342774399918452,0.8768348093186631,1092.491038016066,7133.991913007439,8136.07288076399,4.681475353730735,0.0095418052796056
CHEMBL2031556,O=C(Nc1cccc(-c2nnn[nH]2)c1)c1cccc2[nH]cnc12,44.67,test,0.628462508320875,0.9894582925801988,0.0011371145005502,0.144818117803947,0.8551818821979218,752.0631227410395,4441.093190480617,5193.156313211951,4.124312686592634,2.812327859879684e-12
CHEMBL2031563,O=C(Nc1cccc(-c2nnn[nH]2)c1)c1cc(F)cc2[nH]cnc12,67.61,test,0.5906366521674654,0.9866203202187356,0.0008788743583032,0.1630347930089763,0.8369652069915846,952.314968669081,4888.861329307896,5841.1762979737005,4.250630458035528,8.807668200392835e-13
CHEMBL1587607,O=C(Nc1ccccc1Cl)c1cc[nH]n1,150.0,test,0.488620360068317,0.9759551527250934,0.0017114029684609,0.2179714198452162,0.782028580183216,456.95174929286793,1639.4320318025905,2096.3837810358536,3.075420229874284,3.682997456810019e-11
CHEMBL1917450,Cc1c(S(=O)(=O)c2ccc(Cl)cc2)c2c(NS(C)(=O)=O)cccc2n1CC(=O)O,3.0,test,0.2399825625074541,0.9202739921042769,0.0003292624353037,0.3912745576401018,0.8208401952041335,2492.966421896584,5229.900601585176,6371.399246944236,3.927189672101564,0.295238786566961
CHEMBL2172000,Cc1nn(C)c2cc(N3CCN(C(=O)[C@@H]4CCCC[C@H]4C(=O)NC4(C#N)CC4)[C@H](C)C3)ccc12,7.41,test,0.4990743034273521,0.9777872974771123,0.0003139661138128,0.2095996204490956,0.8342213284238696,2657.042565176521,10575.217520198936,12676.752751190324,5.2918626046840815,0.1041337994107451
CHEMBL2172000,Cc1nn(C)c2cc(N3CCN(C(=O)[C@@H]4CCCC[C@H]4C(=O)NC4(C#N)CC4)[C@H](C)C3)ccc12,8.13,test,0.4990743034273521,0.9777872974771123,0.0003139661138128,0.2095996204490956,0.8342213284238696,2657.042565176521,10575.217520198936,12676.752751190324,5.2918626046840815,0.1041337994107451
CHEMBL551360,O=C(CC12CC3CC(CC(C3)C1)C2)Nc1cccc2c(=O)n(C(CO)CO)ccc12,19.0,test,0.6581212128297353,0.99133786495739,0.0006924148339551,0.1313363525522294,0.9376933267935617,1354.2363346512325,9668.750115462812,10311.207128374328,5.097522266688738,0.1371288383928006
CHEMBL46,Cc1nccn1CC1CCc2c(c3ccccc3n2C)C1=O,3.0,test,0.3708009204756,0.9578382240285418,0.000894193038148,0.2873080865375166,0.8374533962029539,936.5465402609532,2729.871234380471,3259.729134490125,3.435761440261816,0.2249980303545553
CHEMBL572,O=C1CN(/N=C/c2ccc([N+](=O)[O-])o2)C(=O)N1,3.0,test,0.6775683471353684,0.992477932184455,0.0022855835529287,0.1224236665308969,0.8804830047435641,385.233348225356,2770.6359855451733,3146.722844868659,3.6375678787210193,0.0198770858026264
CHEMBL423,CC(C)NCC(O)COc1ccc(CCOCC2CC2)cc1,3.0,test,0.5805826042973937,0.9859375131949448,0.0007420958729744,0.1671143921838208,0.8919903381491325,1201.9880053690788,6415.735194016207,7192.606152358968,4.907851489024655,0.1248798163678754
CHEMBL423,CC(C)NCC(O)COc1ccc(CCOCC2CC2)cc1,12.0,test,0.5805826042973937,0.9859375131949448,0.0007420958729744,0.1671143921838208,0.8919903381491325,1201.9880053690788,6415.735194016207,7192.606152358968,4.907851489024655,0.1248798163678754
CHEMBL552512,O=C(CC1CCCCCC1)Nc1cccc2c(=O)n([C@H]3CCNC3)ccc12,3.0,test,0.6029832035555893,0.9876483063269386,0.0007711246775463,0.1566870224668583,0.9199820095274032,1193.0392533340553,7004.88548730633,7614.154858207234,4.638258643897652,0.1595187888469345
CHEMBL552512,O=C(CC1CCCCCC1)Nc1cccc2c(=O)n([C@H]3CCNC3)ccc12,3.4,test,0.6029832035555893,0.9876483063269386,0.0007711246775463,0.1566870224668583,0.9199820095274032,1193.0392533340553,7004.88548730633,7614.154858207234,4.638258643897652,0.1595187888469345
CHEMBL1947155,C[C@@H](NCc1ccccc1-c1ccc(CCNC[C@H](O)c2ccc(O)c3[nH]c(=O)sc23)cc1)c1ccccc1,108.0,test,0.7001090577193204,0.993595768141416,0.0003974966343709,0.1129931393115061,0.9496099054894565,2388.975964519398,20077.283043085044,21142.66387389529,6.356178292212443,0.127509327632076
CHEMBL2035019,NC1(c2ccc(-c3nn4ccnc4cc3-c3ccccc3)cc2)CCC1,7.76,test,0.352346115783154,0.953059036669882,0.0004805150332215,0.3027845316753758,0.7715148911297881,1605.5999038308632,4091.174103735792,5302.780478734212,4.0193760227608095,0.1913418707972698
CHEMBL2035019,NC1(c2ccc(-c3nn4ccnc4cc3-c3ccccc3)cc2)CCC1,150.0,test,0.352346115783154,0.953059036669882,0.0004805150332215,0.3027845316753758,0.7715148911297881,1605.5999038308632,4091.174103735792,5302.780478734212,4.0193760227608095,0.1913418707972698
CHEMBL1345333,c1ccc(Nc2[nH]nnc2-c2ccccc2)cc1,111.0,test,0.4521993118021677,0.9717884275046632,0.0013765648584795,0.2358543028397279,0.8450268232943529,613.8663340772254,2199.3811940973037,2602.735361136792,3.385415676683903,0.1628736635130095
CHEMBL2031562,Nc1cc(C(=O)Nc2cccc(-c3nnn[nH]3)c2)cc(C(F)(F)F)c1,23.44,test,0.6033986787850888,0.9877389365734108,0.00081333530186,0.1561146795686656,0.8990917243658783,1105.437969198873,6366.410466027801,7080.935452406678,4.570763876927034,0.0851780372906036
CHEMBL2031561,O=C(Nc1cccc(-c2nnn[nH]2)c1)c1cc(O)cc(C(F)(F)F)c1,29.51,test,0.6048945736881319,0.9878475952037952,0.0008147723721344,0.1554256370425375,0.9015430325009788,1106.496812280523,6418.210731367531,7119.139630598345,4.5785789847260645,0.0835278539397383
CHEMBL2141746,CCCNC(=O)CSc1ccc(S(=O)(=O)N2CCCC2)cn1,54.95,test,0.7057353550344477,0.9938387618362416,0.0011907358498645,0.1108355334349331,0.9595505280741816,805.8466772318524,6976.558696661944,7270.652761417266,4.681127150122006,0.116402904109622
CHEMBL2141746,CCCNC(=O)CSc1ccc(S(=O)(=O)N2CCCC2)cn1,3.0,test,0.7057353550344477,0.9938387618362416,0.0011907358498645,0.1108355334349331,0.9595505280741816,805.8466772318524,6976.558696661944,7270.652761417266,4.681127150122006,0.116402904109622
CHEMBL561771,COc1cccc(NC(=O)c2cccc(Cc3c(C)nn(CCO)c3-c3ccccc3)c2)c1,150.0,test,0.6043066997835121,0.9877250305538744,0.0004924137149104,0.1562026376773068,0.9256107962944516,1879.7421116972237,11138.797773893515,12033.997246451829,5.326356843308483,0.1586613622274166
CHEMBL359864,Oc1nc2ccccc2n1C1CCN(Cc2ccc(-c3nc4ccccc4cc3-c3ccccc3)cc2)CC1,35.48,test,0.584944279507582,0.9862975475027942,0.0003136424903963,0.1649762037082122,0.892042284141133,2844.137230940657,15378.52499252805,17239.681645063098,5.89265316249683,0.1274868481599172
CHEMBL359864,Oc1nc2ccccc2n1C1CCN(Cc2ccc(-c3nc4ccccc4cc3-c3ccccc3)cc2)CC1,3.0,test,0.584944279507582,0.9862975475027942,0.0003136424903963,0.1649762037082122,0.892042284141133,2844.137230940657,15378.52499252805,17239.681645063098,5.89265316249683,0.1274868481599172
CHEMBL426658,Clc1cccc(-c2cnc3ccc(NC4CCOCC4)nn23)c1,14.79,test,0.30038106793435,0.937291600930288,0.0004213589051016,0.3485462018521184,0.7157918323428514,1698.7699172281168,3488.678474532737,4873.872984990589,3.911511641681539,0.1497603497744736
CHEMBL2361207,COc1ccc(C#Cc2ccc([C@@H]3[C@H](CO)N4CCCCN(C(=O)Nc5cccc(F)c5)C[C@@H]34)cc2)cc1,18.2,test,0.701317227033854,0.9936081036068772,0.0003746798458231,0.1128846156335973,0.9633114117861322,2571.0254301767272,21940.085661632547,22775.693709422736,6.784798951840446,0.1418502354579731
CHEMBL2031467,CCNC(=O)c1ccc(C)c(-n2cnc3ccc(N4CCN(C)CC4)cc3c2=O)c1,3.0,test,0.7385824419377712,0.9952995204157692,0.0009018712939047,0.096844538618035,0.959998376261296,1064.451638220845,10551.672390438627,10991.343997405504,5.279763441723834,0.0886276357875605
CHEMBL2347404,Fc1cccc(COc2ccc(Nc3ncnc4ccc(-c5cccc(N6CCOCC6)c5)cc34)cc2Cl)c1,44.67,test,0.6851806050964877,0.9927930882938174,0.0003342694694786,0.1198410774151529,0.9589013257757962,2868.6476430870557,22953.31523606597,23937.09823844039,6.7812853986808,0.1303343560018492
CHEMBL1669170,O=C(CN1CCOCC1)Nc1ccc(-c2cccc3c(=O)cc(N4CCOCC4)oc23)cc1-c1ccccc1,123.03,test,0.4085271155487465,0.9645746155937156,0.000281086097926,0.2638101797737069,0.8981866152043594,3195.41457877686,10879.332280309158,12112.552220379996,4.991149888604377,0.2625929011799364
CHEMBL1770297,CCOc1ccc2oc(C(=O)NC(CCSC)c3nc4ccccc4[nH]3)c(C)c2c1,27.0,test,0.4820326753958985,0.9757082806058192,0.0003741061037645,0.2190738486383892,0.8301918167856858,2219.1346477150323,8409.526907611786,10129.61912847029,4.950333994968068,0.1025421138807602
CHEMBL2070951,N#CC1(NC(=O)[C@@H]2CCCC[C@H]2C(=O)N2CCN(c3nc4cnccc4s3)CC2)CC1,3.0,test,0.6112979083703284,0.988249333698504,0.0005510662251752,0.1528504316135981,0.9259977818589832,1680.3747708625351,10180.03870897853,10993.588654760742,5.104498849784188,0.1725791854040781
CHEMBL1916533,COc1ccc2ncc(F)c(CCN3CCC(NCc4ccc5c(n4)NC(=O)CO5)CC3)c2n1,39.81,test,0.7739121979361444,0.9966257612014656,0.000623983661426,0.082079791115714,0.9394709279427408,1505.6018066172105,17232.854849506806,18343.148613702622,6.304207921731245,0.0595624457036159
CHEMBL569184,COc1ccc(CCN2C(=O)N(NS(C)(=O)=O)C[C@@H]2c2ccc(OC)cc2)cc1,19.05,test,0.2643633053210324,0.9209087535652144,0.0001818164793503,0.3897782287493282,0.6684382729595976,3676.444925937594,6304.806979112314,9432.145396458163,4.810256531868607,0.1367546689147163
CHEMBL569185,COc1ccc(CCN2C(=O)N(NS(C)(=O)=O)C[C@H]2c2ccc(OC)cc2)cc1,21.88,test,0.1488889825045311,0.8465376558927128,0.0001736888859307,0.5323288430619468,0.6506552117793066,3746.095832745716,4578.780220475675,7037.183653619507,4.278999059748576,0.3178060629078975
CHEMBL19236,COc1nc(C)nc(Cl)c1NC1=NCCN1,3.0,test,0.278628527426562,0.930514235738622,0.0009860914839938,0.3662557263549174,0.717280789609603,727.397813744948,1424.546950830958,1986.038064125907,2.9258845868355667,0.1769809524734212
CHEMBL223713,CCc1cccc2c1N(C)Cc1cc3c(cc1-2)OCO3,150.0,test,0.5304071851868801,0.9812999524730552,0.0014890553133639,0.1924848131058131,0.8611288161295315,578.3054587704644,2587.1936961514807,3004.42122907929,3.3970548370197604,0.1478796479557595
CHEMBL1204759,Cc1nn(-c2ccccc2)c(NC(=O)NS(=O)(=O)c2ccc(Cl)cc2)c1C#N,21.47,test,0.3705775064960468,0.9576828727306193,0.0004103136895293,0.287825494490027,0.8672293689105087,2113.5764929151887,6368.287879927317,7343.256707193543,4.361982350498636,0.1628528170761819
CHEMBL1204759,Cc1nn(-c2ccccc2)c(NC(=O)NS(=O)(=O)c2ccc(Cl)cc2)c1C#N,3.0,test,0.3705775064960468,0.9576828727306193,0.0004103136895293,0.287825494490027,0.8672293689105087,2113.5764929151887,6368.287879927317,7343.256707193543,4.361982350498636,0.1628528170761819
CHEMBL1945298,O=c1[nH]c2c(O)ccc([C@@H](O)CNCCOc3cccc(CNCCc4ccccc4F)c3)c2s1,23.0,test,0.6230297880229873,0.9886314067537346,0.0004111528852505,0.1503593747663639,0.9903285824612374,2408.6626118594354,15864.441001677764,16019.37102759398,5.87013001753652,0.2323455062760893
CHEMBL402501,C[C@H](Cc1cccc(CC(=O)NC23CC4CC(CC(C4)C2)C3)c1)NC[C@H](O)c1ccc(O)c(CO)c1,21.9,test,0.7173934239022991,0.9943573082847392,0.000482126941312,0.1060827198969196,0.9682024898972684,2008.1899743301133,18328.47550687288,18930.415587774038,6.312852765939444,0.1601654998421475
CHEMBL402501,C[C@H](Cc1cccc(CC(=O)NC23CC4CC(CC(C4)C2)C3)c1)NC[C@H](O)c1ccc(O)c(CO)c1,43.0,test,0.7173934239022991,0.9943573082847392,0.000482126941312,0.1060827198969196,0.9682024898972684,2008.1899743301133,18328.47550687288,18930.415587774038,6.312852765939444,0.1601654998421475
CHEMBL1490317,Cc1cc(C)nc(SCC(=O)Nc2cc(C)on2)n1,141.25,test,0.7290823797805862,0.9949280541488248,0.0019946622161724,0.1005891001432711,0.949279829246476,475.9100671531463,4491.260252257446,4731.228994744933,4.1739722932812695,0.0692948940185287
CHEMBL2179284,Cc1cn([C@H]2CCCN([C@H](CC3CCCCC3)c3ccc(C(=O)O)c(Oc4cccc(Cl)c4)c3)C2)c(=O)[nH]c1=O,42.66,test,0.2993432293921826,0.9389896684423942,0.0001533447810746,0.343945348214571,0.7550324906010292,4923.757335005686,10808.684528116364,14315.522394953252,5.151654380032127,0.2123086729898076
CHEMBL2110579,CN(C)N(C)C(=O)[C@@]1(Cc2ccccc2)CCCN(C(=O)[C@@H](Cc2c[nH]c3ccccc23)NC(=O)C(C)(C)N)C1,8.91,test,0.4448307061877263,0.97068904594698,0.0002707114510028,0.2403388775844261,0.8712012790256041,3218.19145735502,11665.58045862591,13390.224210498507,5.085079033936216,0.2084680695163518
CHEMBL1766793,CC(C)S(=O)(=O)c1ccc(-c2cnc(N)c(C(=O)Nc3ccccc3)n2)cc1,20.89,test,0.4502273144687269,0.9711400389104506,0.0003792658574672,0.2385100099052626,0.7983464796465108,2104.978510266681,7045.835032544191,8825.535293477991,4.761343179738332,0.0735361349240146
CHEMBL1766779,CS(=O)(=O)c1ccc(-c2cnc(N)c(C(=O)Nc3ccccc3)n2)cc1,19.05,test,0.4451673895857244,0.9701046877678796,0.0004178658354574,0.2426868244688717,0.7799266159069866,1866.4522191751855,5998.248014655212,7690.785123007723,4.594691585157601,0.0598393965182031
CHEMBL416,COc1c2occc2cc2ccc(=O)oc12,52.0,test,0.3968833959240277,0.960466952976382,0.0015136085979789,0.278394023355862,0.723534662901647,478.0196570419524,1242.3535076257851,1717.061491765272,2.8195669948241395,0.0199333313318768
CHEMBL1916267,CCC(CC)NC(=O)c1cnn(Cc2ccccc2)c1NS(=O)(=O)c1ccc(C)cc1,12.0,test,0.2145386511454484,0.9050796627017664,0.0003948019742603,0.4252420536161222,0.9428997666336242,2388.285338238677,5295.60439502679,5616.296219834007,3.8851419489507215,0.3365787600259662
CHEMBL192,CCCc1nn(C)c2c(=O)[nH]c(-c3cc(S(=O)(=O)N4CCN(C)CC4)ccc3OCC)nc12,150.0,test,0.2254366039672541,0.9127666385807504,0.0002704752197092,0.4084814114424271,0.8968872372787534,3315.968236361241,7280.746460193103,8117.794698789141,4.44034082724174,0.44380011408637
CHEMBL192,CCCc1nn(C)c2c(=O)[nH]c(-c3cc(S(=O)(=O)N4CCN(C)CC4)ccc3OCC)nc12,16.6,test,0.2254366039672541,0.9127666385807504,0.0002704752197092,0.4084814114424271,0.8968872372787534,3315.968236361241,7280.746460193103,8117.794698789141,4.44034082724174,0.44380011408637
CHEMBL633,CCCCc1oc2ccccc2c1C(=O)c1cc(I)c(OCCN(CC)CC)c(I)c1,11.0,test,0.3377690331621061,0.9505382585504712,0.0002047622768238,0.3106074999607026,0.834020008376402,4073.113570103692,10936.81966560919,13113.378043411743,4.668001672798232,0.1179000482158087
CHEMBL956,CC(C(=O)O)c1ccc(C(=O)c2cccs2)cc1,16.0,test,0.6590662451013061,0.9914134596280672,0.0020772499695341,0.1307644908540034,0.9319049746334716,448.6243775670642,3197.16221480468,3430.7813584342744,3.686783031472002,0.1745608661130131
CHEMBL267744,O=C(O)COc1ccc(C(=O)c2cccs2)c(Cl)c1Cl,61.0,test,0.3395933733798,0.9507471090250924,0.000736458910875,0.3099676348918211,0.8719216450940401,1183.9379389924638,3330.3512988245698,3819.5534169419298,3.5471391224978803,0.2325978040658514
CHEMBL956,CC(C(=O)O)c1ccc(C(=O)c2cccs2)cc1,9.77,test,0.6590662451013061,0.9914134596280672,0.0020772499695341,0.1307644908540034,0.9319049746334716,448.6243775670642,3197.16221480468,3430.7813584342744,3.686783031472002,0.1745608661130131
CHEMBL1921936,C[C@@](C(=O)O[C@H]1C[N+]2(CCCOc3ccc(F)cc3)CCC1CC2)(c1ccccc1)N1CCCCC1,66.0,test,0.5829054505546029,0.9861154248370856,0.0003500578568911,0.1660613407701317,0.8996540856978185,2570.015407417211,13923.318039385013,15476.30168164619,5.678875450713865,0.1616319162475917
CHEMBL93484,CC1N=C(N)N=C(N)N1c1ccc(Cl)cc1,3.0,test,0.5682721872184815,0.9846847993881048,0.0022365949400889,0.1743440445039853,0.9333437286168552,417.3056604428055,2234.0288261564565,2393.5756545631034,3.2576364081032763,0.3045550677622626
CHEMBL174107,CSc1ccc(N2C(N)=NC(N)=NC2(C)C)cc1,70.79,test,0.584848593132861,0.9860632423346866,0.0019381595114123,0.1663709172794482,0.9419541195978144,486.0044356779462,2751.646067808293,2921.2102909886544,3.4194168254094195,0.3060309496677571
CHEMBL622,CCc1cccc2c3c([nH]c12)C(CC)(CC(=O)O)OCC3,12.88,test,0.1699263043762841,0.8821346477366881,0.00061941552354,0.4709973070649864,0.7534451325293918,1216.3807717045952,1945.8204070298875,2582.564174908889,3.161613283514756,0.4102828092556456
CHEMBL1645494,CNC(=O)Cc1ccc2c(=O)cc(-c3cccnc3)[nH]c2c1,3.0,test,0.441847491750345,0.9702858899441984,0.0007893689710634,0.2419613435555254,0.8506352752610409,1077.614279815302,3788.442839942997,4453.662985914156,3.9857601158188616,0.2021893725398519
CHEMBL2216870,CC[C@H](Nc1ncnc2[nH]cnc12)c1nc2cccc(F)c2c(=O)n1-c1ccccc1,19.5,test,0.0741970554381846,0.7845522456695428,0.0003389995841212,0.6200627176462693,0.9143490046720232,2697.1980129187245,3977.3078566586073,4349.879352780908,3.642606171721409,0.7786986479511347
CHEMBL2216870,CC[C@H](Nc1ncnc2[nH]cnc12)c1nc2cccc(F)c2c(=O)n1-c1ccccc1,5.25,test,0.0741970554381846,0.7845522456695428,0.0003389995841212,0.6200627176462693,0.9143490046720232,2697.1980129187245,3977.3078566586073,4349.879352780908,3.642606171721409,0.7786986479511347
CHEMBL575448,C[C@@]1(C(=O)Nc2ccc(F)nc2)CCCN1c1nc(Nc2cc(C3CC3)n[nH]2)c2cccn2n1,70.79,test,0.2183854405640331,0.9052757404991136,0.0001736664505134,0.424824473946336,0.707109698044656,4071.6540008395,6777.166118352267,9584.3207031284,4.7050512778086935,0.2287552380396907
CHEMBL2089276,Cc1ccc(-c2cccc(-c3nn[nH]n3)c2)cc1,52.48,test,0.5883317547800064,0.9865703347916792,0.0017278000399431,0.1633369967552791,0.871503521859702,504.4006839404773,2691.288447902485,3088.098189390609,3.646566164520076,0.0941023824594738
CHEMBL1076,COc1ccc(OC)c(C(O)CN)c1,3.0,test,0.2112774436331029,0.9055184007785756,0.0012686811133,0.4243069948179157,0.7519041308686611,592.6659764902283,1050.2489975201688,1396.7857794674374,2.775936494521358,0.2501545825948295
CHEMBL2086472,C=CC(=O)Nc1ccc(F)cc1,3.0,test,0.7282624750546821,0.994914342997784,0.0063800073450261,0.1007246250789146,0.8992753749354714,140.95209085245693,1258.428554586065,1399.3806454183905,2.9107592830681197,4.869104109896915e-11
CHEMBL189475,C[C@@H](C(=O)NS(C)(=O)=O)c1ccc(OS(=O)(=O)C(F)(F)F)cc1,3.0,test,0.37112395985966,0.9579033047900628,0.0006302845856171,0.2870910285471768,0.8367625925152176,1327.5948858814374,3869.4407977208816,4624.299451639876,3.617048828353731,0.2744344056895798
CHEMBL2089383,C=CC(=O)Nc1ccc(OC)cc1,10.72,test,0.6949658497344327,0.993383787274518,0.004619198705245,0.1148418529114502,0.8871268672835531,192.0521120419056,1483.558338633689,1672.3181242119883,3.0735307265111533,0.0160748593862641
CHEMBL1201212,COc1ccc(OC)c(C(O)CNC(=O)CN)c1,3.0,test,0.4847259250724438,0.9760484188807856,0.0013482412033823,0.217553404938462,0.890156308034865,660.2352055416245,2701.463271355441,3034.8189941149444,3.546464135113168,0.1542467698257262
CHEMBL130,O=C(N[C@H](CO)[C@H](O)c1ccc([N+](=O)[O-])cc1)C(Cl)Cl,69.18,test,0.4004560804336862,0.9635056039651412,0.000704186550057,0.2676881602308331,0.8374418879542128,1189.2330063479917,3720.424292186585,4442.605923707985,3.804112734065472,0.1961721708252704
CHEMBL112,CC(=O)Nc1ccc(O)cc1,6.31,test,0.6533915840154584,0.9910842989277514,0.0061480305886229,0.1332363029316244,0.8698360175921537,141.48205755543952,923.668600801118,1061.8881974535632,2.652449289840219,0.0262216887308787
CHEMBL645,CC(C)NCC(O)COc1ccc(COCCOC(C)C)cc1,25.12,test,0.7937582419085818,0.9972153309340896,0.0013799988612955,0.0745760266440502,0.9697829570765134,702.741853110004,9138.420254316668,9423.16029337652,5.440269325426404,0.0827770951918841
CHEMBL782,CCCCNC(=O)NS(=O)(=O)c1ccc(C)cc1,6.61,test,0.2620366841355628,0.9284684363664456,0.0007831101222474,0.3714113119861151,0.8117679105616115,1036.5948383247744,2265.613347924393,2790.961946693553,3.356914304668444,0.2955601349488685
CHEMBL2086478,C=CC(=O)Nc1ccc(C)cc1,87.1,test,0.7173246451109404,0.9944420328476088,0.0062378226506899,0.1052855322725563,0.8970796225923532,143.8129412821835,1225.3503050669908,1365.9326042051998,2.912616936520343,0.0171654637275809
CHEMBL2086477,C=CC(=O)Nc1ccccc1,32.36,test,0.6565718720945932,0.991267788854534,0.0063491554036814,0.1318642134145685,0.8681357865860061,136.73248351782846,900.1863284727542,1036.9188119899868,2.6543146477281327,1.1603658990271497e-12
CHEMBL1241590,CS(=O)(=O)c1ccc([C@@H](O)[C@@H](CF)NC(=O)C(Cl)Cl)cc1,69.18,test,0.7018344169181335,0.9935813396054028,0.0013028339775334,0.1131199433695633,0.975318535210319,748.6130635438375,6454.531135942379,6617.869857820876,4.392191368234791,0.2049583188655493
CHEMBL2086472,C=CC(=O)Nc1ccc(F)cc1,38.02,test,0.7282624750546821,0.994914342997784,0.0063800073450261,0.1007246250789146,0.8992753749354714,140.95209085245693,1258.428554586065,1399.3806454183905,2.9107592830681197,4.869104109896915e-11
CHEMBL714,CC(C)(C)NCC(O)c1ccc(O)c(CO)c1,12.0,test,0.3373582442221618,0.947715426185886,0.0013248911054159,0.3191167043094178,0.9605733733842184,725.0206220402079,2182.384987314917,2271.9607348953527,3.2895641277558925,0.3780839804751273
CHEMBL16073,CCOc1ccc(NC(C)=O)cc1,26.92,test,0.7355016680096207,0.995219734548046,0.0051195283231974,0.0976610463087346,0.9076484575784284,177.2914222323404,1647.7223213681398,1815.375002965576,3.186888425559479,0.038522200467316
CHEMBL1290353,CCC(NC(=O)Nc1cc(Cl)ccc1Cl)(C(F)(F)F)C(F)(F)F,22.91,test,0.3769170622794548,0.9589438135333108,0.0006005547391084,0.2835961256544074,0.8706085233897792,1449.6738876496863,4450.337393753459,5111.754909572604,3.790937703620385,0.1766616561198871
CHEMBL1290284,COc1cc(C(=O)OCCCCNC(=N)N)cc(OC)c1O,138.04,test,0.534827304390547,0.981733529835405,0.0007932333954372,0.1902610743082149,0.8543483890439955,1077.0454118022494,4836.365062302962,5660.88158451939,4.311378533217712,0.1009755552763492
CHEMBL457,Cc1ccc(C)c(OCCCC(C)(C)C(=O)O)c1,150.0,test,0.4403013146420929,0.9697386965565364,0.0013607206299008,0.2441451625587328,0.9037262894482784,664.1527067272849,2458.4237303218724,2720.318927341077,3.416140054414977,0.2914139681444559
CHEMBL1610669,CC(C)CCOc1ccc(N)cc1,150.0,test,0.6401964460329213,0.9903051658779568,0.0036880961693886,0.1389088853725084,0.8942197537949146,242.4610727933231,1560.8323415501684,1745.4684208509875,3.1461403960947822,0.1097165988204691
CHEMBL894,CC(NC(C)(C)C)C(=O)c1cccc(Cl)c1,16.98,test,0.4592616933237552,0.9726875793885558,0.0014519241454804,0.232118230441368,0.8862026374909319,610.3642812536116,2330.305701748135,2629.540472081906,3.4083573267638885,0.3186182691490278
CHEMBL266195,C=CCc1ccccc1OCC(O)CNC(C)C,150.0,test,0.4552676719357333,0.971900149057541,0.0012133791671338,0.235393500891443,0.9095631496349696,749.6116418279099,2896.5078617802224,3184.5044106532496,3.7008971812445135,0.2452711095766795
CHEMBL2086477,C=CC(=O)Nc1ccccc1,30.9,test,0.6565718720945932,0.991267788854534,0.0063491554036814,0.1318642134145685,0.8681357865860061,136.73248351782846,900.1863284727542,1036.9188119899868,2.6543146477281327,1.1603658990271497e-12
CHEMBL894,CC(NC(C)(C)C)C(=O)c1cccc(Cl)c1,72.44,test,0.4592616933237552,0.9726875793885558,0.0014519241454804,0.232118230441368,0.8862026374909319,610.3642812536116,2330.305701748135,2629.540472081906,3.4083573267638885,0.3186182691490278
CHEMBL457,Cc1ccc(C)c(OCCCC(C)(C)C(=O)O)c1,66.07,test,0.4403013146420929,0.9697386965565364,0.0013607206299008,0.2441451625587328,0.9037262894482784,664.1527067272849,2458.4237303218724,2720.318927341077,3.416140054414977,0.2914139681444559
CHEMBL364714,C[C@@H](C(N)=O)c1ccc(OS(=O)(=O)C(F)(F)F)cc1,3.0,test,0.5461637983418757,0.9823374486556996,0.0015708900785797,0.1871179760702077,0.95727906196709,609.3864077571768,3117.5671148474125,3256.696232800912,3.427380911965323,0.3352314679428413
CHEMBL2086478,C=CC(=O)Nc1ccc(C)cc1,21.38,test,0.7173246451109404,0.9944420328476088,0.0062378226506899,0.1052855322725563,0.8970796225923532,143.8129412821835,1225.3503050669908,1365.9326042051998,2.912616936520343,0.0171654637275809
CHEMBL2089383,C=CC(=O)Nc1ccc(OC)cc1,42.66,test,0.6949658497344327,0.993383787274518,0.004619198705245,0.1148418529114502,0.8871268672835531,192.0521120419056,1483.558338633689,1672.3181242119883,3.0735307265111533,0.0160748593862641
CHEMBL266195,C=CCc1ccccc1OCC(O)CNC(C)C,13.18,test,0.4552676719357333,0.971900149057541,0.0012133791671338,0.235393500891443,0.9095631496349696,749.6116418279099,2896.5078617802224,3184.5044106532496,3.7008971812445135,0.2452711095766795
CHEMBL642,CCCC(=O)Nc1ccc(OCC(O)CNC(C)C)c(C(C)=O)c1,6.92,test,0.5338717686377898,0.9816589406661144,0.0006388085886801,0.1906455460016891,0.871575890843483,1364.3772270567842,6237.535164383235,7156.617375392004,4.683363870383361,0.1188994657050061
CHEMBL112,CC(=O)Nc1ccc(O)cc1,10.8,test,0.6533915840154584,0.9910842989277514,0.0061480305886229,0.1332363029316244,0.8698360175921537,141.48205755543952,923.668600801118,1061.8881974535632,2.652449289840219,0.0262216887308787
CHEMBL782,CCCCNC(=O)NS(=O)(=O)c1ccc(C)cc1,6.31,test,0.2620366841355628,0.9284684363664456,0.0007831101222474,0.3714113119861151,0.8117679105616115,1036.5948383247744,2265.613347924393,2790.961946693553,3.356914304668444,0.2955601349488685
CHEMBL193544,CN1CCC(Oc2cccc3ncnc(Nc4ccc(OCc5ccccn5)c(Cl)c4)c23)CC1,11.0,test,0.3022215494836712,0.9382417328967074,0.0001846753254823,0.3459804194618295,0.722431175066797,3911.898750846769,8168.316622404565,11306.705613374605,4.956523550384795,0.1392400821645831
CHEMBL570015,COc1cccc(Nc2c(C(N)=O)cnc3c(C)cc(S(=O)(=O)c4cccc(C(=O)N(C)C)c4)cc23)c1,130.0,test,0.4602619903708143,0.9726065299484034,0.0003144372601155,0.232457604525482,0.91023711593617,2894.813151601912,11335.25564658124,12453.08002511306,5.0721183523985856,0.2749781030124711
CHEMBL570015,COc1cccc(Nc2c(C(N)=O)cnc3c(C)cc(S(=O)(=O)c4cccc(C(=O)N(C)C)c4)cc23)c1,20.05,test,0.4602619903708143,0.9726065299484034,0.0003144372601155,0.232457604525482,0.91023711593617,2894.813151601912,11335.25564658124,12453.08002511306,5.0721183523985856,0.2749781030124711
CHEMBL1807821,O=c1[nH]c2c(O)ccc([C@@H](O)CNCCCOCCOCCc3ccccc3)c2s1,58.0,test,0.8180070812389013,0.9978757828174531,0.0008464582968919,0.0651453917514913,0.9743813736978516,1151.1274415711166,17217.444053418883,17670.12847143965,6.4543931890266455,0.0803598628622393
CHEMBL1807821,O=c1[nH]c2c(O)ccc([C@@H](O)CNCCCOCCOCCc3ccccc3)c2s1,3.0,test,0.8180070812389013,0.9978757828174531,0.0008464582968919,0.0651453917514913,0.9743813736978516,1151.1274415711166,17217.444053418883,17670.12847143965,6.4543931890266455,0.0803598628622393
CHEMBL1921923,C[C@@](C(=O)O[C@H]1C[N+]2(CCCc3cncnc3)CCC1CC2)(c1ccccc1)N1CCCCC1,66.0,test,0.5639918038684405,0.984289134549267,0.0004677165589978,0.1765641515377761,0.9341749550374318,1997.3099884234016,10567.473365237713,11312.092352994288,5.0743508613865655,0.2352889271625831
CHEMBL1831130,COc1ccc2nc(C)cc(N3CC(CNC(=O)C4CC4)OC3=O)c2c1,19.5,test,0.4256067254447647,0.9676589849658978,0.0005161397694236,0.2522619448406124,0.8200347071204369,1588.7841931579835,5164.703623200386,6298.152478614366,4.285115225417852,0.0974747895121151
CHEMBL312421,CC(C)C[C@H](N)C(=O)NC[C@H](O)C[C@@H](N)CC(=O)NN(C)CC(=O)O,3.0,test,0.2974083814309229,0.9391019231466942,0.0003738440944598,0.3436387317258937,0.775136120949202,2073.420798766638,4676.956369206226,6033.722649228375,4.20533085343038,0.2090952494647552
CHEMBL135626,CC,150.0,test,0.4347141062523118,0.9666215056841444,0.1575786903050888,0.2562086351958448,0.999999958872092,6.346035475583581,24.769013775564343,24.7690147942621,0.9639672491443092,0.6195747514938638
CHEMBL78628,CN(CC(=O)O)NC(=O)C[C@H](N)C[C@@H](O)CN,3.0,test,0.6449656781618924,0.9905608324653208,0.0018759010320082,0.1370738384434123,0.9265309635471664,493.9124973748004,3338.530731300565,3603.2586741831137,3.869657211389312,0.1628065922322858
CHEMBL203125,O=CN(O)CCCP(=O)(O)O,3.0,test,0.5999618613234038,0.9870107428148684,0.0042124622003742,0.1606542671952468,0.9747762200277716,231.40295951882268,1404.0467528251943,1440.3785443034226,2.8981567508136687,0.3593786509701479
CHEMBL1201182,CO[C@H]1C[C@@H]2CC[C@@H](C)[C@@](O)(O2)C(=O)C(=O)N2CCCC[C@H]2C(=O)O[C@H]([C@H](C)C[C@@H]2CC[C@@H](OC(=O)C(C)(CO)CO)[C@H](OC)C2)CC(=O)[C@H](C)/C=C(\C)[C@@H](O)[C@@H](OC)C(=O)[C@H](C)C[C@H](C)/C=C/C=C/C=C/1C,150.0,test,0.3332890096280456,0.9468959662447672,3.624429575551908e-05,0.3215400894280348,0.7267804496766788,20052.27124784205,45324.359834785566,62363.207286256686,7.873461371778093,0.0933834625681655
CHEMBL413,CO[C@H]1C[C@@H]2CC[C@@H](C)[C@@](O)(O2)C(=O)C(=O)N2CCCC[C@H]2C(=O)O[C@H]([C@H](C)C[C@@H]2CC[C@@H](O)[C@H](OC)C2)CC(=O)[C@H](C)/C=C(\C)[C@@H](O)[C@@H](OC)C(=O)[C@H](C)C[C@H](C)/C=C/C=C/C=C/1C,50.12,test,0.1860504846232441,0.8592763778891622,2.8988592458226587e-05,0.5115115897041648,0.5919511180675596,20420.140057527064,23631.379975457254,39921.16790420556,6.776984761148603,0.1756597242108477
CHEMBL413,CO[C@H]1C[C@@H]2CC[C@@H](C)[C@@](O)(O2)C(=O)C(=O)N2CCCC[C@H]2C(=O)O[C@H]([C@H](C)C[C@@H]2CC[C@@H](O)[C@H](OC)C2)CC(=O)[C@H](C)/C=C(\C)[C@@H](O)[C@@H](OC)C(=O)[C@H](C)C[C@H](C)/C=C/C=C/C=C/1C,150.0,test,0.1860504846232441,0.8592763778891622,2.8988592458226587e-05,0.5115115897041648,0.5919511180675596,20420.140057527064,23631.379975457254,39921.16790420556,6.776984761148603,0.1756597242108477
CHEMBL1922048,C[C@@](C(=O)O[C@H]1C[N+]2(CC(=O)Nc3ccncn3)CCC1CC2)(c1ccccc1)N1CCCCC1,39.0,test,0.4320330558209072,0.9686780565624874,0.0003207276013163,0.2483200006731687,0.8805491081586201,2745.473431487493,9735.519390366668,11056.191301726849,4.958704110395388,0.2530002234809697
CHEMBL171951,CCCS(=O)(=O)N1N=Cc2cc(Cl)ccc2B1O,3.0,test,0.6836187868788423,0.9927877493650552,0.0020396871176119,0.1198852981423011,0.9357201672892208,458.7567177385304,3580.6551705599472,3826.6303278822097,3.704790804267628,0.1092207347426054
CHEMBL38380,O=S(=O)(c1cccc2cnccc12)N1CCCNCC1,150.0,test,0.3181123094993363,0.9455579726147154,0.0010204095699519,0.3254537147195424,0.851464133587587,834.4337006048411,2183.076535273366,2563.9089765004187,3.0947846573703,0.2304171403357508
CHEMBL1689114,O=C(O)COc1ccc(Cl)cc1CN1CCCN(S(=O)(=O)c2ccccc2)CC1,5.0,test,0.4928481554891726,0.9764484060820556,0.00048932686284,0.215751037679574,0.9472274486173932,1935.776513718817,8498.780204740326,8972.26977231862,4.701789123532833,0.3006418187925205
CHEMBL1463345,C[C@]12CC[C@H]3[C@@H](C=CC4=CC(=O)CC[C@@]43C)[C@@H]1CC[C@@]21CCC(=O)O1,6.61,test,0.613570986386493,0.9882315178331,0.0012356586560694,0.152965575085662,0.9570327610161644,774.5122460117282,4845.754300118427,5063.310784652001,3.961032358927013,0.3137784077887797
CHEMBL1463345,C[C@]12CC[C@H]3[C@@H](C=CC4=CC(=O)CC[C@@]43C)[C@@H]1CC[C@@]21CCC(=O)O1,45.71,test,0.613570986386493,0.9882315178331,0.0012356586560694,0.152965575085662,0.9570327610161644,774.5122460117282,4845.754300118427,5063.310784652001,3.961032358927013,0.3137784077887797
CHEMBL1240967,CC(C)(Cc1cccc(CC(=O)NCc2cccc(-c3ccc(O)cc3)c2)c1)NC[C@H](O)c1ccc(O)c(NS(C)(=O)=O)c1,37.0,test,0.6523177869314731,0.9910284477915964,0.0002334137271535,0.1336510967698325,0.9233614010648296,3955.900162021861,27330.30707834473,29598.710804704577,7.019839148366322,0.121624196610519
CHEMBL406,CC1Cc2ccccc2N1NC(=O)c1ccc(Cl)c(S(N)(=O)=O)c1,13.18,test,0.4899779413036338,0.9763887333051836,0.0007533827718405,0.2160209283257035,0.9255581729516036,1228.5364193959222,5263.758157849273,5687.1175812355,4.079917531081476,0.2628435727187467
CHEMBL406,CC1Cc2ccccc2N1NC(=O)c1ccc(Cl)c(S(N)(=O)=O)c1,4.9,test,0.4899779413036338,0.9763887333051836,0.0007533827718405,0.2160209283257035,0.9255581729516036,1228.5364193959222,5263.758157849273,5687.1175812355,4.079917531081476,0.2628435727187467
CHEMBL408194,COC1=CC(c2cc3ccccc3[nH]2)=N/C1=C\c1[nH]c(C)cc1C,22.39,test,0.4327068616192004,0.9684806723084411,0.0005808619457606,0.2490887138450674,0.7946195659911648,1368.000730277906,4364.068246163743,5492.022136052294,4.204967135957166,0.1091579645124268
CHEMBL1405150,CCC(=O)NC(c1cccs1)c1cc(Cl)c2cccnc2c1O,150.0,test,0.226757699254725,0.9139890788612864,0.0005249564044642,0.4057387875496959,0.8794143905772485,1675.2141379716013,3630.9257715476474,4128.799585783789,3.687997340418148,0.3337222565884859
CHEMBL1975242,O=C(Nc1nc2c(=O)[nH]cnc2s1)c1ccccc1,150.0,test,0.6905505067562826,0.9931785052251316,0.0020221873931694,0.1166038453858755,0.898929485656173,444.5332260959525,3427.0226935407622,3812.3376173818674,3.7563030522151992,0.0338603179366852
CHEMBL866,COc1c(C)c2c(c(O)c1C/C=C(\C)CCC(=O)O)C(=O)OC2,14.79,test,0.4627544104051179,0.973269625864429,0.0007270197782226,0.2296654858042769,0.8611696154166293,1184.5202031806166,4441.559010288532,5157.589086721005,4.102626671202689,0.2004419175214516
CHEMBL1483,CCCSc1ccc2nc(NC(=O)OC)[nH]c2c1,83.18,test,0.6869976620377106,0.9928127849345948,0.0020447397098054,0.1196777927203455,0.9749683394182914,476.81782416748695,3884.4489998233935,3984.179632069925,3.9656105753229194,0.1733533768196211
CHEMBL596008,Cc1ccc2[nH]c(C(=O)O)nc2c1,9.77,test,0.6361912592408131,0.9899886821991006,0.0044401797567793,0.1411467644605726,0.8612065536542587,193.9575874916654,1183.4316296031789,1374.1553923175104,2.794480871575049,0.0223094208097464
CHEMBL1483,CCCSc1ccc2nc(NC(=O)OC)[nH]c2c1,12.59,test,0.6869976620377106,0.9928127849345948,0.0020447397098054,0.1196777927203455,0.9749683394182914,476.81782416748695,3884.4489998233935,3984.179632069925,3.9656105753229194,0.1733533768196211
CHEMBL1088752,Cc1c(F)cc(C(=O)NC2CC2)cc1-c1ccc(C(=O)NCC(C)(C)C)cn1,3.8,test,0.5196835816780954,0.9801795965666236,0.0004638508226245,0.1981109751490087,0.8644048760884294,1863.540677146039,8131.067180415269,9406.549413753484,5.029615924086516,0.1116902288269747
CHEMBL1088752,Cc1c(F)cc(C(=O)NC2CC2)cc1-c1ccc(C(=O)NCC(C)(C)C)cn1,6.31,test,0.5196835816780954,0.9801795965666236,0.0004638508226245,0.1981109751490087,0.8644048760884294,1863.540677146039,8131.067180415269,9406.549413753484,5.029615924086516,0.1116902288269747
CHEMBL2177162,Nc1ncc(-c2ccc(S(=O)(=O)N3CCCC3)cc2)nc1C(=O)Nc1cccnc1,3.0,test,0.5126424996701741,0.9794027564407368,0.0004051421673998,0.2019164200264231,0.8552553414812082,2111.0005580762613,8941.543748290853,10454.823623556777,5.033231997568679,0.0968123344815502
CHEMBL168634,Cc1ccc(S(=O)(=O)N2N=Cc3ccccc3B2O)cc1,6.17,test,0.359245229708524,0.9551817232003909,0.0008894579386449,0.2960200595634222,0.8764523789386486,985.3781059887516,2917.494802283381,3328.754502117228,3.4708456142279256,0.2616739691516516
CHEMBL1922660,CCOc1ccc(-c2ccc(Cn3c(CC(C)(C)C(=O)O)c(SC(C)(C)C)c4cc(OCc5ccc(C)cn5)ccc43)cc2)cn1,6.92,test,0.4090044759758668,0.9650136166155034,0.000140235452754,0.2621997706838548,0.850441510509368,6064.383105751866,19669.746908290035,23128.8650250726,6.188952160286749,0.2108279533716017
CHEMBL1340633,COc1cc(-c2ccc(Nc3ccccc3C(=O)O)c(OC)c2)ccc1Nc1ccccc1C(=O)O,31.62,test,0.670175287468921,0.9920344176437252,0.0005143837058742,0.1259671155908358,0.9403610113135652,1828.1314135239445,13647.240367235485,14512.767121397364,5.563002855845289,0.1316872196912235
CHEMBL551765,O=C(NCC1CCCCCC1)c1cc(-c2cccnc2N2CCC(C(=O)O)CC2)ccc1Cl,15.0,test,0.5628073732993837,0.9842823589081344,0.0004194971275399,0.1766019194183299,0.9196733445538569,2192.323341871548,11416.757795177318,12413.92703483834,5.261490809532092,0.1392473377901151
CHEMBL1835918,Cc1ccc(N2CC(COc3ccc(-c4noc(C)n4)cc3)C2)nn1,6.0,test,0.8594886710431417,0.9987838607059368,0.0020009710473587,0.0493031397919391,0.9679308051927964,483.73053996480144,9496.711426906486,9811.353638047394,5.415842212823724,0.0530297552477833
CHEMBL1835918,Cc1ccc(N2CC(COc3ccc(-c4noc(C)n4)cc3)C2)nn1,26.41,test,0.8594886710431417,0.9987838607059368,0.0020009710473587,0.0493031397919391,0.9679308051927964,483.73053996480144,9496.711426906486,9811.353638047394,5.415842212823724,0.0530297552477833
CHEMBL1472189,COc1ccc(CC(=O)Nc2nc3ccccc3[nH]2)cc1,12.88,test,0.582045746378771,0.9860411666949074,0.0011983214288827,0.1665017044445667,0.900814823617378,751.730547335076,4067.0455756859305,4514.851964085144,4.072994307847518,0.1468766192620557
CHEMBL1922056,C[C@@](C(=O)O[C@H]1C[N+]2(Cc3nc(-c4ccccc4)no3)CCC1CC2)(c1ccccc1)N1CCCCC1,55.0,test,0.6263813707446046,0.9891447419839274,0.0004755405295355,0.1469444772883604,0.9598132676794644,2018.3627011073731,13183.55977210767,13735.54650268744,5.370496431996075,0.2152317258492555
CHEMBL1364767,Cc1nn(C2CCCCC2)c(N)c1-c1ccccc1,13.8,test,0.5889328020856053,0.9864060155637612,0.0018816162292445,0.164326420455218,0.9417093415332222,500.4789642526147,2868.1067510138955,3045.6390571046627,3.543858744906699,0.2313565540291331
CHEMBL1934423,Cc1ccc(S(=O)(=O)Nc2c(C(=O)N[C@@H](C)C(C)(C)C)c(C)nn2C2CCOC2)cc1,3.0,test,0.370959076225689,0.957523648817153,0.0003414564870296,0.2883547501878295,0.7956180797823129,2330.0716489628103,6429.050084645503,8080.573139318981,4.332392558836844,0.1446040909850602
CHEMBL562698,O=C(NCC12CC3CC(CC(C3)C1)C2)c1ccnc(N2CCNCC2)c1Cl,7.2,test,0.5426303931678228,0.9821025492838488,0.0007363851955579,0.188346974199655,0.9468956978601376,1285.8700902355029,6464.584109327596,6827.134312614076,4.328972887805644,0.2040545725073282
CHEMBL1916546,COc1cc2c(ccc(=O)n2CCN2CCC(NCc3cc4c(cn3)OCCO4)CC2)cn1,35.48,test,0.5891766642270394,0.9865872869664736,0.0004706334085099,0.1632345710814133,0.9130300010692946,1940.00252544756,10851.13586018732,11884.752798351665,5.227325727447804,0.1726698799815271
CHEMBL1934413,Cc1ccc(S(=O)(=O)Nc2c(C(=O)N[C@@H](C)C(C)(C)C)c(C)nn2C2CCC2)cc1,17.0,test,0.3659969080217898,0.9566474187521372,0.0003778808548235,0.2912485471120378,0.8061897701839538,2133.449630731928,5905.4896051968135,7325.185488088391,4.214059626075216,0.1548699152740198
CHEMBL320714,Oc1nc2c(O)ccc(CCNCCCCCCOCCc3ccccc3)c2s1,88.0,test,0.7859591416274007,0.9969370723723092,0.0007896618142776,0.078207887899679,0.9888549404631776,1252.251182194739,15833.37437526176,16011.827142053256,6.318046642007354,0.1491399406960495
CHEMBL322479,CC(C)(CCCCCOCCc1ccccc1)NCCc1ccc(O)c2nc(O)sc12,93.03,test,0.7058848867000099,0.9938244334251514,0.0005511781413175,0.1109639379581349,0.9653596142011918,1751.4475662870664,15237.173247423898,15783.934839694151,6.08446205615109,0.1745729007596229
CHEMBL1489611,Cc1cc(C)cc(-c2nnc(SCC(=O)N3CCN(C(=O)c4ccco4)CC3)o2)c1,89.13,test,0.4800967287980822,0.9755328195800776,0.0003837949169984,0.2198538558273284,0.8742834536073341,2277.996437380695,9058.811295729996,10361.412260923984,5.0435758524525225,0.1540484367533868
CHEMBL370657,Cn1c(-c2ccccc2C(F)(F)F)nnc1C12CCC(c3noc(-c4ccc(F)cc4)n3)(CC1)CC2,7.94,test,0.8094932262928854,0.9976399229763786,0.0008410152745155,0.0686628289810829,0.9831325526416508,1168.9829928570714,16737.8077894064,17024.975670302403,5.92516541874107,0.1224111370540685
CHEMBL1834184,CCC(=O)N[C@H]1CC[C@@H](C(=O)N(C)c2ccc(-c3nc4ccccc4o3)cc2)C1,7.59,test,0.6426373291616764,0.9903543075550338,0.0006334908905153,0.1385580943402053,0.9415697061744268,1486.319251423518,10100.262907831802,10727.047441733132,5.33851311983313,0.1722334972809257
CHEMBL1834184,CCC(=O)N[C@H]1CC[C@@H](C(=O)N(C)c2ccc(-c3nc4ccccc4o3)cc2)C1,4.57,test,0.6426373291616764,0.9903543075550338,0.0006334908905153,0.1385580943402053,0.9415697061744268,1486.319251423518,10100.262907831802,10727.047441733132,5.33851311983313,0.1722334972809257
CHEMBL495383,O=C(Nc1cccc(CCO)c1)c1cc2cc(Cl)ccc2[nH]1,150.0,test,0.687931551400598,0.993045741638938,0.0011659671632575,0.1177291595687806,0.9147975982135564,784.5826426687236,6096.487223236084,6664.301737500715,4.638551870001768,0.0959464362671133
CHEMBL496929,O=C(Nc1ccc(CCO)cc1)c1cc2cc(Cl)ccc2[nH]1,63.1,test,0.8651526304156083,0.9988842433649135,0.0025880625197164,0.047225717117944,0.9711429542599422,375.2393718704802,7716.369266407182,7945.657467378145,5.047218696550893,0.0503195121498333
CHEMBL1917458,CCS(=O)(=O)c1ccc(Oc2c(C)n(CC(=O)O)c3ccc(C(F)(F)F)cc23)cc1,3.0,test,0.3786871963214043,0.9589227238062576,0.0003267769392527,0.2836674281054978,0.7870166052548374,2408.4214971063598,6682.006895661221,8490.299761207167,4.462456388430075,0.1501394340000024
CHEMBL1917456,Cc1c(Oc2ccc(Cl)cc2)c2c(NS(C)(=O)=O)cccc2n1CC(=O)O,3.0,test,0.1905114364940432,0.8899950975555878,0.0002787950002273,0.455970093676131,0.7053679773584319,2530.059638025412,3913.9037279444537,5548.740308004666,3.829610878608373,0.2597711308930827
CHEMBL1917459,CCS(=O)(=O)Nc1cccc2c1c(Oc1ccc(Cl)cc1)c(C)n2CC(=O)O,3.0,test,0.2095867902065856,0.8944237064056031,0.0002271975066504,0.4472205646207065,0.6616129940726394,2912.0609808912545,4308.0697465770445,6511.464836955811,4.029320340729906,0.2797638180378599
CHEMBL13817,CC(C)(N)C(=O)N[C@H](COCc1ccccc1)C(=O)N1CCC2(CC1)CN(S(C)(=O)=O)c1ccccc12,14.45,test,0.3935098563350862,0.9622180151230542,0.0002480188523218,0.2722801707298013,0.8291207410524786,3342.9746702340426,10179.696995469623,12277.701535421253,4.939734523326601,0.2071986685290244
CHEMBL1371,O=c1[nH]c2cc(Cl)ccc2o1,10.96,test,0.6377867514223337,0.9900850200543664,0.0054680047476909,0.140469402589833,0.8595305974101788,157.1927306341764,961.8604420569388,1119.053172691102,2.5689443303957,3.1899793039120125e-14
CHEMBL1080002,CCOc1ccc2nc3ccc(=O)cc-3oc2c1,150.0,test,0.7287228914687827,0.994936192486167,0.0028175507579674,0.1005085711824054,0.9014946798107016,319.9568551734077,2869.7990560857074,3183.37880450755,3.634389682590372,0.0189534317138267
CHEMBL2152252,CNC(=O)c1nc(-c2ccc(Cl)c(S(=O)(=O)Nc3cccc(F)c3F)c2)cnc1N,19.95,test,0.4550591725416373,0.9721527482767628,0.0004349440004172,0.2343481043617314,0.8760367717157733,2014.136925386466,7529.218188961915,8594.637156857543,4.470124415910539,0.1606129159790905
CHEMBL259850,COc1ccc(CNC(=O)Nc2ncc([N+](=O)[O-])s2)cc1,91.0,test,0.6413964717706596,0.9902677942972148,0.0012106185066704,0.1391750537191533,0.9428034585972804,778.7783297566351,5275.621479240164,5595.674720041149,4.346595335882337,0.1664412998490489
CHEMBL422648,Cc1oc(=O)oc1CN1CCN(c2cc3c(cc2F)c(=O)c(C(=O)O)c2n3C(C)S2)CC1,69.18,test,0.7206106588430978,0.994596140637245,0.0006652622902181,0.1038196370129353,0.9233608043663236,1387.965044679669,12344.413416973128,13369.00305774269,5.4188672280452295,0.0751522396733742
CHEMBL472,COc1ccc(Cl)cc1C(=O)NCCc1ccc(S(=O)(=O)NC(=O)NC2CCCCC2)cc1,14.45,test,0.5784512316277524,0.985766575100067,0.0002908099034694,0.1681197769909416,0.8752118272262019,3009.5667884230334,15667.451475366504,17901.325128364824,6.084541109704925,0.0889801709342434
CHEMBL2088414,O=S(=O)(Nc1ccc2sc(CO)nc2c1)c1ccc(Br)cc1,24.55,test,0.3106009225628253,0.939795528300337,0.0003199886978103,0.3417372747984781,0.708491125326704,2214.112967660444,4590.308121884696,6478.991701932728,4.078449375681806,0.1687454529321775
CHEMBL1829763,C[C@@H](c1ccc(-c2ccc(F)cc2F)cc1)N1CC[C@](CCO)(c2ccc(F)cc2)OC1=O,3.0,test,0.4989432916501087,0.977798555237978,0.0003660120722698,0.209547095838913,0.8873333797241049,2424.328176448486,10265.88942097347,11569.371394734866,5.1605260244584175,0.196702441675343
CHEMBL1829763,C[C@@H](c1ccc(-c2ccc(F)cc2F)cc1)N1CC[C@](CCO)(c2ccc(F)cc2)OC1=O,3.72,test,0.4989432916501087,0.977798555237978,0.0003660120722698,0.209547095838913,0.8873333797241049,2424.328176448486,10265.88942097347,11569.371394734866,5.1605260244584175,0.196702441675343
CHEMBL1829783,C[C@@H](c1ccc(-c2ccc(F)cc2F)cc1)N1CC[C@@](CCO)(c2ccc(F)cc2)OC1=O,64.57,test,0.5994455214176333,0.9874373887846628,0.0004816368909353,0.1580107693485689,0.8990639356035223,1866.6841193527653,10621.227766897722,11813.65122800518,5.164988485385727,0.1599787089860866
CHEMBL1770475,CSCCC(NC(=O)c1ccccc1)c1nc2ccccc2n1Cc1ccc(C#N)cc1,150.0,test,0.1879810385566133,0.8945972584097378,0.000325451819301,0.4468732988731602,0.8847918317412811,2718.6568925671813,5382.8353985708445,6083.730890663128,4.012311498484657,0.4841358494098565
CHEMBL1499,C[C@]12CC(=O)[C@H]3[C@@H](CCC4=CC(=O)CC[C@@]43C)[C@@H]1CC[C@]2(O)C(=O)CO,17.38,test,0.5483137005325701,0.9829520351072776,0.0009477177932005,0.1838621676105809,0.91395011755815,964.369482260796,4793.730070389013,5245.0675133088025,3.9068014549612697,0.2617944081406201
CHEMBL2137199,OC(c1ccc(-c2ccc(CN3CCN(Cc4ccncc4)CC3)cc2)c(F)c1)(C(F)(F)F)C(F)(F)F,8.71,test,0.8156237297312467,0.9977842226463924,0.0006514008311722,0.0665330371915653,0.9933465081874016,1524.938963310372,22767.528108506533,22920.026315944207,6.689733626198486,0.1169316547139744
CHEMBL2137199,OC(c1ccc(-c2ccc(CN3CCN(Cc4ccncc4)CC3)cc2)c(F)c1)(C(F)(F)F)C(F)(F)F,12.3,test,0.8156237297312467,0.9977842226463924,0.0006514008311722,0.0665330371915653,0.9933465081874016,1524.938963310372,22767.528108506533,22920.026315944207,6.689733626198486,0.1169316547139744
CHEMBL272705,C[C@H](CO)Nc1nc(SCc2ccco2)nc2[nH]c(=O)sc12,27.3,test,0.3430803879562009,0.9488975266394816,0.0004001436512468,0.3155843531252369,0.7190741271410306,1797.0399502786336,4094.6419582829217,5694.325249279686,4.137402168844296,0.1061697724963325
CHEMBL272705,C[C@H](CO)Nc1nc(SCc2ccco2)nc2[nH]c(=O)sc12,61.0,test,0.3430803879562009,0.9488975266394816,0.0004001436512468,0.3155843531252369,0.7190741271410306,1797.0399502786336,4094.6419582829217,5694.325249279686,4.137402168844296,0.1061697724963325
CHEMBL190,Cn1c(=O)c2nc[nH]c2n(C)c1=O,5.75,test,0.2610710149718598,0.9027080831135657,0.0013466795052261,0.430253549295566,0.5762006379690457,427.8676817557069,573.0054559633953,994.4547405971076,2.3531765607489112,0.0582036273632712
CHEMBL190,Cn1c(=O)c2nc[nH]c2n(C)c1=O,3.0,test,0.2610710149718598,0.9027080831135657,0.0013466795052261,0.430253549295566,0.5762006379690457,427.8676817557069,573.0054559633953,994.4547405971076,2.3531765607489112,0.0582036273632712
CHEMBL2069623,Nc1ncnc2c1c(COc1cccc(Cl)c1)nn2C1CCOCC1,150.0,test,0.51989753682785,0.9801563694890252,0.0006579091853539,0.1982258594384034,0.8907829113672424,1353.9602899571444,6084.396316306241,6830.391825733881,4.452840136332723,0.1831491388605077
CHEMBL1077896,CCCN1CCCC[C@H]1C(=O)Nc1c(C)cccc1C,15.49,test,0.2783278624161434,0.9335706936198226,0.0007580984123987,0.358393303528684,0.7882240775205992,1039.738462222197,2286.724897420371,2901.110182542743,3.3685736749312185,0.2433123419994441
CHEMBL1963462,C[C@@](C(=O)OC1CC[N+](C)(C)CC1)(c1ccccc1)C1CCCC1,128.0,test,0.3965759198408724,0.9625607542184196,0.0007213855030559,0.2710660333543605,0.8869201058615728,1229.4676038046537,4022.781917106828,4535.67563811062,3.848130986070231,0.3046357187024616
CHEMBL1809058,COc1cc(N2CC3CNCC(C2)O3)ccc1Nc1ncc(Cl)c(-c2cnc3ccccn23)n1,13.8,test,0.7100327111939648,0.9940753018665828,0.000582820136822,0.1086935794739591,0.9492774783816376,1628.765751914125,14224.857193352802,14984.930662848814,5.6798653930910525,0.1303997492280545
CHEMBL511115,COc1ccc([C@]2(C#N)CC[C@@H](C(=O)O)CC2)cc1OC1CCCC1,28.0,test,0.5278990765278316,0.9810199325917598,0.000778997305162,0.1939069154456827,0.8872293186792871,1138.9375968312318,5211.257296998566,5873.630624330524,4.2186537761557945,0.1457681812274264
CHEMBL82663,O=S(=O)(CCCOCCc1ccccc1)CCNCCc1ccc(O)c2nc(O)sc12,42.5,test,0.5673388220539977,0.9847098544190392,0.0003468353970334,0.1742024759009894,0.9165762347095484,2642.6836549820905,13904.630353179697,15170.184242869773,5.842391493513172,0.177934120887333
CHEMBL421604,CS(=O)(=O)Nc1ccc(CCOCCCS(=O)(=O)CCNCCc2ccc(O)c3nc(O)sc23)cc1,105.0,test,0.7090198274571611,0.9940763916212044,0.0002913744821205,0.1086836124784477,0.915750994219305,3142.8661410384866,26481.29490473935,28917.571558101507,7.244547029165899,0.0729236401444365
CHEMBL82663,O=S(=O)(CCCOCCc1ccccc1)CCNCCc1ccc(O)c2nc(O)sc12,91.0,test,0.5673388220539977,0.9847098544190392,0.0003468353970334,0.1742024759009894,0.9165762347095484,2642.6836549820905,13904.630353179697,15170.184242869773,5.842391493513172,0.177934120887333
CHEMBL1628691,Clc1cccc(-n2nnnc2NCc2ccccc2Oc2ccccn2)c1Cl,150.0,test,0.2845243092845255,0.9334567218829992,0.0004837668222659,0.3586900449851448,0.9371565086336324,1937.2070706377383,5061.378870702801,5400.782925876763,3.873190900897488,0.4952539183220535
CHEMBL1940652,COc1ccncc1-c1ccccc1CN(C(=O)c1ccc(-c2ccc(C#N)cc2)o1)c1ccc(N2CCNCC2)cc1,25.7,test,0.1793967981049406,0.8658157323572285,7.520263402002476e-05,0.5003629858439931,0.6256969737682928,8320.147052318458,10404.228488567642,16628.222485890623,5.570393829138468,0.2280990063234935
CHEMBL2331750,Cc1cc(Oc2cc(S(=O)(=O)N3CCC[C@H](n4cc(C)c(=O)[nH]c4=O)C3)ccc2O)ccc1Cl,20.42,test,0.7212746010130393,0.9944469089849552,0.0006655232909661,0.1052394660299461,0.9887742037499948,1485.709391649671,13958.937422908211,14117.416665976898,5.404875560988499,0.2092997497009667
CHEMBL2331749,Cc1cn([C@H]2CCCN(S(=O)(=O)c3ccc(O)c(Oc4ccc(Cl)cc4)c3)C2)c(=O)[nH]c1=O,89.13,test,0.7666196993381159,0.9963224532136428,0.0007560800608988,0.0856829575957111,0.9763697447053328,1291.3576156797076,14715.207561971394,15071.347347425666,5.620165640161669,0.1593240252226243
CHEMBL2331751,Cc1cn([C@H]2CCCN(S(=O)(=O)c3ccc(O)c(Oc4cccc(Br)c4)c3)C2)c(=O)[nH]c1=O,38.02,test,0.7745067074581625,0.9965346945463092,0.0007185028892368,0.0831781375452361,0.9972757322949638,1387.9912624349136,16641.51234344472,16686.972122693413,5.688618558257019,0.1944732901698503
CHEMBL2331752,Cc1cn([C@H]2CCCN(S(=O)(=O)c3ccc(O)c(Oc4cc(F)cc(Cl)c4)c3)C2)c(=O)[nH]c1=O,74.13,test,0.7427693487381495,0.9954237405627578,0.0006389975612114,0.0955592838192471,0.9758832187924336,1527.2096139808457,15596.372997954506,15981.802635415326,5.697357976838752,0.1653878464767914
CHEMBL53366,Cc1nccn1CCC(C(N)=O)(c1ccccc1)c1ccccc1,46.0,test,0.1183472476815464,0.8424615853350098,0.0004349680995062,0.5387564173490853,0.785369269216058,1805.579007075508,2632.073084671824,3351.3828307785884,3.491836762479311,0.47150670857326
CHEMBL1081917,Cc1cc(CN(CC(=O)Nc2ccc(Cl)cc2Cl)C2CCCCC2)ccc1OCC(=O)O,43.43,test,0.4036126464173249,0.9635542693541866,0.0002267580683929,0.2675129342841571,0.7867411434455972,3469.517750884748,10203.664992274427,12969.532707526443,5.271369005995271,0.1291598264226736
CHEMBL1089518,CCCCOc1nc(N)c2[nH]c(=O)n(Cc3cccc(CC(=O)O)c3)c2n1,3.0,test,0.3375064538742802,0.9490750936208682,0.0005030980118705,0.3150499431336885,0.9248510739021074,1838.311923482675,5396.49282170653,5834.985733365469,4.1946924003912,0.307191569055104
CHEMBL1089517,COCCOc1nc(N)c2[nH]c(=O)n(Cc3cccc(CC(=O)OC)c3)c2n1,125.0,test,0.2907527055289241,0.933501329895018,0.000274308128367,0.358573935310743,0.703802177934149,2565.7357735767323,5035.977932645796,7155.38838971451,4.364233484039494,0.1396800015009283
CHEMBL2158793,Cc1cc(F)ccc1OC1CCN(CC2CCN([C@@](C)(Cc3ccc(F)cc3)C(=O)O)CC2)CC1,3.0,test,0.5588761944510244,0.9840560786876514,0.0003406497870427,0.1778584661968124,0.8822130233196701,2589.7947301780946,12845.891947361868,14560.986527975065,5.55180440320487,0.1792616932356086
CHEMBL2158793,Cc1cc(F)ccc1OC1CCN(CC2CCN([C@@](C)(Cc3ccc(F)cc3)C(=O)O)CC2)CC1,10.63,test,0.5588761944510244,0.9840560786876514,0.0003406497870427,0.1778584661968124,0.8822130233196701,2589.7947301780946,12845.891947361868,14560.986527975065,5.55180440320487,0.1792616932356086
CHEMBL2158792,Cc1cc(OC2CCN(CC3CCN([C@@](C)(Cc4ccc(F)cc4)C(=O)O)CC3)CC2)ccc1Cl,3.0,test,0.79507985305865,0.9972447693214744,0.0006391085198696,0.0741813322943136,0.9757122356693294,1526.6769340961644,20080.48815572367,20580.338568726303,6.475419162984053,0.1410824946196315
CHEMBL2158785,Cc1c(OC2CCN(CC3CCN([C@@H](Cc4ccc(F)cc4)C(=O)O)CC3)CC2)ccc(C#N)c1Cl,3.0,test,0.799203289115102,0.9973589177869822,0.0006629933433156,0.0726304971123007,0.9792847764068968,1477.0657749133857,19915.43614093424,20336.71575494736,6.370980028110291,0.1518391575792912
CHEMBL2158774,Cc1ccc(C[C@@H](C(=O)O)N2CCC(CN3CCC(Oc4ccc(Cl)c(Cl)c4)CC3)CC2)cc1,3.0,test,0.8610782675422816,0.9987965998160828,0.0008335265929984,0.0490443900546398,0.9921849959132836,1190.34594006668,24081.110609483883,24270.786908360547,7.000326090026639,0.1004957977214501
CHEMBL2158790,Cc1c(OC2CCN(CC3CCN([C@@](C)(Cc4ccc(F)cc4)C(=O)O)CC3)CC2)ccc(Cl)c1Cl,3.0,test,0.7714625831787604,0.9965120991405056,0.0004751699365327,0.0834484048174841,0.9663719311212076,2033.739630441708,23551.66522794817,24371.222372552744,6.8169657305811695,0.1473914957957555
CHEMBL2158771,N#Cc1ccc(C[C@@H](C(=O)O)N2CCC(CN3CCC(Oc4ccc(Cl)c(Cl)c4)CC3)CC2)cc1,3.0,test,0.8725216445654042,0.9990003058263056,0.0008434154389539,0.044703343934744,0.9883832209576372,1171.881821588999,25910.10487033424,26214.63448684421,7.1831132102999895,0.1120506070667167
CHEMBL2158779,O=C(O)[C@H](Cc1ccc(F)cc1)N1CCC(CN2CCC(Oc3ccc(Cl)cc3Cl)CC2)CC1,3.0,test,0.6642224333001353,0.9917173743314834,0.0003711242391389,0.1284392831226807,0.9319647170346308,2511.193338373635,18221.400276589982,19551.59883580968,6.287847152448888,0.1555012596808051
CHEMBL2158782,Cc1cc(OC2CCN(CC3CCN([C@@H](Cc4ccc(F)cc4)C(=O)O)CC3)CC2)ccc1Cl,3.87,test,0.694332442695814,0.9933622425721488,0.0004164527138968,0.1150280619328662,0.92407269840157,2218.9138588025644,17825.5434593084,19290.19598798063,6.341682140283393,0.1275782669481703
CHEMBL2158839,O=C(O)[C@H](Cc1ccccc1F)N1CCC(CN2CCC(Oc3ccc(Cl)c(Cl)c3)CC2)CC1,3.0,test,0.6254579566242604,0.9892892581183064,0.0003376134442686,0.1459683656541074,0.9189667918874742,2721.949636449168,17136.461820873872,18647.531088340133,6.147499815288216,0.1403669985218404
CHEMBL2158781,Cc1cc(F)ccc1OC1CCN(CC2CCN([C@@H](Cc3ccc(F)cc3)C(=O)O)CC2)CC1,3.0,test,0.6452241855012109,0.9905285256645884,0.0004808423813644,0.1373071004891481,0.9398779313128612,1954.648691003032,13379.724439585822,14235.59804292506,5.593383819346313,0.1889975393975593
CHEMBL2158780,Cc1cc(Cl)ccc1OC1CCN(CC2CCN([C@@H](Cc3ccc(F)cc3)C(=O)O)CC2)CC1,3.0,test,0.8260703797214138,0.998054354624878,0.000834265680286,0.0623498613817091,0.9895651873564008,1186.151139547166,18825.605199875165,19024.118310151254,6.317551114587331,0.1566574917815675
CHEMBL2158773,Cc1cccc(C[C@@H](C(=O)O)N2CCC(CN3CCC(Oc4ccc(Cl)c(Cl)c4)CC3)CC2)c1,3.0,test,0.7895197545272656,0.9970952868291592,0.0006178332735848,0.0761642237738722,0.9648099093190816,1561.6023781319352,19781.590019365285,20503.09582052927,6.43367186968502,0.1208292381365925
CHEMBL2158778,O=C(O)[C@H](Cc1ccc(F)cc1)N1CCC(CN2CCC(Oc3ccc(Cl)cc3)CC2)CC1,3.0,test,0.7548171167665504,0.9959453551835558,0.0005912114093997,0.0899602661640182,0.9526215162265326,1611.304350830507,17062.679550013516,17911.28927845466,6.205682039396348,0.1504322096913627
CHEMBL2158783,Cc1c(Cl)ccc(OC2CCN(CC3CCN([C@@H](Cc4ccc(F)cc4)C(=O)O)CC3)CC2)c1Cl,13.78,test,0.8336438221212648,0.9982395547585214,0.0006975378592548,0.0593109712912296,0.9846928513446942,1411.669400133491,23436.82351698479,23801.1512777609,6.816735589751758,0.118583328160728
CHEMBL272842,O=C(O)[C@H](Cc1ccccc1)N1CCC(CN2CCC(Oc3ccc(CO)c(Cl)c3)CC2)CC1,28.0,test,0.8055053036447426,0.9975371922703996,0.0007034356075784,0.0701395041135017,0.9793060888427824,1392.1758840358775,19437.923566870108,19848.67018425193,6.46229219934641,0.1098123154765163
CHEMBL57895,CCC1(C2=NCCN2)Cc2ccccc2O1,3.0,test,0.2682005581519964,0.9302214631861788,0.0015720346096331,0.3669986776921201,0.8730238664179876,555.3464669723179,1321.06939143926,1513.211084205064,2.799295572342908,0.3825234979964419
CHEMBL112273,Nc1ccc2c(-c3ccncc3)c(-c3ccc(F)cc3)[nH]c2n1,117.49,test,0.3041566438489801,0.938015589772332,0.0005070407570701,0.3465930659203449,0.7097465401901114,1399.7820299324328,2866.446419309388,4038.690232349124,3.693871117214156,0.1662461982250833
CHEMBL1234354,COc1ccc(-c2cc3c(C)nc(N)nc3n([C@H]3CC[C@H](OCCO)CC3)c2=O)cn1,10.72,test,0.3601406857558952,0.9547295888124704,0.0003072222419274,0.2974750615530172,0.7700727288325552,2506.5656835304035,6488.7384705029535,8426.137204391076,4.524627965191233,0.1473942365542566
CHEMBL1234354,COc1ccc(-c2cc3c(C)nc(N)nc3n([C@H]3CC[C@H](OCCO)CC3)c2=O)cn1,3.0,test,0.3601406857558952,0.9547295888124704,0.0003072222419274,0.2974750615530172,0.7700727288325552,2506.5656835304035,6488.7384705029535,8426.137204391076,4.524627965191233,0.1473942365542566
CHEMBL1071,O=C(O)CCc1nc(-c2ccccc2)c(-c2ccccc2)o1,6.46,test,0.3235703093347278,0.9443771905727034,0.0005075529725327,0.3288642910472462,0.7261993837755042,1430.7854018697851,3159.465790110828,4350.686410231848,3.903949717814098,0.1308041331855828
CHEMBL178737,O=C1NC(=O)C(c2cnc3ccccn23)=C1c1cn2c3c(cccc13)CN(C(=O)N1CCOCC1)CC2,38.0,test,0.4057365140315084,0.9644481062495583,0.0003077492667269,0.2642723034138093,0.8478155776176868,2754.890650543061,8838.002234787662,10424.43954571104,4.708644658563864,0.210417909667347
CHEMBL1229517,CCCS(=O)(=O)Nc1ccc(F)c(C(=O)c2c[nH]c3ncc(-c4ccc(Cl)cc4)cc23)c1F,6.61,test,0.6230823900837206,0.9888790125225728,0.0004613859613497,0.1487222195651399,0.963776890759123,2088.8734627722715,13536.699338044262,14045.469929645256,5.5028027632438095,0.1774728983805663
CHEMBL2071097,N#CC1(NC(=O)[C@@H]2CCCC[C@H]2C(=O)N2CCN(c3nc4c(s3)COCC4)CC2)CC1,3.0,test,0.5882031739700534,0.9865599594422272,0.0004651514269664,0.1633996524639846,0.8936787352632947,1921.2640947733028,10507.934627965202,11758.067203948143,5.221506709270712,0.1318576834147141
CHEMBL2017291,COc1cc2c(cc1-c1c(C)noc1C)ncc1[nH]c(=O)n([C@H](C)c3ccccn3)c12,3.39,test,0.2926610236319962,0.9378560520597988,0.0003597637023298,0.3470245317190242,0.7810863759313189,2171.1094556591866,4886.755435042594,6256.357280865295,4.002966469679207,0.318125886443565
CHEMBL2017291,COc1cc2c(cc1-c1c(C)noc1C)ncc1[nH]c(=O)n([C@H](C)c3ccccn3)c12,3.24,test,0.2926610236319962,0.9378560520597988,0.0003597637023298,0.3470245317190242,0.7810863759313189,2171.1094556591866,4886.755435042594,6256.357280865295,4.002966469679207,0.318125886443565
CHEMBL2216859,CC(C)N1CCN(Cc2cnc(-c3cc(-c4cccc5[nH]ccc45)cc4[nH]ncc34)o2)CC1,3.0,test,0.6191665498299675,0.9886383317440248,0.0005401362875691,0.1503138350465168,0.9580273546695134,1773.6770824655675,11304.555983330312,11799.825890389107,5.313677014650341,0.1629380361593048
CHEMBL2216859,CC(C)N1CCN(Cc2cnc(-c3cc(-c4cccc5[nH]ccc45)cc4[nH]ncc34)o2)CC1,15.14,test,0.6191665498299675,0.9886383317440248,0.0005401362875691,0.1503138350465168,0.9580273546695134,1773.6770824655675,11304.555983330312,11799.825890389107,5.313677014650341,0.1629380361593048
CHEMBL267144,CC(C)[C@H]1C(=O)N[C@H](CO)Cc2ccccc2N1C,144.54,test,0.1036613198967577,0.8127890758120286,0.0006304259701953,0.5825580814310521,0.7139388889790415,1132.470619441317,1387.8698821913629,1943.9617362433744,2.9168814553573155,0.5225221197167929
CHEMBL109244,O=C(NCCCCCCNCCc1ccc(O)c2nc(O)sc12)Nc1ccccc1,98.0,test,0.8001215319851767,0.9974225257479252,0.0006699397806287,0.0717516907858576,0.9404999459265287,1403.857440804451,18401.348214993974,19565.49630299657,6.777457110271803,0.0441439427772569
CHEMBL1308362,Cc1ccc2cc(C)c3nnc(SCC(=O)N4CCN(C(=O)c5ccco5)CC4)n3c2c1,87.1,test,0.6412106894970571,0.9903183852828442,0.0005896518921669,0.1388146093564371,0.927063069597064,1572.220969545507,10499.96109825266,11326.048294444876,5.101457464946717,0.1167444673186057
CHEMBL2361579,Cc1cc2cc(C)c3nnc(SCC(=O)N4CCN(C(=O)c5ccco5)CC4)n3c2cc1C,57.54,test,0.5370366308645619,0.9819576830695864,0.0004276607528703,0.1891007896879598,0.8865623970649624,2073.050639121472,9719.096080398886,10962.675737855285,4.954129393407628,0.1155452125556014
CHEMBL1513,CCCCC1=NC2(CCCC2)C(=O)N1Cc1ccc(-c2ccccc2-c2nn[nH]n2)cc1,9.01,test,0.3781294505863455,0.9590299700920576,0.0003498424777234,0.2833046354460641,0.8848809663960591,2529.369709917279,7900.298241715959,8928.091508050256,4.752442423458692,0.2883722808583707
CHEMBL1513,CCCCC1=NC2(CCCC2)C(=O)N1Cc1ccc(-c2ccccc2-c2nn[nH]n2)cc1,10.47,test,0.3781294505863455,0.9590299700920576,0.0003498424777234,0.2833046354460641,0.8848809663960591,2529.369709917279,7900.298241715959,8928.091508050256,4.752442423458692,0.2883722808583707
