Drug_ID,Drug,Y,split,d3d_asphericity,d3d_eccentricity,d3d_inertial_shape_factor,d3d_npr1,d3d_npr2,d3d_pmi1,d3d_pmi2,d3d_pmi3,d3d_radius_of_gyration,d3d_spherocity_index
Tazarotene,CCOC(=O)c1ccc(C#Cc2ccc3c(c2)C(C)(C)CCS3)nc1,3.55,train,0.8068178071438956,0.997596509662667,0.0013551642971669,0.0692907202218629,0.9609663393154664,709.1142685240533,9834.432960113963,10233.899521516449,5.436712187475587,0.0856854948009676
SR 271425,CC[NH+](CC)CCNc1ccc(CNC=O)c2sc3ccc(OC)cc3c(=O)c12,1.01,train,0.2009710744162514,0.877674938693141,0.0001658118883969,0.4792564052675678,0.6118711036305211,3690.152193223448,4711.251576849849,7699.745173282022,4.406811279277656,0.1461213298101664
Chlordiazepoxide,CNC1=Nc2ccc(Cl)cc2C(c2ccccc2)=[N+]([O-])C1,0.25,train,0.1618342081678024,0.8422138407733057,0.0003537741832542,0.5391436231746387,0.6057433952782147,1712.2317680340389,1923.741726861155,3175.836074906917,3.3707666383621597,0.3321068872424102
Acivicin,[NH3+]C(C(=O)[O-])C1CC(Cl)=NO1,0.5,train,0.4008215425942197,0.963177938879534,0.0032298856055801,0.2688647579281685,0.8991467897258615,278.3834784032089,930.9796227954786,1035.403377327658,2.507034191124057,0.4700057182089054
Deramciclane,C[NH+](C)CCOC1(c2ccccc2)CC2CCC1(C)C2(C)C,7.7,train,0.193030804343706,0.8963834741841342,0.0005514359610598,0.4432794459588462,0.7575461131890272,1373.7698784335114,2347.7155128913564,3099.1057468544377,3.3577336452645605,0.3696438789503257
Sabeluzole,CN(c1nc2ccccc2s1)C1CC[NH+](CC(O)COc2ccc(F)cc2)CC1,5.5,train,0.3984592805125621,0.9611424299075868,0.000414099201161,0.276052946789813,0.9664901307727994,2333.9579696435712,8171.430044601409,8454.747528634964,4.770636449774707,0.4438264880261161
Lubeluzole,CN(c1nc2ccccc2s1)C1CC[NH+](CC(O)COc2ccc(F)c(F)c2)CC1,2.6,train,0.858494300826459,0.998764257200836,0.0012169598705173,0.049698677427697,0.9710434523237318,797.9256143515233,15590.363433406605,16055.268583602996,6.1099598374798845,0.074343185213969
Hypericin,Cc1cc(O)c2c(=O)c3c(O)cc([O-])c4c5c([O-])cc(O)c6c(=O)c7c(O)cc(C)c8c1c2c(c34)c(c78)c65,0.25,train,0.2246452336163721,0.8738389989896841,0.0001382579006077,0.4862153883256956,0.553954616364069,4006.676030295594,4564.883663802809,8240.53727318825,4.090311987197034,0.0778127207116105
Pseudohypericin,Cc1cc(O)c2c(=O)c3c(O)cc([O-])c4c5c([O-])cc(O)c6c(=O)c7c(O)cc(CO)c8c1c2c(c34)c(c65)c78,0.56,train,0.2103591573650709,0.859867092083716,0.0001237549080572,0.5105179565416813,0.5476859895225878,4425.569847051258,4747.77149329458,8668.7839092491,4.148221852722585,0.1004990581403135
Finasteride,CC(C)(C)NC(=O)C1CCC2C3CCC4NC(=O)C=CC4(C)C3CCC12C,1.1,train,0.5572832511378888,0.9835671315872144,0.0008600412183334,0.1805427862344528,0.944803448396016,1098.5560090094982,5748.88383643585,6084.740531160927,4.166072720280189,0.2915836238296432
Belinostat,O=C(/C=C/c1cccc(S(=O)(=O)Nc2ccccc2)c1)NO,0.8,train,0.3300224752475265,0.948630686822421,0.0006477336875585,0.3163855559579511,0.8470559383867176,1307.722532665245,3501.1526796862795,4133.3193252319215,3.747588551334369,0.3237709404189025
KRN8602,CCC1(O)CC(OC2CC(N3CCOCC3)C(O)C(C)O2)c2c(O)c3c(c(O)c2C1O)C(=O)c1cccc(O)c1C3=O,20.9,train,0.2896771088723757,0.9374214582615116,0.000170977144914,0.3481967972151114,0.8053306068531676,4710.165251959197,10893.955002106435,13527.307803033347,4.987272871556579,0.2741635695965736
Nemorubicin,COc1cccc2c1C(=O)c1c(O)c3c(c(O)c1C2=O)CC(O)(C(=O)CO)CC3OC1CC(N2CCOC(OC)C2)C(O)C(C)O1,49.0,train,0.3477290208735594,0.9515521389618714,0.0001268630913318,0.3074874417550856,0.7558752228835186,5958.196469501389,14646.624456147145,19377.040036149203,5.573067672351617,0.120798969580003
Suprofen,CC(C(=O)[O-])c1ccc(C(=O)c2cccs2)cc1,0.04,train,0.6365347082651333,0.9899455884267334,0.002024518739432,0.1414486901828667,0.9430268408701196,465.8029696157192,3105.470275735638,3293.0878964911094,3.638134756632952,0.1844783448418156
Tiaprofenic acid,CC(C(=O)[O-])c1ccc(C(=O)c2ccccc2)s1,0.08,train,0.4096983923982694,0.9649393236341562,0.0012494633431152,0.2624730494821458,0.8848521352241416,708.185750386206,2387.4438712884744,2698.12749074026,3.342403377858774,0.2431205170166718
Methylergometrine,CC[C@H](CO)NC(=O)[C@H]1C=C2c3cccc4[nH]cc(c34)C[C@@H]2N(C)C1,0.96,train,0.3931135720336246,0.962137500798338,0.0005932486399692,0.2725645420034096,0.827553617679285,1394.952405996465,4235.319464475157,5117.879221351597,3.978973199525357,0.1813103407897052
Lisuride,CCN(CC)C(=O)N[C@H]1C=C2c3cccc4[nH]cc(c34)C[C@H]2N(C)C1,1.73,train,0.5232191501449482,0.9799640724412974,0.0009387016976394,0.1991743375143184,0.9528384499418175,1015.0598985150604,4855.987535189662,5096.338771264089,4.025187390150784,0.280135139133824
Mirabegron,Nc1nc(CC(=O)Nc2ccc(CC[NH2+]CC(O)c3ccccc3)cc2)cs1,23.8,train,0.7808405437287842,0.9967960200898917,0.0008220356498618,0.0799855882828434,0.979414376203554,1191.4500014301725,14589.168936308952,14895.80844510378,6.2116319504671855,0.1301695795268165
Ascorbic acid,O=C1OC(C(O)CO)C([O-])=C1O,0.35,train,0.3730086160306802,0.9582768624477872,0.0030224849967698,0.2858416605346818,0.8500705903611891,281.2489032268731,836.4120917758826,983.9325124993404,2.449607183681199,0.3322311438149576
F992,CCC1(C)NC(=O)C(Cc2cccs2)NC(=O)C(Cc2ccccc2)NC(=O)CCCSCC(C(=O)N2CC(O)CC2C(=O)NC(CCCNC(N)=[NH2+])C(=O)NCC(N)=O)NC(=O)C(CC(N)=O)NC1=O,0.31,train,0.4787881014747052,0.9749068875513314,8.322848833212219e-05,0.2226130288302455,0.9286082373706463,11157.336339752412,46541.72528288816,50119.871232965816,7.237270774353221,0.2487425111960597
Almitrine,C=CCNc1nc(NCC=C)nc(N2CCN(C(c3ccc(F)cc3)c3ccc(F)cc3)CC2)n1,35.37,train,0.3133095423062907,0.9429405739161408,0.0002466659015088,0.3329610698906092,0.9173557073499166,3719.0211607629935,10246.43898670169,11169.537513754503,5.129902263560536,0.363123017981485
Carebastine,CC(C)(C(=O)[O-])c1ccc(C(=O)CCC[NH+]2CCC(OC(c3ccccc3)c3ccccc3)CC2)cc1,0.41,train,0.4564344200243302,0.9711119465574722,0.0003535907651513,0.2386243643330605,0.9641323957287988,2726.689978218468,11016.855501981336,11426.70399914689,5.018747910096212,0.3455557447386346
Fusidate sodium,CC(=O)OC1CC2(C)C(CC(O)C3C4(C)CCC(O)C(C)C4CCC32C)/C1=C(\CCC=C(C)C)C(=O)[O-],0.23,train,0.3666315718660511,0.9567142699299204,0.0002422779348439,0.2910288743620802,0.8011002323464305,3306.5340137660487,9101.726323532426,11361.532497467117,4.800588750010436,0.1958005883849517
Hydroxychloroquine,CC[NH+](CCO)CCCC(C)Nc1cc[nH+]c2cc(Cl)ccc12,700.0,train,0.6018625375662137,0.9875939571536934,0.0007554452460142,0.157029219553269,0.9111587571067707,1206.121505051539,6998.494767973453,7680.873078799111,4.848355074967041,0.1962607690453083
Chloroquine,CC[NH+](CC)CCCC(C)Nc1cc[nH+]c2cc(Cl)ccc12,140.0,train,0.5192385480148104,0.9801295925412444,0.0006493917537577,0.1983582159249625,0.861506221282521,1326.6356036974555,5761.822471687299,6688.079934129432,4.625910857457551,0.183611493713454
Cefodizime,CO/N=C(\C(=O)NC1C(=O)N2C(C(=O)[O-])=C(CSc3nc(C)c(CC(=O)[O-])s3)CSC12)c1csc(N)n1,0.05,train,0.4723189136528432,0.9734922864462078,0.0003066651559753,0.2287198466022017,0.960220110615059,3131.167959271801,13145.385015212554,13689.97052852019,5.070992546990867,0.2194297895661395
Sardomozide,NC(=[NH2+])N/N=C1\CCc2c(C(N)=[NH2+])cccc21,20.0,train,0.6216475055600915,0.9890658312047342,0.0021642667820157,0.1474746810245343,0.8835447511603491,408.2420700175604,2445.8445047041278,2768.218023469697,3.478772238654033,0.0870604243578667
Atovaquone,O=C1C([O-])=C(C2CCC(c3ccc(Cl)cc3)CC2)C(=O)c2ccccc21,0.6,train,0.744633364260846,0.9955710752202273,0.0011913869624976,0.0940118832107981,0.9437752188892812,792.1651391171204,7952.460923374483,8426.22349496912,4.844374102890279,0.1282106339361389
Mibefradil,COCC(=O)OC1(CC[NH+](C)CCCc2nc3ccccc3[nH]2)CCc2cc(F)ccc2C1C(C)C,3.1,train,0.684700429713885,0.992815055903256,0.0004871729965519,0.1196589519083906,0.9462623230785476,1942.3538040405613,15360.123029148765,16232.415319228285,5.810447091176874,0.1758940192217057
Distigmine,CN(CCCCCCN(C)C(=O)Oc1ccc[n+](C)c1)C(=O)Oc1ccc[n+](C)c1,1.0,train,0.7917604100005875,0.9971132823965932,0.0008220779011478,0.0759282692301862,0.9906033882563964,1204.999412918467,15721.10774269355,15870.234171483047,6.2744942908609085,0.1483483928172853
BI2536,CCC1C(=O)N(C)c2cnc(Nc3ccc(C(=O)NC4CC[NH+](C)CC4)cc3OC)nc2N1C1CCCC1,31.2,train,0.7250487133523407,0.9947743189081056,0.0004586528777239,0.1020982587555469,0.9383388285231888,2045.8583693611772,18802.55715454532,20038.131837875517,6.254027302456999,0.0897704058061544
Digoxin,CC1OC(OC2C(O)CC(OC3C(O)CC(OC4CCC5(C)C(CCC6C5CC(O)C5(C)C(C7=CC(=O)OC7)CCC65O)C4)OC3C)OC2C)CC(O)C1O,4.1,train,0.7820030380343357,0.9968624601386492,0.0002660414350712,0.0791532410348433,0.96417551500744,3624.155443114069,44146.29009686816,45786.570401061785,7.739481139452803,0.0948180986485469
16-acetyl gitoxin,CC(=O)O[C@H]1C[C@]2(O)[C@H]3CC[C@H]4C[C@H](O[C@H]5C[C@@H](O)[C@@H](O[C@H]6C[C@@H](O)[C@@H](O[C@H]7C[C@@H](O)[C@@H](O)[C@H](C)O7)[C@H](C)O6)[C@H](C)O5)CC[C@@]4(C)[C@H]3CC[C@]2(C)[C@H]1C1=CC(=O)OC1,0.78,train,0.8612496158159548,0.99880075016994,0.0003322958743494,0.048959794321105,0.9911767129001806,2982.813779558825,60386.192348484365,60923.73999767863,8.68983779956446,0.0883339174201706
Digitoxin,CC1OC(OC2C(O)CC(OC3C(O)CC(OC4CCC5(C)C(CCC6C5CCC5(C)C(C7=CC(=O)OC7)CCC65O)C4)OC3C)OC2C)CC(O)C1O,0.44,train,0.8435792528642604,0.998445170836158,0.0003550167122938,0.0557426303106985,0.9950289285250412,2802.76644470019,50030.5363566727,50280.48423761343,8.209691663969851,0.105986533842081
Diclofenac,O=C([O-])Cc1ccccc1Nc1c(Cl)cccc1Cl,0.22,train,0.1591995548515818,0.8778317002445104,0.0006729837091289,0.4789692120020156,0.8112635785783853,1205.472833255326,2041.7934599554703,2516.806515008845,3.1248704411896098,0.2803335142980369
Perphenazine,OCC[NH+]1CCN(CCCN2c3ccccc3Sc3ccc(Cl)cc32)CC1,18.0,train,0.4386900524214912,0.9690534482830618,0.0003523594219082,0.2468509962927168,0.7755123322906358,2200.91271602918,6914.434129129199,8915.95638293203,4.718218175556381,0.0847381726273351
Fluphenazine,OCC[NH+]1CCN(CCCN2c3ccccc3Sc3ccc(C(F)(F)F)cc32)CC1,2.9,train,0.2321451319366814,0.9132781721382685,0.0002101386074322,0.4073364460685829,0.7250480061211835,3450.332211585769,6141.499280535171,8470.472615172863,4.538031082742069,0.2525630774695246
Prochlorperazine,C[NH+]1CCN(CCCN2c3ccccc3Sc3ccc(Cl)cc32)CC1,22.0,train,0.3451347466111003,0.950342506974956,0.0003487597063099,0.3112059116349746,0.7395522701182057,2120.520968270875,5039.223347908074,6813.883955900284,4.316647106350643,0.1496198232927639
Risperidone,Cc1nc2n(c(=O)c1CC[NH+]1CCC(c3noc4cc(F)ccc34)CC1)CCCC2,1.1,train,0.6427055588083228,0.9904630612701032,0.0006407539540469,0.1377785333767761,0.901366023859237,1406.7272127877984,9203.001972576183,10210.060873132468,5.029649570702382,0.1153256676619182
Zoniporide,N=C(N)NC(=O)c1cnn(-c2cccc3ncccc23)c1C1CC1,1.7,train,0.5210490898910785,0.9803056778726214,0.000941589814588,0.1974861461741054,0.8832545143687975,938.0459523718016,4195.399718759663,4749.932947422106,3.927546064830216,0.1806997464854879
XR5000,C[NH+](C)CCNC(=O)c1cccc2cc3ccccc3nc12,3.41,train,0.4517225735563611,0.9710465296114688,0.0007589134178033,0.2388904295477808,0.7796122467499302,1027.2742956718846,3352.480981315436,4300.190248795288,3.839642824117783,0.0607280167392438
MDAM,C=C(CC(NC(=O)c1ccc(CCc2cnc3nc(N)nc(N)c3n2)cc1)C(=O)[O-])C(=O)[O-],0.7,train,0.7487547470460738,0.99557747780521,0.0006292485082619,0.0939440561558657,0.9984317093173324,1586.7049285109576,16863.403378357478,16889.891638044686,6.270305407889544,0.1144176843709779
Pralatrexate (R),C#CCC(Cc1cnc2nc(N)nc(N)c2n1)c1ccc(C(=O)NC(CCC(=O)[O-])C(=O)[O-])cc1,0.53,train,0.4680176367530066,0.9739786072630696,0.0002810725582607,0.2266399624821077,0.8506668398681985,3026.5026409264487,11359.627001407169,13353.790778029172,5.401051657485591,0.1349509155385766
Pralatrexate (S),C#CCC(Cc1cnc2nc(N)nc(N)c2n1)c1ccc(C(=O)NC(CCC(=O)[O-])C(=O)[O-])cc1,1.5,train,0.4680176367530066,0.9739786072630696,0.0002810725582607,0.2266399624821077,0.8506668398681985,3026.5026409264487,11359.627001407169,13353.790778029172,5.401051657485591,0.1349509155385766
Itraconazole,CCC(C)n1ncn(-c2ccc(N3CCN(c4ccc(OCC5COC(Cn6cncn6)(c6ccc(Cl)cc6Cl)O5)cc4)CC3)cc2)c1=O,7.4,train,0.8596691703828131,0.9987759307691426,0.0004153802565677,0.0494635230875518,0.9863813968044324,2374.6467994287805,47354.23764279351,48008.040090989605,8.321863480379337,0.0726068924872999
Mitonafide,CN(C)CCN1C(=O)c2cccc3cc([N+](=O)[O-])cc(c23)C1=O,11.3,train,0.3926506397627051,0.9610411051700746,0.0006323392372889,0.2764054886819033,0.7629367666078238,1206.5308012180992,3330.2765176035755,4365.075407770267,3.76909191884992,0.1109934283142798
Amonafide,CN(C)CCN1C(=O)c2cccc3cc(N)cc(c23)C1=O,7.33,train,0.2483029645738093,0.9225317225974288,0.0007193095931606,0.3859212624375868,0.7720304811023607,1073.2937367206414,2147.110202456376,2781.121024380511,3.2543837552431065,0.2467984965140319
Raloxifene,O=C(c1ccc(OCC[NH+]2CCCCC2)cc1)c1c(-c2ccc(O)cc2)sc2cc(O)ccc12,7.5,train,0.4373866465657617,0.9695768939113096,0.0002578490371081,0.244786941631487,0.8343745249830143,3235.903202667474,11029.817112063596,13219.263989739062,5.381061638616402,0.1408048623798445
Homoharringtonine,COC(=O)CC(O)(CCCC(C)(C)O)C(=O)OC1C(OC)=CC23CCC[NH+]2CCc2cc4c(cc2C13)OCO4,1.8,train,0.1723778292451687,0.8855040451038463,0.0001804172975706,0.4646316671350817,0.7811583240871363,4329.730766426605,7279.325686311897,9318.63037473042,4.375181800989834,0.3536980496747642
Kanamycin,NC1CC([NH3+])C(OC2OC(C[NH3+])C(O)C(O)C2O)C(O)C1OC1OC(CO)C(O)C(N)C1O,0.26,train,0.4272679174266903,0.9677198830335962,0.0004091717462052,0.2520282285408577,0.9003267664887578,2200.363966570741,7860.415424853307,8730.62505462172,4.3945531298472345,0.264621011155673
Gentamicin,C[NH2+]C(C)C1CCC(N)C(OC2C(N)CC(N)C(OC3OCC(C)(O)C([NH2+]C)C3O)C2O)O1,0.33,train,0.3588850564239429,0.954625905327924,0.0003464991901819,0.2978076239400897,0.9047355368643728,2611.075472901437,7932.411999781817,8767.658256548564,4.486842585038183,0.3252892325215312
Tobramycin,NCC1OC(OC2C(N)CC(N)C(OC3OC(CO)C(O)C([NH3+])C3O)C2O)C([NH3+])CC1O,0.23,train,0.5326300551725447,0.9815213520788052,0.0004344609458179,0.1913526467373632,0.8582646384012228,1975.470169788168,8860.479433413488,10323.714897445629,4.746843820967423,0.1166771978036575
Arbekacin,N[C@H]1[C@H](O)[C@@H](CO)O[C@H](O[C@@H]2[C@@H](O)[C@H](O[C@H]3O[C@H](C[NH3+])CC[C@H]3[NH3+])[C@@H](N)C[C@H]2NC(=O)[C@@H](O)CC[NH3+])[C@@H]1O,0.21,train,0.327840989902262,0.9471318237958184,0.0001833798295073,0.3208446794840254,0.7671956586073012,4183.642555826687,10003.819951624891,13039.46371357854,4.949754396661233,0.1568861871171747
Amikacin,NC1CC(NC(=O)C(O)CC[NH3+])C(OC2OC(CO)C(O)C([NH3+])C2O)C(O)C1OC1OC(C[NH3+])C(O)C(O)C1O,0.16,train,0.2531748691401229,0.9252226264925122,0.0001598121926703,0.3794246847877681,0.8074560906897278,5052.531206771776,10752.323873154895,13316.2954582091,4.973559670852268,0.2995404008206946
Dibekacin,NC1CC(N)C(OC2OC(CO)C(O)C(N)C2O)C(O)C1OC1OC(C[NH3+])CCC1[NH3+],0.13,train,0.3309440521344048,0.9487642616891244,0.0003771497759851,0.3159847713759173,0.8113489322139975,2151.264521090068,5523.766745137863,6808.127213607943,3.9958601688255735,0.2205753327066967
Isepamicin,C[NH2+]C1C(O)C(OC2C(NC(=O)C(O)C[NH3+])CC(N)C(OC3OC(C[NH3+])C(O)C(O)C3O)C2O)OCC1(C)O,0.32,train,0.2194491617383221,0.9075855147704168,0.0001435996661069,0.419867280672021,0.7262297995559743,5057.322340950876,8747.474163931562,12045.049885421768,4.750899017958503,0.2283479772259362
Micronomicin,CNC[C@@H]1CC[C@@H](N)[C@@H](O[C@H]2[C@@H](N)C[C@@H](N)[C@H](O[C@H]3OC[C@](C)(O)[C@H](NC)[C@H]3O)[C@H]2O)O1,0.15,train,0.3159215108113663,0.9444352400909938,0.0003233858082842,0.3286975468029337,0.7816543549055626,2417.095416316494,5747.938117465738,7353.5547795421535,4.0911992991330495,0.222482495007226
Perindoprilat,CCCC([NH2+]C(C)C(=O)N1C(C(=O)[O-])CC2CCCCC21)C(=O)[O-],0.76,train,0.272110303942142,0.932004075992122,0.0005727313092274,0.3624477925633854,0.8333307395518087,1455.0116714866715,3345.3258017689727,4014.403457105391,3.603513737925093,0.3753490731888799
Tinidazole,CCS(=O)(=O)CCn1c([N+](=O)[O-])cnc1C,0.59,train,0.1077797833017624,0.8334392433523385,0.0010531609517684,0.5526110998163912,0.8495588450125408,806.6752224206386,1240.1453218866102,1459.7521162507628,2.6627809419980237,0.6709668660252766
Ethimizol,CCn1cnc(C(=O)NC)c1C(=O)NC,0.73,train,0.2754703491256369,0.9228176383428351,0.0010355651364267,0.3852370781263821,0.6500103913244117,627.6866306713163,1059.0954391412788,1629.3515508011287,2.808318996374132,0.1060544820347122
Cimetidine,CN/C(=N\CCSCc1nc[nH]c1C)NC#N,1.2,train,0.3391573558892402,0.9508696372275064,0.0010108117264136,0.3095915583455567,0.8377254320005634,828.7650510079059,2242.5597264110006,2676.962690574604,3.3748553912725128,0.2834218572164064
Zoledronic Acid,O=P([O-])([O-])C(O)(Cn1ccnc1)P(=O)([O-])O,0.6,train,0.1317782535869442,0.8490759246894042,0.0008693576218968,0.5282708340546858,0.7302364432194253,839.9724403705277,1161.1060988368306,1590.041293636088,2.583274397030791,0.4571298289723511
Metronidazole,Cc1ncc([N+](=O)[O-])n1CCO,0.4,train,0.1611486009058176,0.8638261696495986,0.001622917423901,0.5037899846448943,0.6729864404011779,414.676945659697,553.9450367848444,823.1147071174703,2.287842015835311,0.3096878226911649
Dacarbazine,CN(C)N=Nc1nc[nH]c1C(N)=O,1.2,train,0.316663839636013,0.944417241062264,0.0019876696050632,0.3287492582262983,0.7732505916897692,389.0237037986745,915.022016373958,1183.3447348218365,2.6127526182502385,0.2627962682568704
TH-302,Cn1c(COP(=O)(NCCBr)NCCBr)cnc1[N+](=O)[O-],0.64,train,0.3032942102775123,0.9385047181784648,0.0002364867174557,0.3452664101194325,0.7215600116612354,3051.1650693293504,6376.521545330971,8837.132660179454,4.509726220510135,0.2213196651920551
SR 4554,O=C(Cn1ccnc1[N+](=O)[O-])NCC(O)C(F)(F)F,0.69,train,0.4770539311257786,0.9741792246116908,0.001473787532252,0.2257760800770649,0.9584931523432708,650.3604701273678,2760.992470765976,2880.5552382049414,3.338986127862649,0.3696179956734103
Ornidazole,Cc1ncc([N+](=O)[O-])n1CC(O)CCl,1.16,train,0.1653962618306839,0.8644777851441262,0.0009663350446962,0.5026710246197865,0.6612451039316961,684.2814069105126,900.1468313661347,1361.290731702894,2.589624555778668,0.3719273396021694
DP-b99,CCCCCCCCOCCOC(=O)CN(CC(=O)[O-])c1ccccc1OCCOc1ccccc1[NH+](CC(=O)[O-])CC(=O)OCCOCCCCCCCC,1.1,train,0.7035849894443048,0.9937263792007396,0.000189694552977,0.1118386484207833,0.9616514662855834,5069.473272655531,43590.17633692021,45328.45616644144,7.722664363079418,0.0989666860626027
Sisomicin,C[NH2+]C1C(O)C(OC2C(N)CC([NH3+])C(OC3OC(C[NH3+])=CCC3[NH3+])C2O)OCC1(C)O,0.19,train,0.5353163193186892,0.9816864652105294,0.0005366704671125,0.1905037638012857,0.909096762230592,1693.9571262822467,8083.677236251196,8891.987709225583,4.546661571397043,0.1832776646840768
Netilmicin,CCNC1CC(N)C(OC2OC(C[NH3+])=CCC2[NH3+])C(O)C1OC1OCC(C)(O)C([NH2+]C)C1O,0.07,train,0.3688438581562941,0.9570228859871476,0.0003145190674642,0.290012406108482,0.8916175064486768,2834.8599454940468,8715.526310233625,9774.960952648486,4.7199969681385605,0.3074870492092624
Plazomicin,C[NH2+]C1C(O)C(OC2C(NC(=O)C(O)CC[NH3+])CC([NH3+])C(OC3OC(CNCCO)=CCC3[NH3+])C2O)OCC1(C)O,0.22,train,0.2570488506449288,0.9183852753682092,0.000108862693481,0.3956873588919145,0.6714370125134738,6167.74205233376,10465.965627938902,15587.412419759748,5.195997461637383,0.137522333178514
Anhydrovinblastine,CCC1=CC2CN(CCc3c([nH]c4ccccc34)C(C(=O)OC)(c3cc4c(cc3OC)N(C)C3C(O)(C(=O)OC)C(OC(C)=O)C5(CC)C=CCN6CCC43C65)C2)C1,12.0,train,0.3017836493812367,0.9392539265837172,0.0001423837786752,0.3432230490469268,0.9276007984058124,6514.792675377427,17606.996103289668,18981.221376209785,5.213259323197772,0.4065740093964716
Hydroflumethiazide,NS(=O)(=O)c1cc2c(cc1C(F)(F)F)NCNS2(=O)=O,2.2,train,0.343402858072055,0.9513860943011584,0.0007962723481987,0.3080008109898207,0.7873729746687103,988.8237064238944,2527.82796463368,3210.4581258929693,3.186328210203419,0.1541989834237732
Ibrutinib,C=CC(=O)N1CCCC(n2nc(-c3ccc(Oc4ccccc4)cc3)c3c(N)ncnc32)C1,9.75,train,0.6715397755476645,0.9920917361701932,0.0006351621275071,0.1255148876540617,0.9460771689014016,1489.505006563416,11227.247269327245,11867.158027251082,5.282433962184244,0.1398055254323513
Nadolol,CC(C)(C)[NH2+]CC(O)COc1cccc2c1CC(O)C(O)C2,1.9,train,0.4753263883488393,0.974875070377094,0.000744115349658,0.2227523224508695,0.8331390260884296,1119.6369305798253,4187.670016871122,5026.376013775451,4.079828605671118,0.1359481916729487
Diflomotecan,CCC1(O)CC(=O)OCc2c1cc1n(c2=O)Cc2cc3cc(F)c(F)cc3nc2-1,1.42,train,0.6070161428603513,0.988019000833756,0.0007258171651609,0.1543322843460385,0.8885932140383462,1224.2659125336982,7048.909997448838,7932.662422002978,4.510037634131213,0.1275290422544415
Pimobendan,COc1ccc(-c2nc3ccc(C4=NNC(=O)CC4C)cc3[nH]2)cc1,2.0,train,0.829077766222886,0.9981594892873064,0.001887214725522,0.0606434987917373,0.9504382746307364,503.61957321407976,7893.003005642465,8304.592961293618,4.997347446272236,0.041656320410328
BB 83698,CC(C)(C)C(NC(=O)C(CC1CCCC1)CN(O)C=O)C(=O)N1CCN(Cc2ccc3c(c2)OCO3)CC1,1.1,train,0.5451369993579003,0.982545152445283,0.0003226423444058,0.1860242548870323,0.9272858620408556,2874.036462103497,14326.375772433052,15449.794242416525,5.546478535716105,0.2293784679602003
Valdecoxib,Cc1onc(-c2ccccc2)c1-c1ccc(S(N)(=O)=O)cc1,0.75,train,0.3557835585551372,0.9539243757699531,0.0006098992511343,0.3000471384831142,0.7757134694568233,1271.8714902733502,3288.176155956522,4238.905582313785,3.7409570509172014,0.1921346736553098
Olcegepant,[NH3+]CCCCC(NC(=O)C(Cc1cc(Br)c([O-])c(Br)c1)NC(=O)N1CCC(N2Cc3ccccc3NC2=O)CC1)C(=O)N1CCN(c2cc[nH+]cc2)CC1,0.31,train,0.2396934746945893,0.9191041926095412,5.450538559845868e-05,0.3940145722274278,0.7710950035534493,14147.13417925539,27686.24626890052,35905.10396425026,6.681542656376143,0.1678767801916228
Ridogrel,O=C([O-])CCCCO/N=C(\c1cccnc1)c1cccc(C(F)(F)F)c1,0.43,train,0.5418290289307055,0.9824448606874966,0.0006627548823309,0.1865531980661958,0.8805259079322869,1328.5845663414575,6270.882213059296,7121.746397882856,4.488627234786934,0.1678921523239363
Teniposide,COc1cc(C2c3cc4c(cc3C(OC3OC5COC(c6cccs6)OC5C(O)C3O)C3COC(=O)C23)OCO4)cc(OC)c1O,0.41,train,0.5352342435060438,0.9812593990474018,0.0002426540637307,0.1926914418990418,0.9532935748793514,3928.611621923042,19435.84095103606,20388.09603169292,5.771859323894842,0.2464152492344293
Irbesartan,CCCCC1=NC2(CCCC2)C(=O)N1Cc1ccc(-c2ccccc2-c2nnn[n-]2)cc1,0.94,train,0.3978473326397618,0.9627925329737452,0.000370132136094,0.2702416297501182,0.8871484556071298,2396.8425572800475,7868.347948428947,8869.257336467048,4.730517529545806,0.2250680752077238
Nintedanib,COC(=O)c1ccc2c(c1)NC(=O)/C2=C(\Nc1ccc(N(C)C(=O)CN2CC[NH+](C)CC2)cc1)c1ccccc1,15.0,train,0.4295677867467536,0.9683505363741232,0.0002216656374577,0.2495941479761657,0.8300200517506284,3744.468747028339,12452.151496291735,15002.229729304016,5.371537366648267,0.1475770293501674
Pravastatin,CCC(C)C(=O)OC1CC(O)C=C2C=CC(C)C(CCC(O)CC(O)CC(=O)[O-])C21,0.46,train,0.3116687207359825,0.943788424231948,0.0003283850818122,0.3305501630400095,0.85657843342916,2608.457207318943,6759.482941298134,7891.259781357958,4.513934924057096,0.3936551448218626
Lovastatin (acid),CCC(C)C(=O)OC1CC(C)C=C2C=CC(C)C(CCC(O)CC(O)CC(=O)[O-])C21,0.87,train,0.3812279690421732,0.9595998379761612,0.0003374639431784,0.2813683545747912,0.7978299077307921,2364.193045978045,6703.752888561113,8402.483817168619,4.55208317698275,0.1780245878803504
Oseltamivir acid,CCC(CC)OC1C=C(C(=O)[O-])CC([NH3+])C1NC(C)=O,0.37,train,0.2059277825467465,0.8813147026598839,0.000425826987453,0.4725297819984687,0.6128818913491557,1439.27442225985,1866.7717119424624,3045.8914487309794,3.342003611570408,0.1888560890077398
Cephalexin,CC1=C(C(=O)[O-])N2C(=O)C(NC(=O)C([NH3+])c3ccccc3)C2SC1,0.21,train,0.2939582771327454,0.9386705299048976,0.0006827798278869,0.3448153655045821,0.8620233280999773,1262.520204745622,3156.2452766445053,3661.4383552720337,3.410230652902738,0.3173687783721747
Cefprozil,C/C=C/C1=C(C(=O)[O-])N2C(=O)C(NC(=O)C([NH3+])c3ccc(O)cc3)C2SC1,0.21,train,0.1098309780702071,0.8346874657480478,0.0003706739935972,0.5507239186045051,0.8034659192616616,2167.58103654484,3162.34220317628,3935.875968556686,3.4491340176925465,0.3625959831389329
Cefadroxil,CC1=C(C(=O)[O-])N2C(=O)C(NC(=O)C([NH3+])c3ccc(O)cc3)C2SC1,0.23,train,0.284638706338319,0.9358009633700828,0.0005952425564457,0.352528803015619,0.8631322151772257,1450.0512536118354,3550.3083434434843,4113.284478339746,3.5411274690956644,0.3076572213982825
Tacrine,Nc1c2c([nH+]c3ccccc13)CCCC2,11.0,train,0.4388841803658011,0.9689033328636696,0.0020292212170764,0.24743955133663,0.76729179713219,378.12131603751845,1172.5263101601277,1528.1361204987877,2.779367702443281,0.0726452238171049
Diazoxide,CC1=NS(=O)(=O)c2cc(Cl)ccc2N1,0.21,train,0.4024762750091786,0.9634602204739608,0.001719143351842,0.2678514580215438,0.7929546011352159,461.2498430020721,1365.496338840056,1722.0359613087226,2.773469956500176,0.0772945642120289
Rosuvastatin,CC(C)c1nc(N(C)S(C)(=O)=O)nc(-c2ccc(F)cc2)c1/C=C/C(O)CC(O)CC(=O)[O-],1.7,train,0.3217888252013656,0.946306981357896,0.0003157415448793,0.3232693877144979,0.8714778281426198,2760.0987018532114,7440.744201472763,8538.076312659861,4.415637402723138,0.3107467310364552
Quinacrine,CC[NH+](CC)CCCC(C)Nc1c2ccc(Cl)cc2[nH+]c2ccc(OC)cc12,45.0,train,0.3257733414276902,0.9447612668871967,0.0002466471911473,0.3277592845209713,0.7225684448297927,2929.562836164643,6458.4277624733495,8938.153622242235,4.774382931559996,0.146894146225035
Meperidine,CCOC(=O)C1(c2ccccc2)CC[NH+](C)CC1,2.3,train,0.14233728296352,0.8510604412942293,0.0006409073760053,0.5250677339773143,0.6894601263594443,1075.7562670860034,1412.5626159102835,2048.7952267363694,3.022360526289256,0.370499243093972
Ketobemidone,CCC(=O)C1(c2cccc(O)c2)CC[NH+](C)CC1,0.48,train,0.2517456453896871,0.9245429954794911,0.001048708975565,0.3810777473296091,0.8613435524093126,821.3370653619439,1856.4542027493203,2155.30051575417,3.1193847084057853,0.401625473748579
Octreotide,CC(O)C(CO)NC(=O)C1CSSCC(NC(=O)C(N)Cc2ccccc2)C(=O)NC(Cc2ccccc2)C(=O)NC(Cc2c[nH]c3ccccc23)C(=O)NC(CCCC[NH3+])C(=O)NC(C(C)O)C(=O)N1,0.19,train,0.1665344295514308,0.8764272744941889,3.800436511180323e-05,0.4815342485459241,0.7211104893134799,18974.412207441943,28414.69264680808,39404.07616849365,6.521844796584618,0.2959777530911899
Mitoxantrone,O=C1c2c(O)ccc(O)c2C(=O)c2c(NCC[NH2+]CCO)ccc(NCC[NH2+]CCO)c21,12.0,train,0.3191746775876413,0.9444550650254104,0.0002276657525542,0.3286405789732108,0.7539258439657301,3311.547017973817,7596.9342804791695,10076.500681444328,4.847598311645293,0.1301427411971987
Indisulam,NS(=O)(=O)c1ccc(S(=O)(=O)Nc2cccc3c(Cl)c[nH]c23)cc1,0.68,train,0.155328162299513,0.8527761713827394,0.0002778608868676,0.5222765565500682,0.6507082064720983,2341.848879155514,2917.7267577352823,4483.924943184794,3.5532928864445505,0.4642472360977447
Encainide,COc1ccc(C(=O)Nc2ccccc2CCC2CCCC[NH+]2C)cc1,2.2,train,0.4152329722945259,0.9660273733144302,0.0005179431589376,0.2584397686255398,0.8664095964466906,1672.7889566566123,5607.962012136355,6472.645311335039,4.410662949374809,0.2429401385129808
Ondansetron,Cc1[nH+]ccn1CC1CCc2c(c3ccccc3n2C)C1=O,1.8,train,0.4950692449810168,0.977327893381863,0.0010079326068377,0.2117314072540249,0.8361236549859182,829.5432148078908,3275.851767715283,3917.903468202265,3.691550387581174,0.1222806402103161
Kahalalide F,C/C=C1/NC(=O)[C@H](Cc2ccccc2)NC(=O)[C@@H](C(C)C)NC(=O)[C@@H]([C@@H](C)CC)NC(=O)[C@H](NC(=O)[C@H](NC(=O)[C@H](CCC[NH3+])NC(=O)[C@H]2CCCN2C(=O)[C@H](NC(=O)[C@@H](NC(=O)[C@@H](NC(=O)[C@H](NC(=O)CCCC(C)C)C(C)C)[C@@H](C)O)C(C)C)C(C)C)[C@@H](C)CC)[C@@H](C)OC(=O)[C@H](C(C)C)NC1=O,0.11,train,0.0,0.0,0.0,0.0,0.0,0.0,0.0,0.0,0.0,0.0
Sulfadiazine,Nc1ccc(S(=O)(=O)[N-]c2ncccn2)cc1,0.29,train,0.2348272505298126,0.9177287314065768,0.0009997282496672,0.3972077234280263,0.7903520859129106,790.5669227372356,1573.0464932722864,1990.3110541617796,2.955194604128904,0.3453156814013607
Ribavirin,NC(=O)c1ncn(C2OC(CO)C(O)C2O)n1,14.0,train,0.5220763669261382,0.9803981739320732,0.0016678281549318,0.1970264463229643,0.8471660120556601,507.9456235047778,2184.0431893102323,2578.058088060711,3.284832190661114,0.1251555567782475
Dezocine,CC12CCCCCC(Cc3ccc(O)cc31)C2[NH3+],5.6,train,0.3355281245049798,0.9498912650193112,0.0014132009523525,0.3125805250491662,0.8605815769017104,608.959097762484,1676.556722587408,1948.167108832836,2.931208623455106,0.3916967602718059
Mianserin,C[NH+]1CCN2c3ccccc3Cc3ccccc3C2C1,13.75,train,0.1604971486563401,0.8486233067866881,0.000511352117452,0.5289976211462831,0.6242872690279982,1220.8559380544225,1440.7717331376234,2307.8665938212607,3.0598983833309163,0.3157144517461898
Sulfisoxazole,Cc1noc([N-]S(=O)(=O)c2ccc(N)cc2)c1C,0.17,train,0.258473542003746,0.9264325820557652,0.0009133184810668,0.3764607162845658,0.7752435867314332,848.8206499728798,1747.9719309657498,2254.738976088167,3.018124969918751,0.18753018260637
Methimazole,Cn1cc[nH]c1=S,0.86,train,0.2859948095882412,0.922932600417968,0.0042945377050432,0.3849615761160159,0.6236003371630953,145.20779184934793,235.2225093983727,377.2007412126415,1.821512585085639,0.080156587481393
PF-4776548,COc1cc(F)ccc1Cn1ccc2c3c(ncc21)C(=O)N([O-])CC3,5.7,train,0.5894136526599338,0.9865619454395514,0.0009674607686981,0.1633876611330473,0.9230197365402236,954.0642539772176,5389.759117926312,5839.267465860342,4.230688736865245,0.1710854226458698
Amphotericin B,CC1/C=C\C=C/C=C\C=C/C=C\C=C/C=C\C(OC2OC(C)C(O)C([NH3+])C2O)CC2OC(O)(CC(O)CC(O)C(O)CCC(O)CC(O)CC(=O)OC(C)C(C)C1O)CC(O)C2C(=O)[O-],0.62,train,0.336810459468392,0.9485808392081632,4.817688583292533e-05,0.3165349767200087,0.7450629779991951,15465.15440169858,36402.02455079444,48857.64777703633,7.382371502623976,0.1196355257386236
Otamixaban,COC(=O)C(Cc1cccc(C(N)=[NH2+])c1)C(C)NC(=O)c1ccc(-c2cc[n+]([O-])cc2)cc1,0.89,train,0.5534909958013723,0.9835471559753908,0.0003672188761846,0.180651576170041,0.8893474534651435,2421.8456924256743,11922.74291156444,13406.16973165003,5.5682487918195545,0.1578576309478907
Flucytosine,Nc1[nH]c(=O)ncc1F,0.68,train,0.3546768770812402,0.9498049726485532,0.0042680225766193,0.3128426344539387,0.6885506940505669,161.32780033135637,355.07426627351805,515.6835500153334,1.999354645732489,0.010871272753882
Cidofovir,Nc1ccn(CC(CO)OCP(=O)([O-])[O-])c(=O)n1,0.49,train,0.1693126713286214,0.8729435051439854,0.0006763851219926,0.4878213164950183,0.6862575999055784,1014.595941856044,1427.3139618718956,2079.8515922712963,2.856033956504909,0.4086900505533667
Enoxacin,CCn1cc(C(=O)[O-])c(=O)c2cc(F)c(N3CC[NH2+]CC3)nc21,2.0,train,0.5137813649088121,0.9794619959413654,0.00093532424796,0.2016288632774497,0.8372181493928891,895.1100660748169,3716.741645222172,4439.394497022523,3.758758748553544,0.1069568176442453
NBI-1,CC(c1ccccn1)c1c(CC[NH+](C)[14CH3])sc2ccccc12,1.83,train,0.1459891243431089,0.8498997913336858,0.0003764899589184,0.5269443468630793,0.6712041211736709,1782.7942160841828,2270.863767993351,3383.26851155578,3.444184104176037,0.3399455616130313
Tirapazamine,Nc1n[n+]([O-])c2ccccc2[n+]1[O-],0.56,train,0.2937112468402084,0.9253949781104798,0.0016186514630708,0.3790041351857586,0.621481023129377,383.9498726614927,629.590913500473,1013.049296871946,2.3849200598096894,0.0024305817257986
Genaconazole,CC(C(O)(Cn1cncn1)c1ccc(F)cc1F)S(C)(=O)=O,0.62,train,0.3127621348999803,0.9438653161240976,0.0007986656634023,0.3303305390331889,0.8737067592039643,1093.9580843903068,2893.4611235614548,3311.707381316006,3.3187985726963807,0.4127642999373308
Eritoran,CCCCCC/C=C\CCCCCCCCCC(=O)N[C@H]1[C@H](OC[C@H]2O[C@H](OP(=O)([O-])[O-])[C@H](NC(=O)CC(=O)CCCCCCCCCCC)[C@@H](OCCCCCCCCCC)[C@@H]2O)O[C@H](COC)[C@@H](OP(=O)([O-])[O-])[C@@H]1OCC[C@@H](CCCCCCC)OC,0.05,train,0.0,0.0,0.0,0.0,0.0,0.0,0.0,0.0,0.0,0.0
Telmisartan,CCCc1nc2c(C)cc(-c3nc4ccccc4n3C)cc2n1Cc1ccc(-c2ccccc2C(=O)[O-])cc1,5.3,train,0.3235947589486811,0.9466315594955378,0.0001727594269852,0.3223176857807311,0.7909530363294816,4578.349500991343,11235.062793452074,14204.462562770876,5.405720506548261,0.2116865645452573
Micafungin,CCCCCOc1ccc(-c2cc(-c3ccc(C(=O)NC4CC(O)C(O)NC(=O)C5C(O)C(C)CN5C(=O)C(C(O)CC(N)=O)NC(=O)C(C(O)C(O)c5ccc(O)c(OS(=O)(=O)[O-])c5)NC(=O)C5CC(O)CN5C(=O)C(C(C)O)NC4=O)cc3)no2)cc1,0.21,train,0.521772873110093,0.980403412209345,4.2199696574503096e-05,0.1970003790054048,0.865982900713453,20521.069367988694,90207.41618240888,104167.66440548668,9.200683425256354,0.0915313565767375
Diflunisal,O=C([O-])c1cc(-c2ccc(F)cc2F)ccc1O,0.1,train,0.5514691119256842,0.9832467068988416,0.0018200325360593,0.1822797667668675,0.915507053372712,503.0168610913534,2526.421294380558,2759.586925161598,3.408165452822875,0.1803136829623684
Gestodene,C#CC1(O)C=CC2C3CCC4=CC(=O)CCC4C3CCC21CC,0.46,train,0.3651861787543073,0.9563378963586884,0.0008996432036276,0.2922632853921927,0.8857725788260047,984.5820823792084,2984.0074130577277,3368.818909491085,3.4377129461984426,0.3397634845351923
Piretanide,NS(=O)(=O)c1cc(C(=O)[O-])cc(N2CCCC2)c1Oc1ccccc1,0.17,train,0.1302132527688087,0.8246225961439411,0.000285339994673,0.5656832805809507,0.6483179622190197,2272.0893471730524,2603.994825560309,4016.5396877907374,3.507571158584408,0.3135789843050394
Sparfloxacin,CC1CN(c2c(F)c(N)c3c(=O)c(C(=O)[O-])cn(C4CC4)c3c2F)CC(C)[NH2+]1,3.9,train,0.4369636665127026,0.9694416961818116,0.0005447318236491,0.2453218247611328,0.8222743206638173,1509.5029975582463,5059.580626655498,6153.154123274734,4.026233297107126,0.1672784289930015
Gatifloxacin,COc1c(N2CC[NH2+]C(C)C2)c(F)cc2c(=O)c(C(=O)[O-])cn(C3CC3)c12,1.7,train,0.4041127682100526,0.964139365063248,0.0005768844684497,0.2653964670741443,0.832931027532597,1443.8437383673977,4531.417700669254,5440.32765124951,3.89930343121046,0.2474407089478255
Ciprofloxacin,O=C([O-])c1cn(C2CC2)c2cc(N3CC[NH2+]CC3)c(F)cc2c1=O,2.1,train,0.449013707118524,0.9712586303155312,0.0007314000230435,0.2380266225395772,0.8275262088415282,1131.4276493975751,3933.534926870538,4753.365977830695,3.8491271821742767,0.1734039023254791
Caderofloxacin,CC1CN(c2c(F)cc3c(=O)c(C(=O)[O-])cn(C4CC4)c3c2OC(F)F)CC[NH2+]1,1.1,train,0.2774899309404759,0.9337225372380492,0.0004410458794781,0.3579975187815409,0.8448702808889891,1915.606335305917,4520.810278493156,5350.892771060986,3.785042467874858,0.3385003606122126
LY2090314,O=C1NC(=O)C(c2cnc3ccccn23)=C1c1cn2c3c(cc(F)cc13)CN(C(=O)N1CCCCC1)CC2,1.2,train,0.4622609004661904,0.9731783460635924,0.0003193992588673,0.2300519653315984,0.871584317299204,2728.8238563547307,10338.534054436252,11861.771545491409,4.931426424947751,0.1701513243739905
Papaverine,COc1ccc(Cc2nccc3cc(OC)c(OC)cc23)cc1OC,1.0,train,0.2688337534844127,0.9308929590354252,0.0005057861477363,0.3652920733033641,0.837097076165563,1655.041522809666,3792.664886341549,4530.734838681275,3.8341243475375513,0.3457816185885241
Moxifloxacin,COc1c(N2CC3CCC[NH2+]C3C2)c(F)cc2c(=O)c(C(=O)[O-])cn(C3CC3)c12,1.4,train,0.4081107350837371,0.9648281418741568,0.0005323678759299,0.2628814497975495,0.8620709844062686,1619.3144315860889,5310.2415068684295,6159.865722108412,4.037718067133571,0.2823561435547199
Gliclazide,Cc1ccc(S(=O)(=O)[N-]C(=O)NN2CC3CCCC3C2)cc1,0.43,train,0.46308811757948,0.9733145313173076,0.0007537802748918,0.229475103500511,0.8506280627891462,1128.4827835421186,4183.107925052959,4917.6697878234345,3.98293179591607,0.1623150444378304
Satavaptan,CCOc1ccc2c(c1)C1(CCC(OCCN3CCOCC3)CC1)C(=O)N2S(=O)(=O)c1ccc(C(=O)NC(C)(C)C)cc1OC,7.0,train,0.3061608102917833,0.9417027496946871,0.0001366171827092,0.3364460301704648,0.8900154728878825,6514.667154144541,17233.53539040243,19363.18627639565,5.78634749045038,0.2724065559618935
1-Aminocyclopropanecarboxylic Acid,[NH3+]C1(C(=O)[O-])CC1,0.73,train,0.1796549941464175,0.8792790334121878,0.0052357304814076,0.4763070243044172,0.6807725459863968,130.02436783250243,185.84025725606656,272.98435924262435,1.7064778304689383,0.5105991393951435
Cilastatin,CC1(C)CC1C(=O)N/C(=C\CCCCSCC([NH3+])C(=O)[O-])C(=O)[O-],0.15,train,0.3842544160659019,0.9599510975104156,0.0006450112925303,0.2801676112411079,0.9040843512878756,1401.6566248650115,4523.063229207072,5002.921710528372,3.909663296260617,0.2932666677564776
Nicotine,C[NH+]1CCCC1c1cccnc1,2.6,train,0.4093219671643896,0.96450898461992,0.0035841793501873,0.2640500304628857,0.9115792609618436,254.33416464335315,878.0372016488878,963.2044510561108,2.5334834832521382,0.3472080126463263
Hydroxysafflor yellow A,O=C1C(C2OC(CO)C(O)C(O)C2O)=C([O-])/C(=C([O-])/C=C/c2ccc(O)cc2)C(=O)C1(O)C1OC(CO)C(O)C(O)C1O,0.2,train,0.2771064667100316,0.931788946095245,0.0001548068115539,0.3630004957775022,0.7481852102612431,4833.025128229245,9961.413176632304,13314.100626439924,4.797929194831436,0.1639880605789373
CG200745,CN(C)CCCNC(=O)/C(=C/CCCCC(=O)NO)COc1cccc2ccccc12,0.45,train,0.3524688080467123,0.952951425364952,0.0002859763042127,0.3031230457997322,0.7665227966752811,2680.3717139619625,6777.993461021285,8842.520392635652,4.626261087609038,0.1106467624946104
Propranolol,CC(C)[NH2+]CC(O)COc1cccc2ccccc12,3.1,train,0.7018894992960072,0.9937403755389724,0.0018472742850861,0.1117142158530502,0.9138094906555236,494.67991734259135,4046.4250664299607,4428.083870662415,4.150275791342529,0.0727813986606231
Fentanyl,CCC(=O)N(c1ccccc1)C1CC[NH+](CCc2ccccc2)CC1,0.89,train,0.5087113585930776,0.9786458130749124,0.0007721708833124,0.2055538191105768,0.9260340851989836,1199.2605590443225,5402.751257627627,5834.289843085742,4.292418934047716,0.2863184598580565
Moxonidine,COc1nc(C)nc(Cl)c1NC1=[NH+]CCN1,1.8,train,0.3490339209201381,0.9510899441461526,0.0011208324106926,0.308914095088049,0.7358069781474068,656.48260268696,1563.6854639208211,2125.1299734311065,2.9920499961472458,0.0906228381304227
Propylthiouracil,CCCc1cc(=O)[nH]c(=S)[nH]1,0.34,train,0.4150558915277603,0.9644177937796112,0.0021966685133463,0.2643829023240103,0.7430105444824187,338.2442730744792,950.5874218640984,1279.3727207818804,2.746457087372063,0.0800274310826353
Tolcapone,Cc1ccc(C(=O)c2cc(O)c([O-])c([N+](=O)[O-])c2)cc1,0.12,train,0.519044599115351,0.9800568392108612,0.0012948523657327,0.1987173669210018,0.8924528400482082,689.231346882668,3095.383571684596,3468.400158284431,3.6498205725116346,0.1565136524224884
Ketoprofen,CC(C(=O)[O-])c1cccc(C(=O)c2ccccc2)c1,0.13,train,0.338935647361147,0.949850547786066,0.0009128117178703,0.3127042322555138,0.7672751125187441,840.5622950468523,2062.4681823433025,2688.0425921450924,3.322268354807385,0.1779237446277395
Bromfenac,Nc1c(CC(=O)[O-])cccc1C(=O)c1ccc(Br)cc1,0.11,train,0.5255841865011106,0.9807348873934252,0.0009073112379018,0.1953434940032705,0.8977571422457192,989.4698806131544,4547.393077460804,5065.2819827037,3.9889150940477447,0.2857262100799216
Bosentan,COc1ccccc1Oc1c([N-]S(=O)(=O)c2ccc(C(C)(C)C)cc2)nc(-c2ncccn2)nc1OCCO,0.29,train,0.1173510708396626,0.8431446629902686,0.0001741301048278,0.5376867836120082,0.8159383331186479,4685.797059190428,7110.685176459512,8714.733562377596,4.315746193477033,0.44872551242981
Chlormethiazole,Cc1ncsc1CCCl,6.6,train,0.2883271674276506,0.9369560768673992,0.0029666055015284,0.3494471491102084,0.8014082117177345,270.14316912202383,619.5356139693805,773.0587295099846,2.267773061768962,0.2848970688508206
Nizatidine,CN/C(=C\[N+](=O)[O-])NCCSCc1csc(CN(C)C)n1,1.0,train,0.7452065999242661,0.995601056494096,0.0012264066463289,0.0936938434895265,0.9366929160481656,763.770254223572,7635.701130133469,8151.765641986381,4.996663264422402,0.0876067873668981
Famotidine,N=C(N)Nc1nc(CSCCC(=N)NS(N)(=O)=O)cs1,1.2,train,0.8490639856419289,0.9985802329648644,0.0022033292327037,0.0532683614525239,0.9743673490206334,442.2250358948695,8089.034919526736,8301.832904866193,4.99411322836654,0.0615815974635144
Binodenoson,Nc1nc(N[NH+]=CC2CCCCC2)nc2c1ncn2C1OC(CO)C(O)C1O,0.4,train,0.4972778290377553,0.9776566865196484,0.0004890220999465,0.210208000093769,0.8661931633506839,1771.2761109271162,7298.805264343192,8426.302091913676,4.721418668706956,0.1283255533971458
Terazosin,COc1cc2nc(N3CCN(C(=O)C4CCCO4)CC3)nc(N)c2cc1OC,0.98,train,0.7359646112981529,0.9952432173154246,0.0009545551147151,0.0974214472672338,0.9192944203530438,963.060598787266,9087.693313551954,9885.509051672409,5.072296718105596,0.0454939055463369
Nevirapine,Cc1ccnc2c1NC(=O)c1cccnc1N2C1CC1,1.3,train,0.1797892957771895,0.8813819658685952,0.0006595455827795,0.4724043080260916,0.692564519911409,1050.0631616584474,1539.436616209843,2222.806066367309,3.005887813882826,0.2313704541024026
Toborinone,COc1ccc(C[NH2+]CC(O)COc2ccc3[nH]c(=O)ccc3c2)cc1OC,1.6,train,0.6956376558933975,0.9933425454092047,0.0007385003679521,0.1151980359205903,0.9581494616474606,1297.425841918514,10791.224538052498,11262.569118911637,5.5037841593064485,0.1658869741432373
Doxepin,C[NH+](C)CC/C=C1\c2ccccc2COc2ccccc21,12.0,train,0.2851041235980464,0.935573188137973,0.0006806892494449,0.3531328498417402,0.7821226230479944,1149.0156832735793,2544.852908835763,3253.777392243518,3.5198309674568007,0.2669907718735436
Midazolam,Cc1ncc2n1-c1ccc(Cl)cc1C(c1ccccc1F)=NC2,1.1,train,0.1385931565985906,0.8482952891862304,0.0003944821907498,0.5295234672273267,0.6930397221531492,1756.8339925201865,2299.3423661102747,3317.76418091395,3.364159728243093,0.4013193212582311
Hydroxymidazolam,OCc1ncc2n1-c1ccc(Cl)cc1C(c1ccccc1F)=NC2,0.77,train,0.1368281745175944,0.8565581265754446,0.0003994603605323,0.5160505554667727,0.7503927551139901,1878.5161914788275,2731.5636530514294,3640.178605717596,3.4741607039136824,0.4242715610194996
Roflumilast,O=C(Nc1c(Cl)cncc1Cl)c1ccc(OC(F)F)c(OCC2CC2)c1,1.92,train,0.4814371892913525,0.9757248693251988,0.0005194287359964,0.2189999529231086,0.8606919927647767,1656.997260872849,6512.167036707805,7566.199164684865,4.417297680919072,0.1194740070240096
Glibornuride,Cc1ccc(S(=O)(=O)NC(=O)N[C@H]2[C@H]3CC[C@@](C)([C@H]2O)C3(C)C)cc1,0.27,train,0.5690603967999761,0.984768383724092,0.0008464559178423,0.1738713041805322,0.9316281847331044,1100.6222120909435,5897.296729669477,6330.096948879829,4.264232110469648,0.2088421112873848
Nortilidine,CCOC(=O)C1(c2ccccc2)CCC=CC1[NH2+]C,2.5,train,0.0664317018597622,0.7709543173921807,0.0006642000056109,0.6368904462263165,0.8053433540224463,1212.501275548181,1533.1990765323524,1903.7831117305277,2.9881522845040864,0.5893320445267652
Tilidine,CCOC(=O)C1(c2ccccc2)CCC=CC1[NH+](C)C,4.0,train,0.0962443519058084,0.8047960170537185,0.0005756135882961,0.593551489707903,0.7238577795374502,1257.541159999589,1533.6174999783373,2118.6724013083463,2.991154770543386,0.4621376368705147
Desvenlafaxine,C[NH+](C)CC(c1ccc(O)cc1)C1(O)CCCCC1,3.5,train,0.2591091353694494,0.9265968189299012,0.0008081364694165,0.3760562925267806,0.7732710954902635,956.8570714900808,1967.550950755725,2544.451696475572,3.215967882100202,0.3302343775103316
Oxybutynin,CC[NH+](CC)CC#CCOC(=O)C(O)(c1ccccc1)C1CCCCC1,0.85,train,0.3372483265785551,0.9504045040493024,0.0005477409532801,0.3110165247744878,0.8440449403026187,1540.9564233750536,4181.888641832136,4954.580546780824,3.858979646520923,0.2512229551009239
Venlafaxine,COc1ccc(C(C[NH+](C)C)C2(O)CCCCC2)cc1,4.4,train,0.2044653679275406,0.9000105453450746,0.0005650082386318,0.4358681202699519,0.7252583907824223,1283.6244521649026,2135.8740436660114,2944.98356835526,3.380799697099719,0.3268167004899618
Indocyanine Green,CC1(C)C(/C=C/C=C/C=C/C=C2\N(CCCCS(=O)(=O)[O-])c3ccc4ccccc4c3C2(C)C)=[N+](CCCCS(=O)(=O)[O-])c2ccc3ccccc3c21,0.04,train,0.5794895668261937,0.9858513478652776,0.0001284910914534,0.1676219553406284,0.8731229794006357,6795.202449636626,35395.40745960484,40538.8568330917,7.416667223520451,0.0774081959393098
Abanoquil,COc1cc2c(cc1OC)CN(c1cc(N)c3cc(OC)c(OC)cc3[nH+]1)CC2,6.3,train,0.6596874654962597,0.9914892720640924,0.0006825404555499,0.1301884149293481,0.8859867695254748,1298.072168940725,8833.925570065916,9970.719511756675,5.035108830813917,0.0462398898380478
RO0270608,Cc1cccc(Cl)c1C(=O)NC(Cc1ccc(NC(=O)c2c(Cl)cncc2Cl)cc1)C(=O)[O-],0.3,train,0.6423907100689642,0.9902090224553662,0.000448061573731,0.1395925923822176,0.9643435375548152,2152.2567300842848,14868.373983145782,15418.129954856086,5.662950206383177,0.1447168275923624
Cefmetazole,COC1(NC(=O)CSCC#N)C(=O)N2C(C(=O)[O-])=C(CSc3nnnn3C)CSC21,0.13,train,0.5005407568933039,0.9767771047179477,0.0005665570046142,0.2142579933137231,0.982122850399886,1733.4934391440793,7946.044351814805,8090.68269675169,4.345443017127295,0.2549389926356853
Fluorescein,O=C1OC2(c3ccc(O)cc3Oc3cc(O)ccc32)c2ccccc21,0.14,train,0.1148969856658998,0.7991359625220116,0.0003097111150532,0.6011503251300943,0.6418306004748734,2072.3524900438665,2212.5900751906083,3447.311601462398,3.410874216535124,0.3375810639482524
Ritodrine,CC([NH2+]CCc1ccc(O)cc1)C(O)c1ccc(O)cc1,4.4,train,0.6506638660467005,0.990762423422336,0.0013317667635602,0.1356090717256766,0.9615791055393724,722.0326650657321,5119.8014661482,5324.368465011917,4.400124594084345,0.2322476894924165
Fenoterol,CC(Cc1ccc(O)cc1)[NH2+]CC(O)c1cc(O)cc(O)c1,1.2,train,0.6794748747919032,0.9925018981468444,0.001253529915608,0.1222292198081573,0.9544668757619352,761.4232926375374,5945.823039669062,6229.470284050045,4.609979203399802,0.1893207116813763
Vinorelbine,CCC1=CC2CN(C1)Cc1c([nH]c3ccccc13)C(C(=O)OC)(c1cc3c(cc1OC)N(C)C1C(O)(C(=O)OC)C(OC(C)=O)C4(CC)C=CCN5CCC31C54)C2,23.0,train,0.3724084149737324,0.9559365884626088,0.0001700765480873,0.2935732256839318,0.9621362015078606,5657.077429710799,18540.10690919661,19269.732164885325,5.282146766777736,0.4068183867066849
Sitafloxacin,[NH3+]C1CN(c2c(F)cc3c(=O)c(C(=O)[O-])cn(C4CC4F)c3c2Cl)CC12CC2,1.5,train,0.4049368205667818,0.9639363978396308,0.0004694492314798,0.2661327129834984,0.7957910712844796,1695.1589605887284,5068.870903247559,6369.600120124416,4.002955996232661,0.1300531273305095
Morphine-6-Glucuronide,C[NH+]1CCC23c4c5ccc(O)c4OC2C(OC2OC(C(=O)[O-])C(O)C(O)C2O)C=CC3C1C5,0.12,train,0.4273894885925666,0.9679963305718152,0.000401040922774,0.2509643480646226,0.8280005632488175,2064.6286107698797,6811.778907244978,8226.780523575575,4.304802315813209,0.1935351214784381
Hydralazine,N[NH+]=c1[nH]ncc2ccccc12,1.5,train,0.3499076367763627,0.9484464838459624,0.0023150139507156,0.3169373238989535,0.6851650555304024,295.96584302164035,639.8282498708702,933.8308261730658,2.4082185246249965,0.0150853985727993
Apomorphine,C[NH+]1CCc2cccc3c2C1Cc1ccc(O)c(O)c1-3,1.6,train,0.363641698010107,0.9550875494449552,0.0009694397224209,0.296323763635707,0.7565194123770232,780.3676648278661,1992.2914044767087,2633.496737667082,3.173874940805992,0.1554332542781673
R-Apomorphine,C[NH+]1CCc2cccc3c2C1Cc1ccc(O)c(O)c1-3,1.6,train,0.363641698010107,0.9550875494449552,0.0009694397224209,0.296323763635707,0.7565194123770232,780.3676648278661,1992.2914044767087,2633.496737667082,3.173874940805992,0.1554332542781673
Buflomedil,COc1cc(OC)c(C(=O)CCC[NH+]2CCCC2)c(OC)c1,1.3,train,0.4600541897527833,0.9728807834132408,0.0008918646443135,0.2313071146014298,0.8692989853321956,974.6983366531288,3663.113763351169,4213.8709755324735,3.7882807204362345,0.2036838713776751
Dixyrazine,CC(CN1CCN(CCOCCO)CC1)CN1c2ccccc2Sc2ccccc21,4.06,train,0.5818546032017322,0.98597050158958,0.0005628100043166,0.1669196513152115,0.9160308783638448,1627.6023370906753,8932.045967773642,9750.81318626233,4.873252790749315,0.1672571685407548
Morinidazole,Cc1ncc([N+](=O)[O-])n1CC(O)CN1CCOCC1,0.75,train,0.365159996548545,0.9566619945465712,0.0010940822777678,0.291200666534567,0.8477445251487545,774.8453131681304,2255.732721674525,2660.863803607236,3.244755426899558,0.3141567177362427
Sulbenicillin,CC1(C)SC2C(NC(=O)C(c3ccccc3)S(=O)(=O)[O-])C(=O)N2C1C(=O)[O-],0.15,train,0.5568558480834215,0.9830121327979778,0.0007657290168283,0.1835405861709359,0.9854320037067044,1286.9200226842229,6909.491807893162,7011.637314297786,4.293769574368515,0.1969804424454138
BLP1654,CC1(C)SC2C(NC(=O)C(NC(=O)NC(N)=[NH2+])c3ccccc3)C(=O)N2C1C(=O)[O-],0.24,train,0.2151155906385884,0.9062031640370452,0.0002720185253653,0.4228425540189255,0.7348873083543939,2701.607573849017,4695.3105814579085,6389.157260004864,3.9831020345883945,0.2993252152301562
Aspoxicillin,CNC(=O)C[C@@H](N)C(=O)N[C@@H](C(=O)N[C@H]1C(=O)N2[C@@H](C(=O)O)C(C)(C)S[C@H]12)c1ccc(O)cc1,0.27,train,0.4303571280011024,0.9684450491391716,0.0002995890666809,0.249227179091341,0.875928134310098,2923.7653563735685,10275.798743563984,11731.326282443764,5.0256453546824655,0.2372905552371708
Carbenicillin,CC1(C)SC2C(NC(=O)C(C(=O)[O-])c3ccccc3)C(=O)N2C1C(=O)[O-],0.17,train,0.4854634070364738,0.976055412900092,0.0007092326517322,0.2175220240537292,0.9023844103718752,1272.33906697319,5278.26524113304,5849.24249628587,4.058580119958467,0.2051149010901985
Amoxicillin,CC1(C)SC2C(NC(=O)C([NH3+])c3ccc(O)cc3)C(=O)N2C1C(=O)[O-],0.25,train,0.3652842028731498,0.955477640657268,0.0007229089384231,0.295063515542028,0.9276484485023117,1283.2161828372462,4034.295798703979,4348.9490067248535,3.636871403303824,0.386295385218689
Penicillin G,CC1(C)SC2C(NC(=O)Cc3ccccc3)C(=O)N2C1C(=O)[O-],0.24,train,0.5143147002947881,0.9794794480947208,0.0009139020675529,0.2015440665464038,0.9029666943082292,988.0344145910268,4426.635745193786,4902.324496680434,3.933561745932098,0.2392805091501468
Ampicillin,CC1(C)SC2C(NC(=O)C([NH3+])c3ccccc3)C(=O)N2C1C(=O)[O-],0.22,train,0.4051466486256718,0.9632555345229477,0.0008521591357327,0.268586625152688,0.9361439169499192,1098.5552788153343,3828.954033401933,4090.1339677313417,3.5922174637651687,0.2483200499628755
Edaravone,CC1=NN(c2ccccc2)C(=O)C1,0.23,train,0.4712236149842591,0.9736696743538744,0.0027443911363732,0.227963517352273,0.7772720499268052,283.2220377136126,965.6833531741064,1242.4007183392785,2.6740574515326374,0.0400715323790201
Tianeptine,CN1c2ccccc2C(NCCCCCCC(=O)[O-])c2ccc(Cl)cc2S1(=O)=O,0.3,train,0.4275546862197462,0.9674800549893672,0.0004431265821185,0.2529473130866801,0.919777163486327,2075.653324810461,7547.573857093729,8205.872201137692,4.521992834014474,0.3086433834693463
Etoricoxib,Cc1ccc(-c2ncc(Cl)cc2-c2ccc(S(C)(=O)=O)cc2)cn1,1.5,train,0.2599002830227023,0.919284787398443,0.0002976141761091,0.3935930381216105,0.6694545221586262,2249.404013312624,3825.966272321669,5715.0503069051065,4.053154659015301,0.1856414744869623
Solifenacin,O=C(OC1C[NH+]2CCC1CC2)N1CCc2ccccc2C1c1ccccc1,8.2,train,0.3741933937335731,0.9585235467023684,0.0005528840229014,0.2850133512962377,0.8358362854195829,1511.7750754185183,4433.464108544041,5304.225463624708,3.933780042674599,0.2338240854897889
E7107,CCC(O)C(C)C1OC1CC(C)(O)/C=C\C=C(/C)C1OC(=O)CC(O)CCC(C)(O)C(OC(=O)N2CC[NH+](C3CCCCCC3)CC2)/C=C/C1C,10.1,train,0.6380300308069567,0.98996716684483,0.000197384149761,0.1412975886886266,0.9569365171904132,4848.091999022181,32833.65495207789,34311.21538603024,7.070815517633679,0.1520603512766706
KNI-272,CSCC(NC(=O)COc1cccc2cnccc12)C(=O)NC(Cc1ccccc1)C(O)C(=O)N1CSCC1C(=O)NC(C)(C)C,0.11,train,0.2121911480895046,0.9067498365110166,0.0001193001226577,0.4216689862762552,0.7660997239593719,6421.617236364782,11666.969476689808,15229.048010084569,4.994376951386153,0.2826616763394149
Citalopram,C[NH+](C)CCCC1(c2ccc(F)cc2)OCc2cc(C#N)ccc21,12.0,train,0.2476483002750536,0.9209191948162648,0.0003913580511269,0.3897535588278348,0.7430046604886876,1898.529130419241,3619.251088347703,4871.1014624958825,3.99536036250123,0.3112980739954964
Flecainide,O=C(NCC1CCCC[NH2+]1)c1cc(OCC(F)(F)F)ccc1OCC(F)(F)F,6.1,train,0.4482099692562703,0.9711151763896332,0.0003947277564056,0.2386112197398347,0.823479377076664,2086.195773449229,7199.741897522937,8743.07493052453,4.658668140997232,0.1601391927684395
Ixabepilone,C/C(=C\c1csc(C)n1)C1CC2OC2(C)CCCC(C)C(O)C(C)C(=O)C(C)(C)C(O)CC(=O)N1,11.0,train,0.3959145690387995,0.9626935911662192,0.0002719856395168,0.2705938830193476,0.8462197788880187,3111.2663903550724,9729.765978190077,11497.918414262953,4.900683092422186,0.2404616384961112
Trimethoprim,COc1cc(Cc2cnc(N)nc2N)cc(OC)c1OC,1.5,train,0.33283944271846,0.9491088370217072,0.0008134549094065,0.3149482743043723,0.8716621779749457,1071.5556177672604,2965.6758896911088,3402.3225564071126,3.579461806640867,0.3559760952930596
Rosaramicin,CCC1OC(=O)CC(O)C(C)C(OC2OC(C)CC([NH+](C)C)C2O)C(CC=O)CC(C)C(=O)/C=C\C2(C)OC2C1C,2.83,train,0.4006413661516494,0.9635190177357192,0.0002379233415119,0.2676398745732684,0.8596143898465869,3612.988891227864,11604.314365366015,13499.441729258402,4.963746612782067,0.2026363334862166
Epiroprim,CCOc1cc(Cc2cnc(N)nc2N)cc(OCC)c1-n1cccc1,2.5,train,0.3287891248638872,0.9483063445144612,0.0004912798183227,0.3173563879199847,0.8209048606780491,1670.9517266161895,4322.246050656004,5265.221656850618,3.990933272978865,0.2545792485125638
Nefopam,C[NH+]1CCOC(c2ccccc2)c2ccccc2C1,5.6,train,0.212859132457643,0.9079054065302296,0.00085589526903,0.4191751099399611,0.7870425393547396,919.5547257162152,1726.5545335146485,2193.724541153992,3.084478831908492,0.4064142376052155
Squalamine,CC(C)C(CCC(C)C1CCC2C3C(O)CC4CC(NCCC[NH2+]CCCC[NH3+])CCC4(C)C3CCC12C)OS(=O)(=O)[O-],0.23,train,0.7623417568556102,0.9961897148892648,0.0003375884444479,0.0872126822706709,0.9682771096006496,2868.217575350117,31844.329875630458,32887.62024826152,7.33058686838522,0.10131169615915
Eltanolone,CC(=O)C1CCC2C3CCC4CC(O)CCC4(C)C3CCC12C,2.0,train,0.397557751879586,0.962215494420253,0.0009186476407109,0.2722890785499633,0.919485707873728,1000.9122835847576,3379.953924309038,3675.917847733641,3.556398871771264,0.4095464240359202
Carzelesin,CCN(CC)c1ccc2cc(C(=O)Nc3ccc4[nH]c(C(=O)N5CC(CCl)c6c5cc(OC(=O)Nc5ccccc5)c5[nH]cc(C)c65)cc4c3)oc2c1,0.09,train,0.7624333430512634,0.9962015435825732,0.0002311309031743,0.0870774630067865,0.964260620435836,4171.924252415396,46198.20248704141,47910.49381043923,8.208893084093013,0.0774342729345381
Lurtotecan,CCC1(O)C(=O)OCc2c1cc1n(c2=O)Cc2c-1nc1cc3c(cc1c2CN1CC[NH+](C)CC1)OCCO3,4.77,train,0.3304317733462797,0.9469940108057776,0.0001806853008902,0.3212512155587694,0.744757638930622,4121.849620645292,9555.69611202696,12830.61174873981,5.05067468294541,0.1534757087279176
Fenspiride,O=C1NCC2(CC[NH+](CCc3ccccc3)CC2)O1,3.0,train,0.5029389016001827,0.9780392846324844,0.001441123316204,0.2084206268956556,0.9192546707214738,637.8737061466977,2813.389406027121,3060.5114073764157,3.5296169905641164,0.3494496087094391
Danusertib,COC(C(=O)N1Cc2[nH]nc(NC(=O)c3ccc(N4CC[NH+](C)CC4)cc3)c2C1)c1ccccc1,2.5,train,0.7669147234003642,0.9962983126756536,0.0006707497443247,0.085963202358019,0.9885067646030644,1473.7340907945093,16946.74090792085,17143.77838853316,6.114814052990197,0.1321448236237474
Dexanabinol,CCCCCCC(C)(C)c1cc(O)c2c(c1)OC(C)(C)C1CC=C(CO)CC21,5.06,train,0.5497069043335274,0.9831243598106936,0.00064242421911,0.1829384955300935,0.9071157970649394,1412.0199240332695,7001.618632259448,7718.549996498638,4.567874915258996,0.1826802250379327
Sumatriptan,CNS(=O)(=O)Cc1ccc2[nH]cc(CC[NH+](C)C)c2c1,1.7,train,0.25226441041461,0.9159238118826646,0.0004799886834204,0.4013521780510591,0.6673556263755371,1390.3570009607893,2311.841365275362,3464.1820251537565,3.476835228143002,0.1341503415846612
Pindolol,CC(C)[NH2+]CC(O)COc1cccc2[nH]ccc12,1.2,train,0.6281189574193425,0.989484381610904,0.0017510309526235,0.1446397543833889,0.9144168214889382,522.2162521564144,3301.466650454816,3610.461414171124,3.861088389953708,0.1151438991703231
Tegaserod,CCCCCNC(=[NH2+])N/N=C/c1c[nH]c2ccc(OC)cc12,5.3,train,0.5542185807233135,0.9836308784929833,0.0008228715110651,0.1801951577460455,0.8761596384384079,1064.7587462400163,5177.157087897709,5908.919859770112,4.482246602922142,0.1096331824893756
Melatonin,COc1ccc2[nH]cc(CCNC(C)=O)c2c1,1.1,train,0.52812004466423,0.9808915443515464,0.0014092818717691,0.194555334595683,0.8239234209750662,584.6406155361713,2475.897651403793,3005.0094321553693,3.6133605618295017,0.0645721191511141
Maxipost,COc1ccc(Cl)cc1C1(F)C(=O)[N-]c2cc(C(F)(F)F)ccc21,10.0,train,0.3191800010224851,0.9458079984732812,0.0005717069656078,0.3247263925583589,0.8554704482572772,1496.344280758837,3942.021165951035,4608.015594204953,3.742185810085932,0.2922043252539357
Stavudine,Cc1cn(C2C=CC(CO)O2)c(=O)[nH]c1=O,0.67,train,0.5147033636654551,0.9796400482542598,0.0020495410562972,0.2007619880764075,0.8659899433586625,422.5287123172688,1822.5841413155408,2104.625065560017,3.114463512098548,0.173403233512214
Topiramate,CC1(C)OC2COC3(COS(N)(=O)=O)OC(C)(C)OC3C2O1,0.8,train,0.142131199618836,0.8539808364238355,0.0004363129171825,0.5203044599278834,0.7037573114914323,1612.9646493987457,2181.675831394789,3100.040021994641,3.18718967867805,0.3592659426077279
Indoramin,O=C(NC1CC[NH+](CCc2c[nH]c3ccccc23)CC1)c1ccccc1,4.9,train,0.8178656486658892,0.997884560781004,0.0014881799270252,0.0650107941414561,0.9615559009568544,646.1287936324674,9556.704582681734,9938.792506157735,5.375880013727089,0.080500237350393
Tropatepine,C[NH+]1C2CCC1CC(=C1c3ccccc3CSc3ccccc31)C2,11.85,train,0.1142819615968341,0.8351199122969521,0.0004294563831082,0.5500679340637217,0.7575146624680928,1763.891962637733,2429.107282870478,3206.680217853597,3.325739293086411,0.4129903284987506
GSK461364,CC(Oc1cc(-n2cnc3ccc(CN4CC[NH+](C)CC4)cc32)sc1C(N)=O)c1ccccc1C(F)(F)F,12.0,train,0.5764879316076544,0.98559715211179,0.0003344709522475,0.1691101822751347,0.8892707867361528,2658.7384667053293,13981.053158384324,15721.930110510322,5.450706816384586,0.1281652172247679
Verteporfin-Mac,C=CC1=C(C)c2cc3[nH]c(cc4[nH+]c(cc5[nH]c(cc1[nH+]2)c(C)c5CCC(=O)[O-])C(CCC(=O)OC)=C4C)C1(C)C3=CC=C(C(=O)OC)C1C(=O)OC,0.63,train,0.2671737442951768,0.9189843798823392,6.800192121827824e-05,0.3942939379857015,0.6452762551312473,9489.088595894014,15529.235841280317,24066.02709737353,5.839102309679796,0.0842270660892272
Verteporfin-Mad,C=CC1=C(C)c2cc3[nH]c(cc4[nH+]c(cc5[nH]c(cc1[nH+]2)c(C)c5CCC(=O)OC)C(CCC(=O)[O-])=C4C)C1(C)C3=CC=C(C(=O)OC)C1C(=O)OC,0.51,train,0.1384993387899155,0.854633501937959,7.296127762446681e-05,0.519231718373657,0.725720037106435,9946.646505311088,13902.233656928269,19156.469362977437,5.465574227152566,0.3786998697434626
Mifepristone,CC#CC1(O)CCC2C3CCC4=CC(=O)CCC4=C3C(c3ccc(N(C)C)cc3)CC21C,0.01,train,0.1548244684211728,0.8330653239193346,0.0001485538581225,0.5531746253066694,0.602852319014645,4058.1397658298806,4422.579881280386,7336.091679151274,4.290523756827502,0.3195785993277475
Captopril,CC(CS)C(=O)N1CCCC1C(=O)[O-],0.75,train,0.2382668915034272,0.9193986821346876,0.0015319837160093,0.3933269165579696,0.8549712632134674,558.0811690613714,1213.0961345426422,1418.8735770874196,2.71564889009015,0.3852426262975991
Naphtidrofuryl oxalate,CC[NH+](CC)CCOC(=O)C(Cc1cccc2ccccc12)CC1CCCO1,0.98,train,0.2623094280822198,0.9238360687805396,0.0002621730197722,0.3827883462438716,0.7052242575736898,2689.9192685286807,4955.7316404631065,7027.171268205101,4.367883720792354,0.1626306323508728
KW-2170,[NH3+]CCCNc1ccc2c(C[NH2+]CCO)nn3c4c(O)ccc(O)c4c(=O)c1c23,12.0,train,0.3437328807981337,0.94887563459527,0.0003147248100203,0.3156501703966326,0.7157304252145017,2274.1468178764844,5156.582259764579,7204.643086423454,4.280111975714626,0.0839751932479872
Molsidomine,CCOC(=O)Nc1c[n+](N2CCOCC2)no1,1.4,train,0.824977970425809,0.9980324620256664,0.0044260280732488,0.0626993201158262,0.986566074900054,222.90099804448064,3507.31973370378,3555.0783905265507,3.8698000025877377,0.1116717167749814
Zaleplon,CCN(C(C)=O)c1cccc(-c2ccnc3c(C#N)cnn23)c1,1.3,train,0.5879066307730174,0.9862007444363868,0.0012456892982467,0.1655538935607275,0.956162073211096,767.5766939291074,4433.164978669373,4636.415836680696,4.013536833476866,0.265401640887936
Levorphanol,C[NH+]1CCC23CCCCC2C1Cc1ccc(O)cc13,11.5,train,0.1866867985141937,0.8938841182664548,0.0008726017152249,0.448298096260739,0.7765944166635351,889.9758081077972,1541.720228809864,1985.232182628252,2.923556719370278,0.416378662901749
Eltoprazine,c1cc2c(c(N3CC[NH2+]CC3)c1)OCCO2,3.6,train,0.3559263759126903,0.9546728338624068,0.0016433809799346,0.2976571522492299,0.8285366088826704,504.16587449833605,1403.3591358875135,1693.7804809615166,2.8526198662917217,0.2969090528232376
Tofogliflozin,CCc1ccc(Cc2ccc3c(c2)C2(OC3)OC(CO)C(O)C(O)C2O)cc1,0.63,train,0.5107249302825163,0.97887057551837,0.0006472643848439,0.2044807971041175,0.9267695810240908,1431.8253911768898,6489.471073437734,7002.248677893372,4.394178750775245,0.225932384121887
Bilobalide,CC(C)(C)C1(O)CC2OC(=O)CC23C(=O)OC2OC(=O)C(O)C231,2.5,train,0.0680672953043721,0.7757857326670304,0.0006043204410975,0.6309964318364081,0.8188927880357857,1355.0638574271734,1758.5709905610884,2147.498446993575,2.839327261935954,0.5629692591185347
Romidepsin,C/C=C1\NC(=O)C2CSSCC/C=C\C(CC(=O)NC(C(C)C)C(=O)N2)OC(=O)C(C(C)C)NC1=O,1.2,train,0.0512803239724071,0.7419664520376448,0.0001899517631345,0.6704370097560766,0.8590489088479233,4522.458200292212,5794.746897527095,6745.537812624048,3.972171839379838,0.647114913984502
Aprepitant,CC(OC1OCCN(Cc2n[nH]c(=O)[nH]2)C1c1ccc(F)cc1)c1cc(C(F)(F)F)cc(C(F)(F)F)c1,0.94,train,0.4709301031444033,0.9742775004431794,0.0002948158863522,0.2253516188763473,0.8286600032222036,2810.771201902768,10335.730822966332,12472.824539348288,4.895788296411987,0.138752273353929
Fosaprepitant,CC(OC1OCCN(Cc2nn(P(=O)([O-])[O-])c(=O)[nH]2)C1c1ccc(F)cc1)c1cc(C(F)(F)F)cc(C(F)(F)F)c1,0.07,train,0.2423234095904496,0.9198097178280712,0.0001272118456134,0.3923647320912569,0.7625764716972158,5994.539801069532,11650.626667141256,15277.978143242775,5.1846547163724965,0.3336887434932171
CGP15720A,O=C(NCCN1CCN=C1c1ccncc1)Nc1ccc(C(=O)O)cc1,0.35,train,0.6620382984651042,0.9915558061481136,0.000811227470209,0.1296806974609742,0.9420423549727276,1161.25549191517,8435.733919907321,8954.728919966172,5.1233598544902055,0.1866266202724908
Sulfasalazine,O=C([O-])c1cc(N=Nc2ccc(S(=O)(=O)Nc3ccccn3)cc2)ccc1O,0.11,train,0.5919351520669275,0.9868575165920072,0.0005883198786412,0.1615928276436066,0.8944578181824498,1520.3596727825395,8415.581406675494,9408.583876851864,4.933492550843913,0.1230706338219099
Rivaroxaban,O=C(NCC1CN(c2ccc(N3CCOCC3=O)cc2)C(=O)O1)c1ccc(Cl)s1,0.7,train,0.5272320766612023,0.980974469455938,0.0003987320593574,0.194136782387163,0.8755169488188459,2195.75258189597,9902.392412318972,11310.337767507785,5.18183619495492,0.1601085234883058
Cefclidin,CO/N=C(/C(=O)NC1C(=O)N2C(C(=O)[O-])=C(C[N+]34CCC(C(N)=O)(CC3)CC4)CSC12)c1nsc(N)n1,0.27,train,0.3933879085293841,0.9621934881146236,0.000255874673923,0.2723668324701332,0.8600414959979676,3361.182577438381,10613.4673814933,12340.645690796277,4.888346190207487,0.1841120041144514
Prednisone,CC12C=CC(=O)C=C1CCC1C2C(=O)CC2(C)C1CCC2(O)C(=O)CO,0.57,train,0.3822164553329046,0.957468934530644,0.0007842293807134,0.2885363744985255,0.9774314428512716,1246.359122584813,4222.104050541968,4319.59098658177,3.6951203218571194,0.4581760386652307
Palonosetron,O=C1c2cccc3c2C(CCC3)CN1C1C[NH+]2CCC1CC2,6.3,train,0.4744210170330742,0.9748256339043496,0.0011241160996572,0.2229685706169878,0.8552335794803441,760.8053827724141,2918.197434714106,3412.164237619455,3.452687843344048,0.1859276938004641
Tolvaptan,Cc1ccccc1C(=O)Nc1ccc(C(=O)N2CCCC(O)c3cc(Cl)ccc32)c(C)c1,0.5,train,0.4185361362779261,0.9665088497414848,0.000349590901643,0.2566332857822458,0.8778917045335708,2511.197231985884,8590.308976048604,9785.157931994228,4.823036580589027,0.2437667687344618
SNS-032,CC(C)(C)c1cnc(CSc2cnc(NC(=O)C3CC[NH2+]CC3)s2)o1,5.14,train,0.4467543693134414,0.9710103012050122,0.0005197924569219,0.2390376433822746,0.8561009070192813,1647.005252998057,5898.663787871469,6890.150144109844,4.349423507905209,0.1501523487065748
Pemetrexed,Nc1nc(=O)c2c(CCc3ccc(C(=O)NC(CCC(=O)[O-])C(=O)[O-])cc3)c[nH]c2[nH]1,0.15,train,0.7660147235439445,0.996277974883445,0.0007710512472773,0.0861985890960026,0.984708374078213,1277.09847763728,14589.21287042603,14815.770084298323,6.005209432114379,0.0858315220182822
Intoplicine,Cc1c[nH+]c(NCCC[NH+](C)C)c2c1[nH]c1ccc3cc(O)ccc3c12,11.0,train,0.2773182445003251,0.9206929760196318,0.0002686723216203,0.3902876425255012,0.6302015287854071,2345.6138875217,3787.4872191472778,6009.96196636802,4.162231020794931,0.0645617630469151
Amsalog,CNC(=O)c1cccc2c(Nc3ccc(NS(C)(=O)=O)cc3OC)c3cccc(C)c3[nH+]c12,0.3,train,0.4431716641458688,0.9701505561492336,0.0004031117195566,0.2425033987459402,0.9059473827482996,2247.3853743191958,8395.81180478349,9267.4386665965,4.624258135030363,0.249030850890041
Amsacrine,COc1cc(NS(C)(=O)=O)ccc1Nc1c2ccccc2[nH+]c2ccccc12,1.6,train,0.4210939135999909,0.9668659128766562,0.0005052734948386,0.2552847557477534,0.8858511019954727,1753.2111045690835,6083.731809461522,6867.668613559635,4.317193227395112,0.2776360841734064
Bizelesin,Cc1c[nH]c2c(O)cc3c(c12)C(CCl)CN3C(=O)c1cc2cc(NC(=O)Nc3ccc4[nH]c(C(=O)N5CC(CCl)c6c5cc(O)c5[nH]cc(C)c65)cc4c3)ccc2[nH]1,0.05,train,0.8686542351088882,0.9989428550274502,0.0002802075578627,0.0459692548297943,0.9755933359839708,3481.6810204021867,73890.79536100537,75739.33998481045,9.687669932136796,0.041383758030479
Mebendazole,COC(=O)Nc1nc2cc(C(=O)c3ccccc3)ccc2[nH]1,1.2,train,0.758872189749452,0.9960673377904546,0.0019827246674041,0.08859942769023,0.966812186512778,487.61797460185824,5320.9711676246,5503.624428666916,4.376516269873487,0.1068198715890462
Pancopride,Nc1cc(OCC2CC2)c(C(=O)NC2C[NH+]3CCC2CC3)cc1Cl,3.9,train,0.3483940514320713,0.9513292092915864,0.000455766019293,0.3081764681941905,0.7453594772971128,1635.399406154187,3955.39754766413,5306.697866118957,3.940716745467027,0.1630062378359351
Soblidotin,CCC(C)C(C(CC(=O)N1CCCC1C(OC)C(C)C(=O)NCCc1ccccc1)OC)N(C)C(=O)C(NC(=O)C(C(C)C)N(C)C)C(C)C,0.42,train,0.4280072440640433,0.9677505030322896,0.0001334349840253,0.251910626772176,0.9070980153037894,6798.052414285107,24478.91909897885,26985.96919626244,6.44190776893332,0.291705500376316
Eptifibatide,NC(=[NH2+])NCCCCC1NC(=O)CCSSCC(C(N)=O)NC(=O)C2CCCN2C(=O)C(Cc2c[nH]c3ccccc23)NC(=O)C(CC(=O)[O-])NC(=O)CNC1=O,0.17,train,0.3739507623051569,0.9584487627967208,9.152691804953172e-05,0.2852647351030882,0.8276157368137289,9042.320603058512,26233.760810644337,31697.99659881136,6.344277806134668,0.1727677377595278
Moxalactam,COC1(NC(=O)C(C(=O)O)c2ccc(O)cc2)C(=O)N2C(C(=O)[O-])=C(CSc3nnnn3C)COC21,0.17,train,0.4908910163312927,0.9761566815758596,0.0003866200798345,0.2170671163829424,0.9499395516018464,2457.0362512170987,10752.600180273394,11319.246748008018,4.858954337616097,0.2630156745938498
Pirenzepine,C[NH+]1CCN(CC(=O)N2c3ccccc3C(=O)Nc3cccnc32)CC1,1.71,train,0.2533882621755525,0.925418691790589,0.0004888853513487,0.3789462295426555,0.8380177288122882,1714.139575874725,3790.7207995589806,4523.437475399859,3.7719816673230913,0.310746345093174
Tropisetron,C[NH+]1C2CCC1CC(OC(=O)c1c[nH]c3ccccc13)C2,9.7,train,0.6996230211289097,0.993591622896298,0.0019139287811155,0.1130295842259943,0.9423134310957292,492.3450863968264,4104.619076702045,4355.89575745425,3.960627714024533,0.1381107417755127
Eniporide,Cc1cc(-n2cccc2)c(S(C)(=O)=O)cc1C(=O)NC(=N)N,1.1,train,0.4179365135915722,0.9663131303765632,0.0007715746298214,0.2573692562483854,0.8090570905806221,1048.5791773219266,3296.277227567356,4074.2208009100727,3.62483812055621,0.1347273697167586
Temozolomide,Cn1nnc2c(C(N)=O)ncn2c1=O,0.5,train,0.4721511798849758,0.9737426220745152,0.0025532365096852,0.2276517207390437,0.7747641924465328,303.4439580930348,1032.7069454230966,1332.9306587621686,2.6217589158472623,0.0247181795536671
"Fluorouracil, 5-",O=c1[nH]cc(F)c(=O)[nH]1,0.23,train,0.3639250957184736,0.9523112950383908,0.0044303995883906,0.3051281654359411,0.6948718345662508,156.84179738258288,357.17760544391285,514.0194028253691,1.987869319571664,2.702179899541817e-12
Theophylline,Cn1c(=O)c2nc[nH]c2n(C)c1=O,0.51,train,0.2610710149718598,0.9027080831135657,0.0013466795052261,0.430253549295566,0.5762006379690457,427.8676817557069,573.0054559633953,994.4547405971076,2.3531765607489112,0.0582036273632712
Alosetron,Cc1[nH]cnc1CN1CCc2c(c3ccccc3n2C)C1=O,1.1,train,0.4711714123133568,0.9743159186105352,0.0011066266005137,0.2251854585494121,0.8862072335474239,800.818661991295,3151.5857888342666,3556.2627673650272,3.571317886664392,0.2261904861485023
Cefpiramide,Cc1cc([O-])c(C(=O)NC(C(=O)NC2C(=O)N3C(C(=O)[O-])=C(CSc4nnnn4C)CSC23)c2ccc(O)cc2)cn1,0.15,train,0.3078229313977483,0.9427991801204848,0.0001591397946713,0.3333612244460076,0.8188871507506191,5145.709484177545,12640.208485828452,15435.836884535333,5.215618243247501,0.248402047690261
Isavuconazole,CC(c1nc(-c2ccc(C#N)cc2)cs1)C(O)(Cn1cncn1)c1cc(F)ccc1F,5.37,train,0.380646694696265,0.958801163533756,0.0004514063327547,0.2840780329527707,0.9244226224186828,2047.8725160482936,6664.012919222254,7208.837989908082,4.265694816328043,0.2829367675558631
Cefotetan,COC1(NC(=O)C2SC(=C(C(N)=O)C(=O)[O-])S2)C(=O)N2C(C(=O)[O-])=C(CSc3nnnn3C)CSC21,0.13,train,0.4824092675827638,0.9752690472838632,0.0003422773420395,0.2210210067166145,0.9366214631149286,2736.440155616751,11596.221645874612,12380.905309717094,4.825477731937057,0.2294887398100256
Posaconazole,CCC(C(C)O)n1ncn(-c2ccc(N3CCN(c4ccc(OCC5COC(Cn6cncn6)(c6ccc(F)cc6F)C5)cc4)CC3)cc2)c1=O,3.8,train,0.861965409850383,0.9988144527692802,0.0003543824077237,0.0486794508925832,0.9905753786581468,2795.2160069706283,56879.69161045135,57420.86148709018,9.140318853310042,0.0838414790984924
Idarubicin,CC(=O)C1(O)Cc2c(O)c3c(c(O)c2C(OC2CC([NH3+])C(O)C(C)O2)C1)C(=O)c1ccccc1C3=O,38.0,train,0.2347427052535132,0.907655890257174,0.0001707694028357,0.4197151234843188,0.6635406139196872,3885.594274506652,6142.85610903247,9257.694224239274,4.398166289037876,0.14348194317317
Doxorubicin,COc1cccc2c1C(=O)c1c(O)c3c(c(O)c1C2=O)CC(O)(C(=O)CO)CC3OC1CC([NH3+])C(O)C(C)O1,22.0,train,0.3406607082361219,0.94984924060154,0.0001943429932041,0.3127082028484028,0.7543047362469022,3881.306569435792,9362.363703554463,12411.9115970789,4.853598352789522,0.1409727661216117
Epirubicin,COc1cccc2c1C(=O)c1c(O)c3c(c(O)c1C2=O)CC(O)(C(=O)CO)CC3OC1CC([NH3+])C(O)C(C)O1,45.0,train,0.3406607082361219,0.94984924060154,0.0001943429932041,0.3127082028484028,0.7543047362469022,3881.306569435792,9362.363703554463,12411.9115970789,4.853598352789522,0.1409727661216117
Iododoxorubicin,COc1cccc2c1C(=O)c1c(O)c3c(c(O)c1C2=O)CC(O)(C(=O)CO)CC3OC1CC([NH3+])C(I)C(C)O1,53.6,train,0.2078143413403121,0.8880193298963323,0.0001018929893524,0.4598061218932052,0.6347063838701381,6229.14675390018,8598.578884694962,13547.333228736272,4.656094518281772,0.203847796471578
Linezolid,CC(=O)NCC1CN(c2ccc(N3CCOCC3)c(F)c2)C(=O)O1,0.58,train,0.607818356334025,0.9880365873002472,0.0009665811098149,0.1542196555439055,0.913720363164652,945.3116286739812,5600.780792885724,6129.644274849619,4.334416150369124,0.1559180078644404
Ombrabulin,COc1ccc(/C=C/c2cc(OC)c(OC)c(OC)c2)cc1NC(=O)C(N)CO,0.44,train,0.5619214760717173,0.9842155847640364,0.0004232349230755,0.1769736780077363,0.8368118324688433,1977.1804897099528,9349.00628919236,11172.172675438893,5.286960681143434,0.047421321131109
Mycophenolic acid,COc1c(C)c2c(c(O)c1C/C=C(\C)CCC(=O)[O-])C(=O)OC2,0.77,train,0.4444290171182124,0.9705606501267507,0.0007143008500058,0.2408568546368137,0.8832149257465007,1236.4746951362506,4534.115949072403,5133.649598641157,4.13200470457628,0.2688877549118207
Dalbavancin,CN[C@H]1C(=O)N[C@@H]2Cc3ccc(cc3)Oc3cc4cc(c3O[C@@H]3O[C@H](C(=O)[O-])[C@@H](O)[C@H](O)[C@H]3NC(=O)CCCCCCCCC(C)C)Oc3ccc(cc3Cl)[C@@H](O)[C@@H]3NC(=O)[C@H](NC(=O)[C@@H]4NC(=O)[C@@H](NC2=O)c2cc(cc(O)c2Cl)Oc2cc1ccc2O)c1ccc(O)c(c1)-c1c(O[C@H]2O[C@H](CO)[C@@H](O)[C@H](O)[C@@H]2O)cc(O)cc1[C@@H](C(=O)NCCC[NH+](C)C)NC3=O,0.14,train,0.2335951102897041,0.9151082974793318,1.574497536187222e-05,0.4032081396555366,0.7420344139610768,47128.33122355819,86731.49225189835,116883.38252253598,8.307226825215317,0.1775962100774544
Bleomycin,Cc1c(N)nc([C@H](CC(N)=O)NC[C@H]([NH3+])C(N)=O)nc1C(=O)N[C@H](C(=O)N[C@H](C)[C@@H](O)[C@H](C)C(=O)N[C@H](C(=O)NCCc1nc(-c2nc(C(=O)NCCC[S+](C)C)cs2)cs1)[C@@H](C)O)[C@@H](O[C@@H]1O[C@@H](CO)[C@@H](O)[C@H](O)[C@@H]1O[C@H]1O[C@H](CO)[C@@H](O)[C@H](OC(N)=O)[C@@H]1O)c1cnc[nH]1,9.43,train,0.0,0.0,0.0,0.0,0.0,0.0,0.0,0.0,0.0,0.0
Dapagliflozin,CCOc1ccc(Cc2cc(C3OC(CO)C(O)C(O)C3O)ccc2Cl)cc1,1.7,train,0.5192247491101226,0.9800104193627548,0.0005326078935852,0.1989461684487481,0.904792399091346,1698.7964504258125,7726.000093058365,8538.97546090942,4.686913058930611,0.1619128017903392
Pitavastatin,O=C([O-])CC(O)CC(O)/C=C/c1c(C2CC2)nc2ccccc2c1-c1ccc(F)cc1,0.9,train,0.1821482135260739,0.8860330163049359,0.0002497319805211,0.463622145736781,0.7146630074650224,2861.7200166897883,4411.276407860615,6172.526577957116,3.998632662785133,0.278211291696992
Isomazole,COc1cc(S(C)=O)ccc1-c1nc2ccncc2[nH]1,1.67,train,0.6454872307182429,0.9906359424910076,0.0015351240199211,0.1365299580493331,0.88784096485399,578.3512949654585,3760.961909628267,4236.076120059156,3.862876813000988,0.0724351665368989
Frovatriptan,C[NH2+]C1CCc2[nH]c3ccc(C(N)=O)cc3c2C1,3.6,train,0.4942589212407531,0.977047494562962,0.0013151989742779,0.2130215795834741,0.8122652609103443,617.5987639864858,2354.944612411027,2899.230984926929,3.4665059425204783,0.090863302131272
Ribostamycin,NC1CC([NH3+])C(OC2OC(C[NH3+])C(O)C(O)C2N)C(OC2OC(CO)C(O)C2O)C1O,0.25,train,0.1726166195021954,0.8708661663441714,0.0002083602343177,0.4915202135385747,0.6642655051606589,3188.062767042597,4308.510751139716,6486.127486173865,3.913483224967553,0.2718675890777003
Cefamandole,Cn1nnnc1SCC1=C(C(=O)[O-])N2C(=O)C(NC(=O)C(O)c3ccccc3)C2SC1,0.16,train,0.517488496197077,0.97891892501864,0.0005471840172104,0.2042492062171854,0.9774675458369694,1786.359826115097,8548.91329838403,8745.981730844998,4.546741493514112,0.2019598281733778
Cefonicid,O=C([O-])C1=C(CSc2nnnn2CS(=O)(=O)[O-])CSC2C(NC(=O)C(O)c3ccccc3)C(=O)N12,0.14,train,0.5417205893280052,0.981566166904669,0.0003715884659589,0.1911226307585667,0.9793452382427444,2635.5641467914097,13505.08407611888,13789.911410966046,5.261627105249033,0.2681244386047342
Ceforanide,[NH3+]Cc1ccccc1CC(=O)NC1C(=O)N2C(C(=O)[O-])=C(CSc3nnnn3CC(=O)[O-])CSC12,0.17,train,0.294125784274851,0.9383870153259644,0.0002130134716941,0.3455861824026364,0.7849439445893265,3684.949774991264,8369.7762216234,10662.89673207476,4.6802407439789,0.1891333928782601
Nitrofurantoin,O=C1CN(/N=C/c2ccc([N+](=O)[O-])o2)C(=O)[N-]1,0.57,train,0.6890954855106625,0.993098119880276,0.0024574311365015,0.1172865051498296,0.8921739746931742,363.05146518299136,2761.656750678281,3095.4240193209366,3.621365257829233,0.0318994376055276
Pyrimethamine,CCc1nc(N)nc(N)c1-c1ccc(Cl)cc1,0.43,train,0.5170235163099949,0.9798671615153148,0.0016726650049327,0.1996505591875971,0.8840868944761126,528.549884088514,2340.509475660675,2647.3749246646184,3.330132328691414,0.3048701063799086
PF-05212384,C[NH+](C)C1CCN(C(=O)c2ccc(NC(=O)Nc3ccc(-c4nc(N5CCOCC5)nc(N5CCOCC5)n4)cc3)cc2)CC1,2.39,train,0.7726257043351796,0.9965811630210368,0.0003083932124191,0.0826195225817591,0.94307329143241,3058.0222049462445,34906.26641225315,37013.31246401317,7.796456315657835,0.0494276814482524
Nifedipine,COC(=O)C1=C(C)NC(C)=C(C(=O)OC)C1c1ccccc1[N+](=O)[O-],0.79,train,0.075998906400311,0.7640865100181464,0.0003608242710543,0.6451137924492771,0.7156429674317465,1983.355957016164,2200.1928329009943,3074.428078007816,3.2369954779495425,0.4306459151783041
Nimodipine,COCCOC(=O)C1=C(C)NC(C)=C(C(=O)OC(C)C)C1c1cccc([N+](=O)[O-])c1,1.1,train,0.2481112370482362,0.9201454954994652,0.0002737085248186,0.3915766427049036,0.7280270711761962,2659.862609901009,4945.269391557238,6792.699869755791,4.147762117130963,0.183014303780676
Nisoldipine,COC(=O)C1=C(C)NC(C)=C(C(=O)OCC(C)C)C1c1ccccc1[N+](=O)[O-],5.5,train,0.1251043812624942,0.8504614440517108,0.0003825235541241,0.5260373866765354,0.8102271748093589,2118.110547896703,3262.4120806294013,4026.5399409702895,3.479855629619895,0.4468297267618912
Nitrendipine,CCOC(=O)C1=C(C)NC(C)=C(C(=O)OC)C1c1cccc([N+](=O)[O-])c1,6.1,train,0.0769220139245056,0.7691272274168449,0.0003109774922809,0.6390956955308625,0.7219959112988416,2321.698287561662,2622.857081671729,3632.786613643441,3.4497645937855075,0.3540957986817657
Clevidipine,CCCC(=O)OCOC(=O)C1=C(C)NC(C)=C(C(=O)OC)C1c1cccc(Cl)c1Cl,0.58,train,0.2129981637708694,0.9073492987756064,0.0002988248487819,0.4203775089266971,0.7706269464368252,2578.8583164288,4727.507222631356,6134.62485900616,3.8376462012550423,0.1914600533320786
Felodipine,CCOC(=O)C1=C(C)NC(C)=C(C(=O)OC)C1c1cccc(Cl)c1Cl,4.4,train,0.12234871158112,0.8221252940438285,0.0002926695382371,0.5693065965658122,0.6669902518011513,2278.9876111422386,2670.0244293265378,4003.093631603101,3.412994418751317,0.2675991421570096
Amlodipine,CCOC(=O)C1=C(COCC[NH3+])NC(C)=C(C(=O)OC)C1c1ccccc1Cl,17.0,train,0.1687302146132014,0.8818697980081575,0.0003126315644025,0.4714930109355295,0.7601960272511316,2431.6035672981443,3920.514893830497,5157.242018229267,3.746941709863945,0.2987765569478848
Dapsone,Nc1ccc(S(=O)(=O)c2ccc(N)cc2)cc1,0.83,train,0.3618082760445661,0.955706682298582,0.0012972317790221,0.294320806960427,0.8789634902368195,677.56857675764,2023.4996202010464,2302.142970302275,3.1740585769264715,0.3444976230730966
Voriconazole,CC(c1ncncc1F)C(O)(Cn1cncn1)c1ccc(F)cc1F,2.2,train,0.2338653640731958,0.9177827540909562,0.0005323242210624,0.3970828834049881,0.8197116217771359,1539.8728619583276,3178.8116127863395,3877.9633328787895,3.507844476621052,0.406886358424367
PNU-159548,CC(=O)C1(O)Cc2c(O)c3c(c(O)c2C(OC2CC(N4CC4)C(OS(C)(=O)=O)C(C)O2)C1)C(=O)c1ccccc1C3=O,2.95,train,0.1818056462503785,0.8818610599848921,0.0001222146103954,0.4715093539711833,0.6873008226869616,5623.720604787925,8197.47851379547,11927.060528965929,4.625878270060451,0.2625620084072366
Irinotecan,CCc1c2c(nc3ccc(OC(=O)N4CCC([NH+]5CCCCC5)CC4)cc13)-c1cc3c(c(=O)n1C2)COC(=O)C3(O)CC,3.5,train,0.7324313873910294,0.995083882685658,0.0003745612636135,0.0990356825555089,0.9406477812307182,2511.332250846789,23852.807884351525,25357.852705656896,6.633548216474976,0.0881172911481029
Dabigatran,Cn1c(CNc2ccc(C(N)=[NH2+])cc2)nc2cc(C(=O)N(CCC(=O)[O-])c3ccccn3)ccc21,0.85,train,0.3907326074734876,0.9616899675274546,0.0002670309487916,0.2741393922022942,0.8616367499695177,3226.7299122758004,10141.807976983908,11770.398578452809,5.163069041955094,0.184242628779032
Thiopental,CCCC(C)C1(CC)C(=O)[N-]C(=S)NC1=O,1.2,train,0.1256190047863973,0.8512927373064242,0.0009832369371342,0.524691028519962,0.8240270555912241,838.0757724510422,1316.1976736732008,1597.274828226184,2.787912997885161,0.4816213197053638
Ertapenem,CC(O)C1C(=O)N2C(C(=O)[O-])=C(SC3CNC(C(=O)Nc4cccc(C(=O)[O-])c4)C3)C(C)C12,0.12,train,0.618425492852741,0.988744808847764,0.0004684221697404,0.14961184103071,0.9315517212409647,1988.7011790178244,12382.56272755658,13292.404968197769,5.404763427057141,0.1403419555394796
Dexniguldipine,COC(=O)C1=C(C)NC(C)=C(C(=O)OCCC[NH+]2CCC(c3ccccc3)(c3ccccc3)CC2)C1c1cccc([N+](=O)[O-])c1,8.4,train,0.5841968752916828,0.9861009911131752,0.0002491310188201,0.1661470292410112,0.928438603383948,3726.708170587269,20825.047218271484,22430.18239695001,6.201910326305323,0.1543156410321166
Haloperidol,O=C(CCC[NH+]1CCC(O)(c2ccc(Cl)cc2)CC1)c1ccc(F)cc1,17.0,train,0.7924512661404823,0.9971677596206692,0.0011602447164434,0.0752094353993911,0.9749425062335522,840.290408063324,10892.713554500417,11172.67273183288,5.512588769268105,0.1589497384148501
"Hydroxyimipramine, 2-",C[NH+](C)CCCN1c2ccccc2CCc2cc(O)ccc21,6.6,train,0.1861380560752101,0.8947731302391271,0.0006510208789455,0.4465210469866724,0.8245210039424337,1266.5047014742872,2338.6573488630206,2836.382988038836,3.290739325109423,0.5107354003546164
Licarbazepine,NC(=O)N1c2ccccc2CC(O)c2ccccc21,0.72,train,0.1277687315139557,0.8530030689755842,0.0008928437888654,0.5219058960370486,0.8129433561630166,910.5101769213584,1418.25031038639,1744.5868763604158,2.830068443134375,0.423701775760603
Trimipramine,CC(CN1c2ccccc2CCc2ccccc21)C[NH+](C)C,16.0,train,0.2120427985601761,0.9059304131953664,0.0005357629056956,0.4234266010156572,0.7525252229401355,1404.5862730324932,2496.268764685727,3317.189495566329,3.495045094903348,0.3326271164542917
Clomipramine,C[NH+](C)CCCN1c2ccccc2CCc2ccc(Cl)cc21,13.0,train,0.2149956850018404,0.867645855301614,0.0002617711263524,0.4971827327833608,0.5562122701596804,2124.8037471127163,2377.0775569961875,4273.687734924947,3.727089575109601,0.1497131886871722
Imipramine,C[NH+](C)CCCN1c2ccccc2CCc2ccccc21,12.0,train,0.1778882459852707,0.8800304886254683,0.0004763914805269,0.4749171918236058,0.6921077290307073,1452.8129853733085,2117.217724109064,3059.086953232288,3.431887728141774,0.316009465152776
Imipramine N-oxide,C[N+](C)([O-])CCCN1c2ccccc2CCc2ccccc21,1.9,train,0.2339454344724796,0.9143480798240315,0.0005205850183332,0.4049291159229061,0.7287943292383557,1399.9525602401673,2519.644666154362,3457.278089399485,3.527539355068917,0.2573266991385241
Desipramine,C[NH2+]CCCN1c2ccccc2CCc2ccccc21,15.0,train,0.111715292258254,0.8260052838077343,0.0005287712533735,0.5636623733421492,0.7238959585747202,1369.015342563003,1758.1884485778537,2428.7861090419037,3.223207558425961,0.4868227611222356
Trabectedin,COc1cc2c(cc1O)CCNC21CSC2c3c(OC(C)=O)c(C)c4c(c3C(COC1=O)N1C(O)C3Cc5cc(C)c(OC)c(O)c5C(C21)[NH+]3C)OCO4,25.0,train,0.0771637467166441,0.7905105842734872,9.858800988512475e-05,0.6124483783565681,0.8040826342702392,8155.988088279298,10707.98555251,13317.021281311769,4.592645066060839,0.5710047182083577
Caspofungin,CCC(C)CC(C)CCCCCCCCC(=O)NC1CC(O)C(NCC[NH3+])NC(=O)C2C(O)CCN2C(=O)C(C(O)CC[NH3+])NC(=O)C(C(O)C(O)c2ccc(O)cc2)NC(=O)C2CC(O)CN2C(=O)C(C(C)O)NC1=O,0.13,train,0.5385328890487691,0.9821104652428756,6.752152239913687e-05,0.1883056931173941,0.8852577666440149,13110.749509038487,61635.91040322308,69624.81745501418,8.118014841147582,0.1115756380431145
Tizanidine,Clc1ccc2nsnc2c1NC1=[NH+]CCN1,2.4,train,0.2648906116582853,0.9046956554368104,0.0005855540942192,0.4260584127015447,0.5767382401558651,984.9444241779464,1333.2798905431894,2311.759126953099,3.0146582271967337,0.034941076836016
Cefetamet,CO/N=C(/C(=O)NC1C(=O)N2C(C(=O)[O-])=C(C)CSC12)c1csc(N)n1,0.28,train,0.2220037070585034,0.9123519661268046,0.0004930177153122,0.4094067536137553,0.8620445774100373,1748.5062922416269,3681.645098644953,4270.829137057206,3.4979175011021986,0.348806301453261
Cefixime,C=CC1=C(C(=O)[O-])N2C(=O)C(NC(=O)/C(=N/OCC(=O)[O-])c3csc(N)n3)C2SC1,0.24,train,0.5745041829596811,0.9853778591826076,0.0005148281020222,0.1703833167675206,0.9083080300668388,1764.2938031139297,9405.394020777896,10354.850677788008,4.882597741163704,0.1529570193731147
Ceftizoxime,CO/N=C(\C(=O)NC1C(=O)N2C(C(=O)[O-])=CCSC12)c1csc(N)n1,0.2,train,0.5167644802076736,0.979709567723144,0.0007459648306505,0.2004224610958825,0.9091826368322884,1218.8009400381025,5528.884569017394,6081.159433797321,4.095605662966077,0.1993251189375268
Cefotaxime,CO/N=C(/C(=O)NC1C(=O)N2C(C(=O)[O-])=C(COC(C)=O)CSC12)c1csc(N)n1,0.19,train,0.5458617396533585,0.9822936648763968,0.0004853632229463,0.1873476873187851,0.9583351153244304,1974.46998457556,10099.958784936203,10539.067830689906,4.987904885173026,0.2719337582113343
Org 28611,COc1cccc2c(C(=O)N3CC[NH+](C)C(C)C3)cn(CC3CCCCC3)c12,1.0,train,0.4328188568249816,0.9689098366210994,0.0005011054892529,0.247414083064959,0.8472045254553421,1690.6710136390452,5789.258703737995,6833.366123282304,4.314016544470875,0.1707070911031642
Tiotropium,C[N+]1(C)C2CC(OC(=O)C(O)(c3cccs3)c3cccs3)CC1C1OC12,32.0,train,0.3479007388985881,0.9527581924062496,0.0005259080676649,0.3037298582668092,0.8661485157801625,1646.958031326592,4696.641490981235,5422.443617248305,3.8714015432390654,0.2644478865839737
Biperiden,OC(CC[NH+]1CCCCC1)(c1ccccc1)C1CC2C=CC1C2,12.0,train,0.2051303099791008,0.8932862434495643,0.0004179991285042,0.449488250417923,0.669758953944923,1602.2974888525605,2387.4997601042446,3564.714956092365,3.476795825601031,0.2592214272258851
Vildagliptin,N#CC1CCCN1C(=O)C[NH2+]C12CC3CC(CC(O)(C3)C1)C2,1.03,train,0.582076986249459,0.985949229112786,0.0012907400342282,0.1670452561789868,0.9239105663737306,715.7991089399554,3959.0131158343984,4285.060978762462,3.836221042116208,0.2234953395691533
Cephradine,CC1=C(C(=O)[O-])N2C(=O)C(NC(=O)C([NH3+])C3=CCC=CC3)C2SC1,0.21,train,0.5086272628996704,0.9789413036067612,0.0008909448928025,0.2041419214485232,0.8813788752043215,989.2630647804168,4271.124525185815,4845.957448430655,3.80288467016644,0.143634839187065
Flunisolide,CC1(C)OC2CC3C4CC(F)C5=CC(=O)C=CC5(C)C4C(O)CC3(C)C2(C(=O)CO)O1,1.08,train,0.4465347521739298,0.9690847305078548,0.0006093201550614,0.2467281603232962,0.98347769773225,1614.057387668511,6433.758682235326,6541.84502309569,4.097422185219047,0.3917857618660025
Budesonide,CCCC1OC2CC3C4CCC5=CC(=O)C=CC5(C)C4C(O)CC3(C)C2(C(=O)CO)O1,3.9,train,0.3303946016322278,0.9483525525089068,0.0004372529916206,0.317218278398079,0.8813579024655162,2015.6703770024344,5600.329919536882,6354.206280865564,4.027904440170236,0.3242377839538889
Triamcinolone Acetonide,CC1(C)OC2CC3C4CCC5=CC(=O)C=CC5(C)C4(F)C(O)CC3(C)C2(C(=O)CO)O1,1.4,train,0.4107915370802947,0.9645034545466888,0.000584230281583,0.2640702296123202,0.9257903696750648,1584.6326334993505,5555.482849090121,6000.799998643313,3.888668514570808,0.39619099574126
Ceftobiprole,Nc1nc(/C(=N\O)C(=O)NC2C(=O)N3C(C(=O)[O-])=C(/C=C4\CCN(C5CC[NH2+]C5)C4=O)CSC23)ns1,0.27,train,0.5455515734804567,0.9823656588665848,0.0004240872189815,0.1869698164935206,0.9497524209371668,2239.521443767912,11376.119166448363,11977.983857333043,4.892654464098895,0.2183036130003935
Linagliptin,CC#CCn1c(N2CCCC([NH3+])C2)nc2c1c(=O)n(Cc1nc(C)c3ccccc3n1)c(=O)n2C,16.0,train,0.3745505186809876,0.9577928098731586,0.000343176605195,0.2874594464533723,0.9138132150714164,2662.8074327856093,8464.876180941857,9263.245531287605,4.639973983476506,0.2795893293793209
Ceftriaxone,CO/N=C(/C(=O)NC1C(=O)N2C(C(=O)[O-])=C(CSc3nc(=O)c(=O)[n-]n3C)CSC12)c1csc(N)n1,0.12,train,0.6044863907675327,0.98743483520702,0.0003562136389016,0.158026726282884,0.9685021790081486,2718.8801136146863,16663.265616121003,17205.191663260888,5.753795147858433,0.2298165601791936
Aclidinium bromide,O=C(OC1C[N+]2(CCCOc3ccccc3)CCC1CC2)C(O)(c1cccs1)c1cccs1,4.3,train,0.5822489180298774,0.9860402374637984,0.0004669802673323,0.1665072073585279,0.906782908814814,1941.801339904141,10574.871173878935,11661.965693310802,4.994373153807651,0.1483633018682567
Dihydroergotamine,C[NH+]1C[C@H](C(=O)N[C@]2(C)O[C@@]3(O)[C@@H]4CCCN4C(=O)[C@H](Cc4ccccc4)N3C2=O)C[C@@H]2c3cccc4[nH]cc(c34)C[C@H]21,0.33,train,0.3551025624818071,0.9538761861071152,0.0002040616340841,0.3002003024278031,0.9001162202007962,4411.001726222455,13225.883415162149,14693.528589243448,5.258055919763688,0.2996072260198142
Vernakalant,COc1ccc(CCOC2CCCCC2[NH+]2CCC(O)C2)cc1OC,1.8,train,0.2223823215185067,0.9126466936661052,0.0005347451723482,0.4087493272659005,0.8556368451566667,1600.0833469881563,3349.46182336844,3914.5834384389495,3.556084121485356,0.4229372213050186
Dihydroergosine,CC(C)C[C@H]1C(=O)N2CCC[C@H]2[C@]2(O)O[C@@](C)(NC(=O)[C@@H]3C[C@@H]4c5cccc6[nH]cc(c56)C[C@H]4N(C)C3)C(=O)N12,4.02,train,0.5281353040479266,0.9808400017931876,0.0003545743052892,0.1948150170863116,0.9223173247122024,2601.196169473683,12314.904302360206,13352.133774786153,5.070870684890842,0.2306068809811867
Enoximone,CSc1ccc(C(=O)c2[nH]c(=O)[nH]c2C)cc1,1.39,train,0.6528892066893782,0.9910489537794086,0.0022867781141944,0.1334989558488735,0.9287683220020246,406.1471098734975,2825.614382708771,3042.324243593884,3.5543954580328365,0.1905950067998857
Fenoximone,CSc1ccc(C(=O)c2[nH]c(=O)[nH]c2C)cc1,1.8,train,0.6528892066893782,0.9910489537794086,0.0022867781141944,0.1334989558488735,0.9287683220020246,406.1471098734975,2825.614382708771,3042.324243593884,3.5543954580328365,0.1905950067998857
Medroxalol,CC(CCc1ccc2c(c1)OCO2)[NH2+]CC(O)c1ccc(O)c(C(N)=O)c1,7.9,train,0.7327780172254993,0.9950114623185744,0.0009346873316837,0.0997606628619313,0.9753873335820054,1043.5439751012148,10203.015358451024,10460.475553831056,5.391147739834598,0.1797449446159876
Ergotamine,CN1CC(C(=O)NC2(C)OC3(O)C4CCCN4C(=O)C(Cc4ccccc4)N3C2=O)C=C2c3cccc4[nH]cc(c34)CC21,3.6,train,0.3034916989444589,0.9415818334149691,0.0002000834368914,0.3367842795958636,0.8484480794598439,4240.471338566318,10682.86134830414,12591.060793142791,4.8632379729287605,0.3124026868523705
Tazobactam,CC1(Cn2ccnn2)C(C(=O)[O-])N2C(=O)CC2S1(=O)=O,0.26,train,0.3148850526935348,0.943863978049174,0.0011513937028243,0.3303343623379019,0.9008788499321896,782.4246803872089,2133.807216534053,2368.5839851769942,2.9713600562845497,0.3224506323660987
"Tetrahydrocannabinol, D9-",CCCCCc1cc(O)c2c(c1)OC(C)(C)C1CCC(C)=CC21,8.9,train,0.4689576029375036,0.9740594874275826,0.0008064240718533,0.2262921009498898,0.8786995191289381,1089.6246153832265,4231.047489281624,4815.124393690229,4.0144404828968,0.192570360298716
"Tetrahydrocannabinol,11-Nor-9-carboxy-D9-",CCCCCc1cc(O)c2c(c1)OC(C)(C)C1CCC(C(=O)[O-])=CC21,1.28,train,0.5330827644245671,0.9815659004566544,0.0006996955970058,0.1911239991751888,0.8576512649399421,1225.7491237760808,5500.435795830991,6413.371052645931,4.373690146545701,0.117161472179481
Naltrexone,O=C1CCC2(O)C3Cc4ccc(O)c5c4C2(CCN3CC2CC2)C1O5,7.6,train,0.2365231789219087,0.9183859088649068,0.0005936337387966,0.395685888550981,0.7887863691456052,1328.7424847930863,2648.802978412028,3358.073975442994,3.2776848052374885,0.3886965320632327
Carfilzomib,CC(C)CC(NC(=O)C(CCc1ccccc1)NC(=O)CN1CCOCC1)C(=O)NC(Cc1ccccc1)C(=O)NC(CC(C)C)C(=O)C1(C)CO1,0.13,train,0.1926569937666389,0.8983005190481211,8.670105806007917e-05,0.4393815852739802,0.8158352924538506,9409.750131175108,17471.84339871222,21415.895537150413,5.791671922870171,0.3711444680624686
Paeoniflorin,CC12CC3(O)OC(O1)C1(COC(=O)c4ccccc4)C3CC21OC1OC(CO)C(O)C(O)C1O,0.22,train,0.2648227861848293,0.9273619194655698,0.0002551762679578,0.3741655653920254,0.7437062295151395,2914.48039218873,5792.9361329643125,7789.280098865148,4.143355199189972,0.2156888477790507
Actisomide,CC1=NC(=O)C(CC[NH+](C(C)C)C(C)C)(c2ccccc2)C2CCCCN12,0.58,train,0.1377561153113492,0.8591880397195034,0.0003643664291382,0.5116599577873542,0.7682314483150876,2108.403483087296,3165.660780744334,4120.712303157301,3.560396580452804,0.4166767278705847
Scopolamine,C[NH+]1C2CC(OC(=O)C(CO)c3ccccc3)CC1C1OC12,3.1,train,0.3462644837912442,0.9517614868493716,0.0008875692571962,0.3068388374216566,0.9037773455091536,1018.2612096819234,2999.233802520968,3318.553864426989,3.4715069723287204,0.3206479128537898
Lomitapide,O=C(NC1CC[NH+](CCCCC2(C(=O)NCC(F)(F)F)c3ccccc3-c3ccccc32)CC1)c1ccccc1-c1ccc(C(F)(F)F)cc1,16.3,train,0.5936162979196732,0.9868736047664982,0.0001785182306237,0.1614945454657135,0.9283660722618948,5200.399247842766,29894.96772160949,32201.702124650703,6.959402024977171,0.2017267189311764
Cetrorelix,CC(=O)NC(Cc1ccc2ccccc2c1)C(=O)NC(Cc1ccc(Cl)cc1)C(=O)NC(Cc1cccnc1)C(=O)NC(CO)C(=O)NC(Cc1ccc(O)cc1)C(=O)NC(CCCNC(N)=O)C(=O)NC(CC(C)C)C(=O)NC(CCCNC(N)=[NH2+])C(=O)N1CCCC1C(=O)NC(C)C(N)=O,0.39,train,0.6538331050999852,0.991044242557221,5.433664281082432e-05,0.133533925630096,0.945728431525761,17404.98460345371,123267.46714053342,130341.29358008594,9.72743269288459,0.1285709819072121
Etoposide,COc1cc(C2c3cc4c(cc3C(OC3OC5COC(C)OC5C(O)C3O)C3COC(=O)C23)OCO4)cc(OC)c1O,0.18,train,0.3960126736346934,0.962711664096635,0.0002118158436819,0.2705295765942934,0.8435399738450067,3982.42151853256,12417.61357805492,14720.835956893909,5.141795085256569,0.2602488298860644
NK 611,COc1cc(C2c3cc4c(cc3C(OC3OC5COC(C)OC5C(O)C3N(C)C)C3COC(=O)C23)OCO4)cc(OC)c1O,0.3,train,0.3748731227002103,0.9586217620340676,0.0002091620175788,0.284682836424502,0.8580480555670602,4102.312960542931,12364.572811381668,14410.116928952497,5.007742360193568,0.2689943468990787
Tacrolimus,C=CCC1/C=C(\C)CC(C)CC(OC)C2OC(O)(C(=O)C(=O)N3CCCCC3C(=O)OC(/C(C)=C/C3CCC(O)C(OC)C3)C(C)C(O)CC1=O)C(C)CC2OC,1.2,train,0.3819902789937874,0.95993646717822,0.0001122315970337,0.2802177349515876,0.8135201067196141,7248.58353815596,21043.880233153188,25867.682998038206,5.8034803947694,0.1900578805061808
Topixantrone,C[NH+](C)CCNc1ccc2c3c(nn2CC[NH2+]CCO)-c2cnccc2C(=O)c13,57.0,train,0.5152965251253938,0.9794531347874244,0.0004794557191884,0.2016719037324922,0.8143330641591513,1698.453124175017,6858.2014219231405,8421.862900783297,4.627176091382833,0.0526227747254437
Ketanserin,O=C(c1ccc(F)cc1)C1CC[NH+](CCn2c(=O)[nH]c3ccccc3c2=O)CC1,3.9,train,0.7360030640779055,0.9952190534000528,0.0010158120485061,0.0976679873320978,0.9482795954080628,933.5187516259132,9063.73529627076,9558.083227943403,4.9662414265519885,0.1244986818284483
Ketamine,C[NH2+]C1(c2ccccc2Cl)CCCCC1=O,2.9,train,0.0714814126524307,0.7812644905854822,0.0010904103279508,0.6242001247598458,0.902465088090608,827.6380596894934,1196.5945292500314,1325.917805620302,2.648843978829277,0.5946327643424548
Bidisomide,CC(=O)N(CCC(CC[NH+]1CCCCC1)(C(N)=O)c1ccccc1Cl)C(C)C,2.6,train,0.1458128552891944,0.8466577869497204,0.000217939601505,0.5321377564103134,0.6606656455417814,3031.416231741471,3763.597935916915,5696.675710798557,3.907843209404697,0.3067760091853311
Sulfamethoxazole,Cc1cc([N-]S(=O)(=O)c2ccc(N)cc2)no1,0.3,train,0.2734074601158029,0.9319111161909588,0.000974141937872,0.362686740203886,0.7861010801195768,806.9677010690607,1749.052587572937,2224.9716121836163,3.0782713389630008,0.2674558698078572
Avosentan,COc1ccccc1Oc1c([N-]S(=O)(=O)c2ccc(C)cn2)nc(-c2ccncc2)nc1OC,0.27,train,0.2708657344813092,0.930568874266342,0.0002747391341422,0.3661168805814246,0.7693528857648302,2800.3032337088407,5884.517999959681,7648.659163876087,4.131225115910992,0.2470122446150318
Desmethyldiazepam,O=C1CN=C(c2ccccc2)c2cc(Cl)ccc2N1,0.45,train,0.1785265848393933,0.8450548466663791,0.0003992634182468,0.5346796294283732,0.5762989351603909,1443.405302922357,1555.7595488878628,2699.570403431123,3.2442541911992824,0.2529981126324718
Oxazepam,O=C1Nc2ccc(Cl)cc2C(c2ccccc2)=NC1O,0.59,train,0.1493907019368573,0.8233590974529628,0.0003773458248087,0.5675207455604089,0.5973340981818621,1582.9884920141246,1666.1470275871577,2789.30506840058,3.24503900775026,0.3028579393772032
Flunitrazepam,CN1C(=O)CN=C(c2ccccc2F)c2cc([N+](=O)[O-])ccc21,1.9,train,0.1409361856130714,0.80929842873094,0.0003179640216212,0.5873976959893796,0.5938175652790011,1867.56212936062,1887.9733513361296,3179.382796548092,3.3268544114467065,0.3401390098886393
Phenazepam,O=C1CN=C(c2ccccc2Cl)c2cc(Br)ccc2N1,6.23,train,0.1453660995561372,0.8514608924311844,0.0003540036717981,0.5244181048174167,0.6793598200306308,1919.075631560192,2486.075258854415,3659.438173341373,3.39610488661531,0.3606227345455717
Nitrazepam,O=C1CN=C(c2ccccc2)c2cc([N+](=O)[O-])ccc2N1,1.7,train,0.1800363766433023,0.850207127370909,0.0003752381958481,0.5264483265883815,0.5837075660997632,1555.5654316598325,1724.756763702338,2954.830233273959,3.3292473371211635,0.2649198584276676
Diazepam,CN1C(=O)CN=C(c2ccccc2)c2cc(Cl)ccc21,1.0,train,0.1606044400359139,0.8402236996410982,0.0003873789049464,0.5422399234300492,0.6042713661115152,1559.8974502624803,1738.3474040446176,2876.766137755093,3.2928735502706283,0.3435759205858804
Lorazepam,O=C1Nc2ccc(Cl)cc2C(c2ccccc2Cl)=NC1O,1.3,train,0.0891092299482546,0.77842051887783,0.0003857980127125,0.6277431766176115,0.6888734070497011,1785.580496400537,1959.462031502431,2844.444293320005,3.202934415868197,0.3577127530166016
Chlorazepate,O=C([O-])C1N=C(c2ccccc2)c2cc(Cl)ccc2NC1=O,0.2,train,0.1178351283333695,0.82004311218577,0.0003932662946847,0.572301750964189,0.6771874331922,1721.9564512513762,2037.5392305319635,3008.8261102649067,3.284387558146184,0.3277445040491317
Lormetazepam,CN1C(=O)C(O)N=C(c2ccccc2Cl)c2cc(Cl)ccc21,1.6,train,0.0990124222949629,0.7965753392816496,0.0003436426886922,0.6045392698976015,0.6887431545317226,2004.2421305478852,2283.405092398296,3315.3216512921804,3.3676820468334965,0.4297431842079201
Clonazepam,O=C1CN=C(c2ccccc2Cl)c2cc([N+](=O)[O-])ccc2N1,2.9,train,0.1137315558873219,0.7976773164006299,0.0003550570858227,0.6030844873646556,0.6426655660829291,1810.0344754245912,1928.8289703180576,3001.295031371205,3.2671702077029274,0.3014717561234339
Delorazepam (Chlordesmethyldiazepam),O=C1CN=C(c2ccccc2Cl)c2cc(Cl)ccc2N1,2.2,train,0.115375342772036,0.8175832104409482,0.00040868463913,0.5758104670853701,0.679477658205633,1662.596518557706,1961.92541391044,2887.40238949357,3.2664275141040435,0.3603900779919818
Remimazolam,COC(=O)CCC1[NH+]=C(c2ccccn2)c2cc(Br)ccc2-n2c(C)cnc21,0.44,train,0.2438198318897143,0.9208749617431444,0.0003122338689904,0.3898580572908069,0.8860479141804279,2837.7700249028385,6449.5273714795485,7278.982624145331,4.337233483689418,0.2922764976650829
Escin Ia,C/C=C(\C)C(=O)OC1C(OC(C)=O)C2(CO)C(O)CC3(C)C(=CCC4C5(C)CCC(OC6OC(C(=O)[O-])C(OC7OC(CO)C(O)C(O)C7O)C(O)C6OC6OC(CO)C(O)C(O)C6O)C(C)(CO)C5CCC43C)C2CC1(C)C,0.28,train,0.6164826743646815,0.9886441288413532,8.584617772461898e-05,0.1502757016537332,0.9221379140283944,10741.746906734366,65914.66202846981,71480.26453062656,8.095187736025123,0.1430046790466862
Escin Ib,C/C=C(/C)C(=O)OC1C(OC(C)=O)C2(CO)C(O)CC3(C)C(=CCC4C5(C)CCC(OC6OC(C(=O)[O-])C(OC7OC(CO)C(O)C(O)C7O)C(O)C6OC6OC(CO)C(O)C(O)C6O)C(C)(CO)C5CCC43C)C2CC1(C)C,0.23,train,0.6437128861011412,0.9904205205555354,9.493509054840356e-05,0.138084005092922,0.9423134978329686,9925.871375795665,67736.17674887087,71882.84674330067,8.133574085769355,0.146865304678168
Azithromycin,CCC1OC(=O)C(C)C(OC2CC(C)(OC)C(O)C(C)O2)C(C)C(OC2OC(C)CC([NH+](C)C)C2O)C(C)(O)CC(C)C[NH+](C)C(C)C(O)C1(C)O,33.0,train,0.2343809272597422,0.9099218888446544,8.394496198566827e-05,0.4147796477665897,0.6816420192932017,8120.106355037446,13344.448606692524,19576.91607763479,5.2272470152700645,0.2020838111838269
Indinavir,CC(C)(C)NC(=O)C1CN(Cc2cccnc2)CCN1CC(O)CC(Cc1ccccc1)C(=O)NC1c2ccccc2CC1O,0.82,train,0.1786574603289156,0.8874811768532324,0.0001208793531102,0.460843965709872,0.9151785657346831,7571.008134860757,15035.07668881919,16428.571703653695,5.638916711038871,0.5101382421281369
Iodixanol,CC(=O)N(CC(O)CN(C(C)=O)c1c(I)c(C(=O)NCC(O)CO)c(I)c(C(=O)NCC(O)CO)c1I)c1c(I)c(C(=O)NCC(O)CO)c(I)c(C(=O)NCC(O)CO)c1I,0.2,train,0.3369800691881807,0.9502946496678908,4.53381681148822e-05,0.3113520175180829,0.819445196293461,18074.06938491807,47569.01674512399,58050.272257729484,6.316347387735283,0.2044124519865359
Bendamustine,Cn1c(CCCC(=O)[O-])[nH+]c2cc(N(CCCl)CCCl)ccc21,0.22,train,0.3762597436679635,0.9579836050446214,0.0005968360244567,0.2868229636303738,0.9209739626537752,1543.09378944095,4954.79575282293,5379.952043970654,4.071450422558215,0.3100178652292319
Biricodar,COc1cc(C(=O)C(=O)N2CCCCC2C(=O)OC(CCCc2cccnc2)CCCc2cccnc2)cc(OC)c1OC,1.34,train,0.2649908569196006,0.9288540866763784,0.0001118006594751,0.3704457931527778,0.7787518652710393,6965.539102602218,14642.969819157095,18803.126479909886,5.785246553111714,0.2723425538992646
Tubocurarine,COc1cc2c3cc1Oc1cc(ccc1O)CC1c4c(cc(OC)c(O)c4Oc4ccc(cc4)CC3[NH+](C)CC2)CC[N+]1(C)C,0.45,train,0.2836276548593068,0.935507925477264,0.000169686047366,0.3533057052599428,0.8017306136922443,4724.788078554322,10721.613575410987,13373.08740904165,4.85731252421223,0.2656623560189561
Metocurine,COc1ccc2cc1Oc1cc3c(cc1OC)CC[N+](C)(C)C3Cc1ccc(cc1)Oc1c(OC)c(OC)cc3c1C(C2)[N+](C)(C)CC3,0.4,train,0.2354703058667011,0.9184310158298196,0.0001432866519514,0.3955811789782294,0.8177164264746047,5706.856956581767,11796.796523513583,14426.512836941216,4.945211555905855,0.363202097200454
Risedronic acid (Risedronate),O=P([O-])(O)C(O)(Cc1cccnc1)P(=O)([O-])O,6.3,train,0.179200500197461,0.8892295227520352,0.0008823493399607,0.4574613162510989,0.7715993307023705,874.4828105574196,1474.988873084221,1911.599471893748,2.753063889942651,0.359120002444344
Nicorandil,O=C(NCCO[N+](=O)[O-])c1cccnc1,1.4,train,0.5075755773738378,0.9781957179273604,0.0021975391489042,0.2076851882744068,0.9508310687338772,432.6799225433617,1980.909262667402,2083.345115452709,3.2630217265989723,0.2908630292189862
Triapine,NC(=S)N/N=C/c1ncccc1N,0.41,train,0.680261139169955,0.9926248733553944,0.0034174194928895,0.1212264855392074,0.8823618332826842,258.19535328295444,1879.3065249271383,2129.8592641246537,3.3057352430226823,0.0118167301022466
Metadoxine,Cc1ncc(CO)c(CO)c1O,0.66,train,0.2767692291929812,0.9232118696193572,0.0016529975012277,0.3842913527441525,0.649338816718389,392.8250443428316,663.7582335628141,1022.2063065893666,2.4786531492438475,0.0934773291643886
Isoniazide,NNC(=O)c1ccncc1,0.82,train,0.5385173644221927,0.982000942931024,0.0059251997808826,0.1888760124594426,0.8328666456898973,140.56347068281178,619.8279220833417,744.2102829918384,2.342127500292277,0.0502838869736319
Pinacidil,C[C@@H](N/C(=N\c1ccncc1)NC#N)C(C)(C)C,1.1,train,0.140756717142226,0.8301524639010907,0.0005344535026303,0.5575364442607752,0.6312684685859813,1181.1475937180676,1337.3497649091323,2118.5119033503256,3.074175481212307,0.4830029630373262
Penclomedine,COc1nc(C(Cl)(Cl)Cl)c(Cl)c(OC)c1Cl,9.1,train,0.2289973632560507,0.9111187525051504,0.0006176509266026,0.4121439297544714,0.7159891266801589,1159.2132316847917,2013.8209238809588,2812.6417690426147,3.032695618276894,0.1406913246115351
Benzydamine,C[NH+](C)CCCOc1nn(Cc2ccccc2)c2ccccc12,1.53,train,0.496067528131308,0.977514614676511,0.0007616483088044,0.2108676791114094,0.8627914995670238,1132.7951360140255,4634.973070422006,5372.066220805354,4.23593047461133,0.1548054072390817
Methylnaltrexone,C[N+]1(CC2CC2)CCC23c4c5ccc(O)c4OC2C(=O)CCC3(O)C1C5,2.6,train,0.1465842012906353,0.8614831358782092,0.0004288836840968,0.507786181967811,0.7243148650166926,1688.837537715917,2408.98664950944,3325.883211652604,3.2270150384226257,0.4207216128790065
GSK2239633,COc1cccc2c1c([N-]S(=O)(=O)c1ccc(Cl)s1)nn2Cc1cccc(CNC(=O)C(C)(C)O)c1,1.65,train,0.6488255596131478,0.9907594435468432,0.0004064508642573,0.1356308409719175,0.9393287482222776,2311.051176969745,16005.480712090291,17039.274846406428,5.679354102137926,0.1297786574727841
Pentamidine,NC(=[NH2+])c1ccc(OCCCCCOc2ccc(C(N)=[NH2+])cc2)cc1,53.0,train,0.84710056387183,0.9985456258799996,0.0015077648611341,0.0539131990881594,0.9652597954360894,640.1925262471012,11461.981803649003,11874.504519760569,5.916779281875178,0.0570634913973584
Rosiglitazone,CN(CCOc1ccc(CC2SC(=O)[N-]C2=O)cc1)c1ccccn1,0.2,train,0.6910523169060063,0.9930835440573396,0.0009264009188066,0.1174098570074668,0.963645177855986,1040.2031758531753,8537.501023765375,8859.589836541763,5.085671397129321,0.1414414762185554
Gisadenafil,CCOc1ncc(S(=O)(=O)N2CC[NH+](CC)CC2)cc1-c1nc(=O)c2nn(CCOC)c(CC)c2[n-]1,2.4,train,0.449125244686183,0.9713426218855508,0.0002780647494535,0.2376836361815937,0.8429122612824314,3031.35245635711,10750.273745306731,12753.728043949615,5.053021831962512,0.1358626560734605
Rabeprazole,COCCCOc1ccnc(CS(=O)c2nc3ccccc3[nH]2)c1C,0.22,train,0.7863313042104908,0.9969783476948572,0.0014248802552996,0.0776799473972027,0.975901049913771,684.9003951623415,8604.473060564338,8816.95235528706,5.018573852687563,0.0835950043254369
Pantoprazole,COc1ccnc(CS(=O)c2nc3ccc(OC(F)F)cc3[nH]2)c1OC,0.17,train,0.3933300336047078,0.9621096686584572,0.0004665913659618,0.2726627687710842,0.817367289616104,1751.7840003986005,5251.362138117141,6424.727542722645,4.184814047115515,0.2541337218148188
Lansoprazole,Cc1c(OCC(F)(F)F)ccnc1CS(=O)c1nc2ccccc2[nH]1,0.28,train,0.76747899001838,0.9963837524280144,0.0014031004319239,0.08496715775798,0.9618256330714512,685.5002045381675,7759.841397526425,8067.825529609241,4.727924758762564,0.0828735655438751
Omeprazole,COc1ccc2nc(S(=O)Cc3ncc(C)c(OC)c3C)[nH]c2c1,0.24,train,0.753184699239673,0.9958254707055508,0.0015226610616197,0.0912777732751426,0.9779903117241476,642.290222279527,6881.780658814442,7036.655247312429,4.590925701958513,0.1086722689188807
Esomeprazole,COc1ccc2nc(S(=O)Cc3ncc(C)c(OC)c3C)[nH]c2c1,0.2,train,0.753184699239673,0.9958254707055508,0.0015226610616197,0.0912777732751426,0.9779903117241476,642.290222279527,6881.780658814442,7036.655247312429,4.590925701958513,0.1086722689188807
DX-52-1,COc1cccc2c1C(CO)N1C(C#N)C3CC(C(=O)[O-])C(C1C2)N3C,0.23,train,0.1981871009568348,0.8950936959395385,0.0006332172922219,0.4458780948749301,0.9612783648067952,1518.0860924276894,3272.875104963757,3404.711085556953,3.390839455990399,0.4504010434055187
Rifabutin,COC1/C=C\OC2(C)Oc3c(C)c([O-])c4c(c3C2=O)C2=NC3(CC[NH+](CC(C)C)CC3)NC2=C(NC(=O)/C(C)=C\C=C/C(C)C(O)C(C)C(O)C(C)C(OC(C)=O)C1C)C4=O,9.3,train,0.1014948006643452,0.8256285143404519,7.262140576197133e-05,0.564214105023951,0.812930020672646,11194.082683240236,16128.63944036191,19840.132643910143,5.276409195249596,0.4110389181969363
Coumarin,O=c1ccc2ccccc2o1,1.1,train,0.4619982602576114,0.9721958905785784,0.0043129781209645,0.2341690635889477,0.7658309364227226,177.5642989469768,580.7096430829545,758.273942021082,2.277828828224393,2.0524156188734723e-11
"Hydroxystaurosporine, 7-",C[NH2+]C1CC2OC(C)(C1OC)n1c3ccccc3c3c4c(c5c6ccccc6n2c5c31)C(=O)NC4O,0.15,train,0.2041374367560556,0.8711831867915637,0.0001591105175734,0.4909580990794383,0.5852975970542103,3678.560072461136,4385.409620633827,7492.615111877267,4.010719937465346,0.1733074258370474
Darifenacin,NC(=O)C(c1ccccc1)(c1ccccc1)C1CC[NH+](CCc2ccc3c(c2)CCO3)C1,2.6,train,0.5010670506894886,0.9776445202330653,0.0004682507214617,0.2102645763276822,0.9343712078976788,1995.4506529767225,8867.359730706115,9490.189397699382,4.878615811268914,0.2648643447540336
Thalidomide,O=C1CCC(N2C(=O)c3ccccc3C2=O)C(=O)N1,0.95,train,0.5347368391188582,0.9813210540768876,0.0019881399726326,0.1923772045368842,0.943882637280665,474.7566319642892,2329.353641060019,2467.842451017967,3.194956028172153,0.2257162885469394
Azelastine,C[NH+]1CCCC(n2nc(Cc3ccc(Cl)cc3)c3ccccc3c2=O)CC1,15.0,train,0.3812335881627827,0.9599098335536932,0.0004254835080688,0.2803089571293093,0.8330801297525834,1957.9610348086796,5819.073530984087,6985.010592813316,4.390430202155191,0.2298995367126655
Nomifensine,C[NH+]1Cc2c(N)cccc2C(c2ccccc2)C1,6.0,train,0.283625361254929,0.9345017800065988,0.000967120376347,0.355958457076803,0.7626350178050127,788.562661336542,1689.482262080388,2215.3221693687656,3.131250454653643,0.2607526955854453
Mizolastine,CN(c1nccc(=O)[nH]1)C1CCN(c2nc3ccccc3n2Cc2ccc(F)cc2)CC1,0.38,train,0.3432932655746368,0.9513846914593082,0.0002848920659585,0.3080051442052176,0.7886112077315673,2768.105194780636,7087.410135362938,8987.20442453488,4.667262575381771,0.2523560844592565
Ketorolac,O=C(c1ccccc1)c1ccc2n1CCC2C(=O)[O-],0.11,train,0.3346772070888338,0.949745742403496,0.0011082633626565,0.3130224030104431,0.8201661674836092,740.0462697942673,1939.033459012375,2364.1958616284014,3.14918418041451,0.312604588989318
Traxoprodil,CC(C(O)c1ccc(O)cc1)[NH+]1CCC(O)(c2ccccc2)CC1,4.4,train,0.5795902326835533,0.9858148146874244,0.0009529429586097,0.1678366799683525,0.9075018638689714,952.3149897586304,5149.217848918824,5674.057601343161,4.234026928735332,0.1720435463295264
Clavulanic Acid,O=C([O-])C1/C(=C/CO)OC2CC(=O)N21,0.22,train,0.3059057871013685,0.9419905297071374,0.0018828744195761,0.3356394523027153,0.795445408215624,422.4633358153913,1001.212814251424,1258.6819961628617,2.601608617114654,0.2875977334335171
Torsemide,Cc1cccc(Nc2ccncc2S(=O)(=O)[N-]C(=O)NC(C)C)c1,0.21,train,0.1851594265979195,0.8937686413626824,0.0004648264893848,0.4485282774995405,0.7965142546244146,1713.5732855470096,3043.031212860785,3820.4353471309614,3.5133895725572275,0.262045425131227
Phencyclidine,c1ccc(C2([NH+]3CCCCC3)CCCCC2)cc1,6.9,train,0.1222460752078908,0.8455405042524377,0.000796914618431,0.5339112807091956,0.7755469220139202,973.186968938754,1413.6284165076418,1822.7503409294284,2.9346159375089096,0.5436409682754778
Zolpidem,Cc1ccc(-c2nc3ccc(C)cn3c2CC(=O)N(C)C)cc1,0.54,train,0.2678699150043452,0.926851870475629,0.0004809140280221,0.3754272368859615,0.718021932897767,1493.0359504187838,2855.5002239520163,3976.898327364307,3.6799222593125256,0.189150202185077
619C89,C[NH+]1CCN(c2ncc(-c3cc(Cl)cc(Cl)c3Cl)c(N)n2)CC1,15.31,train,0.568653245965976,0.9848740481745109,0.0007786117593545,0.173271778522504,0.9064519098694976,1164.189853259991,6090.3288748845625,6718.865952592444,4.323915181662307,0.2049937485244696
Sipatrigine,C[NH+]1CCN(c2ncc(-c3cc(Cl)cc(Cl)c3Cl)c(N)n2)CC1,24.0,train,0.568653245965976,0.9848740481745109,0.0007786117593545,0.173271778522504,0.9064519098694976,1164.189853259991,6090.3288748845625,6718.865952592444,4.323915181662307,0.2049937485244696
Phylloquinone,CC1=C(C/C=C(\C)CCCC(C)CCCC(C)CCCC(C)C)C(=O)c2ccccc2C1=O,0.32,train,0.7142393860504932,0.9942281338679664,0.0004393248382644,0.1072866153134711,0.9635908677728038,2193.3448415515318,19699.44762466813,20443.788212937776,6.853236830231315,0.1543767582895199
Moclobemide,O=C(NCCN1CCOCC1)c1ccc(Cl)cc1,1.1,train,0.5331879511772188,0.9815136786656976,0.0011978829636217,0.1913920024246818,0.900855923749034,752.0400165182764,3539.749285205467,3929.317876352881,3.910936537614736,0.3153994209663823
Carocainide,CNC(=O)Nc1c(OCCN2CCCC2)c(OC)c2occc2c1OC,0.8,train,0.2707212153609094,0.9308046499118472,0.0004133774072066,0.3655170361316746,0.7782924878213779,1882.7649364790911,4008.9562497636703,5150.963567675789,3.89781760029361,0.2389162610390212
Dynorphin A (1-13),CC[C@H](C)[C@H](NC(=O)[C@H](CCCNC(N)=[NH2+])NC(=O)[C@H](CCCNC(N)=[NH2+])NC(=O)[C@H](CC(C)C)NC(=O)[C@H](Cc1ccccc1)NC(=O)CNC(=O)CNC(=O)[C@@H]([NH3+])Cc1ccc(O)cc1)C(=O)N[C@@H](CCCNC(N)=[NH2+])C(=O)N1CCC[C@H]1C(=O)N[C@@H](CCCC[NH3+])C(=O)N[C@@H](CC(C)C)C(=O)N[C@@H](CCCC[NH3+])C(=O)[O-],0.12,train,0.0,0.0,0.0,0.0,0.0,0.0,0.0,0.0,0.0,0.0
Sulfinpyrazone,O=c1[c-](CC[S@](=O)c2ccccc2)c(=O)n(-c2ccccc2)n1-c1ccccc1,0.12,train,0.4113666849520292,0.9654084401328956,0.00042288727666,0.2607422936927753,0.8564503712372273,2025.2450676722965,6652.246037606909,7767.22885646845,4.514250165765199,0.1941222700612208
Artesunate,CC1CCC2C(C)C(OC(=O)CCC(=O)O)OC3OC4(C)CCC1C32OO4,15.0,train,0.4788009929086728,0.975207920097187,0.0006687442641273,0.2212905614338718,0.9016393190434392,1348.2572747296588,5493.41898364645,6092.701225002576,4.101587268651356,0.2157905438413406
Fosinoprilat,O=C([O-])C1CC(C2CCCCC2)CN1C(=O)CP(=O)([O-])CCCCc1ccccc1,0.13,train,0.5768389991246208,0.985405356258793,0.00055801292567,0.1702242164219926,0.9383087076182196,1681.517872532147,9268.850783846114,9878.25297643666,4.901491236880822,0.1578315455776609
Colchicine,COc1cc2c(c(OC)c1OC)-c1ccc(OC)c(=O)cc1C(NC(C)=O)CC2,6.1,train,0.2081442149123709,0.9060321368708314,0.0003973934846745,0.4232088928145,0.8550224491547429,2151.576415136737,4346.898581878676,5083.958422584024,3.807654207061728,0.5313744270158046
Ciclesonide,CC(C)C(=O)OCC(=O)C12OC(C3CCCCC3)OC1CC1C3CCC4=CC(=O)C=CC4(C)C3C(O)CC12C,2.9,train,0.2808422675315949,0.9343045341137844,0.0001938400674391,0.3564758582771407,0.7851225245380761,4050.362419445025,8920.746508383538,11362.234848162108,4.743609368207364,0.2443874387667393
Aplidine,CCC(C)C1NC(=O)C(NC(=O)C(CC(C)C)N(C)C(=O)C2CCCN2C(=O)C(C)=O)C(C)OC(=O)C(Cc2ccc(OC)cc2)N(C)C(=O)C2CCCN2C(=O)C(CC(C)C)NC(=O)C(C)C(=O)C(C(C)C)OC(=O)CC1O,13.3,train,0.2547219156092846,0.9249998026140428,4.37314722794812e-05,0.3799675843594849,0.7734236759328538,17685.74519947603,35999.31843356764,46545.405259475134,6.7182098568509625,0.2599157689347127
Verapamil,COc1ccc(CC[NH+](C)CCCC(C#N)(c2ccc(OC)c(OC)c2)C(C)C)cc1OC,3.7,train,0.5398368162247812,0.982110240510859,0.0003466194972784,0.1883068652059785,0.9145810740037876,2638.5736555063363,12815.196753721268,14012.09484646322,5.686482254127644,0.2203261249001806
Gallopamil,COc1ccc(CC[NH+](C)CCCC(C#N)(c2cc(OC)c(OC)c(OC)c2)C(C)C)cc1OC,1.75,train,0.624122253101164,0.989068163370643,0.0004202398592631,0.1474590390807668,0.9471934006207152,2253.9351747392075,14478.00376462872,15285.16114569737,5.741383251711814,0.211194494180048
Doxofylline,Cn1c(=O)c2c(ncn2CC2OCCO2)n(C)c1=O,1.03,train,0.461805685684229,0.9730659574799492,0.0013195362330952,0.2305268799806864,0.829960132217998,628.9786603821801,2264.4960630050123,2728.439566070889,3.249201125982042,0.1360862431923262
Quinidine,C=CC1C[NH+]2CCC1CC2C(O)c1ccnc2ccc(OC)cc12,2.9,train,0.2507694255608378,0.9234942143756072,0.0006091487932536,0.3836123512281375,0.8885938104109071,1458.746730276927,3379.0187185874665,3802.65840139594,3.6435304052578577,0.4247791963977725
Quinine,C=CC1C[NH+]2CCC1CC2C(O)c1ccnc2ccc(OC)cc12,1.8,train,0.2507694255608378,0.9234942143756072,0.0006091487932536,0.3836123512281375,0.8885938104109071,1458.746730276927,3379.0187185874665,3802.65840139594,3.6435304052578577,0.4247791963977725
"Hydroxydihydroquinidine, 3(S)-",CCC1(O)C[NH+]2CCC1CC2C(O)c1ccnc2ccc(OC)cc12,6.8,train,0.3598005194237941,0.9553520414302528,0.0006742282071799,0.2954699256016572,0.8722086457300057,1293.6401005502255,3818.744252449266,4378.246273004002,3.7170865552813,0.257627764101656
Dihydroquinidine,CCC1C[NH+]2CCC1CC2C(O)c1ccnc2ccc(OC)cc12,2.8,train,0.3313672849703863,0.948946705373074,0.0006801483354058,0.3154364442508005,0.8504615742831184,1250.4060217624135,3371.272702134686,3964.050586267158,3.620782412378724,0.2624887466891557
Nafarelin,CC(C)CC(NC(=O)C(Cc1ccc2ccccc2c1)NC(=O)C(Cc1ccc(O)cc1)NC(=O)C(CO)NC(=O)C(Cc1c[nH]c2ccccc12)NC(=O)C(Cc1c[nH]cn1)NC(=O)C1CCC(=O)N1)C(=O)NC(CCCNC(N)=[NH2+])C(=O)N1CCCC1C(=O)NCC(N)=O,0.14,train,0.0,0.0,0.0,0.0,0.0,0.0,0.0,0.0,0.0,0.0
Cibenzoline,c1ccc(C2(c3ccccc3)CC2C2=[NH+]CCN2)cc1,4.1,train,0.2260063572130129,0.9144760117047692,0.0008386874928917,0.4046401166673155,0.8257352175640563,984.5564940011026,2009.150692902054,2433.165802021996,3.2098270012069507,0.4474031712064412
Articaine,CCC[NH2+]C(C)C(=O)Nc1c(C)csc1C(=O)OC,7.7,train,0.3335369614674023,0.9490188035847742,0.0007330524681518,0.3152194639335011,0.7862746775817998,1072.603547143204,2675.4725031225653,3402.7199137978387,3.5395135602217964,0.2242220097026736
Propoxyphene,CCC(=O)OC(Cc1ccccc1)(c1ccccc1)C(C)C[NH+](C)C,12.0,train,0.166811480434957,0.882398535790406,0.000524384870842,0.4705027354170725,0.870183394924244,1659.4365003836124,3069.087550118038,3526.943363916092,3.4818140100439434,0.4945657591221435
Erlotinib,C#Cc1cccc(Nc2ncnc3cc(OCCOC)c(OCCOC)cc23)c1,0.77,train,0.4049961131360142,0.963809165574343,0.0003250449495463,0.2665931213570385,0.787435498523986,2422.543403990859,7155.460963536117,9087.043925437349,4.870332925701485,0.1033684027036544
Naloxone,C=CCN1CCC23c4c5ccc(O)c4OC2C(=O)CCC3(O)C1C5,1.7,train,0.1759027528131153,0.8828225893780827,0.0005097583282778,0.4697065846715128,0.7212376759803208,1414.861976687981,2172.5302501624724,3012.2251270491734,3.174814154729105,0.4322484140962914
Cilazaprilat,O=C([O-])C(CCc1ccccc1)[NH2+]C1CCCN2CCCC(C(=O)[O-])N2C1=O,3.7,train,0.3375629298118481,0.9474934127652558,0.0005906502813596,0.3197752847961341,0.9668276505426708,1636.8868026559398,4949.061096529369,5118.865905160563,3.8815309024467455,0.3369302809389722
Brotizolam,Cc1nnc2n1-c1sc(Br)cc1C(c1ccccc1Cl)=NC2,0.75,train,0.1464634838389802,0.8348250124974717,0.0002485162527583,0.5505153935255548,0.6267606745876783,2522.0108046502423,2871.3042574832625,4581.181260889068,3.559175774504874,0.3789598680763736
Dobesilic acid,O=S(=O)(O)c1cc(O)ccc1O,0.12,train,0.3032974117657389,0.9402260534018076,0.0021612184459104,0.3405509778351274,0.7574852537463084,350.48990775534014,779.5923488439004,1029.184852098779,2.382650446207927,0.0830050370680605
Tocainide,Cc1cccc(C)c1NC(=O)C(C)[NH3+],1.8,train,0.3922606792719544,0.9619957515170754,0.0020819904503809,0.27306441376184,0.8310501643816459,399.1613718639239,1214.81638391606,1461.7846623253608,2.8208446669817104,0.1935389549096949
Ibuprofen,CC(C)Cc1ccc(C(C)C(=O)[O-])cc1,0.15,train,0.5590626981959208,0.983393062961315,0.0026280797954733,0.1814885222805101,0.9740844845638488,370.6449424563264,1989.324080620054,2042.250043137464,3.274542875792236,0.265839267952034
Ibutilide,CCCCCCC[NH+](CC)CCCC(O)c1ccc(NS(C)(=O)=O)cc1,12.0,train,0.2885630059656559,0.93715119814464,0.000386826938079,0.3489235329066608,0.8113149856978754,2097.3590663744026,4876.76720100748,6010.941849930939,4.103382335352494,0.3067626065194314
Tolbutamide,CCCCNC(=O)[N-]S(=O)(=O)c1ccc(C)cc1,0.12,train,0.3775850944868089,0.958992312438978,0.0011280314725285,0.2834320812521785,0.8790261016265805,779.2567167086364,2416.7588609888758,2749.359611184265,3.322151014459586,0.1737114384203947
Idrocilamide,O=C(/C=C/c1ccccc1)NCCO,0.11,train,0.609360570148213,0.9881470633511424,0.0024924803566708,0.1535101989788094,0.8603308402952775,345.17055991743126,1934.4700211088093,2248.51874477134,3.4408666290655363,0.0604521145594355
Metaproterenol,CC(C)NCC(O)c1cc(O)cc(O)c1,6.03,train,0.3112765246406498,0.94113725941754,0.001580269779183,0.3380246424982087,0.9489014981761678,600.4680407586488,1685.6316133395794,1776.40315309802,3.1007887065407456,0.410183673827919
Iopentol,COC[C@@H](O)CN(C(C)=O)c1c(I)c(C(=O)NC[C@H](O)CO)c(I)c(C(=O)NC[C@H](O)CO)c1I,0.2,train,0.1988346553090555,0.8898005516157927,9.888378625384704e-05,0.4563496229254835,0.6709184263093559,6784.918455559787,9975.08617112364,14867.807739303607,4.351436558577027,0.1880948620821296
INO-1001,NC(=O)c1cccc(N)c1,1.9,train,0.4040504808791394,0.9626822603376278,0.0038703610547446,0.2706341915413419,0.7483491301801602,193.35382916349792,534.6559096890878,714.4471585880949,2.3015542818850454,0.0386416504841858
Iohexol,CC(=O)N(CC(O)CO)c1c(I)c(C(=O)NCC(O)CO)c(I)c(C(=O)NCC(O)CO)c1I,0.16,train,0.2060032928834993,0.8920508004251966,9.947554203515304e-05,0.4519351385550434,0.6597868309589489,6632.65379067541,9683.10992455524,14676.11881625705,4.344102982357836,0.1956241489633476
Iomeprol,CN(C(=O)CO)c1c(I)c(C(=O)NCC(O)CO)c(I)c(C(=O)NCC(O)CO)c1I,0.23,train,0.2237537319357656,0.9064596091893062,0.0001272893741937,0.4222925252811966,0.6942670263513865,5454.241807292433,8967.00749801062,12915.790549834042,4.193973131757168,0.1901416952307305
Iopamidol,CC(O)C(=O)Nc1c(I)c(C(=O)NC(CO)CO)c(I)c(C(=O)NC(CO)CO)c1I,0.28,train,0.1704235244318952,0.8452236104670581,9.109107520359196e-05,0.5344128070219041,0.5931834079776531,6511.981625552953,7228.11916664084,12185.302335552084,4.084253218938403,0.1369292449273107
Iopromide,COCC(=O)Nc1c(I)c(C(=O)NCC(O)CO)c(I)c(C(=O)N(C)CC(O)CO)c1I,0.22,train,0.1945956179653243,0.8515972134986944,7.65702575309526e-05,0.5241967054086272,0.5588661070423792,7298.73615504642,7781.461079806939,13923.65896187164,4.281471566895282,0.1364321692910427
Acebutolol,CCCC(=O)Nc1ccc(OCC(O)C[NH2+]C(C)C)c(C(C)=O)c1,1.7,train,0.5565704173956834,0.9838166734666002,0.0008589145256854,0.1791779925356704,0.8959824844538382,1043.156749198981,5216.3223987232905,5821.90220147327,4.231019408277403,0.1570070676471401
Acecainide (N-acetylprocainamide),CC[NH+](CC)CCNC(=O)c1ccc(NC(C)=O)cc1,1.9,train,0.699991926183558,0.9935723952072656,0.0017511925861199,0.113198478267585,0.9551144819016694,545.4080204952664,4601.891358371041,4818.156823680968,4.230753276856095,0.1429993697471159
Iothalamic acid (Iothalamate),CNC(=O)c1c(I)c(NC(C)=O)c(I)c(C(=O)[O-])c1I,0.17,train,0.2042686595916896,0.8561964575265977,0.0001504298199815,0.5166503906113932,0.5508125312213101,3661.591373896512,3903.704419089578,7087.174306717279,3.4573482994790443,0.1417583280837106
Acetaminophen,CC(=O)Nc1ccc(O)cc1,1.0,train,0.6533915840154584,0.9910842989277514,0.0061480305886229,0.1332363029316244,0.8698360175921537,141.48205755543952,923.668600801118,1061.8881974535632,2.652449289840219,0.0262216887308787
Trospium,Nc1cccc(N)c1N,5.1,train,0.2542814953826048,0.8966522841876278,0.0025794600097761,0.4427354529073878,0.5669542094631012,219.7956965079295,281.46400867317004,496.4492792807961,2.012583309531684,0.0508575274009489
Acetylsalicylic Acid,CC(=O)Oc1ccccc1C(=O)[O-],0.22,train,0.2119580592264408,0.8918235265766895,0.0013912549174475,0.452383462832492,0.6408904135391704,460.65635096908113,652.6105915178803,1018.2873354494224,2.439066165930849,0.0955583005199719
Isoproterenol,CC(C)[NH2+]CC(O)c1ccc(O)c(O)c1,1.5,train,0.603777608067458,0.987352020332534,0.0026494750803287,0.1585433314436886,0.9712695936748692,366.5894428998977,2245.8035668144416,2312.235018412633,3.4058728566743044,0.2424785021913789
Albuterol (salbutamol),CC(C)(C)[NH2+]CC(O)c1ccc(O)c(CO)c1,1.9,train,0.3857888729807842,0.9597588461489086,0.0013946205556075,0.280825492501866,0.9276093839273002,665.1338818989427,2197.038541340232,2368.495381146792,3.2988753319324675,0.3786039129879544
Ixazomib,CC(C)CC(NC(=O)CNC(=O)c1cc(Cl)ccc1Cl)B(O)O,3.61,train,0.4190329287689575,0.9659760441169902,0.0006062984725983,0.25863155683731,0.9239737524359029,1523.958568584318,5444.415733295266,5892.392201555479,4.220310236948287,0.2616996347640944
Almokalant,CCCS(=O)CCC[NH+](CC)CC(O)COc1ccc(C#N)cc1,1.8,train,0.4474067669814606,0.9708101515335616,0.0003993153833151,0.2398492228033754,0.8041730081786264,2013.8793589726567,6752.189576788964,8396.438960419744,4.926922761408103,0.1173178888587428
Alprenolol,C=CCc1ccccc1OCC(O)C[NH2+]C(C)C,3.2,train,0.5367115055412254,0.981915480060472,0.0013128875668588,0.1893198088357703,0.8900001858267191,677.8952046564842,3186.8131593069697,3580.68819541509,3.856068260127551,0.1717061224608842
Lacosamide,COCC(NC(C)=O)C(=O)NCc1ccccc1,0.58,train,0.4402139443667679,0.9699936891050898,0.001177833725228,0.2431300950032689,0.8719394396430614,740.2907736185515,2654.910829994985,3044.8339750313435,3.586744539482993,0.1718867579332945
Vorinostat,O=C(CCCCCCC(=O)Nc1ccccc1)NO,0.5,train,0.8484420051405084,0.9985661835341292,0.0026820063624519,0.0535310853811448,0.9764816542524738,364.086255693952,6641.441075204592,6801.398721913332,5.110511632467137,0.0744057511367023
"Aminosalicylic acid, 5-",Nc1ccc(O)c(C(=O)[O-])c1,0.33,train,0.3371022462158983,0.944199188911042,0.0024799564041625,0.3293750015707484,0.671353442808813,270.7117922242372,551.7822932887273,821.8953804424935,2.3247772119995265,0.0040890444796926
Leflunomide metabolite (A 771726),C/C([O-])=C(/C#N)C(=O)Nc1ccc(C(F)(F)F)cc1,0.13,train,0.6697279215312455,0.9919741998674946,0.0019158995765476,0.1264404476314602,0.9496438007428794,495.6647062128776,3722.7400275747,3920.143557681845,3.887938024997369,0.188046474332447
Amphetamine (-d),CC([NH3+])Cc1ccccc1,6.1,train,0.4914195634929481,0.9766744764322204,0.0055333325658874,0.2147253293997898,0.916115018374242,165.562978090638,706.3662733202798,771.0454027637414,2.455744523790257,0.2794728416258539
Levodopa,[NH3+]C(Cc1ccc(O)c(O)c1)C(=O)[O-],1.7,train,0.5980883356418524,0.986950613310828,0.0033985933377237,0.1610232495181376,0.9656970256030798,284.1460950576292,1704.0957728466044,1764.6277534948324,3.0847807143916746,0.3019457426670306
Lidocaine,CC[NH+](CC)CC(=O)Nc1c(C)cccc1C,1.8,train,0.4985096670432044,0.9777994705691072,0.0015529380754794,0.2095428246320395,0.8572316986820311,552.0063627890395,2258.2369636749904,2634.3367460010686,3.4010198980785757,0.1493396114767608
Lisdexamfetamine,CC(Cc1ccccc1)NC(=O)C([NH3+])CCCC[NH3+],0.6,train,0.3104528843235208,0.943439620529132,0.0007228138823725,0.3315443898120537,0.8094518628800168,1119.8620870742866,2734.0967918801107,3377.713879306223,3.6910770199219662,0.2722954467838624
Asarone,C/C=C/c1cc(OC)c(OC)cc1OC,1.0,train,0.2816698465865037,0.9218884220148807,0.0008657530833488,0.3874554649955434,0.6272505614639977,724.5143835211431,1172.914295731011,1869.9294473223565,3.007486256344208,0.066954568217087
Atenolol,CC(C)[NH2+]CC(O)COc1ccc(CC(N)=O)cc1,0.95,train,0.425679138713651,0.96769355471376,0.0007827964796495,0.2521293004897427,0.8231190468301514,1051.5109204357475,3432.836504441811,4170.522499341664,4.023240484133222,0.198361321645878
Loxiglumide,CCCCCN(CCCOC)C(=O)C(CCC(=O)[O-])NC(=O)c1ccc(Cl)c(Cl)c1,0.24,train,0.2323656554648466,0.91717967460287,0.0002394920470418,0.398473894371229,0.8246035650069519,3443.135482753033,7125.239153647009,8640.80566227838,4.567537668392802,0.455924166790599
Baclofen,[NH3+]CC(CC(=O)[O-])c1ccc(Cl)cc1,0.65,train,0.6784285613744604,0.9922114613392832,0.0037094192924539,0.1245649067232179,0.9945553514437177,268.11618558919133,2140.7023390537697,2152.421517762969,3.267087673066103,0.3783359456803293
Bambuterol,CN(C)C(=O)Oc1cc(OC(=O)N(C)C)cc(C(O)C[NH2+]C(C)(C)C)c1,1.6,train,0.1930412368104071,0.8627749227213062,0.0001726193131119,0.5055882046915692,0.586048888854404,3395.036617219539,3935.331992872149,6715.023384081239,4.36576441429576,0.15412894879662
Melphalan,[NH3+]C(Cc1ccc(N(CCCl)CCCl)cc1)C(=O)[O-],0.48,train,0.4883650823303265,0.9765642344548456,0.0008044383576463,0.2152261507893991,0.8759532856689644,1088.9004450655946,4431.738053778293,5059.33150349882,4.163239527446348,0.2281916562404808
Betamipron,O=C([O-])CCNC(=O)c1ccccc1,0.28,train,0.7088822844389243,0.9940345443115182,0.0039856950213946,0.1090656899093028,0.9438245710942398,236.8030082652865,2049.228294394588,2171.1961705116223,3.4052381380191643,0.0806609569185594
Methamphetamine,C[NH2+]C(C)Cc1ccccc1,4.3,train,0.3861486015700895,0.9592121197350374,0.0038372688635518,0.2826872995969505,0.950297304671678,247.64939295707225,832.5119344456806,876.0541888870331,2.5514868701197684,0.4349905199460391
Methyldopa,CC([NH3+])(Cc1ccc(O)c(O)c1)C(=O)[O-],0.69,train,0.5279211861440803,0.9809068421280464,0.0025086814279807,0.1944781917500875,0.9107032495228056,363.0206846374387,1699.9547052974915,1866.6395515644,3.0499699850750805,0.281368822530314
Bisoprolol,CC(C)[NH2+]CC(O)COc1ccc(COCCOC(C)C)cc1,2.4,train,0.8074966068674413,0.9976089742487916,0.0013611157245873,0.0691110302214788,0.9668934738479308,710.368307691905,9938.362639575264,10278.65313851351,5.6614735420935824,0.0845247188533679
Metoclopramide,CC[NH+](CC)CCNC(=O)c1cc(Cl)c(N)cc1OC,3.2,train,0.5138655161298205,0.9795472307980244,0.0009053409258664,0.2012143698544458,0.8631952358017997,953.4477136065634,4090.222405917893,4738.467308752684,4.032327032243978,0.1735227886143786
Metoprolol,COCCc1ccc(OCC(O)C[NH2+]C(C)C)cc1,3.1,train,0.5172730454445048,0.9797644021520352,0.0011254209645831,0.2001542312209889,0.9093863557983896,808.0410658914574,3671.276473966555,4037.092101237193,3.983278082835085,0.193401127350785
Metrizoate,CC(=O)Nc1c(I)c(C(=O)[O-])c(I)c(N(C)C(C)=O)c1I,0.17,train,0.1998893090739434,0.8580633503491804,0.0001501388768598,0.5135438508905931,0.5622360897791907,3744.7735159487297,4099.838436512087,7292.02289045912,3.474471531722887,0.1989777097187444
Bromopride,CC[NH+](CC)CCNC(=O)c1cc(Br)c(N)cc1OC,3.1,train,0.5102845066342404,0.97884468834134,0.0006826389868744,0.2046046825122659,0.8086407038309252,1184.5803116716904,4681.710336306829,5789.605091763604,4.1085073397865655,0.0721631439647151
Mexiletine,Cc1cccc(C)c1OCC(C)[NH3+],5.9,train,0.3671894083282112,0.9570402144655826,0.0022108869868094,0.2899552170519988,0.8223250793213998,371.9435159859159,1054.8473119259231,1282.7619374036433,2.741390318190311,0.2348386504970644
Midodrine,COc1ccc(OC)c(C(O)CNC(=O)C[NH3+])c1,0.67,train,0.5403806151665044,0.9823064785322267,0.0015283255397471,0.1872804907982037,0.8766845276283382,573.6242082124537,2685.2101138221587,3062.914913174477,3.5187088273254283,0.1154297774150109
CB 10-277,CN(C)N=Nc1ccc(C(=O)[O-])cc1,0.25,train,0.727688656320031,0.9948572614720356,0.004588375124837,0.1012868663567083,0.9542682227845248,207.97519749835445,1959.4260266782428,2053.328382832134,3.3136324572169724,0.1509864031506542
Neostigmine,CN(C)C(=O)Oc1cccc([N+](C)(C)C)c1,0.74,train,0.4606568050654869,0.9729787740386452,0.0017388570471347,0.2308945760953585,0.8630451052467641,496.3289573854729,1855.194195150143,2149.591236740403,3.174713622118469,0.1911312557226207
Chlorambucil,O=C([O-])CCCc1ccc(N(CCCl)CCCl)cc1,0.26,train,0.3589909770563017,0.954122840851498,0.0007415606715684,0.2994154380880638,0.926142812067464,1248.910369138964,3863.0919256554025,4171.16223904138,3.91256875194372,0.3753006412075322
Chloramphenicol,O=C(NC(CO)C(O)c1ccc([N+](=O)[O-])cc1)C(Cl)Cl,0.94,train,0.2755451070909953,0.9325879011766658,0.0005608304300437,0.3609429408908023,0.7849475364033023,1399.6165228446555,3043.765141395688,3877.666978028218,3.5882611929131563,0.329675838207806
Chlorpropamide,CCCNC(=O)[N-]S(=O)(=O)c1ccc(Cl)cc1,0.19,train,0.3565441245424802,0.9548124184911172,0.0008872649393965,0.2972090938971146,0.8299038153702841,935.3506247353254,2611.801146453283,3147.113072721514,3.4840864634151294,0.2969645822242666
Oxprenolol,C=CCOc1ccccc1OCC(O)C[NH2+]C(C)C,0.72,train,0.3279796409469493,0.9477964463045307,0.0007705154224642,0.3188759890184623,0.794116601609804,1030.6303786497076,2566.642588325285,3232.072699553544,3.580463339595121,0.2007046674032289
Phenacetin,CCOc1ccc(NC(C)=O)cc1,1.4,train,0.7355016680096207,0.995219734548046,0.0051195283231974,0.0976610463087346,0.9076484575784284,177.2914222323404,1647.7223213681398,1815.375002965576,3.186888425559479,0.038522200467316
Deacetyl metipranolol,Cc1cc(OCC(O)C[NH2+]C(C)C)c(C)c(C)c1O,3.6,train,0.5597226388293247,0.98409447455776,0.0013830825826594,0.1776458981932498,0.899891521700233,650.6419305562055,3295.922748147354,3662.5778426272072,3.765132069354159,0.1362990610597834
PR-104,CS(=O)(=O)OCCN(CCBr)c1c(C(=O)NCCOP(=O)([O-])[O-])cc([N+](=O)[O-])cc1[N+](=O)[O-],0.86,train,0.1971286068351351,0.9004823564055799,0.0002078956502837,0.4348925451214976,0.8033298948297806,3864.1015034861,7137.736181566111,8885.186804953328,4.150348353259981,0.3486398301481833
Dexfenfluramine,CC[NH2+]C(C)Cc1cccc(C(F)(F)F)c1,11.0,train,0.3048435585291633,0.941134470368918,0.0013540178952746,0.3380324077413527,0.8976398264518068,662.9453196921922,1760.441034904767,1961.188644964031,3.0722257769668797,0.4457226286379049
Dexloxiglumide,CCCCCN(CCCOC)C(=O)C(CCC(=O)[O-])NC(=O)c1ccc(Cl)c(Cl)c1,0.18,train,0.2323656554648466,0.91717967460287,0.0002394920470418,0.398473894371229,0.8246035650069519,3443.135482753033,7125.239153647009,8640.80566227838,4.567537668392802,0.455924166790599
Diatrizoic Acid (Amidotrizoate),CC(=O)Nc1c(I)c(NC(C)=O)c(I)c(C(=O)[O-])c1I,0.26,train,0.2033985625025113,0.8531735101793717,0.0001469501573315,0.5216272246808151,0.5466082522247877,3719.684702285933,3897.822540201807,7130.925163198712,3.4686512971087256,0.1148411655904081
Prenalterol,CC(C)[NH2+]CC(O)COc1ccc(O)cc1,4.28,train,0.8226412573023649,0.9980032717559576,0.0040831063547764,0.063162247936598,0.9605711524365872,235.25499190411813,3577.756746666706,3724.613983661033,4.080974188213669,0.0819478222750534
Prilocaine,CCC[NH2+]C(C)C(=O)Nc1ccccc1C,3.7,train,0.5851032135334975,0.9860724716754324,0.002159483363479,0.166316206678435,0.9435316349237464,436.9247065666932,2478.725861770774,2627.0723418522134,3.5386069884429068,0.2196188308097783
Probenecid,CCCN(CCC)S(=O)(=O)c1ccc(C(=O)[O-])cc1,0.13,train,0.4802372876540611,0.9752653627015948,0.0013067458329118,0.2210372645381919,0.9149289376934788,700.1582975433626,2898.1316282890302,3167.602978647909,3.4491779406795624,0.2821894310944308
Procainamide,CC[NH+](CC)CCNC(=O)c1ccc(N)cc1,2.2,train,0.607012525289118,0.987879389816326,0.0020949016753818,0.1552234234132316,0.9356498963562506,446.6318908192608,2692.190863758616,2877.3485405630386,3.567610241339273,0.1996049253326498
Propofol,CC(C)c1cccc(C(C)C)c1O,4.7,train,0.3127437773618631,0.9441333647738442,0.0022600982424931,0.3295636350097188,0.8500902192012177,376.1297642811588,970.2048399740564,1141.2963213312862,2.641391361737812,0.3417496721665145
Disufenton sodium,CC(C)(C)/[N+]([O-])=C/c1ccc(S(=O)(=O)[O-])cc1S(=O)(=O)[O-],0.18,train,0.4068525391189805,0.9645126473988122,0.0007381305267741,0.2640366508796354,0.8162471503469436,1105.8303656864298,3418.5817830651968,4188.169945355568,3.604155007265511,0.1769531109337979
Dopamine,[NH3+]CCc1ccc(O)c(O)c1,0.74,train,0.5527452439558505,0.9834907690419504,0.0044326545473093,0.1809583024049265,0.8681681485545806,195.8573895819509,939.6482230122108,1082.3343664204197,2.6817816214753214,0.1424107904556689
Recainam,Cc1cccc(C)c1NC(=O)NCCC[NH2+]C(C)C,1.4,train,0.3182273357201681,0.9450738611016803,0.0009821735294553,0.3268568449066983,0.8879958871286552,904.113031452878,2456.269972436252,2766.0826002005806,3.4038077722181908,0.4025300680635674
Edrophonium,CC[N+](C)(C)c1cccc(O)c1,1.1,train,0.4302324844805493,0.9684999787607258,0.0032297708190807,0.2490136364548606,0.8580377262142557,265.6652048328557,915.4148003069274,1066.87010645304,2.600191573941316,0.2738845707942895
Rivastigmine,CCN(C)C(=O)Oc1cccc(C(C)[NH+](C)C)c1,1.3,train,0.4615852245152227,0.9728897192905744,0.0013017895135756,0.2312695269565518,0.9011846254773896,692.2660046646753,2697.542942013573,2993.3299634185264,3.5633846529940465,0.2437619086191921
Entacapone,CCN(CC)C(=O)/C(C#N)=C/c1cc(O)c([O-])c([N+](=O)[O-])c1,0.27,train,0.4721271526963912,0.973731972438238,0.0010011325076934,0.2276972679931369,0.946213354885595,945.1429731970352,3927.613674935564,4150.875333407702,3.850681145572539,0.2616754886665324
Esmolol,COC(=O)CCc1ccc(OCC(O)C[NH2+]C(C)C)cc1,1.2,train,0.6973716240135509,0.993372640338721,0.0014128213682129,0.1149382330927268,0.9718123654627584,687.8522560088497,5815.84830403274,5984.538281999884,4.58992960421608,0.1431611836617105
Ethacrynic Acid,C=C(CC)C(=O)c1ccc(OCC(=O)[O-])c(Cl)c1Cl,0.26,train,0.284153352578665,0.9358740622523034,0.0008358696282477,0.3523346982676726,0.8393520504853982,1004.1662265500732,2392.1827325751124,2850.0350135461163,3.215142744678071,0.3002123671498272
Sematilide,CC[NH+](CC)CCNC(=O)c1ccc(NS(C)(=O)=O)cc1,0.82,train,0.7483710748049895,0.9956567372829744,0.0015884391918152,0.0931002766001372,0.9723216920207566,612.1239623341278,6392.9069656737365,6574.88876175074,4.646981296477585,0.1808110203658155
Etilefrine,CC[NH2+]CC(O)c1cccc(O)c1,2.1,train,0.615853040044838,0.9885846920992742,0.0036742734075193,0.1506662090416537,0.9256740292086284,251.9338999961872,1547.8498449459266,1672.1327336678169,3.0863431359501368,0.1605717828857258
Sotalol,CC(C)[NH2+]CC(O)c1ccc(NS(C)(=O)=O)cc1,1.3,train,0.4349716394586564,0.9690776583379104,0.0012029779032293,0.2467559363223353,0.8880622240489036,738.2198971942553,2656.816340511855,2991.700658540285,3.4177692180341577,0.2829442999067451
Fingolimod,CCCCCCCCc1ccc(CCC([NH3+])(CO)CO)cc1,17.3,train,0.7389276223423991,0.9952231828156916,0.0013267899474745,0.0976259001812769,0.9876172492638732,744.3659421325484,7530.262387845804,7624.676860857314,5.076405961361505,0.160113338236048
Tebufelone,C#CCCCC(=O)c1cc(C(C)(C)C)c(O)c(C(C)(C)C)c1,12.0,train,0.304184030481977,0.9406471050313996,0.000544312505302,0.339386245737872,0.762168068769754,1400.2398646836723,3144.5532247781525,4125.80027113167,3.798648329787756,0.2262218544382934
Terbutaline,CC(C)(C)[NH2+]CC(O)c1cc(O)cc(O)c1,1.5,train,0.5363057694681167,0.981821196342008,0.0018822983159987,0.1898081621362693,0.903053853161342,479.76128198476647,2282.569250014255,2527.611439809056,3.4187867921222,0.2215924735429627
Teriflunomide,C/C([O-])=C(\C#N)C(=O)Nc1ccc(C(F)(F)F)cc1,0.16,train,0.7053869738465716,0.9939070172377904,0.0020039127276292,0.1102217813568569,0.9122755973642076,455.2471695927997,3767.956555193157,4130.283179863328,3.938943570974137,0.0284871950278842
Gludopa,[NH3+]C(CCC(=O)NC(Cc1ccc(O)c(O)c1)C(=O)[O-])C(=O)[O-],0.21,train,0.5453591551223425,0.9827926943433096,0.0009270861248406,0.1847119918830884,0.8753125015555359,944.1544621391396,4474.155660845843,5111.495212161061,4.023047352176882,0.1492238126379357
Thiamphenicol glycinate,CS(=O)(=O)c1ccc(C(O)C(COC(=O)C[NH3+])NC(=O)C(Cl)Cl)cc1,0.13,train,0.5646072508787097,0.9845107278338312,0.000641379416742,0.1753243473682413,0.90701388476927,1414.1611986498751,7315.94819391146,8065.9715543081475,4.502340421052291,0.1868100349134391
Tiapride,CC[NH+](CC)CCNC(=O)c1cc(S(C)(=O)=O)ccc1OC,1.1,train,0.4499436469505724,0.9714531908754818,0.0006461736180899,0.2372313173631269,0.8403608977954272,1300.5187371769607,4606.917441262235,5482.070207392869,4.157650419198634,0.1774118203437117
Guanfacine,NC(=[NH2+])NC(=O)Cc1c(Cl)cccc1Cl,5.6,train,0.2123746684603405,0.9029865583870444,0.0008624914534927,0.4296687972989439,0.7138987923236769,827.7169465652861,1375.2595772684735,1926.4069249817976,2.890592303313622,0.2886246359208699
Tiludronate,O=P([O-])([O-])C(Sc1ccc(Cl)cc1)P(=O)([O-])O,0.23,train,0.4318799587505978,0.9686837956821608,0.0010528432011894,0.24829761171385,0.8761848847476154,832.2083324066915,2936.6708635767723,3351.6566134585614,3.3587817680688823,0.1636425835660841
Tasidotin,CC(C)C(NC(=O)C(C(C)C)N(C)C)C(=O)N(C)C(C(=O)N1CCCC1C(=O)N1CCCC1C(=O)NC(C)(C)C)C(C)C,0.33,train,0.2387496627292737,0.919574513046458,0.0001522678847362,0.3929156588319814,0.8019869684455828,5266.947589339482,10750.458107709112,13404.779043412304,4.923576720318826,0.3309095025739744
NBI-3,CC(C1=C(CC[NH+](C)[14CH3])Cc2ccccc21)c1cnccn1,1.86,train,0.112634929036178,0.8285875801914404,0.000495587898126,0.5598594662524635,0.7305987695795891,1474.206235346357,1923.7921774549748,2633.171937261801,3.1896003219847566,0.5151959675459226
Flomoxef,CO[C@@]1(NC(=O)CSC(F)F)C(=O)N2C(C(=O)[O-])=C(CSc3nnnn3CCO)CO[C@@H]21,0.19,train,0.2028963101994138,0.9031458805715856,0.0002637101499931,0.4293338076678509,0.7911095629044403,2999.920795331935,5527.787438950155,6987.385437050856,3.95690181837142,0.2602791479324462
Vinblastine,CCC1(O)CC2CN(CCc3c([nH]c4ccccc34)C(C(=O)OC)(c3cc4c(cc3OC)N(C)C3C(O)(C(=O)OC)C(OC(C)=O)C5(CC)C=CCN6CCC43C65)C2)C1,28.0,train,0.2481585020201547,0.9233611029904956,0.0001152450790974,0.3839326418581464,0.8494018059118201,7370.395443899329,16306.056109304229,19197.1055345237,5.141292101264162,0.3588050308194266
Vincristine,CCC1(O)CC2CN(CCc3c([nH]c4ccccc34)C(C(=O)OC)(c3cc4c(cc3OC)N(C=O)C3C(O)(C(=O)OC)C(OC(C)=O)C5(CC)C=CCN6CCC43C65)C2)C1,2.4,train,0.3238193855001436,0.945580836413842,0.0001367398854606,0.3253872797250981,0.9240187620105385,6757.4925845333855,19189.59443507192,20767.53765618134,5.320982490483211,0.3436738417092793
Phenoxymethylpenicillin,CC1(C)SC2C(NC(=O)COc3ccccc3)C(=O)N2C1C(=O)[O-],0.41,train,0.5475912978547729,0.9829057526341411,0.0008168586926669,0.1841094278919812,0.9098393204911748,1113.827065389488,5504.355056239839,6049.810040379795,4.257796521243268,0.1571500484218324
Phenethicillin,CC(Oc1ccccc1)C(=O)NC1C(=O)N2C1SC(C)(C)C2C(=O)[O-],0.3,train,0.2279518768499764,0.9152646785858256,0.0005284773027687,0.4028530354027199,0.815836254408428,1543.7488992131675,3126.317066029239,3832.039884395879,3.420163213410292,0.2786215314695611
Amygdalin,N#CC(OC1OC(COC2OC(CO)C(O)C(O)C2O)C(O)C(O)C1O)c1ccccc1,0.21,train,0.5431681575799668,0.9822476968803175,0.0005052272076358,0.1875885443552238,0.9383479157283524,1857.279064837412,9290.407073663917,9900.812820000388,4.79658666702166,0.192647868758637
Fludarabine,Nc1nc(F)nc2c1ncn2C1OC(CO)C(O)C1O,2.2,train,0.4723902650898517,0.9745614364323688,0.001223206581215,0.2241205180675742,0.8592691730794882,702.4726536591744,2693.252279734058,3134.3522659865207,3.383317479673516,0.1637835897382613
Cladribine,Nc1nc(Cl)nc2c1ncn2C1CC(O)C(CO)O1,7.7,train,0.4521529708747764,0.9715963083304456,0.0010197765725902,0.236644487868722,0.8137455370304888,797.9645335090665,2743.947613991493,3371.997128248072,3.478552487636771,0.1311473564799301
Clofarabine,Nc1nc(Cl)nc2c1ncn2C1OC(CO)C(O)C1F,1.75,train,0.377451604028938,0.9585257796262654,0.0008425084891132,0.2850058416802365,0.7794015102373969,925.096328771403,2529.8480603371486,3245.8854994604585,3.321547658073765,0.1326093551779643
Nelarabine,COc1nc(N)nc2c1ncn2C1OC(CO)C(O)C1O,4.9,train,0.4179166922411879,0.966508268926916,0.0010472334199259,0.2566354731830662,0.838425045706979,800.6095200497529,2615.581802139769,3119.6370093336736,3.3155764666496137,0.1668274085057395
Cangrelor,CSCCNc1nc(SCCC(F)(F)F)nc2c1ncn2C1OC(COP(=O)([O-])OP(=O)([O-])C(Cl)(Cl)P(=O)([O-])[O-])C(O)C1O,0.04,train,0.4856346584357436,0.9761257812618986,0.0001512499503406,0.2172060292806069,0.8959274054281033,5923.488922875797,24433.09736535041,27271.291420843947,6.107995917971486,0.1471730925757523
Ivabradine,COc1cc2c(cc1OC)CC(=O)N(CCC[NH+](C)CC1Cc3cc(OC)c(OC)cc31)CC2,1.66,train,0.7710957397669383,0.9965068399944692,0.0006579840229039,0.0835111839470475,0.9623707185337572,1462.6049950063962,16854.846901318917,17513.881684802836,6.176629044764273,0.1196750738860035
Berubicin,COc1cccc2c1C(=O)c1c(O)c3c(c(O)c1C2=O)CC(O)(C(=O)CO)CC3OC1CC([NH3+])C(OCc2ccccc2)C(C)O1,48.0,train,0.2874847949626885,0.9367195432478416,0.000146758950162,0.3500807011212627,0.8608554512134989,5865.778204755786,14424.066013922453,16755.50290538286,5.402340543936201,0.3351054203268907
DQ-2556,CO/N=C(/C(=O)N[C@@H]1C(=O)N2C(C(=O)[O-])=C(C[n+]3ccc(-c4cnco4)cc3)CS[C@H]12)c1csc(N)n1,0.22,train,0.628919212403694,0.989420297059675,0.0003728396959892,0.1450774819410116,0.9444225684518582,2533.0526191588724,16489.61664210869,17459.998514371848,5.803641746424527,0.1937039090899657
Cephapirin,CC(=O)OCC1=C(C(=O)[O-])N2C(=O)C(NC(=O)CSc3ccncc3)C2SC1,0.13,train,0.3617831516372042,0.9554560129496736,0.0003454149516382,0.2951335414999675,0.7866060987966025,2277.278661696095,6069.527966375553,7716.095737957134,4.360157311639696,0.1627030563706294
PNU-145156E,Cn1cc(NC(=O)Nc2cc(C(=O)Nc3cc(C(=O)Nc4ccc5cc(S(=O)(=O)[O-])cc(S(=O)(=O)[O-])c5c4)n(C)c3)n(C)c2)cc1C(=O)Nc1cc(C(=O)Nc2ccc3cc(S(=O)(=O)[O-])cc(S(=O)(=O)[O-])c3c2)n(C)c1,0.27,train,0.9084714356897136,0.9995017965615436,0.0001545050517096,0.0315619814055911,0.985404088941383,6377.811456889889,199123.1604680928,202072.5940786488,13.506449631030517,0.0389984194066114
Imipenem,CC(O)C1C(=O)N2C(C(=O)[O-])=C(SCCNC=[NH2+])CC12,0.24,train,0.3273005175451828,0.9461245855292456,0.0010392024585471,0.3238028237324581,0.9348444918386036,899.5787915528498,2597.155480499629,2778.168458148241,3.2374078776230792,0.2920998946062727
Bepridil,CC(C)COCC(CN(Cc1ccccc1)c1ccccc1)[NH+]1CCCC1,10.1,train,0.1402292993757128,0.8635320713392775,0.0003856284193046,0.5042939239853055,0.8608041300721461,2232.21133863606,3810.271447069396,4426.409346746568,3.7737490404150353,0.5431775573201225
Cefazedone,Cc1nnc(SCC2=C(C(=O)[O-])N3C(=O)C(NC(=O)Cn4cc(Cl)c(=O)c(Cl)c4)C3SC2)s1,0.13,train,0.5437349664318306,0.9825390395350958,0.0003201131783948,0.1860565392278689,0.9079040959027964,2836.197186430449,13839.852407415356,15243.73826472648,5.39938082952766,0.1415080887796255
BMS-214662,N#Cc1ccc2c(c1)CN(S(=O)(=O)c1cccs1)C(Cc1ccccc1)CN2Cc1cnc[nH]1,0.84,train,0.2556010004761903,0.9200258648288148,0.0002005023486622,0.3918576374730901,0.6916678736316539,3449.674670878048,6089.020389429184,8803.38761067263,4.327898726618181,0.1970634381361286
Nebivolol,OC(C[NH2+]CC(O)C1CCc2cc(F)ccc2O1)C1CCc2cc(F)ccc2O1,11.0,train,0.6603361474155668,0.9915050265747286,0.0006551329213917,0.1300683753917405,0.9259302659355456,1413.3471784147084,10061.330625737062,10866.186143695442,5.242421721024365,0.1468490436933663
Amdinocillin,CC1(C)SC2C([NH+]=CN3CCCCCC3)C(=O)N2C1C(=O)[O-],0.37,train,0.3850936034285542,0.960551471917548,0.000844014094334,0.2781022649980254,0.8709940238750589,1031.9662073443258,3232.0355227754058,3710.7436264557314,3.5003538736117497,0.2363040309980513
Ceftaroline fosamil,CCO/N=C(/C(=O)NC1C(=O)N2C(C(=O)[O-])=C(Sc3nc(-c4cc[n+](C)cc4)cs3)CSC12)c1nsc(NP(=O)([O-])O)n1,0.53,train,0.5937465711797731,0.9868284153764044,0.0002494673984552,0.1617704503476908,0.9375573687079056,3758.236044122231,21781.245517567066,23231.906915290827,5.97224083910746,0.1675673660584068
Sulbactam,CC1(C)C(C(=O)[O-])N2C(=O)CC2S1(=O)=O,0.32,train,0.0841942687256883,0.7978267673482573,0.001210122978214,0.6028867632504712,0.7747231780587996,640.2020224441735,822.6741332875555,1061.894308298488,2.3314722263917265,0.5539788911662158
S-0139,CC1(C)CCC2(C(=O)[O-])CCC3(COC(=O)/C=C/c4cc(O)ccc4NC(=O)/C=C/C(=O)[O-])C(=CCC4C5(C)CCC(=O)C(C)(C)C5CCC43C)C2C1,1.45,train,0.1418712257714322,0.8651454883903684,9.78816087222796e-05,0.5015209705663273,0.8470553273935649,8653.87623324544,14616.162426264202,17255.26297230067,5.276109035959377,0.3879630854519923
Tolamolol,Cc1ccccc1OCC(O)C[NH2+]CCOc1ccc(C(N)=O)cc1,4.0,train,0.5308994097384108,0.9812847012532712,0.0005856936281161,0.1925625485037999,0.899347932288654,1535.5262360994675,7171.552080823153,7974.168643022329,4.913898107462515,0.2488708627414901
Indomethacin,COc1ccc2c(c1)c(CC(=O)[O-])c(C)n2C(=O)c1ccc(Cl)cc1,0.1,train,0.4898033305656505,0.9767479587009412,0.0006452449338992,0.2143908234359491,0.8495350634593644,1316.6086532839402,5217.13195505722,6141.161418120524,4.214577205769495,0.1533794441864044
Remifentanil,CCC(=O)N(c1ccccc1)C1(C(=O)OC)CCN(CCC(=O)OC)CC1,0.4,train,0.4091282997886323,0.9649515519734968,0.0005380170039065,0.2624280898530876,0.8717281411473992,1620.2613204001989,5382.150172247949,6174.115435993353,4.183406799119709,0.2591921528148358
Viqualine,C=C[C@@H]1CNCC[C@@H]1CCCc1ccnc2ccc(OC)cc12,24.4,train,0.484685211983487,0.9758256557387064,0.0008795731582453,0.2185504280529403,0.9161641561309856,1041.600857805415,4366.394426303526,4765.952037179739,4.047997238953464,0.2635451191518955
Deferasirox,O=C([O-])c1ccc(-n2nc(-c3ccccc3O)nc2-c2ccccc2O)cc1,0.2,train,0.3410518365974377,0.9491673408551462,0.0003629743123732,0.3147719159232133,0.7346877023654711,2024.076297746316,4724.2587072679335,6430.29506558672,4.206671750302541,0.1030342932201033
Glyburide,COc1ccc(Cl)cc1C(=O)NCCc1ccc(S(=O)(=O)[N-]C(=O)NC2CCCCC2)cc1,0.08,train,0.6086369528078803,0.9881321571784548,0.0003509183194936,0.153606119506526,0.8978408355286183,2558.546492597012,14954.921900455409,16656.540122337447,5.886835277229293,0.0974972851095635
Terlipressin,NC(=O)CC[C@@H]1NC(=O)[C@H](Cc2ccccc2)NC(=O)[C@H](Cc2ccc(O)cc2)NC(=O)[C@@H](NC(=O)CNC(=O)CNC(=O)C[NH3+])CSSC[C@@H](C(=O)N2CCC[C@H]2C(=O)N[C@@H](CCCC[NH3+])C(=O)NCC(N)=O)NC(=O)[C@H](CC(N)=O)NC1=O,0.24,train,0.2740264787490807,0.9324543869209097,3.762419123324816e-05,0.3612877195698056,0.8038100584905312,21364.181717751093,47532.0450321308,59133.4290110662,7.215920565741087,0.2294683583478942
Desmopressin,NC(=[NH2+])NCCCC(NC(=O)C1CCCN1C(=O)C1CSSCCC(=O)NC(Cc2ccc(O)cc2)C(=O)NC(Cc2ccccc2)C(=O)NC(CCC(N)=O)C(=O)NC(CC(N)=O)C(=O)N1)C(=O)NCC(N)=O,0.3,train,0.3208889802485153,0.9445076049328368,7.129083595175418e-05,0.3284895496420494,0.9321913068305258,13075.892495655162,37106.91352824676,39806.11410592448,6.483921012992338,0.3506754481779794
Imidafenacin,Cc1nccn1CCC(C(N)=O)(c1ccccc1)c1ccccc1,1.51,train,0.1183472476815464,0.8424615853350098,0.0004349680995062,0.5387564173490853,0.785369269216058,1805.579007075508,2632.073084671824,3351.3828307785884,3.491836762479311,0.47150670857326
Yohimbine,COC(=O)C1C(O)CCC2CN3CCc4c([nH]c5ccccc45)C3CC21,0.48,train,0.2665374328996437,0.929611779088062,0.0004832411238557,0.3685402829823738,0.7870323261378562,1628.6534553560605,3478.053761364921,4419.200642535878,3.665731909842602,0.2874622681244524
Exatecan (acid),CCC(O)(C(=O)[O-])c1cc2n(c(=O)c1CO)Cc1c-2nc2cc(F)c(C)c3c2c1C([NH3+])CC3,0.44,train,0.4517401847805091,0.9716401164476156,0.0003845293551467,0.2364645514863997,0.8261720068504247,2148.5277932423187,7506.636861885037,9086.046004514512,4.54579182078123,0.0824659686831437
Imatinib,Cc1ccc(NC(=O)c2ccc(CN3CC[NH+](C)CC3)cc2)cc1Nc1nccc(-c2cccnc2)n1,3.9,train,0.6711773221101337,0.9921535908368324,0.0003355046916014,0.1250250062570673,0.903983512220334,2694.39901989292,19481.64101122085,21550.88090420001,6.648478936586356,0.0667361807800755
(-)dOTC,Nc1ccn(C2COC(CO)S2)c(=O)n1,1.18,train,0.3455051149860154,0.9523438330312536,0.0016871502005609,0.305026595049251,0.8443897315219733,500.4828445275591,1385.4614042875298,1640.7842878315207,2.7733579532040618,0.1660120753776348
(+)dOTC,Nc1ccn(C2COC(CO)S2)c(=O)n1,0.84,train,0.3455051149860154,0.9523438330312536,0.0016871502005609,0.305026595049251,0.8443897315219733,500.4828445275591,1385.4614042875298,1640.7842878315207,2.7733579532040618,0.1660120753776348
Doxacurium,COc1cc(CC2c3c(cc(OC)c(OC)c3OC)CC[N+]2(C)CCCOC(=O)CCC(=O)OCCC[N+]2(C)CCc3cc(OC)c(OC)c(OC)c3C2Cc2cc(OC)c(OC)c(OC)c2)cc(OC)c1OC,0.22,train,0.6898897388039968,0.9930627687383996,8.80341855278377e-05,0.117585446997594,0.953725693468278,10833.58342841368,87870.28609264626,92133.70961319176,9.600566252397249,0.1361503467330854
Pidotimod,O=C1CCC(C(=O)N2CSCC2C(=O)[O-])N1,0.31,train,0.260071110311599,0.927512062396932,0.001354092002401,0.3737932237323055,0.8659066084266812,639.4739847006551,1481.3664724585626,1710.769334755567,2.8063169384619986,0.3979311134034085
Dexmedetomidine,Cc1cccc(C(C)c2cnc[nH]2)c1C,1.6,train,0.301848508330793,0.937574331181483,0.0020466876951944,0.3477849529660457,0.9644111859451372,471.2058357557656,1306.658540025606,1354.877005854159,2.796553046849612,0.560805320424198
Laniquidar,COC(=O)c1cnc2n1CCc1ccccc1C2=C1CC[NH+](CCc2ccc(OCc3ccc4ccccc4n3)cc2)CC1,6.03,train,0.6503524139441255,0.9907050051370522,0.0002650513392221,0.1360279118283943,0.9674977292423752,3650.227658089873,25962.22292138784,26834.401918150492,6.94155668844742,0.192693426206353
GPX-150,COc1cccc2c1C(=N)c1c(O)c3c(c(O)c1C2=O)C[C@@](O)(C(=O)CO)C[C@@H]3O[C@H]1C[C@H](N)[C@H](O)[C@H](C)O1,15.45,train,0.3896060392553531,0.9605538354502734,0.0002163097142809,0.2780941013429972,0.766023581280783,3541.3276922270497,9754.75750182389,12734.278343643213,4.897887856136321,0.1006641052158318
Propiverine,CCCOC(C(=O)OC1CC[NH+](C)CC1)(c1ccccc1)c1ccccc1,2.73,train,0.1948092987569364,0.8993195154138894,0.0004109466541854,0.4372921325564035,0.8515054548745032,2072.0583710854094,4034.760459748333,4738.384747450602,3.836073133317623,0.4230633660066278
Acyclovir,Nc1nc2c(ncn2COCCO)c(=O)[nH]1,0.71,train,0.5322167075195694,0.9814107153335307,0.0017783148988145,0.1919192742496887,0.8392734436337114,471.94872190137215,2063.857476520943,2459.100180252675,3.330096138056641,0.106680770351258
Ganciclovir,Nc1nc2c(ncn2COC(CO)CO)c(=O)[nH]1,1.0,train,0.517810180351674,0.9798800198757932,0.0014891998035852,0.1995874411084405,0.9007383863533708,604.8472368750164,2729.6763819778107,3030.487457106025,3.531143123574539,0.2280446512712168
Pramipexole,CCC[NH2+]C1CCc2nc(N)sc2C1,7.0,train,0.6401664999624493,0.9902950868932144,0.0027330753358535,0.1389807212355758,0.8824571878972777,322.8806671813431,2050.128701694417,2323.204717250331,3.32537780519342,0.1066125917839084
Tariquidar,COc1cc2c(cc1OC)C[NH+](CCc1ccc(NC(=O)c3cc(OC)c(OC)cc3NC(=O)c3cnc4ccccc4c3)cc1)CC2,6.4,train,0.5073646803084443,0.9786252051008936,0.0001166812457042,0.2056519096464555,0.8192914520467156,7021.620716352043,27973.257541401657,34143.231290306,7.305322130980002,0.0612205326799253
Acetazolamide,CC(=O)Nc1nnc(S(N)(=O)=O)s1,0.37,train,0.614038681569584,0.9885031152956828,0.0034238106518578,0.1512004995055565,0.9106702326681118,265.9814824087767,1601.9882160621328,1759.1309769383531,2.856557335334867,0.0778084011664079
Ortataxel,CC(=O)OC1C(=O)C2(C)C(O)CC3OCC3(OC(C)=O)C2C(OC(=O)c2ccccc2)C23OC(=O)OC2C(OC(=O)C(O)C(CC(C)C)NC(=O)OC(C)(C)C)C(C)=C1C3(C)C,13.83,train,0.2518582514979715,0.924002859640419,0.0001023616235447,0.3823855585352673,0.8855480312428706,8651.172193019494,20034.82697625179,22624.21265635114,5.424329911228559,0.3914404882345442
Fenoprofen,CC(C(=O)[O-])c1cccc(Oc2ccccc2)c1,0.1,train,0.6531090024622234,0.9907351123761436,0.0024532504958101,0.1358084574134829,0.987119337469478,402.3720118085629,2924.627827142206,2962.7905321352664,3.610397550205589,0.2493215102922185
Bumetanide,CCCCNc1cc(C(=O)[O-])cc(S(N)(=O)=O)c1Oc1ccccc1,0.16,train,0.1894430791538723,0.8845319840355207,0.0002992641037247,0.4664795485529727,0.6740056230922126,2252.2100536061093,3254.1667587018537,4828.100311348058,3.770750799827221,0.2195097480308173
Pelrinone,Cc1nc(=O)c(C#N)c(NCc2cccnc2)[nH]1,0.39,train,0.5016692995429014,0.9781607957079804,0.001413835631156,0.2078496036559387,0.8532742428444817,603.517285914463,2477.5883433228105,2903.624906177294,3.5218434022516325,0.1631368982836297
KRN-5500,CCCCCCCCC/C=C/C=C/C(=O)NCC(=O)NC1C(O)C(O)C(Nc2[nH]cnc3ncnc2-3)OC1C(O)CO,0.17,train,0.5611540172116293,0.9837355996346856,0.0002517605797237,0.1796225765637093,0.9630463570816368,3825.2468203655135,20509.05897112829,21296.02466207113,6.220115579769391,0.2033750248836593
Levocabastine,CC1C[NH+](C2CCC(C#N)(c3ccc(F)cc3)CC2)CCC1(C(=O)[O-])c1ccccc1,1.17,train,0.7538786552123075,0.9958352982608027,0.0009917900843055,0.0911704926926354,0.9832259773305934,991.3650004064024,10691.351912532404,10873.748414946134,5.17872757771069,0.1743148452736719
Drotaverine,CCOc1ccc(/C=C2\NCCc3cc(OCC)c(OCC)cc32)cc1OCC,1.9,train,0.5507821584108933,0.9828423441859192,0.0005579997979399,0.1844476252900185,0.9536254214613998,1709.0067505078796,8835.853973022924,9265.539460433289,4.991773439905726,0.2641868409445345
Degarelix,CC(=O)N[C@H](Cc1ccc2ccccc2c1)C(=O)N[C@H](Cc1ccc(Cl)cc1)C(=O)N[C@H](Cc1cccnc1)C(=O)N[C@@H](CO)C(=O)N[C@@H](Cc1ccc(NC(=O)[C@@H]2CC(=O)NC(=O)N2)cc1)C(=O)N[C@H](Cc1ccc(NC(N)=O)cc1)C(=O)N[C@@H](CC(C)C)C(=O)N[C@@H](CCCC[NH2+]C(C)C)C(=O)N1CCC[C@H]1C(=O)N[C@H](C)C(N)=O,0.74,train,0.0,0.0,0.0,0.0,0.0,0.0,0.0,0.0,0.0,0.0
Buprenorphine,COC12CCC3(CC1C(C)(O)C(C)(C)C)C1Cc4ccc(O)c5c4C3(CC[NH+]1CC1CC1)C2O5,4.9,train,0.1803211393017247,0.8903608645103844,0.000341393881387,0.4552554568023548,0.8806786544687673,2579.655648457042,4990.270037470866,5666.391494955715,3.757859750969137,0.4909271665186537
Plinabulin,CC(C)(C)c1nc[nH]c1/C=c1\[nH]c(=O)/c(=C/c2ccccc2)[n-]c1=O,3.0,train,0.6578927570584516,0.9913141300832994,0.0011485798407142,0.1315153812190475,0.940399730888586,818.7499880755527,5854.465548549611,6225.507469060751,4.385158021773256,0.1219499214716789
Pipecuronium,CC(=O)OC1CC2CCC3C(CCC4(C)C3CC(N3CC[N+](C)(C)CC3)C4OC(C)=O)C2(C)CC1N1CC[N+](C)(C)CC1,0.35,train,0.6191590183478187,0.9888427100566533,0.0003112667913951,0.1489634007661402,0.9202784886454392,2956.55853462726,18265.273253999225,19847.549931199563,5.836058570227126,0.1496536244867724
Erythromycin,CCC1OC(=O)C(C)C(OC2CC(C)(OC)C(O)C(C)O2)C(C)C(OC2OC(C)CC([NH+](C)C)C2O)C(C)(O)CC(C)C(=O)C(C)C(O)C1(C)O,0.95,train,0.1456591380899068,0.8676734911437807,0.0001079379732179,0.4971345016857748,0.8023499407136819,7433.435303562727,11997.188597628983,14952.563699272678,4.836493971370178,0.439923663701116
Clarithromycin,CCC1OC(=O)C(C)C(OC2CC(C)(OC)C(O)C(C)O2)C(C)C(OC2OC(C)CC([NH+](C)C)C2O)C(C)(OC)CC(C)C(=O)C(C)C(O)C1(C)O,1.5,train,0.1813588367803282,0.891446289641902,0.0001291902203531,0.4531263760626677,0.8675278144861893,6715.119860581317,12856.354351478396,14819.529860368602,4.791534714148645,0.5058320989483363
OR-1896,CC(=O)Nc1ccc(C2=NNC(=O)CC2C)cc1,2.38,train,0.7423060582829103,0.9954921344609649,0.002813545841624,0.0948441364890438,0.9311227309357732,330.9427972207112,3248.9974872328453,3489.3332310420788,3.7961167033181487,0.0919958243596477
Levosimendan,CC1CC(=O)NN=C1c1ccc([N-]N=C(C#N)C#N)cc1,0.24,train,0.7568747332267972,0.996041715356992,0.0019426739765301,0.0888870140611153,0.9278130570309356,477.5958643807532,4985.201535195757,5373.066802000759,4.404478846624832,0.0801616268266593
Nafcillin,CCOc1ccc2ccccc2c1C(=O)NC1C(=O)N2C1SC(C)(C)C2C(=O)[O-],0.22,train,0.5149438735370118,0.9796493493054734,0.0006173887254034,0.2007165972344156,0.8803013361181931,1425.846148296495,6253.46526764039,7103.7780031277525,4.228077859209247,0.1118372006311836
Zimelidine,C[NH+](C)C/C=C(/c1ccc(Br)cc1)c1cccnc1,6.8,train,0.4504729818059898,0.9715372747409604,0.000765241985276,0.2368867319815688,0.8431857029591967,1101.85499382271,3921.9941520312336,4651.4002055144265,3.898881782621723,0.3163618870385383
Rofecoxib,CS(=O)(=O)c1ccc(C2=C(c3ccccc3)C(=O)OC2)cc1,1.3,train,0.426740520853578,0.9678429301604358,0.0007481033927185,0.2515552872401247,0.8205109200806778,1096.7881285753806,3577.450692387618,4360.0281298338605,3.790674032762424,0.20932254033442
Azimilide,C[NH+]1CCN(CCCCN2C(=O)CN(/N=C/c3ccc(-c4ccc(Cl)cc4)o3)C2=O)CC1,13.0,train,0.6534882979169988,0.991130154064932,0.0004010675188383,0.1328947617599143,0.9001498564261652,2244.3848333403,15202.124287984692,16888.437163497616,6.11590933546359,0.0852661399669644
Pinocembrin,O=C1CC(c2ccccc2)Oc2cc(O)cc(O)c21,0.8,train,0.4873881519635187,0.9764222579036824,0.0013342821922028,0.2158693453695417,0.8400390483173965,629.5812484242892,2449.967279325618,2916.492137160669,3.4204198501676624,0.1680152087697951
Amiodarone,CCCCc1oc2ccccc2c1C(=O)c1cc(I)c(OCC[NH+](CC)CC)c(I)c1,60.0,train,0.3357426952838745,0.9500007259228842,0.0002124402874228,0.3122476913381318,0.8198661316060631,3859.2780190243016,10133.27376958372,12359.668705588936,4.515100906161744,0.1876078259528467
Dronedarone,CCCCc1oc2ccc([N-]S(C)(=O)=O)cc2c1C(=O)c1ccc(OCCC[NH+](CCCC)CCCC)cc1,20.0,train,0.548541895656836,0.983039398662122,0.0003156041406177,0.1833944946774952,0.9012322591438908,2855.5780585761863,14032.804362082888,15570.685824554368,5.39902705104055,0.1601428218340538
Procyclidine,OC(CC[NH+]1CCCC1)(c1ccccc1)C1CCCCC1,0.74,train,0.2253446050736788,0.910456510228074,0.0005019990640877,0.4136048149904893,0.7277975257011495,1449.7985708872031,2551.1303892364795,3505.274886416737,3.607083066841836,0.270366642661319
Ajmaline,CC[C@H]1C2C[C@H]3[C@@H]4N(C)c5ccccc5[C@]45C[C@@H](C2[C@H]5O)[NH+]3[C@@H]1O,4.0,train,0.4108795959275823,0.965333807818871,0.0009553620435809,0.2610184657872288,0.8520219855741106,891.831522194963,2911.13527943858,3416.7372775914864,3.32027098037892,0.2530615020518308
Cisapride,COc1cc(N)c(Cl)cc1C(=O)NC1CC[NH+](CCCOc2ccc(F)cc2)CC1OC,1.2,train,0.727144064470338,0.9948479685428656,0.000608477943364,0.1013781016104241,0.9479051630371432,1557.829948274621,14566.016009827908,15366.533043408632,5.80675684827032,0.1556817829311646
Benperidol,O=C(CCC[NH+]1CCC(n2c(=O)[nH]c3ccccc32)CC1)c1ccc(F)cc1,3.8,train,0.4350284830330967,0.9692293432335632,0.0004822941414502,0.2461594609496772,0.8649095189013841,1793.3237096777184,6301.048681971591,7285.211394106564,4.483992224056396,0.2140801723236852
Dalfampridine,Nc1cc[nH+]cc1,2.6,train,0.3614895903106799,0.9517617102309036,0.0079717603700936,0.3068381445295642,0.6947476641805764,87.15109736451066,197.32886019630425,284.0295410406953,1.7286478481533345,0.0031139879825615
Pyridostigmine,CN(C)C(=O)Oc1ccc[n+](C)c1,1.1,train,0.526573772724316,0.980894898995358,0.0031239797442779,0.1945384206908417,0.8558084547167526,273.94814460122103,1205.145685212862,1408.195582283339,2.822494404416471,0.1070954138295876
Pralidoxime,C[n+]1ccccc1/C=N/O,0.8,train,0.422245784698634,0.9656662522763082,0.0037742329040482,0.2597858526067764,0.7445779527029341,197.27928075246885,565.4264907016304,759.3919329051364,2.3555339232169543,0.0352991397830796
Napsagatran,NC(=[NH2+])N1CCCC(CNC(=O)CC(NS(=O)(=O)c2ccc3ccccc3c2)C(=O)N(CC(=O)[O-])C2CC2)C1,0.36,train,0.1758499059981934,0.8877301021396792,0.0002147178672416,0.4603642750638615,0.8794154483928956,4095.678946938152,7823.811561171458,8896.604642855922,4.316288420542725,0.450152311984023
Patupilone,C/C(=C\c1csc(C)n1)C1CC2OC2(C)CCCC(C)C(O)C(C)C(=O)C(C)(C)C(O)CC(=O)O1,14.4,train,0.5132851993523954,0.9794681489598634,0.0003604496992255,0.2015989711609133,0.8794547252964231,2439.8819785004584,10643.733560748657,12102.650943357148,4.980423933752998,0.1968903375883002
Brostallicin,C=C(Br)C(=O)Nc1cc(C(=O)Nc2cc(C(=O)Nc3cc(C(=O)Nc4cc(C(=O)NCCNC(N)=[NH2+])n(C)c4)n(C)c3)n(C)c2)n(C)c1,0.36,train,0.8317353031131136,0.9981834862915177,0.0002836443904693,0.0602472214704681,0.9930893679407146,3501.177535355167,57711.90937557899,58113.51046406961,9.0741126406534,0.0992205400973278
Etomidate,CCOC(=O)c1cncn1C(C)c1ccccc1,2.7,train,0.4997836183868003,0.9771230974317144,0.0017659414874781,0.2126745223703409,0.9589021422352444,542.9976865227857,2448.2558560954067,2553.1863453640963,3.368662030775218,0.2711054788808842
Meloxicam,Cc1cnc([N-]C(=O)C2=C([O-])c3ccccc3S(=O)(=O)N2C)s1,0.15,train,0.5634620791864313,0.9843542773809464,0.0011067407962537,0.1762006146465874,0.91760670831695,829.1071508550066,4317.773153425501,4705.4725235662745,3.754895719966197,0.1151171445216324
Cephaloridine,O=C(Cc1cccs1)NC1C(=O)N2C(C(=O)[O-])=C(C[n+]3ccccc3)CSC12,0.46,train,0.6085410560832086,0.9874240010261432,0.0007667510861152,0.1580944091279736,0.9986170544883632,1302.400573761009,8226.726244824817,8238.119114678791,4.623934095717245,0.2044462947186725
Betaxolol,CC(C)[NH2+]CC(O)COc1ccc(CCOCC2CC2)cc1,4.8,train,0.7545167451104562,0.9959350271730474,0.0013277718368911,0.0900745338584746,0.9521072330611078,717.0714173983108,7579.599403745098,7960.867369294134,5.133642696795438,0.0989900258619372
Darapladib,CC[NH+](CC)CCN(Cc1ccc(-c2ccc(C(F)(F)F)cc2)cc1)C(=O)Cn1c(SCc2ccc(F)cc2)nc(=O)c2c1CCC2,11.9,train,0.2754095254662052,0.927206652247695,8.72017573347569e-05,0.3745501622314719,0.6897273617669609,7909.558050753286,14565.30835439134,21117.486650199826,5.713065814130319,0.1616911336636652
Cilomilast,COc1ccc(C2(C#N)CCC(C(=O)[O-])CC2)cc1OC1CCCC1,0.23,train,0.4832644535707279,0.9757258238407605,0.0007261977568053,0.2189957001638833,0.9080740096562324,1250.4500339563726,5185.038680484566,5709.929615150481,4.211287104814277,0.1667569290698216
RSD921,CN(C(=O)Cc1cccc2sccc12)C1CCCCC1[NH+]1CCCC1,1.1,train,0.2398424385742251,0.92022856684877,0.0004882140549995,0.3913813801849276,0.8233962893185736,1686.5476953941477,3548.1941258681595,4309.218017978408,3.6532985444957937,0.4625354437760479
Gavestinel,O=C(/C=C/c1c(C(=O)[O-])[nH]c2cc(Cl)cc(Cl)c12)Nc1ccccc1,0.12,train,0.4214626866803054,0.9657626280995264,0.0004149032591807,0.2594273427499423,0.7519843698406222,1812.4330267383305,5253.576176832879,6986.283741437787,4.333162411234474,0.0254581258775593
Etonogestrel,C#CC1(O)CCC2C3CCC4=CC(=O)CCC4C3C(=C)CC21CC,2.87,train,0.4892029625066454,0.976243093126824,0.0010520932415615,0.2166781556183529,0.9293968744677306,883.378808791043,3789.073714045782,4076.9167813436,3.671893845984152,0.3269015023313699
Spectinomycin,CNC1C(O)C([NH2+]C)C2OC3(O)C(=O)CC(C)OC3OC2C1O,0.13,train,0.2752943732102694,0.9329541746291576,0.0006734251492851,0.3599951500257016,0.8106116757646611,1203.7145874713483,2710.4395679298864,3343.696678650837,3.299374595835105,0.2970571593383367
Trospectomycin,CCCCC1CC(=O)C2(O)OC3C([NH2+]C)C(O)C(NC)C(O)C3OC2O1,0.7,train,0.4724016331617986,0.9730309383538612,0.0008004075118462,0.230674647515075,0.9813984731731964,1226.1235166440622,5216.506278946819,5315.380471379859,3.9571315887223006,0.2160881451605662
Bivalirudin,CC[C@H](C)[C@H](NC(=O)[C@H](CCC(=O)[O-])NC(=O)[C@H](CCC(=O)[O-])NC(=O)[C@H](Cc1ccccc1)NC(=O)[C@H](CC(=O)[O-])NC(=O)CNC(=O)[C@H](CC(N)=O)NC(=O)CNC(=O)CNC(=O)CNC(=O)CNC(=O)[C@@H]1CCCN1C(=O)[C@H](CCCNC(N)=[NH2+])NC(=O)[C@@H]1CCCN1C(=O)[C@H]([NH3+])Cc1ccccc1)C(=O)N1CCC[C@H]1C(=O)N[C@@H](CCC(=O)[O-])C(=O)N[C@@H](CCC(=O)[O-])C(=O)N[C@@H](Cc1ccc(O)cc1)C(=O)N[C@@H](CC(C)C)C(=O)[O-],0.27,train,0.0,0.0,0.0,0.0,0.0,0.0,0.0,0.0,0.0,0.0
Rocuronium,C=CC[N+]1(C2CC3C4CCC5CC(O)C([NH+]6CCOCC6)CC5(C)C4CCC3(C)C2OC(C)=O)CCCC1,0.21,train,0.4378074551921981,0.9672497060171336,0.0003317153249533,0.2538267247745371,0.9968475193263048,3005.129532277428,11801.97208219851,11839.29523160632,5.010040601766903,0.3772133597283587
Bromotetrandrine,COc1ccc2cc1Oc1ccc(cc1)CC1(C)c3cc(c(OC)cc3CC[NH+]1C)Oc1c(OC)c(OC)c(Br)c3c1C(C)(C2)N(C)CC3,51.0,train,0.1931591190724779,0.8836071078336705,8.524774190776788e-05,0.4682290881457667,0.6567951624881985,7704.546159108884,10807.335072900032,16454.650841150527,4.891429359146985,0.2821397964443625
Eribulin,C=C1CC2CCC34CC5OC6C(OC7CCC(CC(=O)CC8C(CC9OC(CCC1O2)CC(C)C9=C)OC(CC(O)C[NH3+])C8OC)OC7C6O3)C5O4,1.46,train,0.2618841422196715,0.9279235809356334,0.0001048454401735,0.3727704762230924,0.7844885967542542,7482.333952298163,15746.433897227927,20072.22789773781,5.442522203593239,0.2714942984285642
Ritanserin,Cc1nc2sccn2c(=O)c1CC[NH+]1CCC(=C(c2ccc(F)cc2)c2ccc(F)cc2)CC1,1.41,train,0.4435640277328369,0.9705342946885728,0.0002823799022911,0.2409630320886465,0.8604470038819437,3047.1255103517706,10880.880743855629,12645.61407590016,5.269015334750637,0.2498929061732853
Almorexant,CNC(=O)C(c1ccccc1)N1CCc2cc(OC)c(OC)cc2C1CCc1ccc(C(F)(F)F)cc1,9.75,train,0.167805358254596,0.8788252068159018,0.0001377793886436,0.4771438523810063,0.7337338629801461,5325.425451536481,8189.238882718538,11161.048025583805,4.906167965677626,0.4462090036993978
Propafenone,CCC[NH2+]CC(O)COc1ccccc1C(=O)CCc1ccccc1,2.2,train,0.402365889940443,0.9635895453789276,0.0005561717401833,0.2673858411293159,0.8893373019802046,1599.0336036976212,5318.45749528811,5980.247858091633,4.339478105260797,0.2370475646541462
Diprafenone,CCC(C)(C)[NH2+]CC(O)COc1ccccc1C(=O)CCc1ccccc1,1.2,train,0.6142615240599832,0.9882701422089624,0.0009062392553152,0.1527158342094149,0.9587254219582496,1057.916456758137,6641.429205115735,6927.352767542398,4.442796597397812,0.2063202690167908
Levoprotiline,C[NH2+]CC(O)CC12CCC(c3ccccc31)c1ccccc12,18.8,train,0.2105852468449989,0.9073077913651912,0.0006287153283159,0.4204670875681222,0.8081808550483706,1285.447989972152,2470.7628405935325,3057.190510217734,3.40161226609436,0.3882681540008488
Maprotiline,C[NH2+]CCCC12CCC(c3ccccc31)c1ccccc12,45.0,train,0.1942618019616908,0.8953369368323822,0.0005713162953674,0.4453894582762446,0.7347925984343421,1286.1397519946506,2121.841801050671,2887.6744343530154,3.3624517569845147,0.3113157027727691
Mivacurium (cis/cis),COc1cc2c(cc1OC)C(Cc1cc(OC)c(OC)c(OC)c1)[N+](C)(CCCOC(=O)CC/C=C\CCC(=O)OCCC[N+]1(C)CCc3cc(OC)c(OC)cc3C1Cc1cc(OC)c(OC)c(OC)c1)CC2,0.27,train,0.7337429277085429,0.9951024057748836,9.842551037147236e-05,0.0988493905951836,0.958955420255735,9742.95603483788,94518.13959262124,98563.642893238,9.926110817610754,0.1104461926634061
Heroin,CC(=O)Oc1ccc2c3c1OC1C(OC(C)=O)C=CC4C(C2)[NH+](C)CCC341,1.31,train,0.2340445423674496,0.9169010439790166,0.0005106036119285,0.3991146145535006,0.774233611337866,1516.310486746553,2941.457168579556,3799.185575910034,3.3384491817062787,0.3181285865376899
Morphine,C[NH+]1CCC23c4c5ccc(O)c4OC2C(O)C=CC3C1C5,2.3,train,0.1286239427712263,0.8531037084020795,0.0007739639232558,0.5217413753102391,0.7965494774518809,1029.1816627588792,1571.2652943926005,1972.5896995362973,2.8257776864385398,0.532848721043082
Codeine,COc1ccc2c3c1OC1C(O)C=CC4C(C2)[NH+](C)CCC341,3.5,train,0.144766043954814,0.8628503163000941,0.0006009065545348,0.5054595252449277,0.7460890217497931,1241.6057307402343,1832.68562324163,2456.3900148851617,3.034172451647644,0.4181549605961374
Urapidil,COc1ccccc1N1CCN(CCCNc2cc(=O)n(C)c(=O)n2C)CC1,0.75,train,0.7222611885913324,0.9945322023961416,0.0008419396950948,0.1044303518957966,0.9799563168971472,1163.9269684115588,10922.088879294131,11145.485457838502,5.475159220702758,0.1667700522910188
Pazufloxacin,CC1COc2c(C3([NH3+])CC3)c(F)cc3c(=O)c(C(=O)[O-])cn1c23,0.68,train,0.3667229962428894,0.9562128880324512,0.0007150082068263,0.2926720225109308,0.7736132113107586,1081.9641004465743,2859.930768538592,3696.8484078664014,3.463976294441605,0.1695740827623272
Flupirtine,CCOC(=O)Nc1ccc(NCc2ccc(F)cc2)[nH+]c1N,1.1,train,0.8556907287585999,0.9987143563977824,0.0026204784599398,0.0506915606877842,0.9640601709057288,367.89471298605537,6996.680217859622,7257.514031812229,4.893311247569639,0.0444285848323087
Remikiren,CC(C)(C)S(=O)(=O)CC(Cc1ccccc1)C(=O)NC(Cc1c[nH]cn1)C(=O)NC(CC1CCCCC1)C(O)C(O)C1CC1,0.77,train,0.3050600467550745,0.942013154344446,0.0001552517165506,0.3355759482472296,0.8500831504458811,5475.515307225032,13870.610593496038,16316.769231598932,5.3165457852533695,0.3156750448259072
Apalcillin,CC1(C)SC2C(NC(=O)C(NC(=O)c3cnc4cccnc4c3[O-])c3ccccc3)C(=O)N2C1C(=O)[O-],0.16,train,0.502170735778182,0.9782018490542392,0.0002995821560921,0.2076563086132168,0.880915263873754,2940.4797514132542,12474.041908143452,14160.31986242338,5.33503334477615,0.1635964015277675
Cefozopran,CO/N=C(/C(=O)NC1C(=O)N2C(C(=O)[O-])=C(C[n+]3ccn4ncccc43)CSC12)c1nsc(N)n1,0.24,train,0.5380711854911319,0.9817090713145942,0.0004797577246109,0.1903872351252498,0.9401685196650916,1959.6735423645623,9677.24213306456,10293.093132401202,4.611842691548381,0.1865688034585809
"Methylthiomethylpaclitaxel, 7-",CSCOC1CC2OCC2(OC(C)=O)C2C(OC(=O)c3ccccc3)C3(O)CC(OC(=O)C(O)C(NC(=O)c4ccccc4)c4ccccc4)C(C)=C(C(OC(C)=O)C(=O)C12C)C3(C)C,11.0,train,0.2155910624546174,0.9088291240849208,8.10918649834594e-05,0.4171685788923179,0.882709649579203,10885.304583379017,23032.807072551845,26093.29928989881,5.729537388248091,0.4502290246977954
DHA Paclitaxel,CC/C=C\C/C=C\C/C=C\C/C=C\C/C=C\C/C=C\CCC(=O)OC(C(=O)OC1CC2(O)C(OC(=O)c3ccccc3)C3C4(OC(C)=O)COC4CC(O)C3(C)C(=O)C(OC(C)=O)C(=C1C)C2(C)C)C(NC(=O)c1ccccc1)c1ccccc1,0.07,train,0.0,0.0,0.0,0.0,0.0,0.0,0.0,0.0,0.0,0.0
"Desacetylpaclitaxel, 4-; 4-methyl carbonate",COC(=O)OC12COC1CC(O)C1(C)C(=O)C(OC(C)=O)C3=C(C)C(OC(=O)C(O)C(NC(=O)c4ccccc4)c4ccccc4)CC(O)(C(OC(=O)c4ccccc4)C21)C3(C)C,6.9,train,0.3587831873293929,0.9545794252951072,0.0001196707883483,0.2979565753650404,0.9058454473109362,7569.478398301854,23012.67403553573,25404.636192465747,5.672687660166508,0.32514704465592
Paclitaxel,CC(=O)OC1C(=O)C2(C)C(O)CC3OCC3(OC(C)=O)C2C(OC(=O)c2ccccc2)C2(O)CC(OC(=O)C(O)C(NC(=O)c3ccccc3)c3ccccc3)C(C)=C1C2(C)C,3.0,train,0.3554896715475426,0.9526040352648244,0.0001370849849216,0.304213004319626,0.9488296009572068,6921.469929762993,21587.819909875707,22752.051462240728,5.478629111918354,0.3504144651258505
Ezogabine,CCOC(=O)Nc1ccc(NCc2ccc(F)cc2)cc1N,2.5,train,0.8619063305204666,0.9988233590472794,0.002686642562512,0.0484963650339876,0.9775537736534976,363.8570263472192,7334.360192290423,7502.769044488545,5.005623626026171,0.0843319735561153
Alfentanil,CCC(=O)N(c1ccccc1)C1(COC)CCN(CCn2nnn(CC)c2=O)CC1,0.45,train,0.6026181788501389,0.9875004791325772,0.0006248246488583,0.1576160008150525,0.9422878780569446,1508.08371561316,9015.893037311762,9568.0876802778,4.911071142416516,0.1880786320806451
Almotriptan,C[NH+](C)CCc1c[nH]c2ccc(CS(=O)(=O)N3CCCC3)cc12,2.2,train,0.3428966506874454,0.950696713850396,0.0006407169316049,0.3101221666925114,0.9144049512411028,1427.159024735815,4208.0232198324975,4601.925234679707,3.9002582182560017,0.33018074142944
Inogatran,NC(=[NH2+])NCCCNC(=O)C1CCCCN1C(=O)C(CC1CCCCC1)[NH2+]CC(=O)[O-],0.26,train,0.2968727559783166,0.9396520754843152,0.0003088439953995,0.3421315200884285,0.813716290711397,2634.716241313948,6266.337361740119,7700.8871928344115,4.34555225080064,0.2400975967393209
Temocillin,CO[C@@]1(NC(=O)[C@H](C(=O)O)c2ccsc2)C(=O)N2[C@@H](C(=O)O)C(C)(C)S[C@@H]21,0.11,train,0.4628524187713995,0.9729116510255812,0.0006754049320441,0.2311772464986073,0.9151950049884324,1355.0315693114253,5364.360648023046,5861.440041503341,3.895810760996096,0.2474455298317817
Ticarcillin,CC1(C)SC2C(NC(=O)C(C(=O)[O-])c3ccsc3)C(=O)N2C1C(=O)[O-],0.16,train,0.3421085728102195,0.9496823788268824,0.0006122200079352,0.3132145899311106,0.9408355548485066,1536.760547930437,4616.129035047282,4906.4143157202125,3.80258707342296,0.3667188186895809
Spirapril,CCOC(=O)C(CCc1ccccc1)NC(C)C(=O)N1CC2(CC1C(=O)[O-])SCCS2,0.43,train,0.3418770441676415,0.9509019326166598,0.0002579665689488,0.3094923497372777,0.7812527767248748,3028.5039643250743,7644.864674230985,9785.392003698686,4.687165071504878,0.1392390768239459
Valspodar,C/C=C/CC(C)C(=O)C1C(=O)NC(C(C)C)C(=O)N(C)CC(=O)N(C)C(CC(C)C)C(=O)NC(C(C)C)C(=O)N(C)C(CC(C)C)C(=O)NC(C)C(=O)NC(C)C(=O)N(C)C(CC(C)C)C(=O)N(C)C(CC(C)C)C(=O)N(C)C(C(C)C)C(=O)N1C,1.8,train,0.1935680133847937,0.8877869893978476,2.676121706362009e-05,0.4602545615807691,0.6778601272004456,25329.943910583457,37305.78778456083,55034.63957768588,6.959750996907445,0.2345291774344682
Cyclosporine,C/C=C/CC(C)C(O)C1C(=O)NC(CC)C(=O)N(C)CC(=O)N(C)C(CC(C)C)C(=O)NC(C(C)C)C(=O)N(C)C(CC(C)C)C(=O)NC(C)C(=O)NC(C)C(=O)N(C)C(CC(C)C)C(=O)N(C)C(CC(C)C)C(=O)N(C)C(C(C)C)C(=O)N1C,3.3,train,0.1653727576226987,0.8751439343163686,3.179705729386452e-05,0.4838626811702546,0.7177002243665587,22571.2781448189,33479.35689025894,46648.10704191681,6.534323697846829,0.336283723185963
Vismodegib,CS(=O)(=O)c1ccc(C(=O)Nc2ccc(Cl)c(-c3ccccn3)c2)c(Cl)c1,0.23,train,0.6715575885753471,0.9921619795470582,0.0007070640735968,0.1249584184489503,0.9198108698844012,1300.887577564603,9575.749670922314,10410.563719610927,5.0262718682847245,0.095800771420226
Ethinylestradiol,C#CC1(O)CCC2C3CCc4cc(O)ccc4C3CCC21C,4.3,train,0.3902890456755379,0.960447931309142,0.0010799224869307,0.2784596402425125,0.935627610171502,866.3840428312909,2911.060399198233,3111.3451201644543,3.408866830493308,0.3998443179423566
Ethinylestradiol-17-Sulfate,C#CC1(OS(=O)(=O)[O-])CCC2C3CCc4cc(O)ccc4C3CCC21C,0.61,train,0.3686011199886964,0.9570002728443008,0.0006656299614907,0.2900870175928834,0.8898173897502822,1336.8048934537617,4100.535938384621,4608.289280045867,3.6575332735989887,0.3574604665869768
Ethinylestradiol-3-Sulfate,C#CC1(O)CCC2C3CCc4cc(OS(=O)(=O)[O-])ccc4C3CCC21C,2.3,train,0.7105602385926909,0.994107437418553,0.0011465331033957,0.1083992752241341,0.946342146769566,825.3945254320998,7205.819646987399,7614.391551285324,4.564528099927458,0.1866579711258017
Fulvestrant,CC12CCC3c4ccc(O)cc4CC(CCCCCCCCCS(=O)CCCC(F)(F)C(F)(F)F)C3C1CCC2O,4.15,train,0.7634761982572013,0.9962515878270122,0.0003261789360293,0.0865030274161384,0.9571178163205464,2934.3336144628893,32467.10624265075,33921.74473093003,7.558017797329303,0.1255189357324107
Estradiol,CC12CCC3c4ccc(O)cc4CCC3C1CCC2O,1.2,train,0.4613982100430211,0.9727636615278976,0.0013941618855076,0.2317991777613497,0.9105182734335624,653.0936492371528,2565.38313740727,2817.497695826813,3.3286238012064286,0.3321593778262374
Estramustine phosphate,CC12CCC3c4ccc(OC(=O)N(CCCl)CCCl)cc4CCC3C1CCC2OP(=O)([O-])[O-],0.12,train,0.735980752311878,0.9952032351414916,0.0005416727551679,0.097829038449271,0.9556229819402025,1764.207213345933,17233.297850027244,18033.57409324592,5.97649528322198,0.158545423341715
L-692429,CC(C)([NH3+])CC(=O)NC1CCc2ccccc2N(Cc2ccc(-c3ccccc3-c3nnn[n-]3)cc2)C1=O,0.2,train,0.3467807755964228,0.952534624145874,0.000218861704396,0.3044302708392822,0.8625478433085448,3941.0633563727615,11166.286746091297,12945.701311198998,5.2463152153211485,0.2562759259836623
Candesartan,CCOc1nc2cccc(C(=O)[O-])c2n1Cc1ccc(-c2ccccc2-c2nnn[n-]2)cc1,0.13,train,0.3389003356030354,0.9506160280875062,0.000334391613502,0.3103694043283478,0.8690826728339794,2598.9966187616983,7277.595331949374,8373.881518334689,4.56208653279675,0.2735415687309757
Trovafloxacin,[NH3+]C1C2CN(c3nc4c(cc3F)c(=O)c(C(=O)[O-])cn4-c3ccc(F)cc3F)CC12,1.3,train,0.2169861420952908,0.8960232748689887,0.0002263587397374,0.4440070842825061,0.6477681156943385,2861.6881170375077,4174.95662771636,6445.140670811269,4.023691994487122,0.2138198958147893
Hydromorphone,C[NH+]1CCC23c4c5ccc(O)c4OC2C(=O)CCC3C1C5,4.3,train,0.1256449845943417,0.8476046609544587,0.0007060210400516,0.5306282490861913,0.7629437638824498,1080.624684820497,1553.7353425888136,2036.5004816111248,2.855841491092267,0.5453585735932487
Oxycodone,COc1ccc2c3c1OC1C(=O)CCC4(O)C(C2)[NH+](C)CCC314,2.5,train,0.1751755501159733,0.8878060159243067,0.0006669244915743,0.4602178593759803,0.7949760366725158,1192.0030628892305,2059.0549700137035,2590.084323336548,3.0383055413638567,0.4394260157544313
Epristeride,CC(C)(C)NC(=O)C1CCC2C3CC=C4C=C(C(=O)[O-])CCC4(C)C3CCC12C,0.54,train,0.725244738638511,0.9947487545045816,0.0010461276665023,0.1023470342100022,0.955326193396296,913.2023021534166,8523.999604393994,8922.606396973353,4.799195088680174,0.1826416923585865
Elinafide,O=C1c2cccc3cccc(c23)C(=O)N1CCNCCCNCCN1C(=O)c2cccc3cccc(c23)C1=O,12.0,train,0.7474675368332344,0.9956330439174368,0.0004875088426885,0.0933533173470528,0.9681526299241322,1985.9180903978545,20595.645411130023,21273.138939615303,6.49001339030556,0.1218718793422353
Semaxanib,Cc1cc(C)c(/C=C2\C(=O)Nc3ccccc32)[nH]1,0.98,train,0.5156038562839079,0.9793255921869892,0.0014923563412412,0.2022903469956068,0.8001124762844318,536.1403668636754,2120.57867781825,2650.350720270991,3.3370252431092107,0.0196353056272161
Cefazolin,Cc1nnc(SCC2=C(C(=O)[O-])N3C(=O)C(NC(=O)Cn4cnnn4)C3SC2)s1,0.12,train,0.5189222381212871,0.980096339441884,0.0004458382723492,0.1985224556885678,0.862277068839741,1934.057980926764,8400.53001044795,9742.26303124528,4.704775313952593,0.1276929446000926
Trandolapril,CCOC(=O)C(CCc1ccccc1)NC(C)C(=O)N1C(C(=O)[O-])CC2CCCCC21,0.25,train,0.3340624829850588,0.9493352943042572,0.0003858397615785,0.3142650139424514,0.8769467209553999,2272.826204763375,6342.250645608726,7232.1960890612445,4.294988262596003,0.3638509827978821
Alpiropride,C=CC[NH+]1CCCC1CNC(=O)c1cc(S(=O)(=O)NC)c(N)cc1OC,2.3,train,0.4472201441997718,0.9710783106500273,0.0005128690793282,0.2387612082920696,0.8562242570858151,1669.4791938075575,5986.938132301203,6992.254754236848,4.370235534639496,0.1705325736748229
Raclopride,CC[NH+]1CCCC1CNC(=O)c1c([O-])c(Cl)cc(Cl)c1OC,1.1,train,0.3334513339214254,0.949125119919172,0.0005668021097793,0.3148992009173997,0.7929408314817197,1398.9729709905885,3522.7234226253463,4442.605655762045,3.672033076147786,0.2240815535217395
Remoxipride,CC[NH+]1CCCC1CNC(=O)c1c(OC)ccc(Br)c1OC,0.65,train,0.4834717243800185,0.9759682522671356,0.0006588928772591,0.2179127590725987,0.8491525600740423,1288.7566239999185,5021.968384225368,5914.09438109387,4.052001761173063,0.1940170249028429
Sulpiride,CC[NH+]1CCCC1CNC(=O)c1cc(S(N)(=O)=O)ccc1OC,0.94,train,0.5175826187096385,0.979895035964415,0.000768977482084,0.199513705023735,0.8929621448793326,1161.2331514041489,5197.323389185102,5820.317713342065,4.21692325346664,0.2336188517013782
Olsalazine,O=C([O-])c1cc(N=Nc2ccc(O)c(C(=O)[O-])c2)ccc1O,0.07,train,0.7318731248930408,0.9950687514163988,0.0015265631010318,0.0991875998026411,0.9037173659257596,591.9947660957549,5393.778574362136,5968.4352406316775,4.461914734044703,0.004725043234799
"Hydroxycotinine, 3'-",CN1C(=O)C([O-])CC1c1cccnc1,0.85,train,0.4394242253781864,0.969438693271454,0.0027796273450243,0.2453336910987485,0.9159309493158174,329.51573560944706,1230.216930987186,1343.132833218633,2.755136741250134,0.3744779070152718
Cotinine,CN1C(=O)CCC1c1cccnc1,1.1,train,0.4699708755888049,0.9734619639348912,0.003628804932537,0.2288488688458489,0.9446003263182956,260.3061734866735,1074.4440103997426,1137.4588600742177,2.6485076481489074,0.3683255946592168
Zotarolimus,COC1CC2CCC(C)C(O)(O2)C(=O)C(=O)N2CCCCC2C(=O)OC(C(C)CC2CCC(n3cnnn3)C(OC)C2)CC(=O)C(C)/C=C(\C)C(O)C(OC)C(=O)C(C)CC(C)/C=C/C=C/C=C/1C,1.3,train,0.1293931540187844,0.8158619944401974,2.971670636037488e-05,0.5782466653843006,0.6321467997996423,21272.438208110616,23255.30702067384,36787.82685927472,6.486826444312478,0.3284244471737657
Tedizolid,Cn1nnc(-c2ccc(-c3ccc(N4C[C@H](CO)OC4=O)cc3F)cn2)n1,0.91,train,0.841005156210737,0.9984186784822896,0.0016818030386129,0.0562151443801258,0.9657942784523345,574.2612281452766,9865.992778198704,10215.418540280394,5.280827918287082,0.0555912730051132
Leuprolide,CCNC(=O)C1CCCN1C(=O)C(CCCNC(N)=[NH2+])NC(=O)C(CC(C)C)NC(=O)C(CC(C)C)NC(=O)C(Cc1ccc(O)cc1)NC(=O)C(CO)NC(=O)C(Cc1c[nH]c2ccccc12)NC(=O)C(Cc1c[nH]cn1)NC(=O)C1CCC(=O)N1,0.38,train,0.5997528042962958,0.9870105097478564,7.532893355968935e-05,0.1606556990812248,0.9731791675249571,12919.062059385546,78257.8030661683,80414.58929417678,8.419051570309716,0.2108880869884857
Cerivastatin,COCc1c(C(C)C)nc(C(C)C)c(/C=C/C(O)CC(O)CC(=O)[O-])c1-c1ccc(F)cc1,0.33,train,0.3472000382024852,0.952325326137272,0.0002580823151082,0.3050843706215357,0.7908791211445113,3064.4452364467897,7944.050855371613,10044.582848356742,4.7912569553814,0.2294315526064751
Nemonoxacin,COc1c(N2CC(C)CC([NH3+])C2)ccc2c(=O)c(C(=O)[O-])cn(C3CC3)c12,1.9,train,0.4390589638144758,0.9698337732267336,0.0006472811952717,0.2437672092566936,0.8684553471223146,1341.69716881346,4779.986955702184,5504.010046735268,3.955959782011878,0.2715506994247346
Oxiracetam,NC(=O)CN1CC(O)CC1=O,0.55,train,0.286346727859837,0.9365068101977916,0.0029354947868558,0.3506493896375091,0.8152343052407075,277.71614819111454,645.6698280831405,792.0052234461587,2.328747393437575,0.3776969655018489
Alizapride,C=CC[NH+]1CCCC1CNC(=O)c1cc2n[nH]nc2cc1OC,1.6,train,0.5423464354669026,0.9820911445717072,0.0010157698277094,0.1884064323579058,0.9453286291506636,930.652401127477,4669.545235601903,4939.59993552431,4.081249961577929,0.2855783432274318
CGP31608,C[C@@H](O)[C@H]1C(=O)N2C(C(=O)O)=C(CN)S[C@H]12,0.23,train,0.2743512517239889,0.9309719106071552,0.0011032293092125,0.3650908128951794,0.7503053451903949,680.0991769571048,1397.6852599602669,1862.8219416530949,2.84007419628132,0.165555778039153
Sch34343,CC(O)C1C(=O)N2C(C(=O)[O-])=C(SCCOC(N)=O)SC12,0.3,train,0.4563938065256666,0.9714699871004058,0.0009586777692193,0.2371625268948226,0.9470918821952076,987.9147223434504,3945.168008129535,4165.559944390259,3.694128545020932,0.1962019372921293
Ritipenem,CC(O)C1C(=O)N2C(C(=O)[O-])=C(COC(N)=O)SC12,0.24,train,0.3757117360463489,0.958478251096208,0.0010779305158614,0.2851656398929481,0.8894062807382872,825.1053919068999,2573.4303687797496,2893.425001050781,3.309257791657191,0.2814259751608765
Nicainoprol,CC(C)[NH2+]CC(O)COc1cccc2c1N(C(=O)c1cccnc1)CCC2,0.67,train,0.1870367730188526,0.8930902352724458,0.000337799675873,0.449877574081002,0.758938791768187,2246.712610977727,3790.1808239918455,4994.053361222221,3.858452125693193,0.3041426167090605
Allopurinol,O=c1[nH]cnc2[nH]ncc12,0.58,train,0.2908814672290835,0.9236385945704464,0.00298014128242,0.3832645908767601,0.6167354091242093,206.9483795155482,333.0137887670253,539.96216828205,1.9917290965976264,2.2755449515008e-12
Tenoxicam,CN1C(C(=O)Nc2ccccn2)=C([O-])c2sccc2S1(=O)=O,0.19,train,0.4912386517484147,0.9767241481952366,0.0008384177535233,0.21449927350061,0.815999331113065,973.2610356638723,3702.4850533951594,4537.362853404277,3.700640484491357,0.0376649613455783
Dacinostat.,O=C(/C=C/c1ccc(C[NH+](CCO)CCc2c[nH]c3ccccc23)cc1)NO,2.17,train,0.8149881170057554,0.9978029907895176,0.0012121989063266,0.0662509741173212,0.9705672369064442,800.6666495415069,11729.651195052673,12085.356633755118,5.68763613170659,0.1059346825468843
Dofetilide,C[NH+](CCOc1ccc(NS(C)(=O)=O)cc1)CCc1ccc(NS(C)(=O)=O)cc1,3.3,train,0.7833298138045095,0.9968908661895632,0.0007998811045957,0.0787946756311759,0.9722342659811356,1215.4734752392,14997.523024908069,15425.83258961073,5.9785771683593945,0.1592458314679775
Tamsulosin,CCOc1ccccc1OCC[NH2+]C(C)Cc1ccc(OC)c(S(N)(=O)=O)c1,0.21,train,0.3886176653683663,0.9602785952130776,0.0004969520889778,0.2790430425142297,0.9292657576788576,1869.9302775648764,6227.219143438597,6701.225232911944,4.250599737676925,0.3211481534426453
Timolol,CC(C)(C)[NH2+]CC(O)COc1nsnc1N1CCOCC1,1.5,train,0.3756900250861552,0.9583275014542514,0.0005700810210526,0.2856718396280105,0.7869375579272636,1380.395994369626,3802.563998594765,4832.103843931966,3.971773356833661,0.177860553456192
Isoxicam,Cc1cc(NC(=O)C2=C([O-])c3ccccc3S(=O)(=O)N2C)no1,0.19,train,0.5457940683235376,0.982811783606514,0.0009728635101026,0.1846103951682636,0.8558679766551887,879.7410610712337,4078.547154580621,4765.392871129448,3.813385692630647,0.0588541673537001
Gambogic acid,CC(C)=CCCC1(C)C=Cc2c(O)c3c(c(CC=C(C)C)c2O1)OC12C(=CC4CC1C(C)(C)OC2(C/C=C(/C)C(=O)[O-])C4=O)C3=O,0.99,train,0.3944123387925106,0.9596661672919424,0.0002583105190204,0.2811420412446236,0.9856899138455448,3815.910856372938,13378.663776534877,13572.893045379458,4.950352608060715,0.3931414618194398
Paroxetine,Fc1ccc(C2CC[NH2+]CC2COc2ccc3c(c2)OCO3)cc1,18.0,train,0.3225004336051779,0.9461415978884308,0.0004617201250014,0.3237531107883394,0.7810466121551282,1691.601838132219,4080.9488488662982,5224.974777889131,4.079681631742264,0.2682548695217164
Tramadol,COc1cccc(C2(O)CCCCC2C[NH+](C)C)c1,2.8,train,0.1685090136125038,0.8835475666805376,0.0008015094407174,0.4683414325178811,0.8686349011130376,1083.748808168168,2010.0336494969135,2314.0143769509245,3.1979634416145,0.5149235065232901
Acarbose,CC1OC(OC2C(CO)OC(OC(C(O)CO)C(O)C(O)C=O)C(O)C2O)C(O)C(O)C1NC1C=C(CO)C(O)C(O)C1O,0.32,train,0.6918201962744135,0.9931177173596248,0.0003526413739682,0.1171204485408432,0.964985230657996,2736.449270824821,22546.303089591827,23364.40224501482,6.13803375128064,0.1579859062688812
RPR 109881A,CC(=O)O[C@H]1C(=O)[C@]23C[C@H]2C[C@H]2OC[C@@]2(OC(C)=O)[C@H]3[C@H](OC(=O)c2ccccc2)[C@]2(O)C[C@H](OC(=O)[C@H](O)[C@@H](NC(=O)OC(C)(C)C)c3ccccc3)C(C)=C1C2(C)C,12.0,train,0.182917590159277,0.8916665037632451,9.609013630520331e-05,0.4526928827214216,0.885697093014742,9217.357026131942,18033.829633561752,20361.17062570238,5.349413257528493,0.4563454455752843
Larotaxel,CC(=O)O[C@H]1C(=O)[C@]23C[C@H]2C[C@H]2OC[C@@]2(OC(C)=O)[C@H]3[C@H](OC(=O)c2ccccc2)[C@]2(O)C[C@H](OC(=O)[C@H](O)[C@@H](NC(=O)OC(C)(C)C)c3ccccc3)C(C)=C1C2(C)C,17.0,train,0.182917590159277,0.8916665037632451,9.609013630520331e-05,0.4526928827214216,0.885697093014742,9217.357026131942,18033.829633561752,20361.17062570238,5.349413257528493,0.4563454455752843
Lisinopril,[NH3+]CCCCC(NC(CCc1ccccc1)C(=O)[O-])C(=O)N1CCCC1C(=O)[O-],0.89,train,0.3003504102115036,0.93695213666689,0.0004319137339602,0.3494577136011589,0.9673878372493716,2239.7709569903927,6200.25570386982,6409.276057779842,4.284357953615633,0.381902934310634
Eletriptan,C[NH+]1CCCC1Cc1c[nH]c2ccc(CCS(=O)(=O)c3ccccc3)cc12,1.6,train,0.4091902503164186,0.9649545511639542,0.0005118498497285,0.2624170615413022,0.8728484232446142,1705.2821715343105,5672.088719645255,6498.366232433076,4.253137276683173,0.192649927510474
Cannabinol,CCCCCc1cc(O)c2c(c1)OC(C)(C)c1ccc(C)cc1-2,16.98,train,0.5448894729523883,0.9827413509238888,0.0009024803804665,0.1849849647519758,0.863723722523377,957.0554011123214,4468.641301838607,5173.692912802521,4.131794292905288,0.1068179721392901
Temsirolimus,COC1CC2CCC(C)C(O)(O2)C(=O)C(=O)N2CCCCC2C(=O)OC(C(C)CC2CCC(OC(=O)C(C)(CO)CO)C(OC)C2)CC(=O)C(C)/C=C(\C)C(O)C(OC)C(=O)C(C)CC(C)/C=C/C=C/C=C/1C,3.0,train,0.3335053628885244,0.9465772631083632,3.6429687526078014e-05,0.3224771076623587,0.7195914671406626,19752.88606649581,44077.57303422132,61253.60714651892,7.791184977044765,0.087156946840556
Biolimus A9,CCOCCOC1CCC(CC(C)C2CC(=O)C(C)/C=C(\C)C(O)C(OC)C(=O)C(C)CC(C)/C=C/C=C/C=C(\C)C(OC)CC3CCC(C)C(O)(O3)C(=O)C(=O)N3CCCCC3C(=O)O2)CC1OC,44.5,train,0.2646055983953859,0.9256561888241486,3.8542224626599545e-05,0.3783657226699481,0.7176977097713024,18621.076409688874,35321.12739601398,49214.49088540245,7.231535386178092,0.1667703807899682
Deferolimus,COC1CC2CCC(C)C(O)(O2)C(=O)C(=O)N2CCCCC2C(=O)OC(C(C)CC2CCC(OP(C)(C)=O)C(OC)C2)CC(=O)C(C)/C=C(\C)C(O)C(OC)C(=O)C(C)CC(C)/C=C/C=C/C=C/1C,3.2,train,0.2168633827324708,0.8966691815948188,3.300830933660328e-05,0.44270122970021,0.6516152627927363,19740.946321966054,29056.847061563767,44592.02956209157,6.867022853381388,0.1779481328789487
Abacavir,Nc1nc(NC2CC2)c2ncn(C3C=CC(CO)C3)c2n1,0.84,train,0.3819093725512527,0.9592331235129896,0.0007567949705832,0.2826160199909295,0.772058704968669,1020.1689162570232,2786.9272674633467,3609.734919803078,3.5987687853788413,0.1416336744348768
Dinaciclib,CCc1cnn2c(NCc3ccc[n+]([O-])c3)cc(N3CCCCC3CCO)nc12,0.32,train,0.4577657113741493,0.9724879123261628,0.0004216418303277,0.2329533437826155,0.8263891251625501,1959.9315478737512,6952.748953615757,8413.408093007221,4.674298146144738,0.1372262891473746
Dehydroandrographolide succinate,C=C1CCC2C(C)(COC(=O)CCC(=O)[O-])C(OC(=O)CCC(=O)[O-])CCC2(C)C1/C=C/C1=CCOC1=O,0.13,train,0.2312966683229664,0.9146383434172408,0.0001518207064204,0.4042730522196174,0.7506749969517651,4944.48362579112,9181.171513510766,12230.55456861141,4.983737212758378,0.3584715115229454
Trimetrexate,COc1cc(NCc2ccc3nc(N)nc(N)c3c2C)cc(OC)c1OC,0.77,train,0.641381019904896,0.9902356769234368,0.0008379586432108,0.1394033864293929,0.9489695370904844,1132.4777717599882,7709.187949868506,8123.746494017788,4.791859428626109,0.1959718790972273
Demethylchlortetracycline,C[NH+](C)C1C([O-])=C(C(N)=O)C(=O)C2(O)C([O-])=C3C(=O)c4c(O)ccc(Cl)c4C(O)C3CC12,1.3,train,0.4194969040740631,0.966781763425632,0.000422611695607,0.2556032509723331,0.8470431326990322,2004.3059420829532,6642.065692086973,7841.472807792663,4.215782166524686,0.1910678234148456
Tigecycline,CN(C)c1cc(NC(=O)C[NH2+]C(C)(C)C)c(O)c2c1CC1CC3C([NH+](C)C)C([O-])=C(C(N)=O)C(=O)C3(O)C(O)=C1C2=O,12.0,train,0.6195322604932461,0.9887871736815368,0.0003380514146516,0.1493315946572528,0.9389760310218008,2777.6130799197263,17465.239767133182,18600.30415060476,5.753694549556451,0.1256554436736773
Oxytetracycline,C[NH+](C)C1C([O-])=C(C(N)=O)C(=O)C2(O)C(O)=C3C(=O)c4c(O)cccc4C(C)(O)C3C(O)C12,1.7,train,0.3531976578588123,0.9525691812968768,0.0004686232558911,0.3043221234866074,0.9338733393482418,1992.80195254587,6115.311607194434,6548.330859795572,3.989452181218648,0.3840691153216606
Tetracycline,C[NH+](C)C1C([O-])=C(C(N)=O)C(=O)C2(O)C(O)=C3C(=O)c4c(O)cccc4C(C)(O)C3CC12,1.2,train,0.4168479209402231,0.9662440630812176,0.0004385688095956,0.2576284350771476,0.8210763648526683,1872.1722723730984,5966.718709903838,7266.94734535988,4.122406828658719,0.1555087699429695
Doxycycline,CC1c2cccc(O)c2C(=O)C2=C(O)C3(O)C(=O)C(C(N)=O)=C([O-])C([NH+](C)C)C3C(O)C21,0.69,train,0.2254424269402504,0.9135359803503712,0.0003804126932406,0.4067579287552812,0.875359479553236,2301.0785263134685,4952.013860845318,5657.120276315184,3.8110542488599,0.3487773741635264
Minocycline,CN(C)c1ccc(O)c2c1CC1CC3C([NH+](C)C)C([O-])=C(C(N)=O)C(=O)C3(O)C(O)=C1C2=O,1.6,train,0.3693939685494904,0.9573264260033651,0.0003939199618057,0.2890088477462642,0.8781541551167801,2229.2705124444683,6773.64440102242,7713.502648201484,4.274340615270996,0.2874382927520971
Chlortetracycline,C[NH+](C)C1C([O-])=C(C(N)=O)C(=O)C2(O)C([O-])=C3C(=O)c4c(O)ccc(Cl)c4C(C)(O)C3CC12,0.9,train,0.3769469497856637,0.9590778931406598,0.0003825351503344,0.2831423579912993,0.8385920399971999,2192.1960354857965,6492.699144393999,7742.38108009668,4.145813088112018,0.2319619916207784
Asenapine,C[NH+]1CC2c3ccccc3Oc3ccc(Cl)cc3C2C1,23.0,train,0.2599449648789781,0.927107428260799,0.0007129559610756,0.3747956996333437,0.7799469194837567,1093.9622670480617,2276.526921334224,2918.8228896923483,3.3113922661770823,0.3276871022814092
Oxacillin,Cc1onc(-c2ccccc2)c1C(=O)NC1C(=O)N2C1SC(C)(C)C2C(=O)[O-],0.19,train,0.5355388878666091,0.9817613967121276,0.0006536318412197,0.1901172267992884,0.8993072707660574,1375.8620894108828,6508.209705188155,7236.914363701589,4.345187313147579,0.1273719803928093
Dicloxacillin,Cc1onc(-c2c(Cl)cccc2Cl)c1C(=O)NC1C(=O)N2C1SC(C)(C)C2C(=O)[O-],0.11,train,0.2277108849711314,0.9136933148066082,0.000385356475554,0.4064043878671985,0.8986968630136052,2332.1182334396267,5157.098208432468,5738.4179478930655,3.753952615033689,0.2593142109511194
Flucloxacillin,Cc1onc(-c2c(F)cccc2Cl)c1C(=O)NC1C(=O)N2C1SC(C)(C)C2C(=O)[O-],0.19,train,0.4843480055252347,0.9747452027773128,0.0005634646574538,0.2233199267029597,0.9786772011063598,1736.891902907957,7611.754720049036,7777.594810060169,4.348392896828362,0.2718428324213742
Triazolam,Cc1nnc2n1-c1ccc(Cl)cc1C(c1ccccc1Cl)=NC2,0.58,train,0.1171426651181882,0.8353801636759073,0.0003996338790566,0.5496726135954149,0.7389093009208725,1848.9656148901624,2485.5120232182826,3363.757933647189,3.348853931004255,0.423896044508538
Alprazolam,Cc1nnc2n1-c1ccc(Cl)cc1C(c1ccccc1)=NC2,0.8,train,0.1630003588742512,0.8649980464937599,0.0004035055310088,0.501775228127076,0.6715165516475101,1664.2065598668778,2227.177006091561,3316.6375432256546,3.4164421529255105,0.3932322863642936
Adinazolam,CN(C)Cc1nnc2n1-c1ccc(Cl)cc1C(c1ccccc1)=NC2,0.98,train,0.216150053486875,0.909022102307238,0.0004137613974374,0.4167479064337686,0.7749334381454109,1872.8993157525008,3482.6145102349333,4494.082122162142,3.741286669853476,0.3225845247522961
Thionylan (Methapyrilene),C[NH+](C)CCN(Cc1cccs1)c1ccccn1,3.3,train,0.2591046906798689,0.9234486348307952,0.0006444282263293,0.3837220593465279,0.7153059341045125,1109.9854178934725,2069.151712416041,2892.6807590466874,3.4014242249417403,0.2016913296836124
Glufosfamide,O=P(NCCCl)(NCCCl)OC1OC(CO)C(O)C(O)C1O,0.24,train,0.1801946593342164,0.8864557312369927,0.0003129218495849,0.4628133928022056,0.7290841929006101,2329.9242090883777,3670.401371095968,5034.26271867661,3.794636269081242,0.3920610315302656
Levomepromazine,COc1ccc2c(c1)N(CC(C)C[NH+](C)C)c1ccccc1S2,12.0,train,0.1252855078433616,0.8506761854262955,0.0004906166169355,0.5256900489343191,0.8115625827906326,1654.1685600860262,2553.7126139555426,3146.661351949429,3.340737667081745,0.4946656610682129
Promazine,C[NH+](C)CCCN1c2ccccc2Sc2ccccc21,8.1,train,0.066319883481085,0.7669764667074362,0.0005892198781429,0.6416752290037203,0.7846489452909303,1331.6742601488052,1628.3888741025123,2075.3088166055486,2.969931324673839,0.5909906911892706
Promethazine,CC(CN1c2ccccc2Sc2ccccc21)[NH+](C)C,14.0,train,0.0831441889506852,0.7879497914340206,0.0005580522302822,0.6157394953867126,0.7399831268157555,1326.0105177636897,1593.572308544378,2153.5251964483687,2.981039178365084,0.5182445090441489
Chlorpromazine,C[NH+](C)CCCN1c2ccccc2Sc2ccc(Cl)cc21,10.0,train,0.2207094574191662,0.8675554074468381,0.0002612478386321,0.497340542294463,0.546311426337919,2091.161516199445,2297.0687757473884,4204.687409057677,3.6648913654261226,0.1434360706144418
"Chlorophenylpiperazine, m-",Clc1cccc(N2CC[NH2+]CC2)c1,2.5,train,0.537377346924755,0.9819956804653944,0.0026092496774133,0.1889033709262675,0.8574989372367406,328.6381309767173,1491.8042312648736,1739.715545388498,3.0007400896815257,0.1710957402830567
Trimazosin,COc1cc2c(N)nc(N3CCN(C(=O)OCC(C)(C)O)CC3)nc2c(OC)c1OC,0.18,train,0.6538219301974354,0.9910425020638096,0.0006471774107921,0.1335468423554213,0.9459630208856412,1461.6749674988853,10353.5991074074,10945.03577710049,5.111983948330994,0.1678717256893238
Metazosin,COc1cc2nc(N3CCN(C(=O)C(C)OC)CC3)nc(N)c2cc1OC,0.44,train,0.6924812022966784,0.9932771352012923,0.0008929147333144,0.1157606698594699,0.9152081381821336,1024.967003047384,8103.427042154234,8854.190324672996,4.893810485489929,0.0859679452934198
Edoxaban,CN1CCc2nc(C(=O)N[C@@H]3C[C@@H](C(=O)N(C)C)CC[C@@H]3NC(=O)C(=O)Nc3ccc(Cl)cn3)sc2C1,1.53,train,0.2959586356042968,0.9352411071940752,0.0001157922565555,0.3540114001192621,0.7053156375714453,6091.215928876059,12135.851684474605,17206.270551807094,5.685562233454132,0.1203761336600274
Antipyrine,Cc1cc(=O)n(-c2ccccc2)n1C,0.77,train,0.3955570870056032,0.962216345695992,0.0022169800045627,0.2722860702927191,0.7927560664645961,357.5837692866096,1041.0988048947445,1313.2650116922684,2.683992060761019,0.1647194914703252
Sildenafil,CCCc1nn(C)c2c(=O)[nH]c(-c3cc(S(=O)(=O)N4CC[NH+](C)CC4)ccc3OCC)nc12,1.36,train,0.2942776151786655,0.9362983858037026,0.0002224992483076,0.3512055420140474,0.7300000758189362,3280.910301366367,6819.552889221718,9341.852302647145,4.521060879620988,0.1312822927298263
Chlorthalidone,NS(=O)(=O)c1cc(C2(O)NC(=O)c3ccccc32)ccc1Cl,3.9,train,0.4337559061364361,0.9678042272521942,0.0009295655522188,0.2517041471902743,0.9535986297310046,1025.8540965236853,3886.519438272978,4075.6344620265495,3.642193149708201,0.3296963295817171
Furosemide,NS(=O)(=O)c1cc(C(=O)[O-])c(NCc2ccco2)cc1Cl,0.12,train,0.5344828346068005,0.9817041653874728,0.0009260800670255,0.1904125302097672,0.856396910597163,924.754717319172,4159.164746667855,4856.5854164136135,3.882422080356744,0.0866613484199013
Granisetron,Cn1nc(C(=O)NC2CC3CCCC(C2)[NH+]3C)c2ccccc21,3.7,train,0.6073579414486868,0.9879999563508134,0.0011870741192834,0.1544541558223372,0.9144109458284192,770.3065301267005,4560.425836655258,4987.282640764648,4.057105139114528,0.16465513541928
Methicillin,COc1cccc(OC)c1C(=O)NC1C(=O)N2C1SC(C)(C)C2C(=O)[O-],0.32,train,0.400738749694338,0.962990796084135,0.0006850765806058,0.2695342773326684,0.9097890457001434,1328.0107238458138,4482.582405042406,4927.056910860869,3.76168953518152,0.2415953338304085
LY2140023,CSCCC([NH3+])C(=O)NC1(C(=O)[O-])CS(=O)(=O)C2C(C(=O)[O-])C21,0.44,train,0.2656020175278993,0.9278580143852828,0.0006488690058153,0.3729336471022693,0.9178620557989112,1414.5567866130136,3481.4986802434373,3793.052189321766,3.4481247618548005,0.464432040254589
LY404039,[NH3+]C1(C(=O)[O-])CS(=O)(=O)C2C(C(=O)[O-])C21,0.21,train,0.1486358433750167,0.8666116009165656,0.0012406865209595,0.4989832994768735,0.7519254330044953,606.0559378229805,913.2748008806074,1214.581607156713,2.4158808170430293,0.6520920822610483
Pentostatin,OCC1OC(n2cnc3c2NC=NCC3O)CC1O,0.59,train,0.2365422511490565,0.9185213625243548,0.0009618152725769,0.3953713527639589,0.7940155659349433,825.5385296674864,1657.9108178997612,2088.00795479065,2.918931162830258,0.2717613734408373
Ranitidine,CN/C(=C\[N+](=O)[O-])NCCSCc1ccc(C[NH+](C)C)o1,1.2,train,0.7240388429825201,0.9947063790765244,0.0015248202286354,0.1027580625764694,0.9511009298743208,623.7462698966585,5773.2273500473575,6070.047004170458,4.445518438291103,0.160527066200107
Oleandomycin,COC1CC(OC2C(C)C(=O)OC(C)C(C)C(O)C(C)C(=O)C3(CO3)CC(C)C(OC3OC(C)CC([NH+](C)C)C3O)C2C)OC(C)C1O,0.77,train,0.2313124101141644,0.9162686558965808,0.0001317985659687,0.4005642897481915,0.7906736077282338,5999.106302232379,11841.632278586498,14976.637847581527,4.880523454720345,0.3125523550745871
Saxagliptin,N#CC1CC2CC2N1C(=O)C(N)C12CC3CC(CC(O)(C3)C1)C2,1.8,train,0.324052502594792,0.9445328117171876,0.0009843041998438,0.3284170634873039,0.9529713518196058,968.1675156631032,2809.342171177913,2947.981768616389,3.2651599918182432,0.4458190941718281
Piritramide,N#CC(CCN1CCC(C(N)=O)([NH+]2CCCCC2)CC1)(c1ccccc1)c1ccccc1,4.7,train,0.4954127267284523,0.9769356407477516,0.0004528915700581,0.213533964129315,0.9357787601552582,2066.231349890638,9054.931465720589,9676.359254209034,4.908491786347848,0.2305974776160227
Flavopiridol,C[NH+]1CCC(c2c([O-])cc(O)c3c(=O)cc(-c4ccccc4Cl)oc23)C(O)C1,1.5,train,0.1607220219467675,0.8499581079050502,0.0002257774861003,0.5268502774095001,0.6272571186860488,2778.2093313203286,3307.678964959885,5273.242608850209,3.759479574015903,0.1964571373651803
Clindamycin,CCCC1CC(C(=O)NC(C(C)Cl)C2OC(SC)C(O)C(O)C2O)[NH+](C)C1,0.79,train,0.160761566105899,0.8779669528582219,0.0002937915493788,0.478721244242251,0.7842191336197082,2669.3045980316133,4372.732074067213,5575.905874527775,3.848353737150945,0.4025685258856602
Lincomycin,CCCC1CC(C(=O)NC(C(C)O)C2OC(SC)C(O)C(O)C2O)[NH+](C)C1,1.0,train,0.4615910622160452,0.9730892081665076,0.0005459526826927,0.2304287155496893,0.8706408800592422,1594.7185674865127,6025.408655041835,6920.659014577675,4.223640056116764,0.1872237235696163
Dilevalol,CC(CCc1ccccc1)[NH2+]CC(O)c1ccc(O)c(C(N)=O)c1,4.8,train,0.5511258908920555,0.9833414898510598,0.0006951649298256,0.1817677483424881,0.8769417090320478,1261.4872692902484,6086.067588674507,6940.10505600446,4.656832024350813,0.147111606613791
Labetalol,CC(CCc1ccccc1)[NH2+]CC(O)c1ccc(O)c(C(N)=O)c1,4.8,train,0.5511258908920555,0.9833414898510598,0.0006951649298256,0.1817677483424881,0.8769417090320478,1261.4872692902484,6086.067588674507,6940.10505600446,4.656832024350813,0.147111606613791
Toxogonin,O/N=C/c1cc[n+](COC[n+]2ccc(/C=N/O)cc2)cc1,0.17,train,0.6574944556098758,0.991350429231725,0.0010879157151689,0.1312414814838459,0.919301238205163,845.0114520704722,5919.013298257713,6438.600376318378,4.785061839465791,0.1658422067012685
Gemifloxacin,CO/N=C1/CN(c2nc3c(cc2F)c(=O)c(C(=O)[O-])cn3C2CC2)CC1C[NH3+],3.52,train,0.5448910532454653,0.982729766808148,0.0006326590223041,0.1850464953172658,0.8576416856426282,1355.614407456154,6282.915131674201,7325.8042803346625,4.383519793849528,0.1192172052132952
Sugammadex,O=C(O)CCSC[C@H]1O[C@@H]2O[C@@H]3[C@@H](CSCCC(=O)O)O[C@H](O[C@@H]4[C@@H](CSCCC(=O)O)O[C@H](O[C@@H]5[C@@H](CSCCC(=O)O)O[C@H](O[C@@H]6[C@@H](CSCCC(=O)O)O[C@H](O[C@@H]7[C@@H](CSCCC(=O)O)O[C@H](O[C@@H]8[C@@H](CSCCC(=O)O)O[C@H](O[C@@H]9[C@@H](CSCCC(=O)O)O[C@H](O[C@H]1[C@H](O)[C@H]2O)[C@H](O)[C@H]9O)[C@H](O)[C@H]8O)[C@H](O)[C@H]7O)[C@H](O)[C@H]6O)[C@H](O)[C@H]5O)[C@H](O)[C@H]4O)[C@H](O)[C@H]3O,0.18,train,0.1220970365671638,0.8161146099480886,8.809750859157975e-06,0.5778900790195998,0.653486632278744,74177.65186848922,83881.18375750842,128359.44855522152,8.45734887192012,0.3061275085779295
Norfloxacine,CCn1cc(C(=O)[O-])c(=O)c2cc(F)c(N3CC[NH2+]CC3)cc21,1.88,train,0.5111005008972827,0.9792376481727448,0.0009370041845041,0.2027156343282673,0.8586797217015809,916.40969795242,3881.804316721542,4520.666109395553,3.819820227968809,0.1696218291618722
Fleroxacin,C[NH+]1CCN(c2c(F)cc3c(=O)c(C(=O)[O-])cn(CCF)c3c2F)CC1,1.6,train,0.4433164860311757,0.9702338264133142,0.0005794721632638,0.2421700272192635,0.805941070414731,1390.8193033385528,4628.642160870103,5743.152112211182,3.990450986672632,0.1311365010979085
Pefloxacin,CCn1cc(C(=O)[O-])c(=O)c2cc(F)c(N3CC[NH+](C)CC3)cc21,1.5,train,0.4378150530422314,0.9695598058140742,0.000801386508933,0.2448546159454108,0.8829892732956448,1101.8269754394398,3973.383946977389,4499.923234794507,3.789646826442256,0.2504944493715658
Lomefloxacin,CCn1cc(C(=O)[O-])c(=O)c2cc(F)c(N3CC[NH2+]C(C)C3)c(F)c21,2.04,train,0.5076093071375561,0.9788494926441684,0.0008231415261946,0.2045816970069757,0.8614906722745799,1046.5887637295675,4407.170684627097,5115.749742235648,3.878292670706864,0.1815162923992074
Eprosartan,CCCCc1ncc(/C=C(/Cc2cccs2)C(=O)[O-])n1Cc1ccc(C(=O)[O-])cc1,0.17,train,0.3421545232363068,0.9512390677698432,0.0002895996475156,0.3084545930090184,0.7953301535802743,2746.3091215863024,7081.179872028299,8903.447002671175,4.708128436133681,0.1998980456552953
Falipamil,COc1ccc(CC[NH+](C)CCCN2Cc3cc(OC)c(OC)cc3C2=O)cc1OC,2.4,train,0.6104491747440561,0.9882117981570312,0.0004671313530043,0.15309291944191,0.919721641255872,1968.8715718624665,11828.200808349437,12860.631171185809,5.570524381226383,0.183991878275336
Diprophylline,Cn1c(=O)c2c(ncn2CC(O)CO)n(C)c1=O,0.42,train,0.3162892979599123,0.9450468229117768,0.0012185650659778,0.3269350126620835,0.8136371471977001,667.7010279666785,1661.6952560455622,2042.3050517896256,2.932129719168013,0.2414102649970319
Pentoxifylline,CC(=O)CCCCn1c(=O)c2c(ncn2C)n(C)c1=O,1.8,train,0.3167808617815,0.943664527341244,0.0009609039901384,0.3309037017590258,0.9243788049314764,961.9887256356512,2687.3135109507184,2907.1561318954377,3.432050661748404,0.297718487561201
Caffeine,Cn1c(=O)c2c(ncn2C)n(C)c1=O,0.63,train,0.2744051114737161,0.9152675402814412,0.0012791599868558,0.4028465336913802,0.605382884474271,473.2659641443904,711.2066023552295,1174.8046081164953,2.464657529565873,0.0665002644286896
Milnacipran,CCN(CC)C(=O)C1(c2ccccc2)CC1C[NH3+],4.51,train,0.1143666541888575,0.8394309530102135,0.0007486555035261,0.5434663514223897,0.8012531051791353,1070.2560809414229,1577.9192326199236,1969.314343271281,3.0550721836639774,0.5042617811339345
Gefitinib,COc1cc2ncnc(Nc3ccc(F)c(Cl)c3)c2cc1OCCC[NH+]1CCOCC1,23.0,train,0.6429271228708133,0.9904687477740426,0.0005789953503254,0.1377376480230449,0.909683375674976,1571.1410724864566,10376.545084042344,11406.765652217236,5.105879761240997,0.1091827896749717
Galanthamine,COc1ccc2c3c1OC1CC(O)C=CC31CC[NH+](C)C2,2.3,train,0.1491862442359982,0.8264918993363242,0.0004041253497894,0.5629486125139981,0.603275760186079,1492.7936604332929,1599.7307929708434,2651.7405447840474,3.155945217783974,0.2814916863348817
Hexobarbital,CN1C(=O)NC(=O)C(C)(C2=CCCCC2)C1=O,1.1,train,0.1390960298087675,0.8560348129784318,0.0012704602245663,0.5169181743457871,0.949572269639282,747.4238478921142,1373.0083306195995,1445.922942906884,2.7472114347456005,0.6185620026912096
Dipyridamole,OCCN(CCO)c1nc(N2CCCCC2)c2[nH+]c(N(CCO)CCO)nc(N3CCCCC3)c2n1,0.82,train,0.1220138593578088,0.8019392758539586,0.0001371314844757,0.597405555584168,0.6272360140965128,4573.975236209313,4802.369125828926,7656.39889595049,4.103976574180383,0.3230353216365857
Vardenafil,CCCc1nc(C)c2c(=O)[nH]c(-c3cc(S(=O)(=O)N4CC[NH+](CC)CC4)ccc3OCC)nn12,3.0,train,0.3301716397379479,0.9478852370402752,0.0002408745295191,0.3186119542658455,0.7732678149645847,3210.2514803376785,7791.246105023015,10075.74084197446,4.639395474788252,0.1447580272748946
Rigosertib,COc1cc(OC)c(/C=C/S(=O)(=O)Cc2ccc(OC)c(NCC(=O)[O-])c2)c(OC)c1,0.11,train,0.5443758862213058,0.9826750282357022,0.0004151033522508,0.185336960377475,0.8556281426157994,2061.241225772624,9515.943273802011,11121.58752131524,5.019310797818125,0.0790365998878761
Warfarin,CC(=O)CC(c1ccccc1)c1c([O-])c2ccccc2oc1=O,0.13,train,0.1850447414627044,0.8940888589311523,0.0006059325568997,0.447889620704912,0.8427400739915811,1390.8149750253376,2616.929396838326,3105.262794070558,3.4018305746072586,0.3637451943581477
Phenprocoumon,CCC(c1ccccc1)c1c([O-])c2ccccc2oc1=O,0.2,train,0.3350862352614771,0.9473609133302824,0.0010833930793634,0.3201676121877626,0.955141040986076,881.6200317130181,2630.095746070392,2753.6202856021278,3.3489607531447905,0.3583040560475782
Acenocoumarol,CC(=O)CC(c1ccc([N+](=O)[O-])cc1)c1c([O-])c2ccccc2oc1=O,0.24,train,0.3328911300278298,0.9492664911730712,0.0005597422254747,0.3144727790063324,0.8583650805619768,1533.500674947111,4185.746806296124,4876.4178565555,3.877744916831088,0.2811381719142509
Primaquine,COc1cc(NC(C)CCC[NH3+])c2ncccc2c1,4.0,train,0.2189682723911447,0.9087655410750212,0.0006990921186123,0.4173070708179096,0.7451151613659414,1065.832587048624,1903.0782740663085,2554.0726759305167,3.256746169761125,0.3117540052558003
Nalbuphine,Oc1ccc2c3c1OC1C(O)CCC4(O)C(C2)[NH+](CC2CCC2)CCC314,4.6,train,0.3373152451012123,0.9504119017767996,0.0006413077216869,0.310993917884268,0.8466569093267641,1320.2038283580664,3594.152903707142,4245.111407128424,3.574382224312426,0.3140443868942151
Mirtazapine,C[NH+]1CCN2c3ncccc3Cc3ccccc3C2C1,4.2,train,0.1414253382523421,0.8169046432375047,0.0004732863745203,0.5767727488855598,0.604368767306051,1276.962109713151,1338.0590841627975,2213.977883283316,3.010735049498128,0.3685046719198949
Cilengitide,CC(C)C1C(=O)NC(CCCNC(N)=[NH2+])C(=O)NCC(=O)NC(CC(=O)[O-])C(=O)NC(Cc2ccccc2)C(=O)N1C,0.26,train,0.1148536479888999,0.8294519275438162,0.0001262711888631,0.5585781054551349,0.7223364300644542,5720.51658472285,7397.600241717855,10241.211620820184,4.454312704780331,0.5067766203444055
Nortriptyline,C[NH2+]CCC=C1c2ccccc2CCc2ccccc21,22.0,train,0.1029440207164032,0.8242992161936342,0.0006218869290522,0.5661543978302741,0.776274592563038,1248.2568073042166,1711.5296608445851,2204.799277525754,3.125205595728484,0.5648154074491107
Amitriptyline,C[NH+](C)CCC=C1c2ccccc2CCc2ccccc21,8.7,train,0.2832019197985689,0.9348235828754058,0.0009616593843409,0.3551124735910995,0.8883849591309568,923.804180146149,2311.0811358576657,2601.441089365617,3.237467025984044,0.3993873741115862
Melperone,CC1CC[NH+](CCCC(=O)c2ccc(F)cc2)CC1,14.0,train,0.731392645781274,0.9949845301028374,0.0023918017232272,0.1000289200983181,0.9657108648722512,403.7587461761814,3898.014769991421,4036.4201250931023,3.971182384055562,0.1858797444544706
Pipemidic acid,CCn1cc(C(=O)O)c(=O)c2cnc(N3CCNCC3)nc21,0.88,train,0.5767059590285717,0.985582693717014,0.0011773652867602,0.1691944261656222,0.8562600415496471,727.2679525874627,3680.561478370953,4298.415551086473,3.7883359772601866,0.100454623594442
Ginkgolide A,CC1C(=O)OC2CC34C5CC(C(C)(C)C)C36C(OC(=O)C6O)OC4(C(=O)O5)C21O,0.62,train,0.2262582508374484,0.9144945960841798,0.0005436183635477,0.4045981138522929,0.8454688441617837,1555.2617440001666,3249.954223832349,3843.966866755953,3.2540789028372674,0.4048189423786106
Ginkgolide B,CC1C(=O)OC2C(O)C34C5CC(C(C)(C)C)C36C(OC(=O)C6O)OC4(C(=O)O5)C12O,0.91,train,0.162013502306593,0.8799296011332873,0.0004605477200863,0.4751040907521359,0.825148909022069,1791.668643734352,3111.725315532456,3771.107592228824,3.196822739487069,0.4273834610915621
CPW 86-363,Cn1nnnc1SCC1=C(C(=O)O)N2C(=O)[C@@H](NC(=O)/C(=N/OCC(=O)O)c3cc[nH]n3)[C@H]2SC1,0.22,train,0.5505521118807258,0.9830937637422852,0.0003643809703318,0.1831028445738289,0.9249786797687104,2538.493376660963,12823.67981562796,13863.757182851505,5.283302040273406,0.1693740530679335
Lamifiban,NC(=[NH2+])c1ccc(C(=O)NC(Cc2ccc(O)cc2)C(=O)N2CCC(OCC(=O)[O-])CC2)cc1,0.29,train,0.5230237636879724,0.980528064344061,0.0004483271853253,0.1963790086381149,0.8780110026138712,1958.4157092250289,8756.08117342174,9972.632629152213,4.698678026610625,0.1657116002907337
Atipamizole,CCC1(c2cnc[nH]2)Cc2ccccc2C1,2.7,train,0.3888410503055711,0.9610077961335168,0.0019416270090686,0.2765212754393429,0.894051758183508,460.4652459034179,1488.781512483141,1665.2072979622303,2.9176651690832385,0.3923467537548165
GHRP-6,CC(NC(=O)C(Cc1c[nH]c2ccccc12)NC(=O)C(N)Cc1c[nH]cn1)C(=O)NC(Cc1c[nH]c2ccccc12)C(=O)NC(Cc1ccccc1)C(=O)NC(CCCC[NH3+])C(N)=O,0.42,train,0.4641407156747439,0.9728536222614256,9.814011449738124e-05,0.2314213249742187,0.9321245840749078,9497.895828313718,38255.86168232341,41041.57570341377,7.127125703233764,0.2474559377777277
Atropine,C[NH+]1C2CCC1CC(OC(=O)C(CO)c1ccccc1)C2,3.3,train,0.4827618815449795,0.975617170015733,0.0010833375984289,0.2194792417758282,0.9125587154385464,842.3585747987717,3502.3888944456467,3837.987446936509,3.753605695608552,0.2669206357888364
Ipratropium,CC(C)[N+]1(C)C2CCC1CC(OC(=O)C(CO)c1ccccc1)C2,5.1,train,0.5375475632300887,0.9812176326098158,0.0010367896035552,0.192904010988856,0.9735041012970796,938.9601303473992,4738.530490692802,4867.499257968475,3.982316497398555,0.3113603013732643
Diltiazem,COc1ccc(C2Sc3ccccc3N(CC[NH+](C)C)C(=O)C2OC(C)=O)cc1,4.1,train,0.2544554628330369,0.925356353160936,0.0004002493279352,0.379098430047782,0.8711291966993143,2176.466357090635,5001.295808733567,5741.164258623573,3.942706144763254,0.3260941194423299
Clentiazem,COc1ccc(C2Sc3cc(Cl)ccc3N(CC[NH+](C)C)C(=O)C2OC(C)=O)cc1,9.7,train,0.1990270101007513,0.8996535077842444,0.0002427086567917,0.4366045876207721,0.7579553099564068,3122.901836199058,5421.4272967641045,7152.700463403196,4.176352378855404,0.2772020547844842
Riluzole,Nc1nc2ccc(OC(F)(F)F)cc2s1,3.5,train,0.6949051064374749,0.9933895900535632,0.0034653508647401,0.1147916476631175,0.9251278572518644,266.9651337949689,2151.523104829955,2325.6494634386595,3.182499510744715,0.0360773078993038
Xamoterol,O=C(NCC[NH2+]CC(O)COc1ccc(O)cc1)N1CCOCC1,0.64,train,0.8273379212498019,0.9981151555561136,0.0017102788717817,0.0613688540645404,0.9612148630652207,562.0222987750748,8802.904913110173,9158.103199776337,5.216104053576797,0.0687518806230532
Teicoplanin A2-1,CCCCC/C=C/CCC(=O)NC1C(Oc2c3cc4cc2Oc2ccc(cc2Cl)C(OC2OC(CO)C(O)C(O)C2NC(C)=O)C2NC(=O)C(NC(=O)C4NC(=O)C4NC(=O)C(Cc5ccc(c(Cl)c5)O3)NC(=O)C(N)c3ccc(O)c(c3)Oc3cc(O)cc4c3)c3ccc(O)c(c3)-c3c(OC4OC(CO)C(O)C(O)C4O)cc(O)cc3C(C(=O)[O-])NC2=O)OC(CO)C(O)C1O,0.92,train,0.1489377269675894,0.8567933478375372,1.1293723754825692e-05,0.5156599258245156,0.6880014642520216,60918.92091464037,81278.96834897515,118137.78396146244,8.328360345263825,0.3085413696568361
Teicoplanin A2-2,CC(=O)N[C@H]1[C@H](O[C@@H]2c3ccc(c(Cl)c3)Oc3cc4cc(c3O[C@@H]3O[C@H](CO)[C@@H](O)[C@H](O)[C@H]3NC(=O)CCCCCCC(C)C)Oc3ccc(cc3Cl)C[C@H]3NC(=O)[C@H](N)c5ccc(O)c(c5)Oc5cc(O)cc(c5)[C@H](NC3=O)C(=O)N[C@H]4C(=O)N[C@H]3C(=O)N[C@@H]2C(=O)N[C@H](C(=O)[O-])c2cc(O)cc(O[C@H]4O[C@H](CO)[C@@H](O)[C@H](O)[C@@H]4O)c2-c2cc3ccc2O)O[C@H](CO)[C@@H](O)[C@@H]1O,0.83,train,0.0462517150625542,0.7106451040988699,1.2018238068445006e-05,0.7035506634353393,0.7787289150964659,64795.59737970997,71719.3627593905,92097.98348184642,7.800275262229958,0.5699924086469614
Teicoplanin A2-3,CCCCCCCCCC(=O)N[C@H]1[C@H](Oc2c3cc4cc2Oc2ccc(cc2Cl)[C@@H](O[C@@H]2O[C@H](CO)[C@@H](O)[C@H](O)[C@H]2NC(C)=O)[C@@H]2NC(=O)[C@H](NC(=O)[C@@H]4NC(=O)[C@H]4NC(=O)[C@@H](Cc5ccc(c(Cl)c5)O3)NC(=O)[C@H](N)c3ccc(O)c(c3)Oc3cc(O)cc4c3)c3ccc(O)c(c3)-c3c(O[C@H]4O[C@H](CO)[C@@H](O)[C@H](O)[C@@H]4O)cc(O)cc3[C@@H](C(=O)[O-])NC2=O)O[C@H](CO)[C@@H](O)[C@@H]1O,0.57,train,0.20308436220961,0.8799793948560803,1.02866440296665e-05,0.4750118573559261,0.6148718682620394,59773.80635402176,77373.29377546789,125836.4510872268,8.36611468384899,0.1363218415582714
Teicoplanin A2-4,CCC(C)CCCCCCC(=O)NC1C(Oc2c3cc4cc2Oc2ccc(cc2Cl)C(OC2OC(CO)C(O)C(O)C2NC(C)=O)C2NC(=O)C(NC(=O)C4NC(=O)C4NC(=O)C(Cc5ccc(c(Cl)c5)O3)NC(=O)C(N)c3ccc(O)c(c3)Oc3cc(O)cc4c3)c3ccc(O)c(c3)-c3c(OC4OC(CO)C(O)C(O)C4O)cc(O)cc3C(C(=O)[O-])NC2=O)OC(CO)C(O)C1O,0.57,train,0.1439569554638094,0.8597039461770729,1.1498183072390385e-05,0.5107926437680642,0.7273463626868225,63257.50408630542,90075.91646271414,123841.84631098324,8.556998640697449,0.3326878166872404
Teicoplanin A2-5,CC(=O)N[C@H]1[C@H](O[C@@H]2c3ccc(c(Cl)c3)Oc3cc4cc(c3O[C@@H]3O[C@H](CO)[C@@H](O)[C@H](O)[C@H]3NC(=O)CCCCCCCC(C)C)Oc3ccc(cc3Cl)C[C@H]3NC(=O)[C@H](N)c5ccc(O)c(c5)Oc5cc(O)cc(c5)[C@H](NC3=O)C(=O)N[C@H]4C(=O)N[C@H]3C(=O)N[C@@H]2C(=O)N[C@H](C(=O)[O-])c2cc(O)cc(O[C@H]4O[C@H](CO)[C@@H](O)[C@H](O)[C@@H]4O)c2-c2cc3ccc2O)O[C@H](CO)[C@@H](O)[C@@H]1O,0.42,train,0.0,0.0,0.0,0.0,0.0,0.0,0.0,0.0,0.0,0.0
Losmapimod,Cc1c(F)cc(C(=O)NC2CC2)cc1-c1ccc(C(=O)NCC(C)(C)C)cn1,1.67,train,0.5196835816780954,0.9801795965666236,0.0004638508226245,0.1981109751490087,0.8644048760884294,1863.540677146039,8131.067180415269,9406.549413753484,5.029615924086516,0.1116902288269747
NBI-2,C[NH+]([14CH3])CCC1=C(Cc2cccnn2)c2ccc(F)cc2C1,1.11,train,0.3105465443139367,0.9424184934875766,0.0005941073926012,0.3344359178267291,0.7619919000163163,1282.5827611402249,2922.2868208664127,3835.0628409617457,3.6582862836082968,0.2201461685588661
Apixaban,COc1ccc(-n2nc(C(N)=O)c3c2C(=O)N(c2ccc(N4CCCCC4=O)cc2)CC3)cc1,0.3,train,0.4604117520211034,0.9725854003786136,0.0002695719319168,0.2325459932365458,0.7997677180427167,2966.806344992221,10203.383457119013,12757.93361863855,5.3115949771781015,0.0731238709741595
Vestipitant,Cc1cc(F)ccc1[C@H]1CNCCN1C(=O)N(C)[C@H](C)c1cc(C(F)(F)F)cc(C(F)(F)F)c1,3.8,val,0.0980644423707615,0.8158364919492745,0.000294664928658,0.5782826457744528,0.9361749678829194,3177.0831097767323,5143.3424467948935,5493.996980528253,3.748963899005111,0.6360163203152001
Flumazenil,CCOC(=O)c1ncn2c1CN(C)C(=O)c1cc(F)ccc1-2,0.8,val,0.5252470670778081,0.9807357451725174,0.0011061327043555,0.1953391874174432,0.848480743665733,767.0695752188565,3331.864805161644,3926.859660676358,3.637456547603723,0.1052928860799521
Maraviroc,Cc1nnc(C(C)C)n1C1CC2CCC(C1)[NH+]2CCC(NC(=O)C1CCC(F)(F)CC1)c1ccccc1,2.3,val,0.3905463657263081,0.9616656073117033,0.0002348723244595,0.2742248342397401,0.8594876595849172,3659.3824392144375,11469.399031368866,13344.460392727362,5.259357651570042,0.2686383722178541
MEN-10755,CC1OC(OC2C(O)CC(OC3CC(O)(C(=O)CO)Cc4c(O)c5c(c(O)c43)C(=O)c3ccccc3C5=O)OC2C)CC([NH3+])C1O,2.4,val,0.4269464173842255,0.9679314205583384,0.0001581011815615,0.2512145797837322,0.828940277515726,5243.0998258744285,17300.81362492819,20871.00131842728,5.802865239931896,0.1539795482440729
Pirarubicin,COc1cccc2c1C(=O)c1c(O)c3c(c(O)c1C2=O)CC(O)(C(=O)CO)CC3OC1CC([NH3+])C(OC2CCCCO2)C(C)O1,43.2,val,0.3422001587899409,0.9497830478866116,0.0001226049750672,0.3129091912156276,0.7427804806396062,6058.322512870395,14381.180976172222,19361.28015075009,5.626340456656281,0.110272863554822
Cinaciguat,O=C([O-])CCCC[NH+](CCc1ccccc1OCc1ccc(CCc2ccccc2)cc1)Cc1ccc(C(=O)[O-])cc1,0.24,val,0.4618614221934646,0.9730602564549768,0.000180529256983,0.2305509429774135,0.8846328695394959,4900.218858280473,18802.32895164036,21254.386535996666,6.3091911222934165,0.2012446860917612
Ropinirole,CCC[NH+](CCC)CCc1cccc2c1CC(=O)N2,7.7,val,0.4117923792175793,0.96472823569293,0.0008487419921805,0.2632478513811779,0.7747471839723059,912.8182546757548,2686.454489858453,3467.524045824068,3.6766530567655407,0.1274051204783971
Oxymatrine,O=C1CCCC2C3CCC[N+]4([O-])CCCC(CN12)C34,0.61,val,0.2970353540843379,0.9389842838018077,0.001034043181327,0.3439600482224734,0.7748424908901329,749.3328178961681,1688.0300782748102,2178.5460892001606,2.9546657404454835,0.2525695634730336
Aztreonam,CC1C(NC(=O)/C(=N\OC(C)(C)C(=O)[O-])c2csc(N)n2)C(=O)N1S(=O)(=O)[O-],0.18,val,0.3190519030660768,0.945757301849431,0.0003598078410567,0.3248740155790924,0.811982583453447,2256.711752219234,5640.373039408619,6946.421209454421,4.138059876027858,0.209565562223074
Carumonam,NC(=O)OCC1C(NC(=O)/C(=N/OCC(=O)[O-])c2csc(N)n2)C(=O)N1S(=O)(=O)[O-],0.18,val,0.374316583839662,0.9564313768640992,0.0004869147830804,0.2919572252057537,0.9598358918310724,1971.260526860131,6480.698001211498,6751.881291757401,4.045929816188831,0.3544111019305675
Clozapine,C[NH+]1CCN(C2=Nc3cc(Cl)ccc3Nc3ccccc32)CC1,1.6,val,0.1893391993397329,0.8847642234985592,0.0003756584275611,0.4660389134149546,0.675682570235542,1798.6620841229185,2607.77498402431,3859.467594547012,3.5505848034252003,0.2968978132431287
Susalimod,Cc1cccnc1NS(=O)(=O)c1ccc(C#Cc2ccc(O)c(C(=O)[O-])c2)cc1,0.1,val,0.6887066567582163,0.9929136592165412,0.000700762255978,0.1188379793719941,0.9732254529681852,1388.8097491921471,11373.678721120104,11686.581651180786,5.4776120742889,0.1596836404809656
Vecuronium Bromide,CC(=O)OC1CC2CCC3C(CCC4(C)C3CC([N+]3(C)CCCCC3)C4OC(C)=O)C2(C)CC1[NH+]1CCCCC1,0.3,val,0.5117328419035861,0.979045750315002,0.000304661618595,0.2036404154143643,0.9208491327560128,3022.5308228933004,13667.6940150913,14842.48996812888,5.311520146738803,0.246194553059303
Pancuronium,CC(=O)OC1CC2CCC3C(CCC4(C)C3CC([N+]3(C)CCCCC3)C4OC(C)=O)C2(C)CC1[N+]1(C)CCCCC1,0.2,val,0.4548297419468327,0.971593855132101,0.0002863039283221,0.236654559790303,0.9270723055727144,3238.070504326634,12684.841106434063,13682.687995514862,5.0832561845461575,0.2934404777010563
Miglitol,OCCN1CC(O)C(O)C(O)C1CO,0.28,val,0.1351047054183188,0.8523767128570335,0.0010829387186152,0.5229282354004593,0.7311722206099008,675.1741423972911,944.0465126480702,1291.1411101759338,2.6499419983482606,0.424147537868112
E7974,C/C(=C\C(C(C)C)N(C)C(=O)C(NC(=O)C1CCCCN1C(C)C)C(C)(C)C)C(=O)[O-],1.26,val,0.3882516611634005,0.961227376534096,0.0003612211029135,0.2757570136939022,0.8604830955827644,2382.150679022422,7433.35722624677,8638.586004077755,4.597069236286665,0.2311977493236159
Tirilazad,CC1CC2C3CCC4=CC(=O)C=CC4(C)C3=CCC2(C)C1C(=O)C[NH+]1CCN(c2cc(N3CCCC3)[nH+]c(N3CCCC3)n2)CC1,9.8,val,0.5963098800422711,0.9871388499191672,0.0002310528779393,0.1598652275520339,0.9177545353325026,3972.0541181631615,22802.77417016073,24846.266939884183,6.416570028673055,0.1533645554759592
Disopyramide,CC(C)[NH+](CCC(C(N)=O)(c1ccccc1)c1ccccn1)C(C)C,0.52,val,0.1972135335136394,0.9000752276134573,0.0004875715227178,0.4357345345925464,0.7868790413142911,1613.8740772391557,2914.4435106284,3703.801165882531,3.4768663521559127,0.3625060765562913
Chlorpheniramine,C[NH+](C)CCC(c1ccc(Cl)cc1)c1ccccn1,3.3,val,0.2067693578841043,0.8994006958367978,0.0004968163651166,0.4371251403526042,0.7074542278115454,1423.975290438559,2304.597119962767,3257.591840382181,3.558810844439054,0.3455563490582983
AP1903,CCC(C(=O)N1CCCCC1C(=O)OC(CCc1ccc(OC)c(OC)c1)c1cccc(OCC(=O)NCCNC(=O)COc2cccc(C(CCc3ccc(OC)c(OC)c3)OC(=O)C3CCCCN3C(=O)C(CC)c3cc(OC)c(OC)c(OC)c3)c2)c1)c1cc(OC)c(OC)c(OC)c1,0.62,val,0.7878260714427389,0.9970220026916676,7.054328303311106e-05,0.0771176124416232,0.9773463964564458,13854.563530842568,175585.1525045068,179654.98531648962,11.433794733580262,0.1013475777395795
Tomopenem,CC(O)C1C(=O)N2C(C(=O)[O-])=C(SC3CC(C(=O)N4CCC(NC(=O)CNC(N)=[NH2+])C4)N(C)C3)C(C)C12,0.23,val,0.7076765525210499,0.993844929496166,0.000482882927802,0.1107802153579832,0.9804567644943686,2030.423334610684,17970.196995674985,18328.39309843754,5.970377950767838,0.1405058399307942
Tirofiban,CCCCS(=O)(=O)NC(Cc1ccc(OCCCCC2CC[NH2+]CC2)cc1)C(=O)[O-],0.99,val,0.5066470721940114,0.978325036064574,0.0004502038122532,0.2070751646365397,0.9330697516453657,2072.5496458490197,9338.799207134847,10008.682834983028,4.930260346926152,0.2847399136321227
RGB-286638,COCCN1CC[NH+](Cc2ccc(-c3n[nH]c4c3C(=O)c3c(NC(=O)NN5CCOCC5)cccc3-4)cc2)CC1,5.9,val,0.5608822218039722,0.9842399766917718,0.0002189502488109,0.1768379718323539,0.8728979628988092,3986.741132468913,19679.134391091837,22544.59882772477,6.501293082760863,0.1094621777264425
Rolofylline,CCCn1c(=O)c2nc(C34CC5CC(CC3C5)C4)[nH]c2n(CCC)c1=O,4.3,val,0.4063314440480574,0.9645436864262814,0.0006069695742356,0.2639232406878928,0.8384974811943319,1381.448950304087,4388.933169392037,5234.2830692115685,3.9288181374808535,0.2044140486093042
Dimetindene,C[C@H](C1=C(CC[NH+](C)C)Cc2ccccc21)c1ccccn1,2.16,val,0.1669230387715945,0.869908481012546,0.0004230474388504,0.4932131736505472,0.6799134190622258,1607.1800857835735,2215.559854344167,3258.5911562092565,3.473659424045296,0.3283355569514684
Quinaprilat,CC([NH2+]C(CCc1ccccc1)C(=O)[O-])C(=O)N1Cc2ccccc2CC1C(=O)[O-],0.13,val,0.5643708555760698,0.9844696588838872,0.000638636114184,0.175554808356373,0.91137336318546,1427.0620513683434,7408.434741301659,8128.869067894931,4.551421068256917,0.1914246537386544
Lenapenem,C[NH2+]CC[C@@H](O)[C@@H]1C[C@H](SC2=C(C(=O)[O-])N3C(=O)[C@H]([C@@H](C)O)[C@H]3[C@H]2C)CN1,0.22,val,0.4404014661840809,0.9700540737090436,0.0005938405476977,0.2428890571443872,0.86339908838222,1453.9241076238036,5168.272148024734,5985.959699944437,3.972330093502909,0.1671633856340154
Panipenem,CC(=[NH2+])N1CCC(SC2=C(C(=O)[O-])N3C(=O)C(C(C)O)C3C2)C1,0.19,val,0.5064727582819686,0.9780389804180946,0.0010775755663259,0.2084220544537789,0.952515709878339,883.9433072206334,4039.735089340985,4241.121744707984,3.674343092701689,0.2349776724969186
Bisaramil,CC[NH+]1CC2C[NH+](C)CC(C1)C2OC(=O)c1ccc(Cl)cc1,9.0,val,0.5121290630790146,0.9792039332749924,0.0009420078498651,0.2028784292594563,0.9073831355858892,963.2437093976864,4308.151933929251,4747.886273142509,3.9269966253355855,0.3084011262512033
Adefovir,Nc1ncnc2c1ncn2CCOCP(=O)([O-])[O-],0.42,val,0.6770227223098396,0.9923693330483588,0.0021276624971641,0.1233008792554042,0.9537461205720694,448.2600609087463,3467.3418120039723,3635.497683517932,3.731357643986546,0.174884971244603
Tenofovir,CC(Cn1cnc2c(N)ncnc21)OCP(=O)([O-])[O-],0.83,val,0.562182096673426,0.9843395184880268,0.0015356718257784,0.1762830461013183,0.8924754271613144,581.1628579621408,2942.277101406254,3296.759789526888,3.4578710111918327,0.1755138274488672
Roquinimex,CN(C(=O)c1c([O-])c2ccccc2n(C)c1=O)c1ccccc1,0.21,val,0.5623558678301731,0.9843430073744188,0.0012202327475836,0.1762635635435892,0.8971380313553116,735.2187794761714,3742.082113706914,4171.133073083223,3.751042351669219,0.1238516816361946
NBI-4,CC(c1cccnc1F)c1c(CC[NH+](C)[14CH3])sc2ccccc12,5.73,val,0.1973628428680396,0.8978180324008306,0.0004641301431066,0.4403666434868803,0.7441922237879034,1603.4128247018566,2709.667894499526,3641.0860096164993,3.463931109235446,0.3459276531091295
Sitagliptin,[NH3+]C(CC(=O)N1CCn2c(nnc2C(F)(F)F)C1)Cc1cc(F)c(F)cc1F,2.8,val,0.7175161474150696,0.9944510479332064,0.0008472075723316,0.105200348214954,0.9324310151206472,1100.5933440307754,9754.980724139536,10461.87928752814,5.109155791917387,0.0945764072073759
Clazosentan,COc1ccccc1Oc1c([N-]S(=O)(=O)c2ccc(C)cn2)nc(-c2ccnc(-c3nnn[n-]3)c2)nc1OCCO,0.23,val,0.2323183585547462,0.9161422450394892,0.0002059499290889,0.4008533233665458,0.8866474136716109,4305.160082326548,9522.583024580868,10739.988497962013,4.619761856323484,0.4662937448017467
Tezosentan,COc1ccccc1Oc1c([N-]S(=O)(=O)c2ccc(C(C)C)cn2)nc(-c2ccnc(-c3nnn[n-]3)c2)nc1OCCO,0.28,val,0.1382140491084988,0.830687971818957,9.096774209329518e-05,0.55673826298837,0.639448297126511,7029.396161891126,8073.695853814181,12626.033864027711,4.792597110424904,0.3369422184486502
Cefpimizole,O=C([O-])C1=C(C[n+]2ccc(CCS(=O)(=O)[O-])cc2)CSC2C(NC(=O)C(NC(=O)c3nc[nH]c3C(=O)[O-])c3ccccc3)C(=O)N12,0.21,val,0.5600715875096229,0.98380499836612,0.0001935025874985,0.1792420854315151,0.947461718453222,4896.377514644457,25881.92523565161,27317.119764907373,6.591000414829616,0.2516428301832498
Alprostadil,CCCCCC(O)/C=C/C1C(O)CC(=O)C1CCCCCCC(=O)[O-],2.4,val,0.5897641573265321,0.9864649122274716,0.0006676775751995,0.16397248837548,0.9430243128656935,1412.3947664168588,8122.841930930479,8613.60817543136,5.066729133313688,0.1808270690064814
Montelukast,CC(C)(O)c1ccccc1CCC(SCC1(CC(=O)[O-])CC1)c1cccc(/C=C/c2ccc3ccc(Cl)cc3n2)c1,0.15,val,0.38171403991484,0.9599507233880612,0.0001460122588306,0.2801688931104563,0.8220379055983268,5629.923899413694,16518.64630498936,20094.750123433947,6.007806665900676,0.2008127275731666
Viloxazine,CCOc1ccccc1OCC1C[NH2+]CCO1,0.73,val,0.3822346410991827,0.9600961183705076,0.0013892302134387,0.2796702406225663,0.8545991758913741,615.1602287543261,1879.7689141480173,2199.591302188372,3.1384283618606936,0.2442205676677714
Lorcainide,CC(C)[NH+]1CCC(N(C(=O)Cc2ccccc2)c2ccc(Cl)cc2)CC1,6.6,val,0.1854792941797748,0.8754427191963229,0.0002119207236419,0.4833218859167752,0.6437665727475093,3037.770736547407,4046.196360734521,6285.191763632427,4.239408550193042,0.3007466384236931
Clinafloxacin,[NH3+]C1CCN(c2c(F)cc3c(=O)c(C(=O)[O-])cn(C4CC4)c3c2Cl)C1,1.9,val,0.4014424621881229,0.9635634422872073,0.0006191922587494,0.2674798921183198,0.8160703278677566,1317.9595131178394,4021.041146191038,4927.321835971279,3.7460653721990944,0.1841289036393861
Pazopanib,Cc1ccc(Nc2nccc(N(C)c3ccc4c(C)n(C)nc4c3)n2)cc1S(N)(=O)=O,0.16,val,0.8013950238113551,0.9974243068917756,0.000933043248646,0.0717269267532154,0.9778162649695786,1047.986003208861,14286.653642973026,14610.77520879396,5.849877169243124,0.1198740425021164
Ramelteon,CCC(=O)NCCC1CCc2ccc3c(c21)CCO3,1.05,val,0.3613551516082072,0.954886197295686,0.0008942994272905,0.2969719687347348,0.766197934365317,856.7577155748296,2210.464491722252,2884.9784012447108,3.3875170770552336,0.1659294357692191
Selegiline,CC(O)C[NH+]1CCN(CCOC(c2ccccc2)c2ccc(Cl)cc2)CC1,1.9,val,0.4240833331973296,0.9672855262676276,0.0003493440143645,0.2536901863950563,0.8067140072871047,2309.2252167381025,7343.146988832556,9102.540581298192,4.903878877838991,0.1798810635841574
Bufuralol,CCc1cccc2cc(C(O)C[NH2+]C(C)(C)C)oc12,1.7,val,0.2734763373406181,0.9316919429670176,0.0008384087288746,0.3632493956090544,0.7770874713041381,926.8599485446772,1982.800969179957,2551.580153328613,3.226050083877672,0.2764567069636799
Bazedoxifene,Cc1c(-c2ccc(O)cc2)n(Cc2ccc(OCC[NH+]3CCCCCC3)cc2)c2ccc(O)cc12,15.4,val,0.2222837804911793,0.9121838140953152,0.0001869486399333,0.4097812700728564,0.7849674874453484,4198.840321733998,8043.201039788266,10246.54035795114,4.882805984182718,0.3048794214307078
Proquazone,Cc1ccc2c(-c3ccccc3)nc(=O)n(C(C)C)c2c1,0.52,val,0.2829018940693496,0.9320208859558508,0.0006407353756283,0.3624045641849325,0.7186556837509602,1121.6107477228695,2224.177117139954,3094.913416020113,3.4013558272236653,0.1905877784655003
Pixantrone,[NH3+]CCNc1ccc(NCC[NH3+])c2c1C(=O)c1ccncc1C2=O,10.1,val,0.2510258850764212,0.9040243005652036,0.0003020798511821,0.4274810685721584,0.6016624032511425,1991.732983503158,2803.284031949587,4659.230852387924,3.799855799264368,0.0844147478329988
Cefuroxime,CO/N=C(\C(=O)NC1C(=O)N2C(C(=O)[O-])=C(COC(N)=O)CSC12)c1ccco1,0.15,val,0.5111815982666332,0.9792484729545512,0.000519001246997,0.2026633371287955,0.8710075820806988,1678.2379370384342,7212.740046646808,8280.915338781228,4.503263764406272,0.1121215190114561
Picumast,Cc1c(C)c2ccc(OCCC[NH+]3CCN(Cc4ccc(Cl)cc4)CC3)cc2oc1=O,1.3,val,0.6948861531386061,0.993338214158413,0.0005835562869321,0.1152353777820635,0.9482733005720668,1624.9902910947044,13372.064520395808,14101.487949021464,5.7374617710996985,0.1616445107875188
IVL745,COc1cc(CC(=O)NCC(=O)N(CCC(=O)[O-])Cc2ccc(OC)c(OC)c2)ccc1NC(=O)Nc1ccccc1C,0.25,val,0.7983126810100692,0.9973255549129488,0.0004480802866137,0.0730871912005005,0.9832318738741171,2194.32075734626,29519.893632355925,30023.328592920847,7.223214997052607,0.0894722267744874
Folinic acid,Nc1nc(=O)c2c([nH]1)NCC(CNc1ccc(C(=O)NC(CCC(=O)[O-])C(=O)[O-])cc1)N2C=O,0.25,val,0.671422224253049,0.991897053473247,0.0004847591205978,0.1270442258077507,0.9817690715423588,2025.2719955667064,15650.84437380986,15941.472213238894,5.971173263982616,0.1673292353763844
Levoleucovorin,Nc1nc(=O)c2c([nH]1)NCC(CNc1ccc(C(=O)NC(CCC(=O)[O-])C(=O)[O-])cc1)N2C=O,0.27,val,0.671422224253049,0.991897053473247,0.0004847591205978,0.1270442258077507,0.9817690715423588,2025.2719955667064,15650.84437380986,15941.472213238894,5.971173263982616,0.1673292353763844
Saquinavir,CC(C)(C)NC(=O)C1CC2CCCCC2CN1CC(O)C(Cc1ccccc1)NC(=O)C(CC(N)=O)NC(=O)c1ccc2ccccc2n1,3.6,val,0.3972862092505498,0.9628929034556742,0.0001305817507208,0.269883783274767,0.8263784900591894,6328.437821498664,19377.54402249216,23448.75169863659,6.052758479251444,0.1718878619460931
Cefoxitin,COC1(NC(=O)Cc2cccs2)C(=O)N2C(C(=O)[O-])=C(COC(N)=O)CSC21,0.17,val,0.3658058069334097,0.9560531506844052,0.0004680108089294,0.2931934055643515,0.908761096332984,1941.7523676679396,6018.515345024646,6622.769580817718,4.134984801610219,0.2855261719104356
Cephalothin,CC(=O)OCC1=C(C(=O)[O-])N2C(=O)C(NC(=O)Cc3cccs3)C2SC1,0.07,val,0.5754601446763575,0.98528438636372,0.0007256003799991,0.1709230177239668,0.93838514395046,1293.253379982428,7100.095559388565,7566.291522368131,4.492182104091084,0.1635644890290878
Fosphenytoin,O=C1NC(c2ccccc2)(c2ccccc2)C(=O)N1COP(=O)([O-])[O-],0.06,val,0.3018586483372814,0.9410133095197928,0.0005681440493294,0.3383695484327848,0.8596198788497362,1513.0315627951331,3843.8210965787976,4471.535839448296,3.6933199492094815,0.3069894043681641
Telcagepant,O=C(NC1CCC(c2cccc(F)c2F)CN(CC(F)(F)F)C1=O)N1CCC(n2c(=O)[nH]c3ncccc32)CC1,0.86,val,0.4439074383654576,0.970592469087425,0.0002668671755338,0.2407286001927813,0.8523111787130385,3193.76550153849,11307.680254732506,13267.079603257964,4.950505773020671,0.2105689798894366
Thioguanine,Nc1nc2[nH]cnc2c(=S)[nH]1,2.89,val,0.2501136558378516,0.8744602336783119,0.0012148897892473,0.4850972064599755,0.5156870242641385,424.4722680430315,451.2391287246492,875.0251751409619,2.288132468849962,0.0065093264325133
"Mercaptopurine, 6-",S=c1[nH]cnc2[nH]cnc12,1.0,val,0.292037986272354,0.924317277011811,0.0023541252808381,0.3816249093252054,0.6183750906849663,262.6772227112698,425.6353488617213,688.3125715659897,2.12672436767254,1.4658245161650258e-11
Raltitrexed,Cc1nc(=O)c2cc(CN(C)c3ccc(C(=O)NC(CCC(=O)[O-])C(=O)[O-])s3)ccc2[nH]1,6.57,val,0.6764681061852376,0.9924187234533184,0.0005338752380124,0.1229027149386282,0.9281951581496442,1738.5993806439335,13130.38143934822,14146.14300027552,5.63749719926243,0.1015244530318212
Fosfomycin,CC1OC1P(=O)([O-])[O-],0.32,val,0.1921583115047329,0.8959455208718261,0.0054263301224411,0.444163960300374,0.904538675755422,166.69436900173233,339.4726210806114,375.29917755822015,1.7999055907317612,0.3881774030096337
Vilanterol,OCc1cc(C(O)C[NH2+]CCCCCCOCCOCc2c(Cl)cccc2Cl)ccc1O,2.38,val,0.8127036412896221,0.9977468255563084,0.0006003840122582,0.0670915202712633,0.967608032531121,1611.6485662094126,23243.53497992553,24021.643267185213,7.080666492399447,0.093063256694123
Amezinium,COc1cc(N)cn[n+]1-c1ccccc1,4.0,val,0.4183051124114846,0.966257889435848,0.0019289165155873,0.257576573280609,0.7996768628991481,414.5730810208967,1287.0910450076362,1609.5139233382556,2.8611851491985454,0.1334313019618843
Ziracin,COC[C@H]1O[C@@H](O[C@@H]2OC[C@@H]3O[C@@]4(OC[C@@H](OC(=O)c5c(C)cc(O)cc5O)[C@@H]5OCO[C@H]54)O[C@H]3[C@H]2O)[C@@H](OC)[C@@H](O)[C@@H]1O[C@@H]1O[C@H](C)[C@H](OC)[C@H](O[C@@H]2O[C@H](C)[C@H]3O[C@]4(C[C@@H](O)[C@H](O[C@H]5C[C@@H](O[C@H]6C[C@](C)([N+](=O)[O-])[C@@H](OC)[C@H](C)O6)[C@H](OC(=O)c6c(C)c(Cl)c([O-])c(Cl)c6OC)[C@@H](C)O5)[C@@H](C)O4)O[C@]3(C)[C@@H]2O)[C@H]1O,0.39,val,0.7974145239394379,0.9973409377029347,4.874641603552944e-05,0.0728769784076597,0.952656716596188,19543.11299320615,255469.9476154356,268165.79693913413,12.906474155155928,0.0570853734216917
Fluticasone furoate,CC1CC2C3CC(F)C4=CC(=O)C=CC4(C)C3(F)C(O)CC2(C)C1(OC(=O)c1ccco1)C(=O)SCF,4.95,val,0.1535884264994982,0.8739765559989947,0.0002409885769664,0.4859680849234198,0.8171637500498042,3390.881677198511,5701.826258305321,6977.581002531999,3.862514484861321,0.4925214034281255
Mometasone Furoate,CC1CC2C3CCC4=CC(=O)C=CC4(C)C3(Cl)C(O)CC2(C)C1(OC(=O)c1ccco1)C(=O)CCl,2.2,val,0.3154250295330491,0.9448811616918356,0.0002863539010889,0.3274134851833183,0.8230262075386342,2874.157482782436,7224.83049712742,8778.372342156887,4.254560587757136,0.3497964884162513
Rolipram,COc1ccc(C2CNC(=O)C2)cc1OC1CCCC1,0.67,val,0.4625977806131192,0.9732506823896848,0.0009925310117181,0.2297457490967191,0.8579034296496548,864.3593192766424,3227.641109237228,3762.24292582128,3.776558492999493,0.1828742595828786
Avibactam,NC(=O)C1CCC2CN1C(=O)N2OS(=O)(=O)[O-],0.24,val,0.4341785273714978,0.9683416652049456,0.0018132820041354,0.2496285629252248,0.9317330394517072,513.8379123196211,1917.888538958944,2058.40992832835,2.914850664805113,0.4185578684595558
Medifoxamine,CN(C)CC(Oc1ccccc1)Oc1ccccc1,2.8,val,0.2070186769091342,0.895439701195173,0.0005425867175922,0.4451828180910614,0.6765493594059563,1246.8962793784892,1894.9223662235609,2800.86344015963,3.398040176420721,0.2431150153484703
Isoglycirrhizinate (acid),CC1(C)[C@@H](O[C@@H]2O[C@@H](C(=O)[O-])[C@H](O)[C@@H](O)[C@@H]2O[C@H]2O[C@@H](C(=O)[O-])[C@H](O)[C@@H](O)[C@@H]2O)CC[C@@]2(C)[C@H]1CC[C@]1(C)[C@@H]2C(=O)C=C2[C@@H]3C[C@@](C)(C(=O)[O-])CC[C@]3(C)CC[C@]21C,0.05,val,0.5481437181999128,0.9830032752585456,0.0001491371776319,0.183588019301293,0.9006985318035281,6039.396387305103,29629.795450311973,32896.46247227946,6.466259123281577,0.1640829825038133
Glycyrrhizin,CC1(C)[C@@H](O[C@@H]2O[C@@H](C(=O)[O-])[C@H](O)[C@@H](O)[C@@H]2O[C@H]2O[C@@H](C(=O)[O-])[C@H](O)[C@@H](O)[C@@H]2O)CC[C@@]2(C)[C@H]1CC[C@]1(C)[C@@H]2C(=O)C=C2[C@@H]3C[C@@](C)(C(=O)[O-])CC[C@]3(C)CC[C@]21C,0.06,val,0.5481437181999128,0.9830032752585456,0.0001491371776319,0.183588019301293,0.9006985318035281,6039.396387305103,29629.795450311973,32896.46247227946,6.466259123281577,0.1640829825038133
GSK2251052,[NH3+]CC1OB(O)c2c(OCCCO)cccc21,2.37,val,0.4520352845737437,0.9716931882598075,0.0014253541607723,0.2362463711668186,0.8808802282812415,618.007967790928,2304.3359229543157,2615.946923284334,3.410505233590276,0.2271344526970443
Minoxidil,Nc1cc(N2CCCCC2)nc(N)[n+]1[O-],0.9,val,0.4961939591735194,0.977476365709486,0.0021842835221002,0.2110449110482772,0.8393079063125026,384.2486095877648,1528.1244850430123,1820.695925237764,2.986635104453148,0.1531425315336645
Naratriptan,CNS(=O)(=O)CCc1ccc2[nH]cc(C3CC[NH+](C)CC3)c2c1,2.4,val,0.271705569412473,0.9300204693587172,0.0004569269081128,0.3675077231484962,0.7490542446370615,1639.3305610534069,3341.2835643297267,4460.669688813626,3.745590162560811,0.2263551390803822
Lamivudine,Nc1ccn(C2CSC(CO)O2)c(=O)n1,1.3,val,0.478285723727241,0.975319287284643,0.0018994437510347,0.2207992025587413,0.8518359126680914,448.4659849516664,1730.1667178361529,2031.1032818714853,3.0300328773265077,0.1571359160185253
Glipizide,Cc1cnc(C(=O)NCCc2ccc(S(=O)(=O)[N-]C(=O)NC3CCCCC3)cc2)cn1,0.16,val,0.7854895112076199,0.9969756542054026,0.000739628822175,0.0777145090810562,0.9617084387185164,1300.2581969296743,16090.551111838731,16731.215474494027,6.195101725959532,0.078481710575773
CYT997,CCCC(Nc1nc(-c2ccc(NC(=O)NCC)c(OC)c2)ncc1C)c1cccnc1,3.41,val,0.5555086178316659,0.9837457456869454,0.0004355885680872,0.1795670009852476,0.8830098641302555,2027.1649185094632,9968.46084994046,11289.184022603378,5.176121601951648,0.1373454057920509
Ceftolozane,Cn1c(N)c(NC(=O)NCC[NH3+])c[n+]1CC1=C(C(=O)[O-])N2C(=O)C(NC(=O)/C(=N/OC(C)(C)C(=O)[O-])c3nsc(N)n3)C2SC1,0.17,val,0.5486373865858849,0.9830638423407084,0.0002295847259698,0.1832634221068756,0.8973157281398101,3908.429554053014,19136.90834133264,21326.8393066113,5.768649693610845,0.1410108681301989
XK469R,CC(Oc1ccc(Oc2cnc3ccc(Cl)cc3n2)cc1)C(=O)[O-],0.19,val,0.7741356021422979,0.996584124210904,0.0015099528373515,0.0825837960545865,0.9751816242186058,645.8358169179982,7626.280832432933,7820.369706559764,4.838132414455026,0.1410187515639571
Bunazosin,CCCC(=O)N1CCCN(c2nc(N)c3cc(OC)c(OC)cc3n2)CC1,0.72,val,0.6754713144028994,0.9923896851118792,0.0008379985243581,0.1231369679809634,0.903792275527725,1078.5129678121586,7915.995540151715,8758.644828569219,4.875312428427821,0.077498895150516
Enalaprilat,CC([NH2+]C(CCc1ccccc1)C(=O)[O-])C(=O)N1CCCC1C(=O)[O-],0.38,val,0.3474400702712974,0.9519700384392108,0.0004829986934701,0.3061911917643081,0.7722307281461069,1598.8257081978943,4032.324815440024,5221.658072478442,3.952271699832775,0.1338993722522742
Bromazepam,O=C1CN=C(c2ccccn2)c2cc(Br)ccc2N1,0.85,val,0.2286136370988559,0.9020130067082182,0.0004354838588202,0.4317088552823535,0.6469878137856515,1485.6757619864625,2226.5332329430303,3441.3835709132627,3.363527749165365,0.1974104860776381
Ginsenoside RD,CC(C)=CCCC(C)(OC1OC(CO)C(O)C(O)C1O)C1CCC2(C)C1C(O)CC1C3(C)CCC(OC4OC(CO)C(O)C(O)C4OC4OC(CO)C(O)C(O)C4O)C(C)(C)C3CCC12C,0.11,val,0.5239026424744874,0.980023037831994,0.0001084654284158,0.1988839996544458,0.9540607759865416,8795.989560182084,42194.99125086731,44226.73304773041,7.089748463855724,0.2788140289654305
Enalkiren,COc1ccc(CC(NC(=O)CC(C)(C)[NH3+])C(=O)NC(Cc2c[nH+]c[nH]2)C(=O)NC(CC2CCCCC2)C(O)C(O)CC(C)C)cc1,7.5,val,0.351535333423586,0.953625253472878,0.0001618688980892,0.3009964716384381,0.8615708218344486,5322.645869619962,15235.5153907943,17683.41615649771,5.387013834787768,0.2210408718104827
R 82913,CC(C)=CCN1Cc2cc(Cl)cc3[nH]c(=S)n(c23)C[C@@H]1C,21.98,val,0.2169895294406685,0.8955017312253702,0.0003516873328754,0.4450580292190724,0.6450263018509517,1834.090231732593,2658.1622210282594,4121.013691070368,3.657833753294701,0.2173947654866636
Cefuzonam,CO/N=C(\C(=O)N[C@H]1C(=O)N2C(C(=O)O)=C(CSc3cnns3)CS[C@H]12)c1csc(N)n1,0.2,val,0.5388424581650169,0.9817716944851766,0.0004170329340769,0.190064041595734,0.9417457991272624,2258.204861473878,11189.149320444203,11881.284026765445,4.965637734192556,0.1983165030683256
Volasertib,CCC1C(=O)N(C)c2cnc(Nc3ccc(C(=O)NC4CCC([NH+]5CCN(CC6CC6)CC5)CC4)cc3OC)nc2N1C(C)C,80.5,val,0.8764345778911948,0.999072056540906,0.0005646177405227,0.0430700109023046,0.9712638824366686,1720.2149573574866,38792.25064276124,39939.97032551109,8.05594612863584,0.0382226827097302
"L-778,123",N#Cc1ccc(Cn2cncc2CN2CCN(c3cccc(Cl)c3)C(=O)C2)cc1,0.8,val,0.6168944290281215,0.988541120332728,0.0007168331475816,0.1509518248028653,0.9481129119259408,1322.64100108171,8307.3723196516,8762.007367641996,4.75988088498094,0.2411827541622955
Eravacycline,C[NH+](C)C1C([O-])=C(C(N)=O)C(=O)C2(O)C(O)=C3C(=O)c4c(O)c(NC(=O)C[NH+]5CCCC5)cc(F)c4CC3CC12,2.3,val,0.6185654833882215,0.988740792492062,0.00037958610716,0.1496383816477882,0.9344850688630996,2461.852663298702,15374.16089548771,16452.013421885928,5.535140516054893,0.1157369263677326
Atomoxetine,C[NH2+]CCC(Oc1ccccc1C)c1ccccc1,0.85,val,0.2088211208112037,0.8924227052514343,0.0005290188614089,0.4512003049109248,0.653025861917265,1234.4094125076986,1786.570757572435,2735.8346150749912,3.3507604138679445,0.2122241907497743
Mazapertine,CC(C)Oc1ccccc1N1CCN(Cc2cccc(C(=O)N3CCCCC3)c2)CC1,1.54,val,0.6999998273037608,0.9936008898434564,0.0007124773522747,0.1129480929555337,0.9459195052638696,1327.6485241863982,11118.81221099604,11754.5014656341,5.357457613183912,0.1252795138909042
"Aminocamptothecin, 9-",CCC1(O)C(=O)OCc2c1cc1n(c2=O)Cc2cc3c(N)cccc3nc2-1,2.2,val,0.5658271919804759,0.9846624781306692,0.0007758774693811,0.1744700666635101,0.8608916273181202,1109.5716286294328,5474.984581963197,6359.667591400629,4.220332628451084,0.0745811398621781
Topotecan,CCC1(O)C(=O)OCc2c1cc1n(c2=O)Cc2cc3c(C[NH+](C)C)c(O)ccc3nc2-1,1.8,val,0.5890787377108404,0.9866316330033098,0.0006028529103357,0.1629663178611519,0.8928155694685721,1480.9840910801963,8113.613119603159,9087.66983581234,4.702258266819827,0.1086518492977469
Silatecan,CCC1(O)C(=O)OCc2c1cc1n(c2=O)Cc2c-1nc1ccc(O)cc1c2[Si](C)(C)C(C)(C)C,0.47,val,0.4368071152328474,0.9694766395403104,0.0003373774692605,0.2451836972264409,0.8317280845303714,2465.2745376074686,8362.864628442492,10054.806112702709,4.670732577424524,0.1718170440895949
Fluvastatin,CC(C)n1c(/C=C/C(O)CC(O)CC(=O)[O-])c(-c2ccc(F)cc2)c2ccccc21,0.42,val,0.2881734913185665,0.9349878599167848,0.0002659232602896,0.35467971722137,0.7408623070222927,2786.0003905464228,5819.4550646294165,7854.975222074981,4.477829298929285,0.1857876879175291
Cefpirome,CO/N=C(/C(=O)NC1C(=O)N2C(C(=O)[O-])=C(C[n+]3cccc4c3CCC4)CSC12)c1csc(N)n1,0.24,val,0.5753062800491209,0.98503169242768,0.0004275482464067,0.1723733300515492,0.9637885890247324,2254.2218267173166,12603.9989659126,13077.55571028986,5.209968850541207,0.2537705913327916
Trazodone,O=c1n(CCCN2CCN(c3cccc(Cl)c3)CC2)nc2ccccn12,0.52,val,0.7104959975583541,0.9940776772167856,0.0008846295724891,0.1086718531142262,0.9560653202906152,1080.7521588956763,9508.162687382235,9945.09735432307,5.254424671442395,0.1489334483209681
Bupivacaine,CCCC[NH+]1CCCCC1C(=O)Nc1c(C)cccc1C,0.84,val,0.2649125657095575,0.9290155778815008,0.0006113636082523,0.3700406140594582,0.7856576995790275,1285.0907201116677,2728.4610946815123,3472.836957040555,3.5961654559243743,0.2865048507855125
Ropivacaine,CCC[NH+]1CCCCC1C(=O)Nc1c(C)cccc1C,0.75,val,0.3687132030586547,0.955960060116944,0.0010520690284422,0.293496786117342,0.9369506190988788,890.5790340450778,2843.058652681146,3034.374058491456,3.505265922583348,0.4334048952602338
Levobupivacaine,CCCC[NH+]1CCCCC1C(=O)Nc1c(C)cccc1C,0.49,val,0.2649125657095575,0.9290155778815008,0.0006113636082523,0.3700406140594582,0.7856576995790275,1285.0907201116677,2728.4610946815123,3472.836957040555,3.5961654559243743,0.2865048507855125
Mepivacaine,Cc1cccc(C)c1NC(=O)C1CCCC[NH+]1C,0.95,val,0.4635641555395516,0.9733286266357356,0.0013958042840632,0.229415310237553,0.8343154723547416,597.7309869876535,2173.7704002112346,2605.453778863844,3.2967553373775287,0.124380874375135
Quercetin,O=c1c([O-])c(-c2ccc(O)c(O)c2)oc2cc([O-])cc(O)c12,0.12,val,0.5321104974636144,0.9813904211632238,0.0010353275460408,0.192023022705795,0.8375145888281966,808.936835526973,3528.204022870584,4212.707539586921,3.773487818231499,0.0658064007195198
Nalmefene,C=C1CCC2(O)C3Cc4ccc(O)c5c4C2(CC[NH+]3CC2CC2)C1O5,8.2,val,0.2683499983714273,0.9307265410508206,0.0006716857873483,0.3657158812296436,0.8376483204446756,1247.0835861384885,2856.3634367496397,3409.979304003504,3.3218637382560225,0.3634263501485448
CEP-18770,CC(C)CC(NC(=O)C(NC(=O)c1cccc(-c2ccccc2)n1)C(C)O)B(O)O,0.87,val,0.0412654783025159,0.7132157547594151,0.0002768106352449,0.7009445678247017,0.9051629337335912,3269.971664681962,4222.669353747622,4665.093096919106,3.835195897642735,0.6763048092205575
Piroximone,CCc1[nH]c(=O)[nH]c1C(=O)c1ccncc1,0.65,val,0.3436819067235148,0.9518773685570686,0.0014542327422364,0.3064791595343318,0.8203942120166313,564.1423055534714,1510.1159991857153,1840.719957633126,3.0018692895166,0.2771420586432811
Carvedilol,COc1ccccc1OCC[NH2+]CC(O)COc1cccc2[nH]c3ccccc3c12,1.3,val,0.5525023223760113,0.9832835094339194,0.0005674948125184,0.1820811359677753,0.9247236390396434,1629.483862479438,8275.55385712794,8949.21845592958,4.809846606488009,0.208858352324132
Tofacitinib,CC1CCN(C(=O)CC#N)CC1N(C)c1ncnc2[nH]ccc12,1.24,val,0.3849841437494098,0.9606134170463034,0.0007554355621906,0.2778882203164156,0.8582444129733745,1136.092151241393,3508.766007841566,4088.306261948738,3.7387919221119055,0.3448358175316322
Regadenoson,CNC(=O)c1cnn(-c2nc(N)c3ncn(C4OC(CO)C(O)C4O)c3n2)c1,0.94,val,0.5521511470423854,0.9834119175080512,0.0005842813951799,0.1813863294273802,0.8559054726488318,1464.885720664053,6912.338482616812,8076.053610481897,4.590696302017124,0.0636755884851818
Iotrolan,CN(C(=O)CC(=O)N(C)c1c(I)c(C(=O)N[C@H](CO)[C@H](O)CO)c(I)c(C(=O)N[C@H](CO)[C@H](O)CO)c1I)c1c(I)c(C(=O)N[C@H](CO)[C@H](O)CO)c(I)c(C(=O)N[C@H](CO)[C@H](O)CO)c1I,0.23,val,0.3127858155834506,0.9439898237327532,4.197893572572238e-05,0.3299745637,0.8656640033358011,20621.389951183777,54098.700152294216,62493.87746727029,6.495191757841316,0.2166675263721692
Vancomycin,C[NH2+]C(CC(C)C)C(=O)NC1C(=O)NC(CC(N)=O)C(=O)NC2C(=O)NC3C(=O)NC(C(=O)NC(C(=O)[O-])c4cc(O)cc(O)c4-c4cc3ccc4O)C(O)c3ccc(c(Cl)c3)Oc3cc2cc(c3OC2OC(CO)C(O)C(O)C2OC2CC(C)([NH3+])C(O)C(C)O2)Oc2ccc(cc2Cl)C1O,0.54,val,0.1444639514740794,0.8478127635597681,1.8555381695420497e-05,0.5302956891632712,0.6690613388058286,36057.53574829206,45492.92712497165,67995.15154495327,7.18035743310867,0.2633179157204807
Telavancin,CCCCCCCCCC[NH2+]CCN[C@@]1(C)C[C@H](O[C@H]2[C@H](Oc3c4cc5cc3Oc3ccc(cc3Cl)[C@@H](O)[C@@H](NC(=O)[C@@H](CC(C)C)[NH2+]C)C(=O)N[C@@H](CC(N)=O)C(=O)N[C@H]5C(=O)N[C@H]3C(=O)N[C@H](C(=O)N[C@H](C(=O)[O-])c5cc(O)c(C[NH2+]CP(=O)([O-])[O-])c(O)c5-c5cc3ccc5O)[C@H](O)c3ccc(c(Cl)c3)O4)O[C@H](CO)[C@@H](O)[C@@H]2O)O[C@@H](C)[C@H]1O,0.11,val,0.0,0.0,0.0,0.0,0.0,0.0,0.0,0.0,0.0,0.0
3-O-demethylfortimicin A,C[C@@H](N)[C@H]1CC[C@@H](N)[C@@H](O[C@@H]2[C@@H](N)[C@@H](O)[C@@H](O)[C@@H](N(C)C(=O)CN)[C@H]2O)O1,0.27,test,0.302380837960968,0.9405102531048842,0.0005009054534247,0.3397653069467019,0.8943339419006003,1785.434628004136,4699.640476004375,5254.905640746341,3.872309006035849,0.3945524173511029
Astromicin,CO[C@H]1[C@@H](O)[C@H](N)[C@@H](O[C@H]2O[C@H]([C@H](C)N)CC[C@H]2N)[C@H](O)[C@H]1N(C)C(=O)CN,0.23,test,0.3975004320298675,0.9618466147506706,0.0005903773817716,0.2735892718888571,0.9353654962443608,1584.3518487064214,5416.689196033165,5790.986750935353,3.971562598328565,0.3250486428953464
Tiagabine,Cc1ccsc1C(=CCC[NH+]1CCCC(C(=O)[O-])C1)c1sccc1C,1.1,test,0.4095003115704123,0.9641207533915676,0.000619218811578,0.2654640707886405,0.9329044310790484,1506.5828324910935,5294.493511092153,5675.279626411733,4.075583486130347,0.2946508896529403
Cefepime,CO/N=C(\C(=O)NC1C(=O)N2C(C(=O)[O-])=C(C[N+]3(C)CCCC3)CSC12)c1csc(N)n1,0.28,test,0.6494331278381671,0.9907967543366952,0.0006077608059946,0.1353580126770138,0.9395434077412428,1545.9098357018452,10730.427895405026,11420.896370506242,4.965404115530506,0.1315082513897995
Losartan,CCCCc1nc(Cl)c(CO)n1Cc1ccc(-c2ccccc2-c2nnn[n-]2)cc1,0.37,test,0.4322674652759704,0.9688252952795626,0.000435885663908,0.2477449237148328,0.8488603575876567,1947.438119384362,6672.600970437035,7860.658011406777,4.419385150439277,0.157800773400004
Tonapofylline,CCCn1c(=O)c2[nH]c(C34CCC(CCC(=O)[O-])(CC3)CC4)nc2n(CCC)c1=O,0.76,test,0.604976948054029,0.9878321104775112,0.0006419449544664,0.1555240222909185,0.9107438280039664,1418.7257360109734,8308.01369890899,9122.228933592956,4.762510699873237,0.1477200400842149
Zopiclone,C[NH+]1CCN(C(=O)OC2c3nccnc3C(=O)N2c2ccc(Cl)cn2)CC1,1.3,test,0.2363145270227303,0.9130287305929736,0.0002750368422054,0.4078952526222668,0.7017906593459456,2551.624188666364,4390.112437580935,6255.58687496985,4.114283402617158,0.225201576258526
TZP 101,CC1C[NH2+]C(C2CC2)C(=O)N(C)C(C)C(=O)NC(Cc2ccc(F)cc2)C(=O)NCCCc2ccccc2O1,0.1,test,0.2914537270981865,0.9376157334173982,0.0001989958747235,0.347673318573851,0.786149316358028,3950.5809728471736,8932.944707291745,11362.910990847322,4.7396254234743305,0.2612312980776961
Tesaglitazar,CCOC(Cc1ccc(OCCc2ccc(OS(C)(=O)=O)cc2)cc1)C(=O)[O-],0.13,test,0.6856250809605327,0.9928750625377644,0.0006099480167821,0.1191600192624623,0.9427596180427678,1545.639287453339,12228.65113055953,12971.123175541854,5.72881818317235,0.1441040077403302
Tozasertib,Cc1cc(Nc2cc(N3CC[NH+](C)CC3)nc(Sc3ccc(NC(=O)C4CC4)cc3)n2)n[nH]1,5.1,test,0.4230142253453837,0.967308615103957,0.0003177582577927,0.2536021355305682,0.868241757261555,2732.3971477329164,9354.737081061094,10774.345973137768,4.954814783582016,0.1934029144882933
Bimatoprost,CCNC(=O)CCC/C=C/CC1C(O)CC(O)C1/C=C/C(O)CCc1ccccc1,0.67,test,0.4993064140344317,0.9775644226020443,0.0004827034385068,0.2106366531796683,0.9231826304008184,1912.52549030218,8382.255823917578,9079.737364943978,4.828100248190643,0.2336653853082116
Tiopronin,CC(S)C(=O)NCC(=O)[O-],1.39,test,0.6348513000998613,0.9899296004139452,0.0053891077630298,0.141560539078823,0.9174062240466458,170.23341606567996,1103.225492468756,1202.5485150977806,2.7627967502736603,0.2120498597622489
Hydroxyurea,NC(=O)NO,0.52,test,0.3873710459688195,0.9586492646630774,0.0157560771648948,0.2845902095310747,0.7232411992357162,45.90236463471528,116.65363085001567,161.29284528216755,1.4591243001894831,0.049462014203293
Pamidronic acid (Pamidronate),[NH3+]CCC(O)(P(=O)([O-])[O-])P(=O)([O-])O,1.8,test,0.1162984957677608,0.8423550122977873,0.0015560012401359,0.5389230309207378,0.8498680940766934,546.1872858163415,861.3236417315533,1013.479206637714,2.279051625898706,0.6282670239951205
Ibandronic Acid (Ibandronate),CCCCC[NH+](C)CCC(O)(P(=O)([O-])[O-])P(=O)([O-])O,0.55,test,0.4875875466654065,0.9763321107893196,0.001013979263988,0.2162766964831671,0.9011742134642494,888.750140628955,3703.213161524665,4109.319936362755,3.7033929658119487,0.2114291520466341
Glyceryl 1-nitrate,O=[N+]([O-])OC[C@H](O)CO,0.76,test,0.6685812586822855,0.9919963014526388,0.0088460230733251,0.126266931158896,0.9186494503900098,103.84886437388607,755.5478010362316,822.4549644213754,2.476705509148615,0.1916908901729854
Meprobamate,CCCC(C)(COC(N)=O)COC(N)=O,0.7,test,0.1468504221009092,0.8212412660663249,0.0006218211816378,0.5705810923171043,0.5993675573636132,963.8905445209828,1012.5199187538976,1689.3138547698215,2.897909318977662,0.4060300053001946
Guanylcisteine,N=C(N)N[C@@H](CS)C(=O)O,0.25,test,0.2648359529600932,0.9291331006506076,0.0025344216067583,0.36974542765988,0.7918307245068916,312.4305452555261,669.0876654608329,844.9882591730748,2.365554026706216,0.4073430540108108
Heptaminol,CC(N)CCCC(C)(C)O,2.14,test,0.4040080500786581,0.9631451958161384,0.0042437430090654,0.2689820287236539,0.9318949413839778,219.59268961227897,760.7843452799015,816.3842419297221,2.487013262874388,0.4199070611693214
Mesna,O=S(=O)([O-])CCS,0.65,test,0.4001867933875441,0.9618801354360832,0.0074499065406571,0.2734713971395592,0.9532297331725308,127.95190489576814,445.9975026216986,467.8803934675155,1.920776382965004,0.5184777174887812
Clodronate,O=P([O-])([O-])C(Cl)(Cl)P(=O)([O-])O,0.88,test,0.0669178537398567,0.7715695113191776,0.001535314898276,0.6361450221472187,0.9167535710530486,597.1111021474613,860.5014833904098,938.6399034169852,2.225681324699583,0.5595634016541827
Metformin,CN(C)C(=[NH2+])NC(=N)N,0.64,test,0.4601684369544322,0.9721719545946768,0.0049997068799742,0.2342684159240541,0.776632391807476,155.33558475561568,514.9590748104761,663.0666969890335,2.2630551677670008,0.0655217169933786
SarCNU,CN(CC(N)=O)C(=O)N(CCCl)N=O,0.76,test,0.3551719992494814,0.9542089794828524,0.0015182557432145,0.2991408087745526,0.7969864209698604,524.935554850886,1398.5604666053346,1754.8109099568007,2.874188127150285,0.2417230477624532
Cyanamide,N#CN,0.78,test,0.9097674732682864,0.999518075643641,0.615168654968409,0.0310421723085362,0.9735828305976956,1.5826275001734158,49.63631237163388,50.9831426887032,1.1024993853747385,0.01331313515099
Ethambutol,CCC(CO)NCC[NH2+]C(CC)CO,1.7,test,0.4269323272077818,0.9662089702236616,0.0019198394308382,0.2577600160213596,0.9707435885169228,505.637905401852,1904.2703455577828,1961.661522243045,3.262766288006863,0.3809829034965893
Treosulfan,CS(=O)(=O)OCC(O)C(O)COS(C)(=O)=O,0.59,test,0.3770331164999174,0.9590724042153294,0.0011179188095415,0.2831609497664319,0.854221546515732,764.1176973004208,2305.1405981171224,2698.527808762863,3.2190657785068324,0.298291318385409
Acamprosate,CC(=O)NCCCS(=O)(=O)[O-],0.3,test,0.6709116515884548,0.9919011786261736,0.0055804577054809,0.1270120145498364,0.9765927813826532,175.00227273893125,1345.5888947839587,1377.8403039994655,2.835848998541276,0.2285619827746553
Mifamurtide,CCCCCCCCCCCCCCCC(=O)OCC(COP(=O)([O-])OCCNC(=O)C(C)NC(=O)CCC(NC(=O)C(C)NC(=O)C(C)OC(C(C=O)NC(C)=O)C(O)C(O)CO)C(N)=O)OC(=O)CCCCCCCCCCCCCCC,5.8,test,0.0,0.0,0.0,0.0,0.0,0.0,0.0,0.0,0.0,0.0
"Acetylcysteine, N-",CC(=O)NC(CS)C(=O)[O-],0.55,test,0.1695948498576673,0.8831283501662937,0.0020423410641876,0.4691314497372356,0.7703946627308099,377.2115618882938,619.4463708665505,804.0636842820346,2.356113753090183,0.3197522070017328
Mildronate,C[N+](C)(C)[NH2+]CCC(=O)[O-],0.7,test,0.4044530980167061,0.9632846815810678,0.004762343236195,0.2684820705955255,0.9293229208365612,195.13984497661977,675.4563919408643,726.8263558299299,2.329399397448106,0.5334258218586162
Busulphan,CS(=O)(=O)OCCCCOS(C)(=O)=O,0.55,test,0.5505060844878635,0.9831292552943164,0.0019194264273339,0.1829121848987723,0.9193822508813028,478.98801318388,2407.5655645897564,2618.677445950157,3.342991565014896,0.2257009015044588
Buthionine sulfoximine,CCCCS(=N)(=O)CCC([NH3+])C(=O)[O-],0.26,test,0.6030266512246668,0.9875303574006924,0.0026551074467165,0.157428692467608,0.9425733012582366,355.003825711036,2125.515512546129,2255.013493071349,3.263547429939895,0.2231801644926796
Sparfosic acid,O=C([O-])CC(NC(=O)CP(=O)([O-])O)C(=O)[O-],0.33,test,0.5604946234916692,0.9840183412915026,0.0017642162354894,0.1780671334129914,0.9273417461930163,525.6395035587956,2737.436413758096,2951.9175913259573,3.5109385298585285,0.2035725089855424
Spisulosine,CCCCCCCCCCCCCCCC(O)C(C)[NH3+],30.7,test,0.6772855666505639,0.992432240100282,0.000984520083513,0.1227935210405513,0.940398944590612,955.1851306425006,7315.166803045035,7778.79095369421,5.292128991774431,0.1295932352956282
Valproic Acid,CCCC(CCC)C(=O)[O-],0.14,test,0.1584855569746556,0.8629726144399209,0.0017087136611706,0.5052506969087007,0.6789114783909405,397.3231406869111,533.887914441464,786.3881101359624,2.4488675995999527,0.3337081796113734
Alendronate,[NH3+]CCCC(O)(P(=O)([O-])[O-])P(=O)([O-])O,0.33,test,0.1960804570871984,0.9001228547933972,0.0013910292475925,0.4356361397755985,0.8157659375955709,586.4477249543052,1098.173531802412,1346.1870386979178,2.476540527789363,0.4519329287343177
Velcalcetide,CC(=O)NC(CSSCC([NH3+])C(=O)[O-])C(=O)NC(C)C(=O)NC(CCCNC(N)=[NH2+])C(=O)NC(CCCNC(N)=[NH2+])C(=O)NC(CCCNC(N)=[NH2+])C(=O)NC(C)C(=O)NC(CCCNC(N)=[NH2+])C(N)=O,0.5,test,0.0,0.0,0.0,0.0,0.0,0.0,0.0,0.0,0.0,0.0
Carmustine (BCNU),O=NN(CCCl)C(=O)NCCCl,1.2,test,0.4694424533586688,0.9737021456458118,0.0022850133488608,0.2278247825956214,0.9246523081755258,404.659477650964,1642.355654956115,1776.187265672567,2.988401888075588,0.2093579960376518
Carnitine_L,C[N+](C)(C)CC(O)CC(=O)[O-],0.4,test,0.276444580446541,0.9334036727740344,0.0026535057812267,0.35882806976593,0.8199863588607771,309.0200008841412,706.1660073177477,861.192384101167,2.412466814278749,0.4534380952700689
Foscarnet,O=C([O-])P(=O)([O-])[O-],0.5,test,0.1822637574831584,0.8916718127463941,0.0058371370833707,0.4526824254966826,0.8763213589341365,150.12862408708298,290.6251987374067,331.64226316575474,1.7720982226932798,0.4301372594219405
Amifostine,[NH3+]CCC[NH2+]CCSP(=O)([O-])[O-],0.09,test,0.1022148127100863,0.8038693149476597,0.0012262182831153,0.5948059553212126,0.6938838233578125,565.8730039442296,660.1314596787283,951.3573273465992,2.254307717925016,0.3706931001920676
Dichloroacetic Acid,O=C([O-])C(Cl)Cl,0.19,test,0.1264381351166044,0.8374397032244012,0.0035659985540692,0.5465297278862578,0.7002225938977688,196.3608743191264,251.5806803182494,359.28672183774137,1.7761931710241703,0.6772690540424878
"Aminohexanoic acid, 6-",[NH3+]CCCCCC(=O)[O-],0.39,test,0.0963373740575914,0.7903400006141601,0.0025297363215054,0.6126684939093975,0.6852641447942958,270.8836248935561,302.98087366462875,442.1373509270331,1.9679167170879943,0.4312145547977386
Aminolevulinic acid,[NH3+]CC(=O)CCC(=O)[O-],0.12,test,0.2290552260919288,0.9157399476874776,0.0038814140048917,0.4017715124412578,0.8162829269567755,210.30555512192376,427.279756713196,523.445661550412,2.104041097510312,0.3249651622716142
Fotemustin,CCOP(=O)(OCC)[C@H](C)NC(=O)N(CCCl)N=O,0.62,test,0.3991154783021635,0.9631906258163686,0.0008974795865629,0.2688193042537537,0.8693492114244123,968.6562507273852,3132.589566247347,3603.3731037895095,3.493231917800629,0.208541135519205
Laromustine,CNC(=O)N(N(CCCl)S(C)(=O)=O)S(C)(=O)=O,0.88,test,0.0777450073162168,0.7939634333172546,0.0006871585862483,0.6079655142810957,0.8584311947879283,1249.2475710368833,1763.9044646458071,2054.800053114999,2.869329010052916,0.3754578646187693
Xylose_D,O=CC(O)C(O)C(O)CO,0.23,test,0.4067925294565125,0.9641122963323998,0.0036733034838088,0.265494783490499,0.7869086351458235,214.2236922743631,634.944578146676,806.8847510219699,2.3484881791582577,0.2099620325270969
Propionyl-L-carnitine,CCC(=O)OC(CC(=O)[O-])C[N+](C)(C)C,0.3,test,0.2861547388327,0.9360228250009234,0.0013300951024296,0.351939300273912,0.7872492361799345,591.8743966065774,1323.9574730083848,1681.7513592427033,2.8773688800002373,0.2719297926443146
Mannitol,OCC(O)C(O)C(O)C(O)CO,0.24,test,0.2822152044545042,0.9349718579825732,0.0022443567855866,0.354721897802511,0.8670929325823515,386.3436233271246,944.3900345890528,1089.1451182475876,2.5771576988803035,0.3336603708137453
Piperphentonamine,C[NH+](CCC(=O)/C=C/c1ccc(O)cc1)CCc1ccc2c(c1)OCO2,2.13,test,0.6334711697535973,0.9898540877064308,0.0006175905808507,0.1420875964004935,0.9098293107265324,1473.1916886965091,9433.286315272944,10368.193466684554,5.47839883913651,0.140079576769558
Didanosine,O=c1[nH]cnc2c1ncn2C1CCC(CO)O1,0.77,test,0.3640562874869918,0.9564215699522004,0.0015235826885722,0.2919893500286749,0.8503181208330233,558.1043465582328,1625.2861248108327,1911.3859683698188,2.9439583120393253,0.2676701310504676
Paricalcitol,CC(/C=C/C(C)C(C)(C)O)C1CCC2/C(=C/C=C3CC(O)CC(O)C3)CCCC21C,0.41,test,0.7182805847829492,0.9943007480109448,0.0007731831753543,0.1066115495848162,0.9903464649371452,1280.869134902281,11898.375220485828,12014.356229605955,5.498528921400686,0.174243007558441
Milrinone,Cc1[n-]c(=O)c(C#N)cc1-c1ccncc1,0.25,test,0.4430921667196701,0.9704705498912148,0.0018608342360856,0.2412196339310781,0.849585305646897,456.5615191141553,1608.0281337050678,1892.7212170656271,3.0679777251944924,0.3231415398370715
Rotigotine,CCC[NH+](CCc1cccs1)C1CCc2c(O)cccc2C1,5.7,test,0.3831322506176694,0.9602876444378652,0.0006641655611796,0.2790118992802575,0.8372473218344804,1260.6003243339865,3782.757108836284,4518.088037054499,3.886572579093827,0.2784948017864267
Ifosfamide,O=P1(NCCCl)OCCCN1CCCl,0.62,test,0.2150523618041019,0.9094421031753952,0.0009091276187137,0.4158305676257021,0.8100594439607445,891.0294080679348,1735.7713526771754,2142.770343112364,3.022249946174829,0.3281190791696802
Indacaterol,CCc1cc2c(cc1CC)CC([NH2+]CC(O)c1ccc(O)c3[nH]c(=O)ccc13)C2,19.4,test,0.5892913562622178,0.9863721464584904,0.0006545121300734,0.1645295982213246,0.949802470022639,1451.160989050116,8377.315125672343,8820.060370523848,4.8677823122149055,0.2006603569966201
AMP579,CCNC(=O)C1CC(n2ccc3c(NC(CC)Cc4sccc4Cl)ncnc32)C(O)C1O,0.84,test,0.6060468297317432,0.9876587501035816,0.0005261064101289,0.1566211778267254,0.9569231202796652,1818.8775157579148,11112.966789913842,11613.228434344888,5.066931565030878,0.2101710715586719
Rifampin,COC1/C=C/OC2(C)Oc3c(C)c([O-])c4c(O)c(c(/C=N/N5CCN(C)CC5)c(O)c4c3C2=O)NC(=O)/C(C)=C\C=C\C(C)C(O)C(C)C(O)C(C)C(OC(C)=O)C1C,0.97,test,0.1387990831906227,0.8581267351884514,9.925476967555058e-05,0.5134379284342064,0.9276408063146596,9346.0577194122,16885.7500363062,18202.896984868607,5.199059318840102,0.5198288116716159
"UK-240,455",CS(=O)(=O)N(CCO)c1c(Cl)c(Cl)cc2[nH]c(=O)c(=O)[nH]c12,0.8,test,0.1296869918540587,0.8424201726416917,0.0003747602798606,0.538821169523194,0.7065700189388956,1885.3919609667391,2472.36283375122,3499.105208941834,3.2663957135338357,0.4509271062936897
Ursolic acid,CC1CCC2(C(=O)[O-])CCC3(C)C(=CCC4C5(C)CCC(O)C(C)(C)C5CCC43C)C2C1C,0.54,test,0.4743096106989847,0.9742528968465148,0.0005511607326433,0.2254579627916791,0.9324933627353272,1691.8719123242931,6997.576440883884,7504.15683427232,4.215177153390279,0.3038026400969369
Cefatrizine,[NH3+]C(C(=O)NC1C(=O)N2C(C(=O)[O-])=C(CSc3c[n-]nn3)CSC12)c1ccc(O)cc1,0.22,test,0.2296796238642631,0.9160518077405976,0.0002820038654452,0.4010599525447323,0.8257223466777257,2928.0532923684905,6028.422983724074,7300.787011492775,4.196821677573575,0.30384203503028
Bevantolol,COc1ccc(CC[NH2+]CC(O)COc2cccc(C)c2)cc1OC,0.67,test,0.7415854306363159,0.9953659390891716,0.0010875988565494,0.0961594888772395,0.9788036169419476,899.9674935732809,9160.73336209474,9359.11269996672,5.294063274835318,0.1436204524177503
Alfuzosin,COc1cc2[nH+]c(N(C)CCCNC(=O)C3CCCO3)nc(N)c2cc1OC,1.5,test,0.6047693276795593,0.9878479466079304,0.0005549956766518,0.1554234035867681,0.8782559891238744,1582.45555068499,8942.032106094803,10181.57828336035,5.149241953833816,0.0714775924308441
Azacitidine,Nc1ncn(C2OC(CO)C(O)C2O)c(=O)n1,0.47,test,0.3565988712603468,0.9543245429347637,0.0015123185764972,0.2987719309981354,0.8942780293458623,591.3291308086236,1769.9542524884566,1979.199079488876,2.981089060509168,0.3123221218490912
Decitabine,Nc1ncn(C2CC(O)C(CO)O2)c(=O)n1,4.6,test,0.4992601856702544,0.977838817195112,0.0021994059871664,0.209359135426339,0.8867035225388155,403.1559101469775,1707.4954237449208,1925.666674759573,2.973803426551345,0.2075734639189235
Nateglinide,CC(C)C1CCC(C(=O)NC(Cc2ccccc2)C(=O)[O-])CC1,0.15,test,0.6322818209241371,0.9897750971457384,0.0011194676661575,0.1426368012475879,0.9097199774778096,812.6362243228455,5182.893904115314,5697.240944938728,4.298442051581692,0.1352284781643599
Nocloprost,CCCCC(C)(C)C(O)/C=C/C1C(O)CC(Cl)C1C/C=C/CCCC(=O)[O-],0.16,test,0.6412277999512176,0.9902649000580684,0.0007107619924547,0.1391956454526661,0.94106304343043,1324.0199299069873,8951.330487019546,9511.9349861934,4.973470152989911,0.1818232001558758
Butorphanol,Oc1ccc2c(c1)C13CCCCC1(O)C(C2)[NH+](CC1CCC1)CC3,12.0,test,0.3218136708516705,0.9465042312502422,0.0007119716793375,0.3226914009163987,0.8543179053115514,1199.932427237068,3176.7929199271143,3718.513799343356,3.5103306167857937,0.3603616693507587
Talinolol,CC(C)(C)[NH2+]CC(O)COc1ccc(NC(=O)NC2CCCCC2)cc1,3.3,test,0.8437717244210762,0.998449644039654,0.0014393818656197,0.0556624497941677,0.9947677088883298,691.1075737778509,12351.08228805264,12416.046658626656,5.909414276193156,0.0956083217335993
Toloxatone,Cc1cccc(N2CC(CO)OC2=O)c1,1.5,test,0.4532717986347531,0.9717302315927596,0.0018797484894004,0.2360939580096907,0.8113307733107342,431.6166646153392,1483.2394917187555,1828.1563334103744,3.005179202824035,0.1059551181948935
Isosorbide-2-Mononitrate,O=[N+]([O-])OC1COC2C(O)COC12,0.86,test,0.2129377996364026,0.9085183554904191,0.0021800354527943,0.4178449446110177,0.8409815393051971,385.76507470428095,776.4155352818793,923.2254205286588,2.335638685631929,0.4080825832460077
Isosorbide-5-Mononitrate,O=[N+]([O-])OC1COC2C(O)COC12,0.7,test,0.2129377996364026,0.9085183554904191,0.0021800354527943,0.4178449446110177,0.8409815393051971,385.76507470428095,776.4155352818793,923.2254205286588,2.335638685631929,0.4080825832460077
Isosorbide Dinitrate,O=[N+]([O-])OC1COC2C(O[N+](=O)[O-])COC12,1.9,test,0.4994802576591915,0.9776882034685358,0.0021381337356414,0.2100613643640045,0.9128906628986956,426.9567649961854,1855.480875345772,2032.533523186748,3.02268471492034,0.3550224901795083
Ranolazine,COc1ccccc1OCC(O)CN1CCN(CC(=O)Nc2c(C)cccc2C)CC1,1.2,test,0.6861861850762154,0.9927978029427038,0.0005776985010055,0.1198020136397559,0.9694935960146316,1678.199950886299,13580.77427737341,14008.111382273071,5.8503766249468026,0.1866697070354154
Libenzapril,[NH3+]CCCCC(NC1CCc2ccccc2N(CC(=O)[O-])C1=O)C(=O)[O-],1.98,test,0.3676142497719781,0.9569524154921552,0.0006372572931201,0.2902448526395072,0.8782766728008967,1378.2136074122443,4170.454189002849,4748.451505267612,3.7691653048015015,0.238009513444508
Reboxetine,CCOc1ccccc1OC(c1ccccc1)C1C[NH2+]CCO1,0.65,test,0.1482032667634553,0.869976569473405,0.0005107255323025,0.4930930627856023,0.8156349823668676,1597.0123496462024,2641.649696478723,3238.7645865960726,3.4483898681211675,0.5004486111556572
Dolasetron,O=C(OC1CC2CC3CC(C1)[NH+]2CC3=O)c1c[nH]c2ccccc12,2.0,test,0.7566199885811642,0.995998884111704,0.0017786736241591,0.0893656692933055,0.9600450490510568,539.7533510426357,5798.507821571449,6039.8288885536185,4.3612507286897495,0.1398154352344827
Pentazocine,CC(C)=CC[NH+]1CCC2(C)c3cc(O)ccc3CC1C2C,3.4,test,0.4050897429555308,0.963309991000644,0.0011318233411289,0.2683912465754783,0.9333692033097736,824.6597939734878,2867.8731692025367,3072.603166070742,3.436427594158483,0.3880451518680234
Vinpocetine,CCOC(=O)C1=CC2(CC)CCCN3CCc4c(n1c1ccccc41)C32,2.08,test,0.1864210447108204,0.8646081484430955,0.0002929915270854,0.5024467629966406,0.6051253444256777,2065.333937964828,2487.399666207749,4110.552779058578,3.515651924956752,0.2138774961858142
Dexrazoxane,CC(CN1CC(=O)NC(=O)C1)N1CC(=O)NC(=O)C1,0.55,test,0.361542297022242,0.9541003331713982,0.0011779291026301,0.2994871520486763,0.9456603073206163,802.815980358334,2534.970871084884,2680.635796449293,3.3491751546257853,0.4614283063208186
Ziprasidone,O=C1Cc2cc(CCN3CCN(c4nsc5ccccc45)CC3)c(Cl)cc2N1,1.0,test,0.6391768817466105,0.9901106886953392,0.0006415564885084,0.1402883606406503,0.9451034890512642,1473.141501925278,9924.352718769824,10500.810581846776,5.14924574198395,0.1459716106324808
Meropenem,CC(O)C1C(=O)N2C(C(=O)[O-])=C(SC3C[NH2+]C(C(=O)N(C)C)C3)C(C)C12,0.3,test,0.4906372501300449,0.9761891951485449,0.0007901472328256,0.2169208502547325,0.9458987329004016,1197.1170607252768,5220.113739844554,5518.681396092118,3.945000959016869,0.1897841709620895
Doripenem,CC(O)C1C(=O)N2C(C(=O)[O-])=C(SC3C[NH2+]C(CNS(N)(=O)=O)C3)C(C)C12,0.23,test,0.4992332785066942,0.9773450068286212,0.000575524585088,0.2116523981134212,0.940171334915138,1633.5902223383448,7256.495620791966,7718.269374216726,4.443841919595098,0.2133341638747228
Candoxatrilat,COCCOCC(CC1(C(=O)NC2CCC(C(=O)[O-])CC2)CCCC1)C(=O)[O-],0.25,test,0.4095747638937941,0.9650957957628076,0.0004224879327672,0.2618971267519993,0.8582132270884572,2031.3319281503905,6656.491237479589,7756.220747217049,4.548186149848595,0.1958452430631718
Methohexital,C=CCC1(C(C)C#CCC)C(=O)NC(=O)N(C)C1=O,1.1,test,0.0881954607149351,0.7957936066455334,0.0005923486478898,0.6055679446784595,0.7370601389911551,1244.301209459724,1514.4870702794803,2054.7672980286547,3.029084589926036,0.3311150835731622
Pentobarbital,CCCC(C)C1(CC)C(=O)NC(=O)NC1=O,0.91,test,0.1968862000808976,0.8998925806799225,0.0013571446526796,0.43611161786546,0.8725599437729509,642.9380553134705,1286.3725028460046,1474.2511526299586,2.742411177748638,0.5017706662620166
Irofulven,CC1=C(CO)C2=C(C)C3(CC3)C(C)(O)C(=O)C2=C1,3.1,test,0.2478606266235445,0.921690338309759,0.0010061926935666,0.3879264366686579,0.7560436285276603,751.3904974281581,1464.4116626730688,1936.9406836016904,2.9034545076173406,0.3120475219519163
Nefazodone,CCc1nn(CCCN2CCN(c3cccc(Cl)c3)CC2)c(=O)n1CCOc1ccccc1,0.51,test,0.5039813625373893,0.978333996220786,0.0003098668826598,0.2070328279251078,0.8977879971544583,2897.3344600366936,12564.152883541225,13994.56544681299,5.5977757168161295,0.2155478807576958
Cocaethylene,CCOC(=O)C1C(OC(=O)c2ccccc2)CC2CCC1[NH+]2C,1.6,test,0.20074708224845,0.9021148388378358,0.0005755923899133,0.4314960226335643,0.7933229017363651,1378.2720474392129,2534.00894261579,3194.1709196463926,3.3406398495178053,0.3171707932151324
Cocaine,COC(=O)C1C(OC(=O)c2ccccc2)CC2CCC1[NH+]2C,2.0,test,0.3921591201625537,0.9619950419944578,0.0008567709418168,0.2730669133712124,0.8370023607010674,976.9266438077186,2994.4671692511047,3577.608988752385,3.5215327126186518,0.1900413206281404
Faropenem,CC(O)C1C(=O)N2C(C(=O)[O-])=C(C3CCCO3)SC12,0.18,test,0.2225079206601502,0.9119838582300936,0.0010123169599033,0.4102260868445015,0.8831708256459074,872.4251994456996,1878.233755526173,2126.693614627188,2.928725836756956,0.3883012182962422
Prazosin,COc1cc2nc(N3CCN(C(=O)c4ccco4)CC3)nc(N)c2cc1OC,0.73,test,0.7105936341393166,0.9941465891119612,0.0009120476830464,0.1080396193859152,0.9216877249134438,1010.5696687203643,8621.186043819336,9353.695195006483,4.975822447910179,0.0708597971829406
Cobimetinib,O=C(c1ccc(F)c(F)c1Nc1ccc(I)cc1F)N1CC(O)(C2CCCC[NH2+]2)C1,15.4,test,0.3678692961758361,0.9570366574225652,0.0002326202435922,0.2899669573407343,0.8062677003782489,3466.025518361312,9637.458177200826,11953.174079377794,4.85130466457542,0.2754295416017109
Amrinone,Nc1cc(-c2ccncc2)c[nH]c1=O,1.3,test,0.5903015405864483,0.9866028581679496,0.0036485358615377,0.1631404310857143,0.9288337827467268,254.57712846907327,1449.4251097846634,1560.4784588028822,2.952818903662692,0.2646829294213465
Doxazosin,COc1cc2nc(N3CCN(C(=O)C4COc5ccccc5O4)CC3)nc(N)c2cc1OC,1.3,test,0.5941174952098748,0.987014225483413,0.0004176308922669,0.1606328692807862,0.865111430303953,2071.4737494824994,11156.219933539156,12895.702845608535,5.378722298728055,0.0690616693976845
Isradipine,COC(=O)C1=C(C)NC(C)=C(C(=O)OC(C)C)C1c1cccc2nonc12,1.5,test,0.1402323251017868,0.8478659837904639,0.000316291864808,0.5302105935673379,0.6847083103573777,2164.798992768898,2795.598350137257,4082.9040744052286,3.489246474526517,0.2619481264777287
Fenoldopam,Oc1ccc(C2C[NH2+]CCc3c2cc(O)c(O)c3Cl)cc1,0.5,test,0.3038556995581758,0.9394328694392898,0.0008462050010538,0.3427329628399674,0.9382748516583072,1108.803245655332,3035.4891814747434,3235.1812223356715,3.4681027827791224,0.4327551241343072
Y 20811,Cc1ccc(-n2ccnc2)cc1C(O)c1c(C)cc(C(=O)[O-])cc1C,0.37,test,0.5460378261115213,0.9823820387002508,0.0009454994546859,0.1868837340143304,0.9525552668642914,1007.462523794542,5135.084325398244,5390.851852934879,4.146609443008034,0.3214339694211334
Dantrolene,O=C1CN(/N=C\c2ccc(-c3ccc([N+](=O)[O-])cc3)o2)C(=O)[N-]1,0.37,test,0.3651708136323939,0.9557346515824452,0.0006268630335587,0.2942299708809116,0.7676134178273911,1224.5313198157496,3194.666637209781,4161.817085287255,3.700918208774015,0.0947077454627559
Amantadine,[NH3+]C12CC3CC(CC(C3)C1)C2,6.6,test,0.0531345906616875,0.7238396944941149,0.0032919346954326,0.689968185262673,0.9999991744965372,303.7724824505124,440.2699112418194,440.2702746864557,1.9720769214442568,0.8185493529885667
Fosfluconazole,O=P([O-])([O-])OC(Cn1cncn1)(Cn1cncn1)c1ccc(F)cc1F,0.15,test,0.0494217079991544,0.7353645226331968,0.0003591161482403,0.6776717633577855,0.8340119179907398,2322.4016020370905,2858.1840342034498,3427.0302049031206,3.3467688532078177,0.6670033233555598
Fluconazole,OC(Cn1cncn1)(Cn1cncn1)c1ccc(F)cc1F,0.75,test,0.2689808710025561,0.9308575917029352,0.0007080448775778,0.3653821889050035,0.8110457753448046,1145.472273055996,2542.6265320180028,3134.997566490056,3.3374846091596417,0.3686104276147422
Cyclizine,C[NH+]1CCN(C(c2ccccc2)c2ccccc2)CC1,16.5,test,0.1426176983541588,0.8428055899251772,0.0004745870070576,0.5382181133990885,0.6588000949773183,1388.1545115653544,1699.1556049402873,2579.1672130812112,3.2550984388930733,0.4054632159831344
Pirmenol,CC1CCCC(C)[NH+]1CCCC(O)(c1ccccc1)c1ccccn1,1.4,test,0.3479733629771906,0.9527155796443976,0.000587277963935,0.3038634961670111,0.8715938034411557,1484.1248215768785,4257.023348762656,4884.18266852681,3.9558008985782793,0.3432301069846231
Sufentanil,CCC(=O)N(c1ccccc1)C1(COC)CC[NH+](CCc2cccs2)CC1,9.4,test,0.5794151290055403,0.9857599564346734,0.0007010258215296,0.1681585807799021,0.917023754282618,1308.1169425137762,7133.58963961982,7779.067451966261,4.574527820377406,0.2155381058817409
Doxifluridine,CC1OC(n2cc(F)c(=O)[nH]c2=O)C(O)C1O,0.28,test,0.4856009204002098,0.975324446883741,0.0021075850263036,0.2207764102229332,0.9584140426574026,454.7451375370078,1974.0973467479987,2059.754196917235,3.0192672894720407,0.3738584071262861
Zidovudine,Cc1cn(C2CC(N=[N+]=N)C(CO)O2)c(=O)[nH]c1=O,1.8,test,0.371345115668333,0.957910083615603,0.0009972529562443,0.2870684094559138,0.8252167445610779,827.4898955114238,2378.730975746716,2882.552967356391,3.3688186277747616,0.2261547858262388
IDX899,COP(=O)(c1cc(C)cc(/C=C/C#N)c1)c1c(C(N)=O)[nH]c2ccc(Cl)cc12,0.56,test,0.2584525842387318,0.9271999068766792,0.0003604175481769,0.3745668601036101,0.8471462250314594,2350.4577657677883,5315.957270793452,6275.135406046388,4.104353620935547,0.3906041079492727
IDX989,COP(=O)(c1cc(C)cc(/C=C\C#N)c1)c1c(C(N)=O)[nH]c2ccc(Cl)c(F)c12,0.97,test,0.0643312254837678,0.7585743625696372,0.0002493299475143,0.6515864765724259,0.7691906049735263,3085.030950520438,3641.8448026661968,4734.645456039521,3.643085303184686,0.5627554691728298
Metolazone,Cc1ccccc1N1C(=O)c2cc(S(N)(=O)=O)c(Cl)cc2NC1C,1.6,test,0.5348291852374427,0.9817074242529636,0.0008451576002307,0.1903957278055671,0.8950175174362959,1058.9948161052127,4978.152200223265,5562.07236533512,3.9815539257008568,0.2485405817699986
Cefoselis,CO/N=C(/C(=O)NC1C(=O)N2C(C(=O)[O-])=C(Cn3ccc(=[NH2+])n3CCO)CSC12)c1csc(N)n1,0.3,test,0.5457032212504008,0.9827094839994625,0.0003914108876315,0.1851541791521609,0.9119550191582256,2329.9173527760986,11475.732461549527,12583.66061973334,5.024897436650241,0.1122789195787722
Zonampanel,O=C([O-])Cn1c(=O)c(=O)[nH]c2cc([N+](=O)[O-])c(-n3ccnc3)cc21,0.19,test,0.2955193105955236,0.9361375913116492,0.0005223575102211,0.351633914936008,0.7207762106468439,1379.8522975992737,2828.409513618564,3924.116073531718,3.508985469940689,0.0950570540632582
Pedelsine,Nc1nc2c(Cc3cccnc3)c[nH]c2c(=O)[nH]1,1.2,test,0.3916360471633324,0.9618644971429487,0.0013764414424908,0.2735263956841131,0.8606105301852421,625.2431114162434,1967.2353897136404,2285.8602360933264,3.179682212488769,0.2540741476721305
Ceftazidime,CC(C)(O/N=C(/C(=O)NC1C(=O)N2C(C(=O)[O-])=C(C[n+]3ccccc3)CSC12)c1csc(N)n1)C(=O)[O-],0.31,test,0.2663855533334863,0.9300694999541996,0.0002481878492771,0.3673836213754566,0.8313476078669256,3349.6708653881524,7579.926537432766,9117.637996074069,4.286308489888049,0.2618910328728956
Thiotepa,S=P(N1CC1)(N1CC1)N1CC1,1.6,test,0.0198004849856994,0.6229401315224586,0.0017341974873197,0.7822695140031867,0.904228791749512,521.4105073736595,602.7007120285956,666.535635148803,2.175213374382317,0.4371756973667668
Rolitetracycline,C[NH+](C)C1C([O-])=C(C(=O)NC[NH+]2CCCC2)C(=O)C2(O)C(O)=C3C(=O)c4c(O)cccc4C(C)(O)C3CC12,0.54,test,0.3108215816776477,0.9431932449299,0.0002729582814048,0.3322446428742014,0.8814732522228791,3229.3332434759945,8567.695334416716,9719.745111732997,4.511462930755641,0.2803815222008223
Ofloxacin,CC1COc2c(N3CC[NH+](C)CC3)c(F)cc3c(=O)c(C(=O)[O-])cn1c23,1.6,test,0.5269390960861113,0.9809332740998288,0.0007993772756296,0.1943448269540255,0.8560117167971933,1070.848200085364,4716.660693011925,5510.042211407485,3.953659909018897,0.1400616688573752
Antofloxacin,CC1COc2c(N3CC[NH+](C)CC3)c(F)c(N)c3c(=O)c(C(=O)[O-])cn1c23,2.42,test,0.434014686244448,0.9688413408682518,0.0005944858477933,0.2476821677565991,0.8065222834563721,1356.6719652789786,4417.702660020799,5477.471299476835,3.866152725514179,0.1410926275448812
Levofloxacin,CC1COc2c(N3CC[NH+](C)CC3)c(F)cc3c(=O)c(C(=O)[O-])cn1c23,1.2,test,0.5269390960861113,0.9809332740998288,0.0007993772756296,0.1943448269540255,0.8560117167971933,1070.848200085364,4716.660693011925,5510.042211407485,3.953659909018897,0.1400616688573752
Sulmazole,COc1cc(S(C)=O)ccc1-c1nc2ncccc2[nH]1,0.62,test,0.6591474329910797,0.9914575999126536,0.0017009638820169,0.1304293968990132,0.9136715112105566,537.14927216866,3762.786602685756,4118.314466979827,3.82732069697398,0.1036591069177916
Doxapram,CCN1CC(CCN2CCOCC2)C(c2ccccc2)(c2ccccc2)C1=O,1.2,test,0.1449672974360413,0.8661856054786824,0.0003772327454552,0.499722419810767,0.8863465334244761,2349.6012583815327,4167.435455637301,4701.812776923779,3.8496127318753808,0.52577664374194
Clonidine,Clc1cccc(Cl)c1NC1=[NH+]CCN1,3.3,test,0.2747488272796828,0.927328798972104,0.0010662405522204,0.3742476434086862,0.6936382688590399,650.5457585668768,1205.7348703012462,1738.2761655935594,2.7887017339301594,0.1306815792132871
Glimepiride,CCC1=C(C)CN(C(=O)NCCc2ccc(S(=O)(=O)[N-]C(=O)NC3CCC(C)CC3)cc2)C1=O,0.19,test,0.599081467001426,0.9874127491655016,0.0003497831609182,0.1581646698394627,0.8969348953047042,2564.259791552292,14541.642517285894,16212.595354923558,5.833094599809134,0.0942214216966272
Hydrocortisone,CC12CCC(=O)C=C1CCC1C2C(O)CC2(C)C1CCC2(O)C(=O)CO,0.38,test,0.5138628059602129,0.9790046096109798,0.0009274476696249,0.2038381082144673,0.9456032880893888,1019.5758952866216,4729.804095440893,5001.890491516333,3.851068633036231,0.312621157430974
Levonorgestrel,C#CC1(O)CCC2C3CCC4=CC(=O)CCC4C3CCC21CC,1.5,test,0.4889963103654347,0.976196681564516,0.0011171412009343,0.2168871570711985,0.9309525335175126,833.3347053522851,3576.952483918197,3842.250120318201,3.634012367156029,0.3534412469513946
"Methylnortestosterone, 7α-, 19-",CC1CC2=CC(=O)CCC2C2CCC3(C)C(O)CCC3C12,0.8,test,0.3682201789884182,0.9572443735722718,0.0009738265771944,0.2892805027377911,0.8605133514193822,883.6412679334182,2628.5390882740694,3054.617437298793,3.373967198761335,0.3416344315459504
Cefoperazone,CCN1CCN(C(=O)NC(C(=O)NC2C(=O)N3C(C(=O)[O-])=C(CSc4nnnn4C)CSC23)c2ccc(O)cc2)C(=O)C1=O,0.17,test,0.6326878776478391,0.9895595503947984,0.0002928126629877,0.1441245857667756,0.9634762350899482,3290.4186084677403,21996.52554690793,22830.3768643078,6.108946446956107,0.143355494082699
GSK269984A,O=C([O-])c1cccc(Cc2cc(Cl)ccc2OCc2ccc(Cl)cc2F)n1,0.77,test,0.4141833083875168,0.9658973457148676,0.000383466890665,0.258925312669453,0.8489379098299462,2213.849306149196,7258.54333539056,8550.146307925565,4.715645202542925,0.1976437713140296
Spiramycin,COC1C(O)CC(=O)OC(C)C/C=C\C=C/C(OC2CCC(N(C)C)C(C)O2)C(C)CC(CC=O)C1OC1OC(C)C(OC2CC(C)(O)C(O)C(C)O2)C([NH+](C)C)C1O,5.4,test,0.3468961557927459,0.9526691774638462,9.206126335381946e-05,0.3040089444578217,0.8343558718721206,9063.05042399252,24873.640977298284,29811.78872929488,6.145113595384595,0.2364478346333111
Meptazinol,CCC1(c2cccc(O)c2)CCCC[NH+](C)C1,3.3,test,0.1875819772060922,0.8928629930015387,0.0011637318544858,0.4503284087511405,0.9132590904831612,784.7676309304419,1591.4966920512886,1742.656283015266,2.9643684901055782,0.5812717492254613
Troxacitabine,Nc1ccn(C2COC(CO)O2)c(=O)n1,1.0,test,0.5652910654478037,0.984557789795129,0.0029948254031472,0.1750598713404378,0.9102783060126308,303.9503755564573,1580.4846128064266,1736.26527444069,2.9140353674873936,0.1788272744810485
Triamterene,Nc1nc(N)c2nc(-c3ccccc3)c(N)nc2n1,13.0,test,0.5415477778806312,0.9823427774870434,0.0015853960442969,0.1870899984473814,0.8407118792601612,530.2850869878167,2382.9011477091344,2834.3850092925086,3.3684970084669734,0.080310250088343
Becatecarin,CC[NH+](CC)CCN1C(=O)c2c(c3c4cccc(Cl)c4n(C4OC(CO)C(OC)C(O)C4O)c3c3[nH]c4c(Cl)cccc4c23)C1=O,8.9,test,0.3308736429787344,0.947680422686156,0.0001355991797098,0.3192206391469527,0.7604811877142647,5608.302272487435,13360.691165330523,17568.73329830551,5.2195577115650815,0.1331313202369549
Vortioxetine,Cc1ccc(Sc2ccccc2N2CC[NH2+]CC2)c(C)c1,35.3,test,0.2809958046151335,0.9336121118089676,0.0007671441601947,0.3582853955767656,0.9049083461003028,1179.5805704504396,2979.22359179627,3292.293197024004,3.527146802638091,0.4143793443800914
Aripiprazole,O=C1CCc2ccc(OCCCC[NH+]3CCN(c4cccc(Cl)c4Cl)CC3)cc2N1,4.9,test,0.4035926912991489,0.963624691490535,0.0002561932905579,0.267259151292844,0.7909919857000772,3087.4812684494877,9137.845897993926,11552.387461810202,5.143426723612403,0.1511769538754507
Endralazine,[NH3+][NH+]=c1cc2c(n[nH]1)CCN(C(=O)c1ccccc1)C2,2.2,test,0.382678317491556,0.9596097400034886,0.0008199825837214,0.2813345817535357,0.7823225789324977,954.0721894140464,2653.0411265403945,3391.2368094508374,3.5911928672491387,0.1714797382804559
Dalfopristin,CCN(CC)CCS(=O)(=O)C1CCN2C(=O)c3coc(n3)CC(=O)CC(O)/C=C(C)/C=C/CNC(=O)/C=C/C(C)C(C(C)C)OC(=O)C12,0.39,test,0.3445443978287412,0.9509476035470824,0.0001217467158255,0.3093519925716676,0.7599014713451026,6241.658891512511,15332.19726779609,20176.559522455653,5.496932195037988,0.1261557895277889
Telithromycin,CCC1OC(=O)C(C)C(=O)C(C)C(OC2OC(C)CC([NH+](C)C)C2O)C(C)(OC)CC(C)C(=O)C(C)C2N(CCCCn3cnc(-c4cccnc4)c3)C(=O)OC12C,3.0,test,0.5655127424441044,0.9843426978810856,0.0001534263064531,0.1762652918988478,0.9442084537044008,6154.149673105147,32966.21861349004,34914.13202683592,6.747608238375412,0.2250786964132632
Alcuronium,C=CC[N+]12CCC34c5ccccc5N5/C=C6/C7CC8C9(CC[N+]8(CC=C)C/C7=C/CO)c7ccccc7N(/C=C(/C(CC31)/C(=C/CO)C2)C54)C69,0.32,test,0.1825222261723271,0.8902348097687572,0.0001227476788165,0.4555019028236706,0.7559272577748338,6158.383319855971,10220.132531712192,13519.994717211848,4.734522277447697,0.3331391757989881
Anidulafungin,CCCCCOc1ccc(-c2ccc(-c3ccc(C(=O)NC4CC(O)C(O)NC(=O)C5C(O)C(C)CN5C(=O)C(C(C)O)NC(=O)C(C(O)C(O)c5ccc(O)cc5)NC(=O)C5CC(O)CN5C(=O)C(C(C)O)NC4=O)cc3)cc2)cc1,0.57,test,0.6546861405436563,0.9909237100735244,8.618371194754754e-05,0.1344254470482492,0.9756394129284136,11320.461730891791,82162.18639943657,84213.6811107539,8.82720938178581,0.1597700763483845
Eptaloprost,CCC#CCC(C)C(O)C#CC1C(O)CC2C/C(=C\COCCCC(=O)[O-])CC21,2.4,test,0.5914217985130499,0.986511832411092,0.0005125921221878,0.1636899646065982,0.9541178690649504,1861.35882266906,10849.50881209159,11371.24580081942,5.47617208734758,0.1990131667673462
Cicaprost,CCC#CCC(C)C(O)C#CC1C(O)CC2C/C(=C\COCC(=O)[O-])CC21,0.08,test,0.6065899304720972,0.9873559472658244,0.0006073535635136,0.1585188739513572,0.9914573550998425,1632.422059671679,10209.994667167286,10297.966538499391,5.444403318703627,0.2245596021012494
Iloprost,CC#CCC(C)C(O)/C=C/C1C(O)CC2C/C(=C/CCCC(=O)[O-])CC21,0.37,test,0.2555704651445551,0.92618879288102,0.0003387216914819,0.3770601012326805,0.8431522819954477,2489.218444519032,5566.195428845534,6601.649011341448,4.51510117938319,0.3386880059345442
Quinupristin,CCC1NC(=O)C(NC(=O)c2ncccc2[O-])C(C)OC(=O)C(c2ccccc2)NC(=O)C2CC(=O)C(CSC3C[NH+]4CCC3CC4)CN2C(=O)C(Cc2ccc(N(C)C)cc2)N(C)C(=O)C2CCCN2C1=O,0.67,test,0.157600285293272,0.8660398892185351,3.745132946618404e-05,0.4999749096528219,0.6975535994092917,18625.6031321701,25986.0170084055,37253.0756495432,6.327863544390498,0.3141785876331538
GSK1322322,Cc1nc(N2CCN3CCOCC3C2)c(F)c(NNC(=O)C(CC2CCCC2)CN(O)C=O)[nH+]1,0.75,test,0.557524594834071,0.9838984590679956,0.0004077314206863,0.1787283476218123,0.8980439493977062,2202.5380037819177,11066.940157698056,12323.383688649486,5.160221686215983,0.138454342947426
S 12363,CCOP(=O)(OCC)C(NC(=O)C1(O)C(O)C2(CC)C=CC[NH+]3CCC4(c5cc(C6(C(=O)OC)CC7CN(CCc8c6[nH]c6ccccc86)CC(O)(CC)C7)c(OC)cc5N(C)C14)C32)C(C)C,4.67,test,0.3789354680849509,0.9577976134781118,0.0001110008882547,0.2874434407246641,0.9480911426373289,8541.293295431,28172.236248113102,29714.691954347018,5.921794175724557,0.3294074720818846
Vindesine,CCC1(O)CC2CN(CCc3c([nH]c4ccccc34)C(C(=O)OC)(c3cc4c(cc3OC)N(C)C3C(O)(C(N)=O)C(O)C5(CC)C=CC[NH+]6CCC43C65)C2)C1,5.0,test,0.2387369487387003,0.9197944474822514,0.0001247450387467,0.392400528007825,0.8294911262529987,6649.491912352948,14056.287241483687,16945.67524185479,4.993638198495312,0.3406803191152214
Sinitrodil,O=C1c2ccccc2OCN1CCO[N+](=O)[O-],0.68,test,0.4241287675644792,0.9671471649789982,0.0016584475680866,0.2542171537742611,0.9047705507179468,545.5527012902621,1941.647173150083,2146.010578714528,3.118573965319133,0.2418056000805952
Enprofylline,CCCn1c(=O)[n-]c(=O)c2nc[nH]c21,0.63,test,0.2109310967664336,0.8958882062539457,0.0013252772811506,0.4442795537666433,0.6658113172056371,502.393971944933,752.9034126844442,1130.805970442687,2.4850881743038307,0.2960998656212091
Piperacillin,CCN1CCN(C(=O)NC(C(=O)NC2C(=O)N3C2SC(C)(C)C3C(=O)[O-])c2ccccc2)C(=O)C1=O,0.27,test,0.5330836668651281,0.9813841207681656,0.0003473935816109,0.1920552199345145,0.91944015578342,2646.681471545474,12670.653915767589,13780.835909838424,5.307122901345972,0.1621204822300121
Argatroban,CC1CNc2c(cccc2S(=O)(=O)NC(CCCN=C(N)N)C(=O)N2CCC(C)CC2C(=O)[O-])C1,0.17,test,0.2658583279835499,0.9298796166246672,0.000252479743194,0.3678639675015237,0.8242159243600807,3264.483375708446,7314.223247637073,8874.159102562619,4.377238014784461,0.2262352739263982
Idazoxan,c1ccc2c(c1)OCC(C1=[NH+]CCN1)O2,3.3,test,0.6035878778034784,0.987762619739546,0.0032004132997863,0.155964762190917,0.8824344425349644,275.7251516839663,1560.027836424188,1767.8682531279092,2.962966507226634,0.1169543344778351
Bortezomib,CC(C)CC(NC(=O)C(Cc1ccccc1)NC(=O)c1cnccn1)B(O)O,10.0,test,0.3406753358432385,0.9511990733303451,0.0003869063349742,0.3085779040947241,0.8245076122068349,2131.02639495862,5694.01587457056,6905.959132785019,4.378214400892111,0.2353364233264772
Penciclovir,Nc1nc(=O)c2ncn(CCC(CO)CO)c2[nH]1,1.1,test,0.4225139029228105,0.9664099807795826,0.001168205067663,0.2570053482898881,0.7703534021094206,659.4333678507917,1976.599871436674,2565.835194631773,3.204643090125672,0.1290647130980503
Methotrexate,CN(Cc1cnc2nc(N)nc(N)c2n1)c1ccc(C(=O)NC(CCC(=O)[O-])C(=O)[O-])cc1,0.43,test,0.6580893580292616,0.9913889316792076,0.0004676717937057,0.1309503193732636,0.9176064240062825,1962.0734804965373,13748.811294946574,14983.342460615166,5.824212027473067,0.1110425013049814
AFN-1252,Cc1c(CN(C)C(=O)/C=C/C2=CNC3=[NH+]C(=O)CCC3=C2)oc2ccccc12,0.43,test,0.4837664179616191,0.9759880799300874,0.0005088780902144,0.2178239376982731,0.8432769383882879,1657.129584873432,6415.36085340817,7607.6559921934095,4.563672640376307,0.1248945965680424
Domperidone,O=c1[nH]c2ccccc2n1CCC[NH+]1CCC(n2c(=O)[nH]c3cc(Cl)ccc32)CC1,3.4,test,0.7395202750338726,0.9953114173347868,0.0008647142385022,0.0967221925052261,0.9696610127629574,1121.3658450247324,11241.93644499653,11593.676859260016,5.296923615004921,0.1712980223522226
Ro25-6833,Nc1nc(/C(=N\O)C(=O)NC2C(=O)N3C(C(=O)[O-])=C(/C=C4\CCN(CC(F)(F)F)C4=O)CSC23)cs1,0.11,test,0.516696575986119,0.9796664533182172,0.0003115027606638,0.2006330985727569,0.913835137405277,2933.6341528976536,13361.992553974656,14621.885290944709,5.32340484626434,0.1866795281489714
Garenoxacin,CC1[NH2+]Cc2cc(-c3ccc4c(=O)c(C(=O)[O-])cn(C5CC5)c4c3OC(F)F)ccc21,1.0,test,0.5010993622188052,0.9780193156955188,0.0005622898304925,0.2085143115627063,0.8939552372627526,1589.8477773990762,6816.092077349036,7624.645835981204,4.335522290837816,0.1543824590845299
Glycopyrrolate bromide,C[N+]1(C)CCC(OC(=O)C(O)(c2ccccc2)C2CCCC2)C1,0.37,test,0.3164272474099281,0.9448677366316458,0.0005848659110776,0.3274522259392821,0.7965677007689156,1361.9663681562952,3313.1502322052256,4159.28266863832,3.724446600198064,0.2190716482613279
Mezlocillin,CC1(C)SC2C(NC(=O)C(NC(=O)N3CCN(S(C)(=O)=O)C3=O)c3ccccc3)C(=O)N2C1C(=O)[O-],0.09,test,0.1809232035289519,0.8898592283615049,0.0001839710656666,0.4562351955952841,0.7646613792007538,4156.421970105601,6966.265178323993,9110.261571736935,4.333989640090642,0.360261807743541
Azlocillin,CC1(C)SC2C(NC(=O)C(NC(=O)N3CCNC3=O)c3ccccc3)C(=O)N2C1C(=O)[O-],0.26,test,0.3126893974920923,0.9440858613355136,0.0002999536606086,0.3296996912743195,0.8543668009733985,2848.329302732149,7381.013870799473,8639.162783935571,4.526293524186973,0.2477730190080257
Ifetroban,CCCCCNC(=O)c1coc(C2C3CCC(O3)C2Cc2ccccc2CCC(=O)[O-])n1,4.4,test,0.5100295217809724,0.9790952273349977,0.0004103721700319,0.2034023987317487,0.8828145432397291,2151.253441896229,9336.9490062168,10576.342537303834,5.009994400570885,0.118979985775586
Azapropazone,CCC[c-]1c(=O)n2c(N(C)C)nc3ccc(C)cc3n2c1=O,0.12,test,0.2634942965643887,0.9155278561383098,0.0004451489556542,0.4022545768972558,0.6323838314909187,1420.611737842888,2233.341633468898,3531.62355242944,3.464362196314845,0.0912267118312565
ZD-9331,C#CCN(Cc1cc2c(=O)nc(C)[nH]c2cc1C)c1ccc(C(=O)NC(CCc2nnn[n-]2)C(=O)[O-])c(F)c1,0.53,test,0.622235589188651,0.9887405195287317,0.0003716875565396,0.1496401852513341,0.9730388162422706,2617.894516838391,17022.9205305588,17494.59553556019,5.916000972160054,0.1853119904391701
Fostriecin,CC(O)(/C=C/C1CC=CC(=O)O1)C(CC(O)/C=C/C=C/C=C/CO)OP(=O)([O-])O,0.09,test,0.3035666224249173,0.9399517822307706,0.0001925816049555,0.3413072619813383,0.7486608088733272,3887.49906329828,8527.267120915596,11390.027392709964,5.264962652415491,0.1474604869830788
Conivaptan,Cc1nc2c([nH]1)-c1ccccc1N(C(=O)c1ccc(NC(=O)c3ccccc3-c3ccccc3)cc1)CC2,0.76,test,0.5927385356089611,0.9868156750382068,0.0003848170199556,0.1618481495071481,0.9260254405364422,2406.404583256955,13768.411137879692,14868.286048279317,5.579528710843966,0.1734579408548268
Cefcanel,Cc1nnc(SCC2=C(C(=O)[O-])N3C(=O)C(NC(=O)C(O)c4ccccc4)C3SC2)s1,0.13,test,0.4228710214195786,0.9669370354131388,0.0003660681034409,0.2550152339497586,0.9048978290846332,2471.938474231241,8771.44366757054,9693.297282460566,4.681886053974542,0.2275897917460446
Valsartan,CCCCC(=O)N(Cc1ccc(-c2ccccc2-c2nnn[n-]2)cc1)C(C(=O)[O-])C(C)C,0.22,test,0.332911558726748,0.9489638217004208,0.0002923939603305,0.3153849474907322,0.7912857997096209,2706.231684180762,6789.806296888708,8580.725572707575,4.566093276724939,0.2055503340312649
Gabapentin,[NH3+]CC1(CC(=O)[O-])CCCCC1,0.71,test,0.2703335677343499,0.9304857766109212,0.0027568311926847,0.3663280217575103,0.8912009782279751,323.2700575184932,786.4497782891447,882.4606317790258,2.4118302140229178,0.5832425884113923
Tranexamic acid,[NH3+]CC1CCC(C(=O)[O-])CC1,0.38,test,0.5583370326595495,0.983876276729521,0.0049382835584537,0.1788504181959183,0.9186242197331568,186.02095421608087,955.454036084912,1040.092363733294,2.634056508084285,0.2940437602922534
YM155,COCCn1c2c([n+](Cc3cnccn3)c1C)C(=O)c1ccccc1C2=O,23.7,test,0.1699134813975197,0.8549478153729947,0.0002486743643789,0.5187140185005065,0.6175092948720652,2483.204476723302,2956.160409694161,4787.232247745542,3.7511109268346674,0.2470309166171084
Trametinib,CC(=O)Nc1cccc(-n2c(=O)n(C3CC3)c(=O)c3c(Nc4ccc(I)cc4F)n(C)c(=O)c(C)c32)c1,13.94,test,0.2434743799719947,0.9199877053647676,0.0001908730748789,0.3919472183568465,0.906093525567442,4747.099747525575,10974.223428573105,12111.579123910507,4.755371440668539,0.4278504594005323
Cefmenoxime,CO/N=C(\C(=O)NC1C(=O)N2C(C(=O)[O-])=C(CSc3nnnn3C)CSC12)c1csc(N)n1,0.2,test,0.2634740745689182,0.928971713072402,0.0002601006303773,0.3701507210736281,0.8482590315801115,3261.272494224116,7473.722703134022,8810.66092418986,4.375074570018905,0.3780962628379604
Cimetropium,C[N+]1(CC2CC2)[C@H]2C[C@H](OC(=O)[C@H](CO)c3ccccc3)C[C@@H]1[C@H]1O[C@@H]21,1.12,test,0.2969236333825215,0.9369871815031487,0.0006693609118262,0.3493637383856336,0.9459544443319232,1413.2203234740296,3826.504868501343,4045.125948114549,3.598763741033591,0.4052262291089756
DX9065a,CC(=[NH2+])N1CCC(Oc2ccc(C(Cc3ccc4ccc(C(N)=[NH2+])cc4c3)C(=O)[O-])cc2)C1,1.55,test,0.7062284703006615,0.9938909137734472,0.0005845846732404,0.1103668950300861,0.9506275343671264,1626.158840425329,14006.65814274678,14734.117870961536,5.837685158555623,0.1111380551191287
Repaglinide,CCOc1cc(CC(=O)NC(CC(C)C)c2ccccc2N2CCCCC2)ccc1C(=O)[O-],0.35,test,0.3009486093230011,0.9381606969677494,0.0003656929711459,0.3462000962810189,0.9472104733205924,2590.1795988920835,7086.78382879591,7481.741416933554,4.358695583609426,0.5267801922333292
Melagatran,NC(=[NH2+])c1ccc(CNC(=O)C2CCN2C(=O)C([NH2+]CC(=O)[O-])C2CCCCC2)cc1,0.23,test,0.2508102397276978,0.9215012693903718,0.0002664589935568,0.3883753474564694,0.7324377978387403,2748.782422622748,5183.9339380038855,7077.643935499386,4.175219915114452,0.211047650778227
Cyclophosphamide,O=P1(N(CCCl)CCCl)[NH2+]CCCO1,0.73,test,0.1904128238450486,0.8888770458675951,0.0007366946988125,0.4581458253980902,0.6974936896861594,946.7879853220968,1441.4158301213834,2066.564689309168,2.9151878648616814,0.306275963129766
Lanreotide,CC(C)C1NC(=O)C(CCCC[NH3+])NC(=O)C(Cc2c[nH]c3ccccc23)NC(=O)C(Cc2ccc(O)cc2)NC(=O)C(NC(=O)C(N)Cc2ccc3ccccc3c2)CSSCC(C(=O)NC(C(N)=O)C(C)O)NC1=O,0.2,test,0.1707945548600598,0.8759711467094411,3.128493406733068e-05,0.4823635041465583,0.6974018730908745,22291.93999865696,32229.720068476025,46213.98552549679,6.774901974215073,0.2249523156434435
Zalypsis,COc1c(C)cc2c(c1O)C1C3Cc4c(OC(C)=O)c(C)c5c(c4C(CNC(=O)/C=C/c4cccc(C(F)(F)F)c4)N3C(O)C(C2)[NH+]1C)OCO5,12.6,test,0.2942523439672266,0.9384349499950224,0.0001015199782412,0.3454559952118936,0.7853909416333958,7736.319050096917,17588.44827632856,22394.51379430154,5.794031431094215,0.2358176058675324
Treprostinil,CCCCCC(O)CCC1C(O)CC2Cc3c(cccc3OCC(=O)[O-])CC21,0.23,test,0.5682041850988495,0.9847710051356108,0.0005889043013461,0.1738564564351825,0.9194843855762,1561.347715536103,8257.587174657228,8980.67145477687,4.912459228839622,0.1698517302093862
Suramin,Cc1ccc(C(=O)Nc2ccc(S(=O)(=O)[O-])c3cc(S(=O)(=O)[O-])cc(S(=O)(=O)[O-])c23)cc1NC(=O)c1cccc(NC(=O)Nc2cccc(C(=O)Nc3cc(C(=O)Nc4ccc(S(=O)(=O)[O-])c5cc(S(=O)(=O)[O-])cc(S(=O)(=O)[O-])c45)ccc3C)c2)c1,0.54,test,0.8701624895589362,0.9989605873059794,0.0001061995959263,0.0455822883288312,0.9885580876979262,9308.49198695429,201876.32905991352,204212.91532804788,12.68268555561246,0.0679663065352113
Verlukast,CN(C)C(=O)CCSC(SCCC(=O)[O-])c1cccc(/C=C/c2ccc3ccc(Cl)cc3n2)c1,0.11,test,0.5328503611250964,0.9814754114866824,0.0002644988635095,0.1915881432840959,0.9015620727570606,3408.566905711487,16039.795532062377,17791.11612693643,6.018196654994021,0.1692979766549831
Cinacalcet,CC([NH2+]CCCc1cccc(C(F)(F)F)c1)c1cccc2ccccc12,17.6,test,0.6083612306922416,0.9880211452174084,0.0007000120400672,0.1543185556026252,0.9279886250242332,1325.675234007496,7971.896398532431,8590.510900200155,4.995357085231292,0.2151756157309948
PK11195,CCC(C)N(C)C(=O)c1cc2ccccc2c(-c2ccccc2Cl)n1,1.7,test,0.2141164610613428,0.908240895607282,0.0004192977065978,0.4184476975040994,0.7794291250669911,1858.8919347813996,3462.4984746308905,4442.351925626711,3.719536846475149,0.2555427150381553
Epothilone folate,C/C(=C\c1csc(C)n1)[C@@H]1C[C@H]2[C@@H](CCC[C@H](C)[C@H](O)[C@@H](C)C(=O)C(C)(C)[C@@H](O)CC(=O)O1)N2CCOC(=O)OCCSSC[C@H](NC(=O)[C@H](CC(=O)O)NC(=O)[C@H](CCCNC(=N)N)NC(=O)[C@H](CC(=O)O)NC(=O)CC[C@H](NC(=O)c1ccc(NCc2c[nH]c3nc(N)nc(=O)c-3n2)cc1)C(=O)O)C(=O)O,0.09,test,0.7655171832315112,0.9963183723395272,4.709039507135117e-05,0.0857303968188373,0.960130276823025,20389.08943890234,228345.87046774625,237828.0072818033,12.449082507642244,0.0729247005569162
Rizatriptan,C[NH+](C)CCc1c[nH]c2ccc(Cn3cncn3)cc12,1.9,test,0.1981408210743055,0.8928940092365525,0.0005902183813972,0.450266907810773,0.6935173283165169,1175.0181800076818,1809.805372738446,2609.6036808938425,3.216559563482809,0.3047105007318004
Nicardipine,COC(=O)C1=C(C)NC(C)=C(C(=O)OCCN(C)Cc2ccccc2)C1c1cccc([N+](=O)[O-])c1,1.0,test,0.3111799887419136,0.9429573997289136,0.0002846401788314,0.3329134156150601,0.8964111115661992,3149.278205369058,8479.826418200897,9459.751567988757,4.689237885915903,0.4245544360345424
Daptomycin,CCCCCCCCCC(=O)N[C@@H](Cc1c[nH]c2ccccc12)C(=O)N[C@H](CC(N)=O)C(=O)N[C@@H](CC(=O)[O-])C(=O)N[C@@H]1C(=O)NCC(=O)N[C@@H](CCC[NH3+])C(=O)N[C@@H](CC(=O)[O-])C(=O)N[C@H](C)C(=O)N[C@@H](CC(=O)[O-])C(=O)NCC(=O)N[C@H](CO)C(=O)N[C@@H]([C@H](C)CC(=O)[O-])C(=O)N[C@@H](CC(=O)c2ccccc2N)C(=O)O[C@@H]1C,0.09,test,0.0,0.0,0.0,0.0,0.0,0.0,0.0,0.0,0.0,0.0
CP-65207,CC(O)C1C(=O)N2C(C(=O)[O-])=C(SC3CCS(=O)C3)SC12,0.21,test,0.5107600786671139,0.9790225031593596,0.0009937503957061,0.2037521492097252,0.9108301200017414,916.5582463537118,4097.276326914395,4498.397930567516,3.694518671939863,0.1514527199361561
AZD4877,Cc1ccc(C(=O)N(CCC[NH3+])C(c2nc3snc(C)c3c(=O)n2Cc2ccccc2)C(C)C)cc1,6.74,test,0.223791283239049,0.9117890639874208,0.0002740071767645,0.4106588642571141,0.9024391752706016,3293.487367471232,7237.569385094295,8020.007977738854,4.287077902779913,0.5658640637404252
5-Hydroxymethyl tolterodine,CC(C)[NH+](CCC(c1ccccc1)c1cc(CO)ccc1O)C(C)C,2.41,test,0.3344487078438367,0.947460532005592,0.0006735148534309,0.3198726938825514,0.9486456931587224,1408.5000328148612,4177.185222425837,4403.314380226604,3.8186847855009702,0.4189440963079661
Terodiline,CC(CC(c1ccccc1)c1ccccc1)[NH2+]C(C)(C)C,5.1,test,0.265228467961321,0.9283642376547432,0.0006826565181554,0.3716716860936915,0.7622418950458081,1116.5818750334097,2289.938987132637,3004.2155935223427,3.3687393191816524,0.2891913778227172
Tolterodine,Cc1ccc(O)c(C(CC[NH+](C(C)C)C(C)C)c2ccccc2)c1,1.5,test,0.2446044402627618,0.9218986151854882,0.0004726083050836,0.3874312110802111,0.8024209482564962,1697.8562154435365,3516.4833277134385,4382.342379463134,3.833551477095576,0.3436519732281234
"Acetylmethadol, L-",CCC(OC(C)=O)C(CC(C)[NH+](C)C)(c1ccccc1)c1ccccc1,8.3,test,0.0732096187757434,0.7608367558326635,0.0003194505306985,0.6489433187683097,0.7221591588245152,2260.6290784530547,2515.680409204977,3483.553976245128,3.4131450193015924,0.5458837048553763
Methadone,CCC(=O)C(CC(C)[NH+](C)C)(c1ccccc1)c1ccccc1,4.4,test,0.0441380127807036,0.7161638919209667,0.0005181433027448,0.6979321456335236,0.9405204442449244,1815.174372152505,2446.0953941721896,2600.789179161312,3.3243649775309936,0.7319948288039095
Denaverine,CCC(CC)COC(C(=O)OCC[NH+](C)C)(c1ccccc1)c1ccccc1,7.1,test,0.0614872709499893,0.7597257679750502,0.0002680293694829,0.6502436139438205,0.8007253474974461,2987.453759422074,3678.821134647032,4594.360783188227,3.8264469358506097,0.5415171667089563
Diphenhydramine,C[NH+](C)CCOC(c1ccccc1)c1ccccc1,6.5,test,0.1869343753295407,0.8908340486167543,0.0006660120164211,0.4543288432678277,0.7317587726292413,1098.7170720453323,1769.634193426564,2418.330001112513,3.2110259200840807,0.3719883311586559
852A,CCc1nc2c(N)[nH+]c3ccccc3c2n1CCCCNS(C)(=O)=O,3.1,test,0.4946220174553288,0.9771598438933856,0.0005418564587123,0.2125056222368103,0.8195729041587101,1512.527701720618,5833.383173920269,7117.589105643048,4.466633062801755,0.0760139294049334
Letrozole,N#Cc1ccc(C(c2ccc(C#N)cc2)n2cncn2)cc1,1.9,test,0.2772560806219061,0.9308916443037044,0.0005203684406446,0.3652954236854677,0.7303730092146087,1403.5689949025411,2806.300993603372,3842.2846383946594,3.756492779021994,0.2798860267494475
Repinotan,O=C1c2ccccc2S(=O)(=O)N1CCCC[NH2+]CC1CCc2ccccc2O1,0.21,test,0.6512494381972315,0.9908470480947996,0.0006725135900511,0.1349893598837395,0.9531760520772232,1417.33351738628,10007.961870050416,10499.594328078652,5.225244411409377,0.1771455710606412
Atracurium,COc1ccc(CC2c3cc(OC)c(OC)cc3CC[N+]2(C)CCC(=O)OCCCCCOC(=O)CC[N+]2(C)CCc3cc(OC)c(OC)cc3C2Cc2ccc(OC)c(OC)c2)cc1OC,0.1,test,0.7655529403882412,0.996276624284981,0.0001397920450448,0.0862141978059472,0.979438886584187,7006.399300260662,79596.40180214206,81267.34898155426,9.504433910925313,0.1246017700437501
Cisatracurium,COc1ccc(CC2c3cc(OC)c(OC)cc3CC[N+]2(C)CCC(=O)OCCCCCOC(=O)CC[N+]2(C)CCc3cc(OC)c(OC)cc3C2Cc2ccc(OC)c(OC)c2)cc1OC,0.14,test,0.7655529403882412,0.996276624284981,0.0001397920450448,0.0862141978059472,0.979438886584187,7006.399300260662,79596.40180214206,81267.34898155426,9.504433910925313,0.1246017700437501
Phenobarbital,CCC1(c2ccccc2)C(=O)NC(=O)NC1=O,0.54,test,0.1130967886792203,0.8315968347857713,0.0012457631878519,0.555379783908531,0.9476022246790116,760.6599985611856,1297.8562197352628,1369.6213304848409,2.716730417324308,0.5781187804743092
Tiazofurin,NC(=O)c1csc(C2OC(CO)C(O)C2O)n1,1.1,test,0.4380057312319022,0.9696395624223062,0.001250095586277,0.2445385838379677,0.8282931352722708,662.583841079721,2244.282429771133,2709.526777658743,3.284738935346491,0.14249832907959
Methylprednisolone,CC1CC2C(C(O)CC3(C)C2CCC3(O)C(=O)CO)C2(C)C=CC(=O)C=C12,1.2,test,0.4190525525167327,0.9655852361987636,0.0007379324397188,0.2600868155731426,0.9425852655002226,1277.332740459726,4629.204358726001,4911.178360367557,3.8004953427303865,0.3810138218572577
Dexamethasone,CC1CC2C3CCC4=CC(=O)C=CC4(C)C3(F)C(O)CC2(C)C1(O)C(=O)CO,0.94,test,0.5080234317762806,0.9784027054358836,0.0008340445188717,0.2067078759886614,0.939790145626518,1126.786549593071,5122.895731317758,5451.106031658314,3.860921667436485,0.2949646934769546
Beclomethasone dipropionate,CCC(=O)OCC(=O)C1(OC(=O)CC)C(C)CC2C3CCC4=CC(=O)C=CC4(C)C3(Cl)C(O)CC21C,0.29,test,0.4113390627400474,0.964584490043892,0.0003651990049304,0.2637740729616256,0.9265793400662002,2537.190210150687,8912.581908252456,9618.80059576516,4.496378471519957,0.365271175853897
Fluticasone propionate,CCC(=O)OC1(C(=O)SCF)C(C)CC2C3CC(F)C4=CC(=O)C=CC4(C)C3(F)C(O)CC21C,3.6,test,0.3725163009334592,0.957769700044804,0.0003800020743557,0.2875364353887798,0.8928343307936774,2349.5512026014685,7295.6318485473585,8171.316443513065,4.218517731608746,0.3724372186860407
Prednisolone,CC12C=CC(=O)C=C1CCC1C2C(O)CC2(C)C1CCC2(O)C(=O)CO,0.86,test,0.4836296532569856,0.9752772384401625,0.0008987109032293,0.2209848596183249,0.9463129192722348,1052.9669951392273,4509.070317253929,4764.882974145217,3.784843265477996,0.3626110495236783
Betamethasone,CC1CC2C3CCC4=CC(=O)C=CC4(C)C3(F)C(O)CC2(C)C1(O)C(=O)CO,1.3,test,0.5080234317762806,0.9784027054358836,0.0008340445188717,0.2067078759886614,0.939790145626518,1126.786549593071,5122.895731317758,5451.106031658314,3.860921667436485,0.2949646934769546
Zanamivir,CC(=O)NC1C(NC(N)=[NH2+])C=C(C(=O)[O-])OC1C(O)C(O)CO,0.23,test,0.2548635446776339,0.9254024128359194,0.0005853130320054,0.3789859816899019,0.7849339008167144,1341.049759523262,2777.5048940813062,3538.52074829657,3.394241964264905,0.3052358390295454
Docetaxel,CC(=O)OC12COC1CC(O)C1(C)C(=O)C(O)C3=C(C)C(OC(=O)C(O)C(NC(=O)OC(C)(C)C)c4ccccc4)CC(O)(C(OC(=O)c4ccccc4)C21)C3(C)C,2.1,test,0.3908269488496013,0.9605600793399628,0.0001491940020149,0.2780725336641587,0.9353650497906592,6269.454784762938,21088.846171310743,22546.113066797363,5.557485856980064,0.3094406060731223
Cabazitaxel,COC1C(=O)C2(C)C(OC)CC3OCC3(OC(C)=O)C2C(OC(=O)c2ccccc2)C2(O)CC(OC(=O)C(O)C(NC(=O)OC(C)(C)C)c3ccccc3)C(C)=C1C2(C)C,48.0,test,0.2630124065285101,0.927079007689992,0.0001049670018407,0.3748659940572629,0.9143110978856718,8710.462162885478,21245.117854096065,23236.20253896625,5.6405140061805294,0.4349666734869346
TAS-106,C#CC1(O)C(CO)OC(n2ccc(N)nc2=O)C1O,1.1,test,0.3717999588882043,0.9580436938882242,0.0011388959008271,0.2866221913966306,0.8396036311674305,737.2084055774287,2159.5077870067435,2572.0562737491337,3.1987359058239755,0.2366257514929448
Gemcitabine,Nc1ccn(C2OC(CO)C(O)C2(F)F)c(=O)n1,1.5,test,0.3676580947934186,0.9554285633151384,0.0015800662196775,0.2952223914298683,0.9466705918623606,599.1334920479093,1921.202706795004,2029.4310643108408,2.9399277018337395,0.3377296934930557
Zalcitabine,Nc1ccn(C2CCC(CO)O2)c(=O)n1,0.54,test,0.4874230251572142,0.9764700082318968,0.0022599229926311,0.2156532471900182,0.8632385311651014,381.9769673479291,1529.0158647218757,1771.2553477637098,2.952384951606187,0.1744109690053447
Cytarabine,Nc1ccn(C2OC(CO)C(O)C2O)c(=O)n1,0.67,test,0.3525369374915091,0.9538429954097364,0.0014819098419911,0.3003057443802591,0.8624469105830471,581.9833880205656,1671.395850401809,1937.969549072744,2.935372046977298,0.2660728757675691
Dexmethylphenidate,COC(=O)C(c1ccccc1)C1CCCC[NH2+]1,2.65,test,0.147762386747348,0.855801300035114,0.0007165501392024,0.5173046828110187,0.6882700449668134,960.5329861953232,1277.982016339638,1856.8031918362203,2.9561405239498724,0.4061037163003361
Methylphenidate,COC(=O)C(c1ccccc1)C1CCCC[NH2+]1,2.2,test,0.147762386747348,0.855801300035114,0.0007165501392024,0.5173046828110187,0.6882700449668134,960.5329861953232,1277.982016339638,1856.8031918362203,2.9561405239498724,0.4061037163003361
Droperidol,O=C(CCC[NH+]1CC=C(n2c(=O)[nH]c3ccccc32)CC1)c1ccc(F)cc1,1.41,test,0.4880421258576832,0.976478263211988,0.0004638759250827,0.2156158655444893,0.8350587693497555,1800.176996038036,6971.906186620977,8349.000624291231,4.743575637422779,0.1265550670555641
Zolmitriptan,C[NH+](C)CCc1c[nH]c2ccc(CC3COC(=O)N3)cc12,1.8,test,0.52598485529189,0.9807442376874304,0.0010570315311649,0.1952965443700967,0.903962704033629,855.1899138121198,3958.3894812132617,4378.930085887706,3.992328358540678,0.2282101675365365
ACHT 4-10,CSCC[C@H](N)C(=O)N[C@@H](CCC(=O)O)C(=O)N[C@@H](Cc1cnc[nH]1)C(=O)N[C@@H](Cc1ccccc1)C(=O)N[C@@H](CCCN=C(N)N)C(=O)N[C@@H](Cc1c[nH]c2ccccc12)C(=O)NCC(=O)O,0.73,test,0.4379240315386478,0.9684440780035426,9.552772579868848e-05,0.2492309526922137,0.9551884648484886,9999.070498772438,38321.872530131535,40119.69777734923,6.779535393404707,0.2812326773306619
Biapenem,CC(O)C1C(=O)N2C(C(=O)[O-])=C(SC3Cn4cnc[n+]4C3)C(C)C12,0.2,test,0.5586625911316194,0.9837352085965312,0.0010726760636803,0.179624718141851,0.940898368100225,877.1505209801941,4594.632087977857,4883.239512100455,3.843956540476501,0.2248744292230668
Streptomycin,CNC1C(OC2C(OC3C(O)C(O)C(NC(N)=[NH2+])C(O)C3NC(N)=[NH2+])OC(C)C2(O)C=O)OC(CO)C(O)C1O,0.34,test,0.3615655021507847,0.9529355966240206,0.000321949422545,0.3031728033429479,0.976545082127124,3033.225139549253,9770.273125919171,10004.93812803545,4.420553039375867,0.3700616772841466
