sample_key,split
003f47ad2741ee68696beca4f0e2bcfda221578516064d5c5b51956256abf17a,train
004022c152a389e8047e75a2013d4f0d66d9e40a0994b75620d89b5714be1a9c,val
00431d74f247a4b74a48234924e421e37c5b70abf41935aec0b6528513611255,train
005542a51c966aba91f63e40192136897ed4aac9c9349bc0cb0439be3d11652e,train
00c1d74aff26898f34bb96ea4bad219da8fdae21d267a7fa1ed7c2909327753d,train
00dc8004edd9cc24723ae900ee2dd3f80b018ca84f7a2cbca779e9636aaafe79,train
011d8e8cb1018d920729966555eeda5892c98e030b281b11dfec24332b0e7f62,train
0152244a7a733a000c88527a98af8dad3f49cdf8a2236b3e3451495398ffa6f8,train
0159b7bf827266b358cdedc853f8c781f2eff820a3c2723fcae3affd84a5e577,train
01845eb41e8b3dd0c62ea82eaf8ffda9583ccc209c215829c4ed37003b16221b,test
01846e3c9c884fc809aabf2a104f4eff61431f9a82c9eeacb158f3014763f7b6,train
018677b1aa6ad156c6051b35599f9839a4743ba668705c033c5526fcac67c074,train
0198473a2cc48115be88c9697a3d57eb86e30048223ea4dc31cc8cca90af2cc6,train
01a57698a91c6be84b8436ae8871eed44f006e0714956a1dbc6207304ce00334,train
01ba7364a0ad5c0f68099b80958ed28727df5ccf77d516c24b4a317d97118058,train
01bde1ae65ab72174228ee851a3c53b2b79a4bf00c386730059779953f4b2dcc,train
01ebcab2559d2cd04f661d7801e09356a75ae92bd4e9396c0a6e7b01012b8390,train
02272dba524d766680b2d488356df69942972e334598d1665f0dd1fd7c424cb2,val
022cf09c7069840d7b377900ba77016e8f7956c5012d5143b88c482934ee0fca,test
0246198989c782e03ce4ca7c2b21608d470d0b8636e8045c39bbb543aa774623,train
02a513b20d6f49887ed0c7dbe2d2e00d97974beaa0e6d95c1c9536a3c157632c,val
02b17bcbd9550b705e10eef4df7d0e4449ad28111e17d0d732c74a72c0c7e868,train
0330f8bb44fc5184af3a745212d6a6d533df405b48c624c0ce68108b4cff6d15,test
033f27e27261ee9e8208812bdd733ab6ae0e2e25f3da55f9d8fac8dd1fee6819,train
0358d2ac9409e660f0d1b4c7034d9e21bbb2f9820ca2ed4a979a5fd568fdd3f6,test
036ed8ca5f25ece4f9a7b3dac3577133e21b3f9b9dac76686d44ad6c8ac532be,train
038b0cc731e02e228af8cbea4ff995a66ed93a40d70ebae83bb2531b8b5232a8,train
0426ad1bd3446194d14396db394c816c63dffb9fd5f15f150a3ceac3722ac66f,train
0428a38bfcdcb1dd2849d78eda38e009b6a2e40415857b21aa15e782bc642b58,train
044386a1bf6b199db66ae02c64508bd09115aa2ca30436266641dc8e81f2b41d,test
04450bf57b1983b0310b1e29805029cfb02e377c7d15b220393b21e75e6cf9b9,test
0463608d4b26853835dece0cca8e84bc4c1db87195d4f9d363de531585e6a98c,test
046eb31eea0871972c994d9b15aa374721d3c263a1724bdeebfc6a2dec429a8d,train
04a0c02dee6ca0c2a992112c86706b8b89a1d9ea33287c9b934a39ece1620b65,val
04d7cb0aca958c5df78fb6d7687860cb46ba8ffd47ca90f52032f396af374fcd,train
04edba703f22fd792c03c249d5c90b1accf6f107f81c3e9c6f30bc5d7cc6b0b8,test
0508594f16380a307388c1281eb8281ca8938021c5588764c5fdcbc8d303e0e4,train
051045dc6370b00ab2c627f7a4d60f1bfb2e991a93ea6adb21a8cce0496db4e7,train
0518ee9ac3dac9ba12710e3b88d723f2c3364534141b3e2a813e8e47a7f4f7b0,train
0520599f8d481b2d744e8329825e79985c80e920e4f310543999ed491ac2db73,train
05224850e08cffbe8b2c428c5ba06df924b7718a2084c7061ad667582dc1159e,train
055ee82bc3570636f2d2216f31dfa9931b25f5a5a8457afe71d598f6c14087e9,train
056695bed9fa8919ddda78c5e2f616151c477b86306ff78a7aca3ca8d6a8a0ee,train
059838caf489a65b20537f0f5d17674d704a964f58fcb71d5c232b8ccc0c95b6,train
05b815a9202ab6dc6e3506c56ec78cdcc840f16e5e4be590c8c0f1754bbd0328,train
05d2ad3078183ea18570eb7b621c86b009f2e6a303564f2941c9bcf32aa6301a,test
05da7ea96e91c0a6a77a5d34a314887c0559b8eb1902ccb924f44185c555f69b,test
05dd2868e4253ea0c456c2becc017840f175a99b0096655818dc27c78ad6e6c1,test
05e7a5f375bb2f8722d26ee98f9901e265509aa7ff9c2d88bab14c7de7b99264,train
05f40f76f597740c38e8326170a648a65ec2cb0d3e0c626ecdb1c2b116bbc7bc,train
05f5c086052cf0873dc75fe82557b2a18d19400267ba4102c927778ea148366f,train
06195697256254f7e65799f2309a1935ce74b0d4237d8118ab92e995885540ef,train
06842368cb12446fb1a88dcfd11d3d48710b8303a18f165e5298233ea9c9f633,train
0739bb68133011db83437e1bf3169f098eba570a9d18180ec8ed1cdabde3b200,train
07592e1ed8bc233a2e9ee473e292892da35fc0e200f9d8dee46ffe35f34bb22d,train
0772b422b8088b4df9dfd77db4772416e481389672512e14e667a951518aad83,train
079165bed612f684437e2112d4a25411cfcea585e2ec7c50f106c08c448cf88f,train
07a7495f2579070b1de62695ded36088ee144f80bcaaecd392ec9fdf7d6f49bd,train
07ac500ee7c72b020b890c21d5641b490daa50845bbc6937c9ab15d8b9460e02,test
07bb1c4e0c73c1013f87f682de6e877a821eb733faa2b80ae673180ade97d4dd,val
07bc46137b6cebb05c3adf905faa07e3d1db871d624acdbef184bda41f6a53b7,train
07e3daa0129dc9150c111312dee8f29f249b471e097c592175e8a31bdf558313,val
07f0e5fd8c54f83ec172dd4f26c9e417a939dfac3e55b979478556ba2ff8c235,train
07fb5157c048a4ed4f6978417aa788c2f95754af5ecaf4d7f84ec9b84bcd8574,train
081cb752db5e2b491ac0bb932d9a62a6b36afcaf9bf7a6002aa48c1106aaaffe,test
081d42b68d4e904840a8d2199c27fc386772f21c68be4ea93cae7d39b99571e3,val
083ecaa7c12a3a6c89d819502f5883913d02fcc423aa6aea895718f6cfee25e4,train
08471f5a716b108960b5f58a30598c43e4f1e144417f215d2abc4af1c6a89586,train
086047c412fb74feccafbd530c32c0aee176bacaf5df20cd4326ed827843becf,train
0874b5bb013dc41e89e7e4bc65db99048a780d10d725989c65e7aa1fd39d9234,val
087be46b8dde688a383ce4176fd61bca792527940d750e28c5a3835adc77ff7c,train
088c9bbbeabddfda7dc05159cbb281f9ec0a2ff1256ad4831d8ac28caa1249d3,train
08a592708238bfbc5ddaaadea341621072eb57d9f38f45ed4dd4a84c7a555582,train
08c6535df1ddf188582e05fad719640bac50d562a23c9c97d9761e37f0115f82,train
08cbf1b3a5af0bf8a73e2bd4ac4f7a82d0f9fb3edccdbdd369831b2c061b316f,val
090b7ed5a6a16d6a5704e3b8185974f0cc0a23035ddd55e979553ae04891428b,train
0927359ef9c226556b305cb8f6e7336449b7a5a26721a5de8b3f931c7fce1431,train
0951230d0d67454085fef8b214112aadb131dabb85a55a98191d10f67be0dfeb,test
09565be9bd578454ccbbde5ae48d50ec32cc7ac06e6f5ac564f14c309ec66ac1,train
095bfde11c88f6d4a74236e9a59fb643da3cedbdfdb0ffa0c8b2f5b922902f62,test
09881b407b0109e5e7d716dfab97e645ab8231c75f6170afc35204abcec8cda4,train
09ae81a0dc0f662c9f32b0782fbae237367730667085828f35cc6b566c8f4a4c,train
09ce83538d21e6a01aa4407ad0cbf12bcfe779f48898b0c2800d6f37ec754dbb,train
09d039503f981969acee4f8063731e5bafe49e8ce28e3d857e230d4ad6641a08,train
09d82c410715076e6b0791fb60cb5f1e5c07fa98a45d67ccb25711e92e59d64d,train
09e648c778ddc01702218970c3acdba75d9205428fd66ceef31fa149bea51289,test
09fefee7da1f3773b469ab9755c3e86e644280e539c43a15cb87417d84893cfd,test
0a270a497cc72e736c30a14f1d96801c3adf0706e4543384e8a9b80c877437b4,train
0a3b1222d77e6dba9741f1c5c201327bb783a257e2f165f1cc6ad24f5b4ca9c2,train
0a41f5f19181d9507c4a6a53c1ae73a57583094f9be54041ab1ee425080cad13,train
0a441be9fd0f5dff457e26269b9202c56fd63ccdd99c513963ef8fdc852280d2,test
0a48287b5d626701a96f8aeb32b04dcbb108dc5862204f12c28fdd96b8d6edbd,val
0a4bc0510e2a2d03aeb24c2a2cc3f4a9ac970fce80f9ed84c7d8613335dcdb75,test
0a535e1d45e319168eeec358c7f4d90915211130e23d4083dd41343c36d84142,train
0aff648df4eefe9f45eae9f45555c10d4c1c5235f9f7fd02ede2f50043acdd15,val
0b3177d404383ce9e0ec350c44bc294c1d9e8bbe40cbf6ad9e092fcb38c2f9f9,train
0b5d7afb91061ec24fcbbbc940d5aaeb21d8cba09a4db87cf7e78291ae00f754,train
0b64f3dfbf8ab6e64da2c5a15cda223ecf134373048408a6c3c861cea9572830,test
0ba418f05fa32a50216067e6037f852f42f8c326edd7fce34c272e1859a261ad,train
0bc2d32272f79f6d1501f9c756b3183ee6efac33514c47489d9fca3eeccd2abc,train
0bc325cbf0b66253f557117076b489bc995192c87c2e1592f06ceb04b0d31b7e,train
0c001e2fb776f65466c9f0f2f2092cb6abf300c12b8b86bc6d9e2f61cfe14033,train
0c04fcb068820130f39110b937cee743be10df7d4672f2503fe49ccfbf03ef39,train
0c0a518ed8cbf82697365223dca9c5ce6654603d29bc61c80228f4dcdad8452a,train
0c151d87e6741b6825aa75f94214e923f801d5b01906fdbd852980958c35fe35,train
0c4479f620e7f6639bdabc2cf90ff5acc79856238bab5bd0fe8b4be29c412ade,test
0c4d43360280dfef9302a15c313adcdc16d1d189edae5f203cb23ed6a6c69a14,train
0c54116a3ff5635895c00288ced44bd7be53a40155246210ea4ec1ca6abfcee9,train
0c937055d38214edce69b890b9dc6451c9136e6194973a8fe9a22eeda505fe04,test
0c9b4fca4422eb1651e6ad8c3d5f778bbb93a916d80c92be804d2cac025ff5d3,train
0cca6e763d0fd59cd6e96837054f2784c23da4a4dbccc8962c44bd7ac9347b70,test
0d27c6ac5a4c6a564de779b17851ea783fc721337de5ee688d6b710f3ea95b6a,test
0d3a652f5e4c74f5ddbc52e032dbbd5aed4ac365bceb09de1bae76c21eb5d31d,train
0d424b2534d25c25341c11eb2c23750007a4a8797888536de9b37d3284536da7,train
0d7b812e010abdceff777b8a0317920fc851535a331184fb592f9baafcc02468,train
0de3c17c5c9f4597e7b0e1f6a5369929af6b4599f0a95b8d1da2053f5145f2c9,val
0de968a387b4bbd125db39fb5c6d3842aad2d5770028183ec70016d14d3711d2,val
0deee037c42a1cc7ba38d3b1d479ce0f120ad750ed1108418c5668ecdc7b6e73,train
0e650826796502467f08176d7314a5bb84685b5e88994b3cbc70d672f6f645db,train
0e67be2f41c75cbf454b830bc2f3eda17e4b1b5427b4d4e7148151e9b2e19382,train
0ea8f20743b558c53cad532b21475d0c4fcf62b00b4167f466e9def50e67379d,train
0ead207a4abaabfb86dbe1ed79cbbb759cb4ba89ae6b12e3f708edae2fa563b5,val
0eb24c0ee5a34585f19ea18918e11b8a8b74942cf18625ec824ca811bca5f936,train
0f02abe38a2ba7cc98e43b12e2bb6904264016e011765d02065bfd10261fae1c,train
0f279162eaea3f22f0e37b999069a4f9e90c13d87655b274992493f137df0950,train
0f32a5bb9394514ab11585a45aea5d2329b12b94206d30ee9654d53c4e822027,train
0f33c49a5c372aee2bf0cbea3982c72b0cbfd2cfaa7fc399e935e05add636968,train
0f3a4a279cc2f8c4074c1769513f7766ccd1560731bf6b3a7f47805673809854,train
0f53fe93b6fd0519c9d4402c01c9c1b852bf7df18ff9ee208a55191731dc3f54,train
0f57b59940bb1e94ac9c4fc50719532e52ea90ab721a732abc81189962df90cb,train
0f7e83b0ae14dde1516846c10260d943a3611ba5b1b38452c73512ed7b64eb8d,train
0f875defaabc131a0436dabf2b57fe048005447bb66ec5aa292171dbc4af7214,test
0fe8d9e2894660305b0533305c9a5aa007ca675c46022affca0d0db79b2bf5b8,test
102a9427b425bb122a509cfd6e19b6a81eadbb25e1bddde37854b7bbf04c3904,test
1044131f90fc7d979d6f148d100af9e706091515def1e66d47819dd8f9135371,test
1057c4ca81f4ae5b06517373f0553018706b39ad29ee34472bcb11e0bd1737b8,test
1086a8a4c18803023f26b35b9965fa1f157e5435e028189ab7e05312053c538a,val
108d1781b9f497a77e97015f989ea5bb181def8a7039c3c4ee547b43e3527471,train
10aa4d06c1f7552e6975e3fa809093306a7d80b4ca9420464255d298210b7bb5,train
10e7f258aae74217b1e1d1bc188b66037d38ef8a1311d35648fe7f3c0c2246bf,train
111d1bfc09fe7f9d5c287c5f9102170e44f5aaebe62465d9fb06d02b2fa99190,test
1139eff57109724005cf47c1c01273fc1cce4c459d98d380648f7c8e5583859b,test
117ad0e3785f13f9681eeeed11e1fda34d8f6f923dfd2e8789b6591ed59592f4,val
11b63506efed74783a9a3bb5b8c92931faf884e5ce04110731a1a886678631a6,val
11c0e4921f8064a2e6646d5648fec989190c3730f9f1ab73e0a724c48db7ff65,test
11c3906b198114f6152b6588e67611d9f9d2999157db2963d890ead9eb9cf0c2,train
1232e13d07af265a2bdf7ebe3ebae2e65c1894a3209c39a3b77da4dbbf1247b6,train
12384e5ca10091aa42b59f76b6ab484a32cb476a4e70d5f856de2c0c3c7d79ac,train
123a18d9927ffa81d9fffbcc74a7e0bdf4532c3730d5cdf7a71152b591a0b01f,train
124c9b2e6a7db9b2efbe908b182469a135ef267ff5132cd91ef4282793c8cc20,val
12773400d6b25098e8c251bad8cb397f51d25c4d089eb779cb0e447f9f6405cc,train
1286a40e241ff1283a697d4fc474976130a0e4266286c94b2aec8b8742f72901,test
12ac11ec9f01a6067e433e361b77fb6672987f348f01c736aa0bc78d22066ac2,train
12b395c1c4fe322b3efe2c7fc0c0505d641ac36f86c253166d2a16ccd4719590,train
12df2f17e9e54e7db26f97e72b6d0fd72e4e0eeaf0104fce1c08566ceac4d0e9,train
12e1f8ce4c248307376ac547bf496b32a170967e6744555b82b72290b44c46cc,train
12e749f514b1780199972180403c77b85bd86f3c15d09e1cec5220fd851faf32,test
12e88c585a8ca8ab4b00866056593622109035137f1a3789ef8c170993c0ef72,train
131efa806d6028abdaa1c6451dba78bd4eb86a1eb5e60a6de478800bdb26542b,train
139d7de1c70b2195e309a443791b185023ca8f880e05af18f9aeb265dd2101cd,train
13fae61eebdd01be5b66ed64ecab63cb1a9def99c4ee7fab90d2a93b1fceee4d,train
141c7f2169ecee910ff1fb94ec45c569e12e18302ba2a81c835c5ee3cfcc9d6a,train
143dc1a6873f35cd65385e893b592308768ac4f85c8851d0f4235bd335e9be1c,test
1489aa4d89bfb843f3d37d382e78c112a80fd9f61671bc6a946b3e46d0316eb7,train
1493782c2ee45e51d8fa4fa2a0a631592fbbe8c6450ca5ad0e2ce4604c135f90,train
1496bf9c4ac98739ab815e9db3a1eb2b479348b90a58dec8b462ccc10638b1cd,train
14cf242695b1e027f0ebbfebaa14ce32630fc0cccff136034d808a1467ae15d4,train
15099da601b480292d95100ec98f101e901b7fcd419c7562268927ead7ac0945,train
15895b66099b8d3ac915ec07214de0c3bff5a85c1f17028c53ff7c8ba81fdbd0,train
15cc9b95dbe8db646efa4fbf1cedc0f14d7a74cfbc896013dee3f0f750cd17d6,train
15d85fc1d390ad369faf693d7340a1e29a491949054b541e94a60e48d0a08ed7,train
15ef50b6a5d7e617590f206b533899194aa33d3da3f1b1a6dab09e8fc2769ea7,test
1628e105e4f480b6dceea9bac63156b22840733ce7600f98da1e410802a09f69,train
162e95042636b582e61ae2e9f35aeeb5e2baf7be79b80d3a3aca598ded2f3f5b,train
164d937cc7094e902962455877aefdfad0a87983124c09a284720c731eb812ea,test
1669ca8373ebe0d3fec6fdf029929eeb7ab0423cb1314e86c9d39f25a2ce994b,train
1675514b35c99528226e7f2adba5309a35c71e9771ac66af77996223f0bce1f5,train
1692220c2dae8a5621a1922cb973a7e996f927b43b3349f2517f28a33a5fc4be,test
1693b669c384b02acf82c5284d8cc7287f57cf37e09989044fa3fb2f83d96cc3,train
16ae9f53144505f9591b0a3e1910628a359a44c2102a625715ddafa6ea2d864e,train
16d2192b9814f70832c8a3bfb43200e91bf219401ac15c2f0f0d2a94d38d3e4a,train
16ee845a3d5e8523cbf33ca53b7104cb9a7acd9fd8f9a8852a3127e00f13dc4c,train
17161e0cf8cba43c9fb62e2ab06a462c89f8a086cc68cded701dd97a104e5146,train
1720be608812026752abc695425005ec0d9d9ef549e73312b84bec223f340da0,train
173ecf4f1f7760ac667fd8ad100ef06176a364803be23f9ec595c7a2ed8f41e1,train
17527877bf8e572a38d838d3f7e1cb8e066d7fb1fe4d4fcd508a6b4d268991ae,train
177fdbac6cb38b3b94520e0d8f97662668e4f2b45bebf0f72af8a8ddf4090356,train
179f8eaf4b821cddaa82fb66ab10f2961821eea4b4f5492713fd156abfb9270e,train
17b4c28e91ea6af03bcf2f48a99f1eee67e81267068af56e1aa6f0d3cc3e68dd,test
17c3b707f9801f5a71088ef946abe02f825548e5be033ae6066f99069891869d,val
17c43023fef84acd63de57e300da3a6ec46582e0261bd74fcbe75533eb13fd12,train
17d839410d35f2963f43d9ef0069b84601a23246b62e4336ef193d361865e9c3,train
17e565f268de8e5f9e3577a9abcb7c4087de6dd86f03d3bfd20ceb01e220c7f1,train
17fd0a4004900564018051617e507f831fd95d240e52e9a3aae83ad6c4ccadca,train
17fe318cde9b3da17033892f6c65186434f78083588d3bfbdfaa3b1fd6a1d43e,test
17ff2bd2ea3be6e78c3909eea9d4343f5f193fa47dd3364d3202eac5ce41ad2a,train
18080b3e70e14459b7ee3fa35e1911b73b8aeeab1f035aada2ee2665da52c90b,train
1825de1e0a6c8abb79e1186a5dff06bb19bc08d42951db87657f144da5ec393b,train
1827ebf470f409c4a46e938dc9499000e4c728301d375a49da83c74a2050007b,train
184e57769603174da61f49905a42a86b2bcd76428196a52cce32a051300f9fa8,train
1850ed49186dcc86d990917c180bee22718427802a7d06c466e115ef18f01e9f,test
18795768c57dc9c3c87de99f584e15eba7d9017534d2ae139a24ec1b1bdc41f4,train
187e0b671ae5b286c8fc25cc3ccf3d6cfc9abfe67657c4af155a040be5719d04,train
18988ad0716352271f1d6288979e8e891fec63cdea7c9774b04820ad4eaa97c6,test
18c7df7b43dde4fedf9a5a55f717b6e5c543421fb76ee1afc1ef0d3ad217da4e,test
193848ebfbcdd34a27cc1584cd8f872f91e927f7a39a3b9de2fb325950def1f3,val
194c6b96b1d41c2b6fd9e4486635cf1c3a7053a0d8c8d711849947733d0d9a09,train
1961c95f5af6e925909f610bcf83fb59f1c9b0955eae8384c81e19f20a5b6f62,train
198a2cfcb3d370d0bc1b0d3ed63a43a0e44c5b12fad3e974251f02de4b968522,test
19cfe6d4c9bfdb6f377f7d21bf790083c6a8e263cc6aa8869f26b4f7d6f87589,train
19d2430346c445bbb29c08ae4520cc244b79a246424d578d37eca6a889205a0d,val
19de1708ac9e2c5945582d19475d73299b17ba13d944332819a12f827a7fcbae,test
19de1ad0da2f7c7431b63dc12246c289302d8255016231343a066dc85784e6fb,train
1a6b002923fc6efe8631cdbf29752a369ce0244bc44d60cb89746063c7c4277e,train
1abf5b0dbd9602bdf9ccdbed0ac75d31bab712bdf604d5c98ae43381fd7b5da1,train
1af927f3537e447dc1ed38e64b6c581ca644d04c7f98ad38e25834f48e185e96,train
1b00442dd32d79825dfb3a62deead211ed9e0fdc7ab3fb921ee4124a0072e334,train
1b5da10fe45f4fb1124e28558c1cd6ebdba16c2a428e4596732ccb0df6e0fa23,train
1b69f1bf8aa3c39f64ea5c4b4fea5533b94d2877019ae722638d95432f896531,train
1b75ec53cf61c402e9c34fd7282dac74ce6e930f4f60eac459de2d6fb73466e3,train
1b9aa28e759c34a322dd2e48f538fdd07ada576cbb8d12a8b1c7a86f1742b302,train
1bb1b78a4278fc4fcbf39cce9c08393ee19309a9b44335fdb986064a4760330a,val
1bb7aff35ca5614efc2d30ba61e39e547e85c191ba425269f5cd01a842703a98,test
1bbe6c6f5503e0f70ac51ed3bf2582579c4b3f0ea15f12b05c9d5746682bb07e,train
1bde6f3af661c1aae3ba737ac785b2fa4f4c9f59e1f41d33bf27d397c3b1c308,train
1be6f23a4b9a9832ed828c34df0c8008b183be3a39baa8be0bdc49cc35c24a98,train
1bf850519b05a4ff89a909a2b17ee59bb697a0919058174d8683b9770079d536,test
1c01a8ef3d8126821d24241580509ddbed527d174562cbda24f9853d31af03b4,test
1c09f54015e8ad49f38bba4cff62e90637c4e83aa7e722d02d2772c62634c45c,test
1c0f23155d3e03cf2ea6a24ee931a0f64480fb363f7de96950d85346bb50b8c5,test
1c5eff361068933301c0edf7ec16aee1e716baf459eb3646dde328169a9872c8,test
1c7af168e298bee17e9d66509f79837a66fdc1ddf5d704f50dc9e44f51f8a238,test
1c844524cf01ff52e04595e2c15127ee60fc8f50ef6366052f5c12448ab0ae7d,train
1c906a7e54e337d2985a650b27904a3673fc54e310986cb022251a193bc9c8cd,train
1cb3e3981051a7cdc41057eaec72b5febc9984a274625a7289c4b002d94492e2,test
1cb545e461200e2d0bd4c23549bd8b080524deaba051c19f1ab6aae2251279f9,test
1cc146f24e2085cb19283dfd62b959d66ed85fd88d813f43de2f4b0ed25c7c10,train
1cd6d1dca805af0353ff997385ed7e2ff6e867a004a251a2d4256c1da533d4ae,train
1cd6ebee8392f861bc5640a38017eddee5a02bb6bb55de29a273ef3dd2bd85eb,train
1d4ab0fb4f3b85e36175bfe995db35988bbca58dc9e35f87ae599273ac270e57,train
1d8537c20e93494763372de069ac7b17a5a3dd8f5476e1821b8231fd4e7cbfc2,train
1dab0d12885aea23d790ef922d3e6afcfac0060201c6f30a8b173a824c34857a,train
1dd6b939722a5d2094fbc671d33ab005a82e93844307744917e7fdc14e2475b6,test
1de415af492fe6253c8f7259e4e63541fcf05a68aa152ffd60f8584d2bd9380c,train
1de74e1d9be8c6d7dd0601c70e39cdee63a7d0df934bb6f018b7479de4d0b7eb,train
1e0a26f1f9b0621941f01a4259d27b1855b7d53a2874a2419848c205f62587b4,train
1e2d069b46765ab62319e76f307750eafc6ca9a7768017c1b24ea92cef7168f6,test
1e3754a4e08fd7731072b94cd0ee912363ae548b77298d906ad75dfd5b52271a,test
1e47f1d693b10473fe39fd637f9c8218890651c317538ed37f5e08a37b3092fb,train
1e58bc652c770cc66a4f7bdc801afd3b690b7b2f411ec9559f4dbb8a5895cc7b,train
1e60deb3dff35193d75974e8fe013adbd1bd81a6d6f53bc22d4a472bac0057f2,train
1e749afebec9365129b3174390083670578d8cb8724ece500915da2d0620ce94,test
1ea191cd09d34cfccb0b8861c8728dd05de5fdf2c3f67df6979d9891acf2af86,test
1f1a91fe04ea3897e5be90f6b01dbd5146d7a30ccbfd89da162eb6727d6b4db1,val
1f31ded6519e5376a72f40a5e4f8f222ddb3854e22daadd3a430b988fdfcabdc,val
1f504c1f04518e95375a2deceaa897aef320230e1e672eaabf10cc5ca88b773a,val
1f63168642739c4fb92e79e6f941324040f8c83f1c8194c6b63e26889dca2550,train
1fb5b20abc8e7ad07389ed02ba1ed68b220af3d6c33473b6cd735f1a9d0bcc4b,test
1fb9d17d38ddc15bfcd4a45842d23c8000764c2cf1b0832addbcb7785af4d834,test
1fc012f673ec87d42228eb640fcc956926ebfa0260f2d0c40413478320934974,test
1fcdec774499d91b08d5f48126e26d856ca73cf5edb437435ff7846ed2f2cd2c,train
1fdbcfe9499dbcb9ce9939bf683f40d99a090cf950eeeae18a0f40dacf0cb0cf,test
200645425cbca9370002b12f8e25693bcb6a746df73b2849480ff16b12fd53c7,train
202ff340c98601c94ce241700f4d75b05b9b33a311881d50ffb4ee8daf0dd531,train
20614e5c13d6cc491cf58e83d8f13295268faf1d3f0b6f72a0a8e714fb76c52e,train
207b289125dd57ed6e758da1841789d509b4b1a2d005f00b42e354f48db85b04,val
208be11d0928f8aa0160dc8cf01998f57d917250967ca2fd348b7c6fe7081663,train
20b175e20edcf4ebd832a5b825a96a7922596c66157ecbf2a09d5174fd1743ac,train
20ba93430082ffe9846f6be252921fcedf9b77d89c37e82216b6e02a2d87076d,train
20c5810c7f7a546d244bdb632ae02ba0a324499aaa93975fdbdfacc4afa82015,test
20ebdb9ec2173bc3549262c303942523cd5abdfa35c87866fe82345a8d265b89,train
20f3e89cbadded8eccecbbfce4494245a2e4b8135f5ecb277017d49b7e5bb5c0,train
21146a830d5deabf35fd53420be987d61e0a90f6e39cddc3a96a5233a6744f09,train
21572ddd02475dc5c239cce63facaf9108b8fb2487379d09b0c4d7a1bc44a373,val
2161246675ed90b6bf801fcf283dffabfbde24d6d3e08e3608b381858a232794,val
21bc7e046d4863289b8ef19b7df13c38db88dc3aa44c5f81dfe3d270288b55c6,train
21fe0ab7c63a381601716a80bca765bb4b42f6f1a232916417d5b9bc233a4d36,train
2218e08086fd1ddeedb2835eb683b8d764b7d91012487c52f563de09aeb7d358,train
22222c3bb4221e83779e1a5a70c0cccab63c215efc0c96f6520fce59be000639,train
223d47f8c397388f0626ca96256a5dd399f30296eeb733c18488b23b8546ba43,train
2272205657dde0fb82cc1e7a07536040383540137b5ff1d28b140d49cf058ac3,train
22a8fa541bf831b0b9280fc60adfb98fd0cfd701f35677c95689d74586ee6b8e,test
22cc5a0ba563efbb500639bce168ecee285b2658f77256fceb4ef37a2260e35f,train
22d1a903173fc5498246ab817d0a9c7d5702d4bb88290c0092842853830a9b81,train
23046b05bb77feb71d9033a380b0433463d72635b5e966a6e0eae7eb7ebbb6fa,train
2324d40c9ed9cb236acd5071c96ffefd73955847f3fa9a49a2b81eeebaf8a2bf,val
2340f08d887d9191d6bffe0388df54d9522bf8a983f80cc278e9f6c45cdb4e79,val
2341e39fb00eb6d0334586f013520c8c693ecc129d18a04254d2f2ccc489fae2,train
237c77515b51cb56b702157d1451e11b9ac7e5121d4e451381dcc6c9435e11ef,train
23c30df737815bf0b6917df734add50bf28bbb3a9e16bd5e9e2fb135a1249960,train
23c6de3afc48b875ebf1291a9d436b1c5ef658ec82e5a9528f1c3c808e389e8a,train
240fa169f51df5926b9960ed929700c219b7b58ec84c91f8378c81fb8e05a73c,train
2413881ae61220a741a089815d9cd00f23fa504a5faa0c95c2aea8f5400969b7,train
241dbb3e0671a1aea5106d76b36c5466d0b4feacee35c73e9ac3eb6cd39381c9,test
2459a8d4d5d5bd343cc140f1832af64ebd4e69364ef0adc403cdfbd150dc05ac,test
24853a7228f02a33e68d23d8e7e7f56f74b83d73f9474678c9487d2ba4fc8ca1,train
24a09047640e7599e86ae60b1ac682c0198ecf6a7a01c186c7c3ada9de29e23f,test
24b090d51118f1a5ab9c1c6417f178a249835525cfe00ee5dca23caf8269e12e,train
24bd34d7a9b0f31e32c5496ccbbff37eab2b9b095bb63ac53173731fb2a39fe2,test
24d86150b7828b3fa92e371dddcea2d5b131de45f8f5bbc46028274ecfb454a5,train
252d38e8d755547c76d3ec387df65cf1aa80b2e0526106b69ad6d6dd6bc7812d,train
259b0ba6d4db37c59894c0ea7a021f8922f5ea27f13680a3c740a43580b79f8c,train
25ebc474bc083a9bf9baeee43fcf88ecdbfa715fb62587c45aff2657b15e5398,train
25fc22d583a98800af4cc78997039bbb57fafd66cc219604a70e0b7125e7215a,test
2618298a5a930e7bdcf8967edf1b53dd9a78d7b29fe072fb48f7c5cf7c4030a7,train
261f97aa43fd31fe7455fcd50541b9b837ccca5f5131686467fc0d136b858ebe,train
2645a0d8a00dc07cc74d7b3ec7942917806a8da512a7e293b013f89917f46f94,train
26c72026ebfbd08b1057e6e028c7a1a9e54479cef55ddd6fd1ba86f76cd9867a,train
273110b0c248d881e82305963ba858b0107a170a22d401ab2cbb35c699477ac9,train
273d90f132a5510eac91baf320a18d663e0ab6cebc5c8437b721b7d70efb411c,train
273e0322121c4261dfc0f313ee5993b026a4875030f5ed8d5664b126c896d392,train
279b96367a1b6c260f212dddc10e3ff91cab522199dcea5064389bc6d947b51b,val
27b1c2ff49e58b68cde29b6a23e6525bbd6aced04a589832f8607335960c47ec,train
27baa12d1af5fc8a0a8790122115b06448403961eaa8b6e39fc10bd194f2c750,val
27bb80196a653b37e40706c585288a785830dc345499a4076960add5cc18f508,test
27d3e6acdf34e0959c201616556d0cb1a2596acc27c8cea08d5c2167cacfef74,train
27e12e41606e8085205da19664c6e4230091fbb610ef95416ac959d374d058cc,train
27f33c20c9843583a3e0aa89f8b88f98ea7b7ba0f16c363c6b45224208573c3d,train
28579264213ecbb399bca33a545af53ea318c142223302568f3e50813d13c514,test
2895ba274cc285549774ffa0d6dc1846b5d41377a164166e5004d304dd74259d,train
28a054d5a133ada52e4a8efb4aa36d091402631cff36e443c622dce63b429256,train
28c21013c9a2b256eb2537ed0d36d085ea3bf9a33958053d9bbe637b76958a38,train
28cc7a929ad58ad6b55740a24ed35c123eb140b6f3b423221c8952d1a0037c8c,test
28fad9b6b4e9f5f2ada1c60803741389bb0613d8530614170ff20ea418dc49e0,test
291aebf81aa51dce8e0abe14e6ec3bb8c40489c5f636a1902fd37fd3e5d10f10,train
2940f54bb19c3671d4ef28c5940f8598f992a5a49b9042ef2ba0c930b8ec7485,train
29447a3525e3af560d614f81457d7c32738668458235457919978cf53aa48b26,train
298fdc6be52319d2a31750f38e4f5142a6f55086991d3f4ec267c403216a1345,val
29a7278fa182478007303cf4ca202b74b7ac27c09924429205c3487c5d0b8102,train
29b7a40013e7814fffe37671336b19097e8d5c89ff62b67b596035dbf267775a,train
29c75f14aa71de46c2f24b05810181a79b2f141aeb1977703aa9a20a71503aaf,test
2a0f3437d607fd0317be3f4c7302c8b3ed83380537d80f7e9d60df11ae56ba99,test
2a1eeeb9a7ceb540ad0d8e33737b4b789329e551000f1676c24260c177970391,train
2a386f9a673e1b33a572a02db9e24a40c02d6e27c6f6f4e4a869f84a89e597a5,train
2a5516d6cc3188661b08ff86d39947ed152162b5dad80e9d1f14ca2f21535ff9,train
2a7fa3130d7dc9cbedd0237f817711cc9c04edd92fd3674102a39c2a867e2e80,train
2a9e55efe29294ffff537c278e3805a753b4bc68e07520ceb01aac0b19359147,val
2ac100991a2b8b04109e4da68910d38f7ae900b2042b4b6de9a538d286901bf9,train
2ac9f380e022b1de5743d61ff91a2eea7f780ec39c6367e1cc66aaa162b297ed,val
2af1d98b6199a9402c92a98c249b0855a30acbdf92b103fa751cf9ecd4799eff,train
2af4155c3e367c1a11aa5552784177fafbb6ae7cf94b7aac48ec72a643830b14,train
2b32062a7adac57a6503428b80dcaeb80a257910f19d7b941082fec501d0331f,train
2b51ec6fb79e3db4b50467c11f0208d63777e3aeabf5503953bb90bfd6e3b3b8,train
2b6175e760d4d261a4e858c3ce0b1406007274e05aa3ea32fd0ea4b692e13ecd,train
2b83581e1657b67aee5c9ecab0d3bc1e278b6c9a6a2c2c385f3426bf49ef6e2a,train
2bd1322a9aaf38c585b1e7107c4084dc2ef87905069d9de6a47470e542a2b9e1,train
2bdba0c7f32edceb5a4e9acbb634eee3a5f13a1c941efdafeb205c5912ca321b,train
2be31ac53577d8c962e62e14a3674ef3a625a310822719cbb49b4bfe00b99b93,train
2c01e024f30efe35626a617e66bc466fcf2751920c095eabfcb49717ec6c5ec4,train
2c0a7974acc90eda3758878f6304434a9e6c91386278a940a034b293987ccc26,val
2c18b2145a29ab8372adbd247596e9d2ec9d236a1f1159ff5e2a31c2a88eacf9,test
2cd04fe3c810bc2977fc67f7f25a26bd4eaa6e7a452206ad7dc516c7727159e3,train
2cdc288bde2b7f3d3c7f855fae9d415407ebcabe40eb9d9f8883ac8f24974924,train
2cdd89b472bdbedbf6008e447d45658d626945489d442bdb02847c1b6e5a83b6,train
2cde4e3e4eee5f071e700cc9075ff3735de2059d188572fb46b6ff7d37e01fb7,val
2cf561be10958798513f748046a8c6e720ba25fa84395a6bcc3bf0b9b66c51c6,test
2d0ecde8f4d7bd00d4491dd4d266f3685a23143a5dffbe0105a67694a0dc01ef,train
2d59af0ee3eb3643afa9f14839fb7472ff9ad9932d4e7506658d1d3716614345,test
2d78c452c4194ef37b7870b01cd0bbcc46e0c4ab071cfbc25610bcf35301efa6,train
2d85872349ddc2f751448db339a7d99cb2e45b42b0f3b936d46b197455f97166,train
2db90114d3826674b4a32837680f94b624a035a1e940e249d5892a89fe085efa,val
2dd069cfab73c5b88bab013ad8bdcacc5b74d59c5e405a75a670a8e331bc5764,train
2dd91d33b8bf5221518d03c2940699d7c3109eb528e095b956fd9b804c30254d,train
2de319741943df100f0cd94b01ee3c6680bac6df11045eece92d907234013ec3,train
2e67a0a886be612f383334473be8062cea2e6c2c4167f226c066014a787e30bc,train
2ef61109f25c65a19522eeb0578bff9d48cae3051895855b597ddcf580d5f717,test
2efd42b02c5c0260aeb2bdfbcdfc2a6682171437302909324ff38b6649ed8375,val
2f422fcb1319c07888da55adbc8ba7ff08d43633363f7c85061048a994f76f70,train
2f6f784fa8c00a296d68f3dd5afde56793f83e810b9886a12b54366ee5b0be47,train
2f7b06de8322fb8c6091f17e1c8a9157e52ec6ef7bb77c1f90d1d2fd09693f5b,val
2f7fd9298541cfa9a30d6300caafe896dbb782bd5984bc07c27a63b7655ef57e,train
2f82ae9063cf03f7a35f6be3aaeff3cc64aeeb889fd70ebfd70726b9b915aa76,train
2fae671295959f60ff9cb10314f45a764c2d893a48289ce4e74b2b855a56140a,val
2fbffb85592344e3c805f839a54c3823ff10d0f29a0d9450ae2ee8d0a3908b24,train
3008911f0e1162c8bdde2ef7fdc4fdcea8d0776ec938b40dec8388863d944825,test
302d7658d4a6e3e8bfd050f7f1eaf56bc1e3ab9fcbc27bc3385c31385ed2498c,train
30341c89de18331761be8e7cdaed3f274d55d5aa99a319fd6e497b16362fe647,train
30520a68c4c457e498a78291500e4a2d919513d9506599d2967e87da09854c11,train
310beee370d2a888c843e5d29d25907c40f2aa1e219291d8f68d16a961201610,train
310f3d7e7a7d7aed8d367f94e70d0e968ac830e9201ae3e951ab70595f0e7aa3,train
311c9777468965c9999267c8339485666ecd7e6dbfceca21eb253290a287c49d,train
312cf1536e1c2b3002d1e3e9787d530a1a01b5afe213d3b993b009e83f644b43,train
31641520913207056ae91af8180c9f2e37718ddf7e25e82db552c2824d18da1c,test
317025da44230f339854c0c44cb0fdb4f0535936a23dada567c70f8635dfdb6b,train
31ba8a78755e8963dbd0e5f14211f1ee587dc725fc47b69a58f8ccf7f34bdd00,train
31c0965c07eb34443eb45cbaa4a0c51bbafa0d1fd1579774134bfdf0e89c05b9,test
31c3b1d4bf99780d38f67476482451ee2f6cfbdc9398349bf2c8eeda3eb72bf2,train
31d5cc7f69bd9c40a112d3e91bcebf6488b755a9335b62d5ad9711114ff6f8e7,val
31de595333acde6a7c6790cc7d60c66a133216da7b5b91ccf54da011a94c3d86,test
32258fef626ac8d4b4e40387aa13335c635bec6eb390888d8c19c706d6615de9,test
32666446b850accfab9177845230d325fc2df3b26d47024e801595dfefa9e243,val
32e6ab99f4f0e16522759f973557a620f85f506bbf3673ae888ab18002355bc9,train
32ece3d79ef1e1a27138c70c52cd8800a23e345a084c7b719b2cb32ea7ef2f7a,train
32f6344ccd6e3490bf5a94826c2143cc60e8df9665e97aea83c539299115707f,test
330e518dd1d4f8c92f1b466d9fe23476d5ea36e10cd4661fbc3179ccac29fdd8,train
33426aa58742f9c32a33513f251812a29c5530a366d89f058d1fda52bc5c0f25,train
337a464614c3f9ef967d364396c99bd43ace0b5b546af6043d88e570e9bd6f73,train
33b3c170ba081f8ed1c33e1e273f9588d234ca533f551e951dbb72a2c934008b,val
33ca7f3d1c3d74e55df028999780700714dae1536568f743ccad05a3e52da6f4,train
343d7bc005edb27eff5522484baa38aec3f823fef3ea7df8441ece810a5a130f,val
3443b79bb9f1ab6848066f9dc6b1fb9aa4e17f5b1a7e49fe0af26e34ef269659,test
344f1221e028d575a3839362f1ad910fd2f7fa7ed67644e1e852105e84dc935b,train
3465079e38cb513a5f0e1b3d85053bbdbd17ccf25f60b0da2fb319c92d3125cc,test
3499b8831b61a7d0ab61c38a32599b5dd65e131c3ef5c93a75fcf932ee27cd2f,train
34c0d7ed98d33d368d5bea4921c6714d73024ee6aa429e5862194752cff7d41a,train
34c4e0274ec9c9107490362d4762810b1140c51fc7220753fcaa996fdc5a6df3,train
34d948f9bc891dccdf8b78df53521915e16d143c27848849e5063fbdbd1ee555,train
350d0d58c0d0273f155689404cb1cae88e57e32f53c8efbbb85e3d3d53293cf5,train
3523deed987f524ee487529142a0f70503761f9c296e9319b5b8048c47202813,train
354fc982f321d6052dc433a7d46e7a46dfc8d3e4f0275de2c1de44966d45d9b7,train
355b291ab03d9d9b34abcc747dba0b6990f918d6a11fe9340b6dd39db3a3ecbf,train
35849c4a58ff7ec1bfe0167c879dcbceebe1288b801a10538b374832d77fd456,train
35cf2e784491ee261adf231bdd28b2761273974c16f83817356afc7dd70d4fe5,train
35e3d2ede57e61a66785f19bc417156baf542989ce9da60c19a9cd6c961a36e8,train
35e925820032572c484ea45b5ef2a8406538a452e7c9d89afec4dd558cd3f6c8,train
35f937a819e055e9dfa4ebefd0abee82cc46784d0382a58391d46b52820d1f68,train
35fc564533e959b1abd9ea2d624acc1562968c2c30def8c60c540ee5e024d69b,train
362d39d266e35583d6434a467586533f981196bc19e4065f358dad22e07d6537,train
36380c886ba47783b1ceaa878a1ab665671dc8df27a8e0adf22650c7e5c3ccaf,train
364376090b6fe819dd220dedbb2eb023f873cdabed750359515d410d30a988c6,train
36484893cb65b5d88217ce84093b2690043d2ab20c463cae8d96a87912aee24e,train
364855901fb9784ca24e8f01aafbce9308113c822b7a2ac055073c370f35f18d,test
364e961a99f4219032a79dbbd7e856beb138498faf6bf099e7f4adeefeb12ea5,test
36586939103e80e503a988f10c86e5cab8022b92581ce03f4b98c26912a2515b,train
365f86d43ed018e00f90f2829f16bbb6f34c624fa6df7bdd78fc7afd6f1e1f41,train
366de1500d67272bd9b31e6ab6d570225ed0722c9ff4768d586b1e60f16dd134,train
3674f369f4ea857a553a60e5184fc678c33747b272336f18fa74bc0ac6adcead,train
36759ec0f9fc6a5f4e62dc02b980c577566994231fbf833a36ba965d3862b5af,val
36857dce091050da199f2baa98be5c496f91e03407bfa33ea1bfb3aebb290932,train
369d6ca7781fd21c42de290bd9ea15fc493de288bfc044eda9e8612a5b08889e,test
36a769b70f5b4e60922281567626fc461e3e47e2a4c295a759fd6b12444095a3,train
36c3cdeddee1b627bbeb98c08973311cf25322baba03b4e28afe8c746a4f39ae,train
36c898e0a120823481df0ff8abb525fb8f497cbd6d4417c82fbb806263f782e8,val
36c92c56037ef154470a65d652897e1d8fe04b7e41f650f86b66027cfb70d173,train
36d81138f673483686a89eab6338a8dacc6d4561644daa8d4efa1c44ed4e3862,train
37261487e17e25a36ec28037d92d24964b6e31c294d6a7f9f6243de8473d67c2,val
373ae8584c685d79dcf89220ea6670aa7d958032ccc447a36b98642196a831f9,test
3745629d50c3f7fe589a065093513437d6da982b356393101cbff963a1b71208,train
374d25d418ade3f8216ec26576b7f5129891b144a78b4fdac734d2a2d35bcc11,test
3755516938ca73a73c20e83bf175b460799250b40d11a31193121c92880c011b,test
3755b5a42484a9639ba4d7d2be9e2b30cbfd99eeb2e4cc6f5d34cb90f9e29b65,train
37bb10782b3e01309b47d4ba29b2c4613433575f76d69aabbccabf929e9d2e53,train
37ec3d6a4733b1886e12a9eb14bd5753e31b61dc0823ba67e56ad860eebec469,train
38760684751b70f8744ea717281b25f22c39a8d26d11f99176b68e1f2d3449d4,train
38d2976296c8ef260d9038e07ddb4a5ce016c4ee156cb20dfb9516f0efa7beb7,train
38d58f530be6891babc5ddc54e4c36a948a712dea566ac74231ab2a75447df16,train
38da14be1ebdddcc4fa7ca5318d84d012c809372b67673b7eb4b629c09a4338e,test
38e1115ad9f55b848fc131a70c840c99972fd42b254b79f6911e2c23561dd40a,train
3913e12feb1422bdd1991c4358fb4e4e57aafe374324573bc41ce120d212b0ca,train
3925b305171abd975e7f18c91b65f5fa9946f4ff40964ee3e2d2b39c5cb183a2,test
39a40209699f28639e55cb52307fb5769ddc5be925a17e12b3243e2535f7d04a,train
39b5e8df21ef1b1fc52eff32ebc6dabbb03c18d94faa8742af265a5365ca3327,train
39b6f8e49ceeb8fd45acb0948eb659ca49349c7afccab5150c5756cbeda75e65,train
39c6dcda1d80fac30db918cb9debfac066704f0858a7af2999435689ae6faa11,train
3a15437001951d054c1877e8b437e79b49c9b2305287ce50c0d6bd91b1248666,test
3a4322022b36d910505b877db280669cc2809ccd087004777fdf6f9bd22ec177,train
3a57bc5d9cf019064146af0b29a9d9fdaba2c061033e7e2f7a5002ebfad18ef6,test
3a6c8c745ab524b1f15988d447ae074c360364e6391b2061cf7f42bcaba2eb1a,train
3a749626149a5fdaf15d050ff121fe8119798a282489f0307d389afaec710941,train
3ace840d641bfd47f4cf77e86406ca2bb7777a423136258b86adaf2a6c2c5c26,val
3b2372e48fecf1fbdd0f7d11a7dae7c3d11db72ac4f814ec082a916b3907e2d8,test
3b40481e3fc90ff6222908c9cdd390920dee903a080682600afd64675ef660b6,train
3b414df236a0e47a54f6a1013f5434302ebbb1290af129b8b3c38639b3097084,test
3b5c4044f73742bb40d11e84c08cc8876a666c44f62d0dd59cd45ce6d5cb5f19,train
3b8a6cd13f04c8f5933ff35c05253082087843179c79bd31d7db13558d424f8a,test
3bb165310bc2701163502ebb44d620254952c2feb8b7672bd5795bd3f9f2a7a0,train
3c0794c85406f8326ad572173c4323ab15ebe4989554e24bf11f539bcb089c3d,test
3c21cb8e82e4682d0089a26d660295dc0ceef5302bdf1f29c007e381eed6bcc6,train
3c9ab31004cf9316c32d58ff7992c88e22ec67327fc274e92a25cd76a29eb1fb,train
3cf4e9f820099129e9ed003dbf7949afb568aedd7bef150e1f0f789524faf847,val
3cf534bb8fab29950b0d323dd881d746a9539ad1e00b09fe407e1e2757fdf416,train
3d0ac92ea0f9fb10eba08309fb6bc5cc845867f6f4b45b3d6ee3a008bbb5ff6b,train
3d2a7b9e4991500d5e494e2829b2fef70a3b8c85ae5f8c6805cf95bb87f06be7,train
3d5e600ea0ada1a7badf006ae9cfd1a1baa02e7a13cb0933f32dafd8c2d7ef96,train
3d9cf181ab615fac980da1fc39264627c275fabc3701ac1b961f18c2ceba28fe,train
3d9fd8687e61086065a6fc181bf28ea66139a3618e15852efb72d77b8e1e4e0f,test
3ded7d1478c79b17aaaf2d0e37a61c9100205d5cca7c6be57a6275b06ba85817,train
3e1c976f39d4018ddbd2c121b990610aeb6785025217027410cde7f91e7b4f2d,train
3e3cbb67e313dabea42b5b7d52c7c4bc8cea34dd33c90a75cf7ca4becbcf8907,train
3e67cdad4d84c9b94c50c53c7db965dc007973f0f148f64f0249955beb0b4b91,test
3e919f73a0306a295f7fa92cb0e594c92905f10c40f27160bbf66f9873adf5db,train
3ebbebf3f948bd31edba2cebe08b9b5fd2a22acaace85ff96824c0c8c3ec16ad,train
3ecb6f5d91d37c28530b1801ee1113616aaf366bda2d279686f9113d6d77c74c,val
3eea76288a91462c597aa35b2db60a799d400daa3e41c071e698cbd3bbca3993,train
3f5f61e7a88f8546cbfeda92692c77ba401000b012735563faebf282f698bfbe,val
3f9cb733ef8f6e9d47242a1d0614e63b7bb5dd02173dbdde907348c7183c84cf,train
3fa3fabbee3cfe806fc1dc25bb47729252419940acab76231082681d8aeed4ee,train
3fd284fe076e2bfe23fb5bbd76babdf5840c3c4a719908d7b0518982a40d0886,train
3fd49938a5928876aa8fcff4ee563ebfa8502346212bf7da9da2e42819c63274,train
3fe57a2cf53a33c7622398442477a6cb89b1a38ad8d5ce6668314128beb910c0,train
3feb905afeca0c82b8a89c3f8f0b5d46fb29e1c9801ba00b55e605bff6fb9766,train
401c878ec2476d6608ebea8b6456c9c27a7e0300566246447a18d8ac46baf4bb,test
406ae8d3f445043bd7db97ade639eee413740786ce9cb3f5e98ee10860f9c84a,train
4087da38fff42375b5c97f44028076183d41935bd8131073e7c2aecbec19d30a,train
408fda42250eec8b02822e69dbb6190d1068e4bdc23d621fee3b1d339e2570ed,test
40bbe05cb131b81fa3a5a7ec772dbd7f6a55ee80817ea779633d26b4222d6733,val
40c7548826813301e528149301c2bc3724217509eaeb0e3d924328e019691d31,train
40cabef599f811b3a6e6dbf86789351c4b1a0c612ae5bd3af03fb3d42398263f,train
40d2f6ed4de75d99b28d2d9488a14cfd95f899c5ea7c89d5e38fd051f1e36e81,test
40db322e9621f9977dddc4ce5e44eff343c2a102476fd621c2e9a88cb97b68eb,test
4109c28f16f7200c8b655fb422811cce153a3accb6deca5e3bc332c882b3df21,test
41211b22099403f2c40873e32a94b3c8689d19440fa3c031c753cc7018a79544,train
412df3c8e977912b84f72797e36dacfd662df451aae21d54476767aad18a0709,train
412f7452c9df82689832d434f3b7ce949dcded710124558ed6c0d8f616bd9266,val
4132f06ee4df3109e68d0b39d1bcbdbeb1fdb4738f9e63d1d9e15a592b497f2d,test
41501e363cb7af4eeb58b5c93fbfe04002740268036f6bb618d50e5b80ccebfa,val
415528394e92bb46b029ce349a74b9589447b503a9b10e3ab048bcf84be4b08c,train
415f1cb36c1c841cdc8cae1584a2bbdf3e301063814c1abec37514f24527212f,train
41780163cc2f0a08b4446bc8b9438748f9816bde7e16e5c586551a9b74862a7b,train
41a7eab4e0a237f63235a1aa316c7822cdfda83fe821079903081f1bb3d66d5f,train
41d103bc8ad420096c88ee88e6766b852560e2fd382160fa9e627680f944e779,train
41d4b1ba4d43377c13e12ee798b22cfd258aceb1671783f0c3dad363110686d9,test
41f780bcaf393cfe7c147e71cc60f5342ac4bf2cc21e0dbc40a77feeb847381a,test
42022f04f9f2944269a62757836913f89d22552acd3d2e6d0954175ec2d93f9b,train
420a6e8777d837d5d23e21d07ce42e1c37b5e9619314da1cd1f8eacc2c9a75a8,train
4220f6b3e8a0ba14b35681cbb34b6e3ea640246643b11c881ca46cfd837aeb6b,train
422b480c4328df8bc1bb101e9724a546df207bd12bb030c1784e2f0191261f8a,test
422ec3f432d8e1603a361a78c60e30491c2c086aad88e03e16a569c3979c64df,train
42307684bad01a67260e66abbb6f0f328d51b7b31cb38887dee71e9a3cc6b057,train
42512718c38491f8c50cdb60dedcfed228d3778dce33e2974bb466804ec417d8,test
4266ab5b9ccd92f69c8adaae665cc2a399a02fc18b24abf91db655f06362f332,train
428d21d390ffde373855f37f561e1276628302439a8a927a037777029e1d228a,test
42953cd329c5a984968fd954414021909e38b40904c7803956f33024508bc6b7,train
42a9beee1e1c7642b404ed59dbffdc8837d845b59ce6ad6ed48a6468ede02cdf,test
42b6bc68b1931d18559e89bef01cf2b0fb2f158a575c3da0f15bb44638cfd873,val
42c06d5b8d6703b64c395e3c6cd2d9d4fd39e74f1ab017fc8549e640eb26fe22,val
42c45c24bf7a622e9f11974d81cc4ed2d0bbe455dbad6e80fddd129d0f5f94c9,train
4340c514ec070f172ec95fb6a8dd6627b50df3e6368be76c35d82bdc5fe5ff75,train
43b2f85bad0bedbf8638719092e883ae402cec0c1205aac4b9de65b03ccd669b,test
4423d6171a5b9524359d76ba7a68167b82e1e55c019d087fad19f65061489183,train
444ba77bc60d0b6f3067d447b7923bdd7afa87eb47887b812a83580a3081f34b,train
44649f529c6a9e8d1ccb5d2646933e33c43650b9953d29e87508dc385ab67531,train
4492e698c50c95704e604f4d05ea87b1e1c0bcdf1d9aab82bb34a5340a0a1f95,test
449ba99c97524157e323984225a79e77ca8efd1d0ddb1983efd460bb9efd8712,train
44bee3703bc65b7ce79f76af18c12a1a1bc1bcb7af92116edb5a3e221e422537,test
44c5944bb977b28f59ac62e9ab7d38d1559a8889a54074d2e43a682ede423a76,test
44ea4b8ae3d4d5bf6c7deb1f5d07d89c53413a3626c8cbfa3bc039026c82eac4,train
451fcfd3742c723eb655f471535410d15ad9e06be6ee101c63026ac5b5a22091,train
4529e506d65e3d0ca4233e90cb386ad8cc335694fcf6ce1f5ca6ab1b5a5649ab,val
452fb1c858566002d3b61352d7776a3bdbec178bb53fb2c2c7e7958b9a3bd530,train
4539e03aefa2e0ca0ab998e0a7f9346fe97a67b1f3acf3fc356d1bc1019dcadc,train
4575573abad0725157d00f53b33b1783128dd47cfacb14572feb4c332f7d3ca6,train
458b354adbb040f50a19cb900c940585499b1bc0ab8d31af891edb07261a1e68,train
45a4dc8dd3560cc4fea8eda86e25e889ce10be35891ab79b4f3ae31d2ba22e24,train
45db62f9a26148fa5362134d5f3df896d7c12750b9d00b218ce47623ad36f88d,train
45dd279f326c36945674b5f6a7b782e69ccc4d83cd6c097a9b66e18b2d26b9be,train
45e262ecfb58e4eb1d220f1843c1eccc545ffd3f851c63aaeb6116ded3443eda,test
45f127e6d0fa9014ec1e90493a94fdc6cda894318744881cbaec29eaa620fc51,val
46185f63b2109319806a7e67052f9aace901b2e8fdecf0948f1610b7e4f07656,train
4621f2c813b20d810b412f09666874436c16b1ff31064ed0857a52b21e9ee157,train
4631d729429cebd8d6e04d48209bd51397765e7df89df74599263ac1ddb3b29f,train
463dbb02150896d12aa0b5e2c88b641f45670b4ec673e150314941d73ed764b6,train
46cc2342923ebd8bfd8eb2722b89e2fadfce8762bb71ca44d8672f03098814ff,test
46d51218390386e5f6ebc7e3906ff741777edfae5ff30dc76352b7a8f700f628,test
46e5407f5f63db6a5b166dac22a858a306da5b74c11c1723574dbc81441f923e,val
46fe81bcdc37aafae870c72e39f085a8150acf29da5b5be30412fb85419a9202,train
470836b3c56187725d614814a47ddf1fe26487b4ea3c779c2eb7c689a7774288,test
470cf3ed8acf75d33eecd616710b68fc26f4e19f6eded1d11a0df54999022759,train
4712cc247ed74d52e0e411a71cbc0aa1dbe6dcd43bad2ee80ac254b027d09ea6,train
4736a9b3e7640dc9a0e09a31c8810acb911ff170fb1714638ee6960e33f4bb45,train
4752766337b0aadec742b02f71253fa9d391c6284e2ab5b77bcabe6ebffdaccb,train
4768e2bf40bea73587e5435167543d790c92443e9d9d1da0ffce115e31d50af0,train
476d8d3a79e1157b417a783e4246ea266ce433e6e5e93ab79be6a9b8ad5dd10e,train
4778ef23290d0b0ad6a018f17a87140f11d583e0c063a1786b282d17ab01deb0,test
477dc30c5e76bbece5ed294721aa475cdd74b201618d306f1d32cfcb3f890da9,train
4782138adcf90ca738778ab4f262c181d1d0fbaa4fa656292d7de2dafdf82261,train
479da3f39c6f22bdb7c72937fa6ad8d629d451ec335a4d41adf3ba526b7a5853,train
47a281c4338d114feaa13d4b8b5c2eb58fe73843bf45ee749eb440148ae62b20,train
47b8aa2f1cc7b776f7fe646bdca29ac44b69610b217916a69450ee274259980b,test
47c414bf9d5bfc4778ef72a70dea24fb2db08994c285ab86eb8f1aea9a83fd7c,test
47cc3b77bcca07611ea640fef949049510377378ead20ea191239239a2514eeb,train
47f7eb9f22ceb996116ed4d703b080411726d231ff3b83e5681dd1abb5377ca3,train
4826009959ecd711d8716de4006c6c149eecde5f5a406129fe68fe7372bc97b5,train
48309db17c99d752007d32056dccd640026747265a58842fdfc6fcc8692c9a3d,train
4845e982faba3444fadd26f9ddc3cc80a5b26e3e8212ce36fa5e4011e449c48c,train
48520f1eaaac193900a50ea1117c743ff7eb558d75ca57f4fe4f07643f95c0b4,train
4877fa82831b6d55b4c5f0105dfe4bb3a14b68b8c136e17cff86c1d0909b182f,train
489933c21a186178b7a6b8f47d7f6965194c5fe211e131e573abd5fad3f03da5,train
48d9fcd91224f612bfdafc7616b06d7d08db29b9a643b3aac199e4cb30e2475b,train
48ee5f5e3ebeb157bf129e629e199112374118e534276f8d042c49fcf56cbcf4,train
48f08af9cc8995580e2f01474ad4014c596e64bc0a7328a13fa3ddf1d3593569,train
49003d9bfff046aeeebd1a352014f609f3c57c459913dbf84ca050ad36049a64,train
490580e5e739d7c94080c55bc68265af93b966a8a82f668ef0c9bb17b369031c,train
490d46ba138b374313136a31874f77b2b8fad901b5e24964caae48568eeec33a,train
49164477ac24d83db4755a4284af504a23d46bdd7780908be9a94ad60e5a3903,train
4929a5acc4613fc8a66c5ad42684a3799403ad8188916c0c2ce3b6b5bda2b46f,train
494111503eca565f3fe078321116d36423eb8864102c16cceed233b9663ebb6b,test
497bb9c3f741420a3ab85081f337de6bd86ca4e31118755fb720a3cefda9f04d,train
4983eaa038f82ee9b5c6df627d79838bd39831b7c05203c1c185c44af2660a2b,train
499ba1166c78346ec5f8f21bce8222b75e049b8607314751f21cd8f61be5fedf,train
49deb851c97b93a524fbfe0500967fccd3cce40eed4eea1d0e52b25fb5865181,train
49fb3a9b565bdbe580e55193ac6d7a1fa506625f77bbf690e45218a7be0d5175,train
4a08e0601ab6c2b1160e0ff905a75b58040c59bd4040191ccd72bbe474fe7be8,train
4a375dc39ef33c6e4d895a694eea109e1f0df1d2ecba0289d91e1e1ad365365b,train
4a7a18e1df09ae0f59eb3d265a2324c36e9d805a0d7643e040be663f545bb22e,train
4a99671689f1f95ee2ed5099c98ceccf6171c82e694fdd696c53814f0e87c58d,train
4aa8bdb221ba976fb24f7ad88d09a41f5c6fb3cc4421df0555e0d1297cf0dccf,train
4ab67005484473b9647a07ce53e0aca285c1930cdaf68795625bed7d65e28c2f,train
4ae7c8c9438798ebccaae117ee6c3b778f9a9218e1f3451aff3d8e9d59684c9d,train
4b71c84dbe40072574dac646c8890739c61dfdd3146052bf1b28abac8e09bec8,train
4bc1cde5199aec5a36b85310b89b8e107298367c36484c1045fe0d1acd6c154a,train
4c2885ae962a17b31b7987530cdada09b55b612f315b3244729adbc098585931,train
4c590ffbc6a9a472843a108326c257ef37332b8fbb5504de65b60eebb2c2a4b9,test
4c7166dc442d13dcf132833fc4248e578de0b2ceb12bec206f514db2b77f569e,val
4c73b52cce045cd8f9d0d159f9b01ee0ecb3247c04535f002f257a6955b2512e,test
4c843f26b249054ee25e8371f1447c82a174abe678a69c658f2cbc1956c11479,test
4c85ea54224630c2cd769f897e4b5dd5e25dcc786cb178771c5e6dab1f514103,train
4c85fccd703a8ac2e995fe7a23123699b7bef92940f45566865b5ae7c7b136b6,val
4c8e63e4747a56389f5d4a0b9b20ec9d889b7bdbd41e4d9ce992c9b7597bd714,train
4ca7ec1fa5c90be5ae35139c61efefd4cbee475ee574b2a3e6862d47f099804b,train
4d0b27e81c38ecf0e028076c86b928b0bd689dfe0a9f1c8262f40693910e960e,train
4d0dbc3529727a11370d905a80669dcf32917fc7d7bd71f1db21dcd14296fc2c,test
4d307becd33e9f82cd3d0c56ff719dd664ab97cad8b48dd5ebfa1195e03abf1b,val
4d3b273b0d7cad1b49be9f6462993db838d6b8d44bee9973bc15dab1259d48fe,train
4d90ef10cf39b57224c934b57cae5deed0e7f469c536f9eedb2c3da5677e5a2e,train
4db73df1fac3f7f501cb1eebf05111960b72b2b8e0c19feb85e883e596f7063b,train
4dc138abd60c9306eb146616e2c88ef350c2aa3466795c5f03fb8e54119addf4,train
4dc7fc6853f99fb458394996afc4ae2910222b312c4636361d61c9c43fbeeecf,train
4df99e151c57e7dc3362aad7c0510ef263cf2742b3031714f7a43d434fa32939,train
4e1ec54a747994c058b358270d322c6b32a9ad69aa3ecc067366e16b8450ea16,test
4e26ccf35fca37f0a7afeae43d9bcb8837e4655889b982972301831727c283ed,train
4e525639f11d6e3212ee86f2abd646baa3f81ec20a58e631f09f80ebb089aa3a,val
4e955a6b0fa681da88f721be3b86f70bfb1b87e75d26781e03a730f62fe59e04,train
4f0ee0e642ecef43fec96313721be6256d413e8a26cb1a293e861fda44e25b30,train
4f3df6ebc16604bf1f0a56b9a613c5f99629d8e95177f8b334728ca09aa0a8ff,train
4f3fb31d82425941d5bb63b13d8f52f6c1c8e163dd4eab3ba7cc7248bd59265a,train
4f52e38ba3b136ecb3bd2aaeeccd5bef727b9ad623a33be76bfc2856cf5488b2,train
4f6ff8b21dd20057260bf1213d6d94c2fa26dfb9a9ca392c3091a84a639bfa8d,train
4f8c226cafbf634473216b88a0f00a036b9f83493010796869268e7e730067f5,test
4f8d5031929b617f9d476c9b1fb77fae5447ea6a49959000f37d0dc510c65116,test
50216fb26c2bdf3209dca0ecbfa4ea17601ba834ec08e54e1d82fba83698763b,train
504dee1d4c5c03d3c886960c575413cca0231a836bdf05f6987718c60bc00026,train
506f5fef4d853a7ca7d5ca8472c913fc37a1624388455dfc4e63882caaad242b,train
5081a8569efe7faf943b9d07afb91ec73e9624b6918b2f87c1b5505c18d451b0,train
508f4935fac200a60f13dcf674962f780989cd58202c250b6ecb931473084b72,train
50a37b125567d7786ad0354da4dd1b14d0764a0d7e3e1f56284447c52c6b889f,test
50cf75c666f65295cc6c61f6519906c3843b5d5d5f1e12f99b2acfe10ca61ea8,train
50db0a0af566fa052914173f0b076a05b34781b180d1f49d1a226c1f301809ce,train
50dc4431e6b2139821a46052e74ed93613d33476d6ea8a7b1fbacb85d80323f5,test
51059864cbd4a3be9160deef5fd29f8c8f9333abc2ab5c921f25f62efcdbb649,test
5141fe42b15c234eb55314aea500426f76f5c07ab61730c8b8d103260da72dd9,train
51463daeb7cc74015182402368051140c2065bf9ddc0bfbacb218d3ee0fdb6b3,train
5192a1fc92076a68a6c7bf341e837345e63d1bcc6207dd84aec888169f0b5c12,train
51b47dec75c4f3279493d7559bbb7bcec34cf3bbda1adf95dcc7dd4777238d9a,train
52058f7a74d9d60561d01f7af7bfe565446f98275d4e965c173f7450e998469a,train
5230d597ec3d1c9c83e6d3005eacde3b1015dbf8f52dbb675a03244fee87e76c,train
525a86f8f8ff5b870dfe45d7f31d832b9394435ec804ced8969180d95c98ddfb,train
526b21618bf08e6c29b1ba4a3190fcc8bad3867f51c13303a33e25aa5fbbb648,train
527229533836d06537eafa0c3d9e450b27d3f474bc6f42967a4cfd99afceb2ec,train
52d7a6513dc5eb559debb4bcb13d4a946468d1d72d72127977ad8cc457ff75d1,val
52d7cedf2efbabd50ce485e4b58b5d1ec4a3b754cc21de306af2964b8afba187,train
52ef1a3a82016e33d1ac876082395165b9444debf3ac64f27d4abddab68f021f,test
530056388ae2de90f1b7086ef8bea79c15852ba90870d196ebd36d80cbac7a71,val
53391aad747e418d491ab82d8099cbcfe6d258db0b4bacb7ab5e1ea14874bfc6,test
5359d11713c295dfca23413b221fb202b9f6b15db048ef4f32bce9480a145dae,train
537291301dc958a119e8ae2b8978d7bb27d3351101a7a8053b85ada0642d2f40,val
539d19cb7777228f587b0ec2c069494f3253ab47db6bd0e443d5fb3c08f025dc,train
53a14e30d04f58365c9e83edc66dfe309094d71190ecd1207e38aa994df67fc4,train
53d733a59534a1dc8f5ddd142d9894edc3e96070194672c97a41b474c43dd78a,train
541347b1bee20a2a790417dab3fe217945b5881090bc7a73a2f169b554d67985,train
546363d1ccb1adf6e5e1a48c7890951b69a975192264c7fe866adba6777e0f49,train
54667547d85921bed238b8ea945c669c3b65ecf1153567d5aed1dc5f93ee3e91,train
546bafc9fcd5be4d4e8906047ee038d619a9492883099e901df0fd20fd0b15d3,val
546f330eddd3ee764dc0ad3965720022801fc47ea00bd00e591888a053e314ff,train
547413574961b3d1698af2f3369107d179f9532af9f40a28b3f8382b461c9d98,train
5478b59e59185d880f995421af7b1a9ea17f0ff83341ae8884e0c9489bf094e6,train
549660be5aef76195577aff9d12f37677a1a3e26f5d6935f215992ce5d8eb593,train
54a03467d0c43683b39ec9221615499ba6f6199fafc8b700ef53d5436934c661,train
54c87ec4188a5a72b557f448cbff57ab0d47ac1b86c83e47035b53c78a47f29f,test
550259483c69562161bad92005e5f473fad77759f0d2b34444ef21a41252c0e9,test
550ff75cf2493b580296f8291067f03b4cab86969e61018530b22c82118e1251,val
5536ee58346f33b42941e85ec2661411ad06b0b553ddc7cdc15050ae85361d09,train
553b647d7eea35cc04e804c4c38150ec707fea377db471f431b4fec804e47d1f,train
5545d645d003a51c33cd98b195768adec2a0021601c81f7712dad504cca88bd8,train
554fb90756eeb7eb3c87a4a69caee777ed5533267d85be3b2c03bf1942c8c868,train
557c7f3a76ee2c6b9f0627beae2e3bfa7ba9f536d75e3de152aaa5afe98612f3,train
557f7679226e5594d7bcb30193e586cb96ef04629e82c5e60d2a5e787c41b15d,val
55880da13a443a0bc470ce1f9dd555fee84e6095d57bd4ee7796faf52e508abe,train
5593c2f74db3600ea50f3e82119767a44a226df54a380b2a95f99096ec17876f,test
55a4fc5726391c35a83c934d6bea06a81bad8ef9f65af70d604bce0c5588b663,train
55acf390ca1c2bc9d889623200871387905dd0bd6e5ba401f9be77ba4dd151b8,train
55d4c89e28b7bd9294fcbdd2429d553589c68f6f66beb5d3f552d4c08607a3e6,train
55ec214a806af301de3631a6e7ce327378f5668a33d1dd400b6c67c63c0a6dc8,test
5620983b22d7e1953688890d54b92c776cec10560cab49e19095fe792fc7e4f0,test
5661edd370b56a0e3f86ed91a3d92c1e3c53ae2669e2c7f186e6d5c5713584f7,val
5683a29cf99f82f0e3da8389bbd031844ab9b09f4cca72146017b295841cabb9,train
5683d3bdaa89958e630ef48823189d47b8103eb4447efb68ebb99f2c44fe88e6,test
56c3ff63e69edaeafc64374339fc259bc7934adfb4d3f3db49cc21896d99db39,val
56ed6b462ba625c633c7a8776fa7b44e49b3bceef23b6a245779a66cb2e61eee,train
56f356b685363955890fd22fc0c2fe202341c508f768221e8daaa533ea051186,train
56f666e00c9191be4abd16a0d5517651f0bd5307c5a73066ebd2046e2cb4970c,train
5720d0c469b86ee7437d830ac9b7817fed2d2bdc241e596b38b8516ba4b1d354,test
5749c8a99ebf24dfd63d4e4fa1e206b62d9b89b68a433e1fed2211b4e5e2b54b,train
57c8a4fea86a7e035a9eddaa120a0e8db1487875be535a17b52f4f8e1f348fe4,train
57c97c8a1c2a910e2afce4e828473c5ccfc8e62b147abc72a5c6af372033da97,test
57d16f14ca8e074d9d8667cedfe3eae205f8c45685bd1d70a4054dcfc25f7d3c,train
57ffe6b980c6dcf811f44cf6e565c2e37fb0795b1872395b016885713977d0e0,train
58203dd15c9fac7e515744194f85712fdb419dac5885e10363017edc4baef195,train
5825c547c6c852c649ec09a97231e7afde170ac582e3d06ec81899c0e12a60df,test
5835dda40fb54ac7b42be0a170b86bc44abcbebf9f6684d2060824bfdd57cbf0,train
5841ca2734f8206f69442c99d2d7ec7dfd78e65a129c66689a0d947e66cc1ea3,train
5870f620c2961ca2ed38516a5eefe8d0fc222ce55249aac97f76165200d6fa4d,train
587490c59f5cf694144867377b3ac4e749dc3e709342e7f1daf83e9465bd4795,train
588ac97f39b19aab70fc7f3b7354a2c7604730812852b4beaddb8c271cdb5b97,train
588d74f295bd388138c97dea65b1c2524fb81b6d7cb4d4c2acc5b162704f8fb8,train
58bceff78b8197bc9682184864769b7906fa49183754e77ed31aeb9fa1cfdfea,train
58e207a2d65a065ec8e7c830431e265adb5dc4051f05696f27ff1152ea49a7b2,train
5924f2d565fcd282be8560f0c6f6f076215738b0b06b178f89c6dca1a07a45ba,val
5925f72c60dbd531d9eb94c78bf6e51f7e41abf81bda89966f0e97a02badb702,train
593009082d728dafc63f98585342e8edaf37f8fb2b7cbe8debc99659be8e9021,train
594aa3665953589f7283ddb427fa22a0a056fe0f8bc17c53a460a86ca1167cbe,test
594c3dfe066b95cf4f78283e04aefe93c01ecedc2146cb979212c409c64da716,test
59bc6cd90e8a86d0ca0def5b1f3f160c101d7a953d06f69afe660da31be0f0ef,train
59e83d9c41175338eff9a2735768213d8ea9c203c5d12edbf2c4b5f65582d8d6,test
59ee32f836d60dbaa1014f2def388723e50a10e0546ef77e6f5ecb72ed77965e,train
5a00179ed37a59587c0b8bdad22afb3f19ffb3340e5fd55de5f81d359fd76c58,train
5a048f5ed48db4936627a8735ba8a7b30395ac7df1a9b2c70d3e47a6e1dc6ed1,train
5a836a79d9da5133852b73b04a70caea064d85d2e21cd337c67d7b4358c183ac,train
5aa2e8618edf491638d7b45710f6a752cfcab1f60bbc0ed9c7fda131cad41878,test
5ab446f4b193202a35e8860c1a465ff7488130a7c50b21cb758e91f4fa380fe7,test
5ad3e8763356ddb22f25861d07dc965da59ab02ba35d4c743d4cc5afed5d7e09,train
5ae17010fa11133256069d6595d47b7705be275b28878718246444f919f7e159,train
5afb42e582e5c7f3e241adf7a5799dd9ed71ca4b16daf1fff4536982f6abcf58,val
5b01e77a857dd446d67b106a20a3bdc78b92dcef3d02abed0a0a6665124df871,test
5b1194fda8701084a187d59c5da26ec86939d058db0daeb99ef1398bfed46166,train
5b3c3997b3e7e6986700d2e58566df2c0e1e687dc88b428446e5b2e70b128f67,val
5b3f7ea7ecccf8487ce543a56e8c5b29f76e5b0fb44c03b6093d8d99af55061a,train
5b715e1092f294b1895ab24288094589213bfbb9ad669b7d70c054bca9e073a1,val
5bb82290955fb5b3de633c3eec6c14c9696c4f31bfc6bf230e7f109d4fa6ec3f,test
5bbe7fc1364d124cdf50c935394bd9495a9efe68644e8edf0588dfc8d0f09430,train
5bc9768335cb53ed965b5b45615c41819681902f4e349f9deb3dffd5983e6155,train
5bcceea064724304837738756bb035a4e8dec7e90602da9c6b9fc57035d25fcd,test
5be59dc12e1a7421a8158874e852e6ee1ec61c0de7f03ff9155aba115f75811a,train
5c2513348cec51e6e6f9e955f3d6b0148e5c73c31997c50699f50dbd482ec230,train
5c366b9cf4ad20475570c2b7b5df3cdf8c6edd3db116fa1c94226ddb1289f480,train
5cad51aefde6910f2cd82f4af90d192c239dd05cb4238e7a13c56b058fc8d3a1,train
5cdd70880d4a0db3dae836f88b9edd5f3d43f4cd459a583da4cec1c4d62d99f0,test
5cf3c6cbb042e44cf3bde4b4c6bddc174e539587bf779beb2e8b6eeedf245d4e,train
5d1c12561986d143ea0ef5f61dcf94b55ee13e642ae410b4d9abe326d2be8554,train
5d2af56a322bd45a24a8951338f818718b5afee5fd0539f665bec12d2b33ee57,train
5d3625f607a5a0fe9caace522b91dcb451bcc7c01d213845461594529cb771f5,train
5d466dc8b285b1ba4276686d10a523d91810d0b697420e5345ecc0cfb7ce198a,train
5d7f7d7b02711321b8a7de4829a912486a42ec65b113f8b7fbec0b1acf363836,train
5d975259fac5406b0523b10995527230b9b627214964f9d265c13beee6b84538,train
5dea271214d2d01b378ba3fff8363755fc9d19000a2b752b2fb9f1fffaf89367,train
5dec379d64e17396f590b3096280d793c67e07df0b0dad824afb7c8f0fa9608a,train
5df1ef943d4898b76cf504aff3df2850cbac5c91b19b959f6596288cc07b52bd,train
5df6960cdaa68e6cf0f14f75c3d73bec6a42852086b4ad9146bb63f7a192dcf9,test
5dfb84c704895067379c8f7ee80eee138bd4c394e35c1b29fbe086f04df6784b,train
5e5781ccaf4023ff3516a2502c0a0d14381d8d1525f69e216c3daf6920e77d99,test
5e8e3151a32676959ea224e738edd6019af601e98391a72802cc2c31be0f71bc,train
5e9a58110409634d708e0116d2f6bad701dbb5d8efc30d6c558658e6b5047fe6,train
5ea4f4726c470e92cfd63fc5f0e252e2de657a1e50d49f27cdc1710b13a03d19,train
5ea6206d7ee0894b31f75aaa3a5755e594be178ffec8869bc225ea24c70edf64,train
5eb0f17644fd38b0c475c3dd16047ec5138e2acfa49fa18804623b617945386e,val
5ecfdfbbf68f570d51ccc9cecbb6b75db469be39772b31d34f7d9b54d33a6339,train
5ee5f3c34a1db876cd2f27252eb32a032f1bd5bf8b5ee31c18c582b1abeba8e3,train
5eeb48e5bd0169b86ba36110d031f5bfdca6344892b8e1d3095519b772f1408f,train
5f5e36b2eba0ebdf16a7534f9945eb3313d3e9f79e2e058b87b0d34eb07925cc,train
5f6f9f800ac97eb16a64bee16d90e11b144145363434de6299f8460bb0c19656,train
5fac49959d6af55b4576ea07ecbce0d0607cf9b449008c41a02c972bbc1def54,train
5fb3397a42f216f2b2d6291a80a6690617c7ccd32d324d237837a77afb85b7b8,train
5fb94412410942e52f259e3f23b9f16d5dcd0a383c21eefba706a484dd7a9c8d,test
5fbfbff13b92fe3ea4f7d1111af2fb7c3e5e6565103e68e5e527ac46cde79c3e,train
5fcd628b76f953ef24093d618ad7027fb7210c7a52c9e471859ad17eec445f67,test
5fd4bc58ddbd37355cdffc7d47fd8bd20a0f7cc57287742555b97383d87bfe3e,train
5fe817f7f1505bae7a7453d5ef7e21366cad0474c21dca7b744f972c87179f63,train
5ffa709a52864716860e0f703d9640b54f80b224c7f5b836898d6622274ac8d2,train
600277621db42f7155893ab82875edbe5328d4ae7d77c5f957823c9ec04f5fdf,val
60c5076c557d88dafc5dd0ce448f30eb797d92aebb158bc225ba230f11363407,train
60f69d9670acff328af78cee336eef67749971bce2c5d4f82001775cccac99c9,train
6105998b8d24e1f0c7a94178cafc42eeda8ed1c7e152c6ec1b77c24b897bdc06,test
611b51a92199b301d79c0f181df7a37e41a9de0b936588ba6292f2a4c81570c3,train
6147eb791b61b95a4763037f703b085746b4466ce4a3d392956eaa44dbfe51bc,train
61789fb2d7f1a19a6bb408d5667e32a0747f2ef7182e7ec2b3b1bb090e04b8f1,test
61a3306afa2d649beaa88d2a7b1e0e90bec3e395f738a9e294b1b060c900ea33,train
61af42a53acee2320d5604ab71095f6486c37f8080a3cd42b16b12b3d565c4b9,train
61ca864d429ac5ff4fb5f4b3c4d5ff8ff1c9381e0f2ab713c0a56ff8d936e5af,test
61d41300bda02e68a148eb5cf23d520618cbb1e8a4b4e227b1623e3c7d1538d2,test
61fadc9eedb67233cfa09d5fffe9ffb58f95799030e87559cb25295b1f8f2f34,train
61fe72093a1f4d5bcb057d19ddf04dd7cdc4d966fcb044e03b15389065891dbc,test
62367d15647fd950826f10675e95f0a517ec9a4fec0cedc745bccb7ba16500ca,train
624aa3f43af441c2979d39cdd243fcc8b8c5ddad337acc610f227c24c3cdf9f1,train
625e608610c0443952102ed3aeefe5c9118e6a657c87bb015abaf16c60d2571e,test
6260b69d1ef953074b87e7736d6c9f47e4a11b0cca3a2b979c8df2c5d47166f2,train
628b6ebf3b15e1352e9ae9e742fa8ca80fb8d3c13934f1d00836d6839eccde3d,train
628f7848726ac4f6c69f1c7e1b7d9ee9840503b0bda644d496a7199402233942,train
62a6bbc521b1a41fe9c563387016f596b8f2ad27dfdf00ab75326efbb0ef0872,test
62e44ae75d0f588cc09be3b443d9ec08fddfba9eaec9f09a115b854ac08e7457,train
6365e21bde4fc4c4d58c753d2d8b78012c23357ad605f86537e9e35f2c399318,train
63886985f6945922ad2ba1e8785a789fb15dc1e08a83afa14dba507c3d400b6f,train
63bfeae6e65e3083b90a3859bcfb84b909c506608cd6d8e10e5b690dca8536ed,test
63c33188e4298e944ac9b458c394fd790a17959de6e7a3031364f4d543ac6e70,train
63dcf2bc956216b8117f306302d1d3a273f8e44c729d24b7910d2aad1b3323bf,train
63df14ad501163b0e5cc6f61d47b2cb3f86c453cbf492123044729e420b3b0ee,train
641944f53af199b6d000090f27b308bd2ff6757f4a8eded83fcae5b9515c50ae,test
642c44871379ded002ba68242584dadeead2121da9929329b67c80ab5268ec42,train
643198f2a9e59adaa073b1292695fa8937cc06fcc629cf95e9cb8a0a57c9c78c,val
644272e260c9d3b60e9dc7fb706d8df3346dcbb92ed99e9f1c2262d9ddaaa0ca,test
64449a3d377658af1cac94f7eb8ae2b5b6e5ee9a3d7724ffb452a5ffa538c7ca,train
647007d945e5eeeca76c0ec27ce1d580fc5832dd1b7fc3145b68cc84fe9d17cf,train
64897aa33f29ee1a77bb0f2170cb9ee3bbb93412dc773aef6486e50c2a0ad43c,train
64913b48a017be9d490690b73fd16adbbfde19775ca974dbc1f9fd461bdffab6,train
649b69e94e83e049f8e869aeeaf376ca7c2d4c1c37750c5c2eaac55e5784670e,train
64c71802100b2582704e3390e0ec9ace589f220a6ec20ad0481bf6b97a412ae9,train
64dc2378b9bd581b3be3cdda7ec246c1487940ffc5ce0bc48cb1eeb8dce4eb93,train
64e4ec956cc6b44ed7c54e2319a5dfb7013b060efb94202ba0544465901ced87,test
650d5c52ea8d8bf569a617aaeb74b4a0cb5942137040780cf2b8b96a40d4740a,train
65542b2d2936316926ef4e74c2a26ba183083a027df50d3ee8b6a7545820dd1b,val
657e0578629dd65bc875758d956eedc47493463f07444e65cd2052fe35ac65bb,train
65e69f8ee6d1c14ffdcc21af6c754dfb24bc6d4628759f6a3e04bd9e3965e331,train
6608e69323b045293825751252af0b5ed0290977b14bbd4e7268b4e5d372f25a,train
66118c8bdc2228e3745912c273fedd371839922a7cb1793a2b8635fec9ea30ed,test
66119ab017131d80cf00d60a4a93b79a8acfd7a38c0044dcfa6238ee1f78c59b,train
66a64664cb7f01c8d4c77ea0142d9a77baa64ae746619d43a6abc59eeae21b9e,val
66d61d0cf420db692e7dc3e9f9fe4188ab4260234c9cb6736a5515de84f3737c,train
66f445f83d580a92b5b467bbc9288b21728643e1c21885c35468c5a1aea035db,train
6702fc1cab6d01a064fdaf3d7daff1d7371ad218edede7c657087fff2253bd67,train
670420a65f76d39b21eb3791d4ada064906923507ef12463541344c2b31a5d37,train
675e0eb14ae4b9880dc4f458ea1b0d6509078a07905f7f0519a6b43e2d81e4be,train
676018c544a35cd5fbd5225a1cc11f470c9725c7dcb620e0cc1bba6c4229def2,train
67b5b0fa379a1d08e3be2c57fc6aa8b152ef8195a262325786cd6825dcb650f8,train
67dbe5dcb0e018a2afc551a23fe2f7b2fa74737b039839b6f3ea86978d50c12e,train
681a68465ca67682d4ebfb99049d93694ae91818c81dd970c15dc4e4af0c5806,val
683e92a4226d9d45b873150996c4c033b93fc506448a6d3fda5a3c1b385080eb,val
687944076963f43ef2abc3d81a8c655184ea289209fa204bfb39239d6a653624,test
68d1efe6ef6fd720294b451ab91083a8f31ea5413344036ff830d43450fb8aaf,train
6958a74f23cbc6ff7aae6628dee692856628f8580b8ed5df1f23e378c09b7f30,train
696a2af86a89bf4afa369e59d2a8e446706d3a089f273b0c5d9579aa3c8d6164,train
69aeedcd3d6d469fb33b6a8f9a9d9172644cc3ed9396ed273c1f9e58aeea65c0,test
69b4000c6dc1997df706ce188108d0dcbf944e1bea3049b63be1b7335f3fcc9a,test
69bb65b9e5748fa267c50b07dabe0fa51b45a6fc0f1356ea9de718aea11896e7,train
69f4c75df78117e94435c8b89dc64e73050d09aef8548ebda7e7363011e5c40f,train
69fa22bb0a5a1dff53f31bc2ea22b20697002a53461ba0a9ddacd14335f757fc,val
6a0afb0a9144f51fbf3e845607b45b124a250a8cb0996548900fae18fcfce526,val
6a215e87ca1170460a02781cc23d47423196b48dcec2ceddbc7cad40b094bc3f,train
6a72c320ab23bd397491d964fefd412d4a79dd4075326d4650ca3d0e99fbd1a8,val
6a7c586f40957010f76febd0f2b6fe5eeedf15671b7946f64e3dc69bcaaf50ad,val
6a9dfd02a10b0411a01b683e76b2c41608fa1ecb3e50db1774d45603737b1ff9,train
6ad133d77b4d99cc453c5c36276dea8f956ad7b4de41ab4e743e8d696cb93ff5,train
6add5a247ff5928f68dbfe9dec5ffceb1e26b42b9ec092e081dbd8fb67ec5d0c,train
6b258f529c42dabd7f632517b72574f30a1aa00a27259f3873ff73bc72bcfc60,test
6b6c022b9bfbbb7a4ba1dabbf85aab699bba868b7d73975aa5e72c28610cd02e,train
6b765e4dd21de7ecc32f43f955f79c7893506583d5afafdbe3e14395b1751140,test
6b8118030b24d3e7b264541031fc6f2d77f3e4a231f80ca6ba48324e3fb6207c,train
6b8d1974e1f1db8883b0827d3bd28d7a9bb13b3b2b45ffdc7164694e393b01b3,test
6badfe2853443c7780d11838d9f95b32eb3fa4a3e3903f2f5f21e5c0ac5af4bf,train
6bd6138ed1204e265be4d0479b8bfbc32f4c0ef612f6e84ff217e770be60348e,val
6c36646b56663af93d94c881bae79794210de6030f45a4c890f332ee7523e946,train
6c8c0115e059c9bc22086e829cc9e60799dc0347b4df5ae2d784c340479b27e3,train
6ca58e9a5d2c5d7b88d96ac71163a32e4d850bc272e0b983234aea250ae31ba9,test
6cbcb449686951c1cbafb94f3f8d828f3a156801c0fc99fc38bca9216336315b,train
6cbff734ba4eddd9c30dd535f55a24d528fc8ab27e8ab3d24f60bb1e58adcb45,test
6cd1fab0094d50b9f7c72db6cee99f595f285194ddc92857b42e6baa5d79b338,test
6ce287eb588689f9b78930678bd3e26eadfc227cb99bad997deae270b7561737,train
6d3224cd3dd4cff911ba83aae5f58ba87d6c82e204563454cc46949d42eb596d,train
6e004136ca5ed399aa80754eb5e10e24f90f704340f9ca6a24a19a3addf3673a,train
6e51f9aa89df837bf77c96c93b3c4ce9517344f5140192d3da2fe1d5436e58c8,train
6e7ec9d4ee074c1315463f753dfa8c175ce5f2a878a7de8a985b8d3aeb743afd,val
6e84358116620521f6c2b3895d6c6d23d68bb849ec493fbb73080fb722721309,val
6e9127578b08d48b942c1b89797c4956dc437912bd6b8aebce85c440573dbb9c,train
6e9f3be616ca5b33f755bb5076f212460f7a4b0533d39c74a34b6a4be4c2621d,train
6eb314036f5d497c5f3611b6bc15fecdc2e51f7755a689bdd9f35522d272732a,train
6f54e42d86bd687dc27dce34e0e25f6d1bebbda42c4761e8ee3dc00b2de77cc1,train
6f65edc4f8ad2d2190e3a588f756b21e941f46170d2933dc26347e024dd73f5c,val
6f6bf7f48cf5c22b75fa4ff6511ab8bb63f135892c896add46f7e207259c9d76,val
6f8f824e257b314f3eebf844e728667a59d2bf82f7796a87632788933467f3ff,train
6ff4ff2d78a35f558c4a19c41b5fa63f0abd16aa44e04551f1f4b79246d2ade1,test
6ffce992f83d9fb99fc60ea459403cce5d8d904c2d265838f5d8d1d0f28ab940,train
700d2c87bf30af8cf81ff5bd528d1f88455283600c76524b8e535bbde972a240,train
701046921cd3ea8aee8deaa2cc32f3bc2885bb15751b365ba1767199c91d36bc,train
7049bc33e4d2135a8398e6cd9ab92016e67986e483e0f9c2569e65e76b962fc2,train
7099bd7353068bf3310d912c0415ac7ab3f5211d5e22bd119039367457b1d6dd,train
709ffb4c5de8f3e47d7ba03e92fef4e4fb23f9a864a17b10f3befa21022802d6,train
70a2b82c372af6f7eca53dae8aa1ac17ac7330d2e987330c6ff794c975f06b2e,train
70a3a8b4525b4ef51575b25aa9d79329aa95a103c3bd3354ebe89f72e7e914d8,train
70b7951d4f1ab8997d73ec3ed0f93a4f94fad15b30b887b25b3d10ffec6761df,val
71150c75c11cba2e34032b0c3bb48d3968f2e30859aa3969d406ef80fe44da80,train
711f20cec4cc8f3336ef883eead703473459f64df9495d68cb73cb8e1d194b62,train
714efad070fbf0ea45bd1c3fa8049ec3bdae194fcd6a2c844ccb46a401876aa7,train
717770e8a6d2f157ae1ff889a3c3c2d3239b8d1315e4566a465bb5389204a06a,train
718417dd55be652b788c60adff38e395b4669cbee57025a674876cc0995e68ad,train
7191612d5e860cecbd7f93cec44324f56eeb525be8233ccf3119e371b9054c51,train
71935c9939d110a9e2dcea910a078608e243fe03059f2da661cc5e716d414aad,test
71a988c55554e72adb917a3ef7562661f5dd29723f6947dac14a92ead5949880,train
71b0a393c78a107dbc700bba2800d1916c23c08a53d3b8f380a7e45c4a857961,train
71d79381ba80e440fdd47361cf64eb3801f12d1601f6e870b7b8cc290bea2b5b,test
71e782a7350c637b35bf31cfffcc2bf5f95f48231aadbcf58e9c0bd633ddd4f3,train
71f82792b0b5628cc2714ffe2f43b8272c1d0b21d9e60f9cdbc4c0ddd83aa666,test
7231cb90c5b01f81997f443eb79f26407d116668572748050674c7e9dbb2686a,train
72406b3f8316e11ba8b06ac292753d31535a4a2d7ab1169f8710fdb2550628d5,train
725386237d603faec5d22bc5e6543ecd395a0f9e58dc26a4bbb4720009e3bc19,val
725fa7ed9ef86eecc8801242dcd94c170690cf01fcf81c19c7a1edaa8f3f795c,train
72d75bd14ec80fd10064df1a122798cc6de9ea8df0fdc29a6523ce72b6493677,val
72e09de2050d5cf13f40683064cd97bd82a5c7a1576333b0cb1e88e3a204ab26,train
72fb33bf241f76af6b532e97a973f20361d309cba2ecd125ef2f0e44e3a28968,train
730a4b59feded32c764844e37ed7c742b7834bdb55a67657b22ebab6382fc04e,test
731d7e50d4cf6aa64800f7ffdcf3052dbdb7551bad2ebcb1573933f7231d76fa,train
734061880ebfa1f59f802aafdb7a847272d96d035400fc0b846239473f76928f,train
73489a23cfecd00df9633b596e377a20768706606e0271d46b42aa02117bd07c,test
7348bfefbe66926a1e3cc4369b09cb26613fc25ffcae081b3bb68a35f1af5774,train
734d799b81276fe54a4f6e3fe307ea63e5c5212c90cebac36c468ec7f70c1ad7,test
73642e1346f636edbd2d5599e7f7368048a8a1359f73ff85e7eb8324332d689c,train
7365791f0872030f9682813c4b085ce91e3781eeeb02a24d7c6e8f3e532dac14,train
736fd8fe23be1b6b0f250193f3791678ce1c25ddeb0ef2d8000450abd038b85d,train
737f93b7b376f5a36faf7f9922cb9f7657afe0b8035711caff3153f27b3b69f8,train
73dd657dccd5e8801620e9e8df195324b31b93b81460b523aadf540f4a14bb45,test
73febf49f4e1fff9d89f5835b22643f4636b68dc174444221ebb9071c66cf79d,train
743174719719e6a50c3c98d4d2ac161a5f76780de5e6b0ad50da0fd02479fbc3,test
7439946977e236d4433e22b69bf20554db3b876a821251769aa85c4f25770096,train
745757f87d07ea7fb907009484d36680770b0d423deb1059969b7d4382431e4b,train
747840a8b07eaef2e1cd058ae804ada65d5da6c893db731e9e882077d2da4dc7,val
747e356015de1d4ac1642168ea33008bfaa8a46a1c1938461ceb5b427d19f519,train
7483a82d36c66e68440528c12a8a59c886c64125a2740043f86d1b047c72a2a6,test
749674243de7f667d6d8deef38a36a19d2bf3b6169af4453a59ed8fdee433cb6,train
74a1e4e2715efc91fd04de8c31d0da2cc57d2e0319c68d1b6cf32d7046b158a8,train
74c84dff0a114d3f2d5c185a8e896ad857d46056347d6b95a3013b6e80450e57,val
74eb40aec20603c6f5d87ecadaa5e378dd2210be1b1e1ed88c91e378a9a4afb6,train
75291cd48d43d2acde8fece4be885e1a29dd4ef601ce3d0754ee1b699044bab1,train
7536c300d9cde395dca75e44502ac962db7542d5f2478f48783c4984b52495aa,train
755ac9f8fb59088271f919aa0c916a405b15e5562d6d1d3b1ebc2eb9883ca5a5,train
75be13e07ba8e33c9a3786f6250f8306f8c3e5785e8bebc03e9d6069483bb93e,train
75c96b0b9a7999ae9ac8a8371e6f284e0d6a91886c63041a5469025894fc1c04,train
75d6ee672aa8c264444b4138d044ed5681b82f0c9c099b8c44cf6632cb733c60,train
75ec8649f0a8082c76a9f78dfa6442f4cfb72ecf9f8d2f6483c534ea9b753ca5,train
75edbe1e0709e4ea11b8e983192c3aa18b5fd8d7034b7ad24290801183a9579c,train
75f4725fcba608234ddc8f9a5ffc582c1620e941687add91ba33e75f8107ef9b,test
75fb153dd7b7e76eb4ad461171d50d00347fbae1c42484a5de6d3a573e9a7f70,train
760a49b43c4920fd28146aa415781e7365e78dc16604380eba6c9260dd59ecde,train
7623a0810667c78edc4b6d6be61f58e94d526723428314a459281fadc8a1881c,test
7631d3d117c2203d3223483fde9d4656838b4de27d06e374abfb3ecd2ebf8815,test
7661f509e3303198267fa7242f66a96cb6899d4e476651950a32b3cabccfd4c3,val
76e571ef03d5c5f79cecdddf3f313ac21fa755d9a3bf308007dfd32edaf3acb1,train
76e9d194c7fb132ec91c19c696abfdcbb6c13a4ca7f1ce8191a21cd0adc8ad70,train
76ebe1b9e6519daeaa41923e7c77cc6a5deee149d4fa800c1d87961eba819b1b,train
76eecac8c75f6cddc79c526f9fead79a96a95f9b3c3249ffe861f1ca4df7467e,train
7714b2b4441195ad594412c649b9e93f8efbf3204444c5166595a7d9d9df448b,train
773bfc8161ac69c6d1477c3128f29388b0be1dc5ba66c320817573ee4662c160,train
775e296d2ac0a1f85f21090dfde22af1fa66cfe257ec9d3c64b9992a74c6c883,train
776d339bfd58dffd293eca811692582e18f25479abf3af949aec6a494b5bab14,test
77841bd793ea4d6eb7f253996201bc154bcda792315bedf6eeeb0171f3fb7ba1,train
778af909ce193d7893a119ea2576bc93ae5673636d38b6a61cd399af919d6436,train
77aa80c728cc4376dc0e5ce4ce155ad25e6ca13c12d9bd7613aa7fe6e4c975dc,train
77b5c68229f67881e1278ae6dc84d705cf7a680e69aae2c355649a9bd3905df0,train
77cc9596032fd1071afe2e5d7d9c9051ec2eef24071ecc290932806d632e0891,train
77db75b38517e2215e69e65b7048f7e3c8d12b711b2c29b96c408799678e53ac,train
77ff378bcd9e0a03a31e76fd3ab14524e73dd1f59e401ce6888acaafa6b6c077,test
7822902cd2bf151dfcc34e9e589d99176dd88858b19a9754b3372f8575d7b506,val
7833835da08e70ebb0290dd2af6b8427394603a9945450ba4d1dfee2f18b39be,test
785f4e7802ea44a31c33f3bc6d41c303c9faa53c13ae34c84a5a1ef42fb1cdf2,train
7864aa7b580da73a1a47ba135b646d32739c97c7bb210ab8af3f8469cf1c8180,train
7869247701c0cd2b64797d37d852c47f67809c0bdd7d76aff559b49cfc0933a8,val
787a39117b4886d3abd8682bb1d37d65b0a15c48b2509bc6c0564f931d2db41f,train
78813bd89463305816359e66bf726691bab31c6b05ff3f4d13ade41983459977,train
78af99a6c27f1309630fe4f84ac5d0468a2c13cf58de330e925f5b5776b276a2,train
78baad2d43f4da3585aa32932d4e11234d94ef0527309223480d01d1cfc0e3c0,val
78c04a937fffda5413dd0054fc54e2673e34463855ee50f7a950e8824e992247,test
78d78432cd3fbe83eabef957af1945e578e5f1eb01a36f83f1e0dbfbbdbe854f,test
78e10c9d7d7287ecbd16132293e5362df363bc2dbbcc6bcd11d6325701116cee,train
78f9ce0c7549fb228f0f8ddb8cc8844a4f6996fbb3b0bde4d49da7885c407ad9,train
795e21f77daeea39268a27451a73d6a87d34aa82fb736d4ae5f2dacbe1815e22,train
798d1697583c6e6673293f36879511ad1afb0b699cd940baa2f1f0a6180d1862,train
799155acaa6a28e517434674c7771bc2f951932fd61c3f9645c6254d7e8d2f57,train
79a78b82d328cff5420adf62b89309502a4d6e51a4f171647e18d1c41c810981,test
79b039093f25ec758f19361d70c4b9a14838613de7935da207b0ac019cf99800,test
79b35b8a37c9fbf70c248e80231a06d4841ac66321f9710b8f55d89c23978cf4,train
79d87b50687e6c4593f0b0639604d056b33fafb7cd93f3f92b4f53878965da35,test
79ecbf0e93174191d9c6407fe70011c7e509869fe6794089884ed39a450095f2,train
79f59c9ffe1636c6b30be4b1eed9339e9232ca9f35c7d571db0d63b771e22a67,test
7a1806cd36d4cfeb7b0ed794cf51c68f3307c4d7ea34dc6ff613f5a3aa86bee5,val
7a203dc72d161b4c700d45c24ea847ce4a09ca72cca7447288ba81343eaa3fb8,train
7a21ecec4c5895767592820b419340e3e0deab108f91aa5a43e40c6105dbae22,val
7a43bc19af705a6793999104641c352e9c9d7a0633da82f6495dffc947691238,test
7a4b8184bb668d79987ca643e164f7b78217bfb34e2accd590fac3cc0cf2b0c9,test
7a56cc9202d016110dc5c2141f413f07baeb9c6cfc3330599c07cd3f294ec063,train
7a84558d2e1216a2c18b115356bced2bd4afdca5a31fca42ab5c2f66c4bc22a5,train
7aeab564c63e09ae503b33063ea5b60eb30a5f8b12a991f9de292ad6b3cd3314,train
7aef1b9e714c4ad6662c4d1fc8fec60fc19311d9cb1c6f6aa0b7cce40627b650,test
7b0b04f39ef82d3fb8e8f492ea8b5e2c6d19adac7f8bd901c3d9729fc74293c5,test
7b1debf464c80bb3720048f3f58edec0b6d2ed9a110b5bd34d3bce1fd79d6fdf,test
7b2ed58f655e5567f7c5f5c48bf9db605ed1a32fee6be74779eda79bee10ae75,train
7b4de12bfa208d95c9561cfbe91002831ba0665ceb220931be586bc15203a520,val
7b75c64f0836cf2c75a8cd65144667b4b4fb2f503f690e79c68fec9b743532d3,train
7bf56862df098f59ca3a10630efb13fa063648957c50b494fd37c9950da67c3c,train
7bf79674ee4aab7ebf7883a4dec9246ba9f8758a5fb0c64c76d72f427805371d,train
7c28dd67a178a3e2eceeb3e5aedc2dcc1afc49ba116e8cbb718d6c021d608534,train
7c81ca3735adf63fec9d28e6ad9c4de731a4044976032b2bf52b40a4b9d9252e,train
7c8850d00b1cd8db90c072809fb534d74baf155c225719a47b05e52dff5ad160,train
7ccf6feb840aa0e95cc7c57e1999d179ec9f676ca8cecb47176fd059ded355b1,train
7cd1d12cd4d9b5e48c3bb16d4a5bf82cb2fd6a243e51783f3c35e0e69afaba5b,train
7d034fc1322159e0c8a25fd213b20d692811d920be96d30673031be0818d9a51,train
7d2678ae0a7a733193c06da8a3333180cd15fc1e02c25a2fa4435b7636a8e9aa,train
7d32ec145a2800ee2e9415f5b99ef8096bf7e9072d8224c131a8027f6177a570,train
7d36f0d08e8f1daf7ed2f8fc081cb462e4e63fb64fc3ac5348aef2f9749bc9ca,train
7d4d5bd531f4de3d09f987a6261534b5afa86e46eecb193acb2fa3d5bb4a083e,train
7d52ae433203406610dc0ae7217c1b2088df95d28097dd311e48751fdad71094,train
7d5faff7f52f57ab2b21c2c1ea09ac0d71698a031d93e941c1dff46ec4e28384,test
7d8b9f1b05c1f3dec8419436f82eaa7021f10a1f588ed719835ac47b1902c582,train
7da99b4bdd77a5b61851559348dc8fc41032446f56aa8b61ca2cd50bb4a84c28,train
7dd5e5f738edfd5566e58ff1ff4e3219ba0f152789c1f8f5b0471f627ff54038,train
7dd7d9a6623496af0b4f12c8df134edb03a47d97ec6ef3093fa1eb479f7e79d0,test
7e146ce99f273eff4b42b3b52749a24841d0302fdf14b20226c22c7b4fdf199d,train
7e43c4fabe650b45852e89728d6f13a9757db618f824133e0c141c2ed864b6b5,train
7e70d21a823d0eb9d4a8d7be4a1e376dfc26199e2a721bd6adbdfbf7dd31b76a,train
7e95a9191227aeebd06013310fa765be5b9ed8f3c0f2bc0b6cc4391ee0b7a971,val
7eba1c5823d537b3f817b6da79170b76d4ce8ee4950464241a7e4904078ad508,train
7ebf96810e7e5e568b23bc156e7c42b09aed1c015d614a3a1333f2ce09978bbf,train
7ecab46718b219b8d6a712345afbf0b193892afd58683e3617cae6b46aace5e4,test
7edb0d64953f6dfed6bceb77f9a6c3c0d91d84fe82c6337139c664467e6551b2,train
7ee73882399afa413b1197e42c83efcc8f6708dcd4315aaa84427add6dd5f846,train
7f26de6e166520f55db80eb6421e0875732912b93d0f81ea7fbc55c4706a51f5,train
7f6feda5360afec24a0c0624af220b278e008afece0f174f4472957fd4ad2355,train
7fb1c99e156f1054f8888fb287ce3fac51b7f7ed5bafbe60d1f8c165e0723537,val
7fc0ad989f884e887850d55e0580ddaac94f8f2cc463667af323f1e6777a22c3,train
8009ae45db6d59dbd3ce7edb669cf479fcdbc666ade7b08e03948fa70b09fef4,train
800d10f3990235653859618d19bf8fb8cea9bc4ad1386570bb57ebfe3fae9876,train
80168eaf310bb5e3201166337ffc1f02a059246870289e5b2421a5583efd80b8,train
804e47ba3aa2f30ca1843d1256e84273219a4b76cd7cf3430c415cea7f721ca6,train
805e772ac6e73b073a86ef7325458349b32691acd9c83dc6b4101409165a15d9,train
80948bf472490741bb5551b2daa473a084c51f7f5fd5e8914f9a70601ea1f03f,test
809bf3470373d2395b69429ef30df7b2626f44268facf0a82e9dcff63c5a9275,train
80c632e366f369e8923c661b96c6958a10b081bb19fb1f8f600d59fed9d1a529,train
81082d07b8289874825fd9a60283587267aa20b5a7f901397b65b06f7cda7ccb,train
8146edd211bf68013ccccf75b23a500fbe57fe567688a7349c8b022aa6307767,train
81757901ae3182e8c00b17830d03332f7d58306c2a8e02ed4ed1ff920be6ced3,train
81bb7d5f1e652fd729a61892822447989847886fbb2ebe8a4be46dbf8d46807d,test
81e0329493e2d6fb958d8d84d9401d82b8ecefdf46f1de072a8e6b34f3a8549d,val
81e1361dca8afd4159151f6667c8783eef8e35a56d20513859dd10ea4f76afc5,train
81e4e48b2b27a7f7bad209be4db730584cfaaa17f3d48eb22bf0c5443bad9ba4,train
81f212ae4dfb09fb7563e2f5bce880a3fb3b5fa656a6971453575bb6c3eea67c,train
82071f86fdcdc77cc47d0aaced39d57996026cb1b0d2098217f1aa0052f49688,train
8231b46e52fb5e8fecf591c87ac82d1b98ba95d6305dc133f63822c07a6f70c0,train
82499aecfd496da5dd7d8c2ef01582e4488bcee3a0a543ee5c0678b14c9d99fd,train
8289d58ef153baf28a39f0d00994987beef6b1d92fe9577511bca533b723e0c6,train
829f6dcc6bb52a1067a8ab52e239ee5ad2a6b4c79558c2827560a9737b229665,train
82bcc01d038c23002590fef19fcbbcefad8999a389a9f933ef00f3358c1f44e0,test
82cb99e85aa8b887bf63a0f1fbe02815d953969abb71984446b64d23c52374c3,test
82d5f22842c9497dfc13188e98f585739ea136d843067111a6fea0305ddee033,train
82e5537581cee551453ab77d79fb056c89719bd536f95eb06440b1bace04db93,test
82e936d8e235b1417bdeaa7070e22a15086daa8f410cd9da2a0605d04f97ad38,train
831b4931a70588b45535b0c9c2a52e500ef8eb1745fcc0d567bb070c4b2081e0,train
8349a3801c5699a7bb7495bb1ede2d4769c823dcb026252e9f3d554c4f17da9b,train
83866f32a18b60f9a7977e7f424db38c5d72d4af8c63d29a1d9e6b49bf3bde82,train
839e646d9105683b7f2fdf7aa159ef859708766412bff8c6d90d4a4635a485df,train
83d9718e2b22f7b0a46dd46d5f4e363f26b06862395e0424e00d7ba47f8981df,train
83e83b0f95d95f183eb9c6f59a15dd47417f5b643e6c313d8cbac8f419248c5f,train
8407d052d5a92e55e4d40b74fac553ad11ba4f38ca3bde4509353b5aaf61551a,train
840db41eb31e18c8b9e4caf8c4f6e87077e43dfe641a5f17ab7566425c6ebdca,train
841ad021480a28fe9a72e4ccb675fae147ab38a527e4a632638fc29a3ff97d2b,val
842bbc9bfe88058b608589a00ff058a8276aa6a5bd3f9cca1f537cb9d0f20259,train
8445b5d7b42de79d46b6831de07df357409bc7580b46d40dc4834d5a57a62d0a,train
8457599c549e261abf89561b9c133e4f975acc340ef331e2c6431869d9f2e854,test
84923e9eeb93198ddd275d72c470336ae14dd177c00d5601a25244ff215654f1,train
84c43c84076ea62bbf70d9291e916972e8c54c567a355ac1deeec89ddd820fc3,test
84cbcd6429570b2b6bb168187d268a11258b1c4af25637cb59186ad440770012,test
84e7a4587a81fad3d9eb291905b9ed37fcb619aaa3810d669c91841832d4d5e1,train
84f886627521a5a15c844a74e007939f23ace2a5897bc94de3c9ce8d06ecd156,val
850d7088afbcc315ad148e4fd84ccaabe2f056fe50e93b189ac6316a278787d8,train
8515597e1f105779fc6ef06d30076da79dc07b436e711c3c659c8110dc023296,train
854b3e0e8ac7e2f5c2af8fd2eb4b4b5f8cca0a060a319328bd504d8457aa37f7,test
856be6237687dbb47ebc7d5ec94dfd610bd0f12fa1687e1deeca670d9c025329,train
857357ec9b4fe458ffaea4d3b82711062ac9f471f9b6b73dc61a7479c00ce5da,train
858c5196407cdd62d76426936ac423aad77dadd31e36e3d0aebf59c073c2a602,val
85a09ac3755edc6dc50ed376a3d1a19c1c26cf97a66d68f85b41b45d66d7ab1b,train
85b4364419dbff89451541c77f296ebb7d064f98f590ee3e44da756f4057b781,train
85baffcb7534747203779aaac120646c1e5b77c3436507d3d99c9a3e7309c971,test
85d329d9d09775a7e02df61ef1d99df235d8a1e695df9a281a24be399e1df9d6,train
86291f63343ebf658134d29b88272b94b9fbcac39283a75cf0f7ffadfd86ac1f,test
8631c0363a6c2c484ec563d0cb69f9e3cb196bfa9e7e6af6c397b2673d4e44cd,train
865bf2da45b9931992bdfc8caf0528c5011c5e5f291aa9f1ff013e55fedcea6d,train
866c5e78dfe353cca390a3f5cac36f938fa02600507ff5ee697f87cefa3ea8af,train
86852725825d58e6302b6f52139e415f49709ac4f1c039a540c65a6d14c2a818,test
86886d140f1809b99e89e03461212ba0378dfffe42b6cff74116c44f9de77749,train
869ee604500163d0bb0675640a61626f442149da25d8f77634f0f9c5209fd8ff,val
870a879f87355210b1494002f7c3a9a8a52df7c4cebfc35aeb0cf5c5dbcdbf03,train
870e2a6db0c482a952be73adff03c6ea8f54bb1b200cb8a4d1d6d20e84370af6,train
875fc88d73145bc67c7c21201f9bf0f9bbfda0d1944ae0638a0f9df1671ca891,train
8768a43054d1c9617f75c7f8e5cf99dc13a6dbd96a5a354aaf62cd71972ff07c,test
88327980c500075d01ed712742a9b9b550b70fdecba4a06bb1a37a0704f4c4a3,train
88493d6fad0ad12dc29ba0c6f17936c884653bca10b07db8dc0fc872cd452998,train
88a6eca63f4a2c6e31b8875bc87a7eaf24707130dad80558b5fbe77a17741e3d,train
88bb3c25cbbfe692d86634f14be20f792acb9ac2ed065b79cd1b1a828456b51e,train
88d8e0ed436a96e55b294a4e0935971a97e30e5b2623e13a005d9918d3d9da86,train
88e44ec5f07705a580d7f56f1f18d349bfe70d0b19579bd5ac2c75e691abf09b,train
89178e46f3fbd80ae3ce262a4ac08da349439881cb007534db41061211471445,train
8918e7eff9d255455e3310ab1e6d05a537d561c887ec49ab9fb7de45fae2cf87,train
892f0b3b17d1933f0d874bcd555406532654d4365ddd8a34388b077f3c7dc2f7,test
894c1cb6a14b072a2b9d7ca3113757f645d64641104e4234562f67edf17072fa,train
897460d3e6a59f7e234b084d7d7d2adea58e617b725b911a8581dca5f68fc70b,train
898857e928580b1e794a2a67785306094a75ea08efeeb08f913c2ad23b18acf9,test
899e77404554a7dee9d52ce6adc3e2085b903c77fcaa1c262f633fb28d708e83,train
89ce4a8ca504ffd0562ec995e4b55e25cc0d9c3ecc9efc9aeadbcedfad724a5e,val
89cf7443935f3c36c431413409ba545d58c557655d4f459557c6aa17b2fb2778,train
89f397d86e32326f24190d3bcfe7216947a46d0ed8c6bdd78944403c5973f4f8,train
8a5b8b5f5302db01aeb30739cafeaf55b8265f63b04156a11c10749aaf09006f,train
8a5c54fe352ede856f535d147d42ed721baa18a8d6a0b22ec6d3703a3ae3d2cb,train
8a8e5a85dfe64ddcc78bdcded8fae92cd7bb774568a6509fe18b119892457890,train
8a9ade32d04739c276b765288f3c899f6365d349b7f413ce127e8f256b758da9,test
8aa032e93d766389f5121d0b902e7bb1684cdefeae2f48a3f2c21bfda8eb4a11,test
8ab658635ffbf1d42b22677686bb4c808990c729fd539c3f0bca391d068e974f,train
8aeb0394071ed93ef784cab84dd7442c9f99c2e77967bed34a4da5f3c0463ebe,test
8af2c142076323cb7dd1b90799df60dfc19b2335a8e8480a18edc81be9ceac9d,train
8b0c73fbf035799131af6260e763728d44d8492dc776f2f94badd7674784aecb,train
8b3eabf85bd2ac1dc8c49f3b1f6f850f52f7f2477a2d22483e80d02d9d9809a0,train
8b4cb4e78648e7f324854397279185cd474e31054ce166ca2de80476a38119ed,train
8b6ff283e5040d989a533f063698da8787f192b7995f426079d42b8e0ddff870,train
8bba3e791d4968087c37cea0c29c9059f5a5763fa8788a63f86d975eb871fc11,train
8bba87ac0b2cfe77f35db31a87851b7b2b7c3bdb7bd4fbf2ae4af90728d372cd,train
8bfe216bcbdf34b0a136e5e3d017549abe33672f15acbea510a22379d75cd753,train
8c47843b5cb673a377e07d0715cac6640cd4b35e3f85b08d3af609f71c1cb5bb,test
8c4fbcbe8ee9dcd213f827bc088c2687847061893f340b23a270fe33a28c0e70,train
8c5ec0ca419af0defc82b6c7c3e9c5cfe4bdc1d477722d0656b92c65e264c288,train
8c6d9fcbf020a2666ff6e13ed6475069f463115bbc5ed7076a9bcd520c06e259,test
8c77d2729c2b6dbd6f9d3dc1ab05ac11c2232eeb2c471f3fb642bfa11b94e6a1,val
8c80b5598d2f6adb52269daf290122854c47e2456fd1cd783f4f2b96ec6d7b8e,train
8c812e489933a950e1827f87650a8637ac0f1c7cc8176c3e4e218f1f57e5c101,test
8c82f95f3de645338a6049cded270ced57617781033a2e0ef4d57e61fba1725c,val
8ca05ed51e3d00f7e85791c9386d07fd9f4778c8d5e902b828ee18e5b91b46e8,train
8ca1c90967c17c3f8ee48c48970fe39ae9f703b4388c852dad0cfab303287f71,train
8ca7a2cd9a0dd721f496e5d3e0beb28911ddc8da3b028e2f37681b7de757b1e0,train
8cb2900c1da8d9551451a2201c89cbeddc6657d4ba044dcbf84844757481fbf1,train
8d2f6d210c5209b62bf7344a805c695934964b3b03407f690bfc68cdac361287,train
8d3fe092e585f69aef9614c388399eb7b043f6625a69d7b87f018beb00c09c37,train
8d8640285fa7983a9611ea80ec7f2715e39719fdfa93e97e83a5a9c195540069,test
8d98b5a029d9352de5a34a369d6809f424b27fa40ee6aae96204c1d72b416297,train
8d9a82449efb90279b4829478b95f6063f92397daba32cc331ab9dc674de6666,test
8dd034d0f171a0d6911bfe1008c0cac2edc9ec29c4d9dc561ee8df50aebacbe9,train
8df04c55011e3043b0610437c74a1a14c0b7cca471ed61a57bdffda50a761e07,train
8df483965f51b2480cb209ab7db29920ab16aa1238bcec611c54ddf5fe3b075c,train
8e0fdd2d1ea3c52e8d8ff6f97d1020289028f9ada3e7a8591ef679352fc40877,train
8e3c79a38a4d5f050f70128950703b404bdbba0861a02303e11a0dba91addafc,train
8e59d1d58ba28d0f717d11eca9061a5ec2a24a97f0b3e51b7e94e55ea515b806,train
8e80b34cb3abd7452f295e6a68f781b15cac1b1a3f1943defabb31647ec88c32,train
8e8c28ee3ed85b85f41d1ac74bef07af9437d2b56f12424b1650807109f97904,train
8e9d2f7920fa7580d29b758a1b5a7ea5a4253cc3bf3022fbadee312fc502a503,val
8eb478f823a6475ee5899d35422ceef31d93730a7a93745563026c4d42180398,train
8ee2efce366d9197244195fd0b247baa7f6978d3d1a0eb7b8eb49738a1706c83,train
8efe71f4e9e31503b952f69a31608ea5a6cde8e8e15179e93fdc7ccaa774e0f0,train
8efe9b42580d0d2e73184ca603529f2b4c718e0d58a93f04efcd4a453bc329ac,train
8f308d19b4a691edbd666c32464274f273bdfbf4dd7ed9534de7c732d23f150b,train
8f7fc1e96d20e57ca7eeec95b1bb4d0481e7c10f5cd31cd1f56fe2cf1fd7079c,train
901c59f2557e3a072a9900bce4cf822bab91fb919ee8db92ad9109e99cfaafea,train
9025d2874e2e4711914b2fe57ed224dd3eb7ca2835603127c2aa29da6d439ee5,train
90288bcf09ddf9696bccd2359beb27457b8f5c3a95157dd73c5c8b9fcf871610,test
90491959d6a0f7921cd46f074f18ed5b26ab57b02fcf6948ad259bd9bce82c32,val
9055c1ecc6377e9e9c7a7315efae3478fc5c896637d4295604ea2b7a7b6c7de9,test
907ad60ed1aa9bc60e56b52193ab068d96bfdc9d6df52a3159f854ada213029b,train
908ef1d314b43f3638ed9640719aceb8d2032bec61a15010c4a2c67daaabb653,train
90dfdd90773d8a09bdae44c7d099b5c425145193d3f83b5978c18dfbad98b59e,train
90e9be00a8022e7859d3aa50143e1159517037a7dc5420a9f5045e36a9b1e334,val
90f9c6f30647582e825e9e8b979d1e1323c3022307b3268d2b8e6c2b9eceb847,train
90ffdae3318b3e497dcd3656c7d7972e6c616d09ce5c53cc7b0a91bb5baaee85,train
913a348836fe2c9d56957955a0b739c44f4cef64d3a4a45c01a3b3b54109620f,val
915166c1bd68cae93bef4814cc1ee2e2c32f8e8f71ad17b33d5b017adb580f79,train
91818e55334c52aa6aaffc48d6ee3c6d5892533d73b76091d2e340ff41fb3c6e,train
919d4d029247d7414368019ad347146b865d23c636c665d43d80e286b1dc11fe,val
91a88156eb973738bd23326f9b2e5257bf6e7e075918dcb7bd28c8c8484d3352,train
91aebf54481295b2bf3eedf8bc6f2045c7456c0c5a84eb59a37ea691dd2c1c1c,test
91ba62a99be91f56b43cdbee077305805a7ebb078dba9dd2bc3e01220be42b0b,train
91c081ad9356aeba29c6a3cfab8bd43134fec544df5d4b6a1b8ef3ec38b0fb5e,train
91cf8b318f8d8c6672a3f9c9b4c068249102f6f993e44904f79d35c2e9fae5aa,test
920e77433a83a8802fe85304fa6ab8342a9c58f715a32ec34b55d931fb60a3dd,train
926ac98843ac5a347c53d52326e28e5b6acef38583fa1d02fa66931b87180bfc,train
92797d2c5adb51831e97aa4436fd8f72d1a2b1fbedeff4024e9e949491d97413,train
928eaa910be2b0d67a96f11f58fc0a2eb083fe66a6ac62309932c2565a573e27,train
92ede19dce23f36f29acda2e355ecd032e607aa0361406b1e236ab1d20c324d0,train
92f7f31396931a3dacaadc463d4c1bcc94688f7375a32d242a850c4c7a9a590c,train
93002b2de7cb0c9653a44241395f22cb26aae796ece42e2817f42cbd83428be2,train
9301c05572a9672cd012fd32b9d7db1e4c2f7ee14220b96bc7a0771b0352c847,train
930ee2e107ea9131c67b36c51924b84646680dd0efeb28dd4726138f497b42ff,train
933254de4728b11410b32dd991e68a9fb3699cbe9b38b81ca328a1e47268bb42,train
93490e9c1467b5d74d691c29566b27264b030363110bea83a48ec63223ea7b1f,train
93521bd756bd0ce4301b4914d04edd85165ea50d557c22daebff8caa16ecaf7c,train
9393f824fe141607cabb72fd5a147a2789794558d01f07152527ec31cc72ff75,train
9399fada78822fcd32e3afdf15dd86cda01ad10bfbe155f90f14347ebad7cdec,train
93a1b0783020706bd1535492a121d40aca48c3b7435e58be45c557d6e68e7048,train
93a6b2f582c8eca572930bcbea0e8f73299f52b19c457dbca868eae91146324f,train
93bfc1c721fdfffab3c848ac049883c678d6f5a1e9849261db7d79b865a1081d,train
93ce919ef34ee131c6e72672902dbf390931c216b16a3de8c2564e3f3f119a1c,train
93e0ef196bbe2da4b80e6ee1d5ba818a4346caca1e98286e8b7ef3d608fe1845,train
940758dfe5fc06df84429c62382ff4dc2eb9e93278862bbc15931ac8bd20262f,test
9419babf20cdd38aaf0f2dd185fd78718c25bf351827a856ed5617b4d8120b11,train
9431637e16d9a09d2b6e9d6a45d6d4503c9a1b0fb3183517c48872dd7a64609b,test
943253d158f87da8e7bbd7ad9bb35e0399ef654dc39986c7934da92b9bbb8777,train
943330a36b62b39b5562eba644d55c82b2ea86842531e1fab2bf0c7b37431137,train
944f10cbcbf4d50423a646ca8a359ef3745f3f5fc499f9760cb1c84b68f6f175,train
94702257ab2d6a1a3da1e77e2f3b7796e26bea6a124d6e8885a430e39e9cfcb4,train
94bdf10d40303c98231a99dd69ea4d366229396f7510b262404a5d4e7d416513,test
94c59fbc3f01d74501ba545a4140e56f0ffc20a011d308ee18e214fb5c975ccb,test
94f0d7bb0ec26b349de7c2870c3e5695e7a6df57be391bf31ea0a388a05d5c08,train
95004ad20a31aa4516204a43928b9d6909795fc0c577e43372631d02682eed47,train
95236a24299143d51bff145fbd628c438f2d3d46d0891bc8e5d430d002f6edc3,train
9540875d5a705f34bb1841179bf6a3bc23e9f2fe56ea88f1c0d5a3cd82e61a71,val
956bd04ea436ca2c32d91f67a666793e3b6d0912becb7a96585d1518bc11b03c,train
9581d884875a31d56465db8666918bba341eea2e223c2d00e0e63b4d9cadaea0,train
958763922f2d1b0fa387294c065e9ee935bc0ebad27a9cfa8bf438d53cf41f42,test
958a1638439a86aae794d104b09f239d52674a0a74dce75532446f13a9b4d0bb,test
95c272dad8e8068f50b6ff687bac758af747ed0f63496725cc90a034ad671a3c,train
95d557039af3a97be6e5006d86ce2772f2d6e720a7652ba9d38a9abc2b9772ad,train
9616d30959b20cb43d5576610d6a873e73dc8fee27d8f91cd35b6ec843efa99c,val
96396ea6a335e1bb3c5e8fde2828cd946438f3408110405cce64a073348964b2,train
965ec3f008badd924e09c3d25e0ee915995fd82f9cfa701a96c9f8c05050067a,train
9691eee6f45760d613640bea76547ade19b896473853b21e429c55f361f797ec,train
9693ae90fc184cff39aa58bda2452e2597752f7cc23c9755fa303a75643e290d,test
969985b1f5eb8ade57eb9a8687d60b7ecc3fde0fb04b09526118d7c78bce98c7,train
96f79298e1b81010594b09565f4214e893beb63a0f0ddce3cf41e6c1387b1c8c,train
97007bfc959c931aa1b98b2f4601a2c0762b835fd094d5dfd16c360352b1a22d,train
97090bae21d1a047c184b667ffa58b2c649dc54b4d70a298d954b145e68a6dde,train
97129be1b5d903b1d71b50564ff820cd34996a838caec3f9b17d36007346df6f,train
97563366114384d2b4af96b4b6a54f3f8b81c01e251712255475b4bbb3edc977,val
9766adb903dd1577bb1cc67348a523d31ba9737309a5c8377e215a0f7ebc9da4,test
97986401fb734ef6f393b301d034c92a06d7025bfa2c57be9b312d5205aba0b0,test
97a1192c5ce70729f5de2f9c90b11d3cd38676808701a9fe9107b5c1eda140c0,train
97b1fc1047e70be34a690de2ba3fc3f13333e117947a88a333e02852a1f1936a,train
981b7a1d239c250c251256aafb6d24299574470cbad7c7dfc6fe95bce6fd3acd,train
981f173e1e8cfafe5e325e2243967b042e4fc08b3ca759fd146bc4fb0c6ed119,train
98685d1f8c3d239f0bb61f167d8d50d4dd70f1e4242a0a4fb5058331615a283f,test
98a08eb63a6b8d5b611aef31d6cf3e0c84d7d1141fbd3a501c49cde89f161ee9,train
98c2c1ebeaa4ff0f8e0b41a554b21c72360b4ed7a8d09aaa8b5f8b651633b2c4,test
98d0ea3438b322b78b5f6b734ad20a16adada1bd371ca51f19a4a537bfe4dab8,test
98e055912c0bce1014ddd0181fb65f01d62f15ac909a2ae0c057a8c422b270be,train
98e29253b813bd4acc846b6ffe4ecae9c96d14f98740acd5b75b323ce0206272,train
98f5f2105452234a6ac3a86a5fc4020e08a9e026fe109deb46347352c0dc9f6b,train
990b5a74350a407f22d8c526e54dc06dc1bafacb443890d2e28d65db3c124617,train
9919245baa034ad1f0aeec6c705dd3b62de89c96f4e2ad376a49984d97770d1e,val
992b915be3132641101c1d6d0d21b846944d100a32e6197afa1e48d93225efa9,test
99bc23c59425157f4f207012f2adcffc9b1e80a5f51023e97e8e6ac1b85384be,train
99eb9ee96b7def7378021152f17d0d03b90440f8cb501fe43df388e747823bab,val
99eeed39533f1e871df73bb01e6dd8dc400463e45ad2f330820aff1956a1c205,test
9a391d51155151ca822a5d91769f179e88e3488516834e92e1f1150d1d503a84,train
9a64fdf56dc6be19bd4b0795c22255fd2c8696cf203323aeb1c54cd711c8d3c9,train
9a78e8aa0b64c0e608a1ed348953659b66aee146ae8d453f85ce09530386e110,train
9accb0c3e96237f8832460873cd1cd220dcc8891e0c0d63501cb6d981ccbcbb0,val
9ad95bd9c2553e751c504abbdb8ce4b5740ae5711cb93c927681841e02552ef1,val
9add52be7d0cc47a97f70f8cfcbc6b418c2b4f95dd3236117d310684893a6090,train
9aed66a0baad22e7d90f4dfd68f8fc0bf606253ed9fc2ffb8d5832bf7b981981,train
9af3aa335dac7877ac4e65e1102678257c10c451a2619a402e91ef9ac76953e3,train
9b02707b82e6274609d43de6a6b004ebfb2fae01717dd311e4ccd43365265fe0,val
9b05497d7d6d37c4f7d4ba5c9e5f8ec31d60c4e875a223970a3fbd415b162589,val
9b45bd0ff578ea7083ec41791c049bead8c904ce54e25a290dd314eedf0107a0,train
9b744414c58d4233128f7ccfc4e0bf8feab7afb4fd550bd26c48b72c788d149a,test
9b7edb7bc832d7a161d9e6efb2cb20e2f8da683c896a110c4dff11c36d91f6c2,test
9b841e80a50a754ba513f8afb6f2e982adee7f78c5a5ed9c84a4eaa62f32c1a1,val
9b9dde893652b22601dd71b957a4fc1ec3784f7ac7f892145595f2aacd0a3b0b,train
9bd9cf2d8448088462ac2a82a543e403c6e6d4953a1b441a07b18a8a3de2ff58,train
9beb43642464e77a1c4c7a1f0c012c73ccb4c784fdb68138f9a9b218a2924dad,train
9c3fdc23aee2b961a9c122226e1bb68939014204dbac6cc7bbedc932094786e9,train
9c83266f698771b71442c1dd5e2c665d9116ed9f5045a7d9c0137e23030467b9,train
9c8cc4243a53bcf0a962febf2de0b710a265057028940bb1769dbd8b781c64da,train
9cbe9f17a769580bf832fa17f9cef97188e217ea906d7cdbb079f4c2cb6137e5,test
9cde3e6226fa5d7630a2ddbccfd15cba10bcddbc755eeabe1ca9a5d017111eaf,train
9ce3041173fef0f065508cb67f0a3a8102c858016be46713460e583e1034168f,train
9ce4135051c191996a5195ec541092f99240be77c7bed28cb29f6115cec5d2cf,train
9d68f8eb21658b4093dd19a919711c609839ba0fc3f0ecc3944769e5df2a9dfb,test
9d8beec49d5cdb59c618b553647f925e601c108034b6a47c0f01e83027796212,val
9da689852435cd4d0db0c9e4f2e87eda681c0454efdbe0a51e359acb32f99f80,test
9db2909f82e5ccace4005ecb34fa3a483536fcb1f2870eb44dec869ab927a8c9,test
9df85437c80ef1c4b8f76918a25796e33be07c92a9f94d610aa237b09a8c38c2,train
9e496c61eca447276fb6466fd6e6cb01908aa654fe5b34e8b71fbc5644cba61d,train
9e4c840ec7366d1ac8ba7d3da14047bd1184fd32b91f3d32e54d527a1339dbab,train
9e6287e12f8b14b14be386223d09421aea4c0ed01c66a37e72eaf88ee291e6dd,train
9e68d844b6553155656bb6ac7546fa2aefc7e03ae9c3f24c4d403cabaa472a98,train
9e7c36d52c9245107145b939aa632843488240ec271bce671d72565fc2626aa0,test
9ed919774f49d61d18eae72472279ccc4043162a45e3eb56bc204c51b5267b88,train
9efb09f2aff4d8eaf7f11dd9e0126cb000e72b1980cbe8e26ff6e04f642032d3,train
9f0dcb8bcb079274b2fec5ee897ee7a9227150dadc6a4da839e66a649583452f,train
9f6e66fa42a98ba31cffa7b396af883b137824365a0f6badd8d161fb775cc9d8,test
9f8e5c0856ec0aa6d5ffa9a9c404cad5f84aef031f4601beae7c28782b46dec6,train
9f971f7c5ec86aab6f870aec111a0ca76c39fccd9cf94ce623cea121319fc4ab,train
9fad00599631dedcce2cef6db5b63abd8b49efc74ef8be6ed90ecffc885871c4,train
9faf86abadb4ff59db81262e38f855de95486c408882f5b917f0b67e116054ef,train
9fc0d7fe9149dddf37e887d486ca85f5e222654fa5d64d08d8eb4f7a596c628c,train
9fc22752fcf9d92b3a78e5add69cc7a9619d568479c1b86b1dfaeb3f1c3b1317,val
9febf15be83e05a58f542a55f4a345dcf068db3b19e5787a3ab7f6b2b75cb30a,train
9fff1c55c4eddc5c850b662cf380e69e089345121d83c8c51a260a71445896fc,train
a01ebdb8b9dc481f70801a69e90ed1cff2f446e09b66af1325ccb6236038988c,val
a047d08af83405f7444cd7a135c46d54dead70ca73a5ece35c486f10d0995931,train
a07228964fd8d093b4e144e8fe2ebcab8dc5a1969cca03379a05075dfd2e3d78,train
a095766374fdc532619002ad5cfd177c9a60730aeb05a1f526f75585fc6a77ea,train
a0bfb7455fc1f48c8b8c8c33d784381dce0e747bddaefa891b37e758e660e42e,train
a0e42940a43f7c1cf151f52954562a17cc7bac605f2e404fb7aaa9b1bf89900c,train
a0fd946747c759ba515565736c0d1b2ef0af33a6aa6cffdf24c85822ecce9e95,train
a11973e474ad4963cc0b92f319b0f87f00940f5f209b6ffc65b2512903d18169,test
a1380b313ca1650efcd3f103250fff5d3e2e9382d88fd9b17de649214cf0d2aa,train
a140308cb7bb2bc647ede11208d2f921ba6c53f1b417d3c4e94c45c64f15d3e5,train
a1653c672c78158b7200a5c85f3ed73f0f449de71cd1a3468256385452ce466c,train
a1696eddc3b4a8b966851474bd413cfd3ac9c050539d133e1d9af8e82a601c0f,train
a19915f44b434580261650a6bf9b27888333998b398f19130dc41ac25b40d9e8,train
a1aedd76ba40d70bd0bd14569b4e672a18525ad6de5d67f9292a5c073eba8857,train
a1bad1b92d8196e28ec774f74b70e8cc81219321b13936f556f18b1d6263a173,train
a1c6541a985de1275b07490134a7091a9be9fcddf622d28bba4c6f244b0505d3,train
a22d0268b3fec17897ee8a5ee329835033a4b572ae5fe74be3f78c95898c425c,train
a2ca4a7d222fc1c973c6d2639b83082180870f38ab2bcf9975def24c09ba8603,test
a2e0d5a541456ad629d4564108a0c3b19fc4e83ce40224e8cc55179e0d15750a,val
a2f98a75de867785f2f898473fe49fa0b23f84a14b87afe5ff3e39845ae2d88a,train
a36e4242507d14466582c14d4ad687f8e330395728daeebaf7ac9de7dc7c9bbd,train
a4198cf90c69bf365fc85cb0268790e4dd843eaad3d574cb3bae6c289e64b5b0,train
a4289a040dc9219453ae3840ab22f9a347d3f004c2045fe1725ef10850a12f04,train
a451a61dfe9a08a571a48e51cd3d915a00711212d2ab306d40176a9899f57c61,test
a45b9021e22b8fbfb02874b5a058dd167a3ec6b6cb02cdcea2cc45619ac400b4,test
a4710e9fa627f5b5513d63a403e89aa41bd71ca6015749a2387be6d688dba88e,train
a47537437bc921085f678e7811cada6bec316104c02e45d0aa5187d688b4c62a,val
a48584538f358548fdef1ca74fc9fb5c74621dc917fbf2c080609565878b7120,train
a48fa60b040caeb122b530e535e6e9d94690b12e5f9746c01a9f7a67a707939a,test
a491f540325aae4697851d783fdd5fd73dded063d8f1fcbe7dab10ffe3017c92,train
a4be9fe630b9684934c33b091fd7d97d84a58f2f9f3c278357648beef71f9ca4,test
a53c8f5356de416cb4f97e2bdadfce8dde36156f51b4555513c11afc5715d304,test
a59b57bd28e9042725a3fd2ab0b549e2abda58e47353947c3dc0096efe48177c,train
a5abb5a664c577869f051b74bd1cf6d74c50639f539679394f22ca836a274c58,train
a5b2b57f0946b7aed47c66f563ccdf55ebcd4d2530329d6ad28a33392a615c79,train
a5e1a4271c59d72ea06b6c8746c49cb2e2eec1d11ed93141aa3129a6d4fc02c7,test
a5e4b49ee934bbdb345428690a62318836d9f9c52eb6289c2ddc1225c797e462,train
a61062e1cb97407027de7cf4d9d3e1438eb752c52a6adda997e192f692cccefd,train
a6180513b16abb2a22df3fc8afd61ed4a9d8524d908a228112cd160cc121ea2e,train
a64965b78d0c50672f545bcde557b0b41d00591e1c4cf8aabaaaf2bec9987bd4,test
a66e4791d0a40d71fd9a29d3a341ad343eedc77872d43195245dbb838a6e2969,test
a676537144e96037a83b49c7e935fcb73fc91a14aa7d7a16da66650114fe087d,train
a67653d85602c8932a507e4c2aa9edf5cc580a34ebf5b6c4aa5f43332726a323,train
a6af38a98c30213bcb2294fe150e9d203156c3a2230c55b19690c5eaa63666b0,train
a6b04891d811a3b9fc304a8391f1ac9deadf26ae3a692e44e56bc309819e63c3,train
a6b6e80d892b15934c79235b99e6d4c00ee8edc5958d5fdd5a39bad1df862157,test
a6b8e009fc8d296b16d75c6db8804cd402c288747b39673e296f5a1c972ead29,val
a6ca8549c4b0d2c24545f3078c4ef943468ff459ff4659c247117fb02d958cc7,val
a6d7bb304b4979fd537c4f64befd1b1af1d652cf863a94145afd0d5c595e74c8,train
a6f73c77a5dc5347b259f6d8a2f06972957d28e239109f57541fc94802bc32fe,val
a6ff6ff72ee797ca630d3c762eaae8c6968b9f7c7b5a2b3448772d0feda99a92,test
a739b5fc02157a71e9982d38bef3086e433eeea99ae8b20d39fcf8fbcf939b4d,train
a741ce28bcb01aef163d455044fae232c017d7c773eb61eebfb26731a756db5a,train
a744c51b01af2bbeded00ffa19f2fb9a4684ecb41c4003bee809e66be2e978c4,train
a760321f14cd74242dec5af4be679ac76363d59287becfba9e304169adf5a913,train
a764f5893f51daa2b02af732efbd1eb4350706d1c40db5e84178b57692ec2814,train
a79302e7ae38c92b2f5392ab20ab36e00b869fa6846b6e83f5febd91beed4c86,train
a7ab1cf680b50b59b3d95f83382e3c2fc3301e60d9bbe1076f3219d85bfefdb9,train
a7cfd64e6c300a7b6889145811145698526bd3bf0742bc0e70aec43ca25289cf,train
a7daf7c5e1c84fdcaa2449309744ea3d1fbb0a8791e23fcecaeefa1b9f75724c,train
a7e2ff7ad619573874bf55c5707574e831040dae319a0841b660f63e848a0df4,val
a82240bd9f091f29b90abfa48c170ef0e1a74be931786d4165b5747717e4c551,train
a82311d73b1b822057b98f3d9eeadd58649f8e091ad4a2122d0a1546ed09617c,train
a88a1bf029e8933952fc1178ca30dc7bd0b9a195fe5f4408b966879b8bdb1019,train
a890a64312d05085921c7cf2e0b5ad4a61eecf05f40da56df4c8edc14281501a,test
a8c9eedb3372a067ada18419b8305c4612872224c047e8d954e0d435af699fc5,test
a8fcf03194292d5b7c443028c14003d0bf1b321ed0ad51ae31e8a0cd466a8cf8,train
a902abb070a0978aa9f271ca990af023a4102ede195608eff63b30c75f006613,test
a956736549ac688318286eae807231c0e520dfd5553e10b10bfa69dc463e1046,train
a956c6d82298f76ac137740ea8b8e49ce7cd7998ef98a3c1ab46ca49dad0dbc5,train
a983a2437527a4d30108ec55a5de8fd31b659fe1c79732fe2bfb7b53d006b243,train
a983d38fe6a81d28dd158e6232d1be7cc3c44f09e53767ef0672e4e6f80ffde7,train
a996ee181fd1a0f82131723c2b5a03efa9b3c4b99f13c3d0ad1239cbe0b9900b,val
a9990f0d8d8601aa075bfd5d84935966befd11a234bb3f86792be976d0fa5dc5,train
a9c290d3873e2b3f78f101c4fe25655b30dd91ed7a0f88cd253664a0d31d3760,train
a9e2b95239ca7adee8b6ebab0c89753d797e451ba826f33a9206773ca0e51f54,train
a9e8182de7a9f0cdc77c323414503064fc91ef817fab67c1a1d4d311e0f0f7da,train
aa3b3d4400944e184cffc3bb9d93c4e899972d4381058d4a7d449eef6ee95e02,train
aa40c16eadac74b3c2ee5fc0debfc0105fbd5ef265d32f59140a613260e0040c,val
aa4f2c6c4d9112775026ed4c071202a26a826a2d4ba98eb9aeba6b0d945f991f,test
aa50b335147e0c7e2822cd02c1973acc4da71a2187f42fd68490bfa886e2fcbb,train
aa578ef277c042bf99d36983864dafc07c6ed87ff0ca7fffb713b18a3f443d0e,test
aa5b778fe54ac2fcd8dc0a2b7571c62da3a5b1a2a16236ae9d233bbe1b0ac074,train
aa821e22bdd372da2408bcee9332b7a546789b026885900484c24bc0ecb7c67b,train
aa8d91dde42c58b7837fd9dcf533afa3051e89e5b0588dcf6004382692003bad,val
aa9626a0ce85e914e4a00474f1f879e0b5d86601fdae4e2ad39dea7a6c2aa6cb,train
aaac847e59011b27eb697bed9efec0cd283094da17e242e981cdeb5c7c59647a,train
aad96abf6dabc5f2584a3e79fc9350307f719d9c5d45e4c3b86035eb7b4568cd,train
ab01ee1c09a78f9c514c087c179206b3440802df55cde1f1de5c86c9d980bed1,train
ab055ceb950142938abc750ff65d331c31a9c1700e432204c59ecef52bbb0bd4,test
ab0e9d10ad21a44c47764583b19d6bdf771682b2cd339609bc9c5138c50a1cf6,train
ab205e82bf2fd5ad4a0f6e206c6d4f68be2cee0af67fc6f4b46f310c28c543ae,train
abceba051088d3050775576865f276427d1ef91db900598dd590cc571692cd3d,train
abdd47a22a8c5ef71da30e2f78d9e2f1e4e96a8ed2a257ba74352087ac5b735c,train
abe755be530c54eba88d3d2d95143fe7481ceb56ee03985f56ce94af82b995cb,train
ac1eedc829774a4ef63d5eea32c2af434e3ab355b515d9071f8b604841be299f,train
ac2a0316f55a091b455f542b2922279330e6ce61a3ffc6ac26a4759aace3fdc2,val
ac2df7ce37577204c3a350750c10983738ee9c433102662bec65a1b6b494c9b3,train
ac558d4f546c2c216059ab0f685e2d174c73e90f10f6d6f02661813c0c87d107,test
ac9eb6ed6fd76620fa66e4b14d44476af0c29a9a3d26934aa5b809ddcbf43110,test
acafe46a3871769cebee9fce55041b45d83e701819c836e1b8a9bcf6d718694f,train
acbb6bffde3709a62e7a67313f7fc0be1b8eb26498bce909a4b40bb4cb1c49d8,train
acbc8625fcd8640a6637d2ac0fc6a7bcd7f62508c94f3dc0b5138bcdfb8c7878,test
acced642cc3d7550643bc78c15d24a531014ebcd3f03767cd5e4e224074130c7,train
ace1de2b2a76efe594641c4adb27cebd487cb028e53399f7e34ac0386da2ce04,test
acef8a5ee06d741cadf99b85038507bc2fa4d151656d4f1f5ec059289b40a091,train
acf3e75c3371fc56e948c76cc336448e1241f36a42689b63ea5370441a154531,train
ad23fe8717723df75a0f5753ff40bde4cfd241711123ff4b4b6409b18354a757,test
ad62763f20a437595a7a36157fa29c87064c7759fcfa4ddd6c304a5a9ae739d7,train
ad86b9ce12e89335e2baf1be2387a34d1c59dc2bf22f4b36b71792105a6bd68d,train
ada321366e1df866c5d9b8880dbc36b4620c0219e597c36ad9873ac14ea71979,train
ada8be2a3cc4c4bba4a6368e9a8881db53c0bddf46fd6d234f2a1e16d2b8158a,train
adb321acfce45058de45b737c3747fd84475640da962436433750e9dc4c71270,train
adc0c72e8e7b4fb35f1bd8d9b12c568e90f81c93695324cdd043be41cfc04c54,test
adeeacba829b4d749e57812426a6ff4b8a27e028673729b6f89041f3efec32da,train
adf5044fdecc71d2eb9c9e441acf1a093e94b21c626852d36c2c253f009fe37c,train
ae51f3399a43bf8df5a0c34b3d2b7967459b5bdfb77a1408342d8d10e4445a23,train
aeabacf7688878b9fa317ad02e1bc102e65306c8ee8f5ca8ccf19762a894dfd7,train
af2b69839b4434ff5c144f2bf29ac26c8ce70a6ead1331f9e8e35e2fdd8ea6a8,train
af4caaef694c0cfa13957dd36150724cab8b4aa24ef78bcbb9e1503df5713a4c,train
af81f041769933dcdc036f1de0466c1dbab3772135a868626cff31a8362509b6,val
b033d8fae25fc0f3ed42a784f4e387ef568732155da4eb1d1b9369987282ced8,val
b0495287396ee3b7f0fdcfc94ea828718e44ee30f420bccc95726e20a1e06db6,train
b084e633fe37248e167fadcccc57dcb608ce4597d2e5d90dd22caa48bc9ff975,train
b08d6f6b5feaccdb948277f8218b90722f1ef7889f87d570b25b090589b69719,train
b0930c047f002c55fc68f9ad2899050612df68806086f9076acf5624bb795da0,test
b093cdc7790219ac7abefb0b3bbdaeb03935bd66b262cc5feaca4308a27af02a,train
b09944854c39251eb539928b0d11dbc5e11f61b529fc903480ad79a7b9973409,train
b0b4d4c606c9cf8e9f772abe0d493c68f68ae34ca62d1c6f904dca32e9e5e79d,train
b0b5afc0e829f6ee0016ec8ca47c7d8d6637da24ffda95a21147922055667e2e,train
b0e52033db4b54672f7b535ac2b2ac9330a0ef6abf4436ba8b919a0dfee46934,train
b0fca5f25c8568b41f6c05cfe39ff0afcfb2e514ad4c6913ba6ac8d3da501b7c,val
b14ff602aa73572fb811ff09612422ff408ec7aae0dc65686e2e0e909c56e5c5,val
b17038e377a07a491d46d329026180e538e72fbd52cd4a63b119a1092ed2ff6a,test
b17b1caa723b691f5866c44da6cb4e62ce83f97019cd87ec46d92ad114b35598,train
b18dff05d21a9bb792f8a330ea3ed7d34633c48bac9c46d6fba7d2f7f3284cc9,train
b19d7bb6112fa8914e0b50c6df9b705862b918f482e2ca73fcda10b56171e1d1,train
b1afe51e7943d69713dbb4cc44aa703ea8c6017914242502cf5051d6641e428e,test
b1ce3b81622977790c29a41526e1245dcb9602d119cd0659f0dc4b998b9a17fd,test
b20a19e35638a69c36d418a4b4e832c0051d9b310f465db107d951135d3c8c75,train
b24148e6f4eb4bdeca4beaa80ee8ba59926e4ed787c66d82ba03d6b58aa00192,train
b27a2c3eae7c33e642b5b183b40b46dae05dbc92bc813c726e28c0675dbfc2fb,train
b28e2283b09d98f61a00d01dc6900a13e129473d5151781b75ec1db06eeb4dc0,train
b2d780188a97ee7f6d62ec2962784fc24136437905373b3e42b65b4318dc4b19,train
b2db8ecd16ce88ace18e39784b14dc31bd67149577999abda6755a59b0d7b3ca,train
b2fb4e134f0f8eac682a754c916a293c6e1cbd106331e751f17f98cdda4d4923,train
b310598b65dbc02f4dad48e323aa2fbfa40e6d66c61278bda44af8e654372203,train
b3a5787a8cfcecb233ee04aa6bdc037dbd5dc3cebca1cb39e9b423d3940ea816,test
b3b3076614b1bda78ab6b76c94b1e0c1e029e5a606e624244467682d4e72c8f3,train
b3c89539fa22a08fdc5e0d5613f628c299bb539cf472c798f77c0ba132311e52,test
b3d0b3348b9964e0034244c204df4784875c6c1b6f49f3c1e54358dd6f1d2be0,train
b40b69c23d13f6be0125ee34a8532a15d1fa4ef2b6cd10428fc1ca05454a0bb7,test
b42240482a8f2ed3791040a74f2b7aec22068f8e8106be99a9fce6e872cf95f7,train
b42a32618fa0ddfd8b6232f3a2e5279ee9b8c2e44dedf8d694b068fd755630ba,train
b45874c97975919dc790d88e9ff4c4bae6e9ad03ef96e6aa9abb18e3f47accd4,val
b481fab30197c49ec9a37edac61c11b99435abcd96d7b47ac5b25f1b79dde32b,train
b4a4f92981d94e897f2ce0f88e287536ef287715f51449c3dc592b054c5aac03,train
b4afd69f938f96c6443a56bd4ed5eaf77db82385514308b87ff3bbdfef397f96,val
b4be2b4883d6761a1d0b90e049bd917b1b2a177f4bc45f6f12c74499c76b38d6,train
b4ea7cf30abdea5e64634a09c3461888780458bdfa75997e45dccd9a3339fccc,train
b4efdcdc9082afc71c4c50ad6176be7a431fb7f6d16df3f99845c3681e6f9b19,train
b4f3791d823d0f142cb134030b2619465e896538c5192670ce8d1cb6b9384e99,train
b4fcf17f854b8e2168a0d597c46c00d64fc63786446c1a1bbb984638b5d5901a,train
b52a0ccf84097118d622d41aaadc8c4cae7a5f2d6b7b00b89f19c1e49472b7d1,test
b53432989b18e5a97004f10fdd43d08c4866ff45cee6698a25378b72a1dc6ee7,train
b53c4d1bc0170e7191b903cac688e0c830753fd455b78e0f1717fd46bd1865dd,test
b5655ee6a83955b52cd4dd001c78af5ea30d44c3bf5b3bb22d733fee5bdb525c,train
b58d4f8e4755d048141d2303390844dc3b6da467fe80965522b915ddc6a0bdef,train
b5d15ed2cfec9662977c70c0a967fb9e3313ef1e506d4d0f71e23db4762007fc,val
b68b5abba1b4f0fbaab0c3e49bb562365fcb8f424793e58efe078fa0cb8f79b3,train
b6a98e64aa09a25329df6a98d838ea8fcb07a3f7ec76b21e63fd6e8942819050,train
b6b308197c5bdba130de9951ffc782a866c4d6051565eaa0541cd2a60a528b2e,train
b6d934594ed1fedcc49f57c826160d5bf4e1cf95af6046e3342d2b5b162e834a,train
b703e5873bbd4ed9a52e2084f9cb004c4fbd4576c19c1450b82882f652c74f17,train
b709013274b86608bfb6ed159fbdd70a28caa8e395719768ec8e445cee2029fa,val
b75f8d6b48298bf69a9ab4c16628e9357388cdcb3a90fa6e4898ceb885f7e28a,test
b76d88279c1929507998c3ff93baf85b9673a6f101709de124de327f3f57e432,test
b796e0ed471c9c5dd520efff7607632bb5093cd5198da907fa710e2c4f852a8b,test
b7ebfa8a488ba9c48f21c890d135e7c99b58cbd7d76441674904f31d6bded16b,test
b81fe20fe43b03992145e69b836e654b5811ed023e7f882b376dee5181ca06af,train
b83becb90e6fab5fd1a1bab5e920d06ee3c9e503453df12f54f9761c925dad14,train
b84870738f13cc405a817084f7dd2e446f83a9313a44062d90d06c03bd90cbd3,val
b8521394256b536fd3e94161410fcfa4dc048edd0d9ba5284847c21ada4d7f0d,train
b8951bad78f159f104b0d4177602ec534e73bf7eeb7e3b1c34c2deea0426acfa,train
b8d3903880d07b9da7539d370e3d142fcd989e1322d761462798db0aee602e63,val
b90ce86121132a95658d93e86a84a110d63dc7c3d8fdcd08a1f7c8a6eb4651e2,train
b92c771b72b40fbe03b5e4cb673614889bc8606638856536b97ca92cd7f089fb,train
b9543320ec91e3295bed79be6567323316b0668e5beac3311fe18f22c2fb753f,test
b98bd0972855009153c85b4ea18b0950536693e4f8902d0fab00f9844ad1a109,train
b9f7c0a97e1ab37254de90d05882cc37e08fd534e281db1357bc1485b97f1aba,test
ba03fb567882297b471a83bb9112af82db5cb1bb52e75cefb30bf166cb06e804,train
ba0c19bcd6ec58e0bcdb1900e88bb7a277f20163d97f59ebf8578f71e21f2e9a,train
ba1358cdf6e086329edd69130acdaf011eecb6a036e8bf59bc75cbf4afdeddc8,train
ba1e4e2760e3e0d271462c1f7a855427531878f771e0ccc350b31b38821ced55,train
ba722a248a5617294bd1818d85d2754585acb3af243300308d0a1fe9cb346a25,train
ba8abb27efbe4425fb5e21e2fbc4c0befc64671f6d0a55365a51d5081e38a721,test
bab17a8a900207aa985435309326ccee9db765e97ef852ffd94c2921177b3841,train
bad91843c10085bef0ce4fa11bd28cb030c640b025711e0bcc2eedc01ef922e4,train
bb18daa52d5439c51e42cf7d733ad137e44defecf6e7605178c6c5f3684578f0,train
bb3189867a19ec488e9846c4638ace395f661669f9c6f8d4ac2f080368d0f882,train
bb838e2235d150838ddbe7904545c45c7997c2469c89c23630bd360473205b32,test
bb882afd8679a5d39d67d9ff86bacc394d80e34a30ecb84d6d9c35802d460c43,val
bb8d03e9a513e949ac16b520f59b594b933459300563b958eb4cf0833005180e,train
bb93813de46b710fff6e4f9ab1833f902c5ec2a6cd8c871335f2a02018f6cb25,test
bbc2ba9ed89c2e9f32fc15ca0f553b9a4175c07141e0247300a50fd37cbd093c,test
bbc4a387814009c1a7bc69f1912b2603a3711c31640644e52ac4eac3091c2f04,train
bbc731d23f86b0926b9e94a4d9b225d967b48a608656d9f300e0e5ff393850e9,train
bbe46d60266c9566099ebde415816ddb8c8f7c215279b7ab62f1c0c8300d6b40,test
bc2a1210ace3d0435b567e645cfec4096a4dd1dd7a009c15f607b96e08cc7c1f,test
bc2ecff4ad405c4579a9c1bad2fcaa47474605c817d833bdb38bab10933e4480,train
bc480518bbaba8baf67d41de9b99e5d856ebf261630b4cff9fe798504609bb94,train
bc5bc3928a146510c039f6e1544d55d7c29ba7c99feecc18ad54877cb8508013,train
bc71df3d7ab4cb8463793b2572a4184e0fa37827306b172d40b7b95a9e4c3dec,train
bcc548e93d78ee4c1b9c2661d7e5947da421172f04ee47322c1316ef0c78d9ce,train
bce2bed83876f8a60c7c111f794a04b06dcc1830a2abd9004ab9a6323337ebb2,train
bce8d4819a91230cfb74064c6050d7c6619297df470e20d4f7eea0128f9cac68,train
bd6442ccd2f5dd900e4da9c1308911049561cd46410bd59e3fa5d1dc9de1e37d,train
bd8e24741316994007fd644fca6a9c3dbfa5e7228177678273fe753b1fda2677,val
bdcb6764751ebbac1a1e7d2415b61aefaabed8dd14748e6f7c92e294adb566c7,train
bddb3c27d1dba5beae2d89602e1af3f6c7e5248bc9528756f6941f3691c54472,train
be51522813a0c6bf37705dcb5c7441cb9047601f860fbac9422e20889932bd29,train
be661c92eeabd4390c3aa161243dc761d6317f791faee5baa90d7171a319b259,test
be980ad7a8a5781c027cac42e52a180964169dce0b33e706f7c5f991c9065140,train
bebb35c68105936778bbee4d50e176fd062771112cec5851844cf1d8ec63b4a3,train
bed34a97983c80cb4d710734b7e965e6ab78c118732bfc0d19a9d39c8c684324,train
bee09d3f854e89aad40f76ee7816553979f9925a843317d8ad7b675cce0967ee,test
bee282bba78c48f13da1e567f82d44011cf2ca73e106e5c0e8970e5cd7ef79fe,train
bf0e394244f48a216a3cd4c7238c4217adb5e64066405d2ecc0d14647b8babdf,train
bf988ffd0f557d19b5929155a6bd610c373de9e43532f3b0e219990e72e984c8,train
bfb765ea97fa0b18bbd2f701e5a6a6e47518627f2e983d53555b47a4038910ae,train
bfdfaf6ef3a3179616fcdffa3e32e4a3149e3bd3aa52d2de447f9715c4969bc4,train
bff661cab0fcf47f87a8303dd1e7c1e411649d9a1e18246f510e9f99b4ef77cb,test
bffe3633ab72ac77b4be0498f44b91a58bdf479dc9906537f358dc4c417d312e,test
c00405d4782f36e32083d6745d9f9ce30e2dfd6749a76d1793d017adeb456e76,train
c0210617af44eb41db710b0488cb7f80a1262756e0e33cde022dfed815b1925f,train
c04253b2f0f30cd836af84705c562d5d370f59a0f4a81fe61f924a2674ff880f,test
c0577f044316c59ee9b2dd0f683157ba42fb5e305fce76762ea8c1bf20dd7b29,test
c0616c06367d964aba8531ac9990749cb6fe15f805d14d5dd647df05333ddf76,train
c0c4ff332a108890ba3a10c0fb6917aca32d9d329ce1e25ddc170b08285acb8d,test
c0e544ec248e04c85a78e1869ed79fab7cdb9da31f0d08af9389278d949565ef,train
c101e93fc66f806ece0c834222e9ab2d2acd16210ccb134ecb39dd1858a98ab7,val
c1214a732add57083a43d9416c3749811db4a14f38b06061ab7959ee22672cba,test
c13a8f445c84a48e1590afc3cdf96154059afa4f554603346738505674e4599b,train
c145f6dd02495c0e733d8d50a99e8da925fa5be58eac9ccb006449381a12248a,train
c17ae3adf4487c6601b9c7e0c99d4245f093682518f96275a1cf5a249be6b773,test
c17ea82ba62c9617f4548951b75aaa5dd5cc4b1b62a0056113b574ca469800b3,train
c198918dd772cb5970cb4fc6d8807c922e9f2dbaa2d02d698112e27c32f6bc40,train
c1a7fe962a20d620ee50a70132f99e15f5a70381cefd7007f566dbd2f28ee3a8,train
c1cb5c5b4c8c2990c1f7b00505153374fa60758667ae636d3a955a5e0b62251c,train
c1d40bc9dd3eda4a72c3be71fb73fa59bfc503f1ec62372346557f01ef298e8d,train
c21d89ec91647f8da7884a52cd48b660c2de49a415e1bedae238ee16ccc8b75c,test
c2268007ab7129a8b480f08c11983fcd3ab7d48005d6d74bfa9f5bd22281054a,train
c2390cb603bcc40442d964a908bf4ca1b89b3ec6bcbdeb0d67c1dafa6a225fa6,train
c265ea327237f2b7211ad7ed9041803e5171bf70138f1e9bcffd84bf33481484,train
c278bfc45b61e5d80e7431d0600c8fb67d3d794c342cad3d697fff96fbace3b8,train
c29ee2ce77b1cf1fbc677af71f880c142ceb7176ae63680d3954f63265eb7eaa,train
c2a2f0dc60a7da7646f0619b5586fe49ef84a019096a7e775fcfaf100077744d,train
c2e3faf874824b6ec73b3208b75e9465024c37a11a9a5f600a86430d5844a080,train
c3169b8f3880cd48c9d4e634c60585126c14adc1e92f829d227519f40ae0d038,train
c3282042c8efcb8969c71022b465415719e8a93dcfed07e9edd4be8097d72351,train
c3334422115e0876ff97fcb2eb5711dad69f543c41dc6266fedee1e5c3bfebaf,test
c36ee6cd69e2c51742613a6f0dba7cea5303d20992985823a5c02e4b881d11ca,train
c372dd88000e0adea290feb13700ba763b02b9ebed637e61395ee04ce4b851fe,train
c3be0bce3835b2b3944a07231a3924726bfe8051835e3583ba6a1984c43e711b,train
c3cd3aaef933c3926fbfc0cb003593aeb889d9328f1c9252b0a8d18d9a6d7050,train
c3e668ee1481b5cc0fc1cee5fbc5de359152b6bdabac8520e35401217d934cad,train
c3f01fdf539b63596fdc0a3c683310196c1d8f3d1b3406d2f7de1ea3db5cb16b,train
c3f05e2bbb897934fd0d9b629aeb1f56be29c859006c8193f2dd3d71a43b190a,train
c4638830ceb52885c7b9e1bf7ae94a616ef9cc9a058dcdced14f2cf94d1c8619,train
c4680c85eb856c4348b4d0792f348be9d09117c21e04554ee033c0e1f391a550,train
c477372728e1e30b5a63e5e0d3f054db21aa53e2a61760e7486d86d1e074fce2,train
c482b13939e69d0bad89589816e016e83f048e76a3f0d5621a8d78c59cb18761,train
c4b99698237ba0466369149637528443326a1d6e9680f556283bf8c614e6fa58,train
c5505f8209644f512a55b30459ef3a3535e5a660082026038013897df6302b2c,train
c559106a32dd9fa95190a70f03af5b9c302f582a30ad53c9c3b62f9debe4cb32,train
c5646df4440a62ac3762ec877743f1ab53e707c923a8e04738727d6cbc3ffc1f,train
c58108d607181fbd7ee313c4e338befc2d7c172d498a9ae30aad25f02e7cf803,train
c5c2e2cdd44ab3bb4e30a44f5f2d2088a1ef0d5f1ab5c832ad9054fad70fd10f,train
c5ce78db5da2cfae51ef78803e2d237880e86d12c10cc32237b3171cf9a6624a,train
c5d8ec3a4e7639a2d3a1b892edba2660732d3e82ee46ba7c6cd7ce4f1efcd16f,train
c64cbaf702517f233f6170e9674f75ed132065b95347f1aeac496093ab929629,test
c653a523bb87f7ed6c9637b310ab1a67e841362743ab3225195e1c9a3e3bfcdf,train
c679e333e966d0509898282815bf1c48e5ed63cfb30298f885ec3cc0218fde83,train
c68d149ecef98070d20141a14e59e09b13662fafcd027dbd60d758a9cd37cdb1,train
c6a5d351d7cdb5c7addc604ff01d5d5cc6e5b621be2d8e6015421f71b1b2cdc0,test
c6fa16469fddd3d5e558db3e468b0d1040c711457dcfb113c41f0cc44751b8c4,train
c712308d529ef1e3c54a13ac3421a7f1b33f14610617c45d9b27e15ef639e401,train
c71ad06bda9a3dd3779a0f1f14856dc88b00279a8c1dfb5563d5fb259f481114,train
c74cf9b8a232ed8938efa1e00c88e6395d868c0a855026859a371f770f21505f,train
c7722050a65182b830b043c44f848e7d07d3afaa50a0e145b51ce56078a6f70e,train
c777b35e12135e3ad54187cb16f3a884a7430afcb79af2d3d6701a7c89bb5abc,train
c793407f918f5f36f8a3b063568e353197fefe3e43cae10afb3d31a039363222,train
c794db715b8989de51de6cd03ddf69521c243066613987ca29bb1eaaac5259b9,val
c7c54f7e5b2e76cb73bd120b48c239df6ca0f8956c7fc31f3dd5176fad689ed1,train
c7f7a492e597b993b9a1e97051d585004c6e2934bd49b4df27a17225d750f19f,train
c7fe334f684e555e7f8eecba888a117c1530b63eef5c7a0abd0c3301cf228b8b,train
c80905978c56e9d803d16860b853140618ff32152d4c455c97be39cf5a5923f4,test
c8157a8f54a9fe3b752f4b9cb2aa375a1f88d44839f2739ed64147a015fb0492,train
c81a262a78b41e8d09c98a18f7c55bd908d3c685c9ba84a990563f94e46a06ae,train
c823d15afa3a8337351f7543e9fad4a5bf9990468f3fd2a6680c2faa5c151cf3,test
c827a879681b83cf849343c9aca9bf081852b650710a4f84464d32e4dad0d08c,test
c837da7a753b39df43d2b8492b2899b0d7dd04e2477d529cb3dff0d032a8ad34,train
c850c71dc23d2516d8a7e2681fb1c1ef0f8843f7c0413f1aaabee18a69e6fa28,train
c87772c6fd9aabee904edede6358a4033a11c97d0babf505957082318636717a,test
c87eaec49aa27ce8b508c7f5d920feb7f94f06fe461517d3ea8b96419ee660f2,train
c89dd1dccf3be4858b515146ece1ec4af9e187a6b9220ebd8baf4c7d758c091c,val
c91796d09d61d4ad812a244945b4a0a43a1c3b3349a53669cc3a43abd61454e8,train
c927447c01ca0bc0644d38947f92a42aac118f08b9beb32f2f3a86aff9c5bd31,train
c9579f204f3afc963a0777e064aa5c42fd7d3c326b0fa4bb2d4e498d3b94f56f,test
c98aa94880261210dbf69c4814350daa673d5a782a1c8d52be27703b3eeba53c,train
c9afbf3c04096132f0f621aefcf202f5f67d5ed6f0f2408f73a4b625937da1da,train
c9f430c50da8fddc108f9e52f97ca300076814cbacd269ef78a9f2be0682561b,train
c9fb16548a389d87fd9818e74828e82eef4eb6b886b7b2782ca733322e21926e,train
ca37248c7e69937cf6a16f2ceb1476810aa7f118e11aec8344df40512e5e3482,train
ca56a73711189cbcc8e020aa25c3dffba63e3f3eb421e780fed9bcd81c39de30,train
ca6a12cf4642c63ddec49e5bf095f572ac32b204090a6f0874bc3a55f739815e,train
cab12b1e9951f89ac950af08b406e4b7f69125d5e4cea65db4e2550430661257,test
cab93d1af8607e814b6923c6b128a875c8642f6d1d8057e76eb0d215a164c407,test
cb146eb922db8edd1aa0cc8f0ec119bd7afe20d91d8c3053f87787fa608f9383,test
cb472a4014eb8461614403d9df6fd90f0c2a4d6f22bc8a2d774eb89f9fdf429a,train
cb7a8827bedb31c109ceb0900996f599158a7a8cf19e707dfbc742375ff180f1,train
cba82ad7d2ae4dacf47da185a39a51f77595194137521614e2f4648893a5ef8d,train
cbd3cff9a8d54971a03d820137a13aae6b1941be0ea2c740890f2cdf4d0865cb,train
cc183328c0be919435c2f25eb00100b1d06fe5cf3afbf9a05da6e3a1a3645248,train
cc1f4f05c14019df80874ec48aef927cc559c22c8bc1e7d46e9e2d194b1a5083,test
cc2504049dae57fa1fc8a644406d5f79ebcd400a3d412ce7a634513d3e52769a,train
cc32c1f84229fbad7855eae513022942e389adcf8a4198b49679414309dddc55,train
cc47ca51ad99647befb31190525e4d45427372b55e3b941767d339255fa87017,train
cc5a780c6143413ee633df604d72ff9126b78fd27d2370788f1808fe78e0f809,train
cc64aa6b5c17959d246c84af0b125a9b70a43884fa4080a64055c04c62786a59,test
cc71786276e5abf83edfb6005db8475f6273f4f2e31f3c988762b4aff0d27460,train
cc798fabee5d5d021cde83db50823477653b5d21f4e34f1fc301ddcb63ab2630,val
cc8e36df5237af14bd556038c05b6a042302526076fcb08cfa6f1418d7eb47bd,train
ccaaa9ca3028596037b4eccc3c16609331b79a91648c11d19ff80ef6bdfb934e,train
ccbfcbbf5df42141f73a6bdafdd0c35da2fddf8d7b5ae8e02091afa519f1836c,test
cccc080007af74dbcf3ce2f377d5e0467af7939048885fab0b71728d8287292a,train
ccd0d2f9b09010ba8396853c2bdba322ec527f352260ebe308e9d579f149f729,train
cd1f6c7195c414d210b33ab2c896c353d9d7420392f4babd6b266504d9fcb4f0,train
cd23357ee2f5515990a2f5af6c5fc649c76b86c1f377c9187de9eca994acb216,train
cd3bd8e9fbbd7cbc3f56072f307010a3996f3a5bf12f4b556e9cfb6960fd7f3f,train
cd74337e2d24a8b5e93260932481e6fc87c8c660a5644a365981aeb14bab0e37,train
cd7da0736c57ac5655f02e31557953951a7101214a7f564fc73addb9dffd53de,train
cd887bc00ef7ec259ade32d1f80c213a0f53b77c37d2ae30dc393ea48dc8355e,train
cd8be929b789a3a558d593cf2637cff182a78d250d10a07d0bbdcfbeee48dd30,train
cd9751450856d9d6b26627e8247bf59548b9086769cbbf3f8802ebe8f37a0246,train
ce0f7d9039362374851c1b7e9b0dd2353adc752a7486e7e55d1df8763d3e39d1,train
ce1ae2411469672b1d36db6bac4848d1d2ff34c9c16e656d9ea6fba672e6ffc1,train
ce2b8bb1a6944aceafe353e6a6ebee2c015c1e6cfe0e7fc96fac3c2b9d913de5,test
ce7876da766f11405f2bcdbfd666f48af0b31e818b15de020a98fc9913c8edd1,train
cea4f3282b0a68839dd78edb06977b8a02e0e10610be9d8e9d2b6ba66f37675c,val
ced4dcdf1ad2e7fda5e2b5df90157cc55d4aa31440392f4879302ab9aff5a109,train
cef74cb60783baf87f705615d05cc7397a7db7bc5567d689525a819ef383e045,train
cefef44a8f89ece9fcf6d75c3760460d054dbcefe262394a5035b359d2d998d6,test
cf2235dfce5bbb6993731925bf7a2a3e0cd7fb570260efd3129c0298b6ee0b46,train
cf52ad6e335d773c8fd724a75158c843509fdf4924e4a26b326aefe2d6d2a8b0,test
cf67e84dfa2d3b3b3bd54fe6d6cda1365ed415874a1a4b95dca12190e35159fb,train
cf8a5f51120537c509fcd8e22a92b7e9b657e7fed3e18d1f96e4ed324b45c102,train
cf91125ac808bb0ddb1a9444584516282e96576257c60d938547ce8f589dcb03,test
cfa4fa9200da204f0c62db690d51b04b3f2a554ac36a2f6a767a6c0c98b71809,test
cfc04b94dab215b1811704cfe1d57bd26d30427c2010d16546bd574151b6b5dd,train
cfdbb8699f19f4f7e5f8b1de8b430984b84fc6f7585b6d969c194d25674cf1e6,train
cfe53db7cc12c47cc0e9ed2de76ff10e85e3997477a3c98719cdbaf4244d87eb,train
cfee66b1bd2c18567f60d082b9be8c6d07e8dd5bef0c7b0b299936c172c8ebed,train
cff3537efb8b0587d551d3b9126c22e8b1443af198f2286d84ae97eb8b375e4b,val
cff53eff7cc34f714b55db4d6e0f0f037c6ec4ef590a79e9a0a6788a2b21022a,train
cffe649441447e4ec180c7c8dd16c7f77c056ba2747efc9e0477f749384dab5a,train
d02a917e64982639846694a9701767778105a8802a86c05c65ade9373a88a22e,train
d0492003a81a8eee79dbe2dcf401f70d8be8e81b1ead263acbf2119ef5deb560,train
d0611e24a92bba47324b41b712b59c80e6801240c959b85924c41f1d64248d85,train
d069c3c81e192a37d74aa0355ecba2622865126d1e351efd14de9823a395ec3d,train
d0b52c1afab5f96f652c0910fc113114ebc6108e447290810daff0a10fe6ba0b,train
d0cd0842cd05d37bd98888a913f8e829ff7439594762457062b7708607f4a599,val
d10113b52d9c7121a62a8819f96e408b49e9340ddca63630b32cf364e5137dde,train
d11a0a07602f779b0897ab346908c2fa4a2b28540772b000a82cf37be9fbf059,train
d11b60545a4d92b18124efbea40cad65c2263b3190c5c1061373b019fd7e92fc,train
d140e752b755f815efe65ea4220c5af95088813b1cda7e8b09a06b31cb07aee8,test
d14f6293979b9d6307411aef52c9ce5caea2a2f8d2d6dc83dd835208da86dcc8,train
d17c9ce7211fbc78573f19ce5ccb038120bb7abfc773b447a29cc43c330b4bda,train
d1acfb9d32d0cd7ec95195bd34a687eb36eff469afe4bfae030461dcb8c9f7a3,train
d1cb4abfcdf11ae0d896c3ecf8cc78b14900a9e39873ea5f5fd31aaa752a11fb,test
d1e6c83fdcc5f5b6e0578b0031957ec269d504289af09741ebef7ccd4db10cee,val
d1f77bf4b3cdb0d4d62204db4250ad7997cebe170f5b89a95629d69e91254238,test
d22350a88857456cc4d7db6a341ad75ba6184eb9c19b4b860180f63b60a59c8e,val
d229a9c53b5ccf348032bcf2cc9d6adf9cf7d7dc1e4e8d23c03f7d840fdef09a,test
d22a4810145d06f95ed68ef2687981ced6b04361172aed9ef9e5d4c124f40b5a,test
d2734fb2350018bb3badc731b2292d2078155083dcfe9ed0a67fdc46fd0f9680,train
d2b1cabc651a50b4a05b9a54144bb82a4698d88ea76e71f492f4ce25318ce5ec,test
d2b2edb0ba6133e8beb167927540097c8fce7aff716656e492e13f4faa353ea2,train
d2b5612477cb05e780f746afda04bcf4c269addb8ec223c1acc4c5cb1f0403c1,train
d2c3d7451d43c6859432776f02a3f0bd7eef65978e2fee6cfccfd85c53dd6ac5,val
d2fef914a2c64c7aa1778eb35f9440f3d0c8a798018cf11ba84a3d3026c22104,test
d346d1e5c292699463c3c87853403be73f7578a186cbcc30514f1824fba8860c,train
d37d21774cdb412547729264604176ba6e8e87480e86890b74817346ad84a1a5,train
d39285d57c7df1f6dd50ac70cf13752cbceb04f09e04570d53f9cdda8513d717,val
d3a1d37202016bd5a95fe73571cf227e993dd2186d07471da31e9fe0acc63f75,train
d3a310460f7178fd4d89d1eaf695a702e4dba9434b09eb3faaca904953dcf9dc,train
d3fe13aa020303069516833df32390903c01d401bc67c82e6855849e92a18389,train
d414da1968a0bcef5945141904f9c7260032bf78bb7085eb34b70d75ccc542b1,train
d416e8454946b452d41dc9676918a8e525b88bfbadc8d09fd54c36cb9ce10aad,train
d428a1825379305e584b403a4b79d9726aef050aecc1d389619af80642b52968,test
d442067ac3ebae93f08af65ecd9a7c423e78f86f508cb4cfec2077e49d200ff3,train
d46031a32344b7243de472d5b633084fa536735be26786d817ca2e1520a9202b,train
d49021a8ce15df20e1835e1f79745bf35d9f3b704ca0c280c105150a6d6845a6,train
d4a84bdf6424920b6c49516faa4e40d64756203a632f54cb73d5615aa1299d84,train
d4aa868c418298308933a315b77afba5df7542655e5e46faaa6969e1460c626d,train
d4abe9dbd1be1afa3bf6656c4434b3506cdc29a7c36597b1a0474689d1f3eb71,test
d4c83427eb7b0dabf3d1f4e85a309007804a9946e13606a9df97d9920782a3b3,train
d5081d722347f611147db4a05278b50731d2e377a517bfee2f4097a640ee15e8,val
d50cab1481787467f562a2a5ea7ed9e0088586a60ed3bead6869f06e7a4dd7b2,train
d51fa8f16aea003268a9bde294073e6db269442ff9d3f2cbb5acc604ec2886f2,val
d54e61c7b9cd86120cb6db2a64fbc21a7e94ba83b39b5ce1e0aa2ba943601a0e,test
d56137482438874f083f8c499ddec5b0e6ed8fdb5e9791fcea2f9aa432d3216d,train
d563cd327b22fc8a6d983d3eddfb056585c59671f3b6e4058073a33fa1610cfc,test
d573e968f6707a622d178bd4f04d1cf9ea06c3d201a4c9759a4ed35bc3d166b8,train
d5748a1e239b3a31b147d81abeb99db69a841e468de18293f4d4f7587ec4d6c1,test
d58f47a5c59adef9e8a8283cd47e7b331481b435d95abc2917bc5887ea8f6710,test
d60f2acb2194296e01768028fca199451e683babf248d579036eb1cbb0fac782,train
d612d8a5677b6fd4f520ed157d6684fcaf9779a72c7ae14de31ba903b4a22eac,train
d6185339300cc52c6cadb3617123abb6a117609900ed7bc82201af8509c3e833,train
d63e635e939418fd1e53942d8a53a1ba85e4df8e0153e46afb19223c1ea2bfc4,train
d65df8e5a9a17fe066b1fe2b3fc89aff0d793b890a35bb0d12b24093dc0766b2,val
d6a5cf5c67864c115f4a5e541c86149c84291c9a1be4fdeaa6c72230795f2108,train
d6d5bd8b1cb8e0ee0b175a16dc487789c42e31bdf6621b06d8523e743d3890ea,train
d6e56237acd3b950bae753df50a637234c6a81b4f2c0519b10f5112995f03299,test
d6edc7b63db5d1c3068c03e021af55275d980d0f4354d63c90ea3e2268e90196,train
d7184e1dc00055711d5150b07e60035c05c06c2fdada2936f866c1817c2d7187,test
d718ddac68492374ec3e86f9ba371fb93eb5231419741a977d4ee663cdf86753,train
d72f55b428de280795c510afbddc53c6081b07c085f2db14235eb592ccad8302,train
d743035ba96e0189a8f382f75718f4df4036e962f2e1f1c4c514785195d36a91,train
d7729890e159df9a1ea6432c7a2e0d773c1b1daf7604fae740e5fa6310c46807,train
d77a2476990a4156ca909cec072d2eefd1551b703e424a14a6285a1c89b97f3a,train
d78bbc0e7ce67d47278a9253ba8e75764184fe4f84f6938a7ade53f5883ee5e9,val
d79b025f9a1885394cce43354cc4516d064ade7e1b09b4ca1ae59abc0ce9f259,train
d7a00f948b4da51dd8f4e3bdf05510aa392fa546f377c746af8a643b835288e4,test
d7a77d4c0d547770916b948fe18429c8e88d4d47f65b53c547fe54133abc8c3f,train
d7b8399b21f6a4f9d41e906ea51250281b0f40017c1c23cff5782070a70c98ea,train
d7ba186de269c3d66f1469210daab7f50446f00ea44e7254aed9e1fbf0ad07ef,train
d7f24a276ec2c600fe7ebcf74a63fb10a641537a8e0ef9658ac4fbb0decc450f,train
d7f50e5d0c9f2e98198ac8e6e2a330470dda751f3f720242ca213e33c215be0b,train
d84845461e313b06c7af32eced6bc7bf973afd3b996147bd2ae0a3246e74af2c,train
d85720c0678ac5e0bd0492e7218bc6c3824e26ab285db9c72f7c6086854223f8,train
d87b1c8fa6c4cb9f8139abf602107fdc379704f11b3ea02d79b80ca7215d58a4,train
d89ab2473f889b2a027a59385faac1cdad952fa125778742f17763c7d8b447c6,test
d8a480b6a8f21d43022f3bfe686aae49f7ce1ed926206912a027eee11d502c55,val
d8bcb21867be705ca4675b4905657abdc40a3ce86f5e86c4378714e31830cdba,test
d8cd0504e5f6c049f50c116f86ea3193b4b7186452ad8e0e1767d3c915301efd,train
d9015516367494612763900c45eff705f51b62a74b93bb9a65b907d2bedb68f0,train
d90d89166912f3557c3c68d72020cac3d49d12f683bd663fd1d25bc9ffc63201,train
d937301f0268c6e115f1372d2f729a4186b35f2378f6295c3be504e5e72e2e5c,train
d94fece3924bda914279c0d7197cb05dfbea64e8f57dae864f4edaaf58caeb99,train
d957d3d4b7b8a90a0a65e1e998a29ad7bbfca28b2496b4972649ca4265b9f1b7,train
d992b51cc2fd185d2ef986a0d67c9e7afc7c018c5491d2cc88b6339d514f1ffe,train
d9cc5823a331d3ef8edeb2ae9ca7eda116b25c5731dc3319247dcdca7c5921d7,train
d9f9b27ec2c47cbfe378636e97edd26305fda936959f788c402a1662a170341d,val
da231a2b2c52a35b4de4043039e12d7b9c3c1495ab2d79f7ba0dd5e31b5451cf,val
dad33523009b245aa2897bb90b9aef6919c40adce82509f2cbc8e50247144201,train
dadce66d50acc067aa783e122014bc9c04f139d8dd676b5404442295dc0aea8d,train
db044eea7f1a0e3ade461f9fee3b1607089a5b8c0f4c3ceaa601d08dc2981bad,test
db1d3b2b3470596a7040d1d6ddafdb8f7eadcf803757c09113317db3e5081ff5,train
db50a524bf66cabe6e9cc870e6c432e7b442403dba18984d3da62d61e2c35730,test
db56ecb8e39ca7fd1d14e4c1a4e6b4f91787d0f75723d6fef09ae2fd889e3f58,train
db6146da9ff193d61e30ee4c366842d8eab5a82787bc924dff23e787d87cffed,train
db7324c49e4349ef0f0f3bd6242e2ff12d71c23a63f7fc5260992bfea291609c,val
db743c2b0c1810340a9ca3797787fa0b08dc811bd6408c1ba9169c799f65436c,train
dbc78baf7dc7ba410d446cdb01a6b015a297bcbd59024fd3aa1700588b11e3c3,val
dbce021842cab8a88c441b4fcd26207385db532749e7702cf5f5038a8fab63cd,train
dbd88f6d576e0e484ffd487f8979d23d2a9c33b37b94906a78b840781ceaed64,test
dbe0d9230d0e20b1c0ef5448808286462f20d50814b8089f903bd871d20b6849,train
dbfb92ccd62a87d649c3dd269fc3fe1ef59d8dc7020ab389a908a1d161c91407,train
dbfd6a958e3d823684832081d86ded4a1249d44cfbf323a9a500e8727fddd3cf,train
dc28fad4fb8105c9e2d369ee53f0c2ac6df4e3c7de62ccfca4cf9180aa68629e,train
dc2acdcfacc549866d5af129b50c43e60b062a63b785077327d91f654161eb63,train
dc4198278e960c285238816352cbbf2a5028ea4743b593e24d867e718cdd3099,test
dc41ab26b448efacce9108086b5064dec713e7b3fee786ec347a5f839392be59,train
dc78625cfabebeb67e3c59b39024adf283fd509e010f61d41043d2799da73a7b,val
dc90b8560e4b30474f935667350fa97d669bbcfcd6dae8061d80c9a291f7f919,train
dcbc4d32b07617ed7d699ff897cc852495e6ebd1101489e67e04b1bbb31b9f17,train
dcbcc06ad71456843bdd21f5dd405b57d7271a444d83d05f8756c8f903c2d7eb,train
dcd1e1a2d1da5d63fd6529f30152fc706cba3bcc1d39545512e242561c6a1d60,train
dcf4b76ed66e84395966abca084e148184d5864a33930451f18eda6767481916,train
dd1f2e1bb3170769f144e4f367c18704d2021ceb28eba5c0323f8afafa81c3a2,train
dd2317db4682f7cbf0ab0f600ca02339f3a584e6074bf2cbdea227276476ed19,val
dd5efc48c558b66170ee283bbe71cdd604b0b30a4ac7b381bcf9e1a88d231559,train
dd8062ec9f458906a0b0fefbdf9c759493e0693d2dd123741cae183d52dbe1c5,train
dd90be065670e7534e042b8097864b5f8abfda73fabe0755ea02e78f7e3c2000,train
dd9c03e7297df1901fb7ea38bda2f9ee27dfb2a86a732fbb557b468ee6aae622,val
de0cebb5fd3ccb674283e805daf5fafdd4087373d7eb4ca48339763bd2f44449,train
de23c7a749eb289c53a7443ff94caa613f42fb57fbaedb6f147a6165182af97e,train
de4c836295175ee733ca055dc4eccab2ec1d36b4d062986816bc7c56a0afc290,train
de6e140db90729294fd63202dc7d021642e558f6aadafd9eab79547bc864942c,train
de6f6d1625c32025473ce70516a8f53f1b010830d9a3e4cbe66f38d43a3aaf2e,train
de8579d8edde81bdb1bc1f79d677acc9abb10789378508c49eb02b6bda249794,train
de8e205b377ecfb6adfa045f21d389588832801421222fbfb9a38c0eecf3eb48,test
deb8d6bd8388411f50c4018d4c76b4047507177a0489454ae2c2909083858715,train
dec4d7433f9f59d86d5cfeff5167f5f62485fecd8b6ac5b88683e140fee95cfd,train
df04416131635c8a0c1008d3736ed7266451cd0b3aa2893656b9a57f5dfffc85,train
df25132a231e30ac8dc9b3bbee7bd343307321771ba2c0e76f57705ee6a965ab,val
dfa11fa483a952ae120c5cce5af0f5700b53fcf747082e608f714d84da1b6b4e,train
dfb2c8d7b447d961ae6a800806b4da100a5eee5cda82b939f253d126566a5d71,train
dfbba8dbf56b40f40806435b2d7e27ce85a6272b6a38fbd9d9ee04b1a962f294,train
dfd394f41e7edee3b55a2de987478f7f5351caa00e75f8ba3eb03886cc8c4ca6,train
dfe3b2c2deef503fc00b20cb8dac76c29c299d452d55b86968dd67d00175bf1d,train
dfe4906c1c67bec3f3d37aaec1b70d31a0a702e8e9f44bf07248c708970f8ff0,train
dff9b622000a1ace227ddeff7f22cac4c06bb1fa8645f776d8288e6c1db5e8ea,train
e00f75e633bdbde20d9ef0be1294fcc9ff54949e36155ccf8d3af34c534395f7,test
e027d97d768153eb884d2fbf4a27adc78030305092b4283b67f09b7c7eda99d4,train
e02f642bfec51f7dfe8a8ff86e9bb9a881bdac00f53245b46d293e64a5c5aae2,test
e063525ff5455d92b6e88ecb4b927355846140e08e058bcae56592e233ad3b07,train
e08607ee7f056d314b1cbad2d737ce0a9bbd26ab96fb3adce0fbc49b133b87cb,val
e0b800154b0d6f7d5e179a9de5807648ee575340e0ad891b450d70ff68a217aa,train
e0ea5cd6942bbb71bf057b91505d7198f1817354a97cf22f269afffd6ee2414c,test
e14c4cdb522b27441c08ea95b2b155553176857eaa5d57ec7f5e41cbd46dcbb0,train
e15aa50b5adbad125901e3c8d5bffc99db13d361ab3109ac9cd4bec7e17a5a78,test
e16ba9d144f9bace2a63413ee4774b4594245efb78787d8cc2f675ca6ca89cfc,train
e1b81a975b5c3aef7c342a28dc220712545b638ac4b9251d52c44cf8e51d0096,test
e1dbe7557ade25a93a005678e7d0e8e64face9159662a4f5d13d569ea317dc65,train
e1e267123dd2135eba967575e376b5962fb8493c43c021593207046449597630,train
e2162462b8e2e43dc5d14a446e6c288eb5a1359fd918e3a44076183fc77879d9,train
e221fc77d69b60a360e5e4c4e05a0754e64b2f306c2c71c55f4a2457fcabbb50,train
e22974e10527362e67a69a706bdf1a0373d8953e33cb9b7539b4e1f07b1cb9fe,train
e26be5d7664cd632eb9506c4c11b67e9ff0ffe21720f2cd83f6323d94c3e176a,test
e26eaa9b007704ed7e91e886177c59359fcffef740d695ba56aa3fb607905e26,train
e286a5e81b4ec6a5b8cc21c9f7e85d2baf547ffac5d91986a0358a3cdb8b7994,train
e2b4b53bf6c1ab6cbcee55748e477e415ed6889eeab5d07d90c3c4fcfc2645a6,train
e2e9f179c02145e3efaf1aef7f7d6ded2a450a12c21e88ce6f6625679f0d7822,train
e320cd81f085a6fe55ba9a1e7d7644c33f6bcad5d4da2284aebaa9bef0e2645e,train
e3314bede88ec83d5b10a37ed58a4bff002136d0e36e5055e73c8aec210f5709,train
e34aabdca20d7f7cacbd0befcf31e354890d2262438bdacdab7076a214c457af,train
e37cdcc6dc284e0a42c14e0df72c33fdc3e48214d2d3be762db46129c3524090,train
e38ab93cf6c08e70d3f6388b0d616405b58189a7a431e8d70a62240b30e11414,train
e3cda3a25dc4b2f84549ae06672f4084f05c14859a55f1247647cb266f75eefa,train
e3d8251d8c3e2e269aef9d80e26fc0b0b6fa9eb78e38a31457f5feb5c961400c,test
e3d9ef40de0cda8b55b8229132dd0fa58ae7b31d6b809c53c3b1437039971bb0,val
e3dfe12b7f625c73d0d070dbf3ec753daaf6e22b7fb557339e0726bc2b3a4ecb,train
e3ef0537802b111ca4fab5099ea3f545ddeda1a00fbd18c1b0eeb42297647e43,train
e3f76d20058afc390a0c9fa2eef10cbe9f734317abdf30af790908af6bc8b72d,train
e4211cfeb62d5489ac4a5d3083b7a200170b6f919b2d1c798609ed8054abe172,train
e4465d2798fc1fff528f7c5f4ae9a9c74eabc0ecb5a3b64b6b7d19db9b782aba,val
e49c9a419afd1f8d0477028627c1096645c8bd97694e79bd82b8c6847a08e584,train
e4b453f048f4e10c8bd0aa88c215e9a93a9b8a6057b66ff752e39778beaae354,train
e4d4eef3c124d832197b658651b00eac83d50e17bf87b07a065c56cc69b36b60,train
e4e0c39f63a7a2c6e83d02ad3d0f98676db23da654ee4fbdf30aba39234df966,test
e509f9b6e25c4978a71e24f74ecd40a208ca269ed72170706f80bae278c46ba8,train
e52cf4fb4cf9e402c03946e6c544a983a9beedef310bec540f60fefbb326a2bc,train
e54d0b7a32f61063c93c62f60a690a87932136c63f91093e87fd45c097b3039f,train
e5d2769068ac76b866cf878504095c79918a434793abe2062ec52b2beb600a5b,train
e5f1ce1bf91c332ae446a753c342739b5ba0be654ec3e9233aa8e7957b234cd1,train
e6155067d0ad4da77143a07fdadc79b66cd06057584699b2e4f83073401a0605,train
e63f3a1ab2cfff8bdad34aebd9af0f3530e6dfcee0724ee0a1c1773ff4829e3d,train
e64f4ee5f85bd1bab48b75df14d6e2184961a51bc9e4932dfee7362d9d8535fe,train
e679c384d9de3787e40df9d36042f5949778fe158c2c02c0cef0b7fe264c86e6,train
e68d83c635c1feecf5ad0b81dc9e4c965f302cba1e904b16f474ffc7f16ec7a1,test
e699ea04ac2863820c4de96b03444904b349f402d27903ef85be33a2ed4ee274,train
e6bf8ef0b8995f5efe110e37d0e8ce1a1106942d6001fc7d746d6db33bbff730,train
e6f20353ef619bdb8f6b4d9fd7fb1752e30dfc635428328d002fd81ada484d79,val
e7041f08e3b25d46aeddf56c383791143a65c793a816ca931594c2794c3b1188,test
e765f25d986d782e7aa1ecb7fe16eaa01af3cc988f0e58a8e3151a4c07d7c3ed,val
e769c63c002d1cd9e496e5a6a0692eac7022f4a66603f5c83a8c8704df118c08,train
e7e260c16eb54876cc05bbe4878ee00b6ad0ebf2eb10cf50f00aaa0b65958254,test
e80fccb8c303a9944ed08abcb9e6d7381af30d362e0caf54c8cd017408db5077,test
e8149f86f2b8624a6e2d7c3cacd4a14bd771e4d7b0bcf4a30c1acecc3533efdc,train
e83ff02cd61eacc7f14ea40785102a4cf5be77e13015bacc3ff5205d7d39baf6,train
e846fda70727689b265e3b4b4f93dd13842377cac98f9d1b9f88bf84c772f756,train
e851fa77da50f5b5c33a88d0ec66fc8694574fedbd76d2bd6a6298dce6613ebc,train
e852daa68e5dad019f789392448f28a77c333f1bfd6c0791def0443dbd3e8a25,train
e856594ef064f3f390d69cfcc53ac82a3c9be6792d50b393a383b38b6bcc45d2,test
e85ae95a259dfe11d641201b651d7073f350e65fd08f414dcf907052f2137b66,test
e863409621852fd6f03e714ca8507bbc601876bcfa1d8e25b4360b8548ecd24e,test
e87358a228a3c4661ab8a45ff58175fcd1678eae7beb866e0c193854b343d6bb,val
e87bb3ad0fe585745e046ee2459b680f9f43af78e769bbbcd7e268fe5140df52,train
e8be1720c8a20b38957b741602288135be813dd849f1cd57a1e518e16f7b98d9,train
e8c1fe51045c7dba5d90cffd61f12b1659fa7b547b223b888fcb5d36dc0c4293,train
e8c3db912c5ed0b3e584fa6a916af6a4c60f1ffc7ccb137e1a86a812c22f547e,val
e9129201bb10012dd1a5343d621eb7b7df389957bf4837bc07d41ec88738653e,val
e92297f32ea1157bce1013493ad6f86f876b3c33697475e2716d216b9ed003f7,train
e933a1dde17fc5c94fec45e6959c80611584b4192f0fa247209e150039da90f2,train
e9c477d0a41baf4222c7261aed34276257bcdbcfc8cbc96750fc4b811fc3d184,train
ea1b24b70a572726d13ec3b2c56d793b11bac2a775ce922820ec797657620136,val
ea2a4d7b02040b2ff6595777917f235696e466b010fe0342215f3c6a21c67b2c,train
ea518b18ac30c5539f565f0c2a56717abe0e6f1b0b9601cba3a8edbcf0749129,test
ea70813b9e07048769216e4242fbace3e6557bc959fa0cc5d18274e3dfd5974d,train
ea70eb743806512c73acdc3a91c42475ed325e3365513e11c50a77c74ae825a9,val
ea7e74d82b24f064c483082c5ffbf09414ec73e38d514a8526925f2eca9b1c39,val
ea846021decb35462d2c8f081c0dfac83938ca2c64d19357ed3226a219ec0104,train
ea8bf71fa007be33ebf6cd903b3e04a16c9c278152f7f9d3a3bb24b3032ea1fa,train
ea9053f26d36efa128eeb8b30730231c9984fec209d4eb75e8df0a4fc6b0f94f,test
ea962cfa9ddb2917d9070dd14da43f306f3195f1f7b93ad83160e8a6539f179c,train
ead0e63b78b2ff6e86b887a562df2912b27d5aee59919df2382d0f9f5fcb22c3,test
eae2dd55b948bc638a45478b410f729982cce6e22065debfee287f2b736248e0,val
eae674eaf07d68a9f87088c0bc484b0819769a1e35cba9684c6cd97ed98c4d4f,train
eb0b6f20f9d538b0af87a36ec0091fd9c8bfa9eb7b81fc3b6ff3e6d9698a8308,train
eb0ff7bfd0e1b4cf6ad121b9f3e8aa7b219015b265b1cc4b8328271802a9eccd,test
eb1a8f77040ed5c9943c15b59dfb35bb91e323d72869130e7649c4a8b5b181c4,train
eb576f65734832b28102c7591fafa0277303a1cf260c538a740ba61e5ee6f00e,train
eb65ffa36ff5d7b9ac182a4245bd2d5e19a3011c315b6fbd1c7843fd58b84ef1,train
eb6e27e77d8ffa110adce2fac0f8e7ed36b82d5f7623c427d77ecf5e40b67c96,train
eba151fff37a38920a80a9c57ea6af9899fed27b5e2738df495974a027174642,train
ebbab458312e129e3dc4632b0efb8e397560c3a8e7b6f72165c0f1236c71b302,train
ebf3318f780fa620d0a59bf1104449d8cb9e8d721384f4a2ac52304158db2f96,train
ec0cc36af496a312c8b5faa59566eca59dee80779a7fe8fddce24f582127cd8b,train
ec3b8be4909a078d5bf8737b010635115487f54b6e79a5d2d34fced416a2d3c2,train
ec6aaab657b9fa6521aac5ba73f0b91930e9c226e0bf567a814e607628360948,train
ec70f0a2b9755447a44279a6044f7fc6b3150ca657a2f81978add7737e4f0df5,train
eca4992121aee61c64e96cb8edfc2b43f1322e7c86f7c1c7bfbea39a3d1cbf48,test
ecaabb4f1fe28f77ee42ae0d228817a0f2624f02010a116afe4759860becc99c,train
ecbccba84667faf12f9c5140f1ca3d051168d507ec52afd2c82c8852dbf183d3,train
eccbbd5ceb16fcb37361791165b0685dc19275c93f8d09df2672fd571625e6d4,train
ecd0324bec991c163487efd5ee1db6e43e68338ae4349580104861f25e595c53,train
ece396e1743a571c5f182a4aeb53fbcd8ed1fa26a538b0fc67411ff7c7f35a30,val
ece3e5283dc789f5632eabf8f2755bc0f985fad6f94b5964fcc6d383ea687a28,train
ecea97853ccd07b206c76a5ece40e66526e5f4403687a772d9f5556ad887629d,train
ed1c196235cf26a362110e67fec8fd2c46823c6077efc790bd5a8ecfa43c4f75,train
ed3c034043f9ce45bc6041d3f68d21e4fb32b872bad61de170431621817bf131,train
ed6d3060c28cd83dfb0f719897a59f715b8c8b99dc2845e9d568d1cd44c4e6d6,test
ed775b618605711201418079f47ed3e8c8c7e75fbfe60d5a84c4ab8a1bcba41b,train
ed8bae95b89cf8718ec6823465a85e3e9b79195c32aaf52c0e04c9bf1b77504e,train
edc1b9717be7209b37bea99be2a41687ef217e0a76b5cfbdc8b1e46b1d0e8fb8,val
ede4ff9d4f8c21eb0e95e5ef57c0bb0832194a5d286e30b22160638a168deeb6,train
ee2866ddea5c660c5eaaa0e93d6c9c61d0c6fcd88f32c039d12dae47d715cc03,test
ee5c08f31c36857305a4796fa57312cab1e8cb35e2895eedf192c7e74eba0582,train
ee8228cfbf9b7129c11450f46ec237e79b9dc30f5ce298554a1b3b9958ed3017,train
ee83854e8b1e2f3a89758a4425d9b778dfab14b9fca2a9152f3bfc4f7d198b0c,train
eeb60f95a36bd681f182b471a010ae894f940db3664746dbe41e92f14f4cab35,train
eee603d27d981de3ae9c9f344c4ea8faadc1a2fc3b41e944062b7414c97d3c6c,test
eef0647c9fb58e07f731456bc87e41bbabc1fa2370a7cac536c2b54959e04740,val
ef3a543f5fa9b0fd23be111f5ef71f56f0a5ac22cd8215cc2d994d5df89b85a2,train
ef3ff0bea6fb2aa1bc5f2ea35de3a79016e53176d5e16b5fe91618f249d0f616,train
ef4d1a2da8503615353e767ea53565403984b50375713941cabba4173155b97a,train
ef6ea4fe10d96e7e42503f2688a2e3247d59329ac2d5e2ad12f9987c5b1fd88c,train
ef74107a1a3d382d297f2c27a4fe4e358419e7bf8b5d0a07f85cd265cb4db2b2,train
ef7f97c8796647638ef422d081013333e05be365531ff5d1c96b9273bb652a89,train
efc4d57ad4240a4b8c8d3af55924016d0dc92a8894c5967a1df2bbc29fa68f1b,train
efd5515925db1a77b4d9543cd515f9d2ed74e7113972e2b047f2842276d4f773,test
f007ce6490a5bc79aad229d1b37f38cddc21d89791416bdfe9fb00b1d1cef331,train
f00b0fb9f35176cb2a7476886c58497dec3d9191b3953c365f09c5c155f89a78,train
f00ed14875c05de6dc93f75067158ecb45068446c03b31610f15645865ef8375,train
f0271ee7e2085616fcbd24c7080abf01de2059e73a30c734a6b27d1f695f4796,train
f027cd28054eab1bcef5f6e6bb32e5ff32c498eb93ec1f627ad465c1694e94c7,test
f04f26fa8e7af520e74198e5ae4ed8dc73b13ebe8afb0a1cfbe08490a5f92968,train
f051483d600a251339c09217e1665cdfe25485426111531d7a427412ff7cbbd9,train
f058fe734ff2c8b9968b6037deadb3aa21f3e4461556ae4d522732e05935c257,train
f06d9e9b0a080f9ec913e9883152cf561ca165d2f910bd66851c79cd2e1b76dd,test
f0a74765f7f085e3cd65cfa97e85f3f9eb43c7605c0b572faf9db8f185b911b7,train
f0c02415169fb9fe4d5d4f9d605f51aeff926b465d40eaffd8df15a0ed383802,train
f0cfd958377182cca27d0a0efc9db56cee6f30158659b84e06c8d94f3f399c37,train
f0e760b3900761052f11a3d26f3bcdc2fa7ec85bf45f28a62e0493ade63ad348,train
f11fa40ac51ae04a8657fe1d2e851f30cacdde392a2f5a803ab15b695e390971,train
f14277f9d751b1aeb1c7d1c12df85251054e281e83cd4b62afb884458df002ad,train
f15d3265ee70751f26f2bc1c4107ad53f467a3cf8193159af5cca49ac745ca9a,test
f15e3bcc33d14a08d34f21382c39da9c34fa09bc85fb9e4a575589e858f1886c,train
f19d4d7cd414b666feba784a90f017067dd6efd307aa60d009bd8e1eaf751de2,test
f1cedcdf414c0112080354cc5a914c8e278026f7a6d91c51bed0d858acf20cc3,train
f1db4804f8c2ba60fa8fcaa1ac06693464dd391da6f35a7f7c69cda088930134,train
f1e7554ac422f668df0066cb56872b8652ea0ac437067691a36da38adbbbcdbf,train
f23bc14bae6bb95c94b6babaded745f823809d3a5a998a0718bac14548dfab22,val
f2460b881efa3ffad7aac28eccb434c5e320f59c28db304e49c4207f1df1f796,train
f251e36e2fb6558dade03233186e6d263abfdedf107e61beeb68a1ebbec17ea7,train
f293fe6a7eaf84a86f9214161064e0d324e602661ccf09b7db226f17522ad9e8,val
f2a706634d5c66920d7b1417bc0d565d617e482942e02a2ccb1075a97f13919b,train
f2d45801c1b94a5b4d13b9581a52edd87ccc1d0b5dde563d59aad329fd334266,train
f2d494e4003a471b7737e3639eb5c106c0980fd7f4fc2382796bcf1f4bbafb46,train
f2f7edc05e4f2acf937914b558298dc517dacf8326cd3482018a7f4ee02fd7f6,train
f3366bc306023fe886340467cd9a6bc03fea384815e00e4dcda1118d54dce5bc,test
f34db670d16b7e62e04812237000df6016c9eff02403ef8b4396f54b209349b2,train
f3cd16e346a87017de387472923930af98e06da3ae86174308517a134867ccc5,train
f404eaf92ae8b2c4995905cfb5d5b852253628387d7d1c6a57315a96378363ce,train
f45cbc1bc2cf83a39ab4ac81b077d643675f23b9da26c8d4c0a1236395b10839,train
f471f5356bc2a15d3e0f9cc8d58f53005d49896f20f58a8a3da8989b4fae2e47,test
f4824e8b6602fb2a4e63c52c0e6aa182af9c5d71ca88b6d1fba53c6b69b7a327,train
f48f80120ac079b3d0b2c6f19d8f69f229148c41feb17e244e9d93dba85b563a,train
f4c9c2dce298df8fdea30b7d5b7b500293eb67071d89e02ef5935cc976ed6ece,train
f4d57eda2bea6ab96d66b9e78e54b4ab2335c38da19079e7b0cbca3918a4cac4,train
f50acb62e20916875bb21555466115f85348cb5ab1d3a4fa85ba3f0cb8c4e88e,train
f53a9e3e247809ae525b5692e6b24a0596f945a499cd727f7f07cc0380e152b5,val
f5668d982bf311b20b314708f94337a92e31eebf1c09e32387f9e1d2be8beb20,train
f5c2cb06f54d6b1f880313ec1a777cd19f37130ae24923e09ea8fa2d3052773b,val
f5c5bf0319e5f6f48c766566bcb1a41d7335413cd5c42363fbb6d0e539d0e2cc,train
f5cc36a01bd6c1bb92824df331cfc20768c85156fe411c58e1f9af61c6654b68,train
f5cef354582a2e7d7b2789485a4880e9f557145162fc3c22e3ff4ace7ecd9c63,val
f5d80bb6108f8bf73c15b6fbde08aed96957020b99c3430454754e248cfb01c5,train
f5fad448bd57fb17495cf1179a667f1b239a48bda60586dae54d50eed43e7d8c,train
f601d7aeec75296abd7dd119ead306dde8a0762590caa5f563e4c11a944cce31,test
f60b5b1033d245f34ee8f7f0c961d16d3921624eb3cb93750ffbc2db341be05d,train
f66d3045e270c09ba235cfe8393283ca03a1296ad54e325efea625e037c61c77,train
f67474086476ea4ed47a37be4a661d167b2bd07a99f4e27605fa8c8e12cf0a0b,train
f6a58909d8ebf05e0e954226da87ba45425ea3a5c320e626864d6d5ddf9ce34e,train
f6bd30ecde439ca7043ce3a0944af6ee6266503fa42d464ba25b564aad675f2b,train
f6bd3e50b0e7b3b89a3302b7783ed3e9784bed651f58bf653f4ffe4d297dc12d,test
f6dbac32a815dd4c70cd48fe63ba5fe57f0d0f33e02387a4e2006166a1074f75,train
f70fcdf46c0e3fe8af5124f871b351b2e3653844b1c6d87b367596081f3edbc0,train
f73cbb3abd777590c588d11526174249cee1c8601712f48cff83411fd1791a61,test
f781093303517d7d43a5d2f7298cbf43906be2a483f4b71dcd7325dda8844d6d,train
f7c27e2073f4fc24f474fe13194be39594b459a455fb1098f4f01e13331a159c,train
f7efcad3438dda7c84180c87a238a928cb1db47c69933b1f8f4056d44a292c94,train
f813b04d1ce08f4920cce09cfb4f177d7e7f1d4d47391092bae6329a27c110e1,test
f82670266a0180133eaa38708173012c14b7f2a808892add6ac2e122b651319d,train
f8287c902899103dfe15bd54cc6e93765de719d1dfe02c8a0af12e0bf70d7162,train
f8405ee097f5e9a554330717e47449880cc0e24f5929338b221863f1727a7ae1,train
f8a44bf4b80023d52ef85abed454c3024d5da72333dc456de1883058b7aa0558,train
f8fa0fc0a89bddf296dc8e04e018a3b391e06ebc1ca5945cf31950dd84624ada,train
f95e97dd8642992cfb56fc76e96743e8a5d263df7df0f803928f7d6e60e9ddf6,train
f97df0afb54babd4a269e4af8a91099819914796e98f23182dbad61c1107f55f,train
f9b1c731e38dd9fdd996cb8cc395a2c14d76a58633bff101c2301aae90977bc1,train
f9debe2259ddd6412ca054b47609e3e38b95eba0a0597a200d770e8cc0cd9a03,test
fa2fb727627e3e43c91804aa0b8c5fad56af3f5c3a0a717865bf6eecab0dad45,val
fa416e0a6dc971ad970c8ab0a0edd831b70f8bc5c2f60a0139b7da550dbea583,train
fa78edd0309a435a80a7c7b77ff3b9d0a83346f9bdb562899c403bef783c3ec6,train
fa7a228ef21870a16f75ed7c51c4c9b1ad9da3220cf1366107210c2d123a4fd3,val
fa946f3816d7b5d910f3c8428a69ceaed630b2521e0fa3a3196d46c818759e7e,train
fa9cec50b413a7ba58db6e1bd18f9de5bbe90b1d0c80a0dc71592402368ea40f,test
faac2e10fceacc6f9d4254e13110225f27f608069cbd95da1e6809ad61c45367,train
fafa821820fa5f8b796751150eaf359402b5054ed1aed53174f97e643ef9cb39,train
fafb0361bba4024ab270dd936498c1cffc4406fb20fe219724173fdb85edd860,test
fb02cdb0955e62cbcc74aad2df2362b7946d9337c5ea423446cef9485f41f562,train
fb2521ae69742dc56af9bea37b851035cb478d1155940e59fe6705de00a63cdc,test
fb28599e806364c06b5722e6950fbc85bf514ae1c22e188af52f21f09adfe51a,test
fb2dabd6424a536b7ec38b5fc1f965fb70f5d271e77882a24e5248bbd99626c0,train
fb600cd8a24dc33bcc333d67d6bb7f1c8ecfc5db0b9f553ae9a78ed8c81c19ce,test
fb8c7e92fcc2ca75e39f547a9fbe047dbfe3f122cd2326b2750bfc44176ccfdd,train
fb961257096a0713620f817cc368b3e182f681e64ecc2deb94acb37ea10df2cd,train
fb98fe6b0ee7a7a4ac8318051944308e46c3231bb30e9f48d48de7adfb795551,test
fb9ef92d60c26afdd774c72d0180c5341332e10544ab1e88eb46bedb2f2db763,train
fba6a8c3b0bf48c5902abb06ab268be4a108751913b9e8938224d1de744efad2,train
fbae1ce2e1c81a174a6e083e644e60289a7713b5583ad08bb2be840dc11edff9,train
fbafb85b128402127a78845a0e261979e5d6376b227e7c15b8b302f5e3429aa9,train
fbbf8c431ecfa64967f8aec95161900b7051f0aba3194a65240bb6161f719402,test
fbde8e772ce7b7f1aac2f4f6bf3301ab0750d0e171c34bada5f68bec7688d02a,train
fc035f8e48e33cfcc4bdd52aca1bd2d5eba5317c504f1bcce8952f2b6856986d,val
fc0764a8ccb7f677a60516a30d801f39e5083be1f10f678fa9d4db226fda641d,train
fc090de995b0e315bb602220f55d57846136291d9eeb18456f07045f5e44b2a7,train
fc4b4d2468e2cfd571e7bdd35e027448557aff5ddb5bf26d73c5279f62eb5548,train
fcba3be5921cd27aac8319255770a3e4a944423e48b769bfd6226dcac3227903,test
fd18ea46fa2b39adb5fcb1f4c84fdf0f287d76e15ded6c9f2666bc1a70f7295d,val
fd4a8af53a66c654c5ba2c939b3fff10922855d0c3ac54d4703679832537deee,train
fd592f248e4e4ca8a86a4495269438f042f36e3be09762bb1f44e24e2d5e4f35,train
fd6150d738cbee0f6a75d05afa18233af6f678c3f98c63c7fca4f723d7f1c2a9,train
fd794fb3997bbf5fa5867fc4be45fe9d60b342d035ea3acccf4d6e5043f10051,test
fd9014df8928e7f203b9183a224623ee8b7219e1a464760dd415287645a4c2a9,train
fd978a88dccf653e4d8afa4b9f56a7a0ec18abb69767656beb5663940e596a4e,train
fd9f232f1231224a1369ea02cca1c4dcee21f6b7647ee4460b43fcabb3e8f6bf,train
fda6c3b93e4a2bb50ace898057a00e0e4e506191893698ab8f899ea6dfc764a4,test
fe0ddb5f629860c13f809bcd073f957e33ec37832fed1b709bab8e330e8d5758,train
fe1a5071ab738cde73754467b4a157fbb8cba040843504c91afbc8381baa91b0,train
fe25e7d310db9bc1f9267870908e3fb83d415c03e2f44adb8b77c578aaeb453b,train
fe3a2e2e8752be2f32e856d7e16455873b9bed1c2b120f6ea40553b4debf3a70,train
fe430ad4499a42b18291e5a6dff18c0c68b3913d8a6d04c649668018d4bc46b8,train
fe49218a47ad4ab684587c7247b70ada1ebf3e1a69677583f89ed996438ba4ef,train
fe6250597740d4a1b8e469f90325d903bcf783d770fe6883c5018b200155b414,test
fecb35c83c4c2d7914c9d72696bd501f86909c3b80a1578e75a6bb2e9b17eeb2,val
fef063589c27beda5f10b8f0cc971465d97c56d9eae4ddc0b178b41dfc2f6a58,train
ff55d32faea20fd7d7bda8ed03566bdbe0d655e96a45058918282fdf08c255cc,train
ff61f092780444393bd902092695ffec510810edf4066d2da0614ac9f258322b,test
ffb57ec419b801b0204ad4ca6c26010a9d8a522231df85340f76e10c5ef05a84,train
ffcef694df64c7200556c7b26e3ec921bc2123ba723dbb1574ecce872dbb8dde,train
ffe0212caf96697d28bd1fe8d654015982c720288a9dc8579149dc55641bf119,train
