Drug_ID,Drug,Y,split,d3d_asphericity,d3d_eccentricity,d3d_inertial_shape_factor,d3d_npr1,d3d_npr2,d3d_pmi1,d3d_pmi2,d3d_pmi3,d3d_radius_of_gyration,d3d_spherocity_index
METHYLNALTREXONE,C[N@@+]1(CC2CC2)CC[C@]23c4c5ccc(O)c4O[C@H]2C(=O)CC[C@@]3(O)[C@H]1C5,0.0,train,0.3016905913016669,0.9409662053475448,0.0006740114905958,0.3385005175680565,0.8595251506202951,1275.2381266682128,3238.1021180591392,3767.3151457200433,3.408183125990659,0.3914835089538293
2-[({1-[1-(4-Fluorobenzyl)-1H-benzimidazol-2-yl]-4-piperidinyl}methyl)amino]-4(3H)-pyrimidinone,O=c1ccnc(NCC2CCN(c3nc4ccccc4n3Cc3ccc(F)cc3)CC2)[nH]1,1.0,train,0.4478694136823176,0.9711558234342678,0.0003419642037904,0.2384457309529979,0.8410613772409286,2459.501222403588,8675.313569980695,10314.721142516077,4.979656551174788,0.1730772075200199
TERFENADINE,CC(C)(C)c1ccc([C@@H](O)CCC[NH+]2CCC(C(O)(c3ccccc3)c3ccccc3)CC2)cc1,1.0,train,0.7176417197242728,0.9944198209395838,0.0005030810276774,0.105495117055179,0.9518158865840856,1891.9733287860977,17070.08174027687,17934.226546205962,6.2472188018564765,0.1175317754152514
SERTINDOLE11,CC(C)(O)c1ccc([C@H](O)CCC[NH+]2CCC(C(O)(c3ccccc3)c3ccccc3)CC2)cc1,0.0,train,0.752882811363509,0.9958592622807652,0.0005643031153963,0.0909083589644551,0.960256717130497,1701.6682894902938,17974.567178689485,18718.50189437079,6.35956261878549,0.1083305267255835
MEFLOQUINE,O[C@@H](c1cc(C(F)(F)F)nc2c(C(F)(F)F)cccc12)[C@H]1CCCC[NH2+]1,1.0,train,0.2634568662306216,0.9283790751259828,0.0004164071760631,0.3716346228060898,0.7808720896835588,1875.2608854299333,3940.26497114498,5045.980030790621,3.783771157130136,0.3054019842162974
SUMATRIPTAN,CNS(=O)(=O)Cc1ccc2c(c1)C(CC[NH+](C)C)C=N2,0.0,train,0.4655966972828394,0.973648059873982,0.0009082949929196,0.2280558166406427,0.8470705781192821,932.5941293548576,3463.946063467708,4089.324022041437,3.783399656518831,0.2009562934851343
,O=C(O)CCC(O)=C1S(=O)(=O)OCCOS1(=O)=O.[H-].[Na+],0.0,train,0.3354623681931142,0.949668996705656,0.0009642606147998,0.313255162281602,0.7963222026470442,825.8371133537548,2099.3506518572785,2636.308073388956,2.919346088462642,0.1775924230065744
PALONOSETRON,O=C1c2cccc3c2[C@@H](CCC3)CN1[C@@H]1CN2CCC1CC2,0.0,train,0.4773061302531795,0.9751972743813428,0.0011263643683809,0.2213374709334144,0.8545104547348403,758.6447855795669,2928.8755219527743,3427.5479085409456,3.464377268129645,0.1768895542487449
FENTANYL,CCC(=O)N(c1ccccc1)C1CC[NH+](CCc2ccccc2)CC1,1.0,train,0.5087113585930776,0.9786458130749124,0.0007721708833124,0.2055538191105768,0.9260340851989836,1199.2605590443225,5402.751257627627,5834.289843085742,4.292418934047716,0.2863184598580565
VANOXERINE HYDROCHLORIDE,Fc1ccc(C(OCCN2CCN(CCCc3ccccc3)CC2)c2ccc(F)cc2)cc1,1.0,train,0.5609883236155778,0.984212856058592,0.0003373732193832,0.1769888526687171,0.8990719484474622,2664.917950781687,13537.310052778228,15056.981898005784,5.889676196170004,0.1809203920150151
Wombat1,Fc1ccc2c(C3C[NH2+]CCC3F)c(-c3ccsc3)[nH]c2c1,1.0,train,0.2052498443041367,0.8881742126393711,0.0003504104939068,0.4595068748152012,0.6424797814606651,1833.5061096415347,2563.597345748172,3990.160343909786,3.623495261136959,0.1917922241887475
WOMBAT01,Fc1ccc2c([C@@H]3C[NH2+]CC[C@H]3F)c(-c3ccsc3)[nH]c2c1,1.0,train,0.2356376867114069,0.9099687536628942,0.0004111664320349,0.4146768227875763,0.6774484013726974,1647.6257510123758,2691.689937191408,3973.276683120517,3.607329292755055,0.191668488858612
SULFAMETHOXAZOLE,Cc1cc(NS(=O)(=O)c2ccc(N)cc2)no1,0.0,train,0.2668555559865848,0.9296797287965086,0.0009499027612857,0.3683688394325045,0.785352586342814,826.771558469632,1762.6550138146958,2244.412311701842,3.0890722554328387,0.2604235781326831
C(NC1=C(N(C(=N)N=C1N)O)N)O,N=c1nc(N)c(NCO)c(N)n1O,0.0,train,0.3656077087127106,0.954839390546208,0.0020101586905081,0.2971224297513499,0.7378213442374051,367.04631714966297,911.4579715283944,1235.3369533792168,2.59832363867951,0.1258401801198664
ARIPIPRAZOLE,O=C1CCc2ccc(OCCCCN3CCN(c4cccc(Cl)c4Cl)CC3)cc2N1,1.0,train,0.8298605688017566,0.9981689897973608,0.0009334873435629,0.0604869226107286,0.968717919783348,1037.7408183017778,16619.759832206437,17156.44925400308,6.230627044943746,0.0847002463989645
2-AMINO-N-PYRIMIDIN-4-YLACETAMIDE-4,Cc1ccc(-c2nc(NC(=O)CC3CCN(C)CC3)cc(-n3nccc3C)n2)o1,1.0,train,0.4673723732130464,0.9735314408004824,0.0003701861526481,0.2285531311816504,0.8002766854835214,2161.822314959005,7569.600940818807,9458.729809484965,4.931877459026578,0.0797780255256013
,O.O=C(O)[C@H](O)[C@@H](O)[C@H]1O[SbH]O[C@@H]1CO,0.0,train,0.3371920928767887,0.950352459410179,0.0011926078894455,0.3111755178239834,0.8205606530764757,688.0389274113836,1814.3383373047889,2211.0959506800696,2.6526728104665755,0.2846428096647757
ER-118585,COc1ccc(CNc2nnc(N3CCC4(CC3)CC(O)C4)c3ccc(C#N)cc23)cc1Cl,1.0,train,0.3254022444858557,0.9471300311998064,0.0002350780599211,0.3208499711694757,0.7930759034082946,3373.6704466345245,8339.027513433304,10514.791178997872,4.894245198279837,0.2347492487979249
ATROPINE,C[NH+]1[C@H]2CC[C@@H]1CC(OC(=O)[C@@H](CO)c1ccccc1)C2,1.0,train,0.616795815754741,0.9884215986813664,0.0015457328221653,0.1517324726621567,0.963418397282068,623.2761467356825,3957.463394729198,4107.730769823092,3.8678628762410776,0.2506103638657077
PROCAINE,CCN(CC)CCOC(=O)c1ccc(N)cc1.CN(C)CCCN1c2ccccc2CCc2ccc(Cl)cc21,1.0,train,0.3019315893378271,0.9385623671622256,0.0002744730753912,0.3451096679996664,0.7296253778756788,2658.276688289858,5620.086346562364,7702.701299844279,3.8075279206116246,0.1857384193127775
BRL-37872,COc1ccc(CC[NH+](C)CCCN(C(=O)c2ccc([N+](=O)[O-])cc2)c2ccc(OC)c(OC)c2)cc1OC,1.0,train,0.6240509796728141,0.9892341052498604,0.0002786346810348,0.1463416721597365,0.8938748055413446,3208.0529323249507,19595.22293771683,21921.66376794752,6.443446735369876,0.0917220383584015
AMINOMETHYL TETRAHYDRONAPHTHALENE KETOPIPERAZINE 4H,CC(=O)N1CCN(Cc2ccc3c(c2)CC[C@H](N2CCN(CCc4ccc(F)cc4)CC2=O)C3)CC1,1.0,train,0.7265702114433479,0.9946863267683608,0.0005135728657182,0.10295198560526,0.9887125626846188,1925.165110313727,18488.56939105068,18699.640409998712,6.300619494261174,0.1647707645686106
AMINOMETHYL TETRAHYDRONAPHTHALENE KETOPIPERAZINE 4F,CS(=O)(=O)N1CCN(Cc2ccc3c(c2)CC[C@H](N2CCN(CCc4ccc(F)cc4)CC2=O)C3)CC1,1.0,train,0.8176485524565564,0.9978756638883672,0.0005915865083067,0.0651472134427122,0.9658238072809252,1632.5994486341024,24203.6970104808,25060.157792777176,6.937876667073027,0.0836662627898016
N-{(1S)-2-[(3S)-3-HYDROXYPYRROLIDIN-1-YL]-1-PHENYLETHYL}-N-METHYL-2-(4-{[(METHYLSULFONYL)AMINO]METHYL}PHENYL)ACETAMIDE,CN(C(=O)Cc1ccc(CNS(C)(=O)=O)cc1)[C@@H](CN1CC[C@@H](O)C1)c1ccccc1,1.0,train,0.3929011133695685,0.9619428190070942,0.0003301288031965,0.2732508242635046,0.8810202338317505,2668.7166502928435,8604.524336235323,9766.545654476466,4.858927137866527,0.2992699470387048
BAPTA-AM,CC(=O)OCOC(=O)CN(CC(=O)O)c1ccccc1OCCOc1ccccc1N(CC(=O)O)CC(=O)O,1.0,train,0.2870213440284078,0.9367667336634504,0.0001890540370729,0.3499544066039322,0.8244397964158281,4360.868507121893,10273.54842905805,12461.247593482633,4.969883330543861,0.2834108802059792
THEOPHYLLINE,Cn1c(=O)c2nc[nH]c2n(C)c1=O,0.0,train,0.2610710149718598,0.9027080831135657,0.0013466795052261,0.430253549295566,0.5762006379690457,427.8676817557069,573.0054559633953,994.4547405971076,2.3531765607489112,0.0582036273632712
PHENOBARBITAL,CCC1(c2ccccc2)C(=O)NC(=O)NC1=O,0.0,train,0.1130967886792203,0.8315968347857713,0.0012457631878519,0.555379783908531,0.9476022246790116,760.6599985611856,1297.8562197352628,1369.6213304848409,2.716730417324308,0.5781187804743092
AMSACRINE,COc1cc(NS(C)(=O)=O)ccc1Nc1c2ccccc2nc2ccccc12,1.0,train,0.4560012817088664,0.972305181817144,0.0005622681790184,0.2337148549226828,0.871631257276358,1550.2055599126536,5781.436621435429,6632.892720599596,4.21253508664879,0.2303861215703643
HEROIN,CC(=O)Oc1ccc2c3c1O[C@H]1[C@@H](OC(C)=O)C=C[C@H]4[C@@H](C2)N(C)CC[C@]314,0.0,train,0.17101129299003,0.8839016498218858,0.0004280731279298,0.4676728273506471,0.7680630671336943,1794.2333144059191,2946.6846522233755,3836.513924852548,3.4072594344168894,0.3822422667244104
,Fc1ccc(-n2cc(C3CCN(CCN4CCNC4=S)CC3)c3ccccc32)cc1,1.0,train,0.6113208787407657,0.9883222214108291,0.0004666378235478,0.1523784324160208,0.8733862359644515,1871.657615158921,10727.764904779166,12282.95622604225,5.426003605777179,0.0927876262652013
MICONAZOLE,Clc1ccc(CO[C@@H](Cn2ccnc2)c2ccc(Cl)cc2Cl)c(Cl)c1,1.0,train,0.3491334533739604,0.953022132728593,0.0003580458867502,0.3029006677599837,0.8087739698382103,2258.8556376918937,6031.362211572013,7457.413859126235,4.349862254250042,0.2039541170068107
BRL-32872,COc1ccc(CCN(C)CCCN(C(=O)c2ccc([N+](=O)[O-])cc2)c2ccc(OC)c(OC)c2)cc1OC,1.0,train,0.6186745324272708,0.9888545497879028,0.0002735556014502,0.1488847855348702,0.9001338056940055,3290.496706782676,19893.82133748098,22100.960114638503,6.489760071539849,0.1312761577159627
SELEGILINE,C#CC[NH+](C)[C@H](C)Cc1ccccc1,0.0,train,0.2023074722956938,0.9029503765792108,0.0013951982391661,0.4297448282823908,0.794753470479324,569.6348003953192,1053.4605764295302,1325.5186866868005,2.7981805129234463,0.4609986360660184
LY-97241,CCCCCCCN(CC)CCCCc1ccc([N+](=O)[O-])cc1,1.0,train,0.2241206542184682,0.8886446990822264,0.0002605805320708,0.4585963353463033,0.5981889305280158,2295.6010020171725,2994.361276957733,5005.711614079249,4.007873061767181,0.1447793482723337
SOTALOL,CC(C)[NH2+]CC(O)c1ccc(NS(C)(=O)=O)cc1,0.0,train,0.4349716394586564,0.9690776583379104,0.0012029779032293,0.2467559363223353,0.8880622240489036,738.2198971942553,2656.816340511855,2991.700658540285,3.4177692180341577,0.2829442999067451
TERBUTALINE,CC(C)(C)[NH2+]CC(O)c1cc(O)cc(O)c1,0.0,train,0.5363057694681167,0.981821196342008,0.0018822983159987,0.1898081621362693,0.903053853161342,479.76128198476647,2282.569250014255,2527.611439809056,3.4187867921222,0.2215924735429627
TILUDRONIC_ACID,O=P([O-])([O-])C(Sc1ccc(Cl)cc1)P(=O)([O-])[O-],0.0,train,0.3256236903917857,0.9474881999654572,0.0007705056038124,0.3197907298941259,0.8171825451402515,1060.5796260233092,2710.1697363290064,3316.480206835384,3.3562815744216503,0.1780531270945379
CLOFILIUM,CCCCCCC[N+](CC)(CC)CCCCc1ccc(Cl)cc1,1.0,train,0.4142007745258834,0.9655853669016354,0.0003957860446516,0.2600863303317455,0.8003131432998482,2022.0853011738204,6222.170312982858,7774.6696590882275,4.860827040333356,0.1879268588428366
IBUTILIDE,CCCCCCC[NH+](CC)CCC[C@@H](O)c1ccc(NS(C)(=O)=O)cc1,1.0,train,0.6041597977340656,0.9877406752748508,0.0006279626181401,0.1561036783922213,0.9193607876596146,1464.037446022762,8622.337624593265,9378.6223431857,5.023970071717782,0.1843855445557562
SEMATILIDE,CC[NH+](CC)CCNC(=O)c1ccc(NS(C)(=O)=O)cc1,0.0,train,0.7483710748049895,0.9956567372829744,0.0015884391918152,0.0931002766001372,0.9723216920207566,612.1239623341278,6392.9069656737365,6574.88876175074,4.646981296477585,0.1808110203658155
GLYCERYL-NONIVAMIDE,CCCCCCCCC(=O)NCc1ccc(C[C@@H](O)CO)c(OC)c1,1.0,train,0.7239898262596882,0.9946834356011028,0.0009363759616334,0.1029799152300427,0.95914188366471,1024.3128005887415,9540.319651884338,9946.724060711937,5.401663926311318,0.1189907506057638
SOTALOL,CC(C)[NH2+]C[C@H](O)c1ccc(NS(C)(=O)=O)cc1,0.0,train,0.6201910740057778,0.988816669352236,0.0015610872527113,0.1491361606423819,0.9422024952163895,603.5553064570657,3813.1014858869407,4047.0084777383336,3.9344357784894695,0.1904183940168884
BUPROPION,C[C@@H]([NH2+]C(C)(C)C)C(=O)c1cccc(Cl)c1,0.0,train,0.4588034882944148,0.972529054561044,0.0015146349055467,0.2327815242552594,0.8979519223025674,592.8504083817095,2286.9133001314226,2546.8104063603096,3.35707555668594,0.3342142572167619
CLENBUTEROL,CC(C)(C)NC[C@H](O)c1cc(Cl)c(N)c(Cl)c1,0.0,train,0.4276280553675997,0.967772147941044,0.0009565394535723,0.2518274601181889,0.8005502629428399,836.9234117349323,2660.5488417068227,3323.4001222191696,3.5076178202945583,0.2002476476968809
MEXILETINE,Cc1cccc(C)c1OC[C@@H](C)[NH3+],1.0,train,0.3671897047202703,0.9570402863513168,0.0022108944512839,0.2899549797823606,0.8223267767314738,371.9430279694781,1054.8489684414526,1282.7613040088413,2.7413905888862105,0.2348409858247835
CLOBUTINOL,C[C@@H](CN(C)C)[C@](C)(O)Cc1ccc(Cl)cc1,1.0,train,0.7028280395068855,0.9935331075217,0.0024377844906042,0.1135427860248044,0.993404609370446,407.5030476234595,3565.311544788178,3588.9822849197726,3.8446479117241377,0.3116567539640695
PROCAINAMIDE,CC[NH+](CC)CCNC(=O)c1ccc(N)cc1,1.0,train,0.607012525289118,0.987879389816326,0.0020949016753818,0.1552234234132316,0.9356498963562506,446.6318908192608,2692.190863758616,2877.3485405630386,3.567610241339273,0.1996049253326498
TAPENTADOL,CC[C@@H](c1cccc(O)c1)[C@@H](C)CN(C)C,1.0,train,0.1956260979038498,0.8997532118158861,0.0010332236261018,0.4363990809190565,0.8065582210565644,780.6230913433126,1442.7573278650418,1788.782620025964,3.0105123390535184,0.3914667456555606
PROCAINAMIDE HYDROCHLORIDE,CCN(CC)CCNC(=O)c1ccc(N)cc1,0.0,train,0.4309791790000086,0.9682004148343044,0.0014405079503458,0.2501758515818043,0.9092658597538956,631.2119690388192,2294.1442592726034,2523.0731305512154,3.402366504985549,0.3171728583468867
METOPROLOL,COCCc1ccc(OC[C@H](O)C[NH2+]C(C)C)cc1,0.0,train,0.5149733926041855,0.9796293749633744,0.001076373439218,0.2008140625276738,0.8877969593952151,824.8038524995283,3646.4495719548,4107.301262260274,3.9977848448520623,0.1663043092918193
PROPIONYLPROCAINAMIDE-N,CCC(=O)NC(=O)c1ccc(N)cc1CC[NH+](CC)CC,1.0,train,0.1809756923697865,0.8762933901413565,0.0004015740046352,0.4817778475548334,0.661171301699245,1646.4494565574896,2259.5167791525178,3417.445332768438,3.538757566671776,0.2855612831646077
ALMOKALANT,CCCS(=O)CCC[NH+](CC)C[C@@H](O)COc1ccc(C#N)cc1,1.0,train,0.7358951335863769,0.9951906896089264,0.0010008137377753,0.0979565787260325,0.9594166391019904,958.6365603200192,9389.179152477902,9786.341793348643,5.336445885319846,0.1473523974196214
almokalant,CCCS(=O)CCC[NH+](CC)CC(O)COc1ccc(C#N)cc1,1.0,train,0.4474067669814606,0.9708101515335616,0.0003993153833151,0.2398492228033754,0.8041730081786264,2013.8793589726567,6752.189576788964,8396.438960419744,4.926922761408103,0.1173178888587428
FLUVOXAMINE,COCCCC/C(=N\OCC[NH3+])c1ccc(C(F)(F)F)cc1,1.0,train,0.609239494804861,0.9880963540528018,0.0010842689139448,0.153836260704556,0.9259494742400955,853.9850790992531,5140.18626934437,5551.259990252489,4.251661331493996,0.2019920258721336
glyceryl-nonivamide,CCCCCCCCC(=O)NCc1ccc(CC(O)CO)c(OC)c1,1.0,train,0.7597071057098044,0.9961064307554798,0.0012142486871059,0.0881588260333504,0.9627385417426978,792.8676818562352,8658.512257597662,8993.627950039776,5.122356389461679,0.1064521358016914
LIGNOCAINE,CCN(CC)CC(=O)Nc1c(C)cccc1C,0.0,train,0.4595011347809468,0.9728178725032264,0.0015183811701336,0.2315715590013077,0.8635635874461054,568.739658020203,2120.9118318369315,2455.999607520849,3.313440506771401,0.1918239127767594
CAPSAICIN,COc1cc(CNC(=O)CCCC/C=C/C(C)C)ccc1O,1.0,train,0.7665717193692906,0.996306009481642,0.0012368409882933,0.0858739510606464,0.9818675082293984,793.8510427150492,9076.751862336718,9244.37542363004,5.59402744460279,0.1218355739583607
M-43068,CC(C)(NC(=O)c1ccc(O)cc1)C(=O)O,0.0,train,0.5667742832463728,0.9841779682227786,0.0025434659786244,0.1771827499077811,0.970125907795512,381.4188654177198,2088.3766803274434,2152.686227165105,3.2177201616323794,0.250895028043993
PROCARBAZINE,CNNCc1ccc(C(=O)NC(C)C)cc1,0.0,train,0.7145669141273322,0.9942238697048398,0.0028677568096918,0.1073261240757986,0.9689210057315584,337.86721470140463,3050.2046383507145,3148.04263743641,3.842821357802301,0.1566005662952414
PROGUANIL,CC(C)NC(=[NH2+])NC(=[NH2+])Nc1ccc(Cl)cc1,0.0,train,0.8317979985106234,0.9981883428211492,0.0036130879460565,0.0601667038815306,0.9909076019036662,274.2550462922356,4516.807348571417,4558.252797631207,4.275279717806029,0.1672755082513069
PSEUDOEPHEDRINE,C[NH2+][C@@H](C)[C@@H](O)c1cccc(O)c1,0.0,train,0.4049083605064342,0.963603202160787,0.0026046872906567,0.267336620734005,0.9179095846679516,352.4068274762152,1210.0010980713987,1318.2138178773998,2.8112708629955794,0.296317453744927
RIVASTIGMINE,CCN(C)C(=O)Oc1cccc([C@H](C)[NH+](C)C)c1,0.0,train,0.4362554082694327,0.9694278757630488,0.0011980121175342,0.2453764326367608,0.8616651071241721,719.2457359260054,2525.706920732363,2931.193220950968,3.5051316149288327,0.201359191199003
ATENOLOL (RACEMATE),CC(C)[NH2+]C[C@@H](O)COc1ccc(CC(N)=O)cc1,0.0,train,0.8121454333108888,0.9977090433510004,0.0027915011779757,0.067651051844237,0.984330228114367,352.6168055670204,5130.6132158876735,5212.288589080656,4.472461842896022,0.0974584860136389
METOCLOPRAMIDE,CC[NH+](CC)CCNC(=O)c1cc(Cl)c(N)cc1OC,1.0,train,0.5138655161298205,0.9795472307980244,0.0009053409258664,0.2012143698544458,0.8631952358017997,953.4477136065634,4090.222405917893,4738.467308752684,4.032327032243978,0.1735227886143786
CODEINE,COc1ccc2c3c1O[C@H]1[C@@H](O)C=C[C@H]4[C@@H](C2)[NH+](C)CC[C@]314,0.0,train,0.1887526550698536,0.8962303213742842,0.0008030041197955,0.4435890114163642,0.8339435455746653,1038.5295978145573,1952.42675696667,2341.1977553243905,2.979218032359573,0.4309877967739787
MORPHINE,C[NH+]1CC[C@]23c4c5ccc(O)c4O[C@@H]2[C@@H](O)C=C[C@H]3[C@H]1C5,0.0,train,0.1224033419087155,0.8145142634150562,0.0005156754165487,0.5801435293902955,0.6491262005044084,1258.7883379215157,1408.4660944042605,2169.787775181161,2.9062006035021897,0.4522696949716939
METHOXYVERAPAMIL,COc1ccc(CCN(C)CCC[C@@](C#N)(c2cc(OC)c(OC)c(OC)c2)C(C)C)cc1OC,1.0,train,0.4424362441477847,0.9703713813546836,0.0002714797844106,0.2416182572733344,0.8571204570066964,3157.2165082838537,11199.960164384463,13066.96167712278,5.3191619581703815,0.1635916500432771
GLIBENCLAMIDE,COc1ccc(Cl)cc1C(=O)NCCc1ccc(S(=O)([O-])=NC(=O)NC2CCCCC2)cc1,0.0,train,0.7632338878321674,0.9961351538474966,0.0005584678585636,0.0878336795837681,0.9973170262128122,1785.809175800793,20277.16366925764,20331.71312261424,6.557148987592166,0.1297436164055797
SAQUINAVIR,CC(C)(C)NC(=O)[C@@H]1C[C@@H]2CCCC[C@@H]2C[NH+]1C[C@@H](O)[C@H](Cc1ccccc1)NC(=O)[C@H](CC(N)=O)NC(=O)c1ccc2ccccc2n1,1.0,train,0.2975049521373487,0.939904771953934,0.0001266616156025,0.3414366993429723,0.8397240227379484,6629.664549462748,16304.892226262707,19416.9653180816,5.61408716679996,0.2936753235070478
,COc1cc2nc(N3CCN(C(=O)c4ccco4)CC3)[nH]c(=N)c2cc1OC,1.0,train,0.7191641931877718,0.9945345693438594,0.000926203691287,0.1044078080414672,0.9176436427652322,990.757920096506,8707.803793129855,9489.308689470909,5.002277785573121,0.0616982601657586
WOMBAT26,N#Cc1ccc(Cn2cncc2CC[NH2+][C@H]2CCN(c3ccccc3)C2=O)cc1,1.0,train,0.7014353852511057,0.9936702707090932,0.0008029401243734,0.1123360721625833,0.946374275217754,1178.6361728481477,9929.41031630727,10492.05433444668,5.286277299494177,0.1368305868770331
BMCL20031829_14,Fc1ccc(-n2cc(C3CCNCC3)c3cc(Cl)ccc32)cc1,1.0,train,0.272114368758694,0.9228331721451174,0.0003240752799265,0.385199865509556,0.6599833285702486,2036.5124076103768,3489.264555353184,5286.89802348816,4.054840586735796,0.1632979937711967
PENTAMIDINE,N=C(N)c1ccc(OCCCCCOc2ccc(C(=N)N)cc2)cc1,0.0,train,0.853438034305567,0.9986612806514504,0.0015442016465432,0.0517266520045983,0.981703992664134,635.7356209674409,12065.428037505091,12290.291297239311,6.058551078549989,0.0810839669761234
LUMEFANTRINE,CCCC[NH+](CCCC)C[C@H](O)c1cc(Cl)cc2c1-c1ccc(Cl)cc1/C2=C\c1ccc(Cl)cc1,1.0,train,0.4274138303782511,0.96773157424834,0.0002192334993837,0.2519833331846176,0.8000511600832033,3649.310722732413,11586.620592430398,14482.349592775314,5.295118795961842,0.132708727736329
lumefantrine,CCCC[NH+](CCCC)CC(O)c1cc(Cl)cc2c1-c1ccc(Cl)cc1/C2=C\c1ccc(Cl)cc1,1.0,train,0.4200563650144681,0.9666923346758416,0.0002149253811758,0.2559412629471272,0.812061771558103,3778.342823520991,11988.093406635038,14762.538795088803,5.366856435865384,0.1497757197124904
DESBUTYL-LUMEFANTRINE,CCCCNC[C@H](O)c1cc(Cl)cc2c1-c1ccc(Cl)cc1/C2=C/c1ccc(Cl)cc1,1.0,train,0.354275869141896,0.9519769008931814,0.000200392532122,0.3061698550899708,0.7288469841584269,3637.0965346880535,8658.22286658974,11879.342378821908,5.055996020903559,0.0981285371922699
SERTINDOLE10,Fc1ccc(-n2cc(C3CC[NH+](CCN4CCNC4=S)CC3)c3cc(Cl)ccc32)cc1,1.0,train,0.5451808270594967,0.9827226345866532,0.0003329900079562,0.1850843685216749,0.8470329457430631,2543.7188068847627,11641.251237731116,13743.563690452183,5.521588077130375,0.0997730487285335
DAURICINE,COc1cc2c(cc1OC)[C@@H](Cc1ccc(Oc3cc(C[C@@H]4c5cc(OC)c(OC)cc5CCN4C)ccc3O)cc1)N(C)CC2,1.0,train,0.6360439045092551,0.989920324620139,0.0002384503840741,0.1416253893338287,0.9414966164166648,3948.396309245703,26248.130952455824,27879.15590430498,6.817408245279579,0.1729248576457565
DANTROLENE,O=C1CN(/N=C/c2ccc(-c3ccc([N+](=O)[O-])cc3)o2)C(=O)N1,0.0,train,0.8071991022145161,0.9976150620600666,0.0017797055928824,0.0690230972275905,0.9328716987328424,524.1719206050948,7084.369865214762,7594.152416498164,4.918161683508867,0.0093515179639308
BTHP,COc1cc2c(cc1OC)[C@@H]1Cc3ccc(OC)c(OC)c3[C@@H](Cc3ccccc3)N1CC2,1.0,train,0.3701936483479184,0.9572681463277488,0.0003652602212038,0.2892018257657366,0.8939424835757973,2447.412643592669,7565.118688843509,8462.645894826255,4.553304541488411,0.3645383152503724
ranolazine,COc1ccccc1OCC(O)C[NH+]1CC[NH+](CC(=O)Nc2c(C)cccc2C)CC1,1.0,train,0.6944344593747994,0.9931783946633026,0.0007595377327336,0.1166047870973793,0.9801830447405886,1290.4994742167612,10847.97404430356,11067.29411665608,5.197213398809898,0.2065789215718327
RANOLAZINE,COc1ccccc1OC[C@H](O)C[NH+]1CC[NH+](CC(=O)Nc2c(C)cccc2C)CC1,1.0,train,0.8447918253429185,0.9984867609056984,0.0010879419596645,0.05499262037807,0.981566586652176,902.2233014662194,16103.837939161209,16406.26133585749,6.236284400628491,0.0900606990172568
ELTROMBOPAG,Cc1ccc(-n2[nH]c(C)c(N/N=C3/C=CC=C(c4cccc(C(=O)O)c4)C3=O)c2=O)cc1C,1.0,train,0.5505156330346638,0.9831966917984528,0.0003588946047132,0.182549350140115,0.8405798281343184,2342.1355938352103,10784.765508188131,12830.150269160164,5.415871001530498,0.0466334537778911
LISINOPRIL,[NH3+]CCCC[C@H]([NH2+][C@H](CCc1ccccc1)C(=O)[O-])C(=O)N1CCC[C@H]1C(=O)[O-],0.0,train,0.1413874580939879,0.8594822593308913,0.0003906117278921,0.5111655758122475,0.935515530019456,2395.001130835834,4383.238735806508,4685.372498001556,3.7596983045852266,0.3953873197662477
CIBENZOLINE,c1ccc(C2(c3ccccc3)C[C@H]2C2=[NH+]CCN2)cc1,1.0,train,0.2199340030304609,0.9111816521316286,0.0007658583170541,0.4120048504795494,0.7868110636421402,1027.3585154348405,1961.9600238449625,2493.5592730014114,3.22634704698932,0.3888004198014627
cibenzoline,c1ccc(C2(c3ccccc3)CC2C2=[NH+]CCN2)cc1,1.0,train,0.2260063572130129,0.9144760117047692,0.0008386874928917,0.4046401166673155,0.8257352175640563,984.5564940011026,2009.150692902054,2433.165802021996,3.2098270012069507,0.4474031712064412
PERPHENAZINE,OCC[NH+]1CC[NH+](CCCN2c3ccccc3Sc3ccc(Cl)cc32)CC1,1.0,train,0.4256124226608067,0.9675579644377472,0.0004112989377121,0.2526491350728977,0.8092027656468201,1967.4321799808824,6301.43285787906,7787.211222445755,4.446766966047668,0.160660970841344
TRIFLUOPERAZINE,C[NH+]1CC[NH+](CCCN2c3ccccc3Sc3ccc(C(F)(F)F)cc32)CC1,1.0,train,0.16911282568432,0.8645642047460469,0.0001890971021678,0.5025223735037432,0.6499401524650814,3437.070928184673,4445.355114285285,6839.637614978889,4.2396622412727085,0.2502124466695245
PROCHLORPERAZINE,C[NH+]1CC[NH+](CCCN2c3ccccc3Sc3ccc(Cl)cc32)CC1,1.0,train,0.3781931382970337,0.958073479232146,0.0004252264163898,0.2865226141022923,0.7563218094102852,1778.6331710797626,4694.983893131516,6207.653719244539,4.106675352004995,0.131048315238778
CETIRIZINE,O=C([O-])COCC[NH+]1CC[NH+]([C@H](c2ccccc2)c2ccc(Cl)cc2)CC1,1.0,train,0.1518122187538762,0.8636112799316418,0.0002657947819109,0.5041582659987155,0.7103978346410028,2672.730553750992,3766.083244122374,5301.372076993382,3.880111450330827,0.4524853776500355
SIBUTRAMINE,CC(C)CC([NH+](C)C)C1(c2ccc(Cl)cc2)CCC1,0.0,train,0.3475554698986088,0.9515838444206766,0.0009924825393812,0.3073893085934601,0.9225550311469513,929.5428327858845,2789.7991019179244,3023.992073892387,3.464775284411533,0.5617343738771896
SIBUTRAMINE,CC(C)C[C@@H]([NH+](C)C)C1(c2ccc(Cl)cc2)CCC1,1.0,train,0.2744050255473008,0.9312268884700468,0.00086569322718,0.3644399569070264,0.910302019812372,1051.5295617797683,2626.5217790724823,2885.330057395512,3.418232176009795,0.621618165786366
PERGOLIDE,CCC[NH+]1C[C@H](CSC)C[C@@H]2c3cccc4c3C(C=N4)C[C@H]21,1.0,train,0.2464500523498234,0.9194478491966838,0.0004746196852123,0.3932119690543412,0.7275046273946134,1532.8159578318928,2835.9530991613824,3898.192523280135,3.6195464178271495,0.2275972876781155
PERGOLIDE,CCC[NH+]1C[C@H](CSC)C[C@H]2c3cccc4c3[C@H](C=N4)C[C@H]21,1.0,train,0.2303559705348344,0.9090459538147158,0.0004251652048293,0.4166958769331582,0.6897489973943013,1622.3081982242527,2685.376830280539,3893.266739676634,3.60506682747845,0.2556309328225577
MELOXICAM,Cc1cnc(NC(=O)C2=C(O)c3ccccc3S(=O)(=O)N2C)s1,0.0,train,0.5582472412800609,0.9839734455391737,0.0009341318692345,0.1783150539740461,0.8563443899220391,916.7275179507252,4402.513694657106,5141.05510174231,3.857896353828431,0.055209666332715
ROXITHROMYCIN,CC[C@H]1OC(=O)[C@H](C)[C@@H](O[C@H]2C[C@@](C)(OC)[C@@H](O)[C@H](C)O2)[C@H](C)[C@@H](O[C@@H]2O[C@H](C)C[C@H]([NH+](C)C)[C@H]2O)[C@](C)(O)C[C@@H](C)/C(=N/OCOCCOC)[C@H](C)[C@@H](O)[C@]1(C)O,1.0,train,0.2167729361898973,0.9080640827815684,9.986564449897652e-05,0.4188312566679673,0.9124012153292828,9136.287257813006,19902.90711334002,21813.766552423014,5.508127868998231,0.4990458563753824
ROXITHROMYCIN,CC[C@H]1OC(=O)[C@@H](C)[C@@H](O[C@H]2C[C@@](C)(OC)[C@@H](O)[C@H](C)O2)[C@H](C)[C@@H](O[C@@H]2O[C@H](C)C[C@H]([NH+](C)C)[C@@H]2O)[C@](C)(O)C[C@@H](C)/C(=N/OCOCCOC)[C@H](C)[C@@H](O)[C@]1(C)O,1.0,train,0.1988470601810451,0.8955326447771386,6.059282188799405e-05,0.4449958226078795,0.711330486533864,11739.517394465633,18765.741599413686,26381.185615781014,5.825729114634385,0.2539629305197722
4-AMINOPYRIDINE,Nc1ccncc1,0.0,train,0.3602348108255056,0.9514354434202704,0.0081262340691843,0.3078483344175719,0.6940376829216283,85.40705042616226,192.5484232197973,277.432231646621,1.7177070382269606,0.0052759883596147
PYRIDOXINE,Cc1ncc(CO)c(CO)c1O,0.0,train,0.2767692291929812,0.9232118696193572,0.0016529975012277,0.3842913527441525,0.649338816718389,392.8250443428316,663.7582335628141,1022.2063065893666,2.4786531492438475,0.0934773291643886
ETHIONAMIDE,CCc1cc(C(N)=S)ccn1,0.0,train,0.4267058062886326,0.9678824644681098,0.0031789345102548,0.2514031323892723,0.8726544107184749,274.5116037790032,952.867052826632,1091.9179931057888,2.641092619906188,0.2073530227601345
MORIN,O=c1c(O)c(-c2ccc(O)cc2O)oc2cc(O)cc(O)c12,0.0,train,0.4799938243156925,0.9754256602526544,0.0009584430700311,0.2203288027486951,0.8261934217549148,862.0161672493535,3232.405740615401,3912.4079852263385,3.63949200564091,0.0925197834749963
BMCL20031829_02,O=C1NCCN1CCN1CC=C(c2cn(-c3ccc(F)cc3)c3ccc(Cl)cc23)CC1,1.0,train,0.4582842214930094,0.972575214571291,0.0003143050582843,0.2325885895774064,0.8287887671920466,2636.8928699904136,9396.106640087488,11337.15490850786,5.159601754786579,0.1284318795953826
PRENYLAMINE,C[C@H](Cc1ccccc1)[NH2+]CCC(c1ccccc1)c1ccccc1,1.0,train,0.4432825914799947,0.9704463910064473,0.0005253950825839,0.2413168087443597,0.8316515496869072,1582.906991814181,5455.181757135983,6559.456011582858,4.535579711710541,0.1892600116986059
PRENYLAMINE,CC(Cc1ccccc1)[NH2+]CCC(c1ccccc1)c1ccccc1,1.0,train,0.53561646796233,0.981680172011953,0.0007402112564965,0.1905361904693757,0.9147686949515011,1235.8211077215622,5933.205965329048,6486.0177201883935,4.545159413793177,0.2624981936452127
ACETAZOLAMIDE,CC(=O)Nc1nnc(S(N)(=O)=O)s1,0.0,train,0.614038681569584,0.9885031152956828,0.0034238106518578,0.1512004995055565,0.9106702326681118,265.9814824087767,1601.9882160621328,1759.1309769383531,2.856557335334867,0.0778084011664079
AWD_23-111,CC[NH+](CC)CCCN(CC(=O)N(C1CCCCC1)C1CCCCC1)C(=O)c1ccc([N+](=O)[O-])cc1,1.0,train,0.2794845310807586,0.9335035862511484,0.0002168462766264,0.3585680611212394,0.892689759241076,4116.693969243576,10248.906544497464,11480.92765532632,5.075367819173673,0.4177966655202634
MISOPROSTOL,CCCC[C@](C)(O)C/C=C/[C@H]1[C@H](O)CC(=O)[C@@H]1CCCCCCC(=O)OC,0.0,train,0.476505794135696,0.9750914641780408,0.000413725999389,0.2218031480550363,0.8519092992785583,2059.114729402031,7908.719969221426,9283.523464198532,5.016221378155091,0.1282340949776119
WOMBAT46,C[C@@](O)(c1ccccc1)[C@H]1C=CC([C@H](c2cc[n+](O)cc2)c2ccc(OC(F)F)c(OC(F)F)c2)=CN1,1.0,train,0.3132881532643787,0.9443341720810672,0.0001955263379996,0.3289877983147177,0.8363573959586419,4277.466680525256,10874.235800081691,13001.90068579178,5.2155154602899465,0.2569584028022575
ICI-118551,Cc1ccc(OC[C@H](O)[C@H](C)NC(C)C)c2c1CCC2,1.0,train,0.600807564954098,0.9875481637112364,0.0012490284923923,0.1573169550638601,0.876421300100175,701.6823919056699,3909.1107116949424,4460.310025838179,4.043482462030711,0.0950748359310968
EGIS7229,COc1ccc(CC[NH+](C)CCCNc2c(Cl)cn[nH]c2=O)cc1OC,1.0,train,0.5713886057154909,0.9851515518254644,0.0005793470882012,0.171686982429885,0.8940182545973459,1543.1479208312012,8035.567934397398,8988.147493718137,4.930472504605204,0.1550797117501473
ONDANSETRON,Cc1nccn1C[C@@H]1CCc2c(c3ccccc3n2C)C1=O,1.0,train,0.3826963981010897,0.9601227630416094,0.0009423434117822,0.2795787543597435,0.8662417973481583,919.2421642868592,2848.1634322093432,3287.954288200451,3.467661825614623,0.2270113229102751
ONDANSETRON,Cc1nccn1CC1CCc2c(c3ccccc3n2C)C1=O,1.0,train,0.3708009204756,0.9578382240285418,0.000894193038148,0.2873080865375166,0.8374533962029539,936.5465402609532,2729.871234380471,3259.729134490125,3.435761440261816,0.2249980303545553
VESNARINONE,COc1ccc(C(=O)N2CCN(c3ccc4c(c3)CCC(=O)N4)CC2)cc1OC,1.0,train,0.6546078854334106,0.9909254650918108,0.000743223554061,0.1344125092116742,0.9746978238210176,1311.446358898623,9510.007063877232,9756.877292078105,5.100812286804389,0.2094548243063568
N-DEMETHYLOLANZAPINE,Cc1cc2c(s1)Nc1ccccc1N=C2N1CCNCC1,1.0,train,0.2332984756945002,0.9021873328071208,0.0004366946027057,0.4313444291078457,0.6350040369683251,1454.1146902980136,2140.6760728636223,3371.121990158942,3.4163605071563814,0.1616065163059016
CLOZAPINE_N_OXYDE,C[NH+]1CC[NH+]([C@@H]2c3ccccc3Nc3ccc(Cl)cc3N2O)CC1,0.0,train,0.2066639795635616,0.8777697513504495,0.0002732570535572,0.4790827314923488,0.5993069584481638,2193.1984944085248,2743.5744028232766,4577.911809880276,3.7034274472078943,0.1941114634559919
WOMBAT11,N#Cc1ccc(Cn2cncc2C[NH2+][C@@H]2CCN(C(=O)c3cccnc3[S-])C2=O)cc1,1.0,train,0.5212538784402246,0.9798271118146612,0.0005089467621924,0.1998470188742868,0.9467236115410792,1860.162362489264,8812.038527211713,9307.93150164223,4.806031450041766,0.2513537489616114
WOMBAT66,N#Cc1ccc(Cn2cncc2C[NH2+][C@@H]2CCN(C(=O)c3cncc(Br)c3)C2=O)cc1,1.0,train,0.6598311035553384,0.9914570916787412,0.0004856367827454,0.1304332601752012,0.9325545549287751,1920.2716681730824,13729.305611544896,14722.254627337576,5.622680507707162,0.1736513903832827
WOMBAT17,CCSc1ncccc1C(=O)N1CC[C@@H]([NH2+]Cc2cncn2Cc2ccc(C#N)cc2)C1=O,1.0,train,0.2700633549042409,0.9312077541950508,0.0002410576522803,0.3644888455453882,0.8096178540684931,3358.6067333252763,7460.277617072354,9214.566575555313,4.658473486328879,0.3396856765638715
WOMBAT22,COc1ncccc1C(=O)N1CC[C@H]([NH2+]Cc2cncn2Cc2ccc(C#N)cc2)C1=O,1.0,train,0.6282146451432703,0.9894684169632376,0.0005876385274176,0.1447489268777635,0.9223617680880464,1569.6073777552508,10001.772499308105,10843.654675801088,5.096551141687016,0.1522035170234017
WOMBAT25,Cc1ncccc1C(=O)N1CC[C@H]([NH2+]Cc2cncn2Cc2ccc(C#N)cc2)C1=O,1.0,train,0.5336712281454192,0.9814911425457014,0.0004840440228832,0.1915075379830613,0.9131484099919774,1886.4986795060415,8995.224354016154,9850.780284548908,4.995021712905122,0.2131664440127412
WOMBAT23,N#Cc1ccc(Cn2cncc2C[NH2+][C@H]2CCN(C(=O)c3cccnc3[O-])C2=O)cc1,0.0,train,0.113799213459537,0.8393457287487195,0.0003167096228809,0.5435979650727925,0.8675755490742582,2739.3406653779907,4371.95341882582,5039.276894664551,3.819500798927895,0.6122566961759888
WOMBAT24,N#Cc1ccc(Cn2cncc2C[NH2+][C@@H]2CCN(C(=O)c3cccnc3N)C2=O)cc1,0.0,train,0.539395012861396,0.982206378555896,0.0004677329636014,0.1878047654456928,0.8793446057061682,1880.0141835960949,8802.653793544761,10010.471135460806,4.984354655331599,0.1764528737644742
WOMBAT18,CSc1ncccc1C(=O)N1CC[C@@H]([NH2+]Cc2cncn2Cc2ccc(C#N)cc2)C1=O,1.0,train,0.6290408987443328,0.9894922494615872,0.0005635866921438,0.1445859199764912,0.9312364389450246,1652.3392974428366,10642.24347384432,11428.078873181405,5.14812211423732,0.1649023679329418
AMBASILIDE,Nc1ccc(C(=O)N2C[C@@H]3C[C@H](C2)C[NH+](Cc2ccccc2)C3)cc1,1.0,train,0.3758553133480602,0.9588496028668816,0.0005754462600179,0.283914492553698,0.8504662771862226,1477.924762530827,4427.125785110094,5205.527725046653,4.063378318036234,0.2483975351566442
"6-(4-CHLOROPHENYL)-3-{4-[(3S)-3-HYDROXYPYRROLIDIN-1-YL]-3-METHOXYPHENYL}THIENO[3,2-D]PYRIMIDIN-4(3H)-ONE",COc1cc(-n2cnc3cc(-c4ccc(Cl)cc4)sc3c2=O)ccc1N1CC[C@H](O)C1,1.0,train,0.8529900828439204,0.9986624880047336,0.001188950783917,0.0517033369541594,0.9647880795642932,811.4617464532764,15141.936016521691,15694.572038410675,5.9040964200789,0.0528267387389329
PERHEXILENE,C1CCC(C(C[C@@H]2CCCC[NH2+]2)C2CCCCC2)CC1,1.0,train,0.1657443376388135,0.8517383422302992,0.0003696592107247,0.5239673619365826,0.6192424404905832,1675.171137428212,1979.774197282892,3197.0906188446206,3.50734994906667,0.2927880389743201
PERHEXILENE,C1CCC(C(C[C@H]2CCCC[NH2+]2)C2CCCCC2)CC1,1.0,train,0.1391407716542363,0.8271301626813036,0.0003865516093263,0.5620104038029904,0.6289879564036369,1627.1771769356328,1821.0959090824165,2895.2794573283927,3.37470297499685,0.3543352837868575
GBR-12909,Fc1ccc(C(OCC[NH+]2CC[NH+](CCCc3ccccc3)CC2)c2ccc(F)cc2)cc1,1.0,train,0.5159544634528078,0.979729813903118,0.0003963240769783,0.2003234677948681,0.8897875949811852,2245.101033894285,9972.18684075588,11207.379038552168,5.08709346582165,0.2068337007882341
NEBIVOLOL,O[C@H](CNC[C@@H](O)[C@H]1CCc2cc(F)ccc2O1)[C@H]1CCc2cc(F)ccc2O1,1.0,train,0.7061593436957553,0.9938284671914196,0.000822481542572,0.1109278044493512,0.9676878873548272,1176.546630248675,10263.701951476243,10606.417715459944,5.214259418439215,0.2193754441589332
OXYCODONE,COc1ccc2c3c1O[C@H]1C(=O)CC[C@@]4(O)[C@@H](C2)[NH+](C)CC[C@]314,0.0,train,0.1751777409727183,0.8878074765534539,0.0006669325263191,0.460215041666163,0.7949795058196191,1191.993904101765,2059.0607412397662,2590.0802802669573,3.038303608819406,0.4394239716895302
CJ-033466,CC1=CN2C(N)=C(Cl)C=C(C(=O)NC[C@@H]3CCCN(CC(C)C)C3)[C@@H]2N1,1.0,train,0.5817974939266238,0.9860045843515164,0.0006588737195998,0.1667182042783368,0.906184235394798,1375.3534379018902,7475.6299644517985,8249.569648709334,4.743892698340306,0.1313988177314637
VALSARTAN,CCCCC(=O)N(Cc1ccc(-c2ccccc2-c2nn[n-]n2)cc1)[C@H](C(=O)[O-])C(C)C,0.0,train,0.3491801184878079,0.9526911252613176,0.0002923181649957,0.3039401583343739,0.7864867641449687,2690.516219395333,6962.079005512172,8852.124820029256,4.619826863761368,0.1695807087796403
TRIMIPRAMINE,CC(CN1c2ccccc2CCc2ccccc21)C[NH+](C)C,1.0,train,0.2120427985601761,0.9059304131953664,0.0005357629056956,0.4234266010156572,0.7525252229401355,1404.5862730324932,2496.268764685727,3317.189495566329,3.495045094903348,0.3326271164542917
CLOMIPRAMINE,CN(C)CCCN1c2ccccc2CCc2ccc(Cl)cc21,1.0,train,0.1818672878964777,0.8537810067321985,0.0002688148661158,0.5206323007107352,0.587771515822227,2186.5290573956,2468.497434178227,4199.756823406241,3.749861484024191,0.2246183792140142
IMIPRAMINE,C[NH+](C)CCCN1c2ccccc2CCc2ccccc21,1.0,train,0.1778882459852707,0.8800304886254683,0.0004763914805269,0.4749171918236058,0.6921077290307073,1452.8129853733085,2117.217724109064,3059.086953232288,3.431887728141774,0.316009465152776
IMIPRAMINE HYDROCHLORIDE,CN(C)CCCN1c2ccccc2CCc2ccccc21,1.0,train,0.1868427336366598,0.8835338466066792,0.0004761881827753,0.4683673151495575,0.6778098891761342,1423.4076226456043,2059.9212023362584,3039.084019325914,3.410268109377333,0.2785891152660071
DESIPRAMINE,C[NH2+]CCCN1c2ccccc2CCc2ccccc21,1.0,train,0.111715292258254,0.8260052838077343,0.0005287712533735,0.5636623733421492,0.7238959585747202,1369.015342563003,1758.1884485778537,2428.7861090419037,3.223207558425961,0.4868227611222356
BENZOYLECGONINE,C[NH+]1[C@H]2CC[C@@H]1[C@@H](C(=O)[O-])[C@H](OC(=O)c1ccccc1)C2,0.0,train,0.4207205495935671,0.9657567571168942,0.0012018218886211,0.2594491974993565,0.9475009197805984,788.3871385199005,2879.166889281484,3038.6956140878247,3.404296483531218,0.3348970044420254
COCAETHYLENE,CCOC(=O)[C@@H]1[C@@H](OC(=O)c2ccccc2)C[C@@H]2CC[C@H]1[NH+]2C,1.0,train,0.3190163548361215,0.9458250391019888,0.0006770226145646,0.3246767552624021,0.8225977863251581,1215.0226131724978,3078.3691648111217,3742.2531594247416,3.5523325561848638,0.267850473816706
COCAINE,COC(=O)[C@H]1[C@H](OC(=O)c2ccccc2)C[C@@H]2CC[C@H]1[NH+]2C,1.0,train,0.3372741518956362,0.9502961563904694,0.0007887803415469,0.3113474187294646,0.8624542250625463,1093.402281516224,3028.8011419362138,3511.839879637161,3.5413124260437763,0.3018413529761113
NORASTEMIZOLE,Fc1ccc(Cn2c(NC3CC[NH2+]CC3)nc3ccccc32)cc1,1.0,train,0.3939795042909366,0.962339076311756,0.0007066086185119,0.2718519858368446,0.8436501140692344,1193.9425758008151,3705.21402360106,4391.884694627079,3.778340404955928,0.2735500920860366
MOCLOBEMIDE,O=C(NCCN1CCOCC1)c1ccc(Cl)cc1,0.0,train,0.5331879511772188,0.9815136786656976,0.0011978829636217,0.1913920024246818,0.900855923749034,752.0400165182764,3539.749285205467,3929.317876352881,3.910936537614736,0.3153994209663823
CLOTRIMAZOLE,Clc1ccccc1C(c1ccccc1)(c1ccccc1)n1ccnc1,1.0,train,0.0233775373197126,0.6433543236017361,0.0004321661127876,0.7655685562397092,0.894656837757242,2070.168880170467,2419.2356502385505,2704.093399993653,3.2295580629239584,0.7747111374213538
DOXAZOSIN,COc1cc2nc(N3CCN(C(=O)[C@H]4COc5ccccc5O4)CC3)nc(N)c2cc1OC,1.0,train,0.7258841722301986,0.9948232600875442,0.0006226590512346,0.1016202794170067,0.9252580210288476,1485.978593251397,13529.913717723146,14622.85482559606,5.729203147867187,0.0660223762580525
C(CO)N1C(=NN=N1)N,Nc1nnnn1CCO,0.0,train,0.2747063821876939,0.9323206020020324,0.0043097894414728,0.3616328180386402,0.7852868919526083,182.21003661938389,395.66971304058507,503.8537088741621,2.046648821447852,0.3871984835300499
BCTC,CC(C)(C)c1ccc(NC(=O)N2CCN(c3ncccc3Cl)CC2)cc1,1.0,train,0.7966463431018291,0.9972727564919638,0.0013305652004004,0.0738041269775629,0.985134645477598,740.38810362778,9882.671902682652,10031.798138508757,5.262594636936242,0.0929976100125702
DROPERIDOL,O=C(CCC[NH+]1CC=C([N+]2=c3ccccc3=NC2=O)CC1)c1ccc(F)cc1,1.0,train,0.4972973739247112,0.9774591968537556,0.0004609800362466,0.2111244147085101,0.8178372034232948,1774.1271619529891,6872.4746905856255,8403.230694102554,4.739978445395719,0.1061769184282688
IRBESARTAN,CCCCC1=NC2(CCCC2)C(=O)N1Cc1ccc(-c2ccccc2-c2nn[n-]n2)cc1,0.0,train,0.3978473326397618,0.9627925329737452,0.000370132136094,0.2702416297501182,0.8871484556071298,2396.8425572800475,7868.347948428947,8869.257336467048,4.730517529545806,0.2250680752077238
TEMOZOLOMIDE,C[N+]1=NN=C2C(C(N)=O)=NC=[N+]2C1=O,0.0,train,0.4958633000953939,0.976933360092762,0.002590531070992,0.213544398048429,0.7887392060804261,304.47008141013214,1124.5787409146087,1425.792875826611,2.711457781691005,0.0231101688716809
,Nc1nc(N)nc(CC(=O)O)n1,0.0,train,0.3384650749291125,0.9504426898539352,0.0025334064406695,0.3108998123241895,0.7999643076023237,315.7662721465702,812.4860075454098,1015.6528232873496,2.517442053654166,0.2428450594088544
TAMOXIFENE,CC/C(=C(\c1ccccc1)c1ccc(OCCN(C)C)cc1)c1ccccc1,1.0,train,0.27813007446703,0.9333347414942552,0.0003376961604227,0.3590073262760128,0.7812321147136728,2313.4172261117537,5034.203202808233,6443.927621502484,4.308221995280232,0.2437242614577577
TAMOXIFEN,CC/C(=C(/c1ccccc1)c1ccc(OCC[NH+](C)C)cc1)c1ccccc1,1.0,train,0.4853617316865077,0.9761696087902624,0.000585631015395,0.217008974179102,0.882009746765203,1506.0844176265111,6121.318903159447,6940.194170880272,4.421780465980274,0.2210843516029806
CLOMIPHENE,CC[NH+](CC)CCOc1ccc(/C(=C(/Cl)c2ccccc2)c2ccccc2)cc1,1.0,train,0.4264760702978488,0.9679029783853002,0.0003602695742669,0.2513241421608063,0.8408831118033543,2334.038652901377,7809.252500164675,9286.965561024272,4.885841098913511,0.2053185666292484
WOMBAT36,O=C(Nc1ccccc1)c1[nH]c2cc(F)ccc2c1[C@@H]1C[NH2+]CC[C@@H]1F,1.0,train,0.2763743168428719,0.928965233150343,0.0003506415585341,0.3701669833979377,0.706527308828114,2014.9559903331683,3845.889820288905,5443.370372573305,3.982344427303073,0.1567228828949685
ERYTHROMYCYLAMINE,CC[C@H]1OC(=O)[C@@H](C)[C@@H](O[C@H]2C[C@@](C)(OC)[C@@H](O)[C@H](C)O2)[C@H](C)[C@@H](O[C@@H]2O[C@H](C)C[C@H]([NH+](C)C)[C@@H]2O)[C@@](C)(O)C[C@@H](C)[C@H]([NH3+])[C@H](C)[C@@H](O)[C@]1(C)O,0.0,train,0.1615758340034487,0.8250695285816485,5.600809836418734e-05,0.5650312141873723,0.5749447963808338,10265.386848921558,10445.495051299054,18167.822575404494,5.1358410031569095,0.2465786251526587
,O=c1[nH]c(SCc2c(Cl)c(Cl)c(Cl)c(Cl)c2Cl)nc(=S)[nH]1,0.0,train,0.4756154604696821,0.9748040658734046,0.000577550155017,0.2230628457558073,0.9001269478635414,1558.526025911985,6289.13017816427,6986.936890503691,4.184704912790934,0.2131446709412672
NARINGENIN,O=C1C[C@@H](c2ccc(O)cc2)Oc2cc(O)cc(O)c21,1.0,train,0.5615701537292666,0.9842987973317336,0.0013668864117002,0.1765102761068119,0.8690802260180104,635.8101291949932,3130.5260122699456,3602.1139574346616,3.678615070673791,0.1493491743368573
HESPERITIN,COc1ccc([C@@H]2CC(=O)c3c(O)cc(O)cc3O2)cc1O,0.0,train,0.5910377146889817,0.9867606875987276,0.0012054814079172,0.162183061414213,0.9061282515192376,751.6733527104234,4199.652262485958,4634.721691377258,3.981976041006367,0.1400167507239127
BMCL-16-2006-4265_26,CN1CCN(CCCN(C(=O)Nc2ccc(F)c(C(F)(F)F)c2)[C@@H]2C[C@@H](c3ccc4c(c3)[C@H](N)NO4)[C@@H]3C[C@H]32)CC1,1.0,train,0.0,0.0,0.0,0.0,0.0,0.0,0.0,0.0,0.0,0.0
ORLISTAT,CCCCCCCCCCC[C@@H](C[C@@H]1OC(=O)[C@H]1CCCCCC)OC(=O)[C@H](CC(C)C)NC=O,0.0,train,0.2555508331555825,0.9248738010366416,0.000148551086993,0.3802741802384626,0.7620539947671247,5129.911939336789,10280.13493770137,13490.03483781076,5.398901028996534,0.1782909916468212
LOBELINE,CN1[C@H](C[C@@H](O)c2ccccc2)CCC[C@@H]1CC(=O)c1ccccc1.CS(=O)(=O)Nc1ccc2c(c1)C(=O)CC1(CCN([C@@H]3CCc4cc(C#N)ccc4C3)CC1)O2,1.0,train,0.6925870401908051,0.993166474984738,0.0003818410683146,0.1167062678967561,0.962951002588558,2521.863368020828,20808.058576385272,21608.63690930282,5.289644971782445,0.1975028480743241
CELECOXIB,Cc1ccc(-c2cc(C(F)(F)F)nn2-c2ccc(S(N)(=O)=O)cc2)cc1,1.0,train,0.276561580442894,0.9266450395056772,0.0002677792158116,0.3759374559145739,0.679687124373099,2538.2370409631203,4589.079933927984,6751.753519180851,4.2656655854302725,0.1408758360100439
SERTINDOLE6,O=C1NCCN1CC[NH+]1CCC(c2cn(C3CCCCC3)c3ccc(Cl)cc23)CC1,0.0,train,0.4789552059439788,0.9753686045156734,0.000367748411271,0.2205812442732782,0.8393141245782458,2282.3052360097204,8684.197187720289,10346.77831983834,4.978148497786201,0.1468353436481027
DONEPEZIL,COc1cc2c(cc1OC)C(=O)[C@@H](CC1CC[NH+](Cc3ccccc3)CC1)C2,1.0,train,0.4767092739736956,0.9744255311363847,0.000571084389494,0.2247106679033604,0.9421626546784856,1649.7783375118747,6917.1595305378105,7341.789123342297,4.572153691611148,0.2813359250654857
ACEHYTISINE,C=C1C[C@]23C[C@H]4[C@H]5[C@]67C[C@@H](OC(C)=O)C[C@@]5(C)CN4[C@@H]6[C@@]2(O)[C@@H](OC(C)=O)[C@H]1[C@@H](O)[C@@H]73,0.0,train,0.1369269441870734,0.8587572576269038,0.0003219782153792,0.5123826426345056,0.77154399726158,2396.261487296053,3608.282194897032,4676.703088487253,3.52620713618981,0.3910367385758019
ATI-7505,COc1cc(N)c(Cl)cc1C(=O)N[C@@H]1CCN(CCCCCC(=O)O[C@@H]2CN3CCC2CC3)C[C@@H]1OC,1.0,train,0.8609711865925253,0.9987965207815638,0.0007116536575804,0.0490459995783866,0.9902408649838342,1391.4645901638846,28093.730603983047,28370.603150620005,7.338891500408372,0.1065433223696879
BMCL20031829_03,O=C1NCCN1CCN1CCC(c2cn(-c3ccc(F)cc3)c3ccccc23)CC1,1.0,train,0.5160537789768004,0.9794944989432302,0.0004891751469037,0.2014709074282202,0.9249909335696496,1890.9197235885129,8681.569079895882,9385.57207949345,4.954629998782793,0.2791492073226205
BMCL20031829_08,COC(=O)c1ccc(-n2cc(C3CCN(CCN4CCNC4=O)CC3)c3cc(Cl)ccc32)cc1,1.0,train,0.4206182437337018,0.9663949406989704,0.0002023033110329,0.2570618964207525,0.7846068460197466,3878.368782071024,11837.595303589816,15087.295457133816,5.658647064071497,0.0985084184622514
BMCL20031829_04,O=C(O)Cc1ccc(-n2cc(C3CCN(CCN4CCNC4=O)CC3)c3cc(Cl)ccc32)cc1,1.0,train,0.3801207530407337,0.9591327553724308,0.0001874520006762,0.2829564587912577,0.7833331235755101,4178.846428682386,11568.666217783735,14768.514019908624,5.632202521137051,0.1307709337435953
BMCL20031829_01,O=C1NCCN1CCN1CCC(c2cn(-c3ccccc3)c3ccc(Cl)cc23)CC1,1.0,train,0.4053600296476488,0.9636290235219712,0.0002837946184313,0.2672435313082286,0.7751688780768545,2731.4431907180733,7922.847536532304,10220.80189311572,4.9676336355903015,0.1330404255217144
SERTINDOLE3,O=C1NCCN1CCN1CCC(c2cn(-c3ccc(F)cc3)c3ccc(Cl)cc23)CC1,1.0,train,0.5117233957807257,0.9791594492709264,0.0003042530534323,0.2030930153980093,0.825373970243248,2712.7877959876264,11024.822440169866,13357.366282002708,5.542870321873216,0.0918441682912997
BMCL20031829_05,O=C(O)c1ccc(-n2cc(C3CCN(CCN4CCNC4=O)CC3)c3cc(Cl)ccc32)cc1,0.0,train,0.4651729829771607,0.9733027345816914,0.0002298127417574,0.2295251333858703,0.8054566390662282,3504.838908873381,12299.288214610337,15269.95696362872,5.768197807843307,0.0972731926489118
BMCL20031829_07,COC(=O)Cc1ccc(-n2cc(C3CCN(CCN4CCNC4=O)CC3)c3cc(Cl)ccc32)cc1,1.0,train,0.6481516079133955,0.990784510772338,0.0004318342579166,0.1354476032036705,0.9172775071769056,2124.142516164069,14385.106166741358,15682.3927919199,5.70221875752493,0.1071455829555225
WOMBAT56,N#Cc1ccc(Cn2cncc2C[NH2+][C@@H]2CCN(Cc3cccc(Cl)c3)C2=O)cc1,1.0,train,0.398164031854926,0.9630950077655448,0.0003766328655181,0.2691616726376267,0.8522304471648954,2262.7617640121066,7164.446747096379,8406.701228441505,4.602633985112624,0.2368316331183131
WOMBAT61,N#Cc1ccc(Cn2cncc2C[NH+](CCC[NH3+])[C@@H]2CCN(Cc3cccc(Cl)c3)C2=O)cc1,1.0,train,0.2755178573421398,0.9305586301869868,0.0001697554470879,0.3661429171573838,0.7346692239296756,4327.8094254563375,8683.79051710252,11820.000395080868,5.091044666047061,0.2763632819961413
WOMBAT60,CC(C)(C)OC(=O)NCCC[NH+](Cc1cncn1Cc1ccc(C#N)cc1)[C@@H]1CCN(Cc2cccc(Cl)c2)C1=O,1.0,train,0.2991477964206366,0.9388481773143575,0.0001973982602522,0.3443313810176301,0.9174095038457204,4647.505518403045,12382.448904766195,13497.188390636658,5.138220045784502,0.3792129620006826
WOMBAT28,CCCC[NH+](Cc1cncn1Cc1ccc(C#N)cc1)[C@H]1CCN(Cc2ccccc2)C1=O,1.0,train,0.3203247993431647,0.9452214967201632,0.0003343274511718,0.3264296587905189,0.9051089663447166,2707.252913788924,7506.544887839663,8293.526157579514,4.572539744323875,0.4302521290469964
WOMBAT21,N#Cc1ccc(Cn2cncc2C[NH2+][C@H]2CCN(Cc3ccccc3)C2=O)cc1,1.0,train,0.4696696704504018,0.9736380761171768,0.00052640117651,0.2280984365024077,0.9312649110304272,1769.1163177189535,7222.828772899668,7755.933555907033,4.6548099552634286,0.288091871757376
PAROXETINE,Fc1ccc([C@@H]2CC[NH2+]C[C@@H]2COc2ccc3c(c2)OCO3)cc1,0.0,train,0.3224998937187786,0.9461415100745384,0.0004617225485658,0.3237533674170391,0.7810487886521195,1691.597672840636,4080.946937478518,5224.957770590921,4.079677350082312,0.2682589500453116
PRAMIPEXOLE,CCC[NH2+][C@H]1CCc2nc(N)sc2C1,0.0,train,0.1726594550882148,0.8863186407926766,0.0012064041921066,0.4630758760542621,0.7972699144056147,660.8646750583873,1137.7995489787843,1427.1196346685715,2.7560347084543,0.3639515952803295
MARAVIROC,Cc1nnc(C(C)C)n1C1C[C@@H]2CC[C@H](C1)N2CC[C@H](NC(=O)C1CCC(F)(F)CC1)c1ccccc1,0.0,train,0.4514580884640773,0.9716872280508284,0.0002525268515024,0.2362708844587019,0.8475479734158679,3356.268723001889,12039.565352863125,14205.172722365356,5.367761156239054,0.2064487781946979
PILSICAINIDE,Cc1cccc(C)c1NC(=O)CC12CCC[NH+]1CCC2,1.0,train,0.5099205880842229,0.978690079496488,0.0014417407578474,0.205342952874351,0.9345199933947664,648.1886485542826,2949.9198442722563,3156.6150163960488,3.5147103107424478,0.275892555427792
,O=C(O)CSc1n[nH]c(=O)[nH]c1=O,0.0,train,0.6046206181304975,0.9878369548404629,0.0033299277424041,0.1554932495368256,0.8944207626250359,268.6006519706889,1545.0317019730728,1727.41037164495,2.9519648124620685,0.0809153557765835
WOMBAT58,N#Cc1ccc(Cn2cncc2C[NH+](CC[NH+]2CC[NH2+]CC2)[C@@H]2CCN(Cc3cccc(Cl)c3)C2=O)cc1,1.0,train,0.3736537796866541,0.957709067517458,0.0001960318967758,0.2877383220824802,0.7768023232522836,3962.632286013162,10697.851936062832,13771.652859215856,5.154253636932789,0.1750498768931833
WOMBAT04,c1ccc(CC[NH+]2CCC[C@H](c3c(-c4ccccc4)[nH]c4ccccc34)C2)cc1,1.0,train,0.2149366926059504,0.9084362974999062,0.0003135856328536,0.4180233167954415,0.7745256228149977,2469.901493148022,4576.304515588269,5908.525658526031,4.120286999870875,0.3710731203902254
CISAPRIDE HYDRATE,COc1cc(N)c(Cl)cc1C(=O)N[C@@H]1CCN(CCCOc2ccc(F)cc2)C[C@@H]1OC,1.0,train,0.7055810282173374,0.9938998255555204,0.0005192212047893,0.1102866118833383,0.9325840386294346,1796.1208633762856,15188.005325668191,16285.937456091502,5.975039241342751,0.117720199359158
BUSPIRONE,O=C1CC2(CCCC2)CC(=O)N1CCCCN1CCN(c2ncccn2)CC1,1.0,train,0.7380874191859031,0.995252188581362,0.0009806744088616,0.0973297545666723,0.9698202192115364,988.931913026352,9853.987292442138,10160.632968091164,5.219301997605064,0.1153770752731186
"1-{4-[2-({4-[(2,3-DIMETHYL-1H-INDOL-5-YL)OXY]-6-METHOXYQUINAZOLIN-7-YL}OXY)ETHYL]PIPERAZIN-1-YL}PROPAN-2-ONE",COc1cc2c(Oc3ccc4[nH]c(C)c(C)c4c3)ncnc2cc1OCCN1CCN(CC(C)=O)CC1,1.0,train,0.7604843997965133,0.9961031248542704,0.0005186464207151,0.0881961714336717,0.9761161224716453,1882.045423403736,20829.64431613626,21339.30977739929,6.613307724631309,0.1191131350312477
TRIAMTERENE,Nc1nc(N)c2nc(-c3ccccc3)c(N)nc2n1,1.0,train,0.5415477778806312,0.9823427774870434,0.0015853960442969,0.1870899984473814,0.8407118792601612,530.2850869878167,2382.9011477091344,2834.3850092925086,3.3684970084669734,0.080310250088343
CLEBOPRIDE,COc1cc(N)c(Cl)cc1C(=O)NC1CCN(Cc2ccccc2)CC1,1.0,train,0.6944073510557065,0.9933639728912436,0.0008908654579244,0.115013118215813,0.9256586160604936,1039.0554576188258,8362.61681997686,9034.234300726635,4.965337934478161,0.13336911206127
C(CN(CC(=O)O)CC(=O)O)N(CC(=O)O)CC(=O)O.[Cu+2],O=C(O)CN(CCN(CC(=O)O)CC(=O)O)CC(=O)O.[Cu+2],0.0,train,0.2127783001804171,0.8915894118933998,0.0004512437812237,0.4528446981025411,0.6375137501622573,1412.7923235492972,1988.9258639005088,3119.8164171271533,3.0273527965628224,0.2950526329002506
C(CN(CC(=O)O)CC(=O)O)N(CC(=O)O)CC(=O)O.[Mn+2],O=C(O)CN(CCN(CC(=O)O)CC(=O)O)CC(=O)O.[Mn+2],0.0,train,0.22014470611429,0.8942981642275107,0.0004551170671863,0.4474715560337933,0.630534550050934,1385.4337609200804,1952.222082695116,3096.1381617191587,3.043967265037854,0.3052419833421583
C(CNC(=S)S)N,NCCNC(=S)S,0.0,train,0.3186180523355573,0.9451070887575884,0.0038506022969004,0.3267607546510994,0.7799668080044571,202.55709311561213,483.496892167292,619.8941893493102,2.1892113288920125,0.3463636527364158
C(CNCC(=O)O)C(=O)O,O=C(O)CCNCC(=O)O,0.0,train,0.7185854736662202,0.9943446710663562,0.007647973424213,0.1062011069713508,0.9842939851188064,128.69997455830378,1192.8181772799692,1211.8515355308136,2.93415917098497,0.2200051597320722
CHLOROBUTANOL,CC(C)(O)C(Cl)(Cl)Cl,1.0,train,0.0148865577131874,0.5646727765059435,0.00246756587274,0.8253148826193968,0.9945539950467068,403.0506362702773,485.700220546708,488.3598306031622,1.969797741875864,0.6903148645138406
C(CNCC(CO)O)N,NCCNC[C@@H](O)CO,0.0,train,0.5395633140068663,0.9822068896652736,0.0048474783136424,0.1878020923580701,0.8555940118408133,176.50290655924616,804.1168659434285,939.834611760978,2.675128971286922,0.1784635295180427
C(CSCCN)C(=O)O,NCCSCCC(=O)O,0.0,train,0.6268491055139295,0.9893033309527612,0.0058715979843503,0.145872956252252,0.939357682720652,159.98331037382638,1030.2221574700986,1096.7304323165558,2.7682528555268253,0.1688773200644483
C(CSS(=O)(=O)CCN)N,NCCSS(=O)(=O)CCN,0.0,train,0.5942162581256412,0.9867744113274848,0.0048942545762755,0.1620995408670125,0.9501108630967232,194.1277978677896,1137.8374583710258,1197.5838847505015,2.6197532677550703,0.1669938625007211
,C#CCOCCCC(=O)O,0.0,train,0.7282079650124218,0.9948581635705224,0.0074012361871778,0.1012780053964725,0.9623161762106376,130.0210062040424,1235.4243848654185,1283.8029905412309,3.052578202408471,0.1724538792061791
,[N-]=[N+]=NCC(N)=O,0.0,train,0.3862944068468794,0.9585639847583762,0.0106567574295357,0.2848773194274044,0.9708123125264424,91.09828378337517,310.447092540358,319.7807532255646,1.89834444749024,0.4036330943782216
,NC(=O)C[C@@H](N)C(N)=O,0.0,train,0.2830703827587338,0.9352459555401292,0.0040520261552404,0.3539985913048677,0.7964057865384248,196.54507548240792,442.17587096276327,555.2142870341002,2.1336150994516068,0.2510085057168934
,N[C@@H](C(=O)O)[C@@H](N)C(=O)O,0.0,train,0.1144088104351382,0.830271352637238,0.0034728243673693,0.5573593822570237,0.9663602396374144,278.26349317210986,482.4585079293431,499.2532682329368,2.062348679759612,0.6464049211966874
,NC(N)=NC[C@@H](N)C(=O)O,0.0,train,0.4074910899259348,0.964559432133924,0.0039913651040387,0.2638656890948153,0.8842139176862878,221.5317052282654,742.3527387875808,839.5623773148545,2.483918045844049,0.3193184780076002
,N[C@H](CNO)C(=O)O,0.0,train,0.204309402776898,0.9038023701928268,0.0043627724170917,0.4279500854466885,0.7892777447101792,180.91196818290797,333.6599175799748,422.74081565861695,1.975337395791352,0.4523736466532432
,NC(=O)CS(=O)C[C@H](N)C(=O)O,0.0,train,0.5310428465610003,0.9813103367989794,0.0032604159608244,0.1924318655822723,0.8970225027529963,275.125172226849,1282.497936682753,1429.7277189220094,2.7732567960489583,0.1573210249175209
,NC[C@@H](O)CSP(=O)(O)O,0.0,train,0.3827726597448056,0.959203544716874,0.0032513688168624,0.2827163946476819,0.9255857623929752,284.67572106635487,932.000405021904,1006.9303600914784,2.4373108998750657,0.4021341744025686
C(CC(=NO)N)C(=NO)N,N/C(CC/C(N)=N/O)=N\O,0.0,train,0.530978282870381,0.9810807496843328,0.0056838910541074,0.1935989736512769,0.9290173589928554,163.4474253903069,784.330064392793,844.2577060595322,2.476046861364648,0.3192503936287526
C(CCO)CC(C(=O)O)N,N[C@H](CCCCO)C(=O)O,0.0,train,0.5447708766612868,0.9821957763641528,0.0046875840474061,0.1878602057180258,0.9573262953589236,204.2259478821841,1040.7253061123204,1087.116598758137,2.8147514175134845,0.3271332065469248
4-DESMETHYLOLANZAPINE,Cc1cc2c(s1)=Nc1ccccc1NC=2N1CCNCC1,1.0,train,0.2227328068732783,0.901651216126764,0.0004623310221468,0.4324639689698179,0.6627156040346208,1433.4223149405657,2196.602268497516,3314.547379184335,3.4111233068797984,0.1859309249646416
PIOGLITAZONE,CCc1ccc(CCOc2ccc(C[C@H]3SC(=O)NC3=O)cc2)nc1,0.0,train,0.7847508299446055,0.9969708960132012,0.0011093214264119,0.0777755263732405,0.9397738708078806,847.1610197303775,10236.379332091385,10892.385551528088,5.552148984067519,0.0586774459397586
PAPAVERINE,COc1ccc(Cc2nccc3cc(OC)c(OC)cc23)cc1OC,1.0,train,0.2688337534844127,0.9308929590354252,0.0005057861477363,0.3652920733033641,0.837097076165563,1655.041522809666,3792.664886341549,4530.734838681275,3.8341243475375513,0.3457816185885241
PENTOXYVERINE,CCN(CC)CCOCCOC(=O)C1(c2ccccc2)CCCC1,1.0,train,0.600676867255777,0.9873015919493284,0.0009069628639389,0.1588570632182327,0.948876379102189,1046.213044469372,6249.182915095181,6585.876783030529,4.562154184325559,0.1787144383750945
KETANSERIN,O=C(c1ccc(F)cc1)C1CC[NH+](CCn2c(=O)[nH]c3ccccc3c2=O)CC1,1.0,train,0.7360030640779055,0.9952190534000528,0.0010158120485061,0.0976679873320978,0.9482795954080628,933.5187516259132,9063.73529627076,9558.083227943403,4.9662414265519885,0.1244986818284483
"2-ETHYLIDENE-1,5-DIMETHYL-3,3-DIPHENYLPYRROLIDINE (EDDP) (RACEMATE)",C/C=C1\N(C)[C@H](C)CC1(c1ccccc1)c1ccccc1,0.0,train,0.0902019913885738,0.7869069291892101,0.0004878735700687,0.6170717015015414,0.7021472714714359,1439.1992404352684,1637.6213936183271,2332.3047174796966,3.122386684355438,0.533329817871219
JMC20066569-34,O=C(NC1CCN(Cc2ccc3c(c2)OCO3)CC1)c1cc(=O)c2cc(F)c(Cl)cc2o1,1.0,train,0.6351725575289859,0.989972112480228,0.0004060639267575,0.1412629339615843,0.8814049827062569,2170.6064602789475,13543.42073982786,15365.718376408851,5.81939018614719,0.0867377232002108
JMC20066569-35,COc1cc2oc(C(=O)NC3CCN(Cc4ccc5c(c4)OCO5)CC3)cc(=O)c2cc1F,1.0,train,0.4643956635208301,0.9733281634819784,0.0003248579933256,0.2294172752274755,0.895883225948354,2757.768761596076,10769.192390191898,12020.754578580223,5.301711295582641,0.2686532720001588
JMC20066569-20,O=C(NC1CCN(Cc2ccc3c(c2)OCO3)CC1)c1cc(=O)c2ccc(Br)cc2o1,1.0,train,0.8004568211111657,0.9974088247296242,0.0007617460624898,0.0719418956621902,0.9706124396621671,1274.1942327730894,17190.939458735134,17711.435333260964,6.104896870142047,0.1364964373854985
JMC20066569-36,O=C(NC1CCN(Cc2ccc3c(c2)OCO3)CC1)c1cc(=O)c2cc(Cl)c(Cl)cc2o1,1.0,train,0.5326609310732899,0.981499645831921,0.0003298256510326,0.1914639528261489,0.8912961233721751,2702.3250635042,12579.766674825556,14114.014798169015,5.560747938951584,0.2026271641849442
JMC20066569-30,O=C(NC1CCN(Cc2ccc3c(c2)OCO3)CC1)c1cc(=O)c2cc(F)ccc2o1,1.0,train,0.7136091923290249,0.9942834925205511,0.0006153353157156,0.106772358319628,0.9234595085904882,1500.741928840031,12979.711471569042,14055.528532464272,5.798015864181073,0.0922645262931393
JMC20066569-2,COc1ccc2c(=O)cc(C(=O)NC3CCN(Cc4ccc5c(c4)OCO5)CC3)oc2c1,1.0,train,0.7823342751767824,0.9967991353375346,0.0008125441071828,0.0799467559713555,0.9964421281210544,1226.3237396131433,15284.680685521636,15339.25579234919,6.0404219961869,0.1314142888632977
JMC20066569-17,O=C(NC1CCN(Cc2ccc3c(c2)OCO3)CC1)c1cc(=O)c2ccc(O)cc2o1,0.0,train,0.5387268737132204,0.9819887316294748,0.0004714417348476,0.188939490188619,0.9159695487012676,1942.911458607373,9419.141176524228,10283.247068507262,5.06157677892142,0.2287839950242913
JMC20066569-31,O=C(NC1CCN(Cc2ccc3c(c2)OCO3)CC1)c1cc(=O)c2ccccc2o1,1.0,train,0.6598296326623648,0.9914691031582832,0.000616071356329,0.1303419252677724,0.9282789149772456,1506.771748825634,10731.040233177084,11560.146481879454,5.4107528945812176,0.1459156837933054
JMC20066569-43,O=C(NC1CCN(Cc2cc3c(cc2Cl)OCO3)CC1)c1cc(=O)c2ccc(F)cc2o1,1.0,train,0.7420791143400495,0.9953763033812562,0.000671687769479,0.0960521455620094,0.9815393416223572,1461.302983652162,14932.788435826822,15213.64228880002,5.868612424627679,0.1361796559288332
JMC20066569-23,N#Cc1ccc2c(=O)cc(C(=O)NC3CCN(Cc4ccc5c(c4)OCO5)CC3)oc2c1,1.0,train,0.67777925436002,0.9924943082216446,0.0005287886977807,0.1222908342748509,0.9261687384116872,1751.4911765298348,13264.905607397906,14322.342200997047,5.830979221090315,0.1213815554047933
JMC20066569-19,CCc1ccc2c(=O)cc(C(=O)NC3CCN(Cc4ccc5c(c4)OCO5)CC3)oc2c1,1.0,train,0.776066340206711,0.9966646159218572,0.0008023909688216,0.0816066380225113,0.9673172826393606,1205.5435819022912,14289.807422618767,14772.61667818909,5.9018170229516205,0.1076481066541097
JMC20066569-1,O=C(NC1CCN(Cc2ccc3c(c2)OCO3)CC1)c1cc(=O)c2cc(Cl)c(Cl)cc2o1,1.0,train,0.5326609310732899,0.981499645831921,0.0003298256510326,0.1914639528261489,0.8912961233721751,2702.3250635042,12579.766674825556,14114.014798169015,5.560747938951584,0.2026271641849442
JMC20066569-18,O=C(NC1CCN(Cc2ccc3c(c2)OCO3)CC1)c1cc(=O)c2ccc(OC(F)F)cc2o1,1.0,train,0.8225590094770755,0.997986090621167,0.000796335296686,0.0634331374494415,0.9771628601394802,1227.0746558716678,18902.60877119494,19344.37906133353,6.463470119000023,0.1029433935961531
JMC20066569-21,O=C(NC1CCN(Cc2ccc3c(c2)OCO3)CC1)c1cc(=O)c2ccc(Cl)cc2o1,1.0,train,0.5278277185011627,0.980943949284222,0.0003930311341763,0.1942909374177642,0.9031251747527664,2297.846394905261,10681.11026965526,11826.832612189388,5.303955242484516,0.2102810477362104
JMC20066569-42,O=C(NC1CCN(Cc2ccc3c(c2)OC(F)(F)O3)CC1)c1cc(=O)c2ccc(F)cc2o1,1.0,train,0.7033717879643401,0.9936899867986329,0.0005411278525241,0.1121615359030586,0.9681600266158108,1789.1520868862428,15443.668082047743,15951.565503102682,6.003167519653157,0.1696491478216774
JMC20066569-22,O=C(NC1CCN(Cc2ccc3c(c2)OCO3)CC1)c1cc(=O)c2ccc(F)cc2o1,1.0,train,0.7039590701284312,0.993811130477268,0.0006963972481607,0.1110830182318348,0.9386991503258028,1347.9363291640502,11390.64014482239,12134.49499860412,5.413120532702868,0.1407247273719023
IQB-9302,Cc1cccc(C)c1NC(=O)[C@H]1CCCC[NH+]1CC1CC1,1.0,train,0.3110225350126955,0.9419027970271606,0.0008735920842519,0.3358855771723631,0.9285678547858474,1062.9307104825075,2938.5104830275222,3164.561930377421,3.530691058769467,0.4559967988379042
WOMBAT44,CC(C)(O)[C@H]1C=CC([C@H](c2cc[n+]([O-])cc2)c2ccc(OC(F)F)c(OC(F)F)c2)=CN1,1.0,train,0.1788184002559192,0.8892446518285679,0.0002039898077235,0.4574319066203068,0.7762344070026775,3805.26074152911,6457.298392268054,8318.74796326283,4.521623673972122,0.3072767771835214
WOMBAT47,CC(C)Oc1cc([C@H](C2=CN[C@@H](C(C)(C)O)C=C2)c2cc[n+]([O-])cc2)ccc1OC(F)F,0.0,train,0.170108920896817,0.8695412443859921,0.0001674114792908,0.4938603287485849,0.6668508464551995,3983.3041872629274,5378.5850256400745,8065.649244101873,4.417689759297831,0.3279479059641048
WOMBAT51,CC(C)(C)Oc1cc([C@H](C2=CN[C@@H](C(C)(C)O)C=C2)c2cc[n+]([O-])cc2)ccc1OC(F)F,1.0,train,0.2764033125771896,0.9293610657533063,0.0002040764111418,0.3691720594274144,0.7116337150690385,3487.0944225602934,6721.88995714346,9445.715983947362,4.619484309596841,0.179471763988474
WOMBAT45,CC(C)(O)[C@H]1C=CC([C@@H](c2cc[n+]([O-])cc2)c2ccc(OC(F)F)c(OC(F)F)c2)=CN1,1.0,train,0.2335546655914545,0.9174620058283384,0.0002267444331917,0.3978234129126168,0.8026769299508894,3540.0072171658207,7142.571384311141,8898.43860935202,4.64166622776283,0.2731217791905023
RALTEGRAVIR,Cc1nnc(C(=O)NC(C)(C)C2=N/C(=C(\O)NCc3ccc(F)cc3)C(=O)C(=O)N2C)o1,0.0,train,0.6506225403619896,0.9905733430737552,0.0006066267575496,0.1369834004238635,0.987285874078414,1627.501361902166,11729.954868089775,11881.011544948064,5.328662711083423,0.2070750382148052
NEFERINE,COc1ccc(C[C@@H]2c3cc(Oc4cc(C[C@@H]5c6cc(OC)c(OC)cc6CCN5C)ccc4O)c(OC)cc3CCN2C)cc1,1.0,train,0.6461504303874069,0.990427831149858,0.0002932821082243,0.1380315590138297,0.968409500397776,3301.972651045753,23166.16365251628,23921.867394940607,6.350301321205651,0.2037996229984045
MIANSERINE,CN1CCN2c3ccccc3Cc3ccccc3[C@@H]2C1,1.0,train,0.1784016913927783,0.8594370599782817,0.0004944870459132,0.5112415671049131,0.6093390423674163,1232.2649246393469,1468.7129870420115,2410.337898808746,3.109164007619907,0.2599720100687818
FAMOTIDINE,NC(N)=[NH+]c1nc(CSCC/C(N)=[NH+]/S(N)(=O)=O)cs1,1.0,train,0.7939558839691863,0.9971957298079628,0.0015766841695519,0.0748376673391422,0.9837196003663118,623.91671037444,8201.205606930971,8336.934227880642,5.027680681269143,0.1208957369446479
GLIMEPIRIDE,CCC1=C(C)CN(C(=O)NCCc2ccc(S(=O)([O-])=NC(=O)NC3CCC(C)CC3)cc2)C1=O,0.0,train,0.8121887132853908,0.9977334069588736,0.0006448497346975,0.0672907767694699,0.9675352988318228,1500.4042752466153,21573.44837603237,22297.32434783475,6.806852459311737,0.0612765517061866
CARBAMAZEPINE,NC(=O)N1c2ccccc2C=Cc2ccccc21,0.0,train,0.1825323340621231,0.8896133241628357,0.0009518818818407,0.4567144988632936,0.747651477146592,785.4456434245687,1285.791445172644,1719.7738310902032,2.832399786535455,0.3457291714593472
WOMBAT37,Fc1ccc2c([C@@H]3C[NH2+]CC[C@@H]3F)c(C3CCCCCC3)[nH]c2c1,1.0,train,0.2094796162793571,0.8933172925123531,0.0003442741759799,0.4494265400467565,0.6557862870206043,1904.837286020736,2779.4668535774163,4238.372940375449,3.6577989763254775,0.2505162787496963
APRINIDINE,CC[NH+](CC)CCCN(c1ccccc1)C1Cc2ccccc2C1,1.0,train,0.4114324594898604,0.9654311730927588,0.0006071306005663,0.2606581094474888,0.8454473858084148,1392.5296880435917,4516.685043533005,5342.360884130195,4.1701516276033095,0.2323290661764668
"5-CHLORO-N-(2,4-DIMETHOXYBENZYL)-1-BENZOFURAN-2-CARBOXAMIDE",COc1ccc(CNC(=O)c2cc3cc(Cl)ccc3o2)c(OC)c1,1.0,train,0.6037858899839611,0.9875337010740302,0.0008374410052611,0.1574077165930189,0.9504345994893384,1134.9272289251592,6852.73968532282,7210.111762560777,4.687851750620153,0.3027303256939137
SILODOSIN,C[C@H](Cc1cc2c(c(C(N)=O)c1)N(CCCO)CC2)NCCOc1ccccc1OCC(F)(F)F,1.0,train,0.685856150210272,0.9928429536152882,0.0004165060440177,0.1194272559195376,0.9555619952567,2294.2332025702917,18356.630902658057,19210.29822636131,6.341905212721882,0.1663629846060084
MAPROTILINE,C[NH2+]CCCC12CCC(c3ccccc31)c1ccccc12,1.0,train,0.1942618019616908,0.8953369368323822,0.0005713162953674,0.4453894582762446,0.7347925984343421,1286.1397519946506,2121.841801050671,2887.6744343530154,3.3624517569845147,0.3113157027727691
"4,4'-DIFLUOROBENZHYDROL",OC(c1ccc(F)cc1)c1ccc(F)cc1,0.0,train,0.5006482399706299,0.9776763182222312,0.0020082069010208,0.2101166742251121,0.9275980346470738,461.9036186836814,2039.1570086832571,2198.319673520117,3.266471634091529,0.4075922018434483
L-ALPHA-ACETYLMETHADOL,CC[C@H](OC(C)=O)C(C[C@H](C)N(C)C)(c1ccccc1)c1ccccc1,1.0,train,0.0084542183549746,0.5092784714264158,0.0003391676060612,0.8606017886000316,0.8923052218914537,2630.868060348702,2727.7857650928204,3057.0097520113445,3.450092908114963,0.7235616838609884
TERODILINE,C[C@H](CC(c1ccccc1)c1ccccc1)[NH2+]C(C)(C)C,1.0,train,0.2982551503016364,0.9399592865588644,0.0008251365939971,0.3412865945385941,0.8605396186964719,1042.9056533874002,2629.6422058877542,3055.806088127684,3.451181968052885,0.4082328345342658
"4,4'-DIMETHYLDIPHENHYDRAMINE",CN(C)CCOC(c1ccccc1)c1ccccc1,1.0,train,0.1899873489113419,0.8837833410681886,0.0005479144514167,0.4678963625102783,0.6680501029540526,1219.259870271061,1740.8271299489627,2605.8331886353944,3.3012332013386096,0.2811317944662523
NORACETYLMETHADOL,CC[C@@H](O)C(C[C@@H](C)NC)(c1ccccc1)c1ccccc1,1.0,train,0.0522610133011676,0.738000431963065,0.0006039965858218,0.6748002389020987,0.936141710798526,1549.9122557535095,2150.173380272317,2296.8460388739927,3.1750341896085543,0.718382521762862
DIPHENHYDRAMINE,C[NH+](C)CCOC(c1ccccc1)c1ccccc1,1.0,train,0.1869343753295407,0.8908340486167543,0.0006660120164211,0.4543288432678277,0.7317587726292413,1098.7170720453323,1769.634193426564,2418.330001112513,3.2110259200840807,0.3719883311586559
TOLTERODINE TARTRATE,Cc1ccc(O)c([C@@H](CCN(C(C)C)C(C)C)c2ccccc2)c1,1.0,train,0.1956442608925489,0.8998381818182734,0.0004771143760641,0.4362238491210492,0.8112734782305101,1700.375253671713,3162.2969471358338,3897.941978866612,3.668423368801855,0.4025767662920128
METHADONE,CCC(=O)C(C[C@@H](C)[NH+](C)C)(c1ccccc1)c1ccccc1,1.0,train,0.057919797622409,0.7530604038732507,0.0004419895034449,0.6579513873518748,0.8092174915952294,1830.8522833417733,2251.7737946722887,2782.6558595925976,3.325145584664816,0.6872230849318238
TOLTERODINE,Cc1ccc(O)c([C@H](CC[NH+](C(C)C)C(C)C)c2ccccc2)c1,1.0,train,0.1727039679372979,0.88227332112712,0.0004146377936088,0.4707374924810238,0.7351362717047422,1772.9601185325023,2768.777316949578,3766.345674291013,3.5669019006916023,0.371083165192992
TERODILINE,CC(CC(c1ccccc1)c1ccccc1)[NH2+]C(C)(C)C,1.0,train,0.265228467961321,0.9283642376547432,0.0006826565181554,0.3716716860936915,0.7622418950458081,1116.5818750334097,2289.938987132637,3004.2155935223427,3.3687393191816524,0.2891913778227172
ORPHENADRINE,Cc1ccccc1[C@H](OCC[NH+](C)C)c1ccccc1,1.0,train,0.1718757734585008,0.877354637356273,0.0005527564351179,0.4798425161544595,0.7012801696309042,1268.6965272167577,1854.174413194999,2643.98523370607,3.2655356617413984,0.3538136236138405
LAAM,CC[C@@H](OC(C)=O)C(C[C@@H](C)[NH+](C)C)(c1ccccc1)c1ccccc1,1.0,train,0.0070312941709558,0.4893940637680654,0.0003826796978629,0.8720627559691899,0.9811311257477712,2563.8442050276817,2884.5026735777496,2939.976724700605,3.439583802084513,0.9090999505082656
lovastatin,CCC(C)C(=O)OC1CC(C)C=C2C=CC(C)C(CCC3CC(O)CC(=O)O3)C21,1.0,train,0.1620134185927188,0.8798469554188448,0.0003114345424027,0.4752571251861346,0.8453190038360584,2714.275036141596,4827.761958938924,5711.171684335187,4.047259282708876,0.4825758329762786
LOVASTATIN,CC[C@@H](C)C(=O)O[C@@H]1C[C@@H](C)C=C2C=C[C@@H](C)[C@@H](CC[C@@H]3C[C@@H](O)CC(=O)O3)[C@H]21,1.0,train,0.2980211061473642,0.9388297188975028,0.0003376605586397,0.3443817052557174,0.7610668439455701,2253.9406053568914,4981.099276705141,6544.8906575430565,4.1269007452082604,0.195216875178196
SIMVASTATIN,CCC(C)(C)C(=O)O[C@H]1C[C@@H](C)C=C2C=C[C@H](C)[C@H](CC[C@@H]3C[C@@H](O)CC(=O)O3)[C@H]21,0.0,train,0.3809758393068371,0.9596521932875004,0.0004155101049891,0.2811897365098698,0.8804282205693068,2118.9092876390414,6634.479468628607,7535.514325447891,4.411078612065712,0.2853413685880271
TERAZOSIN,COc1cc2nc(N3CCN(C(=O)[C@@H]4CCCO4)CC3)nc(N)c2cc1OC,1.0,train,0.6789604446515888,0.9925704012037696,0.0007630288762417,0.121671683863533,0.8915595295062406,1168.4479542865645,8561.900972330383,9603.285803105144,4.995046422125749,0.04840924740963
ISOBUTYLMETHYLXANTHINE,CC(C)Cn1c(=O)n(C)c(=O)c2[nH]cnc21,1.0,train,0.1986383073420441,0.883586137516947,0.0009155903156448,0.4682686596259489,0.640473831479402,699.5201025344247,956.7676825200456,1493.843519430061,2.6621369886206154,0.2300035401649768
CAFFEINE,Cn1c(=O)c2c(ncn2C)n(C)c1=O,1.0,train,0.2744051114737161,0.9152675402814412,0.0012791599868558,0.4028465336913802,0.605382884474271,473.2659641443904,711.2066023552295,1174.8046081164953,2.464657529565873,0.0665002644286896
BMCL-16-2006-4313-27,O=C1NC[C@@H](c2ccccc2)C12CCN([C@H]1CCCC[C@@H]1c1ccccc1)CC2,1.0,train,0.3906523617408034,0.961704642396878,0.0004497882647996,0.2740879070522681,0.8331825767695599,1852.3884280101352,5630.95898766989,6758.373428189546,4.28094832570368,0.2458940342848676
CARVEDILOL,COc1ccccc1OCC[NH2+]C[C@@H](O)COC1=CC=CC2=Nc3ccccc3[C@@H]12,1.0,train,0.0,0.0,0.0,0.0,0.0,0.0,0.0,0.0,0.0,0.0
SPIRONOLACTONE,CC(=O)S[C@@H]1CC2=CC(=O)CC[C@]2(C)[C@H]2CC[C@@]3(C)[C@@H](CC[C@@]34CCC(=O)O4)[C@@H]21,1.0,train,0.3648329580624714,0.9565389840276202,0.0004361467386956,0.2916044787643154,0.8207481677798492,1881.8165882300889,5296.549365196434,6453.318536822049,4.044911215180307,0.3004160230062604
ZIPRASIDONE,O=C1Cc2cc(CC[NH+]3CCN(c4nsc5ccccc45)CC3)c(Cl)cc2N1,1.0,train,0.6564567030427695,0.9909629971951172,0.0007519634772764,0.1341355217310847,0.9852491206096292,1310.2353377296265,9623.910188963897,9767.996730622852,5.000536535338028,0.1884421287792388
L-691121,CS(=O)(=O)Nc1ccc2c(c1)C(=O)CC1(CCN(CCc3ccc4nonc4c3)CC1)O2,1.0,train,0.8054850788838862,0.997542614487622,0.0009446152888582,0.0700623456729745,0.975536445615227,1032.734126920967,14379.618178137034,14740.2162602633,5.746658003936085,0.1368685022871276
"5-CHLORO-N-[3-(10,11-DIHYDRO-5H-DIBENZO[B,F]AZEPIN-5-YL)PROPYL]-N-METHYL-1-BENZOFURAN-2-CARBOXAMIDE",CN(CCCN1c2ccccc2CCc2ccccc21)C(=O)c1cc2cc(Cl)ccc2o1,1.0,train,0.5660001445864425,0.9845082141596,0.0004427276954297,0.1753384619878789,0.9294511868140396,2099.3743929026227,11128.56813575356,11973.267981829058,5.3215021436515295,0.274426674649229
FLUVASTATIN,CC(C)n1c(/C=C\[C@@H](O)C[C@@H](O)CC(=O)[O-])c(-c2ccc(F)cc2)c2ccccc21,0.0,train,0.1230542216409085,0.8489516229063776,0.0003163161388245,0.5284705686834676,0.8275718782502215,2616.280918594799,4097.031399923721,4950.665322976282,3.769383072082349,0.5254927584451311
SUFENTANIL,CCC(=O)N(c1ccccc1)C1(COC)CC[NH+](CCc2cccs2)CC1,1.0,train,0.5794151290055403,0.9857599564346734,0.0007010258215296,0.1681585807799021,0.917023754282618,1308.1169425137762,7133.58963961982,7779.067451966261,4.574527820377406,0.2155381058817409
RITONAVIR,CC(C)c1nc(CN(C)C(=O)N[C@H](C(=O)N[C@@H](Cc2ccccc2)C[C@H](O)[C@H](Cc2ccccc2)NC(=O)OCc2cncs2)C(C)C)cs1,1.0,train,0.1814008680459202,0.891209467463281,7.913164246136963e-05,0.4535919808636556,0.7855309205718113,9926.887603214993,17191.39113200135,21885.05974976418,5.829638826698053,0.3554686180151755
NPS-2143,CC(C)(Cc1ccc2ccccc2c1)NC[C@@H](O)COc1cccc(Cl)c1C#N,1.0,train,0.8131719602521311,0.997750097201257,0.0010682618379188,0.0670428484991687,0.9751750678637652,912.8614664018884,13278.071597147538,13616.090110091414,5.830936290948184,0.1029711173729191
GRANISETRON,Cn1nc(C(=O)NC2C[C@@H]3CCC[C@H](C2)[NH+]3C)c2ccccc21,1.0,train,0.6339249227491263,0.9898496613693762,0.0012661328041472,0.1421184290897255,0.923883627120563,729.6893533556258,4743.565284019815,5134.375309587339,4.113650257927212,0.1533171206078431
DASATINIB,Cc1nc(Nc2ncc(C(=O)Nc3c(C)cccc3Cl)s2)cc(N2CCN(CCO)CC2)n1,1.0,train,0.8247195420587927,0.9980512913061448,0.000839788641148,0.0623988775711327,0.9638888178677344,1147.775488544327,17729.933644549506,18394.168825166747,6.179568695317602,0.0648677415343247
"1,4-DIHYDROINDENO[1,2-C]PYRAZOL_77",CN1CCN(Cc2ccc3c(c2)Cc2c(-c4csc(C#CCOc5ccccc5)c4)n[nH]c2-3)C(=O)C1,0.0,train,0.7865339488435017,0.9969492103635548,0.0005729826269868,0.0780530073442704,0.9911588771525364,1729.823611520019,21966.226373620757,22162.164795140325,6.808598701304436,0.1141701544534398
,NC(=O)NOC[C@H]1NC(=O)NC1=O,0.0,train,0.6029044062780207,0.9876193996973924,0.0037614812595108,0.156869121695005,0.9252137297348394,245.9705807108432,1450.7339361980378,1567.9987116207292,2.945525753041582,0.158703471187957
PRIMIDONE,CCC1(c2ccccc2)C(=O)NCNC1=O,0.0,train,0.1742143782435087,0.8810060417329545,0.001623301308223,0.4731050141670787,0.9586938804420893,590.582829931646,1196.7494065697829,1248.3123455611476,2.6371046682696133,0.4439067429193385
DEXTROMETHORPHAN,COc1ccc2c(c1)[C@]13CCCC[C@@H]1[C@H](C2)N(C)CC3,1.0,train,0.1879359450009262,0.8956447597652709,0.0007984583924358,0.4447701252388812,0.8105677968443079,1015.1659804984222,1850.0812117314488,2282.4509176581664,3.079522736414388,0.4324202471289136
PALIPERIDONE,Cc1nc2n(c(=O)c1CCN1CCC(c3noc4cc(F)ccc34)CC1)CCC[C@@H]2O,1.0,train,0.7051978255591255,0.9938148076950636,0.0007877765582668,0.1110501148402092,0.9589502139049718,1217.287064259341,10511.629747838728,10961.60112946217,5.157648750796145,0.1605468454859696
BEKM-1,Clc1ccc(C(c2ccc(Cl)cc2)n2cc[n+](C[C@H](OCc3ccc(Cl)cc3Cl)c3ccc(Cl)cc3Cl)c2)cc1,1.0,train,0.2870742453095165,0.9346407159493616,0.000115739544348,0.35559349275495,0.7408059067175354,6400.62919627518,13334.394503605155,17999.849059909662,5.378329502990448,0.216099480694699
bekm-1,Clc1ccc(C(c2ccc(Cl)cc2)n2cc[n+](CC(OCc3ccc(Cl)cc3Cl)c3ccc(Cl)cc3Cl)c2)cc1,1.0,train,0.4140082815056228,0.9656034995353814,0.0001381572642498,0.2600190025460153,0.8041861408772416,5820.802440203257,18002.5636794276,22386.065569085305,5.951703320484064,0.168263789047311
SAXITOXIN,N=C1N[C@H]2[C@H](COC(N)=O)NC(=N)N3CCC(O)(O)[C@]23N1,1.0,train,0.2376707057206545,0.9171584435604472,0.0009129701132728,0.398522758955844,0.9159661385694762,1003.281624724674,2305.946084746922,2517.501452999418,3.1199712303987552,0.4436981884997052
HYDROXYHALOPERIDOL,O[C@H](CCCN1CCC(O)(c2ccc(Cl)cc2)CC1)c1ccc(F)cc1,1.0,train,0.7521512072177459,0.9958052910228168,0.0009882278229608,0.0914976631994682,0.9712988360243822,982.8693479952894,10433.707488142889,10742.01584637848,5.414708900520544,0.2170183808636289
TERIKALANT,COc1ccc(C2CCN(CC[C@H]3CCOc4ccccc43)CC2)cc1OC,1.0,train,0.7093495384367456,0.9940140915126572,0.0008487660840357,0.1092519376224813,0.9589690596082046,1129.8390423995436,9917.26744236316,10341.592716677374,5.294449503780045,0.1549018731243239
TACRINE,Nc1c2c(nc3ccccc13)CCCC2,0.0,train,0.4416578297525902,0.9693795957399348,0.002073749704579,0.2455670974765972,0.769930464864046,371.2745386600626,1164.0630242411385,1511.906694647663,2.7721149036366426,0.0814461981006696
FLUSPIRILENE,O=C1NCN(c2ccccc2)C12CC[NH+](CCCC(c1ccc(F)cc1)c1ccc(F)cc1)CC2,1.0,train,0.4652676755827419,0.9736009964528912,0.0003012167594389,0.2282566531471475,0.8458439359342256,2808.0905508369337,10405.858191780388,12302.33823251003,5.173933264507985,0.2040231144073744
SERTRALINE,C[NH2+][C@H]1CC[C@@H](c2ccc(Cl)c(Cl)c2)c2ccccc21,1.0,train,0.4311184663579238,0.9676853995464912,0.0009493090848962,0.2521605986361619,0.9396702042270476,989.8464253396696,3688.638104775471,3925.460324465289,3.741899387658636,0.3604320663318187
BENPERIDOL,O=C(CCCN1CCC(n2c(=O)[nH]c3ccccc32)CC1)c1ccc(F)cc1,1.0,train,0.7025155063115329,0.9937364852588564,0.0007783108640593,0.1117488159461857,0.940932814883624,1208.942157091387,10179.377179721305,10818.388963276093,5.3952020945658665,0.1510374108177468
SERTINDOLE13,O=C1NCCN1CC[NH+]1CCC(c2cn(-c3ccc(F)cc3)c3ccccc23)CC1,1.0,train,0.4764584102246084,0.9748658570464798,0.0003824657397625,0.2227926407335585,0.813218039164115,2126.2506797835167,7761.05262225777,9543.630672820722,4.882711972986095,0.1064915769540132
SERTINDOLE5,O=C([O-])c1ccc(-n2cc(C3CC[NH+](CCN4CCNC4=O)CC3)c3cc(Cl)ccc32)cc1,0.0,train,0.5391950654642943,0.9821308902766644,0.0002860227175504,0.1881991348661487,0.8444038151743601,2952.2263909877856,13245.922886848028,15686.716057900436,5.84296480564401,0.0964651028721895
SERTINDOLE7,COCCc1ccc(-n2cc(C3CC[NH+](CCN4CCNC4=O)CC3)c3cc(Cl)ccc32)cc1,0.0,train,0.3770552489633499,0.9587795990950868,0.0002002298147965,0.2841508056632329,0.7977002044735385,3983.923199869636,11184.118741895549,14020.45364809299,5.502318366636822,0.1698460348535435
SERTINDOLE,O=C1NCCN1CC[NH+]1CCC(c2cn(-c3ccc(F)cc3)c3ccc(Cl)cc23)CC1,1.0,train,0.4429357159428541,0.9701687919154436,0.0002823480222359,0.2424304337193014,0.8051997965554258,2851.798961363425,9471.863364174578,11763.370289826673,5.220188105122279,0.1425697243486259
SERTINDOLE8,COCc1ccc(-n2cc(C3CC[NH+](CCN4CCNC4=O)CC3)c3cc(Cl)ccc32)cc1,1.0,train,0.5207622139361794,0.980275544903,0.0002932916719424,0.1976356649623913,0.8524177303057904,2906.3823212579005,12535.44911622594,14705.75830435749,5.675166798452144,0.1129052627100522
SERTINDOLE4,O=C1NCCN1CC[NH+]1CCC(c2cn(-c3ccc(CCO)cc3)c3ccc(Cl)cc23)CC1,0.0,train,0.3466464816139368,0.9511503238153032,0.0001799459462543,0.3087281352679792,0.7514341267135001,4175.888050578868,10163.974163923664,13526.101360843426,5.4561884840179244,0.1455276848211124
SERTINDOLE1,O=C1NCCN1CC[NH+]1CCC(c2cn(-c3ccccc3)c3ccc(Cl)cc23)CC1,0.0,train,0.5421420145011322,0.9824783481495462,0.0004399147465544,0.1863767566445423,0.8663648397133632,1969.392584583604,9154.642035806792,10566.72849146972,5.057732762873365,0.1259129013499834
WOMBAT19,N#Cc1ccc(Cn2cncc2C[NH2+][C@H]2CCN(c3cccc4ncccc34)C2=O)cc1,1.0,train,0.580376804913739,0.9859280253115232,0.0004749993849289,0.1671703589315998,0.8771322349027616,1846.596569875493,9688.974688158638,11046.19611800352,5.163417703441176,0.1102982976909153
WOMBAT59,N#Cc1ccc(Cn2cncc2C[NH+](CCCc2ccccc2)[C@@H]2CCN(Cc3cccc(Cl)c3)C2=O)cc1,1.0,train,0.2003007701725548,0.8874463499053734,9.996614310966284e-05,0.4609110283337007,0.6535327508665935,6537.540916724857,9269.678607292532,14183.95420122528,5.274069629134462,0.2017898188389006
SULINDAC,CC1=C(CC(=O)[O-])c2cc(F)ccc2/C1=C\c1ccc(S(C)=O)cc1,0.0,train,0.5176770060589418,0.9799622067028376,0.000678868222525,0.1991835169739324,0.862431144786149,1270.3955144318688,5500.599017869799,6378.015278232727,4.300972891729082,0.150053502929315
EMD60263,CC/N=C(\c1ccc(OC)c(OC)c1)N1CCCc2cc(C3=NNC(=O)S[C@@H]3C)ccc21,1.0,train,0.6517302840537412,0.9906001757445732,0.0006209035428372,0.136789224044954,0.99250328080757,1598.4822316720115,11598.127486458252,11685.732138861247,5.24303732419543,0.2918627436793616
LAMOTRIGINE,Nc1nnc(-c2cccc(Cl)c2Cl)c(N)n1,0.0,train,0.4623704361418911,0.9731025749544164,0.0016972579831691,0.2303722609540571,0.8888718795946023,523.7105309912162,2020.692778365734,2273.3228767314968,3.0669356321725334,0.1906489078373733
ISRADIPINE,COC(=O)C1=C(C)NC(C)=C(C(=O)OC(C)C)[C@H]1c1cccc2nonc12,0.0,train,0.139218327568449,0.846540589694519,0.0003124259781212,0.5323241775456532,0.683460321009232,2187.591201984113,2808.6866015339083,4109.509382178119,3.5012804049206,0.26547543483572
BUPRENORPHINE,CO[C@]12CC[C@@]3(C[C@@H]1[C@@](C)(O)C(C)(C)C)[C@H]1Cc4ccc(O)c5c4[C@@]3(CC[NH+]1CC1CC1)[C@H]2O5,1.0,train,0.1695855338288848,0.8604980335192758,0.0001827528791233,0.5094537607177507,0.6346294326612044,3472.609765194211,4325.849635566688,6816.339446197783,3.948693327556183,0.2660712299570633
buprenorphine,COC12CCC3(CC1C(C)(O)C(C)(C)C)C1Cc4ccc(O)c5c4C3(CC[NH+]1CC1CC1)C2O5,1.0,train,0.1803211393017247,0.8903608645103844,0.000341393881387,0.4552554568023548,0.8806786544687673,2579.655648457042,4990.270037470866,5666.391494955715,3.757859750969137,0.4909271665186537
DANAZOL,C#C[C@]1(O)CC[C@H]2[C@@H]3CCC4=Cc5oncc5C[C@]4(C)[C@H]3CC[C@@]21C,0.0,train,0.5353566107016761,0.9813059895322642,0.0010553818098084,0.1924540332341819,0.9506177697196676,900.7335173724458,4449.131426382941,4680.252745217426,3.855004906106683,0.3535356777261866
E-4031,Cc1cccc(CC[NH+]2CCC(C(=O)c3ccc(NS(C)(=O)=O)cc3)CC2)n1,1.0,train,0.7502029279578698,0.99576953036292,0.0009865837963344,0.0918860294104032,0.9541620678308644,967.1373798920677,10042.939151856091,10525.401805887252,5.171990783924132,0.125023719677392
PHENYTOIN,O=C1NC(=O)C(c2ccccc2)(c2ccccc2)N1,0.0,train,0.0997025294219758,0.8107600371785177,0.0006521431866235,0.5853786484953893,0.7268724022476467,1114.5901960748868,1384.0013731710435,1904.049966529768,2.953971354562693,0.4489958978966114
SILDENAFIL,CCCC1=N[N+](C)=C2C(=O)N=C(c3cc(S(=O)(=O)N4CC[NH+](C)CC4)ccc3OCC)N=C12,0.0,train,0.362759795716583,0.9552882145116744,0.0002537974598315,0.2956762202394662,0.7700141980059676,3033.971256123373,7901.213501934392,10261.127031677352,4.725602992775928,0.1096738748393115
AJMALINE,CC[C@H]1[C@H]2C[C@H]3[C@@H]4N(C)c5ccccc5[C@]45C[C@@H]([C@H]2[C@H]5O)N3[C@@H]1O,1.0,train,0.0,0.0,0.0,0.0,0.0,0.0,0.0,0.0,0.0,0.0
TEDISAMIL,C1CCC2(C1)C1C[NH+](CC3CC3)CC2C[NH+](CC2CC2)C1,1.0,train,0.1825276233170346,0.8756277229859033,0.000447645116698,0.4829866361904043,0.6533105208637834,1459.4385071879033,1974.105409665441,3021.6954214289262,3.333280378603122,0.2879985032072884
METHYLECGONIDINE,COC(=O)C1=CC[C@@H]2CC[C@@H]1[NH+]2C,0.0,train,0.0,0.0,0.0,0.0,0.0,0.0,0.0,0.0,0.0,0.0
WOMBAT02,C[NH+]1CCCC[C@@H]1c1c(-c2ccccc2)[nH]c2ccccc12,1.0,train,0.2012234710898882,0.901280696687835,0.0006254970015858,0.4332356238559922,0.7663581739602793,1225.1987971441094,2167.2758684078,2828.019511044102,3.266925715435519,0.4064527978757435
AMINOMETHYL TETRAHYDRONAPHTHALENE KETOPIPERAZINE 2B,CCN(CC)Cc1ccc2c(c1)CC[C@H](N1CCN(CCc3cc(N)cc(C(F)(F)F)c3)CC1=O)C2,1.0,train,0.7737336187152994,0.996582068909378,0.0005767791170925,0.0826085947604961,0.969822164468744,1681.4446565913795,19740.104537762527,20354.354912661645,6.446528216433856,0.1188679250163383
AMINOMETHYL TETRAHYDRONAPHTHALENE KETOPIPERAZINE 2A,CCN(CC)Cc1ccc2c(c1)CC[C@H](N1CCN(CCc3ccc(Cl)cc3)CC1=O)C2,1.0,train,0.865948620998413,0.9988840167710292,0.0010534027623094,0.0472305096243344,0.9927689852301844,942.440081563592,19809.76472318392,19954.05277350683,6.695144032531191,0.1121031213663126
AMINOMETHYL TETRAHYDRONAPHTHALENE KETOPIPERAZINE 1,CCN(CC)Cc1ccc2c(c1)CC[C@H](N1CCN(CCc3ccc(F)cc3)CC1=O)C2,1.0,train,0.7855990095886712,0.9969385206903734,0.0008515437810564,0.0781894236050502,0.9836575264729676,1155.1461573150968,14532.249496541,14773.688103265244,5.899531607135852,0.1453354419968329
AMINOMETHYL TETRAHYDRONAPHTHALENE KETOPIPERAZINE 4I,CN(C)C(=O)[C@@H](CO)N(C)Cc1ccc2c(c1)CC[C@H](N1CCN(CCc3ccc(F)cc3)CC1=O)C2,1.0,train,0.7837775437526556,0.9969155543109316,0.0005497370405488,0.0784817021536098,0.966164978196734,1757.5038735468113,21636.10937416357,22393.80422849269,6.695680275918006,0.0976284552429065
NORFLUOXETINE,NCC[C@H](Oc1ccc(C(F)(F)F)cc1)c1ccccc1,1.0,train,0.5520583929580175,0.9833651250862472,0.0010526375041333,0.181639838042511,0.9036431212411676,858.4561329924616,4270.748024364439,4726.14456302008,4.084946145132157,0.2333822167241045
FLUOXETINE HYDROCHLORIDE,CNCC[C@H](Oc1ccc(C(F)(F)F)cc1)c1ccccc1,1.0,train,0.4253541631063289,0.967733438515306,0.0006843502428025,0.2519761734357876,0.8490009116474199,1240.5941556631012,4180.020494718891,4923.458193475774,4.089018396967677,0.2488202159218062
FLUOXETINE,C[NH2+]CC[C@@H](Oc1ccc(C(F)(F)F)cc1)c1ccccc1,1.0,train,0.4263291150113075,0.9676019999145492,0.000773861266066,0.252480434412976,0.8974598633149778,1159.7167382174769,4122.296556502034,4593.293499806629,3.9887987247305583,0.3149034883690288
ATOMOXETINE,CNCC[C@@H](Oc1ccccc1C)c1ccccc1,1.0,train,0.1999381275393683,0.8855465612867902,0.0005135073246348,0.4645506299566723,0.645532934712516,1257.1056024789723,1746.8560292071584,2706.068018024688,3.343696869993805,0.2225149570074256
ROPIVACAINEHCL,CCCOC(C(=O)OC1CCN(C)CC1)(c1ccccc1)c1ccccc1.Cl,1.0,train,0.1215666497506701,0.8374632310238469,0.0004597821816724,0.5464936748793152,0.9679024584714312,2105.1325976807125,3728.429276246384,3852.071294595676,3.4624635026624038,0.6034380486105135
PROPIVERINE,CCCOC(C(=O)OC1CCN(C)CC1)(c1ccccc1)c1ccccc1,1.0,train,0.1122011353973706,0.8345542753379912,0.0004159696851262,0.5509257313967831,0.9139008903547232,2197.0372434170254,3644.546221884873,3987.900942377101,3.657027273535392,0.5410060694735924
ALOSETRON,Cc1nc[nH]c1CN1CCc2c(c3ccccc3n2C)C1=O,1.0,train,0.4515899725480869,0.971707079831011,0.0010202204272748,0.2361892271173456,0.8599275206665169,842.8840451308062,3068.807142412925,3568.6811605172707,3.564582646630253,0.1538607140168958
CANRENOIC,C[C@@]12CCC(=O)C=C1C=C[C@@H]1[C@H]2CC[C@]2(C)[C@@H]1CC[C@]2(O)CCC(=O)[O-],0.0,train,0.5468887444608272,0.9826921160193304,0.0008567973898214,0.185246336302371,0.9304218356896148,1085.9298204485383,5454.212143351797,5862.08527587835,4.1650003691036845,0.3131647266231999
CANRENOIC_ACID,C[C@]12CC[C@@H]3[C@@H](C=CC4=CC(=O)CC[C@@]43C)[C@H]1CC[C@@]2(O)CCC(=O)O,0.0,train,0.508299716022997,0.9782935434880804,0.000862665679317,0.2072238952667744,0.9500182683655278,1101.2589130909644,5048.723190392262,5314.343269501973,3.998784498930843,0.3679329783615389
AVE0118,COc1ccc(CC(=O)NCc2ccccc2-c2ccccc2C(=O)NCCc2cccnc2)cc1,1.0,train,0.590887704265559,0.986444788612612,0.0004676584826576,0.1640935069374141,0.956689565326232,2045.701298711545,11926.743006340294,12466.68035129375,5.250226101341809,0.2279638380388205
AMITRIPTYLINE HYDROCHLORIDE,CN(C)CCC=C1c2ccccc2CCc2ccccc21,1.0,train,0.2588189827101217,0.9261289486735312,0.000645716508622,0.3772070657196915,0.763461202573742,1182.3473496178497,2393.0525470854063,3134.478266895643,3.47760683243933,0.2755207401756768
NORTRIPTYLINE,C[NH2+]CCC=C1c2ccccc2CCc2ccccc21,1.0,train,0.1029440207164032,0.8242992161936342,0.0006218869290522,0.5661543978302741,0.776274592563038,1248.2568073042166,1711.5296608445851,2204.799277525754,3.125205595728484,0.5648154074491107
AMITRIPTYLINE,C[NH+](C)CCC=C1c2ccccc2CCc2ccccc21,1.0,train,0.2832019197985689,0.9348235828754058,0.0009616593843409,0.3551124735910995,0.8883849591309568,923.804180146149,2311.0811358576657,2601.441089365617,3.237467025984044,0.3993873741115862
BMCL-16-2006-4263-1,CN1CCN(CCCN(C(=O)Nc2ccc(F)c(C(F)(F)F)c2)[C@@H]2C[C@@H](c3ccc(C#N)cc3)[C@@H]3C[C@H]32)CC1,1.0,train,0.0,0.0,0.0,0.0,0.0,0.0,0.0,0.0,0.0,0.0
BIPERIDEN,O[C@](CC[NH+]1CCCCC1)(c1ccccc1)[C@@H]1C[C@@H]2C=C[C@H]1C2,0.0,train,0.1993856413581684,0.8937678819353816,0.0004412001577415,0.4485297907840034,0.6946905937096631,1574.5474735676007,2438.6859952485843,3510.463532010628,3.469697574298867,0.2995393933665532
BMCL20031829_13,O=C1NCCN1CCN1CCC([C@@H]2CN(c3ccc(F)cc3)c3ccccc32)CC1,1.0,train,0.6055280085995457,0.9878946519510898,0.0005405975166875,0.1551262603379426,0.9018290383226574,1668.2078819904496,9698.153663089051,10753.871577618502,5.203225629963661,0.1291631061597046
AMINOMETHYL TETRAHYDRONAPHTHALENE KETOPIPERAZINE 4G,O=C1CN(CCc2ccc(F)cc2)CCN1[C@H]1CCc2cc(CN3CCS(=O)(=O)CC3)ccc2C1,1.0,train,0.6932260449280316,0.9932653492180746,0.0004139441554355,0.1158617540118237,0.944344022572647,2281.3319385534755,18594.247929797355,19690.12085144736,6.371338486680807,0.1313974774911918
PENTOBARBITAL,CCC[C@@H](C)C1(CC)C(=O)NC(=O)NC1=O,0.0,train,0.196886208032332,0.8998925948516571,0.0013571442147349,0.4361115886228565,0.8725596341966659,642.9380346782544,1286.3720914216017,1474.2512041665984,2.742411024445924,0.5017706268095823
RIBAVIRIN,NC(=O)c1ncn([C@H]2O[C@@H](CO)[C@H](O)[C@@H]2O)n1,0.0,train,0.435917957742108,0.9693817089992725,0.0014661906378833,0.2455587552046358,0.8434391727143824,575.2588721559425,1975.885025249782,2342.6526644368755,3.165402227743057,0.197814941307556
BERTOSAMIL,CC(C)CN1C[C@H]2CN(C(C)C)C[C@@H](C1)C21CCCCC1.CNCC[C@@H](Oc1ccccc1C)c1ccccc1,0.0,train,0.1760952389149459,0.8765281735748414,0.0002540147651972,0.4813505592907861,0.6792796370344767,2674.1738280726,3773.7814826198,5555.563978179818,3.30978472044058,0.3069856395007113
2-AMINO-N-PYRIMIDIN-4-YLACETAMIDE-2,Cc1ccc(-c2nc(NC(=O)CN3CCCN(C)CC3)cc(-n3nccc3C)n2)o1,1.0,train,0.333541778564805,0.9479965057776548,0.0002703871845002,0.3182807330539456,0.7506538447952236,2776.2182818785973,6547.612566073057,8722.545833171918,4.694142181380446,0.1234961495076199
BMCL20031829_06,O=C1NCCN1CCN1CCC(c2cn(C3CCCCC3)c3ccc(Cl)cc23)CC1,1.0,train,0.4657745786035395,0.9735900324410652,0.0003290846935016,0.2283034137532895,0.8279882024223338,2516.03377116118,9124.902011622306,11020.570081707452,5.13921384791267,0.142708309569326
WOMBAT38,Fc1ccc2c([C@@H]3C[NH2+]CC[C@@H]3F)c(C3=CNC=CC3)[nH]c2c1,1.0,train,0.3049124026062877,0.9414996994649886,0.0006498678926404,0.3370138215375389,0.7848112313854833,1207.6473392103387,2812.27396265556,3583.3762950752525,3.466449819790715,0.2676156001001977
LEVOFLOXACIN,C[C@H]1COc2c(N3CC[NH+](C)CC3)c(F)cc3c(=O)c(C(=O)[O-])cn1c23,0.0,train,0.5044456991014677,0.978436333208024,0.000739638679281,0.2065486428385249,0.8402971616812163,1136.0914257458844,4621.9349948039135,5500.357737204089,3.946800580311175,0.1258950512532966
OFLOXACIN,C[C@@H]1COc2c(N3CC[NH+](C)CC3)c(F)cc3c(=O)c(C(=O)[O-])cn1c23,0.0,train,0.3956736413582252,0.9626499368743904,0.0006539752816581,0.270749144108956,0.8444696862850761,1291.2868574236868,4027.5385208745033,4769.3109489721655,3.736049510102328,0.2567857616697703
PROTRIPTYLINE,C[NH2+]CCCC1c2ccccc2C=Cc2ccccc21,1.0,train,0.1285064931843063,0.840872741215938,0.0005033166153928,0.5412328824822031,0.7052146101837984,1401.135167440003,1825.6484831250132,2588.7842605092924,3.316323687025107,0.4284389111406637
CHLORPROMAZINE,C[NH+](C)CCCN1c2ccccc2Sc2ccc(Cl)cc21,1.0,train,0.2207094574191662,0.8675554074468381,0.0002612478386321,0.497340542294463,0.546311426337919,2091.161516199445,2297.0687757473884,4204.687409057677,3.6648913654261226,0.1434360706144418
CYAMEMAZINE (RACEMATE),C[C@H](CN(C)C)CN1c2ccccc2Sc2ccc(C#N)cc21,1.0,train,0.2402706588675711,0.901159493789684,0.0003267763504401,0.4334876777403488,0.6127681596595521,1875.1912702193556,2650.727027932353,4325.823700443362,3.6990118958868807,0.1375022420080505
cyamemazin,CC(CN1c2ccccc2Sc2ccc(C#N)cc21)C[NH+](C)C,1.0,train,0.1554509549475818,0.8427787062801607,0.0002947778398932,0.5382602086730345,0.6224077990788487,2111.447045355555,2441.534943872447,3922.7254984366696,3.6139629846675727,0.3000165839785404
PROMETHAZINE,CC(CN1c2ccccc2Sc2ccccc21)[NH+](C)C,1.0,train,0.0831441889506852,0.7879497914340206,0.0005580522302822,0.6157394953867126,0.7399831268157555,1326.0105177636897,1593.572308544378,2153.5251964483687,2.981039178365084,0.5182445090441489
CYAMEMAZIN,C[C@H](CN1c2ccccc2Sc2ccc(C#N)cc21)C[NH+](C)C,1.0,train,0.1678991582325537,0.8824683702017385,0.000467914942361,0.4703717419164201,0.7782204938279776,1663.1665787401685,2751.675325885853,3535.8556446524262,3.5002441344668807,0.3999507310846587
CYAMEMAZINE,C[C@@H](CN(C)C)CN1c2ccccc2Sc2ccc(C#N)cc21,1.0,train,0.1994895016913506,0.8905852156880604,0.0003866709236802,0.4548164174673677,0.6732393973054861,1741.117203480686,2577.2787693919445,3828.1758015158016,3.548614301867297,0.2414148452352259
GREPAFLOXACIN,Cc1c(F)c(N2CC[NH2+][C@H](C)C2)cc2c1C(=O)[C@H](C(=O)[O-])C=[N+]2C1CC1,0.0,train,0.323160330329605,0.9468809352432704,0.0005678064800734,0.3215843504787349,0.8500975995706043,1497.1607922836436,3957.695061332625,4655.577269400255,3.745174595919659,0.2434056116497528
SPARFLOXACIN,C[C@H]1CN(c2c(F)c(N)c3c(c2F)[N+](C2CC2)=C[C@@H](C(=O)[O-])C3=O)C[C@@H](C)[NH2+]1,1.0,train,0.2663859914790772,0.9291005071116396,0.0004938620879794,0.3698273214419051,0.8917834521642691,1805.733774408116,4354.257799972318,4882.640274839111,3.746246874115074,0.3367320875899463
GATIFLOXACIN,COc1c(N2CC[NH2+][C@H](C)C2)c(F)cc2c1[N+](C1CC1)=C[C@@H](C(=O)[O-])C2=O,0.0,train,0.2082207193590884,0.90391529093941,0.0005617976123428,0.4277115228818622,0.9124333698040672,1624.1318043325589,3464.74662465999,3797.259875977572,3.43567530899185,0.3354490775502771
AMLODIPINE,CCOC(=O)C1=C(COCC[NH3+])NC(C)=C(C(=O)OC)[C@H]1c1ccccc1Cl,1.0,train,0.0828132543164353,0.7985689216311153,0.0003039809099665,0.6019033787950668,0.7945747620131339,2613.896912476082,3450.614484529574,4342.71845708653,3.563025363407711,0.4329404448687363
NIFEDIPINE,COC(=O)C1=C(C)NC(C)=C(C(=O)OC)C1c1ccccc1[N+](=O)[O-],0.0,train,0.075998906400311,0.7640865100181464,0.0003608242710543,0.6451137924492771,0.7156429674317465,1983.355957016164,2200.1928329009943,3074.428078007816,3.2369954779495425,0.4306459151783041
NITRENDIPINE,CCOC(=O)C1=C(C)NC(C)=C(C(=O)OC)[C@H]1c1cccc([N+](=O)[O-])c1,0.0,train,0.0418099886314701,0.6953441800084001,0.0003067983681996,0.7186768893796751,0.7818781426919272,2548.5081530257985,2772.626824055765,3546.1111810977245,3.507579151035482,0.552078050887072
AF3013,C[C@H]1Sc2c(C(=O)O)c(=O)c3cc(F)c(N4CCNCC4)cc3n21,0.0,train,0.5019016943596396,0.9780130635240032,0.000746720147137,0.2085436347060107,0.8201420897416893,1098.3259161897818,4319.399694894549,5266.647997854835,3.91026476231582,0.0960352751808821
MK-499,CS(=O)(=O)Nc1ccc2c(c1)[C@H](O)CC1(CC[NH+]([C@@H]3CCc4cc(C#N)ccc4C3)CC1)O2,1.0,train,0.8408305311286662,0.9983975740132268,0.0010562710187322,0.0565887285994631,0.9861521195960072,933.6165644112432,16269.811615679657,16498.277793434994,5.996671602570592,0.1323317310375344
MK-499,CS(=O)(=O)Nc1ccc2c(c1)C(O)CC1(CC[NH+](C3CCc4cc(C#N)ccc4C3)CC1)O2,1.0,train,0.732861276266408,0.9950047833785546,0.0006821552124182,0.0998272560666453,0.9781731727971564,1433.945171113648,14050.738775279797,14364.265107680983,5.643504111827435,0.1988101632571856
EBASTINE,CC(C)(C)c1ccc(C(=O)CCC[NH+]2CCC(OC(c3ccccc3)c3ccccc3)CC2)cc1,1.0,train,0.6087287928762383,0.9879363459176166,0.0004126944667103,0.1548605063111554,0.94735924504194,2295.546273235828,14043.005774512803,14823.316337501,5.753541610215639,0.1847116079511175
OUABAIN,C[C@@H]1O[C@@H](O[C@@H]2C[C@@H](O)[C@]3(CO)[C@H]4[C@@H](O)C[C@]5(C)[C@H](C6=CC(=O)OC6)CC[C@]5(O)[C@@H]4CC[C@@]3(O)C2)[C@H](O)[C@H](O)[C@H]1O,1.0,train,0.4597110960819384,0.9721463594626863,0.0002819421876273,0.2343746056710183,0.9366605568999355,3322.172409820281,13276.813205043609,14174.62613028765,5.130065587449202,0.282202514954143
ELIPRODIL,O[C@@H](CN1CCC(Cc2ccc(F)cc2)CC1)c1ccc(Cl)cc1,1.0,train,0.8126924069854334,0.9976966022288134,0.0015292190986512,0.0678342826385078,0.9980385192287554,652.645863571174,9602.308536680584,9621.18029682949,5.345004771377687,0.1938029603595234
MDL-100907,COc1cccc([C@H](O)C2CCN(CCc3ccc(F)cc3)CC2)c1OC,1.0,train,0.6215965311639515,0.988781624251146,0.0007572546487697,0.1493683351425774,0.9624702674910764,1270.999483535396,8189.816213266683,8509.162817689446,4.904921747934719,0.2512671290958917
IFENPRODIL,C[C@H]([C@H](O)c1ccc(O)cc1)N1CCC(Cc2ccccc2)CC1,1.0,train,0.5447130825639621,0.982685581433298,0.0007712996816465,0.1852809975229546,0.896869143084949,1162.802428713975,5628.648548746054,6275.886055556852,4.4805886671960256,0.2285508851580223
TRIMETHOPRIM,COc1cc(Cc2cnc(N)nc2N)cc(OC)c1OC,0.0,train,0.33283944271846,0.9491088370217072,0.0008134549094065,0.3149482743043723,0.8716621779749457,1071.5556177672604,2965.6758896911088,3402.3225564071126,3.579461806640867,0.3559760952930596
"3-BROMO-2-METHYL-7-[(1-PHENYLCYCLOPROPYL)METHYL]IMIDAZO[1,2-A]PYRAZIN-8(7H)-ONE HYDROCHLORIDE",Cc1nc2c(=O)n(CC3(c4ccccc4)CC3)ccn2c1Br,1.0,train,0.4055090816031354,0.9643233024830448,0.0006524676460154,0.2647273470727842,0.8217957216555432,1259.519497517037,3909.938832714017,4757.798963515259,3.722315743974987,0.2511952937701867
"2-METHYL-7-({1-[4-(TRIFLUOROMETHYL)PHENYL]CYCLOPROPYL}METHYL)IMIDAZO[1,2-A]PYRAZIN-8(7H)-ONE HYDROCHLORIDE",Cc1cn2ccn(CC3(c4ccc(C(F)(F)F)cc4)CC3)c(=O)c2n1,1.0,train,0.4733267212445388,0.9746784328210086,0.0006661531936357,0.2236111638393363,0.850825691306773,1277.2222657420868,4859.746260178667,5711.800089998036,4.129944462344136,0.1861800968713072
"2-METHYL-7-[(1-PHENYLCYCLOPROPYL)METHYL]IMIDAZO[1,2-A]PYRAZIN-8(7H)-ONE HYDROCHLORIDE",Cc1cn2ccn(CC3(c4ccccc4)CC3)c(=O)c2n1,0.0,train,0.3773871256745248,0.9591638900075156,0.0009900514995759,0.282850900839384,0.8463011410942466,854.8051706974213,2557.6110566650914,3022.105173293472,3.3937061114116087,0.2504604296906309
DOXEPINE,C[NH+](C)CC/C=C1/c2ccccc2COc2ccccc21,1.0,train,0.2221641091229658,0.91277508202203,0.0007656083521206,0.4084625437413772,0.835545445673825,1091.348394201133,2232.447489715387,2671.8444834739435,3.269796727831473,0.3793452148227363
CIPROFLOXACIN,O=C([O-])C1=C[N+](C2CC2)=C2C=C(N3CC[NH2+]CC3)C(F)=C[C@H]2C1=O,0.0,train,0.4007807934821952,0.9634924371438186,0.0006921174200875,0.2677355478203533,0.8220061001534128,1187.668560703784,3646.399627568312,4435.976359406307,3.734434137403713,0.2103668058045133
WOMBAT43,CC(C)(O)[C@H]1C=CC([C@H](c2cc[n+](O)cc2)c2ccc(OC(F)F)c(OC3CCC3)c2)=CN1,1.0,train,0.1477391968256781,0.867227620521211,0.0001813700745353,0.4979118940185284,0.7664372304235778,4225.819680491766,6504.816557093601,8487.083219455115,4.5728507348575045,0.4512874602148916
ARTICAINE,CCCN[C@@H](C)C(=O)Nc1c(C)csc1C(=O)OC,0.0,train,0.2723062726644071,0.9261837531382384,0.0005969688773513,0.3770724803307272,0.6905553248643371,1156.769391275816,2118.460785271204,3067.764028446794,3.339503253870408,0.1905561804896308
JOSAMYCIN,CO[C@@H]1[C@H](OC(C)=O)CC(=O)O[C@H](C)C/C=C\C=C\[C@H](O)[C@H](C)C[C@H](CC=O)[C@H]1O[C@H]1O[C@H](C)[C@H](O[C@@H]2C[C@@](C)(O)[C@H](OC(=O)CC(C)C)[C@@H](C)O2)[C@H]([NH+](C)C)[C@H]1O,0.0,train,0.5860142220465024,0.9859825025234044,0.0001707616666135,0.166848748025523,0.9622127189239688,5634.828577199219,32495.92094696416,33772.07587040002,6.585322492949807,0.1975353302268516
MEPIVACAINE (RACEMATE),Cc1cccc(C)c1NC(=O)[C@@H]1CCCCN1C,0.0,train,0.4181133987956205,0.9662619486732048,0.0014730444398582,0.25756134520976,0.8956042681690182,607.9954167949087,2114.1498925829005,2360.584878525745,3.211838659060375,0.3069834118772601
ROPIVACAINE HYDROCHLORIDE,CCCN1CCCC[C@@H]1C(=O)Nc1c(C)cccc1C,1.0,train,0.3342322733871795,0.9487853592714804,0.0007734601221264,0.3159214174950598,0.7696681722589191,995.0974203335876,2424.3206389756538,3149.8257643426414,3.459746738783523,0.1730696243522332
LEVOBUPIVACAINE HYDROCHLORIDE,CCCCN1CCCC[C@@H]1C(=O)Nc1c(C)cccc1C,1.0,train,0.3004158559597029,0.940694519019596,0.0006919700023588,0.3392548037780618,0.815869102470948,1179.052704148688,2835.487252610982,3475.419333840933,3.603302736718645,0.28926310315936
WOMBAT13,CC(C)Oc1cc([C@H](C2=CN[C@H](C(O)(C(F)(F)F)C(F)(F)F)S2)c2ccc[n+]([O-])c2)ccc1OC(F)F,1.0,train,0.3196059986039076,0.9453949855656352,0.0002423194467107,0.3259268649058441,0.8901631545975156,3673.511006567874,10032.999725259897,11270.967208024113,4.720476290453092,0.4337816494351243
WOMBAT16,CC(C)Oc1cc([C@@H](C2=CN[C@@H](C(O)(C(F)(F)F)C(F)(F)F)S2)c2ccc[n+]([O-])c2)ccc1OC(F)F,1.0,train,0.3146807764954358,0.944655983077454,0.0002042109107754,0.3280626062750354,0.8183060917444808,4007.161461828894,9995.301421428205,12214.624236903854,4.836194371019112,0.2683211213650114
D-703,CCOc1ccccc1C(=O)NCCCN1CCOCC1,1.0,train,0.4293030884314185,0.967159959243512,0.0009214233014465,0.2541684741192109,0.9497333139100216,1030.7242202568964,3851.434104187021,4055.279569304346,3.90947492929944,0.3621412015175621
EGCG,O=C(O[C@@H]1Cc2c(O)cc(O)cc2O[C@@H]1c1cc(O)c(O)c(O)c1)c1cc(O)c(O)c(O)c1,1.0,train,0.3179426600648373,0.9455675176462502,0.000301122323145,0.3254259817106009,0.8292219969412506,2753.7712524284566,7016.918824535724,8462.050995293199,4.4596474015956,0.2583102347486073
CISAPRIDE,COc1cc(N)c(Cl)cc1C(=O)N[C@@H]1CC[NH+](CCCOc2ccc(F)cc2)C[C@@H]1OC,1.0,train,0.8395255868169189,0.9983751070701148,0.000945639000002,0.0569837308601066,0.9808651960633076,1037.2512090355383,17854.28218126402,18202.58507787003,6.302273180411124,0.1184410652762402
DEMETHYLASTEMIZOLE,Oc1ccc(CCN2CCC(Nc3nc4ccccc4n3Cc3ccc(F)cc3)CC2)cc1,1.0,train,0.5498810441485014,0.9831919508455396,0.0003387792390106,0.1825748826989684,0.8533999170283969,2519.0443178297846,11774.632852270972,13797.321299574452,5.620906084709976,0.0985312720355405
HMR-1556,CN([C@@H]1c2cc(OCCCC(F)(F)F)ccc2OC(C)(C)[C@H]1O)S(C)(=O)=O,1.0,train,0.5472504695773832,0.9829732310871248,0.00058169260083,0.183748814870023,0.8775923956135733,1508.6875685909708,7205.557970475748,8210.597546755114,4.535164207306125,0.1714357150479747
CHROMANOLOL 293B,CCS(=O)(=O)N(C)[C@H]1c2cc(C#N)ccc2OC(C)(C)[C@@H]1O,1.0,train,0.1922306521269199,0.8817128072274593,0.0004077809968866,0.4717865254233883,0.6507472147420851,1595.8252584363615,2201.1625728619188,3382.5155498119498,3.3265223279818867,0.3147429918416397
CHROMANOL,CCS(=O)(=O)C[NH2+][C@@H]1c2cc(C[NH3+])ccc2OC(C)(C)[C@H]1O,1.0,train,0.2507709690866497,0.9174189097742884,0.0004441432502029,0.3979227864656104,0.685245672212581,1542.8483308020072,2656.8725831282563,3877.255546247398,3.4958801293693065,0.1702293734718724
BEPRIDIL,CC(C)COC[C@@H](CN(Cc1ccccc1)c1ccccc1)[NH+]1CCCC1,1.0,train,0.1630537235374674,0.8707290466713162,0.0002699056633213,0.4917630804390067,0.7000491333533214,2593.68078734899,3692.2332310060888,5274.248699258918,3.965560925887418,0.3315934684103893
DARIFENACIN,NC(=O)C(c1ccccc1)(c1ccccc1)[C@@H]1CCN(CCc2ccc3c(c2)CCO3)C1,1.0,train,0.5921716974848905,0.9866024602884736,0.0005727148792491,0.1631428372706893,0.9507135746663766,1660.0120044248758,9673.706631062822,10175.206170225883,5.0211626417857085,0.2071035857864893
WOMBAT06,c1ccc(-c2[nH]c3ccccc3c2C2CCN(c3ccccc3)CC2)cc1,1.0,train,0.3990516888461458,0.9628376282104588,0.0005152243147045,0.2700809169527867,0.792133724245822,1537.4540790063672,4509.275365327428,5692.568347119216,4.080733243463561,0.1624910441879417
2-AMINO-N-PYRIMIDIN-4-YLACETAMIDE-3,Cc1ccc(-c2nc(NC(=O)CN3CCC(CN(C)C)CC3)cc(-n3nccc3C)n2)o1,1.0,train,0.544138259160049,0.982520986831389,0.0003302175448852,0.1861518477906502,0.8290994539706155,2510.767422302362,11182.676527708652,13487.738381872075,5.573221740227746,0.0476738786385937
AMINOMETHYL TETRAHYDRONAPHTHALENE KETOPIPERAZINE 4B,O=C1CN(CCc2ccc(F)cc2)CCN1[C@H]1CCc2cc(Cn3ccnc3)ccc2C1,1.0,train,0.7920957270467404,0.997148479679358,0.0008840570286859,0.0754646239846529,0.9794754004134548,1107.9323715907178,14380.148551664946,14681.480051050612,5.905475244853026,0.119750571564216
THIOGUANINE,Nc1nc(=S)c2[nH]cnc2[nH]1,0.0,train,0.2493771257998404,0.8720393861578001,0.0012094215998024,0.4894357046533562,0.5119010429677996,423.26103903833945,442.6889278231466,864.7939555985498,2.275030217630816,0.0105501557340591
HY-2901,CC(C)(CN1CCC(=C2c3ccc(F)cc3COc3ccccc32)CC1)C(=O)O,1.0,train,0.3025465679196071,0.9413411242654526,0.000368491845215,0.3374564975913988,0.8221198957170314,2231.0395912211925,5435.314030599022,6611.33985312262,4.248690159735046,0.3037440676567955
DILTIAZEM,COc1ccc([C@@H]2Sc3ccccc3N(CC[NH+](C)C)C(=O)[C@@H]2OC(C)=O)cc1,1.0,train,0.2460979823565607,0.9218076188099884,0.0003701095491818,0.387647667223549,0.884899553148058,2390.912515238325,5457.836058975687,6167.746429026055,4.106775009193867,0.3319068788325863
,CC[C@@](O)(C(=O)O)c1cc2n(c(=O)c1CO)Cc1cc3ccccc3nc1-2.[H-].[Na+],0.0,train,0.4247571212088333,0.9674858240777028,0.0005538340072677,0.252925246285712,0.8156183794781464,1472.676594024802,4749.000405270173,5822.576495037674,3.92768067875078,0.1321727114801842
BMCL-16-2006-17782-21,CN(C(=O)N1CC(c2cc(F)ccc2F)=C[C@H]1c1cccc(O)c1)C1CCNCC1,1.0,train,0.3554065487287292,0.9545173869230686,0.0003799929647434,0.2981552583161274,0.8204053543352505,2159.0014301687324,5940.718078665806,7241.198570040281,4.307147314399592,0.2890360601304366
BMCL-16-2006-1777-13,CN(C(=O)N1CC(c2cc(F)ccc2F)=C[C@H]1c1ccccc1)C1CCNCC1,1.0,train,0.2996421472801667,0.9374878616007286,0.0002843749193744,0.3480179727417722,0.7225796771084292,2540.940244300929,5275.680927666071,7301.175351039398,4.3609149713484845,0.165850155261713
DESLORATIDINE,Clc1ccc2c(c1)CCc1cccnc1C2=C1CC[NH2+]CC1,1.0,train,0.224478457666429,0.9089578141628564,0.0004774001736543,0.4168881049781609,0.714986404351821,1497.6668292323504,2568.582332676358,3592.491153737301,3.50429411053011,0.3170866220422423
RISPERIDONE,CC1=NC2=[N+](CCCC2)C(=O)C1CC[NH+]1CCC(c2noc3cc(F)ccc23)CC1,1.0,train,0.7440347987749856,0.9953976705568576,0.0008375350948802,0.0958304620148591,0.9960556127339164,1189.270299027051,12361.198427906567,12410.148861044272,5.609521255093596,0.1907959245692242
9-HYDROXYRISPERIDONE,CC1=NC2=[N+](CCC[C@H]2O)C(=O)[C@@H]1CC[NH+]1CCC(c2noc3cc(F)ccc23)CC1,1.0,train,0.758645312062029,0.9960373824611432,0.0008703004796321,0.0889355538575777,0.975486189007546,1120.8613712586496,12294.12467825668,12603.074053528786,5.509890794765711,0.1289974016805019
RISPERIDONE,CC1=NC2=[N+](CCCC2)C(=O)[C@@H]1CC[NH+]1CCC(c2noc3cc(F)ccc23)CC1,1.0,train,0.7033799634561104,0.9935414936854512,0.0008676397155644,0.113469380562697,0.9965787428117632,1148.6089501602032,10088.001343239086,10122.633475781991,5.088165444170837,0.214457070877708
VARDENAFIL,CCCc1nc(C)c2c(=O)nc(-c3cc(S(=O)(=O)N4CC[NH+](CC)CC4)ccc3OCC)[nH]n12,1.0,train,0.383740481602414,0.9592273607269944,0.0003251631049501,0.2826355788515029,0.9324430593332363,2867.6164212299723,9460.55354980898,10145.985275040766,4.790669698433197,0.2578150436465565
PRUCALOPRIDE,COCCC[NH+]1CCC(NC(=O)c2cc(Cl)c(N)c3c2OCC3)CC1,1.0,train,0.6189416130678089,0.9888477634626152,0.0007710346566293,0.1489298515912233,0.9135011445879676,1184.7731314458197,7267.123414743321,7955.242812554044,4.715806076354863,0.1443220616826327
MIBEFRADIL,COCC(=O)O[C@@]1(CC[NH+](C)CCCc2nc3ccccc3[nH]2)CCc2cc(F)ccc2[C@@H]1C(C)C,1.0,train,0.5178856460771296,0.9792551248403596,0.0003867633183177,0.202631193240063,0.9602038864782336,2482.665343380083,11764.550528576026,12252.13800344549,5.165100025691315,0.3201582322807957
VENLAFAXINE,COc1ccc(C(C[NH+](C)C)C2(O)CCCCC2)cc1,1.0,train,0.2044653679275406,0.9000105453450746,0.0005650082386318,0.4358681202699519,0.7252583907824223,1283.6244521649026,2135.8740436660114,2944.98356835526,3.380799697099719,0.3268167004899618
DULOXETINE,CN(C)C[C@@H](c1ccc(O)cc1)C1(O)CCCCC1,1.0,train,0.2538199398982953,0.9243419857476342,0.0007759576902849,0.3815650578657859,0.7647616559736915,985.571334041241,1975.356888593034,2582.970619882893,3.2441462886680985,0.3080827090969554
DESVENLAFAXINE,CN(C)CC(c1ccc(O)cc1)C1(O)CCCCC1,0.0,train,0.1886292373333626,0.8928890003919949,0.0006705438952691,0.4502768403759893,0.7436874382608556,1109.0809170104412,1831.783187664648,2463.108953337104,3.202944169985408,0.4141064832792198
OXYBUTYNIN,CC[NH+](CC)CC#CCOC(=O)[C@@](O)(c1ccccc1)C1CCCCC1,1.0,train,0.4462691364383181,0.970873173601488,0.0006244370410538,0.2395939915377154,0.8770412993819189,1404.5311884472767,5141.330342352609,5862.130262253192,4.159967709168163,0.1945785473546932
OXYBUTYNIN,CC[NH+](CC)CC#CCOC(=O)C(O)(c1ccccc1)C1CCCCC1,1.0,train,0.3372483265785551,0.9504045040493024,0.0005477409532801,0.3110165247744878,0.8440449403026187,1540.9564233750536,4181.888641832136,4954.580546780824,3.858979646520923,0.2512229551009239
DOLASETRON,O=C(OC1C[C@H]2CC3C[C@H](C1)[NH+]2CC3=O)C1=c2ccccc2=NC1,1.0,train,0.5957260581265381,0.98697654870072,0.001175377615717,0.1608642045789404,0.9392225340389296,799.0815219549022,4665.521294303044,4967.429043934825,4.003766009799748,0.2251436554886771
OXATOMIDE,O=c1[nH]c2ccccc2n1CCCN1CCN(C(c2ccccc2)c2ccccc2)CC1,1.0,train,0.4671033048163637,0.9737382335541728,0.0004095356938706,0.2276704910935963,0.8908188180585089,2175.192129504082,8510.993552776235,9554.12411619849,4.870813261699252,0.2435708689741391
TRIAZOLAM,Cc1nnc2n1-c1ccc(Cl)cc1C(c1ccccc1Cl)=NC2,0.0,train,0.1171426651181882,0.8353801636759073,0.0003996338790566,0.5496726135954149,0.7389093009208725,1848.9656148901624,2485.5120232182826,3363.757933647189,3.348853931004255,0.423896044508538
ENALAPRIL NITRATE,CCOC(=O)[C@H](CCc1ccccc1)N[C@@H](C)C(=O)N1CCC[C@H]1C(=O)O,0.0,train,0.3701319019444895,0.9575481908359796,0.0004214337855483,0.28827324230102,0.810485837068243,1923.1629377165875,5407.0100677822575,6671.319621501279,4.312377674229975,0.1982600252067197
DIGOXIN,C[C@H]1O[C@@H](O[C@H]2[C@@H](O)C[C@H](O[C@H]3[C@@H](O)C[C@H](O[C@H]4CC[C@]5(C)[C@H]6C[C@@H](O)[C@]7(C)[C@@H](C8=CC(=O)OC8)CC[C@]7(O)[C@@H]6CC[C@@H]5C4)O[C@@H]3C)O[C@@H]2C)C[C@H](O)[C@@H]1O,1.0,train,0.8155365122760165,0.9977950499281032,0.0003034909055762,0.0663704628503833,0.9862382745254312,3249.6468803668563,48288.44028607594,48962.24526401785,8.021533743523179,0.1211801142267624
DIGITOXIN,C[C@H]1O[C@@H](O[C@H]2[C@@H](O)C[C@H](O[C@H]3[C@@H](O)C[C@H](O[C@H]4CC[C@]5(C)[C@H]6CC[C@]7(C)[C@@H](C8=CC(=O)OC8)CC[C@]7(O)[C@@H]6CC[C@@H]5C4)O[C@@H]3C)O[C@@H]2C)C[C@H](O)[C@@H]1O,1.0,train,0.8768892702695751,0.9990667224177836,0.0004587832956435,0.0431935661573227,0.9946420850013444,2167.999782132505,49923.72743034455,50192.65541159669,8.176607327938806,0.090558104055743
JMC20066569-44,O=C(NC1CCN(Cc2ccc3c(c2)OCCO3)CC1)c1cc(=O)c2ccc(F)cc2o1,1.0,train,0.770709574663746,0.9964656503127568,0.0007502310833704,0.0840012365788437,0.9760135501576684,1300.9505628223717,15115.793875344854,15487.278709299682,6.031776133579324,0.1212076200397658
SERTINDOLE2,O=C1NCCN1CC[NH+]1CC=C(c2cn(-c3ccc(F)cc3)c3ccc(Cl)cc23)CC1,1.0,train,0.5583172025179723,0.9839826928889208,0.0003595311277514,0.1782640179482887,0.8573578861429988,2384.655513710208,11468.961790185307,13377.09954681912,5.56309949042509,0.0977358527169216
EDDP,CCOP(=O)(Sc1ccccc1)Sc1ccccc1,0.0,train,0.2384764094618414,0.919570423652724,0.0007745231721309,0.3929252294561264,0.8092088231038731,1044.7832320852651,2151.676060111024,2658.98739445013,3.071271101244786,0.322270280369597
MOXIFLOXACIN,COc1c(N2C[C@H]3CCC[NH2+][C@H]3C2)c(F)cc2c1[N+](C1CC1)=C[C@@H](C(=O)[O-])C2=O,0.0,train,0.3336318869422746,0.949099893057988,0.0005095758576739,0.3149752260056588,0.884765418616914,1736.2781326720433,4877.205323003323,5512.427611182504,3.881399842800165,0.2220892365506271
TRIFLUOPERAZINE HYDROCHLORIDE,CN1CCN(CCCN2c3ccccc3Sc3ccc(C(F)(F)F)cc32)CC1,1.0,train,0.1608089297042092,0.8630226298847776,0.0001942908420295,0.5051652603918467,0.6707525518167,3452.3117240628176,4583.939316780502,6834.024416851087,4.271476663471721,0.3056573137190842
OPC18790,COc1ccc(C[NH2+]C[C@@H](O)COc2ccc3[nH]c(=O)ccc3c2)cc1OC,1.0,train,0.6823603327606154,0.992590224125164,0.0006704196992416,0.1215098636784565,0.9694384387310746,1446.01723342501,11536.715182722326,11900.410301269938,5.681450485109281,0.2136118590024416
OPC18790,COc1ccc(C[NH2+]CC(O)COc2ccc3[nH]c(=O)ccc3c2)cc1OC,1.0,train,0.6956376558933975,0.9933425454092047,0.0007385003679521,0.1151980359205903,0.9581494616474606,1297.425841918514,10791.224538052498,11262.569118911637,5.5037841593064485,0.1658869741432373
SUNITINIB,CCN(CC)CCNC(=O)c1c(C)[nH]c(/C=C2\C(=O)Nc3ccc(F)cc32)c1C,1.0,train,0.688728043852376,0.9930080773850288,0.0007528032956099,0.1180464241224138,0.9520472150378292,1264.669297530727,10199.587929994434,10713.321533732082,5.275185220853424,0.1573514212858576
LORATADINE,CCOC(=O)N1CCC(=C2c3ccc(Cl)cc3CCc3cccnc32)CC1,1.0,train,0.3428105202951602,0.9509494201356804,0.00035870173201,0.3093464083250578,0.774108008251546,2158.082716561564,5400.383092872768,6976.265631291489,4.356632519727662,0.2128927029829351
FANANSERIN,O=S1(=O)c2cccc3cccc(c23)N1CCCN1CCN(c2ccc(F)cc2)CC1,1.0,train,0.5280866535845505,0.9806815748476244,0.0004758622054159,0.1956109627663624,0.93789783188701,1970.944154026926,9450.105570208409,10075.836886407127,5.025834735818144,0.2611252726421768
NELFINAVIR,Cc1c(O)cccc1C(=O)N[C@@H](CSc1ccccc1)[C@H](O)C[NH+]1C[C@H]2CCCC[C@H]2C[C@H]1C(=O)NC(C)(C)C,1.0,train,0.2295655803243947,0.9013636737372366,0.0001070253827048,0.4330629603959596,0.6407059952944206,5986.486374557345,8856.85930613944,13823.593615773005,5.0198916647597045,0.1469729539718995
OLEANDOMYCIN,CO[C@@H]1C[C@H](O[C@H]2[C@H](C)C(=O)O[C@H](C)[C@H](C)[C@@H](O)[C@@H](C)C(=O)[C@]3(CO3)C[C@@H](C)[C@@H](O[C@H]3O[C@H](C)C[C@@H]([NH+](C)C)[C@@H]3O)[C@H]2C)O[C@H](C)[C@H]1O,0.0,train,0.2437058617187569,0.919581007683816,0.0001213177269815,0.3929004585225343,0.7469360389314458,6156.858173290808,11704.693024573742,15670.27484885892,4.933363055414784,0.2438463417622333
MDL_74156,O=C(OC1C[C@@H]2CC3C[C@H](C1)[NH+]2C[C@@H]3O)c1c[nH]c2ccccc12,1.0,train,0.5932922566950042,0.986728298158464,0.0011963910004015,0.1623800037359932,0.9464183486877316,791.0610731525835,4610.633682343372,4871.665568124608,3.960949195049997,0.237918834871706
NIP-142,COc1ccc(CC(=O)Nc2cc3c(cc2[N+](=O)[O-])OC(C)(C)[C@H](O)[C@H]3NC2CC2)cc1,0.0,train,0.3806109596104782,0.9597133695833432,0.0003512115101834,0.2809808681084626,0.8663081043523407,2466.627884433107,7605.000799844533,8778.63286934167,4.6204705669424495,0.2250694983383637
ROFECOXIB,CS(=O)(=O)c1ccc(C2=C(c3ccccc3)C(=O)OC2)cc1,0.0,train,0.426740520853578,0.9678429301604358,0.0007481033927185,0.2515552872401247,0.8205109200806778,1096.7881285753806,3577.450692387618,4360.0281298338605,3.790674032762424,0.20932254033442
TRIMEBUTINE,CC[C@](COC(=O)c1cc(OC)c(OC)c(OC)c1)(c1ccccc1)[NH+](C)C,0.0,train,0.3714222881415835,0.9579294591191004,0.0004707970051394,0.2870037479751574,0.8562850740424475,1818.798897815384,5426.446030310987,6337.195631232023,4.181069053803669,0.286602361406938
CARVEDILOL (RACEMATE),COc1ccccc1OCCNC[C@@H](O)COc1cccc2[nH]c3ccccc3c12,1.0,train,0.6247930413175394,0.988764267428048,0.0005594277381362,0.149483187875679,0.990039532345858,1769.7362230272508,11721.10956102036,11839.03185486712,5.581885050925674,0.2552073862198644
BMCL-16-2006-5861-8i,CCc1c(C)[nH]c2c1/C(=N/NC(=O)Nc1ccccc1)CCC2,1.0,train,0.6275669382784744,0.9894567723392086,0.0010491526814118,0.1448285043493699,0.8741315993921135,833.1786353686562,5028.759886639748,5752.863630758613,4.325430661709437,0.0641347982177615
AZIMILIDE,C[NH+]1CC[NH+](CCCCN2C(=O)CN(/N=C/c3ccc(-c4ccc(Cl)cc4)o3)C2=O)CC1,1.0,train,0.5834731632983461,0.98617600021435,0.0003024036765643,0.1657012269152717,0.8703005588752956,2877.9430487181007,15115.611938053751,17368.266380970636,6.199887154142614,0.0822142710130529
PROPRANOLOL,CC(C)[NH2+]C[C@@H](O)COc1cccc2ccccc12,1.0,train,0.6606831339790817,0.9915559584706264,0.0017106611924943,0.1296795327775262,0.9038492670115362,528.3625249565757,3682.6172231639,4074.370979289511,3.988924547277185,0.085073550665085
PROPRANOLOL,CC(C)[NH2+]CC(O)COc1cccc2ccccc12,1.0,train,0.7018894992960072,0.9937403755389724,0.0018472742850861,0.1117142158530502,0.9138094906555236,494.67991734259135,4046.4250664299607,4428.083870662415,4.150275791342529,0.0727813986606231
FEXOFENADINE HYDROCHLORIDE,CC(C)(C(=O)O)c1ccc([C@H](O)CCCN2CCC(C(O)(c3ccccc3)c3ccccc3)CC2)cc1,1.0,train,0.635137470634514,0.9897738829931576,0.0004227586282665,0.1426452261544241,0.9566406638671026,2262.853079521362,15175.672755312144,15863.50374650221,5.761195149900633,0.2016598986916113
BMCL20031829_11,CC(C)(O)c1ccc([C@H](O)CCCN2CCC(C(O)(c3ccccc3)c3ccccc3)CC2)cc1,1.0,train,0.6526990673337462,0.990999301388898,0.0004666567960803,0.1338670409276161,0.9397689673695984,2013.8332394667773,14137.44541445112,15043.53293769814,5.738444764144431,0.1500241254230555
ZAFIRLUKAST,COc1cc(C(=O)N=S(=O)([O-])c2ccccc2C)ccc1Cc1cn(C)c2ccc(NC(=O)OC3CCCC3)cc12,1.0,train,0.5658760580789668,0.98429347134585,0.0002788755282325,0.1765399735638828,0.9526902838328472,3416.1845962995994,18435.29149219209,19350.77097461679,5.987324401596725,0.1941192419875992
MOSAPRIDE,CCOc1cc(N)c(Cl)cc1C(=O)NCC1C[NH+](Cc2ccc(F)cc2)CCO1,1.0,train,0.4787595966104858,0.9753544779567976,0.0004183151652757,0.220643699954525,0.8764863922950445,2095.2775922367773,8323.29360890323,9496.20402789029,4.852323602827863,0.2176744488561101
MOSAPRIDE,CCOc1cc(N)c(Cl)cc1C(=O)NC[C@@H]1C[NH+](Cc2ccc(F)cc2)CCO1,1.0,train,0.5716407977074184,0.9850108539040252,0.0004883316645251,0.1724923699508569,0.9298554156015248,1904.14728994825,10264.69559300383,11039.023294136092,5.238170828401133,0.2150746550054084
NIFEKALANT,Cn1c(NCCN(CCO)CCCc2ccc([N+](=O)[O-])cc2)cc(=O)n(C)c1=O,1.0,train,0.3683363767914313,0.9568461836068636,0.000248871258506,0.2905948742097494,0.7875013235935358,3164.291964932938,8575.113781334125,10889.01507137037,5.282515685433304,0.1730256316621407
WOMBAT57,N#Cc1ccc(Cn2cncc2C[NH+](CC[NH+]2CCOCC2)[C@@H]2CCN(Cc3cccc(Cl)c3)C2=O)cc1,1.0,train,0.3557360293391141,0.954179076161253,0.0002519853284655,0.2992361786550183,0.8916474640110715,3538.489599536156,10543.79618145499,11825.072808510864,4.920195294572282,0.2973734607782206
WOMBAT07,c1ccc(-c2[nH]c3ccccc3c2C2C[C@@H]3CC[C@H](C2)N3c2ccccc2)cc1,1.0,train,0.2099155714113731,0.8946607855598632,0.0002749898156476,0.4467461010254129,0.6619139553244181,2407.048980216073,3566.3642223120287,5387.957443145428,3.873972417466329,0.2668721743829035
VERNAKALANT HYDROCHLORIDE,COc1ccc(CCO[C@@H]2CCCC[C@@H]2N2CC[C@@H](O)C2)cc1OC,1.0,train,0.6070689830503677,0.9880229157994974,0.0007608357426596,0.154307219063332,0.8853101807371078,1163.6022482886328,6675.960612806537,7540.815363998348,4.690973057229043,0.120544329520614
SOPHOCARPINE,O=C1C=CC[C@@H]2[C@H]3CCCN4CCC[C@H](CN12)[C@H]34,0.0,train,0.3155925605318723,0.9428557859859944,0.0010679530284373,0.3332010906835883,0.7385470344949369,691.5538556743603,1532.843269672391,2075.484969918865,2.9541562809288417,0.2234598690045077
QUETIAPINE,OCCOCC[NH+]1CCN(C2=Nc3ccccc3Sc3ccccc32)CC1,1.0,train,0.1854409524493647,0.892540773660062,0.0003804853549915,0.4509667031547872,0.7649003869592402,2010.328063681112,3409.7876917908748,4457.819279378367,3.5838992680859434,0.3328574364379743
WOMBAT48,CC(C)Oc1cc([C@H](C2=CN[C@@H](C(C)(C)O)C=C2)c2ccc[n+]([O-])c2)ccc1OC(F)F,0.0,train,0.3409162407640874,0.9501230032800256,0.000376984001819,0.3118754216640746,0.9178263650427078,2434.656008249613,7165.013075599271,7806.501696283123,4.414980692849933,0.4033280941096883
WOMBAT50,CC(C)Oc1cc([C@@H](C2=CN[C@@H](C(C)(C)O)C=C2)c2ccc[n+]([O-])c2)ccc1OC(F)F,0.0,train,0.2568232592422582,0.9266267522442158,0.0002445185882689,0.3759825288831075,0.8137944976783481,3328.1498287693157,7203.606045598072,8851.873619383077,4.659021756843915,0.3265113708997346
,N[C@H](Cc1nn[nH]n1)C(=O)O,0.0,train,0.4126082211294571,0.9651789261683762,0.0041485783763847,0.2615905970795969,0.9058128074661916,218.3429419153329,756.0586481882424,834.6742748130788,2.399273133586803,0.2937389842630208
,NC(=O)C[C@@H](N)c1nn[nH]n1,0.0,train,0.2713004282611911,0.9316608637727448,0.0028820655050725,0.363329100010202,0.8134347099024197,282.2401879730834,631.889836019859,776.816907770829,2.326914294494456,0.2636793785035723
WOMBAT27,N#Cc1ccc(Cn2cncc2C[NH+](Cc2cccnc2)[C@H]2CCN(Cc3ccccc3)C2=O)cc1,1.0,train,0.1743518396854889,0.8875147047721932,0.0001870893454807,0.4607793927826275,0.8023611768484,4288.652433875562,7467.886515405571,9307.387658932768,4.695979008482775,0.3875827787837166
WOMBAT30,c1ccc(-c2[nH]c3ccccc3c2C2CC[NH2+]CC2)cc1,1.0,train,0.1856128630541638,0.874147923480626,0.000441307261315,0.4856597655504414,0.6383036462971493,1446.3928021376396,1900.997086995706,2978.201829213326,3.376676051369081,0.2754366750310494
"(5AR,9R)-2,9-DIMETHYL-5,5A,6,7,8,9-HEXAHYDROPYRIDO[3',2':4,5]PYRROLO[1,2-A]PYRAZINE",Cc1ccc2c(n1)N1[C@H](C)CNC[C@H]1C2,1.0,train,0.2983966115627907,0.9390269829535416,0.0016038583963159,0.3438434604368232,0.7635420586620386,476.0657551912733,1057.156144006498,1384.5421244495187,2.678879290969476,0.2050213888349365
L-702958,CS(=O)(=O)Nc1ccc2c(c1)C(=O)CC1(CCN([C@@H]3CCc4cc(C#N)ccc4C3)CC1)O2,1.0,train,0.7768462738603521,0.996639073366366,0.0007967559902277,0.0819179921594242,0.9892040303296116,1241.539495733058,14992.260437760786,15155.882889766668,5.8060883471328095,0.1564391339494711
,C#CCSc1n[nH]c(-c2ccco2)n1,0.0,train,0.5993666618816735,0.9869414288625198,0.003237736339368,0.161079533134436,0.976752746912668,301.6776675222781,1829.3105567214827,1872.8491550226915,3.1231302586183958,0.2264699200891123
PYRILAMINE,COc1ccc(CN(CC[NH+](C)C)c2ccccn2)cc1,1.0,train,0.1983928420438427,0.8999761868554275,0.0005508291644633,0.4359390589212726,0.7698046649507859,1397.537956620009,2467.8477792607227,3205.810371931812,3.513546410124484,0.3876613085469949
RENZAPRIDE,COc1cc(N)c(Cl)cc1C(=O)N[C@H]1CC[NH+]2CCC[C@H]1C2,1.0,train,0.5645056046409286,0.9845625967765748,0.0009824007645969,0.1750328341442472,0.8710584774364941,886.6630695201766,4412.5171549180295,5065.695667073892,3.994272150135308,0.1318332445024789
TRIMETHAPHAN,O=C1N(Cc2ccccc2)[C@H]2[C@H](C[S+]3CCC[C@H]23)N1Cc1ccccc1,1.0,train,0.4147717037133202,0.9659948427202044,0.0006538202382998,0.2585613347698521,0.8441375506153297,1291.085073797014,4215.067163081875,4993.341618329056,3.7897662458310015,0.2425213290352447
,O=C(O)CNC(=O)[C@@H]1NC(C(F)(F)F)(C(F)(F)F)OC1(C(F)(F)F)C(F)(F)F,0.0,val,0.1195063654031119,0.8438113872120739,0.0003467087818063,0.5366398632334681,0.7876261207368717,2271.722442775443,3334.2061549678083,4233.23461117371,3.3206764033673357,0.3695751789901455
AMINOMETHYL TETRAHYDRONAPHTHALENE KETOPIPERAZINE 2C,CCN(CC)Cc1ccc2c(c1)CC[C@H](N1CCN(CCC3CCCCC3)CC1=O)C2,1.0,val,0.7751994082158697,0.9966339206148136,0.0008556587229522,0.0819806579623847,0.9683618419453388,1131.7150354106436,13367.905106962213,13804.659093245016,5.766059528843909,0.0930537425802614
LETROZOLE,N#Cc1ccc(C(c2ccc(C#N)cc2)n2cncn2)cc1,0.0,val,0.2772560806219061,0.9308916443037044,0.0005203684406446,0.3652954236854677,0.7303730092146087,1403.5689949025411,2806.300993603372,3842.2846383946594,3.756492779021994,0.2798860267494475
NORCLOZAPINE,Clc1ccc2c(c1)N=C(N1CC[NH2+]CC1)c1ccccc1N2,1.0,val,0.2914322581806232,0.9354203206184948,0.0005086031138308,0.3535375846695688,0.7299115481873478,1435.1299241751872,2962.960517433405,4059.341881617821,3.670874139288096,0.1932047904298218
CLOZAPINE,C[NH+]1CCN(C2=Nc3cc(Cl)ccc3Nc3ccccc32)CC1,1.0,val,0.1893391993397329,0.8847642234985592,0.0003756584275611,0.4660389134149546,0.675682570235542,1798.6620841229185,2607.77498402431,3859.467594547012,3.5505848034252003,0.2968978132431287
1-{4-[({4-[(4-BROMO-2-FLUOROPHENYL)AMINO]-6-METHOXYQUINAZOLIN-7-YL}OXY)METHYL]PIPERIDIN-1-YL}-2-(DIMETHYLAMINO)ETHANONE,COc1cc2c(Nc3ccc(Br)cc3F)ncnc2cc1OCC1CCN(C(=O)CN(C)C)CC1,1.0,val,0.8452805192660489,0.998495022735073,0.0007011529485606,0.054842406705815,0.9835247191561298,1402.7249278138142,25155.982816033164,25577.37729013781,6.906890511780019,0.1149170594992446
BMCL-16-2007-1777-22,O=C([C@H](O)C1CC1)N1CC(c2cc(F)ccc2F)=C[C@@H]1c1ccccc1,1.0,val,0.2387758188743798,0.9191977877342604,0.000390073443576,0.3937961744664893,0.7849753770029297,2012.3784121433328,4011.38356634593,5110.203050777934,3.957865149103343,0.2815735170139131
BMCL-16-2006-17782-16,N[C@H](C(=O)N1CC(c2cc(F)ccc2F)=C[C@H]1c1cccc(O)c1)C1CC1,1.0,val,0.1977520596309973,0.8810164970754172,0.0002338982132564,0.4730855439357258,0.6321904802283318,2702.844418632876,3611.8468063571454,5713.225553558848,4.02944569076231,0.2176901446152221
BMCL-16-2006-17782-17,O=C([C@@H](O)C1CC1)N1CC(c2cc(F)ccc2F)=C[C@H]1c1cccc(O)c1,1.0,val,0.190278791775296,0.894804961407463,0.0003222873779537,0.4464572555582319,0.7569025903123204,2348.533148018297,3981.5924168300176,5260.376259496079,3.950254822593704,0.3308098768929713
BMCL-16-2007-1777-19,N[C@@H](C(=O)N1CC(c2cc(F)ccc2F)=C[C@H]1c1ccccc1)C1CC1,1.0,val,0.2280956458805945,0.915284987748044,0.000422794533664,0.4028068907095097,0.811620436175846,1919.656881895138,3867.939679600207,4765.700205658914,3.858621866367632,0.3133995303242232
norpropoxyphene,CCC(=O)OC(Cc1ccccc1)(c1ccccc1)C(C)C[NH2+]C,1.0,val,0.1460590596070523,0.8683515402724225,0.0005223960879406,0.4959491934729922,0.8499570699894003,1627.035671993811,2788.4115767019657,3280.6499000434687,3.433248860848624,0.4928935054833737
NORPROPOXYPHENE,CCC(=O)O[C@](Cc1ccccc1)(c1ccccc1)[C@H](C)C[NH2+]C,1.0,val,0.1078223976454164,0.8318592877661574,0.0004298288123898,0.5549865992591005,0.7947126876920212,1848.905110091065,2647.5384293774705,3331.4409979616225,3.462519433594418,0.4628907021866082
AMINOMETHYL TETRAHYDRONAPHTHALENE KETOPIPERAZINE 4E,O=C1CN(CCc2ccc(F)cc2)CCN1[C@H]1CCc2cc(CN3CCCCC3)ccc2C1,1.0,val,0.7366196887541899,0.9952169199760948,0.0006332868963746,0.0976897240926373,0.9608678187172844,1517.2709623676926,14923.74815831012,15531.530838687737,5.96284783259976,0.1371011249964669
AMINOMETHYL TETRAHYDRONAPHTHALENE KETOPIPERAZINE 4A,O=C1CN(CCc2ccc(F)cc2)CCN1[C@H]1CCc2cc(CN3CCC(C(F)(F)F)CC3)ccc2C1,1.0,val,0.7016722844434697,0.9937021050007492,0.0003738630558995,0.1120541231596596,0.9378685030708664,2508.5883407611136,20996.33574945195,22387.291694628373,6.658137612840508,0.1115359792148224
VINPOCETINE,CCOC(=O)C1=C[C@]2(CC)CCC[NH+]3CCc4c(n1c1ccccc41)[C@H]32,1.0,val,0.1846425570505627,0.8710386345299155,0.0003200070030505,0.4912145123632448,0.6295552716473242,1967.317170080184,2521.372769439677,4005.006205161517,3.4760757477824,0.2379325974246821
VINPOCETINE,CCOC(=O)C1=C[C@]2(CC)CCC[NH+]3CCc4c(n1c1ccccc41)[C@@H]32,1.0,val,0.1906440880792366,0.8761050696358764,0.0003253098337601,0.4821202204412466,0.6320537762132246,1942.928588747077,2547.1558739152183,4029.967021438901,3.481464579533545,0.208627483946792
"1,4-DIHYDROINDENO[1,2-C]PYRAZOL_85",C(#Cc1cc(-c2n[nH]c3c2Cc2cc(Cn4cncn4)ccc2-3)cs1)COc1ccccc1,1.0,val,0.8283436779342699,0.9981377463883936,0.0008441917622213,0.0610003215950452,0.962889942584229,1140.6057079383836,18004.458598087826,18698.35564983366,6.487785805657039,0.0543785340654336
HYDROXIZINE,OCCOCCN1CCN([C@H](c2ccccc2)c2ccc(Cl)cc2)CC1,1.0,val,0.3356243329137384,0.9489686916867688,0.000305155606062,0.3153702937790789,0.7643655765343358,2504.8387162148683,6070.998211348069,7942.53220935749,4.693576654308025,0.2035855787457612
1-(BIS(4-FLUOROPHENYL)METHYL)PIPERAZINE,Fc1ccc(C(c2ccc(F)cc2)N2CCNCC2)cc1,1.0,val,0.195342462070722,0.8830999871738175,0.0004020919725804,0.469184838473712,0.6477830950672346,1611.0321499581498,2224.282003117591,3433.683311675073,3.55033276715752,0.337476156036432
RALOXIFENE,O=C(c1ccc(OCC[NH+]2CCCCC2)cc1)c1c(-c2ccc(O)cc2)sc2cc(O)ccc12,0.0,val,0.4373866465657617,0.9695768939113096,0.0002578490371081,0.244786941631487,0.8343745249830143,3235.903202667474,11029.817112063596,13219.263989739062,5.381061638616402,0.1408048623798445
DELAVIRDINE,CC(C)Nc1cccnc1N1CCN(C(=O)C2=CC3=C[C@H](NS(C)(=O)=O)C=CC3=N2)CC1,0.0,val,0.7482462949999347,0.995713337684643,0.000691278136229,0.0924929681484397,0.941345661638819,1361.7466144291925,13859.153764932924,14722.704241080875,5.726409544534984,0.0804223382513427
"4,4'-DIFLUOROBENZOPHENONE",O=C(c1ccc(F)cc1)c1ccc(F)cc1,0.0,val,0.6021697972336687,0.987654580458812,0.0023904631160508,0.1566474694935351,0.8914733372360704,372.929132957636,2122.322050813713,2380.6904392606666,3.3426036833091723,0.1752212188254774
"4,4-DIFLUOROBENZOPHENONE",O=C(c1ccccc1F)c1ccccc1F,0.0,val,0.3624220238813417,0.9554879257853928,0.0020663489516399,0.295030208077627,0.9006141177232597,435.8480289636039,1330.4769386977382,1477.2996697644112,2.7262829903579484,0.2082568883280941
TOLCAPONE,Cc1ccc(C(=O)c2cc(O)c([O-])c([N+](=O)[O-])c2)cc1,0.0,val,0.519044599115351,0.9800568392108612,0.0012948523657327,0.1987173669210018,0.8924528400482082,689.231346882668,3095.383571684596,3468.400158284431,3.6498205725116346,0.1565136524224884
(2R)-N-(4-TERT-BUTYLPHENYL)-N'-CYANO-4-(3-FLUOROPYRIDIN-2-YL)-2-METHYLPIPERAZINE-1-CARBOXIMIDAMIDE,C[C@H]1CN(c2ncccc2F)CCN1/C(=N/C#N)Nc1ccc(C(C)(C)C)cc1,1.0,val,0.6192411207743956,0.9887650724389568,0.0006850748181992,0.1494778629924313,0.9391840878480632,1370.9219239976514,8613.6370357786,9171.404357493837,4.9273634492859495,0.173409208230231
EPINASTINE,NC1=[NH+]C[C@H]2c3ccccc3Cc3ccccc3N12,0.0,val,0.2043428504521027,0.8939986857176054,0.0007353842350431,0.4480695815776765,0.6769474143925525,920.535663037191,1390.753272639043,2054.448016301255,2.952987931724848,0.2626968711206686
CLARITHROMYCIN,CC[C@@H]1OC(=O)[C@@H](C)[C@H](O[C@H]2C[C@@](C)(OC)[C@@H](O)[C@H](C)O2)[C@H](C)[C@@H](O[C@@H]2O[C@H](C)C[C@@H]([NH+](C)C)[C@@H]2O)[C@@](C)(OC)C[C@@H](C)C(=O)[C@@H](C)[C@@H](O)[C@]1(C)O,0.0,val,0.1157673904694878,0.8340483854572434,8.123236665564756e-05,0.5516913001998179,0.7401087678960194,9111.008313144654,12222.66353391756,16514.68549503087,5.026616226198448,0.4595949913935497
ERYTHROMYCIN,CC[C@H]1OC(=O)[C@H](C)[C@H](O[C@H]2C[C@](C)(OC)[C@H](O)[C@@H](C)O2)[C@@H](C)[C@@H](O[C@H]2O[C@H](C)C[C@@H]([NH+](C)C)[C@H]2O)[C@](C)(O)C[C@@H](C)C(=O)[C@H](C)[C@@H](O)[C@@]1(C)O,0.0,val,0.1713540813299459,0.8637804181461466,7.218164912928428e-05,0.5038684245190089,0.6406044004498345,8874.892831867146,11283.293663503424,17613.512575905283,5.069216535453067,0.2617944576096047
N-DEMETHYL-ERYTHROMYCIN,CC[C@H]1OC(=O)[C@@H](C)[C@@H](O[C@H]2C[C@@](C)(OC)[C@@H](O)[C@H](C)O2)[C@H](C)[C@@H](O[C@@H]2O[C@H](C)C[C@H]([NH2+]C)[C@@H]2O)[C@](C)(O)C[C@@H](C)C(=O)[C@H](C)[C@@H](O)[C@]1(C)O,0.0,val,0.0830129562614297,0.7783061712723224,9.428340075799776e-05,0.627884944682876,0.71407111827806,7573.667395715864,8613.261382555336,12062.189832471731,4.426337435085999,0.527336404117379
N-DESMETHYLERYTHROMYCIN,CC[C@H]1OC(=O)[C@H](C)[C@H](O[C@H]2C[C@@](C)(O)[C@H](O)[C@@H](C)O2)[C@@H](C)[C@H](O[C@H]2O[C@H](C)C[C@@H]([NH+](C)C)[C@H]2O)[C@](C)(O)C[C@@H](C)C(=O)[C@H](C)[C@@H](O)[C@@]1(C)O,0.0,val,0.1473474521748072,0.8552059553190602,8.117528632083493e-05,0.5182883116440248,0.6872962846108379,8466.81688185721,11227.750374925648,16336.113880323164,4.998944368873142,0.3270430076254683
N-DEMETHYLERYTHROMYCIN,CC[C@H]1OC(=O)[C@H](C)[C@@H](O[C@H]2C[C@@](C)(O)[C@@H](O)[C@H](C)O2)[C@H](C)[C@@H](O[C@@H]2O[C@H](C)C[C@H](N(C)C)[C@H]2O)[C@](C)(O)C[C@@H](C)C(=O)[C@H](C)[C@@H](O)[C@]1(C)O,0.0,val,0.194376946823447,0.8949268091794286,0.0001048428429267,0.4462129606050531,0.729596164844677,6958.950601470794,11378.476464000658,15595.58151792507,4.854640587719111,0.3001958621942482
H345_32,CC(C)(C)OC(=O)N1CC[C@@H]2C[NH+](C[C@@H](O)COc3ccc(C#N)cc3)C[C@@H](C1)O2,1.0,val,0.659767234673309,0.9914540859993732,0.0005656230888786,0.130456105089596,0.9322906489361544,1648.2542301878327,11779.073158885263,12634.550365088908,5.579982779008386,0.1494554519486533
WOMBAT03,c1ccc(C[NH+]2CCC[C@H](c3c(-c4ccccc4)[nH]c4ccccc34)C2)cc1,1.0,val,0.3109173121176242,0.9428983651565334,0.0003564855690041,0.333080580318242,0.7742842190489355,2171.993164300733,5049.048579756286,6520.924042541001,4.323856857771849,0.2380980751914023
TESTOLACTONE,CC12CCC3C(CCC4=CC(=O)C=CC43C)C1CCC(=O)O2,0.0,val,0.5194079642479882,0.9797825075795702,0.0013067799027556,0.2000655838496206,0.9333033138958092,714.2008473865526,3331.737547393904,3569.833619776312,3.560356211116652,0.3306123379307327
WOMBAT20,N#Cc1ccc(Cn2cncc2C[NH2+][C@H]2CCN(c3ccncc3)C2=O)cc1,1.0,val,0.5471289897994277,0.9828495144857052,0.0005896538581583,0.1844094137380554,0.9118286665794236,1546.3795478710822,7646.210530032185,8385.578135765016,4.8513364296100905,0.2455246882001587
OXAPROZIN,O=C([O-])CCc1nc(-c2ccccc2)c(-c2ccccc2)o1,0.0,val,0.2510169747418342,0.9184482067667572,0.0005011517008489,0.3955412639497025,0.694168735749737,1385.1469217280112,2430.911197183821,3501.902451078145,3.5379788047483687,0.1659042389105535
LOSARTAN,CCCCc1nc(Cl)c(CO)n1Cc1ccc(-c2ccccc2-c2nn[n-]n2)cc1,1.0,val,0.4322674652759704,0.9688252952795626,0.000435885663908,0.2477449237148328,0.8488603575876567,1947.438119384362,6672.600970437035,7860.658011406777,4.419385150439277,0.157800773400004
NICOTINE,C[NH+]1CCC[C@@H]1c1cccnc1,0.0,val,0.4104037740857472,0.9643621827662888,0.0036703475083124,0.264585676955951,0.9292527278565827,253.1784049744724,889.1891887861904,956.8862830644542,2.5357058360958,0.3932165896850238
RIZATRIPTAN,C[NH+](C)CCC1C=Nc2ccc(Cn3cncn3)cc21,0.0,val,0.4588041874523005,0.9715544309318442,0.00135612846111,0.2368163586762963,0.9601425652819864,708.0026655410315,2870.5090278338607,2989.669588277044,3.485269363050025,0.3278642214942567
N-DEPROPYLPROPAFENONE,NC[C@@H](O)COc1ccccc1C(=O)CCc1ccccc1,0.0,val,0.3679771217988272,0.9572284118578256,0.0008147700403663,0.2893333156277462,0.8541908159933268,1048.3827014665485,3095.1115093540284,3623.442738323949,3.6016852169067235,0.2517762704355109
PROPAFENONE,CCC[NH2+]CC(O)COc1ccccc1C(=O)CCc1ccccc1,1.0,val,0.402365889940443,0.9635895453789276,0.0005561717401833,0.2673858411293159,0.8893373019802046,1599.0336036976212,5318.45749528811,5980.247858091633,4.339478105260797,0.2370475646541462
PROPAFENONE,CCC[NH2+]C[C@@H](O)COc1ccccc1C(=O)CCc1ccccc1,1.0,val,0.2901049498807681,0.9325413632831012,0.0003046276564443,0.3610631603557682,0.694231308329831,2278.9503633155814,4381.833612668772,6311.777587805002,4.352047033995894,0.1083158347845539
5-HYDROXYPROPAFENONE,CCCNC[C@@H](O)COc1ccc(O)cc1C(=O)CCc1ccccc1,0.0,val,0.2940748188871076,0.934370943943704,0.0003159658439674,0.3563017528917755,0.7014502525196651,2220.019239142241,4370.545593043545,6230.727806204642,4.234900957718135,0.1274331933455402
GF-109203X,CN(C)CCCn1cc(C2=C(c3c[nH]c4ccccc34)C(=O)NC2=O)c2ccccc21,1.0,val,0.2499754859619431,0.9179949399451662,0.0002408272042711,0.396592095527723,0.693852270137422,2881.12081123563,5040.625463692005,7264.69549878921,4.290468574735641,0.1648400619612437
BISINDOLYLMALEIMIDE-I,CN(C)CCCn1cc(C2=C(c3c[nH]c4ccccc34)C(=O)NC2=O)c2ccccc21,1.0,val,0.2499754859619431,0.9179949399451662,0.0002408272042711,0.396592095527723,0.693852270137422,2881.12081123563,5040.625463692005,7264.69549878921,4.290468574735641,0.1648400619612437
HALOPERIDOL,O=C(CCC[NH+]1CCC(O)(c2ccc(Cl)cc2)CC1)c1ccc(F)cc1,1.0,val,0.7924512661404823,0.9971677596206692,0.0011602447164434,0.0752094353993911,0.9749425062335522,840.290408063324,10892.713554500417,11172.67273183288,5.512588769268105,0.1589497384148501
ECGONINE_METHYL_ESTER,COC(=O)[C@H]1[C@@H](O)C[C@H]2CC[C@@H]1[NH+]2C,0.0,val,0.2392433155741146,0.9199294348469332,0.0018326202506861,0.3920839640972348,0.813921427784725,444.1298886007456,921.962809379633,1132.7417830600275,2.497806606561551,0.4196113742271468
TADAFIL,CN1CC(=O)N2[C@@H](c3ccc4c(c3)OCO4)c3[nH]c4ccccc4c3C[C@@H]2C1=O,0.0,val,0.1357590289458928,0.822701623042418,0.0002088846254968,0.5684734289686468,0.6287140487767007,3009.862728198429,3328.8151840991136,5294.641006632577,3.864850610386788,0.2917134063869681
TADALAFIL,CN1CC(=O)N2[C@H](Cc3c([nH]c4ccccc34)[C@H]2c2ccc3c(c2)OCO3)C1=O,0.0,val,0.2015945870368002,0.8854358031737289,0.0002398570106181,0.4647617007220941,0.6403205771184404,2669.592918998443,3678.0037509728536,5744.003679414056,3.9402410097216976,0.1961828607937189
TIZANIDINE,Clc1ccc2nsnc2c1NC1=[NH+]CCN1,0.0,val,0.2648906116582853,0.9046956554368104,0.0005855540942192,0.4260584127015447,0.5767382401558651,984.9444241779464,1333.2798905431894,2311.759126953099,3.0146582271967337,0.034941076836016
TRAZODONE,O=c1n(CCCN2CCN(c3cccc(Cl)c3)CC2)nc2ccccn12,1.0,val,0.7104959975583541,0.9940776772167856,0.0008846295724891,0.1086718531142262,0.9560653202906152,1080.7521588956763,9508.162687382235,9945.09735432307,5.254424671442395,0.1489334483209681
ALVIMOPAN,C[C@H]1CN(C[C@H](Cc2ccccc2)C(=O)NCC(=O)O)CC[C@@]1(C)c1cccc(O)c1,0.0,val,0.4225328722972856,0.9672672723476023,0.0003453097466585,0.2537597758614028,0.8398745446070724,2432.2352691587016,8050.024800532749,9584.79436270911,4.861463140044049,0.2259604869728865
WOMBAT34,Fc1ccc2c([C@@H]3C[NH2+]CC[C@@H]3F)c(-c3ccc4ccccc4c3)[nH]c2c1,1.0,val,0.3071652368919779,0.9418640595739872,0.0004117895608627,0.3359941863824559,0.7743015256539433,1880.3330614592064,4333.243898952878,5596.326179640675,4.030855090242384,0.2611604663840762
ROPINIROLE HYDROCHLORIDE,CCCN(CCC)CCc1cccc2c1CC(=O)N2.Cl,1.0,val,0.3876068165740633,0.9604295930753124,0.000815567211592,0.2785228837011243,0.776531599121722,952.136854062438,2654.5910484727838,3418.5228926616724,3.4399588232785256,0.1574362974135378
ROPINIROLE,CCC[NH+](CCC)CCc1cccc2c1CC(=O)N2,0.0,val,0.4117923792175793,0.96472823569293,0.0008487419921805,0.2632478513811779,0.7747471839723059,912.8182546757548,2686.454489858453,3467.524045824068,3.6766530567655407,0.1274051204783971
"(4R)-4-(4-FLUOROPHENYL)-8-[1-(4-FLUOROPHENYL)CYCLOHEXYL]-2,8-DIAZASPIRO[4.5]DECAN-1-ONE",O=C1NC[C@@H](c2ccc(F)cc2)C12CCN(C1(c3ccc(F)cc3)CCCCC1)CC2,1.0,val,0.2406518440350318,0.9204218695761838,0.0003364214016768,0.3909265685597263,0.8503529042007145,2527.6421177795078,5498.188121500015,6465.772145116635,4.1312973705181095,0.4487400062496936
ANASTROZOLE,CC(C)(C#N)c1cc(Cn2cncn2)cc(C(C)(C)C#N)c1,0.0,val,0.1639658101852987,0.8696065304010723,0.0004076477526301,0.4937453617846032,0.6899217534221853,1692.4458652616577,2364.8935449500805,3427.770661266461,3.5716861246604585,0.2573099236196528
lopinavir,Cc1cccc(C)c1OCC(=O)NC(Cc1ccccc1)C(O)CC(Cc1ccccc1)NC(=O)C(C(C)C)N1CCCNC1=O,1.0,val,0.2756938679160569,0.9331445159964208,0.0001284113773474,0.3595014774181124,0.8438254063486409,6571.266688194025,15424.14185113789,18278.83082814544,5.658972382777672,0.3004157870561479
LOPINAVIR,Cc1cccc(C)c1OCC(=O)N[C@H](Cc1ccccc1)[C@H](O)C[C@@H](Cc1ccccc1)NC(=O)[C@@H](C(C)C)N1CCCNC1=O,1.0,val,0.4357551686667301,0.9692697146266694,0.000151414062803,0.246000447779135,0.823905707107758,5441.408095491919,18224.38627674075,22119.50484080965,6.03374468623985,0.1516121948915143
PETHIDINE HYDROCHLORIDE,CCOC(=O)C1(c2ccccc2)CCN(C)CC1,1.0,val,0.1291141503361373,0.8285723285541013,0.000581033601404,0.5598820378922995,0.6615696043146241,1138.6081677823274,1345.4058248856595,2033.657254068496,3.022016921213092,0.3494649711905618
MEPERIDINE,CCOC(=O)C1(c2ccccc2)CCN(C)CC1,1.0,val,0.1291141503361373,0.8285723285541013,0.000581033601404,0.5598820378922995,0.6615696043146241,1138.6081677823274,1345.4058248856595,2033.657254068496,3.022016921213092,0.3494649711905618
DOMPERIDONE,O=C1N=c2ccccc2=[N+]1CCC[NH+]1CCC([N+]2=c3ccc(Cl)cc3=NC2=O)CC1,1.0,val,0.8117683079322578,0.997721758125608,0.0010640459957485,0.0674632741774787,0.9680925615292594,909.8220992300317,13055.873989489284,13486.18356168899,5.683574370526556,0.1166768692453473
PRULIFLOXACIN,Cc1oc(=O)oc1CN1CCN(c2cc3c(cc2F)c(=O)c(C(=O)O)c2n3[C@@H](C)S2)CC1,0.0,val,0.7175479578104517,0.9944612080661922,0.0006579431086578,0.1051042608628666,0.922644610332786,1402.3167021461377,12310.061805228814,13342.148935101604,5.414181012078948,0.0760558050711587
CHLOROQUINE,CC[NH+](CC)CCC[C@@H](C)Nc1ccnc2cc(Cl)ccc12,1.0,val,0.6733014233717141,0.9922147608919392,0.0011545907045274,0.124538621592467,0.9391890906014848,813.4389848443169,6134.426498919427,6531.620267214515,4.582947961471399,0.1555278693516835
PRIMAQUINE,COc1cc(N[C@H](C)CCCN)c2ncccc2c1,1.0,val,0.1821136759517649,0.8895277619714549,0.0006109947149496,0.4568811231404232,0.7497484086267817,1227.0947526748491,2013.679908087328,2685.807512116668,3.380193165917045,0.3003134994658008
"1,4-DIHYDROINDENO[1,2-C]PYRAZOL_90",COCCOCC#Cc1cc(-c2n[nH]c3c2Cc2ccc(Cn4cncn4)cc2-3)cs1,1.0,val,0.6613387113694761,0.9915358932509182,0.0004745644019178,0.1298328633093481,0.9359481190434352,1972.225719546344,14217.517086874404,15190.496991868627,6.0299285123521775,0.1136843480649052
JMC20066569-51,COc1ccc(CN2CCC(NC(=O)c3cc(=O)c4ccc(F)cc4o3)CC2)c(F)c1,1.0,test,0.646035587362194,0.9905618355243372,0.0005437254517242,0.1370665896659585,0.9440392712937148,1736.2425619401004,11958.283685014903,12667.146429859033,5.5466276546704005,0.1842617288618805
JMC20066569-54,CC(=O)Nc1ccc(CN2CCC(NC(=O)c3cc(=O)c4ccc(F)cc4o3)CC2)cc1,0.0,test,0.7533785467489275,0.9958855227589528,0.0006383099557003,0.0906202270970864,0.9563101331553162,1498.1908469624695,15810.323304705327,16532.631786029127,6.2191767274114005,0.1008990495704467
JMC20066569-46,COc1cccc(CN2CCC(NC(=O)c3cc(=O)c4ccc(F)cc4o3)CC2)c1,1.0,test,0.5715526957264162,0.984935682392455,0.0005225946080522,0.1729210847470861,0.938828783624244,1796.476215327319,9753.487161570984,10388.994598055177,5.169702071378974,0.2516582557551769
JMC20066569-52,COc1ccc(CN2CCC(NC(=O)c3cc(=O)c4ccc(F)cc4o3)CC2)cc1F,1.0,test,0.7439226563778668,0.9955459324437476,0.0007078683331446,0.0942777619309522,0.9417001823553024,1330.3324054232369,13288.120582431142,14110.77626553708,5.79034603828612,0.0856388698510338
JMC20066569-40,O=C(NC1CCN(Cc2ccccc2)CC1)c1cc(=O)c2ccc(F)cc2o1,1.0,test,0.7199993756980158,0.9945627823143368,0.0008856215871872,0.1041387153519993,0.9312933775792442,1051.570321966774,9403.999978262917,10097.784655902082,5.197509162934101,0.1131223729283147
JMC20066569-53,CC(=O)c1ccc(CN2CCC(NC(=O)c3cc(=O)c4ccc(F)cc4o3)CC2)cc1,1.0,test,0.6164980372513791,0.988659786720141,0.000471727172355,0.1501726543765051,0.9179578529772182,1945.95076725036,11894.980452472986,12958.089975366434,5.631884335753458,0.174550102011467
JMC20066569-47,COc1ccc(CN2CCC(NC(=O)c3cc(=O)c4ccc(F)cc4o3)CC2)cc1,1.0,test,0.7362869683491993,0.9952438304385222,0.0007151323616652,0.0974151834882942,0.9396494676896358,1313.9518193548668,12674.14466015957,13488.162443514324,5.785438982677259,0.0929897795044736
JMC20066569-49,O=C(NC1CCN(Cc2cccc(F)c2)CC1)c1cc(=O)c2ccc(F)cc2o1,1.0,test,0.7803877145197771,0.9967856497078732,0.001011837768589,0.0801147210970183,0.9774915728162804,966.0556298262252,11786.987760755046,12058.403456916973,5.580157757011179,0.1248949860101023
CONIVAPTAN,Cc1nc2c([nH]1)CCN(C(=O)c1ccc(NC(=O)c3ccccc3-c3ccccc3)cc1)c1ccccc1-2,1.0,test,0.5521048750137879,0.9827152232051648,0.0003688252583588,0.1851237156088413,0.9736406270918232,2639.842594902902,13884.00179345911,14259.883377021122,5.556170537444614,0.2847431614349049
LAPATINIB,CS(=O)(=O)CCNCc1ccc(-c2ccc3ncnc(Nc4ccc(OCc5cccc(F)c5)c(Cl)c4)c3c2)o1,1.0,test,0.7818624636304438,0.9968742336542292,0.0003524891849182,0.0790048243861923,0.950785678568738,2697.3470938950945,32461.29596425856,34141.54913768165,7.722152401973352,0.0520636019025142
PIMOZIDE,O=C1N=c2ccccc2=[N+]1C1CC[NH+](CCCC(c2ccc(F)cc2)c2ccc(F)cc2)CC1,1.0,test,0.6352255451770895,0.9899549344963192,0.0004551788552191,0.1413832651567654,0.917176595478861,2014.980671800463,13071.512462726729,14251.903643378564,5.637557579125661,0.1734101885695218
N-DESBUTYLHALOFANTRINE,CCCCNCCC(O)c1cc2c(Cl)cc(Cl)cc2c2cc(C(F)(F)F)ccc12,1.0,test,0.2652270492140933,0.9262265055656378,0.0001876115790965,0.3769674526901066,0.7225938708571014,3851.541969513057,7382.867143193197,10217.173769320854,4.913203900353213,0.1921782988796354
N_DEMETHYLHALOFANTRINE,[NH3+]CC[C@@H](O)c1cc2c(Cl)cc(Cl)cc2c2cc(C(F)(F)F)ccc12,1.0,test,0.2265616801329196,0.8727871056882814,0.0001756658503042,0.4881010839408909,0.5482434755529079,3120.9451046028785,3505.4988555700943,6394.054853155838,4.089771155177439,0.0968820782435022
DESBUTYLHALOFANTRINE,CCCCNCC[C@H](O)c1cc2c(Cl)cc(Cl)cc2c2cc(C(F)(F)F)ccc12,1.0,test,0.2579097426731672,0.9210631255462765,0.0001905527762921,0.3894133006959629,0.6930446369220185,3637.0219862849503,6472.86206572138,9339.747717360531,4.678329515372926,0.1740672221531586
HALOFANTRINE,CCCC[NH+](CCCC)CC[C@@H](O)c1cc2c(Cl)cc(Cl)cc2c2cc(C(F)(F)F)ccc12,1.0,test,0.303391319686875,0.9415101840093504,0.0001920822679589,0.3369845299218932,0.8122873718170427,4228.851421052569,10193.472701573975,12549.096606994804,5.185939269527995,0.3438266174811999
2-AMINO-N-PYRIMIDIN-4-YLACETAMIDE-5,Cc1ccc(-c2nc(NC(=O)CCN(C)C)cc(-n3nccc3C)n2)o1,1.0,test,0.2970183133823907,0.9305591761036632,0.0002533110582539,0.3661415296975635,0.6516319506819114,2572.4575751783404,4578.272093702559,7025.85575939232,4.472139965797828,0.0618716976930304
ARTEMISIN,CC1=C2[C@@H]3OC(=O)[C@@H](C)[C@@H]3[C@H](O)C[C@]2(C)C=CC1=O,0.0,test,0.1844033699912844,0.8870032936515685,0.0007735783772982,0.4617630962422933,0.7111335859124205,919.2780030849144,1415.724790707752,1990.800067319708,2.871541382529065,0.3740013942147795
"1,4-DIHYDROINDENO[1,2-C]PYRAZOL_50",COCCOCC#Cc1cc(-c2n[nH]c3c2C(=O)c2cc(CN4CCN(C)CC4)ccc2-3)cs1,1.0,test,0.740923134897421,0.99543020801752,0.0005391503974731,0.095491889530981,0.9396280597265152,1742.7939664521589,17148.871189413727,18250.701447129,6.242260061833006,0.069283829812676
INDOMETHACIN,COc1ccc2c(c1)c(CC(=O)[O-])c(C)n2C(=O)c1ccc(Cl)cc1,0.0,test,0.4898033305656505,0.9767479587009412,0.0006452449338992,0.2143908234359491,0.8495350634593644,1316.6086532839402,5217.13195505722,6141.161418120524,4.214577205769495,0.1533794441864044
ANTOFLOXACIN,CC1CCN(c2c(F)c(N)c3c4c2OC[C@@H](C)[C@@H]4C=C(C(=O)O)C3=O)CC1,0.0,test,0.474564780539384,0.97461175948878,0.0006213435549391,0.2239015816518151,0.8121318481928135,1307.057652303659,4740.93634814359,5837.643676569637,3.984018678855317,0.1106141452747268
APOMORPHINE,CN1CCc2cccc3c2[C@H]1Cc1ccc(O)c(O)c1-3,1.0,test,0.3372182247279131,0.9478925259442053,0.0008648624811394,0.3185902686196084,0.7272678443149168,840.9057626789045,1919.5932253212509,2639.458406317276,3.1780296459783086,0.1246423294774868
APOMORPHINE HYDROCHLORIDE,CN1CCc2cccc3c2[C@H]1Cc1ccc(O)c(O)c1-3.Cl,1.0,test,0.342975735387459,0.9492477497979068,0.0008658588201976,0.3145293460133896,0.7265184193708488,839.0726090946838,1938.1393609958825,2667.708497568822,2.993606756053985,0.1137206536734559
BERBERINE,COc1ccc2cc3[n+](cc2c1OC)CCc1cc2c(cc1-3)OCO2,0.0,test,0.6652658122120195,0.991812195679394,0.0011498632380827,0.1277050057813678,0.8875865245549969,771.906166888996,5364.969898866208,6044.4472177582975,4.255254560722808,0.0545984112966685
DRONEDARONE,CCCCc1oc2ccc(NS(C)(=O)=O)cc2c1C(=O)c1ccc(OCCCN(CCCC)CCCC)cc1,1.0,test,0.4500338800932552,0.9714805923150364,0.0001982258628154,0.2371190813815419,0.8614629612544905,4345.865615207472,15788.700935740571,18327.776870114707,5.877130707894976,0.1912612641548247
AMIODARONE,CCCCc1oc2ccccc2c1C(=O)c1cc(I)c(OCC[NH+](CC)CC)c(I)c1,1.0,test,0.3357426952838745,0.9500007259228842,0.0002124402874228,0.3122476913381318,0.8198661316060631,3859.2780190243016,10133.27376958372,12359.668705588936,4.515100906161744,0.1876078259528467
AMIODARONE HYDROCHLORIDE,CCCCc1oc2ccccc2c1C(=O)c1cc(I)c(OCCN(CC)CC)c(I)c1,1.0,test,0.3377690331621061,0.9505382585504712,0.0002047622768238,0.3106074999607026,0.834020008376402,4073.113570103692,10936.81966560919,13113.378043411743,4.668001672798232,0.1179000482158087
vitamine_K,CC1=C(C/C=C(\C)CCCC(C)CCCC(C)CCCC(C)C)C(=O)c2ccccc2C1=O,1.0,test,0.7142393860504932,0.9942281338679664,0.0004393248382644,0.1072866153134711,0.9635908677728038,2193.3448415515318,19699.44762466813,20443.788212937776,6.853236830231315,0.1543767582895199
VITAMINE_K,CC1=C(C/C=C(\C)CCC[C@H](C)CCC[C@H](C)CCCC(C)C)C(=O)c2ccccc2C1=O,1.0,test,0.6805983462671208,0.9924557718811388,0.0004690888164552,0.1226031845418902,0.9761573721195772,2080.9649215175145,16568.486837040524,16973.171857591544,6.286382488184701,0.180907310160924
WAY123398,CN(CCN(C)S(=O)(=O)c1ccc(NS(C)(=O)=O)cc1)c1nc2ccccc2n1C,1.0,test,0.3373793077640137,0.9503506350477396,0.0003083609993428,0.3111810895031349,0.8143055226362235,2640.753935716478,6910.383009490706,8486.228838432915,4.468966447063525,0.3089947105747779
BICIFADINE,Cc1ccc([C@@]23CNC[C@@H]2C3)cc1,0.0,test,0.5750631608607283,0.9850331505912432,0.0044390864903801,0.1723649971319283,0.961662136927722,216.63514306642017,1208.6549942355207,1256.8395362812985,2.782127223659436,0.2581336622880909
SB-237376,COc1ccc(CCNCCCNC(=O)c2ccc([N+](=O)[O-])cc2)cc1OC,1.0,test,0.876655032985127,0.9990746956376176,0.0013365069582716,0.043008749535437,0.9741316009018962,728.8638453193289,16508.485183820972,16946.87367552459,6.641984696355922,0.0428812650491303
LIDOFLAZINE,Cc1cccc(C)c1NC(=O)C[NH+]1CC[NH+](CCCC(c2ccc(F)cc2)c2ccc(F)cc2)CC1,1.0,test,0.5499115937763369,0.983187697593241,0.0002775273005017,0.1825977855870706,0.8967823366774567,3231.330161234974,15869.851889232494,17696.436738517477,6.105044143719836,0.1687824681019083
PRAZOSIN,COc1cc2nc(N3CCN(C(=O)c4ccco4)CC3)nc(N)c2cc1OC,1.0,test,0.7105936341393166,0.9941465891119612,0.0009120476830464,0.1080396193859152,0.9216877249134438,1010.5696687203643,8621.186043819336,9353.695195006483,4.975822447910179,0.0708597971829406
DW-224A,CO/N=C1\CN(c2nc3c(cc2F)C(=O)[C@H](C(=O)O)CN3C2CC2)CC12CNC2,0.0,test,0.5072739453125027,0.978793748365342,0.000547237032513,0.2048482320180563,0.8505890782958259,1554.3339133860504,6454.043746076599,7587.734090128948,4.396607419216832,0.1341085070045823
N-DESMETHYLCLOZAPINE,Clc1ccc2c(c1)N=C(N1CCNCC1)c1ccccc1N2,1.0,test,0.3027991208600706,0.938944765491608,0.0005219480107095,0.3440679109651313,0.7320548772086053,1402.5436675454107,2984.117087363938,4076.357087794647,3.677997938020976,0.1750208389311648
AMOXAPINE,Clc1ccc2c(c1)C(N1CCNCC1)=Nc1ccccc1O2,1.0,test,0.1706005112292326,0.8434867242829766,0.0003065477553436,0.5371500218359616,0.5892207385753093,1922.1172828841363,2108.4451624489066,3578.3621050863985,3.4819976642604185,0.1997771048929437
NILOTINIB,Cc1cn(-c2cc(NC(=O)c3ccc(C)c(Nc4nccc(-c5cccnc5)n4)c3)cc(C(F)(F)F)c2)cn1,1.0,test,0.3808443818585669,0.9596133118872592,0.0001715444599234,0.2813223980573997,0.8042939407831741,4688.545122017673,13404.437253367616,16666.092548596305,5.72895567952457,0.1132404996858562
WOMBAT62,N#Cc1ccc(Cn2cncc2C[NH2+][C@@H]2CCN(C(=O)c3cccc(Cl)c3)C2=O)cc1,1.0,test,0.5545397603911519,0.9835237050614872,0.0004326408592557,0.1807792067194802,0.9179844705614892,2121.8164001910204,10774.43883123396,11737.060023078307,5.321673621198544,0.2423509886229164
THIOPENTAL,CCCC(C)C1(CC)C(=O)NC(=S)NC1=O,1.0,test,0.2409948814526363,0.9199808366076718,0.0012503348288046,0.3919633404728663,0.8783686719408854,702.5067619532247,1574.2797037649536,1792.2766989017834,2.897450878854848,0.4995744166772237
ROSIGLITAZONE,CN(CCOc1ccc(CC2SC(=O)NC2=O)cc1)c1ccccn1,0.0,test,0.6479057684228743,0.9905618561164028,0.000827234560059,0.1370664408497824,0.9654091529429496,1167.031939374097,8219.833454953998,8514.352106458375,5.004120380496554,0.1857390441145411
FLECAINIDE,O=C(NC[C@H]1CCCC[NH2+]1)c1cc(OCC(F)(F)F)ccc1OCC(F)(F)F,1.0,test,0.4493808325886296,0.971148660067361,0.0003697234195085,0.238474904443569,0.8087748111521756,2187.513066462807,7418.832901304402,9172.927740832554,4.754613284741902,0.1123421292438861
MCI-154,O=C1CCC(c2ccc(Nc3ccncc3)cc2)=NN1,1.0,test,0.8020773736136361,0.9974612343972306,0.0028055778281966,0.0712115571712412,0.9654560065061166,344.1202011232992,4665.435335667034,4832.364503640878,4.298689468916401,0.1073500103455004
MISOLASTINE,O=c1cc[nH+]c(NCC2CCN(c3nc4ccccc4n3Cc3ccc(F)cc3)CC2)[nH]1,1.0,test,0.4241770883645303,0.9674848310053952,0.0003211621903096,0.2529290449403974,0.8280768177037908,2578.3757948137595,8441.471099204893,10194.067650163912,4.946469650609841,0.1858560263018983
C(CC1=NC(=NC(=N1)N)N)CC2=NC(=NC(=N2)N)N,Nc1nc(N)nc(CCCc2nc(N)nc(N)n2)n1,0.0,test,0.5367592026180564,0.981453654179006,0.001427077144544,0.1916995688536516,0.9505786799343524,666.1018176687516,3302.9922306440976,3474.717348880793,3.767031633771664,0.3080635086306812
CITALOPRAM,C[NH+](C)CCC[C@]1(c2ccc(F)cc2)OCc2cc(C#N)ccc21,1.0,test,0.2287183974573091,0.9156104384628688,0.0005244425880238,0.4020665678439742,0.8389762048479278,1599.748426246879,3338.1309730902226,3978.814838610697,3.701463693750233,0.3996071326780893
STAVUDINE,Cc1cn(C2C=CC(CO)O2)c(=O)[nH]c1=O,0.0,test,0.5147033636654551,0.9796400482542598,0.0020495410562972,0.2007619880764075,0.8659899433586625,422.5287123172688,1822.5841413155408,2104.625065560017,3.114463512098548,0.173403233512214
CHLOROPHENIRAMINE,CN(C)CC[C@@H](c1ccc(Cl)cc1)c1ccccn1,1.0,test,0.3447269326256951,0.9519546593381644,0.0007251245562471,0.3062390023565894,0.8034643508240135,1108.0363282444555,2907.1009319894324,3618.20773878515,3.72681671519928,0.3231023817146362
BROMPHENIRAMINE MALEATE,CN(C)CC[C@H](c1ccc(Br)cc1)c1ccccn1,1.0,test,0.4150447218697941,0.965914705964664,0.0006521318114011,0.2588605431524795,0.8173761803490458,1253.3910569288926,3957.698543469112,4841.9548289002605,3.967994585724129,0.2786581027783894
DOXYLAMINE,C[NH+](C)CCO[C@](C)(c1ccccc1)c1ccccn1,0.0,test,0.1314380542100078,0.8562262099425748,0.0006964870221963,0.5166010815003912,0.8111952679835954,1164.6954532268442,1828.8684908587625,2254.535452856891,3.109523966001265,0.5506297724999583
CHLORPHENIRAMINE,C[NH+](C)CC[C@H](c1ccc(Cl)cc1)c1ccccn1,1.0,test,0.3421959844979014,0.9505363700907348,0.000657496262024,0.3106132790701803,0.7643655792222263,1162.5398095332405,2860.8094848449773,3742.724113448397,3.752202382924753,0.2317192839370636
DISOPYRAMIDE PHOSPHATE,CC(C)N(CC[C@@](C(N)=O)(c1ccccc1)c1ccccn1)C(C)C,1.0,test,0.1302664501960953,0.8554290836228186,0.0004219090432998,0.5179199579975895,0.8207428564506061,1945.3075715832724,3082.7105005744493,3756.000404202084,3.596852319318574,0.4354620704090164
DISOPYRAMIDE,CC(C)[NH+](CC[C@](C(N)=O)(c1ccccc1)c1ccccn1)C(C)C,0.0,test,0.1941991333837803,0.8985464986638082,0.0004886527682899,0.4388783313619059,0.7891015204020192,1614.851222808997,2903.496172133517,3679.49636018226,3.4696207149979483,0.3754360634712346
CLOFILIUM PHOSPHATE,CCCCCCC[N+](CC)(CC)CCCCc1ccc(Cl)cc1.CCCCCCC[N+](CC)(CC)CCCCc1ccc(Cl)cc1.CCCCCCC[N+](CC)(CC)CCCCc1ccc(Cl)cc1.O=P([O-])([O-])[O-],1.0,test,0.5386057093084884,0.9821305670316044,0.0001695460189789,0.1882008217361951,0.865859850762194,5106.931179962727,23495.57578198871,27135.541348067087,5.006358685604911,0.1691254704541164
KETOCONAZOLE,CC(=O)N1CCN(c2ccc(OC[C@@H]3CO[C@](Cn4ccnc4)(c4ccc(Cl)cc4Cl)O3)cc2)CC1,1.0,test,0.5558084131581841,0.983774304139444,0.0002934480678879,0.1794104749309607,0.8822752461425304,3006.5805254486963,14785.265877916829,16758.11028651289,5.70140163714067,0.1060134748915488
SITAGLIPTIN,N[C@@H](CC(=O)N1CCn2c(nnc2C(F)(F)F)C1)Cc1cc(F)c(F)cc1F,0.0,test,0.7425851383033139,0.9954666587138006,0.0009299715097292,0.0951111528117589,0.9574125674181272,1029.507417594839,10363.278235164236,10824.25548591981,5.2222939128494295,0.1399872450385024
BUDIPINE,CC(C)(C)N1CCC(c2ccccc2)(c2ccccc2)CC1,1.0,test,0.216291999000787,0.9070181517579776,0.0005352334485496,0.4210915249462306,0.7381916138121998,1379.195593647128,2417.7893895324805,3275.286990929675,3.4713184949712765,0.3331662150316244
L-365260,Cc1cccc(NC(=O)N[C@@H]2N=C(c3ccccc3)c3ccccc3N(C)C2=O)c1,1.0,test,0.4799763045366883,0.9755268234182932,0.0004764082080428,0.2198804602310404,0.8707894717897519,1827.822143046393,7238.698139873588,8312.799332536417,4.669880337298709,0.1458769344243907
WOMBAT35,COC(=O)c1[nH]c2cc(F)ccc2c1[C@@H]1C[NH2+]CC[C@H]1F,1.0,test,0.2577011786643246,0.9233037444523164,0.0005764549606524,0.3840705605488812,0.7204226381236027,1249.7466190735854,2344.219653316692,3253.950569102597,3.4050688646853904,0.1885806351226894
RIMANTADINE,CC([NH3+])C12CC3CC(CC(C3)C1)C2,0.0,test,0.1945790400746324,0.8945400805816315,0.002614961296791,0.446987745059088,0.9444959434413184,361.1892629540473,763.2016703938074,808.0518245669153,2.314847541689524,0.576046283194318
C(CCC1=NC(=NC(=N1)N)N)CC2=NC(=NC(=N2)N)N,Nc1nc(N)nc(CCCCc2nc(N)nc(N)n2)n1,0.0,test,0.7335457576088512,0.9951445341376298,0.0016453608056152,0.0984243677957845,0.9228998115763288,560.9102930048283,5259.510579732172,5698.896579845256,4.5656398053581695,0.0719786953067444
CIMETIDINE,CN/C(NCCSCc1[nH]cnc1C)=[NH+]\C#N,0.0,test,0.642691346464834,0.990386335758912,0.0017394538314638,0.1383289772319433,0.9348448467011466,537.43584899544,3632.059919183893,3885.2007710162825,3.986987314736878,0.2089369880485736
,Nc1[nH]c(SCC(=O)O)nc(=O)c1N,0.0,test,0.5939460946222602,0.986904283297769,0.0024587196278578,0.1613069608185483,0.8412403996228117,342.14572092375505,1784.3421110816569,2121.084664837429,3.134046689792221,0.0278488261246273
(+)-QUINIDINE,C=C[C@H]1CN2CC[C@H]1C[C@@H]2[C@@H](O)c1ccnc2ccc(OC)cc12,1.0,test,0.387932505558846,0.9611103587864296,0.0007474653269717,0.276164585407725,0.8693042252822142,1163.0027426209776,3660.872000233449,4211.266773775279,3.731607819669352,0.251026026125964
ALFUZOSIN,COc1cc2nc(N(C)CCCNC(=O)[C@H]3CCCO3)nc(C)c2cc1OC,0.0,test,0.5028312305516043,0.9782774229084036,0.0004692292621282,0.2072999851126193,0.8812787633152178,1878.1411016826328,7984.399354988638,9060.015612940351,4.935115005676424,0.1763808768991084
BMCL20031829_21,CC[C@@H](O)c1cn(-c2ccc(F)cc2)c2ccc(Cl)cc12,1.0,test,0.3122562056797593,0.939406720386092,0.0004559001737335,0.342804629043201,0.6961621822920528,1527.0057402936766,3101.0189433625483,4454.44900950051,3.866508105812081,0.0975888667447723
BMCL20031829_22,CCc1cn(-c2ccc(F)cc2)c2ccc(Cl)cc12,1.0,test,0.4535068555346548,0.9715459481719418,0.0009117835894343,0.2368511570389353,0.7941603939218229,870.9965863879281,2920.4459070330468,3677.400597391835,3.693551212563429,0.1215993731759379
SERTINDOLE17,CCC(CC)c1cn(-c2ccc(F)cc2)c2ccc(Cl)cc12,0.0,test,0.2665770140875197,0.923614306092256,0.0003829212716457,0.3833231190284774,0.6855569480067889,1790.3339374707425,3201.935414686628,4670.560810441848,3.911272263987704,0.2268983516251037
SERTINDOLE19,CCC(=O)c1cn(-c2ccc(F)cc2)c2ccc(Cl)cc12,0.0,test,0.3730611602265667,0.9555533756371524,0.0005416206708132,0.2948181580371928,0.7183663776815665,1326.3274767615112,3231.78555705005,4498.798464761415,3.8739397679815712,0.0562678101546621
SERTINDOLE21,CC[C@H](O)c1cn(-c2ccc(F)cc2)c2ccc(Cl)cc12,0.0,test,0.3324709630624979,0.9461409333713466,0.0004982030352527,0.3237550527778635,0.7163902137554613,1437.9483123622558,3181.8255499762067,4441.469870584131,3.8619865492174914,0.1179113244354826
BMCL20031829_20,CCC(O)(CC)c1cn(-c2ccc(F)cc2)c2ccc(Cl)cc12,1.0,test,0.3021418838024895,0.935744145826708,0.0003895353231651,0.3526795904940409,0.6874600221652222,1764.820752529623,3440.0735011405727,5004.034256865914,3.922158253169285,0.1194432675926636
BMCL20031829_17,CCC(CC)c1cn(-c2ccc(F)cc2)c2ccc(Cl)cc12,1.0,test,0.2665770140875197,0.923614306092256,0.0003829212716457,0.3833231190284774,0.6855569480067889,1790.3339374707425,3201.935414686628,4670.560810441848,3.911272263987704,0.2268983516251037
SERTINDOLE22,CCc1cn(-c2ccc(F)cc2)c2ccc(Cl)cc12,0.0,test,0.4535068555346548,0.9715459481719418,0.0009117835894343,0.2368511570389353,0.7941603939218229,870.9965863879281,2920.4459070330468,3677.400597391835,3.693551212563429,0.1215993731759379
SERTINDOLE18,C[C@H](O)c1cn(-c2ccc(F)cc2)c2ccc(Cl)cc12,0.0,test,0.3748044966693277,0.9569123887546972,0.0006396751793361,0.2903767901327164,0.7420460763814338,1160.0357499434622,2964.4241756178667,3994.932754140815,3.743215198488626,0.1192004117134216
SERTINDOLE15,C[NH+](C)Cc1cn(-c2ccc(F)cc2)c2ccc(Cl)cc12,1.0,test,0.3148989238881344,0.9413982210228192,0.0004794375760054,0.3372971826966116,0.7147708950085399,1490.852888427631,3159.28595924851,4419.998045962356,3.8637286273597526,0.168753289230127
BMCL20031829_15,CN(C)Cc1cc2cc(Cl)ccc2n1-c1ccc(F)cc1,1.0,test,0.2872515677996984,0.931405198773568,0.0004529168594228,0.3639840047276396,0.6917433245365885,1527.3075182453292,2902.6132097516406,4196.08416416039,3.774211728682759,0.2110192710344261
SERTINDOLE16,CCCc1cn(-c2ccc(F)cc2)c2ccc(Cl)cc12,0.0,test,0.3730163902598853,0.9565309216646668,0.0006098015205824,0.2916309241135841,0.7415983419655163,1216.130686681796,3092.5406953939537,4170.101954647782,3.838243555839787,0.1151488541410194
BMCL20031829_16,CN(C)Cc1cc2cc(Cl)ccc2n1-c1ccc(F)cc1,1.0,test,0.2872515677996984,0.931405198773568,0.0004529168594228,0.3639840047276396,0.6917433245365885,1527.3075182453292,2902.6132097516406,4196.08416416039,3.774211728682759,0.2110192710344261
BMCL20031829_18,C[C@@H](O)c1cn(-c2ccc(F)cc2)c2ccc(Cl)cc12,1.0,test,0.4195340607223458,0.9661290455837652,0.0007606496893727,0.258059425868157,0.7799655847285941,1025.3939436586138,3099.17757955276,3973.479907618213,3.738292573587289,0.1458205621641427
BMCL20031829_19,CCC(=O)c1cn(-c2ccc(F)cc2)c2ccc(Cl)cc12,1.0,test,0.3730611602265667,0.9555533756371524,0.0005416206708132,0.2948181580371928,0.7183663776815665,1326.3274767615112,3231.78555705005,4498.798464761415,3.8739397679815712,0.0562678101546621
SERTINDOLE14,Fc1ccc(-n2cc(C3CC[NH2+]CC3)c3cc(Cl)ccc32)cc1,0.0,test,0.2451320267325084,0.9054586213942286,0.000282284267255,0.424434547301304,0.6218819835192414,2203.03451399008,3227.8886863300577,5190.516483631472,4.012677454570277,0.160984410402163
WOMBAT12,CC(C)(C)Oc1cc([C@H](C2=CN[C@H](C(C)(C)O)S2)c2cc[n+]([O-])cc2)ccc1OC(F)F,0.0,test,0.2093904880839945,0.9016230694161868,0.0001903478374928,0.4325226476111208,0.7154624322931574,3758.710588555714,6217.5153944585545,8690.205262812397,4.472666872305982,0.2763072880082169
WOMBAT15,CC(C)(C)Oc1cc([C@H](C2=CN[C@H](C(O)(C(F)(F)F)C(F)(F)F)S2)c2cc[n+]([O-])cc2)ccc1OC(F)F,0.0,test,0.3477468806164102,0.9528493184368244,0.0002151294763499,0.3034438603011753,0.8284932394064216,3851.137712336012,10514.767230837066,12691.433955900988,4.852731985983578,0.2674818165479157
WOMBAT14,CC(C)Oc1cc([C@H](C2=CN[C@@H](C(O)(C(F)(F)F)C(F)(F)F)S2)c2cc[n+]([O-])cc2)ccc1OC(F)F,1.0,test,0.2225773510048561,0.9110807956041588,0.0001560404174367,0.4122278300664489,0.7559992241593642,4844.893628061053,8885.222095166137,11752.951340718751,4.768012410972349,0.3369438004020311
AMINOMETHYL TETRAHYDRONAPHTHALENE KETOPIPERAZINE 2D,CCN(CC)Cc1ccc2c(c1)CC[C@H](N1CCN(Cc3ccsc3)CC1=O)C2,1.0,test,0.6736910197826821,0.99225891165979,0.0006646928605883,0.1241863608925282,0.9310685119413452,1400.7499811524908,10501.911733142548,11279.418859569529,5.306590940144926,0.1362344453739303
QUINIDINE,C=C[C@H]1C[NH+]2CC[C@H]1C[C@@H]2[C@@H](O)c1ccnc2ccc(OC)cc12,1.0,test,0.3961229752687069,0.9627252799763882,0.0007083060145885,0.2704811181845877,0.8379581587937286,1183.045380859057,3665.108070270351,4373.855701275596,3.7641563047746622,0.2117750077326091
WOMBAT33,Fc1ccc2c([C@@H]3C[NH2+]CC[C@@H]3F)c(-c3cccc4ccccc34)[nH]c2c1,1.0,test,0.1790269700269687,0.8896363701535159,0.0003783823980777,0.4566696058422065,0.7817977401895071,2066.157792120385,3537.168824221686,4524.404001684988,3.732760177548167,0.4417620701203256
DESMETHYLASTEMIZOLE,Oc1ccc(CC[NH+]2CCC(Nc3nc4ccccc4n3Cc3ccc(F)cc3)CC2)cc1,1.0,test,0.6245525421446959,0.9891238940504892,0.0004856450281962,0.1470847450227139,0.942826191958816,1941.389568962688,12444.47841365871,13199.1225103792,5.5637466926483565,0.1742741863308228
ASTEMIZOLE,COc1ccc(CC[NH+]2CCC(Nc3nc4ccccc4n3Cc3ccc(F)cc3)CC2)cc1,1.0,test,0.5612094672116251,0.984258444374516,0.000334066097214,0.1767351540510775,0.8891523107485696,2661.605946139481,13390.505641158965,15059.855864160792,5.817868855389522,0.1513285393372716
CLEMASTINE,C[NH+]1CCC[C@@H]1CCO[C@](C)(c1ccccc1)c1ccc(Cl)cc1,1.0,test,0.2886415562644374,0.9362383544082384,0.0004117826741952,0.3513655414734828,0.7675389162688427,1863.9417449239256,4071.679370969664,5304.850717880073,4.036703937721941,0.3043110927475355
L-768673,O=C(Cc1ccc(C(F)(F)F)cc1C(F)(F)F)N[C@@H]1N=C(c2ccccc2)c2ccccc2N(CC(F)(F)F)C1=O,1.0,test,0.4617087639314967,0.9727768179321508,0.0002490993574457,0.2317439589154356,0.913086109086108,3665.5498370166806,14442.502208068772,15817.2400876014,5.373587231152457,0.2699230871027613
PROTOPINE,C[NH+]1CCc2cc3c(cc2C(=O)Cc2ccc4c(c2C1)OCO4)OCO3,0.0,test,0.5079155133869073,0.978812797815048,0.0008504038767906,0.2047571899433039,0.8932510258948274,1050.384470571641,4582.29088893978,5129.90274413556,3.8967929677886777,0.1808423504113853
THIORIDAZINE,CSc1ccc2c(c1)N(CC[C@H]1CCCC[N@@H+]1C)c1ccccc1S2,1.0,test,0.220055358053425,0.8859674422063348,0.0002189661365764,0.4637474434973897,0.5974835408978728,2728.657272030968,3515.551043245739,5883.92951873238,4.039681573148354,0.1682618479776808
THIORIDAZINE,CSc1ccc2c(c1)N(CC[C@H]1CCCC[NH+]1C)c1ccccc1S2,1.0,test,0.2249566737424699,0.8900498865170908,0.0002255742051912,0.4558631368194996,0.6015055445829022,2666.552871472634,3518.4822100439665,5849.4593137686925,4.024055814203523,0.1627042069044201
MESORIDAZINE,C[NH+]1CCCC[C@@H]1CCN1c2ccccc2Sc2ccc(S(C)=O)cc21,1.0,test,0.203550107058693,0.9040165845096538,0.0004097645537318,0.4274973858768025,0.8310693243893569,2028.163043436987,3942.8173035574623,4744.270048054677,3.7178994612524,0.4569116918179218
WOMBAT49,CC(C)Oc1cc([C@@H](C2=CCC(=O)N=C2)C2=CN[C@@H](C(C)(C)O)C=C2)ccc1OC(F)F,0.0,test,0.1583893910107852,0.8632830012147827,0.0001634524807165,0.5047201797170365,0.680675921417003,4164.365804868403,5616.148601261444,8250.840707821688,4.493568555713352,0.3237819920107095
THALIDOMIDE,O=C1CCC(N2C(=O)c3ccccc3C2=O)C(=O)N1,0.0,test,0.5347368391188582,0.9813210540768876,0.0019881399726326,0.1923772045368842,0.943882637280665,474.7566319642892,2329.353641060019,2467.842451017967,3.194956028172153,0.2257162885469394
GLIPIZIDE,Cc1cnc(C(=O)NCCc2ccc(S(=O)([O-])=NC(=O)NC3CCCCC3)cc2)cn1,0.0,test,0.747746737050518,0.9956914768049054,0.0006182657163826,0.0927280055758056,0.943729273684598,1526.4137225757363,15534.910999147596,16461.194361911348,6.140438250370001,0.0801597671830119
VERAPAMIL,COc1ccc(CC[NH+](C)CCC[C@@](C#N)(c2ccc(OC)c(OC)c2)C(C)C)cc1OC,1.0,test,0.5116610061238122,0.9788768367913008,0.0003647410589982,0.2044508214545909,0.9357342100154786,2565.475388445068,11741.714065228049,12548.129521772877,5.428742550990232,0.3223091415191685
VERAPAMIL,COc1ccc(CC[N@H+](C)CCC[C@@](C#N)(c2ccc(OC)c(OC)c2)C(C)C)cc1OC,1.0,test,0.4427848220299364,0.9701339697678196,0.0003368631902802,0.2425697439965083,0.9024055079595098,2678.848666156953,9965.825710583336,11043.622432134462,5.098600766404369,0.2334051413376555
norverapamil,COc1ccc(CC[NH2+]CCCC(C#N)(c2ccc(OC)c(OC)c2)C(C)C)cc1OC,1.0,test,0.6394615096592545,0.9900043693636174,0.0005188808898132,0.1410366925340573,0.9657411422856694,1861.2000581353368,12744.466974306932,13196.56626013048,5.610663792676978,0.2170891026796789
NORVERAPAMIL,COc1ccc(CC[NH2+]CCC[C@@](C#N)(c2ccc(OC)c(OC)c2)C(C)C)cc1OC,1.0,test,0.2220226778174393,0.9123207694125044,0.0002577021380609,0.4094762675645271,0.7941408178538956,3081.622930369212,5976.51866076726,7525.766874593277,4.333290948479771,0.3878475059362015
PYRIMETHAMINE,CCc1nc(N)nc(N)c1-c1ccc(Cl)cc1,0.0,test,0.5170235163099949,0.9798671615153148,0.0016726650049327,0.1996505591875971,0.8840868944761126,528.549884088514,2340.509475660675,2647.3749246646184,3.330132328691414,0.3048701063799086
SOLIFENACIN,O=C(O[C@@H]1CN2CCC1CC2)N1CCc2ccccc2[C@@H]1c1ccccc1,1.0,test,0.3574282150924419,0.954954241340072,0.0005062133936777,0.2967530908796194,0.8198481222478479,1619.570190135579,4474.432179612509,5457.635454899347,3.99180164778949,0.232770739393132
WOMBAT39,Fc1ccc2[nH]c(-c3ccccc3)c([C@@H]3C[NH2+]CC[C@@H]3F)c2c1,1.0,test,0.2192143556516034,0.9018337499212018,0.0004313478956256,0.4320831951176337,0.6758473910519308,1566.8266795914014,2450.768128911181,3626.215268948,3.4922919616255674,0.2552111262999552
WOMBAT63,F[C@@H]1CC[NH2+]C[C@H]1c1c(-c2ccccc2)[nH]c2cc(Cl)ccc12,1.0,test,0.2460837128132569,0.9196802178966692,0.0004479552509075,0.392668176466511,0.7330168654555739,1636.3618106283711,3054.69319151794,4167.289097256216,3.664534640495889,0.306439651347818
WOMBAT32,Fc1ccc2c([C@@H]3C[NH2+]CC[C@@H]3F)c(-c3ccccc3)[nH]c2c1,1.0,test,0.3103252049917712,0.9429199576710692,0.0006596572398696,0.3330194490200071,0.7813892511247283,1184.5382782111976,2779.3736397792663,3556.96426048688,3.464095207884672,0.2515849028824915
WOMBAT40,Fc1ccc(-c2[nH]c3cc(F)ccc3c2[C@@H]2C[NH2+]CC[C@@H]2F)cc1,1.0,test,0.3259953842461311,0.9468939710484972,0.0005763948334967,0.3215459649754723,0.7753908618026967,1345.2425607265686,3243.980339094001,4183.671099182303,3.638360658555897,0.2487048658480135
WOMBAT42,F[C@@H]1CC[NH2+]C[C@@H]1c1c(-c2ccccc2)[nH]c2ccccc12,1.0,test,0.2315111467773909,0.9136784832080868,0.0006261751198938,0.4064377311748624,0.7341023433468296,1172.3594886223236,2117.499882096988,2884.4750344252298,3.232874142628634,0.2530562472988661
WOMBAT05,C[NH+]1CCC[C@H](c2c(-c3ccccc3)[nH]c3ccccc23)C1,1.0,test,0.1698400983757746,0.8508238673106049,0.0003576817775144,0.5254509937326469,0.6071371307427268,1697.4225943570077,1961.3023781246272,3230.4108558231555,3.438026257818964,0.2854561046756694
WOMBAT31,Fc1cccc2c([C@@H]3C[NH2+]CC[C@@H]3F)c(-c3ccccc3)[nH]c12,1.0,test,0.1815402700920592,0.8554086367249951,0.0003199194407804,0.5179537278717911,0.592205095869133,1851.106936247529,2116.4727690034806,3573.8847635164293,3.468833422788387,0.2641915550057805
WOMBAT55,F[C@H]1CC[NH2+]C[C@H]1c1c(-c2ccccc2)[nH]c2c(Cl)cccc12,1.0,test,0.1985810299389122,0.8769153255901049,0.0003175928991577,0.480644891520965,0.6149445672663412,1936.2667392662493,2477.2898518122643,4028.476685020156,3.577388347848116,0.2527361847142275
WOMBAT29,c1ccc(-c2[nH]c3ccccc3c2[C@H]2CCC[NH2+]C2)cc1,1.0,test,0.187694577440429,0.8748086773563134,0.000438669283551,0.4844685521497732,0.6350986972015104,1447.7847458577976,1897.9275369730256,2988.397780275768,3.3789488832955072,0.2638169189928211
WOMBAT64,F[C@H]1CC[NH2+]C[C@H]1c1c(-c2ccccc2)[nH]c2ccc(Cl)cc12,1.0,test,0.2639242297892611,0.9252664501036614,0.0004540828862755,0.3793178038433848,0.7157690877845957,1576.2961111691918,2974.455768060449,4155.608028934025,3.632962093089773,0.261390634601374
WOMBAT41,Fc1ccc(-c2[nH]c3cc(F)ccc3c2[C@H]2CCC[NH2+]C2)cc1,1.0,test,0.3025004409402339,0.9394290528143696,0.0005186449175712,0.3427434240482174,0.7437369568930404,1434.000279759552,3111.7125214402336,4183.888527523772,3.732095992586741,0.2710262906727031
BMCL-16-2006-17782-20,CN(CCO)C(=O)N1CC(c2cc(F)ccc2F)=C[C@H]1c1cccc(O)c1,1.0,test,0.2292124021780934,0.9153036183028304,0.0003469914219414,0.4027645544505456,0.7879606465213305,2270.8360976554354,4442.6190435093495,5638.122999064123,4.061494291911414,0.2864954801019627
BMCL-16-2006-17782-18,CC(C)(C)[C@H](O)C(=O)N1CC(c2cc(F)ccc2F)=C[C@H]1c1cccc(O)c1,1.0,test,0.2252516159942446,0.9107444894797616,0.000290801524623,0.412970307506785,0.7320734790783806,2517.4334282713016,4462.660425416922,6095.918719846319,4.107979669372881,0.2561765452945801
BMCL-16-2006-1782-14,CC(C)(C)C(=O)N1CC(c2cc(F)ccc2F)=C[C@H]1c1cccc(O)c1,1.0,test,0.2854711703596962,0.9359038120713032,0.0004272556677411,0.3522556664560597,0.7915817426224525,1852.7120934576856,4163.376794677814,5259.566473684513,3.97172000819231,0.255880234517136
BMCL-16-2007-1777-17,CC(C)[C@@H](N)C(=O)N1CC(c2cc(F)ccc2F)=C[C@@H]1c1ccccc1,1.0,test,0.2985312677042505,0.940202616297987,0.0004736784292694,0.3406156783038918,0.8399404822207646,1773.2293267315067,4372.690955388256,5205.953335916206,3.9906182094788303,0.3050908536584162
BMCL-16-2007-1777-20,CC(C)(C)[C@@H](N)C(=O)N1CC(c2cc(F)ccc2F)=C[C@H]1c1ccccc1,1.0,test,0.2338729979865537,0.9177532554496864,0.0003886888516538,0.3971510570444231,0.8151498071766773,2097.1782537840354,4304.443910861757,5280.555638932762,3.970874961497296,0.3028231646912726
BMCL-16-2007-1777-21,CC(C)(C)[C@@H](NC(=O)OCCO)C(=O)N1CC(c2cc(F)ccc2F)=C[C@@H]1c1ccccc1,1.0,test,0.1588418267855275,0.8538533043791249,0.000149582812891,0.5205137218180224,0.6437472838980763,4303.617985624804,5322.515570779624,8268.020236994633,4.417418513372436,0.3076481109647206
BMCL-16-2006-17782-15,CC(C)[C@H](N)C(=O)N1CC(c2cc(F)ccc2F)=C[C@@H]1c1cccc(O)c1,1.0,test,0.1699587732126041,0.8820507419410112,0.0002898035301827,0.4711544212265355,0.7521681707232127,2595.4417126976105,4143.458189729781,5508.6858910100245,4.0550542134977015,0.3092786879221867
BMCL-16-2006-17782-19,CN(C)C(=O)N1CC(c2cc(F)ccc2F)=C[C@@H]1c1cccc(O)c1,1.0,test,0.2193160692912923,0.9114943970053702,0.0004383463701162,0.4113124897542216,0.8205804604039926,1871.9910015141804,3734.6768604389817,4551.262235272219,3.840436883038143,0.3055890483233397
BMCL-16-2007-1777-15,CN(CCCN)C(=O)N1CC(c2cc(F)ccc2F)=C[C@H]1c1ccccc1,1.0,test,0.2073265978950681,0.8889824901992502,0.0002210960882884,0.4579411884938283,0.6403973680063388,2896.46629645853,4050.496962004781,6324.974405523615,4.226813589034038,0.1957823656178743
BMCL-16-2007-1777-16,CC(C)(CN)C(=O)N1CC(c2cc(F)ccc2F)=C[C@@H]1c1ccccc1,1.0,test,0.2512733173039614,0.924130021967621,0.0004082856404723,0.3820781366397772,0.7873127868376942,1928.3381750258443,3973.546656966852,5046.973354677656,3.9191403960958016,0.2720834816494794
BMCL-16-2006-4313-12c,O=C1NC[C@@H](c2ccccc2)C12CCN([C@H]1CCCC[C@@]1(O)C1CCC(F)CC1)CC2,1.0,test,0.4087467485418145,0.9643705631066378,0.0004420324069249,0.2645551303856842,0.9136742478254716,2066.984758383426,7138.5905146857285,7813.058682211353,4.455796219540306,0.3173604182393246
RILUZOLE,Nc1nc2ccc(OC(F)(F)F)cc2s1,0.0,test,0.6949051064374749,0.9933895900535632,0.0034653508647401,0.1147916476631175,0.9251278572518644,266.9651337949689,2151.523104829955,2325.6494634386595,3.182499510744715,0.0360773078993038
TAMSULOSIN,CCOc1ccccc1OCC[NH2+][C@H](C)Cc1ccc(OC)c(S(N)(=O)=O)c1,0.0,test,0.6088735721663378,0.9878575405905884,0.0006582572673585,0.1553624134027077,0.9592780563942678,1457.2996060396083,8998.029208275952,9380.001083416548,4.921108222739312,0.2512590742985148
DOFETILIDE,C[NH+](CCOc1ccc(NS(C)(=O)=O)cc1)CCc1ccc(NS(C)(=O)=O)cc1,1.0,test,0.7833298138045095,0.9968908661895632,0.0007998811045957,0.0787946756311759,0.9722342659811356,1215.4734752392,14997.523024908069,15425.83258961073,5.9785771683593945,0.1592458314679775
DESMETHYL_OLANZAPINE,Cc1cc2c(s1)Nc1ccccc1N=C2N1CC[NH2+]CC1,1.0,test,0.1722453665089729,0.8483781177573099,0.0003838097624821,0.5293907529515073,0.5960817482563192,1553.0656239729492,1748.7159855612113,2933.6848354720155,3.2268360241949066,0.2538021572257595
2-HYDROXYMETHYLOLANZAPINE,C[NH+]1CCN(C2=Nc3ccccc3Nc3sc(CO)cc32)CC1,1.0,test,0.1957994665790457,0.8843104864907839,0.0003773911630437,0.4668993076482692,0.6520254193701334,1727.7177719569038,2412.7598528419207,3700.407654616723,3.449637459624164,0.2462686521536164
OLANZAPINE,Cc1cc2c(s1)Nc1ccccc1N=C2N1CC[NH+](C)CC1,1.0,test,0.175711759854721,0.8648813339680396,0.0003904845192319,0.5019763721069591,0.6323230930219533,1619.3294788373826,2039.8159785534776,3225.9077694046173,3.3140153532651717,0.261338954351571
LOMEFLOXACIN,CCn1cc(C(=O)[O-])c(=O)c2cc(F)c(N3CC[NH2+][C@H](C)C3)c(F)c21,0.0,test,0.5123039820266528,0.9793571993255598,0.000812113589359,0.2021372705099087,0.8516409301885132,1048.6721824968,4418.245832208434,5187.92096010515,3.893916321217268,0.150597534390355
