Drug_ID,Drug,Y,split,d3d_asphericity,d3d_eccentricity,d3d_inertial_shape_factor,d3d_npr1,d3d_npr2,d3d_pmi1,d3d_pmi2,d3d_pmi3,d3d_radius_of_gyration,d3d_spherocity_index
4-[(2R)-2-hydroxy-3-piperidin-1-ylpropoxy]-3-methylideneinden-1-one,C=C1CC(=O)c2cccc(OC[C@H](O)CN3CCCCC3)c21,1,train,0.7022960601877092,0.993748589689903,0.0014522037353355,0.1116411236477356,0.9282858263126406,639.2256153356861,5315.103065465509,5725.718216099765,4.401956617487357,0.0889467386431207
1-[2-[(2S)-3-(benzylamino)-2-hydroxypropoxy]phenyl]-3-phenylpropan-1-one,O=C(CCc1ccccc1)c1ccccc1OC[C@@H](O)CNCc1ccccc1,1,train,0.1223739815626394,0.845946227645412,0.0003548330811835,0.5332682063769569,0.8997653557796156,2535.7425885386047,4278.472455432982,4755.098012998993,3.853788222440864,0.5658679662277394
"1-[2-[(2S)-3-[[(1R)-2,2-dimethyl-1-phenylpropyl]amino]-2-hydroxypropoxy]phenyl]-3-phenylpropan-1-one",CC(C)(C)[C@@H](NC[C@H](O)COc1ccccc1C(=O)CCc1ccccc1)c1ccccc1,1,train,0.384682625458243,0.96040502386025,0.0002907384869872,0.2786075916840612,0.8780700318962352,3020.1368968902334,9518.375595416755,10840.10984278937,5.121773948483135,0.2787969665035165
1-[2-[(2S)-2-hydroxy-3-[[(1R)-2-methyl-1-phenylpropyl]amino]propoxy]phenyl]-3-phenylpropan-1-one,CC(C)[C@@H](NC[C@H](O)COc1ccccc1C(=O)CCc1ccccc1)c1ccccc1,1,train,0.5417773522836252,0.982328623512364,0.0005171206317794,0.1871643006246218,0.910777031846624,1761.2467495496546,8570.561167653173,9410.163923738985,4.782463051994853,0.1560211192835749
"N-[2-[2-[(2S)-6,7-dimethoxy-3,4-dihydro-1H-isoquinolin-2-yl]ethylcarbamoyl]phenyl]naphthalene-2-carboxamide",COc1cc2c(cc1OC)CN(CCNC(=O)c1ccccc1NC(=O)c1ccc3ccccc3c1)CC2,1,train,0.4928261652173752,0.9771135411697424,0.0002281938936372,0.2127184234210239,0.8499977946034056,3724.892813980273,14884.233467407224,17510.90833635863,5.953081315286172,0.1364887427011118
Permethrin,CC1(C)[C@H](C=C(Cl)Cl)[C@H]1C(=O)OCc1cccc(Oc2ccccc2)c1,0,train,0.7136869771004221,0.9941791353733216,0.0008382355716715,0.1077397177848292,0.9698509962465912,1157.0148404852284,10415.211945865116,10738.98154064171,5.33943069193915,0.1870401739712455
Meglitinide,COc1ccc(Cl)cc1C(=O)NCCc1ccc(C(=O)O)cc1,0,train,0.7371505550717514,0.995289358171739,0.0011489918398317,0.0969489221708405,0.9131856082915362,794.7711869087467,7486.144183128854,8197.834169917063,4.968471794235652,0.0395812844760796
Nitrarine,c1ccc2c3c([nH]c2c1)[C@H]1[C@H]2CC[C@@H]([C@H]4CCCNC42)N1CC3,0,train,0.0,0.0,0.0,0.0,0.0,0.0,0.0,0.0,0.0,0.0
Ascorbic acid,O=C1C(O)=C(O)O[C@H]1[C@H](O)CO,0,train,0.3867298536909662,0.9604155690468702,0.0025947943929539,0.2785712381642738,0.7838201857021655,302.074101836582,849.9505554042153,1084.3693118757951,2.5197061050440905,0.2139186120234842
Vinpocetine,CCOC(=O)C1=C[C@@]2(CC)CCCN3CCc4c(n1c1ccccc41)[C@H]32,1,train,0.1675157299108068,0.854904708815628,0.0003057713014134,0.5187850603524222,0.6233761172088207,2038.7005396750928,2449.718243063613,3929.759539124272,3.465561379998509,0.2427981290335744
Demeclocycline,CN(C)[C@@H]1C(=O)/C(=C(\N)O)C(=O)[C@]2(O)C(=O)C3=C(O)c4c(O)ccc(Cl)c4[C@@H](O)[C@H]3C[C@H]12,0,train,0.202732200616027,0.9014742637172976,0.0003398609600349,0.4328327065453303,0.9062970211883072,2666.669984970365,5583.670150901132,6160.971536218893,3.937101424113767,0.4486441335236887
Doxycycline-cyclate,C[C@H]1c2cccc(O)c2C(O)=C2C(=O)[C@]3(O)C(=O)/C(=C(/N)O)C(=O)[C@@H](N(C)C)[C@H]3[C@@H](O)[C@H]21,0,train,0.368412604793726,0.9573491395062154,0.0004323298948721,0.288933599788444,0.8407028511204899,1944.586439873851,5658.114409155591,6730.219127500815,4.0155567759102535,0.2240551963136739
Cefoperazone,CCN1CCN(C(=O)N[C@H](C(=O)N[C@H]2C(=O)N3C(C(=O)O)=C(CSc4nnnn4C)CS[C@@H]23)c2ccc(O)cc2)C(=O)C1=O,0,train,0.6777405609256679,0.9924959767790458,0.0002915928907353,0.1222772917487463,0.9240368707058664,3168.927981665395,23947.261619820518,25915.91567285333,6.408343298317766,0.0851010201093692
Kanamycin,NC[C@@H]1O[C@H](O[C@H]2C(O)[C@H](O[C@H]3O[C@H](CO)[C@H](O)[C@@H](N)[C@H]3O)[C@@H](N)C[C@H]2N)[C@H](O)[C@H](O)[C@@H]1O,0,train,0.5795141883118698,0.9856296375145608,0.0004859898096933,0.1689207437022327,0.93925660332414,1932.667279416543,10746.2852959041,11441.266697377188,4.989159551090034,0.1957555998230837
Amikacin,NCC[C@H](O)C(=O)N[C@@H]1C[C@@H](N)[C@H](O[C@H]2O[C@H](CN)[C@@H](O)[C@H](O)[C@@H]2O)[C@H](O)[C@H]1O[C@@H]1O[C@@H](CO)[C@H](O)[C@H](N)[C@@H]1O,0,train,0.3523879550494291,0.9539022970024592,0.0002132255840937,0.3001173233477741,0.8317691479857661,3900.888120536218,10811.233261088164,12997.877220222616,4.86406929731004,0.2379774493981078
Nebramycin,NC[C@@H]1O[C@H](O[C@H]2C(O)[C@H](O[C@H]3O[C@@H](CO)[C@H](O)[C@H](N)[C@@H]3O)[C@@H](N)C[C@@H]2N)[C@@H](N)C[C@H]1O,0,train,0.5769115449562306,0.9856288203637608,0.0005172579578643,0.1689255115970979,0.8921341581167217,1724.737424630837,9108.73174660179,10210.047069411792,4.743993221015932,0.1296807033736657
"N-[4-[2-[(2S)-6,7-dimethoxy-3,4-dihydro-1H-isoquinolin-2-yl]ethyl]phenyl]naphthalene-2-carboxamide",COc1cc2c(cc1OC)CN(CCc1ccc(NC(=O)c3ccc4ccccc4c3)cc1)CC2,1,train,0.8686803830063015,0.9989366469935728,0.0009288377560561,0.0461039617954722,0.9867565936222578,1062.3562481051988,22737.460985328096,23042.623816539977,7.085022549813115,0.0724344620443439
"N-[2-[[4-[2-[(2S)-6,7-dimethoxy-3,4-dihydro-1H-isoquinolin-2-yl]ethyl]phenyl]carbamoyl]phenyl]quinoline-3-carboxamide",COc1cc2c(cc1OC)CN(CCc1ccc(NC(=O)c3ccccc3NC(=O)c3cnc4ccccc4c3)cc1)CC2,1,train,0.6396716530083937,0.9902700973788796,0.0002223747945669,0.1391586656921662,0.9002141919540473,4048.184479303076,26187.61182992489,29090.42321703552,7.110551008500022,0.1036981085365813
"N-[2-[[4-[2-[(2R)-3,4-dihydro-1H-isoquinolin-2-yl]ethyl]phenyl]carbamoyl]phenyl]quinoline-3-carboxamide",O=C(Nc1ccccc1C(=O)Nc1ccc(CCN2CCc3ccccc3C2)cc1)c1cnc2ccccc2c1,1,train,0.5366675134347023,0.981842044938834,0.0002349422111428,0.1897002867428743,0.9060345013354666,3856.4142940857446,18418.76183677508,20328.985054792505,6.359955701093709,0.1754841839650716
"N-[2-[[4-[2-[(2R)-6,7-dimethoxy-3,4-dihydro-1H-isoquinolin-2-yl]ethyl]phenyl]carbamoyl]phenyl]quinoline-3-carboxamide",COc1cc2c(cc1OC)CN(CCc1ccc(NC(=O)c3ccccc3NC(=O)c3cnc4ccccc4c3)cc1)CC2,1,train,0.6396716530083937,0.9902700973788796,0.0002223747945669,0.1391586656921662,0.9002141919540473,4048.184479303076,26187.61182992489,29090.42321703552,7.110551008500022,0.1036981085365813
Cinepazic acid,COc1cc(/C=C/C(=O)N2CCN(CC(=O)O)CC2)cc(OC)c1OC,0,train,0.6599778443372525,0.9915082156933416,0.0007351006805933,0.1300440625811336,0.8876070765405921,1207.4632767637834,8241.460070118663,9285.031956076078,5.070044249189492,0.0536112781589697
Monocrotaline,C[C@@H]1C(=O)O[C@@H]2CCN3CC=C(COC(=O)[C@](C)(O)[C@]1(C)O)C23,0,train,0.3210280076300986,0.9463748123717264,0.0008618581832361,0.323070757742603,0.8385693428034989,972.9783381006082,2525.4833066418205,3011.657089917744,3.1629819227595544,0.2777802739343281
3-phenyl-1-[2-(6-piperidin-1-ylhexoxy)phenyl]propan-1-one,O=C(CCc1ccccc1)c1ccccc1OCCCCCCN1CCCCC1,1,train,0.5430313099027898,0.9821465324774036,0.0005783533762704,0.1881174865412898,0.9466057018998104,1636.725470514329,8235.98960053855,8700.549324823585,4.857553332926874,0.2298018830276568
10-[3-[4-(2-hydroxyethyl)piperazin-1-yl]propyl]-4-methoxyacridin-10-ium-9-one,COc1cccc2c(=O)c3ccccc3n(CCCN3CCN(CCO)CC3)c12,1,train,0.4909256999546237,0.9768551570790278,0.000504032656789,0.2139018515303404,0.840816942024252,1668.1794933303534,6557.369982048238,7798.8081047243,4.5009109951459,0.1491065244535811
10-[3-[4-(2-hydroxyethyl)piperazin-1-yl]propyl]acridin-10-ium-9-one,O=c1c2ccccc2n(CCCN2CCN(CCO)CC2)c2ccccc12,1,train,0.4676873508349957,0.973928552348496,0.0005400720446573,0.226854964504555,0.8668914754947427,1605.140432781846,6133.798134810423,7075.62400623424,4.501936788833909,0.187718196918079
10-[3-(4-methylpiperazin-1-yl)propyl]acridin-10-ium-9-one,CN1CCN(CCCn2c3ccccc3c(=O)c3ccccc32)CC1,1,train,0.466467428176563,0.9735323217035636,0.0006174656023555,0.2285493789063292,0.8104507368151342,1312.5439437004184,4654.364896393896,5742.933758915895,4.177784030161226,0.111902668650438
4-methoxy-10-[3-(4-methylpiperazin-1-yl)propyl]acridin-10-ium-9-one,COc1cccc2c(=O)c3ccccc3n(CCCN3CCN(C)CC3)c12,1,train,0.3875408758560294,0.9603880796758816,0.0004634347465583,0.2786659943668635,0.7752367309964963,1672.8066610319786,4653.675703897804,6002.90919899516,4.107010367574648,0.1484169269634733
2-[2-[2-(4-benzhydrylidenepiperidin-1-yl)ethoxy]ethoxy]aceticacid,O=C(O)COCCOCCN1CCC(=C(c2ccccc2)c2ccccc2)CC1,0,train,0.5746632363882539,0.9851462719567023,0.0004871737113366,0.1717172759212391,0.9465420610542472,1942.9251600156076,10709.815745498086,11314.67494806266,5.504563840773041,0.2240696138082936
Buflomedil,COc1cc(OC)c(C(=O)CCCN2CCCC2)c(OC)c1,0,train,0.4029783933719009,0.9639297577110716,0.0007555789894465,0.2661567624522716,0.8304829475178283,1099.1345168638366,3429.604661829145,4129.650912254909,3.752828420514849,0.1729328714564665
(5-acetyloxy-4-oxo-7-phenoxy-2-phenylchromen-6-yl)acetate,CC(=O)Oc1c(Oc2ccccc2)cc2oc(-c3ccccc3)cc(=O)c2c1OC(C)=O,1,train,0.3580581690213325,0.9548913391540884,0.0003474585978076,0.2969554350546753,0.8006607810993223,2304.334347030627,6213.020273118894,7759.865875518844,4.348434572093448,0.1383780857131638
Catechin,Oc1cc(O)c2c(c1)O[C@H](c1ccc(O)c(O)c1)[C@@H](O)C2,0,train,0.5646534785516859,0.984564130353727,0.0012729684207932,0.1750242075280136,0.8912485422324201,700.134054917889,3565.1837230171027,4000.212683755922,3.773275737108432,0.1629402472980588
Epicatechin,Oc1cc(O)c2c(c1)O[C@@H](c1ccc(O)c(O)c1)[C@H](O)C2,0,train,0.3178079205981096,0.9451993918208016,0.0008688812994064,0.3264936595120752,0.8753032684978033,1007.3910775795232,2700.7345385470453,3085.4843523914287,3.4208456768932987,0.3369043788393337
Harmalol,CC1=c2[nH]c3c(c2CCN1)C=CC(=O)C=3,1,train,0.5073187517195699,0.9784775918460932,0.0023699213690818,0.2063531009097515,0.8054192183809004,339.850608078581,1326.4749108114286,1646.937247757738,2.8763149558784837,0.0650307037367841
3-phenyl-1-[2-(4-piperidin-1-ylbutoxy)phenyl]propan-1-one,O=C(CCc1ccccc1)c1ccccc1OCCCCN1CCCCC1,1,train,0.5506928051752137,0.9829951785130168,0.0005995712129939,0.1836313672011462,0.9382232750905852,1564.82375197029,7995.115910153387,8521.549318184907,4.973341795839389,0.2008192987055282
"5-chloro-N-[2-[(2R)-6,7-dimethoxy-3,4-dihydro-1H-isoquinolin-2-yl]ethyl]-2-[(4-propan-2-ylbenzoyl)amino]benzamide",COc1cc2c(cc1OC)CN(CCNC(=O)c1cc(Cl)ccc1NC(=O)c1ccc(C(C)C)cc1)CC2,1,train,0.4643645905431498,0.9730765458703244,0.0001744335641098,0.2304821812572035,0.7964479312938774,4565.909865790067,15777.833441382996,19810.251017603827,6.119808280113401,0.0675123554601834
"N-[2-[(2S)-6,7-dimethoxy-3,4-dihydro-1H-isoquinolin-2-yl]ethyl]-2-[(4-pentylbenzoyl)amino]benzamide",CCCCCc1ccc(C(=O)Nc2ccccc2C(=O)NCCN2CCc3cc(OC)c(OC)cc3C2)cc1,1,train,0.2692618490765187,0.928671394564862,0.0001174958470321,0.370903546649199,0.7391210226301279,6290.614019982916,12535.671630605137,16960.242296988832,5.812160345783783,0.1863735346933898
"N-[2-[(2R)-6,7-dimethoxy-3,4-dihydro-1H-isoquinolin-2-yl]ethyl]-3-methyl-2-[(4-propan-2-ylbenzoyl)amino]benzamide",COc1cc2c(cc1OC)CN(CCNC(=O)c1cccc(C)c1NC(=O)c1ccc(C(C)C)cc1)CC2,1,train,0.5590342557097501,0.98395776788619,0.0003014829535832,0.1784015443218662,0.9158188854472192,3037.713656982266,15594.010389428631,17027.39552243854,5.880186690609522,0.1989604513377839
"3-chloro-N-[2-[(2R)-6,7-dimethoxy-3,4-dihydro-1H-isoquinolin-2-yl]ethyl]-2-[(4-propan-2-ylbenzoyl)amino]benzamide",COc1cc2c(cc1OC)CN(CCNC(=O)c1cccc(Cl)c1NC(=O)c1ccc(C(C)C)cc1)CC2,1,train,0.6347888601722552,0.989954758500665,0.000290882331754,0.1413844974595517,0.896318982375025,3081.379941401406,19534.668814576835,21794.32679514916,6.435994482665821,0.0858529748688202
"2-chloro-N-[2-[(2R)-6,7-dimethoxy-3,4-dihydro-1H-isoquinolin-2-yl]ethyl]-6-[(4-propan-2-ylbenzoyl)amino]benzamide",COc1cc2c(cc1OC)CN(CCNC(=O)c1c(Cl)cccc1NC(=O)c1ccc(C(C)C)cc1)CC2,1,train,0.582389410896873,0.9860506811206582,0.000310046061925,0.1664453491734939,0.9071552050162536,2925.8723667824133,15946.497513566876,17578.57688010638,5.830795994008766,0.1658172088412927
"N-[2-[(2R)-6,7-dimethoxy-3,4-dihydro-1H-isoquinolin-2-yl]ethyl]-2-[(4-propylbenzoyl)amino]benzamide",CCCc1ccc(C(=O)Nc2ccccc2C(=O)NCCN2CCc3cc(OC)c(OC)cc3C2)cc1,1,train,0.6041955780235464,0.9874978557700316,0.0003587698573404,0.1576324359057802,0.9589344331301204,2672.840021284808,16259.840913644486,16956.155031965718,5.981005974886861,0.2101902574143617
"2-[(4-bromobenzoyl)amino]-N-[2-[(2S)-6,7-dimethoxy-3,4-dihydro-1H-isoquinolin-2-yl]ethyl]benzamide",COc1cc2c(cc1OC)CN(CCNC(=O)c1ccccc1NC(=O)c1ccc(Br)cc1)CC2,1,train,0.3320111984494411,0.9487914439583076,0.0001584456581471,0.315903143180801,0.7939708167136638,5010.997625296528,12594.321908439664,15862.449404083902,5.57479521718223,0.2655222111687665
"4-amino-N-[2-[(2R)-6,7-dimethoxy-3,4-dihydro-1H-isoquinolin-2-yl]ethyl]-2-[(4-propan-2-ylbenzoyl)amino]benzamide",COc1cc2c(cc1OC)CN(CCNC(=O)c1ccc(N)cc1NC(=O)c1ccc(C(C)C)cc1)CC2,1,train,0.4562231328244917,0.972310456103762,0.000201641378006,0.233692911641099,0.8326192800052508,4129.208440443544,14711.864962142326,17669.378208548747,5.944273045489861,0.1551920924444432
"2-[(4-tert-butylbenzoyl)amino]-N-[2-[(2R)-6,7-dimethoxy-3,4-dihydro-1H-isoquinolin-2-yl]ethyl]benzamide",COc1cc2c(cc1OC)CN(CCNC(=O)c1ccccc1NC(=O)c1ccc(C(C)(C)C)cc1)CC2,1,train,0.5132506645400934,0.9792478891327296,0.0001977137098235,0.2026661580755238,0.8161358932319391,4127.866974730793,16622.905533686153,20367.815790895573,6.314295532215352,0.0560425660171539
"4-chloro-N-[2-[(2R)-6,7-dimethoxy-3,4-dihydro-1H-isoquinolin-2-yl]ethyl]-2-[(4-propan-2-ylbenzoyl)amino]benzamide",COc1cc2c(cc1OC)CN(CCNC(=O)c1ccc(Cl)cc1NC(=O)c1ccc(C(C)C)cc1)CC2,1,train,0.3464009971062718,0.95112604463586,0.0001311231254698,0.3088029261767834,0.7523541781540712,5737.768799042404,13979.25331436244,18580.68144003806,5.976677290396513,0.1233128142236543
Mefloquine,O[C@H](c1cc(C(F)(F)F)nc2c(C(F)(F)F)cccc12)[C@@H]1CCCCN1,1,train,0.2989988598065825,0.938932819796692,0.0004194611565387,0.3441005084399504,0.7561567228407293,1802.6859246759077,3961.380607352178,5238.835399717224,3.813390397658964,0.1961435601696557
Hydrastine,COc1ccc2c(c1OC)C(=O)O[C@@H]2[C@H]1c2cc3c(cc2CCN1C)OCO3,1,train,0.3362578537006528,0.9501532757634896,0.000496887778524,0.3117831819645028,0.847760140677958,1706.1400527824374,4639.113380168828,5472.200399111601,3.925734322900568,0.271187313044283
Noscapine,COc1ccc2c(c1OC)C(=O)O[C@@H]2[C@H]1c2c(cc3c(c2OC)OCO3)CCN1C,1,train,0.1150909991734487,0.8396720893748175,0.0003342382226567,0.5430937141276158,0.7931121432710742,2372.894808280544,3465.2798185580955,4369.217957332061,3.5135288067783605,0.3966588808524974
1-[2-[(3R)-3-hydroxy-4-[4-(2-methylphenyl)piperazin-1-yl]butoxy]-5-methoxyphenyl]-3-phenylpropan-1-one,COc1ccc(OCC[C@@H](O)CN2CCN(c3ccccc3C)CC2)c(C(=O)CCc2ccccc2)c1,1,train,0.504568238937357,0.9784815262989964,0.0003268173687813,0.2063344437838394,0.880179296257875,2693.183962467984,11488.555770462825,13052.51761692984,5.204844597792119,0.1717831157471465
1-[2-[4-[4-(4-fluorophenyl)piperazin-1-yl]butoxy]phenyl]-3-phenylpropan-1-one,O=C(CCc1ccccc1)c1ccccc1OCCCCN1CCN(c2ccc(F)cc2)CC1,1,train,0.5253688086850224,0.9807784642929904,0.0002640486519853,0.1951245857883707,0.8609330919242503,3260.509324516808,14386.092673368294,16709.884668522027,6.107039211459701,0.1342370767367553
Laudanosine,COc1cc(Br)c(C[C@H]2c3cc(OC)c(OC)cc3CCN2C)cc1OC,1,train,0.1342711324472315,0.8586683865278364,0.0003420045320878,0.5125315619331965,0.8593694411134385,2512.742845444846,4213.15402822584,4902.610945494041,3.650324701033117,0.2860996235943863
Laudanosine-6'-bromo,COc1ccc(C[C@H]2c3cc(OC)c(OC)cc3CCN2C)cc1OC,0,train,0.5103707958123694,0.9791103057389976,0.0006321303916974,0.2033298040024799,0.8421343816553696,1332.2162527165308,5517.661887870535,6551.996935482623,4.329723214458368,0.1283574528265834
N-N-Dibenzylethylene,Oc1ccc(C[C@H]2NCCc3cc(O)c(O)cc32)cc1O,0,train,0.5865373821091701,0.9864231159227922,0.0012521635489928,0.1642237387626085,0.8949165197499879,714.6961916195206,3894.646616268234,4351.966390514591,3.949040460009986,0.1553059242563143
Tretoquinol,COc1cc(C[C@@H]2NCCc3cc(O)c(O)cc32)cc(OC)c1OC,0,train,0.5168208042940761,0.9796893617278812,0.0006667178984695,0.2005212071508071,0.8222196886645525,1233.234761736477,5056.771382204337,6150.146307512454,4.2436526628813125,0.0780504889180594
Enoxacin,CCn1cc(C(=O)O)c(=O)c2cc(F)c(N3CCNCC3)nc21,0,train,0.5260238822140916,0.9807249785251264,0.0009343498374879,0.195393235545375,0.8306331643563863,888.9958889376837,3779.196686451542,4549.778227768983,3.7932190831185215,0.0974668236563279
dimethoxy(tetramethyl)BLAHdione,COc1ccc2c(c1)OC[C@H]1[C@@H]2C2=C(OC1(C)C)C1=C(C(=O)C2=O)[C@H]2c3ccc(OC)cc3OC[C@H]2C(C)(C)O1,1,train,0.2770346331259506,0.9335664522469502,0.0002095175452334,0.3584043515905503,0.8156442976012329,3892.9641748739655,8859.473987719177,10861.933337576716,4.656229513597829,0.2560609616550768
"N-[2-[(2S)-6,7-dimethoxy-3,4-dihydro-1H-isoquinolin-2-yl]ethyl]-2-[(4-phenylbenzoyl)amino]benzamide",COc1cc2c(cc1OC)CN(CCNC(=O)c1ccccc1NC(=O)c1ccc(-c3ccccc3)cc1)CC2,1,train,0.5033735230239132,0.9780251229851976,0.0002330952610464,0.2084870710854494,0.925528654001148,3970.6026190579496,17626.54383534391,19044.83860023425,6.159342236302914,0.2540653086328139
Suprofen,C[C@@H](C(=O)O)c1ccc(C(=O)c2cccs2)cc1,0,train,0.6396619451431806,0.9901263159248208,0.0020292707601113,0.1401780243588204,0.9482538896933412,467.2880072649002,3161.035208783852,3333.532551926688,3.656779302273824,0.1834928859759639
Chlorotrianisene,COc1ccc(C(Cl)=C(c2ccc(OC)cc2)c2ccc(OC)cc2)cc1,0,train,0.312616650374231,0.9426526689147215,0.000347556725612,0.3337752923569276,0.752833297794571,2166.073168254237,4885.598316778244,6489.615072939294,4.216246691383311,0.2143482425452669
Tamoxifen,CC/C(=C(/c1ccccc1)c1ccc(OCCN(C)C)cc1)c1ccccc1,1,train,0.5241808714449175,0.9805958009438748,0.0006326151614478,0.1960404937028075,0.8956150108944145,1415.7343444704518,6467.811350591094,7221.642415452542,4.508734208595663,0.2095331665210117
Hycanthone,CCN(CC)CCNc1ccc(CO)c2sc3ccccc3c(=O)c12,0,train,0.3307344507440683,0.9473333289594326,0.0004322137421878,0.3202492214551652,0.7515329198686866,1738.7992248104415,4080.462249211578,5429.518975595302,3.972038390078376,0.1217903771082437
"4-{4,5-bis[4-(dimethylamino)phenyl]-1-(2-phenylethyl)-1H-imidazol-2-yl}phenol",CN(C)c1ccc(-c2nc(-c3ccc(O)cc3)n(CCc3ccccc3)c2-c2ccc(N(C)C)cc2)cc1,1,train,0.2620253212292923,0.9178619580720782,0.0001317839347434,0.3968997681078821,0.6518895303629775,4946.6540184297655,8124.650665116565,12463.232321882348,5.039772918820309,0.1216519538048514
"4-{4,5-bis[4-(dimethylamino)phenyl]-1-(2-phenylethyl)-1H-imidazol-2-yl}benzoic acid",CN(C)c1ccc(-c2nc(-c3ccc(C(=O)O)cc3)n(CCc3ccccc3)c2-c2ccc(N(C)C)cc2)cc1,1,train,0.2471135506182323,0.9108673534531024,0.0001105605561779,0.4126992420799206,0.6473427283755692,5855.096525866846,9184.058930796302,14187.320762592984,5.247592995312463,0.1352663305742827
Amiodarone,CCCCc1oc2ccccc2c1C(=O)c1cc(I)c(OCCN(CC)CC)c(I)c1,1,train,0.3377690331621061,0.9505382585504712,0.0002047622768238,0.3106074999607026,0.834020008376402,4073.113570103692,10936.81966560919,13113.378043411743,4.668001672798232,0.1179000482158087
"tert-butyl2-[benzyl-[(3R,4S)-6-cyano-3-hydroxy-2,2-dimethyl-3,4-dihydrochromen-4-yl]amino]acetate",CC(C)(C)OC(=O)CN(Cc1ccccc1)[C@H]1c2cc(C#N)ccc2OC(C)(C)[C@@H]1O,1,train,0.2199264244000399,0.9112281334084744,0.0003011608316709,0.4119020379712969,0.788506517264167,2618.223999745121,5012.081750370813,6356.423999843309,4.068336702970523,0.349914174531032
Amoxapine,Clc1ccc2c(c1)C(N1CCNCC1)=Nc1ccccc1O2,1,train,0.1706005112292326,0.8434867242829766,0.0003065477553436,0.5371500218359616,0.5892207385753093,1922.1172828841363,2108.4451624489066,3578.3621050863985,3.4819976642604185,0.1997771048929437
Loxapine,CN1CCN(C2=Nc3ccccc3Oc3ccc(Cl)cc32)CC1,1,train,0.1642841379320407,0.8452387849081443,0.0002879318525279,0.5343888064761496,0.606847845974703,2107.60928548486,2393.38500274117,3943.9622610787687,3.5889656432540766,0.2719033847665522
Levobunolol,CC(C)(C)NC[C@H](O)COc1cccc2c1CCCC2=O,0,train,0.6229793126757505,0.988948995159071,0.0013933895617623,0.1482561464960692,0.9531160258577426,684.0269598777725,4397.504406979456,4613.818556898135,4.0787649566612485,0.2083469938288323
(2R)-4-[(2S)-2-hydroxy-3-piperidin-1-ylpropoxy]-3-methylidene-2-phenylinden-1-one,C=C1c2c(OC[C@@H](O)CN3CCCCC3)cccc2C(=O)[C@@H]1c1ccccc1,1,train,0.6255016446550143,0.9892553224723618,0.0007809453611753,0.1461981770067724,0.9293782959812192,1190.0682713352512,7565.235386373086,8140.103356282771,4.730641716275686,0.1464120788376536
Nelfinavir,Cc1c(O)cccc1C(=O)N[C@@H](CSc1ccccc1)[C@H](O)CN1C[C@H]2CCCC[C@H]2C[C@H]1C(=O)NC(C)(C)C,1,train,0.1168133556013322,0.8413173771032587,0.0001395572455301,0.5405414609297728,0.8885212134177726,6366.715035413967,10465.360712609883,11778.402760192952,5.019395286727776,0.6764584459532431
Ergonovine(Ergometrine),C[C@@H](CO)NC(=O)[C@@H]1C=C2c3cccc4[nH]cc(c34)C[C@@H]2N(C)C1,0,train,0.5472478239093416,0.9826946428834662,0.0009786376498639,0.1852329313273881,0.9341555154247512,954.5468800986778,4813.913089782348,5153.224500947799,4.096500695216573,0.2643030116951478
Methylergonovine,CC[C@H](CO)NC(=O)[C@@H]1C=C2c3cccc4[nH]cc(c34)C[C@H]2N(C)C1,0,train,0.4697404259279591,0.9741048613099416,0.0006334250252377,0.2260967031434548,0.8262157932088682,1304.3624111611157,4766.477393018591,5769.046576205571,4.176167409922952,0.1259448088637658
Methysergide,CC[C@@H](CO)NC(=O)[C@H]1C=C2c3cccc4c3c(cn4C)C[C@@H]2N(C)C1,0,train,0.5124496565603752,0.9793290051152294,0.0006424713380496,0.2022738236648896,0.8397608269309349,1307.0790511530115,5426.474691450055,6461.9288223792655,4.320398614720755,0.0830323473706475
Lysergol,CN1C[C@H](CO)C=C2c3cccc4[nH]cc(c34)C[C@@H]21,1,train,0.3728284544799697,0.9582211322998166,0.0012389369574309,0.2860284279823552,0.8552841585459151,690.3371099038127,2064.2507401170787,2413.5262175632374,3.1874963082257355,0.2922032566473607
Lysuride,CCN(CC)C(=O)N[C@H]1C=C2c3cccc4[nH]cc(c34)C[C@H]2N(C)C1,1,train,0.5232191501449482,0.9799640724412974,0.0009387016976394,0.1991743375143184,0.9528384499418175,1015.0598985150604,4855.987535189662,5096.338771264089,4.025187390150784,0.280135139133824
Felodipine,CCOC(=O)C1=C(C)NC(C)=C(C(=O)OC)[C@H]1c1cccc(Cl)c1Cl,0,train,0.0879074942498119,0.793025000907755,0.0003157730702641,0.609189090459814,0.7294497641501368,2310.044246458237,2766.0725662100467,3791.998712115189,3.396946046711278,0.2369265168595466
Nitrendipine,CCOC(=O)C1=C(C)NC(C)=C(C(=O)OC)[C@H]1c1cccc([N+](=O)[O-])c1,1,train,0.0418099886314701,0.6953441800084001,0.0003067983681996,0.7186768893796751,0.7818781426919272,2548.5081530257985,2772.626824055765,3546.1111810977245,3.507579151035482,0.552078050887072
Danitracen,CN1CCC(=C2c3ccccc3C(O)c3ccccc32)CC1,0,train,0.1562223156637322,0.8668043271990652,0.000490033951727,0.498648431611868,0.7081942982364351,1445.1943497801417,2052.5049984604207,2898.222992717712,3.3128081854629765,0.2986765312986972
Heliotrine,CO[C@@H](C)[C@@](O)(C(=O)OCC1=CCN2CC[C@H](O)C12)C(C)C,0,train,0.2735320778939826,0.93166794979942,0.0007847998405078,0.3633109292555692,0.8878543779437051,1131.3131477818786,2764.687902842707,3113.8979223662773,3.3442254135996845,0.3654598283447144
[dibenzyl-(hydroxymethyl)-diphenylBLAHyl]methanol,OCC12[C@H](c3ccccc3)C3[C@@H]4N(Cc5ccccc5)[C@H]1C1[C@H]2N(Cc2ccccc2)[C@H]3C4(CO)[C@H]1c1ccccc1,1,train,0.12011975863531,0.8069529924308084,0.0001243125839609,0.5906156686094297,0.6408988091030522,5155.54249362442,5594.468992371255,8729.098748366845,4.19012681707736,0.3902818503952321
Amoxicillin,CC1(C)S[C@H]2[C@@H](NC(=O)[C@@H](N)c3ccc(O)cc3)C(=O)N2[C@@H]1C(=O)O,0,train,0.6636985697827615,0.991646735286204,0.0011096475501529,0.1289835353687174,0.9438970856747309,850.6278282186152,6224.865257059048,6594.855892164658,4.324978914133223,0.145625694606448
Carbenicillin,CC1(C)S[C@H]2[C@H](NC(=O)[C@H](C(=O)O)c3ccccc3)C(=O)N2[C@@H]1C(=O)O,0,train,0.3771923413277934,0.9590462602072346,0.0005589938984923,0.2832494850525192,0.8647195627547422,1546.9212903521643,4722.5261559127,5461.338403017183,3.9370374734404505,0.2565266125727888
Clebopride,COc1cc(N)c(Cl)cc1C(=O)NC1CCN(Cc2ccccc2)CC1,0,train,0.6944073510557065,0.9933639728912436,0.0008908654579244,0.115013118215813,0.9256586160604936,1039.0554576188258,8362.61681997686,9034.234300726635,4.965337934478161,0.13336911206127
(5-hydroxy-4-oxo-2-phenyl-6-phenylmethoxychromen-7-yl)acetate,CC(=O)Oc1cc2oc(-c3ccccc3)cc(=O)c2c(O)c1OCc1ccccc1,1,train,0.628869552089149,0.989556550298816,0.0007497874963111,0.1441451829257811,0.9023536498254991,1203.479191457562,7533.819853417668,8349.07672271796,4.607654573972513,0.0852712476146958
Desmethylazelastine,O=c1c2ccccc2c(Cc2ccc(Cl)cc2)nn1[C@H]1CCCNCC1,1,train,0.3322828094252418,0.9487278711811008,0.000400618438626,0.3160940151982891,0.7870255373543992,1964.5264957186337,4891.369170561509,6215.006932308622,4.214875030342509,0.2142152947200635
10-(4-morpholin-4-ylbutyl)acridin-10-ium-9-one,O=c1c2ccccc2n(CCCCN2CCOCC2)c2ccccc12,1,train,0.5092734734034866,0.9788387077922488,0.0006264775716871,0.2046332918359099,0.8193360570734602,1307.8457938516367,5236.514578741027,6391.168231317727,4.384564946825227,0.0877406692550367
4-methoxy-10-(4-morpholin-4-ylbutyl)acridin-10-ium-9-one,COc1cccc2c(=O)c3ccccc3n(CCCCN3CCOCC3)c12,1,train,0.3564898705675021,0.954424584237322,0.0004331406983861,0.2984521955077818,0.7925435192868262,1829.7599884742035,4858.950420010417,6130.831054404135,4.182224738935157,0.1990339574142922
Cefotaxime,CO/N=C(/C(=O)N[C@H]1C(=O)N2C(C(=O)O)=C(COC(C)=O)CS[C@@H]12)c1csc(N)n1,1,train,0.4708925298688406,0.9736678526059482,0.0004494304840823,0.2279712981972104,0.940027170111265,2091.59637230808,8624.583157722313,9174.823273141645,4.672846833477075,0.2566331138357912
"(2S)-3-[4-[(2R)-butan-2-yl]phenyl]-2-(4-methoxyphenyl)-1,2-dihydroquinazolin-4-one",CC[C@@H](C)c1ccc(N2C(=O)c3ccccc3N[C@@H]2c2ccc(OC)cc2)cc1,1,train,0.2430606046016496,0.9177513990807404,0.0002764674698365,0.3971553467918361,0.7230947923801306,2615.478749842609,4761.96299223778,6585.530752563376,4.250127938188277,0.2131706935609363
"(2S)-3-(4-ethylphenyl)-2-[4-(2-methylpropoxy)phenyl]-1,2-dihydroquinazolin-4-one",CCc1ccc(N2C(=O)c3ccccc3N[C@@H]2c2ccc(OCC(C)C)cc2)cc1,1,train,0.2016088621170554,0.8839221509404662,0.0001838872282029,0.4676340781816267,0.6337661592429864,3446.493622404135,4670.897883276497,7370.065149669298,4.397054676935087,0.1845893134597808
"(2R)-2-[4-[(2S)-butan-2-yl]phenyl]-3-(4-chlorophenyl)-1,2-dihydroquinazolin-4-one",CC[C@H](C)c1ccc([C@@H]2Nc3ccccc3C(=O)N2c2ccc(Cl)cc2)cc1,1,train,0.1923566677375026,0.8774104783310929,0.0002016344978667,0.4797404011700525,0.6324478813248915,3136.605531375075,4135.027023014744,6538.130880211711,4.202788251258418,0.251047938548903
"(2S)-3-[4-[(2R)-butan-2-yl]phenyl]-2-(4-propan-2-ylphenyl)-1,2-dihydroquinazolin-4-one",CC[C@@H](C)c1ccc(N2C(=O)c3ccccc3N[C@@H]2c2ccc(C(C)C)cc2)cc1,1,train,0.2490875833872831,0.918945545825967,0.0002402910630651,0.3943844365674382,0.70779793590778,2945.5857695207096,5286.414306436713,7468.81848370562,4.4381782715626334,0.1806690428042966
"(2R)-1-[4-(6,11-dihydro-5H-dibenzo[BLAH,BLAH][7]annulen-11-yl)piperazin-1-yl]-3-quinolin-5-yloxypropan-2-ol",O[C@@H](COc1cccc2ncccc12)CN1CCN(C2c3ccccc3CCc3ccccc32)CC1,1,train,0.5422481034609471,0.9821174356111388,0.0003844630977166,0.1882693354442001,0.9419713168379223,2450.095529147878,12258.606567685909,13013.779027621018,5.37589276424549,0.2431243843634884
Ornidazole,Cc1ncc([N+](=O)[O-])n1C[C@H](O)CCl,0,train,0.2784485762587083,0.9313757474064124,0.0012706950787612,0.3640593593675991,0.7318640655632751,575.955693695419,1157.8366679116907,1582.0378706810372,2.747497413500237,0.1989636551967306
Metronidazole,Cc1ncc([N+](=O)[O-])n1CCO,0,train,0.1611486009058176,0.8638261696495986,0.001622917423901,0.5037899846448943,0.6729864404011779,414.676945659697,553.9450367848444,823.1147071174703,2.287842015835311,0.3096878226911649
Tinidazole,CCS(=O)(=O)CCn1c([N+](=O)[O-])cnc1C,0,train,0.1077797833017624,0.8334392433523385,0.0010531609517684,0.5526110998163912,0.8495588450125408,806.6752224206386,1240.1453218866102,1459.7521162507628,2.6627809419980237,0.6709668660252766
Etanidazole,O=C(Cn1ccnc1[N+](=O)[O-])NCCO,0,train,0.4243087517455445,0.9674726165968464,0.0018419726053719,0.2529757619521117,0.8228459962341684,446.7199967222036,1453.031539085508,1765.8608606415328,2.925282421897646,0.2385852599543308
Mitoxantrone,O=C1c2c(O)ccc(O)c2C(=O)c2c(NCCNCCO)ccc(NCCNCCO)c21,0,train,0.3805898138110999,0.9586380270437784,0.0002536064340908,0.2846280609947159,0.7593741424523301,2994.301564841883,7988.654298873532,10520.050462970592,4.918181741597267,0.0713092115280818
Delsoline,CCN1C[C@]2(COC)CC[C@@H](O)[C@@]34[C@H]5C[C@H]6[C@H](OC)C[C@](O)([C@H]5[C@@H]6OC)[C@@](O)([C@@H](OC)[C@@H]23)[C@@H]14,0,train,0.0,0.0,0.0,0.0,0.0,0.0,0.0,0.0,0.0,0.0
Karakoline,CCN1C[C@]2(C)CC[C@@H](O)[C@]34[C@@H]5C[C@@H]6[C@@H](OC)C[C@](O)([C@@H](C[C@H]23)[C@@H]14)[C@H]5[C@@H]6O,0,train,0.0,0.0,0.0,0.0,0.0,0.0,0.0,0.0,0.0,0.0
"(1R)-1-methyl-1,2,3,4-tetrahydroisoquinoline-6,7-diol",C[C@H]1NCCc2cc(O)c(O)cc21,0,train,0.3756873740332724,0.957065564503062,0.0021545830942081,0.2898715323077361,0.7413450824570419,344.0782044795054,879.9783919475359,1187.0023997879923,2.5935635617595048,0.1432969120005063
"6,7-dimethoxy-1,2,3,4-tetrahydroisoquinoline",COc1cc2c(cc1OC)CNCC2,0,train,0.3512724862458826,0.9499624329472368,0.0014999726934685,0.3123641720635813,0.7035155126229975,469.0188799345152,1056.337721343507,1501.5130475304543,2.7985083358035614,0.0796851909538306
Salsolidine,COc1cc2c(cc1OC)[C@@H](C)NCC2,0,train,0.3243904325408546,0.9438105342442248,0.0012922950616787,0.3304870276571089,0.7122217210192053,551.1293373620285,1187.7207040253843,1667.6277470528833,2.866595509952663,0.1266181195526924
Salsolinol,C[C@@H]1NCCc2cc(O)c(O)cc21,0,train,0.3906100969306585,0.9609315778475346,0.0023923443948161,0.2767860233022025,0.7737575886780478,323.43068596422273,904.153124100947,1168.5224640519234,2.585508771432438,0.1550600901977352
"N-[2-[[4-[2-[(2S)-6,7-dimethoxy-3,4-dihydro-1H-isoquinolin-2-yl]ethyl]phenyl]carbamoyl]phenyl]furan-3-carboxamide",COc1cc2c(cc1OC)CN(CCc1ccc(NC(=O)c3ccccc3NC(=O)c3ccoc3)cc1)CC2,1,train,0.7034571325050247,0.9937851603626272,0.0003396995471165,0.1113151159682619,0.9395401654193222,2765.7975213520817,23344.339518708217,24846.55832493282,6.962350549411411,0.1069725254131812
Fluorometholone,CC(=O)[C@@]1(O)CC[C@@H]2[C@H]3C[C@H](C)C4=CC(=O)C=C[C@@]4(C)[C@]3(F)[C@H](O)C[C@@]21C,0,train,0.425977330775131,0.9666221310193605,0.0008131784597248,0.2562062759254547,0.9488742063959268,1166.8708080597694,4321.570999636403,4554.41930079527,3.6521591709970926,0.3407907568675438
Clobetasol,CCC(=O)O[C@]1(C(=O)CCl)[C@H](C)C[C@@H]2[C@H]3CCC4=CC(=O)C=C[C@@]4(C)[C@@]3(F)[C@H](O)C[C@]21C,0,train,0.3827764648007022,0.9590514416476348,0.0004674188971993,0.2832319407722109,0.9317123596524542,1993.3134180819932,6557.151510612007,7037.7423275333,4.085407129648299,0.3461130036447186
Methylprednisolone,C[C@@H]1C[C@H]2[C@H]3CC[C@@](O)(C(=O)CO)[C@@]3(C)C[C@H](O)[C@H]2[C@@]2(C)C=CC(=O)C=C12,1,train,0.2815875995656519,0.9295757453970338,0.0006495733475885,0.3686311619621284,0.9871623229620669,1519.708785199991,4069.648498077891,4122.572755680702,3.601017237959944,0.5259319019024946
Decadronal,CC(=O)OCC(=O)[C@@]1(O)[C@@H](C)C[C@@H]2[C@H]3CCC4=CC(=O)C=C[C@@]4(C)[C@]3(F)[C@H](O)C[C@@]21C,1,train,0.4971981321000568,0.977336480190806,0.0005968559120182,0.2116917676440117,0.9206620881692468,1542.5198437861566,6708.525117570086,7286.631223090883,4.228449476856537,0.2984114687092893
Triamcinolone,C[C@]12C=CC(=O)C=C1CC[C@H]1[C@@H]3C[C@H](O)[C@@](O)(C(=O)CO)[C@]3(C)C[C@H](O)[C@]12F,0,train,0.3029209014713371,0.938539143595013,0.0006114351968613,0.3451728203957254,0.951799219627305,1556.6640986864386,4292.434359846087,4509.810757700423,3.62369879129054,0.4100373013508704
Prednisolone,C[C@]12C=CC(=O)C=C1CC[C@@H]1[C@H]2[C@@H](O)C[C@]2(C)[C@@H]1CC[C@@]2(O)C(=O)CO,0,train,0.4307477364796737,0.9680437695394424,0.0007819298763963,0.2507812996534363,0.9171553197987165,1172.9380696201974,4289.659523390466,4677.135301719557,3.750384064066903,0.3733599497874318
Picrotoxinin,C=C(C)[C@H]1[C@@H]2OC(=O)[C@@H]1[C@@]1(O)C[C@@H]3O[C@]34C(=O)O[C@H]2[C@@]14C,0,train,0.0,0.0,0.0,0.0,0.0,0.0,0.0,0.0,0.0,0.0
Loperamide,CN(C)C(=O)C(CCN1CCC(O)(c2ccc(Cl)cc2)CC1)(c1ccccc1)c1ccccc1,1,train,0.4838125498634812,0.9749622686970776,0.0003877483578044,0.2223703546272475,0.9649732809767037,2488.658588886636,10799.501794087308,11191.503440547624,5.065317669325297,0.4013066160960553
4-[[2-[2-(3-methoxyphenyl)ethyl]phenoxy]methyl]pyridine,COc1cccc(CCc2ccccc2OCc2ccncc2)c1,1,train,0.6725635901055317,0.9920404679839392,0.0013177987875773,0.1259194579173817,0.969338933530355,735.574309726287,5662.51498152282,5841.625447664428,4.3772411661884885,0.2133719289419183
2-[4-[2-(3-phenylpropanoyloxy)ethyl]piperazin-1-yl]ethyl3-phenylpropanoate,O=C(CCc1ccccc1)OCCN1CCN(CCOC(=O)CCc2ccccc2)CC1,0,train,0.7472874095902544,0.9956734299341868,0.0005963103358615,0.0929215848072555,0.9440664089250972,1583.1796837147149,16084.817771758648,17037.80329402105,6.290245077788331,0.0834185864666151
Sulfasalazine,O=C(O)c1cc(/N=N/c2ccc(S(=O)(=O)Nc3ccccn3)cc2)ccc1O,0,train,0.7087919779611896,0.9940592106671496,0.0008041588137568,0.1088406435473589,0.9262980346789138,1151.884452215877,9803.215687533992,10583.219785122525,5.19913685164171,0.0731486433240669
Celestin_blue,CCN(CC)c1ccc2[nH]c3c(C(=N)O)cc(=O)c(=O)c=3oc2c1,0,train,0.5088714665911345,0.9787648272091848,0.0007615435280817,0.2049863727621292,0.816152725352477,1071.7085698413446,4267.004963664655,5228.194222866606,4.017532708811752,0.0680926655998851
"(3R,4S)-3-hydroxy-2,2-dimethyl-4-(methylamino)-3,4-dihydrochromene-6-carbonitrile",CN[C@H]1c2cc(C#N)ccc2OC(C)(C)[C@@H]1O,0,train,0.3241120085395551,0.9453578580901788,0.0011318811247991,0.3260345382734003,0.7441258093714882,657.4239936226047,1500.4734281998883,2016.4243859075864,2.9975694387331164,0.2327133319655316
"6-hydroxy-2,5,7,8-tetramethylchroman-2-carboxylic-acid",Cc1c(C)c2c(c(C)c1O)CC[C@](C)(C(=O)O)O2,0,train,0.266897282264506,0.9301581883805472,0.001117459069285,0.3671590181224182,0.8120457606730017,726.6894895690101,1607.219461332662,1979.22277188005,2.9353246627338643,0.2547884928788248
Testosterone,C[C@@]12CCC(=O)C=C1CCC1[C@H]2CC[C@@]2(C)[C@H](O)CC[C@H]12,1,train,0.5210286331405806,0.9797445442007298,0.001511807526649,0.2002514122519598,0.9510263096039988,629.0657327999784,2987.534797559179,3141.379757204792,3.422728843210389,0.39193879029667
Cortisol(Hydrocortisone),C[C@@]12CCC(=O)C=C1CC[C@H]1[C@H]2[C@@H](O)C[C@@]2(C)[C@@H]1CC[C@@]2(O)C(=O)CO,0,train,0.5126559601709708,0.9792404193460738,0.0008762385657588,0.2027022474441894,0.9104523263345756,1039.0461706579474,4666.953697713816,5125.972621216401,3.865495203892462,0.2864636357724487
Levonorgestrel,C#C[C@]1(O)CC[C@@H]2[C@@H]3CCC4=CC(=O)CC[C@H]4[C@H]3CC[C@]21CC,0,train,0.5161935235734642,0.978857590044464,0.001256668675302,0.2045429500431245,0.972465090988428,773.8436630917747,3679.109683715334,3783.282009615206,3.630421302835894,0.3838990186379196
Norethindrone,C#C[C@]1(O)CC[C@@H]2[C@@H]3CCC4=CC(=O)CC[C@H]4[C@H]3CC[C@]21C,0,train,0.4848706565901121,0.9752417901596772,0.0012979882359744,0.2211412460988404,0.9576882829602172,737.8250868670236,3195.2720400735684,3336.4426577267645,3.4899574506802526,0.3723121750540751
Fludrocortisone,C[C@]12C[C@H](O)[C@]3(F)[C@H](CCC4=CC(=O)CC[C@]43C)[C@H]1CC[C@@]2(O)C(=O)CO,0,train,0.4315868664881233,0.967040323578326,0.0008134598802961,0.2546232757890105,0.969267866458952,1191.5373946974842,4535.7947139188245,4679.609085246521,3.698233545695177,0.3908890458997196
"1-[4-[(2S)-3-(3,3-diphenylpropylamino)-2-hydroxypropoxy]phenyl]-3-phenylpropan-1-one",O=C(CCc1ccccc1)c1ccc(OC[C@@H](O)CNCCC(c2ccccc2)c2ccccc2)cc1,1,train,0.7056097463559969,0.9938910010305916,0.0004000960243242,0.1103661092473964,0.9383431970268024,2345.294979152868,19939.921808570278,21250.137339676072,6.640454294955257,0.103949652820325
Sevedindione,C[C@H]1[C@@H]2CC[C@@]3(O)[C@@H](C[C@@H]4[C@@H]3CC(=O)[C@@H]3CC(=O)CC[C@]34C)[C@H]2CN2C[C@H](C)CC[C@H]12,0,train,0.5075491192345185,0.978834726939218,0.0004917550337387,0.2046523328423761,0.855021701519721,1738.7146909692826,7264.216209423354,8495.94366612203,4.523311393404571,0.156700157071247
1-Phenethylpiperidine,c1ccc(CCN2CCCCC2)cc1,0,train,0.7082488076665739,0.993982888157246,0.0041679817345691,0.1095354648074304,0.952199765104086,228.45583923906625,1985.9832323945088,2085.6791874732494,3.3701373483839823,0.1752294701135328
Zolpidem,Cc1ccc(-c2nc3ccc(C)cn3c2CC(=O)N(C)C)cc1,0,train,0.2678699150043452,0.926851870475629,0.0004809140280221,0.3754272368859615,0.718021932897767,1493.0359504187838,2855.5002239520163,3976.898327364307,3.6799222593125256,0.189150202185077
Albendazole,CCSc1ccc2nc(NC(=O)OC)[nH]c2c1,0,train,0.6796550587001642,0.9925680139422656,0.0022782789611925,0.1216911570275612,0.93826723701877,411.8315855963606,3175.317692534065,3384.2359268807577,3.724249715250697,0.0962103257856367
Sisomicin,CN[C@@H]1[C@H](O)[C@@H](O[C@@H]2C(O)[C@H](O[C@H]3OC(CN)=CC[C@H]3N)[C@@H](N)C[C@@H]2N)OC[C@]1(C)O,0,train,0.359550014540223,0.9546616089910446,0.000426276791997,0.2976931512793497,0.9098101663705584,2134.3178503998497,6522.904776998944,7169.522850047179,4.205022064197756,0.3347654302654122
Eserine,CNC(=O)Oc1ccc2c(c1)[C@]1(C)CCN(C)[C@@H]1N2C,0,train,0.5298256507784826,0.9812089624547786,0.0014101034568087,0.192948107009156,0.890778984511581,631.7117940605087,2916.4089720274173,3273.998402226003,3.519658562688824,0.1651782918545558
Boldine,COc1cc2c(cc1O)C[C@H]1c3c(cc(O)c(OC)c3-2)CCN1C,0,train,0.2645405859121965,0.9242147321840332,0.0004784172751903,0.3818731842038604,0.7000001217209043,1463.1581216257869,2682.0706601074467,3831.528848186129,3.490375312323874,0.2253569994954624
Isocorydine,COc1ccc2c(c1O)-c1c(OC)c(OC)cc3c1[C@H](C2)N(C)CC3,0,train,0.235871755186565,0.9111055557344822,0.0004114499920777,0.4121731023608412,0.6858695655986928,1666.9572944581969,2773.871630324602,4044.313626751029,3.5251561801662508,0.2143262284597801
Sulfachlorpyridazine,Nc1ccc(S(=O)(=O)Nc2ccc(Cl)nn2)cc1,0,train,0.3352123479035462,0.949469371792447,0.0008133665055253,0.3138597011851889,0.7884938951337835,969.4201688628776,2435.4253893746195,3088.7054476958274,3.376844338217323,0.2357444185645592
"(6Z)-6-[(1S)-1-phenylpropyl]-7-[(1R)-1-phenylpropyl]-5,8-dioxa-1,12-diazabicyclo[10.2.2]hexadec-6-ene",CC[C@H](C1=C([C@H](CC)c2ccccc2)OCCCN2CCN(CCCO1)CC2)c1ccccc1,0,train,0.2255056593071757,0.9129008928872488,0.0002443659927845,0.4081812829683202,0.7662053857597555,3135.482875619369,5885.678659213543,7681.593954573172,4.248539292223349,0.3409795825461157
"[(2S,3S,4S)-4-(4-benzylpiperazin-1-yl)-3-hydroxy-2-methyl-3,4-dihydro-2H-quinolin-1-yl]-(4-methylphenyl)methanone",Cc1ccc(C(=O)N2c3ccccc3[C@H](N3CCN(Cc4ccccc4)CC3)[C@@H](O)[C@@H]2C)cc1,1,train,0.5873530933720366,0.986255175898014,0.0005437459762254,0.1652293194756221,0.9442922615249942,1736.6422977141815,9924.981159354327,10510.497187942512,4.9328261281472106,0.1937750528144424
Flavoxate,Cc1c(-c2ccccc2)oc2c(C(=O)OCCN3CCCCC3)cccc2c1=O,1,train,0.3622505331143593,0.9552549072931004,0.0003455321754356,0.2957838097199542,0.7729710208762071,2237.0449869150902,5846.06354525937,7563.108302084237,4.470355853909309,0.1475315552245547
Sulfamethizole,Cc1nnc(NS(=O)(=O)c2ccc(N)cc2)s1,0,train,0.6059333496445981,0.9878782031405114,0.0019884920753196,0.1552309755167257,0.91858642173204,461.95126102495954,2733.6177877320583,2975.8961411357327,3.378506762282968,0.070768188835264
Rescinnamine,COC(=O)[C@@H]1[C@H]2C[C@@H]3c4[nH]c5cc(OC)ccc5c4CCN3C[C@@H]2C[C@@H](OC(=O)/C=C/c2cc(OC)c(OC)c(OC)c2)[C@H]1OC,1,train,0.7308700435350973,0.9948452003299372,0.0003435935635115,0.1014052630808025,0.9951908406408596,2896.418752638994,28425.441892398656,28562.804973259103,6.868306578210903,0.1750551596378294
Hoechst33342(Bisbenzimide),CCOc1ccc(-c2nc3ccc(-c4nc5ccc(N6CCN(C)CC6)cc5[nH]4)cc3[nH]2)cc1,0,train,0.8081100583178423,0.9976400372211774,0.0006884585959177,0.068661169035546,0.9441632015143228,1371.4160983866482,18858.41199981137,19973.67824711319,6.664658877946112,0.0358562174250737
Scopolamine,CN1[C@H]2CC(OC(=O)[C@@H](CO)c3ccccc3)C[C@@H]1[C@H]1O[C@@H]21,0,train,0.4281638049766109,0.968064572426996,0.000936138446527,0.2507009844650337,0.8803861081750467,940.444345001706,3302.556384523336,3751.259082641829,3.6299145804045634,0.2877930636936814
Tiapamil,COc1ccc(CCN(C)CCCC2(c3ccc(OC)c(OC)c3)S(=O)(=O)CCCS2(=O)=O)cc1OC,0,train,0.5589235470331726,0.9837245421861944,0.0003154810724309,0.1796831241395879,0.944628081304002,2994.2464504297004,15741.318462514197,16664.03823268122,5.6436248756507545,0.2035742485206782
Betaxol,CC(C)NC[C@@H](O)COc1ccc(CCOCC2CC2)cc1,0,train,0.7811588369605755,0.9968071430645165,0.0015274993342598,0.0798468505049313,0.9790573987089932,640.9543865257162,7859.184556368066,8027.297037672521,5.184558701924409,0.112502095464216
"N-[2-[[(2S)-2-[(3,4-dimethoxyphenyl)methyl]-3,4-dihydro-1H-isoquinolin-7-yl]carbamoyl]phenyl]quinoxaline-2-carboxamide",COc1ccc(CN2CCc3ccc(NC(=O)c4ccccc4NC(=O)c4cnc5ccccc5n4)cc3C2)cc1OC,1,train,0.5443829592798614,0.9826947218574564,0.0002176676127571,0.1852325123554073,0.8799676658999301,4042.712899514209,19205.357573854704,21825.071895356137,6.267859979976504,0.1475194370962828
"N-[2-[2-[(2R)-6,7-dimethoxy-3,4-dihydro-1H-isoquinolin-2-yl]ethylcarbamoyl]phenyl]isoquinoline-3-carboxamide",COc1cc2c(cc1OC)CN(CCNC(=O)c1ccccc1NC(=O)c1cc3ccccc3cn1)CC2,1,train,0.5867516329482396,0.9864448553122492,0.0002741854752481,0.1640931059733947,0.87246001200384,3182.006673453677,16918.282849541585,19391.470802981767,6.21871129312948,0.0893636826102194
Spironolactone,CC(=O)S[C@@H]1CC2=CC(=O)CC[C@@]2(C)[C@@H]2CC[C@@]3(C)[C@H](CC[C@]34CCC(=O)O4)[C@H]12,1,train,0.286427617838713,0.9353263964049716,0.0003393046465007,0.3537859977275672,0.761144310171433,2243.2475299739385,4826.180529226581,6340.690542821738,4.011904070834801,0.3260825880435868
1-[2-[2-[2-(3-methoxyphenyl)ethyl]phenoxy]ethyl]-4-methylpiperazine,COc1cccc(CCc2ccccc2OCCN2CCN(C)CC2)c1,1,train,0.3312266297798093,0.946714783420892,0.0003170621669259,0.3220731576091575,0.7337554042236235,2314.231973299046,5272.3431832712085,7185.423307171144,4.564573289995091,0.1336626487714935
Homoclomin,CN1CCCN([C@@H](c2ccccc2)c2ccc(Cl)cc2)CC1,1,train,0.2191851980218164,0.9083595218139204,0.0004427822851293,0.4181901231855979,0.7377538611750087,1666.1774554946576,2939.401920423616,3984.2582670351294,3.6933352772225008,0.4117961924251292
"N-[4-[2-[(2R)-6,7-dimethoxy-3,4-dihydro-1H-isoquinolin-2-yl]ethyl]phenyl]quinoxaline-2-carboxamide",COc1cc2c(cc1OC)CN(CCc1ccc(NC(=O)c3cnc4ccccc4n3)cc1)CC2,1,train,0.8173894374481717,0.9978793605768984,0.0006549511420357,0.0650905656346631,0.944072264496019,1441.4392218045584,20906.605696136696,22145.13282762037,6.890496227179676,0.027256870645305
Azaconazole,Clc1ccc(C2(Cn3cncn3)OCCO2)c(Cl)c1,0,train,0.471716857317083,0.9737943667135852,0.0012850864701508,0.2274302780125982,0.939236956978395,730.8745199598206,3018.350793301503,3213.6201316138518,3.405750454596137,0.3716801230319324
Propiconazole,CCC[C@@H]1CO[C@@](Cn2cncn2)(c2ccc(Cl)cc2Cl)O1,0,train,0.1837936214119588,0.8925538480708075,0.0004519498393173,0.4509408257121926,0.7841670235852004,1735.075345462417,3017.2226415705068,3847.678556764359,3.544680816743564,0.3292249087204192
"N-[(3,4-dimethoxyphenyl)methyl]-2-[2-(3-methoxyphenyl)ethyl]aniline",COc1cccc(CCc2ccccc2NCc2ccc(OC)c(OC)c2)c1,1,train,0.505704790488737,0.9782820561211538,0.0005692866364698,0.2072781191331287,0.927197109392509,1628.699937771224,7285.505487433181,7857.558456158882,4.713300156772244,0.2691086977138224
"N-[(3,5-dimethoxyphenyl)methyl]-2-[2-(3-methoxyphenyl)ethyl]aniline",COc1cccc(CCc2ccccc2NCc2cc(OC)cc(OC)c2)c1,1,train,0.2611480994782625,0.927720980316712,0.0003106549889229,0.3732744066771776,0.7867655510358534,2532.602337286224,5338.068289190087,6784.827172671707,4.405913994472226,0.2900800562352459
2-[2-(3-methoxyphenyl)ethyl]-N-[(3-methoxyphenyl)methyl]aniline,COc1cccc(CCc2ccccc2NCc2cccc(OC)c2)c1,1,train,0.2465607398563571,0.9109385498967558,0.0002392278990812,0.4125420685360411,0.6493856124935349,2714.5061883981457,4272.924868064503,6579.950010991417,4.418571184835638,0.1269510781853144
"N-[(2,3-dimethoxyphenyl)methyl]-2-[2-(3-methoxyphenyl)ethyl]aniline",COc1cccc(CCc2ccccc2NCc2cccc(OC)c2OC)c1,1,train,0.5463664192053972,0.98287015241603,0.000582091762679,0.1842993854837557,0.8891057260625798,1527.4322419038683,7368.71014998057,8287.777183274966,4.770861880996693,0.1489266969453521
1-[2-[(2S)-3-(cyclohexylamino)-2-hydroxypropoxy]phenyl]-3-phenylpropan-1-one,O=C(CCc1ccccc1)c1ccccc1OC[C@@H](O)CNC1CCCCC1,1,train,0.3727641488246915,0.9581846545031276,0.0003690822165053,0.2861506034848115,0.8229032172994675,2229.5932464347497,6411.796562426979,7791.677596629963,4.640747532697355,0.1850493536985543
1-[2-[(2S)-3-(cyclohexylamino)-2-hydroxypropoxy]phenyl]-3-phenylpropan-1-one,O=C(CCc1ccccc1)c1ccccc1OC[C@H](O)CNC1CCCCC1,1,train,0.3815156992721362,0.9598964746667076,0.0004583486744602,0.2803547001967804,0.8655796299946698,1888.474164377076,5830.559528014556,6736.017491597464,4.352496604891218,0.2154863613122613
Clonidine,Clc1cccc(Cl)c1NC1=NCCN1,0,train,0.2152754492010887,0.9021489281798122,0.0009860665705398,0.431424745910589,0.6932920810023795,703.0885152336266,1129.8510446505895,1629.6898170494344,2.743036489515341,0.2330988399274974
Dehydroemetine,CCC1=C(C[C@H]2NCCc3cc(OC)c(OC)cc32)C[C@H]2c3cc(OC)c(OC)cc3CCN2C1,0,train,0.4172367830197,0.9657947181786491,0.0002503923524966,0.2593078524422728,0.7822318555772234,3124.024546986408,9423.978083355549,12047.55088425978,5.068879689723963,0.0975332479561884
Pipernidic acid,CCn1cc(C(=O)O)c(=O)c2cnc(N3CCNCC3)nc21,0,train,0.5767059590285717,0.985582693717014,0.0011773652867602,0.1691944261656222,0.8562600415496471,727.2679525874627,3680.561478370953,4298.415551086473,3.7883359772601866,0.100454623594442
Trimethadione,CN1C(=O)OC(C)(C)C1=O,0,train,0.1587606449665571,0.8715024183481181,0.0028391758552918,0.4903912058891163,0.7267995982617533,255.98963759398404,379.3974352071649,522.0110689584155,2.0106795092637366,0.5046930172736225
Dimethadione,CC1(C)OC(=O)NC1=O,0,train,0.1582713723908335,0.8763477022916427,0.0039806720683049,0.4816790473833779,0.7866724736164595,197.62302950803843,322.7555740927419,410.279480873384,1.8984175039697435,0.6208149798816394
Amrinone,Nc1cc(-c2ccncc2)c[nH]c1=O,0,train,0.5903015405864483,0.9866028581679496,0.0036485358615377,0.1631404310857143,0.9288337827467268,254.57712846907327,1449.4251097846634,1560.4784588028822,2.952818903662692,0.2646829294213465
"2-[[2-[bis(2-hydroxyethyl)amino]-4-piperidin-1-ylpyrimido[5,4-d]pyrimidin-6-yl]-(2-hydroxyethyl)amino]ethanol",OCCN(CCO)c1nc(N2CCCCC2)c2nc(N(CCO)CCO)ncc2n1,0,train,0.318440208357128,0.9436382299985638,0.0002995017573059,0.3309786864515258,0.738900726951175,2467.099804680844,5507.731808001963,7453.953700556993,4.278101166443124,0.1497307308885503
"4-Phenethylamino-4a,5,6,7,8,9a-hexahydro-1,3,4b-triazafluorene-carbonitrile",N#Cc1c2n(c3c(NCCc4ccccc4)ncnc13)CCCC2,1,train,0.5780867436016771,0.9857191737746892,0.0009096967120307,0.1683974775729847,0.863779821270292,949.5250558200734,4870.503969707353,5638.594291939688,4.248645531855161,0.0784446244193483
"1-[2-[(2S)-3-(2,2-diphenylethylamino)-2-hydroxypropoxy]phenyl]-3-phenylpropan-1-one",O=C(CCc1ccccc1)c1ccccc1OC[C@H](O)CNCC(c1ccccc1)c1ccccc1,1,train,0.51131133202558,0.9791193514367054,0.0002823627831655,0.2032862406612049,0.9062813707151232,3209.634642904791,14309.045581271452,15788.745133291832,5.892599050519983,0.1923618733926786
"1-[2-[(2S)-3-(2,2-diphenylethylamino)-2-hydroxypropoxy]phenyl]-3-phenylpropan-1-one",O=C(CCc1ccccc1)c1ccccc1OC[C@@H](O)CNCC(c1ccccc1)c1ccccc1,1,train,0.4509334043948743,0.9698819493805332,0.0003202832445003,0.2435754590795568,0.979704588810512,3058.8693153114373,12303.326107263829,12558.199938822025,5.395070717051701,0.3378751701774515
Pidrofen,C[C@H](C(=O)O)c1ccc(N2CC=CC2)c(Cl)c1,0,train,0.5166853800782875,0.9798384021846792,0.0015668303686515,0.1997916554918526,0.881112518182943,562.3534849795211,2480.0670180114994,2814.6995608755724,3.410941276831593,0.1719148739386074
2-[4-[5-[2-[2-(3-methoxyphenyl)ethyl]phenoxy]pentyl]piperazin-1-yl]pyrimidine,COc1cccc(CCc2ccccc2OCCCCCN2CCN(c3ncccn3)CC2)c1,1,train,0.5252809314445508,0.980606431573228,0.0004288257030601,0.1959873117250703,0.9134372177091628,2130.089710553219,9927.699918697122,10868.508230478175,4.9886108743349045,0.2450351759050081
Quetiapine,OCCOCCN1CCN(C2=Nc3ccccc3Sc3ccccc32)CC1,1,train,0.4077077084266329,0.9636110919954404,0.0005601564196932,0.2673081805395324,0.9408169697611436,1679.561166640349,5911.377811699157,6283.238931372538,4.253009198458411,0.3183673142970645
Carbenoxolone,CC1(C)[C@H]2CC[C@@]3(C)[C@H](C(=O)C=C4[C@@H]5C[C@@](C)(C(=O)O)CC[C@@]5(C)CC[C@@]43C)[C@]2(C)CC[C@H]1OC(=O)CCC(=O)O,1,train,0.6476996206519258,0.9906672747693144,0.0003951936742491,0.1363024236803577,0.9441689456013128,2389.129703037785,16549.53750427722,17528.15275420578,5.652030813234019,0.1921501336244685
"4-(2,4-dimorpholin-4-ylpyrimido[5,4-d]pyrimidin-6-yl)morpholine",c1nc(N2CCOCC2)nc2c(N3CCOCC3)nc(N3CCOCC3)nc12,0,train,0.4077583714416148,0.9636332967860082,0.0004014170645845,0.2672281222576116,0.7584740293020349,1889.4912454384075,5362.9461830257205,7070.705094491931,4.299319188002027,0.0921739031562027
Fleroxacin,CN1CCN(c2c(F)cc3c(=O)c(C(=O)O)cn(CCF)c3c2F)CC1,0,train,0.4559457946956686,0.9719302658928228,0.0005681448028863,0.2352691187587241,0.7970429959041304,1402.8870665628028,4752.690520318916,5962.903563223304,4.050365001927606,0.1036041174441022
Pefloxacin,CCn1cc(C(=O)O)c(=O)c2cc(F)c(N3CCN(C)CC3)cc21,0,train,0.5769279615074041,0.9856163055440303,0.0009606752310481,0.1689985155134103,0.8613257157415922,896.583661058706,4569.570100882498,5305.275364904375,4.019416105910072,0.0892299461117086
Lomefloxacin,CCn1cc(C(=O)O)c(=O)c2cc(F)c(N3CCN[C@H](C)C3)c(F)c21,0,train,0.5274350735649282,0.980914992134718,0.0008141597836768,0.1944370803250915,0.8378562831781682,1029.105465507418,4434.5578471284725,5292.742844043904,3.9124316672741215,0.112275790171733
Norfloxacin,CCn1cc(C(=O)O)c(=O)c2cc(F)c(N3CCNCC3)cc21,0,train,0.539029719521287,0.9820773397288096,0.0009379525830476,0.1884783775163194,0.8371247716805723,892.5022296549175,3964.039456778451,4735.303016801703,3.875360702114147,0.0957384037331065
Sulpiride,CCN1CCC[C@H]1CNC(=O)c1cc(S(N)(=O)=O)ccc1OC,0,train,0.6015881393575949,0.9876094505105836,0.0009339277899195,0.1569317471456411,0.8927283005270246,955.8857870627954,5437.690650258009,6091.092493704808,4.275833349655072,0.1258709347627296
Fusidic acid,CC(=O)O[C@@H]1C[C@]2(C)[C@@H](C[C@@H](O)[C@@H]3[C@]4(C)CC[C@@H](O)[C@H](C)[C@H]4CC[C@]32C)/C1=C(\CCC=C(C)C)C(=O)O,1,train,0.3476827753782479,0.9522638185161656,0.0002259481107386,0.3052763009881559,0.7822494761967618,3462.075755532369,8871.330455565814,11340.794369972042,4.786250757405427,0.1910239689343854
Daidzein,O=c1c(-c2ccc(O)cc2)coc2cc(O)ccc12,0,train,0.7238963362500163,0.9947391996921258,0.0026593809431035,0.1024398584334696,0.9228258260480376,347.0077607501676,3126.007087049302,3387.429132143272,3.6731470853409256,0.0666676723148363
Genistein,O=c1c(-c2ccc(O)cc2)coc2cc(O)cc(O)c12,0,train,0.6574397671577249,0.9913651878538924,0.0018955854936361,0.1311299519995982,0.8947223440885907,472.00316054979214,3220.5592069890145,3599.506850663977,3.673123893861845,0.0714324104845995
"2-N,4-N-bis[2-(2,3-dimethoxyphenyl)ethyl]-6,7-dimethoxyquinazoline-2,4-diamine",COc1cc2nc(NCCc3cccc(OC)c3OC)nc(NCCc3cccc(OC)c3OC)c2cc1OC,1,train,0.2525928252012878,0.9141399333261055,0.0001050313835653,0.4053987941503318,0.6532051147998799,6219.142247071195,10020.689711150188,15340.801050249263,5.364777117767502,0.1212468484782855
Propylthiouracil,CCCc1cc(=O)[nH]c(=S)[nH]1,0,train,0.4150558915277603,0.9644177937796112,0.0021966685133463,0.2643829023240103,0.7430105444824187,338.2442730744792,950.5874218640984,1279.3727207818804,2.746457087372063,0.0800274310826353
Indapamide,C[C@H]1Nc2ccccc2[C@@H]1NC(=O)c1ccc(Cl)c(S(N)(=O)=O)c1,0,train,0.4643236431269889,0.9734796179911328,0.0006247664353317,0.2287737601995426,0.848832101751482,1358.639090944003,5041.034750147131,5938.789001671176,4.106470900420326,0.1634500457672995
Tilorone,CCN(CC)CCOc1ccc2c(c1)C(=O)c1cc(OCCN(CC)CC)ccc1-2,0,train,0.7261682095003595,0.9948134541761724,0.0007304216404354,0.1017162297279665,0.9439875764900072,1292.387196971839,11994.127792771753,12705.81106307464,5.626266709404637,0.0948219150110771
Kavain,COC1=CC(=O)O[C@@H](/C=C/c2ccccc2)C1,0,train,0.6626401617570339,0.9916571231126154,0.0021091487808668,0.1289036468840625,0.8839805986347362,419.1172318680353,2874.1739313090493,3251.399335854279,3.76979279081372,0.0495747240441119
"[(E)-3-[4-[4,5-bis(4-dimethylaminophenyl)imidazol-2-yl]phenyl]prop-2-enyl]pentanoate",CCCCC(=O)OC/C=C/c1ccc(-c2nc(-c3ccc(N(C)C)cc3)c(-c3ccc(N(C)C)cc3)[nH]2)cc1,1,train,0.5975011273385576,0.9872852706399438,0.0002243179418479,0.1589584674605704,0.8694661038543822,3876.043515252393,21201.062814804063,24384.001539357087,6.878497441547049,0.0581808326552758
"4-[5-(4-dimethylaminophenyl)-2-[4-[(E)-3-(dimethylamino)prop-1-enyl]phenyl]imidazol-3-ium-1-id-4-yl]-N,N-dimethylaniline",CN(C)C/C=C/c1ccc(-c2nc(-c3ccc(N(C)C)cc3)c(-c3ccc(N(C)C)cc3)[nH]2)cc1,1,train,0.4840934194030072,0.9757344728166074,0.0002226763495317,0.2189571614661127,0.8048906233367731,3614.621063391661,13287.414676728067,16508.348204683334,5.989606113999141,0.0606459638906282
"4-{4,5-bis[4-(dimethylamino)phenyl]-1-hexyl-1H-imidazol-2-yl}benzoic acid",CCCCCCn1c(-c2ccc(C(=O)O)cc2)nc(-c2ccc(N(C)C)cc2)c1-c1ccc(N(C)C)cc1,1,train,0.3146537510958446,0.9420067884758718,0.0001620952805288,0.3355938176805017,0.7266335586453877,4482.755798160568,9706.140657384678,13357.682895184693,5.193301846181624,0.1410363642116458
"methyl 4-{4,5-bis[4-(dimethylamino)phenyl]-1-hexyl-1H-imidazol-2-yl}benzoate",CCCCCCn1c(-c2ccc(C(=O)OC)cc2)nc(-c2ccc(N(C)C)cc2)c1-c1ccc(N(C)C)cc1,1,train,0.294381423440906,0.9388514439886344,0.0001700848683703,0.3443224740275548,0.8070657384968626,4745.076656316068,11122.099440849985,13780.908927647684,5.315254565306345,0.2673456766439332
"3-(4-{4,5-bis[4-(dimethylamino)phenyl]imidazol-2-yl}phenyl)prop-2-enoic acid",CN(C)c1ccc(-c2nc(-c3ccc(/C=C/C(=O)O)cc3)[nH]c2-c2ccc(N(C)C)cc2)cc1,1,train,0.4352888007911308,0.9684738358445842,0.0002095096061781,0.249115293156557,0.7725644377538847,3687.489332097234,11435.761676762251,14802.34025528021,5.750018591306856,0.063872156014605
"methyl 3-(4-{4,5-bis[4-(dimethylamino)phenyl]imidazol-2-yl}phenyl)prop-2-enoate",COC(=O)/C=C/c1ccc(-c2nc(-c3ccc(N(C)C)cc3)c(-c3ccc(N(C)C)cc3)[nH]2)cc1,1,train,0.4893131772935135,0.9763834108016172,0.0002262471410307,0.21604498399963,0.8057440425011256,3561.3446376833936,13282.105291144544,16484.2736533494,5.976163092532499,0.0630875269153047
"4-{4,5-bis[4-(dimethylamino)phenyl]imidazol-2-yl}phenol",CN(C)c1ccc(-c2nc(-c3ccc(O)cc3)[nH]c2-c2ccc(N(C)C)cc2)cc1,1,train,0.2888542597892781,0.9294692973178432,0.0001980401030266,0.3688994786435388,0.6661004437517163,3363.4624178211225,6073.209475087748,9117.558068091435,4.824883791571408,0.0954759226801216
methyl 3-{4-[4-(4-aminophenyl)-5-[4-(diethylamino)phenyl]imidazol-2-yl]phenyl}prop-2-enoate,CCN(CC)c1ccc(-c2nc(-c3ccc(/C=C/C(=O)OC)cc3)[nH]c2-c2ccc(N)cc2)cc1,1,train,0.5133487005174223,0.9793044091385446,0.0002459354121175,0.2023928710251575,0.8212366890353571,3339.2372491802344,13549.410750141686,16498.788876635706,5.981514443332908,0.0645739615770425
"methyl 3-(4-{4,5-bis[4-(methylamino)phenyl]imidazol-2-yl}phenyl)prop-2-enoate",CNc1ccc(-c2nc(-c3ccc(/C=C/C(=O)OC)cc3)[nH]c2-c2ccc(NC)cc2)cc1,1,train,0.5238675137848048,0.9804660823969223,0.0002871302462413,0.196688233682728,0.8258524421224048,2876.229352125878,12076.680897896977,14623.291379826198,5.807056501612009,0.0545498168319837
methyl 3-(4-{4-[4-(methylamino)phenyl]-5-[4-(propan-2-ylamino)phenyl]imidazol-2-yl}phenyl)prop-2-enoate,CNc1ccc(-c2[nH]c(-c3ccc(/C=C/C(=O)OC)cc3)nc2-c2ccc(NC(C)C)cc2)cc1,1,train,0.4498014384283527,0.970704592311134,0.0001908010761067,0.2402760796793453,0.7761839675932677,4068.0272010576286,13141.28937598808,16930.637483708393,6.048547310697881,0.0431130753291638
"4-[5-(4-dimethylaminophenyl)-2-[4-[(E)-3-ethoxyprop-1-enyl]phenyl]imidazol-4-yl]-N,N-dimethylaniline",CCOC/C=C/c1ccc(-c2nc(-c3ccc(N(C)C)cc3)c(-c3ccc(N(C)C)cc3)[nH]2)cc1,1,train,0.5094657914028448,0.9788404681988512,0.0002335126631782,0.2046248709620945,0.8171692522251325,3499.4644020710293,13975.1081830057,17101.852700590254,6.0868021444304015,0.0550872270851145
"4-{5-[4-(diethylamino)phenyl]-2-[4-(3-ethoxyprop-1-en-1-yl)phenyl]imidazol-4-yl}-N,N-diethylaniline",CCOC/C=C/c1ccc(-c2nc(-c3ccc(N(CC)CC)cc3)c(-c3ccc(N(CC)CC)cc3)[nH]2)cc1,1,train,0.4201178844084673,0.9662302756067048,0.0001455011236003,0.2576801399040899,0.780249424965122,5362.497592172625,16237.517040416396,20810.67479305381,6.36914370437239,0.0821784063984504
4-[5-(4-dimethylaminophenyl)-2-[4-[(E)-3-ethoxyprop-1-enyl]phenyl]imidazol-4-yl]-N-methylaniline,CCOC/C=C/c1ccc(-c2nc(-c3ccc(NC)cc3)c(-c3ccc(N(C)C)cc3)[nH]2)cc1,1,train,0.4947741308305639,0.9770847818052656,0.0002458414864622,0.2128504854693932,0.8100150607027369,3294.867242950622,12538.81138170991,15479.726229820631,5.881551638204891,0.0593868937593245
"4-{2-[4-(3-ethoxyprop-1-en-1-yl)phenyl]-5-[4-(methylamino)phenyl]imidazol-4-yl}-N,N-diethylaniline",CCOC/C=C/c1ccc(-c2nc(-c3ccc(NC)cc3)c(-c3ccc(N(CC)CC)cc3)[nH]2)cc1,1,train,0.4518801703606798,0.9714666877819976,0.0001978641317943,0.2371760412222843,0.8053975831344261,4070.45772182427,13822.377650428996,17162.179201774376,6.038692208007347,0.0950339846866696
4-[2-[4-[(E)-3-ethoxyprop-1-enyl]phenyl]-5-[4-(methylamino)phenyl]imidazol-4-yl]-N-propan-2-ylaniline,CCOC/C=C/c1ccc(-c2nc(-c3ccc(NC)cc3)c(-c3ccc(NC(C)C)cc3)[nH]2)cc1,1,train,0.4889770694130537,0.9764115751502817,0.0002264656160193,0.2159176600293414,0.8119794192476425,3585.442388650678,13483.405794999975,16605.60043195839,6.006885945438764,0.0642285470028723
"methyl 3-(4-{4,5-bis[4-(diethylamino)phenyl]imidazol-2-yl}phenyl)prop-2-enoate",CCN(CC)c1ccc(-c2nc(-c3ccc(/C=C/C(=O)OC)cc3)[nH]c2-c2ccc(N(CC)CC)cc2)cc1,1,train,0.4199431140450296,0.9657044864178876,0.0001429659285025,0.2596436883738253,0.7588412419849145,5307.846771137036,15512.8478620137,20442.810701005743,6.282676808250918,0.0516871013135955
4-{2-[4-(3-ethoxyprop-1-en-1-yl)phenyl]-5-[4-(propan-2-ylamino)phenyl]imidazol-4-yl}-N-ethylaniline,CCNc1ccc(-c2nc(-c3ccc(/C=C/COCC)cc3)[nH]c2-c2ccc(NC(C)C)cc2)cc1,1,train,0.4729598981169835,0.9741498287676524,0.0001930253060054,0.2259028798221781,0.7921093333664617,4103.655369127079,14389.12032181109,18165.573508214304,6.175246100987386,0.0439789828172144
4-[2-[4-[(E)-3-ethoxyprop-1-enyl]phenyl]-5-(4-fluorophenyl)imidazol-4-yl]-N-propan-2-ylaniline,CCOC/C=C/c1ccc(-c2nc(-c3ccc(F)cc3)c(-c3ccc(NC(C)C)cc3)[nH]2)cc1,1,train,0.478804337821544,0.974934544416546,0.0002183686440228,0.2224918742410651,0.7944702235624295,3638.2065159465,12991.246327308862,16352.0871418638,6.016439750372049,0.0432123478603317
4-[2-[4-[(E)-3-ethoxyprop-1-enyl]phenyl]-5-[4-(propan-2-ylamino)phenyl]imidazol-4-yl]-N-propan-2-ylaniline,CCOC/C=C/c1ccc(-c2nc(-c3ccc(NC(C)C)cc3)c(-c3ccc(NC(C)C)cc3)[nH]2)cc1,1,train,0.4275964896782547,0.9673581937375492,0.0001623164331043,0.2534129535142712,0.7764958915177487,4783.840284479412,14658.415345631369,18877.647011087003,6.223485868138002,0.0687833710238052
"methyl(E)-3-[4-[4,5-bis[4-[bis(prop-2-enyl)amino]phenyl]imidazol-2-yl]phenyl]prop-2-enoate",C=CCN(CC=C)c1ccc(-c2nc(-c3ccc(/C=C/C(=O)OC)cc3)[nH]c2-c2ccc(N(CC=C)CC=C)cc2)cc1,1,train,0.3820126731460653,0.9581329059939404,0.0001063564169374,0.2863238279494162,0.7361542268951915,6921.577917840884,17795.755517431688,24173.950060012798,6.544593962620305,0.0575476989761081
methyl 3-(4-{4-[4-(dimethylamino)phenyl]-5-[4-(methylamino)phenyl]imidazol-2-yl}phenyl)prop-2-enoate,CNc1ccc(-c2[nH]c(-c3ccc(/C=C/C(=O)OC)cc3)nc2-c2ccc(N(C)C)cc2)cc1,1,train,0.5141800833725527,0.9793665304168186,0.0002598861681627,0.2020920560025124,0.8179874831341878,3147.4837191876577,12739.750075243615,15574.5049134862,5.895752433003311,0.0545918042447111
methyl 3-(4-{4-[4-(diethylamino)phenyl]-5-[4-(methylamino)phenyl]imidazol-2-yl}phenyl)prop-2-enoate,CCN(CC)c1ccc(-c2nc(-c3ccc(/C=C/C(=O)OC)cc3)[nH]c2-c2ccc(NC)cc2)cc1,1,train,0.4595740577522293,0.9723832259233612,0.0001950433393027,0.2333899353932756,0.7936179276522014,4068.931194929564,13835.972563418582,17434.04739400257,6.063376342534708,0.0708305337921615
methyl 3-(4-{4-[4-(dipropylamino)phenyl]-5-[4-(methylamino)phenyl]imidazol-2-yl}phenyl)prop-2-enoate,CCCN(CCC)c1ccc(-c2nc(-c3ccc(/C=C/C(=O)OC)cc3)[nH]c2-c2ccc(NC)cc2)cc1,1,train,0.4273756781693051,0.9678094106902164,0.0001686470741889,0.2516842159918981,0.8067011367943934,4783.368704580882,15331.708253871342,19005.43776942636,6.201131307171225,0.1363528261449831
methyl 3-(4-{4-[4-(dibutylamino)phenyl]-5-[4-(methylamino)phenyl]imidazol-2-yl}phenyl)prop-2-enoate,CCCCN(CCCC)c1ccc(-c2nc(-c3ccc(/C=C/C(=O)OC)cc3)[nH]c2-c2ccc(NC)cc2)cc1,1,train,0.4348862292265308,0.969199395784356,0.0001664420909253,0.2462773461186382,0.8670830913461238,5209.518136461286,18341.45592916432,21153.054548312884,6.453338470049431,0.2445489794734346
"N-{2-[({1-[2-(3,4-dimethoxyphenyl)ethyl]pyrrolidin-2-yl}methyl)carbamoyl]phenyl}quinoline-3-carboxamide",COC(=O)/C=C/c1ccc(-c2nc(-c3ccc(N(C)C)cc3)c(-c3ccc(N)cc3)[nH]2)cc1,1,train,0.5447772717248204,0.9826474125928356,0.0003117242803051,0.185483321418951,0.8394160185110772,2692.815643649299,12186.500483625106,14517.831700711453,5.789451907982381,0.0654481265879066
"methyl 3-(4-{4,5-bis[4-(dimethylamino)phenyl]imidazol-2-yl}phenyl)propanoate",COC(=O)CCc1ccc(-c2nc(-c3ccc(N(C)C)cc3)c(-c3ccc(N(C)C)cc3)[nH]2)cc1,1,train,0.3789267342943065,0.9590232632043302,0.0001996606609179,0.2833273383083919,0.7899652653208,3956.539368790956,11031.5110814231,13964.552070454987,5.558110807503056,0.1464413147527998
"3-(4-{4,5-bis[4-(dimethylamino)phenyl]imidazol-2-yl}phenyl)prop-2-enenitrile",CN(C)c1ccc(-c2nc(-c3ccc(/C=C/C#N)cc3)[nH]c2-c2ccc(N(C)C)cc2)cc1,1,train,0.4116760951767798,0.9644257191086424,0.000223884961954,0.2643539905539122,0.7628835397756173,3407.480042952692,9833.445038736343,12889.83773542761,5.489552504130148,0.0813079838528518
"4-{5-[4-(dimethylamino)phenyl]-2-[4-(3-methoxyprop-1-en-1-yl)phenyl]imidazol-4-yl}-N,N-dimethylaniline",COC/C=C/c1ccc(-c2nc(-c3ccc(N(C)C)cc3)c(-c3ccc(N(C)C)cc3)[nH]2)cc1,1,train,0.4652352773128861,0.9731677186649452,0.0002285533923339,0.2300969172945743,0.7946512193513368,3476.873439664814,12007.5564281585,15110.473797498367,5.81368253592191,0.0640579909744061
"4-{5-[4-(dimethylamino)phenyl]-2-[4-(3-methoxypropyl)phenyl]imidazol-4-yl}-N,N-dimethylaniline",COCCCc1ccc(-c2nc(-c3ccc(N(C)C)cc3)c(-c3ccc(N(C)C)cc3)[nH]2)cc1,1,train,0.4216839155399451,0.9663140717066452,0.0002034408654419,0.2573657219245103,0.7720791817088544,3795.103702649513,11385.04591571574,14745.956354524478,5.737025673760849,0.0748736416604653
"methyl 4-{4,5-bis[4-(dimethylamino)phenyl]imidazol-2-yl}benzoate",COC(=O)c1ccc(-c2nc(-c3ccc(N(C)C)cc3)c(-c3ccc(N(C)C)cc3)[nH]2)cc1,1,train,0.3968378611132763,0.9613432631456564,0.0002135220747825,0.27535273814593,0.7471592123545782,3499.2129648205914,9494.981674272214,12708.110289304974,5.401009161157959,0.0638429477876202
"4-{5-[4-(dimethylamino)phenyl]-2-[4-(4-methoxybutyl)phenyl]imidazol-4-yl}-N,N-dimethylaniline",COCCCCc1ccc(-c2nc(-c3ccc(N(C)C)cc3)c(-c3ccc(N(C)C)cc3)[nH]2)cc1,1,train,0.4596624156502784,0.97276880337161,0.0002199248792306,0.2317775985443073,0.8293512995446556,3771.0662952088674,13493.705829395129,16270.1931459005,5.981525226740756,0.1175815295253019
"4-[2-[4-[(E)-3-butoxyprop-1-enyl]phenyl]-5-(4-dimethylaminophenyl)imidazol-4-yl]-N,N-dimethylaniline",CCCCOC/C=C/c1ccc(-c2nc(-c3ccc(N(C)C)cc3)c(-c3ccc(N(C)C)cc3)[nH]2)cc1,1,train,0.5573075010342243,0.983883686770704,0.0002299111704725,0.1788096499255207,0.8549116719575862,3718.443389246343,17778.350644410657,20795.54090506402,6.538111771157627,0.0685673217076154
"4-{5-[4-(dimethylamino)phenyl]-2-{4-[3-(2-methoxyethoxy)prop-1-en-1-yl]phenyl}imidazol-4-yl}-N,N-dimethylaniline",COCCOC/C=C/c1ccc(-c2nc(-c3ccc(N(C)C)cc3)c(-c3ccc(N(C)C)cc3)[nH]2)cc1,1,train,0.5252104266724321,0.9807187925472648,0.0002222109745957,0.1954242818705885,0.8450389246677307,3802.867640560591,16444.073125780164,19459.54517094697,6.322492499369567,0.0814796259053738
"3-(4-{4,5-bis[4-(dimethylamino)phenyl]imidazol-2-yl}phenyl)prop-2-en-1-yl N,N-diethylcarbamate",CCN(CC)C(=O)OC/C=C/c1ccc(-c2nc(-c3ccc(N(C)C)cc3)c(-c3ccc(N(C)C)cc3)[nH]2)cc1,1,train,0.5707320588045709,0.985108264769093,0.0002153124280729,0.1719351816343202,0.885038344265202,4110.484249267433,21158.765411009208,23907.173681357446,6.762234429866578,0.11578260733109
Maprotiline,CNCCCC12CCC(c3ccccc31)c1ccccc12,1,train,0.2434242598206762,0.9211076019550438,0.0006756449849672,0.3893080857375407,0.7870327900606398,1164.861439915422,2354.9065192258963,2992.132664567196,3.425918643215082,0.3182466082108485
"N-[2-[(2R)-6,7-dimethoxy-3,4-dihydro-1H-isoquinolin-2-yl]ethyl]-2-[(4-phenylmethoxybenzoyl)amino]benzamide",COc1cc2c(cc1OC)CN(CCNC(=O)c1ccccc1NC(=O)c1ccc(OCc3ccccc3)cc1)CC2,1,train,0.4890924675402991,0.976573213173985,0.0001552295879081,0.2151854068263883,0.8295247561976454,5343.8572335103045,20600.197449072803,24833.73437038753,6.699468081099423,0.0875003692386303
Chrysene-1-4-dione,O=C1C=CC(=O)c2c1ccc1c2ccc2ccccc21,0,train,0.5149364473858822,0.9792147118313403,0.0013584798843372,0.2028263990043333,0.7971736009982004,586.8129592416728,2306.365454040824,2893.178413275165,3.3469219300046613,3.2769893255555586e-12
"N-[2-[2-[(2R)-6,7-dimethoxy-3,4-dihydro-1H-isoquinolin-2-yl]ethylcarbamoyl]phenyl]quinoline-2-carboxamide",COc1cc2c(cc1OC)CN(CCNC(=O)c1ccccc1NC(=O)c1ccc3ccccc3n1)CC2,1,train,0.6157476674803122,0.9886523511982844,0.0003146108192626,0.1502215978816087,0.8846570725285035,2811.9092490263947,16559.372550543612,18718.40859556353,6.107322727736673,0.0892211197136939
"N-[2-[(3-acetyl-2,4,6-trimethylphenyl)methylsulfanyl]-1,3-benzothiazol-6-yl]naphthalene-1-carboxamide",CC(=O)c1c(C)cc(C)c(CSc2nc3ccc(NC(=O)c4cccc5ccccc45)cc3s2)c1C,1,train,0.8227791948356299,0.9979852430336088,0.0007315364818572,0.0634464710377886,0.981964349981776,1342.3313455109285,20775.33242738955,21156.91107093156,6.509165012138102,0.0650273033381387
2-[4-[4-[2-[2-(3-methoxyphenyl)ethyl]phenoxy]butyl]piperazin-1-yl]pyrimidine,COc1cccc(CCc2ccccc2OCCCCN2CCN(c3ncccn3)CC2)c1,1,train,0.6121502699254121,0.9883950425584954,0.0003844363004151,0.151905364769616,0.8885977672164512,2311.4304405095763,13521.128313196828,15216.252855948544,5.895906193061947,0.0962289922280394
1-[3-[(2S)-2-hydroxy-3-[4-(2-methylphenyl)piperazin-1-yl]propoxy]phenyl]-3-phenylpropan-1-one,Cc1ccccc1N1CCN(C[C@H](O)COc2cccc(C(=O)CCc3ccccc3)c2)CC1,1,train,0.69406311434809,0.9932647510031378,0.0004888102688984,0.1158668823032469,0.957454533441595,1958.7447203170127,16185.893458443034,16905.130106034823,6.181723924095745,0.1405530241535665
1-[3-[(2R)-3-[4-(4-fluorophenyl)piperazin-1-yl]-2-hydroxypropoxy]phenyl]-3-phenylpropan-1-one,O=C(CCc1ccccc1)c1cccc(OC[C@H](O)CN2CCN(c3ccc(F)cc3)CC2)c1,1,train,0.7443227481967172,0.9955059844154026,0.0005795706497041,0.0946986535971884,0.9693038261542948,1672.4515408934242,17118.656032230767,17660.77422818901,6.27709345322874,0.1337523916450522
"1-[3-[(2S)-3-[4-(2,3-dimethylphenyl)piperazin-1-yl]-2-hydroxypropoxy]phenyl]-3-phenylpropan-1-one",Cc1cccc(N2CCN(C[C@H](O)COc3cccc(C(=O)CCc4ccccc4)c3)CC2)c1C,1,train,0.5727395569919086,0.9852841927348428,0.0002909140993196,0.1709241338923472,0.8783390950805819,3019.238658885285,15515.160387753438,17664.203352271394,6.188290897840316,0.1032940639088901
"1-[2-[(2S)-3-(3,3-diphenylpropylamino)-2-hydroxypropoxy]phenyl]-3-phenylpropan-1-one",O=C(CCc1ccccc1)c1ccccc1OC[C@@H](O)CNCCC(c1ccccc1)c1ccccc1,1,train,0.4413934879911313,0.9700211722774166,0.0002430201737657,0.2430204216388957,0.8930470006166447,3674.785458252943,13504.03439048763,15121.303113008787,5.719773600779197,0.2434949903794022
2-[4-[2-[2-[2-(3-methoxyphenyl)ethyl]phenoxy]ethyl]piperazin-1-yl]pyrimidine,COc1cccc(CCc2ccccc2OCCN2CCN(c3ncccn3)CC2)c1,1,train,0.7890474978298184,0.9970322489519002,0.000939121814205,0.0769850280893357,0.9895467909358248,1053.6937551317387,13543.922758718418,13686.995787141896,5.812876732981714,0.1385943991391975
Niguldipine,COC(=O)C1=C(C)NC(C)=C(C(=O)OCCCN2CCC(c3ccccc3)(c3ccccc3)CC2)[C@H]1c1cccc([N+](=O)[O-])c1,1,train,0.5488333873053449,0.9828543001291896,0.0002360874611865,0.1843839057986374,0.9337493825984244,3955.099427582987,20029.25164549957,21450.35061738135,6.103972294854716,0.238414418465523
Dexniguldipine,COC(=O)C1=C(C)NC(C)=C(C(=O)OCCCN2CCC(c3ccccc3)(c3ccccc3)CC2)[C@H]1c1cccc([N+](=O)[O-])c1,1,train,0.5488333873053449,0.9828543001291896,0.0002360874611865,0.1843839057986374,0.9337493825984244,3955.099427582987,20029.25164549957,21450.35061738135,6.103972294854716,0.238414418465523
"4-(4-Phenylmethanesulfonylpiperazin-1-yl)-5,6,7,8-tetrahydro-1,3,4b-triazafluorene-9-carbonitrile",N#Cc1c2n(c3c(N4CCN(S(=O)(=O)Cc5ccccc5)CC4)ncnc13)CCCC2,1,train,0.6126274908682748,0.988397165880109,0.0005967715572331,0.1518915484158628,0.9118999182994764,1528.0552620962685,9173.870983575733,10060.173051318276,4.876498720172675,0.1449944268490282
"(2S)-2-(4-methoxyphenyl)-3-(4-phenoxyphenyl)-1,2-dihydroquinazolin-4-one",COc1ccc([C@H]2Nc3ccccc3C(=O)N2c2ccc(Oc3ccccc3)cc2)cc1,1,train,0.3471860890765334,0.9526556678341812,0.0003070404964793,0.3040512761746122,0.8167333736712246,2660.0184113703017,7145.261281187281,8748.584925664616,4.685943638448029,0.2309907785673357
Dexamethasone,C=C1C=C[C@@]2(C)C(=C1)CC[C@H]1[C@@H]3C[C@@H](C)[C@](O)(C(=O)CO)[C@@]3(C)C[C@H](O)C12F,0,train,0.41158791612562,0.9649128297773436,0.0006797069947824,0.2625704304202573,0.9113132952807348,1340.7443240634557,4653.372910786623,5106.227391704108,3.77003597667005,0.3396120368073781
Betamethasone,C=C1C=C[C@@]2(C)C(=C1)CC[C@H]1[C@@H]3C[C@H](C)[C@](O)(C(=O)CO)[C@@]3(C)C[C@H](O)C12F,0,train,0.4233848774680405,0.9669757534380328,0.0006928017287404,0.2548683822347302,0.9081504499521326,1310.837447826784,4670.793637170823,5143.193660716695,3.774190807248909,0.3173374850085884
Flumazenil,CCOC(=O)c1ncn2c1CN(C)C(=O)c1cc(F)ccc1-2,0,train,0.5252470670778081,0.9807357451725174,0.0011061327043555,0.1953391874174432,0.848480743665733,767.0695752188565,3331.864805161644,3926.859660676358,3.637456547603723,0.1052928860799521
1-[3-[(2R)-2-hydroxy-3-morpholin-4-ylpropoxy]phenyl]ethanone,CC(=O)c1cccc(OC[C@H](O)CN2CCOCC2)c1,0,train,0.5403533745777972,0.982275703158921,0.0011316317023252,0.1874418389358342,0.8912401155009301,787.570826859696,3744.706724392948,4201.681072544855,3.953913029362096,0.1682031788122883
1-[4-[(2S)-2-hydroxy-3-morpholin-4-ylpropoxy]phenyl]ethanone,CC(=O)c1ccc(OC[C@@H](O)CN2CCOCC2)cc1,0,train,0.6644080647789725,0.9915468513203484,0.0016115692006371,0.1297491488862369,0.9718026837976688,603.0164161821006,4516.507249952205,4647.555851875534,4.181228567501979,0.1816501669588063
1-[2-[(2S)-2-hydroxy-3-morpholin-4-ylpropoxy]phenyl]propan-1-one,CCC(=O)c1ccccc1OC[C@@H](O)CN1CCOCC1,0,train,0.3598145490890582,0.9550772281997536,0.0007873724094089,0.2963570282181206,0.8919527779428353,1132.8219877712445,3409.4812091434787,3822.490711904022,3.775808464647181,0.3105306631643496
1-[2-[(2S)-2-hydroxy-3-morpholin-4-ylpropoxy]phenyl]propan-1-one,CCC(=O)c1ccccc1OC[C@H](O)CN1CCOCC1,0,train,0.5155232892079339,0.9797128537390496,0.0010299051131766,0.2004063976485975,0.880388547321992,854.8249115945404,3755.259667173776,4265.457199093178,3.889374561622328,0.1675955604735148
Pramoxine,CCCCOc1ccc(OCCCN2CCOCC2)cc1,0,train,0.7536696623344725,0.9959203134330696,0.0016073991346509,0.0902370727105887,0.9377190181862556,583.3765851752026,6062.290168009292,6464.932512230613,4.726732644778891,0.0833089302872825
Astemizole,COc1ccc(CCN2CCC(Nc3nc4ccccc4n3Cc3ccc(F)cc3)CC2)cc1,1,train,0.6210755936515538,0.9889896666932498,0.000392835940031,0.1479845910018155,0.9167679489702394,2333.717095481916,14457.431146162318,15770.000644548758,5.958361293436754,0.1346941579041874
"4-imino-4-[4-(4-methoxyphenyl)-5-sulfanylidene-1H-1,2,4-triazol-3-yl]butanamide",COc1ccc(-n2c(C(=N)CCC(N)=O)n[nH]c2=S)cc1,0,train,0.3564810492402352,0.9538323233535504,0.0005859804407475,0.3003396392852074,0.7662786752767843,1307.6864379624485,3336.396866374728,4354.025466217759,3.838419303375257,0.1096639137479013
Canadine,COc1ccc2c(c1OC)CN1CCc3cc4c(cc3[C@@H]1C2)OCO4,0,train,0.6492973339509351,0.9908621083578256,0.0010719635651292,0.1348787686060507,0.8809275224254179,821.788679281428,5367.310753785813,6092.794943003074,4.253706496408657,0.0635581052371122
Citiolone,CC(=O)N[C@@H]1CCSC1=O,0,train,0.4651388423803274,0.9734301585762148,0.0039305210494377,0.2289841181704207,0.8182166683459329,208.17002581960085,743.8427884716195,909.1024630130502,2.417611250721244,0.1950269747066999
Prednisone,C[C@@]12C=CC(=O)C=C1CC[C@@H]1[C@H]2C(=O)C[C@]2(C)[C@@H]1CC[C@@]2(O)C(=O)CO,0,train,0.5259049421600445,0.980311011469316,0.000981257090571,0.1974596687731614,0.9490484838489088,967.1761793808566,4648.529455960184,4898.094812930804,3.8296604318596414,0.3205732587657667
"N-[2-[[4-[2-[(2R)-6,7-dimethoxy-3,4-dihydro-1H-isoquinolin-2-yl]ethyl]phenyl]carbamoyl]phenyl]-5,6,7,8-tetrahydroquinoline-3-carboxamide",COc1cc2c(cc1OC)CN(CCc1ccc(NC(=O)c3ccccc3NC(=O)c3cnc4c(c3)CCCC4)cc1)CC2,1,train,0.4243543618159272,0.9668880317669366,0.0001249095279739,0.2552009679171682,0.7788002016268744,6234.914295642896,19027.171214135135,24431.38968683924,6.485483800180731,0.0706957223874254
"2-butylsulfanyl-3-prop-2-enylspiro[6H-benzo[h]quinazoline-5,1'-cyclopentane]-4-one",C=CCn1c(SCCCC)nc2c(c1=O)C1(CCCC1)Cc1ccccc1-2,1,train,0.1773459789410739,0.8729275172229153,0.0002782917638312,0.4878499253613113,0.6578657359270571,2363.9425287696613,3187.777040708865,4845.634704194899,3.696039175794756,0.2376065267033096
1-[2-[(2R)-2-hydroxy-3-(propan-2-ylamino)propoxy]-5-phenoxyphenyl]-3-phenylpropan-1-one,CC(C)NC[C@@H](O)COc1ccc(Oc2ccccc2)cc1C(=O)CCc1ccccc1,1,train,0.2172657891833315,0.875059963930086,0.00010502275064,0.4840145240864952,0.5701895824871803,5429.200616174395,6395.827973175474,11217.02003968,5.154979624426718,0.1120787791757443
"4-bromo-N-[4-[2-[(2S)-6,7-dimethoxy-3,4-dihydro-1H-isoquinolin-2-yl]ethyl]phenyl]benzamide",COc1cc2c(cc1OC)CN(CCc1ccc(NC(=O)c3ccc(Br)cc3)cc1)CC2,1,train,0.8924134774934697,0.9993014815415951,0.0009805629872699,0.0373704293362077,0.9865139046172376,1006.0688782103616,26558.456913299822,26921.523142245394,7.415530195549544,0.0702564038408543
"N-[4-[2-[(2S)-6,7-dimethoxy-3,4-dihydro-1H-isoquinolin-2-yl]ethyl]phenyl]-2-nitrobenzamide",COc1cc2c(cc1OC)CN(CCc1ccc(NC(=O)c3ccccc3[N+](=O)[O-])cc1)CC2,1,train,0.7032918361879452,0.9936865264560164,0.0005348923183295,0.1121921884080011,0.9680451229650474,1809.7944012137575,15615.727516546796,16131.19796391002,6.02948794934377,0.175581356806778
"N-[4-[2-[(2R)-3,4-dihydro-1H-isoquinolin-2-yl]ethyl]phenyl]-2-nitrobenzamide",O=C(Nc1ccc(CCN2CCc3ccccc3C2)cc1)c1ccccc1[N+](=O)[O-],1,train,0.8329324442460325,0.998241571522954,0.0011616681512482,0.0592770181721639,0.9655989602587084,831.2175548766936,13540.202113517033,14022.59392438582,5.94667233995552,0.049946458083127
"2-amino-N-[4-[2-[(2S)-6,7-dimethoxy-3,4-dihydro-1H-isoquinolin-2-yl]ethyl]phenyl]benzamide",COc1cc2c(cc1OC)CN(CCc1ccc(NC(=O)c3ccccc3N)cc1)CC2,1,train,0.7133828942877641,0.9942245861603598,0.0006273503408314,0.1073194869269389,0.9519054315385052,1517.3426546272403,13458.568949626288,14138.556734437416,5.808057647082216,0.1345763655242463
"2-amino-N-[4-[2-[(2R)-3,4-dihydro-1H-isoquinolin-2-yl]ethyl]phenyl]benzamide",Nc1ccccc1C(=O)Nc1ccc(CCN2CCc3ccccc3C2)cc1,1,train,0.8593821264296906,0.9987673331261252,0.0015750354087899,0.049636823831985,0.989931507887384,628.5138114119679,12534.759016111166,12662.248767959343,5.895755928836094,0.0993596533611401
"N-[4-[2-[(2R)-6,7-dimethoxy-3,4-dihydro-1H-isoquinolin-2-yl]ethyl]phenyl]-4-nitrobenzamide",COc1cc2c(cc1OC)CN(CCc1ccc(NC(=O)c3ccc([N+](=O)[O-])cc3)cc1)CC2,1,train,0.8126336818316233,0.9977432081747042,0.0007081705625865,0.0671452942599009,0.9692647611470366,1368.688296795168,19757.472950270017,20383.97942672428,6.706065373337213,0.0918871363139106
"N-[4-[2-[(2S)-3,4-dihydro-1H-isoquinolin-2-yl]ethyl]phenyl]-4-nitrobenzamide",O=C(Nc1ccc(CCN2CCc3ccccc3C2)cc1)c1ccc([N+](=O)[O-])cc1,1,train,0.8335769784811804,0.9982269796342014,0.0011585687257661,0.0595222406364192,0.9925628753703404,856.7147147131628,14286.142650474863,14393.18657283498,6.06508343131553,0.1232387668965679
"4-amino-N-[4-[2-[(2R)-6,7-dimethoxy-3,4-dihydro-1H-isoquinolin-2-yl]ethyl]phenyl]benzamide",COc1cc2c(cc1OC)CN(CCc1ccc(NC(=O)c3ccc(N)cc3)cc1)CC2,1,train,0.6721418561453144,0.9921786129408394,0.0005285985911009,0.1248262793757464,0.9284084417862898,1756.3581466470105,13063.096475372748,14070.41974999592,5.785612103217932,0.1180386669078404
"4-amino-N-[4-[2-[(2S)-3,4-dihydro-1H-isoquinolin-2-yl]ethyl]phenyl]benzamide",Nc1ccc(C(=O)Nc2ccc(CCN3CCc4ccccc4C3)cc2)cc1,1,train,0.7956984952000872,0.9972328249403856,0.001165540863155,0.0743417302826478,0.990377767166938,849.715182431277,11319.874072134147,11429.854796231575,5.6359331302264,0.1302129599134922
"N-[4-[2-[(2R)-6,7-dimethoxy-3,4-dihydro-1H-isoquinolin-2-yl]ethyl]phenyl]-3,4-dimethoxybenzamide",COc1ccc(C(=O)Nc2ccc(CCN3CCc4cc(OC)c(OC)cc4C3)cc2)cc1OC,1,train,0.6206383500188619,0.9889922772444416,0.0003502751754976,0.1479671434841321,0.9005246573389359,2570.90630547654,15646.477084543085,17374.845826852383,6.110797327227515,0.1133082073183001
"N-[4-[2-[(2R)-6,7-dimethoxy-3,4-dihydro-1H-isoquinolin-2-yl]ethyl]phenyl]-4,5-dimethoxy-2-nitrobenzamide",COc1cc2c(cc1OC)CN(CCc1ccc(NC(=O)c3cc(OC)c(OC)cc3[N+](=O)[O-])cc1)CC2,1,train,0.7697810435787674,0.9964328125240964,0.000523570624885,0.084389869802715,0.976355121670326,1864.8011849110276,21574.961450245028,22097.45303874176,6.607116076897225,0.1447209301619823
"2-bromo-N-[4-[2-[(2S)-6,7-dimethoxy-3,4-dihydro-1H-isoquinolin-2-yl]ethyl]phenyl]benzamide",COc1cc2c(cc1OC)CN(CCc1ccc(NC(=O)c3ccccc3Br)cc1)CC2,1,train,0.7451350433680147,0.995589490203371,0.0005634031498889,0.0938166669445886,0.9446204934262884,1676.6333195200284,16881.67193698537,17871.380151570575,6.06355414574116,0.111626314554495
"3-bromo-N-[4-[2-[(2S)-6,7-dimethoxy-3,4-dihydro-1H-isoquinolin-2-yl]ethyl]phenyl]benzamide",COc1cc2c(cc1OC)CN(CCc1ccc(NC(=O)c3cccc(Br)c3)cc1)CC2,1,train,0.8382533449594782,0.9983637816212844,0.0006496435329026,0.057181811328852,0.9540300948940078,1468.5439730791024,24501.41248473821,25682.01214602177,7.220096277846637,0.0394422132907936
Citenamide,NC(=O)C1c2ccccc2C=Cc2ccccc21,0,train,0.1695275521692709,0.8829068529534083,0.0011977618782083,0.46954817538556,0.8970830609957989,748.9661153163854,1430.9177429098747,1595.0783211997086,2.8323261451928934,0.5705361253717356
Fluoxetine,CNCC[C@@H](Oc1ccc(C(F)(F)F)cc1)c1ccccc1,1,train,0.4907928242463427,0.9768390226425196,0.0008310508943906,0.2139755215972308,0.8825404538006965,1061.9571674341894,4380.034470617692,4962.984361515549,4.101038258067369,0.2427938566476932
Oxybutynin,CCN(CC)CC#CCOC(=O)[C@](O)(c1ccccc1)C1CCCCC1,1,train,0.4865055974122944,0.9763524932186232,0.0006162530341761,0.2161846640855409,0.8677643116661323,1408.1298809768775,5652.227284812932,6513.551212956078,4.357155708614711,0.1502745331345535
Venlafaxine,COc1ccc([C@H](CN(C)C)C2(O)CCCCC2)cc1,0,train,0.2553166733175678,0.9248097509579348,0.0006463835028436,0.3804299206596696,0.7625962782651972,1179.7892039481794,2364.963445851596,3101.1998265078946,3.4610201458739103,0.2781079582851489
Drofenine,CCN(CC)CCOC(=O)[C@@H](c1ccccc1)C1CCCCC1,0,train,0.2802468831511248,0.9346005269291272,0.0005037218218953,0.355699107482431,0.8159213838414583,1619.785660210939,3715.549827380824,4553.808615589357,3.946489547694164,0.298583539480913
Bencyclane,CN(C)CCCOC1(Cc2ccccc2)CCCCC1,0,train,0.3282725923412423,0.946751374543065,0.0006087528777535,0.3219655801492098,0.7525046124972408,1236.1413637569262,2889.135160021234,3839.3587388566702,3.802398210746224,0.1727309001367304
Gamfexine,CN(C)CC[C@@H](c1ccccc1)C1CCCCC1,0,train,0.1522531252327543,0.8374006013757018,0.0004724294904102,0.5465896384085716,0.6179130541489839,1307.9476761969142,1478.6192171864402,2392.924388404219,3.2484966829616253,0.3287058623788773
"9-(4,5-Dimethylthyazol-2-yl)-4-(4-phenethylpiperazin-1-yl)-5,6,7,8-tetrahydro-1,3,4b-triazofluorene",Cc1nc(-c2c3n(c4c(N5CCN(CCc6ccccc6)CC5)ncnc24)CCCC3)sc1C,1,train,0.681733770934783,0.9927234801576956,0.0005350371601663,0.1204163275623089,0.9123688994147794,1705.2439855414102,12920.270945126107,14161.23560701549,5.51830855319338,0.0897715913194503
LY335984,O[C@@H](COc1cccc2ncccc12)CN1CCN(C2c3ccccc3C3C(c4ccccc42)C3(Cl)Cl)CC1,1,train,0.5223793751566028,0.9799545232307206,0.000279416220736,0.1992213151237868,0.9465542392723107,3387.6137783937857,16095.467399979374,17004.273745953746,5.70504007028724,0.242570421333359
LY335983,O[C@H](COc1cccc2ncccc12)CN1CCN(C2c3ccccc3C3C(c4ccccc42)C3(Cl)Cl)CC1,1,train,0.5784815182695613,0.9852211768414364,0.0003271413996857,0.1712869892991739,0.9719628682126072,2971.078772500737,16859.29712011895,17345.61851228163,5.758625095838929,0.2506326057471441
LY350344,O[C@H](COc1cccc2ncccc12)CN1CCN(C2c3ccccc3[C@H]3C[C@H]3c3ccccc32)CC1,1,train,0.6546188055007689,0.9910495312055052,0.0004645375796011,0.133494669172024,0.9546433046589607,2055.0399937041097,14695.94391269636,15394.17271453695,5.7177001824674,0.1904481636126879
LY3535977,O[C@@H](COc1cccc2ncccc12)CN1CCN(C2c3ccccc3[C@@H]3[C@H](c4ccccc42)C3(F)F)CC1,1,train,0.606117319225879,0.9873842892776872,0.0003957894471552,0.1583422410085076,0.9857685954700096,2490.638905496959,15505.613663525097,15729.466058037784,5.653365202018061,0.2704877736326165
LY335980,O[C@H](COc1cccc2ncccc12)CN1CCN(C2c3ccccc3C3C(c4ccccc42)C3(F)F)CC1,1,train,0.4221436521229637,0.9660190815251384,0.0002656740500063,0.2584707606854741,0.946786876914603,3563.7160531557506,13054.008829585144,13787.69514859105,5.367869374100188,0.3637834556171121
LY335981,O[C@@H](COc1cccc2ncccc12)CN1CCN(C2c3ccccc3C3C(c4ccccc42)C3(F)F)CC1,1,train,0.5259916322102756,0.9804677397902928,0.0003089846055977,0.1966799716049263,0.9367687690721176,3031.765182151781,14440.021089208316,15414.71232384418,5.58258383411419,0.2460886118254724
LY335979(Zosuquidar),O[C@H](COc1cccc2ncccc12)CN1CCN(C2c3ccccc3[C@H]3[C@H](c4ccccc42)C3(F)F)CC1,1,train,0.0,0.0,0.0,0.0,0.0,0.0,0.0,0.0,0.0,0.0
Quipazine,c1ccc2nc(N3CCNCC3)ccc2c1,0,train,0.6215802633212656,0.9890635132009632,0.0028434246215783,0.1474902263018398,0.8879524837379318,312.28275826248,1880.072041249843,2117.311540517885,3.1785400469732616,0.0962206219016869
Tacrine,Nc1c2c(nc3ccccc13)CCCC2,0,train,0.4416578297525902,0.9693795957399348,0.002073749704579,0.2455670974765972,0.769930464864046,371.2745386600626,1164.0630242411385,1511.906694647663,2.7721149036366426,0.0814461981006696
1-[2-[(2R)-2-hydroxy-3-piperidin-1-ylpropoxy]phenyl]-3-naphthalen-1-ylpropan-1-one,O=C(CCc1cccc2ccccc12)c1ccccc1OC[C@@H](O)CN1CCCCC1,1,train,0.5166788218326109,0.9795497630867966,0.0005410659794392,0.2012020418300988,0.926475119302176,1712.3144949203484,7884.695212505814,8510.423052099437,4.656501195475624,0.2126023712028244
1-[2-[(2R)-2-hydroxy-3-piperidin-1-ylpropoxy]phenyl]-3-naphthalen-1-ylpropan-1-one,O=C(CCc1cccc2ccccc12)c1ccccc1OC[C@H](O)CN1CCCCC1,1,train,0.3174098394086748,0.9451005546263906,0.0003054930048834,0.3267796530460378,0.7949965369087748,2602.339576357837,6331.027442438902,7963.591221486518,4.498166673378674,0.1757901025911038
Olanzapine,Cc1cc2c(s1)Nc1ccccc1N=C2N1CCN(C)CC1,1,train,0.2530810620481704,0.9176578177295732,0.0004459078765312,0.3973715258543284,0.6789340057214048,1522.5880533954748,2601.436537086709,3831.648606733934,3.5681143578678856,0.1744218458118246
Simvastatin lactone,CCC(C)(C)C(=O)O[C@H]1C[C@H](C)C=C2C=C[C@@H](C)[C@H](CC[C@@H]3C[C@H](O)CC(=O)O3)[C@H]21,1,train,0.3177553221291844,0.9423782527719042,0.0004471049424205,0.3345492918877171,0.9619549672980604,2151.519422017978,6186.427068998478,6431.098418645227,4.200249449202792,0.446482360628779
Lovastatin Lactone,CC[C@@H](C)C(=O)O[C@@H]1C[C@H](C)C=C2C=C[C@H](C)[C@H](CC[C@H]3C[C@H](O)CC(=O)O3)[C@H]21,1,train,0.24412282508806,0.915915218697302,0.0002782297952383,0.4013717879456327,0.6971981249730804,2505.8355967083207,4352.732135105837,6243.17820027686,4.024066011914075,0.2056516484194221
Ursolica acid,C[C@@H]1[C@H]2C3=CC[C@@H]4[C@@]5(C)CC[C@@H](O)C(C)(C)[C@H]5CC[C@@]4(C)[C@@]3(C)CC[C@]2(C(=O)O)CC[C@H]1C,0,train,0.3998963027603425,0.96078263832168,0.00050592182086,0.2773025818481176,0.9849688727138852,1946.8796009617647,6915.246850890384,7020.777044290547,4.169934322975576,0.3720935477450844
N-[(2S)-2-hydroxy-3-[2-(3-phenylpropanoyl)phenoxy]propyl]-N-propylbenzamide,CCCN(C[C@H](O)COc1ccccc1C(=O)CCc1ccccc1)C(=O)c1ccccc1,1,train,0.1980191560483653,0.899075693986561,0.0002445890775919,0.4377932120106293,0.7572758530399357,3096.1147590702067,5355.526035948452,7072.09402551229,4.173789090941708,0.2976346592715698
"4-{5-[4-(dimethylamino)phenyl]-2-{4-[3-(morpholin-4-yl)prop-1-en-1-yl]phenyl}imidazol-4-yl}-N,N-dimethylaniline",CN(C)c1ccc(-c2nc(-c3ccc(/C=C/CN4CCOCC4)cc3)[nH]c2-c2ccc(N(C)C)cc2)cc1,1,train,0.567899182552877,0.9848121433796866,0.0002255756208805,0.1736232768147971,0.8510119431369854,3772.623742827161,18491.459906800057,21728.790125597017,6.582339611035603,0.0635237584187336
10-(3-piperidin-1-ylpropyl)acridin-10-ium-9-one,O=c1c2ccccc2n(CCCN2CCCCC2)c2ccccc12,1,train,0.4316456603698078,0.9677665079869184,0.0005990684460968,0.2518491334485895,0.7662183359475999,1279.0163476975215,3891.241411726448,5078.502078541438,3.998987157444631,0.0727639955188807
4-methoxy-10-(3-piperidin-1-ylpropyl)acridin-10-ium-9-one,COc1cccc2c(=O)c3ccccc3n(CCCN3CCCCC3)c12,1,train,0.0695028079692348,0.7708063678508141,0.0003288231871008,0.6370694964292636,0.7726386011247179,2349.708388683789,2849.7289740904075,3688.307793504106,3.5609045396328747,0.5210200764914419
"2-[(2R,3R)-3-(3,4-dimethoxyphenyl)-2-(hydroxymethyl)-2,3-dihydro-1,4-benzodioxin-6-yl]-3,5-dihydroxy-7-methoxychromen-4-one",COc1cc(O)c2c(=O)c(O)c(-c3ccc4c(c3)O[C@H](c3ccc(OC)c(OC)c3)[C@@H](CO)O4)oc2c1,1,train,0.4774839323239128,0.975214119785926,0.0002632188456826,0.2212632381805931,0.8676899449147415,3296.4582861248205,12927.152889115878,14898.355068971196,5.531997881480387,0.2105024524676748
"2-[(2R,3S)-3-(3,4-dimethoxyphenyl)-2-(hydroxymethyl)-2,3-dihydro-1,4-benzodioxin-6-yl]-5,7-dihydroxy-3-methoxychromen-4-one",COc1ccc([C@@H]2Oc3cc(-c4oc5cc(O)cc(O)c5c(=O)c4OC)ccc3O[C@@H]2CO)cc1OC,1,train,0.6029696555632551,0.9877136791349744,0.0003964503724768,0.1562743998537589,0.8932778311401379,2253.189536837225,12879.424041923116,14418.16150915155,5.390548150707734,0.1138135674918935
"2-[(2R,3R)-3-(3,4-dimethoxyphenyl)-2-(hydroxymethyl)-2,3-dihydro-1,4-benzodioxin-6-yl]-5-hydroxy-3,7-dimethoxychromen-4-one",COc1cc(O)c2c(=O)c(OC)c(-c3ccc4c(c3)O[C@H](c3ccc(OC)c(OC)c3)[C@@H](CO)O4)oc2c1,1,train,0.5599146197097172,0.9834840378762704,0.0003478041257445,0.1809948818132348,0.973448824046859,2798.842083781848,15053.07502541254,15463.653202469666,5.646287491380967,0.2623165911334939
"2-[(2R,3R)-3-(3,4-dimethoxyphenyl)-2-(hydroxymethyl)-2,3-dihydro-1,4-benzodioxin-6-yl]-3-hydroxy-5,7-dimethoxychromen-4-one",COc1cc(OC)c2c(=O)c(O)c(-c3ccc4c(c3)O[C@H](c3ccc(OC)c(OC)c3)[C@@H](CO)O4)oc2c1,1,train,0.5094821475660546,0.9788511625884612,0.0002864721864941,0.2045737067641339,0.913902001963517,3190.1945286483733,14251.71011710856,15594.352661979932,5.622568837584037,0.1987083107019679
"2-[(2R,3S)-3-(3,4-dihydroxyphenyl)-2-(hydroxymethyl)-2,3-dihydro-1,4-benzodioxin-6-yl]-3,5,7-trihydroxychromen-4-one",O=c1c(O)c(-c2ccc3c(c2)O[C@@H](c2ccc(O)c(O)c2)[C@@H](CO)O3)oc2cc(O)cc(O)c12,1,train,0.63816109102907,0.9899046653673644,0.000546086909736,0.1417347998337961,0.9674365896405094,1771.5798939552274,12092.239964310224,12499.258446285963,5.316241756065806,0.1764146854448694
"3,5,7-trihydroxy-2-[(2R,3R)-3-(4-hydroxy-3-methoxyphenyl)-2-(hydroxymethyl)-2,3-dihydro-1,4-benzodioxin-6-yl]chromen-4-one",COc1cc([C@@H]2Oc3cc(-c4oc5cc(O)cc(O)c5c(=O)c4O)ccc3O[C@@H]2CO)ccc1O,1,train,0.4882260872921973,0.9765593502442528,0.0003232045111794,0.2152483111444151,0.8709695041109082,2694.793772935382,10904.072527286778,12519.465349613742,5.213686565722469,0.1815421172476556
"3,5-dihydroxy-2-[(2R,3R)-3-(4-hydroxy-3-methoxyphenyl)-2-(hydroxymethyl)-2,3-dihydro-1,4-benzodioxin-6-yl]-7-methoxychromen-4-one",COc1cc(O)c2c(=O)c(O)c(-c3ccc4c(c3)O[C@H](c3ccc(O)c(OC)c3)[C@@H](CO)O4)oc2c1,1,train,0.4836549265888284,0.9758941979681262,0.0002814557978735,0.2182441622865269,0.8277289878897541,2940.8844804176315,11153.816482297949,13475.203412573406,5.280080734393535,0.0972762909856108
"2-[(2R,3S)-3-(3,4-dimethoxyphenyl)-2-(hydroxymethyl)-2,3-dihydro-1,4-benzodioxin-6-yl]-3,5,7-trihydroxychromen-4-one",COc1ccc([C@@H]2Oc3cc(-c4oc5cc(O)cc(O)c5c(=O)c4O)ccc3O[C@@H]2CO)cc1OC,1,train,0.506613614036603,0.9787306289592598,0.0003107092086222,0.2051495940454475,0.8735763935131601,2811.556173011006,11972.283509537465,13704.907319427362,5.367346184528469,0.161246946284084
"5-hydroxy-2-[(2R,3R)-3-(4-hydroxy-3-methoxyphenyl)-2-(hydroxymethyl)-2,3-dihydro-1,4-benzodioxin-6-yl]-3,7-dimethoxychromen-4-one",COc1cc(O)c2c(=O)c(OC)c(-c3ccc4c(c3)O[C@H](c3ccc(O)c(OC)c3)[C@@H](CO)O4)oc2c1,1,train,0.5465555947530842,0.9822418774491298,0.0003614503730745,0.1876190133893912,0.9675493236565664,2676.8524691966936,13804.50067032556,14267.49038297658,5.498736195077567,0.3024617950258824
Thalicarpine,COc1cc(C[C@@H]2c3cc(OC)c(OC)cc3CCN2C)c(Oc2cc3c(cc2OC)-c2c(OC)c(OC)cc4c2[C@@H](C3)N(C)CC4)cc1OC,1,train,0.1938897414985538,0.8980612974377811,9.382427298743102e-05,0.4398703286701311,0.7805614194663711,8319.397471600314,14762.988717993594,18913.295417657555,5.48934430609536,0.3572218609872758
Pimethixene,CN1CCC(=C2c3ccccc3Sc3ccccc32)CC1,1,train,0.1773261560224504,0.8808736916648477,0.0004929326358961,0.4733513909694812,0.699872595578055,1419.8138743758786,2099.262493899057,2999.4923464108283,3.332768663930467,0.2533574130053104
(2S)-1-[4-(4-fluorophenyl)piperazin-1-yl]-3-[2-[(1S)-1-methoxy-3-phenylpropyl]phenoxy]propan-2-ol,CO[C@@H](CCc1ccccc1)c1ccccc1OC[C@@H](O)CN1CCN(c2ccc(F)cc2)CC1,1,train,0.5529863369952878,0.9833492561473702,0.0003929217712044,0.1817257285978342,0.9220155830674182,2346.562727336656,11905.674655665473,12912.660994358625,5.32720080732505,0.2522077813814814
(1S)-1-[2-[(2S)-3-[4-(4-fluorophenyl)piperazin-1-yl]-2-hydroxypropoxy]phenyl]-3-phenylpropan-1-ol,O[C@H](COc1ccccc1[C@@H](O)CCc1ccccc1)CN1CCN(c2ccc(F)cc2)CC1,1,train,0.7135172234367929,0.9942503729445948,0.0005112690544866,0.1070803245210523,0.9438225069759352,1846.0387905219804,16271.270815048108,17239.75715220254,6.168682164363874,0.1194247610368625
(2R)-1-[4-(4-fluorophenyl)piperazin-1-yl]-3-[2-[(1S)-1-methoxy-3-phenylpropyl]phenoxy]propan-2-ol,CO[C@@H](CCc1ccccc1)c1ccccc1OC[C@H](O)CN1CCN(c2ccc(F)cc2)CC1,1,train,0.544862254999448,0.9827341409102888,0.0002722381119533,0.185023264184039,0.860960669413967,3162.5280649959195,14716.053637292964,17092.59686311779,6.044357729376873,0.1392549664230492
Fenoprofen,C[C@H](C(=O)O)c1cccc(Oc2ccccc2)c1,0,train,0.4256152004550581,0.9671464200178774,0.0014046827609586,0.2542199878974964,0.9205670278734128,655.3558237200342,2373.137406822391,2577.9083271150143,3.4015252390545583,0.3576959829479583
Triiodothyronine,N[C@H](Cc1cc(I)c(Oc2ccc(O)c(I)c2)c(I)c1)C(=O)O,0,train,0.3967140692023641,0.9626867489429132,0.0002644924039348,0.2706182244597079,0.8128678485020137,3073.312641153738,9231.44418442755,11356.635892832564,4.26307197782994,0.2107424316036419
Cyproheptadine,CN1CCC(=C2c3ccccc3C=Cc3ccccc32)CC1,1,train,0.1484417888642972,0.8577339885722225,0.0004643095564454,0.5140937704815985,0.6943969738021532,1495.547451398832,2020.0665404990425,2909.0946774122863,3.343211150126413,0.3792287909867993
Vidarabine,Nc1ncnc2c1ncn2[C@H]1O[C@H](CO)[C@H](O)[C@H]1O,0,train,0.4510839236995441,0.971605136537149,0.0013406876561156,0.2366082387716626,0.8371556751356415,624.4226023241739,2209.30145092333,2639.0568881532868,3.199884040806936,0.1521340334441071
"(2R)-6,7-dimethoxy-2-[5-[2-[2-(3-methoxyphenyl)ethyl]phenoxy]pentyl]-3,4-dihydro-1H-isoquinoline",COc1cccc(CCc2ccccc2OCCCCCN2CCc3cc(OC)c(OC)cc3C2)c1,1,train,0.6530222644645521,0.9909330476198228,0.0003416262369564,0.1343565969161559,0.9577988536561816,2803.6454757962324,19986.57665058104,20867.19625345842,6.676801843608883,0.1956050061748399
"(2R)-2-[5-[2-[2-(3-methoxyphenyl)ethyl]phenoxy]pentyl]-3,4-dihydro-1H-isoquinoline",COc1cccc(CCc2ccccc2OCCCCCN2CCc3ccccc3C2)c1,1,train,0.5519005852387991,0.9832468287049222,0.0003340218253041,0.1822791097238331,0.921794998900348,2759.684933944044,13955.871161014593,15139.885959094156,6.088953564162557,0.2057488598537487
(1S)-2-[4-(2-methoxyphenyl)piperazin-1-yl]-1-(3-phenethyl-1-benzofuran-2-yl)ethanol,COc1ccccc1N1CCN(C[C@H](O)c2oc3ccccc3c2CCc2ccccc2)CC1,1,train,0.4089540634676358,0.9647250110358342,0.000259670242194,0.2632596685440245,0.8024688914011476,3090.338286823807,9419.97820174005,11738.745641955458,5.153130962892579,0.1287003812600871
(1S)-2-[4-(3-methoxyphenyl)piperazin-1-yl]-1-(3-phenethyl-1-benzofuran-2-yl)ethanol,COc1cccc(N2CCN(C[C@H](O)c3oc4ccccc4c3CCc3ccccc3)CC2)c1,1,train,0.6860121105777393,0.9928271688514572,0.000610614323241,0.1195584074433915,0.9613141078770954,1574.339269957929,12658.53722175134,13167.951159799,5.477792124040128,0.1897262253365305
Harman,Cc1nccc2c1[nH]c1ccccc12,0,train,0.4673192987603505,0.9730457570543112,0.0026011536990026,0.2306121303804347,0.7718736838785545,296.74281999349176,993.2173700274692,1286.7615398373146,2.658970940693548,0.0196726137705773
(1R)-1-(3-ethyl-1-benzofuran-2-yl)-2-(propylamino)ethanol,CCCNC[C@@H](O)c1oc2ccccc2c1CC,1,train,0.5490464217653054,0.9831204571862135,0.0015259651796081,0.1829594672652122,0.8918419632849099,584.4445045029827,2848.8940316570497,3194.393344268928,3.660345204668343,0.1487788719693801
1-[3-[(2R)-2-hydroxy-3-piperidin-1-ylpropoxy]phenyl]-3-phenylpropan-1-one,O=C(CCc1ccccc1)c1cccc(OC[C@H](O)CN2CCCCC2)c1,1,train,0.5643111758428657,0.9845210261953464,0.0006017752167729,0.17526650843576,0.896462717459557,1489.696970684333,7619.583492874961,8499.610016652712,4.894730967545844,0.1289803675779952
Cycloheximide,C[C@H]1C[C@@H](C)C(=O)[C@@H]([C@H](O)CC2CC(=O)NC(=O)C2)C1,0,train,0.5608814320236744,0.9841669232483932,0.0012489486296432,0.1772440892774465,0.9082663028552664,727.224708284976,3726.576721580088,4102.956049195103,3.899551051854354,0.1698896373291578
"1-[4-[(2R)-2-hydroxy-3-quinolin-5-yloxypropyl]piperazin-1-yl]-2,2-diphenylethanone",O=C(C(c1ccccc1)c1ccccc1)N1CCN(C[C@@H](O)COc2cccc3ncccc23)CC1,1,train,0.6639576908631774,0.9916980149603984,0.0004550812573346,0.1285886741653611,0.9333275113516444,2050.9029899805337,14885.946962954296,15949.328378198645,5.843193526138417,0.1245416089313265
"1-[4-[(2R)-2-hydroxy-3-quinolin-5-yloxypropyl]piperazin-1-yl]-2,2-diphenylethanone",O=C(C(c1ccccc1)c1ccccc1)N1CCN(C[C@H](O)COc2cccc3ncccc23)CC1,1,train,0.6828674413593311,0.99270885137107,0.0004732415914127,0.1205368674287292,0.9486257964546906,2004.5275260416367,15775.642435962098,16629.995194017047,5.97705077445835,0.1544330817120824
Benidipine,COC(=O)C1=C(C)NC(C)=C(C(=O)O[C@H]2CCCN(Cc3ccccc3)C2)[C@@H]1c1cccc([N+](=O)[O-])c1,1,train,0.2653644857727285,0.9260880222497854,0.0002899332823683,0.3773075337777937,0.9510060354561244,3280.085775898434,8267.47703248958,8693.401223814848,4.474139506031938,0.396937603173008
Protokylol,C[C@@H](Cc1ccc2c(c1)OCO2)NC[C@@H](O)c1ccc(O)c(O)c1,0,train,0.6878571825434939,0.9928696461141764,0.0011019801295533,0.1192051417729554,0.9729630065654,882.9224597359241,7206.491919828235,7406.748120123758,4.835504589852062,0.213212773782476
Spiperone,O=C(CCCN1CCC2(CC1)C(=O)NCN2c1ccccc1)c1ccc(F)cc1,1,train,0.4130008542863516,0.9656953329284442,0.0003947429824637,0.2596777309670995,0.8430105654332272,2135.593545378992,6932.931505218638,8224.014964338878,4.675770991090469,0.2168755989249789
1-(3-chlorophenyl)-4-[4-[2-[2-(3-methoxyphenyl)ethyl]phenoxy]butyl]piperazine,COc1cccc(CCc2ccccc2OCCCCN2CCN(c3cccc(Cl)c3)CC2)c1,1,train,0.5787816403564879,0.9856737016308478,0.0003648711117061,0.1686634338359749,0.9231930910814964,2530.18959699098,13849.199568295076,15001.411624594268,5.72295386561642,0.2115870151103861
1-(4-fluorophenyl)-4-[4-[2-[2-(3-methoxyphenyl)ethyl]phenoxy]butyl]piperazine,COc1cccc(CCc2ccccc2OCCCCN2CCN(c3ccc(F)cc3)CC2)c1,1,train,0.6610005223822101,0.9914330642721269,0.0004574593464378,0.1306157688335552,0.9557959339092492,2089.357101022864,15289.111257208628,15996.208724884886,6.006016203309775,0.2105565846216463
1-[4-[2-[2-(3-methoxyphenyl)ethyl]phenoxy]butyl]-4-[3-(trifluoromethyl)phenyl]piperazine,COc1cccc(CCc2ccccc2OCCCCN2CCN(c3cccc(C(F)(F)F)c3)CC2)c1,1,train,0.7837507799624076,0.996909603349794,0.0004998375470264,0.0785572577739097,0.969243949731164,1939.1179304099144,23924.94818587257,24684.13467270913,7.021691980397888,0.1023114535131659
1-(2-methoxyphenyl)-4-[4-[2-[2-(3-methoxyphenyl)ethyl]phenoxy]butyl]piperazine,COc1cccc(CCc2ccccc2OCCCCN2CCN(c3ccccc3OC)CC2)c1,1,train,0.4153179466848926,0.9653092053416475,0.0003582716470538,0.2611094369851018,0.9253060449118228,2582.694032645153,9152.41681096577,9891.23205375574,4.773007198572781,0.3360269583951589
N-[4-[4-(2-methoxyphenyl)piperazin-1-yl]butyl]naphthalene-2-carboxamide,COc1ccccc1N1CCN(CCCCNC(=O)c2ccc3ccccc3c2)CC1,0,train,0.7455153673883032,0.9955474057245516,0.0006953544583656,0.0942622032158977,0.9713530039623532,1396.9177766478826,14394.956115416637,14819.489986335124,6.054392019709652,0.1584326499336542
Piperacillin,CCN1CCN(C(=O)N[C@@H](C(=O)NC2C(=O)N3[C@H]2SC(C)(C)[C@H]3C(=O)O)c2ccccc2)C(=O)C1=O,0,train,0.1559693579064296,0.8565632098713472,0.0001356149430759,0.5160421179466793,0.6617431310603058,4879.57385853528,6257.288641933675,9455.766668718828,4.460246604262792,0.1986143169122257
1-(3-chlorophenyl)-4-[2-[2-[2-(3-methoxyphenyl)ethyl]phenoxy]ethyl]piperazine,COc1cccc(CCc2ccccc2OCCN2CCN(c3cccc(Cl)c3)CC2)c1,1,train,0.6910549739112938,0.9931387741070136,0.0005824604049284,0.1169417605700302,0.9492772928973764,1629.7713713501698,13229.70466577211,13936.607106014844,5.650132414437517,0.1565145104107312
1-(4-fluorophenyl)-4-[2-[2-[2-(3-methoxyphenyl)ethyl]phenoxy]ethyl]piperazine,COc1cccc(CCc2ccccc2OCCN2CCN(c3ccc(F)cc3)CC2)c1,1,train,0.5340223662769746,0.9806715499457472,0.0004165013800358,0.1956612151833003,0.9836175383853706,2361.6189178071418,11872.203616652409,12069.93892782848,5.501378872415841,0.2591471757506368
Mifepristone,CC#C[C@@]1(O)CC[C@@H]2[C@H]3CCC4=CC(=O)CCC4=C3[C@@H](c3ccc(N(C)C)cc3)C[C@]21C,1,train,0.157336573620141,0.8756364286512129,0.0002436628520299,0.4829708529703932,0.7856629295352139,3224.385346349391,5245.202731351101,6676.148936356311,4.198518293217809,0.4556992658003035
Furaltadon,O=C1O[C@@H](CN2CCOCC2)CN1/N=C/c1ccc([N+](=O)[O-])o1,0,train,0.5980360720193522,0.9872691921200144,0.000925166265295,0.1590582984024862,0.9190183329661256,993.3547811247464,5739.475803287764,6245.224493796163,4.473227863890338,0.1967866936046785
Atorvastatin lactone,CC(C)c1c(C(=O)Nc2ccccc2)c(-c2ccccc2)c(-c2ccc(F)cc2)n1CC[C@H]1C[C@@H](O)CC(=O)O1,1,train,0.1758436196808013,0.8827623517479809,0.0001393177995748,0.4698197849562894,0.7210590160958984,5175.641721993078,7943.350295629671,11016.227684993308,4.724529352129622,0.3279094867565796
"N-[2-[[4-[2-[(3,4-difluorophenyl)methyl-methylamino]ethyl]phenyl]carbamoyl]phenyl]quinoline-3-carboxamide",CN(CCc1ccc(NC(=O)c2ccccc2NC(=O)c2cnc3ccccc3c2)cc1)Cc1ccc(F)c(F)c1,1,train,0.5551217553860638,0.983683464426359,0.0001763612523296,0.1799078703507882,0.8548209626109295,4846.988504101543,23030.161886533817,26941.503418670796,7.055495713866547,0.0790674067149824
N-[2-[[4-[2-[(3-hydroxy-4-methoxyphenyl)methyl-methylamino]ethyl]phenyl]carbamoyl]phenyl]quinoline-3-carboxamide,COc1ccc(CN(C)CCc2ccc(NC(=O)c3ccccc3NC(=O)c3cnc4ccccc4c3)cc2)cc1O,1,train,0.5663670266591295,0.984703693847174,0.000195392473506,0.1742372960181916,0.858523460672224,4393.840997389197,21649.87442371823,25217.568785792268,6.7613322983925,0.0734485815873132
N-[2-[[4-[2-[(4-hydroxy-3-methoxyphenyl)methyl-methylamino]ethyl]phenyl]carbamoyl]phenyl]quinoline-3-carboxamide,COc1cc(CN(C)CCc2ccc(NC(=O)c3ccccc3NC(=O)c3cnc4ccccc4c3)cc2)ccc1O,1,train,0.5969599888966611,0.9872308929622275,0.0002289917981391,0.1592958379274317,0.863888343980233,3772.573301752484,20459.30480418257,23682.811496123984,6.53690057096942,0.058621152718479
Retrorsine,C/C=C1\C[C@@H](C)[C@](O)(CO)C(=O)OCC2=CCN3CC[C@H](OC1=O)C23,0,train,0.1952798294781766,0.894442130451479,0.0004330228831956,0.4471837153490938,0.7196591275237029,1661.9424872254574,2674.5877349705443,3716.464688183161,3.385037263135232,0.2576627928337308
Tolazamide,Cc1ccc(S(=O)(=O)NC(=O)NN2CCCCCC2)cc1,0,train,0.6500915391082954,0.9906277184468288,0.0014266088244818,0.1365896168997869,0.9761060829457252,684.2142472378347,4889.5787536836015,5009.269831540921,4.122175750201001,0.155997674010272
Naringin,C[C@@H]1O[C@H](O[C@@H]2[C@@H](Oc3cc(O)c4c(c3)O[C@H](c3ccc(O)cc3)CC4=O)O[C@@H](CO)[C@@H](O)[C@H]2O)[C@H](O)[C@H](O)[C@H]1O,0,train,0.2178235346909677,0.9054494828493562,0.0001403541975736,0.4244540422800015,0.7114843250171567,5069.2058899331405,8497.175599031882,11942.885177163926,4.687251846353536,0.2428867882099775
Morphine,CN1CC[C@@]23c4c5ccc(O)c4O[C@H]2[C@H](O)C=C[C@H]3[C@@H]1C5,0,train,0.1696238385137148,0.8642684128466523,0.000560136691911,0.503030924054902,0.6473324069486859,1155.6686364182976,1487.188409844387,2297.4107180181336,2.942230105298144,0.331110432701346
1-[2-[(2S)-3-(4-benzoylpiperazin-1-yl)-2-hydroxypropoxy]phenyl]-3-phenylpropan-1-one,O=C(CCc1ccccc1)c1ccccc1OC[C@@H](O)CN1CCN(C(=O)c2ccccc2)CC1,1,train,0.6895578045783307,0.992955973407502,0.0005262325978862,0.1184839013299287,0.9737968628609232,1850.506537931048,15208.964602904216,15618.210720274568,5.8799096917130775,0.1671271638291264
"4-[2-(3,4-dimethoxyphenyl)ethyl-methylamino]but-2-ynylBLAHdione",COc1ccc(CCN(C)CC#CCN2C(=O)[C@H]3C4c5ccccc5C(c5ccccc54)[C@H]3C2=O)cc1OC,1,train,0.5430767597056652,0.9819976262571392,0.0002993933609669,0.188893255637527,0.9593009319952244,3204.148979446224,16272.381413831985,16962.74950967419,5.91569422106285,0.2799494477124959
"N-[2-[(3-acetyl-2,4,6-trimethylphenyl)methylsulfanyl]-1,3-benzothiazol-6-yl]-4-butoxybenzamide",CCCCOc1ccc(C(=O)Nc2ccc3nc(SCc4c(C)cc(C)c(C(C)=O)c4C)sc3c2)cc1,1,train,0.8841854112439327,0.9991826536528547,0.0008643321400991,0.0404230706310063,0.9899409188025254,1145.3246649938917,28048.43208327594,28333.4404614818,7.347974239095525,0.0399229810463458
"N-[2-[(3-acetyl-2,4,6-trimethylphenyl)methylsulfanyl]-1,3-benzothiazol-6-yl]-4-tert-butylbenzamide",CC(=O)c1c(C)cc(C)c(CSc2nc3ccc(NC(=O)c4ccc(C(C)(C)C)cc4)cc3s2)c1C,1,train,0.8587792950391208,0.9987611864324236,0.0008115885339613,0.0497603504418704,0.9842023061333568,1212.6863120274195,23985.535759198687,24370.53399461219,6.925582924750965,0.0463513783471028
"(2R)-2-(2-piperidin-1-ylethyl)-2,3-dihydrochromen-4-one",O=C1C[C@@H](CCN2CCCCC2)Oc2ccccc21,0,train,0.4735825591395188,0.9739499638990308,0.0015541392597941,0.2267630212822997,0.9451817753235962,608.1705801890511,2534.944831093313,2681.9654137167845,3.351148638253614,0.2894603440298851
Manidipine,COC(=O)C1=C(C)NC(C)=C(C(=O)OCCN2CCN(C(c3ccccc3)c3ccccc3)CC2)[C@H]1c1cccc([N+](=O)[O-])c1,1,train,0.4911869898324091,0.9758019998902312,0.0002465825317479,0.2186560244087176,0.9714305038783349,3939.575512475251,17502.485172770757,18017.228307011068,5.683838882931638,0.2410445865432295
Loucarbate,CCN(CC)CCOCCOC(=O)C1(c2ccccc2)CCCC1,0,train,0.600676867255777,0.9873015919493284,0.0009069628639389,0.1588570632182327,0.948876379102189,1046.213044469372,6249.182915095181,6585.876783030529,4.562154184325559,0.1787144383750945
2-[4-[3-[2-[2-(3-methoxyphenyl)ethyl]phenoxy]propyl]piperazin-1-yl]pyrimidine,COc1cccc(CCc2ccccc2OCCCN2CCN(c3ncccn3)CC2)c1,1,train,0.7630240151480668,0.9962503968056854,0.0007079146385763,0.0865167432611424,0.945906610509848,1336.1873861120937,14608.831004980371,15444.263569641558,6.023494227503629,0.0773125546769813
"4-{5-[4-(dimethylamino)phenyl]-2-{4-[3-(piperidin-1-yl)prop-1-en-1-yl]phenyl}imidazol-4-yl}-N,N-dimethylaniline",CN(C)c1ccc(-c2nc(-c3ccc(/C=C/CN4CCCCC4)cc3)[nH]c2-c2ccc(N(C)C)cc2)cc1,1,train,0.5687222229004257,0.9848623181414616,0.0002282543521705,0.1733384386252109,0.8461056785898082,3706.854526732101,18094.02859313745,21385.06932525792,6.534396485648692,0.0500056033814239
Bupivacainne,CCCCN1CCCC[C@H]1C(=O)Nc1c(C)cccc1C,0,train,0.2936812543419477,0.9387849359012288,0.0007014443777654,0.3445037650373734,0.8375979912190571,1194.1046471672455,2903.2473815318726,3466.158481715587,3.620951687540476,0.3381538173392574
Sulmazole,COc1cc(S(C)=O)ccc1-c1nc2ncccc2[nH]1,0,train,0.6591474329910797,0.9914575999126536,0.0017009638820169,0.1304293968990132,0.9136715112105566,537.14927216866,3762.786602685756,4118.314466979827,3.82732069697398,0.1036591069177916
Remerine,CN1CCc2cc3c(c4c2[C@@H]1Cc1ccccc1-4)OCO3,0,train,0.2181625478212638,0.8594632962650721,0.0003854594350729,0.5111974592788747,0.5342516063159661,1386.0125286979296,1448.5193664215133,2711.3055895330945,3.150669033928763,0.1500423651878847
Mometasone furoate,C[C@H]1C[C@@H]2[C@H]3CCC4=CC(=O)C=C[C@@]4(C)[C@]3(Cl)[C@@H](O)C[C@@]2(C)[C@@]1(OC(=O)c1ccco1)C(=O)CCl,1,train,0.4891507125095296,0.9755181096480292,0.0004729738509088,0.2199191163785809,0.9723419184858754,2055.8048116557748,9089.456285177022,9348.004145836956,4.432917619096333,0.2749729450254674
Dibenzylamine,c1ccc(CNCc2ccccc2)cc1,0,train,0.6648933817728047,0.9916415545537396,0.0031096850670021,0.1290233594441057,0.9604185178460672,308.8475190100026,2298.985840440172,2393.733354492282,3.5603722290188693,0.2035991613331809
"methyl(E)-3-[4-[4,5-bis(4-pyrrolidin-1-ylphenyl)imidazol-2-yl]phenyl]prop-2-enoate",COC(=O)/C=C/c1ccc(-c2nc(-c3ccc(N4CCCC4)cc3)c(-c3ccc(N4CCCC4)cc3)[nH]2)cc1,1,train,0.4141215297397923,0.9646607379739816,0.0001375142885239,0.2634950865035119,0.7562010723199656,5499.072717728388,15781.7162402998,20869.735336241632,6.374479020957907,0.0556834252350531
Diphenylpyraline,CN1CCC(OC(c2ccccc2)c2ccccc2)CC1,0,train,0.2334305961681017,0.9159199565412364,0.000566350385814,0.4013609761916324,0.7576345677370449,1337.7488330797155,2525.219986526972,3333.031640926144,3.575767876630422,0.3384422297954088
Diazepam,CN1C(=O)CN=C(c2ccccc2)c2cc(Cl)ccc21,0,train,0.1606044400359139,0.8402236996410982,0.0003873789049464,0.5422399234300492,0.6042713661115152,1559.8974502624803,1738.3474040446176,2876.766137755093,3.2928735502706283,0.3435759205858804
Nitrazepam,O=C1CN=C(c2ccccc2)c2cc([N+](=O)[O-])ccc2N1,0,train,0.1800363766433023,0.850207127370909,0.0003752381958481,0.5264483265883815,0.5837075660997632,1555.5654316598325,1724.756763702338,2954.830233273959,3.3292473371211635,0.2649198584276676
Nordazepam,O=C1CN=C(c2ccccc2)c2cc(Cl)ccc2N1,0,train,0.1785265848393933,0.8450548466663791,0.0003992634182468,0.5346796294283732,0.5762989351603909,1443.405302922357,1555.7595488878628,2699.570403431123,3.2442541911992824,0.2529981126324718
Clotrimazole,Clc1ccccc1C(c1ccccc1)(c1ccccc1)n1ccnc1,1,train,0.0233775373197126,0.6433543236017361,0.0004321661127876,0.7655685562397092,0.894656837757242,2070.168880170467,2419.2356502385505,2704.093399993653,3.2295580629239584,0.7747111374213538
Podophyllotoxin,COc1cc([C@H]2c3cc4c(cc3[C@H](O)[C@H]3COC(=O)C23)OCO4)cc(OC)c1OC,0,train,0.1816585418854681,0.8888655694825416,0.0002771536899724,0.4581680907576139,0.7449960049400405,2688.0248464816573,4370.814581384335,5866.896671125252,3.94909454458261,0.4088575024662664
Acrivastine,Cc1ccc(/C(=C\CN2CCCC2)c2cccc(/C=C/C(=O)O)n2)cc1,0,train,0.3516502585364159,0.9536170803045506,0.0003989286448636,0.3010223648691642,0.8117608166328987,2034.8521648788544,5487.343958005318,6759.80392939667,4.527013354425806,0.202974356040042
Ketoconazole,CC(=O)N1CCN(c2ccc(OC[C@@H]3CO[C@@](Cn4ccnc4)(c4ccc(Cl)cc4Cl)O3)cc2)CC1,1,train,0.7430270379060528,0.995491834652857,0.0004492854554642,0.0948472832478032,0.9537042887084014,2122.7134711558847,21344.216426856405,22380.329709707825,6.567719155166164,0.1046695925599466
"4-(2,4,6-trimorpholin-4-ylpyrimido[5,4-d]pyrimidin-8-yl)morpholine",C1CN(c2nc(N3CCOCC3)c3nc(N4CCOCC4)nc(N4CCOCC4)c3n2)CCO1,0,train,0.2390472461935216,0.8948659814678158,0.000142597026307,0.4463349361316482,0.5896675048738156,4135.201975418631,5463.14893503018,9264.795651575294,4.467537308308228,0.1061466410651977
Helcinonide,CC1(C)O[C@@H]2C[C@@H]3[C@H]4CCC5=CC(=O)CC[C@@]5(C)[C@@]4(F)[C@@H](O)C[C@@]3(C)[C@]2(C(=O)CCl)O1,0,train,0.2684256534956076,0.9294844309777174,0.0004197391293594,0.3688613459960654,0.901744047249477,2148.3440169746195,5251.990889746297,5824.259007604271,3.812296789697069,0.4470797435442836
Sulfisoxazole,Cc1noc(NS(=O)(=O)c2ccc(N)cc2)c1C,0,train,0.3826325106623065,0.9601559707682118,0.0011707318238512,0.2794646879270311,0.8586892498047022,733.4636611995146,2253.656322972969,2624.5307292312496,3.2398336728538317,0.1823556479192045
Phenylpropanolamine,C[C@H](N)[C@H](O)c1ccccc1,0,train,0.3882471139655766,0.9601372957989838,0.0040359053079561,0.2795288414740323,0.9320315785534408,230.93494704052856,770.0052062546624,826.1578512712507,2.457972972784793,0.3445765014713518
Propoxur,CNC(=O)Oc1ccccc1OC(C)C,0,train,0.1707240586604959,0.8648972069568751,0.0008806392017274,0.5019490227086773,0.6463663879005095,733.9741254223028,945.1481779993276,1462.2483404022662,2.7397885607826806,0.2275097476840217
O-Nitrophenyl-N-N-dimethylcarbamate,CCNC(=O)Oc1ccccc1[N+](=O)[O-],0,train,0.3948837838201447,0.9621241953339496,0.0017070088376894,0.2726115051735714,0.7946776824734398,465.5381184488127,1357.0694781806797,1707.697986379574,2.8979184503957818,0.1019663609789889
Oxprenolol,C=CCOc1ccccc1OC[C@H](O)CNC(C)C,0,train,0.309515480822838,0.9416995375887872,0.0006197549795511,0.3364550206269249,0.7503312319629047,1210.690122258102,2699.970442606452,3598.3713959809343,3.761533877727228,0.1703924006356884
Nordefrin,C[C@H](N)[C@H](O)c1ccc(O)c(O)c1,0,train,0.488705236601073,0.9766154024021948,0.0028518036060609,0.2149938505883344,0.8499777159811671,298.04917637901343,1178.33676403044,1386.3148902324265,2.7951296206924847,0.1767096762735381
Orciprenaline,CC(C)NC[C@H](O)c1cc(O)cc(O)c1,0,train,0.4355910697742928,0.968995985966915,0.0017479558511084,0.2470764642373008,0.9045909347385236,517.5136054866082,1894.7094680674168,2094.5483702145348,3.2659392602667188,0.2503810942102478
Triflusal,CC(=O)Oc1cc(C(F)(F)F)ccc1C(=O)O,0,train,0.3587353395299186,0.9550000672408948,0.0012097688908463,0.2966055824995313,0.7980739641367895,659.6912601864615,1775.0253204497103,2224.136358551188,3.063812000947541,0.0994609247091741
Pentachlorophenol,Oc1c(Cl)c(Cl)c(Cl)c(Cl)c1Cl,0,train,0.2585850345073125,0.8947809662186257,0.0006149226564402,0.4465053443049284,0.5534946557895216,900.1045090673068,1115.782916767445,2015.8874256443512,2.7511645759230614,1.2135598962032615e-10
Lidocaine,CCN(CC)CC(=O)Nc1c(C)cccc1C,0,train,0.4595011347809468,0.9728178725032264,0.0015183811701336,0.2315715590013077,0.8635635874461054,568.739658020203,2120.9118318369315,2455.999607520849,3.313440506771401,0.1918239127767594
"3-methoxy-N-[(3,4,5-trimethoxyphenyl)methyl]propan-1-amine",COCCCNCc1cc(OC)c(OC)c(OC)c1,0,train,0.581500416420903,0.9859974754842976,0.0011195330503248,0.1667602420800344,0.8620199713864303,769.9817090136647,3980.2029698030806,4617.297860746218,4.170087945711514,0.0853813469130667
P-Nitrophenol,O=[N+]([O-])c1ccc(O)cc1,0,train,0.5731674065596696,0.985133769515788,0.0064143923383813,0.1717889873059805,0.828211012707927,129.11761068187482,622.4882559601687,751.6058666315905,2.324426967299423,1.4934941779458378e-11
Etifenin,CCc1cccc(CC)c1NC(=O)CN(CC(=O)O)CC(=O)O,0,train,0.3161923273112733,0.9443720266302424,0.0005658419204248,0.3288791196143177,0.7762225636214471,1371.801090733297,3237.733549872166,4171.140728976751,3.690436318105067,0.1731427493519123
Phenacetin,CCOc1ccc(NC(C)=O)cc1,0,train,0.7355016680096207,0.995219734548046,0.0051195283231974,0.0976610463087346,0.9076484575784284,177.2914222323404,1647.7223213681398,1815.375002965576,3.186888425559479,0.038522200467316
N-Norlaudanosine,CN(C)Cc1ccccc1,0,train,0.4964909106846109,0.9770053765872506,0.0060055320885936,0.2132146667553723,0.9403794162917948,156.58552854589868,690.6176304591586,734.403176520469,2.418409241596322,0.3215386404309617
Fenfluramine,CCN[C@@H](C)Cc1cccc(C(F)(F)F)c1,0,train,0.5863671195680232,0.9862417576930508,0.0022424720964346,0.1653093929047033,0.93479413682549,416.8587597195639,2357.259425027548,2521.688286399263,3.3837623629091835,0.2253214022509855
N-tert-butyl-N'-[(E)-(2-hydroxy-3-methoxyphenyl)methylideneamino]oxamide,COc1cccc(/C=N/NC(=O)C(=O)NC(C)(C)C)c1O,0,train,0.7756522747466918,0.9966791900694988,0.0019805415624324,0.0814284476237139,0.9454232738670943,477.35593728511816,5542.331042751712,5862.274809548258,4.500450805722229,0.0709155446869913
Homovertrylamine,COc1ccc(CCN)cc1OC,0,train,0.3485015673230006,0.9513973865171568,0.0017087001244398,0.3079659281938893,0.7465074006067323,436.8861393109994,1059.0091512098518,1418.6184227365063,2.83561338464665,0.1348185450778311
Acebutolol,CCCC(=O)Nc1ccc(OC[C@H](O)CNC(C)C)c(C(C)=O)c1,0,train,0.5341234042121266,0.9815972804036676,0.0005749969000488,0.1909627688952052,0.8382846103062388,1457.894138620701,6399.835040787836,7634.441766084521,4.798356305966636,0.0747620540605699
Diacetolol,CC(=O)Nc1ccc(OC[C@H](O)CNC(C)C)c(C(C)=O)c1,0,train,0.658320795139088,0.991381572173139,0.0012403215494832,0.1310060241191803,0.9273955532049756,747.705749038497,5293.031304677047,5707.415014429303,4.364435585352349,0.1063761011381678
Phenethylamine,NCCc1ccccc1,0,train,0.5669330431670943,0.9847660233151276,0.0077699518508673,0.1738846724818196,0.8916025828881828,114.7500782503114,588.3869158467422,659.9206049188091,2.3714897750637998,0.1623730060407777
Cintriamide,COc1cc(/C=C/C(N)=O)cc(OC)c1OC,0,train,0.4020899910516152,0.9628625307629264,0.0010388635796496,0.269992123686623,0.7670478005911403,738.3527689456582,2097.66070115995,2734.719660943356,3.4263639516377347,0.0911820041124024
Fosfosal,O=C(O)c1ccccc1OP(=O)(O)O,0,train,0.2435585596192421,0.9164519681146828,0.0013443558003334,0.4001447114966338,0.7052169797860572,524.5761424253567,924.5155370050236,1310.9660764060095,2.5154475068568947,0.0979785662612003
Tolbutamide,CCCCNC(=O)NS(=O)(=O)c1ccc(C)cc1,0,train,0.2620366841355628,0.9284684363664456,0.0007831101222474,0.3714113119861151,0.8117679105616115,1036.5948383247744,2265.613347924393,2790.961946693553,3.356914304668444,0.2955601349488685
Alprenolol,C=CCc1ccccc1OC[C@H](O)CNC(C)C,0,train,0.4018077003772771,0.9636406265240522,0.0009979581363114,0.2672016895761177,0.817534330966099,819.2070400746138,2506.458250666606,3065.875224719514,3.579971799718217,0.1758840488985334
Metoclopramide,CCN(CC)CCNC(=O)c1cc(Cl)c(N)cc1OC,0,train,0.6329283680836888,0.9898325548166288,0.001168961079714,0.1422375246732922,0.8913575422984483,762.5211461415963,4778.478649263163,5360.900000847484,4.264016065112335,0.1023679940356199
Selegiline,C#CCN(C)[C@@H](C)Cc1ccccc1,0,train,0.5546727510354506,0.983535155571968,0.0027982636078098,0.1807168994699286,0.9181644419384408,328.11935207814975,1667.068894351899,1815.653948471759,3.189648509772995,0.2498200709204359
Acetaminophen(Paracetamol),CC(=O)Nc1ccc(O)cc1,0,train,0.6533915840154584,0.9910842989277514,0.0061480305886229,0.1332363029316244,0.8698360175921537,141.48205755543952,923.668600801118,1061.8881974535632,2.652449289840219,0.0262216887308787
Guaifenesin,COc1ccccc1OC[C@@H](O)CO,0,train,0.4151405555829202,0.9660480422008942,0.0018969771390305,0.2583624975878256,0.8390027702065204,442.2840702420318,1436.2671193219091,1711.8741085543404,3.00944496007119,0.1365158233481976
Haloprogin,Clc1cc(Cl)c(OCC#CI)cc1Cl,0,train,0.4516927299357059,0.9717176259847604,0.0007198018036349,0.2361458349210107,0.8457427385876816,1174.9661286158273,4208.073674878528,4975.595394298807,3.785701815944844,0.2627816648864913
Tiprenolol,CSc1ccccc1OC[C@H](O)CNC(C)C,0,train,0.5184035412088294,0.9800314505163744,0.0012828478600551,0.1988425407169491,0.8559329277266922,667.2131235343197,2872.069931239429,3355.4848028425304,3.6740819093740296,0.1282354120376597
Ferulic acid,COc1cc(/C=C/C(=O)O)ccc1O,0,train,0.5901390328645452,0.9866792452025112,0.0025788780441105,0.1626778014561383,0.8572610413253554,332.41627818853306,1751.7296290129336,2043.4028196413765,3.260034144098889,0.0530225360339336
Bambuterol,CN(C)C(=O)Oc1cc(OC(=O)N(C)C)cc([C@H](O)CNC(C)(C)C)c1,0,train,0.1965702938535604,0.8838372819196282,0.0002197653054679,0.4677944624393536,0.6475250319044589,2946.438840860828,4078.48544098636,6298.57571527541,4.257919076503371,0.1967603264186563
N-chloro-1-(2-chlorophenyl)methanamine,ClNCc1ccccc1Cl,0,train,0.2388225044570226,0.9139758518738452,0.0017493216363045,0.4057685820655399,0.700355035751746,400.3580709327029,691.0165140293785,986.6660175972838,2.4293994886894024,0.1902932793817969
Terbutaline,CC(C)(C)NC[C@H](O)c1cc(O)cc(O)c1,0,train,0.4544859038833142,0.972101747182144,0.001564542178177,0.2345595726578274,0.8409860494203867,537.5285250540795,1927.24596832144,2291.6503426539725,3.249049226809327,0.2123725951586124
Dexloxiglumide,CCCCCN(CCCOC)C(=O)[C@H](CCC(=O)O)NC(=O)c1ccc(Cl)c(Cl)c1,1,train,0.3881983277305901,0.9611539619279764,0.0002852264211167,0.2760127922219441,0.8702137009151626,3050.957542811399,9619.06523712873,11053.68167268892,5.070421325718834,0.2395579600270157
Bromopride,CCN(CC)CCNC(=O)c1cc(Br)c(N)cc1OC,0,train,0.647645160406363,0.9907736126968584,0.0010005277461136,0.1355272975588883,0.8955911894119098,895.1187939471686,5915.122043865499,6604.712187655246,4.414085219304173,0.0999561781784111
"1-(3-methoxyphenyl)-N,N-dimethylmethanamine",COc1cccc(CN(C)C)c1,0,train,0.4606228783401985,0.972958104049068,0.0031173810083356,0.230981661101575,0.8697915012264087,279.0135369724256,1050.6617799367853,1207.9467072917462,2.771061299639169,0.2274482712380555
Thimerosal,O=C(O)c1ccccc1S,0,train,0.2356963524194631,0.889962804305194,0.0016974052833533,0.4560331204564368,0.5791953970409888,341.22398623430064,433.3794045245537,748.2438685435272,2.222209863729433,0.0323295314199662
D-617,CNCCC[C@](C#N)(c1ccc(OC)c(OC)c1)C(C)C,0,train,0.3246872121057305,0.9451432500540936,0.0008740770096096,0.3266561447105888,0.9423859046014382,1078.149744519927,3110.405662766292,3300.564713010825,3.590846662715033,0.4545448148569855
D-620,COc1ccc([C@@](C#N)(CCCN)C(C)C)cc1OC,0,train,0.2687597619282041,0.9277151182097751,0.0008710890562119,0.373288975788226,0.9439584133430332,1083.6531656682837,2740.299310255313,2902.9873260523523,3.488513970665089,0.420104092740126
Tiapride,CCN(CC)CCNC(=O)c1cc(S(C)(=O)=O)ccc1OC,1,train,0.3952619592538752,0.9624944698541767,0.0005894698918272,0.2713013002182767,0.8214412992768824,1393.525455100929,4219.291833443272,5136.449600424922,4.045296608026913,0.2278044068291037
Amoxecatine,CCN(CC)CCN(CC)CCOC(=O)c1ccc(N)cc1,0,train,0.6938410846451554,0.9932408812342336,0.0012989378821444,0.1160713222335434,0.9606354742206056,739.5545910437902,6120.739917564811,6371.553083161709,4.638915631370977,0.1712722144372983
Lucidril,CN(C)CCOC(=O)COc1ccc(Cl)cc1,0,train,0.8566572970154099,0.9987336840993928,0.0034530085572869,0.0503093256290967,0.9581711152419792,277.4887751783689,5284.939240489722,5515.652847826716,4.636024623845201,0.0478403043904995
Practolol,CC(=O)Nc1ccc(OC[C@@H](O)CNC(C)C)cc1,0,train,0.7955173377926359,0.9972670781066452,0.0027392068071099,0.0738808156738574,0.9699070483012572,354.08317684657914,4648.402508500167,4792.626795156925,4.288157250298332,0.099597585936046
Mafenide,NCc1ccc(S(N)(=O)=O)cc1,1,train,0.5806005403672735,0.9856415163686651,0.0042859159341863,0.1688514175554298,0.9491810858505751,221.46516647223288,1244.9439290089783,1311.597910627734,2.7309883838750024,0.2521184320357525
Fluvoxamine,COCCCC/C(=N/OCCN)c1ccc(C(F)(F)F)cc1,0,train,0.3320144776299776,0.9480262995945792,0.0004515210344059,0.3181919786496968,0.7624508633335982,1688.6275615856014,4046.2853515150273,5306.9457273925855,4.164483730851005,0.2035771725273509
Chlorphenesin carbamate,NC(=O)OC[C@@H](O)COc1ccc(Cl)cc1,1,train,0.5507016747129695,0.983163208904978,0.001555716644416,0.1827295943619056,0.9170789286262782,589.4896939735034,2958.516812086548,3226.022013741178,3.713124582882412,0.3357935511772909
Chlorpropamide,CCCNC(=O)NS(=O)(=O)c1ccc(Cl)cc1,0,train,0.5118649794920563,0.9792754124651436,0.0011923266902635,0.2025331245530537,0.8898343458467068,746.3007857770901,3278.8911590749835,3684.833221350891,3.732269608564723,0.2215983157839437
Mefexamide,CCN(CC)CCNC(=O)COc1ccc(OC)cc1,0,train,0.7363462388634704,0.9952299219563252,0.001595139578686,0.0975571752502451,0.9500045498280444,595.5620201027106,5799.538858633924,6104.748508503111,4.721425816915396,0.1036082747531893
Caffeic acid,O=C(O)/C=C/c1ccc(O)c(O)c1,0,train,0.664977553093427,0.9917996470459016,0.0039683010520466,0.1278024261100897,0.8910326600324507,224.5375661639625,1565.46562491659,1756.911609569482,3.137490353111503,0.0417593853900187
Buthethamate,CC[C@H](C(=O)OCCN(CC)CC)c1ccccc1,0,train,0.6264695736476957,0.9889291297947368,0.0018857173522321,0.1483885987649467,0.9858262048846194,522.7857736567365,3473.1503599415028,3523.085857053271,3.7781000848195054,0.2484124873647537
Atenolol,CC(C)NC[C@@H](O)COc1ccc(CC(N)=O)cc1,0,train,0.6148105738244153,0.9884962109551636,0.0014606707938046,0.1512456311014806,0.928593086206033,635.7305767628137,3903.154186818315,4203.298780486824,4.051127849949763,0.1878861965540515
"(2R)-3-(3,4-dimethoxyphenyl)propane-1,2-diol",COc1ccc(C[C@@H](O)CO)cc1OC,0,train,0.5066792165599976,0.9786289558530084,0.001877841488119,0.2056340603257408,0.8296744583837921,441.8234785167376,1782.631022598793,2148.5909377894586,3.209654332930685,0.103689009427538
Metanephrine,CNC[C@@H](O)c1ccc(O)c(OC)c1,1,train,0.5009675065534823,0.978076646579439,0.0022620675246051,0.2082452242331599,0.8518506422282305,376.5805542771928,1540.445348473008,1808.3514551841904,3.0731180698006058,0.1455657927824693
Clenbuterol,CC(C)(C)NC[C@@H](O)c1cc(Cl)c(N)c(Cl)c1,0,train,0.2972459152800339,0.9393581011800172,0.0008681919126098,0.342937833648422,0.8791080583807747,1012.5734248527313,2595.693359405904,2952.6442564829863,3.440126246002241,0.3786969369390854
2-ethoxyethyl4-aminobenzoate,CCOCCOC(=O)c1ccc(N)cc1,0,train,0.5983646558218704,0.987005792801184,0.0028220579740185,0.1606846756131594,0.962203816811033,340.9582034350891,2041.7086039249384,2121.9086520479987,3.2808350112171927,0.1631831646218539
Mephentermine,CNCC(C)(C)c1ccccc1,0,train,0.1955028041728576,0.8989218947323552,0.0022340365453381,0.4381089215831977,0.879421893711457,393.6470491257588,790.1729828854014,898.5141131187955,2.525311730669143,0.5382563734149928
Clofibric acid,CC(C)(Oc1ccc(Cl)cc1)C(=O)O,0,train,0.6783009175039819,0.9922739842248112,0.0038380905518707,0.1240658705310181,0.9846237997872244,256.5400129257761,2035.9781561464083,2067.77264228874,3.1869797712322536,0.2487686398440331
Methocarbamol,COc1ccccc1OC[C@H](O)COC(N)=O,0,train,0.4355626183592324,0.9684478206242332,0.0014864459810718,0.2492164094279773,0.9376822593728948,630.821618352226,2373.4803086019324,2531.2202346552594,3.387169568216017,0.294960617493457
Clorgyline,C#CCN(C)CCCOc1ccc(Cl)cc1Cl,0,train,0.72055687342032,0.994593814741128,0.0017003122069588,0.1038419167710746,0.9081480761383648,534.1066613658203,4671.022570214785,5143.459192334523,4.36015013521833,0.0657548428158578
Methoxamine,COc1ccc(OC)c([C@@H](O)[C@H](C)N)c1,0,train,0.3084315576220864,0.9427871316750625,0.0014497002147456,0.3333952974292059,0.8015404311086927,552.900815600224,1329.269973253464,1658.3941641157323,2.8947537127519984,0.2450257227497001
Aminocarb,CNC(=O)Oc1ccc(N(C)C)c(C)c1,0,train,0.5991658271639085,0.987229544470028,0.0028978179037173,0.159304194940061,0.942293405080854,325.17343614726684,1923.4194335204888,2041.210755746984,3.2092217982082767,0.187048563189129
Clobutinol,C[C@H](CN(C)C)[C@](C)(O)Cc1ccc(Cl)cc1,0,train,0.6941027000034055,0.9931561263496148,0.0023363398821226,0.1167943007780249,0.9810779784940846,419.9209139051801,3527.356716869839,3595.3887399289,3.839781565744537,0.2908562516189871
Diethylaniline,CCN(CC)c1ccccc1,0,train,0.3043910679548631,0.940852298884417,0.0027255816314929,0.3388169884818465,0.766550097305086,281.24275877409656,636.2923685456979,830.0727777384317,2.4197402429719195,0.2336638318660701
Metoprolol,COCCc1ccc(OC[C@@H](O)CNC(C)C)cc1,0,train,0.6711427958750453,0.992059367164293,0.0015412312262906,0.1257704735682531,0.9486025676995258,615.4836156431638,4642.18128159667,4893.7051613243175,4.357042600582957,0.13165793949492
Mexilitene,Cc1cccc(C)c1OC[C@@H](C)N,0,train,0.3716942651893433,0.9575734140319884,0.0021124345772875,0.2881894459190382,0.789673935397716,373.8217239426661,1024.3167335346975,1297.1388412595952,2.741835522954392,0.164118176338724
JTV 519,COc1ccc2c(c1)CN(C(=O)CCN1CCC(Cc3ccccc3)CC1)CCS2,1,train,0.7577777611165656,0.9960304796267933,0.0007561253446596,0.0890128285946486,0.9653504514308404,1276.7069087803204,13845.977149523478,14342.954031876194,5.890441108161399,0.1124663753299007
Bicuculline,CN1CCc2cc3c(cc2[C@@H]1[C@H]1OC(=O)c2c1ccc1c2OCO1)OCO3,0,train,0.5126424330174953,0.97941122547199,0.0007529115771025,0.2018753363327337,0.870543450140342,1156.2359732739192,4986.015982116995,5727.475155103619,4.0193998274248655,0.185044615333821
2-[4-(2-methoxyphenyl)piperazin-1-yl]-1-(3-phenethyl-1-benzofuran-2-yl)ethanone,COc1ccccc1N1CCN(CC(=O)c2oc3ccccc3c2CCc2ccccc2)CC1,1,train,0.6285166656243151,0.9894695209149692,0.0004958566968984,0.1447413803316141,0.9279091797806888,1871.3252953620831,11996.706926132716,12928.751204905784,5.429076360307879,0.1457411531102599
Zimeldine,CN(C)C/C=C(/c1ccc(Br)cc1)c1cccnc1,0,train,0.4470577361237033,0.970932988562627,0.00070148864072,0.2393514815513907,0.8214464330811675,1171.004611333461,4018.849412866237,4892.40594519586,3.986362807931394,0.2376279142216677
Cyclophosphamide,O=P1(N(CCCl)CCCl)NCCCO1,0,train,0.1488472190042059,0.8625300043699612,0.000792999252066,0.5060059204807338,0.7188124000304614,906.4477654395168,1287.6645655821656,1791.3777858139308,2.762686356899414,0.4383319127674118
Indinavir,CC(C)(C)NC(=O)[C@@H]1CN(Cc2cccnc2)CCN1C[C@H](O)C[C@H](Cc1ccccc1)C(=O)N[C@@H]1c2ccccc2C[C@@H]1O,0,train,0.2984635110092316,0.9401620681941916,0.0001521090437905,0.3407275825770794,0.8446653901408538,5553.025442088313,13765.977987539469,16297.55184504943,5.38637338514422,0.3170143733468364
"N-[2-[[4-[[(2S)-6,7-dimethoxy-3,4-dihydro-1H-isoquinolin-2-yl]methyl]phenyl]carbamoyl]phenyl]quinoline-3-carboxamide",COc1cc2c(cc1OC)CN(Cc1ccc(NC(=O)c3ccccc3NC(=O)c3cnc4ccccc4c3)cc1)CC2,1,train,0.6150638050667675,0.9885810872816372,0.0002359543242621,0.1506898598746973,0.909095246826789,3852.844187829765,23243.782566609112,25568.03882513069,6.781009411424907,0.1433617651046693
Xylometazoline,Cc1cc(C(C)(C)C)cc(C)c1CC1=NCCN1,0,train,0.4430771145577077,0.969412628668676,0.0015574402816607,0.2454366626600182,0.9485853523111694,609.0669179942302,2353.975770062289,2481.564536419389,3.3375952783731813,0.3408531920627227
Oxymetazoline,Cc1cc(C(C)(C)C)c(O)c(C)c1CC1=NCCN1,1,train,0.4284825730426482,0.9679156259634698,0.0013010480069715,0.2512754285952855,0.9004172929727619,692.0707676795653,2479.95791177533,2754.2317669040485,3.37342239556304,0.2908180844410528
Racinine,COc1ccn(C)c(=O)c1C#N,0,train,0.2711508861738264,0.9219348431864084,0.0018241178875773,0.3873449946996249,0.655709493917771,359.46662130955616,608.5161279081539,928.027020429972,2.403069463736272,0.1125086554402418
Quinine,C=C[C@@H]1CN2CC[C@@H]1C[C@@H]2[C@@H](O)c1ccnc2ccc(OC)cc12,1,train,0.2481487352771385,0.9226970839788402,0.0005362920226961,0.3855257335340211,0.7786469195805759,1451.9084502991377,2932.421739983972,3766.048084494501,3.544193278999492,0.2575924008989292
Quinidine,C=C[C@H]1CN2CC[C@H]1C[C@H]2[C@H](O)c1ccnc2ccc(OC)cc12,1,train,0.3680214969334978,0.957229517242002,0.0006996957465103,0.2893296585568852,0.8559047157307359,1223.252706622009,3618.6672508802462,4227.885633029581,3.738759279239377,0.2375936433415726
Famciclovir,CC(=O)OCC(CCn1cnc2cnc(N)nc21)COC(C)=O,0,train,0.5039711917417349,0.978369879762923,0.0007681587003986,0.2068631875725682,0.8377263245454805,1090.5641296657548,4416.417878630734,5271.910108622789,4.095356352700011,0.0949126913838569
Pumafentrine,CCOc1cc2c(cc1OC)C(c1ccc(C(=O)N(C(C)C)C(C)C)cc1)=N[C@@H]1CCN(C)C[C@H]21,1,train,0.4895124326231241,0.9767183041106376,0.0003600630374064,0.2145258828562189,0.8703400589237635,2417.188015723269,9806.628142136173,11267.582184212864,4.958896001999111,0.1512022184871567
1-[3-[2-[2-(3-methoxyphenyl)ethyl]phenoxy]propyl]-4-methylpiperazine,COc1cccc(CCc2ccccc2OCCCN2CCN(C)CC2)c1,1,train,0.2294652096343225,0.9132471329209528,0.0003309760138719,0.4074060311429612,0.7409074792928164,2238.5533943239693,4071.026999767098,5494.649620291084,4.001959722743516,0.2775969137584175
Ciprofloxacin,O=C(O)c1cn(C2CC2)c2cc(N3CCNCC3)c(F)cc2c1=O,0,train,0.4699616586025636,0.9738980807103366,0.0007252057262178,0.2269857449020157,0.8021571615332416,1106.109801030827,3908.941060250287,4873.036416927009,3.8627769061921966,0.0909822280991056
1-[2-[(2R)-2-hydroxy-3-piperidin-1-ylpropoxy]phenyl]-3-phenylpropan-1-one,O=C(CCc1ccccc1)c1ccccc1OC[C@H](O)CN1CCCCC1,1,train,0.437148887109867,0.9688372900023764,0.0005726704065394,0.2476980127107421,0.9306075943549906,1625.0317525198277,6105.2847110604525,6560.536092865285,4.409525916279346,0.277554593551971
1-[5-hydroxy-2-[(2S)-2-hydroxy-3-piperidin-1-ylpropoxy]phenyl]-3-phenylpropan-1-one,O=C(CCc1ccccc1)c1cc(O)ccc1OC[C@@H](O)CN1CCCCC1,1,train,0.5262773669798277,0.9808700455647456,0.0005086373066822,0.1946636938769381,0.8788270394123858,1727.806882953371,7800.342104790115,8875.855833937123,4.898524471807594,0.1386206809865894
[(2S)-1-[2-(3-phenylpropanoyl)phenoxy]-3-piperidin-1-ylpropan-2-yl]acetate,CC(=O)O[C@H](COc1ccccc1C(=O)CCc1ccccc1)CN1CCCCC1,1,train,0.4844009361828145,0.9760079311161056,0.0005315521939319,0.2177349728418923,0.8900776888988078,1674.4878472135786,6845.130360473922,7690.486398937407,4.448741499200815,0.1464224780439453
3-phenyl-1-[2-(3-piperidin-1-ylpropoxy)phenyl]propan-1-one,O=C(CCc1ccccc1)c1ccccc1OCCCN1CCCCC1,1,train,0.2117438884780403,0.9062200858759766,0.0003190916474593,0.4228062865603319,0.7600378545942176,2381.879502787466,4281.673770577217,5633.500679861784,4.182433597092232,0.3065195398280075
Dibromsalicil,Cn1c2nc(Cl)nc-2c(O)n(C)c1=O,1,train,0.4049887832498265,0.9622776641690008,0.0016728568605806,0.2720692872072333,0.7319215532332911,437.52790240478697,1177.0387800777155,1608.1488171486444,2.7401162305638573,0.0569450952632362
"[(2S,3S,4S)-2-methyl-4-pyrrolidin-1-yl-1,2,3,4-tetrahydroquinolin-3-yl]4-methylbenzoate",Cc1ccc(C(=O)O[C@H]2[C@H](C)Nc3ccccc3[C@@H]2N2CCCC2)cc1,1,train,0.312686230612208,0.9439371102513432,0.0005450245100324,0.330125327550529,0.867566290232533,1591.7931657438392,4183.217633946939,4821.784434277311,3.8882287380861142,0.3478966808855226
1-[2-[(2S)-3-(4-benzylpiperidin-1-yl)-2-hydroxypropoxy]phenyl]ethanone,CC(=O)c1ccccc1OC[C@@H](O)CN1CCC(Cc2ccccc2)CC1,1,train,0.5998229153555368,0.9869861614323648,0.0007018323334983,0.1608052149061274,0.9760340967054176,1390.6941161291868,8441.050100409198,8648.314775991723,5.014348412809778,0.2354033106523556
Trioxsalen,Cc1cc2cc3c(C)cc(=O)oc3c(C)c2o1,0,train,0.4686699304361356,0.9732858428737184,0.0015675318730319,0.2295967509822292,0.7748572950020992,494.3167716924057,1668.250769878681,2152.9780782074995,3.0746828051523387,0.0386602624175738
Ethoxyquin,CCOc1ccc2c(c1)C(C)=CC(C)(C)N2,0,train,0.5417137355140591,0.9824388085014047,0.0021338540895862,0.1865850678654118,0.8699035796343803,407.6677894143503,1900.6433546385508,2184.889681034983,3.215296759042818,0.1384264706076802
Tamolarizine,COc1ccc([C@@H](O)CN2CCN(C(c3ccccc3)c3ccccc3)CC2)cc1OC,1,train,0.6100649720548531,0.988234273247355,0.0004710779199609,0.1529477727175908,0.9000896462195821,1910.7022598177173,11244.382906090445,12492.514443774984,5.444815630299019,0.1243654636752161
dimethylbis(hydroxymethyl)-diphenylBLAHdicarboxylate,COC(=O)N1[C@H]2C3[C@H]4N(C(=O)OC)[C@@H]5C([C@@H](c6ccccc6)C24CO)[C@H]1C5(CO)[C@H]3c1ccccc1,1,train,0.1536379519600978,0.8729787134630735,0.0002517545709122,0.4877583067876518,0.7859079337896285,3121.722600475495,5029.922657723546,6400.1423595119895,3.851224892349635,0.4103796493918364
ditert-butylbis(hydroxymethyl)-diphenylBLAHdicarboxylate,CC(C)(C)OC(=O)N1[C@H]2C3[C@H](c4ccccc4)C4(CO)[C@@H]1C1[C@H](c5ccccc5)C2(CO)[C@@H]3N(C(=O)OC(C)(C)C)[C@H]14,1,train,0.1464806579782022,0.8598067403036181,0.0001494725278287,0.5106195935610641,0.7143902091707702,4779.408092900273,6686.704525746288,9360.017032579286,4.256590646462328,0.3326337437608251
Sulconazole,Clc1ccc(CS[C@@H](Cn2ccnc2)c2ccc(Cl)cc2Cl)cc1,0,train,0.3077122843731396,0.9428139984417738,0.0004226518435642,0.3333193128851595,0.8317192394845989,1967.8590124454388,4910.32513860947,5903.825360168785,4.008437429019939,0.3496365100870226
Chlorogenic acid,O=C(/C=C/c1ccc(O)c(O)c1)O[C@H]1C[C@@](O)(C(=O)O)C[C@@H](O)[C@@H]1O,0,train,0.5964614347530712,0.987109425539133,0.0007784859850762,0.1600468119388913,0.9266856030284266,1190.3690249962085,6892.344960774062,7437.630344368948,4.679973138673467,0.1690510780896123
Carvedilol,COc1ccccc1OCCNC[C@H](O)COc1cccc2[nH]c3ccccc3c12,1,train,0.6129238913613583,0.9880293772122208,0.0005647274422644,0.1542658412145436,0.974765991808689,1726.082210384553,10906.667506573129,11189.011104435114,5.413165094675704,0.2273494709108884
4-hydroxycarvedilol,COc1cc(O)ccc1OCCNC[C@H](O)COc1cccc2[nH]c3ccccc3c12,0,train,0.7561150032442437,0.9959322948672916,0.0007115311597531,0.0901047392780778,0.979305562491774,1376.335454980615,14958.735552826698,15274.839769892911,6.116360091760649,0.1308802500982611
5-hydroxycarvedilol,COc1ccc(O)cc1OCCNC[C@H](O)COc1cccc2[nH]c3ccccc3c12,0,train,0.6966963134864113,0.9934774410931628,0.0005872799088895,0.114028829858862,0.9261560224358464,1577.026573558582,12808.801602633794,13830.068900211729,5.778675962070572,0.0741848116320798
Cefaclor,N[C@@H](C(=O)N[C@@H]1C(=O)N2C(C(=O)O)=C(Cl)CS[C@H]12)c1ccccc1,0,train,0.5968212963962363,0.9871634815617546,0.0009553962463805,0.1597130572961248,0.9213905693011502,964.4067294504528,5563.698300751102,6038.371225104916,4.133116356592657,0.1810733790203225
Galantamine,COc1ccc2c3c1O[C@H]1C[C@@H](O)C=C[C@]31CCN(C)C2,0,train,0.2160839573338525,0.8981488151607236,0.0005476519942948,0.439691603087196,0.6625514807983766,1209.803831083446,1822.9989250009123,2751.4826814728312,3.172469520676862,0.2296019642093074
HM301818,COc1cc2c(cc1OC)CN(CCc1ccc(-n3nnc(-c4cc(OC)c(OC)cc4NC(=O)c4cc(=O)c5ccccc5o4)n3)cc1)CC2,1,train,0.5324693566431168,0.9814941115275,0.0001480913172211,0.1914923210910651,0.8536625863202291,5764.433744927057,25697.53915628756,30102.688776672945,6.685328963401767,0.0842158220438677
"2-[[2-[bis(2-hydroxyethyl)amino]-4,8-dimorpholin-4-ylpyrimido[5,4-d]pyrimidin-6-yl]-(2-hydroxyethyl)amino]ethanol",OCCN(CCO)c1nc(N2CCOCC2)c2nc(N(CCO)CCO)nc(N3CCOCC3)c2n1,0,train,0.192850286399072,0.8712163498385019,0.0001274756805527,0.4908992480887266,0.6098621467886303,4784.145055308971,5943.518930490582,9745.67607087528,4.486417783551223,0.1741185876226581
"4-(8-morpholin-4-ylpyrimido[5,4-d]pyrimidin-4-yl)morpholine",c1nc(N2CCOCC2)c2ncnc(N3CCOCC3)c2n1,0,train,0.6348120720458514,0.989956451809617,0.0015031892079113,0.1413726406364167,0.8956266381091148,595.8176345302209,3774.63519488768,4214.518678069749,3.7679754395717295,0.1013181202066424
"N-(9-Cyano-5,6,7,8-tetrahydro-1,3,4b-triazafluoren-4-yl)-C-phenethylmethansulfonamide",N#Cc1c2n(c3c(NS(=O)(=O)Cc4ccccc4)ncnc13)CCCC2,1,train,0.4506035542983435,0.9713492546864516,0.0007031120377446,0.2376565282504874,0.897888593598481,1277.0206530365006,4824.703476870745,5373.387646606258,3.9516074371750927,0.2344977705589014
Fendiline,C[C@@H](NCCC(c1ccccc1)c1ccccc1)c1ccccc1,1,train,0.3610566208566074,0.9557942561130806,0.000577745422678,0.2940362902453419,0.8464484732443935,1465.089016752146,4217.582667643624,4982.680932104285,4.111501584664819,0.2977625466668304
Dieldrin,ClC1=C(Cl)[C@]2(Cl)[C@H]3[C@@H]4C[C@@H]([C@@H]5O[C@@H]45)[C@@H]3[C@@]1(Cl)C2(Cl)Cl,0,train,0.0,0.0,0.0,0.0,0.0,0.0,0.0,0.0,0.0,0.0
[5-[(2S)-3-[di(propan-2-yl)amino]-2-hydroxypropoxy]-3-methyl-1-phenylpyrazol-1-ium-4-id-4-yl]-phenylmethanone,Cc1nn(-c2ccccc2)c(OC[C@@H](O)CN(C(C)C)C(C)C)c1C(=O)c1ccccc1,1,train,0.1782229162215569,0.8880357130978427,0.0002538655502919,0.4597744797863473,0.7618081481300899,3000.833107343578,4972.131366262833,6526.750046540285,4.079780004351512,0.3519667058750598
1-[2-[(2S)-2-hydroxy-3-morpholin-4-ylpropoxy]phenyl]-3-naphthalen-1-ylpropan-1-one,O=C(CCc1cccc2ccccc12)c1ccccc1OC[C@@H](O)CN1CCOCC1,1,train,0.5656206722032093,0.984601633025884,0.0005495355721584,0.1748131123307467,0.9070459705685604,1650.5682553103145,8564.23906174158,9441.90188769957,4.8402027714780544,0.1660319885592153
Pyrazinamide,NC(=O)c1cnccn1,0,train,0.442252075513636,0.9690532505990248,0.005848585598705,0.246851772332028,0.7531482276716369,128.77442160347223,392.8925706461768,521.6669922477371,2.0584541330648976,4.500708633673021e-12
Pantoprazole,COc1ccnc(CS(=O)c2nc3cc(OC(F)F)ccc3[nH]2)c1OC,0,train,0.6376428962404147,0.9900850608437912,0.0007868628604237,0.1404691150892117,0.9272411370760332,1178.4024684766937,7778.672515375246,8389.05027434886,4.756349729422983,0.1227527252575916
Meclofenamic Acid,Cc1ccc(Cl)c(Nc2ccccc2C(=O)O)c1Cl,0,train,0.138632774717627,0.8616077354728746,0.0006658452641432,0.5075747335844298,0.792584110396459,1190.3427914536762,1858.7347241826749,2345.1576934250115,3.017809863703257,0.3615138162690832
Diclofenac,O=C(O)Cc1ccccc1Nc1c(Cl)cccc1Cl,0,train,0.1466898268869161,0.8678343248746666,0.0006158546499229,0.49685368527297,0.7878033074432308,1279.2033112712986,2028.2844414411477,2574.607674628614,3.151323346717993,0.2604905466441328
3-phenyl-1-[2-(5-piperidin-1-ylpentoxy)phenyl]propan-1-one,O=C(CCc1ccccc1)c1ccccc1OCCCCCN1CCCCC1,1,train,0.330692344328403,0.9487878341666766,0.0004523569057719,0.3159139847130972,0.8489533797428631,1876.7335458141893,5043.332564219053,5940.647254089044,4.116105204565119,0.2560259318069501
Clemastine,CN1CCC[C@H]1CCO[C@](C)(c1ccccc1)c1ccc(Cl)cc1,1,train,0.2775064432780247,0.9337750947568292,0.0004798877330448,0.3578604091148873,0.8337657658996094,1737.4183761885895,4047.9469821593952,4855.017017629378,3.9332250342228368,0.4067222060406009
Hydramethylnon,CC1(C)CN=C(NN=C(/C=C/c2ccc(C(F)(F)F)cc2)/C=C/c2ccc(C(F)(F)F)cc2)NC1,1,train,0.4294428639490313,0.9681897030619004,0.0001934786506588,0.2502173033283457,0.8117359307870448,4195.480628083138,13610.6589250028,16767.34811012511,5.912632897666138,0.1657314732360315
(1R)-1-[2-[(2R)-2-hydroxy-3-piperidin-1-ylpropoxy]phenyl]-3-phenylpropan-1-ol,O[C@@H](COc1ccccc1[C@H](O)CCc1ccccc1)CN1CCCCC1,1,train,0.3640389836159834,0.956223819048936,0.0003482432962749,0.2926363065025728,0.8050386130699495,2311.7131662870565,6359.4923796200665,7899.611616601417,4.735292440391252,0.1707691804027166
(2R)-1-[2-[(1S)-1-methoxy-3-phenylpropyl]phenoxy]-3-piperidin-1-ylpropan-2-ol,CO[C@@H](CCc1ccccc1)c1ccccc1OC[C@H](O)CN1CCCCC1,1,train,0.4425927659652708,0.9703295465775792,0.0004314964769072,0.2417862093638705,0.8289510647096955,1921.107376475284,6586.413713754183,7945.47952726352,4.63134097699476,0.161114491800451
(2S)-1-[2-[(1S)-3-phenyl-1-propan-2-yloxypropyl]phenoxy]-3-piperidin-1-ylpropan-2-ol,CC(C)O[C@@H](CCc1ccccc1)c1ccccc1OC[C@@H](O)CN1CCCCC1,1,train,0.2298671469899552,0.9152154550078276,0.000279778449986,0.4029648507187882,0.883135542009984,3156.5531299994464,6917.884411935381,7833.321254617983,4.664180224650348,0.4433506870021525
(1R)-1-[2-[(2S)-2-hydroxy-3-piperidin-1-ylpropoxy]phenyl]-3-phenylpropan-1-ol,O[C@H](COc1ccccc1[C@H](O)CCc1ccccc1)CN1CCCCC1,1,train,0.2415057353471358,0.9123673471125578,0.0002336710650631,0.4093724757757821,0.6756440489125375,2891.4322307301145,4772.1307492023525,7063.084114902205,4.464026686953114,0.1598139616443878
(2R)-1-[2-[(1R)-1-methoxy-3-phenylpropyl]phenoxy]-3-piperidin-1-ylpropan-2-ol,CO[C@H](CCc1ccccc1)c1ccccc1OC[C@H](O)CN1CCCCC1,1,train,0.4468977878592715,0.970983951357208,0.0004880005853788,0.239144655400749,0.8735330036230705,1790.0244995502271,6538.492257042915,7485.111873190626,4.5404611846935365,0.2165849094180203
Tadjakonine,C=C1C[C@@]23C[C@@H]4[C@@H]5[C@]6(C)C[C@H](OC(=O)c7ccccc7)[C@@H](OC(C)=O)[C@]57[C@H]([C@@H]2[C@@H](O)[C@@H]1[C@H](OC(C)=O)[C@H]37)N4C6,0,train,0.0,0.0,0.0,0.0,0.0,0.0,0.0,0.0,0.0,0.0
Lasalocid,CC[C@H](C(=O)[C@H](C)[C@H](O)[C@@H](C)CCc1ccc(C)c(O)c1C(=O)O)[C@H]1O[C@](CC)([C@@H]2CC[C@@](O)(CC)[C@@H](C)O2)C[C@H]1C,1,train,0.6996733781803476,0.9935155212910302,0.0003731543489015,0.113696565268316,0.9658950273149064,2588.4597892486063,21989.93815635122,22766.3850982659,6.329968652882709,0.1744105454526578
"2-[(2R)-2-methyl-5-oxo-4,4-diphenylimidazolidin-1-yl]aceticacid",C[C@@H]1NC(c2ccccc2)(c2ccccc2)C(=O)N1CC(=O)O,0,train,0.1640143293552302,0.8782902569984058,0.0004976515095462,0.4781278327619865,0.7552500105151007,1517.628292143046,2397.2433835903166,3174.105726864317,3.379471779913283,0.4081943987857224
"N-[2-[[4-[2-[(2R)-6,7-dimethoxy-3,4-dihydro-1H-isoquinolin-2-yl]ethyl]phenyl]carbamoyl]phenyl]quinoline-2-carboxamide",COc1cc2c(cc1OC)CN(CCc1ccc(NC(=O)c3ccccc3NC(=O)c3ccc4ccccc4n3)cc1)CC2,1,train,0.5705326099071855,0.9850864750283947,0.0001987965089323,0.1720599799957319,0.8681995187954722,4367.277491230475,22036.897926099093,25382.2968672832,6.643364521901546,0.0930650999889368
Nicardipine,COC(=O)C1=C(C)NC(C)=C(C(=O)OCCN(C)Cc2ccccc2)[C@@H]1c1cccc([N+](=O)[O-])c1,1,train,0.2376118227823717,0.9191133803723648,0.0002809113434122,0.3939931395601762,0.8562024637174102,3047.945495247997,6623.613916782763,7736.03697427445,4.260348799841243,0.3622460318910693
Ganciclovir,Nc1nc(=O)c2ncn(COC(CO)CO)c2[nH]1,0,train,0.3864856244963126,0.9609221861979612,0.0011983079093068,0.2768186266719253,0.8526748113356314,711.5657042010915,2191.811150416728,2570.5123703413624,3.2746413459704717,0.2742904905194324
Hespertin,COc1ccc([C@H]2CC(=O)c3c(O)cc(O)cc3O2)cc1O,0,train,0.2612413327728823,0.9265793264975472,0.0007679074605456,0.3760993907298335,0.9108709014701584,1186.172746417856,2872.778487442683,3153.881063503048,3.454075100547989,0.4605720447218507
Naringenin,O=C1C[C@H](c2ccc(O)cc2)Oc2cc(O)cc(O)c21,1,train,0.2216345648233169,0.9116059693356904,0.0008835759375684,0.4110651489381412,0.8827323214978946,999.0452251644168,2145.376500948473,2430.3817235422143,3.1997131964222016,0.471917934273786
Prenylamine lactate,C[C@@H](Cc1ccccc1)NCCC(c1ccccc1)c1ccccc1,0,train,0.357894676149619,0.9549886617499744,0.0004903977149827,0.2966423029997452,0.8118315187422455,1655.455345608128,4530.543398040466,5580.6448671265525,4.225636741116317,0.25679792975562
DDE,ClC(Cl)=C(c1ccc(Cl)cc1)c1ccc(Cl)cc1,0,train,0.3295054970989551,0.9472846514976884,0.0005479736089447,0.3203931788239301,0.7588343594797572,1384.80092306095,3279.828007934624,4322.192276827334,3.7588414585895658,0.4756162739414906
Pempidine,CN1C(C)(C)CCCC1(C)C,0,train,0.0950002374484117,0.815981024351951,0.0022417408463015,0.5780786865968514,0.7930545935240619,353.7672942135377,485.3262786183346,611.970830988711,2.1615415754104994,0.5883805692889321
Nanophine,C[C@H]1CCC[C@@H](C)N1,0,train,0.2499394047364722,0.917346401334496,0.0039940583371983,0.3980899144146326,0.6877316026140172,172.18867241093685,297.4694593890491,432.5371384103764,1.9962015515662863,0.3042004768807702
Acenocoumarol,CC(=O)C[C@H](c1ccc([N+](=O)[O-])cc1)c1c(O)oc2ccccc2c1=O,0,train,0.2524924961235695,0.9249010228184829,0.0004685970782982,0.3802079667620398,0.8565407142660093,1827.8831728458365,4117.894666431562,4807.587774692399,3.9009191699434704,0.4231527381512331
Aposcopolamine,C=C(C(=O)OC1C[C@H]2[C@@H]3O[C@@H]3[C@@H](C1)N2C)c1ccccc1,0,train,0.6056502102176515,0.9877159444074596,0.0016405059768186,0.1562600817972394,0.9451493593503796,576.1328350557211,3484.777261669479,3687.0122454133993,3.684631157835104,0.232655073444468
Lobeline,CN1[C@@H](CC(=O)c2ccccc2)CCC[C@@H]1C[C@H](O)c1ccccc1,0,train,0.2608713875683391,0.9247050446521554,0.0003718398619998,0.3806843579592616,0.7235256318892184,1945.7990006716584,3698.169945929402,5111.318497829862,3.991930132226172,0.2589191690225511
(6-acetyloxy-4-oxo-2-phenyl-5-phenylmethoxychromen-7-yl)acetate,CC(=O)Oc1cc2oc(-c3ccccc3)cc(=O)c2c(OCc2ccccc2)c1OC(C)=O,1,train,0.3967865963940073,0.9627844395164472,0.0003967542850308,0.2702704627313173,0.866559615332491,2184.1216289953218,7002.879928255839,8081.244272581175,4.407608709889014,0.1888349448747093
Semustine,CC1CCC(NC(=O)N(CCCl)N=O)CC1,0,train,0.5283829083806376,0.9806230567484784,0.0018261535358871,0.1959041106594505,0.9456735102727296,517.8499461784344,2499.7789722156604,2643.38478878903,3.3802304548175988,0.2597728859016691
Gabapentin,NCC1(CC(=O)O)CCCCC1,0,train,0.2275321431098366,0.9133288742908728,0.0024526962683414,0.4072227491024623,0.905156967869687,369.04568231832144,820.298648709829,906.250161936471,2.473637276156618,0.5659736193095334
Lindane,ClC1C(Cl)C(Cl)C(Cl)C(Cl)C1Cl,0,train,0.0923754675193834,0.7596219829190816,0.0005941355429126,0.6503648538059869,0.6503662778460234,1094.642940662595,1094.645337494718,1683.1213037676582,2.580207006812829,0.5292325177361451
"1-N,4-N-diphenylbenzene-1,4-diamine",CCN(CC)C1CCCCC1,0,train,0.3779440403971958,0.9591244530653598,0.0029905445399965,0.2829845994609501,0.811294375510675,271.286504735222,777.7568668503,958.661726652222,2.5425541430101237,0.2553905689079119
7-[(2S)-2-hydroxy-3-piperidin-1-ylpropoxy]-3-methylideneinden-1-one,C=C1CC(=O)c2c(OC[C@@H](O)CN3CCCCC3)cccc21,1,train,0.430757592005582,0.9671979910131154,0.0009121492827701,0.2540237118463421,0.9580855048957484,1050.3604212526495,3961.57936282375,4134.891241523186,3.8954603925702473,0.309314460684748
"4-{4-[2-(3,4-Difluorophenyl)ethyl]piperazin-1-yl}-5,6,7,8-tetrahydro-1,3,4b-triazafluorene-9-carboxylic Acid Pyridin-3-ylamide",O=C(Nc1cccnc1)c1c2n(c3c(N4CCN(CCc5ccc(F)c(F)c5)CC4)ncnc13)CCCC2,1,train,0.7742496110534169,0.9965997216125634,0.000585067033461,0.0823953571614395,0.9696486023906,1657.3290698921885,19503.85157228677,20114.35021326428,6.31452830972787,0.1120843693259527
4-[2-[4-[(E)-3-ethoxyprop-1-enyl]phenyl]-5-(4-pyrrolidin-1-ylphenyl)imidazol-4-yl]-N-methylaniline,CCOC/C=C/c1ccc(-c2nc(-c3ccc(NC)cc3)c(-c3ccc(N4CCCC4)cc3)[nH]2)cc1,1,train,0.4932393662931341,0.9768010899400876,0.0002030076726572,0.2141486182347604,0.8013622110861657,3947.447899859237,14771.683344278375,18433.216765059147,6.229793343069724,0.0426521654212765
"N-[2-[(3-acetyl-2,4,6-trimethylphenyl)methylsulfanyl]-1,3-benzothiazol-6-yl]-3-phenylpropanamide",CC(=O)c1c(C)cc(C)c(CSc2nc3ccc(NC(=O)CCc4ccccc4)cc3s2)c1C,1,train,0.7324568712420284,0.9950761410120962,0.0005284880190117,0.0991134379813102,0.946192301047758,1790.3760672135447,17091.931076965197,18063.90842330739,6.148350086256662,0.0896291978049525
Atorvastatin acid,CC(C)c1c(C(=O)Nc2ccccc2)c(-c2ccccc2)c(-c2ccc(F)cc2)n1CC[C@@H](O)C[C@@H](O)CC(=O)O,0,train,0.2629148910318538,0.9287944575228242,0.0001741994333827,0.3705952720622359,0.8136532229269539,4670.814405804731,10254.915487260829,12603.545587112449,4.963779618399964,0.3578500706454733
"N-[2-[[4-[2-[(2S)-6,7-dimethoxy-3,4-dihydro-1H-isoquinolin-2-yl]ethyl]phenyl]carbamoyl]phenyl]pyridine-2-carboxamide",COc1cc2c(cc1OC)CN(CCc1ccc(NC(=O)c3ccccc3NC(=O)c3ccccn3)cc1)CC2,1,train,0.5432061773059093,0.9825506733393295,0.0002456962694351,0.1859950921944717,0.8518281634962619,3466.996733221,15878.297783359276,18640.259225743423,5.949164116820345,0.0904444985506179
3-[[2-[2-(3-methoxyphenyl)ethyl]phenoxy]methyl]pyridine,COc1cccc(CCc2ccccc2OCc2cccnc2)c1,0,train,0.6678990907860385,0.9917753064668527,0.001300583634501,0.1279911773622717,0.9682859231790676,744.5010820473269,5632.340700309152,5816.815638315903,4.3689977549921775,0.1981757453007362
3-[(2-phenethylphenoxy)methyl]pyridine,c1ccc(CCc2ccccc2OCc2cccnc2)cc1,0,train,0.2221246243580596,0.8656948759807985,0.0002733536694947,0.5005720544542911,0.5400978685719041,1975.8208096133828,2131.8341654441,3947.125677575758,3.7306036079769536,0.098618044885566
"[(3S,5S,6S,7S,8E,10S,11S,12Z,14E)-6-hydroxy-5,11-dimethoxy-3,7,9,15-tetramethyl-16,20,22-trioxo-21-(prop-2-enylamino)-17-azabicyclo[16.3.1]docosa-1(21),8,12,14,18-pentaen-10-yl]carbamate",C=CCNC1=C2C[C@H](C)C[C@H](OC)[C@@H](O)[C@@H](C)C=C(C)[C@H](OC(N)=O)[C@@H](OC)C=CC=C(C)C(=O)NC(=CC1=O)C2=O,1,train,0.0911212436660464,0.8055648616049732,0.0001324685947974,0.5925075980503207,0.7587781556547687,5727.985239180645,7335.382853662761,9667.361664270467,4.405090356469207,0.4808554131856934
Geldanamycin,COC1=C2C[C@H](C)C[C@H](OC)[C@@H](O)[C@H](C)C=C(C)[C@@H](OC(N)=O)[C@H](OC)C=CC=C(C)C(=O)NC(=CC1=O)C2=O,1,train,0.2885961580842764,0.9362385309134004,0.0001808272596761,0.3513650711626274,0.7679631034367328,4246.943214269491,9282.356041134226,12086.981782841518,4.779686943729798,0.2333344472241087
Fentanyl,CCC(=O)N(c1ccccc1)C1CCN(CCc2ccccc2)CC1,1,train,0.5427027715673626,0.9824858785903616,0.0007376965035115,0.1863370558169394,0.8975417689766059,1216.681609176819,5860.469132101594,6529.466744242792,4.496567402793689,0.2008321812231292
Fipexide,O=C(COc1ccc(Cl)cc1)N1CCN(Cc2ccc3c(c2)OCO3)CC1,1,train,0.5333393790865758,0.98160006862156,0.0004815647691328,0.1909484361867059,0.8781495226062865,1823.533569923692,8386.217587659483,9549.874334350005,5.040605936993791,0.1839169334584156
"[(2R,3S,5S,6S,7R,8Z,10R,11R,12E)-20,22-dihydroxy-2,5,6-trimethoxy-3,7,9,11,15-pentamethyl-16-oxo-17-azabicyclo[16.3.1]docosa-1(22),8,12,14,18,20-hexaen-10-yl]carbamate",CO[C@H]1C[C@@H](C)[C@@H](OC)c2cc(O)cc(c2O)NC(=O)C(C)=CC=C[C@@H](C)[C@@H](OC(N)=O)C(C)=C[C@@H](C)[C@@H]1OC,1,train,0.1314587160452535,0.8438366658429178,0.0001327457174397,0.5366001131001631,0.7047228383947766,5308.817881186162,6972.128992175791,9893.43414505618,4.446825878016234,0.3643540746572924
1-[2-[(2R)-3-(4-benzylpiperazin-1-yl)-2-hydroxypropoxy]-5-phenylmethoxyphenyl]-3-phenylpropan-1-one,O=C(CCc1ccccc1)c1cc(OCc2ccccc2)ccc1OC[C@H](O)CN1CCN(Cc2ccccc2)CC1,1,train,0.4819679546446632,0.975789870731106,0.0001700027540631,0.2187101464920444,0.8554041629863075,5031.707678503802,19679.67085275983,23006.283701093987,6.499885255278781,0.1396623670911244
"N-[4-[2-[(2R)-6,7-dimethoxy-3,4-dihydro-1H-isoquinolin-2-yl]ethyl]phenyl]isoquinoline-3-carboxamide",COc1cc2c(cc1OC)CN(CCc1ccc(NC(=O)c3cc4ccccc4cn3)cc1)CC2,1,train,0.8404378343433402,0.9984066444620396,0.0008201440819463,0.0564284705981848,0.9656644836000472,1177.4327278059504,20149.491117115325,20865.93372679192,6.717096958223966,0.0539164552670342
Tetrahydroalstonine,COC(=O)C1=CO[C@H](C)[C@@H]2CN3CCc4c([nH]c5ccccc45)[C@@H]3C[C@@H]12,0,train,0.4228540847557336,0.9667995469941384,0.000547877492774,0.2555359777642447,0.7869381030901702,1436.3395347848516,4423.292245524123,5620.889658480912,4.0357746645396455,0.1061021957089975
1-[2-[(2R)-3-(4-benzylpiperazin-1-yl)-2-hydroxypropoxy]-5-phenoxyphenyl]-3-phenylpropan-1-one,O=C(CCc1ccccc1)c1cc(Oc2ccccc2)ccc1OC[C@H](O)CN1CCN(Cc2ccccc2)CC1,1,train,0.3680731350675685,0.9571798909737528,0.0001375320834563,0.2894937932244396,0.8163424064999817,5935.650693165271,16737.91799482613,20503.55079137556,6.261158398287591,0.1758808115819311
"[(2S,3S,4S)-3-hydroxy-2-methyl-4-pyrrolidin-1-yl-3,4-dihydro-2H-quinolin-1-yl]-(4-methylphenyl)methanone",Cc1ccc(C(=O)N2c3ccccc3[C@H](N3CCCC3)[C@@H](O)[C@@H]2C)cc1,1,train,0.4262436640547818,0.967598957534597,0.0007833833267791,0.2524920936939633,0.8965346023430787,1144.4392185741124,4063.609852963472,4532.5744732476505,3.727845580683492,0.2508581184471303
Geshoidin,O=C1OCc2cc3cccc(O[C@@H]4O[C@H](CO)[C@@H](O)[C@@H](O)[C@@H]4O)c3c(O)c21,0,train,0.3388472001359366,0.950659732293335,0.0005055096070606,0.3102355127898235,0.8101314624853464,1602.603493919534,4184.948075859826,5165.764162548523,3.804702408578546,0.2013777913637448
Phosmet,COP(=S)(OC)SCN1C(=O)c2ccccc2C1=O,0,train,0.5515549357611138,0.9832314082051832,0.0012879734746666,0.1823622710947967,0.919192784388232,713.6736916310438,3597.25563745562,3913.494207691992,3.599842819727685,0.1191873750609605
Delcorine,CCN1C[C@@]2(COC)CC[C@@H](OC)[C@]34[C@H]5C[C@H]6[C@H](OC)C[C@@]7(OCO[C@@]7([C@H](O)[C@@H]23)[C@H]14)[C@@H]5[C@@H]6OC,0,train,0.1623243290710281,0.8766081863310529,0.0003582371914426,0.4812048292124488,0.9196145547937938,2567.0549478414805,4905.813386898107,5334.640868095158,3.654024160642412,0.5555035372031784
Deltaline,CCN1C[C@]2(C)CC[C@H](OC)[C@]34[C@H]1[C@]1(OCO[C@@]15C[C@H](OC)[C@H]1C[C@]3(O)[C@]5(O)[C@@H]1OC)[C@H](C(C)=O)[C@@H]42,0,train,0.0,0.0,0.0,0.0,0.0,0.0,0.0,0.0,0.0,0.0
Rotoxamine,CN(C)CCO[C@H](c1ccc(Cl)cc1)c1ccccn1,0,train,0.2022969194191575,0.881567707231464,0.0003212489545232,0.4720575998399555,0.6226215806279722,1938.127959208325,2556.298836901842,4105.702269946338,3.8454287233775672,0.2485434998070434
Chlorpheniramine,CN(C)CC[C@H](c1ccc(Cl)cc1)c1ccccn1,0,train,0.3003578740999493,0.9393889566291708,0.000612400583209,0.34285330414502,0.7577374276043951,1237.323164575902,2734.5983267657293,3608.899636132832,3.713972756757679,0.2803501480601708
2-Benzylpyridine,c1ccc(Cc2ccccn2)cc1,0,train,0.5110460176751204,0.9783047850671376,0.0038720500528235,0.2071708172372302,0.9694637156549796,250.37478917609369,1171.6383449076225,1208.5427499636248,2.7878791293366274,0.3289193029057228
Pheniramine,CNCC[C@H](c1ccccc1)c1ccccn1,0,train,0.1710143574868141,0.8649106926379666,0.000641987108738,0.5019257851122143,0.6455642837828254,1005.5720356313705,1293.3413867734887,2003.427728676177,3.082996834407284,0.3086489977141429
Doxylamine,CN(C)CCO[C@@](C)(c1ccccc1)c1ccccn1,0,train,0.1841261400271273,0.8847397312349073,0.0005244709564486,0.4660854084546995,0.6959675245406979,1326.989637812096,1981.485960655222,2847.095433027423,3.3739225303017264,0.3216406336514659
Disopyramide,CC(C)N(CC[C@@](C(N)=O)(c1ccccc1)c1ccccn1)C(C)C,0,train,0.1302664501960953,0.8554290836228186,0.0004219090432998,0.5179199579975895,0.8207428564506061,1945.3075715832724,3082.7105005744493,3756.000404202084,3.596852319318574,0.4354620704090164
Carbinoxamine,CN(C)CCO[C@H](c1ccc(Cl)cc1)c1ccccn1,0,train,0.2022969194191575,0.881567707231464,0.0003212489545232,0.4720575998399555,0.6226215806279722,1938.127959208325,2556.298836901842,4105.702269946338,3.8454287233775672,0.2485434998070434
Kinetin,c1coc(CNc2ncnc3nc[nH]c23)c1,0,train,0.6139064348954534,0.9885151865124407,0.0025292022998186,0.151121560454737,0.8780518361936859,347.1655218155749,2017.1133951770253,2297.2600386796285,3.2908825547793046,0.0766072087194986
Atropine,CN1[C@H]2CC[C@@H]1CC(OC(=O)[C@H](CO)c1ccccc1)C2,0,train,0.4900589143431384,0.9765558289666983,0.0011017017808977,0.2152642861952827,0.9109930393550588,826.8962210560638,3499.40398830349,3841.3070540922095,3.756660265653065,0.2462086273131514
(5-acetyloxy-4-oxo-2-phenyl-7-phenylmethoxychromen-6-yl)acetate,CC(=O)Oc1c(OCc2ccccc2)cc2oc(-c3ccccc3)cc(=O)c2c1OC(C)=O,1,train,0.376111663909555,0.958027286708238,0.0002945189596249,0.2866770271968984,0.7695128808240229,2612.7787555814884,7013.352017852476,9114.015103090049,4.591614354112139,0.091862917206613
"2-[(4-benzylbenzoyl)amino]-N-[2-[(2R)-6,7-dimethoxy-3,4-dihydro-1H-isoquinolin-2-yl]ethyl]benzamide",COc1cc2c(cc1OC)CN(CCNC(=O)c1ccccc1NC(=O)c1ccc(Cc3ccccc3)cc1)CC2,1,train,0.4958809612840592,0.9774660868387822,0.000179169451102,0.2110925130839045,0.8461078214907328,4722.388868672751,18928.43142341389,22371.181240311005,6.470179675351734,0.1418938207703133
2-(azepan-1-yl)-N-[(E)-(2-chloro-6-fluorophenyl)methylideneamino]-2-oxoacetamide,O=C(N/N=C/c1c(F)cccc1Cl)C(=O)N1CCCCCC1,0,train,0.6447946327935087,0.99057946458824,0.0011209429466754,0.13693912638861,0.9143763047124834,815.7206461081843,5446.767843029845,5956.812107836201,4.330638833978347,0.1103943043503017
Aztreonam,C[C@H]1[C@@H](NC(=O)/C(=N/OC(C)(C)C(=O)O)c2csc(N)n2)C(=O)N1S(=O)(=O)O,0,train,0.386533475871156,0.9608810463110208,0.0003684180967884,0.2769613959385643,0.8229593117137869,2233.7646247231974,6637.377717797825,8065.256232383706,4.409926735329993,0.1714550408077776
Camptothecin,CC[C@@]1(O)C(=O)OCc2c1cc1n(c2=O)Cc2cc3ccccc3nc2-1,0,train,0.5345817467189417,0.9816957132228386,0.0007885145182665,0.1904561016084868,0.8500603788969104,1078.0529200218512,4811.660355983365,5660.3748103484895,4.071596722510238,0.0845461845426767
[2-[(2S)-2-hydroxy-3-(4-hydroxy-4-phenylpiperidin-1-yl)propoxy]phenyl]-phenylmethanone,O=C(c1ccccc1)c1ccccc1OC[C@H](O)CN1CCC(O)(c2ccccc2)CC1,1,train,0.5057034034501757,0.9779244905032602,0.0004772770266883,0.2089585865044525,0.9539658405736776,1998.767565229079,9125.042489864523,9565.376559371438,4.896099189868689,0.2536976222777294
[2-[(2S)-2-hydroxy-3-(4-hydroxy-4-phenylpiperidin-1-yl)propoxy]phenyl]-phenylmethanone,O=C(c1ccccc1)c1ccccc1OC[C@@H](O)CN1CCC(O)(c2ccccc2)CC1,1,train,0.578737287074946,0.9856973728532812,0.0005434009469229,0.1685250401279854,0.9180326857820597,1689.4204748453965,9203.043148719418,10024.744533882767,4.923005922872615,0.1865480421602169
Diospyrin,Cc1cc(O)c2c(c1)C(=O)C(c1c(C)cc3c(c1O)C(=O)C=CC3=O)=CC2=O,0,train,0.5245113471582769,0.9795476409417008,0.0008258083289216,0.2012123731919808,0.9871481975327758,1195.3720530063022,5864.497042537012,5940.847642931846,4.167070916992043,0.3004566403531147
"(3R,4S)-4-(4-benzylpiperazin-1-yl)-3-hydroxy-2,2-dimethyl-3,4-dihydrochromene-6-carbonitrile",CC1(C)Oc2ccc(C#N)cc2[C@H](N2CCN(Cc3ccccc3)CC2)[C@H]1O,1,train,0.4270869477116984,0.9679573376691538,0.0004895077192825,0.251114699793628,0.8296152388731199,1694.7950077049584,5599.145594876074,6749.087206355425,4.312844549861846,0.1933615910427496
Bisacodyl,CC(=O)Oc1ccc(C(c2ccc(OC(C)=O)cc2)c2ccccn2)cc1,0,train,0.2936039719041265,0.9359728280095156,0.0003039796348243,0.3520722443304356,0.7278705585623312,2394.471455243426,4950.305806991798,6801.079874379723,4.423921015196421,0.1999224898792006
Zolertine,c1ccc(N2CCN(CCc3nn[nH]n3)CC2)cc1,0,train,0.7505923141460951,0.995788754373402,0.0025659992392754,0.0916774599531874,0.9515532022015312,370.83144360955646,3848.992411263041,4044.95765697382,3.9995774331353,0.1451623030961812
Tetrazoline,c1ccc2c(c1)CN1CCCCC1=N2,0,train,0.5201461959194266,0.9801663309953342,0.0031372386053743,0.1981765969612584,0.8407541795917438,267.9917868381041,1136.941588135367,1352.287762265359,2.720591482940516,0.128536899626991
Pimozide,O=c1[nH]c2ccccc2n1C1CCN(CCCC(c2ccc(F)cc2)c2ccc(F)cc2)CC1,1,train,0.5466733884587035,0.9829133273539712,0.0003333238978795,0.184068984106354,0.8643591244440934,2593.150775994871,12177.029960655247,14087.928982628397,5.591222071143626,0.1578891036196228
"[(2R,3R)-3-benzyl-2,3-dihydro-1-benzofuran-2-yl]-piperidin-1-ylmethanone",O=C([C@@H]1Oc2ccccc2[C@H]1Cc1ccccc1)N1CCCCC1,1,train,0.2809238251631543,0.932663463013736,0.0005154907781814,0.3607476469212592,0.740564005472864,1436.6193088562256,2949.176685658173,3982.338682225135,3.607969722422815,0.2059977345902211
Hydroxizine,OCCOCCN1CCN([C@H](c2ccccc2)c2ccc(Cl)cc2)CC1,1,train,0.3356243329137384,0.9489686916867688,0.000305155606062,0.3153702937790789,0.7643655765343358,2504.8387162148683,6070.998211348069,7942.53220935749,4.693576654308025,0.2035855787457612
Cetirizine,O=C(O)COCCN1CCN([C@@H](c2ccccc2)c2ccc(Cl)cc2)CC1,0,train,0.4399091321005802,0.9699953988965296,0.0004281276882239,0.2431232735045378,0.8508000675969937,1987.257752766251,6954.328172759729,8173.868853115618,4.690974197198784,0.265765381049022
Pridinol,OC(CCN1CCCCC1)(c1ccccc1)c1ccccc1,0,train,0.2194634031746213,0.9098577362774491,0.0005138295177268,0.4149203534849498,0.7597632378902007,1478.6290232048336,2707.5267936916907,3563.6454340832115,3.621645414553504,0.3000427223636414
Fenipramide,NC(=O)C(CCN1CCCCC1)(c1ccccc1)c1ccccc1,0,train,0.1841933166198154,0.8933787783215505,0.0005361220060515,0.449304304947876,0.8563736308993478,1597.348404342447,3044.544727869267,3555.1593580385493,3.565178860507636,0.4163257628412611
Xylazine,Cc1cccc(C)c1NC1=NCCCS1,0,train,0.388025099816584,0.9612125539944564,0.0017696529348672,0.2758086765195293,0.8535460212899799,482.32396560515184,1492.649567846108,1748.7628441993545,2.906878018634361,0.2237062604536549
Thiabendazole,c1ccc2[nH]c(-c3cscn3)nc2c1,0,train,0.7344983092525458,0.9951735970830335,0.0046186883202012,0.0981300752512511,0.9018699247539176,195.2653788759288,1794.597345441593,1989.8627243072367,3.14441093440123,6.74237376914602e-12
Clanobutin,COc1ccc(N(CCCC(=O)O)C(=O)c2ccc(Cl)cc2)cc1,0,train,0.3772171553122597,0.9581374463479808,0.0004342536112448,0.2863086340049314,0.7653007010671992,1762.33583613356,4710.709670339985,6155.370906848743,4.260846699357932,0.1746248220801387
Salverine,CCN(CC)CCOc1ccccc1C(=O)Nc1ccccc1,0,train,0.1148775885582049,0.8257529698652019,0.0003646488312487,0.5640319430305336,0.7071988800312372,1939.3970840642528,2431.669806530513,3438.4525699801807,3.535351577707728,0.4578540056361238
3-phenyl-1-[2-(7-piperidin-1-ylheptoxy)phenyl]propan-1-one,O=C(CCc1ccccc1)c1ccccc1OCCCCCCCN1CCCCC1,1,train,0.3727331300916531,0.9582148426801904,0.0002937856241838,0.2860494979323993,0.830509659832926,2826.924095214651,8207.627650669965,9882.63959785982,5.065480695482333,0.2036768119005273
Nifazenone,Cc1c(NC(=O)c2cccnc2)c(=O)n(-c2ccccc2)n1C,0,train,0.6209171061196354,0.9890142630786932,0.001178715202972,0.1478201184782013,0.8824676943792276,748.6691375101917,4469.461494369806,5064.731006967741,4.083441704812919,0.0825644817386765
Calycanthine,CN1CC[C@@]23c4ccccc4N[C@@H]1[C@@]21CCN(C)[C@H]3Nc2ccccc21,0,train,0.0,0.0,0.0,0.0,0.0,0.0,0.0,0.0,0.0,0.0
Suxibuzone,CCCCC1(COC(=O)CCC(=O)O)C(=O)N(c2ccccc2)N(c2ccccc2)C1=O,0,train,0.0985383907102558,0.8209813263972257,0.0002662601269573,0.5709550435078509,0.8923302013412184,3351.347464369349,5237.73034610905,5869.722147963243,4.060469308957706,0.5897068398695179
Cinoxacin,CCn1nc(C(=O)O)c(=O)c2cc3c(cc21)OCO3,0,train,0.3931519746318822,0.9614380474126996,0.0010566498367265,0.2750216009466447,0.7752703536275851,733.7060269931387,2068.275833780833,2667.8123626204933,3.2295109518805,0.1097444387290132
Mebeverine,CCN(CCCCOC(=O)c1ccc(OC)c(OC)c1)[C@@H](C)Cc1ccc(OC)cc1,0,train,0.6867478122467218,0.9929490967243172,0.0005211380188857,0.1185415172602507,0.9372864194005446,1798.537787368721,14220.714242913344,15172.218383371448,6.02549216576398,0.1387581621422017
Amprenavir,CC(C)CN(C[C@@H](O)[C@@H](Cc1ccccc1)NC(=O)O[C@H]1CCOC1)S(=O)(=O)c1ccc(N)cc1,0,train,0.1604651853597068,0.8536860935857321,0.0001363572690759,0.5207879161600549,0.6386153602628758,4683.397992572855,5743.009396865778,8992.90833609414,4.382102588704053,0.3012714603286652
Trimazosin,COc1cc2c(N)nc(N3CCN(C(=O)OCC(C)(C)O)CC3)nc2c(OC)c1OC,0,train,0.6538219301974354,0.9910425020638096,0.0006471774107921,0.1335468423554213,0.9459630208856412,1461.6749674988853,10353.5991074074,10945.03577710049,5.111983948330994,0.1678717256893238
Quinazosin,C=CCN1CCN(c2nc(N)c3cc(OC)c(OC)cc3n2)CC1,0,train,0.5694492702205984,0.9849774947133916,0.0009097644475231,0.1726827579931797,0.8961104897611345,984.9917659464284,5111.462568994874,5704.053939104514,4.232246210036091,0.134634925307341
1-[2-[(2S)-3-(4-benzylpiperazin-1-yl)-2-hydroxypropoxy]phenyl]-3-phenylpropan-1-one,O=C(CCc1ccccc1)c1ccccc1OC[C@@H](O)CN1CCN(Cc2ccccc2)CC1,1,train,0.67673973453701,0.9924059148934236,0.0004657112891978,0.1230060977535119,0.9391658732355896,2016.6268136924296,15397.18044114346,16394.527186233354,6.071261203721572,0.1240980689279907
1-[2-[(2R)-3-(4-benzylpiperazin-1-yl)-2-hydroxypropoxy]-5-hydroxyphenyl]-3-phenylpropan-1-one,O=C(CCc1ccccc1)c1cc(O)ccc1OC[C@H](O)CN1CCN(Cc2ccccc2)CC1,1,train,0.4177160313096227,0.9664874300601478,0.0002555830049837,0.256713941062286,0.8500368483292019,3325.8739108390087,11012.70684954336,12955.564069004176,5.362353291918606,0.1965488652438033
1-[2-[(2S)-3-(4-benzylpiperazin-1-yl)-2-hydroxypropoxy]phenyl]-3-phenylpropan-1-one,O=C(CCc1ccccc1)c1ccccc1OC[C@H](O)CN1CCN(Cc2ccccc2)CC1,1,train,0.6864023636822489,0.992958179721214,0.000439301569441,0.1184654098238528,0.9231956677676184,2101.507784145345,16376.956657539651,17739.421045097413,6.283890022038813,0.0917856374583873
"4-N-benzyl-2-N-[2-(3,4-dimethoxyphenyl)ethyl]-4-N,6-dimethylquinazoline-2,4-diamine",COc1ccc(CCNc2nc(N(C)Cc3ccccc3)c3cc(C)ccc3n2)cc1OC,1,train,0.2577185783480737,0.9244136806456088,0.0001958565901409,0.3813913305716822,0.7371015334278171,3763.4757804026335,7273.536513258132,9867.7538756883,4.859819150018612,0.2320233385210585
Clindamycin,CCC[C@@H]1C[C@H](C(=O)N[C@H]([C@@H]2O[C@@H](SC)[C@H](O)[C@@H](O)[C@@H]2O)[C@@H](C)Cl)N(C)C1,1,train,0.1291342343332306,0.8526805324080393,0.0002950243873871,0.5224326843262609,0.7824300647218121,2652.086058550058,3971.941129822667,5076.416805679451,3.7101913338021326,0.3972019197038245
Ellipticine,Cc1c2ccncc2c(C)c2c1[nH]c1ccccc12,0,train,0.4825725655713094,0.9752204829315856,0.0013985569151643,0.2212351908505637,0.7826632395685628,559.622015437652,1979.7735516325288,2529.534353400658,3.207742356288682,0.0247201780763105
"3-[2-(3,4-dimethoxyphenyl)ethyl-methylamino]propylBLAHdione",COc1ccc(CCN(C)CCCN2C(=O)[C@H]3C4c5ccccc5C(c5ccccc54)[C@@H]3C2=O)cc1OC,1,train,0.6984965965929856,0.9935179972387436,0.0004704579759226,0.1136749275905467,0.948846647777543,2016.857395002488,16834.744642956804,17742.32399133027,5.985971446233148,0.1264787805351931
S09788,C=CCNc1nc(NCC=C)nc(N2CCC(NCC(c3ccc(F)cc3)c3ccc(F)cc3)CC2)n1,1,train,0.5775889027903829,0.9856880710713438,0.0002929971237077,0.1685794369063249,0.8908693505308471,3040.539576829984,16067.935495472257,18036.24233553188,6.0606987502151055,0.1330058606720356
Nefopam,CN1CCO[C@@H](c2ccccc2)c2ccccc2C1,0,train,0.1467427674971268,0.8682841507215275,0.0009808065404198,0.496067166425874,0.8705576054936328,887.5935973275496,1557.6547069385897,1789.2609255367445,2.8908820687079397,0.5287659128728809
Colchicine,COc1cc2c(c(OC)c1OC)[C@H]1CC[C@@H](OC)C(=O)C[C@@H]1[C@H](NC(C)=O)CC2,0,train,0.1944057433126036,0.8992737836009796,0.0003697846803872,0.4373861704809361,0.8376091598252979,2265.1267190088206,4337.793501611197,5178.779924655958,3.8115215113620993,0.4787091773295959
"N-[2-[[3-[2-[(2S)-6,7-dimethoxy-3,4-dihydro-1H-isoquinolin-2-yl]ethyl]phenyl]carbamoyl]phenyl]-5-methylpyrazine-2-carboxamide",COc1cc2c(cc1OC)CN(CCc1cccc(NC(=O)c3ccccc3NC(=O)c3cnc(C)cn3)c1)CC2,1,train,0.738758246334172,0.995336992962813,0.0003452802426772,0.0964586462674303,0.9446531365620756,2735.902666302019,26793.64821153837,28363.477740676182,7.243817608965606,0.1027069454563798
Diltiazem,COc1ccc([C@H]2Sc3ccccc3N(CCN(C)C)C(=O)[C@@H]2OC(C)=O)cc1,1,train,0.1982853611506822,0.9012733376398636,0.0003329874517541,0.4332509329008999,0.8418849625424704,2528.2783423446963,4912.902329580609,5835.598149590146,4.001796045126617,0.2879177617907951
Chlormethazone,CN1C(=O)CCS(=O)(=O)[C@H]1c1ccc(Cl)cc1,0,train,0.4312847234210187,0.9685911064710496,0.0013421027728641,0.2486589400467793,0.8760143421606895,652.7177797950751,2299.495591737822,2624.9519911581765,3.191698343392745,0.3935219202045667
1-[2-[(2S)-2-hydroxy-3-(4-hydroxy-4-phenylpiperidin-1-yl)propoxy]phenyl]-2-naphthalen-1-ylethanone,O=C(Cc1cccc2ccccc12)c1ccccc1OC[C@@H](O)CN1CCC(O)(c2ccccc2)CC1,1,train,0.6905614729724883,0.9930166169546724,0.0005412173844469,0.1179745669705869,0.972342820588336,1796.5846045058436,14807.39609077203,15228.575536571054,5.666916142093953,0.1721965711101462
Biphenamine,CCN(CC)CCOC(=O)c1cccc(-c2ccccc2)c1O,0,train,0.5796941396246738,0.9851538810233514,0.0012004962000216,0.1716736167983547,0.9858599809161231,821.2104135759654,4715.916736390922,4783.556313959103,4.057810989164151,0.2747304064867485
"4-[3,5-bis(trifluoromethyl)phenyl]aniline",Nc1ccc(-c2cc(C(F)(F)F)cc(C(F)(F)F)c2)cc1,1,train,0.2845555167533183,0.932016846582002,0.0004884002087196,0.3624149523506737,0.7107625434782605,1455.2871411367344,2854.0864090085843,4015.527316678133,3.692898167307992,0.1378778343081804
Methimazole,Cn1cc[nH]c1=S,0,train,0.2859948095882412,0.922932600417968,0.0042945377050432,0.3849615761160159,0.6236003371630953,145.20779184934793,235.2225093983727,377.2007412126415,1.821512585085639,0.080156587481393
"[5-[(2S)-3-[di(propan-2-yl)amino]-2-hydroxypropoxy]-1,3-dimethylpyrazol-1-ium-4-id-4-yl]-phenylmethanone",Cc1nn(C)c(OC[C@@H](O)CN(C(C)C)C(C)C)c1C(=O)c1ccccc1,1,train,0.2075165114928878,0.9059702862350708,0.0004211690217129,0.4233412813075807,0.8327976541701422,1977.3478371771807,3889.8418675194575,4670.812709475712,3.755956814130632,0.3926371935330002
N-[2-(3-phenethyl-1-benzofuran-2-yl)ethyl]propan-1-amine,CCCNCCc1oc2ccccc2c1CCc1ccccc1,1,train,0.2535489353616786,0.9051373241297967,0.0002520668156188,0.4251193061566966,0.6012015748898533,2385.088149798019,3372.979611001625,5610.397164411274,4.2998949791319045,0.0702061722851797
N-[2-(3-phenethyl-1-benzofuran-2-yl)ethyl]propan-2-amine,CC(C)NCCc1oc2ccccc2c1CCc1ccccc1,1,train,0.253290851238948,0.9068108017550756,0.0002730279297039,0.4215378628549479,0.6095125498065842,2232.4183114432403,3227.9116471938223,5295.890377020344,4.182508000211433,0.0907978994703248
(1S)-1-(3-phenethyl-1-benzofuran-2-yl)-2-(propylamino)ethanol,CCCNC[C@H](O)c1oc2ccccc2c1CCc1ccccc1,1,train,0.2241866980111813,0.8818271762066883,0.0002206525161296,0.4715727211187457,0.5759626875929991,2610.2702008378747,3188.094164250708,5535.244266558388,4.185765839309779,0.0935876845524715
1-[2-[(2S)-3-(benzhydrylamino)-2-hydroxypropoxy]phenyl]-3-phenylpropan-1-one,O=C(CCc1ccccc1)c1ccccc1OC[C@@H](O)CNC(c1ccccc1)c1ccccc1,1,train,0.528899807065756,0.9808138849237816,0.0003572534993486,0.1949464622421217,0.9336759695634947,2613.4830624915944,12517.00751193408,13406.157939125216,5.535836617902027,0.2233813941693302
"N-[2-[[4-[2-[(2R)-6,7-dimethoxy-3,4-dihydro-1H-isoquinolin-2-yl]ethyl]phenyl]carbamoyl]phenyl]naphthalene-1-carboxamide",COc1cc2c(cc1OC)CN(CCc1ccc(NC(=O)c3ccccc3NC(=O)c3cccc4ccccc34)cc1)CC2,1,train,0.7034013690593878,0.9938097586364704,0.0002744751078069,0.1110952908044288,0.9203147466895192,3352.99894421316,27776.28422995895,30181.287792979,7.234584398335981,0.0738001924261757
"9-(5-Methyl[1,2,4]oxadiazol-3-yl)-4-(4-phenethylpiperazin-1-yl)-5,6,7,8-tetrahydro-1,3,4b-triazafluorene",COc1cccc(CNC(=O)c2c3n(c4c(N5CCN(CCc6ccc(F)c(F)c6)CC5)ncnc24)CCCC3)c1OC,1,train,0.7194018345571398,0.9944609879530272,0.0003547793948127,0.1051063434788266,0.9647756923208732,2719.3678844568376,24961.195933245526,25872.53817848441,6.732913316085166,0.1385211394421018
"(2S)-6,7-dimethoxy-2-[2-[2-[2-(3-methoxyphenyl)ethyl]phenoxy]ethyl]-3,4-dihydro-1H-isoquinoline",COc1cccc(CCc2ccccc2OCCN2CCc3cc(OC)c(OC)cc3C2)c1,1,train,0.4096733577989115,0.9636722353907512,0.0003998243335589,0.2670876686352107,0.9523233723227034,2381.854460547425,8492.700856767908,8917.875065960347,4.702206040224644,0.4019458693571468
"(2S)-2-[2-[2-[2-(3-methoxyphenyl)ethyl]phenoxy]ethyl]-3,4-dihydro-1H-isoquinoline",COc1cccc(CCc2ccccc2OCCN2CCc3ccccc3C2)c1,1,train,0.2750045937178343,0.9295246400371316,0.0002633626707288,0.3687600080863444,0.7207482661756955,2736.7138409598324,5348.957893039677,7421.395435914613,4.473022620262789,0.2013084357496534
(2S)-7-[(2S)-2-hydroxy-3-piperidin-1-ylpropoxy]-3-methylidene-2-phenylinden-1-one,C=C1c2cccc(OC[C@@H](O)CN3CCCCC3)c2C(=O)[C@H]1c1ccccc1,1,train,0.5002682620529832,0.9780036722695156,0.0005902266724808,0.2085876722803671,0.8704809930820726,1474.8248997680912,6154.759911442436,7070.527628237529,4.412615196249506,0.1623561770487452
Folic acid,Nc1nc(=O)c2nc(CNc3ccc(C(=O)N[C@@H](CCC(=O)O)C(=O)O)cc3)cnc2[nH]1,0,train,0.8132798036555134,0.9977606726739886,0.0008525763036896,0.0668852753986228,0.9687412995586002,1136.2517294537097,16457.044849655475,16988.069835728078,6.2587549047181135,0.0781648024388487
3-phenyl-1-[2-(2-piperidin-1-ylethoxy)phenyl]propan-1-one,O=C(CCc1ccccc1)c1ccccc1OCCN1CCCCC1,1,train,0.464876188974088,0.9724239059325565,0.0007691484104814,0.23322038326628,0.9608937030646512,1249.2955715310686,5147.235550934467,5356.716913138257,4.17302389358775,0.2381302416805568
"4-[4-(2-Oxo-2-phenylethyl)piperazin-1-yl]-5,6,7,8-tetrahydro-1,3,4b-triazafluorene-9-carbonitrile",N#Cc1c2n(c3c(N4CCN(CC(=O)c5ccccc5)CC4)ncnc13)CCCC2,1,train,0.7112951715385669,0.9941793212579156,0.0008272868591306,0.1077380025021346,0.9209574717989412,1113.226278931482,9515.992830520196,10332.716897265893,5.115723086897323,0.0914779093648174
Bisobrin,COc1cc2c(cc1OC)[C@H](CCCC[C@H]1NCCc3cc(OC)c(OC)cc31)NCC2,0,train,0.7266584892891775,0.9948462253774538,0.0006252157660829,0.1013952062586416,0.9363331437655998,1497.616014438936,13829.72196315055,14770.086966624202,5.844337819619971,0.0969373000484729
Trimetozine,COc1cc(C(=O)N2CCOCC2)cc(OC)c1OC,0,train,0.3343084971858445,0.9496860455447412,0.0008691669061588,0.3132034720394906,0.8466017847985539,974.0382184360568,2632.8651110419232,3109.921521921201,3.455222129136935,0.2826424264387588
"9-(5-Methyl[1,2,4]oxadiazol-3-yl)-4-(4-phenethylpiperazin-1-yl)-5,6,7,8-tetrahydro-1,3,4b-triazafluorene",Cc1nc(-c2c3n(c4c(N5CCN(CCc6ccccc6)CC5)ncnc24)CCCC3)no1,1,train,0.735881344943474,0.995239676667323,0.0007376438393626,0.0974576112323814,0.9222767913946658,1250.300947665378,11832.052229773875,12829.17703250611,5.404528272573281,0.0695177659539777
Tolafentrine,COc1cc2c(cc1OC)[C@H]1CN(C)CC[C@H]1N=C2c1ccc(NS(=O)(=O)c2ccc(C)cc2)cc1,1,train,0.340345912006708,0.9510422607336656,0.0002676967771071,0.3090608650389089,0.8612017442436289,3217.0792399904035,8964.429231442511,10409.20933028966,4.7263872937005456,0.2756494393763314
Primidolol,Cc1ccccc1OC[C@H](O)CNCCn1cc(C)c(=O)[nH]c1=O,0,train,0.7443466022169252,0.9955329701738672,0.0013914203253757,0.0944145396472283,0.958990521494163,689.2169849791311,7000.537823065845,7299.903039874263,4.7413921922460585,0.1075930357381381
1-[2-[(2S)-2-hydroxy-3-morpholin-4-ylpropoxy]phenyl]-3-phenylpropan-1-one,O=C(CCc1ccccc1)c1ccccc1OC[C@@H](O)CN1CCOCC1,1,train,0.2439724920568288,0.9179959161246048,0.0002504471101301,0.3965898359496211,0.7214180356584224,2880.520503045212,5239.82022384624,7263.223214351678,4.562776351595792,0.2149799359927671
Fenoterol,C[C@H](Cc1ccc(O)cc1)NC[C@H](O)c1cc(O)cc(O)c1,1,train,0.4653187552117188,0.9736184876334448,0.0006994974081982,0.2281820337764648,0.852130918742073,1218.2045405100646,4549.30538193702,5338.73995401172,4.278494678083221,0.188523681712667
Mesuprine,COc1ccc(CCN[C@@H](C)[C@@H](O)c2ccc(O)c(NS(C)(=O)=O)c2)cc1,0,train,0.6312090269884698,0.9892507543583412,0.000732002832166,0.1462290839793959,0.9877134100307832,1349.3300389400451,9114.133370391824,9227.507977347168,4.995729581812401,0.2859396188946068
Ritodrine,C[C@H](NCCc1ccc(O)cc1)[C@H](O)c1ccc(O)cc1,0,train,0.6098245962063903,0.9882061916275928,0.0011133721596607,0.153129105100531,0.9058561366169096,813.6148625208192,4813.049848187556,5313.2607415596885,4.362945436057714,0.1359507427751436
Paromomycin,NC[C@H]1O[C@@H](O[C@H]2[C@H](CO)O[C@@H](O[C@H]3[C@@H](O[C@H]4O[C@H](CO)[C@@H](O)[C@@H](O)[C@H]4N)[C@@H](N)C[C@@H](N)[C@@H]3O)[C@@H]2O)[C@@H](N)[C@@H](O)[C@H]1O,0,train,0.5044787058275947,0.9771298590051803,0.0002842795775631,0.2126434542620962,0.9887195171672988,3477.9829266756046,16171.434065119827,16355.936930881378,5.407633450894812,0.311306499558284
Dinestrol,C/C=C(C(=C\C)\c1ccc(O)cc1)/c1ccc(O)cc1,0,train,0.5012612860748391,0.9766150589057412,0.0014377159175265,0.2149954109243629,0.9937173881701136,691.1778440066856,3194.651639094789,3214.849289270864,3.651041231380149,0.4237400148802601
1-[2-(4-morpholin-4-ylbutoxy)phenyl]-3-phenylpropan-1-one,O=C(CCc1ccccc1)c1ccccc1OCCCCN1CCOCC1,1,train,0.2057757166626699,0.9045383730684334,0.0003450497278053,0.4263922274698632,0.7894048990764073,2287.80038198363,4235.538814493045,5365.483314644444,4.0219091107096485,0.3860860150520099
Sulfabenzamide,Nc1ccc(S(=O)(=O)NC(=O)c2ccccc2)cc1,0,train,0.3676057408012501,0.9566175196065216,0.0010448797503518,0.2913467370365869,0.8998734805930887,861.2220499919403,2660.0293916881587,2956.003759478484,3.4235502273293217,0.3264739636934238
Carbamazepine,NC(=O)N1c2ccccc2C=Cc2ccccc21,0,train,0.1825323340621231,0.8896133241628357,0.0009518818818407,0.4567144988632936,0.747651477146592,785.4456434245687,1285.791445172644,1719.7738310902032,2.832399786535455,0.3457291714593472
Naltrexone,O=C1CC[C@@]2(O)[C@@H]3Cc4ccc(O)c5c4[C@]2(CCN3CC2CC2)[C@H]1O5,0,train,0.2459054805688295,0.9217384162145632,0.000568540868517,0.3878121865984466,0.7758271937711321,1364.5935353683783,2729.90073486081,3518.6968912385496,3.33912101493811,0.3206280211212978
"(2R)-2-(1,3-benzodioxol-5-yl)-3-(4-tert-butylphenyl)-1,2-dihydroquinazolin-4-one",CC(C)(C)c1ccc(N2C(=O)c3ccccc3N[C@H]2c2ccc3c(c2)OCO3)cc1,1,train,0.2533737520326971,0.9215445328981968,0.0002675243922832,0.3882726798082039,0.7189686275937575,2687.4881256900035,4976.45018536026,6921.651368871868,4.267344124859879,0.1914815354579444
Discretamine,COc1cc2c(cc1O)[C@@H]1Cc3ccc(OC)c(O)c3CN1CC2,1,train,0.6709089520550592,0.9920903790592808,0.0013383572287002,0.1255256140316109,0.935759918512827,699.1854629287498,5212.240839154916,5570.062081135685,4.18753090595236,0.1419498215317029
Chlorprothixene,CN(C)CC/C=C1/c2ccccc2Sc2ccc(Cl)cc21,1,train,0.1769212107115216,0.8451836210583153,0.0002731144479345,0.534476048756868,0.5797123704164957,2122.598693699903,2302.2485722788265,3971.3635412416174,3.645634843921403,0.1923141246495346
1-[4-[2-[2-(3-methoxyphenyl)ethyl]phenoxy]butyl]-4-methylpiperazine,COc1cccc(CCc2ccccc2OCCCCN2CCN(C)CC2)c1,1,train,0.5757577633195694,0.9852425129656288,0.0005688124778127,0.1711642212764475,0.9465747397331858,1664.124428797677,9202.963892370128,9722.38483245834,5.187578137161077,0.2163919485335095
N-acetylmuramate,CC(=O)N[C@@H]1[C@@H](O)O[C@H](CO)[C@@H](O)[C@@H]1O[C@@H](C)C(=O)O,0,train,0.1746481050404966,0.8754860655831885,0.000496803788506,0.4832433641237808,0.6792122880264994,1367.1640670634658,1921.587967962112,2829.141936677008,3.229614414231522,0.2730230245642264
Streptozocin,CN(N=O)C(=O)N[C@@H]1[C@@H](O)O[C@H](CO)[C@@H](O)[C@@H]1O,0,train,0.3560330827506069,0.9546952488391752,0.0011364248152537,0.2975852513884137,0.8496345757571923,747.6381757533715,2134.579053607052,2512.349561227214,3.1890293523390363,0.3324688516145958
Gallamine,Cc1[nH]ccc2c1[nH]c1cc(=O)ccc12,0,train,0.5203299616539125,0.9798593867757784,0.0024765813288889,0.199688713119684,0.8022710363880291,323.94293982179136,1301.475852096095,1622.2396086434544,2.8621405727611062,0.0182829846125523
"4-benzoyl-1-[(2R)-3-[di(propan-2-yl)amino]-2-hydroxypropyl]-5-methyl-2-phenylpyrazole-1,2-diium-3-one",Cc1c(C(=O)c2ccccc2)c(=O)n(-c2ccccc2)n1C[C@H](O)CN(C(C)C)C(C)C,1,train,0.3386344438781012,0.9506902183132744,0.000323386193473,0.3101420784148104,0.8196986681748015,2534.736128872746,6699.251645023875,8172.8224103875855,4.470093589931535,0.2642639564946351
"4-benzoyl-1-[(2S)-3-(tert-butylamino)-2-hydroxypropyl]-5-methyl-2-phenylpyrazole-1,2-diium-3-one",Cc1c(C(=O)c2ccccc2)c(=O)n(-c2ccccc2)n1C[C@@H](O)CNC(C)(C)C,0,train,0.2113808718993683,0.9078331249723612,0.0003245852515152,0.4193316315315569,0.8317226767001291,2562.4167235491277,5082.421491427768,6110.716509007959,4.10821146234212,0.4162536209515882
"4-benzoyl-1-[(2S)-2-hydroxy-3-(propan-2-ylamino)propyl]-5-methyl-2-phenylpyrazole-1,2-diium-3-one",Cc1c(C(=O)c2ccccc2)c(=O)n(-c2ccccc2)n1C[C@@H](O)CNC(C)C,0,train,0.2854330179337876,0.9334048815579558,0.0002915184396375,0.358824925393678,0.7276824916324024,2496.1799759119776,5062.152419990556,6956.540081972679,4.294636591768371,0.1675018876459161
Tremorine,C(#CCN1CCCC1)CN1CCCC1,0,train,0.7210619102656834,0.9945620412575356,0.0037718395054011,0.1041457924721098,0.9561485150252684,253.49660653802653,2327.318254073376,2434.055188604117,3.610924655707564,0.1713795067108348
Cortisone,C[C@]12CC(=O)[C@H]3[C@@H](CCC4=CC(=O)CC[C@@]43C)[C@H]1CC[C@@]2(O)C(=O)CO,0,train,0.3557080478399522,0.9538957651486992,0.0007471419371287,0.3001380836071586,0.9056316481138712,1212.127981457126,3657.4547567537497,4038.567738186942,3.5152503447104206,0.4018893895065368
"(8S,9R,10R,13S,14R,17S)-17-hydroxy-17-(2-hydroxyacetyl)-13-methyl-2,6,7,8,9,10,12,14,15,16-decahydro-1H-cyclopenta[a]phenanthrene-3,11-dione",C[C@]12CC(=O)[C@H]3[C@@H]4CCC(=O)C=C4CC[C@H]3[C@H]1CC[C@@]2(O)C(=O)CO,1,train,0.4254334633776302,0.9660075138740574,0.0009024131198979,0.258513990218833,0.9687784420326712,1073.542062577943,4023.08751630972,4152.742610445129,3.6537411024359545,0.3819173988939186
"[4-(4-Phenethylpiperazin-1-yl)-5,6,7,8-tetrahydro-1,3,4b-triazafluorene-9-yl]-phenylmethanone",O=C(c1ccccc1)c1c2n(c3c(N4CCN(CCc5ccccc5)CC4)ncnc13)CCCC2,1,train,0.5401116645467327,0.9822483751982548,0.0003805967091654,0.1875849925244241,0.8922954294000303,2344.464384246928,11152.037411427307,12498.144722007391,5.283479273127659,0.166535414404095
"1-[(2R)-3-(butylamino)-2-hydroxypropyl]-5-methyl-2-phenyl-4-(3-phenylpropanoyl)pyrazole-1,2-diium-3-one",CCCCNC[C@@H](O)Cn1c(C)c(C(=O)CCc2ccccc2)c(=O)n1-c1ccccc1,1,train,0.1732395342674368,0.854847866894406,0.00013323635832,0.5188787184555597,0.6092863094125979,4572.973301692956,5369.751980432162,8813.183387640935,4.640086470233402,0.2060409763297496
"1-[(2S)-3-(tert-butylamino)-2-hydroxypropyl]-5-methyl-2-phenyl-4-(3-phenylpropanoyl)pyrazole-1,2-diium-3-one",Cc1c(C(=O)CCc2ccccc2)c(=O)n(-c2ccccc2)n1C[C@@H](O)CNC(C)(C)C,1,train,0.2308182450868584,0.9139464397984624,0.0002165517011916,0.4058348249962237,0.7425868891936381,3429.143641482426,6274.565297224736,8449.604199231386,4.564938897762719,0.2327220927187349
"1-[(2S)-2-hydroxy-3-(propylamino)propyl]-5-methyl-2-phenyl-4-(3-phenylpropanoyl)pyrazole-1,2-diium-3-one",CCCNC[C@H](O)Cn1c(C)c(C(=O)CCc2ccccc2)c(=O)n1-c1ccccc1,1,train,0.3614298524407482,0.9555228571679236,0.000350104064884,0.2949170551691576,0.8862124065714109,2531.282825479343,7606.390356753869,8583.033029498609,4.712227021823222,0.2995960221048999
"1-[(2R)-2-hydroxy-3-(propan-2-ylamino)propyl]-5-methyl-2-phenyl-4-(3-phenylpropanoyl)pyrazole-1,2-diium-3-one",Cc1c(C(=O)CCc2ccccc2)c(=O)n(-c2ccccc2)n1C[C@H](O)CNC(C)C,1,train,0.2045376806098746,0.90207306211721,0.0002807167828622,0.4315833530182555,0.7508380583897065,2674.7173814618795,4653.283291381003,6197.452618958502,4.0053549234019545,0.3478613777032678
"(2S)-6,7-dimethoxy-2-[4-[2-[2-(3-methoxyphenyl)ethyl]phenoxy]butyl]-3,4-dihydro-1H-isoquinoline",COc1cccc(CCc2ccccc2OCCCCN2CCc3cc(OC)c(OC)cc3C2)c1,1,train,0.5516601372200769,0.9826299743777552,0.0003870045232341,0.185575681204118,0.9764614380726158,2523.1266805683413,13276.178704887743,13596.214030830415,5.558932597077663,0.3046034072187883
"(2S)-2-[4-[2-[2-(3-methoxyphenyl)ethyl]phenoxy]butyl]-3,4-dihydro-1H-isoquinoline",COc1cccc(CCc2ccccc2OCCCCN2CCc3ccccc3C2)c1,1,train,0.4404812592826441,0.9700606508839758,0.0003488620258547,0.2428627876117651,0.8390175991460159,2405.012689731436,8308.592653065718,9902.763257317272,4.980412741681884,0.1837027843352077
Althiazide,C=CCSC[C@H]1Nc2cc(Cl)c(S(N)(=O)=O)cc2S(=O)(=O)N1,0,train,0.3938895492999563,0.9620468070346468,0.0006102665921828,0.2728844830224706,0.8880653344332241,1455.2088313679062,4735.778682558894,5332.691750186753,3.874086065666616,0.2655272160537809
Trichlormethiazide,NS(=O)(=O)c1cc2c(cc1Cl)N[C@@H](C(Cl)Cl)NS2(=O)=O,0,train,0.5104835548007512,0.9791708140323768,0.0008296569445183,0.2030382154846049,0.8707220463075573,1049.4964841318215,4500.72772790468,5168.960343878704,3.7522875625359,0.1537947159513162
"(2R)-1-(4,4-diphenylbutylamino)-3-[2-[(1S)-1-methoxy-3-phenylpropyl]phenoxy]propan-2-ol",CO[C@@H](CCc1ccccc1)c1ccccc1OC[C@H](O)CNCCCC(c1ccccc1)c1ccccc1,1,train,0.6626997439991416,0.9915539032053008,0.00035507326939,0.1296952467838848,0.951824160050066,2680.641552333826,19673.03704041746,20668.77251716605,6.408911010239124,0.1588527736789991
Succinylsulfathiazole,O=C(O)CCC(=O)Nc1ccc(S(=O)(=O)Nc2nccs2)cc1,0,train,0.7608257032613562,0.9961730297040104,0.0012835871071926,0.0874030599597795,0.9454412350355326,736.5618038212511,7967.408713209994,8427.185548883484,4.909321333115947,0.0576982702624475
Reserpine,COC(=O)[C@@H]1[C@@H](OC)[C@@H](OC(=O)c2cc(OC)c(OC)c(OC)c2)C[C@H]2CN3CCc4c([nH]c5cc(OC)ccc45)[C@H]3C[C@@H]12,1,train,0.7074319024771322,0.9939150153352518,0.0003713865966451,0.1101496359100927,0.9611288021385804,2587.946928674292,22581.557451403536,23494.829622375222,6.322560944681372,0.1485858785640735
Syrosingopine,CCOC(=O)Oc1c(OC)cc(C(=O)O[C@@H]2C[C@@H]3CN4CCc5c([nH]c6cc(OC)ccc56)[C@H]4C[C@@H]3[C@@H](C(=O)OC)[C@@H]2OC)cc1OC,0,train,0.5492182357687473,0.9825986875258894,0.0002153137684295,0.1857412697070836,0.9609018593345202,4462.798019575434,23087.55034143554,24026.95979527503,6.219296959215972,0.2613288585127455
1-(3-chlorophenyl)-4-[3-[2-[2-(3-methoxyphenyl)ethyl]phenoxy]propyl]piperazine,COc1cccc(CCc2ccccc2OCCCN2CCN(c3cccc(Cl)c3)CC2)c1,1,train,0.7846682574805431,0.9969016562348404,0.0006744979165118,0.0786580434299757,0.9866592213587634,1462.8054397280737,18348.92419420952,18597.022960917107,6.426231245374983,0.1390129296474391
1-(4-fluorophenyl)-4-[3-[2-[2-(3-methoxyphenyl)ethyl]phenoxy]propyl]piperazine,COc1cccc(CCc2ccccc2OCCCN2CCN(c3ccc(F)cc3)CC2)c1,1,train,0.602251765613818,0.987659369344002,0.000319211405541,0.1566172728245781,0.8784034241036626,2751.7921003315605,15433.69744447064,17570.169948073053,6.313009997611407,0.0996205911523682
1-[3-[2-[2-(3-methoxyphenyl)ethyl]phenoxy]propyl]-4-[3-(trifluoromethyl)phenyl]piperazine,COc1cccc(CCc2ccccc2OCCCN2CCN(c3cccc(C(F)(F)F)c3)CC2)c1,1,train,0.7064124353847485,0.9939267328725236,0.0003715835242417,0.1100438534464831,0.9395991102743436,2528.63501467574,21590.512650970853,22978.430284663493,6.872471422054623,0.10197082407507
1-(2-methoxyphenyl)-4-[3-[2-[2-(3-methoxyphenyl)ethyl]phenoxy]propyl]piperazine,COc1cccc(CCc2ccccc2OCCCN2CCN(c3ccccc3OC)CC2)c1,1,train,0.7244300991284692,0.9946161027204804,0.0006211221278164,0.1036282211037263,0.9831149124054572,1582.804521651268,15015.97452976246,15273.875251288588,5.881981655074169,0.1882870854330099
1-Benzyl-3-Pyrroline,C1=CCN(Cc2ccccc2)C1,0,train,0.5671626009806805,0.984039350941425,0.0051211699872313,0.1779509926883772,0.9832414669563088,191.9954755276297,1060.8421462269853,1078.9233183084668,2.705900598382932,0.3427078566347689
[2-[(2R)-3-(diethylamino)-2-hydroxypropoxy]phenyl]-phenylmethanone,CCN(CC)C[C@@H](O)COc1ccccc1C(=O)c1ccccc1,1,train,0.2610509127135019,0.9278020857914958,0.0004689928466679,0.3730727671660714,0.7917113735379504,1688.109699674305,3582.399377912638,4524.880527993219,3.867591566054122,0.2527738973113247
Talinolol,CC(C)(C)NC[C@H](O)COc1ccc(NC(=O)NC2CCCCC2)cc1,0,train,0.7866652405284195,0.9969729245943718,0.0011441766039765,0.0777495184920454,0.983306408616666,859.4009047197881,10868.934413637371,11053.456296423405,5.597905172715199,0.1079919736495489
Toxaphene,Cl/C=C1/[C@@H]2C[C@H]([C@@H](Cl)C2(Cl)Cl)C1(CCl)CCl,0,train,0.0,0.0,0.0,0.0,0.0,0.0,0.0,0.0,0.0,0.0
"N-[2-(3,4-dimethoxyphenyl)ethyl]-1-methylpyrrolidin-2-imine",COc1ccc(CC/N=C2\CCCN2C)cc1OC,0,train,0.6503575582023238,0.990934008072166,0.0015122560349982,0.1343495130100293,0.8861701409213846,585.9921338799162,3865.207399898969,4361.698980153142,4.09827757138773,0.0735533216391674
1-[2-[(2S)-2-hydroxy-3-piperidin-1-ylpropoxy]-5-phenoxyphenyl]-3-phenylpropan-1-one,O=C(CCc1ccccc1)c1cc(Oc2ccccc2)ccc1OC[C@@H](O)CN1CCCCC1,1,train,0.3635100165381227,0.9561675370590808,0.000258130332781,0.2928201514144327,0.8098592841154257,3137.4045637725176,8677.190424647959,10714.44211956609,4.950771954117498,0.1773741668433996
"4-(2,4-dimorpholin-4-ylpyrimido[5,4-d]pyrimidin-8-yl)morpholine",c1nc(N2CCOCC2)c2nc(N3CCOCC3)nc(N3CCOCC3)c2n1,0,train,0.266361764329112,0.9174257436285068,0.000254650465555,0.3979070305079837,0.6369604838637456,2501.312858295467,4004.044478632357,6286.17407212482,4.062953043140864,0.1171573031203955
Tetramisole,c1ccc([C@@H]2CN3CCSC3=N2)cc1,0,train,0.5438085739247561,0.982262635148806,0.0031174612792872,0.1875103079580521,0.9431698981524134,302.5442222551157,1521.7862228395163,1613.480483018554,2.9006407139784307,0.1924553625418114
Amantadine,NC12CC3CC(CC(C3)C1)C2,0,train,0.0482382350286634,0.711736391707299,0.0032996959083765,0.7024466589852033,0.9979841896602992,302.4473216234381,429.69475521649946,430.5626879347276,1.9605039859030613,0.8493093634447221
"5,7-dihydroxy-6-phenoxy-2-phenylchromen-4-one",O=c1cc(-c2ccccc2)oc2cc(O)c(Oc3ccccc3)c(O)c12,1,train,0.6157939351118867,0.9884849930404892,0.0010460983699056,0.1513189298592353,0.9442187504699352,902.6099051804152,5632.217975794936,5964.950360275938,4.2480154142333895,0.1614702293616471
10-(3-morpholin-4-ylpropyl)acridin-10-ium-9-one,O=c1c2ccccc2n(CCCN2CCOCC2)c2ccccc12,1,train,0.2074993598224012,0.9059021891286452,0.0004952750710843,0.4234869817738538,0.8150646895671428,1645.6808290040692,3167.3614343476715,3886.024600120716,3.6729788864862702,0.3860984989652896
4-methoxy-10-(3-morpholin-4-ylpropyl)acridin-10-ium-9-one,COc1cccc2c(=O)c3ccccc3n(CCCN3CCOCC3)c12,1,train,0.0736467670494515,0.7829008672631181,0.0003424977820872,0.622146471531148,0.7930996436100806,2315.634392657362,2951.9235350286035,3722.0083993378857,3.5712106922738087,0.5471874992892469
Piroxicam,CN1/C(=C(/O)Nc2ccccn2)C(=O)c2ccccc2S1(=O)=O,0,train,0.427206105635588,0.967934636895523,0.000941006924653,0.2512021868892308,0.8771075974960353,932.094732267204,3254.539227471376,3710.535898631396,3.4520357786598685,0.2507644879491975
"2-[(4-cyclohexylbenzoyl)amino]-N-[2-[(2R)-6,7-dimethoxy-3,4-dihydro-1H-isoquinolin-2-yl]ethyl]benzamide",COc1cc2c(cc1OC)CN(CCNC(=O)c1ccccc1NC(=O)c1ccc(C3CCCCC3)cc1)CC2,1,train,0.4182494944102689,0.9653078858381436,0.000131532966478,0.2611143150780778,0.7546164266107085,5737.089695584601,16580.102565164347,21971.56327438084,6.393748216762937,0.044664399239549
Etoposide,COc1cc([C@H]2c3cc4c(cc3[C@H](O[C@@H]3O[C@@H]5CO[C@@H](C)O[C@H]5[C@@H](O)[C@@H]3O)[C@H]3COC(=O)[C@H]23)OCO4)cc(OC)c1O,0,train,0.3952556642461966,0.9625730936728956,0.0002301966763671,0.2710222118886042,0.842939763573161,3661.8242143018447,11389.093225756606,13511.159062515995,4.925879478963819,0.2345275646966297
Antimycin A,CCCCCC[C@@H]1C(=O)O[C@@H](C)[C@@H](NC(=O)c2cccc(NC=O)c2O)C(=O)O[C@@H](C)[C@H]1OC(=O)CC(C)C,0,train,0.4127685576369195,0.9651020562470104,0.0001992466402288,0.2618740556599537,0.785126145703279,3940.4737003417777,11813.957365107482,15047.209202955655,5.29823187453468,0.10380357718099
Folisidine,COc1cc(=O)n(C)c2c(OC[C@H](O)C(C)(C)O)cccc12,0,train,0.5058771345119008,0.9786529397483144,0.001023239451756,0.2055198859526305,0.8682374525002916,848.5183512131582,3584.6429567738405,4128.643548433701,3.732105242583984,0.1246088620028171
Vincamine,CC[C@@]12CCCN3CCc4c(n(c5ccccc45)[C@@](O)(C(=O)OC)C1)[C@@H]32,0,train,0.1247989287604541,0.8458331279490017,0.000422030063074,0.5334475791153316,0.7549883335728058,1788.9444369755306,2531.8929773125656,3353.552452037204,3.290254114008743,0.4894139669794107
Triamterene,Nc1nc(N)c2nc(-c3ccccc3)c(N)nc2n1,0,train,0.5415477778806312,0.9823427774870434,0.0015853960442969,0.1870899984473814,0.8407118792601612,530.2850869878167,2382.9011477091344,2834.3850092925086,3.3684970084669734,0.080310250088343
"6-phenylpteridine-2,4,7-triamine",Nc1nc(N)c2nc(-c3ccccc3)c(N)nc2n1,0,train,0.5415477778806312,0.9823427774870434,0.0015853960442969,0.1870899984473814,0.8407118792601612,530.2850869878167,2382.9011477091344,2834.3850092925086,3.3684970084669734,0.080310250088343
"(2R)-2-[3-[2-[2-(3-methoxyphenyl)ethyl]phenoxy]propyl]-3,4-dihydro-1H-isoquinoline",COc1cccc(CCc2ccccc2OCCCN2CCc3ccccc3C2)c1,1,train,0.6756172455205591,0.9920991847549664,0.000713849839858,0.125455998694884,0.9877622736616444,1383.7115574027853,10894.481636993309,11029.457114825169,5.387216557773157,0.2291751325887505
"(2S)-6,7-dimethoxy-2-[3-[2-[2-(3-methoxyphenyl)ethyl]phenoxy]propyl]-3,4-dihydro-1H-isoquinoline",COc1cccc(CCc2ccccc2OCCCN2CCc3cc(OC)c(OC)cc3C2)c1,1,train,0.5081977523453287,0.978795153267438,0.0003121654084065,0.2048415190828571,0.9018299964624872,2888.9491666157146,12718.813199464272,14103.33793437234,5.672970549450412,0.2470365552828814
Mimosine,N[C@H](Cn1ccc(=O)c(O)c1)C(=O)O,0,train,0.5971664022905107,0.9871080802857956,0.0032797876888547,0.1600551087422439,0.9366668200510482,285.58763825902327,1671.3022600531715,1784.308170499822,3.072293006726042,0.233052680356325
Fenvalerate,CC(C)[C@H](C(=O)O[C@H](C#N)c1cccc(Oc2ccccc2)c1)c1ccc(Cl)cc1,0,train,0.2799806610890609,0.93366147902197,0.0002849044643602,0.3581567290872913,0.7719885930750716,2709.640211530241,5840.491507641187,7565.515293919934,4.380581865110735,0.2281110328282657
Puromycin,COc1ccc(C[C@@H](N)C(=O)N[C@@H]2[C@@H](CO)O[C@H](n3cnc4c(N(C)C)ncnc43)[C@@H]2O)cc1,0,train,0.6636004409627188,0.991637667661396,0.0006053964091366,0.1290532296188931,0.9447349402526976,1560.522867322663,11423.81699533394,12092.086900351434,5.156662286750114,0.1275167279756649
Meclizine,Cc1cccc(CN2CCN([C@H](c3ccccc3)c3ccc(Cl)cc3)CC2)c1,0,train,0.414601626809965,0.9658475561644488,0.0003949671605597,0.2591109767091354,0.8181954957570765,2071.553226342811,6541.349735705617,7994.849360118885,4.608667535594618,0.2142705264136893
"N-[4-[2-[(2R)-6,7-dimethoxy-3,4-dihydro-1H-isoquinolin-2-yl]ethyl]phenyl]-2-[(4-methylbenzoyl)amino]benzamide",COc1cc2c(cc1OC)CN(CCc1ccc(NC(=O)c3ccccc3NC(=O)c3ccc(C)cc3)cc1)CC2,1,train,0.6999434218427679,0.9936466515618702,0.0003054009830792,0.1125447992573781,0.913084007467279,2989.7873879149265,24256.35895790646,26565.309171484645,6.996340849981128,0.0656427346726535
"2-benzamido-N-[4-[2-[(2R)-6,7-dimethoxy-3,4-dihydro-1H-isoquinolin-2-yl]ethyl]phenyl]benzamide",COc1cc2c(cc1OC)CN(CCc1ccc(NC(=O)c3ccccc3NC(=O)c3ccccc3)cc1)CC2,1,train,0.6385940904873566,0.990107666892519,0.0002887699151806,0.1403096859117449,0.937590037887562,3246.841130596983,21696.334639122008,23140.53452189504,6.6995535962270605,0.1619842598597012
"N-[2-[[4-[2-[(2R)-6,7-dimethoxy-3,4-dihydro-1H-isoquinolin-2-yl]ethyl]phenyl]carbamoyl]phenyl]-3,4-dimethylbenzamide",COc1cc2c(cc1OC)CN(CCc1ccc(NC(=O)c3ccccc3NC(=O)c3ccc(C)c(C)c3)cc1)CC2,1,train,0.53996337964848,0.982205486062458,0.0002199404111569,0.1878094330666347,0.8996608533051114,4090.4754545680175,19594.54633236978,21779.92546900835,6.350385661794079,0.1652083207073507
"N-[4-[2-[(2S)-6,7-dimethoxy-3,4-dihydro-1H-isoquinolin-2-yl]ethyl]phenyl]-2-[(3-methoxybenzoyl)amino]benzamide",COc1cccc(C(=O)Nc2ccccc2C(=O)Nc2ccc(CCN3CCc4cc(OC)c(OC)cc4C3)cc2)c1,1,train,0.6856043037762546,0.9929097830686494,0.0002539165771723,0.1188703608414123,0.9275224815196288,3652.863045999509,28502.58527941185,30729.80531179573,7.455518243126575,0.1166250562923075
Isosorbide,O=[N+]([O-])O[C@H]1CO[C@H]2[C@@H](O[N+](=O)[O-])CO[C@@H]12,0,train,0.1208155084817354,0.8467588610244486,0.0011982834276667,0.5319769085933884,0.8239653737333046,687.6214380580159,1065.0391888147965,1292.577604310252,2.5393030701926023,0.6156002165042374
Thiopental,CCC[C@@H](C)C1(CC)C(=O)NC(=S)NC1=O,0,train,0.0800411147865295,0.7816944694519942,0.0007270581304272,0.6236615720309897,0.7382798971171057,1015.4344834618364,1202.0539658039322,1628.181900249226,2.816792742862631,0.3694561807104957
Sulfameter,COc1cnc(NS(=O)(=O)c2ccc(N)cc2)nc1,0,train,0.3780654650597231,0.9592009726844726,0.0009320884661876,0.2827251209234191,0.8170632958199188,876.5941490101527,2533.318942962611,3100.517372305212,3.407778303105886,0.1726448650577262
Sulfamethazine,Cc1cc(C)nc(NS(=O)(=O)c2ccc(N)cc2)n1,0,train,0.30458367472232,0.9417679126158848,0.000891427323234,0.3362635852528778,0.805242603101758,903.31828755304,2163.155337654591,2686.339904672474,3.2146942969300194,0.2084714711502817
Sulfamerazine,Cc1ccnc(NS(=O)(=O)c2ccc(N)cc2)n1,0,train,0.3668839951577148,0.9570306686780208,0.0011512025296229,0.2899867224713927,0.8432139356610516,732.4635882594871,2129.8337376313048,2525.852156323277,3.1926258278324497,0.2088007945476011
Fluvalinate,CC(C)[C@H](Nc1ccc(C(F)(F)F)cc1Cl)C(=O)O[C@@H](C#N)c1cccc(Oc2ccccc2)c1,0,train,0.6032280586351297,0.9876509649325698,0.0004124710279858,0.1566702635083114,0.923748984002414,2239.548771493732,13204.68132219258,14294.663973517369,5.437483544781813,0.1496380864677946
"1-[4-[(2S)-3-(3,3-diphenylpropylamino)-2-hydroxypropoxy]phenyl]ethanone",CC(=O)c1ccc(OC[C@@H](O)CNCCC(c2ccccc2)c2ccccc2)cc1,1,train,0.5307804064331976,0.9812657690016844,0.0005123796666305,0.1926590007903428,0.9006825964454209,1757.8421922330317,8217.928377842598,9124.111435343564,4.864819549075912,0.2173085139446526
Securinine,O=C1C=C2C=C[C@@H]3C[C@@]2(O1)[C@@H]1CCCCN31,0,train,0.2219420350902548,0.9126838600122495,0.0016134268261545,0.4086663329332872,0.833720567283786,516.7390015888617,1054.1997194876622,1264.4520968484496,2.5544275127513143,0.4767108627360693
Mequitazine,c1ccc2c(c1)Sc1ccccc1N2C[C@H]1CN2CCC1CC2,1,train,0.1408527665318406,0.8547511301604875,0.0004375595249599,0.5190380578429383,0.7139039400763508,1631.5584494285852,2244.105201750719,3143.4273937621297,3.298952539183809,0.3963375192490926
Gliclazide,Cc1ccc(S(=O)(=O)NC(=O)NN2C[C@H]3CCC[C@H]3C2)cc1,0,train,0.5306116105488466,0.9811917387764252,0.0009261691666048,0.1930356748295385,0.9103920705331388,982.9652112803784,4635.846377877152,5092.142745885663,4.069274551945576,0.2067945364828033
Spasmadryl,CCN(CC)CCOC(=O)[C@H](Cc1ccccc1)c1ccccc1,0,train,0.339842290164066,0.9510165209973068,0.0005458633044107,0.3091400601510249,0.8459570340750061,1549.7598524016014,4240.894071204157,5013.131755374873,4.074079598626492,0.285837534668082
Hexetrol,CC[C@H](c1ccc(O)cc1)[C@@H](CC)c1ccc(O)cc1,0,train,0.1738860873239603,0.886580114084577,0.0006262635976976,0.4625750764035805,0.7839184870010864,1251.7388682385092,2121.3015784142,2706.0231562203994,3.3529145773347024,0.5223668927602768
Hexestrol,CC[C@H](c1ccc(O)cc1)[C@@H](CC)c1ccc(O)cc1,0,train,0.1738860873239603,0.886580114084577,0.0006262635976976,0.4625750764035805,0.7839184870010864,1251.7388682385092,2121.3015784142,2706.0231562203994,3.3529145773347024,0.5223668927602768
"4-benzoyl-1-[(2S)-2-hydroxy-3-[4-(2-methylphenyl)piperazin-1-yl]propyl]-5-methyl-2-phenylpyrazole-1,2-diium-3-one",Cc1ccccc1N1CCN(C[C@H](O)Cn2c(C)c(C(=O)c3ccccc3)c(=O)n2-c2ccccc2)CC1,1,train,0.6033439428009338,0.9876415713336916,0.0003895437198938,0.1567294693844041,0.927630409935444,2381.325542067858,14094.286144491747,15193.859530190048,5.568636157570132,0.1624628686258126
"1-[4-[[(7R,8S,9S,10R,13R,14S,17R)-17-acetyl-10,13-dimethyl-3-oxo-1,2,6,7,8,9,11,12,14,15,16,17-dodecahydrocyclopenta[a]phenanthren-7-yl]sulfanyl]phenyl]-3-[(1R)-1-phenylethyl]urea",CC(=O)[C@@H]1CC[C@@H]2[C@H]3[C@H](CC[C@@]12C)[C@@]1(C)CCC(=O)C=C1C[C@H]3Sc1ccc(NC(=O)N[C@H](C)c2ccccc2)cc1,1,train,0.5308666429444028,0.981342302963952,0.000213646877046,0.1922687816922113,0.8812220299186158,4124.666094364099,18904.507515060934,21452.604307687176,6.166840768923881,0.1577278289233829
Clopamide,C[C@@H]1CCC[C@@H](C)N1NC(=O)c1ccc(Cl)c(S(N)(=O)=O)c1,0,train,0.5941058123746419,0.9869159164058487,0.0010328835701019,0.1612357712941009,0.927805574784334,898.2673378111294,5168.936377943449,5571.141754720491,4.1019038742974505,0.2084347018921628
4-[4-[2-[4-[(E)-3-ethoxyprop-1-enyl]phenyl]imidazol-4-yl]phenyl]morpholine,CCOC/C=C/c1ccc(-c2ncc(-c3ccc(N4CCOCC4)cc3)[nH]2)cc1,1,train,0.8668001489046117,0.9989119319911408,0.0013557669737312,0.0466363819965311,0.9735775899250796,718.1009781095902,14991.021808741058,15397.870661643592,6.319181764094499,0.0545643414746533
N-benzyladenine,c1ccc(CNc2ncnc3nc[nH]c23)cc1,0,train,0.6118327028534434,0.9883217568743852,0.002309415397,0.1523814453558193,0.9175097435686989,397.2909095351884,2392.1434770397072,2607.2131591053726,3.4610654329348507,0.2051927429106367
Trimetazidine,COc1ccc(CN2CCNCC2)c(OC)c1OC,0,train,0.4110373620131219,0.9653531268881272,0.0011241162405593,0.2609470068947246,0.856040846418995,761.5234221622987,2498.189814986848,2918.3067904263203,3.4055765370983058,0.2012867077138517
1-Phenylpiperazine,c1ccc(CN2CCNCC2)cc1,0,train,0.5356510147048453,0.9807171854503188,0.0038565306600336,0.1954323467658442,0.9909955165970278,256.965548560785,1303.0171860380042,1314.8567922006605,2.8556910939769127,0.3911190181505811
1-[2-[(2S)-2-hydroxy-3-(4-hydroxy-4-phenylpiperidin-1-yl)propoxy]phenyl]-3-phenylpropan-1-one,O=C(CCc1ccccc1)c1ccccc1OC[C@H](O)CN1CCC(O)(c2ccccc2)CC1,1,train,0.5333378903906885,0.9815659862573882,0.0004198134518386,0.191123558523173,0.8921511832468257,2125.1133791439024,9919.878168797382,11119.055105319423,5.020059010893873,0.1617995418297096
1-[2-[(2S)-2-hydroxy-3-(4-hydroxy-4-phenylpiperidin-1-yl)propoxy]phenyl]-3-phenylpropan-1-one,O=C(CCc1ccccc1)c1ccccc1OC[C@@H](O)CN1CCC(O)(c2ccccc2)CC1,1,train,0.5026487780481599,0.9778545547914425,0.0004204633390072,0.2092856174552615,0.9327642205411464,2218.419857349701,9887.266474563814,10599.963267059797,4.9701394315753245,0.2461388642671413
"[(2S,3R,4S)-4-[[(2S)-5-(diethylamino)pentan-2-yl]amino]-3-hydroxy-2-methyl-3,4-dihydro-2H-quinolin-1-yl]-(4-methylphenyl)methanone",CCN(CC)CCC[C@H](C)N[C@H]1c2ccccc2N(C(=O)c2ccc(C)cc2)[C@@H](C)[C@@H]1O,1,train,0.6705996829827618,0.9920340232764078,0.0006744271640265,0.1259702213303757,0.9471736100313578,1404.4120114860548,10559.813111719006,11148.761958612218,5.138785499653283,0.1480740983416504
3-phenyl-1-[2-(8-piperidin-1-yloctoxy)phenyl]propan-1-one,O=C(CCc1ccccc1)c1ccccc1OCCCCCCCCN1CCCCC1,1,train,0.7215405624642941,0.9945701610470408,0.0006673930639744,0.1040682216378444,0.9607281669678062,1439.523751185595,13289.27306546989,13832.50072433362,5.819836606086174,0.123201354238675
N_N_DIMETHYLBENZYLAMI,c1ccc(Nc2ccc3ccccc3c2)cc1,0,train,0.7241697837595213,0.9947450187244286,0.0033499491434124,0.1023833371351817,0.9312388601605578,277.98596942637374,2528.4518414109057,2715.148550582358,3.548219625697709,0.0737990705663924
"4-{4-[2-(3-Nitrophenyl)ethyl]piperazin-1-yl}-5,6,7,8-tetrahydro-1,3,4b-triazafluorene-9-carbonitrile",N#Cc1c2n(c3c(N4CCN(CCc5cccc([N+](=O)[O-])c5)CC4)ncnc13)CCCC2,1,train,0.6232042364204802,0.9886805798276764,0.0005576330309697,0.1500356993238914,0.986825488563646,1769.6682831854107,11639.588284785934,11794.981402160278,5.404199685538296,0.2256673285468817
"4-{4-[2-(4-Nitrophenyl)ethyl]piperazin-1-yl}-5,6,7,8-tetrahydro-1,3,4b-triazafluorene-9-carbonitrile",N#Cc1c2n(c3c(N4CCN(CCc5ccc([N+](=O)[O-])cc5)CC4)ncnc13)CCCC2,1,train,0.6998944832922358,0.9936230508794616,0.0006631140549927,0.1127529722933751,0.9338484746114144,1408.2773055107111,11663.706834789322,12489.935093209562,5.442410944336446,0.1388714107560504
"4-{4-[2-(3-Methoxyphenyl)ethyl]piperazin-1-yl}-5,6,7,8-tetrahydro-1,3,4b-triazafluorene-9-carbonitrile",COc1cccc(CCN2CCN(c3ncnc4c(C#N)c5n(c34)CCCC5)CC2)c1,1,train,0.6497851135122747,0.9909053748331254,0.0005911773771557,0.1345605370337949,0.898045446977323,1519.079521104142,10138.20602678962,11289.190386648244,5.248320869301129,0.0984071116500941
"4-{4-[2-(3,4-Difluorophenyl)ethyl]piperazin-1-yl}-5,6,7,8-tetrahydro-1,3,4b-triazafluorene-9-carbonitrile",N#Cc1c2n(c3c(N4CCN(CCc5ccc(F)c(F)c5)CC4)ncnc13)CCCC2,1,train,0.67814832912904,0.9925186750091636,0.0006503890506132,0.1220929144465562,0.9237001595775954,1420.227106693593,10744.80047458889,11632.34666918586,5.306948868388973,0.1440938902611192
"2-Iodo-4-(4-phenethylpiperazin-1-yl)-5,6,7,8-tetrahydro-1,3,4b-triazofluorene-9-carbonitrile",N#Cc1c2n(c3c(N4CCN(CCc5ccccc5)CC4)nc(I)nc13)CCCC2,1,train,0.3587616685277562,0.9533135985306443,0.0002248974693427,0.3019820902910522,0.7366704220634137,3275.5834212637264,7990.624275501176,10846.945983143234,4.645219147154183,0.1284188728367342
"4-(4-Phenethylpiperazin-1-yl)-5,6,7,8-tetrahydro-1,3,4b-triazofluorene-9-carboxylic Acid Methyl Ester",COC(=O)c1c2n(c3c(N4CCN(CCc5ccccc5)CC4)ncnc13)CCCC2,1,train,0.5725235491459774,0.9852415035346744,0.0005424358597636,0.1711700315847781,0.8976073931963641,1654.771485033134,8677.541887819314,9667.413563650296,4.882205344490122,0.1635492389605085
"4-{4-[2-(3,4-Difluorophenyl)ethyl]piperazin-1-yl}-5,6,7,8-tetrahydro-1,3,4b-triazafluorene-9-carboxylic Acid Ethylamide",CCNC(=O)c1c2n(c3c(N4CCN(CCc5ccc(F)c(F)c5)CC4)ncnc13)CCCC2,1,train,0.7163460125147365,0.9944004041763876,0.0005543559708196,0.1056779833921759,0.930865684386206,1679.1840142172252,14791.11094317514,15889.62961173942,5.876379763305464,0.1000434891613368
"4-(4-Phenethylpiperazine-1-yl)-5,6,7,8-tetrahydro-1,3,4b-triazafluorene-9-carbonitrile",N#Cc1c2n(c3c(N4CCN(CCc5ccccc5)CC4)ncnc13)CCCC2,1,train,0.6614555634515558,0.9916014339369243,0.0007382260327542,0.129331342737308,0.898655105630552,1217.3170082851195,8458.492129694418,9412.38977745463,4.969252256413791,0.0965384057212613
"4-{4-[2-(2-Chlorophenyl)ethyl]piperazin-1-yl}-5,6,7,8-tetrahydro-1,3,4b-triazafluorene-9-carbonitrile",N#Cc1c2n(c3c(N4CCN(CCc5ccccc5Cl)CC4)ncnc13)CCCC2,1,train,0.6617713191187268,0.9915387666951871,0.0006972501960864,0.1298109168775383,0.9423597559098644,1351.537455563495,9811.459138905726,10411.585466563767,5.062231158716116,0.1644456289233223
"{4-[2-(3-Chlorophenyl)ethyl]piperazin-1-yl}-5,6,7,8-tetrahydro-1,3,4b-triazafluorene-9-carbonitrile",N#Cc1c2n(c3c(N4CCN(CCc5cccc(Cl)c5)CC4)ncnc13)CCCC2,1,train,0.7197093569510328,0.9945579317491646,0.0007150380361809,0.1041850296099389,0.9202018788204964,1286.9271734623824,11366.631149973418,12352.323345115345,5.449941779042701,0.0985924155064543
"4-{4-[2-(4-Chlorophenyl)ethyl]piperazin-1-yl}-5,6,7,8-tetrahydro-1,3,4b-triazafluorene-9-carbonitrile",N#Cc1c2n(c3c(N4CCN(CCc5ccc(Cl)cc5)CC4)ncnc13)CCCC2,1,train,0.6967046761881285,0.99346652708108,0.0007208298128555,0.1141238781739285,0.933284311286082,1294.736003757782,10588.115466272538,11345.005308920205,5.25261230475901,0.1297796860158148
Cinpropazide,COc1cc(/C=C/C2=C(NC(C)C)CN3CCN2CC3)cc(OC)c1OC,0,train,0.4057111075668682,0.9644346684611916,0.000464752212506,0.2643213390366952,0.8543750481976038,1838.3453057502763,5942.1474063665455,6954.963653142898,4.441434263574867,0.2545742992595278
Sparteine,C1CCN2C[C@H]3C[C@@H](CN4CCCC[C@H]34)[C@H]2C1,0,train,0.0,0.0,0.0,0.0,0.0,0.0,0.0,0.0,0.0,0.0
Warfarin,CC(=O)C[C@@H](c1ccccc1)c1c(O)c2ccccc2oc1=O,0,train,0.1630879770222379,0.8806647876416306,0.0005754367550231,0.4737399411155045,0.831890401951879,1445.6678248131748,2538.602054622856,3051.606375871737,3.3778012666971096,0.3897445157038286
Yohimbine,COC(=O)[C@H]1[C@@H](O)CC[C@H]2CN3CCc4c([nH]c5ccccc45)[C@H]3C[C@@H]21,0,train,0.246367197288499,0.9225807913156048,0.0004796896979913,0.3858039443752127,0.8024259725687223,1672.80218009436,3479.228079046919,4335.88667115202,3.658414828212828,0.3235808426559656
Yohimbini acid,O=C(O)[C@@H]1[C@H]2C[C@@H]3c4[nH]c5ccccc5c4CCN3C[C@@H]2CC[C@H]1O,0,train,0.3015180881409777,0.9410714043192496,0.0005929459135249,0.3382079419123618,0.8362793989565309,1410.3805758352507,3487.417278229085,4170.158062700715,3.649473840196323,0.3296579806978721
Ergocristine,CC(C)[C@]1(NC(=O)[C@H]2C=C3c4cccc5[nH]cc(c45)C[C@H]3N(C)C2)O[C@]2(O)C3CCCN3C(=O)[C@H](Cc3ccccc3)N2C1=O,1,train,0.5583847890277904,0.983766209014767,0.0002829167904981,0.1794548578353726,0.934392500906816,3302.7113705825013,17196.685420257647,18404.13466885541,5.648222568237359,0.2299649612200035
Piperamide,CC(=O)Nc1ccc(N2CCN(CCCN(C)C)CC2)cc1,0,train,0.7605202979023085,0.996122611020948,0.0016010534964784,0.0879758137945246,0.968887860298512,605.1564563143111,6664.658373875641,6878.668468219093,4.820482552693715,0.1387598942902778
Dropropizine,OC[C@@H](O)CN1CCN(c2ccccc2)CC1,0,train,0.6749019673134117,0.992100163567654,0.0026882292339245,0.1254482580550013,0.981560305693201,365.1326655131341,2856.9526300039083,2910.6236401708006,3.602181024694257,0.2180666708439661
1-Benzylpiperazine,c1ccc(N2CCNCC2)cc1,0,train,0.5624364257362686,0.9843799333789685,0.0045246789392259,0.1760572258125679,0.8796973802839111,194.42205559769792,971.4601158193332,1104.3117071757188,2.645104663997329,0.1591025498960061
Phenindione,O=C1c2ccccc2C(=O)C1c1ccccc1,0,train,0.4216787248025446,0.9670580042575364,0.0018418639379946,0.2545561164093897,0.8738582330843144,474.44233803487657,1628.6992002532584,1863.8025466724796,2.987438655993165,0.2058861820855586
Prazosin,COc1cc2nc(N3CCN(C(=O)c4ccco4)CC3)nc(N)c2cc1OC,0,train,0.7105936341393166,0.9941465891119612,0.0009120476830464,0.1080396193859152,0.9216877249134438,1010.5696687203643,8621.186043819336,9353.695195006483,4.975822447910179,0.0708597971829406
Atrazine,CCNc1nc(Cl)nc(NC(C)C)n1,0,train,0.3059491627566547,0.9413872579357392,0.0013299600514656,0.3373277791647613,0.7696066766822796,578.6690177905426,1320.2219538025563,1715.4502342598437,2.894586851184349,0.2416418737531578
Saquinavir,CC(C)(C)NC(=O)[C@H]1C[C@@H]2CCCC[C@H]2CN1C[C@@H](O)[C@H](Cc1ccccc1)NC(=O)[C@@H](CC(N)=O)NC(=O)c1ccc2ccccc2n1,1,train,0.3218269048833087,0.9460165153379596,0.0001127442393878,0.3241184238944528,0.7831537294603821,6946.285980660722,16784.01895914537,21431.32098816677,5.801702513375034,0.1856750460426994
Cannabidiol,C=C(C)[C@@H]1CCC(C)=C[C@@H]1c1c(O)cc(CCCCC)cc1O,1,train,0.5520922048913547,0.9827888752976798,0.0010604635533973,0.1847323106311453,0.9682376896488656,913.0325003127148,4785.4783803481805,4942.462405159677,4.113265650307129,0.2305482177730733
"4-(2,4-dimorpholin-4-ylpteridin-7-yl)morpholine",c1nc2c(N3CCOCC3)nc(N3CCOCC3)nc2nc1N1CCOCC1,0,train,0.2990944762604372,0.9331875291948348,0.0002573897957989,0.35938980975431,0.6697853785298543,2602.2219585315192,4849.692930095189,7240.66706373917,4.354412752426427,0.0953759076519972
Tetrahydrozoline,c1ccc2c(c1)CCC[C@@H]2C1=NCCN1,0,train,0.2248113179647784,0.913948029092618,0.0016500033371863,0.4058312458617739,0.8340319551915146,505.4728898995806,1038.807501783248,1245.5248211019823,2.639050680331658,0.455091027210148
1-phenethyl-2-phenylmethoxybenzene,c1ccc(CCc2ccccc2OCc2ccccc2)cc1,0,train,0.2152753042620803,0.8736298595440442,0.0003126402026599,0.4865910690847639,0.5701630295475447,1823.7034926939732,2136.924358983046,3747.918136114177,3.655789132475826,0.1418839530548342
1-methoxy-3-[2-[2-[(2-methoxyphenyl)methoxy]phenyl]ethyl]benzene,COc1cccc(CCc2ccccc2OCc2ccccc2OC)c1,1,train,0.1703146839086892,0.8853409239481654,0.0004404485081883,0.4649424140499648,0.8352924002986813,1896.458688745409,3407.0832910056006,4078.91091764669,3.669255464165984,0.4899182512920656
1-methoxy-4-[(2-phenethylphenoxy)methyl]benzene,COc1ccc(COc2ccccc2CCc2ccccc2)cc1,1,train,0.5053962002003279,0.978500855615873,0.00064249311633,0.2062427588038053,0.8322559543368041,1295.3538850200162,5227.170107857038,6280.724193823748,4.48381456208937,0.096119753920086
1-methoxy-4-[[2-[2-(3-methoxyphenyl)ethyl]phenoxy]methyl]benzene,COc1ccc(COc2ccccc2CCc2cccc(OC)c2)cc1,1,train,0.4778886944823285,0.9752669114583032,0.0005154882506061,0.221030430969544,0.8507927182606139,1650.4599615224274,6352.96828081315,7467.116425022242,4.711644937931017,0.1390408535217847
"1,2-dimethoxy-3-[(2-phenethylphenoxy)methyl]benzene",COc1cccc(COc2ccccc2CCc2ccccc2)c1OC,1,train,0.2830400403672982,0.9343964980873356,0.0004455731557348,0.3562347321108988,0.7648383469077557,1716.5269879115313,3685.394897003189,4818.52787834613,3.8296118399554793,0.2421589659016215
"1,2-dimethoxy-3-[[2-[2-(3-methoxyphenyl)ethyl]phenoxy]methyl]benzene",COc1cccc(CCc2ccccc2OCc2cccc(OC)c2OC)c1,1,train,0.5646545248141853,0.984385615346801,0.0006847752726227,0.1760254535523196,0.929475105866503,1357.343267239314,7167.240598186891,7711.062461974419,4.631324491366612,0.2017730750017193
"1,2-dimethoxy-4-[(2-phenethylphenoxy)methyl]benzene",COc1ccc(COc2ccccc2CCc2ccccc2)cc1OC,1,train,0.3965909874490891,0.9628170952285202,0.000476515197268,0.2701541062721695,0.8437410209748267,1770.648713434705,5530.061985273129,6554.2172868209045,4.45884001150944,0.2475002985666289
"1,2-dimethoxy-4-[[2-[2-(3-methoxyphenyl)ethyl]phenoxy]methyl]benzene",COc1cccc(CCc2ccccc2OCc2ccc(OC)c(OC)c2)c1,1,train,0.6956759513187576,0.9932362897219874,0.0009692800856323,0.1161106058002481,0.9813943070760254,1012.498163970562,8557.873996067929,8720.117830686559,4.915674183473376,0.1761219111844021
"1,3-dimethoxy-5-[(2-phenethylphenoxy)methyl]benzene",COc1cc(COc2ccccc2CCc2ccccc2)cc(OC)c1,1,train,0.3495239285349389,0.9531262720969506,0.0004352709154392,0.3025728167541988,0.8102979082321476,1861.5944219808289,4985.398497754399,6152.550126448184,4.319005891577578,0.2170802835848458
"1,3-dimethoxy-5-[[2-[2-(3-methoxyphenyl)ethyl]phenoxy]methyl]benzene",COc1cccc(CCc2ccccc2OCc2cc(OC)cc(OC)c2)c1,1,train,0.4908281041483351,0.976657672723556,0.0005573035882719,0.2148017465250404,0.9103222226742056,1633.4404475967117,6922.462982342865,7604.40952655985,4.620567329737147,0.2172440529842317
1-Benzylimidazole,c1ccc(Cn2ccnc2)cc1,0,train,0.5026349360778639,0.9775927072660072,0.0045297748078504,0.2105053412631586,0.9514926945991432,210.0529794439513,949.4480007984608,997.8510672627456,2.611179832619983,0.2874112440715201
Sumatriptan,CNS(=O)(=O)Cc1ccc2[nH]cc(CCN(C)C)c2c1,0,train,0.3842258922729191,0.9603189184262192,0.0007534443642495,0.2789042396821827,0.8088003932533288,1073.4706258755537,3112.9805174112944,3848.886008684544,3.6878727553319104,0.2112668442790988
Gramine,CN(C)Cc1c[nH]c2ccccc12,1,train,0.3699931638314039,0.9575278046711124,0.0024252769988665,0.288340949713563,0.8112676083094471,334.50513433665304,941.1537992439438,1160.1027695474727,2.6437461136801144,0.2217797282280504
"[(2R,3R)-3-methyl-2,3-dihydro-1-benzofuran-2-yl]-piperidin-1-ylmethanone",C[C@@H]1c2ccccc2O[C@H]1C(=O)N1CCCCC1,0,train,0.5194569237528932,0.980155930510021,0.0016799408705295,0.1982280300210712,0.8684850489410313,516.9735817352203,2264.9865732248204,2607.9741683366724,3.3144272468797658,0.1586822052442937
"1-[2-[(2S)-3-(3,3-diphenylpropylamino)-2-hydroxypropoxy]phenyl]-3-naphthalen-1-ylpropan-1-one",O=C(CCc1cccc2ccccc12)c1ccccc1OC[C@H](O)CNCCC(c1ccccc1)c1ccccc1,1,train,0.6786318723263047,0.9925566225132152,0.0003058716922269,0.1217840346891109,0.9140385562025056,2988.307121681083,22428.45652111792,24537.75759121138,6.777818587326342,0.0771108445427396
"1-[2-[(2S)-3-(3,3-diphenylpropylamino)-2-hydroxypropoxy]phenyl]-3-naphthalen-1-ylpropan-1-one",O=C(CCc1cccc2ccccc12)c1ccccc1OC[C@@H](O)CNCCC(c1ccccc1)c1ccccc1,1,train,0.5463155283334341,0.9821758279715956,0.0002949318123707,0.1879644725694482,0.9704991522655276,3290.588236190344,16989.982468616367,17506.43720703418,5.894864030848086,0.2768272694987578
"4-[4,6-bis(trifluoromethyl)-1,3,5-triazin-2-yl]-N,N-dimethylaniline",CN(C)c1ccc(-c2nc(C(F)(F)F)nc(C(F)(F)F)n2)cc1,0,train,0.3961612378754736,0.9616491036832198,0.0005218564127454,0.2742827034015455,0.7615032356225457,1459.2198486483542,4051.296791411535,5320.130764906745,4.013175647445385,0.041329930717215
Azlocillin,CC1(C)S[C@@H]2C(NC(=O)[C@@H](NC(=O)N3CCNC3=O)c3ccccc3)C(=O)N2[C@H]1C(=O)O,0,train,0.4004335444778994,0.9633604370874908,0.0003489435255934,0.268210119597674,0.8779823337252911,2516.115844912392,8236.472452095064,9381.13688136252,4.6704767839429335,0.2164496444041845
Delafantrine,CN1CCN(C(=O)c2cc(S(=O)(=O)N(C)C)ccc2N)CC1,0,train,0.3845556603395978,0.9599905839680952,0.0008009034909062,0.2800322815187477,0.905189008288424,1130.2098424669537,3653.3413966131834,4035.998408245258,3.675517510675008,0.2800435120061551
"4-[4-(3-Phenylpropyl)piperazin-1-yl]-5,6,7,8-tetrahydro-1,3,4b-triazafluorene-9-carbonitrile",N#Cc1c2n(c3c(N4CCN(CCCc5ccccc5)CC4)ncnc13)CCCC2,1,train,0.690844473055396,0.9931645088772388,0.0007884373588884,0.1167229981907287,0.936073868016717,1187.2520466767537,9521.307993027096,10171.534873845085,5.105446282757521,0.143800584713015
"N-[2-[[4-[2-[(2R)-6,7-dimethoxy-3,4-dihydro-1H-isoquinolin-2-yl]ethyl]phenyl]carbamoyl]phenyl]-1-benzofuran-2-carboxamide",COc1cc2c(cc1OC)CN(CCc1ccc(NC(=O)c3ccccc3NC(=O)c3cc4ccccc4o3)cc1)CC2,1,train,0.6364852928599182,0.9900549463546716,0.000236710035042,0.1406812112495776,0.9084971168527304,3838.0169082870734,24785.309030535565,27281.659535033312,6.968276240702265,0.1220301520736626
Midazolam,Cc1ncc2n1-c1ccc(Cl)cc1C(c1ccccc1F)=NC2,1,train,0.1385931565985906,0.8482952891862304,0.0003944821907498,0.5295234672273267,0.6930397221531492,1756.8339925201865,2299.3423661102747,3317.76418091395,3.364159728243093,0.4013193212582311
Chophedianol,CN(C)CC[C@@](O)(c1ccccc1)c1ccccc1Cl,0,train,0.115013741191535,0.8370093956483005,0.0005203692929232,0.5471885155926309,0.7658738631143347,1471.7891188618353,2059.9935598639904,2689.7295482669592,3.276267059506621,0.406517054126364
Proadifen,CCCC(C(=O)OCCN(CC)CC)(c1ccccc1)c1ccccc1,1,train,0.1625255567300736,0.8802605477011088,0.0004493771267084,0.4744906407516842,0.8386590438589019,1866.2699857507075,3298.619756446058,3933.207160407163,3.5872520011133995,0.4929898872630809
Isopropamide,CC(C)N(CCC(C(N)=O)(c1ccccc1)c1ccccc1)C(C)C,0,train,0.1721975415790456,0.8863692890947535,0.0004489229283056,0.4629789232240072,0.8112225918730745,1807.042012612006,3166.263584714812,3903.0761919537513,3.620986119773778,0.3825537041991698
Medrylamine,COc1ccc(C(OCCN(C)C)c2ccccc2)cc1,0,train,0.359471447035144,0.9554455357815168,0.0007159106731997,0.2951674578187268,0.8296480353699677,1158.8708849134623,3257.320302248139,3926.147189386872,3.823066125179013,0.2562009888086927
"2,2-diphenylethanamine",NCC(c1ccccc1)c1ccccc1,0,train,0.2591730105574772,0.9275048614363938,0.001462412011004,0.3738110913440852,0.8180485791917985,559.3831102564355,1224.1545774465872,1496.4326185322714,2.883216985840024,0.3989728742525142
Orphenadrine,Cc1ccccc1[C@H](OCCN(C)C)c1ccccc1,0,train,0.2082940742029483,0.90448172129791,0.0006223088886938,0.4265123865000522,0.7592297185789271,1220.0206880740643,2171.744579959174,2860.457812457728,3.4065370114621984,0.3561535151769418
Cycliramine,CC(c1ccc(OC#N)cc1)c1ccc(OC#N)cc1,0,train,0.5886132680007427,0.9863781587007164,0.0014158297583756,0.1644935501415926,0.9418992460771296,665.263066060838,3809.333434814248,4044.310950114416,4.014592940352094,0.3162692819941998
Diphenamid,CN(C)C(=O)C(c1ccccc1)c1ccccc1,0,train,0.156040236230905,0.8665759011500358,0.0007234333203329,0.4990452960864409,0.7076905924160801,978.2388680831295,1387.2296753565076,1960.220596716508,3.0062491637487576,0.3347463020524854
Mitotane,Clc1ccc([C@H](c2ccccc2Cl)C(Cl)Cl)cc1,0,train,0.1816045921777629,0.8918343399511656,0.0005741392767179,0.4523621448395839,0.8009556207516453,1395.0545681707572,2470.093508880744,3083.933048079144,3.2949019186593675,0.3745836733489842
DDT,Clc1ccc(C(c2ccc(Cl)cc2)C(Cl)(Cl)Cl)cc1,0,train,0.2184577567775586,0.9054265115609532,0.0003672047512196,0.4245030414055514,0.7082184440778475,1928.674511224242,3217.6986458075658,4543.370301513745,3.696907079696597,0.457545169948501
Adiphenine,CCN(CC)CCOC(=O)C(c1ccccc1)c1ccccc1,0,train,0.3987315349631907,0.9631271393686746,0.0006340693868412,0.2690466751541707,0.8684278832568766,1369.6101740271126,4420.822757374298,5090.604346782174,4.17968367276434,0.273715292585205
Aminopentamide,C[C@@H](CC(C(N)=O)(c1ccccc1)c1ccccc1)N(C)C,0,train,0.1004993377439946,0.823508328995284,0.0005250420156758,0.567304179497556,0.7986716269727955,1521.157551447933,2141.541381861278,2681.37906686176,3.2712964558236166,0.4525501111903655
Benactyzine,CCN(CC)CCOC(=O)C(O)(c1ccccc1)c1ccccc1,0,train,0.3369913668014,0.9502186254646048,0.0005878733208928,0.3115839595039472,0.8634101332326353,1468.7009982377433,4069.8222289305295,4713.660486810578,3.956743861192487,0.2931529142456123
Methoxychlor,COc1ccc(C(c2ccc(OC)cc2)C(Cl)(Cl)Cl)cc1,0,train,0.2183220487071025,0.9070337005811366,0.0003962915129577,0.4210580316418259,0.7260554735998785,1832.124710874908,3159.241897040644,4351.240383020194,3.676197851615683,0.250581711164754
Diphenhydramine,CN(C)CCOC(c1ccccc1)c1ccccc1,0,train,0.1899873489113419,0.8837833410681886,0.0005479144514167,0.4678963625102783,0.6680501029540526,1219.259870271061,1740.8271299489627,2605.8331886353944,3.3012332013386096,0.2811317944662523
Zaprinast,CCCOc1ccccc1-c1nc2[nH][nH]nc-2c(=O)n1,0,train,0.2664134598390962,0.9165793049967236,0.0005492043549583,0.3998529450332005,0.6314577155709048,1149.7682235582772,1815.742574620386,2875.477692087049,3.281098656552631,0.0712903037054124
Naloxone,C=CCN1CC[C@@]23c4c5ccc(O)c4O[C@H]2C(=O)CC[C@@]3(O)[C@@H]1C5,0,train,0.1841907400286838,0.8917095143880029,0.0005500439400421,0.4526081549750422,0.7632344984520221,1387.5882323029068,2339.894226161337,3065.7605636368203,3.221050291393919,0.386936778890334
Hydrocodone,COc1ccc2c3c1O[C@H]1C(=O)CC[C@H]4[C@@H](C2)N(C)CC[C@]314,0,train,0.1758579015186342,0.8882185615937064,0.0007083007770167,0.459421143223086,0.7947957001054299,1122.116092337122,1941.253811158589,2442.4563581573,3.0324392900196866,0.438524008642693
"2-[(4-cyclohexyloxybenzoyl)amino]-N-[2-[(2R)-6,7-dimethoxy-3,4-dihydro-1H-isoquinolin-2-yl]ethyl]benzamide",COc1cc2c(cc1OC)CN(CCNC(=O)c1ccccc1NC(=O)c1ccc(OC3CCCCC3)cc1)CC2,1,train,0.5028734511148316,0.9778555067413528,0.0002334585130737,0.2092811695676714,0.9348448693464596,4004.3297502329992,17887.070919518468,19133.73170890175,6.064753862502013,0.2437650631723625
1-[2-[(2R)-2-hydroxy-3-pyrrolidin-1-ylpropoxy]phenyl]-3-phenylpropan-1-one,O=C(CCc1ccccc1)c1ccccc1OC[C@H](O)CN1CCCC1,1,train,0.3999300464495429,0.9633876288368364,0.0005067468253796,0.2681124327668111,0.8604449697227597,1697.9780170860795,5449.268534190849,6333.081981926903,4.366805767599597,0.2048157610313145
"N-[4-[2-[(2S)-6,7-dimethoxy-3,4-dihydro-1H-isoquinolin-2-yl]ethyl]phenyl]naphthalene-1-carboxamide",COc1cc2c(cc1OC)CN(CCc1ccc(NC(=O)c3cccc4ccccc34)cc1)CC2,1,train,0.8396728258809707,0.9983928922868386,0.0007799261119779,0.0566712681269882,0.9596105208434388,1230.3864508520846,20834.04557482637,21710.93909695209,6.8491455545416375,0.0397906626831507
1-[5-[2-[2-(3-methoxyphenyl)ethyl]phenoxy]pentyl]-4-methylpiperazine,COc1cccc(CCc2ccccc2OCCCCCN2CCN(C)CC2)c1,1,train,0.7601291201360981,0.9960550623124954,0.0008701890293973,0.0887373249633474,0.9876920962981988,1135.0316574115682,12633.486501161718,12790.915861847176,5.7867103385401935,0.1562703329941667
"4-{4-[2-(1H-Indol-3-yl)ethyl]piperazin-1-yl}-5,6,7,8-tetrahydro-1,3,4b-triazafluorene-9-carbonitrile",N#Cc1c2n(c3c(N4CCN(CCc5c[nH]c6ccccc56)CC4)ncnc13)CCCC2,1,train,0.7001087114302942,0.9936463717993018,0.0007209658085661,0.1125472692253504,0.925174170148538,1283.2427823290573,10548.661770400142,11401.81180015709,5.224853876595862,0.1132044793323743
Austricine,CC1=CC(=O)C2=C(C)C[C@@H](O)[C@@H]3[C@@H](OC(=O)[C@@H]3C)[C@H]12,0,train,0.2112743756744554,0.8925277676931376,0.0006721979482491,0.4509924432811538,0.6462980717253781,961.4698667389864,1377.8415362673334,2131.8979531982877,2.9194041450835946,0.28708152557418
Dextromethorphan,COc1ccc2c(c1)[C@@]13CCCC[C@H]1[C@@H](C2)N(C)CC3,0,train,0.1838661525574592,0.8933732616112361,0.0008095668910808,0.449315273987099,0.812516517821506,1003.643462662805,1814.9324953518392,2233.717660556588,3.0508522182353195,0.4418931951032967
Cephapirin,CC(=O)OCC1=C(C(=O)O)N2C(=O)[C@H](NC(=O)CSc3ccncc3)[C@H]2SC1,0,train,0.5760470417202171,0.9852259574019648,0.0006565401002831,0.1712594898432833,0.9511948229494924,1448.7992775144687,8046.797135304995,8459.672972518138,4.604353028514573,0.2399142792075375
"N-[2-[[4-[2-[2-(3,4-dimethoxyphenyl)ethyl-methylamino]ethyl]phenyl]carbamoyl]phenyl]quinoline-3-carboxamide",COc1ccc(CCN(C)CCc2ccc(NC(=O)c3ccccc3NC(=O)c3cnc4ccccc4c3)cc2)cc1OC,1,train,0.5619857094841575,0.9842406050044322,0.000191649167854,0.1768344747511335,0.9138009236219018,4768.092310831345,24639.35363103874,26963.590202315907,6.919314044052428,0.1752834668634254
Loratadine,CCOC(=O)N1CCC(=C2c3ccc(Cl)cc3CCc3cccnc32)CC1,1,train,0.3428105202951602,0.9509494201356804,0.00035870173201,0.3093464083250578,0.774108008251546,2158.082716561564,5400.383092872768,6976.265631291489,4.356632519727662,0.2128927029829351
Isoconazole,Clc1ccc([C@H](Cn2ccnc2)OCc2c(Cl)cccc2Cl)c(Cl)c1,1,train,0.3037830739344865,0.937003897261374,0.000538405631783,0.3493189037498492,0.9849294050883176,1829.344544236035,5157.966586733099,5236.889628927861,3.832464288467011,0.4098380909592308
LY296097,CCCCS(=O)(=O)Oc1ccc2c(C(=O)c3ccc(OCCN4CCCCC4)cc3)c(-c3ccc(S(=O)(=O)CCCC)cc3)sc2c1,1,train,0.3139624696198737,0.9435146646057536,8.506360560130315e-05,0.331330767774278,0.7671109529280344,9018.086495457495,20879.05379747497,27217.77562656405,6.396618022787256,0.1322160523281645
Imolamine,CCN(CC)CCn1c(-c2ccccc2)noc1=N,0,train,0.1904902080628255,0.8920851678465037,0.0006300082324982,0.4518672961260589,0.7234174527680934,1148.2666661345395,1838.3188025225504,2541.159043769797,3.258274720112155,0.3455891118979021
Zomepirac,Cc1cc(CC(=O)O)n(C)c1C(=O)c1ccc(Cl)cc1,0,train,0.315826842250563,0.9439869881296888,0.000649912622922,0.3299826756692518,0.7662097559057258,1178.9427207318824,2737.469209396377,3572.7412608580703,3.582678486955343,0.2910699724520919
10-(4-piperidin-1-ylbutyl)acridin-10-ium-9-one,O=c1c2ccccc2n(CCCCN2CCCCC2)c2ccccc12,1,train,0.2074315786618548,0.9057862803056776,0.0004811575365204,0.4237348397406145,0.8489041527292901,1764.2956584829394,3534.564002443696,4163.678539066877,3.7610991687103184,0.44499734914751
4-methoxy-10-(4-piperidin-1-ylbutyl)acridin-10-ium-9-one,COc1cccc2c(=O)c3ccccc3n(CCCCN3CCCCC3)c12,1,train,0.4767694764951004,0.9749118804526492,0.0005221166740645,0.2225911618916603,0.8138484590792342,1558.748263570378,5699.17000126281,7002.741035733721,4.422955717503238,0.1075908909141356
1-[2-[(2S)-2-hydroxy-3-(4-hydroxy-4-phenylpiperidin-1-yl)propoxy]phenyl]propan-1-one,CCC(=O)c1ccccc1OC[C@H](O)CN1CCC(O)(c2ccccc2)CC1,1,train,0.6716772969678367,0.9920936988734688,0.00087024941571,0.1254993731281521,0.9476067061066424,1088.8909420680477,8221.876597493525,8676.46518804632,4.842741524664076,0.1883097627731101
1-[2-[(2S)-2-hydroxy-3-(4-hydroxy-4-phenylpiperidin-1-yl)propoxy]phenyl]propan-1-one,CCC(=O)c1ccccc1OC[C@@H](O)CN1CCC(O)(c2ccccc2)CC1,1,train,0.5960729350422399,0.9868623322169908,0.0007220099398911,0.1615634155718472,0.9575599549650836,1326.2420668467494,7860.419942891238,8208.801863668014,4.762413712007442,0.2017817694818929
1-[2-[(2S)-2-hydroxy-3-(4-hydroxy-4-phenylpiperidin-1-yl)propoxy]phenyl]ethanone,CC(=O)c1ccccc1OC[C@@H](O)CN1CCC(O)(c2ccccc2)CC1,1,train,0.4988430377016994,0.9776964173258936,0.0006602211990114,0.2100231309834995,0.9025950676723982,1367.1100973791872,5875.290141048946,6509.331095947684,4.313992552148016,0.1973215586487727
Eltoprazine,c1cc2c(c(N3CCNCC3)c1)OCCO2,0,train,0.3702257324943021,0.9567731437727494,0.0015017524670439,0.2908352649786642,0.7671511927479752,510.8373114632048,1347.4619483229296,1756.449003873997,2.864470694805399,0.182205904254631
Terazosin,COc1cc2nc(N3CCN(C(=O)[C@H]4CCCO4)CC3)nc(N)c2cc1OC,0,train,0.7007380149912336,0.9936849402053942,0.0008362414771798,0.1122062369434173,0.9071382200824828,1084.7802277659302,8769.972434709533,9667.735567256896,5.01938327206919,0.0492749549290729
Eburnamonine,CC[C@]12CCCN3CCc4c(n(c5ccccc45)C(=O)C1)[C@@H]32,0,train,0.3363007122057436,0.9484935364058252,0.0008045731643652,0.3167964826136358,0.7459918259593523,927.189544717082,2183.3443849106197,2926.767169469744,3.202130244169989,0.171939251259262
1-[5-hydroxy-2-[(2S)-2-hydroxy-3-(propylamino)propoxy]phenyl]-3-phenylpropan-1-one,CCCNC[C@H](O)COc1ccc(O)cc1C(=O)CCc1ccccc1,1,train,0.2821311504227894,0.9352141764002152,0.0004669892524815,0.3540825387675412,0.8182785254812894,1752.242736065223,4049.402174259911,4948.684400434634,3.877825261706592,0.2406798936500337
1-[2-[(2R)-3-(dipropylamino)-2-hydroxypropoxy]-5-hydroxyphenyl]-3-phenylpropan-1-one,CCCN(CCC)C[C@@H](O)COc1ccc(O)cc1C(=O)CCc1ccccc1,1,train,0.3502061490396521,0.9532202805166158,0.0003068137616096,0.3022765237523822,0.8050712218880669,2623.973636855504,6988.586595483788,8680.706011443353,4.784707446223484,0.1601267043355819
Propafenone,CCCNC[C@@H](O)COc1ccccc1C(=O)CCc1ccccc1,1,train,0.211490606191399,0.9057454699850882,0.0004140819800632,0.4238220659681272,0.7539115432942137,1820.6818446411091,3238.701260647342,4295.863738199111,3.701250109383438,0.2837399011484838
1-[2-[(2S)-3-[di(propan-2-yl)amino]-2-hydroxypropoxy]-5-hydroxyphenyl]-3-phenylpropan-1-one,CC(C)N(C[C@H](O)COc1ccc(O)cc1C(=O)CCc1ccccc1)C(C)C,1,train,0.5189882889705394,0.9799314540102751,0.0005279148708679,0.1993347572334237,0.91235934381528,1728.2319445089809,7910.153676844231,8669.997989789594,4.7866840544939935,0.1918343109606503
1-[2-[(2R)-2-hydroxy-3-(propylamino)propoxy]phenyl]-3-phenylpropan-1-one,CCCNC[C@@H](O)COc1ccccc1C(=O)CCc1ccccc1,1,train,0.211490606191399,0.9057454699850882,0.0004140819800632,0.4238220659681272,0.7539115432942137,1820.6818446411091,3238.701260647342,4295.863738199111,3.701250109383438,0.2837399011484838
1-[2-[(2S)-3-(diethylamino)-2-hydroxypropoxy]phenyl]-3-phenylpropan-1-one,CCN(CC)C[C@H](O)COc1ccccc1C(=O)CCc1ccccc1,1,train,0.4473384645935822,0.9710932798433848,0.0004812095095933,0.2387003180622467,0.8586028139191064,1784.2598635356078,6417.966058994091,7474.895207598006,4.69582382671827,0.160938464783923
2-[2-(3-phenylpropanoyl)phenoxy]aceticacid,O=C(O)COc1ccccc1C(=O)CCc1ccccc1,0,train,0.2620110567648009,0.9285458051259322,0.0006846670403821,0.3712178441064415,0.8264307218661613,1207.054923229452,2687.228772468673,3251.608031222082,3.545001199884266,0.3076416354766292
1-[2-[(2S)-3-[di(propan-2-yl)amino]-2-hydroxypropoxy]phenyl]-3-phenylpropan-1-one,CC(C)N(C[C@H](O)COc1ccccc1C(=O)CCc1ccccc1)C(C)C,1,train,0.5128735236667752,0.979391615711792,0.0005279333192006,0.2019704509908449,0.8890016380017278,1683.9278857180832,7412.047858169213,8337.496289466688,4.767340197328795,0.1791756195811849
1-[4-[(2R)-3-(dipropylamino)-2-hydroxypropoxy]phenyl]-3-phenylpropan-1-one,CCCN(CCC)C[C@@H](O)COc1ccc(C(=O)CCc2ccccc2)cc1,1,train,0.6937234262131479,0.9933365235633212,0.0006179553470518,0.1152499499138083,0.8978010250659582,1452.8574424498925,11317.80883273026,12606.14380775382,5.751785932984896,0.043326245852935
1-[2-[(2R)-2-hydroxy-3-(propylamino)propoxy]phenyl]-3-phenylpropan-1-one,CCCNC[C@H](O)COc1ccccc1C(=O)CCc1ccccc1,1,train,0.2582677481584675,0.9237570871527168,0.0003776398755333,0.3829789079507224,0.7237940755495458,1916.625130032549,3622.241030426229,5004.518761328652,3.929260648310561,0.165061978847264
1-[2-[(2S)-3-(diethylamino)-2-hydroxypropoxy]phenyl]-3-phenylpropan-1-one,CCN(CC)C[C@@H](O)COc1ccccc1C(=O)CCc1ccccc1,1,train,0.1894845354337101,0.8960386667599949,0.000416987965493,0.4439760215045075,0.868249309132186,2082.1927273260303,4071.982065280373,4689.876539435792,3.905480021336185,0.4307144059489265
1-[2-[(2S)-3-(dimethylamino)-2-hydroxypropoxy]phenyl]-3-phenylpropan-1-one,CN(C)C[C@H](O)COc1ccccc1C(=O)CCc1ccccc1,1,train,0.3792513518302288,0.95874038703778,0.000449750798494,0.284283081210697,0.7731935338773256,1719.1598913584512,4675.773549514993,6047.352111272116,4.358929344071788,0.1117522685876974
1-[2-[(2R)-2-hydroxy-3-[methyl(propyl)amino]propoxy]phenyl]-3-phenylpropan-1-one,CCCN(C)C[C@@H](O)COc1ccccc1C(=O)CCc1ccccc1,1,train,0.4127020487673843,0.965624573782754,0.0004948650139055,0.2599407288342373,0.8602915098977646,1738.4367165264143,5753.474472543827,6687.819659207794,4.465937406703582,0.1948026646336024
1-[4-[(2R)-3-[di(propan-2-yl)amino]-2-hydroxypropoxy]phenyl]-3-phenylpropan-1-one,CC(C)N(C[C@@H](O)COc1ccc(C(=O)CCc2ccccc2)cc1)C(C)C,1,train,0.6329974521784153,0.9896677524987556,0.0007721164640931,0.1433797045054202,0.9502031981909124,1230.647502520164,8155.723271811545,8583.135993795,4.840077078967307,0.1635641663767205
Doxeipin,CN(C)CC/C=C1/c2ccccc2COc2ccccc21,1,train,0.2048185499786176,0.8944330387365516,0.0004833771614434,0.44720189983552,0.6780125332058103,1402.65736010588,2126.5993509753544,3136.519233531375,3.453904854525129,0.2247423045987829
Biricodar VX710,COc1cc(C(=O)C(=O)N2CCCC[C@H]2C(=O)OC(CCCc2cccnc2)CCCc2cccnc2)cc(OC)c1OC,1,train,0.30417654324238,0.9403761286265224,0.0001262190882679,0.3401363501735653,0.7548347128389422,5980.353076520082,13271.67206588481,17582.222757045573,5.523248236077782,0.1700183627761892
"9-methoxy-2,2,6-triphenyl-[1,3]dioxolo[4,5-g]chromen-8-one",COc1c2c(cc3oc(-c4ccccc4)cc(=O)c13)OC(c1ccccc1)(c1ccccc1)O2,1,train,0.436424065289629,0.9674529517529894,0.0004376795784788,0.2530509556283636,0.982991266580661,2245.915310915411,8724.38964171287,8875.34807105733,4.70380234284092,0.3566231973969698
Levomeprazine,COc1ccc2c(c1)N(C[C@@H](C)CN(C)C)c1ccccc1S2,1,train,0.2363454131784961,0.8960500270549393,0.0002952421252795,0.4439530932596849,0.5998388269069751,2031.6844228749696,2745.071989282532,4576.34928942045,3.773182367854493,0.1200277291134524
Profenamine,CCN(CC)[C@H](C)CN1c2ccccc2Sc2ccccc21,0,train,0.2686207353846523,0.922739500100408,0.0004591789922357,0.3854242013086996,0.6702436753510201,1459.6566626177116,2538.3088113865583,3787.1432506352185,3.529432174779993,0.155857203456252
Chloropromazine,CN(C)CCCN1c2ccccc2Sc2ccc(Cl)cc21,1,train,0.1871316702973654,0.8763570311094193,0.0003463179210758,0.4816620745139523,0.6427204047235553,1855.86816508609,2476.434000707568,3853.0502260508174,3.582571105910144,0.2916971960413553
"N-[2-[[4-[2-[(2S)-6,7-dimethoxy-3,4-dihydro-1H-isoquinolin-2-yl]ethyl]phenyl]carbamoyl]phenyl]-2-methyl-1,3-thiazole-4-carboxamide",COc1cc2c(cc1OC)CN(CCc1ccc(NC(=O)c3ccccc3NC(=O)c3csc(C)n3)cc1)CC2,1,train,0.6664879868998246,0.9918639021174144,0.0002934422638199,0.1273027873866731,0.925757168065959,3154.818791318076,22942.122242310303,24782.00875315902,6.760022499976378,0.1352185389708171
Nicergoline,CO[C@]12C[C@@H](COC(=O)c3cncc(Br)c3)CN(C)[C@@H]1Cc1cn(C)c3cccc2c13,1,train,0.681979913211025,0.9927142945631224,0.0005934893777411,0.1204920303175358,0.9295093295152056,1566.1768590585473,12081.927728575043,12998.178011700527,5.244498184392752,0.1495800751179695
Lycorine,O[C@H]1C=C2CCN3Cc4cc5c(cc4[C@H]([C@@H]1O)[C@H]23)OCO5,0,train,0.4134832546504706,0.96560001410598,0.0010431204651881,0.2600319456500132,0.8116772524769342,778.1241760322692,2428.877312396937,2992.417620408747,3.2845913964330933,0.14488610234625
"(2R)-1-(3,3-diphenylpropylamino)-3-[2-[(1S)-1-methoxy-3-phenylpropyl]phenoxy]propan-2-ol",CO[C@@H](CCc1ccccc1)c1ccccc1OC[C@H](O)CNCCC(c1ccccc1)c1ccccc1,1,train,0.4194249346768346,0.9651659285340108,0.0002997327790503,0.2616385491419037,0.9615139215606786,3207.903802203504,11788.95149419746,12260.8224694888,5.171021842674604,0.3503943341720172
Norgallopamil,COc1ccc(CCNCCC[C@](C#N)(c2cc(OC)c(OC)c(OC)c2)C(C)C)cc1OC,1,train,0.3515572199347813,0.9529169687663368,0.0002875034315102,0.3032313483747621,0.9071141043463236,3155.1418345906536,9438.581052751491,10405.064817675871,4.943185391430085,0.407189124974789
Emopamil,CC(C)[C@](C#N)(CCCN(C)CCc1ccccc1)c1ccccc1,1,train,0.5425864339597924,0.982338390585798,0.0007094036368178,0.1871130310301889,0.9212936616341012,1298.687536712766,6394.384129364222,6940.657898397438,4.67691965725339,0.1740554833440172
Verapamil,COc1ccc(CCN(C)CCC[C@@](C#N)(c2ccc(OC)c(OC)c2)C(C)C)cc1OC,1,train,0.4174576665874585,0.9664436356364,0.00026487900197,0.2568787635011837,0.8513568856325429,3214.1350552542626,10652.40260949419,12512.264585232837,5.386325173310834,0.1948152839839389
Gallopamil,COc1ccc(CCN(C)CCC[C@@](C#N)(c2cc(OC)c(OC)c(OC)c2)C(C)C)cc1OC,1,train,0.4424362441477847,0.9703713813546836,0.0002714797844106,0.2416182572733344,0.8571204570066964,3157.2165082838537,11199.960164384463,13066.96167712278,5.3191619581703815,0.1635916500432771
Norverapamil,COc1ccc(CCNCCC[C@@](C#N)(c2ccc(OC)c(OC)c2)C(C)C)cc1OC,1,train,0.3805953516061866,0.9588876756651924,0.0003438175663748,0.2837858795948186,0.920300338363308,2676.711222369325,8680.411608796372,9432.150839185711,4.85724824001673,0.3190965341203049
D-703,COc1cc([C@](C#N)(CCCN(C)CCc2ccc(OC)c(OC)c2)C(C)C)ccc1O,1,train,0.6033812671575589,0.987607513457822,0.0004887290669857,0.1569439370019046,0.9345565733746636,1912.2181112298304,11386.715789818849,12184.083996864592,5.377693808685321,0.2009215265953602
"4-(2-{4-[3-(benzyloxy)prop-1-en-1-yl]phenyl}-5-[4-(dimethylamino)phenyl]imidazol-4-yl)-N,N-dimethylaniline",CN(C)c1ccc(-c2nc(-c3ccc(/C=C/COCc4ccccc4)cc3)[nH]c2-c2ccc(N(C)C)cc2)cc1,1,train,0.6107041740175595,0.9882900027529384,0.0002320025322044,0.1525872552299082,0.8884872414568254,3829.644586265909,22299.30900247645,25098.06327203185,6.960330790299937,0.0822917877153224
Isoxsuprine,C[C@@H](COc1ccccc1)N[C@@H](C)[C@@H](O)c1ccc(O)cc1,0,train,0.4399112612846556,0.9699179013873646,0.0007812242146161,0.2434322586846914,0.8774479594743274,1123.170458695336,4048.451230124675,4613.893264450774,4.029167362207938,0.2845597417695507
Phenazopyridine,Nc1ccc(/N=N/c2ccccc2)c(N)n1,0,train,0.6981662551435517,0.993548838879315,0.0034003143156216,0.1134050473372547,0.92708691923765,272.647418204385,2228.894223988967,2404.191211997471,3.391552462004336,0.0851300147745695
diphenylbis(hydroxymethyl)-diphenylBLAHdicarboxylate,O=C(Oc1ccccc1)N1[C@H]2C3[C@@H]4N(C(=O)Oc5ccccc5)[C@@H]5C([C@@H](c6ccccc6)C24CO)[C@H]1C5(CO)[C@@H]3c1ccccc1,1,train,0.0,0.0,0.0,0.0,0.0,0.0,0.0,0.0,0.0,0.0
methyl4-[[(2R)-2-hydroxy-3-[2-(3-phenylpropanoyl)phenoxy]propyl]amino]benzoate,COC(=O)c1ccc(NC[C@H](O)COc2ccccc2C(=O)CCc2ccccc2)cc1,1,train,0.4220965321371805,0.9667343446149382,0.0004590205307052,0.2557825383835374,0.9099338538969198,1982.33802853827,7052.070455761596,7750.091312198257,4.399898410755761,0.2707919399202897
methyl4-[[(2R)-2-hydroxy-3-[2-(3-phenylpropanoyl)phenoxy]propyl]amino]benzoate,COC(=O)c1ccc(NC[C@@H](O)COc2ccccc2C(=O)CCc2ccccc2)cc1,1,train,0.6207654099345417,0.9889521412872304,0.00048171367113,0.1482351585940468,0.9216376680411504,1913.2478965752475,11895.43254453712,12906.8428483611,5.55098802283667,0.1343327124377436
1-[2-[(2S)-3-anilino-2-hydroxypropoxy]phenyl]-3-phenylpropan-1-one,O=C(CCc1ccccc1)c1ccccc1OC[C@H](O)CNc1ccccc1,1,train,0.6156432479486581,0.9886455884933107,0.0006268481641614,0.150266098481046,0.8917091300264022,1422.5281033076378,8441.56672902879,9466.726811217966,5.07368726515507,0.0890333818922557
1-[2-[(2S)-2-hydroxy-3-[4-(trifluoromethyl)anilino]propoxy]phenyl]-3-phenylpropan-1-one,O=C(CCc1ccccc1)c1ccccc1OC[C@@H](O)CNc1ccc(C(F)(F)F)cc1,1,train,0.6875050173186781,0.992887198750235,0.0005304340558623,0.1190588533369579,0.9656415752383054,1820.4743163942755,14765.182405953468,15290.541319443137,5.994991693708326,0.1415395299682079
1-[2-[(2S)-2-hydroxy-3-(4-nitroanilino)propoxy]phenyl]-3-phenylpropan-1-one,O=C(CCc1ccccc1)c1ccccc1OC[C@@H](O)CNc1ccc([N+](=O)[O-])cc1,1,train,0.5702344883140837,0.984676130582748,0.0004466817173856,0.1743929983129683,0.954264974468393,2136.3421365294284,11689.898643249648,12250.160024747758,5.5685727879808695,0.2201063430437506
N-[(2S)-2-hydroxy-3-[2-(3-phenylpropanoyl)phenoxy]propyl]-N-phenylpropanamide,CCC(=O)N(C[C@H](O)COc1ccccc1C(=O)CCc1ccccc1)c1ccccc1,1,train,0.4894851278043607,0.9766237644115152,0.0004154827765678,0.2149558624152437,0.8931901094215067,2149.7644662912835,8932.756414746702,10000.957601884093,4.942533614296875,0.185837260057005
1-[2-[(2S)-3-anilino-2-hydroxypropoxy]phenyl]-3-phenylpropan-1-one,O=C(CCc1ccccc1)c1ccccc1OC[C@@H](O)CNc1ccccc1,1,train,0.5078410417144199,0.9788448370216276,0.0004299968164553,0.2046039712129346,0.8464536399888205,1968.5114112390647,8143.7991624744145,9621.081152869723,5.126245559241931,0.1105728035876133
Biperiden,O[C@](CCN1CCCCC1)(c1ccccc1)[C@H]1C[C@@H]2C=C[C@H]1C2,0,train,0.2422281523801638,0.920386719063504,0.0005628488180103,0.3910093187783621,0.7786280150480036,1383.3697258180075,2754.743613416876,3537.9456687633337,3.510320256660748,0.3364179444681143
Antazoline,c1ccc(CN(CC2=NCCN2)c2ccccc2)cc1,1,train,0.205586524165351,0.8763506836615528,0.0004166640665872,0.4816736231577653,0.5972131532857203,1433.3205120787638,1777.1325261198535,2975.7089513894766,3.414113202337277,0.1827962457916246
Propericiazine,N#Cc1ccc2c(c1)N(CCCN1CCC(O)CC1)c1ccccc1S2,0,train,0.349763988564768,0.95160661074381,0.0003485434503803,0.3073188220540338,0.7444113061339629,2135.77763495928,5173.444985326029,6949.713072191069,4.416555359439961,0.1500232075623297
Metopimazine,CS(=O)(=O)c1ccc2c(c1)N(CCCN1CCC(C(N)=O)CC1)c1ccccc1S2,0,train,0.4327424354982261,0.9687708310989012,0.0004414000033793,0.2479578125648473,0.8830228156728755,2000.5047777808463,7124.160934356931,8067.923962902614,4.392160350746181,0.2684361811897556
"N'-(5-chloronaphthalen-1-yl)sulfanylhexane-1,6-diamine",NCCCCCCNSc1cccc2c(Cl)cccc12,0,train,0.6319293332725049,0.9893732120334088,0.0012184655056758,0.1453982369586914,0.9800296837236344,804.3146721499063,5421.332955951172,5531.804848351892,4.362627472559832,0.1459342107535435
Naproxen,COc1ccc2cc([C@H](C)C(=O)O)ccc2c1,0,train,0.6550755855248056,0.9910953755277708,0.0026522721449449,0.1331538831858348,0.9511713988695516,358.6251134456278,2561.8024999673303,2693.3132167472463,3.4913959371512524,0.1565568974421593
Propranolol,CC(C)NC[C@H](O)COc1cccc2ccccc12,0,train,0.6710728763818862,0.9921457679188154,0.0017323799165704,0.1250870704780644,0.9095666460361088,525.0387847007288,3817.8027882015353,4197.386529991529,4.057676768831499,0.0777300079957334
Carbaryl,CNC(=O)Oc1cccc2ccccc12,0,train,0.3759569371705022,0.9584489185252312,0.0017618892790221,0.285264211877015,0.7907101615020501,448.7853867530689,1243.966648688018,1573.2270928768037,2.8487263757276957,0.0922972726353576
N-(6-aminohexyl)-5-chloronaphthalene-1-sulfonamide,NCCCCCCNS(=O)(=O)c1cccc2c(Cl)cccc12,0,train,0.4104044365147297,0.9650542485275778,0.0005626792552618,0.2620501810701001,0.8856241449628964,1573.941347012514,5319.288290424131,6006.259337754375,4.34983759510648,0.2803152830829162
"N-[2-[(2R)-6,7-dimethoxy-3,4-dihydro-1H-isoquinolin-2-yl]ethyl]-2-[(4-phenoxybenzoyl)amino]benzamide",COc1cc2c(cc1OC)CN(CCNC(=O)c1ccccc1NC(=O)c1ccc(Oc3ccccc3)cc1)CC2,1,train,0.6951009110043541,0.9934009735323124,0.0003350462258827,0.1146930938856113,0.9238249422032236,2757.305920307192,22209.427753382475,24040.73189495768,6.664799180874253,0.0850454562106841
Ifenprodil,C[C@H]([C@H](O)c1ccc(O)cc1)N1CCC(Cc2ccccc2)CC1,0,train,0.5447130825639621,0.982685581433298,0.0007712996816465,0.1852809975229546,0.896869143084949,1162.802428713975,5628.648548746054,6275.886055556852,4.4805886671960256,0.2285508851580223
Niflumic Acid,O=C(O)c1cccnc1Nc1cccc(C(F)(F)F)c1,0,train,0.4835593504144949,0.9758403535382532,0.001058205780928,0.218484792162606,0.8220888828410695,776.8705271295063,2923.1170620092043,3555.719001949229,3.585338751228228,0.0450753716696055
Sulfapyridine,Nc1ccc(S(=O)(=O)Nc2ccccn2)cc1,0,train,0.1545809670468533,0.8680511634921244,0.0008058433310422,0.4964747501736309,0.7249124665301562,899.5699767008005,1313.4796692049126,1811.9148584821205,2.8412486701927766,0.4103294608582169
1-[2-[(2S)-2-hydroxy-3-(propylamino)propoxy]-5-phenylmethoxyphenyl]-3-phenylpropan-1-one,CCCNC[C@H](O)COc1ccc(OCc2ccccc2)cc1C(=O)CCc1ccccc1,1,train,0.3453308885412171,0.9522807024274648,0.0002703695228499,0.3052236291381354,0.8507203461452224,3146.50977365315,8769.962834627364,10308.866920093957,4.982832565384604,0.2227801252719214
1-[2-[(2R)-3-[di(propan-2-yl)amino]-2-hydroxypropoxy]-5-phenylmethoxyphenyl]-3-phenylpropan-1-one,CC(C)N(C[C@@H](O)COc1ccc(OCc2ccccc2)cc1C(=O)CCc1ccccc1)C(C)C,1,train,0.2028187691870228,0.8945624755155638,0.0001381284490508,0.4469429240959818,0.6864469180054202,4969.627348473288,7632.709218733119,11119.154327200067,4.921646900491695,0.259116804111473
"(2R,3R)-3,5-dihydroxy-2-[(2R,3S)-3-(4-hydroxy-3-methoxyphenyl)-2-(hydroxymethyl)-2,3-dihydro-1,4-benzodioxin-6-yl]-7-phenylmethoxy-2,3-dihydrochromen-4-one",COc1cc([C@@H]2Oc3cc([C@H]4Oc5cc(OCc6ccccc6)cc(O)c5C(=O)[C@@H]4O)ccc3O[C@H]2CO)ccc1O,1,train,0.6658522778087683,0.991644618525931,0.0003405238462928,0.1289998083276122,0.9699259387714207,2848.334850350644,21416.108205723245,22080.147926397814,6.3616789972813415,0.1734439872676743
"6-(3,5-dimethylpyrazol-1-yl)-N-[(E)-pyridin-3-ylmethylideneamino]-1,2,4,5-tetrazin-3-amine",Cc1cc(C)n(-c2nnc(N/N=C/c3cccnc3)nn2)n1,0,train,0.693573864674822,0.9933289465583844,0.0014231130860021,0.1153152371944417,0.9195397061283728,646.1466169997445,5152.462803418889,5603.30649027958,4.393744940262039,0.0789346182058883
"1-[2-[(2R)-3-(4,4-diphenylbutylamino)-2-hydroxypropoxy]phenyl]-3-phenylpropan-1-one",O=C(CCc1ccccc1)c1ccccc1OC[C@H](O)CNCCCC(c1ccccc1)c1ccccc1,1,train,0.7107432642351238,0.9940521571307328,0.0004240926033457,0.1089050453548275,0.9668042746362112,2279.700864879478,20238.038870250068,20932.9224137587,6.541701762966103,0.145746889709388
"N-[2-[[4-[2-[(2S)-6,7-dimethoxy-3,4-dihydro-1H-isoquinolin-2-yl]ethyl]phenyl]carbamoyl]phenyl]thiophene-2-carboxamide",COc1cc2c(cc1OC)CN(CCc1ccc(NC(=O)c3ccccc3NC(=O)c3cccs3)cc1)CC2,1,train,0.5265693689167544,0.9809089962367076,0.0002154802737184,0.1944673265664307,0.8680964861088736,4028.658731162276,17983.815327759577,20716.37843895628,6.280251310858042,0.1598006399627479
"1-[[(2R,3R)-3-benzyl-2,3-dihydro-1-benzofuran-2-yl]methyl]piperidine",c1ccc(C[C@@H]2c3ccccc3O[C@H]2CN2CCCCC2)cc1,1,train,0.2235905893469071,0.9107553630864348,0.000477427309794,0.4129463265477688,0.7429411509176701,1556.1345898668949,2799.67721917674,3768.37009999866,3.63493588511294,0.3138413323805052
Seneciphylline,C=C1C/C(=C\C)C(=O)O[C@H]2CCN3CC=C(COC(=O)[C@]1(C)O)C23,0,train,0.193128348224858,0.890720658048657,0.000448647304026,0.4545511074954803,0.6990512951782892,1558.131050616488,2396.239962965649,3427.845680987546,3.327407722574345,0.2522638122409004
Furosemide,NS(=O)(=O)c1cc(C(=O)O)c(NCc2ccco2)cc1Cl,0,train,0.5148893525773305,0.9796258905498658,0.0008636844344231,0.2008310597601442,0.846871112317582,980.5330263746216,4134.744375206421,4882.37739493925,3.8876288902446254,0.116596041381159
Flunisolide,CC1(C)O[C@@H]2C[C@@H]3[C@H]4C[C@@H](F)C5=CC(=O)C=C[C@@]5(C)[C@@H]4[C@@H](O)C[C@]3(C)[C@@]2(C(=O)CO)O1,0,train,0.4455217523033326,0.969534385189038,0.0006221563509932,0.2449552529261508,0.9601180356751134,1543.2102141886985,6048.712741536172,6299.967833937188,3.998239385590112,0.3868032388945913
Flucinonide,CC(=O)OCC(=O)[C@]12OC(C)(C)O[C@H]1C[C@H]1[C@@H]3C[C@@H](F)C4=CC(=O)C=C[C@@]4(C)[C@@]3(F)[C@H](O)C[C@@]12C,0,train,0.3434280723546448,0.9514858714085724,0.000344665321001,0.3076924381746639,0.8837307010816507,2564.0255843402742,7364.19829061272,8333.079615316337,4.296888940703757,0.3094886557086188
2-(2-chlorophenyl)-4-pyrrolidin-1-ylquinazoline,Clc1ccccc1-c1nc(N2CCCC2)c2ccccc2n1,1,val,0.2561329733956766,0.9211955987028468,0.0004928054621264,0.3890998187232987,0.7018289471146492,1424.1500978627314,2568.7746835652183,3660.115038181218,3.514481665117905,0.1421575797323681
Diaziquone,CCOC(=O)NC1=C(N2CC2)C(=O)C(NC(=O)OCC)=C(N2CC2)C1=O,0,val,0.3800436413497677,0.959636791608668,0.0005341310128087,0.2812422944562607,0.8238397140872119,1542.3925859593253,4518.112289915857,5484.212781513916,3.9802697451183473,0.1550811022300684
"N-[2-[[4-[2-[(2S)-6,7-dimethoxy-3,4-dihydro-1H-isoquinolin-2-yl]ethyl]phenyl]carbamoyl]phenyl]pyridine-3-carboxamide",COc1cc2c(cc1OC)CN(CCc1ccc(NC(=O)c3ccccc3NC(=O)c3cccnc3)cc1)CC2,1,val,0.7074747811649389,0.993982277427476,0.0003511404035925,0.1095410067512978,0.9369302283030024,2668.249562617063,22822.171769409757,24358.453895490155,6.81513401893587,0.1027864136115544
Lidoflazine,Cc1cccc(C)c1NC(=O)CN1CCN(CCCC(c2ccc(F)cc2)c2ccc(F)cc2)CC1,0,val,0.5835548202107131,0.986169742436006,0.0003171608606358,0.1657384659748669,0.8993914026490795,2835.75785752981,15388.43877946621,17109.835311012423,5.994654799867675,0.1695766361186554
"1-[3-[(2R)-3-(3,3-diphenylpropylamino)-2-hydroxypropoxy]phenyl]-3-phenylpropan-1-one",O=C(CCc1ccccc1)c1cccc(OC[C@H](O)CNCCC(c2ccccc2)c2ccccc2)c1,1,val,0.6898300818975179,0.9929860078656898,0.0004380335457143,0.1182319253964858,0.970742099545474,2216.136433026756,18195.567116591606,18743.976515607217,6.297586432732954,0.1868063283456651
(1S)-1-[2-[(2R)-2-hydroxy-3-morpholin-4-ylpropoxy]phenyl]-3-phenylpropan-1-ol,O[C@@H](CCc1ccccc1)c1ccccc1OC[C@H](O)CN1CCOCC1,1,val,0.3324619842997313,0.9492406958199872,0.0004110999109519,0.3145506340785003,0.845069267290983,2055.629896231752,5522.6391621149205,6535.131942282914,4.358478198848789,0.2865738768614483
(2R)-1-[2-[(1R)-1-methoxy-3-phenylpropyl]phenoxy]-3-morpholin-4-ylpropan-2-ol,CO[C@H](CCc1ccccc1)c1ccccc1OC[C@H](O)CN1CCOCC1,1,val,0.3625947127192518,0.9561111012171198,0.0003965194883901,0.2930043722018265,0.8292774463060344,2091.391395850242,5919.173502238578,7137.748082508664,4.43254029769025,0.2657148450591155
(1R)-1-[2-[(2S)-2-hydroxy-3-morpholin-4-ylpropoxy]phenyl]-3-phenylpropan-1-ol,O[C@H](COc1ccccc1[C@H](O)CCc1ccccc1)CN1CCOCC1,1,val,0.4021836808453666,0.9638130510297428,0.0004148724663581,0.2665790739438078,0.8374904339465141,2018.6695957391144,6341.894923404791,7572.498343079359,4.630934860500932,0.1834927506362708
Resveratrol,Oc1ccc(/C=C/c2cc(O)cc(O)c2)cc1,0,val,0.7156686553504269,0.9943692109888972,0.0023884035325987,0.1059710915170645,0.897536394428674,375.7892593016195,3182.7976104623253,3546.1488026770576,3.945085551691703,0.0147296672154665
Diethylstilbestrol,CC/C(=C(\CC)c1ccc(O)cc1)c1ccc(O)cc1,0,val,0.1526684137003556,0.8387414441786839,0.0004300173617098,0.5445298796366052,0.6199026687159127,1441.5759081238905,1641.1161003670509,2647.377053185646,3.2674524442684656,0.3792271756991818
Benzmalecene,C[C@H](NC1=C(O)C=C1)[C@@H](Cc1ccc(Cl)cc1)c1ccc(Cl)cc1,0,val,0.3718791666089127,0.9576121057281868,0.000426672303306,0.2880608528815181,0.7897385797072283,1850.925343848211,5074.438742969452,6425.466443402887,4.304439973678334,0.2890122641446646
Doxorubicin,COc1cccc2c1C(=O)c1c(O)c3c(c(O)c1C2=O)C[C@](O)(C(=O)CO)C[C@@H]3O[C@H]1C[C@@H](N)[C@H](O)[C@@H](C)O1,0,val,0.3343143711209355,0.9490498440155202,0.0002169578637324,0.3151259963476779,0.7791281577260583,3591.1496560775427,8878.87971188284,11395.91686404518,4.685593070482833,0.1587376083490357
Alfentanil,CCC(=O)N(c1ccccc1)C1(COC)CCN(CCn2nnn(CC)c2=O)CC1,0,val,0.6026181788501389,0.9875004791325772,0.0006248246488583,0.1576160008150525,0.9422878780569446,1508.08371561316,9015.893037311762,9568.0876802778,4.911071142416516,0.1880786320806451
Nifuroxazide,O=C(N/N=C/c1ccc([N+](=O)[O-])o1)c1ccc(O)cc1,0,val,0.8020009625034425,0.9974747767895444,0.002394681394263,0.0710216140949271,0.9407914816622894,392.8670778150892,5204.13405051564,5531.655156273766,4.496414829662228,0.036883577082704
Ofloxacin,C[C@H]1COc2c(N3CCN(C)CC3)c(F)cc3c(=O)c(C(=O)O)cn1c23,0,val,0.513487039605493,0.9794808324938205,0.0007758921494833,0.2015373384194918,0.8493566265541248,1094.683877288458,4613.42306318257,5431.667828270699,3.925955355467184,0.1609604636727104
Dihydroergotamine,CN1C[C@@H](C(=O)NC2(C)O[C@@]3(O)[C@@H]4CCCN4C(=O)[C@H](Cc4ccccc4)N3C2=O)C[C@@H]2c3cccc4[nH]cc(c34)C[C@H]21,1,val,0.395178529699118,0.9625492080432136,0.0002103227486779,0.2711070307007593,0.8362777513680386,3976.1640460898666,12265.18367649682,14666.39959801946,5.145504049322433,0.1895439920538301
(2S)-1-[4-(4-fluorophenyl)piperazin-1-yl]-3-(4-methoxyphenoxy)propan-2-ol,COc1ccc(OC[C@@H](O)CN2CCN(c3ccc(F)cc3)CC2)cc1,1,val,0.7238020221072349,0.9946875771320178,0.0009239541132884,0.1029399043094367,0.9545540972424736,1033.11851044754,9580.03131730458,10036.13241510301,5.352141896011296,0.1860453073845304
1-[4-[(2S)-3-[4-(4-fluorophenyl)piperazin-1-yl]-2-hydroxypropoxy]phenyl]ethanone,CC(=O)c1ccc(OC[C@@H](O)CN2CCN(c3ccc(F)cc3)CC2)cc1,1,val,0.4169087052743802,0.9663537204920942,0.0003890734215986,0.2572168091145825,0.8472553127969269,2177.6232087907856,7172.948141565625,8466.099926699264,4.890689900521242,0.248379006204862
1-[3-[(2S)-3-[4-(4-fluorophenyl)piperazin-1-yl]-2-hydroxypropoxy]phenyl]ethanone,CC(=O)c1cccc(OC[C@@H](O)CN2CCN(c3ccc(F)cc3)CC2)c1,1,val,0.6309566523440437,0.9897012646417924,0.0006004222045912,0.1431481986140113,0.8961403176983616,1492.516950315645,9343.495950183316,10426.376054791355,5.3427256349052,0.1152248343924255
"1-[4,5-dichloro-2-[(2R)-2-hydroxy-3-[4-(2-methylphenyl)piperazin-1-yl]propoxy]phenyl]ethanone",CC(=O)c1cc(Cl)c(Cl)cc1OC[C@H](O)CN1CCN(c2ccccc2C)CC1,1,val,0.5113391322104678,0.9792028063932108,0.0003709998216477,0.2028838681405196,0.8389825801929296,2261.4096590845365,9351.573035554891,11146.325628601771,5.1008379431434365,0.1297566195807349
"1-[3-[(2S)-3-[4-(2,3-dimethylphenyl)piperazin-1-yl]-2-hydroxypropoxy]phenyl]ethanone",CC(=O)c1cccc(OC[C@@H](O)CN2CCN(c3cccc(C)c3C)CC2)c1,1,val,0.6820444423513949,0.992712094390266,0.0007224721500467,0.120510155801458,0.9321780601870888,1290.2615832690487,9980.516013996485,10706.662643393887,5.359886157900206,0.1209756583961384
1-[3-[(2R)-2-hydroxy-3-[4-(2-methylphenyl)piperazin-1-yl]propoxy]phenyl]ethanone,CC(=O)c1cccc(OC[C@H](O)CN2CCN(c3ccccc3C)CC2)c1,1,val,0.670802304088336,0.9920098249003754,0.000802632704446,0.1261606408557231,0.9556052698977028,1190.5885028161845,9018.126729966983,9437.083505130076,5.163148962215873,0.1979837826255187
"1-[2-[(2S)-3-[4-(2,3-dimethylphenyl)piperazin-1-yl]-2-hydroxypropoxy]phenyl]ethanone",CC(=O)c1ccccc1OC[C@@H](O)CN1CCN(c2cccc(C)c2C)CC1,1,val,0.5807432597504144,0.9855230437418948,0.0006726856573398,0.1695415295840854,0.96273042434216,1431.1742993738362,8126.829125134315,8441.43793491042,4.850611865175517,0.2676150679941634
"1-[2-[(2R)-3-[4-(2,3-dimethylphenyl)piperazin-1-yl]-2-hydroxypropoxy]phenyl]ethanone",CC(=O)c1ccccc1OC[C@H](O)CN1CCN(c2cccc(C)c2C)CC1,1,val,0.7316431767836907,0.9950437168345584,0.000954452117565,0.0994384311424279,0.9452845643992854,990.394957487084,9414.921929233564,9959.881165748866,5.159544120980721,0.0975330691518974
1-[2-[(2S)-2-hydroxy-3-[4-(2-methylphenyl)piperazin-1-yl]propoxy]-5-methoxyphenyl]ethanone,COc1ccc(OC[C@@H](O)CN2CCN(c3ccccc3C)CC2)c(C(C)=O)c1,1,val,0.5997552995790508,0.987408681091728,0.0005518407437027,0.1581900644942477,0.9176636168237232,1662.9138520407214,9646.595345976664,10512.125760598512,5.232543503893114,0.1647719519930179
1-[5-acetyl-4-[(2S)-2-hydroxy-3-[4-(2-methylphenyl)piperazin-1-yl]propoxy]-2-methylphenyl]ethanone,CC(=O)c1cc(C(C)=O)c(OC[C@@H](O)CN2CCN(c3ccccc3C)CC2)cc1C,1,val,0.5837742152428658,0.98618638363429,0.000484804363057,0.1656394178156914,0.9000030107068046,1856.425146489348,10086.899863722869,11207.62902315323,5.221672494764078,0.1424591706652338
1-[3-[(2S)-2-hydroxy-3-[4-(2-methylphenyl)piperazin-1-yl]propoxy]phenyl]ethanone,CC(=O)c1cccc(OC[C@@H](O)CN2CCN(c3ccccc3C)CC2)c1,1,val,0.6427885072047619,0.9903945311885434,0.0007220888344521,0.1382702881743772,0.9343500017748748,1293.9543684867035,8743.789301772777,9358.151961431186,5.130205111456397,0.1727565496577933
1-[2-[(2S)-3-[4-(4-fluorophenyl)piperazin-1-yl]-2-hydroxypropoxy]phenyl]ethanone,CC(=O)c1ccccc1OC[C@@H](O)CN1CCN(c2ccc(F)cc2)CC1,1,val,0.4088903545348448,0.9649183634529428,0.0004837037562831,0.2625500940226352,0.870499560707513,1799.654332636553,5966.85486561064,6854.517951463386,4.430429038852154,0.3006024650639213
1-[2-[(2S)-2-hydroxy-3-[4-(2-methylphenyl)piperazin-1-yl]propoxy]-5-methylphenyl]ethanone,CC(=O)c1cc(C)ccc1OC[C@@H](O)CN1CCN(c2ccccc2C)CC1,1,val,0.6520235444303183,0.9909759164848814,0.0007534864763503,0.1340400423267208,0.9348695113041536,1240.7250038943555,8653.503519689142,9256.375799032536,5.003319689724539,0.1524889178175838
1-[2-[(2R)-2-hydroxy-3-[4-(2-methylphenyl)piperazin-1-yl]propoxy]phenyl]ethanone,CC(=O)c1ccccc1OC[C@H](O)CN1CCN(c2ccccc2C)CC1,1,val,0.6297775046978429,0.9895321961038126,0.0008310467166606,0.1443122755484294,0.933714520569241,1123.5403520046957,7269.415835385445,7785.480117577727,4.685415193302093,0.1577974447908272
1-[2-[(2R)-2-hydroxy-3-[4-(2-methylphenyl)piperazin-1-yl]propoxy]-4-methylphenyl]ethanone,CC(=O)c1ccc(C)cc1OC[C@H](O)CN1CCN(c2ccccc2C)CC1,1,val,0.6885585142370481,0.9930428947169392,0.0008278672911386,0.1177531708796088,0.9375762554845892,1132.5199890371305,9017.369491208792,9617.745157750542,5.083283885300611,0.1240053101468563
1-[3-[(2R)-3-[4-(4-fluorophenyl)piperazin-1-yl]-2-hydroxypropoxy]phenyl]ethanone,CC(=O)c1cccc(OC[C@H](O)CN2CCN(c3ccc(F)cc3)CC2)c1,1,val,0.7697926059128413,0.9964288040138292,0.0010500606162372,0.0844371868999069,0.9781239515332834,931.4928456590338,10790.452601186797,11031.784452545044,5.526919542055663,0.1272205926784099
10-[4-[bis(2-hydroxyethyl)amino]butyl]acridin-10-ium-9-one,O=c1c2ccccc2n(CCCCN(CCO)CCO)c2ccccc12,1,val,0.3672430849828469,0.9563464270758026,0.0004413208835959,0.2922353698978728,0.7746633171719064,1755.328936305537,4653.060774270703,6006.5588122306,4.18485074635041,0.1497666367390147
10-[4-[bis(2-hydroxyethyl)amino]butyl]-4-methoxyacridin-10-ium-9-one,COc1cccc2c(=O)c3ccccc3n(CCCCN(CCO)CCO)c12,1,val,0.4128079985731985,0.9651974512587296,0.0004218039766894,0.2615222363082201,0.7901749235381446,1873.3226029301188,5660.140282633618,7163.148454888144,4.371786948175933,0.122430644628656
4-methoxyacridin-10-ium-9-one,COc1cccc2c(=O)c3ccccc3[nH]c12,1,val,0.3972628449720761,0.9605405077506278,0.0012949258092157,0.2781401318942775,0.7236093033257933,558.8036767635712,1453.783517268472,2009.0724519249716,2.987845600138393,0.0141015251542543
10-(3-chloropropyl)acridin-10-ium-9-one,O=c1c2ccccc2n(CCCCl)c2ccccc12,1,val,0.2813632208952902,0.9225739716760956,0.0005451380801518,0.3858202519124607,0.6325506060360889,1160.349329953115,1902.3876228299869,3007.486839276619,3.341988678374594,0.0732934106257259
10-(3-chloropropyl)-4-methoxyacridin-10-ium-9-one,COc1cccc2c(=O)c3ccccc3n(CCCCl)c12,1,val,0.1229225160616179,0.845948876555645,0.0005643106931224,0.533264004273908,0.7727732729581023,1369.4110042150808,1984.4658841975177,2567.9794496530294,3.132374975174713,0.5080076096881361
10-[3-[bis(2-hydroxyethyl)amino]propyl]acridin-10-ium-9-one,O=c1c2ccccc2n(CCCN(CCO)CCO)c2ccccc12,1,val,0.37220497823491,0.9574461809746756,0.000469860136627,0.2886118683232017,0.7781518669086067,1656.135105426472,4465.251660050633,5738.2778991328605,4.17360899343097,0.1457977954511514
10-[3-[bis(2-hydroxyethyl)amino]propyl]-4-methoxyacridin-10-ium-9-one,COc1cccc2c(=O)c3ccccc3n(CCCN(CCO)CCO)c12,1,val,0.2901393889364414,0.9335789789292468,0.0003434220736337,0.358371720565986,0.7075029736218824,2060.155790615838,4067.1913109747393,5748.656136600787,4.003648507562454,0.1367637056144219
10-(4-chlorobutyl)acridin-10-ium-9-one,O=c1c2ccccc2n(CCCCCl)c2ccccc12,1,val,0.3672622098408857,0.9547876942264774,0.000608612843433,0.2972885113045689,0.7281946795229673,1196.4826036456218,2930.729688453785,4024.651334137288,3.776609646866545,0.1033272902301314
10-(4-chlorobutyl)-4-methoxyacridin-10-ium-9-one,COc1cccc2c(=O)c3ccccc3n(CCCCCl)c12,1,val,0.2710860078332264,0.9247440590445132,0.0004589110625394,0.3805895758712762,0.6803276157132145,1482.4824922469604,2650.02996200842,3895.226212786155,3.565131491366166,0.1018634845910444
Ethylbenzylaniline,CCN(Cc1ccccc1)c1ccccc1,0,val,0.2231096601943734,0.9128152647348506,0.001161576592268,0.4083727371740729,0.7945843788423222,684.0568104862299,1330.99202364572,1675.079524700602,2.9549338899700177,0.3942834506848878
Metampicillin,C=N[C@@H](C(=O)N[C@@H]1C(=O)[C@H]2[C@@H]1SC(C)(C)[C@@H]2C(=O)O)c1ccccc1,0,val,0.5324425643593673,0.9806929309163848,0.0009847370251253,0.1955540213103032,0.9719977049627394,987.0632261836488,4906.179806863804,5047.52200731984,3.8957884853523113,0.2523033689249667
Caffeine,Cn1c(=O)c2c(ncn2C)n(C)c1=O,0,val,0.2744051114737161,0.9152675402814412,0.0012791599868558,0.4028465336913802,0.605382884474271,473.2659641443904,711.2066023552295,1174.8046081164953,2.464657529565873,0.0665002644286896
Pentoxifylline,CC(=O)CCCCn1c(=O)c2c(ncn2C)n(C)c1=O,1,val,0.3167808617815,0.943664527341244,0.0009609039901384,0.3309037017590258,0.9243788049314764,961.9887256356512,2687.3135109507184,2907.1561318954377,3.432050661748404,0.297718487561201
Aminophylline,Cn1c(=O)c2[nH]cnc2n(C)c1=O,0,val,0.2613295267541428,0.9030195263819276,0.0013639339942101,0.4295995053220605,0.57690573588995,422.9718874512283,568.0055609186044,984.5725663350948,2.3414850713830755,0.0579380182339289
"4-{2-[4-(3-ethoxyprop-1-en-1-yl)phenyl]imidazol-4-yl}-N,N-diethylaniline",CCOC/C=C/c1ccc(-c2ncc(-c3ccc(N(CC)CC)cc3)[nH]2)cc1,1,val,0.7202246197576428,0.9945798502785836,0.0006547617972454,0.1039755808823888,0.9092121400337322,1388.615132798977,12142.713951302672,13355.204376013033,5.983264262528711,0.0369972302602776
"4-{2-[4-(3-ethoxyprop-1-en-1-yl)phenyl]imidazol-4-yl}-N,N-dipropylaniline",CCCN(CCC)c1ccc(-c2cnc(-c3ccc(/C=C/COCC)cc3)[nH]2)cc1,1,val,0.7344588912361303,0.9951813485637068,0.0005986459435943,0.0980514327836276,0.9246228734259684,1544.523742822752,14564.825221012625,15752.179228539042,6.282881460003996,0.0563265614009428
4-[2-[4-[(E)-3-ethoxyprop-1-enyl]phenyl]imidazol-4-yl]-N-propan-2-ylaniline,CCOC/C=C/c1ccc(-c2ncc(-c3ccc(NC(C)C)cc3)[nH]2)cc1,1,val,0.8652653171807,0.9988873438725476,0.0015678844273576,0.0471600917222045,0.967733482255252,617.2224593659475,12665.514805331197,13087.812954259762,6.0394453349640695,0.0377781246621857
4-[2-[4-[(E)-3-ethoxyprop-1-enyl]phenyl]imidazol-4-yl]-N-(2-methylpropyl)aniline,CCOC/C=C/c1ccc(-c2ncc(-c3ccc(NCC(C)C)cc3)[nH]2)cc1,1,val,0.7757327403393399,0.9966854004895942,0.0007943770193493,0.0813523967126779,0.9393146342608472,1182.4544408777297,13652.907665227876,14534.967482936572,6.253529301995998,0.0470375869221827
4-[4-[2-[4-[(Z)-3-ethoxyprop-1-enyl]phenyl]-5-(4-morpholin-4-ylphenyl)imidazol-4-yl]phenyl]morpholine,CCOC/C=C\c1ccc(-c2nc(-c3ccc(N4CCOCC4)cc3)c(-c3ccc(N4CCOCC4)cc3)[nH]2)cc1,1,val,0.2989426027412207,0.936078573531202,9.603838945174056e-05,0.3517909950180504,0.7042691765355937,7333.204779423026,14680.73419874247,20845.345342187506,6.2380483759171765,0.1197388285270301
(1S)-1-[2-[(2S)-3-(dipropylamino)-2-hydroxypropoxy]phenyl]-3-phenylpropan-1-ol,CCCN(CCC)C[C@H](O)COc1ccccc1[C@@H](O)CCc1ccccc1,1,val,0.5094277897953159,0.9785733532770612,0.000591440707202,0.2058984998879004,0.939309781520285,1588.1723562178336,7245.248652844575,7713.375071127277,4.63236458000898,0.2356402043905227
(2R)-1-(dipropylamino)-3-[2-[(1S)-1-methoxy-3-phenylpropyl]phenoxy]propan-2-ol,CCCN(CCC)C[C@@H](O)COc1ccccc1[C@H](CCc1ccccc1)OC,1,val,0.4167472640126274,0.9660497155317638,0.0004132411329156,0.258356240723924,0.894030942892298,2163.4606811386643,7486.565012902762,8373.943958452735,4.7490973470313325,0.2952561672761571
(2S)-1-[di(propan-2-yl)amino]-3-[2-[(1S)-1-methoxy-3-phenylpropyl]phenoxy]propan-2-ol,CO[C@@H](CCc1ccccc1)c1ccccc1OC[C@@H](O)CN(C(C)C)C(C)C,1,val,0.3816038478786998,0.9598723584701038,0.0003556348210501,0.2804372575907854,0.8708585498685351,2448.74376276507,7604.230124632623,8731.87743954579,4.848302726260261,0.2681213591111903
(1R)-1-[2-[(2S)-3-[di(propan-2-yl)amino]-2-hydroxypropoxy]phenyl]-3-phenylpropan-1-ol,CC(C)N(C[C@H](O)COc1ccccc1[C@H](O)CCc1ccccc1)C(C)C,1,val,0.4494142539325929,0.9705082377884324,0.0005266768919175,0.2410679580217816,0.9428438659537984,1790.1751157545973,7001.575990119131,7426.018498870126,4.586076955919057,0.2821435652577632
1-[4-[(2R)-2-hydroxy-3-piperidin-1-ylpropoxy]phenyl]-3-phenylpropan-1-one,O=C(CCc1ccccc1)c1ccc(OC[C@@H](O)CN2CCCCC2)cc1,1,val,0.7386402767582899,0.9953094223500856,0.0009671313869087,0.0967427195252382,0.9567868806576324,989.3039287203968,9784.23001366829,10226.133124801268,5.345262464358645,0.1081445220785167
1-[4-[(2R)-2-hydroxy-3-piperidin-1-ylpropoxy]phenyl]-3-phenylpropan-1-one,O=C(CCc1ccccc1)c1ccc(OC[C@H](O)CN2CCCCC2)cc1,1,val,0.624580878352726,0.98923665581316,0.000698066198988,0.1463244299342911,0.9161153827537424,1312.3617560652067,8216.500778502585,8968.849266349707,5.016742782955472,0.1164380262399325
Chlorzoxazone,O=c1[nH]c2cc(Cl)ccc2o1,0,val,0.6377867514223337,0.9900850200543664,0.0054680047476909,0.140469402589833,0.8595305974101788,157.1927306341764,961.8604420569388,1119.053172691102,2.5689443303957,3.1899793039120125e-14
Trimethoprim,COc1cc(Cc2cnc(N)nc2N)cc(OC)c1OC,0,val,0.33283944271846,0.9491088370217072,0.0008134549094065,0.3149482743043723,0.8716621779749457,1071.5556177672604,2965.6758896911088,3402.3225564071126,3.579461806640867,0.3559760952930596
Cinepazide,COc1cc(/C=C/C2=C(N3CCCC3)CN3CCN2CC3)cc(OC)c1OC,0,val,0.4041673334882182,0.9637433819268998,0.0004131836980499,0.2668308336607706,0.7920737970006193,1917.001567919916,5690.5219307932775,7184.333015865223,4.380055841898288,0.1557618584944595
Oxyfedrine,COc1cccc(C(=O)CCN[C@H](C)[C@@H](O)c2ccccc2)c1,0,val,0.6081040928079207,0.9877446033419208,0.0010836828125982,0.1560788216540335,0.9655454710642608,890.9853140046596,5511.874228707919,5708.559973496145,4.395771495494804,0.2364620602179886
Sulfaquinoxaline,Nc1ccc(S(=O)(=O)Nc2ccc3nccnc3c2)cc1,0,val,0.241922744135107,0.9207162744356188,0.0006692024026605,0.3902326767319652,0.7954519103481075,1188.65668620687,2422.9627301066434,3046.020379844585,3.329173217597113,0.3450120534825722
"methyl 2-(4-{4,5-bis[4-(dimethylamino)phenyl]imidazol-2-yl}phenyl)cyclopropane-1-carboxylate",COC(=O)[C@H]1C[C@H]1c1ccc(-c2nc(-c3ccc(N(C)C)cc3)c(-c3ccc(N(C)C)cc3)[nH]2)cc1,1,val,0.3868215738443535,0.9607602224822496,0.0002031327084712,0.2773802352292939,0.8042816554076834,3959.39020092175,11480.504018499712,14274.23333767366,5.559928271324193,0.1514876932592324
Memotine,COc1ccc(OC2=NCCc3ccccc32)cc1,0,val,0.6473557119291875,0.9907280271421888,0.0020461859529585,0.1358601348260265,0.9203987623719472,449.8118858851277,3047.29789646545,3310.845278205611,3.665851685755469,0.1375638413292741
"9-hydroxy-6-phenyl-[1,3]dioxolo[4,5-g]chromen-8-one",O=c1cc(-c2ccccc2)oc2cc3c(c(O)c12)OCO3,1,val,0.5664500394791124,0.984669072781419,0.0013042979155215,0.1744328441199663,0.8470496508373909,649.4295825802186,3153.644051057929,3723.092321613314,3.651355788929446,0.0642763542677726
"9-methoxy-6-phenyl-[1,3]dioxolo[4,5-g]chromen-8-one",COc1c2c(cc3oc(-c4ccccc4)cc(=O)c13)OCO2,1,val,0.5299751872197412,0.9811369332193256,0.0010729821923364,0.193314040547956,0.8315046174180851,774.9472669322047,3333.292444165751,4008.747966446653,3.701116395571809,0.059607314353192
"N-[2-[[(1R,2S)-2-(4-phenylpiperazin-1-yl)cyclohexyl]carbamoyl]phenyl]quinoline-3-carboxamide",O=C(Nc1ccccc1C(=O)N[C@@H]1CCCC[C@@H]1N1CCN(c2ccccc2)CC1)c1cnc2ccccc2c1,1,val,0.3106679053728883,0.9436130861902322,0.0001712169497133,0.331050364099702,0.8414198292160003,4914.348904267958,12490.639081404668,14844.71680806824,5.496788635996574,0.317938725827925
"(2S,5S,6R,10R,11S)-5-benzyl-10-heptyl-6-(methoxymethoxy)-4,11-dimethyl-2-propan-2-yl-1,9-dioxa-4-azacyclododecane-3,8,12-trione",CCCCCCC[C@H]1OC(=O)C[C@@H](OCOC)[C@H](Cc2ccccc2)N(C)C(=O)[C@H](C(C)C)OC(=O)[C@H]1C,1,val,0.3565522666502854,0.954380323294584,0.0002088988031501,0.2985937013872284,0.7892934392682064,3778.353094253085,9987.58277444443,12653.82717953974,4.975061098490146,0.1719146938173607
"(2S,5S,6R,11S)-5-benzyl-6-hydroxy-4,11-dimethyl-2-propan-2-yl-1,9-dioxa-4-azacyclododecane-3,8,12-trione",CC(C)[C@@H]1OC(=O)[C@@H](C)COC(=O)C[C@@H](O)[C@H](Cc2ccccc2)N(C)C1=O,1,val,0.3133871012598779,0.9443596950405834,0.0004839072721898,0.3289145274731058,0.8372521061034511,1730.1912044318312,4404.20263890796,5260.306431959904,3.8149648467383415,0.3027849912867263
"(2S,5R,6R,11S)-5-benzyl-6-(methoxymethoxy)-4,11-dimethyl-2-propan-2-yl-1,9-dioxa-4-azacyclododecane-3,8,12-trione",COCO[C@@H]1CC(=O)OC[C@H](C)C(=O)O[C@@H](C(C)C)C(=O)N(C)[C@@H]1Cc1ccccc1,1,val,0.1690877413544804,0.8616754741230873,0.000210356295218,0.5074597297271505,0.6398554814972918,3041.770063662387,3835.364925873472,5994.111227895615,3.844082902895892,0.2555095863065086
"(2S,5R,10R,11S)-5-benzyl-10-heptyl-4,11-dimethyl-2-propan-2-yl-1,9-dioxa-4-azacyclododecane-3,8,12-trione",CCCCCCC[C@H]1OC(=O)CC[C@H](Cc2ccccc2)N(C)C(=O)[C@H](C(C)C)OC(=O)[C@H]1C,1,val,0.4925259953111117,0.9770146895576768,0.0004192005545624,0.2131719878138694,0.890088011488995,2123.2987451987447,8865.718133478262,9960.49606223449,4.702635984511075,0.1777780047930559
"(2S,5S,6S,10R,11S)-5-benzyl-10-heptyl-6-hydroxy-4,11-dimethyl-2-propan-2-yl-1,9-dioxa-4-azacyclododecane-3,8,12-trione",CCCCCCC[C@H]1OC(=O)C[C@H](O)[C@H](Cc2ccccc2)N(C)C(=O)[C@H](C(C)C)OC(=O)[C@H]1C,1,val,0.4330214919649552,0.9689191841111188,0.000342702122801,0.2473774740380465,0.8645517610938335,2522.749943967437,8816.679511089897,10197.977620142728,4.689618352284445,0.1832170016920249
"(2S,5S,6S,10R,11S)-5-benzyl-10-heptyl-6-(methoxymethoxy)-4,11-dimethyl-2-propan-2-yl-1,9-dioxa-4-azacyclododecane-3,8,12-trione",CCCCCCC[C@H]1OC(=O)C[C@H](OCOC)[C@H](Cc2ccccc2)N(C)C(=O)[C@H](C(C)C)OC(=O)[C@H]1C,1,val,0.2672768427655219,0.9303726741455376,0.0002138456733883,0.3666151759042189,0.8333110532148719,3896.787061488113,8857.341277140995,10629.093713529684,4.680434117953752,0.2887088764578937
"(5S,6R,10R,11S)-5-benzyl-10-heptyl-6-hydroxy-2,2,4,11-tetramethyl-1,9-dioxa-4-azacyclododecane-3,8,12-trione",CCCCCCC[C@H]1OC(=O)C[C@@H](O)[C@H](Cc2ccccc2)N(C)C(=O)C(C)(C)OC(=O)[C@H]1C,1,val,0.2675730482278796,0.9259501733425178,0.0001924523278604,0.3776457023282024,0.7075073851423725,3676.2734595515662,6887.383085257981,9734.715467135407,4.619370668353188,0.1389047650079163
"(5S,6R,10R,11S)-5-benzyl-10-heptyl-6-(methoxymethoxy)-2,2,4,11-tetramethyl-1,9-dioxa-4-azacyclododecane-3,8,12-trione",CCCCCCC[C@H]1OC(=O)C[C@@H](OCOC)[C@H](Cc2ccccc2)N(C)C(=O)C(C)(C)OC(=O)[C@H]1C,1,val,0.418795510077065,0.9662698367678518,0.0003226582020374,0.2575317505719033,0.903774581085804,2801.02776058064,9829.846942393524,10876.436611642526,4.755748699666268,0.287553715129109
"(2S,5S,6R,10R,11S)-5-benzyl-6-hydroxy-4,10,11-trimethyl-2-propan-2-yl-1,9-dioxa-4-azacyclododecane-3,8,12-trione",CCCC[C@H]1OC(=O)C[C@@H](O)[C@H](Cc2ccccc2)N(C)C(=O)COC(=O)[C@H]1C,1,val,0.394302537004457,0.9623512897092432,0.0004938965320715,0.2718087474584952,0.8623933531973202,1746.101252382132,5540.020798240884,6424.006838296325,4.111640746649701,0.207772894040339
"(2S,5S,6R,10R,11S)-5-benzyl-10-heptyl-6-hydroxy-2,4,11-trimethyl-1,9-dioxa-4-azacyclododecane-3,8,12-trione",CCCCCCC[C@H]1OC(=O)C[C@@H](O)[C@H](Cc2ccccc2)N(C)C(=O)[C@H](C)OC(=O)[C@H]1C,1,val,0.3249907093379237,0.9449027528850278,0.0003561279866733,0.3273511686099442,0.9502619090550424,2668.315730902585,7745.80647191881,8151.233252758051,4.484398585178927,0.3485000616537952
"(5S,6R,10R,11S)-5-benzyl-10-butyl-6-(methoxymethoxy)-4,11-dimethyl-1,9-dioxa-4-azacyclododecane-3,8,12-trione",CCCC[C@H]1OC(=O)C[C@@H](OCOC)[C@H](Cc2ccccc2)N(C)C(=O)COC(=O)[C@H]1C,1,val,0.2269604998123295,0.9148612856082654,0.000272915867879,0.4037682851527491,0.8189693597703218,3000.8125439349315,6086.593767431287,7432.0164665724,4.286435898372515,0.3145185801709164
"(2S,5S,6R,10S,11R)-5-benzyl-10-heptyl-6-hydroxy-4,11-dimethyl-2-propan-2-yl-1,9-dioxa-4-azacyclododecane-3,8,12-trione",CCCCCCC[C@@H]1OC(=O)C[C@@H](O)[C@H](Cc2ccccc2)N(C)C(=O)[C@H](C(C)C)OC(=O)[C@@H]1C,1,val,0.5261194107344849,0.9808499589440488,0.0004141687778634,0.1947648788654102,0.8807224160771047,2126.481915465806,9615.903551212212,10918.2000772084,4.810346450076408,0.1474756919706738
"(2S,5S,6R,10S,11R)-5-benzyl-10-heptyl-6-(methoxymethoxy)-4,11-dimethyl-2-propan-2-yl-1,9-dioxa-4-azacyclododecane-3,8,12-trione",CCCCCCC[C@@H]1OC(=O)C[C@@H](OCOC)[C@H](Cc2ccccc2)N(C)C(=O)[C@H](C(C)C)OC(=O)[C@@H]1C,1,val,0.2683510977455473,0.93047051617318,0.0002042269029165,0.3663667814259582,0.7984902434054209,3909.819088486085,8521.384999713337,10671.871159466047,4.6523122523313845,0.2360783265175338
"(2S,5S,6R,10R,11S)-5-benzyl-10-heptyl-6-(methoxymethoxy)-2,4,11-trimethyl-1,9-dioxa-4-azacyclododecane-3,8,12-trione",CCCCCCC[C@H]1OC(=O)C[C@@H](OCOC)[C@H](Cc2ccccc2)N(C)C(=O)[C@H](C)OC(=O)[C@H]1C,1,val,0.3372125449013831,0.9498912376440704,0.0002770150181452,0.3125806082389247,0.8895366173604445,3211.1494290686087,9138.23482865982,10273.028282721009,4.72964556591046,0.3040895010671418
"(5S,6R,10R,11S)-5-benzyl-10-heptyl-6-hydroxy-4,11-dimethyl-1,9-dioxa-4-azacyclododecane-3,8,12-trione",CCCCCCC[C@H]1OC(=O)C[C@@H](O)[C@H](Cc2ccccc2)N(C)C(=O)COC(=O)[C@H]1C,1,val,0.5020088134377606,0.9774544423282318,0.0005313397595286,0.2111464259058287,0.9554094906014388,1798.1140569057768,8136.226923006661,8515.957820227255,4.5399936920670205,0.2381864784042925
"(5S,6R,10R,11S)-5-benzyl-10-heptyl-6-(methoxymethoxy)-4,11-dimethyl-1,9-dioxa-4-azacyclododecane-3,8,12-trione",CCCCCCC[C@H]1OC(=O)C[C@@H](OCOC)[C@H](Cc2ccccc2)N(C)C(=O)COC(=O)[C@H]1C,1,val,0.1372386187124971,0.8584944167593992,0.0002229652529376,0.5128229093877721,0.9085994654269576,4075.0720278418617,7220.052377328036,7946.353318549753,4.42371595798237,0.529959170844242
"(2S,5S,6R,10R)-5-benzyl-10-heptyl-6-hydroxy-4-methyl-2-propan-2-yl-1,9-dioxa-4-azacyclododecane-3,8,12-trione",CCCCCCC[C@@H]1CC(=O)O[C@@H](C(C)C)C(=O)N(C)[C@@H](Cc2ccccc2)[C@H](O)CC(=O)O1,1,val,0.19896114396264,0.8899663709721938,0.0001665909510587,0.4560261599278966,0.6714432300449077,4030.490406458136,5934.408450614225,8838.287713791258,4.445984417132059,0.2150783017474594
"(2S,5S,6R,10R)-5-benzyl-10-heptyl-6-(methoxymethoxy)-4-methyl-2-propan-2-yl-1,9-dioxa-4-azacyclododecane-3,8,12-trione",CCCCCCC[C@@H]1CC(=O)O[C@@H](C(C)C)C(=O)N(C)[C@@H](Cc2ccccc2)[C@H](OCOC)CC(=O)O1,1,val,0.3158995966625146,0.9438796739986484,0.000197591515755,0.3302895109024888,0.762282549595139,3857.8708538277474,8903.66643018463,11680.270570162622,4.849356151746463,0.1632178864141907
"(5S,6R,10R,11S)-5-benzyl-10-butyl-6-hydroxy-4,11-dimethyl-1,9-dioxa-4-azacyclododecane-3,8,12-trione",CC(C)[C@@H]1OC(=O)[C@@H](C)[C@@H](C)OC(=O)C[C@@H](O)[C@H](Cc2ccccc2)N(C)C1=O,1,val,0.2453848878471993,0.9216120840007808,0.000397121321105,0.388112311868276,0.7781267663249434,1959.4182557604888,3928.4396413336144,5048.585669257276,3.6722517852187857,0.2796651677895715
"(2S,5S,6R,10R,11S)-5-benzyl-6-(methoxymethoxy)-4,10,11-trimethyl-2-propan-2-yl-1,9-dioxa-4-azacyclododecane-3,8,12-trione",COCO[C@@H]1CC(=O)O[C@H](C)[C@H](C)C(=O)O[C@@H](C(C)C)C(=O)N(C)[C@H]1Cc1ccccc1,1,val,0.1755495447485141,0.8561405009486591,0.0001747145371471,0.5167431108736515,0.6072488208966478,3475.662820119707,4084.4127477261495,6726.09415971399,3.98617904823164,0.2304644674670439
Fluvastatin,CC(C)n1c(/C=C/[C@@H](O)C[C@@H](O)CC(=O)O)c(-c2ccc(F)cc2)c2ccccc21,0,val,0.3371626173650865,0.9489532334224178,0.0002844045001012,0.3154168048426372,0.7526613053006759,2646.446540166122,6315.0658961359,8390.31560631795,4.591842128747259,0.1608258210314707
Diperocaine,O=C(Nc1ccccc1)OC[C@@H](CN1CCCCC1)OC(=O)Nc1ccccc1,1,val,0.4484706496768948,0.9711725783677632,0.0003509141882355,0.23837748011612,0.8263228176444047,2354.771751462236,8162.690651943602,9878.33141920606,5.065244337469464,0.1509053402566026
Pravastatin acid,CC[C@@H](C)C(=O)O[C@H]1C[C@H](O)C=C2C=C[C@@H](C)[C@H](CC[C@@H](O)C[C@@H](O)CC(=O)O)[C@H]21,0,val,0.465308932487233,0.9729093095141964,0.0004183747526562,0.2311871005497693,0.9387959783940104,2243.911642453854,9111.992930391369,9706.041717369912,4.98055813601907,0.2818912742369012
Pyridoxine,Cc1ncc(CO)c(CO)c1O,0,val,0.2767692291929812,0.9232118696193572,0.0016529975012277,0.3842913527441525,0.649338816718389,392.8250443428316,663.7582335628141,1022.2063065893666,2.4786531492438475,0.0934773291643886
Ethionamide,CCc1cc(C(N)=S)ccn1,0,val,0.4267058062886326,0.9678824644681098,0.0031789345102548,0.2514031323892723,0.8726544107184749,274.5116037790032,952.867052826632,1091.9179931057888,2.641092619906188,0.2073530227601345
Betahistine,CNCCc1ccccn1,0,val,0.488462887268144,0.976513269270206,0.0051830333419457,0.2154572694044327,0.8904990257829799,171.8103988597298,710.1036471263608,797.4221493414833,2.4829527856520417,0.2531011852207601
GF120918(Elacridar),COc1cc2c(cc1OC)CN(CCc1ccc(NC(=O)c3cccc4c(=O)c5cccc(OC)c5[nH]c34)cc1)CC2,1,val,0.75554231723888,0.9959903425156876,0.0003886923407164,0.08946081608997,0.9359069082573658,2407.8347068331414,25189.90139549644,26914.96469707588,6.953885815885416,0.0655852586124061
Emetine,CC[C@@H]1CN2CCc3cc(OC)c(OC)cc3[C@@H]2C[C@H]1C[C@H]1NCCc2cc(OC)c(OC)cc21,0,val,0.3109518435722726,0.9427072650631187,0.0002196943177704,0.3336210610816032,0.7674481890911202,3493.254613407632,8035.739465615289,10470.725685250389,4.783872045071303,0.2192133987453134
"1-[4-[[(7R,8S,9S,10R,13S,14S,17R)-17-acetyl-10,13-dimethyl-3-oxo-1,2,6,7,8,9,11,12,14,15,16,17-dodecahydrocyclopenta[a]phenanthren-7-yl]sulfanyl]phenyl]-3-(2-chloroethyl)urea",CC(=O)[C@@H]1CC[C@@H]2[C@H]3[C@H](CC[C@]12C)[C@@]1(C)CCC(=O)C=C1C[C@H]3Sc1ccc(NC(=O)NCCCl)cc1,1,val,0.467083439020428,0.9738341106096404,0.0002160189689091,0.2272600383110287,0.8421643406555163,3898.566616201823,14447.035247533364,17154.65088000308,5.71651882120829,0.1721513446612495
"1-[4-[[(7R,8S,9R,10R,13S,14S,17S)-17-acetyl-10,13-dimethyl-3-oxo-1,2,6,7,8,9,11,12,14,15,16,17-dodecahydrocyclopenta[a]phenanthren-7-yl]sulfanyl]phenyl]-3-ethylurea",CCNC(=O)Nc1ccc(S[C@@H]2CC3=CC(=O)CC[C@]3(C)[C@@H]3CC[C@]4(C)[C@@H](C(C)=O)CC[C@@H]4[C@H]23)cc1,1,val,0.4067849298773236,0.9645718003378764,0.0002338806042288,0.2638204730360172,0.8259473765585004,3531.491545790812,11056.102447311714,13385.964724991933,5.243436841834779,0.186492650536396
Bergenin,COc1c(O)cc2c(c1O)[C@@H]1O[C@@H](CO)[C@@H](O)[C@@H](O)[C@H]1OC2=O,0,val,0.3259788011831195,0.9448587646140424,0.0005826891369243,0.3274781136687241,0.7233941866909734,1241.475326808682,2742.400169197774,3791.017704665768,3.441237415238078,0.1325741172682341
Imoxiterol,COc1cc([C@@H](O)CN[C@@H](C)CCn2cnc3ccccc32)ccc1O,0,val,0.4984785616980766,0.9775136690340192,0.0006539604507756,0.2108720627576109,0.9185242304448368,1404.5562378510317,6118.017344818001,6660.703269477252,4.466747099065243,0.3061045503897757
"N-[4-[2-[(2S)-6,7-dimethoxy-3,4-dihydro-1H-isoquinolin-2-yl]ethyl]phenyl]pyridine-3-carboxamide",COc1cc2c(cc1OC)CN(CCc1ccc(NC(=O)c3cccnc3)cc1)CC2,1,val,0.8443258009090931,0.9984841104947296,0.0010228802421261,0.0550407221023557,0.9731186391601876,951.3514867952342,16819.871339470974,17284.502282256883,6.479351766990402,0.0675774407412298
Bepridil,CC(C)COC[C@H](CN(Cc1ccccc1)c1ccccc1)N1CCCC1,1,val,0.0994352905152904,0.8158954314536634,0.0003464747964149,0.5781994854140226,0.9477661126900874,2735.454706941999,4483.869908984436,4730.987792186054,4.037463526951496,0.6354536060540278
Tetrazolone,O=c1c2ccccc2nc2n1CCCC2,0,val,0.4562947872740582,0.9716590329071656,0.0022227466572998,0.2363868096360535,0.7778854229197821,349.9658498484596,1151.6435013272803,1480.479602001799,2.7287817157319574,0.077460761079311
4-methoxy-10-[4-(4-methylpiperazin-1-yl)butyl]acridin-10-ium-9-one,COc1cccc2c(=O)c3ccccc3n(CCCCN3CCN(C)CC3)c12,1,val,0.216637179249434,0.9101518634892632,0.0003811451557636,0.4142747703964382,0.8488888325412526,2227.206143655352,4563.759509919102,5376.1568476015045,4.003785142356641,0.3674100107721977
10-[4-[4-(2-hydroxyethyl)piperazin-1-yl]butyl]acridin-10-ium-9-one,O=c1c2ccccc2n(CCCCN2CCN(CCO)CC2)c2ccccc12,1,val,0.6263641053541774,0.9893824276594556,0.0006157889738476,0.1453355147191561,0.8780178310311605,1425.8420795438976,8613.96316305255,9810.692742920894,5.114021228180662,0.0820577647684594
10-[4-[4-(2-hydroxyethyl)piperazin-1-yl]butyl]-4-methoxyacridin-10-ium-9-one,COc1cccc2c(=O)c3ccccc3n(CCCCN3CCN(CCO)CC3)c12,1,val,0.5798031782047619,0.9858742612070732,0.0005083455940198,0.1674871370864258,0.8705053693718356,1712.4282763781694,8900.25368624065,10224.237551415854,5.043812092982345,0.0895738791038305
10-[4-(4-methylpiperazin-1-yl)butyl]acridin-10-ium-9-one,CN1CCN(CCCCn2c3ccccc3c(=O)c3ccccc32)CC1,1,val,0.5424458034741998,0.9824841360190336,0.0006289393115197,0.1863462435117301,0.8540878773467083,1357.9813850129135,6224.088110093902,7287.40949869178,4.612357451777491,0.1005545945708389
"1-[(2S)-2-hydroxy-3-[4-(2-methylphenyl)piperazin-1-yl]propyl]-5-methyl-2-phenyl-4-(3-phenylpropanoyl)pyrazole-1,2-diium-3-one",Cc1ccccc1N1CCN(C[C@H](O)Cn2c(C)c(C(=O)CCc3ccccc3)c(=O)n2-c2ccccc2)CC1,1,val,0.4504263555274669,0.9713437325769326,0.0002279245106594,0.2376790970689524,0.8957751013522486,3930.1394078260246,14812.076744605332,16535.48610833818,5.722224394091621,0.2472009043586636
Mestranol,C#C[C@]1(O)CC[C@H]2[C@@H]3CCc4cc(OC)ccc4[C@H]3CC[C@]21C,0,val,0.6404393047023067,0.9902436770471384,0.0014697447055692,0.1393465466675182,0.9339601602223494,635.4574074553948,4259.1073569809705,4560.266634892647,3.902340467922592,0.1926464258833961
Flesinoxan,O=C(NCCN1CCN(c2cccc3c2OC[C@@H](CO)O3)CC1)c1ccc(F)cc1,0,val,0.7250734065148997,0.9947893164586452,0.0006416035083132,0.1019520272468435,0.92383390344346,1439.8828738830464,13047.436640569063,14123.141174984588,5.867866247207003,0.0752305899190687
"4-(4-Phenethylpiperazin-1-yl)-5,6,7,8-tetrahydro-1,3,4b-triazofluorene-9-carbonitrile",N#Cc1c2n(c3c(N4CCN(CCc5ccccc5)CC4)nc(-c4ccccc4)nc13)CCCC2,1,val,0.3694183291471541,0.9558355087561612,0.0002275288931815,0.2939021609325977,0.7428891877799327,3265.032310367623,8252.941024412909,11109.249078016855,4.945353505304596,0.1052742796966624
"N-[4-[10-cyano-4-(4-phenethylpiperazin-1-yl)-6,7,8,9-tetrahydropyrimido[4,5-b]indolizin-5-ium-1-id-2-yl]phenyl]acetamide",CC(=O)Nc1ccc(-c2nc(N3CCN(CCc4ccccc4)CC3)c3c(n2)c(C#N)c2n3CCCC2)cc1,1,val,0.2717600589134072,0.9186568585533088,9.51720447077456e-05,0.3950564215817356,0.6310153597909014,6630.259565491358,10590.37493549509,16783.06996996778,5.719939025735744,0.0775309803260676
"4-[4-[2-(3,4-difluorophenyl)ethyl]piperazin-1-yl]-2-(2-methylphenyl)-6,7,8,9-tetrahydropyrimido[4,5-b]indolizin-5-ium-1-ide-10-carbonitrile",Cc1ccccc1-c1nc(N2CCN(CCc3ccc(F)c(F)c3)CC2)c2c(n1)c(C#N)c1n2CCCC1,1,val,0.3780822599303655,0.958676311265122,0.0002092306301618,0.2844990864995858,0.7806121332339919,3730.869293039268,10236.805585176518,13113.81818108122,5.139591644821361,0.1299773250302284
Bromocriptine,CC(C)C[C@H]1C(=O)N2CCCC2[C@@]2(O)O[C@@](NC(=O)[C@H]3C=C4c5cccc6[nH]c(Br)c(c56)C[C@H]4N(C)C3)(C(C)C)C(=O)N12,1,val,0.5668419641147304,0.9840007392084202,0.0002831669431722,0.178164377015391,0.9838288052001444,3474.377320242362,19185.611316078277,19500.965223492585,5.6747956256344185,0.3407874475808367
Ergocornine,CC(C)[C@H]1C(=O)N2CCC[C@H]2[C@]2(O)O[C@@](NC(=O)[C@H]3C=C4c5cccc6[nH]cc(c56)C[C@@H]4N(C)C3)(C(C)C)C(=O)N12,0,val,0.5341392203116248,0.981221158171534,0.0003393402115943,0.1928860771453272,0.9470465718077918,2790.846883009221,13702.709973218893,14468.887149934091,5.249971906732642,0.2832752576028353
Ergocryptine,CC(C)C[C@H]1C(=O)N2CCCC2[C@]2(O)O[C@@](NC(=O)[C@H]3C=C4c5cccc6[nH]cc(c56)C[C@H]4N(C)C3)(C(C)C)C(=O)N12,1,val,0.3016117322728765,0.9405274980597784,0.000217320291437,0.3397175670956886,0.8842718177754404,4068.979532137658,10591.397901895818,11977.536419220687,4.809868694304487,0.3927558974191677
Toxindole,Oc1ccc2[nH]cc(CCCCN3CC=C(c4ccccc4)CC3)c2c1,1,val,0.797664906460761,0.9973516286569228,0.001234359455486,0.0727305218968176,0.9462383886454772,766.582525406186,9973.389365103256,10540.038836703696,5.541605408055013,0.0660395966172646
Leflunomide,Cc1oncc1C(=O)Nc1ccc(C(F)(F)F)cc1,0,val,0.7671229915411183,0.9963993858987308,0.0025159887337131,0.0847836292018232,0.9365009532256404,372.21985165391897,4111.4570013700895,4390.232585678399,4.052208559478175,0.0275839289091822
Artesunate,C[C@@H]1CC[C@H]2[C@@H](C)[C@@H](OC(=O)CCC(=O)O)O[C@H]3O[C@@]4(C)CC[C@@H]1[C@]32OO4,0,val,0.4728025734606204,0.9741642427740612,0.0006763039464796,0.2258407140009083,0.924341605564573,1366.754711954685,5593.979147869934,6051.852598859511,4.113968903949081,0.3024534514146214
Neamine,NC[C@H]1O[C@@H](O[C@H]2[C@@H](O)[C@@H](O)[C@H](N)C[C@H]2N)[C@H](N)[C@@H](O)[C@@H]1O,0,val,0.3615167191083209,0.9558841196283512,0.0007842262332292,0.2937440209473747,0.8298760668048215,1058.2100312911462,2989.620608409364,3602.490453689024,3.44471196139861,0.2502086838671892
Napelline,C=C1[C@@H]2C[C@@]3([C@@H]1O)[C@H]1C[C@H]4[C@]5([C@H](O)CC[C@@]4(C)CN(CC)[C@H]15)[C@@H]3C[C@H]2O,0,val,0.0,0.0,0.0,0.0,0.0,0.0,0.0,0.0,0.0,0.0
Mirex,ClC1(Cl)C2(Cl)C3(Cl)C4(Cl)C(Cl)(Cl)C5(Cl)C3(Cl)C1(Cl)C5(Cl)C24Cl,0,val,0.0146252240501917,0.5852027437548073,0.0003194157294319,0.8108870135239837,0.931381006714808,2915.889609980361,3349.1770803065547,3595.92589516063,3.0062814035980447,0.780776497200534
S-mephenytoin,CC[C@@]1(c2ccccc2)NC(=O)N(C)C1=O,0,val,0.2047439288849512,0.8998744074340016,0.0015859229798306,0.4361491153783354,0.9463102675704992,596.6937106060196,1294.6429673516757,1368.0956571204338,2.7325800366523136,0.4770544983149554
"3,5,7-Trihydroxy-3',4',5'-trimethoxyflavone",COc1cc(-c2oc3cc(O)cc(O)c3c(=O)c2O)cc(OC)c1OC,1,test,0.4431084204862204,0.970462912896362,0.0006042683348329,0.241250356875815,0.842973864826845,1395.0323328789482,4874.503865752691,5782.508888047154,4.089520569082364,0.1662618596016898
"3,6,3',4'-Tetramethoxyflavone",COc1ccc2oc(-c3ccc(OC)c(OC)c3)c(OC)c(=O)c2c1,1,test,0.527861420222258,0.9810278733255802,0.0008026841390797,0.1938667371115773,0.8827422686794258,1099.7380235909566,5007.487371796984,5672.64936716822,4.1478407653305736,0.1791778052371015
"3,7-Dihydroxy-3',4'-dimethoxyflavone",COc1ccc(-c2oc3cc(O)ccc3c(=O)c2O)cc1OC,1,test,0.5102956383171552,0.9791424458511758,0.000879985899484,0.2031749756554116,0.8550912741156388,971.710199694083,4089.5829323823714,4782.627371109525,3.9573248011384647,0.1078579672556139
"3',4'-Dimethoxyflavone",COc1ccc(-c2cc(=O)c3ccccc3o2)cc1OC,1,test,0.5662180987536031,0.9847166973808824,0.0012451457392804,0.174163790436726,0.8790846797937188,706.0094670538134,3563.5541964264708,4053.709816968571,3.8395514496818746,0.0982568006638696
"5,6,7,3',4'-Pentamethoxyflavone",COc1ccc(-c2cc(=O)c3c(OC)c(OC)c(OC)cc3o2)cc1OC,1,test,0.5529624897900639,0.9835126924272578,0.0006690904880479,0.1808391103563777,0.8702268054339628,1300.6115330870737,6258.751313907999,7192.092078555198,4.4505464555427725,0.1191921981656123
"5,6,7,3',4',5'-Hexamethoxyflavone",COc1cc(-c2cc(=O)c3c(OC)c(OC)c(OC)cc3o2)cc(OC)c1OC,1,test,0.5072652155033329,0.978811394990002,0.0005310591393187,0.2047638958354865,0.8630953737222876,1625.2340084562902,6850.484789768556,7937.112164353682,4.515941465918251,0.1468256698381483
"5,7,3',4',5'-Pentamethoxyflavone",COc1cc(OC)c2c(=O)cc(-c3cc(OC)c(OC)c(OC)c3)oc2c1,1,test,0.5142179023044449,0.979582715659369,0.0006058274722676,0.2010415459088392,0.8595476530033572,1418.7993980960491,6066.038177347781,7057.244768399232,4.418849497458639,0.1161897367036028
"7,3',4'-Trimethoxyflavone",COc1ccc2c(=O)cc(-c3ccc(OC)c(OC)c3)oc2c1,1,test,0.5481557394745387,0.9830534007118183,0.0008974754054337,0.1833194243634023,0.8636186302064551,962.2755397838312,4533.284382902509,5249.173911195952,4.14746032068557,0.0954606320836803
Ecacetin,COc1ccc(-c2cc(=O)c3c(O)cc(O)cc3o2)cc1,0,test,0.6251111939261031,0.9892912754306664,0.001367611954208,0.1459546928220029,0.874426843653145,639.3822757709731,3830.5930044470106,4380.690085454964,3.9455698791114937,0.0568900148182046
Nobiletin,COc1ccc(-c2cc(=O)c3c(OC)c(OC)c(OC)c(OC)c3o2)cc1OC,1,test,0.4845469937356197,0.9760787733085164,0.0005282054578498,0.2174171757165054,0.8415941368667587,1593.3082938836278,6167.493041589733,7328.34601789315,4.33001006249732,0.1491291658859626
5-hydroxy-7-methoxy-2-phenyl-6-propoxychromen-4-one,CCCOc1c(OC)cc2oc(-c3ccccc3)cc(=O)c2c1O,1,test,0.5768823349523817,0.9856111032211924,0.0009506707052835,0.1690288531792835,0.8608032818053483,905.4694512213658,4611.230926113671,5356.892827409549,4.081605863349942,0.0686066609707436
(6-acetyloxy-5-methoxy-4-oxo-2-phenylchromen-7-yl)acetate,COc1c(OC(C)=O)c(OC(C)=O)cc2oc(-c3ccccc3)cc(=O)c12,1,test,0.4282012474532312,0.968040404981717,0.0005531632306856,0.2507942868624273,0.8165112200089037,1476.0764539552436,4805.66364299415,5885.606376531784,4.064039386884105,0.070174149154963
"(5,7-dihydroxy-4-oxo-2-phenylchromen-6-yl)acetate",CC(=O)Oc1c(O)cc2oc(-c3ccccc3)cc(=O)c2c1O,1,test,0.6294528679596963,0.98959895655334,0.0012617719512156,0.1438537632060441,0.885730403862719,701.9734453673523,4322.161682872162,4879.771162898978,3.982155951860373,0.0584144489003014
"5,6,7-trimethoxy-2-phenylchromen-4-one",COc1cc2oc(-c3ccccc3)cc(=O)c2c(OC)c1OC,1,test,0.4597183717507578,0.972606569089614,0.0007948543758792,0.2324574407579371,0.8093272868312792,1018.2082547334184,3545.0090199122706,4380.1921393159455,3.7838678909046295,0.1167352463081454
"5-hydroxy-6,7-dimethoxy-2-phenylchromen-4-one",COc1cc2oc(-c3ccccc3)cc(=O)c2c(O)c1OC,1,test,0.5047563053484002,0.9783276662250718,0.0009465918659626,0.2070627380737646,0.818894447955608,865.0977019782931,3421.29980352529,4177.949688224969,3.76668651951998,0.0717825336271202
"5,7-dihydroxy-2-phenyl-6-propoxychromen-4-one",CCCOc1c(O)cc2oc(-c3ccccc3)cc(=O)c2c1O,1,test,0.6575613683656136,0.9913718984459142,0.00132786236042,0.1310792087699034,0.893763781803183,673.0846572986882,4589.4287463772125,5134.945988880826,4.079885973045175,0.0608149247835844
"6-ethoxy-5,7-dihydroxy-2-phenylchromen-4-one",CCOc1c(O)cc2oc(-c3ccccc3)cc(=O)c2c1O,1,test,0.6108527920469656,0.988298904456416,0.0013150367069594,0.1525295887696807,0.8821244844309595,670.7983737355428,3879.428734854184,4397.824573882817,3.872817081556783,0.0752283471443787
(6-acetyloxy-5-hydroxy-4-oxo-2-phenylchromen-7-yl)acetate,CC(=O)Oc1cc2oc(-c3ccccc3)cc(=O)c2c(O)c1OC(C)=O,1,test,0.5155036620570076,0.9796640454303424,0.0007161352340219,0.2006448556306785,0.8400576749819288,1173.0433514128167,4911.285003263195,5846.366445457266,4.103209709755843,0.0606517759652171
6-ethoxy-5-hydroxy-7-methoxy-2-phenylchromen-4-one,CCOc1c(OC)cc2oc(-c3ccccc3)cc(=O)c2c1O,1,test,0.535818658892724,0.9817848258139322,0.0009395842803454,0.1899961994396376,0.8417943218619491,895.9221003064147,3969.459068617725,4715.473798680125,3.916395491082751,0.0733667953202101
"5,7-dimethoxy-2-phenyl-6-propoxychromen-4-one",CCCOc1c(OC)cc2oc(-c3ccccc3)cc(=O)c2c1OC,1,test,0.5492545441114118,0.9830928544392706,0.0008131242286765,0.183107726626833,0.8434132145102158,1037.2501332090317,4777.681888235398,5664.698875995058,4.1064840208503295,0.0662354425985217
Quercetin,O=c1c(O)c(-c2ccc(O)c(O)c2)oc2cc(O)cc(O)c12,0,test,0.49914692829476,0.9777848331807276,0.0009507261604407,0.2096111161215858,0.8323684715299513,875.5081180727079,3476.6541371285484,4176.821030640692,3.7562898821875295,0.1001101945779258
"5-hydroxy-2-phenyl-6,7-dipropoxychromen-4-one",CCCOc1cc2oc(-c3ccccc3)cc(=O)c2c(O)c1OCCC,1,test,0.3934007694732976,0.9617712881471568,0.0004584543119131,0.2738539561440702,0.789754457711261,1722.645936986865,4967.857053990661,6290.381783203483,4.279460947731157,0.1249899420068501
"6,7-diethoxy-5-hydroxy-2-phenylchromen-4-one",CCOc1cc2oc(-c3ccccc3)cc(=O)c2c(O)c1OCC,1,test,0.4726562740345824,0.9742756156398592,0.0006824157483346,0.2253597674155117,0.8041941976642318,1178.451991512154,4205.294781177972,5229.203087254519,4.032390478956174,0.069702679769032
"5-hydroxy-6,7-dioctoxy-2-phenylchromen-4-one",CCCCCCCCOc1cc2oc(-c3ccccc3)cc(=O)c2c(O)c1OCCCCCCCC,1,test,0.2403259410609858,0.8897914843407673,7.740039027743835e-05,0.4563673020656213,0.5699464052914331,7363.611517312574,9196.24148193559,16135.27411798174,5.748676275580018,0.0636732414680231
"5-hydroxy-6,7-dipentoxy-2-phenylchromen-4-one",CCCCCOc1cc2oc(-c3ccccc3)cc(=O)c2c(O)c1OCCCCC,1,test,0.307153114254757,0.9401915127976136,0.0002415724390069,0.3406463257740125,0.7319619177961619,3029.9893514557543,6510.672943717097,8894.824697055074,4.738604242202554,0.1203123561694471
"6,7-dibutoxy-5-hydroxy-2-phenylchromen-4-one",CCCCOc1cc2oc(-c3ccccc3)cc(=O)c2c(O)c1OCCCC,1,test,0.312805968884812,0.9405390406387946,0.0002814483720086,0.3396856091067974,0.7103456833131837,2523.893381381542,5277.929710715016,7430.086273063243,4.4624302025396085,0.1022105325146931
"(5,6-diacetyloxy-4-oxo-2-phenylchromen-7-yl)acetate",CC(=O)Oc1cc2oc(-c3ccccc3)cc(=O)c2c(OC(C)=O)c1OC(C)=O,1,test,0.3352722320220475,0.9489068463607984,0.0003770879084769,0.3155563292497939,0.765144717358873,2029.088443724897,4920.029040333552,6430.194091016548,4.108297704350338,0.1090974197925849
"5-methoxy-6,7-dipentoxy-2-phenylchromen-4-one",CCCCCOc1cc2oc(-c3ccccc3)cc(=O)c2c(OC)c1OCCCCC,1,test,0.2966348685257225,0.935090159113156,0.0001976423986733,0.3544099241411456,0.7004454217441256,3544.0038496079865,7004.265687867278,9999.730843306092,4.919398579629321,0.1166085677470178
"6,7-dihexoxy-5-methoxy-2-phenylchromen-4-one",CCCCCCOc1cc2oc(-c3ccccc3)cc(=O)c2c(OC)c1OCCCCCC,1,test,0.3166732369229627,0.9432269973137352,0.0002033917526501,0.3321488093287632,0.7402831493281806,3639.6910871866953,8112.032633955157,10958.013351130528,5.008850834725043,0.1362646348874326
"6,7-diethoxy-5-methoxy-2-phenylchromen-4-one",CCOc1cc2oc(-c3ccccc3)cc(=O)c2c(OC)c1OCC,1,test,0.4377813837519365,0.969138629998148,0.000596690926896,0.2465163601980868,0.7873188134708947,1319.475088328464,4214.112037482666,5352.484870652022,3.9989113458795775,0.0727017642044052
"6,7-dibutoxy-5-methoxy-2-phenylchromen-4-one",CCCCOc1cc2oc(-c3ccccc3)cc(=O)c2c(OC)c1OCCCC,1,test,0.327473971537547,0.9462300175675126,0.0003021604194107,0.3234945963291886,0.7443484698036699,2463.421487351761,5668.236920798036,7615.03133376911,4.456227476227933,0.1572487528044197
"(5,7-dimethoxy-4-oxo-2-phenylchromen-6-yl)acetate",COc1cc2oc(-c3ccccc3)cc(=O)c2c(OC)c1OC(C)=O,1,test,0.4894309345135383,0.976703555781142,0.0007687788390268,0.2145930197477862,0.8498902505273123,1105.5068211856287,4378.3319248752,5151.643900090247,3.9528728869503142,0.1058964410471826
(7-acetyloxy-8-bromo-5-hydroxy-4-oxo-2-phenylchromen-6-yl)acetate,CC(=O)Oc1c(OC(C)=O)c(O)c2c(=O)cc(-c3ccccc3)oc2c1Br,1,test,0.3559565752910464,0.953505874526816,0.0004003351282821,0.3013744303069722,0.7591220401621785,1896.21641103434,4776.316521170014,6291.8954640674165,3.8682314567423863,0.0811272668419264
Flavone,O=c1cc(-c2ccccc2)oc2ccccc12,1,test,0.547623448119261,0.9827333853399902,0.0019121964032692,0.185027277281493,0.8149727232137849,426.1971844630845,1877.2317528052909,2303.428936127538,3.219388317370925,1.0533060479463516e-09
"5,7-dihydroxy-2-[4-[2-[2-[2-(2-hydroxyethoxy)ethoxy]ethoxy]ethoxy]phenyl]chromen-4-one",O=c1cc(-c2ccc(OCCOCCOCCOCCO)cc2)oc2cc(O)cc(O)c12,1,test,0.7953705874931155,0.9972814459290612,0.0007108964967257,0.0736866175478352,0.95334560737631,1341.046990338589,17350.250290625187,18199.32892791585,6.427700453915286,0.0612160841998572
"5,7,4'-Trimethoxyflavone",COc1ccc(-c2cc(=O)c3c(OC)cc(OC)cc3o2)cc1,1,test,0.5445328458313925,0.982588046534,0.0008418828030233,0.1857975532898585,0.8333758802802986,989.8953598856084,4440.074168485191,5327.816983366271,4.149978718692801,0.0574359015992162
Apigenin,O=c1cc(-c2ccc(O)cc2)oc2cc(O)cc(O)c12,0,test,0.5690970646687574,0.9849066098358455,0.0013421992309411,0.1730865965395978,0.8487428837741694,632.3523842127503,3100.786524596182,3653.387361326294,3.69683706151992,0.065267151223185
Myricetin,O=c1c(O)c(-c2cc(O)c(O)c(O)c2)oc2cc(O)cc(O)c12,0,test,0.5038495801837573,0.978376425237395,0.0008822061761362,0.2068322280006099,0.8421172947218755,954.5583759229756,3886.483866450409,4615.133652769821,3.854494561877187,0.0868422609871685
Hepes,O=S(=O)(O)CCN1CCN(CCO)CC1,0,test,0.616809984998283,0.9881113420700888,0.0025103149718245,0.1537399612086853,0.9950923425189176,396.40138934265934,2565.73492017023,2578.3887691020523,3.409496449612572,0.3207825045013304
Diethylcarbamazine,CCN(CC)C(=O)N1CCN(C)CC1,0,test,0.3815488337924951,0.9593498513695946,0.0021839012939574,0.2822195292270481,0.907491808314462,415.5370074761837,1336.1812039334973,1472.389273039572,2.844056945174989,0.3523030114147281
"2-[2-(3,4-dimethoxyphenyl)ethyl-methylamino]ethylBLAHdione",COc1ccc(CCN(C)CCN2C(=O)[C@@H]3C4c5ccccc5C(c5ccccc54)[C@H]3C2=O)cc1OC,1,test,0.4035783585534678,0.9638802733352424,0.0002955026260627,0.266335913228349,0.8827547445983781,2987.299153175428,9901.227622800498,11216.283665861463,4.926408762087379,0.2724547517263618
Clofazimine,CC(C)/N=c1\cc2n(-c3ccc(Cl)cc3)c3ccccc3nc-2cc1Nc1ccc(Cl)cc1,1,test,0.3584479488988379,0.9547994220729512,0.0002443302758169,0.2972508429073978,0.7897164693457566,3232.167878930021,8587.010824647366,10873.53646272732,4.895656018096357,0.1936202572702945
Proxazole,CC[C@H](c1ccccc1)c1noc(CCN(CC)CC)n1,0,test,0.2202165473436418,0.9117537859105976,0.0006678865709043,0.4107371834612644,0.8064207981497354,1207.4217887892994,2370.5914191006627,2939.6456844116437,3.367302596255765,0.3245199959780165
Cephalothin,CC(=O)OCC1=C(C(=O)O)N2C(=O)[C@H](NC(=O)Cc3cccs3)[C@@H]2SC1,0,test,0.5359782915819877,0.9811431563555216,0.0007111043016144,0.1932824532561732,0.9674197916467366,1360.4471094470002,6809.327163409164,7038.64777442517,4.379606181215356,0.2599232909735697
1-(2-methoxyphenyl)-4-[5-[2-[2-(3-methoxyphenyl)ethyl]phenoxy]pentyl]piperazine,COc1cccc(CCc2ccccc2OCCCCCN2CCN(c3ccccc3OC)CC2)c1,1,test,0.6741858194589005,0.9923025981369366,0.000358640547536,0.1238368028119477,0.923181935111967,2574.1147827663704,19189.580257197227,20786.34722728824,6.598212107376938,0.120312327226897
1-(3-chlorophenyl)-4-[5-[2-[2-(3-methoxyphenyl)ethyl]phenoxy]pentyl]piperazine,COc1cccc(CCc2ccccc2OCCCCCN2CCN(c3cccc(Cl)c3)CC2)c1,1,test,0.8113533337997693,0.99771578834702,0.0006187142167142,0.0675515039291102,0.9630610954879146,1556.5523944195302,22191.29059994201,23042.453592935617,6.888098728242285,0.0856487272532888
1-(4-fluorophenyl)-4-[5-[2-[2-(3-methoxyphenyl)ethyl]phenoxy]pentyl]piperazine,COc1cccc(CCc2ccccc2OCCCCCN2CCN(c3ccc(F)cc3)CC2)c1,1,test,0.8477097669665695,0.9985408753500528,0.0007714409557843,0.0540011134621332,0.9876883814291598,1280.316236807728,23417.174028028683,23709.071067682937,7.125965212588389,0.1044774765534569
Coralyne,COC1CC2CC3C4CC(OC)C(OC)CC4CCN3C(C)C2CC1OC,0,test,0.4057938214673496,0.9638992278291748,0.0006279335590531,0.2662673066493899,0.9104114163165804,1449.8530986135058,4957.28457830453,5445.103707465722,3.940991819017551,0.3333633830210047
Zolamine,COc1ccc(CN(CCN(C)C)c2nccs2)cc1,0,test,0.3359066866663451,0.949969939603694,0.000839348266715,0.3123413418831292,0.862000790484516,1026.9882296393569,2834.2859143464416,3288.0316881766867,3.502331603778788,0.3524654639392788
Motracetam,COc1ccc(C(=O)N2CCN(CC(=O)N3CCOCC3)CC2)cc1,0,test,0.7744351824810458,0.9965841852061312,0.001438486134138,0.0825830599883006,0.9794187358939024,680.8676932299742,8074.955995924235,8244.64113253289,4.946421455710854,0.1522033341107075
"N-[4-[2-[(2S)-6,7-dimethoxy-3,4-dihydro-1H-isoquinolin-2-yl]ethyl]phenyl]quinoline-6-carboxamide",COc1cc2c(cc1OC)CN(CCc1ccc(NC(=O)c3ccc4ncccc4c3)cc1)CC2,1,test,0.8564388562056503,0.998728598298247,0.0008256370384882,0.0504101868794246,0.9635333698113956,1167.0181022591123,22306.223291538357,23150.441894819516,7.060987413918519,0.041292156202512
Domperidone,O=c1[nH]c2ccccc2n1CCCN1CCC(n2c(=O)[nH]c3cc(Cl)ccc32)CC1,0,test,0.7765808377177751,0.9966265825662948,0.0009395916505893,0.0820698173644128,0.990434932804601,1054.1121051717876,12721.235230956529,12844.0898130824,5.5901108444219565,0.1660571356102902
Sulfentanyl,CCC(=O)N(c1ccccc1)C1(COC)CCN(CCc2cccs2)CC1,1,test,0.2711933779647102,0.9312726272247422,0.0004147412087573,0.3643230623799792,0.8715600148701713,2101.4550675628398,5027.253004433229,5768.108814838293,4.084296393892677,0.3941086360239539
Mibefradil,COCC(=O)O[C@@]1(CCN(C)CCCc2nc3ccccc3[nH]2)CCc2cc(F)ccc2[C@@H]1C(C)C,1,test,0.383554869036584,0.9601490393338732,0.0002015849745422,0.2794885011341977,0.8052426531164925,3994.5569105296536,11508.837006196753,14292.383745017289,5.482512475220357,0.2011043553386407
Mycophenolic Acid,COc1c(C)c2c(c(O)c1C/C=C(\C)CCC(=O)O)C(=O)OC2,0,test,0.4627544104051179,0.973269625864429,0.0007270197782226,0.2296654858042769,0.8611696154166293,1184.5202031806166,4441.559010288532,5157.589086721005,4.102626671202689,0.2004419175214516
"4-(4-[2-(3,4-Difluorophenyl)ethyl]piperazin-1-yl)-2-pyridin-4-yl-5,6,7,8-tetrahydro-1,3,4b-triazafluorene-9-carbonitrile",N#Cc1c2n(c3c(N4CCN(CCc5ccc(F)c(F)c5)CC4)nc(-c4ccncc4)nc13)CCCC2,1,test,0.4567657810174126,0.9719336709515732,0.0002284388145615,0.2352550515304585,0.7896962448617434,3456.926732776709,11604.09539296332,14694.378336565238,5.457203656283175,0.0939387291036493
Omadine,On1ccccc1=S,0,test,0.3149381775321141,0.9356708494168936,0.0037753845857373,0.352874002374033,0.6471259976264861,171.40664293412806,314.3379621686659,485.7446051025418,1.9544072831035515,1.6144884654489108e-12
4-iodo-1-methyl-N'-[1-(1-methyl-1H-pyrazol-5-yl)ethenyl]-1H-pyrazole-3-carbohydrazide,C=C(NNC(=O)c1nn(C)cc1I)c1ccnn1C,0,test,0.5471431630409949,0.9829632667385092,0.0008274283174653,0.1838021116384643,0.86946118700201,1050.7994090236784,4970.722552240485,5717.01488985384,3.971195839156769,0.2215718998810827
1-[3-[(2R)-2-hydroxy-3-morpholin-4-ylpropoxy]phenyl]-3-phenylpropan-1-one,O=C(CCc1ccccc1)c1cccc(OC[C@H](O)CN2CCOCC2)c1,1,test,0.5032767409943034,0.9783172878948416,0.0004766840686701,0.2071117674254214,0.884650432455729,1855.8422456274416,7926.9838965336,8960.58330580231,5.036455460815194,0.1903582234672544
"2-[[2-[2-hydroxyethyl(methyl)amino]-4,8-di(piperidin-1-yl)pyrimido[5,4-d]pyrimidin-6-yl]-methylamino]ethanol",CN(CCO)c1nc(N2CCCCC2)c2nc(N(C)CCO)nc(N3CCCCC3)c2n1,0,test,0.1910339379221814,0.8641563849345069,0.000161904424158,0.503223352376382,0.593754525070022,3667.3150110478414,4327.07439427064,7287.648702568362,4.145708164592668,0.1807883178733591
"2-[[2-(2-hydroxyethylamino)-4,8-di(piperidin-1-yl)pyrimido[5,4-d]pyrimidin-6-yl]amino]ethanol",OCCNc1nc(N2CCCCC2)c2nc(NCCO)nc(N3CCCCC3)c2n1,0,test,0.1964373894303926,0.8643084587161474,0.0001642250161332,0.5029621140719425,0.5829712220966904,3549.8320281711885,4114.524449857315,7057.851732473491,4.203860893872029,0.1616347908987203
"2-N,2-N,6-N,6-N-tetramethyl-4,8-di(piperidin-1-yl)pyrimido[5,4-d]pyrimidine-2,6-diamine",CN(C)c1nc(N2CCCCC2)c2nc(N(C)C)nc(N3CCCCC3)c2n1,0,test,0.2777469059364665,0.9261055449124178,0.0003055450908652,0.377264522162466,0.6705206310480921,2194.5063137792004,3900.344908977628,5816.890231820296,3.93555864194167,0.121582047331055
Dipyridamole,OCCN(CCO)c1nc(N2CCCCC2)c2nc(N(CCO)CCO)nc(N3CCCCC3)c2n1,1,test,0.191165021537419,0.8804079052969488,0.0001457396289374,0.4742171657486039,0.6480879383944925,4446.888901252806,6077.331797411355,9377.325880291372,4.440575937494934,0.242174549884108
N-Benzylbenzamide,O=C(NCc1ccccc1)c1ccccc1,0,test,0.5145586440125091,0.9781809070630466,0.0022937669077092,0.2077549350973772,0.9971173947507892,434.7073764991121,2086.372997736876,2092.4045741457817,3.3043558209531545,0.2827915122737374
N-N-DIETHYLCYCLOHEXYL,c1ccc(Nc2cccc3ccccc23)cc1,0,test,0.3731337431217949,0.958307657848254,0.0015310151212782,0.2857383994310069,0.8478878420925011,553.8076210407402,1643.344925546117,1938.163096537048,3.070668198553184,0.2565593414104344
Cefmetazole,CO[C@]1(NC(=O)CSCC#N)C(=O)N2C(C(=O)O)=C(CSc3nnnn3C)CS[C@H]21,0,test,0.3778338270953152,0.9592294005677596,0.0003328557049782,0.2826286558125639,0.829179297193976,2491.107362116884,7308.4402776365405,8814.065066951163,4.442611190560955,0.1726182457017734
Zolmitriptan,CN(C)CCc1c[nH]c2ccc(C[C@H]3COC(=O)N3)cc12,0,test,0.3984338612784679,0.9628608359180636,0.0006711701111145,0.2699981678737244,0.8011152509293499,1193.6098429636618,3541.5760647116326,4420.807194224746,3.991372916619514,0.1482292370258214
Etidronic acid,CC(O)(P(=O)(O)O)P(=O)(O)O,0,test,0.1464309752794767,0.8642103298723313,0.0024962543932304,0.5031307044317175,0.9284436582591687,371.93471177336727,686.343372389629,739.2407350560425,2.088621074450655,0.5815845175272228
Pepstatin,CC(C)CC(=O)N[C@@H](C(=O)N[C@H](C(=O)N[C@@H](CC(C)C)[C@H](O)CC(=O)N[C@H](C)C(=O)N[C@H](CC(C)C)[C@@H](O)CC(=O)O)C(C)C)C(C)C,0,test,0.5395239646630501,0.9813921813918214,0.0002023825182467,0.1920140263183978,0.9757336010349148,4821.234608046693,24499.46337640449,25108.76262785156,6.298981744098842,0.2628342255614033
Acetohydroxamic acid,CC(=O)NO,0,test,0.3795748809995619,0.9575269684937604,0.0150529377629045,0.2883437264917499,0.7330571776095687,48.698612135105385,123.80663730613492,168.8908329222788,1.5079597122588086,0.1532362236425773
Metrifonate,COP(=O)(OC)[C@H](O)C(Cl)(Cl)Cl,0,test,0.1795942155057156,0.8859229039186188,0.0015538325410684,0.4638325218356318,0.942646313675668,606.6588829627092,1232.9121671335668,1307.926577812693,2.47247679904719,0.366551551348503
Bosulfan,CS(=O)(=O)OCCCCOS(C)(=O)=O,0,test,0.5505060844878635,0.9831292552943164,0.0019194264273339,0.1829121848987723,0.9193822508813028,478.98801318388,2407.5655645897564,2618.677445950157,3.342991565014896,0.2257009015044588
"[(2S)-1-methoxy-3-methyl-1-oxobutan-2-yl](2S,3R)-3-hydroxy-2-methyldecanoate",CCCCCCC[C@@H](O)[C@H](C)C(=O)O[C@H](C(=O)OC)C(C)C,1,test,0.6627888898912052,0.9915572880434576,0.0011816427415145,0.1296693661891809,0.9522371213126394,805.8587319650509,5917.88655765852,6214.719448765907,4.5214950525819,0.1536341285793776
Carmustine,O=NN(CCCl)C(=O)NCCCl,0,test,0.4694424533586688,0.9737021456458118,0.0022850133488608,0.2278247825956214,0.9246523081755258,404.659477650964,1642.355654956115,1776.187265672567,2.988401888075588,0.2093579960376518
Carisoprodol,CCC[C@@](C)(COC(N)=O)COC(=O)NC(C)C,0,test,0.4327281231069858,0.9688910319574424,0.00109584481976,0.2474877132151053,0.8577996215169463,782.7747196038149,2713.1199746695293,3162.883156641647,3.5761589990321525,0.2195841460105786
Mannitol,OC[C@@H](O)[C@@H](O)[C@H](O)[C@H](O)CO,0,test,0.3400873284042102,0.9507576380292442,0.0025967769907457,0.3099353379804447,0.8795814994637878,338.7204610170242,961.2722864767928,1092.8746080525857,2.56273382719833,0.3502258934132114
Mechlorethamine,CN(CCCl)CCCl,0,test,0.5928167831615433,0.9869182270453432,0.0042373080810754,0.161221627350913,0.8675570766959261,204.74250634986535,1101.7492702617874,1269.9444219367997,2.8731246145912865,0.2685774997545236
Mesna,O=S(=O)(O)CCS,0,test,0.3881585454482823,0.9595764225422914,0.0069572389812165,0.2814482000314408,0.9516383143306965,136.78390477888942,462.496489786794,486.0002826936153,1.953460852212714,0.4490711739267141
(2S)-2-amino-4-(methylsulfonimidoyl)butanoicacid,CS(=N)(=O)CC[C@H](N)C(=O)O,0,test,0.4427022298665846,0.970060535089248,0.003383395370412,0.2428632501272302,0.907432281672214,268.2016679480474,1002.1065408903646,1104.3320379165762,2.5666791207772794,0.3249065681324167
Aldicarb,CNC(=O)O/N=C/C(C)(C)SC,0,test,0.7006660631055381,0.9935280622916752,0.0045990811004029,0.1135869245949952,0.9742095505981356,211.8269996397287,1816.792618159011,1864.888942059288,3.198693976546737,0.1834220302480772
Aldoxycarb,CNC(=O)O/N=C/C(C)(C)S(C)(=O)=O,0,test,0.5421588122866469,0.9817514987689744,0.0026142705509974,0.1901683324448948,0.9702445897980536,371.13396294346177,1893.5367156387551,1951.6076003401115,3.079733370004952,0.2701494867970551
Deferoxamine,CC(=O)N(O)CCCCCNC(=O)CCC(=O)N(O)CCCCCNC(=O)CCC(=O)N(O)CCCCCN,0,test,0.6515389098159191,0.9908948606082174,0.0002619050489065,0.1346379412358254,0.9472270743965884,3616.6812299005305,25444.672942697736,26862.27371499779,7.061876264114755,0.1196382516642164
Lannate,CNC(=O)O/N=C(\C)SC,0,test,0.5990074579872179,0.9873367030531556,0.0045350346410183,0.1586386926450327,0.8498571544583167,187.39816158658567,1003.927009869255,1181.2891197099348,2.704297124484558,0.0689817510986333
N-acetylaspartate,CC(=O)N[C@H](CC(=O)O)C(=O)O,0,test,0.2412925474229791,0.92077141143428,0.0022416962337439,0.3901025607264376,0.8407976872981001,375.0720881097434,808.4021383132881,961.4704589769806,2.4745736148268094,0.3475381331427524
Meprobamate,CCCC(C)(COC(N)=O)COC(N)=O,0,test,0.1468504221009092,0.8212412660663249,0.0006218211816378,0.5705810923171043,0.5993675573636132,963.8905445209828,1012.5199187538976,1689.3138547698215,2.897909318977662,0.4060300053001946
Mevinphos,COC(=O)/C=C(/C)OP(=O)(OC)OC,0,test,0.4145148332684547,0.9659244066834298,0.0019258835634498,0.2588243430847725,0.8623099945258051,447.7477303877753,1491.7350444628232,1729.9289744207902,2.8609800072733518,0.1587576729731287
Indomethacin,COc1ccc2c(c1)c(CC(=O)O)c(C)n2C(=O)c1ccc(Cl)cc1,0,test,0.4097166784569845,0.9645962943935332,0.000503578000906,0.2637309023270964,0.7858301667639375,1560.4934396460994,4649.750215430606,5916.991243258527,4.116707183264136,0.1410265592181032
"2-[(4-benzoylbenzoyl)amino]-N-[2-[(2S)-6,7-dimethoxy-3,4-dihydro-1H-isoquinolin-2-yl]ethyl]benzamide",COc1cc2c(cc1OC)CN(CCNC(=O)c1ccccc1NC(=O)c1ccc(C(=O)c3ccccc3)cc1)CC2,1,test,0.3994543080806655,0.963301864652787,0.0001693007842183,0.2684204119594183,0.8604381706956457,5082.304696156297,16291.640876923157,18934.12151131291,5.979635228556585,0.2272672352270099
"N-[2-[[4-[2-[(3,4-dimethoxyphenyl)methyl-methylamino]ethyl]phenyl]carbamoyl]phenyl]quinoxaline-2-carboxamide",COc1ccc(CN(C)CCc2ccc(NC(=O)c3ccccc3NC(=O)c3cnc4ccccc4n3)cc2)cc1OC,1,test,0.6325664896999197,0.9898088000603396,0.000233193411118,0.1424027363610358,0.8927050264198964,3828.174313072586,23998.348196253537,26882.73000152861,6.893328435507074,0.0849556514239529
Bendroflumethiazide,NS(=O)(=O)c1cc2c(cc1C(F)(F)F)N[C@@H](Cc1ccccc1)NS2(=O)=O,0,test,0.3785608742639021,0.9593962071756058,0.000467259853355,0.2820619039449714,0.8376477207712344,1792.680699522234,5323.777798501785,6355.628585248349,3.9980096768265634,0.2224621416100969
"N-[2-[[(1R,2R)-1-[2-(3,4-dimethoxyphenyl)ethyl]pyrrolidin-2-yl]methylcarbamoyl]phenyl]quinoline-3-carboxamide",COc1ccc(CCN2CCC[C@H]2CNC(=O)c2ccccc2NC(=O)c2cnc3ccccc3c2)cc1OC,1,test,0.2539549318270784,0.905836204897262,9.894638572312632e-05,0.4236281032902862,0.6034881556234856,6099.142997624771,8688.6600061051,14397.399394075148,5.204917271260754,0.0650908908067955
"N-{2-[({1-[2-(3,4-dimethoxyphenyl)ethyl]pyrrolidin-2-yl}methyl)carbamoyl]phenyl}quinoline-3-carboxamide",COc1ccc(CCN2CCC[C@@H]2CNC(=O)c2ccccc2NC(=O)c2cnc3ccccc3c2)cc1OC,1,test,0.5934663041041977,0.9869855289838622,0.0002466206848953,0.1608090966843782,0.8811573743093188,3572.925663892041,19577.933472113917,22218.430036359583,6.489533278201114,0.1014419001670333
Cletoquine,C[C@H](CCCNCCO)Nc1ccnc2cc(Cl)ccc12,0,test,0.5068466010100695,0.9787577316046994,0.0007054741892847,0.2050202497901682,0.8731953310733396,1237.7424211063712,5271.630018437935,6037.171559263837,4.514348835143026,0.194076338682092
1-[2-[(2S)-3-(4-benzylpiperidin-1-yl)-2-hydroxypropoxy]phenyl]-3-phenylpropan-1-one,O=C(CCc1ccccc1)c1ccccc1OC[C@@H](O)CN1CCC(Cc2ccccc2)CC1,1,test,0.5492810337197164,0.983054149158558,0.0003436361164112,0.183315410760098,0.9125187011838072,2655.479612311225,13218.609372768396,14485.850378320947,5.759513502940832,0.168302415031689
tetramethylBLAHdione,C[C@H]1CC[C@@H]2COC3=C(C(=O)C4=C(C3=O)[C@H]3C[C@@H](C)CC[C@H]3C(C)(C)O4)[C@H]2C1,1,test,0.4375532173081212,0.9694673669270776,0.0006262151469581,0.2452203589906005,0.889297045595302,1420.1142369601553,5150.075632117073,5791.175915432817,4.009230477675566,0.2426607517952776
Oxalamine,CCN(CC)CCc1nc(-c2ccccc2)no1,0,test,0.6875507747440196,0.9930207157548048,0.0020331108538959,0.1179400613948259,0.9208557659079802,452.9294426535416,3536.395384946774,3840.335822255318,3.9947047224894776,0.1021053301359366
1-[2-[(2S)-2-hydroxy-3-piperidin-1-ylpropoxy]-5-phenylmethoxyphenyl]-3-phenylpropan-1-one,O=C(CCc1ccccc1)c1cc(OCc2ccccc2)ccc1OC[C@@H](O)CN1CCCCC1,1,test,0.5378905562044244,0.982057047698344,0.0003378456979751,0.1885840795666816,0.8634181912815676,2555.658386229318,11700.891965227916,13551.824693269824,5.418274467952418,0.120605501881062
Prinixic acid,Cc1cccc(Nc2cc(Cl)nc(SCC(=O)O)n2)c1C,0,test,0.4813452077016927,0.974867367691551,0.0009331573902339,0.222786030554311,0.952597713385388,1020.8328448715164,4364.9192516864005,4582.122327560644,3.923236652847986,0.150411540929712
Methixene,CN1CCC[C@H](CC2c3ccccc3Sc3ccccc32)C1,1,test,0.2981826299421127,0.9395676948347876,0.0005912779398765,0.3423631797124849,0.7844438576575173,1326.6922453106172,3039.79996829613,3875.1020084133097,3.649015645230981,0.209747899012778
Tiaramide,O=C(Cn1c(=O)sc2ccc(Cl)cc21)N1CCN(CCO)CC1,0,test,0.4323014293744519,0.968581303061252,0.0005225311533263,0.2486971237472742,0.806859947209851,1544.137497015136,5009.718972835685,6208.907741869532,4.234729952169937,0.1597216384333988
Parhexilene,C1CCC(C(C[C@@H]2CCCCN2)C2CCCCC2)CC1,1,test,0.1735959189877561,0.8661110297543305,0.0004358292255072,0.4998516621337708,0.6424115856490427,1473.9984105043484,1894.389331615052,2948.87167967419,3.373812899724134,0.2897626002541394
Betulinic acid,C=C(C)[C@@H]1CC[C@@]2(C(=O)O)CC[C@]3(C)[C@H](CC[C@H]4[C@]3(C)CC[C@@H]3C(C)(C)[C@H](O)CC[C@@]34C)[C@@H]12,0,test,0.3877985894884331,0.9603332741741016,0.0004683519974015,0.2788548054347459,0.9199193044741204,1964.162231778301,6479.6113207188455,7043.673601808987,4.117695094544814,0.377171928172512
Benzidamine,CN(C)CCCOc1nn(Cc2ccccc2)c2ccccc12,1,test,0.3286144054348636,0.9479879920101252,0.000532783103876,0.3183060901154903,0.7960894679202425,1494.209298546761,3737.045323292361,4694.252937493657,4.004903777153267,0.2293897678842696
1-[2-(3-phenethyl-1-benzofuran-2-yl)ethyl]piperidine,c1ccc(CCc2c(CCN3CCCCC3)oc3ccccc23)cc1,1,test,0.2445308322517803,0.908449603360757,0.0002885298857583,0.4179943996678464,0.6397195052649748,2217.168954902721,3393.2661012834515,5304.30301617573,4.0453864980959855,0.1492972420763732
"N-[2-[[4-[2-[(2S)-6,7-dimethoxy-3,4-dihydro-1H-isoquinolin-2-yl]ethyl]phenyl]carbamoyl]phenyl]thiophene-3-carboxamide",COc1cc2c(cc1OC)CN(CCc1ccc(NC(=O)c3ccccc3NC(=O)c3ccsc3)cc1)CC2,1,test,0.5820961214597045,0.986069810789664,0.0002331079472677,0.1663319820396432,0.8855858868425027,3799.0377300411274,20226.86290424136,22840.091745769445,6.577264646423877,0.1241631823188881
Haloperidol,O=C(CCCN1CCC(O)(c2ccc(Cl)cc2)CC1)c1ccc(F)cc1,1,test,0.8770083464621659,0.999069506809827,0.0018731953243557,0.0431291150241794,0.9935408221055828,530.3989440862442,12218.49793708829,12297.932470649748,5.772207980222921,0.1177422952518638
Vanoxerine,Fc1ccc(C(OCCN2CCN(CCCc3ccccc3)CC2)c2ccc(F)cc2)cc1,1,test,0.5609883236155778,0.984212856058592,0.0003373732193832,0.1769888526687171,0.8990719484474622,2664.917950781687,13537.310052778228,15056.981898005784,5.889676196170004,0.1809203920150151
"methyl(3R,4S)-3-(methoxymethoxy)-4-[methyl(phenylmethoxycarbonyl)amino]-5-phenylpentanoate",COCO[C@H](CC(=O)OC)[C@H](Cc1ccccc1)N(C)C(=O)OCc1ccccc1,1,test,0.2775814508000294,0.9333904800994046,0.0003383663409329,0.3588623854067225,0.8718319459486874,2576.5918192244712,6259.655932242651,7179.888235720912,4.390213881860861,0.4335469053508717
"methyl(3R,4S)-3-hydroxy-4-[methyl(phenylmethoxycarbonyl)amino]-5-phenylpentanoate",COC(=O)C[C@@H](O)[C@H](Cc1ccccc1)N(C)C(=O)OCc1ccccc1,1,test,0.2832551459479274,0.9354551538102036,0.0003546879311269,0.3534454062651384,0.8063854365846426,2273.5068374681973,5187.00419134798,6432.41303230496,4.32455664505839,0.2596776736106685
Graveoline,Cn1c(-c2ccc3c(c2)OCO3)cc(=O)c2ccccc21,0,test,0.5972889482725763,0.9871365307477018,0.0016160176386713,0.1598795473579769,0.9336091716061906,577.7221419277045,3373.581544711369,3613.483722431117,3.680033613467145,0.1853558229868813
Eletriptan,CN1CCC[C@H]1Cc1ccc2[nH]cc(CCS(=O)(=O)c3ccccc3)c2c1,0,test,0.194380779166126,0.8954475727587696,0.0003242725571378,0.4451669848949132,0.7352930763458637,2267.515582680985,3745.310333032149,5093.629266366773,3.810136667110776,0.3222978776362292
Pentylentetrazole,C1CCc2nnnn2CC1,1,test,0.2892098045180993,0.9347694652763936,0.0036817238985172,0.3552549039589526,0.730627801396834,198.44720069614343,408.1324151255976,558.605098718279,2.0533795214057893,0.3362481782918038
1-[4-[(2R)-2-hydroxy-3-morpholin-4-ylpropoxy]phenyl]-3-phenylpropan-1-one,O=C(CCc1ccccc1)c1ccc(OC[C@H](O)CN2CCOCC2)cc1,1,test,0.6758408398462515,0.9922969517618296,0.0008896332699307,0.1238820387472745,0.9552564978431884,1073.7643590122684,8279.815148920947,8667.635517387638,4.938473592197061,0.1271178010836467
1-[4-[(2R)-2-hydroxy-3-morpholin-4-ylpropoxy]phenyl]-3-phenylpropan-1-one,O=C(CCc1ccccc1)c1ccc(OC[C@@H](O)CN2CCOCC2)cc1,1,test,0.5324786553973616,0.980855518462756,0.0006197833812281,0.1947368786366819,0.9614519286237446,1551.270908101046,7658.910920485067,7965.9842499336355,4.821296236759808,0.2781198567113793
Veratroylzygadenine,COc1ccc(C(=O)O[C@H]2CC[C@@]3(C)[C@H]4CC[C@H]5[C@]6(O)[C@H](C[C@@]53O[C@]24O)[C@@H]2CN3C[C@@H](C)CC[C@H]3[C@@](C)(O)[C@H]2[C@@H](O)[C@H]6O)cc1OC,0,test,0.0,0.0,0.0,0.0,0.0,0.0,0.0,0.0,0.0,0.0
"6-chloro-4-N,4-N,7-N,7-N-tetramethyl-2-piperazin-1-ylpteridine-4,7-diamine",CN(C)c1nc2nc(N3CCNCC3)nc(N(C)C)c2nc1Cl,0,test,0.3959834704419131,0.9614126467764808,0.0005652772642972,0.2751103826071305,0.7543769347402003,1334.525519397993,3659.386683685047,4850.872972336174,3.822804571859357,0.101699932374423
Ketotifen,CN1CCC(=C2c3ccccc3CC(=O)c3sccc32)CC1,0,test,0.1687015448392315,0.8797520439348953,0.00048380269484,0.4754327935601142,0.7366603416829496,1522.6462141275997,2359.2673781760523,3202.652898059028,3.3834333577812448,0.3943435218936371
Cilostazol,O=C1CCc2cc(OCCCCc3nnnn3C3CCCCC3)ccc2N1,1,test,0.7192390128562346,0.9944304934134072,0.0009624165995854,0.1053944674523654,0.971197501720936,1009.1238057814758,9298.956034338746,9574.73224329886,5.187222817781967,0.1532073069379277
Fexofenadine,CC(C)(C(=O)O)c1ccc([C@H](O)CCCN2CCC(C(O)(c3ccccc3)c3ccccc3)CC2)cc1,0,test,0.635137470634514,0.9897738829931576,0.0004227586282665,0.1426452261544241,0.9566406638671026,2262.853079521362,15175.672755312144,15863.50374650221,5.761195149900633,0.2016598986916113
Terfenadine,CC(C)(C)c1ccc([C@H](O)CCCN2CCC(C(O)(c3ccccc3)c3ccccc3)CC2)cc1,1,test,0.7054707198355464,0.993861482673254,0.0004881138361308,0.1106316105754658,0.9481166979711276,1942.408978787924,16646.511584694257,17557.450069507355,6.190009536489509,0.1127622501597946
Hesperidin,COc1ccc([C@@H]2CC(=O)c3c(O)cc(O[C@H]4O[C@@H](CO[C@H]5O[C@H](C)[C@H](O)[C@H](O)[C@@H]5O)[C@H](O)[C@@H](O)[C@H]4O)cc3O2)cc1O,0,test,0.5694433390703287,0.9849636061738128,0.0002321026726383,0.1727619591029179,0.9008433917177376,3881.2279991331343,20238.12772744765,22465.75588333659,6.176502474233361,0.1220252086169714
"[(2S,3S,4S)-4-[[(2S)-5-(diethylamino)pentan-2-yl]amino]-2-methyl-1,2,3,4-tetrahydroquinolin-3-yl]4-methylbenzoate",CCN(CC)CCC[C@H](C)N[C@H]1c2ccccc2N[C@@H](C)[C@@H]1OC(=O)c1ccc(C)cc1,1,test,0.2655632277000828,0.9286932576498228,0.0002153571257563,0.370848800990053,0.7677970558448219,3565.2270764127,7381.366328757081,9613.694494615143,4.846710142694778,0.2527782255468901
Picotamide,COc1ccc(C(=O)NCc2cccnc2)cc1C(=O)NCc1cccnc1,0,test,0.5853202380897021,0.9861461443403008,0.0006713147229267,0.1658788172213628,0.9360042027278516,1394.285229805695,7867.531591800054,8405.444728636097,4.844350789107589,0.1718623034687777
1-[4-[(2R)-3-[4-(4-fluorophenyl)piperazin-1-yl]-2-hydroxypropoxy]phenyl]-3-phenylpropan-1-one,O=C(CCc1ccccc1)c1ccc(OC[C@H](O)CN2CCN(c3ccc(F)cc3)CC2)cc1,1,test,0.8581351536255596,0.9987579233021188,0.0008790349435217,0.0498258029663257,0.9702911679535166,1103.8141033008271,21495.30989433651,22153.46341827805,6.955169086634641,0.0545143193670977
"1-[4-[(2R)-3-[4-(2,3-dimethylphenyl)piperazin-1-yl]-2-hydroxypropoxy]phenyl]-3-phenylpropan-1-one",Cc1cccc(N2CCN(C[C@@H](O)COc3ccc(C(=O)CCc4ccccc4)cc3)CC2)c1C,1,test,0.6387637031038568,0.9902129133003016,0.0003497970944724,0.1395649896404172,0.8972377424667651,2565.023428281834,16490.065567987356,18378.702530559414,6.292985453882212,0.0777592127124385
1-[4-[(2R)-3-[4-(4-fluorophenyl)piperazin-1-yl]-2-hydroxypropoxy]phenyl]-3-phenylpropan-1-one,O=C(CCc1ccccc1)c1ccc(OC[C@@H](O)CN2CCN(c3ccc(F)cc3)CC2)cc1,1,test,0.7320379190187937,0.9950243222494344,0.0004582823217699,0.0996323146978614,0.9613978418072474,2097.828775271391,20242.91077792601,21055.706490741795,6.848976876915611,0.109249019824061
Dicumarol,O=c1c(Cc2c(O)oc3ccccc3c2=O)c(O)oc2ccccc12,0,test,0.5380478117565217,0.9816218290120108,0.0010536600379625,0.1908365394968016,0.9477553034368914,899.4887053603559,4467.148655780085,4713.398742882942,3.871268181349993,0.1988284202130267
Chlorthiazide,NS(=O)(=O)c1cc2c(cc1Cl)NC=NS2(=O)=O,0,test,0.3691003443704771,0.9570221875893392,0.0010256982559497,0.2900147107677744,0.7885050291061274,768.7495075011125,2090.110709152485,2650.72590788913,3.052091384333825,0.1015711793065168
Tiodazosin,COc1cc2nc(N3CCN(C(=O)c4nnc(SC)o4)CC3)nc(N)c2cc1OC,0,test,0.7265896708419888,0.9948554035254982,0.0006819103954431,0.1013051137708176,0.9184981525116264,1346.9484534177134,12212.312093063822,13295.957166238542,5.578533075941209,0.0588241672246162
"4-{4-[2-(3,4-Difluorophenyl)ethyl]piperazin-1-yl}-5,6,7,8-tetrahydro-1,3,4b-triazafluorene-9-carboxylic Acid (Pyridin-2-ylmethyl)amide",O=C(NCc1ccccn1)c1c2n(c3c(N4CCN(CCc5ccc(F)c(F)c5)CC4)ncnc13)CCCC2,1,test,0.7798327806553386,0.9968020529250792,0.0005650736074148,0.0799103703179214,0.9577957209761124,1694.9928441321615,20315.97259199316,21211.17493747901,6.3758950174169975,0.1003063213031611
Phyllabine,COc1cc(C(=O)OC2C[C@@H]3CC[C@H](C2)N3C)ccc1O,0,test,0.6899156752227656,0.993120408631494,0.0017005849356978,0.1170976257642093,0.9344123279069146,549.4652506277023,4384.607293207096,4692.368842166952,4.064551328298364,0.1379045756968823
Convolamine,COc1ccc(C(=O)OC2C[C@@H]3CC[C@H](C2)N3C)cc1OC,0,test,0.6659543753178471,0.9918461718506856,0.0013619803645688,0.1274408544586089,0.9189232600242708,674.6964082078995,4864.956576059643,5294.192439890082,4.211727754471787,0.120717411682432
Monensin,CC[C@@]1([C@H]2O[C@@H]([C@H]3O[C@@](O)(CO)[C@@H](C)C[C@H]3C)C[C@@H]2C)CC[C@H]([C@]2(C)CC[C@@]3(C[C@@H](O)[C@@H](C)[C@@H]([C@H](C)[C@@H](OC)[C@@H](C)C(=O)O)O3)O2)O1,1,test,0.4924272191469099,0.9759361472730111,0.0002127550441822,0.2180564982886574,0.972735399421544,4572.090890536868,20395.7905107262,20967.4599308866,5.851075874121555,0.3024365748215477
Parthenolide,C=C1C(=O)O[C@@H]2[C@H]1CCC(C)=CCC[C@@]1(C)O[C@@H]21,0,test,0.1705017753076994,0.8774201715202277,0.0007536129976591,0.4797226726030513,0.7080822763320019,939.583418188629,1386.84786763313,1958.5970641960707,2.937340228623901,0.2557639943301081
Gelsemin,C=C[C@]12CN(C)[C@@H]3[C@H]4CO[C@H](C[C@@H]41)[C@@]1(C(=O)Nc4ccccc41)[C@@H]32,0,test,0.0,0.0,0.0,0.0,0.0,0.0,0.0,0.0,0.0,0.0
3-(4-dimethylaminophenyl)-1-[2-[(2S)-2-hydroxy-3-[4-(2-methylphenyl)piperazin-1-yl]propoxy]-4-methoxyphenyl]propan-1-one,COc1ccc(C(=O)CCc2ccc(N(C)C)cc2)c(OC[C@@H](O)CN2CCN(c3ccccc3C)CC2)c1,1,test,0.2949043021760705,0.9364489414460804,0.000118802726805,0.3508039054293941,0.7292814741792679,6138.592049119976,12761.435633071598,17498.642273113128,5.8505359781676205,0.1448473136772752
1-[2-[(2R)-2-hydroxy-3-[4-(2-methylphenyl)piperazin-1-yl]propoxy]phenyl]-3-(4-methylphenyl)propan-1-one,Cc1ccc(CCC(=O)c2ccccc2OC[C@H](O)CN2CCN(c3ccccc3C)CC2)cc1,1,test,0.7243341634774014,0.9945652770865828,0.0006339257924281,0.1041148866094014,0.9929812562694922,1566.3998343811886,14939.320648731373,15044.917066064823,5.77735279957741,0.1711269057287734
"1-[4,5-dichloro-2-[(2S)-2-hydroxy-3-[4-(2-methylphenyl)piperazin-1-yl]propoxy]phenyl]-3-phenylpropan-1-one",Cc1ccccc1N1CCN(C[C@H](O)COc2cc(Cl)c(Cl)cc2C(=O)CCc2ccccc2)CC1,1,test,0.5331770023666371,0.9813106638638306,0.0003294849250227,0.1924301977006936,0.9291370517503614,2819.968323850374,13616.038884536782,14654.499956584565,5.428639053955088,0.2026754644345761
1-[2-[(2S)-2-hydroxy-3-[4-(2-methylphenyl)piperazin-1-yl]propoxy]phenyl]-3-phenylpropan-1-one,Cc1ccccc1N1CCN(C[C@H](O)COc2ccccc2C(=O)CCc2ccccc2)CC1,1,test,0.4411846842437088,0.9700532294928932,0.0003336746966217,0.2428924287630393,0.8857438031278204,2654.5129495743176,9680.08104403206,10928.75954632577,5.036202570899636,0.2160028779009955
3-(4-dimethylaminophenyl)-1-[2-[(2R)-2-hydroxy-3-[4-(2-methylphenyl)piperazin-1-yl]propoxy]phenyl]propan-1-one,Cc1ccccc1N1CCN(C[C@@H](O)COc2ccccc2C(=O)CCc2ccc(N(C)C)cc2)CC1,1,test,0.3094622068975371,0.9428283366520556,0.0002328772018451,0.3332787536071242,0.880851801299589,3782.47331349102,9997.032200509791,11349.27826197369,5.004506280166591,0.3516361520988397
3-(4-chlorophenyl)-1-[2-[(2S)-2-hydroxy-3-[4-(2-methylphenyl)piperazin-1-yl]propoxy]phenyl]propan-1-one,Cc1ccccc1N1CCN(C[C@H](O)COc2ccccc2C(=O)CCc2ccc(Cl)cc2)CC1,1,test,0.739101554116929,0.9953201893081212,0.0005937695501028,0.0966318827077587,0.9601833756619704,1617.0977031334962,16068.302591865668,16734.618614686853,5.908080364304775,0.1393599328825669
1-[2-[(2R)-2-hydroxy-3-[4-(2-methylphenyl)piperazin-1-yl]propoxy]phenyl]-3-(4-methoxyphenyl)propan-1-one,COc1ccc(CCC(=O)c2ccccc2OC[C@H](O)CN2CCN(c3ccccc3C)CC2)cc1,1,test,0.4526043220808061,0.9717063987871338,0.0002813308291333,0.2361920289851876,0.8905937109100667,3165.6456338386174,11936.491271868415,13402.847028496228,5.400776776689068,0.2245310069839391
1-[2-[(2S)-2-hydroxy-3-(4-phenylpiperazin-1-yl)propoxy]phenyl]-3-phenylpropan-1-one,O=C(CCc1ccccc1)c1ccccc1OC[C@@H](O)CN1CCN(c2ccccc2)CC1,1,test,0.5744165594470266,0.9852276512480932,0.0004758980364599,0.1712497451564975,0.9337722118881684,1962.1266329112,10698.873299600113,11457.690819440922,5.208220325888767,0.2089707439675433
1-[2-[(2R)-2-hydroxy-3-[4-(2-methoxyphenyl)piperazin-1-yl]propoxy]phenyl]-3-phenylpropan-1-one,COc1ccccc1N1CCN(C[C@@H](O)COc2ccccc2C(=O)CCc2ccccc2)CC1,1,test,0.2719991606836078,0.9222215170883948,0.0001373377501641,0.3866619627260738,0.6554456392642285,4772.508931309106,8090.064368685308,12342.845667211735,5.153088937616282,0.1109792986608505
1-[5-chloro-2-[(2S)-2-hydroxy-3-[4-(2-methylphenyl)piperazin-1-yl]propoxy]phenyl]-3-phenylpropan-1-one,Cc1ccccc1N1CCN(C[C@H](O)COc2ccc(Cl)cc2C(=O)CCc2ccccc2)CC1,1,test,0.4680753065442354,0.973323567863387,0.0003120230851398,0.2294367717731551,0.937222214688621,3003.695108868516,12269.741072570778,13091.602909398844,5.363305493628255,0.2802949918610559
1-[2-[(2S)-2-hydroxy-3-[4-(3-methoxyphenyl)piperazin-1-yl]propoxy]phenyl]-3-phenylpropan-1-one,COc1cccc(N2CCN(C[C@H](O)COc3ccccc3C(=O)CCc3ccccc3)CC2)c1,1,test,0.7350130794777394,0.9951711675353696,0.000553908342231,0.0981547110753701,0.9519871590387322,1718.6727233682925,16669.137378239397,17509.83426611661,6.149696076329871,0.0944688883190441
1-[2-[(2S)-2-hydroxy-3-[4-(4-methoxyphenyl)piperazin-1-yl]propoxy]phenyl]-3-phenylpropan-1-one,COc1ccc(N2CCN(C[C@H](O)COc3ccccc3C(=O)CCc3ccccc3)CC2)cc1,1,test,0.7343675949575662,0.9951080845004876,0.0005345354303255,0.0987922069890655,0.9663873808201544,1807.9014523539215,17684.928827580858,18300.04114144371,6.309945710204466,0.1103762175231032
"1-[2-[(2R)-3-[4-(2,3-dimethylphenyl)piperazin-1-yl]-2-hydroxypropoxy]phenyl]-3-phenylpropan-1-one",Cc1cccc(N2CCN(C[C@@H](O)COc3ccccc3C(=O)CCc3ccccc3)CC2)c1C,1,test,0.4664288847667519,0.9737506046800491,0.0002913363503932,0.2276175737618662,0.8434607823022939,2895.1443277285853,10728.26082444215,12719.335681688128,5.279044206666555,0.1542435372652957
1-[2-[(2R)-2-hydroxy-3-[4-(2-methylphenyl)piperazin-1-yl]propoxy]-5-methylphenyl]-3-phenylpropan-1-one,Cc1ccc(OC[C@H](O)CN2CCN(c3ccccc3C)CC2)c(C(=O)CCc2ccccc2)c1,1,test,0.4115397014999108,0.9654420281745234,0.000234229075071,0.260617900832354,0.8396350967536933,3584.674944812792,11548.780358163254,13754.523128933812,5.52819552138487,0.1834304421589879
1-[2-[(2S)-3-[4-(4-fluorophenyl)piperazin-1-yl]-2-hydroxypropoxy]phenyl]-3-phenylpropan-1-one,O=C(CCc1ccccc1)c1ccccc1OC[C@@H](O)CN1CCN(c2ccc(F)cc2)CC1,1,test,0.5779485985413788,0.985726159521657,0.0003281484184413,0.1683565812039574,0.8809550822162587,2684.6238857423364,14047.761240285148,15946.058458445528,5.943322538210417,0.1013895040467235
1-[2-[(2R)-2-hydroxy-3-[4-(2-methoxyphenyl)piperazin-1-yl]propoxy]phenyl]-3-phenylpropan-1-one,COc1ccccc1N1CCN(C[C@H](O)COc2ccccc2C(=O)CCc2ccccc2)CC1,1,test,0.6943549881155774,0.9933238999657308,0.0005297634703787,0.1153587003952069,0.9439360322033832,1781.8065702578724,14579.84025757122,15445.792681033923,5.788753180930653,0.1219474231485858
"(2R)-7-[(2R)-3-[4-(2,3-dimethylphenyl)piperazin-1-yl]-2-hydroxypropoxy]-3-methylidene-2-phenylinden-1-one",C=C1c2cccc(OC[C@H](O)CN3CCN(c4cccc(C)c4C)CC3)c2C(=O)[C@@H]1c1ccccc1,1,test,0.5667292646314522,0.9847463443878433,0.0003596166833641,0.1739960839064466,0.8924102255949207,2481.559579624125,12727.6953283059,14262.157652688313,5.525620074577203,0.1347060309528948
Chlorthalidone,NS(=O)(=O)c1cc([C@@]2(O)NC(=O)c3ccccc32)ccc1Cl,0,test,0.3203128942084554,0.9448439848228048,0.0007656835129541,0.3275207540663086,0.9178282972545474,1198.7045322595488,3359.191520218432,3659.9345762890607,3.482650082973859,0.4478157507743635
"6-amino-4-[4-(dimethylamino)phenyl]-3-(4-methylphenyl)-4H-pyrano[2,3-c]pyrazole-5-carbonitrile",Cc1ccc(-c2n[nH]c3c2[C@H](c2ccc(N(C)C)cc2)C(C#N)=C(N)O3)cc1,1,test,0.1338102036953054,0.8250961526542666,0.000229182762725,0.5649923352357333,0.6390377175752227,2788.332377080898,3153.7588157676973,4935.168502626702,3.826467924140201,0.266233454517009
Metergoline,CN1C[C@@H](CNC(=O)OCc2ccccc2)C[C@H]2c3cccc4c3c(cn4C)C[C@H]21,1,test,0.3436221018707827,0.9519165292502164,0.0003938259980139,0.3063575057677248,0.8392349903975354,2130.979149750578,5837.598990096895,6955.85748555562,4.300294507895971,0.265058037725612
Moclobemide,O=C(NCCN1CCOCC1)c1ccc(Cl)cc1,0,test,0.5331879511772188,0.9815136786656976,0.0011978829636217,0.1913920024246818,0.900855923749034,752.0400165182764,3539.749285205467,3929.317876352881,3.910936537614736,0.3153994209663823
"2-(2,2-diphenyl-3,5-diazabicyclo[2.1.0]pent-1(4)-en-5-yl)aceticacid",O=C(O)CN1C2=C1C(c1ccccc1)(c1ccccc1)N2,0,test,0.2052502604154153,0.9003007143481925,0.0006048558608551,0.4352684502053121,0.7239523583123747,1196.9006256942048,1990.7232656723843,2749.798716469429,3.266019678834926,0.3222680365781666
Pirenzapine,CN1CCN(CC(=O)N2c3ccccc3C(=O)Nc3cccnc32)CC1,0,test,0.3429419979571825,0.951695783225506,0.00055311802395,0.3070425641353178,0.8558555633611113,1547.329008100445,4313.050679674377,5039.460937469621,3.9381115899955015,0.2230665535060342
"(1R,3R)-1-[(S)-[2-[bis(2-hydroxyethyl)amino]ethylamino]-[2-[bis(2-hydroxyethyl)amino]-6-[[(3R)-3-hydroxyhexyl]amino]-5-(methylamino)pyrimidin-4-yl]methyl]piperidin-3-ol",CCC[C@@H](O)CCNc1nc(N(CCO)CCO)nc([C@@H](NCCN(CCO)CCO)N2CCC[C@H](O)C2)c1NC,0,test,0.3006794861994271,0.9407391405929764,0.0001619073141808,0.3391310504161896,0.8534025031745347,5270.932369500506,13263.978254645466,15542.464669725448,5.388660086564561,0.2606772559247765
Isopyrin,Cc1c(NC(C)C)c(=O)n(-c2ccccc2)n1C,0,test,0.4359847383250091,0.9693835551518268,0.0014166662027997,0.2455514671127115,0.8626945412668844,608.9610520544381,2139.459322433456,2479.973177170701,3.2643547450964747,0.1950178661813947
Aminopyrine,Cc1c(N(C)C)c(=O)n(-c2ccccc2)n1C,0,test,0.4096351273998619,0.9649395228198407,0.0014799562335391,0.2624723172073926,0.8108554083046118,547.891478091579,1692.600472694923,2087.425767109231,3.058705206189676,0.1716933173882135
Dipyrone,Cc1c(N(C)CS(=O)(=O)O)c(=O)n(-c2ccccc2)n1C,0,test,0.3003522297081761,0.94062158346871,0.0007934937936528,0.3394569732864783,0.8558100041842959,1078.5339608574875,2719.107946488953,3177.2331863316267,3.3467226116234743,0.3025175018812152
Antipyrine,Cc1cc(=O)n(-c2ccccc2)n1C,0,test,0.3955570870056032,0.962216345695992,0.0022169800045627,0.2722860702927191,0.7927560664645961,357.5837692866096,1041.0988048947445,1313.2650116922684,2.683992060761019,0.1647194914703252
Strophanthidin,C[C@@]12CC[C@H]3[C@H](CC[C@@]4(O)C[C@H](O)CC[C@]34C=O)[C@@]1(O)CC[C@@H]2C1=CC(=O)OC1,0,test,0.5159897988000791,0.9790217633436952,0.0007616774365341,0.2037557039677718,0.9611949354228204,1261.9448723550386,5953.084976125713,6193.421081132735,4.071115579173333,0.3155322000811917
Ketanserin,O=C(c1ccc(F)cc1)C1CCN(CCn2c(=O)[nH]c3ccccc3c2=O)CC1,0,test,0.6964342573983188,0.993292892809818,0.0008700869962906,0.115625382565867,0.978162769515218,1124.2126059639304,9510.56672653313,9722.887665461456,5.073550660739837,0.1941070298731008
Ellagic acid,O=c1oc2c(O)c(O)cc3c(=O)oc4c(O)c(O)cc1c4c23,0,test,0.3297726153867454,0.9415286537409984,0.000613783463937,0.3369329223816858,0.6630670776834598,1080.2947890291248,2125.965915514663,3206.260704334913,3.257290536871454,1.4374901247478623e-10
Mebendazole,COC(=O)Nc1nc2ccc(C(=O)c3ccccc3)cc2[nH]1,1,test,0.7670157419553213,0.9963711592356326,0.0020461625790435,0.085114705212682,0.9598020945010276,469.07420961128827,5289.549058959158,5511.083054792703,4.368285840421075,0.0917681065743234
Skimmiamine,COc1ccc2c(OC)c3ccoc3nc2c1OC,0,test,0.3703568453640851,0.955679431431298,0.0009908292010178,0.294409280321037,0.7338713187139269,740.6637975143055,1846.245869738804,2515.762399563807,3.1370051774709915,0.0630039589886402
Evoxine,COc1c2ccoc2nc2c(OC)c(OC[C@H](O)C(C)(C)O)ccc12,0,test,0.4766609843065971,0.974986393115148,0.000785993578007,0.2222645568693176,0.8943584553153755,1137.8699271094856,4578.613903600484,5119.439388523407,3.949332350706422,0.2123695198520476
"4-{5-[4-(dimethylamino)phenyl]-2-[4-(3-phenoxyprop-1-en-1-yl)phenyl]imidazol-4-yl}-N,N-dimethylaniline",CN(C)c1ccc(-c2nc(-c3ccc(/C=C/COc4ccccc4)cc3)[nH]c2-c2ccc(N(C)C)cc2)cc1,1,test,0.5761483368077437,0.9855694152508307,0.0002293176565944,0.169271757012608,0.8711359479495553,3798.817591661777,19550.140095451603,22442.12300211917,6.669753075851629,0.0922227199344184
1-[2-[(2R)-2-hydroxy-3-piperidin-1-ylpropoxy]phenyl]propan-1-one,CCC(=O)c1ccccc1OC[C@H](O)CN1CCCCC1,1,test,0.4501787097318723,0.9715077390747664,0.0009023557646279,0.2370078330305466,0.8515677172240554,943.7161600837244,3390.766481740593,3981.79312479556,3.777560044981677,0.1720742561389419
1-[2-[(2S)-2-hydroxy-3-piperidin-1-ylpropoxy]-5-methylphenyl]ethanone,CC(=O)c1cc(C)ccc1OC[C@@H](O)CN1CCCCC1,1,test,0.6362094301457434,0.9900428924406228,0.0012834414721981,0.1407660155286243,0.9037681716275971,704.1756022420645,4521.059249657177,5002.454602395652,4.189244437894008,0.1054259474174961
1-[3-[(2R)-2-hydroxy-3-piperidin-1-ylpropoxy]phenyl]ethanone,CC(=O)c1cccc(OC[C@H](O)CN2CCCCC2)c1,1,test,0.7317100046399962,0.995011059858631,0.0019860367765753,0.0997646769102365,0.9611767851395338,483.9672640891073,4662.753525764319,4851.088371935064,4.24533902157838,0.1438679551788648
Sulfadimethoxine,COc1cc(NS(=O)(=O)c2ccc(N)cc2)nc(OC)n1,0,test,0.3343502063592289,0.9494346692031008,0.0007564907898967,0.3139646618891984,0.7985083412715441,1055.5427137196957,2684.5685638692444,3361.9793621621275,3.38269411733287,0.2139505626113088
"[(2S,3R,4S)-4-(benzylamino)-3-hydroxy-2-methyl-3,4-dihydro-2H-quinolin-1-yl]-(4-methylphenyl)methanone",Cc1ccc(C(=O)N2c3ccccc3[C@H](NCc3ccccc3)[C@@H](O)[C@@H]2C)cc1,1,test,0.2745963787371576,0.9307419767850404,0.0003281821667254,0.3656765957103017,0.7438593001583026,2266.6048785657945,4610.727452847615,6198.386511893303,4.112878206593827,0.2293414463512768
Nortritpyline,CNCCC=C1c2ccccc2CCc2ccccc21,0,test,0.1787862241191004,0.8715958803085694,0.0004759068589859,0.4902250722159463,0.6479500786206583,1361.5060728507735,1799.5570135946753,2777.308118282094,3.3575615167746857,0.2568422756057516
Amitriptylline,CN(C)CCC=C1c2ccccc2CCc2ccccc21,1,test,0.2588189827101217,0.9261289486735312,0.000645716508622,0.3772070657196915,0.763461202573742,1182.3473496178497,2393.0525470854063,3134.478266895643,3.47760683243933,0.2755207401756768
"(4R)-N-(2-ethoxyphenyl)-6-methyl-2-sulfanylidene-4-thiophen-2-yl-3,4-dihydro-1H-pyrimidine-5-carboxamide",CCOc1ccccc1NC(=O)C1=C(C)NC(=S)N[C@H]1c1cccs1,1,test,0.3715719181620665,0.9575316715748948,0.0004694900273803,0.2883281081181439,0.7887386072128915,1679.9901195216396,4595.712418228615,5826.6609193483655,4.025066414202714,0.184637161940041
Acetorphan,CC(=O)SC[C@@H](Cc1ccccc1)C(=O)NCC(=O)OCc1ccccc1,0,test,0.6197617823362207,0.988936005285948,0.0005689550204344,0.1483427701274031,0.8942347045365654,1571.714234727709,9474.552842046558,10595.1522502772,5.298148544586852,0.1051716326634817
1-[2-[(2S)-2-hydroxy-3-(4-hydroxy-4-phenylpiperidin-1-yl)propoxy]phenyl]-3-naphthalen-1-ylpropan-1-one,O=C(CCc1cccc2ccccc12)c1ccccc1OC[C@@H](O)CN1CCC(O)(c2ccccc2)CC1,1,test,0.645605820198927,0.990602023295615,0.0003515665029693,0.1367758437833006,0.9263417740490534,2634.8977113152027,17845.37205418083,19264.349891270096,6.244387775205344,0.1141497214673148
Cefazolin,Cc1nnc(SCC2=C(C(=O)O)N3C(=O)[C@H](NC(=O)Cn4cnnn4)[C@H]3SC2)s1,0,test,0.6518956409908125,0.9909795603506018,0.0006486342059622,0.1340130999840248,0.931452699681605,1436.02155285633,9981.010456205007,10715.53119081278,4.9342918974283965,0.0884662625357703
Desethylamodiaquine,CCNCc1cc(Nc2ccnc3cc(Cl)ccc23)ccc1O,1,test,0.5919391381338872,0.986791391613276,0.0009261779579572,0.1619961401945552,0.9176703191698616,990.8142504210336,5612.731441193172,6116.28307459103,4.404648166479536,0.1762848962731656
Amodiaquine,CCN(CC)Cc1cc(Nc2ccnc3cc(Cl)ccc23)ccc1O,1,test,0.5637714926349493,0.9840503565461152,0.0007870704944723,0.1778901227765718,0.957150822410828,1216.0928774906697,6543.276712895957,6836.202361938162,4.52845944050949,0.3107482918158332
Oxantel,O=C(O)c1cc2ccccc2c(Cc2cc3ccccc3c(C(=O)O)c2O)c1O,0,test,0.2941552387601386,0.9389069197580132,0.0004086591525097,0.3441711725733573,0.8215794111660715,2010.4270419992672,4799.139489249504,5841.35802823742,4.035715120792198,0.2828635530615798
"2,4,6,8-tetra(piperidin-1-yl)pyrimido[5,4-d]pyrimidine",C1CCN(c2nc(N3CCCCC3)c3nc(N4CCCCC4)nc(N4CCCCC4)c3n2)CC1,0,test,0.2450163093729604,0.9005489458629894,0.0001531004518455,0.4347546389689921,0.5995838793659957,3916.2776604399,5401.062442690614,9008.018108161508,4.440610278286635,0.0976600777804016
"(2R)-N-[3-(5,6-dihydrodibenzo[BLAH,BLAH][7]annulen-11-ylidene)propyl]-1-(3,4-dimethoxyphenyl)propan-2-amine",COc1ccc(C[C@@H](C)NCCC=C2c3ccccc3CCc3ccccc32)cc1OC,1,test,0.6288716031221885,0.9893178252134152,0.0005285039470675,0.1457746230144277,0.9601539482734864,1816.73940866662,11966.071186770629,12462.65893952483,5.539868057484425,0.2428809329784082
1-[2-[(2S)-3-[di(propan-2-yl)amino]-2-hydroxypropoxy]phenyl]-3-naphthalen-1-ylpropan-1-one,CC(C)N(C[C@H](O)COc1ccccc1C(=O)CCc1cccc2ccccc12)C(C)C,1,test,0.561246470534045,0.9840111700416218,0.0005101884094624,0.1781067579664472,0.9371032190306136,1836.7787304655392,9664.154693616283,10312.796389295692,5.015443434183397,0.1857537952618027
1-[2-[(2S)-3-[di(propan-2-yl)amino]-2-hydroxypropoxy]phenyl]-3-naphthalen-1-ylpropan-1-one,CC(C)N(C[C@@H](O)COc1ccccc1C(=O)CCc1cccc2ccccc12)C(C)C,1,test,0.6038613148498644,0.9877646619764706,0.0004670264989343,0.155951827660045,0.9040602088125332,1935.7792563706007,11221.80499573422,12412.674384235825,5.430151322218336,0.1176539789357297
Nalbuphine,Oc1ccc2c3c1O[C@H]1[C@@H](O)CC[C@@]4(O)[C@H](C2)N(CC2CCC2)CC[C@@]314,0,test,0.2753107958884768,0.9329225450816458,0.000556208817665,0.3600771096284579,0.8073392503874569,1451.5038682353495,3254.4585967288767,4031.091756243738,3.495906968918191,0.3148684293014424
1-[4-methoxy-2-[3-[4-(2-methylphenyl)piperazin-1-yl]-2-oxopropoxy]phenyl]-3-phenylpropan-1-one,COc1ccc(C(=O)CCc2ccccc2)c(OCC(=O)CN2CCN(c3ccccc3C)CC2)c1,1,test,0.3525106083070166,0.9538349974755714,0.0002210419459775,0.3003311465545601,0.862698050046613,3902.8703182624135,11210.953814735689,12995.223316118472,5.374235076996183,0.2536876216791739
Ketamine,CN[C@@]1(c2ccccc2Cl)CCCCC1=O,0,test,0.1651516153405421,0.8819937940984307,0.0011254930458868,0.4712610180906704,0.8219032802913346,730.2606473625119,1273.6118594461027,1549.5884856362345,2.7338128667182766,0.4481587284200098
Thonzylamine,COc1ccc(CN(CCN(C)C)c2ncccn2)cc1,0,test,0.3004986201577421,0.9371608835784097,0.0005049429335838,0.3488975183209745,0.713217058458325,1412.470619989069,2887.375483767805,4048.382535898812,3.817786039231504,0.1305114351461738
Vinclozolin,C=C[C@@]1(C)OC(=O)N(c2cc(Cl)cc(Cl)c2)C1=O,0,test,0.3624232523571483,0.9554301292918992,0.0008279446892407,0.2952173234098311,0.7788431336040806,940.6946426799726,2481.7431267485117,3186.4479760697072,3.3984397088337284,0.291984810131312
Harmol,C[C@H]1NCCc2c1[nH]c1ccccc21,0,test,0.4364802306873203,0.9688161681984484,0.0023929051333274,0.2477806131182899,0.780427935695684,326.1424470306805,1027.242097255529,1316.25490358675,2.677033710377925,0.1145315966551386
Cefuroxime,CO/N=C(/C(=O)N[C@@H]1C(=O)N2C(C(=O)O)=C(COC(N)=O)CS[C@H]12)c1ccco1,0,test,0.4980375188841762,0.9774525740104318,0.0005340713507264,0.2111550746735235,0.9192895373669716,1721.2859969300596,7493.829879488523,8151.762393546155,4.523377147517614,0.2068331834162681
N-phenylnaphthalen-1-amine,c1ccc(CNCCNCc2ccccc2)cc1,0,test,0.8535173075940385,0.9986641543360856,0.0036165027506403,0.0516711413091577,0.9800522615766344,270.99447426193603,5139.982215335947,5244.600126800514,4.708162252527761,0.0990161668544122
"4-(6,7-dimethoxy-3,4-dihydro-1H-isoquinolin-2-yl)-N-[2-(2,3-dimethoxyphenyl)ethyl]-6,7-dimethoxyquinazolin-2-amine",COc1cc2c(cc1OC)CN(c1nc(NCCc3cccc(OC)c3OC)nc3cc(OC)c(OC)cc13)CC2,1,test,0.2589921966487626,0.9230640532030384,0.0001118237094519,0.384646270857236,0.7109479696982088,6357.756983579832,11751.14582350476,16528.84082149221,5.557935447155606,0.2133810225279372
"4-(6,7-dimethoxy-3,4-dihydro-1H-isoquinolin-2-yl)-2-N-[2-(3,4-dimethoxyphenyl)ethyl]-6-N,6-N-dimethylquinazoline-2,6-diamine",COc1ccc(CCNc2nc(N3CCc4cc(OC)c(OC)cc4C3)c3cc(N(C)C)ccc3n2)cc1OC,1,test,0.4329943326280618,0.9689275524326348,0.0001946711606301,0.2473446949843551,0.8601837529683866,4418.650149226457,15366.616489010788,17864.3417013894,5.884347984273317,0.2331972759914004
2-[4-[2-(2-phenylacetyl)oxyethyl]piperazin-1-yl]ethyl2-phenylacetate,O=C(Cc1ccccc1)OCCN1CCN(CCOC(=O)Cc2ccccc2)CC1,0,test,0.751502775279562,0.995833103663275,0.0006134140870461,0.0911944606232686,0.9444263471640444,1539.6228536451104,15944.613058080018,16882.854979595864,6.46982303073376,0.0824522901412284
Lithocholic acid,C[C@H](CCC(=O)O)[C@@H]1CC[C@H]2C3CC[C@H]4C[C@H](O)CC[C@]4(C)[C@H]3CC[C@@]21C,1,test,0.4221312885155419,0.9672129398321202,0.0005085713611948,0.2539667872405906,0.8485162748543752,1668.4310985599325,5574.31527162699,6569.485390935689,4.282404911413066,0.2755866913424804
Chenodiol,C[C@H](CCC(=O)O)[C@@H]1CC[C@H]2C3[C@@H](O)C[C@H]4C[C@H](O)CC[C@]4(C)[C@H]3CC[C@@]21C,1,test,0.3014016127325606,0.9408442530360596,0.0004404198530527,0.3388393299618852,0.8626839430805918,1958.7762384028028,4987.03857414657,5780.8408446066105,4.02603979807679,0.3863715197115734
Perphenazine,OCCN1CCN(CCCN2c3ccccc3Sc3ccc(Cl)cc32)CC1,1,test,0.4451726269771583,0.9702467628063208,0.0003664106419199,0.2421181927568747,0.7878012547731879,2150.050147684389,6995.807233171846,8880.167670189832,4.7234094310779335,0.1104568326591652
Fluphenazine,OCCN1CCN(CCCN2c3ccccc3Sc3ccc(C(F)(F)F)cc32)CC1,1,test,0.3312542294200924,0.9458426967880442,0.0002422099150783,0.3246253116020372,0.7165752144671742,2958.4883601297192,6530.54261448813,9113.54800255555,4.610703193343482,0.1155885353451969
Trifluoperazine,CN1CCN(CCCN2c3ccccc3Sc3ccc(C(F)(F)F)cc32)CC1,1,test,0.1608089297042092,0.8630226298847776,0.0001942908420295,0.5051652603918467,0.6707525518167,3452.3117240628176,4583.939316780502,6834.024416851087,4.271476663471721,0.3056573137190842
Probucol,CC(C)(Sc1cc(C(C)(C)C)c(O)c(C(C)(C)C)c1)Sc1cc(C(C)(C)C)c(O)c(C(C)(C)C)c1,0,test,0.2353852687177086,0.918084298800272,0.0002341732072181,0.3963851918228185,0.862610548300888,3683.6432252356526,8016.317379701007,9293.089906552856,4.5064813314563805,0.3271996248914307
"N-[4-[2-[(2S)-6,7-dimethoxy-3,4-dihydro-1H-isoquinolin-2-yl]ethyl]phenyl]quinoline-3-carboxamide",COc1cc2c(cc1OC)CN(CCc1ccc(NC(=O)c3cnc4ccccc4c3)cc1)CC2,1,test,0.8091270260441633,0.9976560167779184,0.0007090056394931,0.0684285918810101,0.9638354737874196,1359.4186281457205,19147.78401128969,19866.237062273616,6.570675554394904,0.0715850323266508
"N-[4-[2-[(2R)-3,4-dihydro-1H-isoquinolin-2-yl]ethyl]phenyl]quinoline-3-carboxamide",O=C(Nc1ccc(CCN2CCc3ccccc3C2)cc1)c1cnc2ccccc2c1,1,test,0.6246924338880122,0.989094606728712,0.0005518526257885,0.1472815634768125,0.9494717433043214,1720.516853476139,11091.558900456948,11681.82094798994,5.482025834995108,0.1827942623830566
Ranitidine,CN/C(=C/[N+](=O)[O-])NCCSCc1ccc(CN(C)C)o1,0,test,0.4619575954721322,0.9720649930241336,0.0007926658484123,0.2347118431971231,0.9579053610483432,1208.460491854131,4931.965801103549,5148.69840138064,4.237076168769663,0.2552325403055568
Ungerine,CO[C@@H]1C=C2CCN(C)[C@H]2[C@@H]2c3cc4c(cc3C(=O)O[C@@H]21)OCO4,0,test,0.2843088317134498,0.9357403193519528,0.0006107016078827,0.3526897428889949,0.80307135122872,1314.9979316624072,2994.238384118466,3728.483626687969,3.493182571418171,0.2691055511784809
Hippeastrine,CN1CCC2=C[C@@H](O)[C@@H]3OC(=O)c4cc5c(cc4[C@H]3[C@@H]21)OCO5,0,test,0.3007208942116019,0.9350311299833026,0.0005318838661576,0.3545656299786375,0.6841845725832318,1286.3420308756492,2482.1790330989725,3627.937741605556,3.4246620512156194,0.1434258863730239
"(2S)-3-(4-ethylphenyl)-2-(4-phenylmethoxyphenyl)-1,2-dihydroquinazolin-4-one",CCc1ccc(N2C(=O)c3ccccc3N[C@@H]2c2ccc(OCc3ccccc3)cc2)cc1,0,test,0.2730669201915295,0.9284284416737384,0.0002022656494272,0.3715112766677121,0.7145704363324343,3532.831394534034,6795.101601556598,9509.35171126414,4.777621441101556,0.1677130935019665
Thenyldiamine,CN(C)CCN(Cc1ccsc1)c1ccccn1,0,test,0.1502700893048842,0.84998817435739,0.0004820409839893,0.5268017686498322,0.6572639962565191,1363.5023122245448,1701.173063512253,2588.2644922000472,3.288322300422009,0.4047800206593149
Fluconazole,OC(Cn1cncn1)(Cn1cncn1)c1ccc(F)cc1F,0,test,0.2689808710025561,0.9308575917029352,0.0007080448775778,0.3653821889050035,0.8110457753448046,1145.472273055996,2542.6265320180028,3134.997566490056,3.3374846091596417,0.3686104276147422
2-[(2-phenethylphenoxy)methyl]pyridine,c1ccc(CCc2ccccc2OCc2ccccn2)cc1,0,test,0.2233640780601684,0.8695812462365604,0.0002749861687653,0.493789890736607,0.5463260266758381,1986.7400208846177,2198.116652466531,4023.452197291675,3.765989387717372,0.0999508623137421
Lamotrigine,Nc1nnc(-c2cccc(Cl)c2Cl)c(N)n1,0,test,0.4623704361418911,0.9731025749544164,0.0016972579831691,0.2303722609540571,0.8888718795946023,523.7105309912162,2020.692778365734,2273.3228767314968,3.0669356321725334,0.1906489078373733
"2-[[4,8-diamino-2-[bis(2-hydroxyethyl)amino]pyrimido[5,4-d]pyrimidin-6-yl]-(2-hydroxyethyl)amino]ethanol",Nc1nc(N(CCO)CCO)nc2c(N)nc(N(CCO)CCO)nc12,0,test,0.5081664323076506,0.9787295638139956,0.0007069715474321,0.2051546755900674,0.9103321361363652,1287.6503155506032,5713.686314876251,6276.485348662191,4.245118238501157,0.1976445406236771
"2-[2-hydroxyethyl-[2,4,6-tris[bis(2-hydroxyethyl)amino]pyrimido[5,4-d]pyrimidin-8-yl]amino]ethanol",OCCN(CCO)c1nc(N(CCO)CCO)c2nc(N(CCO)CCO)nc(N(CCO)CCO)c2n1,0,test,0.1547182457377104,0.8507330089941335,0.0001338076665143,0.5255980854301008,0.6460705904290391,4828.352569467412,5935.060803736956,9186.396798832202,4.279682789214108,0.2750392906560413
"N-[2-[[4-[2-[(2S)-6,7-dimethoxy-3,4-dihydro-1H-isoquinolin-2-yl]ethyl]phenyl]carbamoyl]phenyl]-5-propanoylpyrazine-2-carboxamide",CCC(=O)c1cnc(C(=O)Nc2ccccc2C(=O)Nc2ccc(CCN3CCc4cc(OC)c(OC)cc4C3)cc2)cn1,1,test,0.6052245078784838,0.9878858713665728,0.0001959757397351,0.1551821676427652,0.8879928045765046,4531.13638339353,25928.34322478835,29198.821309316707,7.088311098427448,0.1088615692655364
"N-[2-[[4-[2-[(2S)-6,7-dimethoxy-3,4-dihydro-1H-isoquinolin-2-yl]ethyl]phenyl]carbamoyl]phenyl]pyrazine-2-carboxamide",COc1cc2c(cc1OC)CN(CCc1ccc(NC(=O)c3ccccc3NC(=O)c3cnccn3)cc1)CC2,1,test,0.6729448586669013,0.9922493877929444,0.000309911396,0.1242624336818122,0.9099266355784392,2936.08640186396,21499.84627097088,23628.10959732315,6.685862494214357,0.0794308458627747
Leucovorin,Nc1nc(=O)c2c([nH]1)NCC(CNc1ccc(C(=O)N[C@@H](CCC(=O)O)C(=O)O)cc1)N2C=O,0,test,0.6949324145434291,0.9932440975948792,0.0005157383897994,0.1160437960122569,0.9725039873205222,1885.65366968081,15802.703595429344,16249.500054976144,5.986761899263539,0.1779117028077229
Hermaline,COc1ccc2c(c1)=NC1=C(C)NCCC=21,0,test,0.5508559289626895,0.983146113877418,0.0022036922408526,0.1828215489698384,0.8277127121054503,375.60268024776406,1700.516787510882,2054.477069930801,3.1046506083597287,0.0563981933142832
Dobutamine,C[C@H](CCc1ccc(O)cc1)NCCc1ccc(O)c(O)c1,0,test,0.4466872999735085,0.9705168923930106,0.0005553439784885,0.241033113035976,0.7907964069879914,1423.975837714615,4671.868366627109,5907.801711468896,4.462518740212737,0.1080139874245235
Dilevalol,C[C@H](CCc1ccccc1)NC[C@H](O)c1ccc(O)c(C(N)=O)c1,0,test,0.7835620549280283,0.9969075757795478,0.001394478401471,0.0785829838663876,0.9669001840159892,693.3776693823202,8531.452524865317,8823.509050779367,5.24196499106678,0.1037567879355831
Labetolol,C[C@H](CCc1ccccc1)NC[C@@H](O)c1ccc(O)c(C(N)=O)c1,0,test,0.6822779866038484,0.9925759885272906,0.0010162967846209,0.1216260950580597,0.9712743080992484,955.6994795191712,7631.967056721545,7857.684480151701,5.003766868525002,0.194330496894153
Methylphenidate,COC(=O)[C@H](c1ccccc1)[C@H]1CCCCN1,0,test,0.178678329831387,0.8797094118299639,0.0007328144361082,0.4755116725568143,0.6869891063951508,937.4666662457756,1354.3923829598052,1971.4903342015573,3.022684764260322,0.3034549424130662
Levophacetoperane,CC(=O)O[C@H](c1ccccc1)[C@H]1CCCCN1,0,test,0.193275714166685,0.8888854913423502,0.0007434318714045,0.4581294394394107,0.6857825529956608,922.4551426616226,1380.8404094976922,2013.525137765395,3.041581089388289,0.297662958868975
"3-(2,5-dioxo-4,4-diphenylimidazolidin-1-yl)propanamide",NC(=O)CCN1C(=O)NC(c2ccccc2)(c2ccccc2)C1=O,0,test,0.246668858275628,0.9228215021850809,0.000536736681896,0.3852278223400682,0.8118166154375586,1512.504441786495,3187.4027927335205,3926.259615930073,3.6522134667537847,0.2746748997816505
Phenytoin,O=C1NC(=O)C(c2ccccc2)(c2ccccc2)N1,0,test,0.0997025294219758,0.8107600371785177,0.0006521431866235,0.5853786484953893,0.7268724022476467,1114.5901960748868,1384.0013731710435,1904.049966529768,2.953971354562693,0.4489958978966114
"3-(2,5-dioxo-4,4-diphenylimidazolidin-1-yl)propanoicacid",O=C(O)CCN1C(=O)NC(c2ccccc2)(c2ccccc2)C1=O,0,test,0.2519162956462442,0.924821245911792,0.0005399245272097,0.3804019756917158,0.8134222326466654,1506.5480296854485,3221.486060023267,3960.4106338984434,3.659809205988444,0.2879032391294565
[2-[(2R)-3-[4-(4-fluorophenyl)piperazin-1-yl]-2-hydroxypropoxy]phenyl]-phenylmethanone,O=C(c1ccccc1)c1ccccc1OC[C@H](O)CN1CCN(c2ccc(F)cc2)CC1,1,test,0.6278101957197618,0.9894844647406864,0.0004732325260313,0.1446391856892083,0.9026525863508844,1907.418735395956,11903.665293434748,13187.42722663344,5.573840321845738,0.1104743979633236
"N-[4-[2-[(2S)-6,7-dimethoxy-3,4-dihydro-1H-isoquinolin-2-yl]ethyl]phenyl]quinoline-4-carboxamide",COc1cc2c(cc1OC)CN(CCc1ccc(NC(=O)c3ccnc4ccccc34)cc1)CC2,1,test,0.6160940315176338,0.988362094002746,0.000395310819543,0.1521195948538742,0.9643053731156964,2439.3599300681203,15463.411467716704,16035.80349008531,6.024332701965125,0.2506449926432418
Clomipramine,CN(C)CCCN1c2ccccc2CCc2ccc(Cl)cc21,1,test,0.1818672878964777,0.8537810067321985,0.0002688148661158,0.5206323007107352,0.587771515822227,2186.5290573956,2468.497434178227,4199.756823406241,3.749861484024191,0.2246183792140142
Desipramine,CNCCCN1c2ccccc2CCc2ccccc21,0,test,0.1639140335880058,0.8689953452832712,0.0005437340468996,0.4948202601713155,0.686942249678944,1263.379134699952,1753.9065694031024,2553.208177576536,3.2335123522846745,0.3456058706706045
Imipramine,CN(C)CCCN1c2ccccc2CCc2ccccc21,0,test,0.1868427336366598,0.8835338466066792,0.0004761881827753,0.4683673151495575,0.6778098891761342,1423.4076226456043,2059.9212023362584,3039.084019325914,3.410268109377333,0.2785891152660071
"1-[(2R)-2-hydroxy-3-(propylamino)propyl]-5-methyl-2-phenyl-4-(thiophene-2-carbonyl)pyrazole-1,2-diium-3-one",CCCNC[C@@H](O)Cn1c(C)c(C(=O)c2cccs2)c(=O)n1-c1ccccc1,0,test,0.2348986755045677,0.9182336250323896,0.0003580793949095,0.3960391519280343,0.827300954432369,2310.3841388065616,4826.2475915194345,5833.72660899544,4.028968770947983,0.346908223079331
"1-[(2S)-2-hydroxy-3-(propan-2-ylamino)propyl]-5-methyl-2-phenyl-4-(thiophene-2-carbonyl)pyrazole-1,2-diium-3-one",Cc1c(C(=O)c2cccs2)c(=O)n(-c2ccccc2)n1C[C@@H](O)CNC(C)C,0,test,0.2950160424027444,0.9378296935240272,0.0003175953632907,0.3470957590415486,0.7580672717579494,2386.896533700576,5213.051718832171,6876.76663146684,4.256502808944944,0.2177304766096921
Risperidone,Cc1nc2n(c(=O)c1CCN1CCC(c3noc4cc(F)ccc34)CC1)CCCC2,1,test,0.7769647475800292,0.996718470887636,0.0009369137719315,0.0809462154236532,0.9495868354366984,1013.5263925932576,11889.76303261453,12520.985536985288,5.564887803483576,0.095771736971183
Benzpthiazide,NS(=O)(=O)c1cc2c(cc1Cl)NC(CSCc1ccccc1)=NS2(=O)=O,1,test,0.5641450832191767,0.9844715599319668,0.0006641736177646,0.1755441473963742,0.9064232411078684,1364.738401020193,7046.834788082733,7774.331535751219,4.328503352930134,0.1321180930690823
Hydrastinine,CN1CCc2cc3c(cc2[C@@H]1O)OCO3,0,test,0.4440450233794701,0.9705434447281852,0.0022444762698035,0.2409261751971927,0.8288649716507757,369.29103809296384,1270.4821531711125,1532.7974961238951,2.766721150918656,0.2337834644634925
Hydrocotarnine,COc1c2c(cc3c1OCO3)CCN(C)C2,0,test,0.3358423226019886,0.9484187886395594,0.0013937914047119,0.3170201907694066,0.7469375043479957,535.9033653262801,1262.652455343651,1690.4392241568116,2.807938878798544,0.2013680816192658
Methapyrilene,CN(C)CCN(Cc1cccs1)c1ccccn1,0,test,0.2808054332245531,0.9319566050822876,0.0006997004266283,0.3625698363674191,0.7285331738501554,1041.2072740339795,2092.159810059721,2871.742681260574,3.389203684905461,0.2117939122567627
Pregnenolone,CC(=O)[C@@H]1CC[C@@H]2[C@@H]3CC=C4C[C@H](O)CC[C@]4(C)[C@H]3CC[C@]12C,0,test,0.5618548868327086,0.9838708243519844,0.0012878894622287,0.1788804097405487,0.9571122126116364,743.1633231592159,3976.347625726048,4154.526055911392,3.744286346580351,0.2914884645888986
Ethosuximide,CC[C@]1(C)CC(=O)NC1=O,0,test,0.2733710102363115,0.9322116731487662,0.004079055161881,0.3619135206719665,0.8596124947057774,210.7381392482499,500.5426082797175,582.2886607191999,2.140467622806773,0.5798069991278572
Moxidectin,CO/N=C1/C[C@]2(C[C@H]3C[C@H](CC=C(C)C[C@@H](C)C=CC=C4CO[C@@H]5[C@@H](O)C(C)=C[C@H](C(=O)O3)[C@@]45O)O2)O[C@H](/C(C)=C/C(C)C)[C@H]1C,1,test,0.2564642779030008,0.9245068028105624,0.0001209557299875,0.3811655435070071,0.7470788104087743,6176.46481473781,12105.779404588671,16204.153077189849,5.191305846353305,0.2333982223651836
N-phenylnaphthalen-2-amine,c1ccc(Nc2ccc(Nc3ccccc3)cc2)cc1,0,test,0.6989221621567447,0.9935673504458984,0.0018228954650059,0.1132427486769783,0.9378294820047898,514.4724423359891,4260.647412206331,4543.093914149918,4.230394672920815,0.1251420076459089
